Num_Acc,an,mois,jour,hrmn,lum,agg,int,atm,col,com,lat,long,dep,catr,circ,nbv,vosp,prof,plan,lartpc,larrout,surf,infra,situ,env1,killed
201600000022,16,4,2,1045,1,1,2,1,3,402,5084579,226407,590,3,2,2,0,2,1,0,73,1,0,0,0,1
201600000051,16,4,29,1545,1,1,1,1,1,581,5068000,279300,590,3,2,2,0,1,1,68,0,1,0,1,99,0
201600000052,16,6,1,1530,1,2,1,2,3,268,5064100,271200,590,3,2,2,0,1,1,0,65,2,0,1,3,0
201600000056,16,10,18,745,2,1,1,1,6,581,5070800,276500,590,3,2,2,0,1,1,0,62,1,0,1,0,1
201600000058,16,3,10,400,3,2,1,1,6,615,5070266,262094,590,3,2,2,0,1,3,0,63,1,0,3,99,1
201600000066,16,6,27,1545,1,1,1,1,1,546,5078535,253023,590,3,2,0,0,1,1,0,69,1,0,1,99,1
201600000073,16,9,27,2100,5,2,2,1,3,44,5060979,322963,590,3,2,2,0,1,1,0,0,1,5,0,99,0
201600000081,16,1,22,1130,1,1,2,1,3,643,5074146,296661,590,3,2,2,2,1,1,0,81,1,0,1,99,0
201600000083,16,4,2,815,1,2,8,1,3,482,5071633,299358,590,3,2,2,0,1,1,0,63,1,4,0,99,0
201600000084,16,4,2,200,3,1,1,1,2,252,5071359,293964,590,3,2,2,2,1,1,0,97,1,0,1,0,0
201600000087,16,5,30,1145,1,1,6,2,2,173,5073736,295811,590,3,2,2,0,1,1,0,0,2,5,0,99,0
201600000088,16,8,9,1345,1,2,6,1,3,252,5071258,293230,590,3,2,2,0,1,1,0,58,1,5,1,99,0
201600000089,16,9,10,530,3,1,1,1,1,252,5070937,294594,590,3,2,2,0,1,1,0,69,1,0,1,99,0
201600000090,16,12,24,530,5,1,1,1,6,173,5072661,297364,590,3,2,0,1,0,1,0,60,2,5,3,99,0
201600000095,16,4,4,1530,1,1,1,1,1,313,5026022,332324,590,3,2,0,0,1,1,0,73,2,0,1,99,1
201600000099,16,2,4,2115,5,2,1,1,6,374,5012850,383819,590,3,2,2,0,2,1,0,70,1,0,4,0,1
201600000129,16,2,7,615,5,2,1,2,6,274,5007517,368177,590,3,2,0,0,1,3,25,69,2,5,1,99,1
201600000133,16,6,20,1500,1,2,1,3,6,139,5013195,340272,590,3,2,0,0,1,1,0,0,2,0,1,99,1
201600000154,16,2,11,645,2,2,1,1,7,26,5026700,316400,590,3,2,2,0,1,1,0,0,1,0,1,3,0
201600000155,16,7,2,1400,1,2,1,1,6,224,5026763,322428,590,3,2,0,0,1,2,60,0,1,0,4,0,1
201600000156,16,8,28,2000,2,2,1,1,3,15,5028800,312600,590,3,2,0,0,2,1,0,65,1,0,1,3,0
201600000157,16,12,17,2100,5,2,1,2,1,224,5027000,321100,590,4,2,0,0,1,1,0,55,2,0,1,3,0
201600000158,16,12,21,500,3,1,6,1,7,126,5031200,313000,590,3,3,2,0,1,1,0,0,2,5,1,99,0
201600000159,16,12,27,1015,1,2,6,1,3,409,5030900,320800,590,3,2,2,0,1,1,0,0,1,5,1,3,0
201600000161,16,7,9,2100,1,2,1,1,2,80,5049400,340000,590,3,0,1,0,1,1,0,0,1,0,1,99,0
201600000175,16,3,17,1945,3,1,1,1,5,315,5030514,377363,590,3,3,2,0,3,1,0,73,1,0,1,0,1
201600000181,16,12,23,245,3,1,1,9,6,76,5017700,350000,590,2,3,2,0,1,1,140,60,0,0,0,0,1
201600000183,16,3,7,1745,1,1,1,4,4,265,5025230,372818,590,3,2,0,0,1,1,0,60,2,0,1,0,1
201600000191,16,7,11,1330,1,1,1,1,6,81,5021711,306276,620,3,2,0,0,2,1,0,73,1,0,3,99,1
201600000192,16,9,14,1700,1,1,1,7,1,414,5023815,297984,620,3,2,2,0,1,1,0,72,1,0,1,0,1
201600000196,16,6,25,1430,1,1,1,1,2,235,5064123,166580,620,1,3,4,0,1,1,10,60,1,1,1,0,0
201600000206,16,6,10,1800,1,2,3,1,3,421,5010858,308254,620,3,2,2,0,0,0,0,60,1,5,0,99,0
201600000207,16,7,24,1945,1,2,2,1,3,440,5011314,303713,620,4,2,2,0,0,1,0,47,1,0,1,99,0
201600000208,16,8,29,845,1,2,1,1,3,593,5002892,287380,620,3,2,2,0,1,1,0,0,1,0,1,0,1
201600000209,16,6,7,930,1,2,1,1,6,422,5012353,263517,620,4,2,0,0,1,1,0,75,1,0,1,0,0
201600000210,16,6,7,1715,1,2,1,3,7,583,5017442,246665,620,3,2,2,0,4,1,0,0,4,0,1,0,1
201600000211,16,7,15,1145,1,1,1,1,7,135,5023149,270897,620,3,2,2,0,1,2,0,70,1,0,1,0,0
201600000212,16,8,6,2115,2,1,1,1,6,216,5020825,259721,620,3,2,2,0,1,1,0,0,1,0,1,0,0
201600000213,16,11,21,1800,5,2,1,1,6,332,5023197,274658,620,3,2,2,0,1,1,0,58,1,0,1,99,0
201600000214,16,11,21,1700,2,1,2,1,3,151,5021893,276027,620,3,2,2,0,1,1,0,58,1,0,1,99,0
201600000215,16,11,30,1415,1,2,1,1,3,181,5013853,270921,620,3,2,2,0,1,1,0,63,1,0,1,0,0
201600000216,16,1,19,1145,1,2,1,7,6,284,5024910,306829,620,3,2,2,0,1,3,0,40,1,0,1,0,0
201600000217,16,8,3,245,3,1,1,2,6,306,5015246,282882,620,3,2,2,0,1,1,0,74,2,0,3,0,1
201600000218,16,9,7,1700,1,2,1,7,7,781,5022725,310897,620,3,2,2,0,2,1,0,0,1,0,1,0,1
201600000219,16,1,5,1230,1,1,1,1,7,1,5039645,269686,620,3,2,2,0,2,4,70,0,8,0,1,0,0
201600000220,16,1,24,615,1,1,1,2,7,73,5033467,283834,620,3,2,2,0,2,3,0,68,2,0,1,99,0
201600000221,16,6,1,1530,1,1,1,1,1,589,5034514,269425,620,3,2,2,0,4,1,0,76,1,5,1,99,0
201600000222,16,7,4,715,1,2,1,2,6,801,5038965,274233,620,3,2,0,0,0,1,0,70,2,0,1,99,0
201600000223,16,12,25,1830,3,1,1,2,6,371,5039649,279314,620,3,2,0,0,0,1,0,0,2,0,3,99,0
201600000224,16,1,17,2130,3,1,1,1,5,306,5017315,282309,620,3,2,2,0,1,1,0,75,1,0,1,0,1
201600000225,16,5,19,1500,1,1,1,8,7,873,5026504,282902,620,3,0,2,0,0,3,0,48,1,0,3,99,0
201600000226,16,5,26,1900,1,2,6,1,6,646,5026750,309935,620,3,2,2,0,1,1,0,0,0,5,1,99,0
201600000227,16,11,22,945,3,1,1,1,2,164,5019899,313344,620,3,2,2,0,1,1,0,0,2,0,1,99,0
201600000228,16,12,10,1845,3,1,1,9,1,582,5026210,288529,620,3,2,3,3,0,1,0,95,2,5,1,99,0
201600000229,16,7,1,900,1,1,1,1,1,865,5032498,299557,620,4,2,0,0,1,0,0,0,1,0,1,99,0
201600000230,16,7,26,1030,1,1,1,1,6,355,5033287,290832,620,3,3,0,0,1,1,0,0,1,0,1,99,0
201600000231,16,10,14,1700,1,1,6,1,3,173,5033668,300917,620,3,2,2,0,1,3,0,60,1,0,1,0,0
201600000232,16,11,14,445,3,1,1,8,2,865,5033372,296179,620,3,3,2,0,1,1,60,144,2,0,1,99,0
201600000233,16,11,28,745,2,2,1,1,2,865,5032858,297896,620,4,2,2,0,1,1,0,50,1,0,1,0,0
201600000234,16,3,3,830,1,1,1,1,6,564,5061251,240074,620,3,2,2,0,2,1,0,73,2,0,3,99,0
201600000235,16,4,10,515,2,2,1,1,1,391,5061652,249261,620,3,2,0,0,2,3,0,70,1,2,1,99,0
201600000236,16,5,8,1900,1,2,1,1,1,900,5061131,236971,620,4,2,2,0,0,1,0,42,1,0,1,0,0
201600000237,16,8,6,600,1,1,1,1,6,454,5055830,260694,620,3,2,2,0,1,1,0,80,1,0,1,99,0
201600000238,16,8,21,1215,1,2,1,2,1,313,5059551,231762,620,3,2,2,0,2,1,0,69,2,0,1,0,1
201600000239,16,3,7,1715,1,1,1,8,6,338,5063794,282823,620,3,2,2,0,1,3,0,60,2,0,3,99,1
201600000240,16,4,22,1815,1,1,1,1,4,491,5063200,277200,620,3,2,2,0,0,1,0,65,1,0,1,99,0
201600000241,16,8,12,2230,3,1,1,1,1,529,5056980,277945,620,3,2,2,0,1,1,0,70,1,0,1,0,1
201600000242,16,11,3,1800,2,1,1,1,2,706,5059500,276400,620,3,2,1,0,1,1,0,0,1,0,1,99,0
201600000243,16,11,21,800,2,1,1,1,6,338,5064200,281100,620,3,2,2,0,1,2,0,80,2,0,3,0,0
201600000244,16,12,6,745,2,2,1,1,6,736,5065619,278814,620,3,2,1,0,1,1,0,56,1,0,1,99,0
201600000245,16,3,13,1330,1,1,1,1,1,255,5068154,180471,620,3,2,2,0,1,2,0,0,1,0,1,0,0
201600000246,16,7,30,1200,1,2,1,1,3,273,5061798,183044,620,3,2,2,0,1,3,0,61,1,0,1,99,0
201600000247,16,4,1,2315,3,1,1,1,6,889,5077575,172825,620,3,2,2,0,1,1,0,0,1,0,1,99,0
201600000248,16,4,10,1330,1,1,1,7,7,546,5076816,166703,620,4,2,2,0,2,2,0,21,9,0,1,0,0
201600000249,16,4,15,1645,1,1,2,8,4,705,5080954,177870,620,3,2,2,0,1,1,0,0,2,5,1,99,1
201600000250,16,7,3,1530,1,1,1,1,2,899,5090452,168739,620,3,2,2,0,1,1,0,0,1,0,1,99,0
201600000251,16,7,16,1930,1,1,1,1,5,560,5082368,169693,620,4,2,2,0,0,1,0,0,1,0,3,0,0
201600000252,16,9,3,1330,1,1,1,1,3,329,5082898,175530,620,3,2,2,0,1,3,0,63,1,5,1,0,1
201600000253,16,10,23,1915,2,1,1,1,3,54,5083585,163611,620,3,2,2,0,1,4,0,62,1,0,1,0,0
201600000254,16,3,7,830,1,1,1,4,1,300,5067753,158255,620,3,2,2,0,1,1,0,84,5,0,1,0,0
201600000255,16,4,17,1400,1,1,1,1,5,235,5063543,164473,620,3,2,2,0,0,0,0,79,1,0,0,99,0
201600000256,16,12,12,2030,3,1,1,1,1,604,5060794,163243,620,3,2,0,0,2,1,0,75,2,0,1,0,0
201600000257,16,4,29,1015,1,1,1,1,1,170,5043543,268823,620,3,3,2,0,1,1,0,67,1,0,2,99,0
201600000258,16,5,4,1945,1,1,3,7,1,793,5040504,263190,620,3,2,2,0,1,1,0,60,1,0,1,99,0
201600000259,16,5,5,1030,1,2,1,7,7,693,5043770,255002,620,4,2,2,0,2,1,0,59,1,0,1,99,0
201600000260,16,5,26,1545,1,1,1,1,1,170,5043661,266594,620,3,3,2,0,1,1,0,73,1,0,1,99,0
201600000261,16,7,28,1730,1,1,1,1,3,693,5042766,256116,620,3,2,2,0,1,1,0,68,1,0,1,99,0
201600000262,16,10,9,345,5,2,1,1,3,793,5040897,264217,620,4,2,2,0,1,1,0,49,1,0,1,99,0
201600000263,16,10,12,845,1,2,1,1,6,443,5045134,263813,620,3,3,2,1,1,1,30,34,1,0,1,99,0
201600000264,16,11,6,1800,3,1,1,1,2,443,5044119,264861,620,3,3,2,0,1,1,15,74,1,2,1,99,0
201600000265,16,6,29,530,1,2,1,1,7,176,5050084,169175,620,3,2,2,0,1,1,0,70,1,0,4,99,0
201600000266,16,9,21,2045,3,1,1,1,6,196,5046792,172762,620,3,2,2,0,1,1,0,60,1,0,1,0,0
201600000267,16,6,30,1000,1,2,1,3,6,364,5051336,213438,620,3,2,2,0,0,1,0,80,2,0,1,3,0
201600000268,16,12,3,1830,3,1,1,1,1,183,5039100,185200,620,3,2,2,0,0,1,0,25,1,0,1,99,0
201600000269,16,6,9,1545,1,1,1,1,3,201,5056319,160832,620,3,2,2,1,1,1,0,75,1,0,1,99,0
201600000270,16,10,8,1930,5,2,1,1,3,318,5051914,165263,620,3,2,1,0,0,1,0,0,1,0,1,0,0
201600000271,16,10,31,1430,1,2,1,1,6,318,5051284,163617,620,3,2,0,0,1,1,0,0,1,0,4,0,0
201600000272,16,1,31,1645,1,2,1,2,1,661,5038209,198640,620,3,2,0,0,1,3,0,0,2,0,1,0,1
201600000273,16,5,29,1400,1,2,1,1,6,552,5040231,195488,620,4,2,0,0,1,3,0,50,1,0,1,99,0
201600000274,16,2,1,1430,1,1,1,6,1,14,5063854,237240,620,3,2,2,0,1,1,0,50,1,0,1,0,0
201600000275,16,3,4,845,1,2,1,1,6,721,5066079,235111,620,3,2,0,0,2,1,0,0,1,0,1,99,0
201600000276,16,4,26,2030,1,1,1,1,6,543,5063352,233458,620,3,2,0,0,1,3,0,60,1,0,1,0,0
201600000277,16,5,29,1715,1,2,1,1,2,14,5063946,241387,620,4,2,2,0,1,1,0,0,1,0,1,0,0
201600000278,16,5,27,1800,1,2,1,1,2,14,5064055,237936,620,3,2,2,0,0,1,0,0,1,0,1,99,0
201600000279,16,10,31,600,5,2,1,5,6,684,5069175,236163,620,3,2,2,0,1,1,0,0,1,0,4,99,1
201600000280,16,12,13,1730,3,1,1,1,1,288,5067508,226861,620,3,2,2,0,2,1,22,80,2,0,1,99,1
201600000281,16,12,15,1845,5,2,1,1,6,14,5064271,239789,620,4,2,2,0,1,1,30,60,1,0,1,99,0
201600000282,16,7,18,1515,1,2,1,1,6,55,5078184,198870,620,4,2,0,0,2,2,0,32,1,0,3,0,0
201600000283,16,1,14,1100,1,2,2,1,3,645,5098005,205705,620,3,2,0,0,1,1,0,0,1,5,1,99,0
201600000284,16,2,13,1530,1,2,1,2,6,57,5087464,208359,620,3,2,2,0,1,1,0,0,2,4,3,0,0
201600000285,16,2,23,1000,1,1,2,1,3,756,5090450,213449,620,3,2,0,0,1,1,0,0,1,5,1,0,0
201600000286,16,11,3,1030,1,2,1,1,2,598,5084352,211443,620,4,2,2,0,2,2,0,0,1,0,1,0,0
201600000287,16,11,16,1330,1,1,1,1,3,614,5083753,201821,620,3,2,0,0,1,1,0,0,1,0,1,0,0
201600000288,16,12,27,1830,3,2,1,8,1,393,5091155,199296,620,3,2,2,0,0,1,61,61,1,0,1,99,0
201600000289,16,5,16,600,2,2,1,1,6,304,5058827,224959,620,3,2,0,0,1,2,0,62,1,0,1,0,0
201600000290,16,9,11,930,1,1,1,1,6,569,5064576,211773,620,3,2,2,0,1,1,0,71,1,0,3,99,0
201600000291,16,7,10,1715,1,1,1,1,5,803,5072698,191392,620,2,2,2,0,1,2,0,70,1,0,1,0,0
201600000293,16,3,19,1215,1,2,1,1,3,767,5038339,233350,620,4,2,2,0,0,1,0,48,0,0,1,3,0
201600000294,16,4,4,145,3,2,1,3,6,451,5047815,227237,620,3,2,0,0,1,1,0,70,2,0,4,0,0
201600000295,16,4,13,1645,1,1,1,1,2,367,5038327,232433,620,3,2,2,0,1,1,0,60,1,0,1,0,0
201600000296,16,4,16,200,5,2,1,1,1,767,5038117,233574,620,3,2,2,0,2,2,0,70,0,0,1,99,0
201600000297,16,4,15,2115,3,1,1,2,1,333,5050450,231179,620,3,2,2,0,1,1,0,0,2,0,1,0,0
201600000298,16,4,17,1115,1,1,1,1,3,269,5042827,243873,620,3,2,2,0,1,1,0,72,1,0,1,0,0
201600000299,16,6,6,1700,1,2,1,1,6,767,5038178,233586,620,3,2,2,0,1,1,0,61,1,0,1,0,0
201600000300,16,7,8,1230,1,2,1,1,3,138,5043041,217241,620,3,2,2,0,1,1,0,67,1,0,1,99,0
201600000301,16,7,29,1300,1,2,1,1,1,717,5036494,238799,620,3,2,0,0,0,2,0,76,1,0,1,0,0
201600000302,16,9,10,1045,1,1,1,1,6,835,5043903,237041,620,3,2,2,0,0,1,0,57,1,0,3,0,0
201600000303,16,9,13,2000,2,1,1,1,1,450,5043790,231791,620,3,2,2,0,2,4,0,42,1,0,1,0,0
201600000304,16,9,14,1830,1,2,3,1,1,519,5051755,222933,620,3,2,2,0,1,1,0,53,1,0,1,99,0
201600000305,16,9,18,1600,1,1,1,2,5,514,5073800,261500,620,3,3,4,0,4,1,70,145,2,5,1,99,0
201600000306,16,9,29,2145,3,1,1,2,6,686,5037609,230046,620,3,2,3,0,1,1,0,120,2,0,3,0,1
201600000307,16,11,1,1815,2,1,1,1,3,260,5038686,224794,620,3,0,4,0,0,1,0,185,1,0,1,99,0
201600000308,16,11,4,1300,1,1,1,1,3,767,5037949,234032,620,4,0,2,3,0,1,0,88,1,5,1,0,0
201600000309,16,12,12,1200,1,1,1,1,3,835,5042300,238600,620,3,2,2,0,0,2,0,35,1,0,1,99,0
201600000310,16,12,24,900,1,1,1,1,7,835,5044347,237785,620,3,2,2,0,1,1,0,0,1,0,3,99,0
201600000311,16,2,27,1615,1,1,1,1,7,385,5025907,249070,620,3,2,2,0,1,1,0,60,1,0,1,0,0
201600000312,16,2,29,700,1,1,1,9,6,316,5027036,240308,620,3,2,0,0,1,1,0,0,7,0,1,0,0
201600000313,16,7,10,1900,1,1,1,1,6,785,5036528,255533,620,3,2,2,0,0,2,0,53,1,0,1,99,1
201600000314,16,7,31,845,1,1,2,1,1,198,5038909,262265,620,3,2,2,0,1,1,0,80,1,5,1,99,0
201600000315,16,9,5,715,1,1,1,2,7,802,5022980,236257,620,4,2,2,0,1,3,0,0,2,0,1,0,0
201600000316,16,11,14,630,3,1,1,5,6,536,5043199,250779,620,3,2,2,0,2,1,0,63,1,0,3,99,0
201600000317,16,11,28,915,1,1,1,1,1,61,5035155,245045,620,3,2,2,0,1,1,0,60,1,0,1,99,0
201600000318,16,12,2,1930,5,2,1,8,3,784,5020516,253364,620,3,2,0,0,0,1,70,0,2,0,1,0,0
201600000319,16,12,29,45,3,1,1,5,6,630,5028724,253958,620,3,2,2,0,0,1,0,62,2,0,3,99,1
201600000320,16,4,16,1445,1,1,1,1,6,415,5033273,263768,620,3,2,0,0,1,1,0,70,1,0,3,0,0
201600000321,16,7,10,1800,1,1,1,1,6,45,5034508,258257,620,3,2,2,0,1,1,0,80,1,0,3,0,1
201600000322,16,7,9,1430,1,2,1,1,6,695,5026369,236958,620,3,2,2,0,1,1,0,35,1,0,1,99,0
201600000323,16,9,27,1700,1,2,1,1,3,732,4989177,171651,800,3,2,1,0,1,2,0,70,1,0,1,0,0
201600000324,16,9,29,1415,1,2,1,1,6,554,4988409,201978,800,3,2,1,0,1,1,0,70,1,5,1,0,0
201600000325,16,5,13,1800,1,1,1,1,6,798,5000521,233710,800,3,2,2,0,0,3,0,60,1,0,3,0,0
201600000326,16,8,31,1630,1,1,1,1,1,385,5012513,180144,800,3,2,2,0,1,1,0,0,1,3,1,99,0
201600000327,16,2,23,2130,3,1,1,5,6,110,5017462,168118,800,3,2,2,0,1,3,0,70,1,0,3,99,0
201600000328,16,4,12,1630,1,1,1,1,1,618,5017968,158727,800,3,2,2,0,1,1,0,65,1,0,1,99,0
201600000329,16,6,25,1500,1,2,2,1,3,287,5015432,160979,800,4,2,0,0,0,1,0,60,1,0,1,0,0
201600000330,16,8,2,1230,1,1,8,2,3,721,5017586,162009,800,4,2,2,0,1,1,0,50,2,4,3,99,0
201600000331,16,10,29,915,1,1,1,8,1,110,5017220,165806,800,5,2,1,2,1,2,0,25,1,2,5,99,0
201600000332,16,8,27,1400,1,2,1,1,3,776,5005199,253259,800,3,2,2,0,1,1,0,0,1,0,1,0,0
201600000333,16,7,3,2300,5,2,1,1,6,711,5004160,211683,800,3,0,2,0,0,0,0,0,0,0,0,0,0
201600000334,16,1,8,900,1,2,1,1,6,523,4998335,267334,800,3,2,2,0,1,1,72,0,1,0,1,0,0
201600000335,16,1,14,815,5,2,1,3,6,523,4998436,267231,800,3,3,0,1,2,1,0,0,2,6,1,0,0
201600000336,16,1,22,1815,5,2,1,2,3,16,5000676,266285,800,4,2,2,0,1,1,67,0,2,0,1,0,0
201600000337,16,2,26,1945,5,2,1,1,7,16,5000097,264145,800,4,2,0,0,2,1,0,71,1,0,1,0,0
201600000338,16,3,16,1715,1,2,1,1,3,16,5000333,263998,800,4,2,0,0,4,1,0,67,1,0,1,0,0
201600000339,16,4,19,1230,1,1,1,1,6,540,5004205,265794,800,3,2,2,0,1,1,0,0,1,0,1,99,0
201600000340,16,5,11,1200,1,2,1,1,3,16,5000603,266139,800,4,2,0,0,1,1,0,0,1,0,1,99,0
201600000341,16,5,24,1415,1,2,1,1,6,16,5000430,265699,800,4,3,2,0,1,1,0,0,1,0,1,99,0
201600000342,16,5,25,2300,5,2,6,1,3,523,4999323,265726,800,4,0,0,0,0,0,0,0,0,0,0,0,0
201600000343,16,6,10,1900,2,1,1,1,6,384,5006687,269867,800,3,2,2,0,2,2,57,0,1,0,3,0,0
201600000344,16,8,28,1145,1,1,1,1,3,47,5003458,266614,800,3,2,2,0,2,3,0,0,1,0,1,99,0
201600000345,16,10,14,1745,1,1,1,2,7,366,5001007,271405,800,3,2,2,0,1,3,0,55,2,0,3,99,0
201600000346,16,12,31,2030,3,1,1,5,6,547,4999964,259458,800,3,2,2,0,1,0,0,0,7,0,3,99,0
201600000348,16,2,19,1645,1,2,1,1,2,128,4952477,366483,20,4,2,2,0,1,1,0,0,1,0,1,3,1
201600000362,16,2,15,1245,1,1,1,1,1,111,4951246,343000,20,4,2,2,0,3,3,33,0,1,0,1,99,1
201600000363,16,2,19,1845,5,2,1,1,6,602,4948930,344609,20,3,2,2,0,1,1,0,70,1,0,1,99,0
201600000381,16,11,17,1830,1,2,3,1,6,305,4919971,351393,20,3,2,2,0,0,1,0,0,1,0,1,99,0
201600000386,16,3,3,1700,1,2,3,2,1,95,4998223,345277,20,3,2,2,0,2,1,0,60,2,0,1,99,0
201600000389,16,9,23,2345,5,2,1,1,6,370,4996356,318734,20,3,2,2,0,2,1,60,0,1,0,4,99,0
201600000403,16,11,19,600,3,2,1,1,6,71,4941023,313601,20,3,2,2,0,1,1,0,120,1,0,4,99,0
201600000404,16,2,22,915,1,2,4,1,2,758,4940835,351107,20,3,2,2,0,1,1,0,0,1,0,1,99,0
201600000411,16,4,18,815,1,2,1,1,6,810,4925664,308494,20,3,2,2,0,1,1,0,0,1,0,1,3,0
201600000412,16,5,1,1445,1,2,1,1,3,307,4917802,312734,20,3,2,2,0,1,1,0,59,1,0,1,99,0
201600000418,16,3,27,1630,1,1,1,2,7,295,4987574,392647,20,4,2,2,0,0,1,0,0,1,0,3,99,0
201600000424,16,7,24,15,3,2,3,1,6,830,5000809,360745,20,3,2,2,0,1,2,0,54,1,0,1,99,1
201600000425,16,10,29,1700,1,2,3,1,3,298,4999326,365588,20,3,2,2,0,1,1,0,0,1,0,1,99,0
201600000427,16,6,4,1945,1,2,3,1,3,391,4980455,405527,20,3,2,2,0,0,1,50,50,0,0,1,99,0
201600000429,16,8,4,1630,1,2,1,1,6,381,4993046,407422,20,3,2,2,0,2,1,90,0,1,0,1,99,0
201600000430,16,10,18,1415,1,2,9,1,6,381,4993078,407934,20,4,2,2,0,2,1,0,0,1,0,1,3,0
201600000432,16,12,3,500,5,2,3,1,6,381,4992523,407698,20,3,2,2,0,0,0,0,0,0,0,1,99,0
201600000433,16,2,2,1600,1,1,1,1,3,251,4945950,221257,600,3,2,2,0,0,1,0,0,1,0,1,0,0
201600000434,16,2,26,2315,3,1,1,1,7,41,4938216,225041,600,3,2,2,0,1,1,0,0,1,0,4,0,1
201600000435,16,4,21,1845,1,1,1,1,7,9,4939390,209918,600,3,2,2,0,1,3,0,0,1,0,3,99,0
201600000436,16,5,3,1830,1,1,1,1,7,251,4945146,221728,600,3,2,2,0,1,1,0,0,1,0,3,0,0
201600000437,16,6,9,1230,1,1,1,1,2,428,4945598,202141,600,3,0,2,0,1,1,60,0,1,0,1,99,1
201600000438,16,6,9,1615,1,2,1,1,2,628,4942011,215253,600,4,2,2,0,2,1,0,0,1,0,1,99,0
201600000439,16,6,10,2330,3,1,1,1,1,9,4939538,210152,600,3,2,0,0,2,1,0,68,1,0,1,0,1
201600000440,16,8,9,745,1,1,1,1,1,668,4950423,208662,600,3,2,2,0,1,1,0,0,0,0,0,0,0
201600000441,16,8,11,400,3,1,1,1,6,703,4940763,205076,600,3,2,2,0,0,2,0,0,1,0,3,99,0
201600000442,16,8,19,2215,5,2,6,1,7,41,4938030,223058,600,3,2,2,0,0,1,0,0,1,5,1,99,0
201600000443,16,8,18,2315,3,1,1,1,2,628,4942431,214392,600,2,3,4,0,0,1,0,0,1,0,2,99,0
201600000444,16,8,28,1645,1,1,6,1,7,9,4940057,213181,600,3,3,0,0,0,1,0,0,1,0,4,0,0
201600000445,16,9,23,815,2,2,1,5,3,703,4940642,204381,600,3,2,2,0,1,1,0,0,1,0,1,99,0
201600000446,16,10,2,1245,1,1,1,1,6,9,4939427,209935,600,3,2,0,0,1,3,0,60,1,0,1,99,1
201600000447,16,11,26,530,3,1,1,2,2,480,4950670,217031,600,3,2,2,0,1,1,0,60,6,0,1,99,0
201600000448,16,12,23,1745,3,1,1,2,5,63,4935502,203529,600,3,2,0,0,4,4,0,0,2,0,1,99,1
201600000449,16,3,19,2115,1,1,1,1,2,211,4930232,177787,600,3,0,0,0,0,0,0,0,0,0,0,0,1
201600000450,16,4,1,2200,3,1,1,1,1,97,4933132,190702,600,3,2,0,0,1,1,70,0,2,0,1,0,1
201600000451,16,5,28,1400,1,1,1,2,3,690,4932030,180463,600,3,2,0,0,1,1,0,40,2,0,1,99,1
201600000452,16,5,30,900,1,1,1,2,1,645,4928096,185130,600,3,2,2,0,0,2,0,75,2,0,1,99,0
201600000453,16,7,21,1700,1,1,1,1,6,143,4926198,188013,600,3,2,0,0,0,3,0,0,1,0,3,99,0
201600000454,16,9,10,1900,1,1,1,1,5,363,4918520,188426,600,3,0,0,0,0,1,0,0,1,0,1,99,0
201600000455,16,9,18,1830,1,1,1,1,1,644,4928808,179115,600,4,2,0,0,0,2,0,55,1,0,0,99,0
201600000456,16,3,8,1115,1,2,1,1,6,286,4966905,194947,600,3,0,2,0,1,1,0,60,1,0,1,99,0
201600000457,16,12,27,2015,3,1,1,1,6,194,4970641,196374,600,3,2,2,0,0,1,0,65,2,0,1,99,0
201600000458,16,1,14,800,2,2,1,2,6,462,4932150,220204,600,3,2,1,0,0,1,0,95,2,0,1,99,0
201600000459,16,5,19,1815,1,1,1,1,3,504,4934970,218345,600,3,3,4,0,1,1,0,0,1,0,1,99,0
201600000460,16,6,6,930,1,1,1,1,1,462,4932837,221016,600,3,0,0,0,0,0,0,0,0,0,0,0,1
201600000461,16,7,30,1915,1,2,1,1,3,65,4935843,222217,600,3,2,2,0,3,0,0,0,1,0,1,0,0
201600000462,16,8,26,1115,1,1,1,1,1,135,4931584,225231,600,4,2,2,0,1,3,0,30,1,0,1,99,0
201600000463,16,10,2,1900,2,2,1,1,7,700,4938643,214547,600,3,2,2,0,1,1,29,82,1,0,1,0,0
201600000464,16,11,28,1330,1,2,1,1,6,462,4932920,220050,600,3,0,0,0,3,0,0,86,1,0,1,99,0
201600000465,16,12,15,1445,1,2,1,1,6,462,4933047,219974,600,3,2,3,0,1,1,0,97,1,6,1,0,0
201600000466,16,1,14,1030,1,1,1,2,7,234,4938619,242812,600,2,3,2,0,1,1,10,60,2,0,3,99,0
201600000467,16,3,7,800,1,2,1,8,6,157,4937885,241337,600,3,2,2,0,2,1,0,0,1,0,1,0,0
201600000468,16,5,15,1230,1,1,1,1,7,454,4938286,232219,600,3,2,0,0,1,1,76,0,1,0,3,99,0
201600000469,16,6,28,1745,1,1,1,1,3,559,4941524,230324,600,3,2,0,0,1,1,0,76,1,3,1,99,0
201600000470,16,9,1,900,1,1,1,1,1,16,4934248,238396,600,3,2,2,0,1,2,0,40,1,0,1,99,1
201600000471,16,5,5,2345,5,2,1,1,6,664,4960320,228570,600,3,2,0,0,1,1,0,0,0,0,4,99,0
201600000472,16,7,4,2215,3,1,1,1,7,486,4965917,232955,600,3,2,0,0,1,2,0,40,1,0,0,0,0