Num_Acc,an,mois,jour,hrmn,lum,agg,int,atm,col,com,lat,long,dep,catr,circ,nbv,vosp,prof,plan,lartpc,larrout,surf,infra,situ,env1,killed
201600000710,16,12,22,2245,3,1,1,5,6,177,4887239,125690,270,3,2,2,0,1,2,0,6,2,0,3,0,0
201600000711,16,7,18,1745,1,1,2,1,3,166,4882818,98403,270,3,2,2,0,1,1,0,55,1,0,1,0,0
201600000712,16,8,12,715,1,1,2,1,3,2,4877464,110551,270,2,3,4,0,1,1,0,105,1,5,1,0,0
201600000713,16,8,30,1745,1,1,1,1,3,416,4881734,112946,270,3,2,2,0,1,1,0,55,1,0,1,99,0
201600000714,16,9,13,1800,1,1,1,7,1,491,4882990,101848,270,3,2,2,0,1,3,0,67,1,0,1,99,1
201600000715,16,12,2,900,1,1,1,1,6,543,4878313,135294,270,3,2,2,0,1,1,0,51,9,0,3,99,1
201600000716,16,4,24,730,1,1,2,1,3,123,4901195,131348,270,2,2,2,0,0,1,0,0,1,5,1,0,0
201600000717,16,5,30,1615,1,1,3,1,3,4,4900919,141530,270,2,2,2,0,1,1,0,0,2,5,1,0,0
201600000718,16,6,14,1445,1,1,1,2,1,448,4901232,130131,270,2,2,3,0,0,1,0,0,1,0,1,0,0
201600000719,16,6,30,1830,1,1,1,1,1,119,4893578,145556,270,3,2,2,0,0,1,0,0,1,0,1,0,0
201600000720,16,7,13,800,1,1,1,1,1,123,4900050,131082,270,3,2,0,0,0,2,0,0,1,0,1,0,0
201600000721,16,8,9,2130,2,1,2,1,3,410,4901323,127074,270,2,2,3,0,1,1,0,15,1,0,1,0,0
201600000722,16,10,21,1730,1,2,1,2,1,397,4903043,136719,270,4,2,0,0,0,1,0,0,1,0,1,0,0
201600000723,16,11,6,1445,1,2,1,1,6,76,4896527,133495,270,4,2,0,0,0,1,0,0,1,0,1,0,0
201600000724,16,12,21,1600,1,2,8,1,3,114,4895992,141752,270,3,2,2,0,0,1,0,0,1,4,1,0,1
201600000725,16,12,23,1800,5,2,2,1,3,448,4901996,139238,270,4,0,0,0,0,0,0,0,0,0,0,0,0
201600000726,16,6,3,2300,5,1,1,1,3,17,4899284,115600,270,3,2,2,0,1,1,0,11,1,5,1,0,0
201600000727,16,6,20,715,2,1,1,2,6,421,4891072,130543,270,3,2,2,0,0,1,0,7,2,0,1,0,0
201600000728,16,4,9,1515,1,1,3,2,7,96,4887848,67328,270,3,2,2,0,1,1,0,6,2,0,3,0,1
201600000729,16,6,24,915,1,1,3,1,3,573,4881513,94283,270,4,0,0,0,0,0,0,0,0,0,0,0,0
201600000730,16,7,8,845,1,1,2,1,3,159,4876260,91300,270,4,2,2,0,1,1,0,400,1,0,1,0,0
201600000731,16,8,30,1500,1,1,1,1,7,565,4889912,85153,270,3,2,0,0,1,1,0,6,1,0,1,0,0
201600000732,16,12,2,715,2,1,1,5,7,303,4888609,85037,270,3,2,2,0,2,2,0,4,7,0,3,0,0
201600000733,16,12,17,1615,1,1,1,1,6,565,4889555,85295,270,4,2,0,0,1,1,0,0,1,0,1,0,0
201600000735,16,1,7,1900,3,1,1,8,3,473,4917522,139104,270,3,2,0,0,0,1,0,0,0,0,1,0,0
201600000736,16,4,24,715,1,1,2,1,3,16,4905326,117735,270,3,2,0,0,1,3,0,7,0,0,1,0,0
201600000737,16,5,28,2245,3,1,2,1,3,58,4922688,134834,270,3,2,2,0,1,3,0,710,1,0,1,0,1
201600000738,16,6,25,1745,1,1,1,1,7,16,4925505,145447,270,3,2,2,0,3,2,0,6,1,0,1,0,0
201600000739,16,7,9,1715,1,1,9,1,6,16,4924333,140482,270,5,2,0,0,1,1,0,0,1,0,1,0,0
201600000740,16,8,22,2330,3,1,1,1,7,175,4881734,112946,270,5,2,0,0,1,2,0,75,1,0,1,0,0
201600000741,16,8,29,1800,1,2,9,1,6,16,4924481,140917,270,5,0,0,0,1,0,0,0,1,0,4,0,0
201600000742,16,9,7,1815,1,2,1,1,3,16,4924367,140393,270,3,2,2,0,1,1,0,650,1,0,1,0,0
201600000743,16,10,3,1830,1,2,1,1,4,16,4924713,142398,270,3,2,0,0,1,1,0,7,1,0,1,0,0
201600000744,16,11,15,745,2,2,1,2,1,16,4924839,142701,270,3,2,0,0,1,1,0,0,1,0,1,0,0
201600000745,16,12,31,1730,5,1,1,1,1,16,4924877,145984,270,3,2,2,0,1,1,7,0,1,0,1,0,1
201600000746,16,1,31,1815,3,1,1,3,3,644,4915227,153238,270,3,2,2,0,1,1,0,7,3,0,1,0,0
201600000747,16,2,26,1630,1,1,1,1,6,540,4908497,159213,270,3,2,1,0,1,3,8,72,1,0,3,99,0
201600000748,16,6,17,1830,1,1,1,1,2,72,4910365,156845,270,4,2,0,0,1,1,0,4,1,0,1,0,0
201600000749,16,6,27,800,1,1,1,1,6,213,4915649,157097,270,3,2,0,0,1,3,0,5,1,0,3,0,0
201600000750,16,2,1,130,5,2,9,1,6,104,4938648,130714,270,9,2,1,0,1,1,0,35,2,0,1,99,0
201600000751,16,2,23,730,2,1,1,1,6,493,4932757,124945,270,4,2,0,0,1,1,0,0,1,0,1,99,0
201600000752,16,3,23,1330,1,1,1,1,6,672,4946055,138678,270,3,2,2,0,1,3,0,60,1,0,4,0,0
201600000753,16,3,30,1615,1,1,1,2,1,454,4943057,137363,270,3,2,0,0,1,3,0,68,2,0,1,99,0
201600000754,16,4,27,1115,1,1,1,3,1,274,4933802,139369,270,4,2,1,0,1,2,0,30,2,0,1,0,0
201600000755,16,5,19,1700,1,1,9,1,6,151,4938127,137167,270,4,2,0,0,0,3,0,43,1,0,3,0,0
201600000756,16,6,26,1745,1,1,1,1,6,246,4935425,135756,270,3,2,2,0,2,1,0,830,1,0,1,0,0
201600000757,16,7,7,1300,1,2,1,1,3,104,4938659,130665,270,3,2,2,0,1,1,0,81,1,0,1,99,0
201600000758,16,7,6,2100,1,1,1,1,6,151,4938651,137603,270,3,2,2,0,1,2,0,106,1,0,4,0,0
201600000759,16,7,30,30,5,2,1,1,6,104,4938709,130507,270,3,2,2,0,1,3,60,0,1,0,3,3,0
201600000760,16,8,7,1615,1,1,1,1,2,377,4938263,151867,270,3,2,2,0,2,2,0,71,1,0,1,0,0
201600000761,16,9,9,1645,1,1,1,7,2,493,4933915,126005,270,3,2,0,0,2,3,0,65,1,0,1,99,1
201600000762,16,9,21,1045,1,1,1,1,6,664,4943778,149794,270,4,2,0,0,1,1,0,27,1,0,3,99,1
201600000763,16,9,25,130,3,1,1,1,7,488,4938030,132106,270,3,2,2,0,1,1,0,0,1,0,3,99,0
201600000764,16,10,17,830,2,1,1,2,3,407,4930876,145874,270,3,2,2,0,1,1,0,0,2,5,1,99,0
201600000765,16,11,11,700,5,2,1,1,6,453,4939870,137033,270,3,2,0,0,1,2,0,57,2,0,3,99,1
201600000766,16,11,23,430,3,1,1,2,3,470,4932658,129180,270,3,2,0,0,3,2,0,67,2,0,1,99,0
201600000767,16,12,14,830,1,2,1,1,1,470,4933322,127639,270,3,2,1,0,1,1,60,70,1,0,1,99,0
201600000768,16,12,16,2045,3,1,1,5,1,454,4943416,136312,270,4,1,0,0,1,1,0,45,2,0,1,99,0
201600000769,16,2,2,115,3,1,1,8,6,426,4928102,174798,270,3,2,1,3,1,1,0,0,2,0,1,0,0
201600000770,16,5,16,2000,1,2,1,1,7,304,4922454,168802,270,3,2,0,3,1,3,0,0,1,0,1,0,0
201600000771,16,8,5,1245,1,2,9,1,3,617,4931374,150850,270,3,2,0,0,1,1,0,6,1,0,1,0,0
201600000772,16,8,27,1515,1,2,1,1,6,204,4932654,159203,270,3,2,0,0,1,2,0,0,1,0,1,0,0
201600000773,16,10,29,2245,5,2,1,1,6,284,4928446,178259,270,3,2,0,0,1,1,0,0,1,0,1,0,0
201600000774,16,12,8,2350,3,1,1,1,6,567,4927542,158111,270,3,2,2,0,1,3,0,50,1,0,3,99,0
201600000775,16,1,13,1400,1,1,2,1,3,516,4904709,59523,270,3,2,2,0,1,1,0,0,1,0,3,0,0
201600000776,16,11,18,1800,1,2,1,4,7,398,4909995,62374,270,4,2,2,0,2,3,0,6,2,0,1,0,0
201600000777,16,11,30,645,3,1,1,1,7,138,4899230,56993,270,3,2,2,0,1,1,0,0,1,0,1,0,0
201600000778,16,2,27,245,3,1,1,1,6,74,4954850,66873,270,3,2,0,0,1,1,0,0,1,0,1,0,0
201600000779,16,3,26,1,5,2,1,1,6,210,4913130,84609,270,3,2,2,0,1,3,0,41,1,0,1,0,0
201600000780,16,12,14,1430,1,1,1,1,6,116,4916358,72530,270,3,2,0,0,1,1,0,535,1,0,3,0,0
201600000782,16,1,22,1930,3,1,2,1,3,31,4927285,120286,270,4,2,2,0,1,1,0,650,1,0,1,0,0
201600000783,16,2,13,1800,2,1,1,3,7,439,4907588,116640,270,3,2,2,0,1,1,0,555,3,0,3,0,0
201600000784,16,2,14,1715,1,1,2,1,3,342,4912089,108212,270,3,2,2,0,3,1,0,520,1,0,1,0,0
201600000785,16,4,21,745,1,2,1,7,3,375,4920956,111226,270,3,2,2,0,1,2,0,640,1,0,1,0,0
201600000786,16,6,3,1545,1,2,9,1,6,439,4905964,116686,270,9,4,2,0,1,1,0,4,1,0,1,0,0
201600000787,16,8,13,1100,1,1,1,1,3,598,4921880,121576,270,3,2,2,0,1,1,0,7,1,0,1,0,1
201600000788,16,8,15,1700,1,2,3,1,3,14,4914929,115391,270,3,2,1,0,1,1,0,7,1,0,1,0,0
201600000789,16,9,8,1700,1,1,1,1,5,624,4919058,109866,270,3,2,2,0,1,1,0,8,1,0,1,0,0
201600000791,16,11,14,1730,1,1,1,1,6,3,4917306,120007,270,3,2,2,0,2,2,0,0,2,0,0,0,0
201600000792,16,10,3,1400,1,1,1,1,6,230,4886673,138943,270,3,2,2,0,1,2,0,52,0,0,3,99,0
201600000793,16,1,10,145,3,1,2,1,3,249,4918260,125751,270,3,2,2,3,0,1,0,5,0,5,1,0,0
201600000794,16,1,14,1215,1,1,1,8,1,25,4910830,129509,270,3,2,0,0,1,2,707,657,2,0,1,0,0
201600000795,16,4,11,1045,1,1,2,1,3,489,4907176,122184,270,3,2,0,3,0,1,0,0,0,0,1,0,0
201600000796,16,5,3,1715,1,2,3,1,3,25,4908885,128885,270,3,2,2,0,0,1,0,5,1,0,1,0,0
201600000797,16,5,5,2215,3,1,4,1,1,517,4912021,131004,270,3,2,2,0,1,2,0,7,1,0,1,0,0
201600000798,16,6,4,430,2,1,2,1,3,275,4915404,136358,270,3,2,3,3,4,1,0,0,1,5,1,99,0
201600000799,16,7,25,1430,1,1,1,8,7,517,4914119,134934,270,3,2,0,0,2,3,0,0,1,0,1,99,0
201600000800,16,10,8,1130,1,1,9,1,1,517,4912855,131135,270,3,2,1,0,1,4,0,7,1,0,1,0,0
201600000801,16,11,15,2030,3,1,1,1,1,611,4908606,126467,270,3,2,0,0,1,2,0,0,2,0,1,0,0
201600000802,16,12,10,815,1,1,3,1,3,275,4915773,134687,270,3,2,2,0,1,1,0,0,1,5,1,0,0
201600000803,16,1,11,2000,5,1,1,2,3,188,4929974,108060,270,3,2,0,0,0,1,0,700,2,0,1,0,0
201600000804,16,2,26,1845,3,1,1,1,1,365,4929407,120033,270,3,2,2,0,1,3,0,6,1,0,1,0,0
201600000805,16,4,3,1630,1,1,1,1,6,365,4929793,120833,270,3,2,2,0,1,1,0,60,1,0,1,0,0
201600000806,16,5,6,1715,1,1,2,1,1,188,4929904,107860,270,3,2,2,0,1,1,0,670,1,0,1,0,0
201600000807,16,7,27,730,1,1,1,1,7,648,4925158,110357,270,3,2,2,0,1,0,0,7,9,0,1,0,0
201600000808,16,8,16,1830,1,1,4,1,3,412,4923869,111898,270,3,2,2,0,1,1,0,0,1,0,1,0,0
201600000809,16,10,11,1845,1,2,1,1,6,469,4930388,115943,270,3,2,2,0,1,0,0,0,1,0,1,0,0
201600000810,16,11,9,145,3,1,1,2,6,322,4924230,104924,270,3,2,0,0,1,1,0,0,2,0,1,0,0
201600000811,16,11,23,1645,2,1,1,8,6,365,4928943,120010,270,3,2,2,0,1,2,0,745,1,0,3,0,0
201600000812,16,12,16,930,2,2,3,1,6,386,4931073,120074,270,3,2,0,0,1,1,0,0,1,0,1,0,0
201600000813,16,1,14,715,3,1,1,3,1,282,4904176,108042,270,3,2,3,0,1,1,0,10,2,0,1,0,0
201600000814,16,1,31,1245,1,1,9,2,6,534,4924222,104904,270,3,2,2,0,0,2,0,0,2,0,3,0,0
201600000815,16,2,7,1500,1,2,2,1,3,700,4921903,103623,270,3,2,2,3,2,1,0,0,1,5,1,0,0
201600000816,16,3,30,1115,1,2,6,1,6,261,4921870,94345,270,3,2,4,0,1,1,0,0,1,0,1,0,0
201600000817,16,6,15,1800,1,1,1,8,1,654,4921363,89244,270,4,2,0,3,0,2,0,0,0,0,1,0,0
201600000818,16,7,5,815,1,1,2,1,6,55,4911269,104166,270,3,2,2,0,1,1,0,5,1,0,1,0,0
201600000819,16,7,16,15,3,1,1,1,5,616,4926665,98280,270,3,2,0,0,0,1,0,0,0,0,1,0,0
201600000820,16,8,8,1900,1,2,1,1,1,579,4923714,95530,270,3,2,2,0,2,4,0,7,0,0,1,0,0
201600000821,16,8,18,2030,1,1,1,1,7,192,4913563,93575,270,3,2,0,0,0,1,0,0,0,0,1,0,0
201600000822,16,9,15,830,1,1,1,1,1,344,4924475,82694,270,3,2,0,3,1,3,0,0,1,0,1,0,0
201600000823,16,11,1,400,3,2,9,5,6,389,4914833,96762,270,3,2,2,0,1,1,0,0,1,2,1,0,0
201600000824,16,11,19,2145,3,1,1,6,6,658,4910896,90956,270,3,2,3,0,1,1,0,10,2,0,3,0,0
201600000825,16,2,1,1145,1,1,1,1,6,260,4940475,42059,270,4,2,0,0,0,2,0,550,1,0,1,0,0
201600000826,16,2,12,2345,3,1,1,1,6,65,4931695,34582,270,3,2,2,0,0,3,0,0,1,0,3,0,0
201600000827,16,4,15,1000,1,2,1,1,6,467,4934763,52289,270,5,0,0,0,0,1,0,0,1,0,1,0,0
201600000828,16,5,10,945,1,1,1,1,1,655,4932910,53037,270,3,2,0,0,2,4,0,6,1,0,1,0,0
201600000829,16,5,25,1645,1,2,2,1,3,467,4935035,53026,270,4,0,0,0,0,0,0,0,0,0,0,0,0
201600000830,16,7,7,1300,1,1,1,1,6,65,4932634,34466,270,3,2,0,0,1,1,0,5,9,0,1,0,0
201600000831,16,7,17,2200,2,2,3,1,6,656,4935917,47784,270,3,2,2,0,1,1,0,6,1,0,1,0,0
201600000832,16,7,27,2300,3,1,1,2,7,549,4933471,52713,270,3,2,2,0,3,3,0,650,1,0,3,0,0
201600000833,16,9,17,1600,1,1,1,2,6,174,4933332,60327,270,3,2,1,0,1,1,0,0,2,0,1,0,0
201600000834,16,11,7,800,1,2,1,2,5,656,4935854,47933,270,3,2,2,0,1,1,0,6,2,0,1,0,0
201600000835,16,11,20,1045,1,2,2,1,3,467,4934902,52103,270,3,2,2,0,1,1,650,650,1,0,1,0,0
201600000836,16,11,22,1715,2,2,2,1,6,467,4934751,52148,270,3,2,2,0,1,1,0,100,1,0,1,0,0
201600000837,16,11,26,1130,1,1,1,1,3,655,4933854,51149,270,3,2,2,0,1,1,0,560,1,0,1,0,1
201600000838,16,2,13,1230,1,1,1,3,2,580,4923993,119897,270,3,2,2,0,1,1,0,65,2,0,1,0,0
201600000839,16,6,12,200,3,1,1,2,6,244,4932424,74989,270,3,2,2,0,0,3,0,55,2,0,1,0,0
201600000840,16,7,31,1200,1,2,1,1,1,102,4935623,76539,270,4,2,2,0,1,0,0,0,1,5,1,0,0
201600000841,16,9,27,1730,1,2,1,1,6,227,4938254,66492,270,3,2,2,0,1,4,0,54,1,0,3,99,0
201600000842,16,10,1,1515,1,2,1,1,6,133,4937118,91589,270,3,2,0,0,1,2,0,62,1,0,1,0,0
201600000843,16,7,14,2315,3,1,1,1,6,367,4924346,49743,270,4,2,2,0,3,1,0,32,1,0,1,99,1
201600000844,16,12,27,1445,1,1,2,1,3,538,4926903,56583,270,3,2,2,0,1,1,0,84,1,5,1,0,0
201600000845,16,1,20,1900,3,1,1,1,6,47,4800140,174096,350,3,2,0,0,2,1,0,0,1,0,1,0,0
201600000847,16,6,7,2315,3,1,1,1,6,47,4801262,174551,350,3,2,2,0,1,1,0,0,1,0,1,99,1
201600000848,16,9,14,1130,1,1,1,1,6,47,4804975,174841,350,3,3,4,0,1,1,10,148,1,0,3,99,1
201600000849,16,10,6,1910,1,2,1,1,5,47,4802714,173048,350,3,2,2,0,1,1,77,0,1,5,1,99,0
201600000850,16,3,18,930,1,1,3,1,3,177,4821855,174809,350,3,2,0,0,1,3,0,83,1,0,1,0,0
201600000851,16,4,22,2145,5,2,1,1,1,233,4835792,181851,350,3,2,2,0,2,2,0,57,1,0,1,99,0
201600000852,16,4,30,2000,1,2,3,1,3,79,4820962,163009,350,3,2,2,0,1,0,0,55,1,5,1,0,0
201600000853,16,5,11,1600,1,2,1,1,7,296,4826775,165075,350,4,2,2,0,1,1,0,53,1,0,1,99,1
201600000854,16,8,18,1730,1,2,1,1,3,107,4825850,151566,350,3,2,0,0,1,1,25,92,1,0,1,99,1
201600000855,16,9,3,2000,1,2,1,1,3,315,4821880,158114,350,3,0,2,0,1,1,0,54,1,0,1,99,0
201600000856,16,9,26,2130,3,1,1,1,7,154,4821610,139203,350,3,2,2,0,1,1,0,0,1,0,1,99,1
201600000857,16,9,26,1730,1,2,1,1,1,1,4813370,153266,350,3,2,1,0,1,1,0,0,1,0,1,99,0
201600000858,16,11,1,1400,1,1,1,1,1,154,4822479,139339,350,3,2,2,0,1,3,0,50,1,0,1,99,0
201600000859,16,2,28,800,1,1,1,1,6,184,4822326,211254,350,2,2,0,0,2,1,35,0,1,0,3,0,0
201600000860,16,5,29,1900,1,2,1,1,6,26,4811094,212558,350,3,2,2,0,1,1,30,30,1,0,0,99,0
201600000861,16,7,12,1145,1,2,7,1,6,297,4818926,219180,350,6,0,0,0,1,1,0,0,1,0,0,99,1
201600000862,16,8,3,1915,1,1,1,1,2,302,4818150,215752,350,3,2,2,0,1,1,60,0,1,0,1,99,0
201600000863,16,8,14,1730,1,1,1,1,6,143,4822605,202346,350,3,2,0,0,0,2,0,71,1,0,3,99,0
201600000864,16,8,24,1345,1,2,1,1,3,297,4818894,220539,350,3,2,2,0,2,1,0,72,1,0,1,99,0
201600000865,16,9,16,1800,1,1,1,1,2,184,4820617,203880,350,2,3,0,0,1,1,86,82,1,0,2,99,0
201600000866,16,9,30,745,1,1,2,1,5,27,4816803,205409,350,3,2,2,0,1,1,0,0,1,5,1,99,0
201600000867,16,2,27,1815,2,1,1,1,1,187,4805160,197424,350,4,2,2,0,1,3,0,50,1,0,1,0,0
201600000868,16,3,4,1300,1,2,1,1,3,188,4814547,196853,350,3,2,0,0,1,0,0,0,0,0,0,3,0
201600000869,16,3,11,1515,1,1,1,7,1,133,4815479,201547,350,3,2,2,0,0,1,0,34,1,0,1,0,0
201600000870,16,3,16,1645,1,1,1,6,2,223,4799596,207911,350,3,2,2,0,1,1,0,57,1,0,1,0,1
201600000871,16,4,19,1400,1,2,2,1,1,133,4813245,203620,350,3,2,0,0,1,0,0,0,1,5,1,99,0
201600000872,16,5,6,100,3,1,1,1,6,227,4817716,192325,350,3,2,2,0,1,1,0,0,1,1,1,99,0
201600000873,16,5,31,1800,1,2,6,1,1,188,4814161,196389,350,3,2,1,0,1,1,0,35,1,0,1,0,0
201600000874,16,7,20,1615,1,1,1,1,1,331,4811248,193068,350,3,2,2,0,1,2,0,73,1,0,1,0,0
201600000875,16,9,16,745,2,1,1,2,3,227,4817682,192317,350,2,3,4,0,1,1,0,150,2,0,1,0,1
201600000876,16,1,15,715,3,1,1,9,6,196,4810161,184009,350,3,2,2,0,0,1,0,0,7,0,1,99,0
201600000877,16,1,19,1745,3,1,1,1,2,240,4809624,175978,350,2,3,2,0,1,1,0,0,1,5,1,99,0
201600000878,16,3,11,2300,4,1,6,1,7,76,4806034,177571,350,3,2,2,0,1,2,0,0,1,0,3,99,0
201600000879,16,4,20,1545,1,2,1,1,3,196,4808003,184118,350,4,2,2,0,1,1,0,0,1,0,0,99,0
201600000880,16,5,4,1515,1,1,2,1,1,37,4805135,185337,350,4,2,2,0,1,1,0,0,0,0,1,99,0
201600000881,16,8,17,830,1,2,6,7,3,240,4809248,178044,350,3,4,0,0,1,2,0,0,1,5,1,99,0
201600000882,16,10,7,1515,1,1,1,1,7,240,4809512,176174,350,2,3,4,0,1,3,10,125,1,0,1,99,0
201600000883,16,10,18,745,1,1,1,5,3,76,4807129,176551,350,3,2,2,0,1,1,0,100,1,0,1,99,0
201600000884,16,11,23,2230,3,1,1,8,2,76,4808169,179032,350,2,2,4,0,1,1,15,120,2,0,1,99,0
201600000885,16,12,6,1710,2,2,3,9,7,196,4807095,185217,350,3,3,2,2,1,3,0,25,1,5,1,99,0
201600000886,16,4,13,1800,1,2,9,3,6,142,4841700,115209,350,6,0,0,0,1,1,0,0,2,0,1,99,0
201600000887,16,7,18,945,1,1,1,1,1,18,4843754,110444,350,3,2,0,0,2,0,0,0,1,0,1,99,0
201600000888,16,8,12,1100,1,1,3,7,1,138,4837867,115010,350,4,2,0,0,1,1,0,60,1,0,1,0,0
201600000889,16,1,18,1245,1,1,1,2,6,355,4834163,152106,350,3,2,2,0,2,1,0,66,2,0,3,99,1
201600000890,16,5,25,1945,1,1,1,1,2,326,4833158,153034,350,3,2,2,0,0,0,0,63,1,0,1,0,0
201600000891,16,6,18,1100,1,1,1,1,7,355,4834615,149409,350,3,2,0,0,4,2,0,60,1,0,3,99,0
201600000892,16,6,27,915,1,1,1,2,5,282,4827779,135503,350,3,2,2,0,1,1,0,58,2,0,1,0,0
201600000893,16,8,13,1815,1,1,1,7,2,178,4828696,143407,350,3,2,2,0,1,3,0,55,1,0,1,99,0
201600000894,16,1,16,115,3,1,1,4,7,83,4845463,139700,350,3,2,2,0,0,3,0,60,7,0,0,99,0
201600000895,16,4,24,130,3,1,1,1,7,341,4842168,141252,350,3,2,2,0,0,2,0,75,1,0,1,99,0
201600000896,16,5,28,730,1,2,2,8,6,257,4841086,136649,350,3,2,2,0,1,1,0,0,1,0,1,0,0
201600000898,16,7,25,715,1,1,1,8,6,303,4846894,144364,350,3,2,2,0,2,1,0,60,1,0,3,99,0
201600000899,16,9,9,915,1,1,6,7,3,257,4839884,137221,350,3,2,0,0,1,2,0,0,1,5,1,99,0
201600000900,16,1,24,2015,3,1,1,1,1,236,4766763,209100,350,3,2,0,0,1,1,0,635,2,0,1,0,0
201600000901,16,1,23,2230,5,2,1,2,6,236,4765180,208139,350,4,1,1,0,2,2,0,50,2,0,1,0,0
201600000902,16,2,8,1600,1,2,6,1,3,236,4765749,208435,350,3,2,2,2,0,0,0,0,0,5,1,99,0
201600000903,16,4,12,1015,1,2,3,7,3,13,4770480,207084,350,3,2,2,0,1,1,0,0,1,0,1,0,0
201600000904,16,6,27,1600,1,2,2,1,3,236,4766771,206348,350,4,2,0,0,1,1,0,60,1,5,1,0,0
201600000905,16,8,13,1515,1,1,2,1,3,13,4770657,205423,350,3,2,2,0,1,1,0,54,1,0,1,99,0
201600000906,16,9,8,1145,1,1,1,1,1,13,4770939,208854,350,3,2,2,0,1,1,0,0,1,0,1,99,0
201600000907,16,10,27,1715,1,2,1,1,6,236,4765064,208609,350,3,2,2,0,1,1,6,10,1,0,1,99,0
201600000908,16,11,11,2150,3,1,1,1,6,13,4768355,208648,350,3,2,2,0,1,1,0,50,1,0,1,99,0
201600000909,16,12,8,2330,3,1,1,1,6,64,4770241,192349,350,3,2,2,0,1,3,0,55,1,0,3,99,0
201600000910,16,12,26,2058,3,2,1,1,6,236,4763815,209372,350,4,2,2,0,1,3,0,0,1,0,3,99,1
201600000911,16,2,27,1115,1,1,2,1,3,231,4789819,170181,350,3,2,0,0,1,2,0,60,1,0,1,99,0
201600000912,16,4,25,2030,2,2,2,1,3,321,4791557,158885,350,3,2,2,0,1,3,0,0,1,5,1,99,0
201600000913,16,5,4,1330,1,1,1,1,7,221,4787801,177752,350,3,2,2,0,2,2,73,0,9,4,0,99,0
201600000914,16,5,11,45,3,1,1,1,6,106,4784356,158927,350,3,2,2,0,0,3,58,0,1,0,1,99,0
201600000915,16,6,8,115,3,1,1,1,7,33,4792726,167368,350,3,2,2,0,3,3,0,66,1,0,3,99,0
201600000916,16,6,16,1915,1,1,1,1,1,12,4786812,165772,350,3,2,0,0,3,1,0,0,1,0,1,99,0
201600000917,16,7,26,1730,1,1,1,1,6,145,4775044,189803,350,3,3,2,0,2,2,0,0,1,0,1,99,1
201600000918,16,2,3,630,3,1,1,1,7,149,4797721,183790,350,3,2,2,0,1,2,0,79,1,0,3,99,0
201600000919,16,2,10,1630,1,1,1,1,2,126,4795375,177967,350,3,2,0,0,2,1,0,75,1,0,1,0,0
201600000920,16,4,8,1730,1,1,1,1,4,126,4794964,177578,350,3,2,2,0,1,1,0,75,1,0,1,0,0
201600000921,16,4,16,2200,3,1,1,1,5,123,4798891,182228,350,3,2,2,0,0,3,0,70,1,0,1,99,1
201600000922,16,7,7,1615,1,1,3,1,3,139,4795562,170105,350,4,2,1,0,1,2,0,0,1,0,1,99,1
201600000923,16,11,27,235,5,1,1,1,6,123,4801631,182544,350,3,2,2,0,1,1,0,58,1,0,1,99,0
201600000924,16,12,24,1345,1,1,6,1,7,126,4798416,182976,350,3,1,1,0,1,2,0,15,1,5,3,99,0
201600000925,16,8,6,1645,1,2,1,1,6,129,4782454,180021,350,4,2,2,0,1,1,0,44,1,0,1,99,0
201600000926,16,2,1,145,3,1,1,1,1,285,4775699,194245,350,3,2,2,0,2,1,72,0,2,0,1,99,0
201600000927,16,5,6,1530,1,1,9,1,3,289,4787868,178018,350,4,2,2,0,1,3,0,54,1,0,1,99,1
201600000928,16,6,6,1445,1,2,1,1,3,175,4789520,197404,350,4,2,2,0,1,1,0,60,1,0,1,99,0
201600000929,16,9,8,1945,1,1,1,1,1,168,4792596,203702,350,3,2,2,0,1,3,0,0,1,0,1,99,0
201600000930,16,5,5,1900,1,1,1,1,1,314,4856011,195337,350,3,2,1,0,0,3,0,60,1,0,1,0,0
201600000931,16,6,18,1900,1,1,1,1,3,299,4865640,187100,350,3,2,2,0,2,1,0,60,1,0,1,0,0
201600000932,16,8,3,2000,1,1,1,1,6,179,4854617,192290,350,3,3,0,0,0,1,10,70,1,3,1,99,0
201600000933,16,8,21,1600,1,1,1,1,3,49,4864461,188514,350,3,2,2,0,0,0,0,0,1,2,1,0,0
201600000934,16,3,20,1545,1,1,1,1,7,228,4854748,204015,350,4,2,1,0,1,1,0,35,1,0,1,99,0
201600000935,16,3,29,2045,3,2,6,1,3,228,4859343,206850,350,3,0,0,0,0,3,0,30,1,0,1,99,0
201600000936,16,4,21,1730,1,1,2,2,3,228,4860574,206842,350,4,2,1,0,2,1,0,38,2,0,1,99,0
201600000937,16,5,24,1030,1,1,3,1,3,256,4861203,212309,350,3,2,2,0,1,1,0,68,1,0,1,0,0
201600000938,16,8,6,545,2,1,1,1,1,228,4860344,206893,350,3,2,2,0,1,1,0,80,1,0,1,99,1
201600000939,16,9,14,1700,1,2,1,1,1,228,4857747,206356,350,4,2,1,0,1,1,0,0,1,0,1,99,0
201600000940,16,9,22,1700,1,1,2,1,3,287,4861885,210613,350,3,2,0,0,0,1,0,88,1,5,1,99,1
201600000941,16,11,19,1740,3,1,1,2,1,228,4860223,206944,350,3,2,2,0,1,1,0,80,2,0,1,99,0
201600000942,16,11,30,1340,1,1,1,1,1,228,4860323,205688,350,4,2,2,0,2,1,69,0,1,0,1,99,0
201600000943,16,1,22,815,2,2,1,3,6,360,4811122,120564,350,3,2,2,1,1,1,0,120,2,6,1,99,0