Num_Acc,an,mois,jour,hrmn,lum,agg,int,atm,col,com,lat,long,dep,catr,circ,nbv,vosp,prof,plan,lartpc,larrout,surf,infra,situ,env1,killed
201600000944,16,5,13,1030,1,2,6,2,3,360,4810943,121601,350,3,2,2,0,1,1,0,75,2,5,1,0,0
201600000945,16,5,19,1830,1,2,1,1,7,15,4816779,119417,350,4,2,1,0,2,3,0,0,9,0,1,0,0
201600000946,16,6,26,745,1,1,6,1,7,360,4812417,123291,350,3,1,0,0,2,3,0,0,1,3,3,99,0
201600000947,16,7,16,2100,1,1,1,1,6,87,4807917,131445,350,3,2,0,0,1,3,0,48,1,0,1,0,0
201600000948,16,7,25,1800,1,2,1,1,3,360,4812005,119193,350,4,2,2,0,1,1,0,0,1,0,1,99,0
201600000949,16,9,21,745,2,1,1,8,1,360,4812013,123262,350,3,2,2,0,0,1,0,80,1,0,1,99,0
201600000950,16,1,30,430,3,1,1,8,6,207,4810856,152620,350,2,3,4,0,1,1,10,70,1,0,3,99,1
201600000951,16,2,4,745,1,1,1,1,5,204,4804642,157496,350,3,2,2,0,1,1,0,0,1,0,1,0,0
201600000952,16,4,22,2015,1,1,3,1,1,254,4804579,145833,350,3,2,2,0,0,1,15,0,1,5,1,99,0
201600000953,16,5,5,945,1,1,1,1,2,207,4810475,149965,350,2,0,2,0,0,1,0,70,0,0,1,0,0
201600000954,16,5,20,1715,1,1,1,1,1,99,4809139,155880,350,3,2,2,0,2,3,0,50,0,0,1,0,1
201600000955,16,2,14,545,5,1,6,8,6,167,4784187,132485,350,3,2,2,0,1,3,0,130,2,5,3,0,0
201600000956,16,3,2,130,3,1,1,2,7,114,4785308,128756,350,3,2,1,0,2,1,0,60,2,0,3,99,1
201600000957,16,7,16,2345,3,1,1,1,7,239,4789124,133781,350,3,2,2,0,0,1,0,47,1,0,1,99,0
201600000958,16,2,17,2030,5,2,1,2,3,136,4795201,150829,350,3,2,1,0,2,1,0,49,2,0,1,99,0
201600000959,16,3,12,2345,3,1,1,1,7,28,4797075,141077,350,3,0,2,0,0,1,0,45,1,0,3,99,0
201600000960,16,3,19,1845,2,1,1,1,1,2,4801793,150922,350,3,2,2,0,1,4,0,0,1,0,1,99,0
201600000961,16,4,2,230,3,1,3,1,6,108,4795228,142279,350,3,2,2,0,1,1,0,0,1,0,1,99,1
201600000962,16,5,20,830,1,2,1,1,6,136,4795505,149760,350,4,2,1,0,1,1,0,0,0,0,1,99,0
201600000963,16,6,8,345,3,1,1,1,6,41,4795931,153719,350,3,2,2,0,1,1,0,49,1,0,1,99,0
201600000964,16,8,19,1230,1,1,2,1,3,136,4792056,153650,350,3,2,2,0,2,1,0,78,2,0,1,99,0
201600000965,16,9,2,515,3,1,1,1,6,333,4789895,143050,350,3,2,2,0,2,2,0,51,1,0,3,99,0
201600000966,16,10,12,1630,1,1,1,1,6,198,4799649,136573,350,3,2,2,0,1,3,0,68,1,0,3,99,0
201600000967,16,11,10,915,1,1,1,1,6,41,4794593,156163,350,3,2,2,0,1,1,0,0,2,0,3,99,0
201600000968,16,7,2,830,1,2,1,1,7,181,4822130,317651,220,3,2,2,0,2,2,0,0,1,0,3,99,0
201600000969,16,2,1,815,1,2,1,1,1,93,4846728,254615,220,4,2,2,0,1,1,0,70,1,0,1,99,0
201600000970,16,3,5,1115,1,2,3,9,3,93,4846519,251109,220,4,2,2,0,1,1,0,0,2,5,1,3,0
201600000971,16,4,21,815,3,1,3,1,7,2,4848619,255640,220,3,2,2,0,2,2,0,70,1,5,0,99,0
201600000972,16,5,12,1245,1,2,6,1,6,93,4846797,250688,220,4,2,2,0,1,3,0,93,1,5,1,0,0
201600000973,16,6,9,2030,1,1,1,1,2,246,4846648,260574,220,4,2,2,0,0,2,0,60,1,0,1,99,0
201600000974,16,6,18,1800,1,2,1,1,6,93,4846711,251976,220,4,2,2,0,1,1,0,80,1,0,1,99,0
201600000975,16,6,17,1745,1,1,2,1,3,326,4843572,242666,220,3,2,2,0,1,1,0,0,1,5,0,99,0
201600000976,16,7,14,2115,1,1,1,1,7,93,4841348,253358,220,3,2,2,0,1,4,0,0,1,0,3,99,0
201600000977,16,7,31,730,1,1,2,1,7,93,4846920,244342,220,3,2,2,0,1,1,0,65,1,5,1,99,0
201600000978,16,8,10,1100,1,1,1,1,6,44,4849043,260603,220,4,2,2,0,4,2,0,45,1,0,3,0,1
201600000979,16,9,1,1200,1,1,1,1,3,93,4848655,248655,220,3,2,2,0,2,0,0,70,1,0,1,99,0
201600000980,16,9,12,915,1,2,3,1,1,93,4843725,254107,220,3,2,2,0,1,1,0,63,1,5,1,99,0
201600000981,16,11,8,2030,3,1,1,3,5,93,4844401,251098,220,3,2,2,0,1,1,0,0,2,0,1,99,0
201600000982,16,1,9,615,3,1,1,2,6,314,4809422,276872,220,3,2,2,0,0,1,0,62,2,0,3,99,0
201600000983,16,4,14,1600,1,1,2,3,3,300,4828195,281255,220,3,2,0,0,0,0,0,60,2,5,1,99,1
201600000984,16,4,19,1945,2,1,1,1,7,275,4813066,271284,220,4,2,2,0,2,3,0,47,1,0,1,0,0
201600000985,16,5,11,745,2,1,1,5,1,155,4821778,275508,220,3,2,2,0,1,1,0,64,2,0,1,99,1
201600000986,16,7,8,1515,1,2,1,1,6,136,4817699,275855,220,4,2,2,0,1,1,35,71,1,0,1,99,0
201600000987,16,7,14,615,2,1,1,1,6,75,4814643,284922,220,4,2,2,0,1,3,0,52,1,0,1,99,0
201600000988,16,7,20,1830,1,1,3,1,3,136,4817930,267952,220,3,2,2,0,2,1,0,36,1,5,1,99,0
201600000989,16,8,7,330,3,1,1,1,6,1,4830457,289245,220,4,2,2,0,0,1,36,0,1,0,3,99,1
201600000990,16,9,8,500,3,1,1,1,1,136,4814900,275611,220,3,2,2,0,1,1,0,66,1,0,1,99,0
201600000991,16,9,15,1230,1,2,1,1,6,136,4818329,275685,220,4,2,2,0,1,1,0,61,1,0,1,99,0
201600000992,16,10,28,745,5,2,1,5,1,136,4819129,276869,220,4,2,2,0,1,1,0,66,1,0,1,99,0
201600000993,16,11,21,1800,5,2,2,1,3,136,4818201,276072,220,4,2,2,0,2,1,0,0,1,5,1,3,0
201600000994,16,4,3,300,3,1,1,1,6,86,4873196,302727,220,3,2,2,0,0,3,0,0,1,0,3,99,1
201600000995,16,4,30,1600,1,1,1,1,3,214,4874091,297963,220,4,2,2,0,1,1,0,43,1,0,1,99,1
201600000996,16,8,4,1700,1,2,1,1,2,210,4879682,303456,220,3,2,2,0,1,1,0,40,1,0,1,99,0
201600000997,16,9,11,1515,1,1,1,1,3,162,4877802,310099,220,3,2,2,0,1,1,78,0,1,0,1,99,1
201600000998,16,9,12,1345,1,2,1,1,7,233,4873854,310265,220,4,2,2,0,1,2,40,0,1,0,1,99,0
201600000999,16,3,4,1430,1,2,1,3,2,54,4863608,247089,220,3,2,2,0,1,1,0,0,2,0,1,99,0
201600001000,16,4,6,1800,1,1,2,2,3,54,4861181,246635,220,3,2,2,0,2,2,73,0,1,5,1,99,0
201600001001,16,5,4,1215,1,2,1,1,6,186,4858671,254937,220,3,2,2,0,2,3,0,51,1,0,4,0,1
201600001002,16,5,26,1530,1,1,1,1,1,154,4851063,259683,220,4,2,2,0,0,4,0,40,2,0,1,99,0
201600001003,16,6,17,1615,1,2,4,1,3,273,4855663,253637,220,3,2,2,0,1,2,0,60,1,5,1,0,0
201600001004,16,7,29,1645,1,2,3,1,3,54,4862888,246366,220,3,2,2,0,1,2,0,0,1,5,1,0,0
201600001005,16,7,19,1415,1,1,1,1,3,81,4852548,266658,220,4,2,2,0,1,1,0,78,1,0,1,99,0
201600001006,16,8,2,1030,1,2,2,8,3,81,4852995,266598,220,4,2,2,0,1,3,0,0,1,0,1,99,0
201600001007,16,8,11,1200,1,1,3,1,3,186,4861687,244737,220,3,2,2,0,1,1,0,68,1,5,1,99,0
201600001008,16,11,19,1800,3,1,1,3,6,389,4846871,270555,220,4,2,2,0,2,1,0,60,2,0,3,99,0
201600001009,16,11,21,2215,5,2,1,6,6,389,4847819,268721,220,4,2,2,0,2,1,0,0,2,0,1,99,0
201600001010,16,12,9,1100,1,2,1,1,6,186,4858119,253456,220,4,2,2,0,1,1,76,0,2,6,1,99,1
201600001011,16,12,13,1800,5,1,1,1,3,81,4848508,264984,220,3,2,2,0,1,1,0,90,1,0,1,99,0
201600001012,16,1,21,800,3,1,1,1,5,277,4839026,291249,220,3,2,2,0,2,1,80,80,1,0,1,99,0
201600001013,16,2,18,1615,1,1,1,1,3,176,4842538,274552,220,3,2,2,0,1,3,0,0,1,0,1,99,0
201600001014,16,3,6,845,1,1,1,9,5,176,4846604,275234,220,3,2,2,0,2,2,0,70,7,0,1,99,1
201600001015,16,3,12,1445,1,1,2,1,3,171,4839820,282686,220,3,2,3,0,4,1,0,0,1,0,1,0,0
201600001016,16,5,4,1830,1,1,2,1,1,99,4837291,294098,220,3,2,2,0,1,1,0,70,1,5,1,99,0
201600001017,16,6,19,1700,1,2,6,1,1,176,4846192,274155,220,4,2,0,0,1,1,0,65,1,5,1,3,0
201600001018,16,7,4,45,3,1,1,1,7,277,4836632,283940,220,4,2,2,0,0,2,0,32,0,0,3,0,0
201600001019,16,7,8,1830,1,1,1,1,1,171,4841377,282936,220,4,2,2,0,2,4,0,40,1,0,1,99,0
201600001020,16,9,23,1900,1,1,2,1,3,287,4847394,287312,220,3,2,2,0,3,1,0,60,1,5,1,99,1
201600001021,16,10,14,2050,3,1,2,1,3,176,4845870,275579,220,3,2,2,0,2,3,0,0,1,5,1,0,0
201600001022,16,11,16,2100,3,1,1,1,6,277,4841599,284445,220,3,2,2,0,4,1,0,90,1,0,1,99,0
201600001023,16,11,17,1300,1,1,1,2,1,171,4840862,282415,220,3,2,2,0,2,3,0,113,2,0,1,0,0
201600001024,16,1,7,1015,1,1,2,7,3,35,4844473,197567,220,3,2,2,0,0,1,25,65,2,5,1,99,0
201600001025,16,1,10,1130,1,1,1,7,3,388,4843645,214462,220,3,2,2,0,1,1,0,58,2,3,1,0,0
201600001026,16,2,3,1015,1,1,1,7,6,259,4844737,207599,220,6,0,0,0,1,1,0,60,2,6,1,99,0
201600001027,16,2,17,1645,1,1,1,2,7,213,4850221,202523,220,3,2,2,0,4,3,60,0,2,0,1,99,0
201600001028,16,4,13,1230,1,1,2,1,1,364,4842624,209391,220,3,2,2,0,1,1,0,0,1,5,1,99,0
201600001029,16,5,18,1015,1,1,2,1,3,299,4846321,197728,220,3,2,2,0,2,1,0,53,2,5,1,99,0
201600001030,16,6,4,2315,5,2,6,1,3,118,4845681,202873,220,3,0,0,0,0,2,0,0,1,5,1,99,0
201600001031,16,6,7,1045,1,2,1,1,6,50,4845466,204868,220,3,2,2,0,1,1,0,60,1,0,1,0,0
201600001032,16,8,3,1500,1,1,1,1,1,197,4849141,196123,220,4,2,2,0,3,1,0,0,1,0,1,0,0
201600001033,16,8,24,1430,1,2,1,1,7,274,4837165,200480,220,4,2,0,0,1,0,0,0,9,0,1,99,0
201600001034,16,9,2,1730,1,2,3,1,3,50,4845669,204767,220,4,2,2,0,0,1,0,0,1,5,1,99,0
201600001035,16,9,19,1715,1,2,1,1,6,259,4844767,208039,220,3,2,2,0,1,1,12,60,1,0,1,99,0
201600001036,16,9,23,1930,3,1,1,1,2,118,4845865,202137,220,3,2,2,0,4,1,0,0,1,0,1,99,0
201600001037,16,10,4,1230,1,1,1,7,1,213,4851074,199763,220,3,2,2,0,0,2,0,0,1,0,1,99,0
201600001038,16,10,11,945,1,1,6,1,3,327,4848887,204198,220,3,2,0,0,1,1,0,60,1,5,1,99,0
201600001039,16,11,20,1100,1,1,1,8,6,308,4835456,208178,220,3,2,2,0,1,3,0,60,2,0,3,99,0
201600001040,16,10,28,1830,1,2,1,1,1,50,4845289,203879,220,3,2,2,0,2,2,0,0,1,0,1,99,0
201600001041,16,12,20,1445,1,1,2,8,3,299,4848222,196177,220,3,2,2,0,1,1,0,0,2,5,1,99,0
201600001042,16,6,28,1545,1,2,1,1,6,179,4862841,236795,220,3,2,2,0,4,1,0,0,0,0,1,0,0
201600001043,16,7,21,1745,1,2,1,1,3,282,4857892,222173,220,3,2,2,0,1,3,0,60,1,0,1,99,0
201600001044,16,9,10,730,1,1,1,1,6,76,4856292,238197,220,3,2,2,0,4,1,0,0,1,0,1,99,0
201600001045,16,11,13,1645,1,1,2,1,3,179,4865163,235608,220,3,2,2,0,0,1,0,55,1,0,1,99,0
201600001046,16,12,12,1845,5,2,3,2,3,179,4862787,237034,220,3,2,2,0,1,1,0,0,2,5,0,0,0
201600001047,16,2,9,1700,1,2,1,3,6,70,4856343,314834,220,4,2,2,0,1,1,0,0,2,0,1,0,0
201600001048,16,5,28,1700,1,1,3,1,1,223,4858613,319945,220,4,2,2,0,1,1,0,43,1,5,1,99,0
201600001049,16,7,23,1030,1,2,2,1,3,70,4856361,314839,220,3,2,2,0,0,1,0,0,1,5,1,0,0
201600001050,16,7,29,1745,1,1,1,1,6,304,4855503,306151,220,3,0,2,0,1,2,0,0,1,0,1,99,0
201600001051,16,8,20,2130,5,2,2,1,3,70,4856379,315182,220,3,0,2,0,1,1,0,0,1,5,1,0,0
201600001052,16,11,28,1600,1,2,1,1,1,70,4856085,315560,220,4,2,2,0,1,1,0,0,1,0,1,99,0
201600001053,16,6,25,1945,1,1,1,1,7,198,4877905,348809,220,3,2,2,0,0,1,0,0,1,0,3,99,0
201600001054,16,6,24,1645,1,1,2,1,3,198,4880912,353306,220,3,2,2,0,1,1,4,70,1,5,1,99,0
201600001055,16,10,11,1545,1,2,1,7,6,168,4880224,344349,220,3,2,2,0,1,1,0,75,1,0,1,99,0
201600001056,16,11,19,1815,3,1,4,6,3,90,4877681,337643,220,3,2,2,0,2,1,0,82,2,5,1,99,0
201600001057,16,11,28,1745,5,2,1,1,6,168,4881476,344693,220,3,2,2,0,0,1,0,0,1,0,1,99,0
201600001058,16,12,22,1000,1,1,1,7,2,134,4878674,339841,220,3,2,2,0,1,1,68,0,2,0,1,99,0
201600001059,16,3,27,1830,1,2,2,2,3,225,4795649,435390,290,3,2,2,0,1,1,0,65,2,5,1,0,0
201600001060,16,4,21,1445,1,2,9,1,1,3,4802440,454040,290,3,2,0,0,1,2,0,65,1,0,1,99,0
201600001061,16,5,7,1100,1,1,1,1,3,65,4803193,426591,290,3,2,2,0,0,1,0,82,1,0,1,0,0
201600001062,16,5,27,1745,1,2,1,1,6,168,4803650,466653,290,3,2,2,0,1,1,0,0,1,0,1,99,0
201600001063,16,6,7,1815,1,1,1,1,3,216,4798875,418809,290,3,2,2,0,1,1,0,0,1,0,1,0,0
201600001064,16,7,24,1345,1,1,1,8,3,173,4801571,419682,290,3,2,0,0,0,3,0,79,1,0,1,99,0
201600001065,16,7,27,1815,1,1,1,8,1,173,4799927,419181,290,3,2,2,0,0,1,0,60,1,0,1,99,0
201600001066,16,8,4,2030,1,2,1,7,3,197,4801338,448165,290,3,2,1,0,0,1,0,75,1,0,1,0,0
201600001067,16,8,27,1815,1,1,1,1,2,197,4800397,445136,290,3,2,2,0,0,3,0,60,1,0,0,0,0
201600001068,16,12,3,1415,1,2,1,1,1,197,4801374,448359,290,3,2,2,0,1,1,0,72,1,0,1,0,0
201600001069,16,1,5,845,5,2,1,2,6,46,4809178,433136,290,4,2,2,0,1,3,0,60,2,0,1,0,1
201600001070,16,1,7,1230,1,2,1,2,1,46,4808797,430236,290,4,0,2,0,2,3,0,70,2,0,1,0,0
201600001071,16,1,17,1900,3,1,1,2,1,226,4806259,436407,290,3,2,2,0,1,1,0,60,2,0,1,0,0
201600001072,16,4,14,945,1,2,1,2,6,46,4808753,432432,290,9,2,0,0,0,0,0,35,2,5,1,0,0
201600001073,16,9,18,1715,1,1,1,1,1,169,4805795,414671,290,3,2,0,0,1,1,90,0,1,0,1,0,0
201600001074,16,10,2,45,5,2,1,1,6,46,4807633,432817,290,3,2,0,0,2,2,0,70,1,0,1,0,0
201600001075,16,10,19,1615,1,1,1,1,7,46,4809506,436303,290,4,2,0,0,2,1,0,42,1,0,1,0,0
201600001076,16,11,3,1630,1,2,1,1,6,46,4809231,433068,290,4,2,2,0,1,1,0,61,1,0,1,99,0
201600001077,16,11,16,245,5,2,2,2,3,46,4809753,432675,290,4,2,2,0,1,1,0,60,2,0,1,0,0
201600001078,16,12,5,1830,5,1,9,1,6,46,4807121,430390,290,3,2,0,0,0,1,0,70,1,0,1,0,0
201600001079,16,12,21,1800,5,2,1,3,6,46,4808649,434099,290,3,2,0,0,2,1,0,70,2,6,1,0,0
201600001080,16,1,14,2200,3,1,1,8,6,161,4791449,406005,290,3,2,1,0,0,1,30,60,2,0,3,99,0
201600001082,16,2,22,1930,3,1,1,2,1,57,4792112,396814,290,3,2,2,0,2,1,0,0,2,0,1,99,1
201600001083,16,4,17,1900,1,1,6,1,7,247,4795081,402275,290,3,0,0,0,1,3,0,0,1,5,1,0,0
201600001084,16,5,11,1345,1,1,1,1,3,57,4791147,399999,290,4,2,0,0,1,1,0,0,1,0,1,0,0
201600001085,16,7,7,1800,1,2,1,1,3,161,4792426,407216,290,3,3,0,0,2,1,0,34,1,5,1,99,0
201600001086,16,8,5,930,1,1,1,1,6,32,4791273,407240,290,3,2,2,0,2,3,0,66,1,0,3,99,0
201600001087,16,9,19,1500,1,2,1,1,6,6,4787341,410852,290,4,2,2,0,0,1,0,75,1,0,1,99,0
201600001088,16,11,15,1615,1,1,1,1,2,247,4797825,401119,290,2,3,4,0,1,1,20,120,1,0,1,0,0
201600001089,16,11,21,1700,2,1,1,2,5,32,4788674,411886,290,3,2,0,0,2,1,0,0,2,2,1,99,0
201600001090,16,11,23,1800,5,2,1,2,6,247,4793656,402247,290,4,2,0,0,1,1,0,65,2,6,1,3,0
201600001091,16,11,25,800,2,1,2,1,3,161,4791648,406211,290,3,2,3,3,2,1,0,138,1,5,1,99,0
201600001092,16,12,2,600,3,1,1,1,1,57,4791467,394838,290,3,2,2,0,2,3,80,120,7,0,1,0,0
201600001093,16,12,20,2315,3,1,1,2,6,32,4789258,409367,290,3,2,2,0,1,1,0,0,2,0,1,99,0
201600001094,16,1,12,1445,1,2,6,2,1,135,4783508,418981,290,3,0,1,0,1,2,0,80,2,5,1,0,0
201600001095,16,3,16,215,3,1,1,1,7,174,4789556,426793,290,3,2,2,0,1,3,0,129,1,0,1,0,1
201600001096,16,4,11,1830,1,1,1,1,4,171,4781197,428291,290,3,2,2,0,1,1,68,0,1,0,1,99,0
201600001097,16,7,15,1745,1,2,1,1,6,135,4783513,416991,290,4,2,2,0,1,1,75,0,1,0,1,99,0
201600001098,16,7,26,1215,1,2,1,1,1,72,4779613,427883,290,4,2,2,0,1,1,0,48,1,0,1,0,0
201600001099,16,7,31,745,1,1,6,9,6,37,4790920,419322,290,3,0,1,0,0,0,0,0,1,0,0,99,0
201600001100,16,8,8,1900,1,2,1,1,7,220,4786836,422532,290,4,2,2,0,1,1,0,88,1,0,1,99,0
201600001101,16,8,27,630,2,2,1,1,6,252,4786762,428128,290,3,2,0,2,1,1,32,38,1,5,1,0,0
201600001102,16,10,16,2115,3,1,1,1,6,37,4789354,420154,290,3,2,0,0,0,1,0,0,1,0,1,0,0
201600001103,16,12,3,815,2,1,1,9,7,284,4782112,426628,290,3,2,0,0,1,1,0,0,7,0,1,0,0
201600001104,16,12,16,1715,1,2,1,1,3,220,4786950,422173,290,4,2,0,0,1,1,0,0,1,0,1,0,0
201600001105,16,1,22,830,2,2,1,3,6,75,4840199,443301,290,4,2,2,0,1,1,10,50,2,5,1,0,0
201600001106,16,5,7,1600,1,1,1,1,3,268,4846840,432418,290,4,2,2,0,3,1,0,0,1,0,1,99,0
201600001107,16,7,13,1030,1,1,1,1,1,75,4842008,439066,290,3,2,2,0,1,1,0,0,1,0,1,99,0
201600001108,16,9,28,1145,1,2,6,1,2,75,4843054,444094,290,4,2,0,0,1,1,0,0,1,5,1,99,0
201600001109,16,10,11,730,2,2,1,1,3,75,4843308,439832,290,4,2,2,0,2,1,0,60,0,5,1,3,0
201600001110,16,10,26,1730,1,2,2,1,3,235,4840090,440578,290,4,0,0,0,0,0,0,0,0,5,1,0,0
201600001111,16,10,31,1915,5,2,1,1,6,235,4840366,439508,290,9,2,0,0,1,1,0,0,1,6,1,99,0
201600001112,16,1,24,1215,1,1,1,1,1,128,4847690,407410,290,3,2,2,0,1,1,0,68,2,0,1,99,1
201600001113,16,3,19,1445,1,1,2,1,3,237,4846590,420546,290,3,2,2,0,1,1,0,73,1,0,1,99,0
201600001114,16,9,29,1115,1,1,1,2,3,237,4846276,421904,290,3,2,2,0,1,1,0,65,2,0,1,99,1
201600001115,16,10,12,1915,2,1,1,1,1,181,4848178,425977,290,4,0,0,0,1,1,0,62,1,0,1,0,0
201600001116,16,1,15,845,1,2,1,1,1,91,4864499,437082,290,3,2,0,0,1,2,70,0,1,0,1,0,0
201600001117,16,12,8,900,1,1,2,1,3,124,4857355,430239,290,3,2,0,0,0,1,0,74,2,0,1,0,1
201600001119,16,5,21,1900,1,1,1,1,6,95,4847079,437946,290,3,2,2,0,0,2,0,71,1,0,3,0,0
201600001120,16,6,2,1630,1,2,2,1,4,195,4860716,451131,290,5,0,0,0,0,0,0,0,1,0,1,3,0
201600001121,16,6,12,1030,1,1,1,8,1,209,4854153,442925,290,4,0,0,0,0,0,0,0,0,0,0,0,0
201600001122,16,7,2,430,3,1,6,1,3,15,4849075,450084,290,3,2,2,0,0,0,0,0,1,5,1,0,0
201600001123,16,7,13,1330,1,1,1,1,1,77,4861466,435436,290,4,2,2,0,1,1,0,45,1,0,1,99,0
201600001125,16,12,27,1845,5,2,1,1,1,117,4857097,452311,290,9,2,2,0,1,2,0,0,1,0,1,99,0
201600001126,16,1,4,1715,1,1,1,2,6,178,4853652,467467,290,4,0,2,0,1,1,0,40,2,0,1,0,0
201600001127,16,4,19,800,1,1,3,7,3,257,4855803,462641,290,4,2,2,0,1,1,0,40,1,0,1,0,0
201600001128,16,4,26,130,3,2,1,1,7,109,4851963,475006,290,3,2,2,0,1,1,0,0,1,0,4,0,0
201600001129,16,5,2,2115,2,1,1,1,7,149,4844925,449580,290,3,2,0,0,1,0,60,0,1,0,3,99,0
201600001130,16,6,14,2245,3,1,1,1,6,177,4845099,471956,290,4,2,0,0,0,2,0,94,1,0,0,0,0
201600001132,16,7,22,1630,1,1,1,1,1,69,4843718,457154,290,3,2,2,0,0,1,0,62,1,0,1,0,0
201600001133,16,7,28,1030,1,1,1,1,3,196,4851864,457431,290,3,2,2,0,1,3,0,0,1,0,3,0,0
201600001134,16,8,31,115,4,1,1,1,6,257,4855790,462682,290,3,2,2,0,1,1,0,60,1,5,1,99,0
201600001135,16,9,5,830,1,1,1,1,3,196,4858239,455530,290,3,2,2,0,1,4,54,0,1,0,1,99,0
201600001136,16,9,11,100,3,2,1,1,6,149,4843062,459114,290,3,2,0,0,0,0,0,0,0,0,0,0,0
201600001137,16,9,18,830,1,1,1,7,5,177,4843322,470752,290,3,2,0,0,1,1,0,0,1,0,1,99,0
201600001138,16,9,19,830,1,1,1,1,2,149,4845891,451205,290,3,2,0,0,1,0,0,78,2,0,1,0,0
201600001139,16,10,25,1130,1,1,3,1,3,99,4855517,465179,290,4,0,0,0,0,1,0,68,2,0,1,0,0
201600001140,16,10,25,2145,3,1,1,5,6,177,4844166,476034,290,4,0,0,0,1,2,0,60,2,0,3,0,0
201600001141,16,10,27,2000,5,2,6,1,7,149,4846532,456396,290,3,2,2,0,0,1,0,50,1,0,1,0,0
201600001142,16,11,22,1115,1,2,6,7,6,260,4843141,462065,290,4,1,1,0,1,2,60,0,1,6,0,3,0
201600001143,16,11,23,1815,3,1,1,2,1,177,4843832,472417,290,3,3,0,0,0,0,60,0,2,0,1,0,0
201600001144,16,12,1,1445,1,1,1,7,1,196,4853114,462296,290,3,2,2,0,0,0,60,0,0,0,1,0,0
201600001145,16,12,8,1745,2,1,1,1,3,208,4849570,468977,290,3,2,2,0,3,1,0,70,1,5,1,99,0
201600001146,16,12,11,1830,3,1,1,2,3,178,4852125,467782,290,3,2,2,0,1,1,0,63,2,0,1,99,1
201600001147,16,1,4,100,3,1,1,6,6,240,4829231,418487,290,3,2,2,0,1,3,0,75,2,0,1,0,0
201600001148,16,4,13,1515,1,1,1,1,3,176,4811157,420599,290,3,2,2,0,2,1,0,0,1,0,1,0,0
201600001149,16,9,9,815,1,1,3,1,3,53,4829641,417130,290,2,0,0,0,0,0,0,0,0,3,1,99,0
201600001150,16,9,22,1615,2,1,1,1,6,176,4812764,421329,290,3,2,2,0,2,1,0,0,1,0,1,0,0
201600001151,16,10,20,1100,1,2,1,1,7,302,4824820,408408,290,6,0,0,0,0,0,0,0,1,0,1,0,0
201600001152,16,12,11,1715,5,2,1,1,6,26,4819567,409936,290,4,2,0,0,2,1,0,0,2,0,3,0,0
201600001153,16,1,8,1445,1,2,6,1,1,24,4827776,355274,290,3,1,0,0,1,2,0,60,1,0,1,99,0
201600001154,16,2,11,1,3,1,1,1,6,250,4821950,358596,290,3,3,4,0,1,1,0,0,1,0,1,0,0
201600001155,16,4,17,1900,1,1,1,1,6,227,4834448,366370,290,3,2,2,0,2,1,0,0,1,0,1,99,0
201600001156,16,10,24,300,3,1,1,5,6,89,4826829,361674,290,3,2,2,0,2,1,57,92,2,5,3,99,0
201600001157,16,12,8,830,1,2,1,1,6,24,4827952,358263,290,4,0,0,0,1,1,0,68,1,6,3,0,0
201600001158,16,12,12,1715,2,1,1,1,1,81,4835271,378605,290,3,2,2,0,1,1,0,64,1,0,1,99,0
201600001159,16,12,17,1200,1,1,2,1,3,275,4844202,364318,290,3,2,2,0,2,1,0,66,1,0,1,0,0
201600001160,16,12,24,2000,3,1,1,1,6,7,4839726,381823,290,3,2,0,0,4,3,0,60,1,0,3,0,0
201600001161,16,3,29,2215,3,1,1,1,6,27,4820117,385367,290,4,2,2,0,1,2,0,60,1,0,3,99,1
201600001162,16,4,15,1345,1,1,1,1,1,162,4824904,395472,290,3,2,2,0,1,1,0,70,1,0,1,0,0
201600001163,16,5,2,1930,1,1,1,1,6,20,4808430,404790,290,4,2,0,0,0,1,0,0,1,0,3,99,1
201600001164,16,5,22,430,3,1,1,2,6,48,4812322,396689,290,4,2,2,0,0,2,0,60,2,0,3,0,1
201600001165,16,7,10,1700,1,1,9,1,3,175,4828876,385503,290,3,2,2,0,0,1,45,0,0,0,1,0,0
201600001166,16,8,7,1645,1,1,1,1,1,20,4810881,395704,290,3,2,0,0,0,2,0,0,1,0,1,0,1
201600001167,16,8,20,645,2,1,1,8,6,20,4805074,405480,290,3,2,2,0,1,1,0,70,2,0,3,0,0
201600001168,16,9,17,1430,1,1,1,1,1,20,4809900,404500,290,3,2,0,0,1,1,0,70,1,0,1,0,0
201600001169,16,9,27,1130,1,1,1,2,7,102,4823480,374300,290,4,2,2,0,2,2,0,64,2,0,1,99,0
201600001170,16,9,29,845,1,1,1,8,1,20,4805150,403592,290,3,2,2,0,2,2,0,83,1,0,1,99,0
201600001171,16,10,5,800,2,1,1,1,1,20,4805600,404500,290,3,2,2,0,1,3,0,60,2,0,1,99,0
201600001172,16,11,3,730,2,1,2,7,3,48,4810583,390537,290,4,0,0,0,0,3,0,70,1,0,1,0,0
201600001173,16,1,29,1830,4,2,1,1,6,42,4824618,448736,290,3,2,2,0,0,1,0,80,1,0,1,0,0
201600001174,16,4,5,1030,1,1,1,1,5,42,4787899,390393,290,3,2,2,0,0,1,0,71,1,0,0,0,0
201600001175,16,8,9,1830,1,1,1,1,3,42,4823895,451854,290,3,2,0,0,0,1,0,0,1,0,1,0,0