Num_Acc,an,mois,jour,hrmn,lum,agg,int,atm,col,com,lat,long,dep,catr,circ,nbv,vosp,prof,plan,lartpc,larrout,surf,infra,situ,env1,killed
201600001176,16,8,15,1845,1,1,1,1,1,42,4824600,442052,290,4,2,2,0,2,1,0,0,1,0,1,99,0
201600001177,16,9,14,1145,1,1,1,1,6,120,4828148,447768,290,3,2,0,0,1,1,0,0,1,0,1,99,0
201600001178,16,10,27,1245,1,1,1,5,6,256,4820359,425336,290,3,2,2,0,1,2,0,59,1,0,3,99,0
201600001179,16,12,7,530,5,2,6,8,6,22,4827238,459561,290,3,2,2,0,2,2,0,70,2,5,1,0,0
201600001180,16,12,23,800,1,1,1,1,1,280,4826101,434877,290,3,2,2,0,1,1,0,63,1,0,1,0,0
201600001181,16,2,5,1730,1,1,1,1,6,191,4854291,374575,290,3,2,2,0,1,2,65,0,1,5,3,99,1
201600001182,16,6,18,1830,1,1,1,1,1,199,4857861,379565,290,3,2,0,0,1,1,0,72,1,0,1,99,0
201600001183,16,7,1,500,3,1,1,1,7,182,4862756,369489,290,3,0,0,0,0,1,0,70,1,0,1,0,0
201600001184,16,7,15,1900,1,1,1,1,3,182,4863955,367616,290,3,2,0,0,1,4,0,70,1,0,1,99,0
201600001185,16,2,11,815,1,1,1,4,3,204,4855543,422098,290,3,2,0,0,3,1,0,0,5,0,1,0,1
201600001186,16,3,2,730,2,1,1,2,6,97,4849511,407460,290,3,2,2,0,2,1,0,100,2,0,1,0,1
201600001187,16,4,8,1030,1,1,1,1,3,127,4846917,396959,290,3,2,0,0,1,2,0,70,2,0,1,99,1
201600001188,16,6,6,1915,1,1,1,1,3,262,4845991,398979,290,3,2,0,0,2,1,0,0,1,0,1,99,0
201600001189,16,7,8,645,2,1,1,1,7,265,4855279,388798,290,4,2,2,0,2,2,0,53,1,0,3,99,1
201600001190,16,8,6,1930,1,1,1,1,2,38,4840972,398337,290,3,2,2,0,1,2,0,70,1,0,1,0,1
201600001191,16,8,25,715,2,1,1,5,3,204,4855982,423492,290,3,2,2,0,0,2,0,70,1,0,1,0,0
201600001192,16,12,6,1800,3,1,1,1,1,202,4847782,387463,290,3,2,0,0,1,1,0,75,1,0,1,0,0
201600001193,16,2,27,1630,1,1,1,1,5,285,4862402,412278,290,3,2,2,0,4,1,0,60,1,0,1,0,1
201600001194,16,4,18,745,1,1,2,1,3,271,4856763,415628,290,3,2,2,0,1,1,0,60,1,0,1,0,0
201600001195,16,5,2,1700,1,1,1,1,6,271,4861336,414846,290,3,2,2,0,0,2,0,0,1,0,0,0,0
201600001196,16,5,23,1930,1,1,1,1,1,276,4866010,406366,290,4,2,2,0,1,1,0,0,1,0,1,0,0
201600001197,16,6,1,1500,1,1,1,1,6,276,4866634,406653,290,3,2,2,0,2,1,0,65,0,0,1,0,0
201600001198,16,6,8,815,1,1,1,1,3,259,4867450,400845,290,3,2,0,0,0,1,75,0,1,0,1,99,1
201600001199,16,6,20,1500,1,1,1,2,1,30,4863392,411838,290,3,2,0,0,0,2,75,0,2,0,1,99,0
201600001200,16,8,13,1615,1,1,1,1,4,23,4863918,387996,290,3,2,2,0,1,1,0,0,1,0,1,99,0
201600001201,16,9,15,745,2,1,1,3,1,271,4859451,416896,290,3,2,2,0,0,2,0,0,2,0,1,0,0
201600001202,16,10,22,545,5,2,1,1,6,213,4860051,411107,290,3,2,0,0,2,1,0,55,1,0,4,0,1
201600001203,16,11,23,1815,3,1,1,3,6,259,4866888,400555,290,3,2,2,0,1,1,0,0,2,0,1,0,0
201600001208,16,1,28,715,4,2,1,1,6,206,4769397,274727,560,4,2,2,0,1,1,0,0,1,0,4,0,0
201600001211,16,6,3,1845,1,1,1,1,1,157,4777661,267443,560,3,2,0,0,1,1,0,48,1,0,1,0,0
201600001212,16,6,5,715,1,2,1,1,6,164,4766276,280357,560,9,2,2,0,1,2,0,68,1,0,4,99,0
201600001215,16,7,31,700,1,1,1,1,6,157,4778600,272300,560,3,2,2,0,1,2,0,63,1,0,1,99,0
201600001218,16,9,15,1330,1,2,7,1,1,206,4768792,274271,560,4,2,0,0,1,1,0,98,1,0,1,99,0
201600001221,16,10,27,915,1,1,1,1,1,164,4767320,287208,560,3,2,2,0,1,1,0,70,2,0,1,0,0
201600001222,16,12,18,1115,1,2,6,1,1,206,4769016,272813,560,3,1,0,0,1,0,0,0,1,0,1,99,0
201600001225,16,4,25,2215,3,1,1,1,6,61,4776373,214097,560,3,2,2,0,1,1,0,6,1,0,1,0,0
201600001226,16,5,1,230,3,2,1,1,6,194,4759843,210340,560,4,2,0,0,1,1,0,0,1,0,1,0,0
201600001227,16,5,7,2245,3,1,1,2,6,221,4767989,216037,560,3,2,2,0,1,2,0,0,1,0,3,0,0
201600001228,16,7,25,115,3,2,1,1,6,194,4759856,210363,560,3,2,0,0,0,2,0,0,1,0,1,0,0
201600001229,16,8,4,930,1,1,1,7,1,61,4775716,215806,560,3,2,2,0,1,1,0,6,1,0,1,0,0
201600001230,16,8,14,1400,1,1,1,1,6,1,4766676,214690,560,4,2,2,0,1,1,0,45,1,0,3,0,0
201600001232,16,8,18,1600,1,1,1,1,3,216,4763421,223695,560,3,2,2,0,1,2,0,6,1,0,1,0,0
201600001233,16,8,29,700,2,1,1,1,6,1,4764882,216868,560,3,2,2,0,1,1,0,6,1,0,3,0,1
201600001234,16,11,22,1700,1,1,1,7,1,171,4769374,239289,560,3,2,2,0,1,1,0,560,1,0,1,0,1
201600001235,16,12,19,1330,1,1,9,1,6,239,4768594,213886,560,3,2,2,0,1,1,0,0,1,0,3,0,1
201600001236,16,6,8,1915,1,1,1,1,1,149,4760673,249378,560,4,2,2,0,2,1,0,35,1,0,1,0,0
201600001237,16,7,22,1945,2,1,1,9,3,52,4750860,261360,560,3,2,0,1,1,0,0,62,1,0,1,0,0
201600001238,16,8,1,1745,1,1,2,1,5,126,4757271,240481,560,3,2,2,0,1,1,0,350,1,5,1,0,0
201600001239,16,9,7,1115,1,1,1,7,3,4,4753894,239819,560,3,0,0,0,0,0,0,0,1,0,1,99,0
201600001240,16,9,12,2315,3,1,1,1,6,2,4755463,253489,560,3,2,2,0,1,1,0,50,1,0,3,0,1
201600001242,16,11,8,2015,3,1,2,2,3,30,4747978,240958,560,3,2,2,0,0,1,0,80,2,0,1,0,0
201600001243,16,1,11,845,3,2,1,3,6,53,4773261,259015,560,3,2,0,0,1,0,0,64,2,0,1,99,1
201600001244,16,5,8,1,3,1,1,2,1,53,4775731,258440,560,3,2,0,0,2,2,0,0,2,0,1,0,0
201600001248,16,8,12,130,3,1,1,1,7,184,4763808,242364,560,3,2,2,0,1,3,0,0,0,0,3,99,1
201600001249,16,8,27,1745,1,1,1,1,3,28,4766180,232347,560,4,2,1,0,1,3,0,0,1,0,1,99,0
201600001250,16,8,31,1815,1,2,1,1,1,218,4772544,228041,560,4,2,2,0,1,4,0,50,1,0,1,99,0
201600001254,16,1,12,1830,1,2,1,8,6,7,4767101,299270,560,3,2,2,0,1,1,0,60,1,0,1,99,0
201600001255,16,2,3,1715,1,2,1,1,6,7,4766584,298821,560,9,2,1,0,0,1,0,0,1,0,1,0,0
201600001256,16,2,29,1615,1,2,1,1,2,46,4763841,298876,560,3,2,2,0,1,1,0,40,1,0,1,99,0
201600001258,16,3,18,1745,1,2,1,1,6,262,4763930,294775,560,9,2,0,0,4,1,0,60,1,0,4,99,0
201600001259,16,5,15,1930,1,1,1,1,3,167,4764572,292324,560,4,2,0,0,4,4,0,28,1,0,1,99,0
201600001260,16,5,28,1930,1,1,1,1,1,23,4767969,303239,560,4,0,0,0,0,3,0,0,1,0,0,0,0
201600001261,16,5,26,1745,1,1,1,1,2,23,4769199,303016,560,3,2,2,0,1,1,0,0,1,0,1,99,0
201600001262,16,6,7,2000,1,1,6,1,7,23,4768318,301803,560,3,2,2,0,1,2,0,60,9,5,1,0,0
201600001263,16,8,21,1600,1,2,1,1,5,7,4766828,298203,560,4,2,1,0,2,1,0,0,1,0,0,0,0
201600001264,16,10,4,1700,1,2,1,1,1,176,4767593,295818,560,4,2,2,0,1,1,0,0,1,0,1,3,0
201600001265,16,10,14,745,2,2,6,1,2,7,4767074,298134,560,3,4,1,0,1,0,0,0,1,0,1,99,0
201600001266,16,12,2,800,2,1,1,9,7,263,4770985,297155,560,3,2,0,0,0,2,0,60,7,0,1,0,0
201600001267,16,12,10,1430,1,1,1,8,1,176,4768274,293612,560,4,0,0,0,1,3,0,0,2,0,1,0,0
201600001268,16,1,23,915,1,1,1,8,1,241,4736301,322768,560,3,2,0,0,1,1,0,0,2,0,1,0,0
201600001269,16,5,29,730,2,1,1,1,6,241,4735561,322614,560,3,2,0,0,0,1,0,70,1,0,3,99,0
201600001270,16,7,5,1830,1,2,1,1,6,152,4734746,315718,560,9,1,1,0,1,1,0,0,1,0,1,0,0
201600001271,16,7,29,1815,1,2,1,1,3,152,4734538,316472,560,4,2,2,0,2,1,0,0,1,0,1,0,0
201600001272,16,9,6,2045,2,1,1,1,6,152,4733176,318716,560,4,2,0,0,1,1,0,55,1,0,3,0,0
201600001273,16,4,1,1600,1,1,2,1,2,69,4763561,346911,560,4,2,2,0,0,1,0,53,1,0,1,0,0
201600001274,16,10,17,1615,1,1,1,8,7,69,4762622,344641,560,4,2,0,0,1,1,0,0,2,0,1,0,0
201600001275,16,3,20,1830,1,1,1,1,1,67,4774365,287420,560,3,2,0,0,2,1,0,61,1,0,1,0,1
201600001280,16,8,15,1100,1,1,1,7,6,54,4763070,311672,560,4,2,0,0,1,2,0,48,1,0,3,0,0
201600001281,16,11,26,1815,5,1,1,1,3,193,4771750,329101,560,3,2,0,0,1,1,0,0,1,0,1,0,0
201600001283,16,1,22,1615,1,2,1,1,6,165,4792677,240035,560,4,2,2,0,1,1,0,60,2,0,1,3,0
201600001284,16,2,8,1745,1,2,1,8,7,165,4793450,240722,560,6,0,0,0,0,1,0,0,2,0,1,0,0
201600001285,16,2,19,1945,3,1,1,1,1,127,4811827,228990,560,3,2,2,0,1,1,0,60,2,5,1,99,0
201600001288,16,6,30,930,1,1,9,1,6,165,4791960,236289,560,2,0,0,0,0,3,0,0,1,0,1,0,1
201600001289,16,7,13,1930,1,1,1,1,6,249,4793560,242222,560,3,2,2,0,1,2,0,0,1,0,1,99,0
201600001290,16,7,29,1100,1,2,9,1,6,165,4793004,239865,560,4,0,1,0,0,0,0,46,1,0,1,0,0
201600001292,16,9,20,1530,1,1,1,1,1,80,4804794,239490,560,3,2,1,0,1,1,0,70,1,0,1,0,0
201600001294,16,10,22,1130,1,1,1,1,6,249,4793765,245366,560,2,0,4,0,1,1,20,80,1,0,3,0,0
201600001295,16,11,26,130,3,1,1,1,6,249,4796494,245909,560,4,2,2,0,1,2,0,43,1,2,1,99,0
201600001298,16,1,26,615,3,1,1,2,6,136,4787055,221456,560,4,2,0,0,1,0,0,40,2,0,3,99,0
201600001300,16,6,2,1645,1,1,1,1,3,20,4777987,246044,560,3,2,2,0,0,1,0,66,1,0,1,99,0
201600001303,16,9,18,1045,1,1,1,1,6,191,4785455,224501,560,3,2,2,0,1,3,0,63,1,0,3,0,0
201600001304,16,10,13,1330,1,2,3,1,3,75,4790426,211839,560,9,2,2,0,1,1,0,64,1,0,1,0,0
201600001305,16,11,17,830,3,1,2,1,3,12,4796931,218146,560,3,2,0,0,0,1,0,0,1,0,1,0,0
201600001306,16,11,19,1415,1,1,1,1,6,20,4778457,245628,560,2,3,2,0,0,1,0,0,1,3,2,99,0
201600001307,16,12,16,1100,1,1,3,7,3,44,4774204,211575,560,3,2,0,0,0,1,0,56,1,0,1,0,0
201600001308,16,5,4,1700,1,1,6,1,1,222,4784682,272203,560,4,2,2,0,1,1,0,58,1,0,1,99,0
201600001309,16,5,15,1100,1,2,1,1,6,222,4784414,272453,560,4,2,2,0,2,1,0,52,1,0,1,0,0
201600001311,16,6,25,1115,1,1,1,1,1,236,4789470,250441,560,4,0,0,0,3,1,34,34,1,0,1,0,0
201600001314,16,7,24,1,3,1,1,1,2,102,4798802,259013,560,4,2,2,0,2,1,0,60,1,0,1,99,0
201600001315,16,8,7,1630,1,2,1,1,6,91,4795270,255335,560,4,2,2,0,1,1,0,65,1,0,1,0,0
201600001316,16,9,4,1445,2,1,1,1,6,172,4781541,265180,560,3,2,2,0,0,2,0,57,1,0,3,99,1
201600001317,16,11,6,1530,1,1,1,3,7,59,4803855,264536,560,3,2,0,0,1,2,0,90,2,0,3,0,0
201600001318,16,11,4,1945,3,1,1,2,7,82,4797530,246405,560,3,2,2,0,1,1,0,65,2,0,3,99,0
201600001320,16,4,9,1030,1,1,2,1,3,237,4802303,293189,560,3,2,2,0,1,1,0,49,1,5,1,0,0
201600001321,16,6,19,1545,1,1,1,1,6,163,4807660,333164,560,3,2,2,0,0,1,0,60,1,0,0,0,1
201600001322,16,6,29,15,4,1,1,1,6,237,4802701,292027,560,4,2,1,0,1,4,0,56,1,0,0,99,1
201600001326,16,11,5,1745,1,2,1,1,3,41,4812236,306614,560,3,2,0,0,0,1,0,60,1,0,1,99,0
201600001327,16,11,22,1815,3,1,1,1,6,125,4807241,302350,560,4,2,0,0,1,1,0,58,1,0,1,99,1
201600001328,16,11,24,2200,3,1,1,2,6,264,4800831,331769,560,3,2,0,0,1,1,0,60,2,0,3,99,0
201600001330,16,3,19,1700,1,1,1,1,6,144,4800079,286740,560,3,2,2,0,2,3,0,50,1,0,3,0,0
201600001334,16,8,21,45,3,1,1,1,6,192,4793726,288755,560,4,2,2,0,1,1,0,0,1,0,3,0,1
201600001335,16,10,4,1045,1,1,1,1,1,10,4787745,303041,560,3,2,1,0,2,1,0,60,1,0,1,99,0
201600001336,16,10,20,2145,3,1,1,1,6,10,4806373,294302,560,3,2,2,0,1,1,0,45,1,0,3,99,0
201600001337,16,11,8,1015,1,1,1,1,3,142,4789616,289701,560,3,2,2,0,1,1,0,0,0,0,1,0,0
201600001338,16,12,5,815,2,1,1,1,3,141,4786490,285135,560,3,2,2,0,0,1,0,61,1,0,1,99,0
201600001339,16,12,9,1900,3,1,1,5,7,140,4795737,278025,560,4,2,2,0,4,2,50,50,2,0,3,0,1
201600001341,16,5,14,2015,1,2,1,1,5,201,4809034,356177,560,4,2,2,0,2,0,0,53,1,0,1,3,0
201600001342,16,9,26,1530,1,2,1,1,1,66,4813317,359533,560,4,2,2,0,0,0,0,0,1,0,1,99,0
201600001343,16,1,5,800,3,1,1,1,2,76,4922570,29993,140,3,3,4,0,1,1,10,105,1,0,1,0,0
201600001346,16,11,18,1400,1,1,1,4,5,145,4904710,28248,140,2,3,4,0,1,1,11,70,2,0,1,99,0
201600001348,16,3,12,1215,1,1,1,1,6,76,4923220,29104,140,3,3,2,0,0,1,11,105,1,0,2,99,0
201600001349,16,1,8,2130,4,2,1,3,3,365,4931320,34028,140,3,2,2,0,1,1,0,56,2,0,1,0,0
201600001350,16,1,13,1200,1,2,1,1,6,384,4930760,35902,140,3,2,2,0,1,1,0,0,1,0,4,0,0
201600001351,16,1,17,400,3,2,1,1,6,66,4933170,43106,140,3,2,2,0,1,2,0,71,1,0,3,0,0
201600001352,16,7,28,1735,1,2,3,1,1,384,4930970,35658,140,3,2,2,0,1,2,9,70,1,5,1,99,0
201600001353,16,9,13,530,3,1,6,1,7,228,4928000,37800,140,3,3,2,0,1,1,0,0,1,3,1,99,0
201600001354,16,10,2,950,1,2,2,1,3,66,4933190,40584,140,3,2,2,0,1,1,0,74,1,5,1,99,0
201600001355,16,11,5,1100,1,2,6,1,6,562,4932780,39646,140,3,2,2,0,1,1,0,74,1,5,1,99,0
201600001357,16,11,22,730,3,1,1,1,7,170,4925870,40686,140,3,2,2,0,2,3,0,60,1,0,3,99,0
201600001358,16,1,4,1930,3,1,1,1,1,254,4914150,41933,140,3,2,2,0,1,3,0,73,1,0,1,0,0
201600001359,16,1,10,700,2,1,1,1,6,42,4911830,47744,140,3,2,2,0,1,2,0,71,2,0,3,99,0
201600001360,16,2,5,2330,3,2,1,1,6,543,4919710,47244,140,4,2,2,0,1,4,0,0,1,0,3,0,0
201600001361,16,4,27,945,1,2,6,7,6,738,4915230,46241,140,3,2,2,2,1,1,21,93,2,5,1,0,0
201600001362,16,8,11,1345,1,2,1,1,3,738,4915640,44770,140,3,2,2,0,1,1,0,0,1,0,1,0,0
201600001365,16,3,31,1930,2,1,1,1,7,268,4905010,17040,140,3,2,2,0,1,1,0,0,1,0,1,99,0
201600001366,16,4,8,1415,1,1,1,1,2,546,4900590,18144,140,3,2,2,0,1,1,0,55,1,0,1,99,0
201600001367,16,4,29,845,1,2,1,3,6,20,4912410,16792,140,4,2,2,0,1,1,0,55,2,0,1,99,0
201600001368,16,5,10,1745,1,2,3,1,3,92,4911680,27210,140,3,2,2,0,2,1,0,0,1,0,1,99,0
201600001369,16,6,9,1230,1,1,4,1,1,603,4902860,36749,140,3,2,2,0,1,3,0,67,1,0,1,0,0
201600001370,16,6,24,2145,1,2,1,1,1,149,4908840,11782,140,3,2,2,0,1,1,0,58,1,0,1,0,0
201600001371,16,8,4,1945,1,1,3,1,2,456,4910290,16355,140,3,2,2,0,1,3,0,100,1,5,1,99,0
201600001374,16,10,30,1530,1,2,1,1,7,456,4911860,18776,140,4,2,2,0,1,1,0,60,1,0,1,99,0
201600001375,16,11,6,200,4,2,1,1,6,97,4902330,26140,140,3,2,2,0,1,1,0,0,2,0,1,99,0
201600001376,16,12,10,1200,1,1,1,1,7,74,4909600,21200,140,3,2,2,0,1,3,0,60,9,0,3,99,0
201600001377,16,4,6,1245,1,1,2,2,3,68,4924600,35419,140,3,2,2,0,2,1,0,58,2,0,1,0,0
201600001378,16,4,16,530,5,1,1,1,2,76,4922870,29429,140,3,3,4,0,1,1,11,101,1,3,1,0,0
201600001379,16,6,22,1045,1,2,1,1,6,166,4929080,28139,140,3,2,2,0,1,1,0,100,1,0,1,99,0
201600001380,16,8,19,1400,1,2,3,1,3,325,4928430,31449,140,4,2,0,0,1,1,0,0,1,0,1,0,0
201600001382,16,11,15,1715,2,2,1,2,3,68,4923510,32845,140,3,2,2,0,1,1,0,60,1,0,1,99,0
201600001383,16,2,6,1830,3,1,1,6,6,353,4908370,55066,140,3,2,2,0,2,1,0,60,1,0,3,99,0
201600001384,16,4,30,1045,1,2,3,1,3,143,4908910,81716,140,3,2,2,0,1,1,0,35,1,0,1,0,0
201600001385,16,6,5,1545,1,1,1,1,1,734,4915020,61996,140,3,2,2,0,1,1,0,58,1,0,1,99,1
201600001387,16,7,5,800,1,1,1,2,1,353,4907680,55732,140,3,2,2,0,2,3,0,68,2,0,1,99,0
201600001388,16,7,19,1630,1,1,1,1,1,373,4909780,56786,140,3,2,2,0,2,2,0,40,1,0,1,99,0
201600001389,16,8,23,1545,1,2,1,1,1,232,4922370,61361,140,3,2,2,0,1,3,0,53,1,0,1,99,0
201600001390,16,8,28,2030,1,2,1,1,6,336,4915220,65173,140,3,2,2,0,1,1,70,0,1,0,4,99,1
201600001391,16,9,8,1730,1,1,1,1,3,702,4911200,59300,140,3,2,2,0,1,1,0,0,1,0,1,0,0
201600001392,16,10,8,1645,1,1,1,1,7,120,4907750,78694,140,3,2,0,0,2,3,0,60,1,0,3,99,0
201600001393,16,1,1,920,1,1,1,1,6,712,4919040,19650,140,3,2,2,0,1,2,0,0,1,0,3,0,0
201600001394,16,1,5,1945,3,1,1,1,6,9,4925580,24039,140,3,2,2,0,1,1,0,0,1,0,3,0,0
201600001395,16,2,6,2130,3,1,1,2,1,712,4918870,17832,140,3,2,2,0,2,1,0,53,2,0,1,0,0
201600001396,16,5,25,2200,3,2,1,1,7,530,4923590,25677,140,4,2,2,0,1,1,0,50,1,0,1,99,0
201600001397,16,7,16,1815,1,1,2,1,3,530,4923620,23810,140,3,2,2,0,2,4,0,60,1,0,1,99,0
201600001398,16,10,20,1942,3,2,1,1,7,666,4918290,22347,140,3,2,2,0,1,2,0,47,1,0,1,99,0
201600001399,16,10,29,1045,1,1,1,1,3,9,4924750,24799,140,3,2,2,0,1,1,0,60,1,0,1,99,0
201600001401,16,1,7,1030,1,1,1,6,1,732,4930890,70075,140,3,2,2,0,1,2,0,50,2,0,1,99,0
201600001403,16,4,28,2140,5,2,6,1,2,47,4927300,68924,140,3,2,2,0,1,1,0,0,0,5,1,0,0
201600001404,16,6,9,2015,1,1,1,1,1,346,4919110,68942,140,3,2,2,0,1,1,0,46,1,0,1,99,0
201600001406,16,7,4,1830,1,1,1,1,6,728,4928420,72724,140,3,2,2,0,1,1,0,73,1,0,3,99,0
201600001407,16,9,4,1545,1,1,1,1,2,529,4926900,75800,140,3,2,2,0,2,1,0,60,1,0,1,99,0
201600001408,16,12,31,645,3,1,1,9,7,480,4933600,107200,140,3,2,2,0,1,2,0,70,7,0,1,99,0
201600001409,16,1,10,1,3,1,1,2,6,614,4923060,96996,140,3,2,2,0,1,1,0,0,2,0,3,99,0
201600001410,16,1,21,800,2,1,2,1,3,700,4930210,80051,140,3,2,2,0,1,1,0,0,7,0,1,0,0
201600001411,16,1,13,1400,1,2,1,1,6,370,4924290,87187,140,3,2,2,0,1,1,0,70,1,0,1,0,0
201600001412,16,3,18,1845,2,2,9,1,7,370,4922680,87633,140,3,2,2,0,1,2,0,68,1,0,3,99,0
201600001413,16,4,16,1930,1,1,1,7,6,622,4923000,95793,140,3,2,2,0,2,2,0,65,1,0,3,0,0
201600001414,16,5,24,900,1,2,1,1,3,50,4916240,86814,140,3,2,2,0,1,1,0,0,1,0,1,99,0
201600001415,16,5,24,2145,1,1,2,1,3,272,4926910,96981,140,3,2,2,0,1,4,0,0,1,0,1,99,0
201600001418,16,8,12,1630,1,2,2,1,6,312,4938640,104801,140,3,2,2,0,2,1,0,60,1,0,1,0,0
201600001420,16,9,1,945,1,1,2,1,3,714,4923000,81600,140,3,2,2,0,1,1,0,60,1,0,1,0,0
201600001421,16,10,1,2045,3,1,1,2,5,643,4921720,75832,140,3,2,2,0,2,1,0,46,2,0,1,99,1
201600001422,16,10,19,1630,1,2,1,1,6,342,4931540,110107,140,3,2,2,0,1,1,0,60,1,0,4,99,0
201600001423,16,11,4,730,5,2,1,1,6,370,4924260,87309,140,3,2,2,0,1,1,0,60,1,0,1,99,0
201600001424,16,12,6,1700,1,1,1,1,1,716,4919400,72100,140,3,2,2,0,2,1,0,56,1,0,1,99,0
201600001427,16,12,11,1745,3,1,1,5,7,370,4926500,91500,140,4,2,2,0,1,1,0,0,6,0,1,99,0
201600001428,16,2,3,1415,1,1,1,1,7,720,4895190,27046,140,3,2,1,0,1,1,0,0,2,0,1,99,0
201600001432,16,11,9,1815,5,2,1,2,6,258,4888990,19079,140,4,2,2,0,1,1,0,80,2,0,1,99,0
201600001433,16,11,14,2130,5,2,6,2,7,258,4890680,20616,140,3,1,1,0,1,2,0,0,2,0,1,99,0
201600001434,16,11,17,800,1,1,1,1,3,244,4890160,17307,140,3,2,2,0,1,2,0,0,2,0,1,99,0
201600001437,16,8,30,1415,1,1,1,1,6,251,4896710,43446,140,3,2,2,0,4,3,0,60,1,0,3,0,0
201600001438,16,1,13,1145,1,1,1,8,7,713,4905580,48870,140,4,2,1,0,2,1,0,30,1,0,1,0,1
201600001439,16,1,30,1730,2,2,1,2,1,656,4893980,50399,140,3,2,2,0,1,1,0,70,2,0,1,3,0
201600001440,16,2,6,200,5,2,1,1,6,764,4887190,41355,140,3,2,2,0,2,1,0,65,1,0,3,0,1
201600001442,16,11,7,815,1,1,1,8,6,531,4885810,35905,140,3,2,2,0,2,1,0,60,2,0,3,99,0
201600001443,16,11,11,845,1,2,1,1,1,207,4901370,44509,140,3,2,2,0,1,2,0,0,1,0,1,99,0
201600001447,16,6,10,1700,1,1,1,1,7,531,4885820,35900,140,3,2,2,0,2,1,0,70,1,0,3,99,0
201600001449,16,2,22,1315,1,2,1,1,6,654,4901680,3475,140,3,2,2,0,1,1,0,60,1,0,1,99,0
201600001450,16,2,24,1930,3,1,1,1,6,648,4913590,16164,140,3,0,3,0,1,1,0,0,1,0,1,99,1
201600001451,16,3,13,1045,1,1,2,1,1,425,4908460,10847,140,3,2,2,0,3,1,0,66,1,0,1,99,0
201600001452,16,3,12,1700,1,1,1,1,7,337,4912870,10662,140,3,2,3,0,2,3,0,190,1,0,3,99,0
201600001453,16,4,13,1830,1,1,4,7,1,749,4905640,13339,140,4,2,2,0,1,4,0,57,1,0,1,99,0
201600001454,16,4,19,1645,1,1,1,1,7,648,4913100,14816,140,3,2,2,0,1,1,0,0,1,0,1,99,0
201600001455,16,6,26,1900,1,1,3,1,3,331,4902670,2923,140,3,2,2,0,1,1,0,0,1,5,1,99,0
201600001456,16,7,22,1645,1,1,1,1,1,749,4907250,13336,140,3,2,2,0,1,1,0,60,1,0,1,99,0
201600001457,16,8,2,1815,1,1,2,1,3,362,4907970,15479,140,3,2,2,0,1,1,0,54,2,0,1,99,1
201600001458,16,8,22,1700,1,2,2,1,3,431,4907460,7262,140,4,2,2,0,1,1,0,60,1,0,1,3,0
201600001461,16,10,21,1830,2,1,1,2,6,331,4901930,485,140,3,2,2,0,1,1,0,64,2,0,3,99,0
201600001462,16,11,15,1815,5,2,1,2,7,431,4907430,6843,140,3,2,2,0,1,1,0,64,2,0,1,99,0
201600001464,16,12,4,1700,3,1,1,1,6,425,4909900,12100,140,3,2,2,0,2,1,0,61,1,0,3,99,0
201600001465,16,1,31,10,5,2,1,2,6,371,4900490,14723,140,3,2,2,0,1,1,0,65,2,0,4,0,0
201600001466,16,2,9,945,1,1,1,3,6,326,4917790,29736,140,3,2,2,0,2,2,0,65,3,0,3,99,0
201600001467,16,5,29,2015,1,1,1,1,6,460,4920140,31987,140,3,2,2,0,1,1,0,62,1,0,3,99,0
201600001468,16,6,2,1000,1,1,1,8,1,429,4899180,31778,140,3,2,2,0,2,4,0,60,2,0,1,0,0
201600001469,16,6,30,1230,1,1,2,8,3,504,4920780,33928,140,3,2,0,0,1,1,0,61,1,5,1,0,0
201600001470,16,8,28,400,3,1,1,1,6,193,4912060,33525,140,4,2,2,0,2,2,0,0,1,0,3,99,0
201600001471,16,9,4,530,3,1,1,9,7,270,4914900,30400,140,3,2,3,0,1,1,0,103,1,0,1,0,0
201600001472,16,9,10,1700,1,1,1,1,3,460,4919000,30100,140,3,2,0,0,1,1,64,0,1,0,1,99,1
201600001473,16,10,26,1330,1,1,1,1,2,582,4906720,18595,140,3,2,0,0,1,1,0,91,1,0,3,99,1
201600001474,16,12,22,1830,3,1,1,1,2,504,4921000,33300,140,3,2,2,0,1,3,0,66,1,0,1,99,1
201600001475,16,11,9,1300,1,1,2,8,3,431,4907970,15479,140,3,2,2,0,1,1,0,60,2,0,1,99,0
201600001476,16,1,13,345,3,1,1,6,6,86,4932420,12467,140,3,2,2,0,1,1,20,94,2,0,1,0,1
201600001477,16,4,13,1000,1,1,1,1,1,269,4924800,23500,140,3,2,2,0,1,2,0,56,1,0,1,0,1
201600001478,16,6,25,15,3,1,1,1,6,593,4923750,15879,140,3,2,1,0,1,3,0,42,1,2,3,0,0
201600001479,16,7,17,130,5,2,2,1,3,514,4928320,18049,140,3,2,0,0,1,1,0,0,1,5,1,0,0
201600001482,16,11,14,715,3,1,1,1,7,185,4930540,18454,140,3,2,2,0,1,1,0,70,1,0,3,99,0
201600001483,16,11,15,1815,3,1,1,2,3,578,4934330,20212,140,3,2,2,0,1,1,0,70,2,0,1,99,0
201600001484,16,4,15,1130,1,1,2,1,3,723,4923510,9681,140,3,2,2,0,1,1,0,120,1,5,1,99,0
201600001485,16,5,16,900,1,1,1,1,5,227,4927420,1896,140,3,2,2,0,1,1,0,70,1,0,1,99,0
201600001486,16,6,3,1515,1,1,3,1,1,541,4917090,7810,140,3,2,2,0,3,3,0,0,1,0,1,99,1
201600001487,16,8,16,830,1,1,3,7,1,203,4923080,8695,140,3,2,2,0,1,1,0,126,1,5,1,0,0