Num_Acc,an,mois,jour,hrmn,lum,agg,int,atm,col,com,lat,long,dep,catr,circ,nbv,vosp,prof,plan,lartpc,larrout,surf,infra,situ,env1,killed
201600001489,16,10,19,2000,3,1,1,2,6,398,4919500,18763,140,3,2,2,0,1,1,0,46,2,0,1,99,0
201600001490,16,10,29,1515,1,1,3,1,3,494,4927170,10376,140,3,1,1,0,1,1,0,56,1,5,1,99,1
201600001491,16,11,30,1450,1,1,1,7,3,524,4922490,6608,140,3,2,2,0,3,1,0,64,1,0,1,99,0
201600001492,16,1,17,1120,1,2,3,1,2,584,4880130,89298,140,3,2,2,0,2,1,0,68,1,0,1,0,0
201600001493,16,2,3,1800,2,1,1,1,6,671,4885410,103824,140,3,2,2,0,1,1,0,60,2,0,3,99,0
201600001494,16,2,14,530,3,2,1,2,6,187,4887260,91406,140,3,2,2,0,1,2,0,0,2,0,4,99,0
201600001495,16,3,22,2230,3,1,1,1,1,513,4896120,104665,140,3,2,2,0,1,2,0,0,2,0,1,0,0
201600001496,16,5,18,1400,1,2,1,3,6,762,4883730,88530,140,3,2,2,0,1,1,0,70,2,0,1,99,0
201600001502,16,11,9,1445,1,1,1,2,1,417,4885210,97192,140,3,2,2,0,1,1,0,58,2,0,1,99,0
201600001504,16,12,14,1315,1,1,3,1,3,417,4600000,1600,140,3,2,0,0,1,1,0,60,1,0,1,0,0
201600001506,16,1,11,1045,1,1,1,2,6,508,4896660,61370,140,3,2,2,0,4,2,0,68,2,0,3,99,0
201600001507,16,3,12,1445,1,1,1,1,7,443,4896810,70563,140,3,2,2,0,3,3,0,0,1,0,1,99,0
201600001508,16,5,25,1115,1,1,1,1,6,412,4905040,59458,140,3,2,2,0,2,1,0,0,1,0,1,99,0
201600001509,16,7,15,730,2,2,2,5,3,52,4891390,82480,140,3,2,2,0,1,1,0,60,1,5,1,99,1
201600001511,16,10,20,1645,1,1,1,2,7,27,4902780,63329,140,3,2,2,0,1,2,0,30,2,0,1,99,0
201600001512,16,4,11,1545,1,2,1,2,6,174,4884050,55573,140,3,2,2,0,1,1,0,60,2,0,3,0,0
201600001513,16,4,30,1430,1,2,1,1,3,174,4884820,54949,140,4,2,2,0,1,1,0,35,1,0,1,0,0
201600001514,16,5,28,1230,1,1,1,1,7,572,4887300,48761,140,3,2,2,0,2,2,0,55,6,0,3,99,0
201600001518,16,11,11,2045,5,2,1,1,3,253,4889880,73772,140,3,2,2,0,1,1,0,0,1,0,1,99,0
201600001520,16,11,23,1215,1,2,3,1,5,174,4885330,54572,140,3,2,3,0,2,1,75,0,1,0,1,99,0
201600001521,16,6,1,1845,1,1,1,2,5,538,4912290,102077,500,3,2,2,0,1,1,0,720,2,0,1,0,1
201600001522,16,1,7,1600,1,2,1,1,7,485,4930380,124903,500,3,2,2,0,1,1,0,76,1,0,1,99,0
201600001523,16,1,28,730,3,1,2,1,3,107,4930800,118008,500,3,2,2,0,3,1,0,0,2,0,1,0,1
201600001524,16,8,18,1745,1,1,3,7,2,564,4920990,136117,500,3,2,2,0,2,1,60,0,1,0,1,0,1
201600001525,16,12,28,1145,1,2,1,7,6,99,4930160,125727,500,4,2,2,3,2,3,0,9,1,0,1,0,0
201600001526,16,1,10,1830,5,1,2,1,3,431,4917440,125833,500,3,2,2,0,2,2,0,78,2,0,1,99,0
201600001527,16,1,13,1815,3,1,1,1,5,352,4914190,123459,500,3,2,2,0,0,3,0,35,1,0,1,99,0
201600001528,16,1,22,1530,1,1,2,2,5,106,4918400,114558,500,3,2,2,0,1,1,35,0,2,0,1,99,1
201600001529,16,4,1,745,1,2,1,1,1,409,4916570,113160,500,3,2,2,0,2,1,70,0,1,0,1,0,0
201600001530,16,4,7,830,1,1,1,4,3,46,4913750,96591,500,3,2,2,0,2,1,72,0,2,0,1,99,0
201600001531,16,7,5,1345,1,1,3,1,2,239,4910350,115233,500,3,2,2,0,1,1,0,70,1,0,1,0,0
201600001532,16,10,9,1830,1,1,1,1,1,491,4919680,100564,500,3,2,2,0,3,1,0,70,1,0,1,99,0
201600001533,16,10,19,1715,1,1,1,1,1,161,4923140,112952,500,3,2,2,0,1,1,0,35,1,0,1,0,0
201600001534,16,11,18,2155,3,1,1,4,7,239,4911940,115589,500,3,2,2,0,2,2,70,0,2,0,1,0,0
201600001535,16,12,8,2030,3,1,1,1,6,356,4918030,109976,500,3,2,2,0,2,2,0,60,1,0,3,99,0
201600001536,16,12,18,1800,3,1,3,5,3,356,4920920,103008,500,3,2,2,0,2,1,70,0,2,0,1,99,0
201600001537,16,3,13,1930,2,1,1,1,7,363,4900900,115103,500,3,2,2,0,0,1,0,56,1,0,3,99,0
201600001538,16,6,5,715,1,1,1,1,1,159,4903870,123031,500,3,2,2,0,1,4,0,588,1,0,1,0,0
201600001539,16,6,12,1145,1,1,1,8,7,393,4894850,117125,500,3,2,2,0,1,1,0,64,1,0,3,99,0
201600001540,16,9,15,945,1,1,1,2,7,214,4892710,111547,500,3,2,2,0,1,2,0,0,2,0,3,99,0
201600001541,16,10,18,1730,1,1,1,1,5,95,4908690,117944,500,3,2,2,0,2,4,0,53,2,0,1,0,0
201600001542,16,1,12,855,1,1,1,2,6,54,4872980,237109,940,4,1,1,0,2,2,0,70,2,0,1,99,0
201600001543,16,8,7,1130,1,1,1,1,6,224,4900100,90980,500,3,2,2,0,1,1,0,60,1,2,1,0,0
201600001544,16,9,9,1930,1,1,1,1,3,224,4898420,95460,500,3,2,2,0,2,1,0,60,1,0,1,0,0
201600001545,16,10,19,730,2,1,1,1,7,441,4909900,92432,500,3,2,2,0,1,3,57,0,1,0,3,99,0
201600001546,16,2,15,1230,1,1,1,1,6,54,4872950,237131,940,4,1,1,3,1,0,0,37,1,0,1,99,0
201600001547,16,3,6,1340,1,1,1,1,6,54,4872880,235951,940,4,1,1,0,1,1,0,32,1,0,1,99,0
201600001548,16,11,3,2000,3,1,1,1,7,261,4909710,92448,500,3,2,2,0,2,1,0,58,1,0,3,99,1
201600001549,16,4,13,820,1,1,1,8,3,54,4874420,236503,940,4,2,2,0,1,4,0,66,2,0,1,99,0
201600001550,16,5,8,930,1,1,2,1,3,54,4873910,236966,940,4,2,2,0,1,1,0,60,1,0,1,99,0
201600001551,16,5,24,1430,1,1,1,1,2,54,4873070,236910,940,1,3,2,0,1,1,17,74,1,0,1,99,0
201600001552,16,6,8,800,1,1,3,1,4,54,4873460,237177,940,4,2,2,0,1,1,0,0,1,0,1,99,0
201600001553,16,6,9,1415,1,1,1,1,6,54,4873910,236756,940,4,2,2,0,1,1,0,84,1,0,1,99,0
201600001554,16,6,22,445,5,1,1,1,2,54,4872910,236708,940,4,1,1,0,2,1,53,60,1,0,1,99,0
201600001555,16,6,25,900,1,1,1,1,3,54,4873510,237414,940,4,2,2,0,1,1,0,80,1,0,1,99,0
201600001556,16,8,7,800,1,1,1,1,6,54,4873230,236574,940,6,0,0,0,1,1,0,35,1,0,1,99,0
201600001557,16,7,16,2130,4,1,6,1,2,54,4873010,236315,940,4,1,1,0,1,1,0,0,1,0,1,99,0
201600001558,16,7,22,1615,1,1,1,1,4,54,4872940,236926,940,4,1,3,0,1,1,0,0,1,0,1,99,0
201600001559,16,9,5,1500,1,1,1,8,6,54,4873910,236722,940,4,2,2,0,1,1,0,72,2,0,1,99,0
201600001560,16,9,7,1120,1,1,1,1,2,54,4873000,236765,940,4,1,2,0,1,1,0,69,1,1,1,99,0
201600001561,16,9,7,1300,1,1,1,1,2,54,4874090,236289,940,1,1,2,0,1,1,0,0,1,0,1,99,0
201600001562,16,10,19,755,2,1,3,1,3,54,4873950,236051,940,4,2,2,0,1,1,0,56,1,0,1,99,0
201600001563,16,11,9,1830,5,1,1,2,5,54,4873840,236399,940,1,3,3,0,1,1,60,80,2,0,1,99,0
201600001564,16,11,22,1825,4,1,1,1,6,54,4872920,236007,940,4,1,1,0,1,1,0,0,1,0,1,99,0
201600001565,16,12,12,2000,5,1,4,2,4,54,4872910,236691,940,4,1,1,0,2,1,0,114,2,5,1,99,0
201600001566,16,12,26,1800,5,1,1,8,6,54,4873010,237096,940,4,1,1,0,3,3,0,49,1,0,1,99,0
201600001567,16,12,28,915,1,1,1,1,4,54,4873030,236808,940,5,2,1,3,1,1,0,75,1,1,1,99,0
201600001568,16,3,4,1515,1,2,1,2,6,25,4868260,135667,500,4,1,1,0,2,1,0,0,2,0,1,0,0
201600001569,16,3,12,1915,3,1,3,1,1,399,4868410,121058,500,3,0,0,0,3,1,0,0,1,0,1,0,0
201600001570,16,5,8,1615,1,1,3,1,2,616,4867450,136240,500,4,2,2,0,1,1,0,0,0,0,1,0,0
201600001571,16,6,14,1645,1,2,1,7,6,516,4867910,134360,500,3,2,2,2,1,1,37,124,1,0,1,0,0
201600001572,16,8,22,815,1,1,3,1,3,554,4867890,128445,500,3,2,2,0,1,1,0,0,1,0,1,99,0
201600001573,16,10,21,2215,3,1,3,1,6,554,4869510,132750,500,3,2,2,0,4,3,0,74,1,0,3,0,0
201600001574,16,11,23,1730,3,1,1,2,5,554,4866980,127476,500,3,2,2,0,0,1,0,64,2,0,1,0,0
201600001575,16,12,2,815,2,1,1,5,3,554,4869460,133087,500,3,2,2,0,2,1,0,0,7,0,1,99,0
201600001576,16,12,16,1845,3,1,3,1,3,516,4866280,135340,500,3,2,2,0,2,1,0,0,1,5,1,99,0
201600001577,16,12,15,1545,1,1,1,1,5,66,4877280,148506,500,3,2,2,0,1,1,0,50,1,0,1,99,0
201600001578,16,1,12,815,2,1,1,4,5,540,4878430,150169,500,3,2,3,0,2,1,0,90,7,0,1,0,0
201600001579,16,1,16,1145,1,2,1,7,2,102,4874810,155485,500,4,2,2,0,1,1,0,0,1,0,1,0,0
201600001580,16,2,4,1030,1,2,1,8,6,565,4875200,145582,500,3,2,2,0,1,1,0,63,2,0,1,0,0
201600001581,16,3,27,2345,3,1,1,6,6,493,4883700,151607,500,3,2,2,0,1,1,0,0,2,0,1,0,0
201600001582,16,5,6,2215,3,1,1,1,6,541,4883690,149940,500,3,2,2,0,1,1,20,72,1,0,1,99,1
201600001583,16,6,10,2015,1,1,1,8,1,565,4876170,146943,500,3,2,2,0,1,1,0,80,1,0,1,0,0
201600001584,16,7,6,1930,1,1,2,1,3,493,4883690,149850,500,3,2,2,0,0,1,0,68,1,5,1,99,0
201600001585,16,8,7,215,5,2,3,1,7,66,4877660,156039,500,4,2,2,0,2,1,0,0,1,0,1,0,1
201600001586,16,8,14,915,2,1,1,7,3,167,4874820,151009,500,3,2,2,0,1,1,0,65,1,0,1,0,0
201600001587,16,9,17,1500,1,1,1,1,5,541,4883700,151216,500,3,2,2,2,1,1,0,92,1,0,1,99,0
201600001588,16,9,28,1015,1,2,1,1,6,237,4879880,139852,500,3,2,2,0,1,1,0,60,1,0,1,99,1
201600001589,16,10,17,800,2,2,1,5,7,167,4874930,148681,500,3,2,2,0,1,1,0,0,2,0,1,99,0
201600001590,16,11,14,1500,1,2,1,1,6,434,4876480,143947,500,3,2,2,0,1,3,0,0,1,0,1,99,0
201600001591,16,12,29,1030,1,2,1,7,6,102,4874720,155499,500,3,2,2,0,2,1,0,50,1,0,1,0,1
201600001592,16,2,16,2000,3,1,1,1,2,410,4856950,146601,500,2,3,4,0,1,1,32,70,1,0,1,0,0
201600001593,16,2,9,1515,1,2,2,1,6,168,4861900,129462,500,3,2,2,0,1,1,0,0,1,0,1,0,0
201600001594,16,3,25,1700,1,1,1,1,5,410,4856140,150016,500,2,2,2,0,1,1,0,0,1,0,1,99,1
201600001595,16,7,23,1500,1,1,1,1,4,413,4861220,137208,500,2,3,2,0,1,1,90,150,1,0,1,0,1
201600001596,16,2,27,1900,5,2,1,1,3,639,4883920,122154,500,3,2,2,0,1,3,0,58,1,0,1,0,0
201600001597,16,3,4,2045,3,1,1,2,1,118,4883580,134471,500,3,2,2,0,1,1,0,0,2,0,1,0,0
201600001598,16,6,12,1200,1,1,2,2,1,453,4881710,119663,500,3,2,2,0,1,1,0,63,2,5,1,0,0
201600001599,16,10,8,1215,1,2,1,1,6,542,4876410,135832,500,3,2,2,0,2,2,0,70,1,0,3,0,0
201600001600,16,10,16,130,3,1,1,8,7,453,4883170,121233,500,3,3,2,0,1,2,0,65,2,0,3,0,0
201600001601,16,7,16,1015,1,1,1,1,1,623,4965910,183248,500,3,2,2,0,0,0,0,0,1,0,1,0,0
201600001602,16,7,3,2345,3,1,1,8,6,242,4966160,188145,500,3,2,2,0,2,3,0,32,1,0,1,0,0
201600001603,16,8,2,1715,1,1,1,3,1,41,4966530,181499,500,3,2,2,0,1,1,0,53,2,0,1,99,0
201600001604,16,9,18,1115,1,1,1,1,6,41,4968890,183822,500,3,2,2,0,1,1,0,51,1,0,3,99,1
201600001605,16,10,25,1200,1,1,1,1,3,187,4963340,170542,500,3,2,2,0,0,2,0,50,1,0,1,0,0
201600001606,16,10,30,1515,1,1,1,1,6,57,4960850,179130,500,3,2,2,0,0,2,0,66,1,0,3,0,0
201600001607,16,12,4,1700,1,1,1,1,1,41,4967070,182226,500,3,2,2,0,0,1,0,52,1,0,1,0,0
201600001608,16,2,4,715,3,2,1,6,6,503,4933020,171154,500,3,2,2,0,1,1,0,0,2,0,1,99,1
201600001609,16,5,6,1500,1,1,2,1,1,45,4951170,177870,500,3,2,2,0,2,1,57,0,1,0,1,0,0
201600001610,16,5,13,1215,1,1,3,1,5,594,4957410,177420,500,3,2,2,0,2,3,0,70,9,0,1,99,0
201600001611,16,5,15,1800,1,2,1,1,6,31,4937680,178695,500,3,2,2,0,1,1,86,57,1,0,1,99,0
201600001612,16,7,16,2115,2,1,2,7,2,402,4951250,184359,500,3,2,2,0,2,1,0,0,1,0,1,99,0
201600001613,16,7,23,1630,1,1,1,1,3,332,4942700,178879,500,3,2,2,0,1,1,0,68,1,0,1,0,0
201600001614,16,8,15,1445,1,1,2,1,1,299,4936380,170801,500,3,2,2,0,1,1,0,72,1,0,1,0,0
201600001615,16,8,28,1145,1,2,2,1,3,82,4947000,164118,500,3,2,2,0,2,1,0,0,0,0,0,0,0
201600001616,16,10,16,1500,1,1,1,1,2,82,4947870,162884,500,3,2,2,0,1,1,0,68,1,0,1,99,0
201600001617,16,11,5,1445,1,2,9,8,6,31,4938440,175267,500,6,0,0,0,1,0,0,0,1,0,0,0,0
201600001618,16,12,15,1330,1,1,1,1,2,580,4953170,177799,500,3,2,2,0,1,1,0,61,1,0,1,99,0
201600001619,16,12,23,1,3,1,1,5,2,82,4946510,162479,500,3,2,2,0,0,1,0,64,1,0,1,0,1
201600001620,16,12,28,915,1,1,1,1,6,425,4951580,168980,500,3,2,2,0,2,2,0,46,1,0,3,99,0
201600001621,16,5,26,1915,1,2,1,3,6,551,4938440,153331,500,3,2,2,0,1,1,0,60,2,0,1,3,0
201600001622,16,9,7,2030,1,1,1,1,6,64,4940420,144164,500,3,2,2,0,2,2,0,70,1,0,1,0,0
201600001623,16,12,12,1315,1,1,1,1,1,619,4960060,136992,500,3,2,2,0,1,1,70,0,1,0,1,0,0
201600001624,16,4,19,730,1,1,1,1,6,588,4954220,143036,500,3,2,2,0,2,1,70,0,1,0,1,0,0
201600001625,16,9,29,1630,1,1,1,1,7,498,4952080,152397,500,4,2,2,0,2,1,30,0,9,0,1,99,0
201600001626,16,9,30,1230,1,1,3,1,6,196,4967060,131715,500,3,2,2,0,3,1,0,0,1,0,1,0,0
201600001627,16,12,9,1915,3,1,1,1,5,270,4950050,149940,500,3,2,2,0,1,1,0,62,1,0,1,99,1
201600001629,16,1,4,830,2,1,1,1,5,92,4906840,138159,500,3,2,0,0,2,1,0,0,1,0,1,99,0
201600001630,16,5,8,515,3,1,1,8,6,61,4908410,154305,500,3,2,2,0,1,3,0,62,1,0,3,0,0
201600001631,16,7,9,1800,1,2,2,1,3,58,4909300,158234,500,4,2,2,0,2,1,46,0,1,0,1,0,0
201600001632,16,8,7,1300,1,2,3,1,6,3,4905100,160061,500,3,2,2,0,1,1,0,0,1,0,4,99,0
201600001633,16,11,24,1145,1,1,1,1,6,378,4901660,128223,500,3,0,2,0,2,1,0,59,1,0,1,99,0
201600001634,16,3,6,1700,1,2,1,1,1,143,4888130,153032,500,3,2,3,0,1,1,20,90,1,0,1,99,1
201600001635,16,3,12,2200,3,1,1,1,6,228,4895340,122487,500,3,2,2,0,2,1,0,78,1,0,3,0,0
201600001636,16,5,4,1545,1,1,1,1,2,266,4892240,136559,500,3,2,2,0,2,1,0,72,1,0,1,0,0
201600001637,16,5,13,1145,1,1,1,1,1,85,4892600,152256,500,3,2,2,0,1,1,0,0,1,0,1,99,0
201600001638,16,7,10,715,1,1,1,1,6,463,4894300,133232,500,3,2,2,0,1,2,0,50,1,0,1,99,0
201600001639,16,9,27,645,3,1,2,1,2,223,4897370,140793,500,3,2,2,0,1,1,0,0,1,0,1,0,0
201600001640,16,9,28,1245,1,1,2,1,1,140,4896500,144227,500,3,2,2,0,1,3,60,0,1,5,1,0,0
201600001641,16,10,15,1500,1,1,1,2,6,76,4889440,154331,500,3,2,2,0,1,3,0,0,2,0,3,0,0
201600001642,16,11,1,1145,1,1,1,1,7,76,4890860,153357,500,3,2,2,0,1,1,0,60,1,0,1,0,0
201600001643,16,11,20,1300,1,1,1,1,6,221,4894460,133267,500,3,2,2,0,1,2,0,70,1,0,3,0,0
201600001644,16,12,19,1945,3,1,1,2,6,228,4895250,126535,500,3,2,2,0,1,3,0,0,2,0,3,99,0
201600001645,16,1,21,215,4,2,1,1,6,236,4928340,154228,500,4,2,2,0,2,1,0,50,1,0,1,0,0
201600001646,16,2,14,45,3,1,1,1,6,166,4932710,153497,500,3,2,2,0,2,1,0,62,2,0,1,99,1
201600001647,16,2,29,1645,1,2,6,1,3,151,4920130,156599,500,3,2,2,0,1,1,0,56,1,5,1,3,0
201600001648,16,8,21,1400,1,1,2,1,3,160,4932380,163632,500,3,2,2,0,1,1,0,0,1,0,1,0,0
201600001649,16,9,11,1815,1,1,4,7,3,394,4919630,144550,500,3,2,2,0,2,1,0,63,1,0,1,99,0
201600001650,16,9,17,600,3,2,1,1,1,394,4917460,141007,500,3,2,2,0,2,1,0,0,1,0,1,0,0
201600001651,16,9,23,1615,1,1,1,1,3,550,4912300,141482,500,3,2,2,0,2,1,0,60,1,0,1,99,0
201600001652,16,10,1,900,1,2,1,1,4,236,4928560,154192,500,3,2,2,0,1,1,0,63,1,0,1,99,0
201600001653,16,12,23,1715,2,2,2,2,3,510,4916370,134613,500,3,2,2,0,2,1,0,49,2,0,1,0,0
201600001654,16,1,3,530,5,2,1,3,6,582,4871920,92289,500,3,2,2,0,2,1,0,66,2,0,1,99,0
201600001655,16,4,12,1615,1,1,1,1,1,474,4860250,76240,500,3,2,2,0,1,1,0,60,1,0,1,0,0
201600001656,16,6,20,1545,1,1,1,3,1,582,4873010,91908,500,3,2,2,0,2,1,0,76,2,0,1,0,1
201600001657,16,7,14,500,4,1,1,1,2,582,4870950,92580,500,3,2,2,0,2,1,21,81,1,0,1,0,0
201600001658,16,8,15,2315,5,2,1,1,3,359,4865400,93785,500,3,2,0,0,2,1,0,59,1,0,0,0,1
201600001659,16,1,6,1700,2,1,1,1,2,189,4861200,102703,500,3,2,3,0,1,1,0,110,1,0,3,0,0
201600001660,16,1,2,1445,1,2,1,8,7,53,4621402,521732,10,3,2,3,0,2,1,11,139,2,0,4,99,0
201600001661,16,1,9,930,1,1,1,5,6,451,4628569,523116,10,3,2,2,0,1,3,0,0,2,2,3,99,0
201600001662,16,1,13,1545,1,2,1,1,6,344,4620100,520155,10,3,2,2,2,1,1,0,59,1,0,0,0,0
201600001663,16,1,15,1650,2,2,3,4,6,53,4620475,522783,10,4,2,1,2,1,1,0,0,5,0,1,3,0
201600001664,16,1,18,1335,1,1,7,1,3,53,4619516,522941,10,3,1,1,0,1,2,0,0,1,5,1,3,0
201600001665,16,1,20,1355,1,1,2,5,3,289,4618044,519472,10,3,2,3,0,1,1,0,0,1,5,1,99,0
201600001666,16,1,21,1348,1,2,3,1,3,53,4620944,524391,10,4,2,2,0,2,1,0,88,1,0,1,3,0
201600001667,16,2,10,1630,1,1,1,1,5,451,4623794,519544,10,3,2,3,0,1,1,0,104,2,0,1,99,0
201600001668,16,2,11,1510,1,2,6,8,1,53,4620150,524933,10,3,2,2,2,1,1,7,50,1,5,1,99,0
201600001670,16,3,1,2230,5,2,2,2,3,53,4620358,524250,10,3,2,0,0,1,1,0,0,2,0,1,0,0
201600001671,16,3,2,1615,1,2,2,1,3,53,4619536,522530,10,4,2,3,2,4,1,0,125,2,0,1,3,0
201600001672,16,3,19,1940,5,2,3,1,3,53,4621300,521833,10,3,3,4,0,1,1,0,158,1,0,1,99,0
201600001673,16,3,18,755,1,2,1,1,6,53,4619611,522852,10,9,0,0,0,1,1,0,0,1,0,4,99,0
201600001674,16,3,22,1715,1,2,6,1,3,451,4623929,522886,10,3,2,2,2,1,4,0,0,1,5,5,99,0
201600001675,16,3,24,1655,1,2,1,1,3,53,4620222,521300,10,4,2,1,0,1,1,0,0,1,0,1,99,0
201600001676,16,4,10,900,1,1,3,1,5,451,4624852,523022,10,3,2,2,0,0,0,0,65,1,0,1,99,1
201600001677,16,4,11,1215,1,1,1,1,2,451,4624149,526699,10,2,2,3,0,1,1,0,0,1,0,1,99,1
201600001678,16,4,13,645,2,2,6,2,3,53,4619532,522953,10,3,2,2,0,1,1,0,100,1,5,1,3,0
201600001679,16,4,26,1835,1,2,1,2,6,289,4612360,520000,10,4,1,1,0,1,1,0,30,2,0,3,99,0
201600001680,16,4,28,1705,1,2,2,1,3,451,4624946,519125,10,3,2,2,0,2,1,0,60,1,0,1,0,0
201600001681,16,4,28,1745,1,2,2,1,1,53,4619834,522581,10,4,2,2,0,1,1,0,0,1,0,1,3,0
201600001682,16,5,3,1730,1,1,4,1,3,289,4615960,522937,10,4,2,2,0,1,1,0,47,1,0,1,99,0
201600001683,16,5,3,2250,3,1,2,1,3,451,4623573,518336,10,3,2,2,0,1,1,0,0,1,0,1,99,0
201600001684,16,5,6,1200,1,2,2,1,2,451,4621966,521093,10,3,3,1,0,0,0,0,0,0,0,0,0,0
201600001685,16,5,11,1510,1,1,1,8,3,451,4628598,523152,10,3,2,1,0,1,1,0,62,8,0,1,99,1
201600001686,16,5,17,1730,1,2,1,1,3,53,4618944,522718,10,4,2,2,0,1,1,0,0,1,0,1,99,0
201600001687,16,5,23,1330,1,2,3,2,3,53,4619845,522902,10,4,2,2,2,1,1,0,0,2,0,1,0,0
201600001688,16,5,31,925,1,1,1,3,1,53,4620872,527236,10,3,2,2,0,1,1,0,70,2,0,1,99,1
201600001689,16,6,1,1225,1,2,1,1,6,53,4620632,522689,10,4,2,2,0,1,1,0,62,1,0,1,0,0
201600001690,16,6,4,1100,1,1,1,2,1,53,4619000,526000,10,3,2,2,0,2,1,0,86,2,0,1,99,0
201600001691,16,6,24,1625,1,2,3,1,3,53,4619983,521353,10,4,2,2,0,1,1,0,60,1,0,1,99,0
201600001692,16,6,28,810,1,2,1,1,6,53,4620963,523144,10,3,2,4,0,1,1,0,0,1,0,1,0,0
201600001693,16,7,1,1700,1,2,1,1,7,344,4619684,520079,10,4,2,2,0,1,2,0,49,1,0,1,99,0
201600001694,16,7,8,805,1,2,3,1,3,53,4621127,524709,10,3,2,2,1,1,3,0,30,1,0,1,99,0
201600001695,16,7,9,2050,1,1,1,1,3,289,4616162,518951,10,3,2,2,0,2,3,0,60,1,0,1,99,0
201600001696,16,7,21,900,1,2,1,1,3,53,4620019,524855,10,4,2,2,0,1,1,0,71,1,0,1,99,0
201600001697,16,8,8,723,1,1,1,1,5,451,4622852,522747,10,3,2,2,0,1,0,0,113,1,0,1,0,0
201600001698,16,8,24,735,1,1,1,1,1,451,4622894,525678,10,3,2,2,0,1,1,0,150,1,0,1,99,0
201600001699,16,8,24,1545,1,1,2,1,3,289,4616486,522072,10,3,2,2,0,1,1,0,0,1,0,1,99,0
201600001700,16,8,26,1730,1,1,3,1,3,344,4621316,520411,10,3,2,3,0,1,1,0,110,1,0,1,99,0
201600001701,16,9,12,1900,1,1,1,1,1,289,4617175,519440,10,4,2,2,0,1,2,0,0,1,0,1,0,0
201600001702,16,9,13,1633,1,2,2,1,3,53,4620955,522752,10,3,2,4,0,1,1,0,0,1,5,1,99,0
201600001703,16,9,15,1735,1,2,1,1,4,289,4617931,520302,10,3,2,2,0,1,1,0,0,1,0,1,0,0
201600001704,16,9,16,1715,1,2,2,1,3,53,4619541,522533,10,4,2,3,1,1,1,1,1,2,5,1,3,0
201600001705,16,9,19,630,5,2,1,1,3,53,4619752,523936,10,3,2,4,0,1,1,0,0,2,0,1,99,0
201600001706,16,9,23,1759,1,2,1,1,3,53,4621099,522749,10,4,2,2,0,1,1,0,102,1,0,1,3,0
201600001707,16,10,7,1400,1,1,1,1,6,451,4622336,520933,10,6,1,1,0,1,1,0,0,1,0,1,99,1
201600001708,16,10,10,2035,5,1,2,1,3,344,4619072,519672,10,3,0,2,0,0,0,0,0,0,0,1,0,0
201600001709,16,10,14,1040,1,2,1,2,6,53,4620236,524633,10,3,2,2,0,1,1,0,0,2,0,1,99,1
201600001710,16,10,17,720,5,2,9,8,3,344,4620084,519969,10,3,2,2,0,1,1,0,0,1,0,1,99,0
201600001711,16,10,22,2050,3,1,1,1,7,451,4623617,519673,10,3,2,3,0,2,1,0,100,1,0,3,99,0
201600001712,16,10,29,2100,5,2,2,8,3,53,4620901,523404,10,3,2,4,0,1,1,0,150,1,5,1,99,0
201600001713,16,11,4,900,1,2,6,1,3,53,4622798,522898,10,3,2,2,0,1,1,0,0,1,5,1,99,0
201600001714,16,11,4,2330,3,1,1,2,6,289,4617287,519210,10,3,2,2,0,1,1,0,70,2,0,3,99,0
201600001715,16,11,18,830,1,2,2,2,3,53,4619814,522251,10,4,2,2,3,2,1,0,91,2,0,1,3,0
201600001716,16,11,18,935,2,1,1,2,5,344,4620848,520318,10,3,2,2,0,1,2,0,82,2,0,1,99,0
201600001717,16,11,20,1035,1,2,1,1,3,53,4611429,513391,10,4,2,3,0,1,1,0,0,1,0,1,3,0
201600001718,16,11,21,1400,1,1,2,1,3,289,4616483,522066,10,4,2,2,0,1,1,0,0,1,0,1,99,0
201600001719,16,11,26,2128,5,2,3,1,3,53,4620019,521871,10,4,2,2,0,1,1,0,100,1,5,1,99,0
201600001720,16,11,30,908,1,2,2,1,3,53,4619683,521043,10,4,2,2,0,0,0,0,0,0,0,1,0,0
201600001721,16,12,1,2255,5,2,1,1,6,53,4620026,522657,10,3,1,2,0,1,2,0,70,1,0,4,3,0
201600001722,16,11,24,1105,1,2,2,1,6,53,4620952,522775,10,4,2,5,0,1,1,5,50,1,0,1,99,0
201600001723,16,12,12,850,1,2,1,8,6,53,4620562,523612,10,4,2,2,0,1,1,10,70,1,0,1,3,0
201600001724,16,12,15,1240,1,2,1,1,1,53,4620897,523752,10,4,2,4,1,1,1,0,0,1,0,5,99,0
201600001725,16,1,8,2330,4,2,1,1,6,141,4846999,1650,610,3,2,2,0,1,4,0,60,2,0,4,99,0
201600001726,16,5,29,1230,1,1,3,2,2,182,4846714,9698,610,2,3,4,0,4,1,10,140,2,0,1,99,0
201600001727,16,10,13,800,1,1,1,1,6,172,4853675,780,610,3,2,2,0,2,3,0,0,1,0,3,0,0
201600001728,16,11,24,1700,1,1,1,1,6,357,4854775,9050,610,3,2,2,0,1,1,0,35,1,0,1,99,1
201600001729,16,2,4,1545,1,1,1,2,1,215,4852102,36406,610,3,2,2,0,1,3,0,70,2,0,1,0,0
201600001730,16,6,9,1215,1,1,1,1,1,98,4858954,15872,610,4,2,2,0,1,1,0,39,1,0,1,99,0
201600001731,16,7,12,1000,1,2,6,1,6,464,4860661,18583,610,3,2,2,0,1,3,0,0,1,5,1,0,0