Num_Acc,an,mois,jour,hrmn,lum,agg,int,atm,col,com,lat,long,dep,catr,circ,nbv,vosp,prof,plan,lartpc,larrout,surf,infra,situ,env1,killed
201600001732,16,9,3,2130,3,1,6,1,6,284,4859623,34480,610,3,2,2,0,1,1,0,0,1,5,1,99,0
201600001733,16,10,15,945,1,2,3,2,6,464,4860579,18046,610,3,2,2,0,1,1,0,63,2,0,1,3,0
201600001734,16,11,15,1845,3,1,1,5,7,64,4865550,31447,610,3,2,2,0,1,1,0,0,2,0,1,99,0
201600001735,16,1,9,2115,5,2,3,2,6,308,4882128,17156,610,3,2,2,0,1,1,0,50,2,0,3,0,0
201600001736,16,4,12,745,1,1,1,7,2,314,4877312,6127,610,3,2,2,0,2,1,0,89,1,0,1,3,1
201600001737,16,5,5,645,2,1,1,7,6,474,4875588,6667,610,3,2,2,0,1,2,0,55,2,0,3,0,0
201600001738,16,7,8,1930,1,1,1,1,6,106,4877279,35876,610,3,2,2,0,1,1,0,0,1,0,3,99,0
201600001739,16,7,9,1800,1,1,2,1,3,9,4879469,7687,610,3,2,2,0,1,1,0,63,1,0,1,99,0
201600001740,16,8,12,1430,1,1,2,1,3,210,4869125,11457,610,3,2,2,0,1,1,0,59,1,0,1,99,0
201600001741,16,8,17,1515,1,1,1,1,6,179,4872365,27096,610,3,2,2,0,1,3,0,0,1,0,1,0,0
201600001742,16,8,19,1030,1,1,1,1,6,9,4880841,7692,610,4,2,2,0,1,1,0,0,1,0,3,99,0
201600001743,16,11,20,1945,3,1,1,3,6,473,4870969,14135,610,3,2,2,0,1,3,0,76,2,0,1,99,0
201600001744,16,12,17,2345,3,1,1,5,1,472,4876496,331,610,3,2,2,0,1,3,0,72,2,0,1,99,0
201600001745,16,2,11,800,1,1,1,1,1,310,4869784,19275,610,3,2,0,0,1,1,0,50,7,0,1,99,1
201600001746,16,2,11,1215,1,1,1,1,1,188,4868375,34487,610,3,2,0,0,1,3,0,40,2,0,1,99,0
201600001747,16,4,6,1400,1,1,1,2,3,393,4872001,23063,610,3,2,0,0,1,1,0,0,2,0,1,0,0
201600001748,16,5,28,1700,1,1,1,1,6,19,4880191,19462,610,3,2,2,0,1,2,0,55,1,0,3,99,0
201600001749,16,6,20,1700,1,1,1,2,6,315,4880271,17263,610,3,2,2,0,2,3,0,60,2,0,3,99,1
201600001750,16,7,12,1300,1,1,1,1,6,347,4878896,26451,610,3,2,2,0,3,2,0,0,1,0,3,0,0
201600001751,16,8,9,1915,1,1,1,1,1,389,4871103,40278,610,3,2,2,0,2,1,0,0,1,0,1,99,0
201600001752,16,9,27,1615,1,1,1,1,1,138,4872218,27520,610,3,2,2,0,4,1,0,80,1,0,1,99,0
201600001753,16,1,10,215,3,1,1,1,6,102,4866737,59366,610,3,2,2,0,2,2,0,69,1,0,3,0,0
201600001754,16,1,22,830,2,2,1,3,6,145,4859180,64589,610,3,2,2,0,1,1,0,70,2,0,1,3,0
201600001755,16,2,26,400,3,1,1,1,7,387,4848916,69524,610,3,2,2,0,4,3,0,57,1,2,3,99,1
201600001756,16,3,20,715,2,1,1,1,6,149,4872685,49214,610,3,2,2,0,2,1,0,57,1,0,3,0,0
201600001757,16,4,12,1400,1,2,1,1,1,278,4871432,59806,610,3,2,2,0,2,3,0,0,1,0,1,99,0
201600001758,16,5,8,1800,1,1,1,1,6,387,4848961,74926,610,3,2,2,0,3,1,0,54,1,0,3,99,1
201600001759,16,5,18,1530,1,2,1,1,6,145,4859133,64320,610,3,2,2,0,1,1,0,0,2,0,1,99,1
201600001760,16,6,12,1745,1,1,1,1,6,75,4852554,64494,610,3,2,2,0,1,1,0,75,1,0,1,99,0
201600001761,16,7,18,1700,1,1,1,1,1,91,4858976,54369,610,3,2,2,0,2,1,0,70,1,0,1,0,0
201600001762,16,9,4,1745,1,1,1,1,7,201,4857859,67619,610,3,2,2,0,1,1,0,91,1,0,1,99,0
201600001763,16,1,9,1445,1,2,1,1,6,168,4859829,36093,610,3,3,2,0,1,1,26,39,1,0,1,0,0
201600001764,16,1,29,915,3,1,1,1,6,135,4853068,40640,610,3,2,2,0,2,1,0,0,1,0,3,0,0
201600001765,16,4,18,1930,1,1,1,1,6,512,4870717,27970,610,3,2,2,0,2,1,0,0,1,0,1,99,0
201600001766,16,1,17,1815,3,2,4,1,6,78,4879524,62725,610,3,2,2,0,2,2,0,70,1,0,1,0,0
201600001767,16,1,29,1615,1,1,2,1,5,486,4877186,71046,610,3,2,2,0,2,3,0,82,1,0,1,99,1
201600001768,16,4,22,1430,1,1,2,2,3,376,4869835,61371,610,3,2,2,0,3,1,0,0,2,0,1,99,0
201600001769,16,6,5,200,3,1,1,5,7,486,4877189,71180,610,3,2,2,0,4,2,0,77,1,0,3,0,0
201600001770,16,7,6,1830,1,1,3,1,3,73,4878848,43128,610,3,2,2,0,1,1,0,51,1,0,1,0,0
201600001771,16,7,13,1030,1,1,2,1,3,94,4870992,60440,610,3,2,2,0,1,1,0,0,1,0,1,0,0
201600001772,16,7,17,1815,1,2,1,7,6,292,4879641,67447,610,3,2,2,0,1,3,0,41,1,0,1,0,0
201600001773,16,10,2,330,3,1,1,1,6,7,4881196,50123,610,3,2,2,0,1,3,0,65,1,0,1,0,0
201600001774,16,10,17,2115,3,1,1,1,6,407,4883381,52163,610,3,2,2,0,1,3,0,60,1,0,3,0,1
201600001775,16,10,23,1115,1,1,2,1,3,222,4874574,68400,610,3,2,2,0,2,2,0,53,1,0,1,99,0
201600001776,16,10,30,1045,1,1,2,1,3,376,4869835,61371,610,3,2,2,0,3,1,0,0,1,0,1,99,0
201600001777,16,11,8,800,2,1,1,1,7,93,4873142,66222,610,3,2,2,0,2,2,0,70,7,0,3,0,0
201600001778,16,11,17,1930,3,1,2,8,1,95,4870667,63729,610,3,2,2,0,1,1,0,0,2,0,1,99,0
201600001779,16,8,3,1445,1,2,1,1,6,145,4859074,64141,610,3,2,2,0,2,1,0,0,1,0,1,99,0
201600001780,16,10,18,1445,1,2,1,1,3,145,4858865,63509,610,3,2,2,0,1,1,0,0,1,0,1,99,0
201600001781,16,11,12,345,3,1,1,1,6,201,4860425,63902,610,3,2,2,0,2,2,0,70,1,0,3,99,1
201600001782,16,12,1,2330,4,2,1,1,6,362,4869434,52270,610,3,2,2,0,1,1,0,0,2,0,1,99,0
201600001783,16,12,15,1815,3,2,1,5,6,163,4864330,52248,610,3,2,2,0,2,3,0,52,2,0,3,0,0
201600001784,16,12,17,1930,5,2,1,1,6,145,4859207,64559,610,4,2,2,0,2,1,0,61,1,0,1,99,0
201600001785,16,2,5,1745,2,1,1,1,6,381,4847145,54685,610,3,2,2,0,4,1,0,74,2,2,3,99,0
201600001786,16,5,11,1445,1,2,1,1,7,121,4847501,46442,610,3,2,2,0,2,2,0,0,1,0,1,0,0
201600001787,16,7,7,1900,1,1,3,1,1,327,4841240,43373,610,3,2,2,0,1,1,0,0,1,0,1,99,0
201600001788,16,11,5,1945,3,1,1,1,2,381,4847176,54682,610,3,2,2,0,1,1,0,0,1,0,1,0,0
201600001789,16,11,18,1630,1,2,4,1,3,293,4852323,53972,610,3,2,2,0,1,1,0,81,1,0,1,0,0
201600001790,16,11,27,1545,1,1,2,1,1,118,4847065,64547,610,3,2,2,0,2,1,0,0,1,0,1,99,0
201600001791,16,2,11,1300,1,1,1,1,2,79,4824973,69527,610,3,2,2,0,1,1,0,70,1,0,3,99,0
201600001792,16,6,26,315,3,1,1,1,6,379,4830160,63310,610,4,2,2,0,1,3,0,70,1,0,3,0,1
201600001793,16,6,28,1230,1,1,2,1,2,246,4825294,69745,610,3,2,2,0,2,1,0,70,1,5,1,99,0
201600001794,16,8,25,800,1,2,9,1,3,394,4828706,59317,610,3,2,2,0,3,1,0,0,1,0,1,99,0
201600001795,16,8,28,830,1,1,1,1,6,112,4841187,65357,610,3,2,2,0,3,2,0,0,1,0,3,0,0
201600001797,16,2,5,2015,3,1,1,1,5,432,4875741,69504,610,3,2,2,0,1,1,0,74,2,0,1,0,0
201600001798,16,4,17,2245,3,1,1,1,1,136,4887223,57805,610,3,2,2,0,1,1,0,60,1,0,1,99,1
201600001799,16,5,14,2200,3,2,1,1,6,432,4875683,69446,610,4,2,2,0,1,1,0,60,1,0,4,99,0
201600001800,16,6,22,745,1,1,1,1,3,244,4865926,44548,610,4,2,2,0,4,4,0,30,1,0,1,99,0
201600001801,16,7,7,1615,1,2,1,1,7,191,4885120,60242,610,4,2,2,0,1,2,0,30,1,0,1,0,0
201600001802,16,9,19,2230,3,1,1,1,6,342,4876634,58429,610,4,2,2,0,1,3,0,44,1,0,1,99,0
201600001803,16,3,13,2030,5,2,7,1,1,491,4859045,65136,610,3,2,2,0,1,1,0,50,1,0,1,99,0
201600001804,16,5,3,1500,1,1,1,1,1,395,4841226,78378,610,3,2,2,0,1,1,0,50,1,0,1,99,0
201600001805,16,5,16,1545,1,1,1,8,3,491,4857153,63829,610,2,3,3,0,1,1,0,0,1,0,1,99,0
201600001806,16,5,20,1215,1,1,1,1,1,230,4851959,74462,610,3,2,2,0,1,2,0,64,1,0,1,99,1
201600001807,16,9,13,840,1,2,1,1,6,116,4838072,84920,610,3,2,2,0,1,1,0,70,1,0,1,99,0
201600001808,16,11,2,1215,1,1,1,1,6,116,4837114,85804,610,3,2,2,0,1,2,0,60,1,0,3,0,0
201600001809,16,11,17,2145,3,1,1,2,6,230,4851705,74113,610,3,2,2,0,1,4,0,72,2,0,1,99,0
201600001810,16,12,2,700,3,1,1,1,7,61,4845160,93956,610,3,2,2,0,1,1,0,45,2,0,1,99,0
201600001811,16,12,11,2000,3,1,1,5,6,241,4846705,88141,610,3,2,2,0,1,1,0,0,2,2,1,0,0
201600001812,16,4,19,1730,1,1,1,1,3,204,4728660,144532,440,3,2,3,0,1,1,0,111,1,0,1,99,1
201600001813,16,4,20,2030,2,2,1,2,6,172,4724990,147232,440,4,2,1,0,1,1,0,49,1,0,1,0,1
201600001814,16,7,12,1245,1,2,1,1,1,172,4726365,148674,440,9,2,0,2,1,1,0,0,1,0,5,0,0
201600001815,16,10,26,1900,1,2,1,1,6,172,4724943,148712,440,3,2,2,0,1,1,0,60,1,0,1,99,0
201600001816,16,7,12,730,1,1,1,1,3,26,4729237,142361,440,3,2,2,0,1,1,0,70,1,0,1,0,0
201600001817,16,9,4,2015,1,1,1,1,6,26,4727823,146777,440,4,0,2,0,0,1,70,0,1,0,1,99,0
201600001818,16,9,20,1615,1,1,1,1,1,26,4729278,143954,440,3,2,2,0,0,1,0,60,1,0,1,0,1
201600001819,16,11,15,2025,5,2,1,1,1,26,4728721,149859,440,4,2,2,0,1,3,0,0,1,0,1,99,1
201600001820,16,1,27,1430,1,1,1,1,5,64,4711037,128003,440,3,0,2,0,2,2,0,115,1,0,1,0,1
201600001821,16,3,13,2100,3,1,1,2,2,102,4706292,143887,440,3,0,2,0,1,1,0,64,2,0,1,0,0
201600001822,16,5,22,900,1,2,1,2,1,64,4711496,131405,440,4,2,2,0,1,2,0,70,2,0,1,99,0
201600001823,16,7,20,1515,1,1,1,1,1,14,4707981,152431,440,3,2,0,0,1,1,0,70,1,0,1,0,1
201600001824,16,7,23,1800,1,1,1,1,1,14,4710733,151177,440,3,2,2,0,3,3,0,0,1,0,1,0,0
201600001825,16,9,3,715,2,1,1,5,1,14,4709208,153023,440,3,2,1,0,1,1,0,77,1,0,1,99,0
201600001826,16,2,1,2045,3,1,1,9,7,188,4705100,164200,440,3,3,2,0,1,3,26,77,2,0,3,99,1
201600001828,16,5,6,1615,1,1,1,1,1,156,4695300,159200,440,3,2,2,0,0,2,0,0,1,0,1,0,1
201600001829,16,5,13,1330,1,2,1,2,6,188,4703478,166922,440,3,2,2,0,0,1,0,0,2,0,3,99,1
201600001830,16,4,27,1130,1,1,1,1,3,212,4715661,129857,440,2,3,4,0,0,1,0,72,1,0,1,0,0
201600001831,16,8,20,1000,1,2,1,1,6,212,4716131,126567,440,4,2,2,0,0,1,0,58,1,0,1,0,0
201600001832,16,2,15,1530,1,1,1,1,1,198,4713500,151422,440,4,2,0,0,0,1,0,0,1,0,1,0,0
201600001833,16,2,27,1545,1,1,1,1,7,198,4714050,153181,440,3,2,0,0,1,0,0,58,1,0,1,99,0
201600001834,16,3,17,1715,1,2,1,1,6,215,4716340,149047,440,3,2,2,0,1,1,0,68,1,0,1,0,0
201600001835,16,3,25,1715,1,1,1,1,4,198,4715860,151327,440,1,3,0,0,2,0,0,0,1,0,1,99,0
201600001836,16,4,19,1715,1,2,6,1,1,215,4716550,146050,440,3,1,0,0,1,2,0,0,1,5,1,0,0
201600001837,16,5,19,1800,1,1,1,1,3,198,4712475,152827,440,3,2,2,0,1,1,0,0,1,0,1,0,0
201600001838,16,7,11,1700,1,1,1,1,2,215,4715904,146626,440,3,2,0,0,1,1,0,0,1,0,1,0,0
201600001839,16,8,12,1245,1,1,1,1,3,198,4712475,152827,440,3,2,0,0,2,3,0,59,1,0,1,99,0
201600001840,16,9,13,2145,3,1,1,3,6,198,4714788,151462,440,1,3,4,0,1,1,12,70,2,3,1,0,0
201600001841,16,12,10,1700,5,2,1,5,6,215,4718486,148842,440,4,2,2,0,1,1,0,78,2,0,1,99,1
201600001842,16,12,27,1750,5,2,4,1,6,215,4717251,147109,440,4,2,2,0,1,0,10,10,1,0,0,0,1
201600001844,16,5,14,845,1,1,1,1,6,213,4741385,100608,440,3,2,2,0,1,1,0,61,1,0,1,99,0
201600001845,16,7,16,30,3,1,1,1,6,213,4739363,106016,440,4,2,1,0,1,3,0,0,1,0,1,0,0
201600001846,16,9,6,800,1,1,1,1,1,96,4740901,118442,440,4,2,2,0,3,1,0,64,1,0,1,99,0
201600001847,16,1,13,1215,1,1,1,1,1,169,4722692,143969,440,4,2,0,0,1,1,0,0,1,0,1,0,0
201600001848,16,6,9,2245,3,1,1,1,1,212,4717550,123954,440,3,2,2,0,0,2,0,60,1,0,1,0,0
201600001849,16,8,30,1500,1,1,1,1,5,169,4723213,140049,440,3,2,2,0,1,1,0,68,1,0,1,0,0
201600001850,16,1,15,800,5,2,9,1,3,115,4734811,128767,440,3,2,2,0,2,1,0,0,1,0,1,3,0
201600001851,16,1,22,2045,3,1,2,5,3,77,4750310,148213,440,3,2,2,0,1,1,0,0,2,5,1,0,0
201600001852,16,8,26,2145,3,1,1,1,6,77,4748122,144873,440,3,2,2,0,3,1,0,63,1,0,3,0,0
201600001853,16,2,24,1700,1,1,1,3,5,118,4748959,116238,440,3,2,2,0,1,3,0,0,2,0,1,99,0
201600001854,16,1,16,100,5,2,1,9,6,62,4752244,174799,440,4,2,0,0,1,1,0,55,7,0,1,0,1
201600001855,16,2,16,2030,3,1,1,1,6,128,4753475,185853,440,3,2,2,0,0,3,0,60,1,0,1,0,0
201600001856,16,3,15,1200,1,1,2,1,3,128,4752704,190095,440,3,0,2,0,0,1,0,70,1,0,2,0,0
201600001857,16,4,28,1730,1,1,1,2,3,128,4754096,188951,440,3,2,0,0,0,1,66,0,1,0,1,0,0
201600001858,16,6,1,1145,1,2,2,1,3,111,4738184,171003,440,3,2,1,0,0,1,0,0,1,0,1,0,0
201600001859,16,6,29,1600,1,1,2,1,1,7,4761202,194482,440,3,2,2,0,1,1,0,0,1,0,1,0,0
201600001860,16,8,29,1800,1,1,1,1,6,15,4744367,178118,440,3,2,2,0,1,2,0,62,1,0,1,0,0
201600001861,16,9,30,2200,3,1,4,1,3,15,4746170,177068,440,3,2,2,0,1,1,0,0,2,0,1,99,0
201600001862,16,1,8,2030,3,1,1,1,1,73,4744915,160880,440,3,2,2,0,0,3,0,66,2,0,0,0,1
201600001863,16,1,9,1345,1,1,2,1,3,73,4741132,161007,440,3,2,2,0,1,1,0,0,1,5,1,0,0
201600001864,16,3,19,1200,1,1,1,1,1,27,4740991,155536,440,4,0,0,0,1,1,0,50,1,0,1,0,0
201600001865,16,4,8,2100,2,2,1,1,2,179,4735925,141032,440,3,2,2,0,0,1,0,60,1,0,1,99,0
201600001866,16,6,12,100,3,1,1,8,2,73,4743010,166721,440,3,2,0,0,1,1,0,56,1,0,1,99,1
201600001867,16,6,18,1945,1,1,1,1,5,110,4741703,152389,440,3,2,0,0,0,3,0,52,1,0,1,0,0
201600001868,16,6,17,830,1,1,1,1,4,27,4739554,152564,440,3,2,2,0,1,1,0,60,1,0,1,0,0
201600001869,16,11,8,1925,3,1,1,2,2,73,4743563,167318,440,3,2,2,0,1,1,0,58,2,0,1,99,0
201600001870,16,11,22,1815,5,2,1,1,6,110,4743735,150349,440,3,2,2,0,1,1,0,0,2,0,1,99,0
201600001871,16,12,10,1315,1,1,1,5,3,110,4743755,154630,440,3,2,2,0,1,1,0,59,2,0,1,99,0
201600001872,16,12,12,1730,3,1,1,2,6,73,4740124,164618,440,3,2,2,0,1,0,5,825,1,0,0,0,0
201600001873,16,1,24,1400,1,1,2,1,3,193,4765472,149236,440,3,2,2,0,1,1,0,0,1,5,1,0,0
201600001874,16,1,27,2015,3,1,1,2,6,197,4773080,156151,440,3,2,2,0,1,1,0,0,2,0,3,0,0
201600001875,16,7,3,915,1,1,3,2,6,149,4749954,156488,440,3,2,1,0,1,1,0,0,2,5,1,0,0
201600001876,16,1,6,145,3,2,1,2,6,171,4714050,171408,440,3,2,2,0,1,1,0,0,2,0,3,0,0
201600001877,16,2,14,300,3,1,1,8,3,171,4714582,170002,440,3,3,0,0,1,1,0,72,2,0,1,0,0
201600001878,16,3,24,745,1,1,1,1,6,18,4715070,166558,440,4,2,2,0,1,1,0,50,1,0,1,0,0
201600001879,16,5,10,600,2,1,1,1,5,130,4712433,159623,440,3,2,2,0,1,1,0,59,1,0,1,0,0
201600001880,16,6,4,30,4,1,2,1,3,130,4714279,157209,440,3,0,1,0,1,1,0,0,1,0,1,99,0
201600001881,16,6,7,1245,1,2,1,1,6,130,4713876,155202,440,3,2,2,0,1,1,0,0,1,0,1,0,0
201600001882,16,6,16,1215,1,2,6,1,3,18,4714374,168121,440,3,2,2,0,0,0,0,0,1,0,1,0,0
201600001883,16,6,21,715,1,1,1,2,1,120,4719965,180335,440,3,2,0,0,1,3,56,0,2,0,1,99,0
201600001884,16,8,15,1730,1,1,1,1,7,18,4714694,164869,440,3,2,2,0,0,3,70,0,1,5,1,99,0
201600001885,16,9,10,1800,1,2,1,1,1,24,4716725,172476,440,4,3,2,0,0,1,45,0,1,5,1,99,0
201600001886,16,9,18,230,5,2,1,1,6,130,4712352,158582,440,3,2,2,0,1,1,75,0,1,0,4,99,0
201600001887,16,5,1,1830,1,2,6,1,1,126,4713379,219322,440,3,0,0,0,0,0,0,0,0,0,0,0,0
201600001888,16,6,18,1615,1,2,1,1,1,21,4704426,194036,440,4,2,0,0,0,0,0,0,1,0,1,0,0
201600001890,16,6,22,1900,1,1,1,8,1,5,4711937,194472,440,3,2,2,0,1,1,70,0,2,0,1,0,0
201600001891,16,7,14,1215,1,1,1,1,4,12,4708779,202865,440,3,2,0,0,1,1,0,0,1,0,1,99,0
201600001892,16,8,22,1400,1,1,1,1,5,164,4712898,182109,440,3,2,2,0,0,1,0,0,1,0,1,0,0
201600001893,16,3,13,1645,1,2,1,1,1,192,4725808,201630,440,4,2,2,0,1,1,0,0,1,0,1,0,0
201600001894,16,6,11,730,1,1,1,1,6,38,4716338,200264,440,3,2,2,0,1,3,0,0,1,0,3,0,0
201600001895,16,6,15,1800,1,1,1,1,1,46,4725878,208184,440,3,2,2,0,1,2,0,0,1,0,1,99,0
201600001896,16,7,13,2015,2,2,6,1,2,116,4728721,204230,440,3,2,4,0,0,0,0,0,1,5,1,0,0
201600001897,16,8,17,1245,1,1,1,1,2,154,4726239,216003,440,3,1,0,0,0,1,30,45,1,0,1,0,0
201600001898,16,8,21,400,5,2,1,1,6,154,4722367,214815,440,4,2,0,0,2,1,0,0,1,0,4,0,0
201600001899,16,9,5,2130,3,1,1,1,3,154,4725199,214810,440,3,2,2,0,0,1,0,80,1,0,1,0,0
201600001900,16,1,9,930,1,2,6,1,3,87,4699368,182551,440,3,2,2,2,1,0,0,0,1,5,1,0,0
201600001901,16,4,17,1730,1,1,1,1,6,145,4720661,182698,440,3,2,2,0,1,3,0,47,1,0,3,0,1
201600001902,16,5,5,1730,1,1,1,1,6,157,4692375,172082,440,4,2,1,0,1,0,0,0,1,0,3,0,0
201600001903,16,7,11,1100,1,1,1,1,6,145,4719941,184483,440,4,2,0,0,1,1,0,46,1,0,1,99,1
201600001904,16,7,11,1145,1,1,1,1,6,186,4709102,183308,440,3,2,2,0,0,1,0,66,1,0,1,99,0
201600001905,16,7,12,2245,3,1,1,1,6,178,4708100,175400,440,3,2,2,0,1,1,60,0,1,0,1,0,1
201600001906,16,7,23,1145,1,2,6,1,3,186,4710330,180344,440,3,2,2,0,0,2,0,60,1,5,1,99,0
201600001907,16,8,29,1400,1,1,1,1,3,119,4697042,178583,440,4,2,0,0,0,1,0,0,1,0,1,0,0
201600001908,16,10,3,1500,1,1,3,1,3,157,4693389,172701,440,4,2,0,0,1,1,0,40,1,0,1,99,1
201600001909,16,6,30,1430,1,2,1,1,6,47,4721250,171272,440,3,2,2,0,1,1,0,70,1,0,1,99,0
201600001911,16,9,26,915,1,1,1,1,1,47,4724148,166590,440,4,2,2,0,1,1,0,58,1,0,1,0,0
201600001912,16,11,25,2000,3,1,1,1,1,74,4720102,166614,440,3,2,2,0,1,1,0,0,1,0,1,99,0
201600001913,16,1,6,900,1,2,1,1,1,30,4744710,224600,440,4,2,2,0,0,1,0,61,1,0,1,0,0
201600001914,16,1,13,1600,1,2,1,1,2,211,4735114,250936,440,3,2,2,0,1,1,0,60,2,0,1,99,0
201600001915,16,1,27,1900,1,1,1,1,1,151,4731418,232077,440,3,2,2,0,0,0,72,0,2,0,0,0,1
201600001916,16,3,14,900,1,2,1,7,6,69,4732984,243614,440,4,0,0,0,1,1,0,0,1,0,1,99,0
201600001917,16,3,26,2100,3,1,1,2,6,72,4743411,232742,440,3,2,0,0,0,1,0,0,2,0,1,0,0
201600001918,16,3,31,1200,1,2,1,1,3,30,4744724,224256,440,4,2,2,0,1,2,0,60,1,5,1,99,0
201600001919,16,4,8,1845,1,2,6,1,3,72,4744886,231335,440,3,2,2,0,1,2,0,0,1,5,1,0,0
201600001920,16,4,17,1700,1,2,1,1,6,49,4729400,251426,440,4,2,2,0,1,1,0,71,1,0,1,99,0
201600001921,16,4,21,1200,1,2,1,1,7,30,4745507,223164,440,3,2,0,0,0,1,70,0,1,0,0,0,1
201600001922,16,4,19,1930,1,1,1,1,6,69,4733107,247826,440,3,2,2,0,0,2,0,49,1,0,1,0,0
201600001923,16,5,28,1100,1,1,1,1,1,211,4738230,248277,440,4,2,2,0,0,3,0,55,1,0,1,99,0
201600001924,16,5,30,1830,1,2,1,1,6,49,4729079,250803,440,3,1,0,0,0,3,0,30,1,0,1,99,1
201600001925,16,6,4,615,1,1,1,1,7,151,4732247,232363,440,3,2,0,0,0,2,0,60,1,0,0,0,0
201600001926,16,6,7,1045,1,2,6,1,3,69,4732986,241302,440,4,2,4,0,1,1,15,60,1,5,1,0,0
201600001927,16,6,26,130,3,1,9,1,6,69,4731450,240705,440,3,4,3,0,0,1,0,0,1,3,3,0,0
201600001928,16,7,13,2030,1,1,1,1,1,69,4736022,245082,440,3,2,2,0,0,0,0,0,0,0,0,0,1
201600001929,16,7,20,1415,1,1,1,1,1,30,4744622,226157,440,3,2,2,0,1,3,0,60,1,0,1,99,0
201600001930,16,7,22,1730,1,2,1,1,2,69,4734000,246200,440,4,0,0,0,2,1,0,0,1,0,1,0,0
201600001931,16,7,22,1530,1,1,1,1,2,69,4730698,240820,440,3,0,2,0,1,1,0,0,1,0,1,0,0
201600001932,16,7,25,1500,1,1,1,1,3,6,4742877,239274,440,3,2,2,0,1,1,0,58,1,0,1,99,0
201600001933,16,8,2,1800,1,1,1,1,3,69,4733058,242945,440,4,2,2,0,0,1,0,0,1,5,1,0,0
201600001934,16,8,2,1845,1,1,6,1,1,69,4733045,242415,440,3,0,0,0,0,1,0,0,1,5,1,0,0
201600001935,16,8,5,1215,1,1,1,1,5,69,4730774,238869,440,3,3,4,0,1,1,80,168,1,3,1,0,0
201600001936,16,8,7,1615,1,1,1,1,3,175,4737160,232755,440,3,2,2,0,2,1,0,60,1,0,1,0,1
201600001937,16,8,15,1130,1,2,1,1,1,125,4738013,253820,440,3,2,2,3,0,1,0,0,1,6,0,99,0
201600001938,16,8,24,915,1,2,9,1,6,49,4729203,250921,440,6,0,0,0,1,0,0,0,1,0,0,99,0
201600001939,16,8,16,1200,1,1,1,1,3,10,4726734,245408,440,3,2,0,0,0,1,0,56,1,0,1,0,0
201600001940,16,9,26,1800,1,1,2,1,3,175,4735948,237459,440,3,2,2,0,1,1,60,0,1,5,1,99,0
201600001941,16,2,21,1915,3,2,1,1,2,210,4731116,221048,440,4,0,0,0,1,2,0,47,1,0,1,99,0
201600001942,16,3,5,1600,1,1,1,1,3,52,4733300,202500,440,3,2,2,0,1,1,100,109,1,0,1,0,0
201600001943,16,3,25,1545,1,2,1,1,7,168,4736661,218891,440,3,2,0,0,0,1,40,0,1,0,1,0,0
201600001944,16,8,24,230,4,2,1,1,6,103,4733048,213974,440,4,2,2,0,1,1,0,0,1,0,1,99,0
201600001945,16,8,25,1700,1,1,1,1,6,103,4732008,211456,440,3,2,0,0,1,1,0,70,1,0,1,0,0
201600001946,16,10,4,1825,1,1,1,1,6,52,4734442,208026,440,4,2,2,0,1,1,0,60,1,0,1,99,0
201600001947,16,11,5,335,3,1,1,1,6,168,4736476,218784,440,3,2,2,0,1,2,0,0,2,0,3,99,1
201600001948,16,3,30,1630,1,1,1,2,7,139,4745295,194005,440,3,2,2,0,0,3,0,60,2,0,3,99,1
201600001949,16,6,29,1745,1,2,1,7,7,189,4745020,219502,440,3,0,0,0,0,0,0,0,0,0,0,0,0
201600001950,16,7,15,900,1,2,6,1,3,129,4743404,209904,440,3,1,1,0,1,0,0,70,1,0,1,0,1
201600001951,16,8,1,1500,1,1,1,1,5,196,4755214,206506,440,3,2,1,0,1,1,0,0,1,0,1,99,0
201600001952,16,8,16,1915,1,2,1,1,6,129,4744200,209600,440,4,2,0,0,0,0,60,0,0,0,0,0,0
201600001953,16,3,13,915,1,1,1,1,6,217,4730073,175405,440,3,2,0,0,0,1,0,0,1,5,3,0,0
201600001954,16,7,17,1430,1,1,1,1,7,158,4729415,175929,440,3,2,2,0,1,1,0,54,1,0,3,99,1
201600001955,16,6,11,600,2,1,1,1,6,25,4741071,192007,440,3,2,0,0,1,2,0,58,1,0,3,99,0
201600001956,16,11,25,1850,3,1,1,8,6,195,4736079,189820,440,2,2,2,0,1,1,0,0,2,0,3,99,1
201600001957,16,6,28,1600,1,2,1,1,1,278,4741905,57884,490,4,2,2,0,1,1,0,42,1,0,1,99,0
201600001958,16,7,13,1115,1,2,1,1,6,214,4752925,60472,490,4,2,2,0,1,1,0,60,1,6,1,99,0
201600001959,16,7,15,1200,1,2,1,1,1,35,4741485,61629,490,3,2,2,0,1,1,0,70,1,0,1,99,0
201600001960,16,8,1,2100,1,1,1,1,6,278,4743661,55367,490,3,2,2,0,1,1,0,0,1,0,1,0,0
201600001961,16,6,23,1745,1,1,1,1,6,194,4745360,27693,490,3,2,2,0,1,1,0,61,1,0,3,99,0
201600001962,16,7,1,700,1,1,1,1,1,194,4746564,29517,490,3,2,2,0,1,2,0,79,1,0,3,99,0
201600001963,16,7,7,1330,1,1,1,1,7,194,4743247,29723,490,3,2,2,0,1,1,0,59,1,0,3,99,0
201600001964,16,7,23,2030,1,2,1,1,3,139,4750283,24475,490,3,2,2,0,0,1,0,53,1,0,1,0,0
201600001965,16,9,9,1745,1,1,2,1,2,21,4744156,18773,490,3,2,2,0,1,1,0,57,1,5,1,99,1
201600001966,16,9,21,1530,1,1,1,1,6,194,4745462,27788,490,3,2,2,0,1,1,0,74,1,0,1,99,0