Num_Acc,an,mois,jour,hrmn,lum,agg,int,atm,col,com,lat,long,dep,catr,circ,nbv,vosp,prof,plan,lartpc,larrout,surf,infra,situ,env1,killed
201600001967,16,10,20,445,3,1,1,1,6,201,4741278,25487,490,3,2,2,0,1,1,0,0,1,0,1,99,0
201600001968,16,12,20,1645,1,1,1,1,7,138,4748568,20847,490,4,2,2,0,1,1,0,87,1,0,1,99,0
201600001969,16,12,26,1745,3,1,1,1,1,147,4745601,22940,490,3,2,2,0,1,1,0,0,1,2,1,99,0
201600001970,16,3,9,1515,1,2,1,2,3,134,4729400,52197,490,3,0,0,0,0,0,0,0,2,6,1,0,0
201600001971,16,3,10,1715,1,1,1,1,6,363,4734751,47004,490,3,2,2,0,1,2,0,50,1,0,1,99,0
201600001972,16,3,15,1315,1,2,1,1,1,50,4735363,44807,490,4,2,2,0,1,1,0,0,1,6,1,3,0
201600001973,16,4,1,2230,3,1,1,1,6,222,4733927,58447,490,3,2,0,0,1,1,0,60,1,0,1,99,0
201600001974,16,5,6,2315,3,1,1,1,6,223,4738920,52589,490,3,2,2,0,1,3,0,0,1,0,3,99,0
201600001975,16,6,6,945,1,1,1,1,3,86,4725764,44635,490,3,2,2,0,1,1,0,0,1,0,1,99,0
201600001976,16,7,12,1300,1,1,1,3,6,153,4721684,58239,490,3,2,2,0,2,4,0,45,2,0,3,99,0
201600001977,16,8,1,1945,1,1,6,1,3,50,4734340,43700,490,3,2,2,0,1,1,0,0,1,0,1,99,0
201600001978,16,8,6,915,3,1,1,2,7,223,4739156,52575,490,3,2,2,0,0,2,0,0,2,0,3,99,0
201600001979,16,8,28,1915,1,1,1,1,1,50,4732823,44098,490,3,2,2,0,2,1,0,0,1,0,1,99,0
201600001980,16,10,7,1000,1,1,1,1,6,167,4738509,48536,490,3,3,4,0,1,3,0,0,1,0,3,99,0
201600001981,16,10,22,1530,1,1,1,7,2,71,4727028,67099,490,3,2,2,0,0,1,0,0,1,0,1,99,0
201600001982,16,5,27,2345,3,2,1,2,6,196,4751962,67200,490,3,2,2,0,1,2,0,0,2,0,1,99,0
201600001983,16,6,12,815,1,1,6,1,6,377,4752575,42739,490,3,2,2,0,1,2,0,50,0,0,1,99,0
201600001984,16,9,18,1030,1,2,1,7,6,19,4749935,31882,490,3,2,2,0,1,1,0,50,1,0,1,0,0
201600001985,16,3,20,1715,1,2,2,1,3,63,4735253,76280,490,3,2,2,0,2,1,0,0,1,5,1,99,0
201600001986,16,4,16,1915,2,1,1,1,2,160,4741600,90110,490,3,2,0,0,0,1,0,0,1,0,1,99,0
201600001987,16,4,3,1415,1,2,1,1,3,163,4755653,23150,490,3,2,0,0,2,1,0,33,1,0,1,99,0
201600001988,16,6,14,1745,1,1,2,1,3,127,4763321,24889,490,3,2,2,0,1,1,0,70,1,5,1,99,0
201600001989,16,8,1,1915,1,2,2,1,1,333,4757922,35100,490,3,2,2,0,1,1,0,0,1,5,1,99,0
201600001990,16,8,30,1345,1,1,2,1,3,333,4757065,34718,490,3,2,2,0,2,1,0,0,0,5,1,99,0
201600001991,16,12,24,1300,1,1,6,1,7,188,4756795,32740,490,3,2,2,0,1,1,0,44,2,5,1,99,0
201600001992,16,7,19,1930,1,1,1,1,3,151,4720171,112296,490,3,2,2,0,1,1,0,0,1,0,0,0,0
201600001993,16,1,12,1715,2,1,1,1,1,225,4727073,76809,490,3,2,2,0,0,2,0,40,1,0,1,99,0
201600001994,16,4,14,1700,1,1,1,1,7,300,4725168,77829,490,3,2,2,0,1,2,0,0,2,0,1,99,0
201600001995,16,5,28,1300,1,2,1,1,3,92,4721427,72202,490,3,2,2,0,1,1,40,0,1,0,1,0,0
201600001996,16,5,30,1730,1,2,1,1,2,268,4728972,84814,490,3,2,0,0,1,1,0,80,1,5,1,0,0
201600001997,16,6,4,600,2,1,2,1,3,225,4728121,78227,490,3,2,2,0,1,1,40,0,1,0,1,99,0
201600001998,16,8,6,1615,1,1,1,1,2,111,4716942,65817,490,3,2,2,0,1,1,0,56,1,0,1,99,1
201600001999,16,7,30,1300,1,1,1,1,6,355,4711564,80298,490,3,2,2,0,1,1,0,0,1,0,3,99,0
201600002000,16,9,14,1715,1,1,1,1,6,92,4724143,76333,490,3,2,2,0,2,2,50,50,1,0,1,99,0
201600002001,16,10,6,800,1,1,1,1,1,92,4719920,71945,490,3,2,2,0,1,1,0,70,1,0,1,99,0
201600002002,16,10,12,1600,1,1,1,1,6,355,4713441,77654,490,3,2,2,0,1,1,0,70,1,0,1,0,0
201600002003,16,10,31,1330,1,2,1,1,6,92,4720763,72449,490,3,2,2,0,2,1,0,0,1,0,1,99,1
201600002004,16,11,18,2100,3,1,1,3,7,343,4699470,83631,490,3,2,2,0,2,3,0,47,2,0,3,99,0
201600002005,16,11,20,200,3,1,1,6,7,74,4718966,79484,490,3,2,2,0,1,1,0,60,2,0,1,99,0
201600002006,16,1,14,1545,1,1,2,1,3,258,4713145,108324,490,3,2,0,0,0,1,77,249,1,5,1,0,0
201600002007,16,2,8,1300,1,1,1,6,6,27,4715510,93307,490,4,2,2,0,2,1,0,45,2,0,3,99,1
201600002008,16,3,6,745,1,1,1,1,1,301,4713370,96874,490,3,2,2,0,1,2,0,62,1,0,1,99,0
201600002009,16,5,3,1900,1,2,1,1,6,285,4712307,113132,490,3,2,2,0,1,1,0,60,1,0,4,99,0
201600002010,16,6,8,1815,1,1,3,1,3,193,4711128,86566,490,4,0,0,0,0,0,0,0,0,0,1,99,0
201600002011,16,6,25,1615,1,2,1,1,2,301,4711886,97377,490,3,2,2,0,1,1,0,70,1,0,1,99,0
201600002012,16,7,11,1915,1,2,1,1,1,285,4710378,112900,490,4,2,2,0,2,2,40,0,1,0,1,99,0
201600002013,16,7,22,100,3,1,1,1,5,332,4706579,93002,490,2,3,4,0,1,1,45,149,1,0,1,99,1
201600002014,16,7,21,1130,1,1,1,1,6,269,4700720,93615,490,3,3,4,0,1,1,20,200,1,0,1,99,0
201600002015,16,8,21,1700,1,1,1,1,6,258,4710416,106719,490,4,0,0,0,2,1,0,0,1,0,1,99,1
201600002016,16,9,4,1115,1,1,1,1,7,193,4711481,87345,490,4,2,2,0,1,1,0,0,1,0,1,99,0
201600002017,16,10,1,945,1,2,1,2,3,299,4709054,90967,490,3,2,2,0,1,1,0,54,2,0,1,3,0
201600002018,16,10,8,2030,3,1,1,1,7,332,4706769,95748,490,4,2,2,0,0,0,0,0,1,0,1,99,0
201600002019,16,10,12,815,1,2,1,1,6,301,4712190,99324,490,3,2,2,0,1,1,0,77,1,0,1,0,0
201600002020,16,10,14,1315,1,1,1,1,7,193,4715030,91069,490,4,2,2,0,1,2,0,45,1,0,3,99,0
201600002021,16,11,16,1130,1,2,1,1,6,206,4709715,112569,490,6,0,0,3,1,1,0,0,1,0,3,99,0
201600002022,16,12,3,745,3,1,1,1,6,99,4704335,93614,490,4,2,2,0,1,2,0,50,9,0,3,99,0
201600002023,16,12,5,2130,3,1,1,2,7,193,4714121,84861,490,3,2,2,0,1,1,49,49,2,0,3,99,0
201600002024,16,12,9,1730,5,1,6,1,6,301,4711390,99356,490,3,2,2,0,1,3,30,60,1,5,1,99,0
201600002025,16,12,11,1615,1,1,1,2,7,258,4711877,107697,490,2,3,4,0,1,1,0,70,2,0,3,99,0
201600002026,16,1,23,1915,3,1,1,2,1,83,4729559,97209,490,4,2,0,0,2,0,42,0,2,0,1,99,0
201600002027,16,2,2,745,2,1,1,2,7,276,4737083,97434,490,3,2,2,0,1,1,0,0,2,0,3,99,1
201600002028,16,3,6,1615,1,2,1,1,6,276,4736068,101608,490,3,2,2,0,1,1,0,70,1,0,1,0,0
201600002029,16,4,25,730,2,2,1,7,3,126,4734401,120400,490,3,2,2,0,1,3,0,60,1,0,1,99,0
201600002030,16,5,6,2015,1,2,3,1,3,276,4736067,100984,490,3,2,0,0,1,1,0,65,1,0,1,0,0
201600002031,16,5,16,130,4,2,1,1,6,172,4726685,123811,490,3,2,2,0,1,3,0,60,1,0,1,99,0
201600002032,16,5,21,845,1,2,1,1,2,316,4727293,108023,490,3,2,2,0,1,1,0,36,1,0,1,99,0
201600002033,16,6,25,145,5,2,1,1,6,177,4734464,116285,490,3,2,2,0,0,3,0,63,1,0,1,99,1
201600002034,16,8,28,1815,1,1,1,1,6,69,4733879,125576,490,3,2,2,0,2,2,0,6,1,0,3,0,0
201600002035,16,9,3,1430,1,1,1,1,7,83,4728086,100108,490,3,2,2,0,2,1,0,0,1,0,1,99,0
201600002036,16,9,17,1700,1,1,1,1,5,126,4731426,119301,490,4,2,2,0,2,1,0,0,1,0,1,99,1
201600002037,16,10,3,2145,3,1,1,1,1,177,4736580,112888,490,4,2,2,0,2,4,0,0,1,0,1,99,0
201600002038,16,10,8,1300,1,1,1,1,7,137,4720254,104464,490,3,2,2,0,1,1,0,6,1,0,1,99,0
201600002039,16,11,23,1815,5,2,1,1,6,276,4736359,101477,490,3,2,2,0,1,1,0,6,1,0,1,0,0
201600002040,16,11,26,1145,1,2,1,1,6,69,4733612,125819,490,4,2,2,0,1,1,0,6,1,0,1,99,0
201600002041,16,11,28,745,2,1,3,1,3,83,4726939,101344,490,3,2,2,0,2,1,0,6,1,0,1,0,0
201600002042,16,10,27,730,5,2,1,1,7,137,4722130,103798,490,3,2,2,0,1,1,0,6,1,0,1,0,0
201600002043,16,12,3,1500,1,1,1,1,7,313,4725265,101833,490,3,2,2,0,1,1,230,440,1,0,1,99,0
201600002044,16,12,5,45,3,1,1,1,7,172,4727767,121222,490,3,2,2,0,1,1,0,6,1,0,1,99,0
201600002045,16,12,29,1445,1,1,2,1,3,190,4735536,105265,490,3,2,2,0,1,1,0,6,1,0,1,0,0
201600002046,16,9,13,900,1,1,1,3,7,190,4735493,104893,490,3,2,2,0,1,2,0,0,2,0,1,99,0
201600002047,16,4,13,1145,1,1,1,1,7,352,4703561,75131,490,4,2,2,0,1,1,44,0,1,0,3,0,0
201600002048,16,4,20,1245,1,1,2,1,3,192,4701533,74417,490,3,2,2,0,1,1,10,130,1,5,1,99,0
201600002049,16,4,23,1545,1,1,2,1,1,355,4713520,81260,490,3,2,2,0,0,3,50,0,1,5,1,99,0
201600002050,16,7,14,500,2,2,1,1,1,192,4701438,76276,490,3,2,2,0,1,3,55,0,1,0,1,0,0
201600002051,16,8,23,700,1,2,1,1,1,352,4705381,76432,490,3,2,2,0,1,1,0,0,1,0,1,0,0
201600002052,16,11,25,1315,1,1,1,1,6,371,4712270,68655,490,3,2,2,0,1,1,0,75,1,0,3,99,0
201600002053,16,1,4,115,1,1,1,1,6,368,4740373,5725,490,3,2,2,0,1,1,50,10,2,0,3,99,0
201600002054,16,1,30,500,3,1,1,2,6,372,4752156,12645,490,3,2,2,0,1,1,0,50,2,0,1,99,0
201600002055,16,2,18,1415,1,1,1,1,5,101,4765074,7259,490,3,2,2,0,1,1,0,70,1,0,1,99,0
201600002056,16,3,17,1830,1,1,1,1,6,368,4739089,4268,490,3,2,2,0,2,2,0,51,1,0,3,99,1
201600002057,16,8,4,1700,1,1,2,1,3,150,4755257,6962,490,3,2,2,0,1,1,0,0,1,5,1,0,1
201600002058,16,9,25,2015,3,1,1,1,7,143,4762701,13759,490,3,2,2,0,1,3,0,48,1,0,3,99,0
201600002059,16,10,18,30,3,1,1,1,7,228,4751585,7618,490,3,2,2,0,1,1,0,70,1,0,1,99,0
201600002060,16,11,10,1615,1,1,1,1,2,128,4755032,15413,490,3,2,2,0,1,1,0,0,1,0,1,99,1
201600002061,16,12,10,1630,1,1,1,1,6,197,4753015,17807,490,4,0,0,0,0,1,0,0,1,0,1,0,0
201600002062,16,1,24,1715,1,1,2,1,3,356,4715012,47691,490,3,2,3,3,0,1,0,70,1,5,1,0,0
201600002063,16,3,4,745,2,1,1,3,3,211,4715403,52236,490,3,2,2,0,1,3,0,0,2,0,1,99,0
201600002064,16,3,6,1315,1,2,1,1,3,240,4706895,63372,490,3,2,2,0,1,1,0,47,1,0,1,99,0
201600002065,16,3,9,1945,3,1,1,3,6,211,4716837,51508,490,3,2,2,0,1,1,13,48,2,0,1,99,0
201600002066,16,4,8,1230,1,1,1,8,3,211,4719829,51935,490,3,2,2,0,1,2,0,47,1,0,1,99,0
201600002067,16,5,1,2030,1,1,1,7,1,232,4712660,38160,490,3,2,2,0,1,3,0,59,1,0,1,99,1
201600002068,16,6,18,1100,1,1,2,1,3,182,4722181,33206,490,3,2,2,0,1,1,0,59,1,5,1,99,0
201600002069,16,10,26,1715,1,1,2,1,3,191,4723251,40362,490,3,2,2,0,1,1,0,70,1,0,1,99,0
201600002070,16,12,11,1915,3,1,1,2,4,373,4713767,55219,490,3,3,4,0,4,1,0,100,1,0,1,99,0
201600002071,16,12,16,1800,3,1,1,1,1,141,4721283,25088,490,3,2,2,0,1,1,0,45,1,0,1,99,0
201600002072,16,1,1,1800,3,1,1,1,6,224,4731037,2749,490,3,2,2,0,1,1,0,80,1,0,1,99,0
201600002073,16,1,9,945,1,1,1,7,3,378,4733771,8865,490,4,0,2,0,1,1,0,40,2,0,1,99,0
201600002074,16,2,20,2345,3,1,1,2,6,30,4736077,8930,490,3,2,0,0,1,1,90,90,2,0,1,0,0
201600002075,16,4,10,1800,1,1,4,1,3,116,4747174,6919,490,3,2,2,0,1,2,0,0,1,5,1,99,0
201600002076,16,6,4,1400,1,2,1,1,6,94,4730867,15348,490,3,2,2,0,0,2,0,60,0,0,1,99,0
201600002077,16,7,31,1900,1,1,1,1,1,180,4737229,14283,490,3,2,2,0,1,1,0,65,1,0,1,99,0
201600002078,16,8,26,315,4,2,1,1,6,279,4735296,27514,490,3,2,2,0,1,3,0,0,1,0,1,99,0
201600002079,16,8,27,2330,3,1,1,1,2,41,4728604,5892,490,3,2,2,0,1,1,0,118,1,0,1,99,0
201600002080,16,8,30,2000,1,1,1,1,1,149,4734662,23858,490,3,2,2,0,1,1,0,57,1,0,1,99,0
201600002081,16,9,9,1845,1,1,1,1,6,272,4734268,19819,490,4,2,2,0,1,1,0,0,1,0,1,99,0
201600002082,16,9,15,1215,1,2,1,2,3,41,4730123,6290,490,4,2,2,0,0,1,0,0,2,0,1,3,0
201600002083,16,9,18,1800,1,1,1,1,1,180,4739313,10356,490,3,2,2,0,0,3,0,0,1,0,1,99,0
201600002084,16,10,9,1700,1,1,1,1,2,311,4738795,6167,490,3,2,2,0,1,1,0,60,1,0,1,99,0
201600002085,16,10,24,745,3,1,3,5,3,311,4738482,7697,490,3,2,0,0,1,1,0,60,2,0,1,99,0
201600002086,16,11,29,1945,5,2,1,1,6,180,4738712,11575,490,4,2,2,0,1,1,0,0,1,0,1,99,0
201600002087,16,12,2,2015,3,1,6,1,6,378,4730485,3615,490,3,2,2,0,1,1,0,0,1,5,1,99,0
201600002088,16,12,9,715,3,1,1,5,1,180,4736850,14607,490,3,2,2,0,0,1,0,48,1,0,1,99,0
201600002089,16,12,24,830,1,1,1,8,1,261,4735365,23659,490,3,2,2,0,1,2,0,0,2,0,1,99,1
201600002090,16,12,30,1645,1,1,1,1,6,2,4728631,5796,490,3,2,2,0,1,1,100,0,1,0,3,99,0
201600002091,16,4,30,1415,1,1,1,1,7,302,4713069,29151,490,3,2,0,0,0,3,0,48,1,0,3,0,0
201600002092,16,8,20,1700,1,1,1,1,6,140,4719702,21,490,3,2,2,0,4,3,0,58,1,0,1,99,0
201600002093,16,11,22,1400,1,2,1,2,1,219,4721446,6683,490,3,2,2,0,1,1,0,32,1,0,1,99,0
201600002094,16,12,10,1615,1,2,1,1,3,215,4713902,15522,490,4,2,2,0,2,1,0,0,1,0,1,99,1
201600002095,16,1,29,745,2,2,1,1,3,331,4769764,86440,490,4,2,2,0,1,1,0,49,1,0,1,99,0
201600002096,16,2,7,600,3,1,1,1,6,8,4757325,101965,490,3,2,2,0,1,1,0,65,1,0,3,99,0
201600002097,16,2,13,1400,1,1,1,6,1,61,4760234,103428,490,3,2,2,0,2,4,61,0,2,0,1,0,0
201600002098,16,2,17,1930,3,1,1,1,1,184,4769515,76631,490,4,2,1,0,1,1,0,35,2,0,1,99,0
201600002099,16,4,18,1800,1,2,3,1,3,331,4768913,87931,490,4,0,0,0,0,0,0,0,0,0,0,0,0
201600002100,16,8,14,1930,1,2,2,1,3,54,4756040,103796,490,4,2,1,0,2,1,55,55,1,0,1,99,0
201600002101,16,10,12,1505,1,2,2,1,3,36,4774202,96735,490,3,0,0,0,0,1,0,0,1,0,1,0,0
201600002102,16,12,2,1330,1,1,2,1,3,61,4762626,110304,490,3,2,2,0,1,1,0,0,1,5,1,99,0
201600002103,16,12,18,730,3,1,1,5,3,103,4770881,100156,490,3,0,2,0,1,1,0,0,2,0,1,0,0
201600002104,16,12,20,1830,5,2,3,1,3,277,4767594,88319,490,4,0,0,0,1,3,0,0,1,0,1,99,0
201600002105,16,3,4,1900,5,2,1,8,1,176,4762255,71997,490,4,2,0,0,0,1,0,62,1,0,1,99,0
201600002106,16,4,9,1600,1,1,6,8,7,176,4763581,72336,490,3,3,2,0,0,3,0,0,1,0,1,99,0
201600002107,16,5,21,1200,1,1,1,1,6,5,4766942,78255,490,3,3,4,0,1,1,0,65,1,0,1,99,0
201600002108,16,6,25,1815,1,1,1,1,7,298,4747098,70629,490,4,2,2,0,1,3,0,0,1,0,1,99,0
201600002109,16,7,12,830,1,2,7,1,3,376,4746299,89203,490,3,2,2,0,4,3,0,45,1,0,1,99,0
201600002110,16,7,14,1900,1,1,1,1,7,249,4756739,79700,490,3,2,2,0,1,4,0,51,1,0,1,0,1
201600002111,16,10,7,1930,2,1,1,1,3,271,4751218,72546,490,3,2,2,0,1,1,0,0,1,0,1,99,0
201600002112,16,11,11,800,1,1,1,1,6,183,4751744,86706,490,3,2,2,0,1,1,0,42,1,0,3,99,0
201600002113,16,12,10,2230,3,1,1,5,6,298,4747933,71864,490,3,2,2,0,1,0,0,0,1,0,1,0,0
201600002114,16,2,7,715,2,1,1,1,1,135,4761012,58559,490,3,0,2,0,0,1,38,0,1,0,1,99,1
201600002115,16,2,12,1500,1,1,1,2,6,132,4765742,44868,490,3,3,2,0,0,1,0,0,2,0,1,0,0
201600002116,16,2,17,1245,1,1,1,1,6,135,4760654,61667,490,3,2,2,0,1,1,0,48,1,0,3,99,0
201600002117,16,3,29,1100,1,1,1,1,6,170,4766311,53510,490,3,2,2,0,1,2,0,50,1,0,1,99,0
201600002118,16,7,6,1145,1,1,1,1,1,90,4762678,51083,490,4,2,2,0,0,1,0,0,1,0,1,99,0
201600002119,16,8,18,1300,1,2,1,1,3,80,4768281,50063,490,6,0,0,0,1,1,0,0,1,0,1,99,0
201600002120,16,10,6,1000,1,1,1,1,1,105,4772193,51389,490,3,2,2,0,1,1,0,58,1,0,1,99,0
201600002121,16,11,2,1945,3,1,2,1,3,135,4756248,58539,490,3,2,2,0,1,1,0,0,1,0,1,99,0
201600002122,16,11,17,845,1,1,1,2,6,337,4757460,44044,490,3,2,2,0,1,1,0,48,2,0,1,99,0
201600002123,16,12,2,845,1,1,1,5,7,339,4758452,55369,490,3,2,2,0,1,1,0,0,7,0,3,99,0
201600002124,16,12,7,900,2,1,1,5,7,189,4772709,60474,490,3,2,2,0,2,1,0,55,1,0,3,99,1
201600002125,16,12,10,600,3,1,1,5,7,335,4774769,57340,490,9,0,0,0,1,1,0,0,2,0,3,99,1
201600002126,16,9,22,1730,1,2,1,1,6,168,4798617,78239,530,3,2,2,0,2,1,0,0,1,0,1,99,0
201600002127,16,10,7,2100,3,1,1,1,2,82,4798081,86417,530,3,2,0,0,1,1,0,0,1,0,1,0,0
201600002128,16,10,29,30,3,2,1,1,7,1,4802493,87186,530,3,2,0,0,0,1,0,0,1,0,0,0,0
201600002129,16,5,5,1100,1,1,1,1,7,220,4803686,53846,530,3,2,2,0,0,2,0,52,1,0,3,99,0
201600002130,16,6,10,1515,1,1,1,1,3,49,4815426,63642,530,3,2,0,0,0,1,0,60,1,0,1,99,0
201600002131,16,9,12,1545,1,1,1,1,3,141,4806654,65218,530,3,3,2,0,0,1,0,72,1,0,1,99,0
201600002132,16,9,13,1900,1,1,1,1,7,152,4795250,57094,530,3,2,1,0,1,1,0,57,9,0,1,99,0
201600002133,16,9,25,1200,1,1,1,1,1,25,4802382,60949,530,3,2,2,0,1,2,0,54,1,0,1,99,1
201600002134,16,9,27,1115,1,2,1,1,6,152,4795512,56003,530,6,0,0,0,1,0,0,0,1,0,0,99,0
201600002135,16,11,2,745,1,1,1,5,5,67,4797118,45824,530,3,2,2,0,0,1,0,62,1,0,1,99,0
201600002136,16,2,9,1445,1,2,1,1,6,59,4809952,52065,530,3,3,2,0,1,2,0,71,1,0,1,99,0
201600002137,16,5,22,730,1,2,1,2,6,97,4815329,39474,530,4,2,2,0,1,2,0,102,2,0,1,99,0
201600002138,16,7,18,2000,1,1,1,7,3,10,4815549,33850,530,3,2,0,0,2,1,0,60,1,0,1,0,0
201600002139,16,7,22,2000,1,2,1,1,6,97,4815040,39587,530,9,2,1,0,1,1,0,63,1,0,1,0,0
201600002140,16,9,10,1545,1,1,3,1,5,255,4810243,37813,530,3,2,2,0,0,1,0,58,1,0,1,99,0
201600002141,16,9,13,2115,5,2,1,1,1,276,4813641,29167,530,3,2,2,0,2,3,0,76,1,0,1,99,0
201600002142,16,10,21,1700,1,2,1,1,1,265,4809584,27080,530,3,2,0,0,0,3,0,0,1,0,1,0,0
201600002143,16,12,28,2230,3,1,1,1,1,59,4809144,52895,530,3,2,2,0,1,1,0,60,1,0,1,0,0
201600002144,16,2,4,1815,5,2,1,1,6,62,4782844,69806,530,6,0,0,0,1,0,0,0,1,0,0,3,0
201600002145,16,2,25,1615,1,1,1,1,2,14,4784215,65091,530,3,2,2,0,1,1,0,80,1,0,1,99,0
201600002146,16,2,26,2115,3,1,1,1,1,37,4787095,38535,530,3,2,2,0,3,1,0,70,1,0,1,0,0
201600002147,16,3,1,1515,1,1,1,3,7,62,4785457,76443,530,3,2,2,0,1,0,0,52,2,0,1,99,1
201600002148,16,3,1,2145,3,2,1,1,6,14,4784329,69738,530,2,2,2,0,0,1,0,74,1,0,1,99,0
201600002149,16,4,21,1700,1,1,1,2,7,46,4793574,50624,530,3,2,0,0,0,1,0,70,2,0,1,99,0
201600002150,16,5,4,1230,1,1,2,1,3,66,4778121,77090,530,3,3,2,0,1,1,0,67,1,0,1,99,1
201600002151,16,5,8,1400,1,1,1,1,6,78,4780715,63816,530,4,2,0,0,1,2,0,0,1,0,3,99,1
201600002152,16,6,7,1545,1,2,1,1,6,104,4785396,60807,530,3,2,0,0,1,1,0,0,1,0,1,0,0
201600002153,16,6,26,430,2,1,1,1,6,62,4782964,73320,530,3,2,2,0,1,2,0,96,1,0,3,99,0
201600002154,16,7,5,1430,1,2,3,1,3,62,4783715,72037,530,3,2,2,0,4,1,0,60,1,0,1,0,0
201600002155,16,7,16,1445,1,2,1,1,3,14,4782440,69033,530,2,2,2,0,1,1,0,74,1,0,1,99,0
201600002156,16,7,18,915,1,2,1,1,3,62,4783619,72805,530,9,2,2,0,1,1,0,64,1,0,1,99,0
201600002157,16,7,31,1315,1,1,1,1,7,117,4791126,73017,530,3,2,2,0,1,2,0,50,1,0,3,0,0
201600002158,16,8,20,1215,1,1,1,1,7,29,4780805,56114,530,3,2,2,0,0,2,0,57,1,0,3,99,0
201600002159,16,9,1,915,1,1,2,1,3,46,4792568,48687,530,3,0,2,0,1,1,0,50,1,0,1,99,0
201600002160,16,9,13,2330,3,1,1,6,6,14,4779951,65351,530,3,2,2,0,2,1,0,0,2,0,1,99,0
201600002161,16,10,5,1745,1,1,1,1,2,4,4781329,80988,530,3,2,0,0,0,1,0,0,1,0,1,0,0
201600002162,16,10,18,845,1,2,1,8,6,62,4782942,71130,530,4,0,0,0,1,1,55,0,1,0,1,99,1
201600002163,16,11,20,45,3,1,1,6,6,150,4778382,67658,530,3,2,2,0,1,1,0,0,2,0,3,99,0
201600002164,16,11,22,115,3,1,1,1,6,62,4781549,72839,530,3,2,2,0,1,1,0,0,1,0,3,99,0
201600002165,16,12,1,1530,1,1,1,1,7,206,4792685,58275,530,3,2,2,0,1,1,0,0,1,0,3,0,0
201600002166,16,12,11,1,3,1,1,5,6,63,4781812,59811,530,3,2,2,0,1,3,0,65,2,0,1,99,0
201600002167,16,12,16,645,2,1,1,5,6,4,4781278,81243,530,3,2,2,0,1,1,0,62,2,0,3,99,0
201600002168,16,12,29,1245,1,1,9,1,2,37,4787091,38541,530,3,2,2,0,1,1,0,70,1,0,1,99,0
201600002169,16,2,6,1815,3,1,2,6,3,135,4791622,100124,530,3,2,2,0,1,1,0,72,2,5,1,0,0
201600002170,16,2,25,815,1,1,1,1,1,77,4790973,92583,530,3,2,2,0,1,1,0,73,1,0,3,0,1
201600002171,16,3,7,1800,1,1,1,1,7,77,4793009,91776,530,3,2,2,0,2,1,0,75,1,0,3,0,0
201600002172,16,6,5,45,3,1,1,1,7,84,4785341,94121,530,3,2,2,0,0,1,0,43,1,0,1,0,0
201600002173,16,6,24,1500,1,1,1,1,3,77,4792018,92143,530,3,2,2,0,1,1,0,72,1,0,1,0,0
201600002174,16,7,11,1730,1,1,1,1,7,258,4784663,105891,530,3,2,2,0,0,2,0,54,1,0,3,99,0
201600002175,16,12,2,1915,3,1,1,5,6,191,4790582,110373,530,3,2,0,0,2,3,0,60,1,0,3,0,0
201600002176,16,12,5,830,1,2,6,1,3,84,4784504,96455,530,3,2,2,0,1,2,0,50,1,0,1,0,0
201600002177,16,12,18,700,3,1,1,5,3,58,4789578,92923,530,3,2,2,0,1,1,0,72,2,0,1,99,0
201600002178,16,2,29,1600,1,2,1,7,6,147,4830852,62265,530,3,3,2,0,1,1,0,0,1,6,1,0,0
201600002179,16,4,29,1800,1,2,1,1,2,147,4828338,61587,530,2,2,0,0,1,3,0,60,1,0,1,0,0
201600002180,16,5,24,1630,1,1,3,1,3,8,4831010,54104,530,3,2,0,0,1,3,0,60,1,0,1,0,0
201600002181,16,8,20,1300,1,1,1,1,5,8,4829334,59123,530,2,2,2,0,0,1,0,74,1,0,1,99,1
201600002182,16,8,20,745,2,1,1,1,2,8,4833753,54051,530,2,2,2,0,1,1,0,74,1,0,1,99,0
201600002183,16,9,10,1100,1,2,6,1,3,147,4828559,62272,530,4,2,2,1,4,1,0,32,1,0,1,0,0
201600002184,16,10,6,815,1,1,1,1,7,72,4823850,63320,530,4,2,0,0,2,1,0,0,1,0,1,0,0
201600002185,16,10,11,1030,1,2,6,7,3,147,4829823,61489,530,4,1,1,0,1,3,0,0,1,5,1,0,0
201600002186,16,1,23,1715,1,2,1,1,6,96,4829701,94031,530,2,2,2,0,1,1,0,0,1,0,1,0,0
201600002187,16,5,8,600,3,1,1,1,6,64,4832801,71874,530,3,2,0,0,0,1,0,0,1,0,0,99,1
201600002188,16,6,9,745,1,2,1,1,1,107,4841108,80231,530,3,2,2,0,1,1,0,79,1,0,1,99,1
201600002189,16,7,1,2000,1,1,1,2,6,245,4842737,28982,530,2,2,0,0,0,1,0,0,2,0,0,99,0
201600002190,16,7,5,1045,1,1,1,1,1,111,4837064,60707,530,3,2,2,0,2,1,0,0,1,0,1,99,0
201600002191,16,7,7,1115,1,2,1,1,7,96,4829948,92757,530,4,2,2,0,1,1,0,0,1,0,1,0,1
201600002192,16,7,10,2030,1,1,1,1,4,177,4831344,105682,530,2,3,2,0,3,0,0,70,1,0,1,99,0
201600002193,16,9,7,1900,1,2,1,7,6,96,4829701,94031,530,2,2,2,0,2,0,0,60,1,6,1,99,1
201600002194,16,9,6,2015,1,2,1,1,7,96,4829320,92927,530,4,2,2,0,1,1,0,0,8,0,1,99,0
201600002195,16,11,9,1815,3,1,1,3,6,131,4844495,80473,530,3,2,2,0,0,1,0,61,2,0,1,99,1
201600002196,16,11,28,800,1,1,1,1,7,213,4842244,106261,530,3,2,2,0,2,2,0,0,1,0,3,99,0