Num_Acc,an,mois,jour,hrmn,lum,agg,int,atm,col,com,lat,long,dep,catr,circ,nbv,vosp,prof,plan,lartpc,larrout,surf,infra,situ,env1,killed
201600002197,16,4,26,1600,1,1,1,3,7,144,4831183,48147,530,3,2,0,0,1,1,0,55,2,0,3,0,0
201600002198,16,6,5,100,3,1,1,1,7,127,4846361,45184,530,3,2,2,0,1,1,0,63,1,0,0,99,0
201600002199,16,10,6,1315,1,1,1,1,7,230,4849922,41429,530,3,2,0,0,1,4,0,54,9,0,3,0,0
201600002200,16,6,9,1645,1,1,1,1,3,236,4829460,17069,530,3,2,2,0,0,1,0,40,1,0,1,0,0
201600002201,16,10,25,2000,3,1,1,1,1,208,4843467,26270,530,2,2,2,0,0,1,0,75,1,0,1,99,0
201600002202,16,2,4,1155,1,2,1,1,6,283,4626032,565289,10,3,2,2,0,1,1,0,60,1,0,4,99,1
201600002205,16,4,8,1425,1,2,1,2,6,283,4625881,566171,10,4,1,0,0,2,1,0,35,2,0,1,99,0
201600002206,16,5,20,1745,1,1,1,1,5,283,4624508,570369,10,3,0,2,0,2,0,0,0,0,0,1,0,0
201600002207,16,6,15,415,5,2,3,1,3,283,4626644,565716,10,4,2,0,1,2,2,0,0,0,0,1,99,0
201600002208,16,7,18,1615,1,2,1,1,6,283,4624440,564520,10,4,1,1,3,1,1,0,0,1,0,2,99,1
201600002209,16,7,24,1125,1,1,1,1,6,283,4625286,568719,10,3,2,2,0,2,3,0,72,1,0,3,99,1
201600002210,16,8,18,2155,5,2,3,1,1,31,4625285,563659,10,4,2,0,0,1,1,0,104,2,0,1,99,0
201600002211,16,10,11,1215,1,1,1,1,6,14,4629041,565550,10,3,1,2,0,2,2,0,70,1,0,1,99,0
201600002213,16,11,30,1730,2,2,1,1,6,283,4625579,565132,10,4,0,2,0,0,0,0,48,0,0,1,0,1
201600002214,16,1,15,1715,2,2,1,1,1,178,4794500,56800,720,3,2,2,0,0,3,0,63,2,0,1,99,0
201600002215,16,4,21,715,2,1,1,1,6,64,4786500,74500,720,3,2,0,0,0,1,0,51,1,0,3,0,0
201600002216,16,5,21,1530,1,1,1,3,7,35,4784700,72600,720,4,2,0,0,1,4,0,0,2,0,1,99,0
201600002218,16,9,16,1345,1,1,1,3,6,303,4801400,59600,720,3,2,0,0,2,3,0,50,2,0,3,0,0
201600002220,16,6,18,1215,1,2,1,1,3,334,4819600,12800,720,3,2,0,0,2,2,0,105,1,5,1,99,0
201600002221,16,1,22,845,1,1,1,2,1,386,4802100,28400,720,3,2,2,0,1,1,0,134,2,0,1,99,0
201600002222,16,2,29,2100,5,1,1,1,6,90,4807700,48500,720,3,2,2,0,1,2,0,0,2,0,1,99,0
201600002224,16,4,17,1845,1,1,4,1,3,172,4809700,60000,720,3,2,0,0,0,1,0,0,1,0,1,99,0
201600002225,16,5,17,1900,1,1,1,1,6,300,4802900,35800,720,3,2,2,0,1,1,0,73,1,0,3,99,0
201600002226,16,5,25,2300,3,1,1,1,6,172,4808700,62000,720,3,2,2,0,3,1,0,56,1,0,1,99,1
201600002227,16,7,5,745,1,2,1,1,6,345,4798000,46300,720,3,2,2,0,2,2,0,0,1,0,1,0,0
201600002229,16,7,21,1345,1,1,1,1,1,386,4800700,28700,720,3,2,0,0,1,1,0,0,1,0,1,99,1
201600002230,16,7,20,745,1,1,1,1,6,224,4803000,48900,720,3,2,2,0,2,3,0,59,1,0,1,99,0
201600002231,16,7,25,1345,1,1,1,1,7,271,4813800,43800,720,3,2,0,0,1,1,0,50,1,0,1,99,0
201600002232,16,7,23,1815,1,2,1,1,7,363,4811900,52400,720,3,0,2,0,2,4,0,0,1,0,1,99,0
201600002234,16,8,22,1900,1,1,1,1,5,54,4800900,36800,720,3,2,2,0,0,1,0,88,1,0,1,0,0
201600002238,16,11,9,1715,5,2,1,2,3,165,4807800,42000,720,3,2,0,0,1,1,71,0,2,0,1,99,0
201600002239,16,11,15,1715,1,1,1,2,1,300,4803700,38000,720,3,2,0,0,0,3,0,64,2,0,1,99,0
201600002240,16,11,11,2330,3,1,1,2,6,363,4813300,53900,720,4,2,0,0,1,1,45,84,2,0,3,0,0
201600002241,16,12,9,1645,1,1,1,1,5,90,4804700,46200,720,3,2,2,0,0,1,109,0,1,0,1,0,0
201600002242,16,12,16,1915,3,1,1,1,1,358,4805600,51900,720,3,2,2,0,1,1,0,0,1,0,1,99,0
201600002243,16,12,18,1415,1,1,1,5,1,122,4807800,54000,720,3,2,2,0,3,1,0,74,1,0,1,99,1
201600002255,16,5,27,1815,1,2,1,1,3,381,4793500,6800,720,9,2,2,0,1,1,0,0,1,0,1,3,0
201600002256,16,7,26,1400,1,1,2,1,3,257,4800900,15700,720,4,2,1,0,0,3,0,48,1,0,1,0,0
201600002263,16,7,2,100,3,1,1,1,3,154,4769000,6300,720,3,2,2,0,1,1,0,73,1,0,1,99,0
201600002264,16,7,17,15,3,1,1,1,2,154,4769800,11200,720,3,2,2,0,1,1,35,72,1,0,1,99,0
201600002265,16,7,24,1515,1,2,1,7,6,25,4769200,17200,720,3,2,0,0,1,1,0,80,1,0,3,0,1
201600002266,16,10,19,1415,1,2,1,1,1,154,4770100,7200,720,4,1,1,0,1,2,0,0,1,0,1,99,0
201600002268,16,10,26,2200,3,1,1,1,7,221,4767300,39900,720,3,0,2,0,0,0,0,0,0,0,0,0,0
201600002270,16,11,23,1815,3,1,1,2,3,228,4784500,23100,720,3,2,2,0,1,1,0,0,2,5,1,99,0
201600002271,16,1,4,1615,1,1,1,1,1,50,4798000,22400,720,3,2,2,0,1,3,0,60,1,0,1,0,0
201600002272,16,1,18,1130,1,1,1,2,6,22,4777900,21000,720,3,2,2,0,1,1,0,0,2,0,3,0,0
201600002274,16,3,8,1930,3,1,1,1,5,50,4798800,22600,720,3,2,2,0,4,1,0,67,1,0,1,99,0
201600002275,16,4,20,1000,1,1,1,1,3,228,4782400,20200,720,3,2,2,0,1,1,0,58,1,0,1,99,1
201600002276,16,6,13,1400,1,1,1,1,1,22,4777500,14100,720,4,2,2,0,1,1,0,0,1,0,1,99,0
201600002277,16,6,26,1745,1,1,1,1,7,50,4798600,20900,720,3,2,0,0,0,2,0,0,1,0,1,99,0
201600002278,16,8,12,800,1,2,1,1,6,223,4787100,9800,720,3,2,2,0,1,2,0,94,1,0,1,99,1
201600002280,16,9,2,1145,1,2,1,1,2,179,4781700,8000,720,3,2,0,0,1,1,0,72,1,5,1,0,0
201600002281,16,11,11,315,3,1,1,1,6,228,4784400,23800,720,3,2,2,0,0,1,0,74,1,0,3,99,1
201600002283,16,11,17,1830,3,1,1,8,1,44,4774100,5300,720,3,2,0,0,1,1,0,57,2,0,1,0,0
201600002285,16,11,23,1545,1,1,1,1,7,179,4779900,8800,720,3,2,2,0,1,1,0,0,1,0,3,99,0
201600002339,16,5,9,1515,1,1,1,1,1,288,4647121,164927,850,3,2,2,0,0,1,0,72,1,2,1,99,1
201600002340,16,5,13,815,1,1,1,1,1,52,4661269,162895,850,3,3,2,0,1,2,18,70,0,0,1,0,0
201600002341,16,4,6,1230,1,1,1,1,2,46,4666347,128082,850,3,3,4,0,0,3,0,95,1,0,1,0,1
201600002342,16,6,22,1930,1,1,1,1,1,73,4650407,119782,850,3,2,0,0,1,1,0,70,1,0,1,0,0
201600002343,16,7,22,1115,1,1,1,1,1,213,4658535,135346,850,3,2,0,0,0,3,0,0,1,0,1,99,0
201600002344,16,9,13,1830,1,1,1,2,6,46,4661903,130876,850,3,2,2,0,0,3,0,0,2,0,3,0,0
201600002345,16,10,22,1315,1,1,1,1,2,8,4662700,144146,850,3,0,0,0,0,1,0,84,1,3,1,99,0
201600002346,16,11,2,1200,1,1,1,1,3,69,4665433,150255,850,3,2,2,0,0,1,0,70,1,0,1,0,0
201600002347,16,3,10,700,5,2,1,2,3,165,4679592,112744,850,3,2,2,0,1,1,19,67,2,0,1,0,0
201600002348,16,3,20,1715,1,1,2,1,3,220,4673095,104611,850,3,0,0,0,0,0,0,0,0,5,1,99,0
201600002349,16,6,19,1545,1,1,1,1,3,89,4672667,131542,850,3,2,2,0,1,1,0,56,1,0,1,99,0
201600002350,16,6,22,1630,1,1,1,1,1,276,4673265,108092,850,3,2,2,0,1,1,0,70,1,0,1,99,0
201600002351,16,7,2,2000,1,1,1,1,6,246,4671067,118489,850,3,2,2,0,3,3,0,0,1,0,3,99,0
201600002352,16,8,22,1900,1,1,1,1,3,212,4679774,117269,850,4,2,2,0,1,1,0,31,1,0,1,99,0
201600002353,16,9,23,645,2,1,1,5,1,51,4670452,106194,850,3,2,4,0,1,1,0,126,1,0,1,99,0
201600002354,16,12,2,1545,1,1,1,7,1,51,4667240,108428,850,3,0,2,0,1,1,0,65,1,0,1,0,1
201600002355,16,12,16,1745,2,1,6,1,1,51,4670460,103628,850,3,2,2,0,1,0,0,0,1,0,1,99,0
201600002356,16,2,6,115,3,1,1,1,6,17,4690509,109882,850,3,0,2,0,1,1,0,65,1,0,3,0,0
201600002357,16,2,7,1400,1,1,1,1,6,153,4680826,102670,850,3,2,2,0,1,1,0,65,1,0,3,0,0
201600002358,16,2,4,2000,5,2,1,2,3,38,4688901,132145,850,4,2,2,0,1,0,50,0,2,0,1,0,0
201600002359,16,2,27,515,3,2,9,1,6,301,4682679,112463,850,4,2,2,0,0,2,0,0,1,0,1,0,0
201600002360,16,3,3,2045,5,2,6,3,3,109,4687146,102745,850,3,0,0,0,1,2,0,0,2,5,1,0,0
201600002361,16,3,29,1800,1,1,1,2,7,38,4685872,130683,850,3,2,2,0,0,1,0,0,2,0,3,0,0
201600002362,16,4,27,705,2,1,1,1,3,38,4688742,131076,850,3,2,2,0,0,3,0,65,1,0,1,0,1
201600002363,16,5,5,1215,1,1,1,1,6,82,4687471,87465,850,3,2,2,0,1,1,0,65,1,0,1,0,0
201600002364,16,7,20,1900,1,1,1,1,1,215,4687104,115611,850,3,2,2,0,1,1,0,59,1,0,1,0,0
201600002365,16,10,29,1230,1,1,1,1,5,109,4682510,101252,850,3,2,2,0,1,1,0,70,1,0,1,0,0
201600002366,16,10,29,1900,3,1,1,1,7,82,4687825,88568,850,3,2,2,0,2,1,0,53,1,0,1,0,0
201600002367,16,12,5,915,1,2,6,1,6,109,4687484,102475,850,3,2,0,0,2,1,0,65,2,0,1,0,0
201600002368,16,12,6,1215,1,2,1,1,3,109,4687046,101072,850,4,2,0,0,0,1,60,0,1,5,1,99,0
201600002369,16,12,24,1815,3,1,1,2,7,215,4688338,114237,850,3,2,2,0,1,3,0,0,2,0,3,0,0
201600002370,16,2,6,1,3,1,1,1,1,39,4700905,119446,850,4,2,0,0,1,1,0,46,1,0,1,0,0
201600002371,16,2,29,1345,1,1,1,1,3,107,4695538,122578,850,3,0,0,0,1,1,65,0,1,0,1,0,0
201600002372,16,3,8,1845,1,2,6,1,3,146,4697021,130752,850,3,2,0,0,0,1,0,0,0,0,0,0,0
201600002373,16,4,8,1045,1,2,9,1,6,295,4698485,123072,850,3,2,1,0,1,1,0,60,1,6,1,0,0
201600002374,16,4,17,30,3,1,1,1,7,217,4696508,130461,850,3,2,0,0,1,3,0,35,1,0,1,0,0
201600002375,16,5,4,1740,1,1,3,1,3,190,4695598,146763,850,3,2,2,0,1,1,0,60,1,0,3,0,1
201600002376,16,6,5,1715,1,2,1,1,1,217,4695064,129706,850,3,0,2,0,0,0,0,61,0,0,0,0,0
201600002377,16,6,21,1445,1,1,1,1,7,197,4691626,141466,850,4,2,2,0,1,0,0,38,1,0,1,0,0
201600002378,16,7,18,2000,2,1,1,1,3,21,4705247,128240,850,3,2,2,0,2,3,0,50,1,0,1,0,0
201600002379,16,7,22,745,1,2,1,1,3,217,4693889,127995,850,3,2,2,0,1,1,0,62,1,0,1,0,0
201600002380,16,7,27,2315,4,1,1,1,7,76,4705719,123473,850,3,2,2,0,1,1,0,135,1,5,1,99,0
201600002381,16,8,5,1815,1,1,1,7,5,224,4702131,133734,850,3,0,2,0,0,1,0,60,1,0,1,0,0
201600002382,16,8,22,1400,1,1,1,1,6,108,4689790,138462,850,3,3,2,0,0,0,0,0,1,0,1,0,1
201600002383,16,8,28,2030,1,1,1,1,3,21,4703753,126624,850,3,2,2,0,1,2,0,55,1,0,1,0,0
201600002384,16,9,8,700,2,1,1,1,1,190,4692275,153331,850,3,2,2,0,1,1,0,65,1,0,1,0,0
201600002385,16,9,30,645,5,2,1,1,3,108,4690864,137665,850,3,2,1,0,1,1,0,0,2,0,1,0,0
201600002386,16,10,6,1015,1,1,1,1,5,76,4704425,125053,850,3,2,0,0,0,3,90,0,1,0,1,0,0
201600002387,16,10,10,1800,1,1,1,1,7,272,4689751,140389,850,3,2,2,0,1,2,30,63,1,0,3,99,0
201600002388,16,12,15,1915,3,1,9,5,2,217,4692347,125252,850,3,2,0,0,1,1,0,0,2,0,1,99,0
201600002389,16,8,3,1800,1,1,1,1,5,302,4695609,97756,850,3,3,2,0,1,1,0,60,1,0,1,99,0
201600002390,16,10,1,1415,1,1,1,2,7,240,4692304,87522,850,4,2,0,0,0,3,0,62,2,0,1,0,0
201600002391,16,10,3,1215,1,1,1,1,3,119,4699320,112505,850,4,2,0,0,1,1,0,0,1,0,1,99,0
201600002392,16,1,14,1630,2,1,1,1,3,178,4675028,153905,850,4,2,1,0,2,1,0,0,1,0,1,0,0
201600002393,16,1,26,700,5,2,1,5,3,19,4679835,143734,850,3,2,2,0,1,1,0,100,1,0,1,0,0
201600002394,16,2,11,1030,1,2,7,7,6,3,4673950,160855,850,6,0,0,0,1,0,0,0,1,0,0,0,0
201600002395,16,2,28,2215,3,1,1,1,2,19,4677093,142984,850,3,3,4,0,1,2,0,0,1,0,1,0,0
201600002396,16,3,21,830,1,1,1,1,3,178,4674346,143457,850,4,2,0,0,1,1,0,65,1,0,1,0,0
201600002397,16,3,25,1130,1,2,9,1,3,3,4673691,161949,850,3,3,0,0,0,0,0,0,0,0,0,0,0
201600002398,16,4,10,450,3,1,1,1,6,3,4673275,160908,850,3,3,0,0,1,1,0,70,1,3,1,0,1
201600002399,16,4,24,1545,1,2,1,1,7,300,4660013,66850,850,4,2,0,0,1,1,0,0,1,0,1,99,0
201600002400,16,5,3,1000,1,1,9,1,3,3,4672260,164194,850,4,2,0,0,3,1,0,42,1,0,1,99,0
201600002401,16,6,13,1445,1,1,1,3,6,178,4676393,147180,850,3,2,2,0,1,3,0,70,2,0,3,0,0
201600002402,16,8,9,900,1,2,6,7,1,3,4673825,160375,850,4,1,1,0,0,0,0,0,1,5,1,99,0
201600002403,16,8,29,25,3,1,1,1,6,129,4683735,148811,850,3,2,0,0,1,1,0,0,1,0,1,0,1
201600002404,16,9,8,1645,1,1,1,1,1,19,4677226,140919,850,3,2,2,0,0,1,0,0,1,5,1,99,0
201600002405,16,9,9,915,2,1,1,7,1,300,4669886,157140,850,4,2,1,0,0,3,0,27,1,0,1,0,0
201600002406,16,9,20,2015,2,1,1,1,5,300,4668312,158369,850,3,2,2,0,0,0,0,0,0,0,1,99,0
201600002407,16,10,6,1845,1,1,2,1,3,3,4670155,165737,850,3,1,2,0,1,1,0,40,1,0,1,0,0
201600002408,16,10,13,1700,1,1,1,1,3,300,4668231,149881,850,3,2,0,0,1,1,0,53,1,0,1,99,0
201600002409,16,11,8,1530,1,2,1,1,6,3,4674032,159187,850,3,2,0,0,1,3,0,0,1,0,4,0,0
201600002410,16,12,25,1900,3,1,6,1,6,19,4679678,144460,850,3,0,2,0,1,1,0,70,1,0,1,0,0
201600002411,16,12,27,1315,1,2,1,1,6,155,4670602,143017,850,4,2,2,0,0,3,0,0,1,0,4,0,1
201600002412,16,5,5,1800,1,2,1,1,6,126,4647106,85616,850,3,2,0,0,2,1,16,60,1,0,1,0,0
201600002413,16,7,22,1545,1,1,1,7,1,92,4645050,81563,850,3,2,0,0,1,1,0,107,1,0,1,0,1
201600002414,16,10,10,700,3,1,1,1,3,299,4639313,87294,850,3,2,0,0,1,1,0,70,1,0,1,99,0
201600002415,16,12,24,230,5,2,1,1,6,92,4647077,80188,850,9,2,0,0,1,1,0,60,2,0,4,99,0
201600002416,16,12,29,1945,5,2,1,1,3,92,4646310,79681,850,4,2,0,0,1,1,0,0,1,0,1,99,0
201600002417,16,4,13,1345,1,2,1,1,1,128,4645189,116647,850,4,1,0,0,0,1,0,67,1,0,1,0,0
201600002418,16,5,13,1530,1,1,1,1,7,255,4632350,123418,850,3,2,1,0,3,1,0,61,1,0,1,0,0
201600002419,16,5,16,530,2,2,1,1,6,255,4634859,126078,850,3,2,0,0,0,3,0,0,1,0,4,0,0
201600002421,16,7,8,1215,1,1,1,1,2,216,4646554,110821,850,3,3,0,0,0,1,70,0,1,0,3,0,0
201600002422,16,8,11,1710,1,1,1,1,6,104,4639238,134894,850,3,2,2,0,0,2,62,0,1,0,1,99,1
201600002423,16,10,4,1145,1,2,1,1,6,128,4645582,115779,850,4,2,0,0,1,1,0,81,1,0,1,0,0
201600002424,16,12,19,645,3,1,1,1,7,185,4639228,107228,850,4,2,1,0,1,1,0,29,0,0,0,99,1
201600002425,16,8,7,830,1,2,1,1,7,168,4641341,68234,850,3,2,1,0,0,0,0,60,1,0,4,0,0
201600002426,16,9,6,1715,1,1,1,1,6,143,4653459,71184,850,3,2,2,0,0,3,0,60,1,0,1,0,1
201600002427,16,10,16,1245,1,1,1,1,7,92,4644232,78423,850,3,2,2,0,1,2,0,60,1,0,1,99,0
201600002428,16,11,21,1345,1,1,1,1,1,94,4650831,70028,850,3,2,2,0,1,3,0,60,1,0,1,0,1
201600002429,16,11,25,1030,1,1,1,2,3,265,4640250,72273,850,3,2,0,0,0,1,0,54,2,0,1,0,0
201600002430,16,12,17,115,3,1,1,1,6,28,4639862,70701,850,4,2,0,0,1,2,0,34,1,0,3,0,0
201600002431,16,3,10,1400,1,1,2,1,3,14,4667809,91555,850,3,2,2,0,0,1,0,0,1,5,1,99,0
201600002432,16,3,31,2145,5,2,1,1,1,254,4679430,73170,850,3,2,0,0,0,3,0,59,1,0,1,0,0
201600002433,16,4,2,2045,3,1,1,1,1,229,4660013,66850,850,3,2,2,0,0,1,0,56,1,0,1,0,1
201600002434,16,5,4,1830,1,1,1,1,1,289,4666452,74538,850,4,2,2,0,2,4,0,45,1,0,1,99,0
201600002435,16,6,17,2145,2,1,1,1,3,145,4675139,91529,850,3,2,2,0,1,1,0,70,1,0,1,0,0
201600002436,16,6,27,1800,1,2,1,1,1,182,4677945,83977,850,3,2,2,0,0,1,61,0,1,0,1,99,0
201600002437,16,7,1,2130,2,1,1,2,7,37,4664363,68104,850,4,0,0,0,0,1,0,0,2,0,5,99,0
201600002438,16,7,27,2000,1,1,1,1,3,182,4677355,84693,850,3,2,1,0,1,1,70,0,1,0,1,0,0
201600002439,16,8,3,2315,3,2,1,1,1,37,4665169,68882,850,3,2,2,0,1,3,0,84,1,0,1,0,1
201600002440,16,9,5,950,1,2,1,1,6,41,4659188,81566,850,3,2,2,0,1,4,0,0,1,0,1,99,1
201600002441,16,9,16,1030,1,1,1,2,7,252,4665002,77641,850,3,2,1,0,1,1,0,0,2,0,1,0,0
201600002442,16,10,2,1400,1,1,1,1,3,67,4658002,79540,850,3,2,2,0,0,1,0,70,1,0,1,0,0
201600002443,16,10,30,2000,3,1,1,1,7,5,4661408,75613,850,3,2,0,0,1,1,0,56,1,0,1,99,0
201600002444,16,12,2,2345,3,1,1,1,6,14,4667986,97205,850,3,2,1,0,1,2,0,70,1,0,3,0,1
201600002445,16,3,25,2210,3,1,1,8,6,237,4657606,91808,850,3,2,2,0,1,1,0,51,2,0,3,0,1
201600002446,16,8,17,1930,1,1,1,1,1,188,4657893,104809,850,3,2,0,0,1,1,0,69,1,0,1,0,0
201600002447,16,9,6,1515,1,1,2,1,1,205,4657402,84814,850,3,0,0,0,0,1,0,70,1,0,1,99,1
201600002448,16,10,22,1930,3,1,1,1,2,181,4649970,92994,850,3,2,0,0,1,1,60,0,0,0,3,0,0
201600002449,16,11,19,1745,3,1,1,1,1,281,4650438,87628,850,3,2,0,0,4,4,0,63,1,0,1,0,0
201600002450,16,12,24,1800,3,1,1,1,1,47,4681624,187954,850,3,2,2,0,1,1,0,62,1,0,1,99,0
201600002451,16,3,26,730,2,1,1,2,6,172,4683578,192042,850,3,2,2,0,1,2,0,65,2,2,3,0,1
201600002452,16,4,12,1845,1,1,1,1,7,260,4681466,165048,850,3,2,0,0,0,1,50,0,1,0,0,0,0
201600002453,16,4,22,1850,1,1,1,1,1,47,4680680,183954,850,4,2,2,0,1,3,0,35,1,0,1,0,1
201600002454,16,4,23,1445,1,2,1,1,1,96,4689086,183193,850,3,2,2,0,2,1,0,56,0,0,1,0,0
201600002455,16,5,6,1800,1,1,1,1,6,280,4685139,200869,850,3,2,2,0,0,1,0,0,1,2,3,0,1
201600002456,16,6,12,1215,1,1,1,2,1,47,4686207,179454,850,3,2,2,0,1,1,0,52,2,0,1,99,0
201600002457,16,6,21,630,1,1,1,2,6,102,4683817,165414,850,3,2,2,0,1,1,0,58,2,0,1,99,0
201600002458,16,6,28,1645,1,1,1,1,1,280,4686229,199565,850,3,2,2,0,3,2,0,35,1,2,1,99,0
201600002459,16,7,30,1600,1,2,6,1,3,47,4685300,187800,850,4,1,1,0,1,2,0,0,1,5,1,99,0
201600002460,16,8,13,1500,1,1,1,1,4,47,4685536,189641,850,3,3,4,0,3,1,6,60,1,2,1,99,0
201600002461,16,8,28,2345,3,1,1,1,1,47,4685708,182114,850,3,2,0,0,1,1,52,0,1,0,1,0,1
201600002462,16,9,19,530,3,1,1,1,1,210,4682024,161608,850,3,2,2,0,1,1,0,77,1,0,1,0,0
201600002463,16,11,18,945,1,1,1,2,1,24,4693722,184342,850,3,2,2,0,1,2,0,45,2,0,1,0,1
201600002464,16,8,7,715,2,2,1,1,6,113,4671546,236277,850,4,2,0,0,1,2,0,0,1,0,3,99,1
201600002465,16,1,13,745,5,1,6,2,3,52,4660192,165443,850,3,2,0,0,1,2,0,76,2,5,1,0,0
201600002466,16,3,17,2330,3,1,1,1,6,211,4662838,157959,850,3,3,2,0,1,1,10,144,1,0,1,0,0
201600002467,16,4,15,930,1,1,1,1,6,118,4666814,159407,850,3,2,2,0,1,1,0,58,1,0,1,0,0
201600002468,16,4,29,2200,3,1,1,8,7,250,4656606,167610,850,3,2,0,0,1,3,0,58,1,0,3,0,0
201600002469,16,8,20,725,1,1,1,1,6,214,4652891,171583,850,3,2,2,0,0,2,0,58,1,0,1,0,1
201600002470,16,8,27,1155,1,1,1,1,3,112,4656847,176566,850,3,2,3,0,0,1,0,102,1,0,1,99,0
201600002471,16,8,31,1315,1,1,1,1,6,211,4660772,156241,850,3,2,0,0,1,2,0,50,1,0,3,0,0
201600002472,16,9,13,1700,1,2,1,2,6,112,4656626,176944,850,4,3,0,0,1,1,54,0,1,0,1,99,0
201600002473,16,12,20,945,1,1,1,5,5,211,4662032,160176,850,3,3,2,3,1,1,15,35,1,0,1,0,1
201600002474,16,9,8,1415,1,2,2,1,1,163,4700316,223595,850,4,2,2,0,1,1,0,0,1,5,0,99,0
201600002475,16,10,2,1200,1,1,1,1,3,83,4698283,226612,850,3,2,0,0,1,1,40,103,1,5,1,0,0
201600002476,16,1,28,1945,3,1,1,1,7,226,4673321,195028,850,3,2,1,0,0,1,0,40,1,0,1,0,1
201600002477,16,2,27,15,3,1,1,1,6,226,4679500,197400,850,3,2,0,0,1,1,0,60,1,0,1,0,1
201600002478,16,3,22,1615,1,1,1,1,3,35,4664735,184010,850,3,2,0,0,1,1,0,60,1,0,1,0,0
201600002479,16,5,16,1920,1,2,1,1,6,243,4660551,183324,850,3,1,1,0,1,3,0,40,1,5,1,0,1
201600002480,16,8,22,2000,1,1,1,1,6,226,4674023,195338,850,3,2,0,0,0,2,0,85,1,0,3,0,1
201600002481,16,8,25,940,1,1,1,1,2,35,4664027,187895,850,3,2,2,0,0,0,0,0,1,0,1,99,0
201600002482,16,9,1,1630,1,2,3,1,3,70,4669619,176418,850,3,2,0,0,2,1,0,60,1,0,1,0,0
201600002483,16,9,5,1530,1,1,1,1,6,226,4674088,200266,850,3,2,0,0,0,3,0,70,1,0,1,0,0
201600002484,16,9,29,1745,1,2,3,1,3,35,4662517,185753,850,4,2,2,0,0,1,0,60,1,0,1,0,0
201600002485,16,10,17,1845,1,1,6,8,3,226,4672779,194870,850,9,0,0,0,0,0,0,0,2,0,1,99,0
201600002486,16,10,30,200,3,1,1,1,1,243,4659951,181516,850,3,2,2,0,1,1,0,0,1,0,3,99,1
201600002487,16,10,30,1700,1,2,1,1,1,226,4670999,196790,850,4,3,0,2,0,1,7,100,1,0,5,99,1
201600002488,16,12,5,300,3,2,1,1,7,226,4674064,200423,850,4,2,2,0,1,3,0,58,2,0,3,0,0
201600002489,16,12,19,1830,5,2,1,5,6,35,4662788,185915,850,4,0,0,0,1,1,0,70,1,0,1,0,0
201600002490,16,12,26,1730,5,2,1,2,1,226,4677331,205510,850,4,2,2,0,1,1,0,0,2,0,1,0,0
201600002491,16,12,27,1315,1,1,2,1,3,268,4670517,186033,850,3,2,2,0,1,1,0,60,1,0,1,99,0
201600002492,16,3,31,1315,1,2,6,1,3,18,4691555,204662,850,3,2,0,0,0,1,0,0,1,0,1,0,0
201600002493,16,5,6,915,1,1,1,1,6,172,4683406,199169,850,3,2,2,0,1,1,0,55,1,0,1,0,0
201600002494,16,5,16,2225,3,1,1,1,6,18,4690392,205645,850,3,2,2,0,1,1,0,69,1,0,3,99,1
201600002495,16,5,19,1930,1,2,1,1,6,221,4690043,198903,850,3,2,2,0,0,1,0,0,1,0,1,0,1
201600002496,16,8,9,1030,1,2,1,1,3,234,4679009,204208,850,3,2,2,0,1,1,0,0,1,0,1,99,0
201600002497,16,8,31,1545,1,2,3,1,3,221,4690246,200225,850,3,2,1,0,1,1,0,61,1,0,1,99,0
201600002498,16,8,31,1815,1,2,1,1,6,18,4691509,205266,850,3,2,2,0,1,3,0,77,1,0,1,99,0
201600002499,16,8,10,1830,1,1,1,1,6,18,4692115,210394,850,3,2,2,0,1,1,55,0,1,0,1,99,0
201600002500,16,9,8,2145,3,1,1,1,6,234,4683352,208888,850,3,2,2,0,1,1,0,64,1,0,1,99,0
201600002501,16,10,19,1745,1,1,1,1,3,29,4695554,201542,850,3,2,2,0,1,1,0,68,1,0,1,0,0
201600002502,16,5,31,930,1,1,1,1,5,288,4645508,159864,850,3,2,0,0,2,1,0,55,1,0,1,0,0
201600002503,16,1,16,1715,1,1,1,1,3,22,4642608,142301,850,4,2,1,0,1,1,0,42,1,0,1,99,0
201600002504,16,1,25,745,2,1,1,1,6,77,4645406,130455,850,3,2,0,0,2,1,0,50,1,0,1,99,1
201600002505,16,3,18,915,1,2,1,1,3,114,4641519,157149,850,4,0,2,0,1,2,0,70,1,5,1,0,0
201600002506,16,5,3,2115,3,1,6,1,3,156,4648963,144380,850,3,2,0,0,1,3,0,0,0,0,0,0,0
201600002507,16,6,4,1645,1,1,1,1,3,288,4647992,159319,850,3,2,0,0,1,1,0,60,1,0,1,0,1
201600002508,16,6,28,1530,1,2,1,1,6,127,4641504,157687,850,3,2,0,0,0,1,0,60,1,0,1,0,0
201600002509,16,7,2,745,1,1,1,1,3,288,4645241,159023,850,3,2,2,0,1,1,0,64,1,0,1,0,0
201600002510,16,7,12,1445,1,1,1,1,6,116,4642470,138794,850,4,2,2,0,1,0,0,48,1,0,1,99,0
201600002511,16,7,13,1045,1,2,1,1,6,10,4646956,149486,850,3,2,2,0,0,3,0,50,1,6,1,0,0
201600002512,16,8,16,415,3,1,1,1,6,288,4644958,168578,850,3,2,2,0,0,3,0,50,0,0,0,0,1
201600002513,16,8,18,2330,5,2,1,1,6,127,4638823,148095,850,4,0,0,0,1,0,0,50,1,0,1,0,0
201600002514,16,8,25,1800,1,1,1,1,7,22,4640765,143793,850,3,2,2,0,0,1,0,55,1,0,1,99,0