Num_Acc,an,mois,jour,hrmn,lum,agg,int,atm,col,com,lat,long,dep,catr,circ,nbv,vosp,prof,plan,lartpc,larrout,surf,infra,situ,env1,killed
201600002515,16,9,30,2315,3,1,1,2,6,206,4645967,134420,850,3,2,2,0,2,1,0,80,2,0,3,99,0
201600002516,16,9,30,1600,1,1,1,2,4,156,4646902,142129,850,3,2,2,0,1,1,0,79,2,0,1,0,0
201600002517,16,10,18,845,1,2,1,7,2,4,4640636,141332,850,3,2,0,0,1,1,0,67,1,0,1,99,1
201600002518,16,10,31,2100,5,2,1,1,2,288,4646542,161567,850,4,2,0,0,1,1,0,0,1,0,1,0,0
201600002519,16,2,29,1430,1,1,3,1,3,122,4472073,74356,330,3,2,0,0,0,1,0,0,1,0,1,0,1
201600002520,16,8,29,1700,1,2,1,1,1,56,4490787,63184,330,4,2,2,0,1,3,0,61,1,0,1,0,0
201600002522,16,3,1,1000,1,2,1,1,6,51,4463902,96537,330,3,2,2,0,0,0,0,0,0,0,0,0,0
201600002523,16,3,31,1815,5,2,5,1,6,284,4460237,93720,330,3,0,0,0,0,0,0,0,0,0,0,0,0
201600002525,16,6,6,1715,1,2,2,1,3,19,4468138,101529,330,4,2,2,0,0,0,0,0,0,0,0,0,0
201600002526,16,6,7,1645,1,2,1,1,5,51,4463633,96585,330,3,2,2,1,3,1,0,64,1,0,1,99,1
201600002527,16,6,28,1715,1,2,1,1,1,51,4465721,98777,330,3,2,2,0,0,2,65,0,1,0,1,0,0
201600002528,16,8,6,1115,1,2,1,1,3,51,4464200,99200,330,3,0,0,0,0,1,0,0,1,0,1,0,0
201600002530,16,9,7,1715,1,2,2,1,3,284,4461923,93457,330,4,2,2,0,1,1,0,0,1,0,0,99,0
201600002531,16,11,6,1615,1,1,1,1,6,51,4466733,97345,330,4,2,2,0,0,1,0,42,1,0,3,3,0
201600002532,16,12,6,745,1,2,3,1,1,19,4468903,102052,330,3,2,2,0,1,2,0,70,1,0,1,99,0
201600002533,16,1,14,830,2,2,1,8,6,56,4490972,63466,330,4,1,1,2,1,1,0,50,2,6,1,0,0
201600002534,16,1,24,600,3,1,1,5,6,312,4495643,55146,330,3,2,2,0,1,1,0,70,2,0,3,0,1
201600002535,16,5,13,1915,1,1,2,1,3,56,4494732,62161,330,4,2,2,0,1,2,0,0,1,0,0,0,0
201600002536,16,6,22,1800,1,1,1,1,2,519,4491699,67025,330,3,2,2,0,1,1,0,80,1,0,1,99,0
201600002537,16,8,16,515,3,1,1,1,6,519,4492238,70650,330,4,2,2,0,1,1,0,48,9,0,1,0,1
201600002538,16,8,26,1730,1,2,1,1,1,56,4491413,60494,330,4,2,2,0,0,3,0,0,1,0,1,0,0
201600002539,16,9,11,1930,2,2,1,1,1,56,4492981,62124,330,4,2,2,0,1,1,0,70,1,0,1,0,1
201600002540,16,10,1,1330,1,2,2,1,3,56,4490745,63950,330,4,2,3,0,1,1,0,0,1,5,1,0,0
201600002541,16,10,27,1600,1,2,1,1,3,56,4490570,62082,330,4,2,2,1,1,1,0,70,1,0,1,0,0
201600002542,16,11,24,845,1,2,1,2,1,312,4495776,61294,330,4,2,2,0,1,1,0,35,2,0,1,99,0
201600002543,16,1,11,1615,2,2,3,6,3,236,4479770,114437,330,3,2,2,0,1,1,0,60,2,0,1,0,0
201600002544,16,7,9,1000,1,1,1,1,1,236,4478308,116681,330,3,2,2,0,1,1,0,60,1,0,1,0,0
201600002545,16,7,28,1515,1,2,3,1,7,236,4472672,120106,330,4,2,2,0,0,0,0,0,0,0,0,0,0
201600002546,16,10,10,430,5,1,1,1,1,236,4468796,123852,330,3,2,2,0,2,2,0,56,1,0,1,99,1
201600002549,16,5,10,2100,1,2,1,1,1,422,4481481,77973,330,3,2,2,0,0,0,0,0,0,0,0,0,0
201600002550,16,10,23,630,3,1,1,1,3,422,4483159,83553,330,3,2,2,0,1,3,0,76,2,0,1,99,0
201600002552,16,6,10,1030,1,2,6,1,3,449,4488131,69734,330,4,2,2,0,1,0,0,0,2,5,0,0,0
201600002553,16,7,7,1615,1,2,1,1,2,449,4489432,76664,330,3,2,2,0,1,1,70,0,1,0,1,0,0
201600002554,16,7,31,730,1,1,1,8,6,376,4490686,72194,330,3,2,0,0,1,1,0,0,1,0,3,0,1
201600002555,16,8,30,1315,1,2,1,1,1,449,4486563,71365,330,4,2,2,2,1,1,0,74,1,0,1,99,0
201600002556,16,9,10,1,5,2,1,1,6,449,4488723,69624,330,4,3,2,1,0,2,10,40,1,0,1,99,1
201600002557,16,10,6,1130,1,2,2,1,3,449,4487860,69909,330,4,2,2,0,1,1,0,65,1,0,1,0,0
201600002561,16,7,15,1700,1,1,2,1,3,58,4513042,64710,330,3,2,2,0,0,0,0,0,0,0,0,0,0
201600002562,16,7,2,1145,1,1,2,8,3,35,4506104,60925,330,3,2,2,0,1,1,0,29,1,0,0,0,0
201600002564,16,2,4,845,1,1,2,1,3,159,4523947,57145,330,3,2,2,0,0,1,0,0,1,5,1,0,1
201600002566,16,7,17,1445,1,2,1,1,1,389,4529249,61598,330,3,2,2,0,1,3,0,0,1,0,1,99,0
201600002567,16,9,10,1900,1,2,3,1,3,389,4529103,60067,330,3,2,2,0,1,1,0,58,1,0,1,0,0
201600002568,16,9,15,1500,1,2,1,1,6,159,4523117,56744,330,3,2,2,0,0,2,0,0,1,0,3,0,1
201600002569,16,10,6,1545,1,1,1,1,1,267,4527580,50321,330,3,2,2,0,1,1,0,52,1,0,1,0,0
201600002570,16,12,9,2115,5,2,1,1,7,159,4522929,57346,330,3,2,2,0,0,1,0,0,2,0,3,99,0
201600002574,16,12,13,2015,5,1,3,1,6,74,4520870,42083,170,3,2,2,0,0,0,0,72,0,0,0,0,0
201600002575,16,5,2,1445,1,1,2,1,3,487,4495990,48365,330,3,2,2,0,1,1,0,0,1,5,1,99,0
201600002576,16,5,4,1745,1,1,2,1,5,3,4492176,47605,330,3,2,2,0,4,1,0,60,1,5,1,0,0
201600002577,16,5,8,1915,2,2,1,1,7,3,4494590,48954,330,4,2,2,0,1,1,0,0,1,0,1,0,0
201600002578,16,5,29,1735,1,1,1,1,6,433,4493020,45131,330,3,2,2,0,1,1,0,100,1,0,1,99,0
201600002579,16,7,7,945,1,2,2,1,6,3,4494525,46435,330,4,2,2,0,0,0,0,0,0,0,0,0,0
201600002580,16,7,19,2045,1,1,1,1,6,487,4495533,46254,330,3,3,2,0,0,1,0,0,0,0,0,0,0
201600002582,16,6,26,1845,1,2,1,1,6,483,4490363,38803,330,3,2,2,0,1,1,0,64,1,0,3,99,1
201600002583,16,7,26,1630,1,1,3,1,3,49,4487447,39627,330,3,2,2,0,0,0,0,0,1,0,0,0,0
201600002585,16,11,2,1115,1,1,1,5,4,49,4488152,35476,330,2,3,4,0,0,1,0,0,0,0,1,0,0
201600002587,16,2,7,1945,5,1,1,3,1,454,4465327,53277,330,3,2,0,0,0,3,65,0,2,0,1,0,0
201600002589,16,5,7,615,2,2,1,1,1,448,4471733,50658,330,3,2,2,0,0,3,0,0,1,0,1,0,0
201600002590,16,5,11,945,1,1,3,1,4,37,4469877,46604,330,3,2,3,0,1,1,0,40,1,5,1,0,0
201600002591,16,5,14,945,1,1,1,2,1,213,4469336,57727,330,3,2,2,0,1,1,65,65,1,0,1,0,0
201600002592,16,5,30,1500,1,1,3,2,3,37,4469885,46587,330,3,2,4,0,0,1,0,0,2,5,1,99,0
201600002594,16,8,21,715,2,2,1,1,1,37,4469960,44924,330,3,2,2,0,1,3,0,74,2,0,1,0,0
201600002595,16,9,21,1145,1,2,1,1,6,213,4468328,52087,330,3,2,0,0,1,1,0,73,1,0,1,0,1
201600002596,16,11,14,900,1,1,1,1,5,474,4465166,46355,330,3,2,2,0,0,2,0,60,1,0,1,99,0
201600002597,16,11,17,715,2,1,9,1,3,23,4469399,49570,330,1,3,4,0,0,0,0,0,0,3,0,0,0
201600002598,16,2,14,2230,3,1,1,1,6,505,4477132,29255,330,9,0,0,0,1,1,0,17,2,0,5,99,0
201600002599,16,5,5,1045,1,1,2,1,3,145,4480439,32906,330,3,2,2,0,3,2,0,60,1,0,1,0,0
201600002600,16,5,10,730,2,1,1,1,6,83,4483053,38172,330,3,2,2,0,2,1,70,0,1,0,1,0,0
201600002601,16,7,15,1415,1,1,3,1,2,505,4477667,29781,330,3,2,2,0,3,1,0,58,1,0,1,99,0
201600002602,16,7,23,1645,1,1,1,1,3,431,4476576,28396,330,4,2,2,0,1,1,0,60,1,0,1,0,0
201600002603,16,8,28,1745,1,1,1,1,6,33,4472654,44779,330,3,2,2,0,1,3,0,60,1,0,3,99,0
201600002606,16,3,4,1915,5,2,1,2,6,165,4482490,44977,330,3,2,2,0,1,1,0,0,2,0,1,0,0
201600002607,16,12,15,2015,3,1,1,8,1,330,4485660,45365,330,3,2,2,0,1,4,0,60,2,0,1,99,0
201600002608,16,2,3,1315,1,2,1,1,1,80,4475080,54830,330,3,2,2,0,1,1,0,0,1,0,1,99,0
201600002609,16,2,2,2130,5,2,1,2,6,238,4474659,59299,330,3,0,0,0,0,1,0,0,2,0,1,0,0
201600002610,16,5,21,1200,1,1,1,1,6,80,4476297,52968,330,3,2,2,0,1,3,0,75,1,0,3,0,0
201600002611,16,6,23,1345,1,1,1,1,3,501,4466630,60078,330,3,2,2,0,1,1,0,0,1,0,1,99,0
201600002612,16,8,4,1800,1,2,6,1,2,274,4471601,54435,330,3,2,2,0,0,0,0,0,0,5,0,0,0
201600002613,16,11,29,1800,3,1,3,1,1,80,4473091,53200,330,3,0,0,0,0,0,0,0,0,0,1,0,0
201600002614,16,12,8,1250,1,2,2,1,3,77,4460840,55370,330,3,2,2,0,1,1,0,0,1,0,0,0,0
201600002615,16,12,15,1515,1,1,1,1,1,80,4474786,56009,330,3,2,2,0,1,2,0,0,1,0,1,0,0
201600002616,16,12,20,1215,1,2,1,1,6,501,4465182,59661,330,3,2,2,0,1,1,0,0,1,0,3,3,0
201600002617,16,1,10,1445,1,2,1,3,3,337,4457384,29381,330,4,2,2,0,0,3,0,60,2,0,1,99,0
201600002618,16,1,14,1100,1,2,1,1,6,40,4464368,32278,330,3,2,2,0,0,1,0,72,2,0,1,3,0
201600002619,16,2,2,915,1,2,2,1,2,7,4467830,40320,330,3,2,2,0,1,1,0,69,1,5,1,99,0
201600002620,16,4,4,615,3,1,2,1,3,337,4456875,31901,330,4,0,0,0,0,2,0,61,1,0,1,99,0
201600002621,16,4,19,430,5,2,1,1,6,30,4461143,31654,330,3,2,0,0,1,3,0,60,1,0,0,0,1
201600002622,16,5,12,1145,1,1,1,1,1,327,4463654,36305,330,3,2,2,0,1,3,35,70,1,0,0,99,0
201600002623,16,7,29,1945,1,1,1,1,6,452,4461902,42147,330,3,2,2,0,1,1,0,70,9,0,3,0,0
201600002624,16,8,21,500,4,2,1,1,6,337,4458662,29766,330,3,2,2,0,1,1,0,69,1,0,4,0,0
201600002625,16,9,11,30,3,1,1,1,1,334,4470102,41289,330,3,2,2,0,1,3,0,72,1,0,1,0,0
201600002626,16,9,13,1600,1,2,1,2,6,197,4454804,49971,330,3,2,2,0,0,1,0,58,2,0,3,0,0
201600002627,16,11,1,1445,1,1,1,1,7,334,4468476,41245,330,3,2,2,0,1,1,0,70,1,0,1,0,0
201600002628,16,11,16,1645,2,2,3,1,3,30,4460942,31388,330,3,2,2,0,0,1,0,0,0,5,1,0,0
201600002629,16,11,18,2330,3,1,4,2,1,334,4470085,40407,330,3,2,2,0,0,0,0,72,2,0,1,0,0
201600002630,16,12,20,1630,1,1,3,1,3,205,4461211,37223,330,3,2,2,0,1,1,0,0,1,5,1,99,0
201600002631,16,1,24,130,3,1,1,5,6,366,4498274,40748,330,4,2,2,0,0,0,48,0,0,0,1,0,0
201600002633,16,5,1,2145,3,1,1,1,2,366,4501205,44152,330,2,2,2,0,1,1,0,0,1,0,1,0,0
201600002635,16,11,12,1,3,1,1,1,6,553,4503011,44044,330,3,2,2,0,0,1,0,0,0,0,0,0,0
201600002636,16,1,14,1915,5,2,2,1,3,227,4454991,24705,330,3,0,0,0,0,0,0,0,0,0,0,0,0
201600002637,16,1,30,530,5,1,2,1,6,323,4457047,21600,330,3,2,3,0,1,1,0,0,0,5,0,0,0
201600002638,16,2,5,2215,3,1,1,1,7,444,4457700,18000,330,3,2,0,0,1,1,0,74,1,0,3,0,1
201600002639,16,5,15,715,1,1,1,1,6,227,4453719,22744,330,3,2,2,0,0,0,0,0,0,2,0,0,0
201600002640,16,5,31,1830,1,2,1,1,3,227,4454852,25765,330,3,3,4,0,0,0,0,0,0,0,0,0,0
201600002641,16,8,30,800,1,1,4,1,6,543,4458991,23679,330,3,2,0,0,2,3,0,0,1,0,3,99,0
201600002642,16,9,5,1200,1,2,1,1,1,111,4457340,15053,330,3,2,2,0,1,2,0,51,1,0,1,0,0
201600002643,16,9,28,900,1,2,3,1,3,227,4454663,24369,330,2,2,2,0,2,1,0,0,1,0,1,99,0
201600002644,16,10,11,1730,2,1,1,1,6,227,4455873,25099,330,3,2,2,2,3,1,0,0,1,2,1,99,0
201600002645,16,10,23,1800,1,2,1,1,5,533,4455942,26483,330,3,2,2,0,0,1,0,0,1,0,0,0,0
201600002646,16,11,10,1815,3,1,1,2,1,227,4455000,22400,330,3,0,0,0,0,2,0,0,0,0,0,0,0
201600002648,16,8,10,500,3,1,1,1,6,491,4460469,10865,330,3,2,2,0,2,4,0,53,1,0,3,99,1
201600002649,16,1,5,1800,5,2,1,3,6,352,4458370,4028,330,3,2,2,0,1,1,0,0,2,0,1,99,0
201600002650,16,1,15,1800,5,2,1,1,1,187,4458405,9070,330,3,2,0,0,1,1,0,59,1,0,1,99,0
201600002651,16,1,18,1000,1,1,3,3,1,352,4459473,1940,330,3,2,0,0,1,3,0,0,2,0,1,99,0
201600002653,16,4,29,1930,1,1,1,1,1,352,4459643,4726,330,3,2,2,0,3,3,0,0,1,0,1,0,0
201600002654,16,6,8,1945,1,1,1,1,1,106,4455392,16096,330,3,2,2,0,1,1,0,65,1,0,3,0,0
201600002656,16,8,20,1645,1,1,3,1,3,87,4464262,6235,330,3,2,2,0,1,1,0,77,1,0,1,99,0
201600002657,16,8,24,1800,1,2,3,1,6,352,4458239,4474,330,3,2,2,0,0,1,0,73,1,0,3,99,1
201600002658,16,10,4,1700,1,1,1,1,7,352,4460414,4140,330,3,2,2,0,1,3,0,60,1,0,3,0,0
201600002659,16,11,4,1715,2,1,3,1,3,254,4455011,3464,330,3,2,2,0,1,1,0,113,1,5,1,0,0
201600002660,16,12,7,1915,1,1,1,1,7,21,4450429,13766,330,3,2,2,0,1,1,0,54,1,0,3,99,0
201600002661,16,12,8,1345,1,1,2,1,4,87,4462952,5938,330,3,2,2,0,0,1,0,60,1,0,1,0,0
201600002663,16,12,26,1845,3,1,1,2,6,250,4463024,866,330,3,2,2,0,0,2,0,50,2,0,3,99,0
201600002665,16,9,17,1100,1,1,1,1,6,26,4448653,44789,330,3,2,2,0,2,2,0,0,1,2,3,99,1
201600002667,16,2,13,1800,2,1,2,1,3,275,4471060,18723,330,3,2,2,0,1,1,0,0,2,0,0,0,0
201600002668,16,3,8,1800,1,2,1,1,7,121,4473700,19500,330,3,0,0,0,0,0,0,0,0,0,0,0,1
201600002670,16,4,15,1900,1,2,1,3,1,57,4474805,8314,330,4,2,0,0,1,1,32,0,2,0,1,99,0
201600002671,16,8,21,1830,1,1,2,1,1,379,4469242,14594,330,3,2,2,0,1,1,43,0,1,0,1,0,0
201600002673,16,11,11,1000,1,1,1,1,6,482,4468575,10844,330,3,2,2,0,1,3,0,70,2,0,3,0,0
201600002674,16,12,14,1215,1,1,1,1,6,282,4477352,6091,330,3,2,2,0,2,1,0,60,1,0,3,99,0
201600002675,16,1,2,1530,1,2,3,1,3,240,4530197,94244,330,4,1,1,0,1,1,0,53,1,0,1,0,0
201600002676,16,1,8,1530,2,1,2,2,3,300,4524865,100285,330,3,2,2,0,1,1,62,0,2,0,1,0,0
201600002677,16,5,23,2030,2,2,1,1,1,240,4529388,92775,330,3,2,2,0,1,3,0,78,1,0,1,99,0
201600002678,16,6,24,545,1,2,3,1,3,412,4529108,86455,330,3,2,2,0,1,1,0,53,1,0,1,0,0
201600002680,16,12,15,900,1,2,2,5,3,55,4532259,88038,330,4,2,2,0,1,1,0,62,1,0,1,99,0
201600002681,16,1,31,1245,1,2,1,2,6,22,4503798,74581,330,3,0,2,0,0,0,0,0,2,0,0,0,0
201600002682,16,2,1,815,2,1,1,2,6,104,4498301,82352,330,3,2,2,0,1,1,0,50,2,0,3,0,0
201600002684,16,4,9,245,3,1,6,1,7,22,4500713,77158,330,3,2,2,0,1,1,0,80,1,5,1,0,0
201600002685,16,5,15,1,3,2,1,1,6,220,4509717,71076,330,3,2,2,0,0,2,0,0,0,0,0,0,1
201600002689,16,7,2,1030,1,1,3,1,1,248,4509071,78118,330,4,2,2,0,0,0,0,0,0,0,0,0,0
201600002690,16,8,12,2000,1,1,2,1,3,22,4504430,74841,330,4,2,2,0,0,1,0,44,1,0,1,0,0
201600002691,16,10,28,815,1,1,1,5,3,22,4500414,76759,330,3,2,2,0,1,1,0,60,1,0,1,99,0
201600002693,16,1,22,1100,1,1,1,3,6,12,4498778,68401,330,4,2,0,0,1,3,0,60,2,0,3,0,1
201600002694,16,4,8,2030,2,1,1,1,6,91,4502089,67905,330,3,2,0,0,1,1,0,45,1,0,3,0,0
201600002695,16,5,18,900,1,1,3,2,1,256,4499462,59060,330,3,2,2,0,1,1,0,47,2,0,1,0,0
201600002696,16,6,10,1600,1,2,1,1,7,12,4501007,68381,330,3,2,0,0,1,1,0,54,2,0,3,99,0
201600002697,16,10,30,1800,3,2,1,1,6,322,4497533,63917,330,3,2,2,0,1,1,0,50,1,0,1,99,0
201600002698,16,12,23,1915,3,1,2,2,3,322,4496524,66809,330,4,2,2,0,0,1,0,0,2,0,0,0,0
201600002699,16,7,26,1515,1,1,1,1,6,314,4521023,76970,330,3,2,2,0,0,0,0,0,0,0,0,0,0
201600002700,16,8,31,1300,1,1,3,1,3,424,4514325,81394,330,4,2,2,0,1,0,0,0,0,0,0,0,0
201600002701,16,10,4,2100,3,1,1,1,2,424,4511576,80843,330,3,3,0,0,1,1,50,100,1,0,1,0,0
201600002702,16,11,5,1845,3,1,1,1,6,125,4520876,86509,330,3,2,2,0,1,1,0,76,1,0,3,0,0
201600002703,16,1,12,1730,2,1,1,2,1,208,4540063,97519,330,3,2,2,0,1,1,0,46,2,0,1,0,0
201600002704,16,5,26,1730,1,1,1,1,7,538,4537956,91656,330,3,2,2,0,1,2,0,51,1,0,3,0,1
201600002705,16,7,27,545,3,2,1,1,7,514,4548860,113660,330,4,3,2,0,1,1,0,40,1,0,3,99,0
201600002706,16,7,31,1145,1,1,2,1,3,541,4541531,103506,330,3,2,2,0,1,1,0,0,1,5,1,0,0
201600002707,16,8,31,1345,1,1,1,1,7,208,4540849,99891,330,4,2,2,0,1,2,0,38,1,0,3,0,0
201600002709,16,11,22,1330,1,1,2,1,3,348,4537899,102594,330,3,2,2,0,0,1,0,0,1,5,0,0,0
201600002710,16,3,18,930,1,1,1,2,1,539,4488062,30423,330,3,2,2,0,3,1,0,0,2,0,1,0,0
201600002711,16,3,29,2000,1,2,6,2,3,243,4492992,24034,330,4,2,2,0,1,3,0,0,2,5,1,99,0
201600002712,16,4,8,1645,1,2,2,1,3,243,4493543,23628,330,3,3,0,0,1,1,10,70,1,5,1,99,0
201600002713,16,4,13,1400,1,2,2,1,3,243,4491608,24645,330,4,1,1,0,0,0,0,0,0,5,0,0,0
201600002716,16,8,10,1245,1,2,1,1,6,243,4490948,23693,330,3,2,2,0,1,1,0,0,1,0,1,99,0
201600002717,16,8,19,2000,1,2,3,1,1,539,4490910,32060,330,3,2,2,0,1,1,0,0,1,0,1,0,0
201600002718,16,9,9,445,5,2,1,1,3,243,4494215,23403,330,3,2,0,0,0,1,0,63,0,0,4,0,1
201600002719,16,10,4,845,1,1,1,1,7,539,4487113,30597,330,3,2,2,0,1,1,0,60,1,0,3,99,0
201600002720,16,11,25,2000,5,2,2,1,1,243,4492208,22476,330,3,2,5,0,1,1,0,0,2,5,1,0,0
201600002721,16,1,18,845,1,1,1,2,6,296,4482392,4286,330,3,2,2,0,0,1,0,75,2,0,3,99,0
201600002722,16,3,7,2015,3,1,1,1,6,466,4481547,29686,330,3,2,2,0,2,1,48,0,1,0,3,0,0
201600002724,16,4,1,915,1,1,2,1,6,350,4476692,11409,330,3,2,0,0,1,1,0,80,1,0,1,99,0
201600002726,16,4,6,1815,1,2,1,1,1,466,4483065,29189,330,3,2,2,0,1,2,0,47,1,0,1,0,0
201600002727,16,4,24,2015,1,1,3,1,3,86,4480138,30289,330,3,2,2,0,3,1,0,58,1,5,1,99,0
201600002728,16,5,19,1615,1,2,1,1,2,298,4484287,21654,330,3,2,2,0,1,1,0,60,1,0,0,0,0
201600002729,16,7,11,1830,1,1,2,1,3,460,4483268,5320,330,3,2,2,0,1,1,0,56,1,0,1,0,0
201600002730,16,8,4,1730,1,1,1,2,3,421,4481549,14639,330,3,2,2,0,1,2,0,52,2,0,1,0,0
201600002731,16,9,3,1445,1,1,4,1,1,298,4483488,20961,330,3,2,2,0,0,1,0,0,1,0,1,0,0
201600002732,16,9,28,1630,1,1,2,1,3,196,4479981,20697,330,3,2,2,0,1,1,0,0,1,0,1,99,0
201600002733,16,10,28,1745,1,2,1,1,1,194,4482734,19633,330,4,2,2,0,0,2,0,40,1,0,1,99,0
201600002736,16,8,8,1945,1,2,1,7,3,437,4485445,5438,330,3,2,0,0,0,1,0,85,1,0,1,0,0
201600002737,16,10,6,1830,1,2,2,1,3,14,4497084,15901,330,3,2,2,0,1,1,0,0,1,0,1,0,0
201600002739,16,1,4,930,1,2,1,3,1,447,4501592,5747,330,3,3,0,0,1,1,0,72,2,0,1,99,0
201600002740,16,1,20,800,5,2,1,2,6,138,4504195,13028,330,3,0,0,0,0,0,0,0,2,0,0,0,0
201600002744,16,6,11,1930,1,2,3,1,6,138,4504480,12233,330,3,2,2,0,1,1,0,0,1,0,1,99,0
201600002745,16,7,9,1545,1,1,1,1,6,385,4507813,920,330,3,2,2,0,1,3,0,80,1,0,3,99,0
201600002746,16,7,25,1615,1,2,1,1,6,138,4503649,13593,330,3,2,2,0,0,1,0,62,1,0,1,0,0
201600002747,16,9,18,2000,2,2,1,1,7,138,4502379,11857,330,4,0,0,0,1,4,0,0,0,0,0,0,0
201600002749,16,1,21,845,1,1,2,1,3,393,4496478,17248,330,3,2,2,0,0,1,0,0,1,0,1,0,0
201600002750,16,3,20,1815,1,1,1,1,6,362,4503600,18800,330,3,2,2,0,1,1,0,66,1,2,3,99,1
201600002752,16,9,9,2030,1,2,3,1,1,387,4503123,28425,330,3,2,2,0,3,1,0,60,1,0,1,99,0
201600002753,16,10,25,1500,1,1,1,2,1,218,4507294,15367,330,3,2,2,0,0,3,0,0,2,0,0,0,0
201600002755,16,6,11,1930,1,2,1,1,6,319,4482085,8155,330,3,2,2,0,0,2,0,70,1,0,3,0,1
201600002757,16,7,8,1745,1,1,1,1,3,242,4478236,17514,330,3,0,0,0,0,0,0,0,0,0,0,0,1
201600002759,16,5,6,2045,1,1,1,1,4,174,4492800,26200,330,3,2,2,0,1,3,0,75,1,0,1,99,0
201600002761,16,8,9,1800,1,1,1,1,3,295,4500024,35487,330,3,2,2,0,0,1,0,53,1,0,1,0,0
201600002762,16,8,15,1430,1,1,1,1,7,407,4501435,34897,330,3,2,2,0,1,2,0,64,1,0,3,0,0
201600002765,16,8,6,1745,1,1,1,1,2,26,4519210,82212,240,3,2,2,0,1,1,71,0,1,0,1,99,0
201600002766,16,9,24,245,3,1,1,1,6,115,4527530,65732,240,4,2,0,0,2,1,0,34,1,0,1,0,0
201600002767,16,11,9,1845,3,1,2,2,3,94,4506980,69067,240,2,2,0,0,1,1,0,0,2,0,1,99,0
201600002768,16,4,13,815,1,1,1,1,6,474,4540580,65736,240,3,2,2,0,1,2,0,60,1,0,3,0,0
201600002769,16,4,18,1745,1,2,1,1,6,2,4529140,75000,240,3,0,2,0,0,1,0,57,1,0,1,0,0
201600002770,16,5,6,945,1,1,1,1,7,64,4535490,63953,240,3,2,2,0,1,1,0,62,1,0,0,0,1
201600002771,16,5,30,1845,1,1,1,2,6,253,4547050,43256,240,3,2,2,0,1,2,0,73,2,0,3,99,1
201600002772,16,6,21,1645,1,2,1,1,6,96,4539080,69689,240,3,0,2,0,0,1,0,56,1,0,0,0,0
201600002773,16,7,2,1300,1,1,1,1,7,235,4539400,50390,240,3,2,2,0,2,2,0,55,1,0,3,0,0
201600002774,16,8,13,1130,1,1,1,1,7,2,4529720,74578,240,3,2,0,0,2,3,0,56,1,0,1,99,0
201600002775,16,9,16,1815,1,1,1,2,3,79,4542060,64841,240,3,2,2,0,1,2,0,77,2,0,1,0,0
201600002776,16,10,16,630,3,1,1,1,7,111,4542990,63945,240,3,2,0,0,2,3,0,60,1,0,3,99,0
201600002777,16,12,15,545,3,1,3,1,3,129,4536420,71745,240,3,2,2,0,2,1,50,50,1,5,0,0,0
201600002778,16,12,14,1915,3,1,1,1,7,2,4527210,74922,240,3,2,2,0,1,1,70,70,1,0,3,0,0
201600002779,16,1,9,2330,3,1,1,3,3,309,4507260,44235,240,3,3,0,0,2,1,0,0,2,0,1,0,0
201600002780,16,1,25,700,5,2,3,1,3,350,4516150,61065,240,4,0,0,0,0,0,0,0,0,0,0,0,0
201600002781,16,4,18,1815,1,2,1,1,1,442,4510680,46799,240,3,2,0,0,1,1,0,70,1,0,4,0,0
201600002782,16,9,1,1215,1,2,8,1,3,350,4516620,60018,240,3,0,2,0,2,1,0,50,1,4,1,0,1
201600002783,16,10,9,1615,1,1,1,1,3,442,4510830,50273,240,3,2,0,0,1,1,0,75,1,0,1,0,0
201600002784,16,10,24,1815,2,2,1,2,7,236,4517270,59241,240,3,2,2,0,0,0,0,0,2,0,1,99,0
201600002785,16,10,28,1645,1,1,1,7,6,32,4509180,33990,240,3,2,2,0,1,2,0,34,1,0,1,99,1
201600002786,16,11,20,2130,3,1,1,2,6,139,4512940,65354,240,4,2,2,0,2,3,0,55,2,0,3,99,0
201600002787,16,12,18,1045,1,1,1,1,2,256,4517880,62057,240,3,0,2,0,1,0,0,0,1,0,1,0,0
201600002788,16,1,10,1615,1,1,1,8,1,25,4509130,103086,240,4,2,1,0,3,3,0,30,2,0,1,99,0
201600002789,16,1,19,1700,1,1,1,1,6,137,4533180,95217,240,3,4,1,0,3,2,0,25,1,2,1,0,0
201600002790,16,5,20,945,1,1,1,1,7,473,4519230,106039,240,4,2,2,0,2,1,0,60,1,0,3,0,0
201600002791,16,7,25,1630,1,1,1,1,1,4,4513490,103563,240,3,2,0,0,0,3,0,0,1,0,0,0,1
201600002792,16,8,3,1530,1,2,2,1,3,540,4530610,87335,240,2,2,2,0,1,1,0,70,1,5,1,0,0
201600002793,16,12,12,1845,3,1,1,1,3,11,4521280,83744,240,3,2,0,0,1,1,0,49,1,2,1,99,0
201600002794,16,3,27,1215,1,1,1,8,6,413,4490640,36131,240,3,2,2,0,0,2,0,42,2,0,3,99,0
201600002795,16,9,10,1745,1,1,1,1,5,487,4485850,35177,240,3,2,0,0,0,1,0,71,1,0,1,99,1
201600002796,16,10,10,1730,1,1,3,1,3,222,4485330,38933,240,3,2,2,0,1,1,0,73,1,0,1,99,0
201600002797,16,11,23,715,3,1,1,1,1,182,4488790,22345,240,3,2,2,0,2,1,0,70,1,0,1,0,0
201600002798,16,12,2,745,2,1,1,1,1,499,4488520,54307,240,3,2,0,0,1,2,0,72,1,0,1,99,0
201600002799,16,12,27,1500,1,1,1,1,5,77,4495380,58339,240,2,2,0,0,0,1,0,72,1,0,1,99,1
201600002800,16,7,12,1030,1,2,2,8,3,68,4485210,91063,240,3,0,0,0,0,0,0,0,0,0,0,0,0
201600002801,16,9,16,845,1,2,7,1,6,273,4481200,82373,240,6,0,0,0,0,0,0,0,1,0,0,3,0
201600002802,16,12,6,1015,1,1,1,1,6,68,4482570,88823,240,3,2,2,0,0,1,0,6,0,5,1,0,0