Num_Acc,an,mois,jour,hrmn,lum,agg,int,atm,col,com,lat,long,dep,catr,circ,nbv,vosp,prof,plan,lartpc,larrout,surf,infra,situ,env1,killed
201600002803,16,5,13,1330,1,1,1,1,6,231,4470190,83922,240,3,2,2,0,1,2,0,60,2,0,3,0,0
201600002804,16,6,11,215,3,1,1,1,6,231,4469620,88386,240,3,2,2,0,0,3,0,58,1,0,0,0,0
201600002805,16,5,14,30,3,1,1,1,6,68,4486270,82919,240,3,2,0,0,1,4,47,0,1,0,1,0,0
201600002806,16,8,26,2230,5,2,1,1,2,566,4483410,70279,240,3,2,2,0,1,1,0,60,1,0,1,0,0
201600002807,16,6,13,1600,1,1,2,1,1,181,4475400,43408,240,3,2,2,0,2,1,0,54,2,0,1,99,0
201600002808,16,8,21,1845,1,1,1,1,7,532,4469060,41947,240,4,2,1,0,2,3,0,40,1,0,3,99,1
201600002809,16,7,3,1945,1,1,1,1,1,335,4489530,19907,240,4,2,2,0,3,3,0,47,1,0,1,0,0
201600002810,16,7,11,1230,1,1,1,1,1,461,4491500,18671,240,3,2,0,0,3,1,0,60,1,0,1,0,0
201600002811,16,9,11,1945,1,1,1,7,1,584,4494860,3291,240,3,2,2,0,0,3,0,46,1,0,1,0,0
201600002812,16,12,24,1145,1,1,1,2,1,415,4494390,18270,240,3,2,0,0,0,3,0,70,8,0,1,0,0
201600002813,16,1,12,1330,1,2,3,2,3,479,4549070,74725,240,3,2,2,0,1,1,0,60,2,0,1,0,0
201600002814,16,1,13,530,3,1,1,9,6,451,4550910,65337,240,3,2,2,0,2,2,0,60,7,0,3,0,0
201600002815,16,11,6,1430,1,1,1,1,7,328,4561060,66888,240,4,1,1,0,0,1,0,45,1,0,1,0,1
201600002816,16,11,16,1845,3,1,1,1,1,528,4551960,69777,240,3,2,2,0,2,3,0,65,1,0,1,99,0
201600002817,16,12,16,315,3,1,1,9,6,548,4557770,54530,240,3,2,2,0,0,2,0,60,1,0,3,0,0
201600002818,16,1,6,1800,5,2,4,2,3,551,4541510,91730,240,3,2,2,0,1,2,0,0,2,0,1,0,0
201600002819,16,6,9,1845,1,1,1,1,1,218,4549790,109281,240,3,2,2,0,1,2,0,80,1,0,1,0,1
201600002820,16,7,3,1,3,1,1,1,6,95,4548990,94415,240,2,2,2,0,1,2,0,70,1,0,3,0,0
201600002821,16,7,23,1030,1,1,1,1,6,9,4535140,112514,240,3,2,2,0,1,2,0,59,9,0,3,0,1
201600002822,16,9,14,1615,1,1,1,3,6,133,4556590,97544,240,2,2,2,0,0,1,0,0,2,0,3,0,0
201600002823,16,9,30,1445,1,1,1,1,6,320,4543990,121212,240,3,2,2,0,0,1,0,43,1,0,3,99,0
201600002824,16,2,3,2130,3,1,1,1,6,529,4519400,45892,240,3,2,2,0,2,1,0,52,1,0,3,0,1
201600002825,16,7,6,1815,1,2,1,7,3,352,4525380,34931,240,9,0,2,0,1,1,63,0,0,0,1,0,0
201600002826,16,7,18,1900,1,1,1,1,1,564,4519680,27191,240,3,2,2,0,1,2,0,0,1,0,1,99,0
201600002827,16,7,12,1530,1,2,7,1,6,352,4524680,34009,240,3,2,0,0,1,1,0,0,1,0,1,0,0
201600002828,16,7,30,1900,1,1,2,1,3,119,4539380,38529,240,3,2,2,0,3,1,0,0,1,0,1,0,0
201600002829,16,8,7,1745,1,1,1,1,7,352,4523380,31764,240,3,2,2,0,2,2,0,0,1,0,1,99,0
201600002830,16,8,28,2130,3,1,2,1,3,455,4519980,36723,240,3,0,0,0,0,0,0,0,0,0,0,0,0
201600002831,16,9,16,1145,1,2,1,8,6,553,4525640,50402,240,3,2,2,0,1,3,0,95,1,0,1,99,1
201600002832,16,10,31,1330,1,1,1,1,6,352,4524300,37094,240,4,2,2,0,3,2,0,50,2,0,1,99,0
201600002833,16,10,31,1615,1,1,1,1,1,460,4525520,41401,240,3,2,2,0,1,1,0,70,1,0,1,99,0
201600002834,16,12,27,1445,1,1,1,1,5,38,4530340,36127,240,3,2,2,0,1,3,0,0,0,0,1,99,0
201600002835,16,1,29,1845,5,2,1,1,6,543,4505150,39455,240,3,2,0,0,0,1,0,77,1,0,1,99,1
201600002836,16,2,12,745,5,2,3,3,5,294,4500980,16316,240,3,0,2,0,1,1,0,0,2,5,1,99,0
201600002837,16,3,2,1000,1,2,1,1,6,449,4500930,16504,240,3,2,0,0,1,1,17,60,1,0,1,99,0
201600002838,16,5,23,1300,1,1,1,2,5,543,4504130,38085,240,3,2,2,0,2,2,0,70,2,0,1,0,1
201600002839,16,8,3,1020,1,2,1,1,6,294,4500990,16032,240,3,2,2,0,1,1,0,70,1,0,1,99,0
201600002840,16,8,4,1700,1,1,1,2,1,294,4504410,15467,240,3,2,0,0,2,3,0,60,2,0,1,0,0
201600002841,16,8,23,2030,1,1,1,7,1,462,4499740,35612,240,4,2,1,0,1,1,0,0,1,0,1,99,0
201600002842,16,8,24,1745,1,1,1,1,3,462,4503400,32876,240,3,2,2,0,1,1,0,0,1,0,1,99,0
201600002843,16,9,13,1045,1,1,1,1,3,449,4499830,23399,240,3,2,2,0,1,4,0,60,1,0,1,0,0
201600002844,16,3,8,1500,1,1,2,1,1,294,4501310,11686,240,3,3,0,0,1,1,50,60,1,5,1,99,0
201600002845,16,5,31,1245,1,1,3,1,1,264,4501400,10568,240,3,2,2,0,1,1,0,0,0,0,0,0,0
201600002846,16,1,17,1215,1,1,1,1,1,354,4514050,221,240,3,2,2,0,0,1,0,70,1,0,1,99,0
201600002847,16,1,25,1430,1,1,1,1,7,343,4516810,8313,240,3,2,2,0,1,1,0,69,1,0,3,0,0
201600002848,16,3,5,545,3,1,1,2,7,82,4485760,125562,240,3,2,2,0,1,3,0,65,2,0,3,0,0
201600002849,16,7,2,1145,1,1,1,1,1,255,4492910,114118,240,3,2,1,0,1,1,0,35,1,0,1,99,1
201600002850,16,7,30,1745,1,1,3,1,3,82,4485890,125160,240,3,2,0,0,1,4,0,60,1,0,1,99,0
201600002851,16,8,6,1745,1,1,1,1,1,392,4496420,126624,240,3,2,0,0,1,2,0,35,1,0,1,99,0
201600002852,16,2,20,1515,1,1,3,1,3,172,4494490,105302,240,3,2,2,0,1,1,0,66,1,5,1,0,0
201600002853,16,5,21,1600,1,1,3,1,1,142,4483170,98063,240,3,2,2,0,1,1,0,57,1,5,1,0,1
201600002854,16,7,9,1000,1,2,1,1,7,67,4491950,92666,240,4,1,1,0,1,1,0,30,1,0,3,0,0
201600002855,16,7,26,1115,1,1,1,1,3,172,4492710,107902,240,3,2,2,0,0,3,0,60,1,0,1,0,0
201600002856,16,9,2,1530,1,1,1,1,1,552,4502680,109885,240,3,2,2,0,0,2,0,42,1,0,1,0,0
201600002857,16,10,17,1215,1,1,1,1,5,404,4500010,88090,240,3,0,2,0,1,1,0,83,2,0,1,0,0
201600002858,16,11,18,1900,3,1,1,2,1,356,4506180,94531,240,3,2,2,0,1,1,0,54,2,0,1,99,0
201600002859,16,12,3,1945,3,1,1,1,1,443,4503280,106914,240,3,2,1,0,2,1,0,54,1,0,1,0,0
201600002860,16,1,6,945,1,1,1,2,3,312,4354414,149939,400,3,2,2,0,1,1,0,110,4,0,1,99,1
201600002861,16,1,8,1215,1,1,1,1,1,162,4395889,40520,400,4,2,2,0,1,4,0,36,2,0,1,99,0
201600002862,16,2,6,1045,1,1,1,1,7,105,4404306,64252,400,3,2,0,0,0,2,0,41,1,0,3,99,0
201600002863,16,2,19,900,1,1,1,1,1,320,4392404,55731,400,3,2,0,0,1,1,0,70,1,0,1,99,1
201600002864,16,3,27,1515,1,1,1,1,7,164,4410998,32491,400,3,2,2,0,1,1,0,38,1,0,1,99,0
201600002865,16,4,23,1515,1,1,1,3,1,56,4402487,52533,400,3,2,2,0,1,3,0,70,2,0,1,0,0
201600002866,16,5,25,1200,1,1,1,1,6,164,4412850,28965,400,3,4,3,0,1,1,0,89,1,0,3,0,1
201600002867,16,6,19,1400,1,1,1,1,1,111,4396826,59541,400,3,2,2,0,1,1,0,68,1,0,1,0,1
201600002868,16,6,22,1815,1,1,1,1,1,274,4392119,62691,400,3,2,2,0,4,1,0,55,1,2,1,99,0
201600002869,16,1,9,2130,3,1,1,1,6,309,4379484,73450,400,3,2,2,0,1,1,0,75,1,0,1,0,0
201600002870,16,1,9,1200,1,1,1,1,6,48,4389631,100431,400,4,2,0,0,1,1,0,0,1,0,0,0,0
201600002871,16,3,4,440,3,1,1,2,7,243,4388868,88011,400,3,2,2,0,1,2,0,60,2,0,1,99,0
201600002872,16,7,12,1150,1,1,1,1,6,67,4385730,81017,400,4,2,0,0,1,1,40,0,1,0,3,0,0
201600002873,16,9,14,1645,1,1,1,1,6,68,4376111,87782,400,3,2,2,0,0,2,0,0,1,0,1,0,0
201600002874,16,2,6,1530,1,1,6,1,3,283,4373826,101643,400,3,1,0,0,1,3,0,0,1,0,1,0,0
201600002875,16,3,21,1715,1,1,1,1,6,314,4365564,110002,400,3,2,2,0,1,1,0,50,1,0,0,0,0
201600002876,16,4,9,315,3,1,1,3,6,125,4365476,109992,400,3,2,0,0,0,2,0,80,2,0,3,0,1
201600002877,16,6,24,2130,2,1,1,2,1,277,4366105,104049,400,3,2,2,0,1,3,0,64,2,0,1,99,0
201600002878,16,7,12,1130,1,1,1,8,4,244,4370427,117564,400,3,3,4,0,1,1,132,146,1,0,1,99,0
201600002879,16,8,7,1630,1,1,6,1,7,283,4374950,100702,400,3,0,1,0,0,0,0,0,1,0,1,0,0
201600002880,16,10,28,1440,1,1,2,1,2,294,4368639,98203,400,3,2,2,0,1,0,0,10,1,0,1,0,0
201600002881,16,11,13,1035,1,2,1,1,3,202,4369274,100953,400,3,2,2,0,1,1,0,76,1,0,1,99,0
201600002882,16,5,7,600,2,2,1,1,7,65,4365425,143087,400,9,0,0,1,1,1,0,0,1,0,5,0,0
201600002883,16,7,2,1330,1,1,1,1,3,65,4361987,143388,400,3,2,2,0,2,3,0,0,1,0,1,0,0
201600002884,16,7,8,2300,5,2,1,1,7,133,4359222,144896,400,3,2,2,0,1,2,0,56,1,0,3,99,0
201600002885,16,7,16,445,3,1,1,1,2,36,4364314,133986,400,3,2,2,0,1,1,0,70,1,0,1,0,0
201600002886,16,7,18,1850,1,2,1,1,3,133,4358936,142818,400,3,3,0,0,1,1,35,100,1,0,1,99,0
201600002887,16,8,21,1330,1,2,1,1,6,133,4359984,146462,400,4,0,2,0,1,1,0,32,1,0,1,99,0
201600002888,16,8,24,500,5,1,1,1,1,36,4364180,134258,400,3,2,2,0,1,1,60,0,0,0,1,0,0
201600002889,16,1,13,1430,1,2,1,1,3,150,4387156,131926,400,4,2,0,0,1,1,0,44,1,0,1,0,0
201600002890,16,2,27,1115,1,1,1,3,3,326,4395775,126939,400,3,2,2,0,0,1,50,0,2,0,1,0,0
201600002891,16,5,19,630,2,1,1,1,6,311,4384585,106947,400,3,2,2,0,1,1,0,63,1,0,1,99,0
201600002892,16,9,7,745,2,1,1,1,6,322,4403676,122200,400,3,3,2,0,2,2,0,0,1,0,1,99,0
201600002893,16,3,21,1455,1,1,1,1,3,308,4368502,90279,400,3,2,2,0,1,1,0,52,1,0,1,0,0
201600002894,16,4,25,1045,1,1,1,1,6,249,4368923,73819,400,3,0,0,0,1,1,0,35,1,0,1,99,0
201600002895,16,6,3,1530,1,1,3,7,3,126,4370479,89871,400,3,2,2,0,1,1,0,66,1,0,1,99,0
201600002896,16,8,21,1845,1,1,2,1,3,2,4359984,146462,400,3,2,2,0,0,1,0,58,1,0,1,99,0
201600002897,16,1,15,2015,3,1,1,2,3,118,4353747,93189,400,3,2,2,0,1,1,0,80,2,0,1,0,0
201600002898,16,1,26,1200,1,2,1,7,3,212,4355891,115051,400,3,2,2,0,1,1,0,80,1,0,1,99,0
201600002899,16,3,26,1315,1,1,1,1,1,212,4359199,114685,400,3,2,2,0,1,3,0,75,1,0,1,99,1
201600002900,16,4,2,1645,1,1,1,1,1,306,4353300,106711,400,3,2,2,0,1,3,0,68,1,0,1,99,0
201600002901,16,5,31,915,1,1,1,1,1,316,4357690,82615,400,3,2,2,0,2,2,0,48,1,0,1,99,0
201600002902,16,6,8,815,1,1,3,1,3,34,4359143,114675,400,3,2,2,0,1,3,0,65,1,0,1,99,0
201600002903,16,6,15,1800,1,1,1,3,6,120,4354075,114183,400,3,2,2,0,1,2,0,52,2,0,1,99,0
201600002904,16,7,10,2000,1,1,3,1,3,211,4361393,118001,400,3,2,2,0,1,1,0,0,1,0,1,99,0
201600002905,16,9,29,1845,1,1,1,1,3,95,4359873,91418,400,3,2,2,0,2,1,0,62,1,0,1,99,0
201600002906,16,1,5,830,2,1,1,2,1,291,4367687,134279,400,3,2,2,0,1,1,0,60,2,0,1,99,0
201600002907,16,3,21,1830,2,1,3,7,1,168,4378257,120845,400,3,0,2,0,2,1,0,64,1,0,1,0,0
201600002908,16,3,27,1900,1,2,1,1,3,284,4365665,131332,400,3,4,3,0,1,1,0,103,1,0,1,0,0
201600002909,16,4,26,1415,1,1,1,1,6,168,4379741,123526,400,3,2,2,0,1,1,0,60,1,0,1,99,0
201600002910,16,7,6,1700,1,2,2,1,3,187,4384795,135803,400,3,1,1,0,1,1,0,0,1,5,1,99,0
201600002911,16,8,28,2145,5,2,1,2,3,317,4369008,133324,400,4,2,2,0,1,1,0,60,1,0,1,0,0
201600002912,16,1,15,1930,5,2,1,3,1,312,4353354,146089,400,3,2,3,0,3,1,0,110,2,0,1,0,0
201600002913,16,3,28,1445,1,1,1,1,1,209,4358091,145666,400,9,0,0,1,0,1,0,30,1,0,0,99,1
201600002914,16,3,30,745,1,2,1,1,3,312,4352990,146220,400,3,2,2,0,0,1,0,0,1,0,1,0,0
201600002915,16,5,13,845,1,2,1,1,3,312,4352988,146221,400,3,2,2,0,1,1,0,96,1,0,1,0,0
201600002916,16,7,12,715,2,2,1,2,6,312,4355072,146027,400,3,3,0,0,1,1,0,0,2,0,3,0,0
201600002917,16,7,15,30,3,1,1,1,6,268,4353653,126520,400,3,2,2,0,4,2,0,40,1,2,3,0,0
201600002918,16,7,18,1835,1,1,1,1,3,312,4355547,145515,400,3,4,0,0,0,1,0,53,1,0,1,0,0
201600002919,16,7,27,1710,1,2,1,1,1,273,4352924,138917,400,3,2,0,0,0,1,0,0,1,0,1,0,0
201600002920,16,8,13,850,1,2,1,1,2,312,4354311,146944,400,3,2,2,0,2,3,0,76,1,0,1,99,1
201600002921,16,8,25,2030,2,2,1,1,1,273,4354196,138991,400,4,2,1,0,2,1,0,60,1,0,4,0,0
201600002922,16,1,5,1810,5,2,1,3,6,46,4439286,116433,400,3,2,2,0,0,1,0,60,2,6,1,99,0
201600002923,16,3,9,1745,1,2,1,1,6,46,4439800,116609,400,4,2,2,0,1,1,0,45,2,6,1,99,0
201600002924,16,5,11,1145,1,1,2,1,1,46,4442633,116812,400,3,2,2,2,1,1,0,70,1,0,1,99,1
201600002925,16,6,27,1015,1,1,1,1,6,46,4445505,120065,400,3,2,2,0,1,1,0,60,1,0,1,0,0
201600002926,16,7,9,445,3,1,1,1,7,217,4439110,107529,400,3,2,2,0,0,1,0,0,1,0,1,99,0
201600002927,16,7,29,445,2,1,1,1,7,46,4437007,111692,400,3,2,2,0,1,1,65,0,1,0,3,99,0
201600002928,16,7,31,2015,1,1,1,1,6,46,4443057,122423,400,3,2,2,2,1,2,0,60,1,0,5,0,0
201600002929,16,9,28,1615,1,1,1,1,6,287,4450566,106143,400,3,2,2,0,1,1,0,70,1,0,1,99,0
201600002930,16,6,2,2000,1,1,1,1,1,302,4404540,99368,400,3,0,2,0,1,3,0,55,1,0,1,0,1
201600002931,16,8,15,1240,1,1,1,1,6,163,4425738,99117,400,3,2,2,0,0,1,0,62,1,0,3,99,0
201600002932,16,9,23,1000,1,1,1,1,7,303,4410539,90122,400,3,2,2,0,0,2,0,0,1,0,3,0,0
201600002933,16,9,28,1300,1,1,1,1,6,163,4419265,97739,400,3,2,1,0,1,1,0,0,1,0,1,99,0
201600002934,16,5,6,845,1,2,1,1,6,307,4432543,57476,400,4,2,2,0,0,1,0,42,1,0,1,0,0
201600002935,16,6,7,1130,1,2,1,1,1,200,4436060,76214,400,3,2,0,0,2,3,0,70,1,0,1,0,0
201600002936,16,8,6,1915,1,1,1,1,7,60,4364180,134258,400,3,2,2,0,2,3,0,52,1,0,1,0,1
201600002937,16,8,12,1430,1,1,1,1,6,295,4435070,85709,400,3,2,2,0,1,1,0,69,1,0,1,99,1
201600002938,16,8,28,245,3,1,1,1,2,227,4432932,77791,400,3,2,2,0,1,1,0,74,1,0,1,99,1
201600002939,16,9,2,1515,1,1,1,1,7,200,4436670,77076,400,3,2,1,0,1,1,0,67,1,0,1,0,0
201600002940,16,3,3,1815,4,1,1,2,1,229,4424993,111703,400,3,2,2,0,0,1,31,62,2,0,1,0,0
201600002941,16,6,26,230,3,1,1,1,6,184,4450058,105859,400,3,2,0,0,1,1,62,0,1,0,1,0,0
201600002942,16,7,6,1715,1,1,3,1,1,229,4424447,113650,400,3,2,0,0,1,1,0,61,1,0,1,0,1
201600002943,16,9,20,1000,1,2,1,7,6,184,4412009,128173,400,3,2,2,0,1,1,0,0,1,0,1,0,0
201600002944,16,4,15,1530,1,1,1,1,2,26,4377045,55822,400,3,3,0,0,1,1,0,140,1,0,1,0,0
201600002945,16,9,15,1515,1,2,6,1,3,282,4375575,57061,400,9,0,0,0,1,1,0,0,1,0,1,0,0
201600002946,16,1,13,1445,1,1,1,1,7,275,4378718,45459,400,3,2,2,0,1,1,0,70,1,0,1,0,0
201600002947,16,3,7,1745,1,1,1,1,1,55,4383994,47271,400,3,2,2,0,1,1,0,71,2,0,1,99,1
201600002948,16,5,11,1045,1,2,1,1,6,80,4376061,31658,400,3,2,2,0,1,1,0,0,1,0,1,99,0
201600002949,16,5,22,1145,1,1,1,2,1,145,4376748,41788,400,3,2,0,0,0,2,0,46,2,0,1,0,0
201600002950,16,7,31,200,5,2,1,1,6,49,4377343,36165,400,3,3,3,0,1,1,0,105,1,0,3,0,1
201600002951,16,9,8,1845,1,1,1,1,6,82,4371870,39031,400,3,2,0,0,0,1,0,56,1,0,0,99,0
201600002952,16,9,26,815,1,1,1,1,6,282,4378167,56356,400,3,2,0,0,1,1,0,73,1,0,3,0,0
201600002953,16,4,4,1215,1,1,2,1,3,137,4396558,31496,400,3,1,1,0,1,1,0,0,1,3,1,99,0
201600002954,16,5,17,1530,1,1,1,1,3,158,4405324,7556,400,3,2,2,0,1,1,80,0,1,0,1,0,0
201600002955,16,7,7,1800,1,1,1,1,1,267,4397641,24377,400,3,0,1,0,1,1,0,62,1,0,1,0,0
201600002956,16,7,21,1900,1,1,1,1,3,51,4388588,38372,400,3,2,2,0,1,0,0,0,1,0,1,99,0
201600002957,16,9,12,930,1,1,2,1,3,161,4410283,1485,400,3,2,2,0,1,1,0,0,1,5,1,0,0
201600002958,16,1,1,530,2,1,1,5,6,69,4421950,59077,470,3,2,2,0,2,3,0,0,2,0,3,0,0
201600002959,16,4,2,1415,1,2,1,1,6,293,4415240,70301,470,4,2,2,0,1,1,0,50,1,0,1,99,0
201600002960,16,4,3,1000,1,2,3,1,1,145,4412860,65971,470,2,2,2,0,1,1,0,0,1,0,1,99,0
201600002961,16,11,26,1545,1,2,6,1,7,209,4421410,65140,470,3,2,2,0,1,1,0,0,1,0,1,99,1
201600002962,16,4,26,1900,1,1,3,1,5,40,4419300,55048,470,3,2,2,0,1,1,0,0,0,0,0,0,0
201600002963,16,5,1,2345,3,1,1,1,6,69,4422040,52860,470,3,2,2,0,1,1,0,55,1,0,3,99,0
201600002964,16,5,18,1915,1,2,9,1,1,225,4417610,55869,470,4,2,2,0,2,1,0,0,1,0,1,0,0
201600002965,16,5,20,1245,1,2,1,1,1,16,4414070,56134,470,3,2,2,0,1,1,0,0,1,0,1,0,0
201600002966,16,2,25,1915,3,1,3,2,1,4,4427490,33543,470,3,2,2,0,1,1,0,0,2,5,1,99,0
201600002967,16,7,7,30,3,1,1,1,6,125,4431870,46573,470,3,2,2,0,1,1,0,60,1,0,3,0,0
201600002968,16,8,20,800,1,1,1,2,6,140,4427560,63030,470,3,2,2,0,2,1,0,58,2,0,3,0,1
201600002969,16,10,21,1400,1,1,1,1,7,154,4426960,52914,470,3,2,2,0,1,2,0,67,1,0,1,0,0
201600002970,16,11,9,900,1,1,1,2,7,38,4432290,41778,470,3,2,2,0,1,1,0,45,2,0,3,99,0
201600002971,16,11,21,1000,1,1,3,2,3,4,4429520,34222,470,3,2,2,0,1,1,0,0,2,5,1,0,0
201600002972,16,12,10,1145,1,1,1,1,1,190,4435540,51780,470,3,2,2,0,2,3,0,64,1,0,1,0,0
201600002973,16,12,14,815,2,1,1,9,7,213,4427810,50638,470,3,2,2,0,2,1,0,63,7,0,3,0,0
201600002974,16,3,27,1115,1,1,3,1,1,138,4427130,76916,470,3,2,2,0,1,1,0,0,1,5,1,0,0
201600002975,16,4,9,1815,1,1,1,1,5,75,4430310,70022,470,2,2,2,0,2,1,0,100,1,0,1,99,0
201600002976,16,6,11,1200,1,2,1,1,2,138,4428390,76113,470,3,2,2,0,2,1,0,60,1,0,1,99,0
201600002977,16,6,28,715,1,1,1,1,1,269,4417260,74331,470,3,2,2,0,1,1,0,60,1,0,1,99,0
201600002978,16,6,28,1700,1,1,1,1,1,269,4419100,76365,470,3,2,2,0,1,2,0,69,2,0,1,0,0
201600002979,16,7,5,1745,1,1,1,1,3,269,4418930,76156,470,3,2,2,0,1,1,0,615,1,0,1,0,0
201600002980,16,7,22,1745,1,1,1,1,1,274,4414430,78004,470,3,2,2,0,1,2,0,80,1,0,1,99,0
201600002981,16,8,31,945,1,1,2,1,3,234,4420510,77510,470,3,2,2,0,1,1,0,65,1,0,1,0,0
201600002982,16,11,5,1915,3,1,1,8,7,273,4424960,77926,470,3,2,2,0,1,3,0,70,2,0,1,99,0
201600002983,16,11,23,1445,1,1,1,2,1,305,4419670,80407,470,3,0,2,0,1,2,0,0,2,0,1,99,1
201600002984,16,12,12,1515,1,1,1,1,7,51,4419420,71853,470,3,2,2,0,1,2,0,50,1,0,3,0,0
201600002985,16,1,28,645,5,2,1,1,2,157,4450590,14818,470,3,4,2,0,1,1,0,85,1,0,1,0,0
201600002986,16,1,30,1700,1,1,1,1,1,326,4451930,22339,470,3,2,2,0,2,1,0,62,1,0,1,0,0
201600002987,16,2,3,1645,1,1,9,1,3,326,4450290,23541,470,3,2,2,0,1,1,0,70,1,0,1,0,0
201600002988,16,2,8,1900,5,2,1,2,2,157,4450300,17539,470,3,2,2,0,1,1,0,70,2,0,1,0,0
201600002989,16,2,9,1745,1,2,1,2,2,157,4450310,16215,470,3,3,4,0,1,1,0,68,2,6,1,0,0
201600002990,16,2,16,1800,2,1,1,1,1,326,4453340,23932,470,3,2,2,0,1,1,0,75,1,0,1,0,1
201600002991,16,3,11,2020,3,1,1,1,1,157,4449080,14861,470,3,2,2,0,1,1,0,0,1,0,1,0,1
201600002992,16,4,23,1100,1,1,1,1,3,157,4448520,18276,470,3,3,2,3,1,1,0,0,1,0,1,99,0
201600002993,16,5,23,745,1,1,1,1,2,157,4451700,12353,470,3,2,2,0,1,1,25,70,1,0,1,99,0
201600002994,16,6,4,1945,1,1,1,1,6,157,4448490,14655,470,3,2,2,0,1,3,0,0,1,0,3,0,0
201600002995,16,7,7,845,1,1,1,1,6,157,4449170,14897,470,3,2,2,0,1,1,0,90,1,0,1,0,0
201600002996,16,7,27,1000,1,1,4,1,3,326,4450540,27251,470,3,2,2,0,1,1,0,0,1,5,1,99,0
201600002997,16,8,7,1500,1,2,2,1,2,157,4450120,15876,470,3,2,3,0,1,1,0,150,1,5,1,99,0
201600002998,16,9,13,800,1,1,6,1,3,157,4450920,19417,470,3,1,2,0,1,2,0,0,1,5,1,0,0
201600002999,16,9,25,1630,1,1,1,2,7,24,4453870,14111,470,3,2,2,0,3,1,0,0,2,0,1,0,0
201600003000,16,10,13,1515,1,1,1,1,7,157,4448000,14488,470,3,2,2,2,1,1,0,0,1,0,5,3,0
201600003001,16,10,21,300,5,1,6,5,7,157,4449280,15034,470,3,3,2,0,1,3,0,0,1,5,0,99,0
201600003002,16,10,30,645,3,2,1,5,1,326,4450300,23435,470,3,2,2,0,1,3,0,0,2,0,1,99,0
201600003003,16,11,24,730,5,2,1,2,6,157,4449950,18122,470,4,2,2,0,1,1,0,70,2,0,1,3,0
201600003004,16,11,23,1930,3,1,1,3,7,88,4454090,24604,470,3,2,2,0,2,1,0,60,2,0,3,99,0
201600003005,16,12,1,1930,3,1,1,1,3,263,4447130,19897,470,3,3,2,0,1,3,0,0,1,0,1,0,1
201600003006,16,12,7,1505,1,1,2,7,3,28,4448120,25783,470,3,2,2,0,1,1,0,0,1,0,1,0,1
201600003007,16,12,19,1530,1,1,1,1,1,157,4450780,18999,470,3,0,2,0,1,1,0,0,1,0,1,0,0
201600003008,16,3,27,2015,2,2,3,1,3,168,4459940,36759,470,3,2,2,0,1,1,0,0,1,0,1,0,0
201600003009,16,7,23,1130,1,1,1,1,3,204,4456890,32174,470,3,2,2,0,2,1,0,75,1,0,1,0,0
201600003010,16,9,30,1515,1,1,3,1,2,147,4463170,19950,470,3,2,2,0,1,1,0,48,1,0,1,0,0
201600003011,16,10,4,1100,1,2,2,1,6,168,4460260,35914,470,3,1,1,0,1,1,0,0,1,5,1,99,0
201600003012,16,12,20,1745,2,1,3,1,3,290,4464410,32952,470,3,2,2,0,1,1,0,59,1,0,1,0,0
201600003013,16,8,8,1315,1,1,1,1,7,244,4436070,14048,470,4,2,2,0,1,2,0,46,1,0,1,0,1
201600003014,16,9,4,1530,1,1,2,1,3,191,4443490,7124,470,3,2,2,0,1,1,0,41,1,0,1,99,0
201600003015,16,9,8,1245,1,1,1,1,7,68,4445000,3296,470,3,2,2,0,2,2,0,0,1,0,3,99,0
201600003016,16,10,27,1630,1,1,2,1,5,257,4456190,9027,470,3,2,2,0,1,1,0,0,1,0,1,99,0
201600003017,16,1,29,1915,2,1,1,1,7,65,4436800,37519,470,4,2,2,0,3,1,0,0,1,0,1,99,0
201600003018,16,1,17,1000,1,1,1,1,7,110,4443560,32003,470,4,2,2,0,4,1,0,80,1,0,1,0,0
201600003019,16,12,14,1830,3,1,1,1,5,325,4435820,26333,470,3,2,2,0,1,1,0,60,1,0,1,0,1
201600003020,16,12,17,1630,1,2,1,1,6,310,4439120,30405,470,3,2,2,0,1,1,0,0,1,0,1,3,0
201600003021,16,3,17,930,1,1,1,1,3,52,4426980,28209,470,3,2,2,0,1,1,0,60,1,0,1,0,1
201600003022,16,8,2,1500,1,1,1,1,1,119,4418020,2806,470,3,2,2,0,1,1,0,76,1,0,1,0,0
201600003023,16,8,5,1845,1,2,1,1,7,52,4432510,8251,470,3,2,2,0,1,2,0,53,1,0,1,0,0
201600003024,16,8,12,1845,1,1,2,1,3,320,4431840,20024,470,3,0,2,0,1,1,0,62,1,0,1,0,0
201600003025,16,10,15,1315,1,1,1,1,6,78,4428090,30370,470,3,2,2,0,1,1,0,70,1,0,3,99,1
201600003026,16,10,15,1800,1,1,1,1,7,220,4434590,22598,470,3,2,2,0,1,2,0,70,1,0,3,99,0
201600003027,16,11,28,815,1,1,2,5,1,250,4428970,31189,470,3,2,2,0,1,1,0,75,1,0,1,99,0
201600003028,16,6,10,845,1,1,1,1,1,175,4450980,75519,470,3,2,2,0,1,2,0,0,1,0,1,99,1
201600003029,16,6,25,745,1,1,1,1,6,203,4438740,79567,470,3,2,2,0,2,1,0,65,1,0,3,0,0
201600003030,16,7,1,2245,5,2,1,1,6,315,4443360,86043,470,3,2,2,0,1,1,0,65,1,0,1,0,0
201600003031,16,7,8,1900,1,1,3,1,5,291,4446320,72641,470,3,2,2,0,1,1,0,0,1,0,1,0,0
201600003032,16,9,1,1400,1,1,2,1,3,184,4459630,66443,470,3,2,2,0,1,3,0,63,1,0,1,0,0