Num_Acc,an,mois,jour,hrmn,lum,agg,int,atm,col,com,lat,long,dep,catr,circ,nbv,vosp,prof,plan,lartpc,larrout,surf,infra,situ,env1,killed
201600003033,16,2,27,945,1,2,6,1,6,324,4463640,73970,470,3,1,2,0,1,1,0,70,1,0,1,99,0
201600003034,16,3,20,100,3,1,1,2,7,152,4460220,60715,470,2,2,2,0,1,3,0,0,2,0,3,0,0
201600003035,16,6,13,1841,1,1,1,2,6,96,4464590,63128,470,3,2,2,0,2,1,0,61,2,0,3,99,0
201600003036,16,12,30,2030,3,1,3,1,7,152,4458070,60184,470,3,2,2,0,1,3,0,40,1,5,3,0,0
201600003037,16,7,22,2100,2,1,1,2,6,70,4447720,90617,470,4,2,2,0,2,2,0,48,2,0,3,0,0
201600003038,16,8,16,845,1,2,1,7,6,283,4447780,94943,470,3,2,2,0,2,1,0,70,1,0,1,0,1
201600003039,16,11,8,930,1,1,1,2,7,17,4434090,79905,470,4,2,2,0,2,1,0,42,2,0,3,0,0
201600003040,16,2,24,1700,1,1,2,8,3,81,4433850,62343,470,3,2,2,0,1,1,0,0,1,0,1,0,0
201600003041,16,5,27,1615,1,1,2,1,3,81,4433850,62343,470,3,2,2,0,1,1,0,0,1,0,1,0,0
201600003042,16,7,22,2000,2,1,3,3,5,309,4451230,44747,470,3,2,2,0,1,1,75,75,2,0,1,0,0
201600003043,16,8,10,1815,1,1,1,1,5,252,4439080,59422,470,3,3,2,0,1,1,0,106,1,0,1,0,0
201600003044,16,9,9,1200,1,2,6,1,3,252,4439880,59137,470,3,0,2,0,1,1,0,65,1,0,1,0,0
201600003045,16,10,22,1100,1,1,2,1,3,81,4433850,62343,470,3,2,2,0,1,1,0,72,1,0,1,0,0
201600003046,16,11,13,1745,2,1,1,8,1,81,4437780,57499,470,3,2,2,0,1,2,0,40,2,0,1,99,0
201600003047,16,11,18,1200,1,2,1,2,6,252,4440110,59747,470,4,2,2,0,1,1,0,60,2,0,1,3,0
201600003048,16,11,19,1700,2,1,3,2,3,252,4439050,56695,470,3,2,2,0,1,2,0,0,2,0,1,99,0
201600003049,16,1,8,1730,1,2,1,1,6,230,4322875,38849,640,3,2,2,2,1,1,0,65,1,0,1,99,1
201600003050,16,8,19,1630,1,2,2,1,3,230,4322970,38858,640,3,2,2,0,1,1,0,0,0,5,1,0,0
201600003051,16,9,3,1615,1,1,1,1,1,230,4319657,38911,640,3,2,2,0,1,1,130,0,1,0,1,99,1
201600003052,16,9,17,1100,1,1,1,2,6,230,4320355,41430,640,2,2,2,0,2,2,0,103,2,0,3,0,0
201600003053,16,5,22,1615,1,1,1,3,7,230,4317368,39430,640,3,2,2,0,0,3,0,100,2,0,3,0,0
201600003054,16,11,27,1545,1,1,1,1,3,478,4328810,43800,640,4,2,0,0,1,3,0,36,1,0,1,0,0
201600003055,16,12,30,2045,3,1,1,5,5,230,4323814,39089,640,2,2,2,0,2,2,0,138,1,0,1,0,0
201600003056,16,6,9,1515,1,1,1,1,6,405,4334651,25437,640,3,2,2,0,1,1,0,130,1,0,3,99,0
201600003057,16,3,23,1745,1,2,1,1,1,511,4341340,36676,640,3,2,2,0,2,3,0,81,8,0,1,99,1
201600003058,16,12,14,1600,1,1,6,7,2,60,4332000,45700,640,3,0,2,0,1,2,0,0,1,0,1,99,0
201600003059,16,2,15,1930,5,1,1,1,6,405,4335100,26353,640,3,2,2,3,2,3,0,105,1,5,3,99,1
201600003060,16,4,29,900,1,2,1,1,1,343,4327800,18400,640,3,2,2,0,2,3,0,0,1,0,1,0,0
201600003061,16,7,4,1100,1,1,1,1,7,227,4336497,20216,640,3,2,2,0,1,1,0,62,1,0,0,99,0
201600003062,16,9,18,600,3,1,1,1,1,216,4325005,17237,640,3,2,0,0,0,2,0,72,1,0,0,0,1
201600003063,16,9,30,1715,1,2,1,1,3,472,4337435,30322,640,3,2,2,0,1,1,0,64,1,5,1,99,0
201600003064,16,10,25,1800,1,2,1,1,3,419,4326950,21181,640,3,2,2,0,1,2,0,50,1,0,3,99,0
201600003065,16,10,29,800,3,2,1,1,2,59,4328033,23833,640,3,2,0,0,1,1,0,217,1,0,1,99,0
201600003066,16,12,10,1715,2,1,1,1,6,238,4324819,8956,640,3,2,3,0,4,1,0,105,1,0,1,99,0
201600003067,16,1,15,2045,3,1,1,8,6,302,4321135,21654,640,3,2,0,0,1,1,0,60,2,2,3,99,1
201600003068,16,1,22,1000,1,2,2,2,3,138,4324061,27801,640,4,2,2,0,1,1,0,64,2,5,1,0,0
201600003069,16,3,21,1345,1,1,1,1,6,498,4316614,17406,640,3,2,0,0,1,1,0,37,1,0,3,0,0
201600003070,16,5,12,1230,1,1,1,1,6,23,4324515,25440,640,3,2,0,0,0,2,0,53,1,0,3,99,0
201600003072,16,8,5,915,1,1,1,1,6,453,4319963,10658,640,4,2,1,0,2,3,0,0,1,0,3,0,0
201600003073,16,8,31,1130,1,1,1,1,1,270,4314475,24011,640,3,2,0,0,2,1,0,0,1,0,1,0,0
201600003074,16,9,22,1030,1,2,1,1,3,339,4312351,20652,640,3,2,2,0,3,1,82,82,1,0,1,0,0
201600003075,16,12,5,815,1,1,1,1,3,453,4318454,12261,640,3,2,2,0,1,1,0,80,1,0,1,0,0
201600003076,16,12,8,1515,1,1,1,1,6,109,4318657,21226,640,4,2,2,0,1,1,0,40,1,0,3,0,0
201600003077,16,1,3,445,3,1,1,1,6,180,4355684,22007,640,3,2,1,0,1,1,0,35,1,0,1,0,0
201600003078,16,1,24,615,3,1,1,2,6,374,4343625,48250,640,3,2,2,0,0,1,0,68,1,0,3,0,0
201600003079,16,4,16,1100,1,1,1,1,5,234,4352118,47919,640,3,2,2,0,1,1,0,70,1,0,1,0,0
201600003080,16,4,22,1945,1,1,1,1,7,70,4343559,31351,640,3,2,2,0,1,3,0,70,1,0,3,0,0
201600003081,16,6,21,730,2,1,1,1,3,560,4346425,38678,640,3,2,2,0,3,3,5,74,1,0,1,0,1
201600003082,16,9,13,1000,1,1,1,1,1,523,4345574,26597,640,3,2,2,0,1,1,0,60,1,0,1,99,0
201600003083,16,9,23,1800,1,1,1,1,2,415,4339540,32340,640,3,2,2,0,1,1,0,65,1,0,1,99,0
201600003084,16,9,24,1845,1,1,1,1,6,180,4355876,23494,640,3,3,2,0,0,2,0,0,0,0,1,0,0
201600003085,16,11,2,1430,1,1,1,1,6,70,4344489,32460,640,3,2,2,0,4,1,0,100,1,0,3,99,0
201600003086,16,11,5,1500,1,2,9,1,6,63,4353634,41027,640,6,0,0,0,0,0,0,0,1,0,0,0,0
201600003087,16,2,28,1045,1,1,1,8,3,407,4348520,144102,640,3,2,0,0,1,1,0,0,2,5,1,0,0
201600003088,16,6,30,1800,1,1,1,1,1,407,4346250,140643,640,3,2,2,0,2,3,66,0,1,0,1,0,0
201600003089,16,10,18,1530,1,1,1,1,3,100,4343321,150760,640,4,2,2,0,0,3,0,60,1,0,1,0,0
201600003090,16,1,8,1900,3,1,1,2,5,161,4350938,111174,640,3,2,0,0,1,1,0,103,2,0,1,0,0
201600003091,16,6,14,1215,1,1,1,1,1,256,4343469,132255,640,3,2,2,0,1,2,0,102,2,0,1,99,0
201600003093,16,8,26,1630,1,1,1,1,1,256,4337904,134142,640,3,2,0,0,0,3,0,53,1,0,1,0,0
201600003094,16,8,28,1900,1,2,1,1,3,476,4332655,121086,640,3,2,1,0,1,1,0,60,1,0,1,99,0
201600003095,16,2,14,1215,1,1,1,6,1,527,4335360,147347,640,3,2,2,0,2,1,0,65,2,0,1,99,1
201600003096,16,2,24,845,1,2,1,1,3,65,4334660,162223,640,3,2,2,0,0,1,0,70,1,0,1,99,0
201600003097,16,2,28,330,5,1,2,2,3,65,4336210,163675,640,3,2,2,0,1,1,0,70,2,0,1,99,0
201600003098,16,4,6,1700,1,1,1,1,6,495,4334544,155189,640,3,2,2,0,0,3,0,60,1,0,1,99,0
201600003099,16,5,4,945,1,1,1,1,3,504,4329997,156880,640,4,2,0,0,3,2,60,0,1,0,1,99,0
201600003100,16,8,20,1730,1,2,1,1,3,9,4340261,157470,640,3,2,0,0,2,1,15,75,1,5,1,0,0
201600003101,16,9,2,1745,1,1,1,1,3,495,4331772,30275,640,3,2,2,0,1,1,0,70,1,0,1,99,0
201600003102,16,9,13,1715,1,1,1,3,5,9,4341581,157500,640,3,2,0,0,1,1,0,53,2,0,1,99,0
201600003103,16,10,8,1600,1,1,1,1,1,9,4341547,157491,640,3,2,2,0,2,1,0,60,1,0,1,99,0
201600003104,16,12,7,1030,1,1,1,1,1,504,4330500,156600,640,4,2,0,0,2,2,0,50,1,0,1,99,0
201600003105,16,12,18,1445,1,2,1,1,3,495,4334800,152600,640,4,2,2,0,2,1,0,122,1,0,1,99,0
201600003106,16,2,6,1430,1,2,1,1,6,558,4343290,143882,640,4,2,0,0,0,2,0,50,1,0,1,0,0
201600003107,16,3,14,1915,2,2,1,1,3,255,4338000,142200,640,4,2,1,0,2,1,0,50,1,0,1,0,0
201600003108,16,4,23,2345,3,2,1,1,1,38,4344013,151941,640,3,2,2,0,2,2,0,70,1,0,1,0,0
201600003109,16,5,13,600,3,1,1,2,2,547,4340973,146964,640,3,2,3,0,3,3,0,108,2,0,3,99,0
201600003110,16,6,5,1130,1,2,1,1,1,213,4334779,143743,640,3,2,0,0,0,2,0,80,1,0,1,0,0
201600003111,16,6,12,630,1,1,1,1,6,38,4343183,151360,640,3,2,2,0,1,3,80,0,1,0,3,0,0
201600003112,16,6,21,900,1,2,1,7,3,547,4343190,155120,640,3,2,0,0,2,1,0,0,1,0,2,3,0
201600003113,16,6,25,1700,1,1,1,1,1,100,4344500,151654,640,3,2,2,0,1,1,0,0,1,0,1,0,0
201600003114,16,9,6,200,5,2,1,1,7,213,4334190,144218,640,3,2,2,0,2,1,0,0,1,0,1,0,0
201600003115,16,9,29,1215,1,1,1,1,1,279,4331661,140355,640,4,4,1,0,2,3,0,0,9,0,1,99,0
201600003116,16,10,23,1445,1,1,1,1,7,317,4335514,142131,640,3,2,2,0,2,4,0,80,8,0,1,99,0
201600003117,16,10,29,1215,1,1,1,1,3,547,4334200,157400,640,3,2,2,0,1,1,0,50,1,0,1,99,0
201600003118,16,11,8,1630,1,1,1,2,1,547,4341625,147869,640,3,2,3,0,2,2,0,111,2,0,1,0,0
201600003119,16,12,19,1800,5,2,6,2,3,527,4334071,147301,640,3,0,1,0,1,4,0,0,2,0,1,0,0
201600003120,16,12,28,1615,1,2,3,1,3,160,4336000,139600,640,3,2,0,0,0,1,0,0,1,0,1,0,0
201600003121,16,5,22,2030,1,1,1,3,6,303,4310512,85455,640,3,2,0,0,0,1,0,0,2,0,3,99,0
201600003122,16,7,16,2045,1,2,1,1,6,371,4321121,89456,640,3,2,0,0,0,1,0,70,1,0,1,99,0
201600003123,16,2,10,1315,1,1,1,3,7,538,4315020,125337,640,3,2,2,0,2,1,0,65,2,0,3,0,0
201600003124,16,2,13,1230,1,2,1,7,3,297,4319220,116510,640,3,2,2,0,0,3,0,110,1,5,1,0,0
201600003125,16,8,26,1630,1,1,1,1,3,477,4318259,138915,640,3,2,2,0,2,3,0,63,1,0,1,0,0
201600003126,16,9,17,1130,1,1,1,2,3,66,4318753,125252,640,3,2,2,0,1,1,0,94,2,0,1,0,1
201600003127,16,10,27,730,5,2,1,1,6,477,4317983,133968,640,3,2,0,0,1,1,0,150,1,0,1,0,0
201600003128,16,11,20,1245,1,2,1,1,6,66,4316817,126088,640,3,2,2,0,2,1,0,70,1,0,1,99,0
201600003129,16,2,2,1215,1,1,1,8,1,436,4321030,128023,640,3,2,3,0,0,3,0,117,2,0,0,0,0
201600003130,16,3,17,900,1,1,1,1,1,368,4339300,109700,640,3,2,3,0,2,1,0,106,1,5,1,0,0
201600003131,16,3,26,1230,1,1,1,1,5,493,4332693,103542,640,9,1,0,0,1,1,0,49,1,0,1,99,0
201600003132,16,4,13,2115,3,1,1,1,1,285,4325063,106345,640,3,2,2,0,2,3,0,103,1,0,1,0,0
201600003133,16,7,21,1600,1,1,1,1,7,425,4339423,116629,640,3,2,1,0,1,3,0,53,1,0,3,0,0
201600003134,16,7,29,1845,1,1,1,1,7,51,4342884,110208,640,3,2,2,0,1,2,0,107,1,0,3,0,0
201600003135,16,8,6,1030,1,2,1,1,2,436,4323211,129928,640,3,2,1,0,1,1,0,120,1,0,1,0,0
201600003136,16,12,30,1030,1,1,1,1,7,539,4327611,102601,640,3,2,2,0,0,2,0,73,1,0,1,0,0
201600003137,16,5,20,1915,1,2,1,1,3,422,4317995,64003,640,3,2,2,0,1,3,0,0,1,0,1,0,0
201600003138,16,6,8,1615,1,2,1,1,3,64,4312214,61352,640,2,2,3,0,2,2,0,0,1,5,1,0,0
201600003139,16,7,17,915,1,1,1,1,5,409,4323428,66731,640,3,2,2,0,0,3,0,70,1,0,1,0,0
201600003140,16,8,27,2200,2,2,1,1,6,422,4319095,60686,640,4,1,1,0,4,3,0,0,1,0,1,0,0
201600003141,16,10,2,1130,1,1,1,1,6,422,4318342,58024,640,4,2,0,0,1,1,0,34,0,0,3,0,1
201600003142,16,12,15,1615,1,2,1,1,6,252,4317100,60300,640,3,2,2,0,1,1,0,71,1,0,1,0,1
201600003143,16,7,3,1615,1,1,1,1,7,136,4287625,57670,640,4,2,1,0,2,1,0,30,1,0,1,0,0
201600003144,16,12,21,1700,1,1,1,1,6,136,4291552,57497,640,2,2,2,0,0,1,0,80,1,0,3,0,1
201600003145,16,6,12,1730,1,1,1,1,5,320,4301164,42277,640,3,2,0,0,1,3,0,0,1,0,1,99,0
201600003146,16,8,5,2300,3,1,1,1,7,529,4331271,76798,640,3,0,2,0,1,2,0,50,1,0,3,0,0
201600003147,16,2,8,1245,1,1,1,1,6,312,4344720,82991,640,3,2,2,0,0,1,0,71,1,0,1,0,0
201600003148,16,4,18,1645,1,1,1,1,6,135,4353667,78519,640,3,2,2,0,1,1,52,52,1,0,1,0,0
201600003149,16,7,1,15,5,2,1,1,7,430,4348075,75436,640,9,2,2,0,2,4,0,0,1,0,1,0,0
201600003150,16,8,12,1530,1,2,1,1,1,286,4345313,77459,640,3,2,0,0,1,1,23,30,1,0,1,0,0
201600003151,16,8,23,1115,1,2,1,1,6,430,4348838,77253,640,3,2,2,0,1,1,0,0,1,0,1,0,0
201600003152,16,12,5,1715,2,2,1,1,2,430,4348986,78919,640,3,2,2,0,0,0,0,0,1,0,1,99,0
201600003153,16,2,3,1215,1,1,1,2,3,83,4339110,96821,640,3,2,2,0,1,2,0,102,2,2,1,99,0
201600003154,16,8,28,130,3,1,1,1,6,96,4338440,89931,640,3,3,2,0,0,0,0,0,0,0,0,0,0
201600003158,16,9,14,2200,5,2,1,2,6,115,4667802,37902,860,3,2,2,0,1,1,0,124,2,0,1,0,0
201600003161,16,7,20,845,1,1,1,8,5,53,4673400,18700,860,3,2,2,0,1,1,0,60,1,0,1,99,0
201600003166,16,12,14,1815,3,2,1,1,3,281,4672870,30371,860,3,2,0,0,1,1,0,63,1,0,1,99,0
201600003168,16,3,6,1030,1,2,1,1,3,290,4645540,36880,860,4,2,0,0,1,0,0,0,1,5,0,3,0
201600003169,16,3,27,900,1,1,1,1,6,105,4643390,42925,860,4,2,0,0,1,3,0,0,2,0,1,99,0
201600003171,16,5,16,2030,1,2,1,1,6,290,4645310,36750,860,9,2,2,0,1,1,0,40,1,0,4,0,0
201600003173,16,7,7,1800,1,2,1,1,2,38,4635590,46338,860,3,2,2,0,1,3,0,48,1,0,1,99,0
201600003174,16,7,21,645,1,1,1,1,1,263,4652330,37960,860,4,2,2,0,2,3,0,46,1,0,1,0,0
201600003181,16,2,27,1630,1,1,1,1,6,297,4655800,26100,860,3,2,2,0,1,2,0,0,0,0,0,0,0
201600003183,16,8,17,2000,1,2,1,1,1,142,4667600,9400,860,4,2,2,0,4,2,0,47,1,0,1,0,0
201600003185,16,4,29,1800,1,2,2,1,1,174,4676070,47950,860,3,2,2,0,1,1,0,70,1,0,1,99,0
201600003190,16,9,3,115,4,2,1,1,6,137,4700896,8318,860,4,2,0,0,2,2,0,70,1,0,4,99,0
201600003196,16,7,25,1845,1,2,1,1,3,174,4677320,48260,860,3,2,0,0,0,0,45,0,1,0,1,0,0
201600003200,16,8,21,2245,3,1,1,1,3,130,4689121,67739,860,3,2,2,0,1,1,0,44,1,0,1,99,0
201600003202,16,4,9,1400,1,1,1,2,1,288,4673500,80200,860,4,2,0,0,0,0,0,50,2,0,1,0,0
201600003204,16,11,6,1845,5,2,1,1,6,207,4678699,81114,860,3,2,2,0,1,1,0,0,1,0,1,99,0
201600003207,16,6,24,1715,1,1,1,1,7,85,4685340,22190,860,4,0,0,0,1,0,0,32,1,0,0,99,1
201600003208,16,12,16,2345,3,2,1,5,6,75,4681455,16544,860,4,2,2,0,1,0,0,60,2,0,1,0,0
201600003211,16,3,2,1430,1,1,1,1,6,191,4647880,83390,860,4,0,2,0,4,3,61,0,1,0,1,0,1
201600003217,16,5,4,1800,1,1,1,1,6,187,4656400,77700,860,3,2,2,0,1,2,0,47,1,0,3,99,1
201600003226,16,1,16,1445,1,1,1,1,1,55,4619840,40562,860,4,2,0,0,1,2,0,6,1,0,1,0,0
201600003227,16,1,17,200,3,2,1,1,3,78,4613554,30845,860,3,2,2,0,1,1,0,7,1,0,1,0,0
201600003228,16,6,23,1345,1,2,3,1,3,237,4614820,27200,860,4,2,2,0,1,1,0,53,1,0,1,99,0
201600003231,16,9,28,1145,1,1,1,1,3,78,4614922,30022,860,4,2,1,0,0,1,0,79,1,0,1,0,0
201600003233,16,12,15,1745,3,1,1,1,7,61,4615415,39986,860,3,2,2,0,2,2,0,0,1,0,3,0,1
201600003235,16,8,6,1100,1,1,1,1,6,200,4611900,52400,860,3,2,2,0,1,1,0,70,1,0,3,99,0
201600003241,16,11,19,1945,3,1,1,1,6,98,4657329,74451,860,3,2,2,0,1,1,0,73,1,0,3,0,0
201600003242,16,11,24,700,3,1,1,2,6,120,4635700,94500,860,3,2,2,0,1,3,60,60,2,0,1,99,0
201600003243,16,4,3,2215,3,1,1,2,7,26,4572507,14699,160,3,2,2,0,2,1,0,62,2,0,3,99,1
201600003244,16,9,21,2215,3,1,3,1,7,78,4569957,19087,160,4,2,2,0,2,1,0,33,1,0,1,99,0
201600003245,16,11,10,2000,3,1,1,2,6,78,4569630,18249,160,2,3,4,0,1,2,25,140,2,0,1,99,0
201600003246,16,12,2,1400,1,1,4,1,7,78,4572078,19989,160,3,2,2,0,2,1,0,59,1,0,3,99,0
201600003247,16,2,21,1830,2,1,1,9,7,119,4554510,26670,160,4,2,2,0,1,2,0,34,2,0,1,99,0
201600003248,16,3,19,1200,1,1,1,1,3,120,4858813,27238,160,3,2,2,0,4,1,0,70,1,0,1,99,0
201600003249,16,4,25,2330,3,1,1,1,6,143,4553576,18028,160,3,2,2,0,4,2,0,563,1,0,3,99,0
201600003250,16,5,15,615,1,1,1,1,6,175,4550997,3198,160,4,2,2,0,2,2,0,28,1,0,3,99,0
201600003251,16,7,29,600,2,1,1,1,1,119,4553885,27392,160,3,2,2,0,3,1,15,70,1,5,1,99,0
201600003252,16,9,16,1600,1,1,1,2,7,120,4560583,23952,160,3,2,2,0,1,1,0,62,2,0,1,99,0
201600003253,16,9,23,1600,1,1,1,1,7,420,4552099,12917,160,3,2,2,0,2,2,0,62,1,0,1,99,0
201600003254,16,10,7,2345,3,1,1,1,6,236,4558431,14997,160,4,2,2,0,2,3,0,48,1,0,3,0,1
201600003255,16,10,18,1830,2,2,1,1,3,46,4547387,2883,160,3,2,2,0,1,2,0,55,1,0,1,99,0
201600003256,16,2,28,2015,3,1,1,1,6,347,4527995,12683,160,3,2,2,0,2,1,0,58,1,0,3,99,1
201600003257,16,4,26,1900,1,2,2,1,3,73,4526984,4778,160,3,2,2,0,2,1,0,58,1,0,1,3,0
201600003258,16,5,11,1140,1,1,2,1,3,4,4546871,14827,160,3,2,2,0,2,1,0,38,1,0,1,99,0
201600003259,16,5,26,1100,1,2,1,1,6,20,4527069,17121,160,4,1,1,0,4,1,0,38,1,0,4,99,0
201600003260,16,5,29,1530,1,1,1,1,6,34,4522596,3565,160,3,2,2,0,1,3,0,68,1,0,3,99,0
201600003261,16,6,9,2330,3,1,1,1,2,130,4524941,12123,160,3,2,2,0,1,1,0,38,1,0,1,99,0
201600003262,16,6,15,1430,1,1,1,1,6,347,4527787,11267,160,3,2,2,0,2,2,0,54,1,0,3,99,0
201600003263,16,7,21,1945,1,1,2,1,3,362,4538258,24963,160,3,2,2,0,2,1,0,54,1,0,1,99,0
201600003264,16,9,26,915,1,1,1,1,1,230,4540680,13735,160,3,2,2,3,1,1,0,105,1,5,1,99,0
201600003265,16,12,7,2115,3,1,1,1,7,328,4536341,10562,160,3,2,2,0,1,3,0,70,1,0,3,99,0
201600003266,16,9,22,1400,1,2,1,1,2,97,4573341,35522,160,3,2,2,0,1,1,13,65,1,0,1,99,0
201600003267,16,10,31,1750,2,2,2,1,2,58,4572093,30151,160,3,2,2,0,2,1,0,62,1,0,1,99,0
201600003268,16,3,21,1200,1,1,1,1,4,53,4533201,22311,160,2,2,2,0,2,1,20,70,1,0,1,99,0
201600003269,16,7,1,1630,1,1,1,1,4,28,4544664,16949,160,3,2,2,0,2,1,0,70,1,0,1,99,0
201600003270,16,8,8,245,3,1,1,1,6,28,4547396,13260,160,2,3,4,0,1,1,25,140,1,0,1,99,1
201600003271,16,9,28,1215,1,1,2,1,3,303,4546641,8723,160,3,2,2,0,2,2,0,52,1,0,1,99,0
201600003272,16,10,26,845,1,1,1,5,6,66,4532983,3189,160,4,2,2,0,1,1,0,25,1,0,1,99,0
201600003273,16,4,15,730,2,2,8,2,2,202,4567165,17890,160,2,2,2,0,1,1,28,70,2,4,1,99,0
201600003274,16,12,6,745,2,1,1,1,4,150,4567686,27665,160,2,3,4,0,1,1,25,140,1,0,1,99,0
201600003275,16,1,27,1545,1,1,1,1,1,131,4601088,71588,160,3,2,2,0,2,2,0,60,1,0,1,99,0
201600003276,16,2,14,630,3,1,1,3,1,106,4603946,65861,160,3,2,2,0,2,3,0,70,2,0,1,99,0
201600003277,16,6,11,715,1,2,1,1,6,70,4587400,20468,160,2,2,2,0,1,1,20,55,1,0,1,99,0
201600003278,16,6,28,2245,3,1,1,1,6,363,4596026,77268,160,3,2,2,0,2,3,0,58,1,0,3,99,0
201600003279,16,8,4,1215,1,1,1,2,6,270,4583796,73492,160,3,2,2,0,2,3,0,58,2,0,3,99,1
201600003280,16,9,23,1415,1,1,1,1,6,65,4607874,75316,160,3,2,2,0,1,1,0,70,1,0,1,99,0
201600003281,16,10,22,1145,1,2,1,1,6,376,4584615,64100,160,3,2,2,0,4,2,0,42,1,0,3,99,0
201600003282,16,11,14,1715,2,1,1,5,1,70,4586883,71093,160,2,3,4,0,2,1,25,140,2,0,1,0,0
201600003283,16,11,19,1700,2,1,1,1,6,181,4506533,68249,160,3,2,2,0,2,1,0,70,1,2,1,99,0
201600003284,16,12,3,2145,3,1,1,1,6,7,4600350,52467,160,3,2,2,0,1,2,0,42,1,0,3,99,0
201600003285,16,1,10,830,2,2,1,3,6,245,4586460,53848,160,2,2,2,0,2,1,0,70,2,0,3,99,0
201600003286,16,1,28,800,2,1,1,8,6,183,4579992,64133,160,3,2,2,0,1,1,0,43,2,0,3,99,1
201600003287,16,2,29,1100,1,2,2,1,3,85,4583293,44963,160,3,2,2,0,1,1,0,70,1,0,1,99,0
201600003288,16,5,27,1800,1,1,2,1,3,192,4593641,53681,160,3,2,2,0,1,1,0,68,1,5,1,99,0
201600003289,16,7,19,1700,1,1,1,7,1,308,4587742,46890,160,3,2,2,3,1,1,0,105,1,0,1,99,1
201600003290,16,8,3,1845,1,1,1,1,1,245,4586847,52829,160,3,2,2,0,1,2,0,58,1,0,1,99,0
201600003291,16,9,24,1030,1,2,1,1,1,245,4586459,53825,160,2,2,2,0,2,4,8,70,1,0,1,99,0
201600003292,16,12,6,1815,3,1,1,1,6,245,4587058,52179,160,3,2,2,0,2,3,60,64,1,0,3,99,1
201600003293,16,12,13,1730,2,2,3,1,3,192,4588392,57450,160,2,2,2,0,2,1,0,70,1,0,1,99,0
201600003294,16,2,6,1430,1,2,1,1,6,292,4602197,19103,160,3,2,2,0,1,1,26,65,1,0,1,99,0
201600003295,16,2,24,1200,1,1,1,1,1,104,4602729,23538,160,3,2,2,0,2,3,0,59,2,0,1,99,0
201600003296,16,4,21,1500,1,1,1,1,2,400,4598307,67571,160,2,3,4,0,2,1,100,140,1,0,1,99,0
201600003297,16,9,5,1035,1,1,1,1,6,292,4604636,19506,160,2,2,2,0,2,3,8,80,1,3,1,99,0
201600003298,16,5,20,500,3,1,6,1,6,138,4565059,9936,160,3,1,1,0,1,2,100,60,1,5,3,99,0
201600003299,16,12,10,315,3,1,1,1,5,163,4567148,868,160,2,2,2,0,1,1,0,70,1,0,1,99,0
201600003300,16,12,18,1100,1,1,1,1,6,187,4564825,7095,160,3,2,2,0,2,1,0,50,1,2,3,99,0
201600003301,16,4,19,1715,1,2,1,1,1,393,4576393,11297,160,3,2,2,0,1,2,0,64,1,2,1,99,0
201600003302,16,12,19,1545,1,1,1,1,6,296,4585742,29541,160,3,2,2,0,1,1,0,56,1,0,3,99,0
201600003303,16,3,20,945,1,1,2,2,3,280,4576373,36821,160,3,2,2,0,1,1,0,54,2,0,1,99,0
201600003304,16,5,31,845,1,1,2,2,1,425,4574512,44300,160,3,2,2,0,2,1,0,64,2,0,1,99,1
201600003305,16,7,1,2115,2,1,1,1,6,250,4569774,49053,160,3,2,2,0,2,1,0,52,1,0,1,99,0
201600003306,16,9,2,1930,3,1,1,1,1,55,4561374,31586,160,3,2,2,0,2,3,0,62,1,0,1,99,1
201600003307,16,9,21,1030,1,1,2,1,3,379,4557048,44127,160,3,2,2,0,1,1,0,47,1,0,1,99,0
201600003308,16,9,25,1815,1,2,1,1,6,93,4564400,37085,160,3,2,2,0,1,1,0,56,1,0,3,99,0
201600003309,16,9,23,1600,1,1,3,1,2,421,4567700,46916,160,3,2,2,0,2,1,0,67,1,0,1,99,0
201600003310,16,11,24,1800,3,1,1,1,7,379,4576691,39790,160,2,3,4,1,1,1,25,140,1,0,3,99,0
201600003311,16,8,18,1545,1,1,1,1,6,409,4602381,9007,160,3,2,2,0,1,2,0,55,1,0,3,99,0
201600003312,16,5,12,1545,1,2,1,1,3,10,4610497,109991,170,4,2,2,0,1,2,0,70,1,0,1,0,0
201600003313,16,7,12,1900,1,1,1,1,1,109,4614868,105154,170,3,2,2,0,1,1,0,71,1,0,1,0,0
201600003314,16,5,27,1945,1,2,3,1,1,59,4616422,102658,170,3,2,2,0,0,1,0,52,1,0,1,99,0
201600003315,16,1,2,2045,3,1,1,3,1,218,4634685,99734,170,3,2,2,0,0,1,0,45,2,0,1,0,1
201600003316,16,1,27,330,3,1,1,2,2,466,4621572,98485,170,2,3,2,0,1,1,0,95,2,0,1,0,0
201600003317,16,2,22,1530,1,1,1,1,6,349,4628620,84627,170,3,2,2,0,1,1,0,67,1,0,1,0,1
201600003318,16,3,5,1130,1,1,1,1,2,322,4625512,84205,170,3,2,2,0,1,1,0,54,1,0,1,0,0
201600003319,16,3,19,45,3,1,1,1,6,303,4628315,78476,170,4,2,1,0,0,1,0,0,2,0,1,0,0
201600003320,16,3,18,2115,3,1,1,1,6,132,4620604,72871,170,2,3,4,0,1,1,10,60,1,0,1,0,0
201600003321,16,6,19,845,1,1,1,1,1,91,4627364,106789,170,3,2,2,0,1,0,0,65,1,0,1,99,1
201600003322,16,7,29,1645,1,1,1,1,6,8,4626376,100884,170,3,2,2,0,1,1,0,71,1,0,3,0,0
201600003323,16,11,26,1645,1,1,1,7,2,349,4625717,88210,170,3,2,2,0,1,2,43,56,1,0,1,99,1