Num_Acc,an,mois,jour,hrmn,lum,agg,int,atm,col,com,lat,long,dep,catr,circ,nbv,vosp,prof,plan,lartpc,larrout,surf,infra,situ,env1,killed
201600003324,16,1,23,1145,1,1,1,1,1,360,4616667,132442,170,3,2,0,0,1,1,0,50,2,0,1,0,0
201600003325,16,2,8,1145,1,1,1,1,2,121,4620225,145119,170,3,2,2,0,1,1,0,60,1,5,1,0,1
201600003326,16,5,5,1730,1,2,1,1,4,297,4615881,127001,170,3,2,2,0,1,1,0,57,1,0,1,99,0
201600003327,16,5,27,1630,1,1,1,1,6,19,4620186,150915,170,3,2,2,0,1,2,0,61,1,0,1,0,1
201600003328,16,7,9,945,1,1,2,1,3,51,4619136,136795,170,3,2,2,0,1,1,0,75,1,0,1,0,0
201600003329,16,7,21,1730,1,2,6,1,3,51,4618350,139702,170,4,2,2,0,1,1,0,60,1,0,1,0,0
201600003330,16,8,23,415,2,1,1,1,6,121,4620213,145035,170,3,2,2,0,1,1,0,70,1,0,1,0,0
201600003331,16,8,30,645,2,2,1,1,1,297,4615829,126519,170,3,3,2,0,1,1,0,55,1,0,1,99,0
201600003332,16,8,28,1745,1,1,1,1,1,121,4620370,146379,170,3,2,2,0,1,1,0,60,1,0,1,0,0
201600003333,16,10,28,1415,1,2,6,1,3,369,4619707,135515,170,4,2,2,0,1,0,0,53,1,5,1,99,0
201600003334,16,11,2,1745,1,1,3,1,3,297,4616081,126200,170,3,2,2,3,1,0,37,79,1,0,1,99,0
201600003335,16,11,30,1130,1,2,1,1,6,161,4618792,132847,170,4,1,1,0,0,1,0,34,0,0,1,99,0
201600003336,16,1,10,1815,3,1,1,3,6,454,4536047,43191,170,3,2,2,0,4,3,0,66,2,0,1,99,0
201600003337,16,2,29,1745,1,1,1,1,7,270,4539577,40730,170,3,2,2,0,1,1,0,0,1,0,1,0,0
201600003338,16,4,21,330,4,1,1,1,6,316,4544343,29644,170,3,2,2,0,1,3,0,74,1,0,3,0,1
201600003339,16,4,24,1945,1,2,1,2,1,197,4543586,43634,170,4,2,0,0,1,2,0,64,2,0,1,0,0
201600003340,16,7,15,1200,1,1,1,1,7,468,4534185,34139,170,3,2,2,0,2,1,0,43,1,0,1,99,1
201600003341,16,7,26,1445,1,2,1,1,3,197,4544511,43619,170,4,1,1,0,1,0,0,26,1,0,1,99,0
201600003342,16,11,3,1115,1,2,1,1,6,197,4544449,43876,170,4,2,2,0,2,1,0,50,1,0,1,99,0
201600003343,16,12,28,1700,1,1,1,1,2,339,4547117,43488,170,3,2,2,0,2,1,0,56,1,0,1,99,0
201600003344,16,1,13,1845,3,1,1,2,3,187,4545662,51140,170,3,2,2,0,1,1,0,66,2,0,1,0,0
201600003345,16,1,25,1045,1,1,1,1,1,325,4543850,70276,170,3,2,2,0,1,1,0,52,1,0,1,0,0
201600003346,16,2,9,1430,1,1,1,1,7,317,4543833,67308,170,3,2,2,0,1,1,0,64,1,0,3,0,0
201600003347,16,9,27,1015,1,1,2,1,1,111,4547273,54710,170,3,2,2,0,1,2,0,46,1,0,1,99,1
201600003348,16,12,22,1730,5,2,2,3,3,331,4548971,56602,170,3,2,2,0,0,1,0,64,2,0,1,0,0
201600003349,16,6,25,2000,2,1,3,1,3,99,4526708,34409,170,3,2,2,0,1,1,0,65,1,0,1,99,1
201600003350,16,6,29,2030,1,1,1,1,2,454,4535795,43137,170,3,2,2,0,1,1,0,75,1,0,1,0,0
201600003351,16,9,5,1630,1,2,1,1,6,240,4528152,39479,170,3,2,2,0,2,1,0,70,1,0,3,0,1
201600003352,16,9,24,1415,1,1,1,1,1,454,4536104,43224,170,3,2,2,0,1,2,0,70,1,0,1,0,1
201600003353,16,2,5,1730,1,2,1,1,1,241,4522034,17956,170,4,2,2,0,2,2,0,52,1,0,1,99,0
201600003354,16,3,11,1245,1,1,1,1,1,365,4523547,19660,170,3,2,2,0,1,2,0,73,1,0,1,99,0
201600003355,16,4,24,1645,1,1,1,1,6,241,4519545,16254,170,3,2,1,0,1,4,0,65,1,0,3,99,0
201600003356,16,8,9,1800,1,2,7,1,6,309,4515782,1127,170,4,1,1,0,1,1,0,66,1,0,1,99,0
201600003357,16,8,10,1000,1,1,2,1,3,77,4514205,21224,170,3,2,2,0,0,1,0,56,1,0,1,99,1
201600003358,16,8,26,1545,1,1,3,1,3,365,4522955,19416,170,3,2,2,0,3,1,0,55,1,0,1,99,0
201600003359,16,8,4,1700,1,2,9,2,6,309,4515724,420,170,3,2,2,0,1,1,0,77,2,0,1,99,0
201600003360,16,10,8,1930,3,1,2,1,2,365,4522360,20358,170,3,2,2,0,3,1,0,64,1,0,1,3,0
201600003361,16,1,14,900,1,1,1,2,1,185,4574017,98316,170,3,2,2,0,1,4,47,0,2,0,1,0,0
201600003362,16,2,10,1630,1,1,1,1,7,219,4584004,108999,170,3,2,2,0,1,2,0,60,1,0,3,0,1
201600003363,16,3,16,1045,1,1,1,1,1,351,4582280,106953,170,3,2,2,0,0,0,0,0,1,0,1,0,0
201600003364,16,3,26,1730,1,1,1,1,6,189,4585148,105323,170,3,2,2,0,1,2,0,0,1,0,3,0,0
201600003365,16,8,6,1515,1,1,1,1,1,58,4584553,112838,170,4,2,2,0,1,3,0,48,1,0,1,0,0
201600003366,16,8,23,1730,1,1,1,1,5,219,4580604,113199,170,3,2,2,0,1,1,0,62,1,0,1,99,1
201600003367,16,10,15,915,1,2,1,1,3,219,4582057,109947,170,4,2,2,0,1,1,0,79,1,0,1,99,0
201600003368,16,11,2,2030,3,2,3,1,3,219,4582663,109267,170,3,2,2,0,1,1,0,102,1,5,1,99,0
201600003369,16,10,30,1900,3,1,1,1,1,351,4582126,108435,170,3,1,1,3,0,0,70,52,1,5,1,99,0
201600003370,16,9,25,2115,5,1,6,1,1,140,4590260,125233,170,3,1,1,0,1,2,0,88,1,0,1,99,0
201600003371,16,3,17,2345,3,1,1,2,6,308,4584639,95281,170,3,2,2,0,1,1,0,72,2,0,3,99,0
201600003372,16,4,11,2200,3,1,1,1,6,484,4593076,107258,170,4,2,2,0,1,2,0,75,1,0,3,99,0
201600003373,16,6,10,1530,1,2,2,2,3,308,4587139,96009,170,4,0,0,0,1,0,0,87,2,5,1,0,0
201600003374,16,7,15,1745,1,1,2,1,3,308,4593183,103306,170,3,2,2,0,0,1,0,62,1,5,0,99,0
201600003375,16,9,17,1900,1,1,2,1,1,83,4586025,91358,170,3,2,2,0,0,1,0,70,1,0,1,99,1
201600003376,16,10,30,1900,2,1,1,1,5,429,4591596,99459,170,4,2,2,0,0,3,0,25,1,0,1,99,0
201600003377,16,2,7,1045,1,1,1,1,1,385,4592268,129935,170,4,2,0,0,0,0,0,60,1,0,1,0,0
201600003378,16,4,22,1515,1,1,2,1,1,385,4592744,128432,170,3,2,2,0,1,3,0,65,1,0,1,0,0
201600003379,16,6,22,915,1,1,2,1,3,385,4592269,129934,170,4,2,0,0,0,1,0,65,1,0,1,0,0
201600003380,16,6,28,2000,1,2,1,1,7,385,4594483,130518,170,4,2,2,0,1,1,0,60,1,0,1,0,0
201600003381,16,8,7,1730,1,1,1,1,1,486,4599815,136465,170,3,2,2,0,1,1,0,40,1,0,1,0,1
201600003382,16,8,11,700,2,1,1,1,7,337,4597436,130174,170,3,2,2,0,1,4,0,50,1,0,3,99,0
201600003383,16,9,1,615,3,1,2,5,1,385,4596228,132151,170,3,2,2,0,1,1,0,52,1,0,1,99,0
201600003384,16,9,6,1400,1,1,3,1,3,93,4586566,120066,170,3,2,1,0,1,1,0,39,1,5,3,99,0
201600003385,16,10,29,1030,1,1,1,1,1,385,4595768,133891,170,3,2,2,0,1,3,0,61,1,0,1,99,1
201600003386,16,1,13,1900,3,2,1,1,6,452,4578274,115614,170,4,3,2,0,1,1,0,67,2,0,1,0,0
201600003387,16,4,14,2300,5,2,6,2,7,409,4566133,101768,170,3,3,1,0,0,1,0,81,1,5,1,0,0
201600003388,16,5,1,300,3,1,3,1,3,79,4571436,106763,170,3,2,2,0,1,1,0,65,1,0,0,99,0
201600003389,16,5,1,1330,1,2,1,1,3,225,4571515,115543,170,3,2,2,1,1,1,0,63,1,0,1,99,1
201600003390,16,5,14,1830,1,1,1,1,7,311,4569968,111242,170,3,2,2,0,0,1,0,51,1,0,3,99,0
201600003391,16,5,28,1715,1,1,1,2,6,452,4572278,122738,170,3,2,2,0,1,2,0,51,1,0,3,0,0
201600003392,16,5,29,1545,1,1,1,1,6,155,4571774,110546,170,3,2,2,0,1,2,0,56,1,0,1,99,0
201600003393,16,7,19,1200,1,2,2,1,2,21,4575421,114051,170,4,2,2,0,0,0,0,58,0,0,0,0,0
201600003394,16,8,3,2100,2,2,5,1,3,21,4573731,110827,170,3,2,2,0,1,1,60,60,1,5,1,0,0
201600003395,16,10,29,1630,1,1,1,1,1,452,4579085,118282,170,3,2,2,0,1,1,0,65,1,0,1,0,0
201600003396,16,11,30,1545,1,2,1,1,3,64,4569064,105489,170,4,2,2,0,1,1,52,68,1,0,1,0,0
201600003397,16,12,9,515,3,1,1,1,6,64,4570996,106439,170,3,2,2,0,1,3,0,71,2,0,3,0,1
201600003398,16,4,7,2215,3,1,1,1,7,320,4595917,79898,170,3,2,2,0,1,2,0,63,1,0,3,0,1
201600003399,16,4,17,1715,1,1,1,1,6,353,4599996,102620,170,4,2,2,0,1,1,0,36,1,0,3,99,0
201600003400,16,12,3,1830,3,1,2,1,2,320,4596069,78066,170,3,2,2,0,0,0,0,87,1,0,0,99,0
201600003401,16,12,17,1815,5,2,1,1,6,216,4596114,82304,170,3,2,2,0,1,1,0,62,1,0,1,0,0
201600003402,16,12,29,1715,1,1,1,1,7,75,4593170,85475,170,3,2,2,0,2,2,0,60,1,0,1,99,1
201600003403,16,2,1,1125,1,2,1,2,3,434,4611318,76173,170,3,2,2,0,0,3,0,0,2,0,0,0,0
201600003404,16,3,18,1415,1,1,1,1,5,338,4615198,71269,170,3,2,2,0,1,1,0,69,1,0,1,0,0
201600003405,16,5,16,2115,3,1,1,1,7,203,4607176,90176,170,3,2,2,0,1,1,0,45,1,0,1,99,0
201600003406,16,8,10,130,4,2,1,1,3,340,4606552,79416,170,3,2,2,0,1,1,18,68,1,0,1,99,0
201600003407,16,8,26,1045,1,1,2,1,3,57,4614361,85646,170,3,2,2,0,1,1,0,70,1,5,1,0,0
201600003408,16,9,6,2215,3,1,1,1,6,359,4609785,72832,170,3,2,2,0,1,1,0,76,1,0,3,99,1
201600003409,16,9,9,1815,1,1,9,1,2,394,4612156,65870,170,3,2,2,0,1,1,0,55,1,0,1,0,0
201600003410,16,10,10,1530,1,2,6,2,6,434,4611025,74029,170,3,2,2,0,2,2,65,56,1,0,4,3,0
201600003411,16,10,22,215,5,2,1,1,6,434,4610224,73846,170,3,2,2,0,1,3,0,70,1,0,1,99,0
201600003412,16,1,1,2000,3,1,1,8,1,275,4571987,73878,170,3,2,2,0,1,1,0,78,1,0,1,0,0
201600003413,16,1,28,830,1,1,1,1,3,336,4577415,72429,170,3,2,2,0,2,1,0,0,1,5,1,0,0
201600003414,16,2,15,845,1,1,1,7,6,128,4570114,54921,170,3,2,2,0,1,1,0,0,1,0,1,0,1
201600003415,16,3,14,1215,1,1,1,1,1,164,4577366,56855,170,3,2,2,0,1,4,0,0,1,0,1,0,0
201600003416,16,3,18,1415,1,1,1,1,2,86,4571603,55285,170,3,2,2,0,1,1,0,70,1,0,1,99,0
201600003417,16,3,27,700,2,1,1,2,6,415,4573210,60727,170,3,2,2,0,0,1,0,0,2,0,3,0,0
201600003418,16,4,25,1745,1,1,2,1,3,336,4576744,71253,170,3,2,2,0,0,1,0,61,1,0,1,0,0
201600003419,16,6,23,100,3,1,2,1,3,191,4564060,57976,170,3,2,2,0,1,1,0,60,1,5,0,0,0
201600003420,16,6,26,1500,1,1,1,1,1,336,4578162,70809,170,3,2,2,0,1,0,70,75,1,0,1,99,0
201600003421,16,8,25,1600,1,1,1,1,1,336,4576706,66744,170,3,2,2,0,2,1,0,71,1,0,1,0,0
201600003422,16,12,7,1715,2,1,2,1,1,86,4574552,57333,170,3,2,2,0,1,1,0,101,1,0,1,0,0
201600003423,16,12,29,1830,3,1,2,5,5,395,4571856,49485,170,3,2,2,0,1,1,0,70,2,0,1,0,0
201600003424,16,2,3,1615,1,1,1,1,6,404,4561354,66349,170,3,2,0,0,1,1,0,65,1,5,3,0,1
201600003425,16,2,3,2045,5,2,1,1,6,15,4555477,86037,170,4,2,2,0,1,1,0,50,1,0,1,0,0
201600003426,16,2,18,1845,2,1,2,1,3,131,4557926,79344,170,3,2,2,0,1,1,0,62,1,5,1,0,0
201600003427,16,3,2,1130,1,1,1,2,1,183,4561398,83279,170,4,2,2,0,1,1,0,32,2,0,1,0,0
201600003428,16,7,24,1930,1,2,1,1,6,230,4556288,96735,170,3,2,2,0,0,1,0,59,0,0,1,0,0
201600003429,16,8,13,1400,1,1,1,1,7,425,4559794,95653,170,4,2,2,0,2,1,0,35,1,0,1,99,0
201600003430,16,9,24,2030,5,2,2,1,3,230,4556508,95677,170,3,2,2,0,1,1,0,60,1,5,1,0,1
201600003431,16,10,7,1800,1,1,2,1,3,469,4559635,62282,170,3,2,2,0,1,1,0,30,1,5,1,0,0
201600003432,16,11,2,1800,3,1,3,1,3,196,4557084,64773,170,3,2,2,0,0,1,0,40,1,5,1,99,0
201600003433,16,11,26,1800,5,2,1,1,6,133,4559644,71233,170,3,2,2,0,1,1,0,46,1,0,4,0,0
201600003434,16,5,21,1600,1,2,1,1,1,418,4567206,43075,170,3,2,2,0,0,2,0,52,1,0,0,0,0
201600003435,16,6,20,1900,1,1,1,1,7,242,4564938,52544,170,3,2,2,0,2,0,0,47,1,0,1,99,0
201600003436,16,7,9,1015,1,2,3,1,3,283,4556270,54163,170,3,2,2,0,4,1,0,48,1,0,1,99,1
201600003437,16,7,12,830,1,1,7,1,6,242,4564865,50304,170,4,1,1,0,1,1,0,41,1,0,3,3,0
201600003438,16,10,1,1400,1,1,3,1,3,354,4561681,56513,170,3,2,2,0,2,1,69,71,1,0,1,99,1
201600003439,16,11,3,1100,1,1,8,1,3,283,4556919,54440,170,3,2,2,0,0,1,0,56,9,4,0,0,1
201600003440,16,1,6,1045,1,1,1,2,3,330,4578600,88300,170,3,2,2,0,1,1,0,65,2,5,1,99,0
201600003441,16,4,14,1015,1,1,4,1,3,120,4573219,81697,170,3,2,2,0,1,1,0,56,1,0,1,99,0
201600003442,16,6,10,1200,1,1,1,1,1,330,4578135,88395,170,3,2,2,0,1,1,0,54,1,0,1,99,0
201600003443,16,6,29,2245,5,2,3,1,6,455,4588276,81508,170,3,2,2,0,0,1,0,62,1,0,3,99,1
201600003444,16,7,23,1630,1,1,1,1,3,171,4585400,78051,170,3,2,2,0,1,3,0,63,1,0,1,99,0
201600003445,16,10,16,445,3,1,1,1,6,262,4574157,73356,170,3,2,2,0,0,1,0,57,1,0,1,99,0
201600003446,16,5,20,1500,1,2,3,1,3,421,4567736,94927,170,3,2,2,0,1,1,0,76,1,5,1,99,1
201600003447,16,6,14,1730,1,1,1,1,1,228,4564866,95626,170,2,2,2,0,1,3,0,70,1,0,1,99,0
201600003448,16,7,10,1045,1,1,2,1,3,232,4566200,84201,170,3,2,2,0,1,2,0,59,9,0,1,0,0
201600003449,16,9,6,330,3,1,9,1,7,393,4566601,88830,170,4,2,2,0,1,1,0,62,1,0,1,0,0
201600003450,16,9,19,1615,1,2,1,1,6,421,4567442,92629,170,4,2,2,0,0,1,0,50,1,0,1,0,1
201600003451,16,10,26,815,2,1,1,1,1,307,4570208,92384,170,3,2,2,0,1,1,0,78,2,5,1,0,0
201600003452,16,12,1,1615,1,2,1,1,6,228,4564080,96867,170,2,3,2,0,1,1,10,118,1,0,1,3,0
201600003453,16,2,8,715,2,2,1,1,6,347,4594710,52466,170,4,2,2,0,1,1,0,0,2,0,1,3,0
201600003454,16,3,5,130,5,1,1,2,6,226,4593590,53532,170,3,2,2,0,1,1,0,0,2,0,3,0,0
201600003455,16,3,20,1300,1,1,1,1,3,465,4595794,54214,170,3,2,2,0,2,3,0,65,1,0,1,0,1
201600003456,16,4,7,800,1,1,2,1,3,12,4600528,71249,170,3,2,2,0,0,0,0,41,1,0,1,0,0
201600003457,16,5,14,1715,1,1,1,1,7,277,4600721,51027,170,4,2,1,0,1,1,0,32,1,0,1,0,0
201600003458,16,5,25,2015,1,1,1,7,1,53,4588759,77733,170,4,2,2,0,1,1,0,32,1,0,1,0,0
201600003459,16,9,11,845,1,1,1,1,1,347,4594226,48969,170,3,2,2,0,1,1,0,70,1,0,1,99,1
201600003460,16,9,15,1830,1,1,1,1,3,150,4597621,43336,170,3,2,2,0,1,1,0,50,1,0,1,0,0
201600003461,16,11,5,1600,1,1,1,1,1,347,4593639,52379,170,3,2,2,0,1,1,0,71,1,0,1,0,0
201600003462,16,11,12,1515,1,1,1,2,7,459,4593067,47139,170,3,2,2,0,1,1,0,50,2,0,3,0,0
201600003463,16,12,4,930,1,1,2,1,3,181,4586903,60356,170,3,2,2,0,1,1,0,57,1,5,1,99,1
201600003464,16,12,11,2000,3,1,1,2,6,436,4584672,65596,170,3,2,2,0,3,2,0,57,2,0,3,0,0
201600003465,16,3,3,900,1,1,1,1,1,211,4605441,50969,170,3,2,2,0,1,1,0,83,0,0,1,99,0
201600003466,16,3,13,1430,1,2,1,1,7,383,4593958,39099,170,4,2,2,0,1,1,0,30,1,0,3,0,0
201600003467,16,12,6,1500,1,1,2,1,3,367,4592398,34008,170,3,2,2,0,4,1,35,70,1,0,1,0,1
201600003468,16,1,9,1445,1,1,1,1,6,224,4584597,30963,170,3,2,2,0,1,1,0,62,1,0,1,99,0
201600003469,16,2,18,1500,1,1,2,2,5,147,4583388,49315,170,3,2,2,0,1,1,0,65,2,5,0,0,1
201600003470,16,7,3,1630,1,1,2,1,3,188,4587282,25987,170,3,2,2,0,1,1,0,40,0,0,1,0,0
201600003471,16,11,6,1030,1,2,1,1,2,451,4590243,26685,170,3,2,2,0,1,1,0,53,1,0,1,99,0
201600003472,16,12,10,1145,1,2,1,1,6,70,4582024,47843,170,3,2,2,0,0,2,0,54,1,0,0,99,1
201600003473,16,12,10,1130,1,2,1,1,6,188,4586719,25878,170,3,2,2,0,1,1,0,52,1,0,1,99,0
201600003474,16,12,14,1615,1,1,1,1,1,427,4586890,19487,170,3,2,2,0,1,1,0,60,1,0,1,99,0
201600003475,16,12,8,2000,3,1,1,1,2,22,4590698,52393,170,3,2,2,0,2,1,0,65,1,0,1,0,0
201600003476,16,10,29,1158,1,1,4,1,3,66,4647390,36270,790,3,2,2,0,1,2,0,0,1,5,1,0,0
201600003477,16,7,12,1900,1,2,1,1,1,48,4636729,29253,790,3,2,2,0,1,1,24,58,1,0,1,99,1
201600003478,16,7,12,1915,1,1,4,1,3,316,4642207,10687,790,3,2,2,0,1,1,0,0,1,0,1,99,0
201600003479,16,8,9,1200,1,2,6,1,6,270,4641499,20106,790,3,2,2,0,1,1,0,0,1,0,1,0,0
201600003480,16,8,21,345,3,1,1,1,6,302,4643912,20172,790,3,2,2,0,2,3,0,75,1,0,3,0,0
201600003481,16,9,5,1300,1,1,1,1,5,48,4634839,35083,790,3,3,4,0,1,1,0,0,1,0,1,0,0
201600003482,16,9,28,2230,5,1,1,1,6,48,4639069,25939,790,3,2,2,0,3,2,70,0,1,0,3,0,1
201600003483,16,12,18,1805,4,2,1,5,6,48,4635832,29706,790,4,2,2,0,1,3,0,56,1,0,3,99,1
201600003484,16,1,30,1845,3,1,1,2,2,49,4679719,51517,790,3,2,2,0,1,1,0,62,2,0,1,99,0
201600003485,16,3,4,330,3,1,1,3,6,49,4685854,50753,790,2,3,4,0,1,1,0,65,2,0,1,0,1
201600003486,16,4,22,545,2,1,1,2,7,38,4676559,43099,790,3,2,2,0,0,3,0,41,2,0,1,0,0
201600003487,16,5,1,1515,1,2,1,1,6,49,4683058,48918,790,4,2,0,0,1,1,0,0,1,0,3,0,0
201600003488,16,8,18,1500,1,1,3,1,2,88,4681812,40402,790,2,2,2,0,1,1,0,86,1,0,1,99,0
201600003489,16,9,23,1515,1,1,1,1,6,88,4682263,28325,790,4,2,2,0,2,2,70,50,1,0,3,0,0
201600003490,16,12,18,1915,3,1,1,5,4,49,4683992,46413,790,2,0,2,0,1,2,8,75,2,0,1,99,0
201600003491,16,6,19,345,3,1,1,1,7,50,4686638,61052,790,3,2,0,0,1,1,0,0,1,0,1,0,0
201600003492,16,7,3,1730,1,1,1,1,6,53,4699210,44697,790,3,2,2,0,0,1,0,61,1,0,3,99,1
201600003493,16,7,23,1715,1,1,1,1,3,267,4650716,23191,790,3,2,2,0,2,3,0,0,1,0,1,0,0
201600003494,16,2,22,715,2,1,1,5,6,177,4580850,109399,870,3,2,0,0,2,1,0,59,2,0,3,0,0
201600003495,16,3,18,1345,1,1,1,1,3,202,4588230,109699,870,3,2,2,0,1,1,0,70,1,5,1,0,0
201600003496,16,3,18,1815,1,1,3,1,1,38,4590210,125234,870,3,2,2,0,2,1,0,68,1,5,1,0,0
201600003497,16,4,3,630,2,1,2,1,3,107,4593640,118658,870,2,2,0,0,0,1,0,110,1,5,1,0,0
201600003498,16,5,5,1630,1,1,1,1,1,202,4589210,105699,870,3,2,2,3,1,1,0,115,1,5,1,0,0
201600003499,16,5,5,1415,1,1,1,1,5,107,4592720,119674,870,2,2,2,0,2,1,0,80,1,5,1,0,0
201600003500,16,6,3,1715,1,1,1,1,6,107,4591700,119600,870,4,4,1,0,2,1,0,33,1,0,1,0,0
201600003501,16,7,14,1715,1,1,2,1,3,1,4574690,111126,870,3,2,2,0,1,1,0,0,1,5,1,0,0
201600003502,16,7,25,1330,1,1,2,1,3,202,4590280,109987,870,3,2,0,0,1,1,0,62,1,5,1,0,0
201600003503,16,8,4,1045,1,1,1,1,5,1,4578560,111125,870,2,2,2,0,2,3,0,75,1,5,1,0,0
201600003504,16,9,22,1530,1,1,1,1,6,85,4583810,118831,870,3,3,4,0,2,1,0,140,1,0,1,0,0
201600003505,16,10,4,745,2,1,3,1,3,152,4595980,117041,870,2,2,1,0,2,1,0,115,1,5,1,0,0
201600003506,16,12,4,2000,5,2,1,1,7,152,4595820,120577,870,4,2,2,0,2,3,0,51,1,0,1,0,0
201600003507,16,1,14,715,3,1,1,2,3,157,4598870,147454,870,3,2,2,0,1,2,0,56,2,0,1,0,0
201600003508,16,2,10,1015,1,1,1,1,1,20,4595620,131886,870,3,2,2,0,2,3,0,70,1,0,1,0,1
201600003509,16,6,2,700,1,1,1,2,1,125,4590380,132413,870,3,2,0,0,2,3,0,64,2,0,1,0,0
201600003510,16,7,9,445,4,1,1,1,1,2,4596440,141304,870,3,2,2,0,0,2,0,71,1,0,1,99,1
201600003511,16,5,4,2115,1,2,1,1,6,40,4571260,160353,870,3,2,2,0,4,3,0,70,1,6,1,99,0
201600003512,16,5,10,1945,1,1,1,1,6,105,4575250,159571,870,3,2,0,0,1,1,0,81,1,0,3,0,0
201600003513,16,8,8,2345,3,1,1,1,6,104,4571640,180743,870,3,2,2,0,1,3,0,63,1,0,3,0,0
201600003514,16,8,30,415,3,1,1,1,7,40,4569560,158371,870,3,2,0,0,0,3,0,0,1,0,1,99,0
201600003515,16,9,9,630,3,1,1,1,6,117,4580900,181365,870,3,2,2,0,2,2,0,60,1,0,0,0,1
201600003516,16,10,12,1115,1,1,3,1,5,107,4592720,119673,870,2,2,2,0,2,1,0,80,1,5,1,0,0
201600003517,16,2,1,745,2,2,1,2,6,161,4583730,149146,870,3,2,0,0,1,1,50,0,2,0,1,99,0
201600003518,16,3,6,145,5,2,1,2,6,129,4584870,142870,870,3,2,2,0,3,3,0,72,2,0,1,0,0
201600003519,16,6,3,1145,1,1,1,8,1,167,4591690,145101,870,3,2,2,0,1,1,0,0,2,0,0,99,0
201600003520,16,8,27,2200,5,1,1,1,6,161,4584600,145787,870,3,2,0,0,3,3,0,72,1,0,1,99,1
201600003521,16,2,4,1030,1,1,1,1,6,31,4555670,112523,870,3,2,0,0,2,1,0,64,1,0,3,0,0
201600003522,16,3,7,1345,1,1,1,1,1,187,4552000,117164,870,3,2,2,0,2,1,0,60,1,0,1,0,0
201600003524,16,5,29,1445,1,1,1,2,1,82,4555740,109075,870,3,2,2,0,0,1,0,56,1,0,1,0,0
201600003525,16,6,7,2330,3,1,1,1,6,112,4565990,103255,870,3,2,1,0,1,1,0,61,1,0,3,0,0
201600003526,16,6,19,1600,1,2,1,1,6,187,4552230,120914,870,3,2,1,0,2,1,0,50,1,0,1,0,0
201600003527,16,7,6,2200,5,2,1,1,6,187,4551390,120561,870,3,2,1,0,1,4,0,60,1,0,1,0,0
201600003528,16,8,10,1200,1,1,9,1,2,77,4565450,122322,870,3,2,2,0,1,1,0,70,1,0,1,99,0
201600003529,16,12,1,530,3,1,1,1,1,187,4552740,120985,870,3,2,2,0,2,1,0,75,1,0,1,0,0
201600003530,16,5,28,1530,1,1,1,2,6,109,4622090,101706,870,3,2,2,0,1,1,0,0,2,0,1,0,0
201600003531,16,8,15,1145,1,1,1,1,1,116,4614620,106777,870,4,2,1,0,4,3,0,40,1,0,1,99,0
201600003532,16,9,15,1245,1,2,7,1,7,11,4612220,104848,870,6,0,0,0,0,0,0,0,1,0,0,0,0
201600003534,16,11,11,515,3,1,1,2,6,121,4614520,120547,870,3,2,0,0,0,1,0,56,2,0,3,0,0
201600003535,16,12,5,1445,1,2,3,1,3,14,4610650,136660,870,3,2,3,0,2,1,0,100,1,5,0,99,0
201600003536,16,3,22,1715,1,1,1,1,6,41,4616770,126102,870,3,2,2,0,0,2,0,0,1,0,3,0,0
201600003537,16,10,25,1715,1,1,1,1,1,160,4628330,125270,870,3,2,2,0,0,2,50,0,1,0,1,99,0
201600003538,16,12,17,1530,1,1,1,1,2,6,4633100,110636,870,3,2,2,0,1,1,0,62,1,0,1,0,0
201600003540,16,3,4,1415,1,2,1,3,3,154,4588650,90425,870,3,2,0,0,1,1,0,84,2,0,1,3,0
201600003541,16,4,19,1115,1,2,3,1,3,131,4587300,82998,870,3,2,2,0,3,1,0,65,1,0,1,99,0
201600003542,16,8,6,2015,1,2,1,1,6,154,4589460,91074,870,3,2,2,0,1,1,10,60,1,0,1,0,1
201600003543,16,8,17,2200,3,1,1,1,6,154,4590000,85817,870,4,2,0,0,2,2,0,49,1,0,3,0,0
201600003544,16,10,3,1915,1,1,1,1,6,126,4583260,85716,870,3,2,2,0,0,2,51,0,9,0,3,0,0
201600003545,16,3,11,1745,1,1,1,1,6,189,4573630,70485,870,3,2,2,0,2,1,0,70,1,0,3,99,0
201600003546,16,3,25,330,3,1,1,1,6,191,4578190,110423,870,2,2,2,0,1,1,0,0,1,0,1,0,0
201600003547,16,5,17,400,3,1,1,1,6,191,4577470,108720,870,2,2,2,0,0,3,0,78,1,0,1,99,0
201600003548,16,11,30,700,3,1,1,1,1,27,4563180,101135,870,3,2,2,0,2,2,0,68,2,0,1,0,1
201600003550,16,4,2,1530,1,1,1,1,1,203,4524000,173800,190,4,2,0,0,2,3,0,42,0,0,1,99,0
201600003552,16,8,22,1200,1,1,1,1,5,203,4536500,128000,190,3,2,0,0,1,2,0,87,1,0,1,0,1
201600003554,16,10,15,1930,3,1,1,1,6,140,4508900,190000,190,3,2,1,0,2,4,0,48,1,0,3,0,1
201600003555,16,3,31,1715,1,1,1,8,3,181,4542400,188800,190,3,2,2,0,2,0,0,45,2,0,1,0,0
201600003556,16,4,23,1800,1,1,1,2,6,145,4537000,207799,190,4,2,0,0,0,3,0,41,2,0,1,0,0
201600003557,16,7,28,1715,1,1,1,1,6,62,4537300,185500,190,4,2,1,0,2,1,0,0,1,0,0,99,0
201600003558,16,7,22,2245,3,1,1,1,7,125,4527600,199600,190,3,2,0,0,2,3,0,60,1,0,3,0,0
201600003559,16,7,23,1715,1,1,1,1,6,231,4526500,199800,190,3,2,0,0,2,1,0,60,1,0,3,0,0