Num_Acc,an,mois,jour,hrmn,lum,agg,int,atm,col,com,lat,long,dep,catr,circ,nbv,vosp,prof,plan,lartpc,larrout,surf,infra,situ,env1,killed
201600003560,16,2,21,700,2,1,1,5,1,213,4538600,167200,190,3,2,0,0,1,1,0,71,2,0,1,0,1
201600003561,16,8,14,1200,1,1,1,1,7,76,4541900,159000,190,3,2,2,0,1,1,0,70,1,0,1,99,0
201600003562,16,8,29,1815,1,1,1,1,1,1,4552900,178700,190,3,2,2,0,2,3,0,70,1,0,1,0,1
201600003564,16,2,4,2015,3,1,1,2,3,63,4510500,158400,190,3,2,2,0,2,1,0,114,2,5,1,99,1
201600003565,16,2,15,1545,1,1,1,4,1,107,4510200,139400,190,3,2,2,0,2,4,0,62,2,0,1,0,0
201600003567,16,8,18,2000,1,1,1,1,6,43,4515400,163800,190,3,2,0,0,1,1,0,77,1,0,3,99,0
201600003569,16,11,2,1345,1,1,1,1,6,63,4514700,157800,190,3,2,0,0,4,1,0,42,1,0,3,0,0
201600003570,16,5,10,1830,1,1,1,1,7,23,4513900,176800,190,3,2,2,0,1,2,15,90,1,0,3,0,0
201600003571,16,11,18,1700,2,1,1,1,6,119,4507200,179000,190,3,0,0,0,2,1,0,65,2,0,3,99,0
201600003572,16,1,12,1330,1,1,1,4,1,5,4524600,141900,190,3,2,2,0,0,1,0,109,5,0,1,99,0
201600003573,16,4,27,930,1,1,1,1,7,72,4518700,149700,190,3,2,0,0,1,1,0,78,1,0,1,99,0
201600003574,16,5,19,1315,1,1,1,1,6,72,4524000,150100,190,3,2,2,0,2,1,0,0,1,0,1,0,0
201600003577,16,1,14,15,3,1,1,1,6,154,4533600,145900,190,3,2,0,0,1,1,0,55,1,0,0,99,1
201600003578,16,8,9,1030,1,1,1,1,1,121,4545600,144800,190,3,2,2,0,1,1,68,0,1,0,1,0,0
201600003580,16,8,21,45,5,2,1,1,1,153,4527000,140700,190,3,2,2,0,1,1,0,78,1,0,1,0,0
201600003581,16,8,30,545,3,1,1,1,7,35,4531900,131600,190,3,2,2,0,1,1,72,0,1,0,1,0,0
201600003582,16,9,1,730,1,1,1,1,6,187,4530100,137400,190,3,2,2,0,0,1,0,62,9,0,1,0,0
201600003586,16,1,2,1000,1,1,1,2,6,74,4566900,180700,190,3,2,2,0,1,1,0,70,2,0,3,3,0
201600003588,16,8,7,200,3,1,1,1,6,136,4552100,214600,190,4,2,2,0,2,4,0,35,1,0,3,99,0
201600003589,16,12,10,930,1,2,1,1,6,33,4559600,193100,190,3,2,2,0,1,3,0,50,2,0,1,99,1
201600003590,16,6,21,2300,4,2,1,1,3,44,4635630,177494,230,3,2,2,0,1,1,0,62,1,0,1,0,0
201600003591,16,7,13,1130,1,1,1,1,7,41,4640654,201657,230,3,2,2,0,2,1,0,48,1,0,1,0,1
201600003592,16,5,15,1945,1,1,1,1,6,57,4625138,204118,230,3,0,1,0,2,2,0,0,1,0,3,0,0
201600003593,16,6,26,1715,1,1,1,1,6,203,4613285,246192,230,4,2,1,0,1,1,38,38,1,0,1,99,0
201600003595,16,2,24,1600,1,1,1,2,6,177,4629258,152767,230,4,2,0,0,1,1,0,27,2,0,3,99,0
201600003596,16,3,15,1730,1,1,1,7,2,177,4627489,146897,230,3,2,0,0,1,1,0,80,1,0,1,0,0
201600003597,16,5,6,2015,2,1,1,1,6,235,4620340,154362,230,3,2,2,0,1,1,0,45,1,0,0,0,0
201600003598,16,6,23,745,1,1,1,1,3,95,4616825,169158,230,3,2,2,0,0,3,0,55,1,0,1,0,0
201600003599,16,6,25,1130,1,1,1,1,1,207,4626930,156164,230,3,2,2,0,2,2,60,0,1,0,1,0,1
201600003600,16,7,4,1530,1,1,1,1,4,219,4621301,140809,230,2,1,2,0,1,1,0,0,1,0,2,0,0
201600003601,16,7,31,1545,1,1,1,1,6,18,4633283,153694,230,3,2,0,0,1,2,0,54,1,0,3,99,0
201600003602,16,9,9,1830,1,2,1,1,1,176,4623712,147963,230,4,2,2,0,1,1,0,0,1,0,1,0,0
201600003603,16,2,3,1430,1,1,1,8,1,187,4612612,213732,230,3,2,2,0,1,3,0,60,2,0,1,0,0
201600003604,16,9,6,1715,1,1,2,1,3,214,4604121,209148,230,3,2,2,0,1,1,0,78,1,0,1,0,0
201600003605,16,2,27,1445,1,1,1,1,6,164,4606411,250063,230,3,2,2,0,2,2,0,72,1,0,1,0,0
201600003606,16,12,25,1753,3,1,1,1,1,125,4573055,220200,230,3,2,2,0,2,2,0,0,1,0,1,99,0
201600003607,16,5,14,600,2,1,1,8,6,126,4598346,176608,230,3,2,0,0,0,2,0,44,2,0,1,99,1
201600003608,16,5,23,915,1,2,1,8,1,21,4611632,163836,230,3,2,0,0,2,3,0,64,1,0,1,99,0
201600003609,16,1,18,1630,1,1,1,3,1,445,4357499,154877,310,3,0,1,1,1,1,0,60,2,0,1,99,0
201600003612,16,4,16,1115,1,1,4,7,5,271,4357487,169224,310,3,0,0,0,4,3,0,50,1,0,1,99,1
201600003614,16,7,16,1045,1,2,6,1,3,44,4358831,151724,310,3,2,2,3,0,1,0,60,1,0,1,99,0
201600003615,16,8,17,1345,1,2,8,1,5,389,4364518,153197,310,3,2,2,0,3,3,0,60,1,4,1,99,0
201600003617,16,3,26,1800,1,2,1,1,1,113,4352307,150654,310,4,2,2,0,1,1,0,60,1,0,1,0,0
201600003618,16,8,9,1030,1,2,1,1,6,113,4351856,150521,310,3,2,2,0,2,1,0,70,1,0,1,0,1
201600003619,16,1,20,1845,3,2,1,1,5,293,4371007,138848,310,3,2,0,0,3,1,0,0,1,2,1,0,0
201600003620,16,1,1,1815,3,1,1,1,7,579,4374887,147399,310,3,2,2,0,1,1,0,54,1,0,1,0,0
201600003621,16,1,9,1700,1,1,1,1,7,79,4380888,140365,310,3,2,2,0,0,3,0,0,2,0,1,0,1
201600003623,16,4,11,1030,1,1,1,1,1,311,4382498,152733,310,3,2,2,0,0,1,0,60,1,0,1,99,0
201600003624,16,6,5,915,1,1,1,1,3,118,4379122,135049,310,3,2,2,0,2,2,0,63,1,0,1,0,0
201600003625,16,8,18,1130,1,1,1,1,1,202,4382679,138489,310,3,2,2,0,1,3,0,50,1,0,1,99,0
201600003626,16,9,15,1330,1,2,1,1,6,118,4378560,135424,310,3,2,2,0,0,1,0,35,1,0,1,0,0
201600003631,16,3,30,1400,1,1,2,1,3,93,4376781,116329,310,3,2,2,0,0,1,0,50,1,0,1,99,0
201600003633,16,5,26,1645,1,1,1,1,2,403,4379191,129715,310,3,2,2,0,1,1,0,68,1,0,1,99,0
201600003634,16,6,26,2345,3,1,1,1,3,232,4377270,130042,310,3,2,2,0,1,1,0,65,1,0,1,99,1
201600003636,16,8,19,1845,1,1,1,1,6,164,4375180,108975,310,3,2,1,0,2,2,0,46,1,0,3,99,1
201600003637,16,9,27,2345,3,1,1,1,6,160,4371901,124892,310,3,2,2,0,1,1,0,59,1,0,3,99,1
201600003638,16,1,18,1815,5,2,1,2,1,297,4367100,120039,310,2,2,2,0,1,1,60,35,2,0,1,0,0
201600003639,16,1,14,915,1,2,6,1,3,417,4361775,128330,310,3,4,2,0,1,0,0,0,1,5,1,3,0
201600003642,16,8,21,700,1,2,1,1,6,291,4360316,126131,310,2,2,2,0,1,1,0,52,1,0,1,0,0
201600003644,16,10,7,2200,3,1,1,1,1,291,4358013,121757,310,3,2,2,0,1,0,0,80,1,0,1,99,0
201600003645,16,10,10,1735,1,2,1,1,6,277,4364005,116585,310,3,2,2,0,1,1,0,54,1,0,1,99,0
201600003646,16,12,3,1330,1,1,1,1,6,291,4359543,127865,310,3,2,2,0,1,1,0,69,1,0,3,99,0
201600003647,16,1,30,1830,3,2,1,1,7,433,4352397,139423,310,3,2,3,3,1,1,0,94,1,0,1,99,0
201600003649,16,11,10,1410,1,2,1,2,5,458,4350878,135634,310,3,2,2,0,2,0,8,20,1,0,0,0,0
201600003650,16,11,28,1855,5,2,2,1,6,433,4352582,140176,310,3,0,0,0,0,0,0,0,0,0,0,0,0
201600003651,16,1,11,1130,1,2,6,1,6,91,4372184,141556,310,3,3,2,0,1,1,0,60,1,0,1,99,0
201600003652,16,3,22,1600,1,1,3,1,3,182,4367278,140974,310,3,2,3,3,1,1,25,72,1,0,1,0,0
201600003653,16,5,21,1030,1,1,1,1,3,182,4370256,139602,310,3,2,0,3,1,1,0,100,1,0,1,0,0
201600003654,16,7,22,1115,1,1,1,1,4,205,4369930,136347,310,3,2,2,0,1,1,0,65,2,0,1,0,0
201600003655,16,7,27,900,1,2,6,1,2,205,4370464,137668,310,3,1,1,0,1,2,0,85,1,5,1,99,0
201600003659,16,5,23,930,1,1,2,1,3,94,4375728,162767,310,3,0,0,0,0,0,0,0,1,5,1,99,1
201600003661,16,7,15,1700,1,2,6,1,3,561,4365500,147059,310,3,2,2,0,1,3,0,74,1,0,1,99,0
201600003662,16,7,20,1230,1,2,1,1,3,555,4364134,147118,310,9,2,2,0,0,1,0,60,1,0,1,99,0
201600003663,16,9,25,15,3,2,1,1,6,94,4377794,163437,310,4,2,2,0,0,1,0,0,1,0,0,99,0
201600003665,16,2,13,1945,5,2,1,2,6,395,4347240,133271,310,3,2,2,0,1,1,0,82,2,0,1,0,0
201600003666,16,2,19,1015,1,1,1,1,1,248,4345370,141756,310,3,3,2,0,1,1,0,65,1,0,1,99,0
201600003669,16,3,25,1700,1,2,1,1,6,395,4346858,132875,310,3,2,0,0,1,1,0,0,1,6,1,0,0
201600003670,16,4,24,1245,1,1,1,1,6,395,4343160,132498,310,3,2,2,0,1,1,58,0,1,0,3,0,1
201600003671,16,5,1,815,1,1,6,1,1,395,4345074,133559,310,3,2,0,0,0,0,0,0,0,5,0,99,0
201600003672,16,6,15,1145,1,2,1,1,6,395,4346356,133222,310,4,2,2,0,1,1,0,60,1,0,1,0,0
201600003673,16,6,20,630,1,2,1,1,6,395,4344140,129176,310,3,2,2,0,0,1,0,60,1,0,3,0,0
201600003674,16,7,3,1645,1,2,1,1,6,580,4345898,137759,310,3,2,2,0,0,1,0,0,1,0,3,0,0
201600003678,16,10,19,1730,1,2,1,1,6,248,4344425,138417,310,3,2,2,0,1,1,23,60,1,0,1,99,0
201600003679,16,12,7,1820,5,2,1,1,1,395,4345143,132032,310,4,2,2,0,1,1,0,0,1,0,1,99,0
201600003680,16,12,7,2300,5,2,9,1,6,395,4344694,133746,310,3,2,2,0,1,1,0,58,1,0,0,99,1
201600003681,16,12,9,930,1,2,6,1,6,395,4346376,133261,310,4,2,2,0,1,0,10,10,1,0,0,0,0
201600003682,16,12,22,1400,1,2,1,2,1,299,4343056,122452,310,3,2,2,0,2,1,0,50,2,0,1,99,0
201600003683,16,12,22,1600,1,1,1,2,1,287,4339051,122242,310,3,2,2,0,1,1,0,52,2,0,1,99,0
201600003686,16,2,27,630,3,1,1,1,6,330,4331946,142622,310,3,2,0,0,0,3,0,0,1,0,3,99,0
201600003689,16,7,29,1245,1,1,1,1,1,33,4333718,148074,310,3,2,2,0,1,3,0,72,1,0,1,99,0
201600003690,16,9,7,1130,1,1,4,1,7,330,4332650,144181,310,3,2,2,0,1,1,40,80,1,5,3,99,0
201600003693,16,3,9,1200,1,1,1,3,3,399,4334608,126318,310,3,3,2,0,0,1,0,0,2,5,1,99,0
201600003694,16,3,14,1400,1,1,1,1,6,517,4333140,136466,310,3,2,0,0,2,1,0,62,1,0,3,0,0
201600003697,16,5,9,1915,1,1,4,8,1,303,4337230,123918,310,3,2,2,0,1,1,0,63,1,5,1,99,0
201600003699,16,7,7,1030,1,2,1,1,7,375,4320438,123309,310,4,2,2,0,1,1,0,25,1,2,1,0,0
201600003700,16,8,10,1500,1,1,1,1,7,52,4338079,135633,310,3,2,0,0,0,1,0,70,1,0,1,0,0
201600003701,16,9,10,1100,1,2,1,1,3,107,4329719,122474,310,4,2,2,0,1,1,0,86,1,0,1,99,0
201600003702,16,9,28,830,1,1,6,1,1,104,4334270,125890,310,3,1,2,0,0,2,0,0,1,5,1,99,0
201600003703,16,6,28,1900,1,1,1,1,6,153,4319908,109793,310,3,2,2,0,0,2,0,60,1,0,1,0,1
201600003704,16,8,5,1715,1,2,6,1,6,324,4319560,100200,310,3,4,2,0,1,1,0,80,1,5,1,0,0
201600003707,16,5,27,1345,1,2,3,1,5,499,4351710,118042,310,3,2,2,0,1,2,0,0,1,5,1,99,0
201600003709,16,6,11,830,1,1,4,1,3,87,4348696,105197,310,3,2,2,0,2,2,0,62,1,0,0,0,0
201600003711,16,9,2,1900,1,2,1,1,3,424,4357727,129086,310,3,2,2,0,1,1,0,60,1,0,1,0,0
201600003713,16,4,29,1530,1,1,1,1,3,247,4308186,69040,310,3,2,2,0,1,1,0,59,1,0,1,99,0
201600003714,16,5,9,1900,1,2,1,1,3,147,4309918,62123,310,4,2,2,0,1,3,0,52,1,0,1,0,0
201600003715,16,5,18,1715,1,1,1,2,5,405,4296770,64706,310,2,2,2,0,0,1,0,90,2,3,0,0,0
201600003719,16,4,24,1200,1,2,6,2,3,144,4291451,64734,310,3,1,1,0,1,2,0,70,2,5,1,0,0
201600003727,16,8,4,1430,1,1,1,1,6,208,4306991,85925,310,3,2,2,0,2,2,0,53,1,0,3,0,0
201600003729,16,2,4,1300,1,2,1,1,3,582,4339781,171801,310,3,1,1,0,1,1,0,0,1,0,1,0,0
201600003731,16,3,25,1845,1,1,9,1,3,396,4335908,163599,310,3,2,0,0,0,1,0,0,1,5,1,0,0
201600003732,16,3,29,1900,1,1,1,1,6,100,4331525,162284,310,3,2,2,0,0,1,0,60,9,0,3,0,1
201600003735,16,6,6,1345,1,1,1,1,6,589,4343930,165181,310,3,2,2,0,1,1,28,66,1,0,3,0,0
201600003736,16,7,20,1315,1,1,3,1,5,37,4337475,176045,310,3,2,0,0,1,1,0,105,1,0,1,99,0
201600003737,16,8,12,1815,1,1,3,7,1,210,4339073,168409,310,3,2,0,0,4,1,0,51,0,0,1,0,0
201600003738,16,8,19,1015,1,1,1,1,2,37,4338260,174147,310,3,2,2,0,1,1,0,92,1,0,1,0,0
201600003741,16,8,6,1115,1,1,1,1,1,478,4345518,189690,310,3,0,1,0,4,3,0,44,1,0,1,0,0
201600003742,16,3,18,1645,1,1,2,1,3,240,4341818,150054,310,3,2,2,0,1,1,0,61,1,5,1,99,0
201600003743,16,6,22,1900,1,1,2,1,3,384,4347740,157775,310,3,2,2,0,1,1,0,65,1,5,1,99,0
201600003744,16,10,29,1250,1,2,3,7,4,381,4345889,157577,310,3,2,2,0,1,0,9,15,1,0,0,0,0
201600003745,16,11,10,1320,1,2,1,2,6,4,4344273,159997,310,3,2,2,0,1,2,0,106,2,0,1,99,0
201600003746,16,12,5,1820,3,1,1,1,6,381,4347376,158224,310,3,2,2,0,2,1,0,64,1,0,1,99,0
201600003747,16,1,8,1830,3,1,2,1,3,451,4348506,202821,310,3,2,2,0,3,1,72,0,1,0,1,99,0
201600003748,16,5,30,1815,1,1,1,1,1,478,4344620,194440,310,3,2,2,0,1,1,64,0,1,0,1,0,0
201600003749,16,7,24,1615,1,2,1,1,6,451,4346670,200965,310,3,2,0,0,1,1,0,72,1,0,3,0,1
201600003751,16,9,29,2100,3,1,1,1,7,478,4342840,195084,310,3,2,2,0,1,1,0,40,1,0,1,99,0
201600003752,16,5,6,1000,1,1,1,1,5,82,4300412,135508,90,3,2,2,0,1,1,0,94,1,0,1,99,0
201600003753,16,5,21,445,3,1,1,1,7,82,4301072,136737,90,3,2,2,0,1,1,0,95,1,0,0,99,0
201600003754,16,6,2,830,2,1,1,2,7,42,4301765,138926,90,3,2,2,0,1,1,0,74,2,0,3,0,0
201600003755,16,8,13,730,1,1,1,1,1,99,4298803,155841,90,3,2,0,0,2,2,0,74,1,0,1,0,0
201600003756,16,10,13,1200,1,2,1,1,7,130,4294641,156346,90,4,1,0,0,2,1,30,0,9,0,1,3,0
201600003757,16,10,18,1030,1,1,1,8,7,293,4296386,154820,90,3,2,2,0,1,1,0,70,2,0,1,99,0
201600003758,16,10,28,1100,1,1,1,1,6,108,4299045,125156,90,4,2,2,0,2,4,0,35,1,0,1,99,1
201600003759,16,11,26,1600,1,1,1,1,1,293,4297265,152210,90,3,2,0,0,2,1,0,41,1,0,1,0,0
201600003760,16,12,8,1715,2,1,1,1,3,82,4299629,130898,90,3,2,2,0,3,1,0,80,1,0,1,99,1
201600003761,16,12,22,1830,5,2,1,2,7,130,4294679,156473,90,3,2,2,0,1,1,0,75,2,0,1,0,0
201600003762,16,1,21,1330,1,2,1,1,3,157,4296748,186571,90,3,2,2,0,1,1,0,0,1,5,1,3,0
201600003763,16,3,19,2245,3,1,1,1,3,106,4294801,185937,90,3,2,2,0,2,2,70,0,1,0,1,0,1
201600003764,16,4,21,1515,1,1,1,2,6,168,4299001,179260,90,3,2,2,0,1,3,0,50,2,0,1,99,1
201600003765,16,7,16,1700,1,2,1,1,5,160,4294238,185621,90,3,2,0,0,1,1,0,80,1,0,1,99,0
201600003766,16,11,2,1200,1,1,1,1,2,160,4293163,185148,90,3,2,2,0,1,0,0,0,0,0,0,0,0
201600003767,16,12,6,900,1,1,1,1,6,80,4296747,177178,90,3,2,1,0,1,2,0,0,9,0,1,0,0
201600003768,16,2,25,945,1,1,1,2,1,188,4288311,162294,90,2,3,4,0,1,2,0,70,8,0,2,0,1
201600003769,16,4,4,1900,1,2,1,1,6,217,4280800,159017,90,3,2,0,0,1,3,0,0,1,0,1,99,0
201600003770,16,7,18,1730,1,1,1,1,6,15,4286047,159877,90,2,3,2,0,1,1,0,0,1,0,1,99,0
201600003771,16,6,19,745,1,1,1,1,6,306,4286270,160510,90,3,2,2,1,2,2,0,53,2,0,3,0,1
201600003772,16,8,3,15,3,1,1,1,7,334,4276687,150216,90,3,2,0,0,2,1,0,0,1,0,1,99,0
201600003773,16,9,16,1500,1,1,1,1,6,188,4290109,163531,90,3,2,2,0,2,4,0,48,1,0,1,0,0
201600003774,16,9,17,2345,3,1,1,2,7,188,4288412,162360,90,2,3,2,0,1,3,0,0,2,0,1,99,1
201600003775,16,11,19,1815,2,1,1,1,7,16,4284612,165101,90,4,2,2,0,0,3,0,30,1,0,1,0,1
201600003776,16,2,20,345,3,1,1,1,7,324,4304532,164240,90,4,2,0,0,1,3,0,50,1,0,1,99,0
201600003777,16,4,16,900,1,2,1,1,3,332,4308114,163377,90,3,2,2,0,1,1,0,55,1,0,1,0,0
201600003778,16,4,20,1930,2,1,1,1,7,339,4323530,157551,90,3,2,0,0,1,1,0,52,1,0,1,99,0
201600003779,16,9,6,1215,1,2,1,1,1,265,4375430,162756,90,4,2,0,0,1,1,0,0,1,0,1,0,0
201600003780,16,10,10,1745,1,2,7,1,6,60,4316424,160009,90,9,0,0,0,0,1,0,0,1,0,1,0,0
201600003781,16,12,15,830,1,1,1,1,6,60,4316895,160274,90,3,2,2,0,1,1,0,50,1,0,3,99,0
201600003782,16,1,6,1800,3,1,1,1,1,123,4317611,125352,90,3,2,2,0,1,1,0,63,1,0,1,0,0
201600003783,16,3,19,630,2,1,1,1,6,277,4294860,185925,90,3,2,0,0,4,3,0,50,1,0,3,0,0
201600003784,16,5,11,2300,3,2,1,1,6,224,4310615,144028,90,3,2,0,0,2,1,0,67,1,0,3,99,1
201600003785,16,8,3,1100,1,1,1,1,7,167,4325438,137039,90,4,2,1,0,4,2,0,34,1,2,1,99,0
201600003786,16,10,22,1030,1,1,1,6,7,167,4326295,134694,90,3,2,0,0,1,1,0,50,1,0,1,99,0
201600003787,16,11,10,1815,2,1,1,1,3,342,4320960,138266,90,3,2,2,0,0,1,0,60,1,0,1,99,0
201600003788,16,12,31,1600,1,1,1,1,2,151,4312221,144149,90,3,2,2,0,1,1,0,60,1,0,1,0,0
201600003789,16,1,3,1,3,1,1,1,6,185,4324319,166726,90,3,2,2,0,0,1,0,58,1,0,3,99,0
201600003790,16,4,7,1200,1,1,1,1,6,185,4325139,167782,90,3,1,0,0,1,1,0,0,1,0,1,99,0
201600003791,16,4,13,1115,1,2,3,1,3,282,4323700,157000,90,3,2,0,0,0,1,0,88,1,0,1,0,0
201600003792,16,4,22,1945,1,1,3,1,3,331,4318763,161107,90,3,2,0,0,0,1,0,0,1,0,1,99,0
201600003793,16,5,14,130,3,1,1,2,6,199,4321178,165031,90,4,2,0,0,0,0,0,28,2,0,3,99,0
201600003794,16,5,26,415,3,1,6,1,6,282,4320377,160912,90,3,2,0,0,0,0,0,0,1,5,1,99,0
201600003795,16,6,25,900,1,1,1,1,7,185,4322399,164250,90,3,2,2,0,4,3,0,65,9,0,3,99,0
201600003796,16,7,24,215,3,1,1,1,6,331,4318010,161191,90,4,2,0,0,1,1,0,27,1,0,1,0,1
201600003797,16,8,5,1030,1,1,1,1,6,185,4325259,167563,90,9,2,0,0,1,1,0,60,1,5,1,3,0
201600003798,16,8,7,1015,1,1,1,1,7,282,4323982,162082,90,3,2,0,0,1,1,81,48,1,0,3,0,0
201600003799,16,8,6,1045,1,1,1,1,1,282,4321401,160774,90,3,2,2,0,1,1,0,74,1,0,1,99,0
201600003800,16,8,29,700,2,1,1,1,1,76,4326127,155875,90,3,2,2,0,1,1,0,74,1,0,1,3,1
201600003801,16,12,12,30,5,1,6,1,7,282,4225300,156525,90,3,2,0,0,0,1,0,0,1,5,1,99,0
201600003802,16,1,25,515,5,2,1,1,6,214,4295452,108033,90,3,3,1,0,1,2,28,0,1,0,4,0,0
201600003803,16,3,3,830,1,1,1,3,3,261,4296785,116912,90,3,2,2,0,0,1,0,0,2,5,1,0,0
201600003805,16,6,20,1745,1,2,1,1,2,268,4299784,113861,90,3,2,2,0,1,1,0,75,1,0,1,3,0
201600003806,16,10,1,1400,1,2,1,1,2,198,4306865,119325,90,3,2,2,0,1,3,0,68,1,0,1,99,0
201600003807,16,10,20,1830,1,1,1,2,7,113,4283225,129713,90,3,2,0,0,1,2,0,53,2,0,3,99,1
201600003808,16,1,1,1115,1,1,1,1,3,86,4303342,107756,90,3,2,2,0,0,1,0,70,2,0,1,99,1
201600003809,16,4,28,2030,1,1,1,1,6,190,4309531,119863,90,3,2,0,0,0,3,75,82,1,2,1,99,0
201600003810,16,5,9,1515,1,1,1,1,1,257,4311812,117143,90,3,2,2,0,2,1,0,59,1,0,1,0,0
201600003811,16,10,3,2045,5,1,1,1,1,86,4302942,108534,90,3,2,2,0,0,1,67,0,0,0,1,0,0
201600003812,16,9,30,1715,1,1,1,7,2,190,4308954,120802,90,3,2,2,0,2,1,0,50,1,0,1,99,0
201600003813,16,11,1,1500,1,1,3,1,3,235,4303621,99734,90,3,2,2,0,1,1,0,125,1,5,1,0,0
201600003814,16,3,2,1008,1,2,3,1,3,168,4904099,340378,20,4,2,2,0,1,1,0,0,2,0,1,3,0
201600003815,16,6,7,745,1,2,1,1,6,168,4905923,338266,20,4,2,2,0,0,0,0,0,1,0,1,99,0
201600003816,16,6,28,2303,3,1,1,1,7,168,4905216,336266,20,3,0,0,0,2,3,0,77,1,0,0,0,0
201600003818,16,9,2,1138,1,2,7,1,6,168,4904455,340111,20,4,0,0,0,0,0,0,0,0,6,1,99,0
201600003819,16,1,9,1421,1,1,1,1,1,24,4440120,233031,120,3,2,2,0,1,3,0,170,1,0,1,0,0
201600003820,16,7,14,1525,1,1,1,1,3,157,4439180,268969,120,2,2,0,0,1,1,0,70,1,0,0,0,0
201600003821,16,1,12,1025,1,1,2,3,3,90,4438020,245216,120,3,2,2,0,1,1,20,318,2,5,1,99,0
201600003822,16,6,14,920,1,1,3,2,3,102,4428850,260537,120,3,2,2,0,4,1,0,60,2,0,1,99,0
201600003823,16,7,14,1345,1,1,2,8,3,262,4425090,230780,120,3,2,2,0,3,1,0,32,1,5,1,99,0
201600003824,16,8,16,30,3,1,1,1,6,56,4425090,244072,120,4,0,1,0,2,3,0,35,1,0,1,0,0
201600003825,16,8,24,1900,1,1,2,7,5,264,4441740,257330,120,3,2,2,0,2,1,0,60,1,5,1,99,0
201600003826,16,10,27,2140,3,1,1,1,7,68,4432090,233681,120,3,2,2,0,2,1,0,75,1,0,1,99,0
201600003827,16,10,30,845,1,1,1,1,6,133,4429612,257411,120,4,0,0,0,2,1,0,38,1,0,1,99,0
201600003828,16,11,5,130,3,1,1,2,6,56,4425900,244133,120,3,2,2,0,1,3,0,60,2,0,3,0,1
201600003829,16,2,9,810,2,1,1,2,7,43,4427580,255925,120,4,2,1,0,1,1,0,30,2,0,3,99,0
201600003830,16,3,26,1525,1,1,2,1,3,43,4428640,250254,120,2,2,2,0,2,1,0,160,1,5,1,99,0
201600003831,16,5,17,1100,1,2,1,1,7,267,4411330,253244,120,4,2,2,0,2,1,0,30,1,0,1,99,0
201600003832,16,7,23,510,3,1,1,1,6,57,4418840,252930,120,3,2,2,0,1,1,0,83,1,0,1,99,0
201600003833,16,8,4,1100,1,1,1,1,5,43,4428570,251740,120,3,2,2,0,1,1,0,75,1,0,1,99,0
201600003834,16,9,9,1425,1,1,1,1,1,73,4422280,258854,120,3,2,1,0,1,1,0,36,1,0,1,99,0
201600003835,16,2,1,1830,2,1,1,2,2,8,4442640,222179,120,3,2,2,0,1,3,0,78,2,0,1,0,0
201600003836,16,3,15,1500,1,1,1,1,5,142,4440090,235716,120,3,2,2,0,2,3,0,78,1,0,1,0,0
201600003837,16,3,27,120,5,2,1,8,6,114,4463600,235739,120,3,2,2,0,1,2,0,51,2,0,1,0,0
201600003838,16,5,22,1650,1,1,1,3,1,8,4442650,222547,120,3,2,2,0,1,1,0,70,2,0,1,0,0
201600003839,16,5,26,1636,1,1,1,1,6,76,4462720,237532,120,4,2,2,0,2,3,0,55,1,0,1,0,0
201600003840,16,6,21,2255,3,1,1,1,1,199,4440730,230918,120,4,2,2,0,1,1,0,60,1,0,1,99,0
201600003841,16,8,3,1145,1,1,1,1,5,264,4443770,258032,120,3,2,2,0,1,1,0,67,1,0,1,0,0
201600003842,16,8,6,1815,1,1,1,1,5,199,4442480,229211,120,3,2,2,0,1,2,0,51,1,0,1,0,0
201600003843,16,8,13,1045,1,1,1,1,3,254,4441850,253749,120,3,2,2,0,1,1,0,63,0,0,1,99,0
201600003844,16,10,24,2030,3,1,1,8,6,288,4443290,244251,120,3,2,1,0,2,2,0,80,2,0,1,0,1
201600003845,16,1,8,1630,1,1,1,8,3,121,4443260,219301,120,3,2,2,0,1,1,0,112,1,5,1,99,0
201600003846,16,3,18,1000,1,1,1,1,5,101,4461110,225101,120,3,2,2,0,1,2,0,60,1,0,1,0,0
201600003847,16,4,18,1205,1,1,1,1,6,101,4461140,225346,120,3,0,0,0,1,1,0,62,1,0,3,99,1
201600003848,16,8,17,1500,1,1,1,1,2,290,4443770,219597,120,3,2,2,0,1,1,0,73,1,0,1,0,0
201600003849,16,1,10,400,3,1,1,3,6,79,4453250,273678,120,3,2,2,0,1,3,0,0,2,0,3,99,0
201600003850,16,1,14,935,1,1,1,2,6,172,4457590,264981,120,3,2,2,0,1,3,0,0,2,0,1,99,0
201600003851,16,8,10,715,2,1,1,7,2,33,4444650,269705,120,3,2,3,0,2,1,0,111,1,0,1,99,0
201600003852,16,8,31,830,1,1,1,1,1,131,4437580,265227,120,2,2,2,2,1,3,0,85,1,0,1,0,0
201600003853,16,12,30,600,3,1,1,9,1,33,4444588,269257,120,3,2,2,0,2,3,0,113,7,0,1,0,1
201600003854,16,7,30,1010,1,1,1,2,1,156,4460280,279642,120,3,0,2,0,2,3,0,80,2,0,1,99,0
201600003855,16,8,18,1845,1,1,2,1,3,156,4465160,279238,120,3,2,2,0,1,1,0,58,1,0,1,99,1
201600003856,16,11,26,1405,1,1,1,1,6,117,4477410,286625,120,3,2,2,0,1,2,0,60,1,0,3,0,0