Num_Acc,an,mois,jour,hrmn,lum,agg,int,atm,col,com,lat,long,dep,catr,circ,nbv,vosp,prof,plan,lartpc,larrout,surf,infra,situ,env1,killed
201600003857,16,5,21,1755,1,1,1,1,7,36,4483330,270112,120,3,2,2,0,2,2,0,70,1,0,3,0,0
201600003858,16,11,26,1545,1,1,1,1,6,226,4475135,261837,120,3,2,0,0,1,1,96,0,1,0,1,99,0
201600003859,16,1,7,1935,3,1,1,2,7,204,4411140,325125,120,3,2,2,0,1,1,0,33,2,2,3,0,1
201600003860,16,3,8,1815,2,1,1,8,3,200,4419040,314040,120,3,2,2,0,1,1,0,60,1,0,1,0,0
201600003861,16,5,10,1645,1,1,1,1,1,260,4396985,339050,120,3,2,2,0,2,4,0,70,1,0,1,0,0
201600003862,16,6,25,110,3,1,1,9,6,145,4405550,312684,120,3,3,2,0,1,1,0,152,0,0,0,99,0
201600003863,16,7,3,1915,1,1,1,1,6,82,4394820,328295,120,3,2,2,0,1,2,0,54,1,0,3,99,0
201600003864,16,7,4,2040,2,1,1,1,6,260,4397680,336527,120,4,2,1,0,2,2,0,30,1,0,3,0,0
201600003865,16,7,11,1015,1,1,1,3,6,160,4420110,317526,120,3,2,2,0,1,3,0,60,2,0,1,0,0
201600003866,16,7,27,1655,1,1,1,1,6,212,4389830,310715,120,3,2,2,0,1,1,0,45,1,0,3,99,1
201600003867,16,7,30,1615,1,2,1,1,6,225,4406470,298769,120,4,2,1,0,3,4,0,57,1,0,1,99,0
201600003868,16,8,10,1125,1,2,1,1,1,200,4418630,312874,120,3,2,2,0,1,1,0,73,1,0,1,0,0
201600003869,16,8,20,1400,1,1,1,3,1,200,4417900,312430,120,3,2,2,0,1,3,0,71,2,0,1,0,0
201600003870,16,10,14,1156,1,1,1,2,1,225,4407940,300646,120,3,2,2,0,2,3,0,75,2,0,1,99,1
201600003871,16,3,25,2030,2,1,1,1,6,299,4406240,271505,120,4,2,0,0,1,1,0,36,1,2,3,99,1
201600003872,16,4,3,35,3,1,1,3,6,253,4416180,282137,120,3,2,2,0,1,2,0,0,2,0,3,0,0
201600003873,16,5,13,1900,2,1,1,2,1,238,4423960,296482,120,3,2,2,0,2,2,0,76,2,0,1,0,0
201600003874,16,6,12,1850,1,1,3,1,3,213,4417570,299661,120,3,2,0,0,1,1,0,40,1,0,1,99,0
201600003875,16,8,10,1410,1,1,1,1,7,266,4424250,285764,120,3,3,2,0,4,1,0,70,1,0,3,0,0
201600003876,16,8,6,1700,1,1,1,1,7,62,4411120,293600,120,3,2,1,0,2,3,0,32,1,0,1,99,0
201600003877,16,12,8,1400,1,1,1,1,7,291,4420600,308564,120,3,2,2,0,4,2,0,0,7,0,1,99,0
201600003878,16,12,18,1300,1,1,1,7,6,238,4420130,301557,120,3,2,2,0,3,2,0,0,1,0,3,99,0
201600003879,16,9,27,1205,1,1,1,1,2,196,4434840,299311,120,3,1,1,0,1,1,0,72,1,0,1,0,0
201600003880,16,3,21,1550,1,1,1,1,7,208,4395590,286023,120,6,0,0,0,0,0,0,53,1,0,0,0,0
201600003881,16,4,1,1600,1,1,1,2,1,208,4391607,290112,120,3,2,2,0,0,3,0,60,2,0,0,0,0
201600003882,16,4,16,845,1,2,2,1,3,208,4395140,289519,120,3,2,0,0,4,1,0,83,1,5,1,3,0
201600003883,16,4,28,1442,1,1,1,1,6,286,4392030,282368,120,3,2,2,0,1,1,0,75,1,0,3,99,0
201600003884,16,7,26,1115,1,2,1,1,6,232,4392740,300990,120,4,2,0,0,1,1,0,44,1,0,1,0,0
201600003885,16,7,27,730,2,1,1,1,3,243,4401390,299137,120,3,2,0,0,4,3,0,73,1,0,1,99,0
201600003886,16,7,30,1425,1,1,1,1,3,208,4395800,285040,120,3,0,2,0,1,3,0,62,1,0,1,3,0
201600003887,16,8,7,1100,1,1,1,1,1,203,4396266,294972,120,3,0,0,0,0,2,0,0,0,0,0,0,0
201600003888,16,8,26,1830,1,1,1,9,7,244,4403920,291521,120,3,2,2,0,2,2,0,69,1,0,1,99,0
201600003889,16,11,25,1340,1,1,1,2,6,243,4400430,295890,120,3,2,2,0,2,2,0,54,2,0,1,99,0
201600003890,16,5,14,1630,1,1,1,1,1,147,4381520,305450,120,3,2,2,0,1,3,0,76,1,0,1,0,0
201600003892,16,11,29,1300,1,1,1,1,1,300,4436520,197140,120,3,2,2,0,2,4,0,65,0,0,3,0,0
201600003893,16,1,23,1150,1,1,1,8,1,263,4434500,204340,120,3,3,2,0,1,2,0,66,2,0,1,0,0
201600003894,16,1,29,1625,1,2,1,1,3,300,4435690,203287,120,4,2,1,0,1,2,0,67,1,0,1,3,0
201600003896,16,4,22,945,1,1,1,1,6,287,4431330,189600,120,4,2,0,0,1,1,0,0,0,0,0,0,0
201600003897,16,5,5,1400,1,2,1,1,6,300,4434840,205478,120,3,0,0,0,1,1,0,40,1,0,1,0,0
201600003898,16,5,13,1530,1,1,1,8,1,300,4438110,202925,120,3,2,3,0,2,1,0,140,2,0,1,0,1
201600003899,16,6,10,900,1,1,1,1,3,159,4432490,209566,120,3,0,2,0,0,1,0,0,1,0,1,0,0
201600003900,16,6,12,530,2,1,1,1,7,136,4439725,207770,120,3,2,2,0,0,1,20,0,1,0,1,0,0
201600003901,16,7,3,1930,1,1,1,1,6,136,4441680,210119,120,3,2,2,0,1,3,0,75,1,0,1,0,0
201600003902,16,7,8,1830,1,1,1,7,3,263,4435910,198922,120,3,2,2,0,1,1,0,64,1,0,1,0,0
201600003903,16,8,21,2200,3,1,1,1,6,136,4442133,211392,120,3,3,0,0,1,1,0,0,1,0,1,99,1
201600003904,16,11,10,945,1,1,1,2,6,300,4434410,204338,120,3,2,0,0,2,3,0,0,2,0,3,0,0
201600003905,16,1,8,1105,1,1,1,8,3,242,4439250,205367,120,3,2,2,0,1,2,0,0,2,0,1,0,0
201600003906,16,3,20,2200,3,1,1,1,6,217,4439930,197252,120,3,2,2,0,2,2,0,45,2,0,3,99,0
201600003907,16,4,14,730,1,1,1,1,3,301,4449050,202840,120,3,2,2,0,1,1,0,72,1,0,1,99,0
201600003908,16,6,2,1750,1,1,1,2,3,272,4456430,210038,120,3,2,0,0,2,3,0,105,2,0,1,0,1
201600003909,16,6,11,1930,1,1,3,8,1,217,4441460,196968,120,3,2,2,0,1,1,0,70,1,0,1,0,0
201600003910,16,8,23,1230,1,1,1,1,2,104,4451340,202873,120,3,2,2,0,1,1,0,90,1,0,1,0,0
201600003911,16,12,28,1605,1,1,3,7,3,258,4420510,221125,120,3,2,0,0,1,1,0,0,0,0,0,0,0
201600003912,16,4,18,1445,1,1,1,1,2,300,4355120,61034,320,3,2,2,0,1,1,0,61,1,0,1,99,0
201600003913,16,8,20,915,1,1,1,2,3,200,4358690,54619,320,2,2,2,0,0,1,0,64,2,0,1,0,0
201600003914,16,10,25,1915,3,1,1,1,6,200,4358310,54111,320,2,2,2,0,1,1,0,72,1,0,3,99,0
201600003915,16,11,15,1745,2,1,1,1,5,91,4370110,51525,320,3,2,2,0,0,1,0,69,1,0,1,99,0
201600003916,16,12,16,1145,1,1,1,1,3,282,4365310,66493,320,3,2,2,0,2,1,0,50,1,0,1,99,1
201600003917,16,12,17,2200,3,1,1,1,6,279,4368620,69396,320,3,2,2,0,1,4,0,46,1,0,3,99,1
201600003918,16,2,26,30,4,1,1,1,7,173,4376020,88376,320,3,2,2,0,1,1,0,60,1,0,3,99,0
201600003919,16,5,1,1445,1,1,1,1,7,2,4368420,81406,320,4,2,2,0,2,1,0,32,1,0,1,99,0
201600003920,16,5,24,945,1,2,3,1,3,147,4362620,87871,320,2,2,2,0,2,1,0,66,1,0,1,99,0
201600003921,16,5,30,1400,1,2,1,2,6,147,4363120,86701,320,2,2,2,0,1,1,0,60,2,0,1,99,0
201600003922,16,6,20,2030,1,1,1,1,6,148,4361410,93949,320,2,2,2,0,2,2,0,78,1,0,3,99,0
201600003923,16,6,27,1715,1,1,1,7,1,249,4373050,89555,320,3,2,2,0,2,1,0,0,1,0,1,99,0
201600003924,16,7,1,1400,1,1,1,1,6,237,4364750,72047,320,2,3,4,0,1,1,12,136,1,0,3,99,1
201600003925,16,7,11,1600,1,1,1,1,5,148,4361720,92674,320,2,2,2,0,2,1,0,75,1,0,1,99,1
201600003926,16,7,27,815,1,1,1,1,1,173,4374990,88342,320,3,2,2,0,1,1,0,71,1,0,1,99,0
201600003927,16,8,21,800,2,1,1,5,1,436,4381620,90659,320,3,2,2,0,1,1,0,60,1,0,1,99,0
201600003928,16,1,27,2100,3,1,1,5,6,121,4356040,101384,320,3,2,2,0,1,2,0,50,1,2,3,99,0
201600003929,16,2,26,1300,1,1,1,1,3,160,4361910,104075,320,3,2,2,0,3,1,0,0,1,0,1,99,0
201600003930,16,4,3,1630,1,2,1,1,7,106,4371770,98220,320,3,2,0,0,1,1,0,70,1,0,1,99,0
201600003931,16,5,1,715,2,1,1,1,6,334,4358200,118766,320,2,3,4,0,1,1,20,160,1,0,3,99,0
201600003932,16,5,16,1430,1,1,1,1,1,334,4359130,114474,320,4,2,2,0,2,3,0,50,1,0,1,99,1
201600003933,16,6,21,1900,1,1,1,1,1,160,4363620,104357,320,4,2,2,0,4,4,0,50,1,0,1,99,0
201600003934,16,7,28,1915,1,1,3,1,2,38,4363480,100637,320,3,2,2,0,2,1,0,47,1,0,1,99,0
201600003935,16,8,10,1615,1,2,1,1,7,160,4361070,107600,320,3,2,2,0,1,1,0,0,1,0,1,99,0
201600003936,16,8,23,2200,3,1,1,1,7,160,4359640,111019,320,2,1,1,0,2,3,0,65,1,3,1,99,0
201600003937,16,10,31,1515,1,1,1,1,7,160,4363790,110332,320,2,2,2,0,1,2,44,72,9,0,1,99,0
201600003938,16,12,22,1945,3,1,1,2,6,377,4373030,90430,320,3,2,2,0,2,2,0,61,2,5,3,99,0
201600003939,16,4,10,1130,1,1,1,1,6,418,4344270,85515,320,3,2,2,0,1,1,0,0,1,0,1,99,0
201600003940,16,4,15,745,1,1,1,1,1,418,4344880,87024,320,3,2,2,0,1,3,0,50,1,0,1,99,0
201600003941,16,6,18,1400,1,1,1,1,6,141,4340040,72875,320,3,2,2,0,1,1,0,52,1,0,3,99,1
201600003942,16,7,29,2015,1,1,2,1,1,374,4348870,75186,320,3,2,2,0,1,1,0,60,1,0,1,99,0
201600003943,16,10,22,1500,1,1,1,1,1,153,4356070,64785,320,3,2,2,0,2,3,0,0,1,0,1,99,0
201600003944,16,5,8,2200,3,1,1,1,6,204,4377650,54698,320,3,2,2,0,1,1,0,55,1,0,3,99,1
201600003945,16,7,12,1715,1,1,1,2,1,301,4371160,43778,320,2,2,3,0,2,2,0,111,2,0,1,99,1
201600003946,16,7,28,2030,1,1,2,1,3,462,4375710,23298,320,2,2,2,0,2,1,0,74,1,0,1,99,0
201600003947,16,8,10,1930,1,1,1,1,6,71,4370960,32398,320,3,2,2,0,1,3,0,51,1,0,3,99,0
201600003948,16,9,19,15,3,1,1,1,6,162,4378250,45555,320,3,2,2,0,1,1,0,68,1,0,1,99,0
201600003949,16,11,7,600,3,1,1,1,6,54,4370390,44847,320,2,2,2,0,1,1,0,77,2,0,3,99,0
201600003950,16,11,29,1215,1,1,1,1,6,65,4365340,40415,320,3,2,2,0,1,1,0,49,1,0,3,99,1
201600003951,16,12,16,1430,1,1,1,1,6,251,4374480,54544,320,3,2,2,0,2,3,0,48,1,0,3,99,0
201600003952,16,4,17,2230,5,2,1,1,6,83,4380220,43371,320,3,2,2,0,1,2,0,80,1,0,4,99,0
201600003953,16,7,23,1815,1,2,3,1,3,292,4390460,29760,320,3,2,2,0,1,1,0,0,1,0,1,99,0
201600003954,16,7,27,630,2,1,1,1,6,196,4383410,43674,320,3,2,2,0,4,3,50,50,1,0,3,99,1
201600003955,16,7,30,730,1,1,1,1,7,107,4397190,40495,320,3,2,0,0,2,1,0,67,1,0,3,0,0
201600003956,16,10,8,145,3,1,1,1,6,194,4393460,30670,320,3,2,2,0,4,2,0,41,1,0,1,99,1
201600003957,16,11,6,1500,1,1,1,7,6,290,4397080,22214,320,3,2,2,0,1,1,0,59,2,0,1,99,0
201600003958,16,11,28,1030,1,1,1,1,7,143,4400850,43792,320,3,2,2,0,1,2,60,0,1,0,3,99,0
201600003959,16,12,5,830,1,1,1,1,6,351,4384920,28903,320,3,2,2,0,1,1,0,50,1,0,3,99,0
201600003960,16,12,17,1645,1,1,1,1,5,107,4396950,40177,320,3,2,2,0,2,1,0,67,1,0,1,99,1
201600003961,16,2,16,1615,1,1,2,1,3,96,4395660,2135,320,2,2,2,0,2,1,0,58,1,0,1,99,0
201600003962,16,4,15,1130,1,1,3,1,3,274,4381870,13908,320,3,2,2,0,1,1,48,0,1,0,1,99,0
201600003963,16,5,4,800,1,1,3,1,2,246,4385490,13150,320,3,2,2,0,2,2,0,130,1,0,1,99,0
201600003964,16,5,22,1645,1,1,1,6,6,264,4390300,8516,320,3,2,2,0,2,1,0,70,2,0,3,99,0
201600003965,16,7,15,500,3,1,1,1,6,64,4388860,14662,320,3,2,2,0,2,1,0,0,1,0,1,99,0
201600003966,16,9,27,1715,1,1,1,1,1,96,4393000,7179,320,4,2,2,0,2,2,0,45,1,0,1,99,0
201600003967,16,10,6,2230,3,1,1,1,6,79,4397090,14095,320,3,2,2,0,0,2,0,0,1,0,3,99,0
201600003968,16,10,11,1115,1,1,1,1,6,340,4387520,3383,320,2,2,2,0,1,3,0,70,1,0,3,99,0
201600003969,16,10,17,730,3,1,1,1,2,211,4386570,6858,320,3,2,2,0,2,1,0,52,1,0,1,99,0
201600003970,16,10,24,1030,1,1,4,1,3,119,4383560,15154,320,3,2,2,0,1,1,0,61,1,0,1,0,0
201600003971,16,12,3,1615,1,1,1,7,1,246,4384250,11532,320,4,2,2,0,2,2,0,50,1,0,1,99,0
201600003972,16,12,16,1230,1,1,1,1,3,227,4379490,7887,320,3,2,2,0,2,1,0,70,1,0,1,99,0
201600003973,16,1,19,1145,1,1,1,1,7,253,4399190,72502,320,3,2,2,0,4,3,0,42,2,0,3,99,0
201600003974,16,2,15,1700,1,1,1,1,6,208,4396190,65888,320,2,3,2,0,1,1,30,74,1,0,3,99,0
201600003975,16,2,19,800,2,1,1,5,6,320,4394270,75622,320,3,2,2,0,1,2,0,56,2,0,3,99,0
201600003976,16,4,15,1800,1,1,1,1,1,68,4382820,77395,320,4,2,2,0,1,2,0,0,1,0,1,99,0
201600003977,16,5,30,1700,1,2,1,1,2,132,4385150,65956,320,4,2,2,0,1,1,0,78,1,0,1,3,0
201600003978,16,7,2,1130,1,1,3,1,3,208,4395370,65104,320,2,2,2,0,2,2,0,80,1,0,1,99,0
201600003979,16,7,25,1815,1,1,1,1,1,286,4380510,64294,320,2,2,2,0,1,1,0,72,1,0,1,99,0
201600003980,16,8,22,1415,1,1,1,1,3,208,4393370,59740,320,3,2,2,0,2,1,74,0,1,0,1,99,0
201600003981,16,8,25,1900,1,2,1,1,1,132,4384730,66101,320,4,2,2,0,0,1,0,62,1,0,1,0,0
201600003982,16,9,4,30,3,1,1,1,7,253,4399370,75467,320,3,2,2,0,2,1,55,0,1,0,3,99,0
201600003983,16,9,21,1615,1,1,2,1,3,395,4399740,68329,320,3,2,2,0,2,2,0,42,1,0,1,99,0
201600003984,16,11,3,1745,3,1,2,1,3,314,4398810,81160,320,3,2,2,0,1,1,0,59,1,0,1,99,0
201600003985,16,12,24,1030,1,2,7,1,6,132,4384950,66303,320,6,1,0,0,1,1,0,50,1,0,1,99,0
201600003986,16,12,25,115,3,1,1,2,6,132,4386000,68309,320,3,2,0,0,2,1,0,60,2,0,3,99,1
201600003987,16,1,28,345,3,1,1,5,6,413,4336240,69782,320,3,2,2,0,1,2,0,54,2,0,3,99,0
201600003988,16,4,2,1800,1,1,1,1,7,215,4349150,52291,320,3,2,2,0,2,2,0,60,1,0,1,99,0
201600003989,16,4,21,1715,1,1,2,2,3,67,4335140,59633,320,3,2,2,0,1,1,0,60,2,0,1,99,0
201600003990,16,5,31,1800,1,2,1,1,6,45,4346400,41176,320,3,2,2,0,1,1,0,71,1,0,3,99,0
201600003991,16,6,16,1845,1,1,2,1,3,260,4337970,71264,320,3,2,2,0,1,1,0,0,1,0,1,99,0
201600003992,16,7,30,2115,2,1,2,1,3,252,4345510,30089,320,3,2,2,0,2,1,0,50,1,0,1,99,0
201600003993,16,8,5,1200,1,1,2,1,3,254,4354020,45458,320,2,2,2,0,1,1,0,150,1,5,1,99,0
201600003994,16,8,17,1745,1,1,1,1,6,252,4341100,30750,320,3,2,2,0,1,1,0,59,1,0,3,99,0
201600003995,16,8,25,1115,1,1,1,1,1,116,4334710,41910,320,3,2,0,0,0,1,0,42,1,0,1,99,1
201600003996,16,8,28,1500,1,1,1,1,6,122,4342910,55949,320,3,2,2,0,1,2,60,0,1,0,3,99,0
201600003997,16,10,15,1100,1,2,1,1,2,181,4342010,25748,320,2,2,2,0,2,1,0,0,1,0,1,3,0
201600003998,16,10,31,1945,3,1,1,1,6,438,4346780,66893,320,3,2,2,0,2,3,0,55,1,0,3,99,0
201600003999,16,9,15,1715,1,1,2,1,3,8,4351300,9454,320,3,2,2,0,2,1,0,54,1,0,1,99,0
201600004000,16,9,20,1715,1,1,1,1,6,285,4355390,32776,320,3,2,2,0,1,1,0,50,1,0,3,99,0
201600004001,16,10,2,1145,1,1,1,1,6,285,4355090,36348,320,3,2,2,0,2,1,0,50,1,0,3,99,0
201600004002,16,10,2,1015,1,1,1,1,7,109,4363060,12379,320,3,2,2,0,2,3,0,50,9,0,1,99,0
201600004003,16,10,9,1830,1,1,2,1,3,440,4362960,15,320,3,2,0,0,1,1,0,54,1,0,1,99,0
201600004004,16,11,23,1815,3,1,1,3,1,330,4359980,1059,320,3,2,0,0,1,2,0,54,2,0,1,99,0
201600004005,16,2,27,930,1,1,2,3,3,273,4349990,23394,320,3,2,2,0,1,1,0,60,2,0,1,99,0
201600004006,16,4,6,1715,1,2,1,1,6,296,4375970,3172,320,3,2,2,0,1,1,0,0,1,0,1,99,0
201600004007,16,5,7,1515,1,1,1,1,3,369,4378820,29,320,3,2,2,0,1,1,0,63,1,0,1,99,0
201600004008,16,5,22,2200,3,1,4,2,3,369,4379380,2973,320,3,1,1,0,2,1,0,0,2,0,1,99,0
201600004009,16,6,18,200,4,1,1,2,7,5,4372770,3618,320,3,2,2,0,2,2,0,0,2,0,1,99,0
201600004010,16,8,27,1830,1,1,1,1,7,202,4378900,10773,320,3,2,2,0,1,2,0,56,1,0,3,99,0
201600004011,16,10,10,2045,3,1,1,1,6,27,4369770,23884,320,3,0,2,0,1,1,0,0,1,0,1,99,0
201600004012,16,10,23,1200,1,1,1,1,1,291,4379610,14833,320,4,0,0,0,1,2,0,0,1,0,1,99,0
201600004013,16,11,20,1730,2,1,1,2,1,460,4373170,16529,320,3,2,2,0,2,1,0,71,2,0,1,99,1
201600004014,16,11,29,1630,1,1,1,1,3,191,4375010,10169,320,3,2,2,0,1,1,0,0,1,0,1,99,0
201600004015,16,12,22,1230,1,1,1,2,1,170,4362520,13989,320,3,2,2,0,1,3,0,0,2,2,1,99,0
201600004016,16,2,23,1400,1,1,1,2,6,202,4430510,151055,460,1,3,0,0,0,1,2,0,2,0,2,0,0
201600004017,16,5,19,1045,1,1,1,1,3,137,4439467,136745,460,3,2,2,0,2,4,0,60,1,0,1,0,0
201600004018,16,5,23,1515,1,1,1,6,2,109,4433224,150169,460,1,3,0,0,2,1,10,74,1,0,1,0,0
201600004019,16,11,24,2030,3,1,1,9,2,109,4431428,151154,460,1,3,4,0,2,1,35,75,2,0,1,99,0
201600004024,16,4,9,800,1,1,2,1,5,201,4434383,120904,460,3,2,2,0,1,1,0,60,1,0,1,99,0
201600004025,16,5,16,1015,1,1,2,1,3,10,4441995,156263,460,3,2,2,0,2,1,0,53,1,5,1,99,0
201600004026,16,5,21,1830,1,1,1,1,1,148,4435199,140528,460,3,2,1,0,1,2,0,60,1,0,1,0,0
201600004027,16,8,6,1230,1,1,2,1,5,10,4441994,156270,460,3,0,2,0,2,3,0,53,1,5,0,0,1
201600004028,16,10,4,1830,1,1,1,1,7,105,4438643,151680,460,3,2,0,0,0,1,0,56,9,0,1,0,0
201600004029,16,10,17,2015,3,1,1,1,6,63,4426720,135879,460,3,2,2,0,2,1,0,56,1,0,1,99,1
201600004030,16,10,24,1730,1,1,1,2,1,13,4434604,166553,460,3,2,2,0,0,1,0,0,2,0,1,0,0
201600004031,16,10,27,1215,1,1,1,1,1,137,4440227,138426,460,3,2,2,0,0,2,0,62,1,0,1,0,0
201600004032,16,10,27,1800,1,1,1,7,1,14,4438871,122265,460,3,2,2,0,0,1,0,42,1,0,1,0,1
201600004034,16,1,1,145,3,1,1,5,1,307,4449050,104154,460,3,2,0,0,2,3,0,70,2,0,1,0,0
201600004035,16,2,25,1330,1,1,3,2,3,136,4452505,128399,460,3,2,0,0,1,1,0,0,2,0,1,0,1
201600004036,16,2,26,1500,1,1,1,1,6,322,4440709,135165,460,3,2,0,0,4,2,0,60,1,0,3,0,1
201600004039,16,5,27,1000,1,1,1,1,3,89,4450858,110196,460,3,2,0,0,1,1,0,120,1,0,1,99,1
201600004042,16,6,22,1715,1,2,1,1,6,225,4450337,117564,460,4,0,1,0,0,3,0,0,0,0,0,0,0
201600004043,16,8,10,1615,1,1,2,1,3,142,4447892,109290,460,3,2,2,0,4,1,0,64,1,5,1,0,0
201600004044,16,8,14,945,1,2,1,1,6,301,4441773,125487,460,3,2,2,0,0,3,0,0,1,0,1,0,0
201600004045,16,8,20,1045,1,1,1,2,1,5,4448221,119460,460,3,4,1,0,0,1,0,30,2,2,1,99,0
201600004046,16,9,16,915,1,1,1,1,1,231,4443199,105372,460,4,2,2,0,1,3,0,33,1,0,1,99,0
201600004048,16,1,12,1615,1,1,1,4,6,102,4458404,199172,460,3,2,0,0,2,0,0,64,2,0,3,0,1
201600004050,16,5,27,1730,1,2,1,1,3,102,4460936,202571,460,3,1,0,0,1,1,0,0,1,5,1,0,0
201600004053,16,10,22,1130,1,2,1,1,6,102,4460647,202457,460,6,0,0,0,2,0,0,0,1,0,1,99,0
201600004054,16,12,17,1730,2,1,1,1,3,55,4459392,206153,460,3,2,2,0,2,3,0,0,1,5,1,0,1
201600004055,16,2,12,1130,1,1,2,3,1,21,4457611,193623,460,3,2,0,0,1,1,0,65,2,0,1,0,0
201600004056,16,7,18,1200,1,1,2,1,3,2,4476057,180684,460,3,2,2,0,2,1,0,40,1,0,1,0,1
201600004058,16,1,18,2145,5,2,1,2,6,251,4485647,189334,460,3,2,0,0,1,1,0,0,2,0,1,0,0
201600004060,16,4,23,1145,1,2,1,1,3,29,4492705,184480,460,9,2,2,0,1,1,0,55,1,0,1,0,0
201600004061,16,5,15,1115,1,1,1,1,7,160,4478970,211044,460,3,2,0,0,0,1,0,0,1,0,1,0,0
201600004062,16,6,2,930,1,1,1,1,1,24,4488453,186518,460,3,2,0,0,2,1,0,70,1,0,1,0,0
201600004064,16,9,22,1345,1,1,1,1,1,117,4493850,185531,460,9,0,0,0,1,1,0,63,1,0,1,0,0
201600004065,16,1,23,1515,1,2,1,1,6,127,4473159,137469,460,3,2,0,0,1,1,0,0,1,0,1,0,1
201600004067,16,4,25,245,3,1,1,1,6,216,4475477,133436,460,4,2,0,0,2,3,0,42,1,0,3,99,0
201600004068,16,5,20,1200,1,1,1,7,7,334,4472947,137538,460,3,2,2,0,1,2,60,0,1,0,3,0,1
201600004070,16,7,19,1500,1,2,1,1,1,178,4481642,146309,460,4,2,0,0,2,1,0,33,1,0,1,0,0
201600004071,16,7,20,1515,1,1,2,1,3,127,4476084,141092,460,4,2,2,0,1,1,0,300,1,0,1,0,0
201600004072,16,10,16,1530,1,1,1,1,6,169,4471081,130456,460,3,2,2,0,1,2,0,0,1,0,3,99,0
201600004073,16,7,26,1815,1,2,1,1,6,127,4472943,137541,460,3,2,2,0,2,1,0,70,1,0,3,0,1
201600004074,16,7,24,800,1,1,1,1,6,114,4459836,115239,460,3,2,1,0,2,2,0,60,9,0,1,0,0
201600004075,16,7,30,1845,1,1,1,1,7,184,4464643,115987,460,3,0,0,0,1,1,0,0,1,0,1,99,0
201600004076,16,9,16,1500,1,1,1,3,1,127,4471773,135777,460,3,2,2,0,2,3,0,78,2,0,1,99,0
201600004077,16,9,18,700,2,1,1,8,6,241,4480549,141007,460,3,2,2,0,1,2,0,53,1,0,1,0,0
201600004078,16,9,26,1200,1,1,1,1,1,66,4463944,121908,460,3,2,2,0,2,2,0,66,1,0,1,0,0
201600004080,16,12,5,1945,3,1,1,1,1,113,4462141,148972,460,3,2,2,0,0,1,0,0,1,0,1,99,0
201600004081,16,12,13,1345,1,2,1,1,6,127,4473708,138433,460,4,2,2,0,0,0,0,0,1,0,1,0,0
201600004082,16,12,22,1445,1,1,1,2,3,127,4471061,133118,460,3,2,0,0,1,1,0,62,2,0,1,0,1
201600004083,16,1,4,2045,3,1,1,2,5,18,4472379,167162,460,3,2,2,0,4,2,0,78,2,0,1,0,0
201600004087,16,10,27,1730,1,2,1,1,6,128,4477838,172477,460,9,2,0,0,0,0,0,53,0,0,1,0,0
201600004088,16,2,6,1830,2,1,1,1,6,208,4487087,164292,460,3,2,2,0,1,2,0,47,1,0,1,99,0
201600004089,16,3,22,2030,3,1,1,1,7,232,4498827,163394,460,3,2,2,0,1,1,0,55,1,2,3,99,0
201600004090,16,6,15,1345,1,1,1,1,1,330,4494783,169133,460,3,2,2,0,0,1,0,0,1,0,1,99,1
201600004091,16,7,14,1800,1,2,3,1,3,309,4489377,147036,460,3,2,0,0,1,1,0,50,1,0,0,99,0
201600004092,16,8,14,1500,1,1,1,1,1,145,4490676,151048,460,3,2,2,0,1,1,0,41,1,0,1,0,0
201600004093,16,9,22,1145,1,2,1,1,6,309,4489449,147698,460,9,2,2,0,1,1,0,47,1,0,4,99,0
201600004094,16,11,12,1715,2,1,1,1,1,330,4494705,168853,460,3,2,0,0,1,1,0,65,1,0,1,99,0
201600004095,16,12,22,1445,1,1,1,2,3,298,4501573,161359,460,3,2,2,0,1,1,0,0,1,4,1,0,0
201600004097,16,8,29,2115,3,1,1,1,7,232,4499046,165205,460,3,0,2,0,0,1,0,0,1,0,1,99,0
201600004098,16,6,6,815,1,2,3,1,1,62,4320450,12329,650,3,2,0,3,1,1,0,81,1,0,1,99,0
201600004099,16,6,18,615,2,1,1,2,6,292,4324910,11428,650,3,2,0,0,2,1,0,104,1,0,3,0,1
201600004100,16,7,13,2015,1,1,1,1,6,108,4328949,9388,650,3,0,0,0,0,1,54,0,1,0,1,0,1
201600004101,16,7,19,1400,1,1,1,1,6,221,4313590,9979,650,3,2,2,0,1,1,0,0,9,0,1,99,0
201600004102,16,9,22,1715,1,1,2,1,1,340,4327855,10916,650,2,2,0,0,1,1,0,0,1,0,1,99,0
201600004103,16,9,28,1715,1,1,1,1,1,280,4313550,6962,650,3,2,2,0,2,2,0,50,1,0,1,0,0
201600004104,16,11,17,445,3,1,1,1,6,7,4329870,6807,650,3,2,2,0,1,1,0,70,1,0,3,99,0
201600004105,16,4,1,2215,3,1,1,1,6,129,4331180,52330,650,3,0,0,0,0,1,0,62,1,0,1,99,1
201600004106,16,4,24,2230,5,2,6,1,6,129,4329390,51627,650,3,2,0,0,0,2,0,0,1,5,3,0,0
201600004107,16,8,31,1845,1,1,1,1,7,97,4319610,37431,650,3,2,2,0,2,3,0,0,9,0,3,99,0
201600004108,16,9,5,2015,2,1,1,1,6,260,4332100,32584,650,3,2,2,0,1,2,0,37,1,0,3,0,0
201600004109,16,10,13,800,2,2,1,1,6,183,4322830,41052,650,3,2,2,0,1,1,0,0,1,0,3,99,0
201600004110,16,1,6,1815,3,1,1,8,6,161,4333130,12914,650,2,2,2,0,1,1,0,0,1,0,3,99,1