Num_Acc,an,mois,jour,hrmn,lum,agg,int,atm,col,com,lat,long,dep,catr,circ,nbv,vosp,prof,plan,lartpc,larrout,surf,infra,situ,env1,killed
201600004111,16,8,10,1130,1,2,1,1,6,222,4314760,16535,650,4,2,0,0,1,1,0,0,1,0,1,0,1
201600004112,16,6,6,1615,1,2,1,1,2,304,4347220,2636,650,3,2,2,0,1,1,0,58,2,0,1,0,0
201600004113,16,9,4,1130,1,1,2,1,3,460,4338670,7684,650,3,2,2,0,1,1,0,62,1,0,1,0,0
201600004114,16,3,14,1830,2,1,1,1,3,20,4309900,2174,650,3,0,0,0,0,1,0,0,1,0,1,0,0
201600004115,16,3,26,845,1,1,1,1,1,40,4306500,4320,650,3,0,2,0,4,1,0,0,1,3,1,99,0
201600004116,16,4,23,415,3,1,1,1,6,473,4294830,6059,650,3,2,2,0,0,0,0,31,0,0,1,0,1
201600004117,16,12,8,745,2,2,1,1,6,29,4299457,12329,650,3,2,2,0,0,1,0,59,1,0,1,99,0
201600004118,16,12,6,1300,1,1,1,1,1,98,4300550,8091,650,3,2,0,0,0,1,32,0,1,0,1,0,0
201600004119,16,8,5,1530,1,2,1,1,6,138,4288850,11513,650,3,2,2,0,1,1,0,0,1,0,1,99,0
201600004120,16,7,31,1300,1,1,1,5,7,188,4272140,4947,650,3,2,2,0,2,3,0,70,2,0,3,0,1
201600004121,16,12,27,445,5,2,1,1,6,295,4287230,183,650,3,2,2,0,2,3,0,60,1,0,4,3,0
201600004122,16,12,31,355,5,2,1,1,6,295,4287240,510,650,4,2,2,0,1,1,0,50,1,0,1,0,0
201600004123,16,3,9,1545,1,1,2,3,3,320,4312880,11534,650,3,2,2,0,1,1,0,8,2,0,1,0,0
201600004124,16,6,20,1630,1,1,1,1,6,123,4297870,23967,650,3,2,0,0,1,1,670,0,1,0,3,0,0
201600004125,16,6,23,1030,1,2,1,1,1,328,4307320,6881,650,3,2,0,0,2,1,0,475,1,0,3,0,0
201600004126,16,6,23,1700,1,1,1,1,5,147,4313790,22545,650,3,2,0,0,2,1,0,670,1,0,1,0,0
201600004127,16,7,11,1450,1,1,1,1,7,78,4303150,16649,650,3,2,2,0,1,1,0,620,1,2,1,0,1
201600004128,16,7,25,915,1,2,2,1,3,198,4306050,15846,650,3,2,0,0,1,1,0,0,1,5,1,0,0
201600004129,16,11,2,730,1,1,1,1,6,198,4304790,19776,650,5,2,0,0,2,1,0,4,9,0,3,0,0
201600004130,16,12,14,1430,1,2,1,1,3,328,4307660,6940,650,3,2,0,0,1,1,380,0,1,0,1,0,0
201600004131,16,1,22,2030,5,2,1,3,6,258,4311490,38394,650,3,2,2,0,1,1,0,0,2,0,1,99,0
201600004132,16,2,18,2000,5,2,1,2,6,258,4311762,38125,650,3,2,2,0,0,1,0,60,2,0,0,99,1
201600004133,16,3,7,1445,1,2,1,2,6,258,4311050,39796,650,3,2,0,0,1,1,0,61,1,0,1,0,0
201600004134,16,3,29,1900,1,2,1,1,1,258,4311960,41026,650,3,2,2,0,1,1,0,60,1,0,1,0,0
201600004135,16,5,19,1615,1,2,3,1,3,258,4311720,38328,650,3,2,0,0,1,0,0,0,1,0,1,0,0
201600004136,16,7,25,815,1,1,1,1,1,258,4309340,39026,650,3,2,2,0,1,1,0,74,1,0,1,0,1
201600004137,16,7,30,1415,1,2,6,1,3,69,4307909,38080,650,3,1,0,0,1,0,0,0,1,5,1,0,0
201600004138,16,12,7,2030,3,1,1,1,6,258,4311880,41701,650,3,2,0,0,1,1,0,70,1,0,1,0,0
201600004139,16,12,13,1445,1,1,1,7,1,94,4306310,43530,650,3,2,1,0,2,0,0,0,7,0,1,99,0
201600004140,16,6,22,1515,1,1,1,1,6,92,4294751,37424,650,3,2,0,0,1,2,0,0,1,0,1,0,0
201600004141,16,6,28,1115,1,2,3,1,7,31,4289710,35321,650,3,0,0,0,0,0,0,0,0,0,0,0,0
201600004142,16,10,7,1700,1,2,1,1,6,388,4281970,32261,650,3,2,2,0,1,1,0,6,1,0,1,0,0
201600004143,16,3,14,730,1,1,1,1,7,277,4399380,226946,810,3,2,2,0,2,1,0,63,1,0,3,99,1
201600004144,16,4,19,1700,1,2,1,1,5,230,4404320,217888,810,3,2,2,0,2,4,0,49,1,0,1,99,0
201600004145,16,4,1,1530,1,1,1,1,1,250,4376730,213874,810,3,2,2,0,2,2,0,55,2,0,1,0,0
201600004146,16,6,15,1100,1,1,1,1,6,288,4343850,208490,810,3,2,2,0,2,1,0,47,1,0,3,99,0
201600004147,16,9,9,1030,1,1,1,1,1,120,4354530,227854,810,2,2,2,0,1,1,0,71,1,0,1,99,1
201600004148,16,11,9,1225,1,1,9,1,5,251,4355770,208825,810,2,2,2,0,1,1,0,10,1,0,1,0,0
201600004149,16,11,29,240,3,1,1,1,6,54,4357770,214570,810,2,2,2,0,1,1,0,74,1,0,1,99,0
201600004150,16,12,12,1000,1,1,1,7,3,62,4368550,260136,810,3,2,2,0,2,3,0,66,1,0,1,99,0
201600004151,16,2,19,1045,1,1,1,1,6,280,4407500,207003,810,3,2,2,0,1,3,0,72,1,0,1,0,0
201600004153,16,9,25,2015,3,1,1,8,3,319,4399560,204687,810,3,2,2,0,1,2,0,72,1,0,1,0,0
201600004154,16,5,23,1445,1,1,1,1,1,147,4382340,218542,810,3,2,2,0,1,1,0,70,1,0,1,0,1
201600004155,16,2,5,2115,3,1,1,1,6,308,4401320,235695,810,3,2,2,0,1,1,0,63,1,0,3,99,1
201600004156,16,9,21,815,1,1,1,1,1,8,4412200,216726,810,3,2,0,0,2,3,0,60,1,0,1,0,1
201600004157,16,1,18,1315,1,1,6,1,6,74,4392500,221900,810,3,2,0,0,1,1,0,0,0,0,0,0,0
201600004159,16,3,8,1845,1,1,1,1,1,317,4389780,231215,810,3,2,1,0,1,2,0,73,1,0,1,0,1
201600004160,16,3,26,1030,1,1,1,1,3,247,4393970,237878,810,3,2,2,0,2,3,0,50,1,0,1,0,0
201600004161,16,1,31,1,4,1,1,6,6,105,4377760,199197,810,3,2,0,0,1,2,0,0,2,0,3,0,0
201600004162,16,7,15,800,1,2,1,1,3,105,4375820,195540,810,3,2,2,0,1,1,0,0,1,0,1,99,0
201600004163,16,11,3,1130,1,1,1,1,1,105,4378290,200342,810,4,2,2,0,4,0,0,0,1,0,1,99,1
201600004164,16,4,10,1645,1,1,1,1,1,62,4366430,255566,810,3,2,2,0,1,3,0,60,1,0,1,99,0
201600004165,16,1,3,1830,5,2,6,2,6,140,4369400,181732,810,3,2,2,0,1,1,0,60,2,0,1,99,0
201600004167,16,2,26,1015,1,1,2,1,4,92,4372280,192725,810,3,2,0,0,4,1,0,72,1,5,1,0,0
201600004170,16,3,24,1730,1,2,6,1,7,70,4377370,168598,810,3,4,2,0,1,3,125,75,1,5,1,0,0
201600004171,16,4,13,1130,1,1,1,3,3,298,4362810,170047,810,2,2,2,0,1,3,0,60,2,0,1,99,0
201600004172,16,5,12,1900,2,1,1,1,6,92,4367660,194775,810,3,2,1,0,1,1,0,60,1,0,1,0,0
201600004174,16,8,13,15,5,2,1,1,6,140,4369060,181716,810,3,2,2,1,1,1,0,72,1,0,5,0,0
201600004175,16,9,26,2115,5,2,1,1,6,140,4372390,182223,810,3,2,1,0,1,3,72,0,1,2,1,99,1
201600004176,16,1,4,1100,1,1,1,8,6,177,4369930,221311,810,3,2,2,0,1,3,0,76,2,0,1,0,0
201600004177,16,3,4,1600,1,1,1,1,3,182,4372980,230650,810,3,2,0,0,2,2,0,60,1,0,1,99,0
201600004178,16,1,13,1630,1,1,1,1,3,78,4369940,200172,810,3,2,2,0,0,3,0,60,2,0,0,99,0
201600004179,16,9,15,845,1,1,2,1,3,99,4391700,187500,810,3,2,2,0,1,1,0,75,1,0,1,99,1
201600004180,16,1,13,1430,1,1,1,1,4,294,4384380,193476,810,3,2,0,0,1,1,0,0,1,0,1,99,0
201600004181,16,1,28,1400,1,2,1,1,6,99,4390230,189769,810,4,1,1,0,1,1,0,40,1,6,1,0,0
201600004182,16,10,23,600,3,1,1,1,2,93,4388500,199462,810,1,3,4,0,1,1,0,140,1,0,1,99,0
201600004183,16,10,30,1200,1,1,1,1,6,99,4394610,188407,810,3,2,2,0,2,2,0,70,1,0,3,99,0
201600004184,16,3,8,1715,1,1,1,1,1,131,4389140,200379,810,3,2,2,0,1,1,0,50,1,0,1,0,0
201600004185,16,11,20,615,3,1,1,1,6,117,4378150,198916,810,3,2,2,0,2,1,0,82,1,0,3,99,0
201600004186,16,12,13,800,1,1,1,5,5,46,4388780,197892,810,1,3,4,0,1,1,10,70,1,3,1,99,0
201600004187,16,12,11,1150,1,1,1,5,7,46,4385840,196880,810,3,2,2,0,1,1,0,0,2,0,3,99,0
201600004188,16,12,18,1620,1,1,1,7,6,41,4394480,188445,810,3,2,2,0,2,3,0,60,1,0,3,99,0
201600004189,16,4,17,1015,1,1,6,8,1,99,4390510,185602,810,3,2,2,0,1,2,200,70,2,5,1,0,0
201600004190,16,12,24,2015,3,1,9,2,5,93,4389910,203213,810,1,1,4,0,1,1,507,20,1,0,1,0,0
201600004192,16,8,30,715,1,1,1,1,3,99,4394380,191295,810,3,2,2,0,2,2,0,70,1,0,1,0,1
201600004198,16,6,30,830,1,2,1,1,3,89,4574500,477300,690,3,2,3,3,1,1,0,0,1,0,1,0,0
201600004199,16,7,11,530,2,2,6,1,7,69,4575100,474200,690,3,2,2,0,2,1,0,0,1,0,0,0,0
201600004201,16,10,30,200,3,2,1,1,6,69,4575241,471390,690,4,2,2,0,1,1,0,50,2,0,3,99,0
201600004202,16,11,4,1730,2,2,1,1,6,69,4574733,471829,690,3,3,2,0,1,1,0,73,1,0,1,99,0
201600004203,16,11,18,1621,1,2,1,2,1,89,4573665,476421,690,3,2,2,0,2,3,0,73,2,0,1,99,0
201600004204,16,12,5,2245,5,2,1,9,6,89,4573665,476421,690,3,2,2,0,2,0,7,310,1,0,0,0,0
201600004205,16,1,1,2106,5,2,2,1,6,408,4956432,364187,20,4,2,2,0,0,0,0,0,0,5,1,99,0
201600004206,16,1,11,810,2,2,1,2,6,408,4956618,363495,20,4,2,2,0,1,1,0,0,2,0,1,99,0
201600004207,16,2,16,1800,1,2,1,1,6,408,4957382,362501,20,4,2,2,0,1,1,0,60,1,0,1,99,0
201600004209,16,3,22,931,1,2,9,1,6,408,4954836,361491,20,9,2,2,0,1,1,0,40,1,0,1,99,0
201600004210,16,10,4,450,3,1,3,1,3,408,4954150,359621,20,2,2,2,0,1,1,50,130,1,3,1,99,0
201600004211,16,3,31,945,1,2,3,3,3,408,4956753,363420,20,4,2,2,0,1,2,0,65,2,0,0,99,0
201600004212,16,5,4,1750,1,2,2,1,3,408,4957526,363392,20,4,2,2,0,1,1,0,40,1,0,1,99,0
201600004213,16,5,17,1724,1,2,2,1,3,408,4957507,365025,20,4,2,2,0,1,1,0,60,1,0,1,3,0
201600004214,16,6,18,1410,1,2,6,1,6,408,4956891,364686,20,3,2,2,0,1,1,0,0,1,0,1,99,0
201600004216,16,7,31,1006,1,2,1,1,6,408,4956445,362009,20,4,2,2,0,1,1,0,60,1,0,1,99,0
201600004217,16,6,23,1900,1,2,2,1,3,408,4957413,359477,20,3,2,2,0,2,1,0,70,1,0,1,99,1
201600004219,16,9,21,1800,1,2,3,1,3,408,4957837,365457,20,4,2,2,0,1,1,0,60,1,0,1,99,0
201600004220,16,9,30,1250,1,2,6,1,3,408,4956832,362393,20,4,2,2,0,1,1,0,77,1,0,0,99,0
201600004221,16,10,5,2315,5,2,4,1,7,408,4957441,361869,20,4,2,2,0,1,2,0,109,1,0,0,99,0
201600004222,16,10,15,1730,1,1,2,1,3,408,4954150,359613,20,2,2,3,0,1,1,0,0,1,0,1,99,0
201600004223,16,10,26,1815,1,2,1,1,2,408,4956957,360346,20,4,2,2,0,1,1,0,80,1,0,1,99,0
201600004224,16,10,22,920,1,1,1,5,2,408,4956791,365958,20,2,2,2,0,1,1,0,80,2,0,1,99,0
201600004225,16,11,3,820,1,2,1,1,3,408,4957364,362543,20,4,2,2,0,1,1,0,55,1,0,1,99,0
201600004226,16,11,28,1725,2,2,1,1,6,408,4956175,363266,20,4,2,2,0,1,1,0,0,1,0,1,99,0
201600004227,16,12,10,1800,5,2,1,1,6,408,4956932,364443,20,4,2,2,0,1,1,0,90,1,0,4,99,0
201600004228,16,1,2,1145,1,1,2,2,3,320,4405600,190950,810,3,2,2,0,4,1,50,0,2,0,1,0,0
201600004229,16,4,10,1815,1,1,1,1,3,64,4396840,173835,810,3,2,2,0,1,1,0,60,1,0,1,99,0
201600004230,16,8,9,1245,1,1,1,1,6,146,4405850,200227,810,3,2,2,0,1,1,0,60,1,0,3,99,0
201600004231,16,10,2,1100,1,1,1,2,6,217,4399120,170437,810,3,2,2,0,1,2,0,0,2,0,3,0,1
201600004232,16,1,24,1830,3,1,1,1,1,202,4380980,184617,810,3,2,0,0,1,1,0,56,1,0,1,0,0
201600004233,16,5,14,1315,1,1,1,1,1,220,4384730,178689,810,3,2,2,0,1,1,0,76,1,0,1,99,1
201600004234,16,5,25,1230,1,1,1,1,3,145,4388920,182156,810,3,2,2,0,1,1,0,60,1,0,1,99,0
201600004235,16,7,9,1000,1,1,1,1,7,220,4382670,171103,810,4,2,2,0,2,2,0,33,1,0,1,99,1
201600004236,16,7,31,1530,1,2,2,1,3,202,4380020,182688,810,9,2,1,0,1,1,0,56,1,0,1,3,0
201600004237,16,8,25,2015,2,1,1,1,6,178,4391390,157842,810,3,2,1,0,1,1,0,75,1,0,1,99,1
201600004238,16,6,10,815,1,2,1,1,6,120,4354090,226623,810,3,2,2,0,1,1,0,60,1,0,1,99,0
201600004239,16,12,29,1230,1,1,3,1,2,50,4358030,183629,810,2,2,2,0,1,1,8,20,3,0,1,0,0
201600004240,16,5,20,1845,1,1,2,1,1,142,4351970,207243,810,3,2,0,0,1,1,0,50,1,0,1,0,0
201600004241,16,5,29,515,2,2,1,2,6,76,4356820,188921,810,2,2,2,0,1,1,0,74,2,0,3,0,0
201600004242,16,6,7,1745,1,1,1,1,5,219,4357020,197095,810,2,2,2,0,1,1,0,74,1,0,1,0,0
201600004243,16,6,3,1115,1,1,1,1,6,219,4359250,195985,810,3,2,2,0,1,2,0,51,1,0,1,0,0
201600004244,16,7,29,1930,1,1,2,1,1,100,4348010,200854,810,3,2,2,0,1,1,0,54,1,0,1,0,0
201600004246,16,12,10,1120,1,1,1,7,3,219,4361320,202782,810,4,2,2,0,3,1,0,43,1,0,1,99,0
201600004247,16,12,18,805,1,1,1,5,1,219,4356310,199564,810,3,2,2,0,1,1,0,49,2,0,1,99,0
201600004258,16,7,8,845,1,1,1,1,1,37,4414819,157420,820,3,2,1,0,4,1,0,0,1,0,1,0,0
201600004262,16,11,12,2030,3,1,1,2,6,37,4419736,159303,820,4,2,0,0,1,3,0,52,2,0,3,99,0
201600004281,16,5,3,730,3,1,1,1,7,180,4392600,101699,820,4,2,0,0,2,3,0,0,1,0,0,0,1
201600004283,16,1,15,2015,3,1,3,1,3,27,4389500,131800,820,3,2,0,0,1,3,30,60,1,5,1,99,0
201600004284,16,2,24,600,3,1,1,1,6,79,4391800,134800,820,3,2,2,0,1,1,60,0,1,0,3,0,0
201600004285,16,3,10,930,1,1,1,1,3,79,4392000,135100,820,3,2,0,0,1,1,0,60,1,0,1,0,1
201600004286,16,3,12,1845,1,2,3,1,3,79,4392000,135900,820,4,2,2,0,1,1,0,45,1,0,1,0,0
201600004287,16,4,28,815,1,1,1,1,3,79,4392300,137000,820,4,2,2,0,1,1,0,60,1,0,1,99,0
201600004288,16,5,17,1715,1,2,1,1,6,75,4383000,129800,820,3,1,1,0,1,1,0,40,1,0,1,99,0
201600004294,16,12,8,1730,1,1,1,1,3,75,4380969,128962,820,3,2,2,0,1,2,0,69,1,0,0,0,0
201600004295,16,12,19,1730,2,1,1,2,3,79,4394200,135800,820,3,2,2,0,1,1,0,63,2,0,1,99,0
201600004296,16,12,20,1830,3,1,1,1,1,28,4385600,129500,820,3,0,2,0,1,1,0,70,1,0,1,99,0
201600004297,16,3,6,130,3,1,1,1,6,22,4426000,97100,820,3,2,2,0,1,1,0,55,1,0,3,0,0
201600004298,16,5,4,730,1,1,1,1,7,117,4433200,101400,820,3,2,1,0,2,2,0,35,1,0,3,99,0
201600004300,16,8,28,1530,1,1,1,1,3,94,4427200,114200,820,3,2,2,0,1,1,0,66,1,5,1,0,0
201600004306,16,7,25,730,1,2,6,1,2,112,4411633,110588,820,3,2,2,0,1,0,0,65,1,5,1,99,0
201600004314,16,11,2,715,2,1,1,5,3,63,4399437,107470,820,3,2,2,0,1,1,0,0,2,0,1,99,0
201600004315,16,11,14,1345,1,2,6,1,3,112,4410388,111333,820,3,1,1,0,1,1,0,83,1,5,0,0,0
201600004316,16,12,3,1415,1,2,1,1,3,112,4410400,103699,820,3,2,2,0,1,1,65,65,1,0,1,0,0
201600004325,16,10,18,915,1,1,1,5,3,25,4394070,130306,820,3,2,0,0,1,3,0,0,1,0,1,99,0
201600004327,16,12,14,800,2,1,1,5,7,123,4391649,129148,820,4,2,1,0,1,3,45,0,1,0,3,0,1
201600004328,16,12,27,1615,1,1,1,1,1,124,4401700,130000,820,3,2,0,0,1,3,0,0,1,5,1,99,0
201600004333,16,8,7,1015,1,2,1,1,6,186,4409000,87800,820,4,2,2,0,2,1,0,750,1,1,1,99,1
201600004334,16,10,24,2215,5,2,1,2,6,72,4412069,85959,820,4,2,2,0,1,3,0,63,2,5,3,99,1
201600004338,16,8,18,1630,1,1,1,1,3,250,4582000,472700,690,3,1,1,0,2,3,39,0,1,3,1,0,0
201600004339,16,11,10,825,1,2,1,2,6,127,4578089,470578,690,3,3,1,0,1,1,29,72,8,0,1,99,0
201600004340,16,11,13,1925,3,1,1,2,4,72,4583050,474299,690,2,2,2,0,2,1,0,0,2,0,1,99,0
201600004341,16,11,18,1600,1,1,1,2,4,72,4583164,474302,690,2,2,2,0,2,1,0,76,2,0,1,99,0
201600004342,16,12,8,850,1,2,1,1,3,127,4578168,470669,690,4,2,2,0,1,0,0,10,1,0,0,0,0
201600004343,16,12,14,1045,1,1,1,5,7,72,4582447,474085,690,4,2,2,0,1,0,0,0,7,0,3,99,0
201600004344,16,12,20,1840,5,2,1,1,1,244,4575729,474865,690,4,2,2,0,1,0,0,0,1,0,1,99,0
201600004345,16,12,23,755,4,2,1,1,3,72,4580563,476809,690,4,2,2,0,2,2,0,73,2,0,1,99,0
201600004346,16,12,28,1215,1,1,1,1,4,72,4581439,474667,690,2,3,2,0,1,0,0,0,1,2,1,99,0
201600004353,16,3,10,700,1,2,1,1,2,59,4586200,471300,690,3,1,2,0,1,3,0,80,1,0,1,99,0
201600004354,16,3,11,1715,1,1,1,1,6,194,4579900,480400,690,4,2,0,0,2,1,0,33,1,0,1,0,0
201600004358,16,5,27,1815,1,1,1,1,3,116,4583800,476600,690,4,2,2,0,1,3,0,80,1,0,1,0,0
201600004359,16,7,1,1200,1,1,1,1,2,59,4586100,470700,690,3,3,0,0,1,1,25,85,1,0,1,99,0
201600004371,16,6,28,1630,1,1,1,1,1,284,4589400,488300,690,3,2,2,0,2,1,0,67,1,0,1,0,0
201600004374,16,10,4,820,1,2,1,1,4,68,4584694,483180,690,3,2,2,0,1,1,0,60,1,0,1,99,0
201600004375,16,10,14,745,2,2,1,3,2,3,4586588,483434,690,3,3,2,1,1,1,18,136,2,0,1,99,0
201600004376,16,11,4,1630,1,2,1,1,6,143,4587086,484183,690,4,1,1,0,2,0,0,0,1,0,1,3,0
201600004377,16,11,10,530,5,2,1,2,5,3,4586588,483434,690,3,2,2,0,1,2,0,0,2,0,1,99,0
201600004378,16,11,3,1835,3,1,1,1,1,278,4591274,484928,690,4,2,2,0,1,0,0,0,1,0,1,99,0
201600004379,16,11,17,1815,3,1,1,1,6,163,4591937,475868,690,3,2,1,0,1,3,0,0,1,0,3,99,0
201600004381,16,8,17,930,1,1,6,7,3,287,4571300,505600,690,4,2,0,0,1,1,0,0,1,5,1,99,0
201600004382,16,8,16,1430,1,2,1,1,3,288,4569200,504700,690,3,2,2,0,1,1,0,0,1,0,1,0,0
201600004384,16,11,7,700,1,2,1,1,6,287,4571049,504249,690,3,2,2,0,1,1,0,60,1,0,4,99,0
201600004385,16,12,9,815,1,2,1,1,6,288,4568303,504978,690,4,2,2,0,1,1,0,0,1,0,0,99,0
201600004386,16,12,29,1735,2,1,1,8,2,281,4564485,491013,690,3,3,2,0,2,1,2,0,9,0,1,99,0
201600004387,16,1,8,1245,1,2,1,1,3,273,4569000,491300,690,4,2,0,0,1,1,24,130,1,0,1,99,0
201600004392,16,3,20,500,2,1,1,1,6,21,4579000,455600,690,3,2,0,0,2,3,0,65,2,0,0,0,0
201600004395,16,6,23,745,1,1,1,1,1,10,4584400,460400,690,2,2,0,0,2,1,0,70,1,0,1,99,0
201600004399,16,10,5,1520,1,2,1,1,6,10,4582993,461035,690,2,2,2,0,1,1,0,0,1,0,1,99,0
201600004400,16,10,6,545,5,1,1,9,7,10,4582816,460666,690,3,2,2,0,2,2,0,70,1,0,3,99,1
201600004401,16,11,28,1750,3,1,1,1,3,208,4585580,462778,690,3,2,2,0,2,0,0,10,1,0,0,0,0
201600004402,16,11,30,1410,1,2,1,1,6,10,4583444,461536,690,2,2,2,0,1,0,7,10,1,0,0,0,0
201600004403,16,12,4,2200,3,1,1,5,6,231,4577606,463408,690,3,2,2,0,2,2,0,0,2,0,3,99,0
201600004404,16,12,7,1100,1,2,1,5,6,175,4581643,457491,690,4,2,2,0,1,1,0,0,1,0,1,3,0
201600004405,16,1,15,2215,3,1,1,4,6,220,4571700,447500,690,3,2,2,0,1,1,81,0,5,0,3,99,1
201600004407,16,5,21,1215,1,1,1,1,7,31,4575600,454500,690,3,2,2,0,1,1,18,35,1,0,1,99,0
201600004408,16,8,5,1000,1,1,1,1,6,220,4575500,453600,690,3,2,1,0,2,1,0,0,1,0,3,99,0
201600004411,16,10,12,1755,1,2,3,1,6,31,4574666,452387,690,4,2,2,0,2,0,0,0,0,0,0,99,0
201600004416,16,11,1,500,3,1,1,1,6,227,4563006,455611,690,3,2,2,0,1,2,0,55,1,0,3,99,0
201600004417,16,4,1,1700,1,2,1,1,1,94,4575300,469500,690,3,2,2,0,0,1,0,0,1,5,1,99,0
201600004419,16,4,10,1000,1,1,1,1,2,255,4573900,468200,690,3,2,2,0,0,1,30,60,1,0,1,0,1
201600004422,16,9,29,800,1,2,6,1,6,28,4572600,469900,690,3,2,2,0,1,1,57,89,1,0,1,0,0
201600004424,16,10,1,1230,1,1,9,2,6,94,4575300,464700,690,3,2,2,0,0,4,0,50,2,0,1,0,0
201600004425,16,10,7,1849,2,2,1,1,5,28,4572258,469654,690,3,2,2,0,2,1,0,72,1,0,1,99,1
201600004426,16,10,13,1220,1,1,1,3,6,255,4573435,467053,690,3,2,2,0,2,2,0,0,2,0,1,99,0
201600004427,16,10,10,1410,1,2,1,1,2,28,4572268,469472,690,3,2,2,2,2,0,0,0,1,0,1,99,0
201600004428,16,11,5,1640,1,1,1,3,1,94,4575606,469899,690,3,2,2,0,2,2,0,70,2,0,1,99,0
201600004429,16,12,16,705,3,1,1,9,1,249,4567145,459941,690,3,2,2,0,2,4,0,68,2,0,1,99,0
201600004432,16,10,15,1220,1,1,1,2,3,297,4559286,481277,690,3,2,2,0,2,2,0,70,2,0,1,99,0
201600004433,16,10,20,1500,1,1,1,1,2,296,4565266,484828,690,4,2,2,0,1,1,60,0,1,0,1,99,0
201600004434,16,11,18,1730,5,2,9,1,3,291,4563458,486453,690,3,2,2,0,1,0,7,10,1,0,0,0,0
201600004437,16,5,10,645,2,1,9,2,5,136,4564900,474900,690,3,2,2,0,2,2,0,70,2,0,1,0,0
201600004444,16,6,25,1430,1,1,1,1,3,236,4554900,465900,690,3,2,0,0,0,1,0,50,1,0,1,99,0
201600004450,16,9,23,2045,3,1,1,1,1,228,4556600,463900,690,3,2,0,0,0,2,0,0,1,0,1,0,0
201600004451,16,9,23,2230,3,1,1,1,3,228,4557100,464500,690,3,2,0,0,1,1,0,0,1,0,1,0,0
201600004453,16,10,5,1850,2,1,4,1,1,136,4562683,476041,690,3,2,3,0,1,0,0,10,1,0,0,0,0
201600004454,16,10,28,1120,1,1,1,1,1,141,4562562,470188,690,3,2,2,0,1,0,8,10,1,0,0,0,0
201600004456,16,12,1,850,1,1,2,7,3,74,4600336,463403,690,4,2,2,0,1,0,4,10,1,0,0,0,0
201600004457,16,2,20,1630,1,1,1,8,7,121,4586600,469100,690,3,2,0,0,3,3,0,84,8,0,1,99,0
201600004458,16,3,25,1100,1,1,1,2,6,122,4591700,473400,690,2,2,2,0,1,1,0,100,2,0,3,0,0
201600004459,16,7,26,1715,1,2,2,1,3,140,4590200,470200,690,3,2,2,0,1,1,0,68,1,0,1,0,0
201600004462,16,9,30,2115,5,1,1,1,6,121,4586200,468200,690,3,2,2,1,1,1,0,63,1,6,3,99,0
201600004464,16,10,18,1230,1,2,1,1,6,9,4593160,472216,690,4,2,2,0,1,0,0,10,1,0,0,0,0
201600004465,16,12,23,1805,3,2,1,2,5,121,4585573,468911,690,3,2,2,0,1,1,0,80,2,0,1,99,0
201600004466,16,9,24,1600,1,1,1,1,7,162,4610100,464700,690,3,2,2,0,2,2,0,0,1,0,0,99,0
201600004468,16,11,14,830,1,2,1,1,6,19,4610513,473769,690,4,2,2,0,2,0,0,0,1,0,1,99,0
201600004470,16,6,3,1845,1,2,1,8,3,19,4611200,473300,690,4,0,0,0,1,1,0,0,1,0,1,3,0
201600004471,16,8,17,915,1,1,1,7,1,197,4605700,466200,690,3,3,1,0,2,1,25,96,1,0,1,0,0
201600004475,16,10,6,1730,1,1,1,1,3,206,4606201,471609,690,3,2,2,0,1,1,0,35,1,0,1,99,0
201600004476,16,10,13,1215,1,1,2,2,3,45,4608417,468953,690,3,2,2,0,1,0,0,0,2,0,1,99,0
201600004477,16,11,18,1915,5,2,1,2,3,19,4611424,472121,690,3,2,2,0,2,0,0,20,1,0,0,0,0
201600004478,16,11,25,1029,1,2,3,1,6,19,4610616,474863,690,4,2,2,0,1,0,6,510,1,0,0,0,0
201600004479,16,11,25,1555,1,2,1,1,1,19,4610985,474423,690,4,2,2,0,1,1,0,70,1,0,1,99,0
201600004480,16,12,12,650,3,1,9,5,3,211,4611762,472460,690,3,2,2,0,1,0,0,20,1,0,0,0,0
201600004481,16,12,14,1140,1,1,1,5,1,197,4605348,465781,690,3,2,2,0,1,1,0,60,2,0,1,99,0
201600004482,16,12,16,750,2,1,1,1,5,19,4610209,473086,690,2,2,3,0,1,1,0,0,1,0,1,99,0
201600004483,16,12,21,830,1,1,1,8,3,197,4606604,465765,690,3,2,2,0,1,0,6,420,1,0,0,0,0
201600004486,16,5,28,1945,1,1,1,2,6,239,4592600,448100,690,3,2,2,0,1,2,0,60,2,0,1,0,1
201600004489,16,8,26,1645,1,2,1,1,6,26,4589900,458900,690,4,2,2,0,2,3,0,50,1,0,3,99,0
201600004490,16,11,11,1210,1,1,1,1,3,50,4587603,464416,690,3,2,3,0,1,0,12,20,1,0,0,0,0
201600004491,16,2,26,1715,1,1,1,1,6,254,4596000,442200,690,3,2,2,0,1,2,0,0,1,0,1,99,0
201600004496,16,10,6,1010,1,2,1,1,6,243,4589150,444257,690,2,2,2,0,1,0,0,0,1,0,1,99,0
201600004497,16,11,1,1835,3,1,9,1,7,254,4592803,442660,690,3,2,2,0,1,0,0,60,0,0,0,0,0
201600004498,16,12,29,1155,1,2,1,5,1,157,4587988,449368,690,4,2,2,0,3,3,0,0,1,0,1,99,0