Num_Acc,an,mois,jour,hrmn,lum,agg,int,atm,col,com,lat,long,dep,catr,circ,nbv,vosp,prof,plan,lartpc,larrout,surf,infra,situ,env1,killed
201600004499,16,3,5,1230,1,1,1,2,6,107,4604800,448600,690,3,2,2,0,2,4,0,0,2,0,3,0,0
201600004500,16,5,15,1730,1,2,1,1,6,54,4617400,448900,690,3,2,0,0,1,1,0,75,1,0,3,0,0
201600004503,16,10,23,1115,1,1,1,1,1,54,4617135,450375,690,3,2,2,0,1,4,0,0,1,0,1,99,0
201600004507,16,6,11,830,1,2,1,2,1,66,4610200,431800,690,3,2,2,0,2,3,0,75,2,0,1,99,0
201600004508,16,1,30,1730,1,1,1,2,6,336,4617415,515234,10,3,2,2,0,1,1,0,0,2,0,3,99,1
201600004510,16,5,21,1615,1,1,1,1,1,405,4614953,517774,10,3,2,0,0,1,1,0,91,1,0,1,99,0
201600004513,16,8,2,1845,1,1,1,1,5,405,4615734,518369,10,3,2,2,0,0,3,0,0,1,0,1,99,0
201600004515,16,8,13,1830,1,1,1,1,3,385,4618059,515471,10,3,2,2,0,1,1,0,0,1,0,1,99,1
201600004516,16,9,18,2145,3,1,1,3,5,405,4611317,514866,10,3,2,2,0,1,3,0,70,2,0,1,99,1
201600004518,16,10,22,1530,1,1,1,1,6,301,4625074,511213,10,3,2,0,0,1,1,0,0,1,0,1,99,0
201600004519,16,10,27,1745,2,1,1,1,1,405,4611900,515472,10,3,2,2,0,1,1,0,121,1,0,1,99,0
201600004524,16,7,3,1830,1,1,1,1,1,426,4627000,536000,10,3,2,2,0,1,1,0,80,1,0,1,99,0
201600004525,16,8,1,1530,1,1,9,1,3,184,4615255,544418,10,3,2,0,0,1,1,0,0,1,0,1,0,0
201600004526,16,8,8,1545,1,1,1,1,3,350,4629517,529978,10,3,2,2,0,1,2,0,0,1,0,1,0,1
201600004527,16,2,14,415,3,1,1,2,6,236,4655300,514400,10,3,3,2,0,1,1,0,61,2,0,3,99,0
201600004530,16,6,22,810,1,1,1,1,1,154,4631925,519473,10,4,2,2,0,1,3,0,50,1,0,1,99,0
201600004532,16,7,17,545,2,1,1,1,6,236,4632936,506837,10,3,2,0,0,1,1,0,62,1,0,3,99,0
201600004536,16,11,26,1615,1,1,1,1,6,163,4636700,515306,10,4,2,2,0,3,1,0,75,1,0,1,99,0
201600004543,16,5,7,115,3,1,1,1,6,200,4608806,547790,10,3,2,1,0,2,2,0,70,1,0,1,99,0
201600004544,16,5,21,1530,1,1,1,1,3,363,4603878,535254,10,3,2,2,0,1,1,0,0,1,5,1,99,0
201600004547,16,6,23,1530,1,1,1,1,6,273,4609288,535699,10,4,2,0,0,2,4,0,60,1,0,3,99,0
201600004551,16,7,16,1300,1,2,2,7,3,273,4607913,537650,10,3,2,1,0,0,1,0,0,1,0,1,0,0
201600004559,16,9,20,1545,1,2,9,1,6,306,4626349,488608,10,4,2,1,0,1,1,0,0,1,0,1,3,0
201600004565,16,11,1,1230,1,1,1,1,6,294,4569516,567634,10,3,2,2,0,1,0,0,0,1,0,1,99,0
201600004566,16,11,14,845,1,1,1,8,6,294,4570192,569932,10,3,2,2,0,2,3,0,60,1,0,3,99,0
201600004567,16,11,23,2130,3,1,1,1,6,34,4576800,570400,10,3,2,0,0,1,2,69,88,1,2,3,99,0
201600004569,16,2,21,1745,1,2,1,1,1,4,4597741,534979,10,4,2,2,0,0,1,0,0,1,0,1,0,1
201600004570,16,11,5,1145,1,2,1,2,3,345,4594468,533052,10,3,2,2,0,1,1,0,57,2,0,0,3,0
201600004580,16,6,22,1600,1,2,1,7,3,138,4584788,578690,10,3,2,2,0,2,1,0,78,1,0,1,99,0
201600004582,16,7,9,1715,1,1,1,1,7,329,4583366,559117,10,3,2,2,0,0,3,0,114,1,0,3,99,0
201600004588,16,6,21,745,2,1,1,2,1,112,4610000,554000,10,3,2,2,0,2,3,0,68,2,0,1,99,0
201600004594,16,3,18,1900,5,2,1,1,7,396,4585465,540905,10,3,2,2,0,0,1,0,60,1,6,1,99,0
201600004595,16,6,16,215,3,1,1,3,3,213,4591000,531000,10,3,2,2,0,4,1,0,60,2,0,1,99,1
201600004599,16,9,13,545,3,1,1,1,1,390,4578351,522653,10,3,2,2,0,1,3,0,70,1,0,3,99,0
201600004602,16,6,4,2145,2,1,1,1,1,204,4615500,571900,10,4,2,2,0,1,1,0,39,1,0,1,0,1
201600004604,16,8,13,2000,1,1,1,1,1,87,4620538,569380,10,4,2,0,0,0,1,0,40,1,0,1,0,0
201600004606,16,5,9,845,1,2,1,1,6,33,4611000,581000,10,3,2,2,0,1,1,20,70,1,0,1,3,0
201600004617,16,1,29,1600,1,2,6,7,6,160,4625880,611600,10,3,2,2,0,1,1,0,0,1,5,1,0,0
201600004619,16,8,15,2210,3,1,1,1,7,435,4630346,608932,10,4,2,2,0,1,2,0,90,1,0,3,99,0
201600004629,16,4,19,1515,1,2,1,1,6,194,4598111,476662,10,4,2,2,0,2,1,0,66,1,0,1,99,0
201600004630,16,4,26,1330,1,1,1,1,1,75,4602235,478511,10,3,2,2,0,2,2,0,58,1,0,1,99,0
201600004631,16,5,9,845,1,1,2,2,3,318,4597123,485278,10,3,2,2,0,2,1,0,60,2,5,1,99,0
201600004632,16,6,11,2330,3,1,6,1,7,250,4598000,476000,10,3,2,2,0,1,4,0,70,1,0,3,0,0
201600004633,16,6,19,415,3,2,1,1,6,318,4597281,486869,10,3,2,0,0,1,3,0,52,1,0,1,0,0
201600004636,16,7,2,2200,2,1,6,1,6,322,4593000,480000,10,3,2,2,0,1,4,0,60,1,5,3,99,0
201600004637,16,7,6,915,1,2,1,1,2,30,4600104,475144,10,9,2,0,0,0,0,0,0,0,0,0,0,0
201600004638,16,9,20,1215,1,1,1,1,3,21,4597122,485276,10,3,2,0,0,1,1,0,50,1,5,1,0,0
201600004639,16,10,8,1055,1,2,9,1,1,238,4590442,482030,10,3,2,0,0,1,1,0,60,1,5,1,99,0
201600004649,16,6,19,830,1,1,1,2,6,368,4618882,495414,10,3,2,2,0,0,1,80,0,2,0,1,99,0
201600004655,16,8,13,1145,1,1,2,1,3,412,4616571,496323,10,3,2,2,0,1,1,0,0,1,5,1,99,0
201600004656,16,9,9,930,1,2,1,1,3,246,4624049,506443,10,3,2,2,0,2,1,0,63,1,0,1,99,0
201600004657,16,9,25,1230,1,1,1,1,3,457,4622372,498121,10,4,2,0,0,0,1,0,0,1,0,1,99,0
201600004661,16,7,8,1415,1,1,1,1,2,249,4586725,491287,10,3,2,2,0,1,1,0,70,1,0,1,99,0
201600004662,16,9,30,1615,1,2,1,1,3,249,4582678,496821,10,3,2,3,1,1,1,0,100,1,0,1,3,0
201600004664,16,10,10,1500,1,2,2,1,2,275,4582527,493010,10,3,2,2,0,0,0,0,0,1,0,1,99,0
201600004665,16,1,11,1415,1,2,6,1,6,262,4584810,505770,10,3,2,2,0,1,1,0,0,1,0,1,0,0
201600004678,16,7,13,300,5,1,1,1,7,371,4594632,498165,10,3,2,2,0,1,1,20,602,1,0,1,0,0
201600004681,16,5,27,2030,1,2,2,1,3,420,4617218,480114,10,3,2,0,0,1,1,0,70,1,5,1,99,0
201600004684,16,9,1,1715,1,2,1,1,6,420,4616615,479084,10,3,2,2,0,0,3,60,60,1,2,1,99,0
201600004685,16,9,8,1200,1,2,1,1,1,263,4608566,475331,10,3,2,2,0,1,1,0,80,1,0,1,99,0
201600004688,16,12,9,1740,5,2,1,5,6,420,4617492,479898,10,3,2,0,0,0,1,0,83,2,0,4,3,0
201600004696,16,8,11,1630,1,1,1,1,6,16,4468400,435500,70,3,2,0,0,1,1,0,54,1,0,3,99,0
201600004697,16,8,26,1500,1,1,1,1,1,230,4469600,447400,70,3,2,2,0,2,3,0,65,1,0,1,99,0
201600004698,16,8,26,2330,5,1,1,1,3,296,4458900,439400,70,3,2,0,0,1,1,0,76,1,0,1,99,0
201600004699,16,11,26,930,1,1,1,1,1,230,4468700,446400,70,3,2,2,0,2,3,0,70,2,0,1,99,0
201600004701,16,7,15,1515,1,1,9,1,2,133,4444200,458900,70,3,2,2,0,3,4,0,0,1,0,1,99,0
201600004707,16,3,18,1930,2,1,1,1,6,346,4477400,414600,70,3,2,0,0,0,1,0,0,1,0,1,99,0
201600004715,16,2,5,1100,1,1,2,1,3,27,4483000,481000,70,3,2,2,0,1,1,0,60,1,5,1,99,0
201600004716,16,2,21,1415,1,1,6,1,3,240,4484300,481600,70,3,2,2,0,1,2,0,70,1,5,1,99,0
201600004719,16,5,10,1745,1,2,1,1,2,181,4474100,474100,70,3,2,2,0,1,1,0,70,1,0,3,99,0
201600004724,16,9,19,1030,1,1,1,1,6,261,4484200,474900,70,3,2,2,0,2,4,0,68,1,0,3,99,1
201600004725,16,10,7,845,1,2,1,7,6,261,4482600,476400,70,3,2,2,0,1,1,0,78,1,0,1,99,0
201600004773,16,12,16,545,3,1,1,5,7,64,4488500,442000,70,3,2,1,0,2,0,0,40,2,0,3,99,0
201600004787,16,6,3,2030,1,1,1,1,1,183,4471483,508017,260,4,2,1,0,1,4,0,45,1,0,1,99,0
201600004797,16,8,7,1200,1,1,1,1,2,113,4473907,538736,260,3,2,1,0,1,1,0,70,1,0,1,0,0
201600004806,16,2,5,1145,1,2,1,1,6,220,4435910,514710,260,4,2,2,0,0,1,0,70,1,0,1,0,0
201600004807,16,6,22,800,1,2,1,7,3,220,4435853,513516,260,4,2,2,0,1,1,0,55,1,0,1,99,0
201600004810,16,11,22,700,2,2,7,3,6,220,4436017,513782,260,4,2,2,0,1,0,0,25,1,0,1,99,0
201600004811,16,11,24,1215,1,2,6,8,3,220,4435415,511757,260,4,2,2,0,1,0,0,25,1,5,1,99,0
201600004814,16,10,14,1914,5,2,1,3,6,691,4984711,328939,20,4,2,2,0,1,1,0,68,2,0,1,99,0
201600004815,16,10,13,810,1,2,3,1,7,691,4984949,327417,20,4,2,2,0,2,1,0,79,1,0,1,99,0
201600004816,16,10,17,1730,1,2,1,1,6,691,4985786,328970,20,4,1,1,0,2,1,0,31,1,0,1,99,0
201600004817,16,2,16,55,5,1,1,1,1,691,4983767,328468,20,3,2,2,0,1,1,0,87,1,0,1,99,0
201600004818,16,2,29,810,1,2,1,7,6,691,4984935,326953,20,3,2,2,0,1,1,0,160,1,0,1,99,0
201600004819,16,10,15,1200,1,2,1,1,6,691,4984768,328430,20,4,1,1,0,2,1,0,47,1,0,4,99,0
201600004820,16,3,20,1835,2,2,3,1,2,691,4985826,330165,20,4,2,2,0,0,0,0,0,0,0,1,99,0
201600004821,16,5,17,1639,1,2,1,1,6,691,4984505,327900,20,4,2,2,2,2,1,0,105,1,0,1,99,1
201600004822,16,8,3,1405,1,2,1,1,6,691,4984060,328993,20,4,2,2,2,1,1,0,79,1,0,1,3,0
201600004823,16,8,22,515,5,2,6,1,3,691,4985270,328634,20,4,2,2,0,2,1,0,123,1,0,0,99,0
201600004824,16,8,5,1715,1,1,3,1,1,691,4985859,326018,20,4,2,2,0,0,0,0,0,0,0,1,99,0
201600004825,16,9,26,1710,1,2,2,1,6,691,4983567,331235,20,4,2,2,0,0,0,0,0,0,0,1,99,0
201600004829,16,10,4,1520,1,1,3,1,3,659,4985226,332865,20,3,2,2,0,0,0,0,0,0,0,1,99,1
201600004834,16,9,25,1000,1,2,1,1,6,148,4525616,502766,260,4,1,1,3,2,0,0,0,1,6,0,0,0
201600004837,16,1,14,1545,1,2,1,2,1,333,4517240,481910,260,4,2,0,0,1,3,0,0,2,0,1,0,0
201600004839,16,3,15,1315,1,1,1,1,1,381,4554623,546854,380,4,2,2,0,2,2,0,64,1,0,1,0,1
201600004841,16,4,8,1030,1,1,1,1,4,543,4510600,579400,380,3,2,2,0,0,1,0,55,1,0,1,0,0
201600004843,16,2,22,1,3,1,1,1,1,805,4937789,336767,20,2,2,2,0,1,1,0,0,1,0,1,99,0
201600004844,16,3,16,810,1,2,3,1,6,722,4937659,333254,20,4,2,2,0,0,0,0,0,0,0,1,99,0
201600004845,16,4,6,106,5,2,3,1,6,722,4937651,331029,20,4,2,0,0,1,1,0,0,1,0,0,99,1
201600004846,16,7,12,855,1,2,2,1,6,722,4938210,332453,20,4,2,2,0,1,1,0,59,1,0,1,99,0
201600004847,16,7,20,950,1,2,1,1,6,722,4937960,332815,20,4,1,1,0,1,1,0,50,1,0,1,99,0
201600004848,16,9,16,2215,5,2,1,2,6,722,4937819,331019,20,4,2,2,0,1,1,0,59,1,0,4,99,0
201600004849,16,11,21,1756,5,2,9,9,6,722,4937066,332367,20,4,2,2,0,1,1,0,40,2,0,1,99,0
201600004850,16,12,5,1150,1,1,6,1,6,722,4935962,331540,20,3,1,2,0,1,2,580,90,1,0,1,99,1
201600004851,16,12,15,1805,5,2,3,1,3,722,4936827,331052,20,4,2,2,0,1,1,0,60,2,0,1,99,0
201600004852,16,11,21,1805,2,2,1,8,6,722,4937520,330873,20,4,2,2,0,1,1,0,92,2,0,1,99,0
201600004854,16,4,1,1630,1,2,3,1,3,175,4526900,591400,380,3,2,2,1,1,1,0,88,1,0,1,0,0
201600004855,16,7,20,1100,1,2,1,1,1,547,4523356,588567,380,3,2,2,0,2,0,0,0,1,0,1,99,0
201600004856,16,9,30,830,1,1,1,1,5,422,4516446,580833,380,3,2,0,0,2,0,0,0,1,0,1,99,1
201600004857,16,9,29,1600,1,2,1,1,6,150,4520200,583100,380,4,2,2,0,1,1,0,70,1,0,1,0,0
201600004858,16,12,2,1630,1,2,4,1,3,547,4523925,588956,380,3,2,2,0,1,0,0,0,1,0,1,3,0
201600004859,16,12,7,1115,1,2,1,1,2,150,4520336,583728,380,3,2,0,0,2,1,0,0,1,0,1,99,0
201600004860,16,1,9,1145,1,1,1,1,1,158,4514683,576516,380,3,2,0,0,2,4,0,76,2,0,1,0,0
201600004861,16,1,17,1200,1,1,4,1,6,188,4514483,578251,380,4,0,0,0,0,0,0,0,2,0,0,0,1
201600004864,16,11,19,1545,1,2,6,1,3,158,4515303,573384,380,3,0,0,0,1,3,30,30,1,0,1,0,0
201600004868,16,10,21,1700,1,2,1,1,6,317,4513057,569977,380,3,3,0,3,1,1,0,0,1,0,1,99,0
201600004871,16,4,24,600,2,2,1,8,6,27,4543549,600396,380,3,2,0,0,1,1,0,70,1,2,4,0,0
201600004873,16,7,10,1500,1,1,1,1,1,6,4540804,608647,380,3,2,2,0,0,2,0,65,1,0,1,99,0
201600004876,16,10,14,1430,1,2,1,1,3,6,4539539,607247,380,3,2,0,0,0,0,0,0,0,0,0,99,0
201600004877,16,11,16,1645,1,1,1,1,7,314,4543552,603461,380,3,2,2,1,1,1,0,90,1,0,1,0,0
201600004878,16,11,22,1430,1,1,1,8,7,314,4543532,603400,380,3,2,0,2,1,2,0,60,2,0,0,99,1
201600004879,16,12,7,1745,5,2,1,1,6,314,4542670,600617,380,4,2,0,0,0,1,0,70,1,0,3,3,0
201600004884,16,4,20,1915,2,2,2,1,3,382,4523500,567641,380,3,2,2,0,1,1,0,75,1,0,1,0,0
201600004886,16,7,16,630,1,2,6,1,3,382,4523707,566312,380,1,0,0,0,0,0,0,0,0,3,0,0,0
201600004902,16,5,7,1345,1,1,1,1,7,153,4518347,562116,380,3,2,0,0,4,2,0,80,1,0,1,0,0
201600004904,16,6,25,1415,1,1,1,1,7,153,4520423,563238,380,3,2,2,0,0,2,0,70,1,0,1,99,0
201600004905,16,7,3,1530,1,1,1,1,1,474,4521667,564565,380,3,2,2,0,2,4,0,60,1,0,1,0,0
201600004907,16,11,8,1215,1,2,3,1,3,474,4519920,566601,380,4,0,0,0,0,1,0,0,1,0,0,0,0
201600004909,16,4,19,1715,1,2,9,1,2,511,4536233,595537,380,3,2,0,2,2,0,0,0,1,0,1,99,0
201600004911,16,6,1,1745,1,2,1,1,3,367,4532430,589618,380,3,2,2,0,0,2,0,73,1,0,1,0,1
201600004915,16,11,27,145,3,1,1,9,7,181,4535346,599127,380,3,2,0,0,0,2,0,0,7,0,3,99,0
201600004916,16,12,14,930,1,2,1,9,7,503,4532792,593552,380,3,2,0,0,1,1,0,0,9,0,1,99,0
201600004919,16,12,31,1345,1,1,2,1,1,503,4532503,593508,380,3,2,2,1,1,1,0,71,1,0,1,99,0
201600004922,16,4,27,1330,1,2,1,1,6,524,4508509,568225,380,3,2,0,0,0,1,0,0,1,0,1,99,0
201600004926,16,10,25,1645,1,2,1,1,1,545,4504768,568690,380,3,2,1,0,1,1,0,68,1,0,1,99,0
201600004931,16,7,3,700,1,1,1,1,6,205,4511644,557201,380,3,2,2,0,1,2,0,0,1,0,3,0,0
201600004932,16,7,9,2030,2,1,1,1,7,548,4508335,553134,380,3,2,0,0,1,2,0,0,1,0,1,0,0
201600004934,16,8,8,1945,1,1,1,1,1,548,4514258,559413,380,3,2,2,0,1,3,0,82,1,0,1,99,1
201600004935,16,10,16,1530,1,1,1,1,6,548,4508009,552182,380,3,2,1,0,2,2,0,0,1,0,1,0,0
201600004937,16,1,25,1018,1,2,3,1,6,59,4965806,333619,20,4,2,2,0,1,1,0,86,2,0,1,99,0
201600004938,16,12,30,1610,1,2,7,5,6,738,4966438,328539,20,9,0,0,0,1,0,0,151,7,0,1,3,0
201600004941,16,1,27,1200,1,2,3,1,6,738,4965422,329308,20,4,2,2,0,1,1,0,0,1,0,1,99,0
201600004942,16,2,16,1230,1,2,1,1,6,59,4965863,334345,20,4,2,2,3,1,1,0,0,1,6,1,3,1
201600004943,16,6,6,1800,1,2,9,1,3,212,4964824,327290,20,3,2,2,0,1,1,0,0,1,0,1,99,0
201600004944,16,6,29,1840,1,2,1,1,6,738,4939591,316439,20,3,2,2,0,1,1,0,58,1,0,1,99,0
201600004945,16,7,10,1925,1,1,1,1,7,165,4964533,339491,20,3,2,2,0,4,1,150,56,1,0,1,99,0
201600004946,16,7,11,2045,1,2,2,1,1,738,4965695,330482,20,4,1,2,0,1,1,0,62,1,0,1,99,0
201600004947,16,8,20,1745,1,2,1,1,6,738,4965506,328967,20,4,2,2,0,1,1,0,49,1,0,1,99,0
201600004948,16,10,29,925,1,2,3,1,1,738,4965318,329249,20,4,2,2,0,1,0,0,0,1,0,1,99,0
201600004949,16,11,5,1459,1,2,7,7,6,738,4965923,329741,20,4,1,1,0,1,0,0,0,1,0,1,99,0
201600004950,16,11,10,820,1,2,3,2,3,738,4966957,330064,20,4,1,1,0,2,1,0,48,2,0,1,99,0
201600004951,16,3,12,1700,1,2,4,1,7,565,4530266,562639,380,3,3,2,0,1,1,0,0,1,0,1,99,0
201600004952,16,4,30,1800,1,2,6,2,3,565,4530835,562162,380,3,2,3,0,0,3,0,108,2,0,1,99,0
201600004954,16,6,14,915,1,1,1,2,6,565,4530273,562634,380,3,3,4,0,1,1,0,0,2,6,1,99,0
201600004955,16,7,3,1700,1,1,1,1,1,312,4533774,566169,380,3,2,2,0,2,3,0,0,1,0,1,99,0
201600004956,16,7,9,315,4,2,1,1,6,61,4532995,562101,380,3,2,2,2,1,1,0,75,1,0,3,0,0
201600004957,16,7,28,715,1,2,6,1,3,565,4529566,562890,380,3,2,2,0,1,1,0,0,1,0,1,0,0
201600004959,16,5,6,1600,1,1,1,1,6,128,4482291,595261,380,2,2,2,0,0,2,0,85,1,0,1,0,0
201600004963,16,11,11,945,1,2,3,1,1,304,4494880,575787,380,3,2,2,0,0,3,0,85,2,0,1,99,0
201600004964,16,12,10,1900,5,2,3,1,1,269,4491015,579383,380,3,2,0,1,1,1,0,84,1,0,1,99,0
201600004965,16,7,31,945,1,1,1,1,6,424,4476873,566261,380,3,2,2,0,2,3,0,0,1,0,3,99,0
201600004967,16,9,11,1245,1,2,1,1,7,113,4482684,560879,380,3,2,2,0,1,0,0,40,1,0,3,99,1
201600004970,16,7,1,1745,1,1,1,1,2,68,4510402,571359,380,3,2,2,1,1,1,120,0,1,0,1,99,1
201600004972,16,8,2,1730,1,1,1,1,5,364,4505362,580600,380,3,3,4,0,2,1,0,0,1,0,1,99,0
201600004974,16,9,5,1445,1,2,1,1,6,528,4510888,580718,380,4,2,2,0,1,2,0,40,1,0,1,99,1
201600004975,16,9,28,1930,3,1,1,1,5,252,4508273,574944,380,2,2,2,0,0,1,0,150,1,2,1,99,1
201600004976,16,9,30,1615,1,2,9,1,6,562,4508124,577154,380,3,2,2,0,1,0,13,37,1,0,1,99,0
201600004977,16,10,28,1915,5,2,2,1,3,562,4505945,576704,380,3,0,0,0,1,1,0,0,1,0,0,0,1
201600004979,16,11,27,1200,1,1,1,1,2,68,4512400,570000,380,3,0,0,0,1,1,0,0,1,0,1,99,0
201600004981,16,1,3,1000,1,1,1,8,7,454,4512569,532928,380,3,2,2,0,1,2,80,0,2,0,1,0,0
201600004982,16,1,12,2015,3,1,1,1,1,453,4509968,530848,380,3,2,0,0,1,1,0,76,1,0,1,0,0
201600004986,16,3,13,1700,1,1,1,1,7,453,4510580,532896,380,4,2,2,0,1,1,0,30,1,0,3,99,0
201600004987,16,3,30,1900,1,1,1,1,1,99,4520106,529110,380,3,2,2,0,2,2,0,50,1,0,1,0,1
201600004988,16,8,16,1745,1,1,1,1,1,416,4513348,532584,380,3,2,2,0,0,2,0,82,0,0,1,0,0
201600004990,16,8,30,915,1,2,1,7,6,416,4514978,531139,380,4,2,0,0,1,1,0,70,1,0,1,99,1
201600004992,16,9,26,715,1,1,1,1,2,410,4507570,515812,380,3,2,2,0,1,1,0,70,1,0,1,99,0
201600004993,16,10,6,1030,1,1,1,1,7,95,4513289,525484,380,3,2,2,0,1,2,0,60,1,0,3,0,1
201600004994,16,10,10,1910,1,2,6,1,3,95,4514383,530692,380,3,2,2,0,1,2,18,104,1,0,1,0,1
201600004995,16,10,19,1630,1,1,1,1,5,463,4518922,534500,380,3,2,2,0,1,0,0,60,1,0,1,0,0
201600004996,16,11,19,630,3,1,1,1,1,463,4518388,533912,380,3,2,2,0,1,1,0,70,1,0,1,0,0
201600004997,16,11,23,1815,5,2,6,1,7,454,4515835,533502,380,3,2,2,0,1,2,0,35,1,0,1,99,0
201600004998,16,11,16,1615,1,1,1,1,3,454,4514117,534667,380,4,2,2,0,1,1,0,0,1,0,1,0,0
201600004999,16,5,4,1530,1,1,1,1,5,457,4534667,524548,380,3,2,1,0,1,3,0,0,1,0,1,99,0
201600005001,16,6,14,1015,1,1,2,1,3,93,4534313,521669,380,3,2,2,0,1,1,0,69,1,0,1,0,1
201600005002,16,9,23,1815,1,2,2,1,3,505,4532600,513300,380,3,2,0,0,0,2,52,0,1,5,1,0,0
201600005003,16,9,28,1715,1,1,1,1,1,387,4532311,534380,380,3,2,0,0,0,1,0,51,1,0,1,99,0
201600005004,16,3,22,1030,1,2,1,1,6,517,4529801,548760,380,4,2,0,0,2,2,0,70,1,0,1,3,0
201600005005,16,3,29,830,1,1,1,1,6,275,4525553,538109,380,3,2,2,0,0,1,0,53,1,0,3,99,1
201600005007,16,6,3,1000,1,1,1,1,1,4,4523178,544313,380,3,2,2,0,1,3,0,72,1,0,1,99,0
201600005008,16,8,8,1045,1,1,1,1,6,310,4525795,546336,380,3,2,2,0,0,1,0,70,1,0,1,0,1
201600005009,16,9,6,1730,1,1,1,1,2,338,4523306,549937,380,3,2,0,0,1,1,0,76,1,0,1,99,0
201600005011,16,9,24,700,1,1,1,1,5,517,4529020,551712,380,3,2,0,1,0,1,0,0,1,0,1,99,1
201600005012,16,9,24,1845,1,2,9,1,6,33,4519274,539064,380,3,4,1,0,2,4,0,35,1,2,1,99,0
201600005013,16,10,5,2215,5,2,1,1,2,517,4531114,550447,380,3,2,1,0,1,1,0,70,1,0,1,0,0
201600005015,16,2,5,215,3,1,1,1,6,467,4566750,533182,380,3,2,2,0,1,1,0,70,2,0,1,0,1
201600005026,16,1,3,1900,3,1,1,1,6,67,4567500,516400,380,3,2,2,0,1,1,0,60,1,0,3,0,0
201600005027,16,1,22,1615,1,1,1,1,1,138,4572000,526400,380,3,2,0,0,0,2,0,60,1,0,0,0,0
201600005028,16,3,24,1100,1,1,1,1,5,554,4571600,519400,380,3,2,2,0,1,1,0,59,1,0,1,99,0
201600005036,16,11,6,1645,1,2,1,1,3,159,4543791,532699,380,4,2,2,0,0,0,0,0,1,0,1,0,0
201600005037,16,12,19,1530,1,1,1,5,1,287,4542952,548184,380,3,2,2,0,1,1,0,70,1,0,1,99,0
201600005042,16,7,29,1930,1,1,4,1,1,54,4577777,545053,380,3,2,0,0,1,1,64,0,1,0,1,0,0
201600005043,16,8,6,445,3,1,1,1,1,539,4586851,537785,380,3,2,2,0,1,4,72,0,1,0,1,0,1
201600005044,16,10,17,1230,1,1,1,1,6,295,4581727,534446,380,3,2,0,0,1,3,0,68,1,0,3,0,1
201600005045,16,11,14,2315,3,1,1,1,7,135,4575242,540369,380,3,2,0,0,1,1,0,70,1,0,3,0,0
201600005047,16,10,3,1130,1,1,3,1,1,465,4567922,549570,380,3,2,2,0,1,1,0,69,1,0,1,0,1
201600005060,16,5,13,1530,1,1,1,2,1,509,4558000,546100,380,3,2,2,0,0,2,30,60,2,0,1,99,0
201600005061,16,5,23,1800,1,2,1,2,3,509,4556323,544203,380,3,2,0,0,0,1,70,0,2,0,1,99,0
201600005063,16,6,10,2045,1,2,1,1,5,464,4554680,538780,380,3,2,2,0,0,1,60,61,1,0,1,99,0
201600005064,16,6,29,830,1,2,1,1,1,64,4557597,536141,380,4,2,2,0,1,1,0,33,1,0,1,99,0
201600005065,16,8,21,1000,1,1,1,1,6,148,4561835,551662,380,3,2,2,0,2,2,0,0,1,0,1,0,1
201600005066,16,9,10,1115,1,1,1,1,3,341,4558400,540700,380,3,2,2,0,2,2,63,0,1,0,1,0,0
201600005070,16,10,15,1130,1,2,1,1,6,509,4556233,543666,380,3,2,2,0,0,1,0,60,1,0,1,99,1
201600005073,16,2,3,1345,1,1,1,1,6,66,4735449,163192,440,4,2,0,0,1,1,0,36,1,0,3,99,1
201600005074,16,2,2,2015,5,2,1,5,6,35,4730880,156031,440,9,2,0,0,1,0,0,0,2,0,1,0,0
201600005075,16,5,15,1245,1,1,3,1,3,209,4731146,161839,440,3,2,2,0,0,1,67,0,1,5,1,99,0
201600005076,16,5,21,800,2,1,1,8,6,209,4729902,161928,440,4,2,0,0,0,1,35,0,2,0,1,0,0
201600005077,16,6,1,1530,1,1,9,1,1,66,4735446,157373,440,4,2,0,0,2,0,0,0,1,0,1,0,0
201600005078,16,6,7,2130,2,2,1,1,7,35,4729970,155762,440,4,2,2,0,0,0,0,0,0,0,0,0,0
201600005079,16,6,23,1530,1,1,1,1,3,66,4735456,159794,440,3,0,2,0,1,1,52,0,2,0,1,0,0
201600005080,16,6,30,845,1,2,1,1,7,209,4732447,161508,440,3,2,2,0,1,1,59,0,2,0,1,0,0
201600005081,16,7,5,1230,1,1,1,1,1,35,4734200,157900,440,3,2,2,0,2,2,0,57,1,0,1,99,1
201600005086,16,7,6,1615,1,2,1,1,1,87,4557609,480018,380,3,2,2,0,1,1,0,0,1,0,1,0,0
201600005087,16,7,16,1130,1,1,3,1,1,484,4555069,493477,380,3,2,2,0,1,3,0,0,1,0,1,99,0
201600005090,16,9,27,1745,2,2,2,1,6,87,4558342,479847,380,3,2,2,0,1,1,60,60,1,0,1,99,0
201600005094,16,2,21,1115,1,1,1,1,7,363,4535908,509989,380,3,2,2,0,1,1,0,60,1,0,3,99,0
201600005095,16,3,26,1145,1,1,3,1,3,161,4539846,513731,380,3,2,2,0,1,1,0,60,1,0,1,99,0
201600005098,16,5,20,2215,3,1,6,1,3,180,4535989,529811,380,3,1,1,0,1,1,0,0,1,5,1,99,0
201600005099,16,6,6,800,1,1,1,1,6,134,4542780,501160,380,3,2,0,0,4,2,0,60,9,0,3,0,0
201600005100,16,6,19,1000,1,1,3,1,1,335,4537235,502675,380,3,2,2,0,1,1,0,70,1,0,1,99,1