Num_Acc,an,mois,jour,hrmn,lum,agg,int,atm,col,com,lat,long,dep,catr,circ,nbv,vosp,prof,plan,lartpc,larrout,surf,infra,situ,env1,killed
201600005102,16,7,2,1630,1,2,2,1,3,121,4542845,522558,380,3,2,2,0,0,1,0,0,1,5,1,0,0
201600005103,16,7,4,2000,2,2,4,7,7,300,4539036,518321,380,2,0,0,0,0,0,0,0,1,0,0,0,1
201600005104,16,7,31,1415,1,1,1,1,5,267,4542048,532581,380,3,2,0,0,1,1,0,133,1,0,1,99,0
201600005105,16,7,31,1630,1,1,1,1,5,121,4541466,523057,380,3,2,2,0,1,1,0,66,1,0,1,99,0
201600005109,16,10,21,1130,1,1,1,1,2,324,4539214,502305,380,3,2,2,0,2,1,0,62,1,0,1,0,0
201600005110,16,11,19,130,3,1,4,2,6,130,4541416,526018,380,3,2,1,0,4,2,60,0,2,0,3,99,0
201600005111,16,11,30,1500,1,1,2,1,3,69,4543335,530401,380,3,2,1,2,0,1,0,75,1,0,1,99,0
201600005113,16,12,13,830,1,2,3,1,6,130,4539321,526668,380,3,2,0,0,0,1,0,60,1,0,1,0,0
201600005114,16,3,6,1345,1,1,1,4,3,351,4554954,526213,380,3,2,2,0,0,1,0,66,5,0,1,99,1
201600005115,16,5,27,1830,1,1,4,1,1,389,4556856,507006,380,3,2,2,0,2,3,0,75,1,0,1,0,1
201600005116,16,8,9,1100,1,2,1,1,3,288,4555540,501634,380,4,2,2,0,4,1,0,45,1,5,1,99,0
201600005117,16,8,27,1745,1,1,3,1,3,144,4557736,509149,380,3,2,1,0,0,1,0,70,1,0,1,99,0
201600005118,16,8,24,945,1,1,1,1,1,94,4548736,523126,380,4,2,0,0,4,2,0,0,1,0,1,0,0
201600005119,16,10,22,2045,5,2,2,1,6,189,4563078,505902,380,3,2,2,0,1,1,0,0,1,5,1,99,1
201600005125,16,6,13,1945,1,1,6,3,7,557,4579049,538784,380,3,0,0,0,0,0,0,0,0,0,0,0,0
201600005126,16,10,5,1445,1,2,1,1,3,316,4575122,518460,380,3,2,2,0,1,0,56,0,1,0,1,99,0
201600005128,16,1,28,1330,1,2,1,1,3,468,4535743,481944,380,4,2,2,0,1,3,0,0,1,0,1,99,0
201600005129,16,2,12,1645,1,1,1,8,1,72,4531448,482436,380,3,0,0,0,1,1,0,0,1,0,1,0,0
201600005130,16,2,20,1330,1,2,6,1,1,468,4534520,481470,380,4,0,0,0,0,0,0,0,1,0,0,0,0
201600005131,16,3,13,1915,2,1,1,1,3,3,4534088,485107,380,3,2,0,0,1,1,0,50,1,0,1,99,0
201600005133,16,6,15,1715,1,1,1,1,1,298,4539979,480861,380,2,0,1,0,1,1,0,0,1,0,1,99,0
201600005135,16,8,11,2100,1,2,2,1,3,298,4537131,480110,380,2,1,2,0,1,1,0,0,1,0,1,99,0
201600005136,16,10,12,800,2,1,1,1,1,72,4531373,482278,380,3,2,2,0,4,1,0,36,1,0,1,0,0
201600005141,16,3,26,830,1,1,4,1,7,351,4554561,524570,380,3,0,0,0,0,0,0,0,1,0,0,0,1
201600005142,16,6,27,900,1,1,1,1,6,351,4554368,524028,380,3,2,2,0,2,2,0,75,1,0,3,99,0
201600005150,16,5,6,1330,1,1,1,1,3,449,4565619,511103,380,3,2,0,0,1,1,0,0,1,0,1,99,0
201600005153,16,5,26,2045,2,1,1,1,6,449,4561900,511900,380,5,2,0,0,1,2,0,60,1,0,1,99,0
201600005159,16,10,5,1515,1,2,1,7,3,537,4563891,514064,380,3,2,0,0,1,1,82,0,1,0,1,99,0
201600005165,16,4,8,1415,1,1,1,1,1,5,4553568,430530,420,3,2,2,0,1,1,0,35,1,0,1,99,0
201600005166,16,4,12,1230,1,2,1,1,3,279,4548936,424344,420,3,2,2,0,2,1,0,66,1,0,1,99,0
201600005167,16,11,23,945,1,1,1,1,5,285,4556880,413040,420,3,2,2,0,1,1,0,70,1,0,1,99,0
201600005168,16,12,15,1415,1,1,1,1,1,43,4557650,430425,420,3,2,2,0,1,1,0,70,1,0,1,0,1
201600005169,16,2,29,900,1,1,1,2,6,139,4530653,437874,420,4,2,2,0,2,3,0,0,7,0,3,0,0
201600005170,16,3,3,1745,1,1,1,4,7,224,4534891,442214,420,3,2,0,0,1,1,0,0,5,0,1,0,0
201600005171,16,3,3,1900,3,1,1,4,6,101,4534873,457426,420,3,2,0,0,2,2,0,56,2,0,0,99,0
201600005172,16,4,6,1745,1,1,1,1,6,224,4534291,442074,420,3,2,2,0,2,2,0,60,1,0,4,3,0
201600005173,16,4,19,1715,1,2,1,1,7,172,4538304,443847,420,3,2,0,0,2,1,0,0,1,0,1,0,0
201600005174,16,4,19,1745,1,1,1,1,6,172,4539782,442148,420,3,2,2,0,0,3,0,0,1,0,3,99,0
201600005175,16,4,19,1415,1,1,1,1,6,287,4525854,446987,420,3,2,2,0,2,2,0,0,1,0,1,99,0
201600005176,16,5,14,1715,1,1,1,1,1,23,4529236,455468,420,3,2,2,0,4,1,0,70,1,0,1,99,0
201600005177,16,7,7,1015,1,2,1,1,6,23,4529679,455984,420,4,1,0,0,2,2,0,40,1,0,4,0,0
201600005178,16,9,10,1700,1,1,1,1,1,23,4531380,453955,420,3,2,2,0,2,3,0,0,1,0,0,99,0
201600005179,16,9,11,930,1,2,1,1,6,224,4533970,441918,420,4,0,0,0,0,0,0,0,1,0,1,0,0
201600005180,16,10,29,1630,1,1,1,1,7,67,4534945,461290,420,3,2,2,0,1,2,0,47,1,0,1,99,0
201600005181,16,10,29,1430,1,2,1,1,1,224,4533903,442113,420,3,2,0,0,2,1,0,0,1,0,1,99,0
201600005182,16,1,5,1645,1,2,1,1,1,311,4548230,438886,420,3,2,3,3,1,1,0,0,1,5,1,99,0
201600005183,16,2,6,1515,1,2,1,1,3,97,4548425,434455,420,3,2,2,0,0,1,0,0,1,0,1,99,0
201600005184,16,2,19,1130,1,1,2,1,3,97,4551101,430192,420,3,2,2,0,1,1,102,68,1,0,1,99,0
201600005185,16,4,17,545,2,1,1,1,6,133,4558231,447513,420,4,2,0,0,0,3,0,34,2,0,1,0,0
201600005186,16,4,16,830,1,2,6,1,3,302,4547817,444323,420,4,2,0,0,0,2,0,70,1,5,1,99,0
201600005187,16,9,21,1200,1,2,1,1,1,311,4548224,438903,420,3,2,2,0,1,1,0,100,1,0,1,99,0
201600005188,16,9,22,2000,3,1,1,1,3,302,4550285,445055,420,3,2,0,0,0,2,0,60,1,0,1,99,0
201600005189,16,11,15,1400,1,1,6,1,3,97,4550537,430661,420,3,2,2,0,0,2,0,65,1,0,0,99,0
201600005190,16,12,29,1445,1,1,1,1,7,234,4552899,438280,420,3,2,2,0,0,1,0,0,1,0,1,99,0
201600005191,16,1,13,1745,5,2,1,1,7,147,4559533,408130,420,3,2,2,0,1,1,0,0,1,0,1,99,0
201600005192,16,1,15,1945,3,1,1,4,7,180,4559202,417560,420,3,2,2,0,1,1,0,60,2,0,3,99,0
201600005193,16,2,29,715,2,1,1,1,4,147,4563022,405958,420,3,2,2,0,1,1,0,60,1,0,1,99,0
201600005194,16,3,12,515,3,1,1,1,6,151,4568197,411529,420,3,2,2,0,0,2,0,70,1,0,3,99,0
201600005195,16,4,23,1015,1,2,9,8,6,299,4502400,407046,420,4,0,1,0,1,0,10,90,1,0,1,99,1
201600005196,16,5,2,800,1,1,1,1,1,147,4558893,408263,420,3,2,0,0,1,1,0,109,1,0,1,0,0
201600005197,16,5,20,1515,1,1,1,1,6,46,4564096,405227,420,3,2,0,0,1,1,0,69,1,0,1,99,0
201600005198,16,5,27,1400,1,2,1,1,6,147,4559706,407125,420,4,2,2,0,1,1,0,80,1,0,4,99,0
201600005199,16,6,4,1630,1,1,1,8,7,299,4559274,411340,420,3,2,2,0,1,1,0,60,1,0,1,99,0
201600005200,16,6,7,1830,1,1,6,1,1,147,4559432,408303,420,3,0,0,0,1,0,98,69,1,5,1,0,0
201600005201,16,6,11,1555,1,1,1,1,6,285,4556277,413389,420,3,2,0,0,1,1,0,65,1,0,1,0,0
201600005202,16,6,30,30,3,1,1,1,7,180,4558901,415406,420,3,2,2,0,1,1,0,60,1,0,3,99,0
201600005203,16,7,8,1815,1,1,6,1,2,299,4561053,409501,420,3,2,2,0,1,3,51,100,1,5,0,99,0
201600005204,16,7,10,45,5,2,1,1,3,299,4560640,408165,420,4,2,0,0,1,0,0,0,1,0,1,0,0
201600005205,16,8,18,1030,1,1,1,2,2,147,4558430,410165,420,3,2,2,0,1,1,0,65,2,0,1,99,0
201600005206,16,8,22,1430,1,1,1,1,3,46,4564616,405084,420,3,2,0,0,0,1,0,0,1,5,1,99,0
201600005207,16,9,1,1100,1,2,6,1,2,147,4560248,407874,420,4,2,2,0,1,0,0,75,1,0,0,0,0
201600005208,16,11,1,1415,1,1,1,1,1,285,4555410,413649,420,3,2,2,0,0,1,0,60,1,6,1,99,0
201600005209,16,1,21,1130,1,2,1,1,1,304,4554066,418742,420,4,2,2,2,1,1,0,0,1,5,5,0,0
201600005210,16,2,2,800,1,2,1,1,3,5,4552945,427211,420,4,2,2,0,1,1,0,70,1,0,1,3,0
201600005211,16,5,12,1915,1,1,1,1,6,304,4555136,416253,420,3,2,0,0,1,1,0,60,1,0,3,0,0
201600005212,16,6,20,1315,1,2,1,1,6,5,4552809,426403,420,4,2,1,0,1,1,0,0,1,0,1,3,0
201600005213,16,7,17,1745,1,2,1,1,3,211,4552816,423988,420,3,2,2,0,1,1,0,0,1,0,1,0,0
201600005214,16,9,10,5,3,1,1,1,6,75,4557301,422412,420,4,2,1,0,0,1,0,40,1,0,0,99,0
201600005215,16,9,28,1815,1,2,1,1,1,211,4552857,423332,420,3,2,1,0,1,1,0,0,1,0,1,99,0
201600005216,16,9,30,2230,5,1,1,1,7,5,4552973,425299,420,3,2,2,0,1,1,0,68,1,0,1,99,0
201600005217,16,10,3,1830,2,2,6,1,6,5,4552307,426781,420,3,0,1,0,3,0,0,0,1,5,4,99,0
201600005218,16,10,25,1945,3,1,1,2,6,75,4558804,422135,420,3,2,0,0,1,1,0,60,2,0,3,99,0
201600005219,16,11,8,1645,1,1,1,1,6,75,4558656,422985,420,3,2,2,0,0,0,0,63,1,0,1,99,0
201600005220,16,11,12,2200,5,2,1,1,6,5,4552962,425427,420,3,2,1,0,1,1,0,70,1,0,4,0,0
201600005221,16,1,19,745,2,2,1,8,3,197,4573866,402032,420,3,2,2,0,1,1,0,45,1,0,1,0,0
201600005222,16,1,24,1815,5,1,1,8,1,288,4576416,395211,420,3,2,2,0,1,2,0,70,2,0,1,99,0
201600005223,16,1,26,2115,5,2,1,1,3,245,4581556,382180,420,3,2,0,0,2,1,0,60,1,0,1,0,0
201600005225,16,4,4,745,2,1,1,2,1,295,4585765,379504,420,4,2,2,0,1,3,45,45,2,0,1,99,0
201600005226,16,4,14,1030,1,1,1,1,6,134,4570667,403369,420,3,2,0,0,1,1,50,0,1,0,0,0,0
201600005227,16,4,20,1000,1,1,1,1,6,221,4575435,414599,420,3,2,1,0,1,0,0,40,1,0,1,99,0
201600005228,16,4,24,330,3,1,1,1,6,159,4582370,377028,420,3,2,0,0,2,4,40,0,1,0,0,0,0
201600005229,16,5,3,745,1,1,1,1,1,313,4572232,402650,420,3,2,1,0,1,0,0,50,1,0,0,0,0
201600005230,16,5,8,515,2,1,1,1,6,197,4573040,405206,420,3,2,2,0,1,3,0,40,1,0,0,0,0
201600005231,16,5,8,1615,1,1,1,1,7,40,4575570,375828,420,4,0,1,0,1,0,0,30,9,0,0,0,0
201600005232,16,7,15,930,1,2,1,1,3,19,4573909,400840,420,3,2,0,0,0,3,0,86,1,0,1,99,0
201600005233,16,7,29,730,1,1,3,1,3,313,4573086,401447,420,3,0,0,0,0,0,0,25,1,0,1,99,0
201600005234,16,8,4,1945,2,1,1,3,1,252,4581588,387209,420,3,2,2,0,2,3,0,70,2,0,1,0,0
201600005235,16,8,5,1900,1,1,1,1,6,291,4582740,385591,420,3,0,0,0,0,2,0,70,1,0,1,0,0
201600005236,16,8,20,2300,3,1,1,1,1,313,4572997,402630,420,3,2,2,0,1,1,0,57,1,0,1,99,0
201600005237,16,9,6,645,2,2,1,2,6,119,4575365,397293,420,3,2,0,0,1,0,0,80,2,0,3,99,0
201600005238,16,9,18,1800,1,1,1,2,6,288,4577188,399822,420,4,2,0,0,1,1,0,64,2,0,1,99,1
201600005239,16,9,21,745,1,1,1,1,3,205,4564254,391784,420,3,0,0,0,0,0,0,0,0,0,0,0,0
201600005240,16,9,21,2030,5,1,1,1,3,197,4574319,401916,420,3,2,2,0,0,1,0,120,1,5,1,0,1
201600005241,16,9,28,1530,1,1,1,1,6,219,4573831,407595,420,3,2,2,0,0,0,0,80,1,0,3,99,0
201600005242,16,10,30,2200,3,1,1,1,6,219,4573832,407393,420,3,2,0,0,1,1,0,0,1,0,1,99,0
201600005243,16,10,31,1730,2,2,1,1,6,19,4575150,399713,420,3,2,2,0,1,1,0,52,1,0,3,99,0
201600005244,16,11,4,1515,1,1,1,1,1,30,4575284,403336,420,3,2,0,0,0,0,0,0,0,0,0,0,0
201600005245,16,11,19,630,3,1,1,1,6,9,4577804,403301,420,3,2,2,0,1,1,0,42,1,0,3,99,0
201600005246,16,12,3,1245,1,1,1,1,1,136,4571158,403255,420,3,2,2,0,1,1,80,0,1,0,0,0,0
201600005247,16,12,4,1045,1,1,1,1,3,2,4579940,394052,420,3,0,0,0,0,0,0,0,0,0,0,0,0
201600005248,16,12,12,745,1,1,1,1,1,159,4580676,377807,420,4,2,2,0,0,0,0,95,1,0,1,99,0
201600005249,16,12,22,1615,2,1,1,2,6,217,4578454,389160,420,3,0,0,0,0,2,64,82,2,0,0,99,1
201600005250,16,3,31,1415,1,1,1,1,6,94,4574159,419962,420,3,2,1,0,1,3,0,0,1,0,3,99,0
201600005251,16,4,30,815,1,1,1,1,3,297,4576531,426496,420,3,2,0,0,1,1,0,0,1,0,1,99,0
201600005252,16,6,7,1200,1,1,1,1,3,94,4573844,426179,420,3,2,2,0,1,1,0,0,1,5,1,0,0
201600005253,16,6,27,2130,2,1,1,1,6,319,4571420,429690,420,3,2,1,0,0,2,70,0,1,0,3,99,0
201600005254,16,7,1,400,3,1,1,1,6,165,4578015,436584,420,3,2,1,0,2,2,70,0,1,0,3,99,1
201600005255,16,7,3,1445,1,2,1,1,7,94,4575526,421992,420,3,2,0,0,1,1,12,72,1,0,1,99,0
201600005256,16,8,12,1045,1,1,1,1,1,202,4572857,430900,420,3,2,2,0,2,4,0,70,1,0,1,0,0
201600005257,16,8,29,1545,1,1,1,1,1,66,4573777,417857,420,3,2,0,3,1,1,20,90,1,5,1,0,0
201600005258,16,9,6,715,1,1,1,5,6,202,4572180,434130,420,3,2,2,0,1,1,0,0,1,0,3,0,0
201600005259,16,10,1,1715,1,1,1,1,2,143,4578490,417060,420,3,2,2,0,4,1,0,55,1,0,1,0,1
201600005260,16,10,10,1445,1,1,9,1,3,94,4573929,421299,420,3,2,1,0,1,1,0,70,1,0,1,99,0
201600005261,16,10,26,1015,1,1,1,3,7,261,4569610,436303,420,3,2,2,0,2,3,0,60,2,0,1,99,0
201600005262,16,10,26,800,1,1,1,2,7,148,4583125,432943,420,3,2,2,0,1,1,0,60,2,0,3,99,1
201600005263,16,12,6,745,2,1,1,9,7,193,4579501,427224,420,3,2,0,0,0,3,0,0,0,0,0,99,0
201600005264,16,12,11,1615,1,1,1,2,6,296,4574341,429866,420,3,2,2,0,2,3,0,75,2,0,0,99,0
201600005265,16,1,29,1515,1,1,1,1,6,91,4541273,400788,420,3,2,2,0,1,3,0,70,1,0,3,0,0
201600005266,16,2,26,2200,3,1,1,1,1,137,4552029,408028,420,3,2,2,0,1,3,0,75,1,0,1,99,1
201600005267,16,3,13,1445,1,2,1,1,7,262,4540310,418248,420,3,2,2,0,1,3,0,56,1,5,1,3,0
201600005268,16,4,15,2215,3,1,1,1,6,126,4547817,444323,420,3,2,2,0,4,3,0,60,2,0,1,0,0
201600005269,16,5,10,915,1,1,1,1,7,204,4541965,407103,420,3,2,0,0,2,2,0,65,2,0,1,0,0
201600005270,16,6,8,1230,1,1,1,1,7,262,4540922,421488,420,3,2,0,0,2,2,70,0,1,0,0,99,0
201600005271,16,7,2,1945,1,1,1,1,7,262,4538433,414069,420,3,2,0,0,1,1,0,68,9,0,3,0,0
201600005272,16,7,28,900,1,1,1,1,1,60,4548637,411031,420,3,2,2,0,1,1,0,68,1,0,1,99,0
201600005273,16,8,7,1530,1,1,1,1,7,107,4552799,402057,420,3,2,2,0,2,2,0,70,1,0,3,99,0
201600005274,16,8,13,1145,1,1,1,1,1,262,4541089,421780,420,3,2,2,0,0,2,0,72,1,0,1,0,0
201600005275,16,8,14,500,3,1,1,1,7,91,4541646,400625,420,4,2,2,0,2,2,0,50,1,0,1,0,0
201600005276,16,8,27,1200,1,1,1,1,3,140,4545545,406316,420,3,2,2,0,2,2,0,60,1,0,1,99,0
201600005277,16,9,5,1945,3,1,1,2,6,262,4540920,421379,420,3,2,0,0,2,2,0,73,2,0,0,0,0
201600005278,16,10,18,1345,1,1,1,1,1,301,4551289,404922,420,3,2,0,0,1,3,0,70,1,0,1,0,0
201600005279,16,11,27,715,2,1,1,8,1,266,4540648,411982,420,3,2,2,0,2,3,0,60,2,0,1,0,0
201600005280,16,12,2,945,1,1,2,5,3,228,4556195,409370,420,3,2,2,0,0,0,0,71,1,0,1,99,0
201600005281,16,12,6,915,1,1,1,1,1,262,4540644,418527,420,3,2,2,0,1,3,0,52,2,0,1,0,0
201600005282,16,1,2,1745,3,1,1,2,1,59,4564118,437091,420,3,2,2,0,2,1,0,80,2,0,1,99,0
201600005283,16,5,24,1815,1,1,1,1,6,81,4560297,426401,420,3,2,2,0,1,1,0,76,1,0,3,99,0
201600005284,16,7,1,1345,1,1,1,7,3,216,4562484,441213,420,3,2,2,0,1,1,0,58,1,0,1,99,0
201600005285,16,7,13,2045,1,2,1,1,7,323,4555859,428691,420,3,2,2,0,1,1,0,60,1,0,1,99,0
201600005286,16,7,20,1845,1,2,2,1,3,222,4559320,431433,420,3,2,2,0,1,1,0,58,1,5,1,99,0
201600005287,16,7,19,900,1,1,1,1,3,13,4565384,429335,420,3,2,2,0,1,1,0,45,1,0,1,99,0
201600005288,16,7,26,1515,1,1,1,1,6,43,4558412,428312,420,3,2,0,0,1,1,0,65,1,0,3,0,0
201600005289,16,8,31,1030,1,1,1,1,1,59,4563234,440947,420,3,2,2,1,2,2,0,50,1,0,1,99,0
201600005290,16,9,12,815,1,2,1,1,2,323,4556591,429284,420,3,2,2,0,1,1,0,64,1,0,1,99,0
201600005291,16,9,19,845,1,1,1,3,5,185,4558762,426400,420,3,2,2,0,2,2,0,69,2,0,1,99,0
201600005292,16,9,28,1000,1,2,1,1,6,323,4556893,429610,420,3,2,2,0,1,1,0,69,1,6,1,99,0
201600005293,16,9,30,1930,5,2,1,8,3,59,4563498,439174,420,4,2,2,0,1,1,0,60,1,0,1,99,0
201600005294,16,10,28,1645,1,1,1,1,7,138,4564482,434247,420,3,2,2,0,1,2,0,68,1,0,1,99,0
201600005295,16,12,9,845,1,2,1,1,6,323,4556252,428970,420,3,2,2,0,1,1,0,89,1,6,1,99,0
201600005296,16,12,13,1730,3,1,1,1,6,81,4561316,426432,420,3,2,2,0,1,1,0,60,1,0,1,99,0
201600005297,16,3,21,1645,1,2,1,1,6,129,4536105,468287,420,3,2,2,0,1,1,0,70,1,0,1,99,0
201600005298,16,4,3,715,1,2,1,1,6,56,4541287,473642,420,3,2,3,0,1,1,0,100,1,0,1,0,0
201600005299,16,6,18,1500,1,2,1,2,1,56,4540440,473689,420,3,2,0,0,1,1,0,60,1,0,1,99,0
201600005300,16,8,14,1630,1,1,1,1,3,64,4545666,468873,420,3,2,2,0,0,3,0,60,1,0,1,0,0
201600005301,16,9,9,1215,1,2,1,1,1,265,4544579,475256,420,3,4,2,0,0,1,0,70,1,0,1,99,0
201600005302,16,10,23,1815,2,1,1,1,1,56,4542244,472495,420,3,2,2,0,2,3,0,55,1,0,1,99,0
201600005303,16,2,6,1415,1,1,1,6,7,239,4596433,397720,420,3,2,0,0,0,1,0,68,1,0,3,0,0
201600005304,16,2,18,1545,1,1,1,1,3,338,4611977,411059,420,3,2,2,0,1,0,0,60,1,0,1,0,0
201600005305,16,3,22,1515,1,1,1,1,7,331,4597406,396934,420,3,2,2,0,1,1,0,80,1,0,3,0,0
201600005306,16,5,28,1245,1,1,1,1,7,70,4593204,403884,420,3,2,2,0,0,3,0,50,1,0,1,0,0
201600005307,16,6,4,1115,1,2,1,1,6,332,4600308,403664,420,4,2,2,0,1,2,0,60,1,0,1,3,0
201600005308,16,6,10,845,1,1,1,1,1,162,4600783,396721,420,4,2,0,0,1,0,0,0,1,0,1,0,0
201600005309,16,6,17,1815,1,1,1,3,1,145,4603295,422289,420,3,2,2,0,1,1,0,45,2,0,1,0,0
201600005310,16,7,16,1500,1,1,1,1,3,239,4594908,397987,420,3,2,2,0,2,1,0,70,1,0,1,0,0
201600005311,16,8,8,2215,3,1,1,1,7,331,4596550,393575,420,3,2,2,0,2,3,0,58,1,0,3,99,0
201600005312,16,8,19,715,2,2,1,1,7,69,4601311,407911,420,4,2,0,0,1,1,0,43,1,0,1,0,0
201600005313,16,9,16,1900,2,1,2,1,3,338,4607296,411903,420,3,2,2,0,1,1,0,60,2,5,1,99,0
201600005314,16,9,18,1115,1,1,1,2,7,294,4600673,415447,420,3,2,2,0,1,2,0,69,2,0,1,0,0
201600005315,16,12,19,830,1,1,1,1,1,331,4596774,393971,420,4,2,2,0,2,2,0,40,2,0,1,0,0
201600005316,16,1,22,1515,1,1,1,1,6,154,4584458,425821,420,3,2,2,0,0,2,0,70,2,0,3,99,0
201600005317,16,2,12,1645,1,1,1,1,7,293,4601929,427686,420,3,0,1,0,0,3,0,62,1,0,3,99,0
201600005318,16,5,21,1300,1,1,1,1,7,334,4585139,432607,420,3,2,0,0,0,2,80,0,1,0,3,99,0
201600005319,16,7,11,1345,1,1,1,1,6,11,4582504,421276,420,3,2,2,0,2,1,0,66,1,0,3,0,0
201600005320,16,7,29,1545,1,2,1,1,6,289,4594861,420960,420,2,2,2,0,1,1,0,0,1,0,1,99,0
201600005321,16,10,2,315,3,1,1,1,3,289,4594550,423449,420,2,2,3,0,2,1,0,110,2,0,1,0,0
201600005322,16,11,21,1700,1,1,1,1,7,154,4584094,423759,420,3,2,0,0,4,3,120,100,1,0,1,3,0
201600005323,16,11,23,1430,1,2,1,1,3,289,4594673,421951,420,2,3,1,0,1,1,40,80,1,0,1,99,0
201600005324,16,2,4,2245,3,1,1,3,6,131,4618366,424114,420,3,2,2,0,0,3,0,66,2,0,1,0,0
201600005325,16,3,5,1630,1,1,1,1,1,177,4614685,413641,420,3,2,2,0,1,1,0,75,1,0,1,99,0
201600005326,16,3,17,1800,1,2,1,1,3,26,4614806,407776,420,3,2,2,0,1,1,50,0,1,0,1,99,0
201600005327,16,5,21,1400,1,1,1,1,3,52,4616191,417168,420,3,2,2,0,2,3,0,60,1,0,1,99,0
201600005328,16,5,21,945,1,1,1,1,3,15,4615085,434197,420,3,2,2,0,1,1,0,60,1,0,1,99,0
201600005329,16,5,28,1200,1,1,1,1,6,300,4610985,403884,420,3,2,2,0,2,2,0,0,1,0,3,0,0
201600005330,16,6,22,1750,1,1,1,7,3,267,4615017,413191,420,3,2,2,0,1,3,0,55,1,0,1,99,0
201600005331,16,7,7,2315,3,1,1,1,6,177,4614702,413800,420,3,2,0,0,1,1,0,0,1,0,1,0,0
201600005332,16,7,9,1100,1,2,1,7,3,48,4615310,417469,420,3,2,2,0,2,1,0,0,1,0,1,0,0
201600005333,16,7,23,1415,1,1,1,1,6,267,4615412,414901,420,3,0,0,0,1,1,0,0,1,0,1,0,0
201600005334,16,8,1,1715,1,1,1,1,2,273,4617094,409553,420,3,2,2,0,1,1,0,0,1,0,1,0,1
201600005335,16,8,14,1600,1,1,1,1,6,112,4610973,422892,420,3,2,2,0,0,2,0,0,1,0,0,0,1
201600005336,16,8,18,730,1,2,2,2,3,52,4616015,417313,420,4,1,1,0,0,1,0,0,2,0,1,0,0
201600005337,16,9,10,1445,1,2,1,1,3,177,4614604,410844,420,3,2,0,0,1,1,0,60,1,0,1,3,0
201600005338,16,9,19,1000,1,1,1,8,6,15,4616644,435445,420,3,2,2,0,2,2,0,0,2,0,1,0,0
201600005339,16,9,25,130,3,1,1,1,7,16,4615413,406805,420,3,2,2,0,0,1,0,42,1,0,1,0,0
201600005340,16,10,19,1000,1,2,1,1,6,52,4615929,417349,420,4,2,2,0,1,1,0,0,1,0,1,99,0
201600005341,16,11,4,1645,1,2,2,1,3,177,4614584,411008,420,4,2,2,0,2,1,0,0,1,0,0,0,0
201600005342,16,11,7,1745,2,2,1,2,1,177,4614702,410847,420,3,2,2,0,1,1,0,0,2,0,1,99,0
201600005343,16,12,16,2000,3,1,1,1,5,267,4615141,410879,420,3,2,0,0,0,3,0,0,1,0,1,99,0
201600005344,16,1,16,500,3,1,1,4,7,4,4588195,403878,420,3,2,2,0,1,1,0,115,7,0,3,99,0
201600005345,16,2,12,730,2,2,1,4,6,276,4595070,376453,420,3,2,0,0,2,2,0,45,7,0,3,99,0
201600005346,16,2,17,1915,3,1,1,1,6,76,4589201,394898,420,3,2,1,0,1,3,0,49,1,0,3,99,0
201600005347,16,4,27,1145,1,2,1,1,3,276,4595782,375351,420,3,2,2,0,4,1,0,60,1,0,1,0,0
201600005348,16,6,12,1400,1,1,1,1,3,276,4595360,376035,420,3,2,1,0,2,1,0,70,1,0,1,99,0
201600005349,16,6,16,1045,1,2,1,1,6,230,4583145,401184,420,3,2,0,0,1,1,0,0,1,0,1,99,0
201600005350,16,7,12,1845,1,1,1,1,6,255,4587475,390838,420,3,2,2,0,2,2,0,0,1,2,1,99,0
201600005351,16,8,15,1715,1,2,1,1,3,276,4595709,375414,420,3,2,2,0,1,1,0,80,1,0,1,0,0
201600005352,16,9,19,445,2,1,1,8,6,76,4591126,393636,420,3,2,2,0,2,3,0,0,2,0,3,99,1
201600005353,16,10,15,1930,2,1,1,1,3,106,4586952,395169,420,3,2,1,0,1,2,0,70,1,0,1,0,0
201600005354,16,11,1,1530,1,1,2,1,1,282,4589734,380459,420,3,2,1,0,4,1,0,84,1,0,1,99,0
201600005355,16,3,22,1500,1,1,1,1,1,283,4562294,631338,730,3,2,2,0,1,1,0,70,1,0,1,99,1
201600005356,16,11,9,930,1,1,1,4,1,153,4572153,641108,730,3,2,2,0,1,1,0,70,5,0,1,0,1
201600005357,16,11,10,1845,4,1,1,2,1,162,4560760,628343,730,3,2,2,0,1,3,0,70,2,0,1,0,1
201600005360,16,4,9,1545,1,1,1,1,3,228,4552582,585693,730,3,2,0,0,2,1,0,75,1,0,1,99,0
201600005361,16,6,20,1545,1,1,1,1,6,328,4565663,589947,730,3,3,2,2,1,3,0,90,1,0,5,99,1
201600005362,16,9,9,1030,1,2,8,1,6,329,4562718,589218,730,4,2,2,0,1,1,0,40,1,4,1,0,1
201600005363,16,11,30,1845,5,1,1,1,1,328,4565816,589673,730,3,2,2,2,3,3,0,70,1,0,1,99,0
201600005365,16,4,4,1815,1,1,1,1,4,10,4579958,594889,730,3,2,2,0,1,1,0,75,1,0,1,99,0
201600005366,16,5,22,1015,1,2,1,1,6,43,4575682,593144,730,3,2,2,0,1,1,0,75,1,0,3,99,0
201600005367,16,9,15,130,3,1,1,1,7,300,4567017,589365,730,3,3,2,2,1,3,20,90,1,0,3,0,0
201600005368,16,4,3,1715,1,1,9,1,1,97,4557438,599999,730,3,2,2,0,2,4,0,58,1,0,1,99,0