Num_Acc,an,mois,jour,hrmn,lum,agg,int,atm,col,com,lat,long,dep,catr,circ,nbv,vosp,prof,plan,lartpc,larrout,surf,infra,situ,env1,killed
201600005369,16,5,3,2230,5,2,2,1,7,213,4557088,597038,730,4,2,2,0,1,2,0,65,1,5,1,0,0
201600005370,16,9,18,600,5,1,2,2,3,213,4556784,596400,730,3,2,2,0,1,1,0,100,2,5,1,99,0
201600005372,16,9,25,1330,1,2,3,1,3,30,4556870,597448,730,3,2,2,0,1,1,0,100,1,5,1,3,0
201600005373,16,10,13,2130,5,2,1,3,1,249,4553451,599250,730,3,2,2,0,1,3,0,75,8,0,1,99,0
201600005374,16,10,21,1045,1,2,2,1,3,249,4553644,599176,730,3,2,2,0,1,1,0,32,1,5,1,99,1
201600005375,16,11,15,1815,5,1,3,8,3,64,4574270,597045,730,3,2,2,2,1,1,0,80,1,0,1,99,0
201600005377,16,1,27,1215,1,1,1,1,3,269,4566287,577058,730,3,2,0,0,1,3,0,64,2,0,1,99,0
201600005378,16,6,23,1555,1,1,4,1,3,180,4591261,583935,730,3,2,2,2,3,3,0,95,1,0,1,99,0
201600005380,16,7,17,545,2,2,1,1,6,330,4570711,577491,730,3,2,2,0,1,3,0,61,1,0,1,0,1
201600005381,16,4,16,730,1,1,1,1,6,84,4551568,600538,730,3,2,2,0,2,3,0,87,1,0,3,99,1
201600005382,16,8,7,1530,1,1,1,1,5,96,4552561,611087,730,3,2,2,0,1,1,0,71,1,0,1,0,1
201600005383,16,8,31,1700,1,1,1,1,7,17,4550059,591405,730,3,2,2,0,2,2,0,60,1,0,1,0,0
201600005384,16,10,16,1445,1,1,1,1,1,270,4557633,614975,730,3,2,2,0,2,3,0,65,1,0,1,0,0
201600005386,16,5,15,615,1,1,1,1,7,51,4565749,585636,730,3,2,2,0,2,1,0,72,1,0,1,99,0
201600005387,16,6,16,1415,1,1,1,2,7,179,4561194,586019,730,3,2,2,0,2,1,0,70,2,0,1,99,0
201600005388,16,7,15,2300,3,1,1,1,3,50,4566660,585404,730,3,2,0,1,2,1,0,70,1,0,1,0,0
201600005389,16,9,9,1215,1,2,1,1,3,178,4562654,586262,730,3,2,2,0,1,1,0,65,1,0,1,0,0
201600005390,16,10,13,1445,1,1,1,2,1,50,4567781,585058,730,3,2,2,0,2,4,0,73,2,0,1,99,0
201600005391,16,11,27,1615,1,1,3,1,3,51,4566367,585453,730,3,2,0,2,2,1,0,85,1,0,1,99,0
201600005392,16,5,5,1930,1,1,3,1,3,105,4545449,573556,730,3,2,2,0,2,2,0,71,1,0,1,99,0
201600005393,16,8,3,2115,5,1,1,1,3,226,4550678,571742,730,3,2,2,0,1,1,0,70,1,0,1,99,1
201600005394,16,3,12,1530,1,1,1,1,1,303,4576683,638062,730,3,2,2,0,1,1,0,73,1,0,1,0,1
201600005395,16,7,21,915,1,1,1,1,6,48,4558257,630468,730,3,2,2,0,2,3,0,61,1,0,1,0,0
201600005396,16,1,1,1600,1,1,1,5,6,317,4572010,651637,730,3,2,2,0,1,1,0,90,2,0,3,99,0
201600005397,16,5,7,1515,1,1,1,1,7,34,4573009,655793,730,3,2,2,0,4,1,0,71,1,0,1,99,0
201600005398,16,8,21,1100,1,2,1,1,6,132,4575070,658523,730,4,2,2,0,1,2,0,41,1,0,1,0,0
201600005399,16,7,3,1300,1,2,6,1,3,54,4562024,677101,730,3,2,2,2,1,1,0,85,1,5,1,0,0
201600005400,16,7,17,1315,1,1,1,1,2,54,4566899,677313,730,3,2,2,0,2,4,0,65,1,0,1,99,0
201600005401,16,7,20,1130,1,1,1,1,7,285,4562306,682062,730,3,2,2,0,2,2,0,68,1,0,1,0,0
201600005402,16,7,22,1545,1,1,1,3,6,54,4560116,680126,730,3,2,2,0,2,1,0,63,2,0,3,0,0
201600005403,16,8,21,1115,1,1,1,1,7,54,4566630,677545,730,3,2,2,0,2,4,0,65,1,0,1,3,0
201600005404,16,9,3,1530,1,2,1,1,7,285,4562697,682439,730,3,2,2,0,2,2,0,75,1,0,2,0,0
201600005405,16,9,11,1915,2,1,1,1,7,285,4562507,681842,730,3,2,2,0,2,3,0,60,1,0,1,0,0
201600005406,16,6,16,1000,1,1,1,2,3,15,4543371,655618,730,3,2,2,0,2,1,0,85,2,0,1,99,0
201600005407,16,12,26,1445,1,1,1,1,5,181,4580200,687800,730,2,3,5,0,1,3,5,170,1,0,1,0,0
201600005410,16,12,29,1600,1,2,1,1,5,284,4579400,687900,730,3,2,2,0,1,1,0,70,1,0,1,0,0
201600005412,16,4,30,1630,1,2,1,1,6,248,4527581,634603,730,4,1,1,0,1,1,0,62,1,6,1,99,0
201600005413,16,6,26,1530,1,1,1,1,5,306,4508376,642768,730,3,2,0,0,2,3,0,70,1,0,1,99,0
201600005414,16,7,1,1415,1,1,1,1,3,306,4508580,643720,730,3,2,2,0,2,3,0,70,1,0,1,99,0
201600005415,16,7,6,1745,1,1,1,1,7,194,4520681,656039,730,3,2,2,0,2,2,0,70,1,0,1,99,1
201600005416,16,9,26,845,1,2,1,7,6,248,4527923,634637,730,3,0,0,0,1,1,0,70,1,0,1,0,0
201600005417,16,2,21,1542,1,2,1,1,6,250,4525909,639210,730,3,2,2,0,1,3,0,55,1,0,1,0,1
201600005418,16,4,7,1430,1,1,1,1,6,19,4549323,629870,730,3,2,2,0,1,1,0,72,1,0,3,99,0
201600005419,16,6,7,2230,5,2,2,2,3,2,4554513,629807,730,3,0,2,0,0,1,10,70,2,5,1,0,0
201600005420,16,6,26,830,1,1,3,1,1,220,4548432,627172,730,3,2,2,0,1,3,0,52,1,0,1,99,0
201600005421,16,8,15,1330,1,1,1,1,7,163,4537175,635052,730,3,2,2,0,2,3,0,40,1,0,1,0,0
201600005422,16,10,7,1930,3,2,1,1,6,175,4552171,632892,730,3,2,2,0,3,2,0,62,1,0,3,0,0
201600005424,16,6,20,1945,1,1,1,1,1,143,4520681,696111,730,3,0,0,0,1,3,0,68,1,0,1,99,1
201600005425,16,7,23,1215,1,1,1,1,6,144,4529935,693548,730,3,2,2,0,2,2,0,70,1,0,1,0,0
201600005426,16,8,12,1730,1,2,3,1,1,157,4519715,666380,730,3,2,2,0,2,1,0,95,1,5,1,0,0
201600005444,16,12,14,1245,1,2,1,7,6,267,4546900,623600,740,3,2,2,0,2,1,15,72,1,0,1,99,0
201600005469,16,4,6,1600,1,2,1,1,6,42,4610500,632600,740,4,2,2,0,1,1,0,50,1,0,1,99,0
201600005476,16,11,16,1130,1,2,1,1,6,42,4605700,643100,740,4,2,2,0,0,1,0,70,1,0,1,99,0
201600005484,16,1,1,1830,3,1,1,1,1,83,4588900,662400,740,3,0,0,0,2,3,0,0,1,0,1,0,0
201600005487,16,8,9,1815,1,2,6,2,6,236,4588800,670800,740,3,2,2,0,2,1,0,0,2,5,1,3,0
201600005505,16,12,30,100,5,1,6,1,6,42,4607100,639100,740,3,1,1,0,1,1,0,0,2,2,1,99,0
201600005512,16,8,25,1345,1,2,1,1,6,208,4551100,618200,740,3,2,2,0,2,1,0,70,1,0,3,99,0
201600005528,16,6,27,1300,1,1,1,1,4,243,4619900,675400,740,3,2,2,0,1,1,0,0,1,0,1,0,0
201600005546,16,12,25,1200,1,1,1,1,5,94,4618400,630200,740,3,2,3,0,2,3,0,107,1,0,1,0,0
201600005592,16,11,3,1400,1,1,4,1,3,307,4571160,307460,630,3,0,0,0,0,0,0,0,0,0,0,0,0
201600005603,16,7,1,1215,1,1,1,1,7,273,4572633,322555,630,3,2,2,0,2,3,0,96,1,5,3,99,1
201600005607,16,8,2,1830,1,2,2,1,1,40,4572370,333940,630,3,2,0,0,1,1,0,60,1,0,1,0,0
201600005615,16,5,31,1800,1,1,1,3,1,47,4559800,272400,630,3,2,0,0,0,4,0,79,2,0,1,99,0
201600005616,16,6,3,2000,1,1,1,1,7,397,4561010,268490,630,3,2,2,0,0,2,0,68,1,0,1,99,0
201600005617,16,8,12,1230,1,1,1,1,1,346,4541800,269800,630,3,2,0,0,2,2,0,43,1,0,1,99,0
201600005618,16,8,15,1215,1,1,1,1,1,47,4559600,272900,630,3,2,2,0,1,4,50,0,1,0,1,99,0
201600005619,16,11,3,1530,1,1,1,1,6,190,4553200,255300,630,3,2,2,0,1,1,0,50,1,0,3,99,0
201600005621,16,2,25,130,3,1,1,2,6,263,4578900,305000,630,3,2,2,0,0,2,30,50,2,0,3,99,0
201600005622,16,7,2,1600,1,1,1,1,7,263,4582000,301800,630,3,2,2,0,1,3,0,60,1,0,1,0,0
201600005624,16,7,16,1630,1,1,1,1,1,263,4576100,301300,630,3,2,2,0,1,3,0,54,1,0,1,99,1
201600005625,16,5,18,1630,1,2,1,1,1,284,4579190,324270,630,4,0,1,0,1,1,0,47,9,0,1,0,0
201600005626,16,6,7,1745,1,2,1,1,6,284,4579930,324590,630,3,2,2,0,1,1,60,0,1,0,1,0,0
201600005629,16,11,10,1715,5,2,1,1,2,284,4579901,324337,630,3,0,2,0,1,1,0,0,1,0,4,99,1
201600005630,16,11,18,1530,1,2,1,1,1,284,4579901,325626,630,3,2,2,0,2,1,0,0,1,0,1,99,1
201600005631,16,2,6,1000,1,1,1,1,7,219,4580000,292400,630,3,0,2,0,2,2,0,0,2,0,1,99,0
201600005632,16,3,18,1430,1,1,1,1,3,248,4571300,291200,630,3,2,2,0,1,1,0,0,1,0,1,0,0
201600005633,16,4,3,1630,1,1,1,1,7,264,4563500,282500,630,3,2,2,0,0,3,0,0,1,0,1,99,0
201600005634,16,5,26,1000,1,1,1,1,7,370,4565400,266400,630,3,2,2,0,1,1,0,0,1,0,1,99,0
201600005635,16,6,18,345,3,1,1,1,7,386,4573700,279900,630,3,2,2,0,1,2,0,47,2,0,3,99,0
201600005636,16,8,25,1515,1,1,1,1,1,219,4578600,286900,630,3,2,2,0,2,2,0,64,1,0,1,99,0
201600005637,16,9,16,1930,3,2,1,3,1,248,4572600,289800,630,3,2,2,0,2,3,0,153,2,0,1,99,0
201600005639,16,12,5,1045,1,1,1,1,7,386,4573800,281800,630,3,2,2,0,1,2,0,0,7,0,3,0,0
201600005640,16,12,18,1045,1,1,6,1,6,257,4572770,289020,630,3,0,0,0,2,2,0,0,1,5,3,0,0
201600005641,16,7,28,2015,1,1,1,1,1,306,4570400,321700,630,3,2,0,0,3,1,0,91,1,0,1,0,0
201600005642,16,8,6,530,2,1,1,1,6,214,4569300,319300,630,3,2,2,0,1,2,0,91,1,0,1,99,1
201600005643,16,9,2,815,1,1,1,1,5,472,4561600,326500,630,3,2,0,0,2,2,0,58,1,0,1,0,0
201600005644,16,9,8,800,1,1,2,1,1,396,4566500,306900,630,3,2,2,0,1,1,0,111,1,0,1,0,0
201600005645,16,10,20,800,2,1,9,1,3,455,4567300,314400,630,3,2,0,0,1,2,0,128,2,0,1,99,0
201600005646,16,11,26,445,3,1,1,1,7,262,4571400,315700,630,3,2,2,0,0,1,0,100,1,0,1,99,0
201600005648,16,2,6,1330,1,2,1,6,6,10,4540938,372500,630,3,2,0,0,2,0,60,0,1,0,4,99,0
201600005649,16,4,29,1115,1,2,1,1,1,10,4542600,372700,630,3,2,2,0,2,1,0,0,1,0,1,99,0
201600005650,16,5,23,630,2,1,1,2,6,179,4561420,372220,630,3,2,0,0,0,3,0,50,2,0,3,0,0
201600005651,16,8,7,1615,1,1,1,1,7,374,4553100,381000,630,3,2,2,0,2,2,0,62,1,0,3,99,0
201600005652,16,8,12,100,3,2,1,1,6,10,4541700,372700,630,3,2,2,0,1,1,0,70,1,0,1,99,0
201600005654,16,8,15,1730,1,1,1,1,7,3,4554000,378600,630,3,2,2,0,2,2,0,70,1,0,3,99,0
201600005655,16,9,12,1015,1,1,1,1,1,10,4543900,372500,630,3,2,0,0,1,1,0,70,0,0,1,0,1
201600005656,16,9,17,2015,5,2,3,2,3,3,4554640,373880,630,3,2,2,0,1,1,0,64,2,5,1,3,0
201600005657,16,10,8,1715,1,1,1,1,6,3,4552900,375400,630,3,2,2,0,0,1,0,0,1,0,1,99,0
201600005658,16,10,19,1200,1,1,1,2,6,319,4552100,394000,630,3,2,0,0,0,0,0,0,2,0,1,99,0
201600005659,16,12,16,2200,5,2,1,1,4,211,4547840,372640,630,3,2,2,0,1,1,0,102,1,0,1,0,1
201600005661,16,4,30,1430,1,1,1,2,6,331,4551400,392500,630,3,2,2,0,1,3,0,60,2,0,3,0,0
201600005662,16,5,28,1545,1,1,1,3,7,412,4540500,388400,630,3,2,2,0,2,3,0,40,9,0,1,99,0
201600005663,16,10,13,1445,1,1,1,3,6,139,4538500,375900,630,3,2,2,0,1,2,0,0,2,0,1,0,0
201600005664,16,8,20,1500,1,1,1,2,7,314,4558500,362900,630,3,2,2,0,2,3,0,64,2,0,3,99,0
201600005665,16,11,6,1715,2,1,1,4,6,314,4556600,362800,630,3,2,2,0,2,1,0,64,5,0,1,99,0
201600005666,16,2,12,715,2,2,1,1,6,178,4554829,325730,630,4,2,0,0,0,1,55,0,1,0,1,99,0
201600005668,16,5,7,1030,1,2,1,1,3,178,4554610,323640,630,4,2,0,0,1,1,0,50,1,0,1,99,0
201600005670,16,5,26,1515,1,1,6,1,6,121,4561360,321100,630,3,2,2,0,0,1,0,0,1,2,4,99,0
201600005671,16,6,1,1530,1,1,1,1,6,342,4555160,309180,630,3,2,0,0,1,3,0,0,1,0,3,0,0
201600005673,16,7,4,2315,3,1,1,1,6,466,4550960,313660,630,3,2,0,0,4,2,0,0,1,0,3,0,0
201600005676,16,8,12,1000,1,2,1,1,6,178,4554365,323891,630,3,2,0,0,1,1,0,90,1,0,1,99,0
201600005679,16,9,5,1130,1,2,3,1,3,178,4554010,325420,630,4,1,1,0,0,0,0,0,0,0,0,0,0
201600005683,16,11,30,1345,1,2,3,1,3,73,4558491,318395,630,3,2,2,0,3,1,0,0,1,0,1,99,0
201600005684,16,12,12,1230,1,2,4,1,1,411,4559033,320480,630,3,3,2,0,1,0,0,0,1,0,1,99,0
201600005685,16,12,20,1930,5,2,1,2,6,178,4554710,324600,630,9,0,0,0,1,1,0,0,2,0,1,99,0
201600005689,16,8,26,845,1,2,1,1,6,38,4550970,293400,630,3,2,2,0,2,1,0,0,1,0,1,99,0
201600005690,16,8,25,1245,1,1,1,7,1,335,4555390,300700,630,3,2,1,0,2,2,0,52,1,0,1,0,0
201600005692,16,1,24,1345,1,1,1,1,7,31,4544200,327500,630,3,2,2,0,1,1,0,40,1,0,3,0,0
201600005693,16,2,3,1200,1,2,1,8,6,415,4555180,338090,630,3,2,0,0,0,2,0,0,2,0,1,99,0
201600005694,16,5,16,1315,1,1,1,1,1,392,4552100,331200,630,3,2,2,0,1,4,0,64,1,0,1,0,0
201600005695,16,6,13,1745,1,1,1,2,7,375,4549700,331700,630,3,2,2,0,1,4,0,53,2,0,3,99,0
201600005696,16,9,3,1130,1,1,1,1,1,29,4548600,334400,630,3,2,2,0,0,3,0,64,1,0,1,99,0
201600005697,16,12,16,2330,3,1,1,8,1,392,4550500,334500,630,3,2,2,0,2,2,0,66,7,0,1,0,0
201600005698,16,12,28,1645,1,2,6,1,6,50,4541380,332020,630,4,2,2,0,1,3,0,90,1,0,1,0,0
201600005699,16,3,3,1930,3,1,1,2,6,209,4549000,322100,630,3,2,2,0,0,2,0,60,2,0,3,0,0
201600005700,16,8,19,2200,5,2,1,1,6,352,4545660,323870,630,3,2,0,0,0,1,0,86,1,0,1,99,0
201600005701,16,10,3,1800,1,1,3,1,1,7,4536980,316380,630,3,2,2,0,0,1,0,48,1,0,1,0,0
201600005702,16,12,24,1045,1,2,1,1,6,352,4545880,323820,630,3,0,0,0,0,1,0,80,1,0,1,99,0
201600005703,16,2,10,15,3,1,6,8,6,1,4600960,319750,630,3,2,2,0,1,1,0,0,1,5,3,0,1
201600005707,16,6,20,1400,1,2,1,1,6,68,4594650,313950,630,4,0,0,0,1,1,0,0,1,0,1,0,0
201600005711,16,11,25,915,1,2,1,1,1,12,4601200,316900,630,3,2,2,0,1,4,0,56,2,0,1,0,0
201600005712,16,10,15,1815,2,2,1,1,3,295,4601870,335510,630,3,2,2,0,1,3,0,0,1,0,1,0,0
201600005713,16,10,31,200,3,1,1,8,3,115,4586400,264700,630,3,2,3,0,4,2,0,0,1,0,1,99,0
201600005714,16,11,15,1100,1,1,1,1,1,228,4591200,271000,630,3,2,2,0,2,3,0,0,1,0,1,0,0
201600005716,16,3,16,800,1,1,3,8,3,390,4610840,307990,630,3,2,2,0,1,1,0,55,1,0,1,99,0
201600005723,16,3,13,1215,1,1,1,1,6,470,4585200,304600,630,3,2,2,0,2,2,0,67,1,0,3,0,0
201600005724,16,6,9,2330,3,1,1,1,7,92,4591300,296000,630,3,2,2,0,1,1,0,44,1,0,1,99,0
201600005725,16,8,21,1530,1,1,1,1,6,470,4586000,301900,630,3,2,2,0,1,3,0,60,1,0,1,0,0
201600005726,16,1,4,1645,1,2,1,1,6,276,4582980,350100,630,4,2,2,0,1,1,0,60,1,0,1,0,0
201600005727,16,1,24,1600,1,2,1,1,6,430,4585669,354300,630,4,2,2,0,0,3,0,70,1,0,4,99,0
201600005729,16,6,27,1815,1,2,1,7,3,430,4585750,355080,630,3,2,2,0,4,1,0,55,1,0,1,0,0
201600005730,16,7,25,745,1,2,1,1,1,430,4585778,354178,630,3,2,2,0,0,3,0,80,1,0,1,99,0
201600005732,16,8,20,1800,1,1,1,7,1,430,4586730,349620,630,4,2,1,0,1,2,0,34,1,0,1,99,0
201600005734,16,10,14,1230,1,2,1,2,6,430,4585140,354110,630,4,1,1,0,1,1,0,0,2,0,1,99,0
201600005735,16,10,21,2345,5,1,1,5,6,393,4589460,359800,630,4,1,1,0,1,1,0,0,1,0,1,99,0
201600005738,16,1,11,1615,1,2,1,3,3,195,4583000,337699,630,3,2,0,0,0,1,0,55,2,0,1,99,0
201600005740,16,9,7,1815,1,2,2,1,1,195,4583410,338910,630,4,0,0,0,0,0,0,0,0,0,0,0,0
201600005742,16,10,29,915,1,1,1,5,6,16,4575000,362800,630,3,2,0,0,2,1,0,60,1,0,3,99,0
201600005743,16,11,10,1130,1,2,1,1,6,125,4575670,353860,630,3,2,2,0,0,1,55,0,1,0,1,0,0
201600005744,16,11,14,1630,1,2,1,1,6,125,4576380,354000,630,3,2,2,0,1,1,0,62,1,5,1,99,0
201600005745,16,12,12,1345,1,2,2,1,3,195,4582770,338380,630,4,0,0,0,0,0,0,0,0,0,0,0,0
201600005746,16,5,1,1100,1,2,1,1,1,291,4598800,348500,630,3,2,2,0,1,1,72,0,1,0,1,99,0
201600005747,16,6,16,1715,1,1,6,1,2,291,4594300,348700,630,3,2,2,0,0,1,0,0,1,5,1,99,0
201600005748,16,6,19,1900,1,1,1,1,6,128,4590900,339900,630,3,2,2,0,1,1,0,70,1,0,1,99,0
201600005749,16,6,25,1530,1,1,1,1,6,102,4599100,355800,630,3,2,2,0,2,2,0,52,1,0,1,99,0
201600005750,16,6,26,1945,1,1,1,1,7,291,4598700,350800,630,3,2,0,0,1,1,0,0,1,0,3,0,0
201600005753,16,10,20,845,1,1,1,1,1,128,4592000,337500,630,3,2,1,0,2,0,0,0,1,0,1,0,0
201600005763,16,11,28,1030,1,1,1,1,6,9,4666900,313600,30,3,2,2,0,0,1,0,72,1,0,0,99,0
201600005764,16,5,13,1800,1,1,1,1,7,46,4645800,291700,30,3,2,2,0,0,3,0,62,1,0,1,0,0
201600005766,16,6,20,1815,1,2,1,1,6,36,4658800,305800,30,9,1,1,0,2,1,0,29,1,0,1,0,0
201600005767,16,11,27,1130,1,1,1,1,1,241,4668800,311600,30,4,2,2,0,0,1,0,25,1,0,1,0,0
201600005789,16,9,25,915,1,1,1,1,3,267,4633300,328600,30,3,2,2,0,1,1,0,59,1,0,1,0,0
201600005795,16,9,17,2230,3,1,1,2,7,69,4646700,312500,30,3,2,2,0,2,4,60,0,2,0,3,0,0
201600005796,16,9,25,515,3,1,1,1,1,99,4636900,302100,30,2,2,0,0,1,1,0,100,1,0,1,99,0
201600005800,16,12,16,1345,1,1,1,1,3,287,4640800,316700,30,3,2,2,0,2,1,50,0,1,0,1,99,0
201600005801,16,12,22,2345,3,1,1,5,6,92,4647300,316700,30,3,2,0,0,2,1,0,41,2,0,1,0,1
201600005804,16,5,6,1630,1,1,1,1,7,279,4626000,255400,30,3,2,2,0,2,2,0,53,1,0,1,99,0
201600005816,16,9,8,1330,1,1,1,1,6,129,4647400,238200,30,3,2,2,0,1,2,0,60,1,0,0,0,0
201600005850,16,7,4,1015,1,1,2,1,3,131,4616300,364500,30,3,2,2,0,3,3,0,58,1,0,1,99,0
201600005852,16,8,28,1830,1,2,1,1,2,298,4632500,339400,30,2,2,2,2,1,1,0,41,1,0,1,99,0
201600005853,16,12,11,645,3,1,1,9,6,91,4625400,343100,30,2,2,2,0,1,1,0,0,1,0,3,99,0
201600005854,16,12,27,815,2,1,1,5,6,187,4632700,343300,30,3,2,2,0,1,2,0,62,7,0,1,99,0
201600005855,16,3,5,900,1,1,1,4,6,76,4492400,215800,150,3,2,2,0,2,2,0,30,2,0,2,99,0
201600005856,16,4,23,500,3,1,1,3,6,267,4493700,233800,150,3,2,2,0,1,1,0,71,2,0,0,0,0
201600005857,16,9,15,1445,1,1,1,1,1,221,4489000,235100,150,2,2,2,0,2,1,0,74,1,0,1,99,0
201600005858,16,9,18,1515,1,1,1,2,1,221,4488700,233600,150,3,2,2,0,3,3,0,89,2,0,1,99,0
201600005859,16,10,17,1615,1,1,1,1,6,211,4501200,225900,150,3,2,2,0,2,0,0,62,2,0,1,0,0
201600005860,16,11,26,1300,1,1,1,1,1,14,4493900,242000,150,3,3,2,0,1,2,0,0,1,0,1,99,0
201600005861,16,2,27,2100,3,1,1,2,6,122,4468800,218500,150,2,2,2,0,1,4,0,0,2,0,1,99,0
201600005862,16,4,1,1500,1,2,1,1,1,122,4471700,219900,150,2,2,0,0,1,1,0,0,1,0,1,0,0
201600005864,16,5,2,400,3,1,1,1,7,122,4468500,218800,150,2,2,2,0,0,3,0,0,1,0,1,0,1
201600005876,16,7,10,1530,1,1,1,9,6,113,4509000,267200,150,3,2,0,0,4,4,0,0,1,0,1,99,0
201600005877,16,10,16,1915,3,1,1,1,1,258,4499200,263100,150,2,2,2,0,1,1,0,65,1,0,1,0,0
201600005879,16,12,6,1430,1,2,1,1,6,258,4499700,263500,150,2,2,0,0,2,1,67,0,1,0,1,99,0
201600005880,16,5,27,745,1,2,1,1,6,120,4522600,234100,150,3,2,2,0,1,1,0,0,1,0,1,99,0
201600005881,16,7,19,1030,1,1,1,1,2,220,4519000,240300,150,3,2,2,0,1,1,0,0,1,0,1,0,0
201600005883,16,6,1,1215,1,1,1,2,6,9,4526000,270200,150,3,2,2,0,2,2,0,68,2,0,3,99,1
201600005884,16,7,22,1045,1,1,1,2,1,116,4527800,275100,150,3,2,2,0,2,2,0,42,2,0,1,99,0
201600005887,16,12,7,1915,3,1,1,1,2,202,4514100,240600,150,3,2,2,0,0,1,0,74,1,0,1,99,0
201600005888,16,12,10,1200,1,1,1,1,6,70,4510600,253700,150,3,2,2,0,0,0,0,0,7,2,1,99,0
201600005889,16,2,16,1145,1,1,2,1,3,250,4536800,251200,150,3,2,1,0,1,1,0,0,1,0,1,99,0
201600005892,16,3,27,700,2,1,1,2,6,231,4510700,306800,150,3,2,2,0,0,0,0,70,2,0,3,99,0
201600005893,16,5,24,1830,1,1,1,1,5,164,4505000,304700,150,3,2,2,0,2,1,0,75,1,5,1,99,0
201600005895,16,8,6,645,2,1,1,7,6,232,4502600,298600,150,3,2,2,0,1,2,0,45,9,0,1,0,0
201600005896,16,8,15,1830,1,1,1,1,7,107,4494800,330200,150,3,2,0,0,2,3,0,0,9,0,1,99,0
201600005897,16,9,23,2330,3,1,1,1,7,187,4505700,308100,150,3,2,2,0,1,3,0,65,1,0,1,0,0
201600005899,16,10,23,1430,3,1,1,1,6,262,4502300,305200,150,3,2,2,0,3,1,80,0,1,0,3,99,0
201600005900,16,11,10,1515,1,2,9,3,3,187,4504400,307300,150,4,2,0,0,1,1,0,63,2,0,1,99,0
201600005902,16,3,4,1845,2,1,1,3,3,127,4520600,309200,150,2,2,2,0,0,3,0,80,2,0,1,0,0
201600005903,16,8,12,1745,1,1,1,1,7,98,4527600,309700,150,3,2,1,0,2,2,0,0,9,0,1,0,0
201600005905,16,10,23,1915,2,1,1,1,1,151,4520200,308600,150,2,2,2,0,4,3,0,89,1,0,1,0,0
201600005907,16,11,14,800,1,1,1,2,6,43,4520700,309000,150,2,2,2,0,3,3,0,76,2,0,3,0,0
201600005908,16,12,23,1630,1,1,1,1,1,43,4519900,308600,150,2,2,2,0,1,2,0,93,2,0,1,0,1
201600005911,16,7,26,1530,1,1,1,1,1,244,4507800,293500,150,3,2,0,0,1,2,0,51,9,0,1,99,0
201600005912,16,7,27,930,1,2,1,1,7,1,4523400,293800,150,4,2,1,0,2,1,0,49,1,0,1,99,0
201600005914,16,1,12,1605,1,1,3,4,1,154,4478180,388880,430,2,2,2,0,1,1,0,99,5,0,1,99,1
201600005915,16,1,29,745,2,1,1,5,1,42,4493770,381574,430,3,2,2,0,2,2,0,63,2,0,1,99,1
201600005916,16,4,17,315,3,1,1,8,6,257,4502340,373593,430,3,2,2,0,1,1,0,45,1,0,1,99,0
201600005917,16,4,28,1145,1,1,1,1,6,176,4498880,369704,430,3,2,2,0,1,1,0,60,1,0,3,0,0
201600005918,16,5,8,2145,3,1,1,1,1,39,4491960,384400,430,2,2,3,0,2,1,0,112,1,0,1,0,0
201600005920,16,8,20,745,1,1,1,2,1,45,4503380,385070,430,3,2,2,0,2,3,0,62,8,0,1,0,0
201600005921,16,9,23,1830,1,1,1,1,6,221,4497210,366380,430,3,2,2,0,2,3,0,65,1,0,1,99,0
201600005922,16,10,21,2330,3,1,1,1,6,174,4500730,383275,430,3,2,2,0,0,3,0,50,1,0,1,99,0
201600005923,16,10,26,1745,2,1,1,1,6,45,4503370,385007,430,3,2,2,0,2,3,0,69,1,0,1,99,0
201600005924,16,11,8,1830,3,1,1,8,2,174,4498950,382278,430,3,2,2,0,1,1,0,75,2,0,1,0,0
201600005926,16,5,23,1545,1,1,1,1,1,194,4506880,404110,430,2,2,2,0,1,1,0,72,1,0,1,99,0
201600005927,16,10,8,830,1,1,1,1,6,218,4505790,406165,430,3,2,2,0,2,1,0,60,1,0,3,0,0
201600005928,16,10,14,1115,1,1,1,2,6,194,4508150,405244,430,2,2,2,0,2,2,0,80,2,0,1,0,0
201600005929,16,11,12,1915,3,1,1,1,7,135,4492120,401001,430,3,2,2,0,2,2,0,63,2,0,1,0,0
201600005930,16,12,30,1345,1,1,1,1,6,229,4508980,381384,430,2,2,2,0,1,1,0,60,1,0,3,99,0
201600005931,16,3,6,2100,3,1,1,8,7,216,4512170,382516,430,3,2,2,0,1,1,0,52,2,0,1,0,0
201600005932,16,3,13,1030,1,1,3,1,3,124,4509350,374971,430,3,2,2,0,2,1,0,50,1,0,1,0,0
201600005933,16,4,10,1755,1,1,1,1,5,152,4508410,381897,430,2,2,2,0,2,1,0,80,1,0,1,0,0
201600005934,16,5,1,15,3,1,1,4,6,164,4523920,395581,430,3,2,2,0,2,3,0,60,2,0,1,0,0
201600005935,16,6,2,1145,1,1,1,1,7,124,4510180,377498,430,2,2,2,0,1,3,0,77,1,0,3,0,0
201600005936,16,8,9,1755,1,1,1,2,5,152,4507750,383887,430,2,2,2,0,1,1,0,77,2,0,1,0,0
201600005938,16,11,5,130,3,1,1,1,6,197,4508370,367505,430,3,2,2,0,1,3,0,60,1,0,1,0,0
201600005939,16,11,17,845,1,2,1,8,6,119,4512160,390931,430,3,2,2,0,1,1,0,60,1,0,3,99,0