Num_Acc,an,mois,jour,hrmn,lum,agg,int,atm,col,com,lat,long,dep,catr,circ,nbv,vosp,prof,plan,lartpc,larrout,surf,infra,situ,env1,killed
201600005940,16,12,17,1345,1,1,1,1,7,30,4511660,382762,430,3,2,2,0,1,2,0,55,1,0,3,99,0
201600005941,16,12,28,1430,1,2,1,1,5,230,4513270,391927,430,3,2,2,0,1,1,0,60,1,0,1,0,0
201600005942,16,3,31,2015,2,1,1,3,3,79,4520000,350410,430,2,2,2,0,1,4,0,70,2,4,1,99,1
201600005943,16,5,21,2230,5,2,6,1,3,148,4520920,351823,430,3,2,2,0,4,2,0,40,1,5,1,3,0
201600005944,16,10,2,1830,1,1,1,1,6,86,4525090,351052,430,3,2,2,0,2,1,0,60,1,0,3,0,0
201600005946,16,12,19,1615,1,1,3,2,3,117,4523990,345524,430,2,2,2,0,2,4,0,70,2,0,1,99,0
201600005947,16,4,9,1130,1,1,2,1,3,132,4514270,356303,430,2,2,4,0,2,1,0,122,1,5,1,99,0
201600005948,16,5,6,1615,1,1,1,1,6,264,4518410,338591,430,3,2,2,0,1,1,0,50,1,0,3,0,1
201600005949,16,6,26,1815,1,1,2,1,5,132,4515930,350519,430,3,2,2,0,1,1,0,70,1,0,1,0,0
201600005950,16,8,4,1115,1,1,1,1,6,234,4496250,358560,430,3,2,2,0,1,1,0,68,1,0,3,0,1
201600005951,16,10,1,1230,1,1,1,8,3,112,4509960,350803,430,3,2,2,0,2,3,0,66,2,0,1,0,0
201600005952,16,3,26,1300,1,1,1,1,3,170,4527920,324990,430,3,2,2,0,2,1,0,63,1,0,1,0,0
201600005954,16,8,17,1915,1,1,1,1,6,33,4531570,317926,430,3,2,2,0,1,1,0,56,1,0,3,0,0
201600005955,16,9,14,1345,1,1,1,3,3,17,4533430,339447,430,3,2,2,0,1,2,0,50,2,0,1,99,0
201600005956,16,11,21,615,3,1,3,6,3,120,4537720,328503,430,2,2,2,0,1,3,53,100,1,0,1,99,0
201600005957,16,1,8,1105,1,1,4,1,3,162,4521810,402196,430,3,2,2,0,1,1,0,700,2,5,1,99,0
201600005958,16,1,29,1415,1,1,1,1,6,203,4516680,405933,430,3,2,2,0,2,4,0,52,6,2,1,99,0
201600005959,16,3,4,845,1,1,1,2,1,24,4517010,406895,430,3,2,2,0,2,4,0,60,2,0,1,99,0
201600005960,16,3,9,815,1,1,1,1,1,268,4514710,411634,430,2,2,2,0,1,1,0,73,1,0,1,99,1
201600005961,16,7,10,1115,1,1,2,1,3,268,4511730,415543,430,3,2,2,0,1,1,0,64,1,0,1,0,0
201600005962,16,11,21,1600,1,1,1,1,6,25,4527150,411355,430,3,2,2,0,1,2,0,73,1,0,3,0,0
201600005963,16,11,11,1500,1,1,1,2,3,25,4522640,408760,430,3,2,2,0,2,2,0,53,2,0,1,0,0
201600005964,16,12,7,1745,5,2,1,1,6,162,4520410,403282,430,3,2,2,0,2,1,0,75,1,0,1,99,0
201600005965,16,4,16,1800,1,1,1,1,1,12,4535200,418621,430,3,2,2,0,1,3,0,56,1,0,1,0,1
201600005966,16,6,2,1345,1,2,1,2,6,12,4536970,420045,430,3,2,2,0,1,1,0,91,2,0,1,0,1
201600005967,16,7,9,1830,1,1,1,1,3,137,4529180,414736,430,3,2,2,0,2,1,0,60,1,0,1,0,0
201600005968,16,8,2,1500,1,1,3,1,3,137,4531180,418729,430,3,2,2,0,1,2,0,70,1,0,1,99,0
201600005970,16,1,8,1700,1,1,1,1,6,224,4525370,421094,430,3,2,2,0,1,1,0,500,1,0,3,0,0
201600005972,16,4,14,1815,1,1,1,1,5,223,4525170,434798,430,3,2,2,0,2,1,0,65,1,0,1,0,0
201600005973,16,4,30,1355,1,1,1,1,1,177,4533540,428135,430,3,2,2,0,1,3,0,45,1,0,1,0,0
201600005974,16,5,2,1100,1,1,1,1,1,223,4526950,433375,430,3,2,3,0,2,1,0,80,8,0,1,0,0
201600005975,16,6,7,1750,1,1,3,1,3,223,4525600,431337,430,3,2,2,0,1,1,0,55,1,0,1,0,0
201600005977,16,7,18,1500,1,1,1,1,1,224,4526090,419925,430,3,2,2,0,1,2,0,59,1,0,1,99,0
201600005979,16,10,27,1650,1,1,2,1,1,224,4525320,423252,430,3,2,2,0,2,1,0,50,1,0,1,0,0
201600005980,16,11,12,1500,1,1,1,1,5,213,4525070,427364,430,3,2,2,0,2,3,0,79,1,0,1,99,0
201600005981,16,3,13,300,3,1,1,1,6,163,4524150,442254,430,3,2,2,0,2,1,0,63,1,0,3,99,0
201600005982,16,4,1,2245,3,1,1,5,1,244,4513760,429511,430,3,2,2,0,2,3,0,62,2,0,1,0,1
201600005983,16,4,20,2345,3,1,1,1,6,51,4504590,433584,430,3,2,2,0,1,1,0,66,1,2,1,0,0
201600005984,16,6,16,730,1,1,2,8,3,244,4512250,427729,430,3,2,2,0,1,1,0,62,1,0,1,99,0
201600005985,16,7,24,1255,1,1,1,1,6,87,4520160,435626,430,3,2,2,0,2,2,0,70,1,0,1,0,0
201600005986,16,9,11,30,3,1,1,1,6,142,4514150,434211,430,3,2,2,0,2,3,0,54,1,0,3,0,0
201600006018,16,9,9,610,5,2,2,1,3,190,4656368,334216,30,4,2,2,0,2,1,0,59,1,0,1,99,0
201600006021,16,3,30,915,1,2,2,2,1,134,4912435,607888,570,3,2,2,0,0,3,0,68,2,0,1,0,0
201600006023,16,2,4,1400,1,2,9,2,5,620,4919859,599451,570,3,2,2,0,1,1,0,0,2,0,1,99,0
201600006025,16,7,16,1630,1,2,1,1,3,620,4919672,599624,570,3,2,2,0,1,1,0,65,1,0,1,99,0
201600006030,16,10,20,1615,1,1,9,1,3,634,4916481,608876,570,3,2,2,0,3,0,0,20,1,0,0,0,0
201600006031,16,12,8,2100,3,1,1,9,6,415,4914240,609178,570,3,2,2,0,1,1,0,60,7,0,3,99,0
201600006032,16,1,10,1700,2,2,1,2,6,32,4907632,607753,570,3,2,2,0,1,1,0,70,2,0,1,0,0
201600006033,16,3,12,1445,1,1,1,1,1,350,4907557,609770,570,3,2,2,0,1,1,0,100,1,0,3,99,0
201600006034,16,3,22,915,1,2,1,1,3,39,4907470,610723,570,3,2,0,0,0,3,0,75,1,0,1,99,0
201600006040,16,9,1,930,1,1,1,1,3,515,4902984,605175,570,3,2,0,0,2,0,0,60,1,2,1,99,0
201600006041,16,10,17,1115,1,2,1,2,6,515,4902560,605077,570,3,2,2,0,1,1,0,54,2,0,4,99,0
201600006042,16,11,11,320,4,2,1,1,6,416,4899061,608893,570,3,2,2,0,1,1,0,0,2,0,1,99,0
201600006043,16,1,13,2115,3,1,1,2,1,511,4918131,606310,570,3,2,2,0,2,1,0,68,7,2,1,0,0
201600006044,16,1,24,2045,5,2,1,8,3,663,4923472,616819,570,3,2,2,0,0,1,0,0,2,0,1,99,0
201600006049,16,11,20,1845,3,1,1,2,6,211,4918994,609933,570,3,2,2,0,2,3,0,65,2,0,3,99,0
201600006050,16,11,22,1705,5,2,1,2,6,433,4920979,616104,570,3,2,2,0,1,1,0,117,2,0,1,99,1
201600006051,16,1,6,745,2,2,1,2,6,572,4899637,642873,570,3,2,2,0,1,1,76,0,2,0,1,0,0
201600006053,16,4,30,1915,1,1,2,2,3,605,4895594,630131,570,3,2,2,0,1,1,0,181,2,5,1,99,0
201600006054,16,5,7,1900,1,2,1,1,6,572,4901796,638360,570,3,0,0,0,1,1,0,70,1,0,1,0,0
201600006060,16,5,2,700,1,2,6,1,2,193,4923700,621700,570,4,1,1,0,0,2,0,71,1,5,1,99,0
201600006063,16,5,19,1430,1,1,4,1,3,654,4911602,636303,570,3,2,2,0,1,1,0,187,1,0,0,0,0
201600006068,16,5,2,1945,1,2,6,1,1,106,4929011,653514,570,3,2,0,0,2,0,0,0,1,5,1,99,0
201600006069,16,1,25,1800,5,2,1,1,6,160,4920713,669512,570,3,1,0,0,2,1,0,0,1,0,1,99,0
201600006071,16,4,10,1630,1,2,1,1,6,205,4922590,663448,570,3,2,2,0,3,3,0,0,1,0,1,0,1
201600006072,16,11,21,1558,1,2,1,8,6,160,4920830,669646,570,4,1,2,0,2,1,0,0,2,0,1,99,1
201600006075,16,6,22,1500,1,2,1,1,3,209,4904696,659728,570,3,2,0,0,2,1,0,55,1,0,1,0,0
201600006076,16,7,6,1700,1,1,1,1,6,209,4903327,660062,570,3,2,0,0,0,1,0,0,1,0,3,99,0
201600006077,16,10,8,1821,1,1,1,2,7,95,4914694,659553,570,3,2,2,0,1,3,64,0,2,0,3,99,0
201600006078,16,10,10,1710,1,2,1,1,6,209,4904914,660437,570,4,2,2,0,2,0,0,0,1,0,1,99,0
201600006079,16,10,11,1450,1,1,1,1,6,442,4900803,652878,570,3,2,2,0,2,1,0,64,1,0,1,99,0
201600006080,16,10,13,1345,1,2,1,1,6,319,4900057,648534,570,3,2,2,0,2,1,0,0,1,0,1,99,0
201600006081,16,10,28,1120,1,1,1,5,6,284,4911406,655669,570,3,2,2,0,2,1,0,60,1,0,1,99,0
201600006082,16,11,3,1905,5,2,1,1,6,209,4904313,659914,570,3,2,2,0,1,1,0,0,1,0,1,99,0
201600006084,16,3,11,2015,3,1,8,1,3,138,4896316,648282,570,4,2,0,0,1,1,0,0,1,4,1,0,0
201600006090,16,2,29,1500,1,2,1,1,6,60,4890380,675543,570,3,2,2,0,1,4,69,0,1,0,4,0,0
201600006102,16,4,24,1145,1,2,3,1,1,521,4917479,691906,570,3,2,2,0,2,1,0,0,1,5,1,99,0
201600006103,16,7,22,1300,1,2,1,1,1,521,4917884,692078,570,3,2,2,0,2,2,8,79,1,0,1,0,0
201600006104,16,10,27,1910,2,2,3,5,5,484,4916376,685889,570,3,2,2,0,1,0,0,0,2,5,1,99,0
201600006105,16,11,14,30,3,2,1,9,6,13,4918163,701878,570,4,2,2,0,1,1,0,45,7,0,3,99,0
201600006107,16,4,9,815,1,2,1,7,6,61,4913176,683934,570,4,2,2,0,0,0,0,60,1,5,1,99,0
201600006111,16,8,24,1745,1,2,1,1,3,466,4910461,695980,570,3,2,0,0,1,1,0,70,1,5,1,99,0
201600006112,16,8,9,1500,1,1,1,1,7,669,4913112,688451,570,3,2,2,0,2,2,0,70,1,0,1,99,0
201600006113,16,10,20,1805,1,1,1,1,3,337,4905756,684368,570,3,2,2,0,2,2,0,60,1,0,1,99,0
201600006114,16,11,29,1520,1,2,3,1,3,208,4909283,689786,570,4,2,2,0,4,0,0,50,1,0,1,99,0
201600006116,16,5,12,1845,1,2,3,1,3,483,4892368,663768,570,3,2,2,0,1,2,0,70,2,0,1,0,0
201600006117,16,6,7,330,3,2,1,1,6,483,4892000,662477,570,3,2,2,0,1,1,0,60,1,0,3,99,0
201600006118,16,6,11,1645,1,2,1,1,6,684,4905235,675187,570,3,2,2,0,2,1,0,60,1,0,4,0,0
201600006132,16,3,15,1715,1,2,1,7,3,540,4876810,724832,570,3,2,2,0,4,1,60,60,1,5,1,99,0
201600006134,16,3,27,2015,5,2,1,1,7,540,4876803,725597,570,9,2,0,0,1,1,0,0,1,0,1,0,0
201600006135,16,5,11,1600,1,2,1,1,6,427,4873543,725032,570,3,2,2,0,1,2,120,0,1,0,1,3,0
201600006136,16,8,27,2100,1,2,1,1,6,299,4866927,708714,570,4,2,1,0,1,1,0,0,1,0,1,99,0
201600006139,16,2,6,30,5,2,1,5,6,408,4915676,698847,570,3,2,2,0,1,1,0,60,2,0,1,0,0
201600006141,16,5,21,1745,1,2,1,1,3,6,4904508,718211,570,3,2,2,0,2,1,70,0,1,0,1,0,0
201600006142,16,5,29,130,5,2,1,2,6,633,4909359,710751,570,3,2,0,0,1,1,0,60,2,0,4,0,0
201600006145,16,9,15,800,1,2,1,1,6,260,4915129,703033,570,2,2,2,0,0,1,0,60,1,0,1,3,0
201600006151,16,3,27,1445,1,2,1,1,6,206,4930400,609569,570,4,2,0,0,2,1,55,0,1,0,1,99,0
201600006153,16,12,12,900,1,1,1,1,6,206,4929858,612295,570,2,3,4,0,1,3,8,70,2,0,1,99,0
201600006160,16,1,30,2015,5,2,1,9,1,582,4929766,616459,570,3,2,2,0,1,0,0,0,2,0,4,0,0
201600006163,16,7,5,1730,1,2,1,1,5,474,4926182,616883,570,3,2,2,0,0,0,100,100,1,0,1,99,0
201600006164,16,8,20,230,3,1,9,1,6,582,4929856,616913,570,3,2,2,0,1,1,0,58,1,2,1,99,0
201600006166,16,10,11,1100,1,2,6,1,3,582,4929702,616452,570,3,1,2,0,1,0,0,15,1,0,0,0,0
201600006167,16,10,31,2250,3,2,1,1,1,582,4929615,616566,570,3,2,3,0,1,3,0,45,1,0,1,99,0
201600006168,16,11,13,1935,3,1,9,2,1,582,4929542,616630,570,3,2,3,0,2,0,0,20,1,0,0,0,0
201600006169,16,3,9,1545,1,2,1,1,6,157,4885300,606300,540,4,2,2,0,0,1,0,47,1,0,1,0,0
201600006170,16,3,20,830,1,1,1,8,1,376,4879694,624809,540,3,2,2,0,3,1,0,65,1,0,1,99,0
201600006171,16,8,11,1130,1,2,1,1,6,157,4883959,607118,540,3,2,0,0,0,1,0,0,1,0,1,99,1
201600006173,16,11,15,1700,3,1,2,2,3,59,4883955,616419,540,3,2,2,0,0,1,60,0,2,0,1,0,0
201600006174,16,12,15,1445,2,1,1,5,6,193,4890100,597100,540,3,2,2,0,1,1,0,65,2,0,1,0,0
201600006175,16,12,15,1745,3,2,1,1,6,179,4892300,617900,540,3,2,0,0,1,3,0,51,1,0,1,99,0
201600006176,16,1,11,745,2,2,1,2,1,301,4835000,655300,540,3,2,1,0,1,2,0,57,2,0,1,99,0
201600006177,16,2,2,1845,3,1,1,3,1,89,4877200,626900,540,3,2,2,0,1,1,0,68,2,0,1,99,0
201600006178,16,3,6,2230,3,1,1,1,6,250,4865768,637256,540,3,2,0,0,1,1,0,65,1,0,3,0,0
201600006179,16,3,15,1715,1,1,1,8,2,89,4826700,643300,540,3,3,2,0,1,1,0,62,2,0,1,99,0
201600006180,16,4,5,1645,1,1,1,2,6,462,4895700,654300,540,3,2,2,0,2,1,0,58,2,0,3,0,0
201600006181,16,4,18,1700,1,1,1,7,4,89,4876600,626400,540,3,2,2,0,1,1,0,65,1,0,1,0,0
201600006182,16,5,4,1700,1,1,1,1,5,571,4861700,625000,540,3,2,2,0,2,1,0,70,1,0,1,0,0
201600006183,16,6,19,1545,1,1,1,1,6,37,4858260,622522,540,3,2,2,0,0,1,0,62,1,0,0,0,0
201600006184,16,6,19,1900,1,1,1,1,7,345,4859300,627300,540,3,2,2,0,1,4,0,50,1,0,1,99,0
201600006187,16,7,23,700,1,1,1,2,6,527,4853848,625385,540,3,2,2,0,0,1,0,107,6,0,3,99,0
201600006188,16,8,11,1430,1,1,1,1,3,558,4869916,633983,540,3,2,2,0,0,0,0,0,0,0,0,0,0
201600006191,16,11,2,1630,1,1,1,1,6,462,4899800,656600,540,3,2,2,0,0,1,0,0,1,0,1,0,0
201600006192,16,11,16,1900,3,1,1,2,6,113,4823300,653500,540,3,2,2,0,1,1,25,0,2,0,1,99,0
201600006193,16,11,22,1945,3,1,1,2,6,462,4898900,660800,540,3,2,2,0,1,2,0,0,2,0,3,0,1
201600006194,16,11,24,1115,1,2,1,2,7,462,4899200,655000,540,4,2,2,0,1,1,0,0,2,0,4,0,0
201600006195,16,12,29,1000,1,1,1,5,7,571,4804700,642300,540,3,2,2,0,1,1,0,0,7,0,1,99,1
201600006196,16,3,12,1500,1,2,1,1,3,215,4879000,610100,540,3,2,2,0,1,1,0,0,1,0,1,0,0
201600006198,16,7,8,645,1,1,1,1,5,305,4873909,621607,540,3,2,1,0,1,1,0,70,1,0,1,0,0
201600006200,16,8,8,1530,1,1,1,1,6,215,4877500,619000,540,3,2,1,0,1,1,0,0,1,5,1,99,0
201600006203,16,3,31,1315,1,1,1,1,5,434,4873800,620000,540,3,2,2,0,2,1,0,36,1,0,1,0,0
201600006205,16,6,22,1315,1,2,1,1,6,43,4899100,617100,540,3,2,2,0,1,1,0,65,1,0,3,99,1
201600006206,16,11,30,1815,5,2,1,1,6,432,4800500,617100,540,3,2,2,0,1,1,77,0,1,0,1,0,0
201600006207,16,2,16,1730,1,1,1,1,6,22,4901200,603900,540,3,2,2,0,1,1,0,60,0,0,3,0,0
201600006208,16,12,27,1445,1,1,1,1,3,546,4896800,602500,540,3,2,2,0,1,1,0,112,1,0,1,99,0
201600006209,16,1,6,2040,5,2,3,2,3,95,4613211,345674,30,4,1,1,0,1,1,0,60,2,0,1,99,0
201600006210,16,12,16,1750,3,2,1,1,6,95,4613346,345022,30,4,2,2,0,1,1,0,150,1,0,1,0,0
201600006211,16,1,9,2005,5,2,2,8,3,310,4612585,342674,30,4,2,2,0,1,1,0,80,2,5,1,99,0
201600006212,16,12,21,2245,5,2,2,1,3,310,4613049,343316,30,4,2,2,0,1,1,0,150,1,0,1,0,0
201600006213,16,1,13,1700,1,2,1,8,3,95,4613772,345693,30,4,2,2,0,1,1,0,70,2,0,1,99,0
201600006214,16,1,25,1105,1,2,1,1,6,310,4612432,343689,30,6,0,0,0,1,1,0,140,1,0,1,0,0
201600006215,16,2,8,1100,1,2,3,8,3,310,4613120,341747,30,4,2,2,0,1,1,0,80,1,0,1,99,0
201600006216,16,2,12,1740,1,2,1,1,6,310,4614215,341462,30,3,1,1,0,2,1,0,50,1,3,1,99,0
201600006217,16,3,1,1350,1,2,2,8,3,95,4613339,345657,30,4,2,2,0,1,1,0,80,1,5,1,99,0
201600006218,16,3,6,140,5,2,3,1,3,95,4614097,344474,30,3,2,2,0,1,1,0,80,1,5,1,99,0
201600006219,16,3,26,1700,1,1,1,1,1,310,4612364,341748,30,4,2,2,0,1,1,0,90,1,0,1,99,0
201600006220,16,4,1,1250,1,2,2,1,1,310,4613451,341914,30,4,2,2,0,1,1,0,140,1,0,1,0,0
201600006221,16,4,16,1835,1,1,3,2,2,310,4613391,343173,30,4,2,2,0,1,1,0,80,2,5,1,99,0
201600006222,16,4,28,1900,1,2,1,1,6,310,4613036,343137,30,4,1,1,0,1,1,0,120,1,0,1,0,0
201600006223,16,4,26,1945,3,2,3,8,5,95,4614189,343146,30,4,2,2,0,1,1,0,150,2,0,0,0,0
201600006224,16,5,6,1445,1,2,1,1,6,310,4612639,343014,30,4,2,2,0,1,1,0,120,1,0,1,0,0
201600006225,16,5,4,1730,1,2,1,1,6,310,4612025,341842,30,4,2,2,0,1,1,0,150,1,0,1,0,0
201600006226,16,5,11,1855,1,1,1,8,1,23,4614557,339570,30,3,2,3,0,1,1,0,90,1,0,1,99,0
201600006227,16,5,11,1218,1,2,1,1,6,310,4614267,341499,30,3,3,2,0,1,1,20,60,1,0,1,99,0
201600006228,16,5,6,1240,1,2,3,1,3,310,4613486,343165,30,4,2,2,0,1,1,0,170,1,0,1,0,0
201600006229,16,5,14,1835,1,2,3,8,3,310,4612345,342772,30,4,1,1,0,1,1,0,100,1,0,1,0,0
201600006230,16,5,18,2050,2,2,3,8,3,310,4612247,341872,30,4,2,2,0,1,1,0,120,1,0,1,0,0
201600006231,16,5,24,1115,1,2,1,1,6,310,4612378,342907,30,4,2,2,0,1,1,0,80,1,0,1,99,0
201600006232,16,5,28,915,1,2,1,1,6,310,4612994,342354,30,4,2,2,0,1,1,0,60,1,0,1,99,0
201600006233,16,6,7,1315,1,2,1,2,1,23,4611847,341607,30,3,2,2,0,1,1,0,88,2,2,1,99,1
201600006234,16,6,16,2050,1,2,1,1,2,23,4611291,341624,30,6,0,0,0,1,1,0,50,1,0,1,99,0
201600006236,16,7,1,1810,1,2,2,1,3,95,4613983,344634,30,4,2,2,0,1,1,0,60,1,5,1,99,0
201600006237,16,6,23,2000,1,2,1,1,6,1,4609613,344667,30,3,2,2,0,1,3,0,60,1,0,4,99,0
201600006238,16,7,4,1310,1,2,1,1,6,310,4612014,343233,30,4,2,2,0,1,1,0,70,1,0,4,3,0
201600006239,16,7,2,1015,1,2,3,1,3,23,4611393,341599,30,4,2,2,0,1,1,0,60,1,5,1,99,0
201600006240,16,7,28,1205,1,2,3,1,3,310,4612997,345150,30,4,2,2,0,1,1,0,60,1,5,1,99,0
201600006241,16,8,5,1230,1,1,1,1,6,23,4610628,340060,30,4,2,2,0,1,2,0,50,1,0,3,99,0
201600006242,16,8,13,1150,1,1,3,1,3,95,4614376,348394,30,3,0,2,0,3,1,0,70,1,0,1,0,0
201600006243,16,8,10,1140,1,2,6,1,2,23,4611700,341378,30,3,0,1,0,1,1,0,40,1,5,1,0,0
201600006244,16,9,12,1325,1,2,1,1,3,23,4612467,340194,30,4,2,2,0,1,1,0,150,1,0,1,0,0
201600006245,16,9,15,815,1,2,1,1,5,23,4612858,338483,30,4,2,2,0,2,1,0,150,1,0,1,0,0
201600006246,16,8,24,1155,1,2,3,1,2,310,4612640,343292,30,4,2,2,0,1,1,0,100,1,0,1,0,0
201600006247,16,10,18,1700,1,2,3,1,3,95,4612822,344447,30,4,2,2,0,1,1,0,120,1,0,1,3,0
201600006248,16,10,27,1715,1,2,1,1,2,23,4612416,340246,30,4,2,2,0,1,1,0,140,1,0,1,0,0
201600006249,16,10,26,1617,1,2,1,1,3,310,4612831,343047,30,4,2,4,0,0,0,0,0,0,0,1,0,0
201600006250,16,11,18,1740,5,2,2,2,6,310,4612624,341726,30,4,0,2,0,1,1,10,140,2,0,1,0,0
201600006251,16,11,26,1130,1,2,1,1,6,95,4613179,345374,30,4,2,2,0,1,1,0,100,1,0,1,0,0
201600006252,16,11,26,1810,5,2,3,1,3,310,4612019,343483,30,4,2,2,0,1,1,0,69,1,0,1,0,0
201600006253,16,11,30,1740,1,2,2,1,3,310,4613677,342293,30,4,2,2,0,2,1,0,140,1,0,1,0,0
201600006254,16,11,30,1600,1,2,2,1,3,23,4611632,340950,30,4,2,2,0,0,1,0,120,1,0,1,0,0
201600006255,16,12,12,650,5,2,2,1,6,310,4612943,343167,30,4,2,2,0,1,1,0,90,1,0,1,99,1
201600006256,16,9,15,2000,2,1,1,2,3,277,4916435,580852,540,3,2,2,0,1,3,0,75,2,0,1,0,1
201600006257,16,2,9,1330,1,1,1,6,1,334,4930390,582131,540,3,2,2,0,2,1,0,0,2,0,1,99,0
201600006258,16,3,7,215,3,1,1,9,6,29,4936331,592231,540,3,2,2,0,0,1,0,86,7,0,3,0,0
201600006259,16,3,12,2145,3,1,1,1,6,84,4931564,582938,540,3,2,1,0,1,1,0,0,1,0,3,99,0
201600006260,16,5,4,2345,5,2,1,1,6,533,4932100,592300,540,3,2,2,0,1,1,0,76,1,0,4,0,1
201600006261,16,5,29,245,3,1,1,2,6,56,4942500,577800,540,3,2,2,0,2,1,0,70,2,0,3,0,1
201600006262,16,6,4,2030,1,1,1,1,6,194,4941300,582600,540,3,2,2,0,1,1,0,76,1,0,3,0,0
201600006263,16,6,23,2030,1,1,1,1,7,536,4929700,589700,540,3,2,2,0,2,2,0,70,1,0,1,0,0
201600006264,16,7,7,1645,1,2,1,1,6,29,4937000,589100,540,3,2,2,0,2,2,0,70,1,0,1,99,0
201600006265,16,7,13,2200,3,1,1,8,6,533,4955400,552600,540,3,2,2,0,2,1,0,78,1,0,3,0,0
201600006266,16,7,20,1615,1,1,1,1,3,69,4940100,592200,540,3,2,2,0,1,1,0,84,1,0,1,0,0
201600006267,16,7,25,1900,1,2,1,1,6,282,4938882,579736,540,3,2,2,0,2,1,0,70,1,0,1,0,0
201600006268,16,8,16,215,3,1,9,1,5,69,4940030,592452,540,3,2,2,0,1,1,0,70,1,0,1,0,1
201600006269,16,10,5,2330,3,1,1,1,7,436,4934891,577209,540,3,2,2,0,3,1,0,78,1,0,3,99,1
201600006270,16,10,14,1745,1,2,1,1,7,536,4930900,590800,540,3,2,2,0,1,1,0,71,1,0,4,3,1
201600006271,16,2,18,530,3,1,1,1,2,269,4860042,638704,540,2,3,4,0,1,1,0,0,1,0,1,0,1
201600006272,16,6,18,2230,3,1,1,1,6,83,4838295,629421,540,4,0,0,0,1,3,0,39,0,0,3,0,1
201600006273,16,2,26,2100,3,1,1,1,1,359,4851800,640700,540,3,2,2,0,1,1,0,65,1,0,1,99,0
201600006274,16,12,8,1545,1,1,1,1,7,222,4848300,651700,540,3,2,0,0,1,1,0,80,1,0,1,0,0
201600006275,16,1,10,2000,5,2,1,2,6,152,4856700,639300,540,3,2,2,0,0,1,0,80,2,0,4,0,0
201600006276,16,1,24,500,3,1,1,5,6,183,4842300,646600,540,4,2,0,0,4,1,0,41,7,0,3,0,0
201600006277,16,4,27,1145,1,1,1,1,6,449,4857700,646800,540,5,2,0,0,0,2,0,0,1,0,3,99,0
201600006278,16,5,15,345,3,1,1,1,6,359,4857000,635400,540,3,2,2,0,0,3,0,50,1,0,3,0,0
201600006279,16,8,10,1800,1,2,1,1,6,40,4883800,648600,540,4,2,0,0,2,1,0,50,1,0,1,99,0
201600006280,16,12,10,1500,1,1,1,7,3,40,4851788,690598,540,3,2,2,0,1,1,63,0,1,0,1,0,0
201600006282,16,9,6,745,1,1,9,1,3,377,4851307,679913,540,3,2,2,0,0,1,0,0,1,0,1,99,0
201600006283,16,9,30,2030,3,1,1,2,6,217,4846469,673230,540,2,3,2,0,0,1,0,0,1,0,3,0,0
201600006285,16,1,21,2200,3,1,1,4,6,105,4855600,583900,540,4,2,2,0,1,3,0,41,7,0,3,99,0
201600006286,16,1,28,845,1,1,1,1,1,380,4862200,585600,540,3,2,0,0,1,1,0,66,2,0,1,99,0
201600006287,16,3,20,1145,1,1,1,1,1,102,4870500,585500,540,3,2,2,0,0,1,60,0,1,0,3,99,0
201600006288,16,4,10,1415,1,1,1,1,6,426,4864600,600600,540,3,0,0,0,1,3,30,0,0,0,3,0,0
201600006290,16,8,5,1130,1,1,1,1,6,162,4865100,583700,540,3,2,2,0,3,2,0,55,1,0,1,0,0
201600006292,16,10,19,1015,2,1,1,2,6,548,4855100,578700,540,3,2,2,0,0,2,0,56,2,0,3,99,0
201600006295,16,1,12,1015,1,1,2,2,1,208,4874545,594723,540,3,2,0,0,0,0,0,0,1,5,1,99,1
201600006296,16,10,11,1515,1,1,1,1,2,490,4877409,605395,540,3,2,2,0,0,1,0,62,1,0,1,0,1
201600006298,16,3,29,1915,2,1,1,1,3,557,4869260,605509,540,3,2,2,3,2,1,100,0,1,5,1,99,0
201600006299,16,5,12,815,1,1,1,8,1,463,4879600,596900,540,3,2,2,0,1,2,0,60,2,0,1,99,0
201600006300,16,5,24,1600,1,1,1,1,3,272,4875557,595499,540,3,2,2,0,0,1,0,0,1,0,1,0,0
201600006301,16,12,18,1830,5,1,1,1,1,7,4873462,599238,540,3,0,0,0,2,1,0,58,1,0,1,99,0
201600006303,16,7,21,100,5,2,1,8,6,318,4874500,606800,540,3,2,2,2,1,1,0,80,2,0,1,3,0
201600006304,16,8,25,1700,1,1,1,7,3,346,4875000,595000,540,3,2,2,0,1,0,0,0,1,0,1,0,0
201600006305,16,3,15,615,2,2,1,1,6,369,4879900,521943,550,3,2,2,0,2,1,0,60,1,0,3,0,0
201600006307,16,2,22,1900,3,1,1,1,4,291,4869400,535527,550,2,3,2,0,2,1,0,75,1,0,1,0,0
201600006308,16,3,17,1715,1,1,1,1,6,335,4863511,522486,550,3,2,2,0,3,3,0,40,1,0,3,99,1
201600006310,16,4,20,1715,1,2,1,1,3,132,4861012,509278,550,3,2,2,0,1,1,0,65,1,0,1,99,0
201600006311,16,7,21,1645,1,2,1,1,4,291,4869368,531461,550,2,2,2,0,1,1,0,77,1,0,1,99,0
201600006315,16,10,9,1630,1,1,1,1,1,446,4883310,530065,550,3,2,2,0,1,1,0,0,1,0,1,99,1