Num_Acc,an,mois,jour,hrmn,lum,agg,int,atm,col,com,lat,long,dep,catr,circ,nbv,vosp,prof,plan,lartpc,larrout,surf,infra,situ,env1,killed
201600006317,16,7,4,815,1,2,3,2,3,122,4866000,581100,550,3,2,2,0,1,1,0,65,2,0,1,0,0
201600006319,16,8,12,1015,1,1,1,1,1,196,4882200,569200,550,3,2,0,0,1,1,0,56,1,0,1,99,0
201600006322,16,3,31,1430,1,2,1,1,6,463,4889020,554074,550,4,1,1,0,1,1,0,40,1,0,1,3,0
201600006323,16,5,16,1730,1,1,2,1,3,229,4886174,552170,550,3,2,2,0,1,1,0,60,1,5,0,0,0
201600006324,16,8,27,1645,1,1,1,1,3,386,4894086,575091,550,3,2,2,0,1,1,0,54,1,0,1,0,1
201600006325,16,9,3,30,3,1,1,1,6,386,4894400,575500,550,3,2,2,0,1,2,0,58,1,0,3,0,1
201600006328,16,2,20,800,1,1,1,3,6,472,4870900,550700,550,2,3,2,0,2,1,20,74,2,0,1,0,1
201600006329,16,6,16,1100,1,1,1,1,3,459,4861100,538900,550,3,2,2,0,1,1,41,0,1,0,1,0,0
201600006330,16,10,24,1930,3,1,1,3,6,348,4853800,523600,550,3,2,0,0,1,1,0,58,2,0,3,0,1
201600006332,16,9,10,1545,1,1,1,1,3,145,4934200,540000,550,3,2,2,0,1,1,45,0,1,0,0,99,0
201600006334,16,4,18,1145,1,1,4,7,1,250,4955393,515268,550,3,2,2,0,1,1,0,45,1,5,0,0,0
201600006335,16,1,8,2030,5,2,1,1,6,292,4935426,520086,550,3,2,2,0,2,2,0,79,2,0,4,0,0
201600006338,16,1,15,1515,1,1,1,6,1,363,4909742,576186,550,3,2,2,0,3,1,0,60,2,0,1,0,1
201600006339,16,1,25,1530,1,1,1,8,7,153,4922168,553157,550,3,2,2,0,1,4,0,44,2,0,1,0,0
201600006340,16,4,7,1500,1,1,1,1,7,465,4904077,556749,550,3,2,2,0,2,1,0,30,1,0,1,99,1
201600006341,16,5,10,1345,1,2,1,8,1,2,4919722,553636,550,3,2,2,0,1,3,0,75,1,0,1,99,0
201600006343,16,11,13,140,3,1,1,8,6,2,4919991,555062,550,3,2,2,0,1,1,0,70,2,0,3,0,1
201600006345,16,1,20,1615,1,1,1,1,2,160,4817496,648103,880,2,3,2,3,4,3,10,160,1,0,1,0,0
201600006346,16,4,6,1600,1,1,1,1,6,160,4816897,648490,880,2,3,2,0,3,1,0,75,1,0,1,0,0
201600006347,16,8,25,1200,1,1,1,1,3,273,4821361,650099,880,3,2,2,0,1,1,690,0,1,0,1,0,0
201600006348,16,11,1,1800,5,2,1,1,5,439,4817005,637163,880,3,2,2,0,1,1,0,740,1,0,1,0,0
201600006349,16,11,9,1415,1,2,6,2,3,483,4819065,636848,880,3,2,2,0,1,2,0,80,2,5,1,99,0
201600006350,16,12,4,915,1,1,2,1,6,253,4820172,649485,880,3,2,0,0,1,1,0,0,1,0,3,0,0
201600006351,16,1,6,1400,3,1,1,3,6,78,4820263,672240,880,3,2,2,0,1,1,0,110,2,0,1,0,0
201600006352,16,3,7,715,2,2,1,8,6,26,4821244,656776,880,3,2,2,0,1,1,0,70,2,0,1,99,0
201600006353,16,5,2,1700,1,2,1,1,6,262,4818880,674706,880,3,2,0,0,0,1,0,70,1,0,3,0,1
201600006354,16,5,16,515,2,1,1,2,6,76,4825515,672826,880,3,2,2,0,2,1,0,0,2,0,3,0,0
201600006355,16,6,2,2200,3,1,1,2,7,464,4810352,669612,880,3,2,1,0,2,3,0,65,2,0,3,99,1
201600006356,16,8,5,1200,1,2,6,2,3,78,4820894,672197,880,3,1,1,0,1,0,30,0,2,5,1,99,0
201600006357,16,10,4,1415,1,1,2,1,3,261,4820001,668527,880,4,2,2,0,1,1,0,35,1,0,1,99,0
201600006358,16,12,20,1600,1,2,1,1,6,101,4813719,660031,880,3,2,2,0,1,1,0,60,1,0,1,99,0
201600006359,16,1,4,915,1,1,1,1,7,90,4835694,628914,880,3,2,1,0,3,2,70,0,0,0,1,0,1
201600006360,16,6,24,2015,2,2,1,1,1,458,4839635,625558,880,3,2,2,0,1,1,0,70,1,0,1,0,0
201600006361,16,9,8,2200,5,1,1,1,6,355,4834511,633939,880,3,2,2,0,1,1,0,60,1,2,1,99,0
201600006362,16,9,19,2015,3,1,1,1,7,90,4837627,627155,880,3,2,2,0,1,1,0,0,1,0,1,99,0
201600006363,16,6,10,1630,1,1,1,1,3,65,4809308,606253,880,3,2,3,0,0,1,0,107,1,5,1,0,0
201600006364,16,6,12,645,2,2,1,2,7,390,4814204,569711,880,3,0,0,0,0,2,0,0,2,0,1,0,0
201600006365,16,6,25,315,3,1,1,3,7,61,4807170,597188,880,4,2,2,0,1,1,0,50,2,2,1,99,0
201600006366,16,6,30,1715,1,2,1,1,6,258,4807400,578200,880,3,2,2,0,1,1,0,72,1,0,1,99,0
201600006367,16,7,10,1145,1,1,5,1,3,450,4798652,579536,880,3,2,2,0,2,1,0,70,1,0,1,0,0
201600006368,16,8,13,1615,1,2,1,1,7,65,4809990,605223,880,4,2,0,0,2,1,0,49,1,0,0,0,1
201600006369,16,9,11,1630,1,1,1,1,6,16,4807529,602066,880,3,2,2,0,2,3,0,0,1,2,3,0,0
201600006370,16,9,16,915,1,1,1,2,6,16,4807831,602527,880,3,2,2,0,2,3,0,0,2,0,1,0,0
201600006371,16,9,25,1830,1,1,1,1,1,52,4810920,609194,880,3,2,2,0,3,0,0,0,1,0,1,0,0
201600006372,16,11,24,1000,1,1,1,5,6,248,4803055,583021,880,3,2,2,0,4,2,0,61,2,0,3,99,1
201600006373,16,12,10,1115,1,2,1,7,6,258,4806896,578043,880,3,2,2,0,1,1,0,70,1,0,1,99,0
201600006374,16,1,10,530,3,1,1,1,6,21,4830414,669792,880,4,2,2,0,2,1,0,0,1,0,1,99,0
201600006375,16,3,27,1215,1,1,1,3,7,367,4838279,679254,880,3,2,2,0,1,1,0,0,2,0,3,99,0
201600006376,16,5,9,815,1,1,1,1,5,521,4830453,660346,880,3,2,2,0,2,1,0,70,1,0,1,99,0
201600006377,16,5,20,1445,1,1,6,2,7,367,4834029,665204,880,3,2,2,0,1,3,0,70,2,0,1,99,0
201600006378,16,7,26,1745,1,1,1,1,7,367,4829172,658491,880,3,2,2,0,1,2,0,30,1,0,1,99,0
201600006379,16,7,31,1115,1,1,1,1,6,412,4837004,678001,880,3,2,1,0,2,1,0,70,1,0,3,99,0
201600006380,16,1,3,545,5,1,6,2,7,99,4822228,628914,880,3,3,2,0,1,1,0,0,2,5,3,0,0
201600006381,16,1,24,1800,5,2,4,8,6,342,4829683,643717,880,3,2,2,0,4,1,0,50,2,5,3,99,0
201600006382,16,2,15,1800,3,1,1,2,6,465,4826346,638911,880,2,1,2,0,2,1,0,80,2,0,2,0,0
201600006383,16,2,19,1045,3,1,9,2,6,313,4834424,644573,880,3,2,2,0,1,2,0,74,2,0,3,99,0
201600006384,16,2,20,1515,1,1,1,2,7,294,4823947,633364,880,3,2,0,0,2,2,0,70,2,0,3,0,0
201600006385,16,4,29,700,1,2,1,1,5,465,4825231,641862,880,3,2,2,0,1,1,0,95,1,0,1,0,0
201600006386,16,5,10,600,2,1,3,2,3,327,4829443,637780,880,2,1,1,0,2,2,0,50,2,3,1,0,0
201600006387,16,5,15,815,1,1,1,1,3,190,4842936,637643,880,3,2,0,0,1,2,0,95,1,3,1,0,0
201600006388,16,6,30,1545,1,2,1,1,6,465,4825246,642123,880,4,2,2,0,1,1,0,0,0,0,0,3,0
201600006389,16,7,27,1115,1,2,1,1,1,465,4825051,642115,880,3,2,2,0,1,1,0,50,1,0,1,0,0
201600006390,16,7,27,1445,1,2,6,1,3,465,4824602,642515,880,3,4,1,0,1,1,0,50,1,5,1,0,0
201600006391,16,8,2,1630,1,1,1,2,7,204,4825976,646759,880,3,2,2,0,3,2,0,54,2,0,1,0,0
201600006392,16,8,21,1730,1,1,1,1,7,313,4834697,646102,880,3,2,2,0,1,2,0,58,1,0,3,0,0
201600006393,16,8,23,1745,1,2,1,1,7,379,4836233,647129,880,3,2,2,0,0,1,0,0,1,0,1,0,0
201600006394,16,9,1,715,2,1,1,1,6,247,4826872,638503,880,2,3,0,0,1,1,0,72,1,2,3,99,0
201600006395,16,10,8,2000,3,1,1,1,6,327,4832551,635799,880,2,3,4,0,1,1,0,140,1,0,1,0,0
201600006396,16,10,21,2000,3,1,1,8,6,204,4824738,644335,880,3,2,2,0,1,1,0,60,1,0,3,0,0
201600006397,16,11,7,730,1,2,1,1,6,465,4825108,642197,880,3,2,2,0,1,2,0,65,1,0,1,99,0
201600006398,16,1,15,2115,5,2,1,4,6,530,4804492,640765,880,4,2,2,0,2,2,0,40,5,0,4,0,0
201600006399,16,2,29,730,2,1,1,1,6,235,4801797,623470,880,3,2,2,0,1,1,0,60,2,0,1,99,0
201600006400,16,8,6,1000,1,1,1,1,1,88,4803155,632776,880,4,2,0,0,1,1,0,38,1,0,1,0,0
201600006401,16,8,25,715,1,1,1,7,1,225,4810355,651399,880,3,2,2,0,1,1,0,74,1,0,1,0,0
201600006402,16,11,20,1800,5,2,3,2,6,234,4805565,624004,880,3,2,2,0,1,2,0,60,2,0,1,99,0
201600006403,16,1,6,1645,2,2,1,1,6,321,4835650,569102,880,6,0,0,0,1,1,0,3,1,0,1,0,0
201600006404,16,1,18,800,2,2,1,1,6,321,4835289,569274,880,3,2,2,0,1,1,74,0,1,0,1,0,1
201600006405,16,3,2,1630,1,1,1,1,6,95,4831169,586124,880,3,0,0,0,0,3,0,64,2,0,1,0,1
201600006406,16,3,20,1400,1,1,1,1,6,460,4839992,572968,880,3,2,2,0,4,2,0,78,1,0,1,0,1
201600006407,16,3,22,1000,1,2,1,1,6,321,4835676,569205,880,3,3,1,0,1,1,33,41,1,6,1,0,0
201600006408,16,4,10,545,3,1,1,1,6,183,4838281,567641,880,3,0,2,0,1,1,0,40,1,0,1,99,0
201600006409,16,4,20,1600,1,2,1,1,1,305,4841989,570118,880,4,2,2,0,2,1,0,90,1,0,1,99,0
201600006410,16,4,20,1700,1,1,1,1,5,232,4847444,589557,880,4,2,2,0,1,1,0,40,1,0,1,99,0
201600006411,16,6,6,1645,1,2,1,1,3,118,4840622,568375,880,3,2,2,0,1,1,0,66,1,0,1,99,0
201600006412,16,6,27,1515,1,2,1,1,6,219,4844855,567655,880,3,2,2,0,1,1,0,77,1,0,1,99,0
201600006413,16,7,15,1745,1,2,6,1,6,321,4835695,569261,880,3,2,2,0,1,1,0,74,1,0,1,3,0
201600006414,16,7,20,1200,1,1,1,1,7,460,4840135,571806,880,3,2,2,0,1,2,0,50,1,0,1,99,1
201600006415,16,10,31,1815,5,2,1,1,6,352,4825825,567212,880,3,2,2,0,1,1,0,80,1,0,1,3,0
201600006416,16,11,16,1615,5,2,1,2,6,95,4829816,584509,880,3,2,2,0,3,1,0,77,2,0,1,99,0
201600006417,16,6,1,1430,1,1,2,1,1,233,4812202,623510,880,3,2,2,0,1,1,0,70,1,0,1,99,0
201600006418,16,6,14,1330,1,1,1,1,3,304,4830470,615127,880,3,2,0,0,2,3,70,0,2,0,1,0,1
201600006419,16,6,21,815,1,2,1,1,1,39,4832083,604570,880,3,2,2,0,0,1,0,68,1,0,1,99,0
201600006420,16,9,9,1030,1,2,1,1,6,304,4830368,613382,880,4,1,1,0,1,1,0,0,1,0,4,99,1
201600006421,16,11,20,2115,5,2,2,1,3,357,4831921,612881,880,3,2,2,0,1,1,0,50,1,0,1,0,0
201600006422,16,3,28,1930,2,1,1,3,4,403,4824189,607334,880,3,2,0,0,0,1,0,69,2,0,1,0,0
201600006423,16,6,24,1845,1,1,1,2,5,79,4820780,584463,880,3,2,2,0,1,2,0,90,2,0,1,0,0
201600006424,16,7,28,1845,1,1,1,1,6,30,4820302,614157,880,3,2,2,0,1,1,71,0,1,0,0,99,0
201600006425,16,8,14,1730,1,1,1,1,6,403,4824092,607870,880,3,2,2,0,1,1,0,65,1,0,3,0,0
201600006426,16,8,28,945,1,2,1,1,6,516,4819832,595717,880,3,2,0,0,1,3,0,90,1,0,1,0,0
201600006427,16,10,3,900,1,1,3,7,3,403,4824566,608521,880,3,0,0,0,0,0,0,0,0,0,0,0,0
201600006428,16,1,31,30,3,2,1,3,6,351,4796661,644707,880,3,2,2,0,2,1,0,0,2,0,3,0,0
201600006429,16,3,11,1530,1,2,1,1,1,158,4809280,661058,880,3,2,0,0,0,0,0,0,1,5,0,0,0
201600006430,16,8,14,1315,1,1,1,1,6,12,4813344,651931,880,3,2,2,0,1,3,0,60,1,0,3,0,0
201600006431,16,8,28,2145,5,2,3,1,3,358,4811035,657419,880,3,2,2,0,1,1,0,65,1,0,1,0,0
201600006432,16,2,4,1745,5,2,1,2,6,116,4796317,683694,880,3,2,2,0,1,1,0,0,2,0,1,99,1
201600006433,16,2,12,1145,1,1,6,1,1,486,4800694,671138,880,3,2,1,0,1,1,0,60,1,5,1,99,0
201600006434,16,4,7,1845,1,1,1,1,1,116,4794089,682954,880,3,2,0,0,2,3,0,64,1,0,1,99,1
201600006435,16,4,19,815,1,1,3,7,3,486,4802123,671071,880,3,2,0,0,1,2,0,60,1,0,1,99,0
201600006436,16,7,18,1515,1,2,1,1,3,486,4799978,672249,880,3,2,0,0,2,1,0,45,1,0,1,99,0
201600006437,16,8,6,1430,1,1,1,1,7,75,4800967,697583,880,3,1,2,0,1,4,0,48,1,0,1,99,0
201600006438,16,11,4,2115,5,1,1,8,7,447,4794864,680056,880,4,2,2,0,1,2,0,50,1,0,3,0,0
201600006439,16,12,2,1330,1,2,1,7,6,116,4796223,683732,880,3,2,2,0,1,3,0,71,1,0,1,99,0
201600006440,16,6,6,1300,1,1,1,1,1,408,4790969,668602,880,3,2,2,0,1,2,0,73,1,0,1,0,0
201600006441,16,7,29,130,5,2,1,1,6,468,4787686,675871,880,4,2,2,0,1,3,0,0,1,0,3,0,0
201600006442,16,8,6,330,3,1,6,1,6,408,4793624,663961,880,2,3,2,0,1,1,0,80,1,5,3,0,0
201600006443,16,8,31,1215,1,2,1,1,7,302,4790435,677929,880,4,2,2,0,1,1,0,60,1,0,4,0,0
201600006444,16,9,6,1200,1,2,3,1,3,468,4787486,676216,880,3,2,2,0,1,1,0,80,1,0,1,0,0
201600006445,16,10,3,1230,1,2,2,1,3,426,4785922,682428,880,2,2,2,0,1,1,0,80,1,0,1,0,0
201600006446,16,11,17,730,2,2,1,2,6,468,4788003,676473,880,3,2,2,0,1,3,0,106,2,0,1,0,1
201600006447,16,11,26,1030,1,2,6,7,3,408,4792686,665965,880,4,2,0,0,1,0,100,0,1,5,1,0,1
201600006448,16,12,31,1015,1,2,1,1,6,468,4787935,676018,880,4,2,2,0,2,1,0,60,0,0,4,99,0
201600006449,16,10,15,1700,1,2,1,1,1,116,4796734,683311,880,3,2,0,0,2,1,0,50,1,0,1,0,0
201600006450,16,9,8,1200,1,1,1,1,1,182,4829119,707118,880,2,2,0,0,1,1,0,100,1,0,1,0,0
201600006451,16,10,29,1500,1,2,6,1,6,445,4824857,695519,880,3,2,2,0,0,1,14,84,1,5,1,0,0
201600006452,16,1,2,2245,3,1,1,2,7,218,4814133,681923,880,3,2,0,0,1,3,0,71,2,0,1,99,0
201600006453,16,1,26,1600,1,1,1,1,1,244,4819871,686583,880,3,2,2,0,0,0,0,62,1,0,1,99,0
201600006454,16,4,15,1900,1,1,1,1,6,218,4814462,680597,880,3,0,2,0,1,2,0,60,1,0,1,0,0
201600006455,16,5,7,1030,1,1,1,1,6,115,4816404,690930,880,3,2,2,0,2,2,0,69,1,0,3,99,0
201600006456,16,5,8,1900,1,1,1,1,1,181,4818971,701351,880,3,2,0,0,2,3,0,55,1,0,1,0,0
201600006457,16,6,18,1830,1,1,1,2,6,349,4811290,705960,880,3,2,2,0,2,3,0,72,2,0,3,0,1
201600006458,16,8,8,800,1,1,1,1,6,198,4810770,690825,880,3,2,2,0,1,3,0,70,1,0,1,0,0
201600006459,16,8,7,1030,1,1,1,1,6,349,4816814,705046,880,3,2,3,0,0,2,0,100,1,0,3,0,1
201600006460,16,10,19,1845,3,1,1,2,1,198,4817056,692563,880,3,2,2,0,2,3,0,75,2,0,1,0,0
201600006461,16,11,5,1730,5,2,1,2,6,181,4818423,698908,880,3,2,2,0,1,3,0,76,2,0,1,0,0
201600006462,16,2,22,1515,1,2,1,1,6,196,4807683,688495,880,6,0,0,0,0,0,0,0,1,0,0,0,0
201600006463,16,3,15,615,2,2,1,4,6,196,4807393,686175,880,4,2,2,0,2,1,0,60,2,0,1,0,0
201600006464,16,4,10,1600,1,1,1,1,3,196,4807777,679611,880,3,2,2,0,1,3,0,80,1,0,1,0,0
201600006465,16,4,15,2230,5,1,1,2,6,470,4808496,676325,880,3,2,2,0,1,2,0,77,2,0,3,0,0
201600006466,16,5,26,2000,1,1,3,1,3,531,4808333,690906,880,3,2,2,0,1,2,0,75,1,0,1,0,0
201600006467,16,9,9,915,1,2,1,1,3,196,4806918,683701,880,3,2,0,0,1,1,0,90,1,0,1,0,0
201600006468,16,9,24,1415,1,1,1,1,5,531,4807007,695923,880,3,2,2,0,2,1,0,63,1,0,1,0,1
201600006469,16,9,29,1130,1,2,3,1,1,196,4806956,683747,880,3,2,2,0,0,2,0,68,1,0,1,0,0
201600006470,16,10,22,1600,1,1,1,1,1,196,4806516,685648,880,3,2,2,0,1,3,0,68,1,0,1,99,0
201600006471,16,12,18,1230,1,1,1,1,3,531,4808357,693635,880,3,2,1,0,1,0,0,63,1,0,1,99,0
201600006472,16,12,20,1930,1,2,1,1,1,196,4807002,687711,880,3,2,2,0,1,1,0,70,1,0,1,99,0
201600006473,16,2,15,1800,5,2,1,8,3,372,4840492,684045,880,3,2,2,0,1,1,0,70,2,0,1,0,0
201600006474,16,4,23,1800,1,2,1,8,6,372,4810676,684228,880,4,3,2,0,1,1,0,85,1,0,1,99,0
201600006475,16,7,16,1045,1,2,1,1,6,372,4840547,684699,880,3,2,2,0,1,1,0,78,1,0,1,99,0
201600006476,16,8,7,1145,1,1,1,1,6,373,4850676,710588,880,3,2,2,0,2,4,0,63,1,0,3,99,0
201600006477,16,10,2,830,3,1,1,1,6,328,4832707,685821,880,3,2,2,0,2,2,0,76,2,0,1,0,1
201600006488,16,7,31,1730,1,1,1,1,3,216,4838200,751400,670,3,2,0,0,1,1,0,0,1,5,1,99,0
201600006571,16,3,24,1630,1,1,1,1,7,278,4893800,720500,670,3,3,2,0,0,2,0,0,1,2,1,99,0
201600006573,16,4,14,1830,1,1,9,1,3,156,4871400,775700,670,3,2,2,0,1,1,0,63,1,5,1,99,0
201600006574,16,10,11,2015,3,1,1,1,6,230,4881300,782700,670,4,2,2,0,1,2,60,0,1,0,1,99,0
201600006575,16,11,30,1315,1,2,1,1,3,67,4873300,771000,670,4,1,0,0,1,1,0,0,1,5,1,99,0
201600006643,16,2,18,2315,3,2,1,1,6,327,4897600,809800,670,3,2,0,0,0,3,0,70,1,5,3,99,0
201600006644,16,4,29,745,1,1,1,1,6,432,4898800,808400,670,4,2,2,0,1,2,0,52,1,0,3,0,0
201600006668,16,3,1,730,1,2,1,1,6,226,4803999,713499,680,3,2,2,0,2,1,0,63,1,0,1,3,0
201600006669,16,1,9,1945,3,1,1,1,6,19,4809153,756678,680,3,3,2,0,1,1,0,72,1,0,1,99,0
201600006670,16,1,12,2130,5,1,1,1,6,146,4812691,736656,680,6,0,0,0,1,1,0,0,1,0,1,99,0
201600006671,16,2,11,245,5,2,1,1,6,227,4810207,747131,680,3,2,2,0,1,2,0,80,1,0,3,99,0
201600006672,16,2,12,1745,2,2,1,2,6,146,4813300,736800,680,6,0,0,0,0,0,0,0,0,0,0,0,0
201600006673,16,3,2,1200,1,1,2,2,3,295,4802741,740212,680,3,2,2,0,1,1,0,59,2,0,1,99,0
201600006674,16,4,18,915,1,1,1,2,1,295,4801569,735360,680,3,2,2,0,1,3,0,54,2,0,1,0,0
201600006675,16,5,1,1400,1,2,4,1,1,157,4811989,747641,680,3,2,2,0,1,1,0,60,1,0,0,99,0
201600006676,16,5,3,1515,1,2,3,1,3,145,4808505,739686,680,3,2,2,2,1,1,0,83,1,0,1,0,0
201600006677,16,5,4,1330,1,2,3,1,3,367,4806315,747377,680,4,1,1,0,1,1,0,38,1,0,0,99,0
201600006678,16,7,6,1700,1,1,3,1,2,7,4805140,745288,680,3,2,2,0,1,1,0,80,1,0,1,0,1
201600006679,16,7,29,1730,1,2,1,1,2,145,4808141,739172,680,3,2,2,2,1,1,0,80,1,0,1,0,0
201600006680,16,10,23,2315,5,2,3,1,3,227,4810124,747955,680,3,2,2,0,1,1,0,68,1,0,1,0,0
201600006681,16,10,29,2015,3,1,1,1,6,331,4804777,746046,680,3,2,2,0,1,1,0,70,1,0,1,99,0
201600006682,16,11,29,330,3,1,1,1,7,367,4805772,749750,680,3,2,2,0,1,1,0,70,1,0,1,99,0
201600006683,16,12,7,645,2,1,1,4,1,367,4806553,746825,680,3,2,2,0,1,3,0,54,7,0,1,99,0
201600006684,16,12,11,600,3,1,1,1,7,38,4808806,742997,680,3,2,2,0,1,1,0,75,1,0,3,99,0
201600006686,16,12,21,515,3,1,1,1,6,19,4809131,756576,680,3,2,2,0,1,1,0,60,1,0,1,0,0
201600006687,16,12,29,830,1,1,1,4,7,345,4809054,748885,680,3,2,2,0,1,1,0,60,7,0,1,99,0
201600006688,16,3,26,1500,1,1,1,1,3,173,4810293,718376,680,3,2,2,0,2,2,0,67,1,0,1,99,0
201600006689,16,6,8,1045,1,2,1,8,3,209,4815000,732086,680,3,2,2,0,1,1,0,82,1,0,1,0,0
201600006691,16,7,8,1100,1,1,3,1,3,164,4813384,729037,680,3,2,2,0,1,1,0,57,1,0,0,0,0
201600006692,16,7,28,1400,1,1,1,1,3,173,4808475,718606,680,3,2,2,0,3,4,0,52,1,0,1,99,0
201600006693,16,8,8,1545,1,1,1,1,2,5,4813448,727188,680,3,2,2,0,1,3,0,71,1,0,1,99,0
201600006694,16,8,14,1045,1,1,1,7,3,5,4813209,728988,680,3,2,2,0,2,2,0,68,1,0,0,0,0
201600006695,16,9,13,1630,1,1,1,1,7,249,4812980,709174,680,3,2,2,0,2,2,0,70,1,0,3,99,0
201600006696,16,10,13,1500,1,1,1,1,1,162,4814286,718192,680,3,2,2,0,2,1,0,70,1,0,1,99,0
201600006697,16,11,17,2130,3,1,1,1,6,26,4813443,734122,680,3,2,2,0,1,1,0,52,1,0,3,99,0
201600006698,16,3,31,1815,1,2,1,1,3,226,4804173,713311,680,3,1,1,0,2,1,0,40,1,0,1,99,0
201600006699,16,4,21,1845,1,1,1,1,6,358,4800764,717485,680,3,2,2,0,1,1,0,50,1,0,1,99,1
201600006700,16,6,11,245,3,2,1,1,6,226,4803888,714278,680,3,2,2,0,1,2,0,70,1,0,4,99,0
201600006701,16,7,9,2100,1,2,1,1,2,226,4804022,715667,680,4,2,2,0,1,1,0,60,1,0,1,99,0
201600006702,16,6,26,1445,1,1,1,1,7,142,4805803,713034,680,3,2,2,0,2,3,0,80,1,0,1,0,0
201600006703,16,6,30,1230,1,1,1,1,6,204,4800590,707344,680,3,2,2,0,1,2,0,75,1,0,3,0,0
201600006704,16,7,11,1930,1,2,3,1,3,329,4805252,709579,680,4,2,2,0,1,2,0,50,1,0,0,99,0
201600006705,16,8,23,1245,1,2,1,1,6,329,4805420,710072,680,3,2,2,0,2,2,0,88,1,0,1,3,1
201600006706,16,8,30,1200,1,2,2,7,6,226,4804242,713562,680,4,2,2,0,1,1,0,56,1,0,1,99,0
201600006707,16,11,24,1750,5,2,6,1,3,226,4804238,716010,680,3,1,1,0,1,2,240,70,1,5,1,99,0
201600006708,16,12,1,1545,1,2,1,1,6,226,4804116,713695,680,3,1,1,0,1,2,0,470,1,0,1,99,0
201600006709,16,6,2,900,1,1,1,2,6,69,4798947,747868,680,3,2,2,0,1,1,0,60,2,0,1,0,0
201600006710,16,6,9,1715,1,1,1,1,1,351,4800345,759349,680,3,2,2,0,1,1,0,70,1,0,1,0,1
201600006711,16,6,10,1215,1,1,3,1,2,69,4796565,749361,680,3,2,2,0,1,1,0,70,1,0,1,99,0
201600006713,16,10,31,1545,1,1,6,1,7,1,4801125,755471,680,3,1,1,0,1,2,0,77,1,0,1,99,0
201600006714,16,11,9,915,1,1,2,1,1,231,4801373,753321,680,3,2,2,0,1,1,0,65,1,0,0,99,0
201600006715,16,11,30,2030,3,1,1,1,1,36,4805367,751588,680,3,2,2,0,1,1,0,63,1,0,3,99,0
201600006716,16,12,7,745,1,1,1,5,1,16,4793082,748874,680,3,2,2,0,1,3,0,60,7,0,1,0,0
201600006717,16,12,12,1745,3,1,4,1,3,36,4805477,755692,680,3,2,2,0,1,1,30,60,2,5,1,99,0
201600006718,16,2,14,1430,1,1,1,8,3,28,4820843,740545,680,9,2,2,0,3,1,0,60,2,0,1,0,0
201600006719,16,6,1,845,1,2,3,1,1,28,4820429,735398,680,4,2,2,0,1,1,0,40,1,0,1,0,0
201600006720,16,7,3,400,3,1,1,1,1,269,4817656,734278,680,3,2,2,0,1,1,0,70,1,0,1,99,0
201600006721,16,11,26,2100,3,1,1,1,7,147,4817730,732392,680,3,2,2,0,1,1,0,60,1,0,1,99,0
201600006722,16,1,8,1730,5,2,3,3,6,298,4825206,719470,680,3,2,2,0,1,1,0,80,2,0,1,99,0
201600006723,16,3,16,730,1,1,1,1,5,185,4826906,726445,680,2,2,2,0,1,1,0,71,1,0,1,99,0
201600006724,16,5,21,800,1,1,1,1,7,298,4825153,715454,680,3,2,2,0,2,3,0,70,1,0,3,99,0
201600006725,16,6,29,1715,1,1,3,7,5,294,4825586,720404,680,3,2,2,0,1,1,0,82,1,5,1,99,1
201600006726,16,10,22,1315,1,2,2,1,1,283,4827981,727181,680,4,2,2,0,2,1,0,55,1,0,1,99,0
201600006727,16,11,16,1400,1,1,1,2,1,185,4826683,729955,680,2,2,2,0,1,1,0,73,2,0,1,99,1
201600006728,16,12,2,1415,1,1,3,1,7,298,4825089,719177,680,3,2,2,0,2,1,0,75,1,0,1,3,0
201600006729,16,1,3,2130,3,1,6,2,7,365,4805428,731050,680,3,2,2,0,1,2,0,84,2,5,1,0,0
201600006730,16,2,1,845,1,1,1,1,6,338,4809466,723542,680,3,2,2,0,2,1,0,68,1,0,3,99,0
201600006731,16,2,7,1145,1,2,1,2,7,155,4808983,731776,680,3,2,2,0,1,1,0,70,1,0,1,99,0
201600006732,16,2,26,1800,2,2,1,1,6,365,4805450,733139,680,3,2,2,2,1,1,0,72,1,0,4,0,0
201600006733,16,3,10,2245,3,1,1,1,6,78,4804955,731715,680,3,2,2,0,1,1,0,70,1,0,1,0,1
201600006734,16,3,18,1715,1,2,1,1,1,374,4808629,731404,680,6,0,0,0,1,1,0,60,1,0,1,0,0
201600006735,16,3,1,745,1,2,6,1,3,155,4809451,730565,680,3,2,2,0,1,2,0,65,1,5,1,99,0
201600006736,16,7,2,1500,1,1,4,1,3,365,4806538,730899,680,3,2,2,0,1,2,0,70,1,0,1,0,0
201600006737,16,9,2,1145,1,1,1,1,7,78,4803586,729633,680,3,2,2,0,4,2,0,62,1,0,1,99,0
201600006738,16,9,23,930,1,2,2,1,3,338,4808384,725844,680,3,2,2,0,1,1,0,65,1,0,1,0,0
201600006739,16,9,27,1515,1,2,6,1,6,374,4808558,731382,680,9,2,2,0,1,1,0,88,1,0,1,99,0
201600006741,16,9,29,1230,1,2,6,1,7,374,4808435,731040,680,3,2,2,0,1,1,0,90,1,0,0,0,0
201600006743,16,10,19,1745,1,1,6,1,4,155,4809172,732085,680,3,3,4,0,1,1,25,140,1,0,0,99,0