Num_Acc,an,mois,jour,hrmn,lum,agg,int,atm,col,com,lat,long,dep,catr,circ,nbv,vosp,prof,plan,lartpc,larrout,surf,infra,situ,env1,killed
201600006744,16,10,15,1900,3,1,1,1,7,78,4804748,732222,680,3,2,2,0,1,1,0,75,1,0,3,99,0
201600006745,16,10,31,1445,1,1,1,1,4,374,4808019,731191,680,3,3,4,0,1,1,25,140,1,0,1,99,0
201600006746,16,10,22,2015,5,2,3,1,3,155,4809910,730247,680,3,2,2,0,1,1,0,75,1,0,1,99,0
201600006747,16,11,9,1115,1,2,1,1,6,155,4809900,730600,680,3,2,2,0,2,1,0,0,1,0,1,99,0
201600006751,16,1,5,1930,3,1,1,2,3,187,4752783,740046,680,3,2,2,0,1,2,0,70,2,0,1,99,0
201600006752,16,2,17,1615,1,1,1,1,1,139,4757724,721040,680,3,2,2,0,1,2,0,70,1,0,1,0,0
201600006753,16,6,24,2145,5,2,1,1,7,355,4754798,730291,680,3,2,2,1,3,2,0,80,1,0,1,99,0
201600006754,16,6,29,1615,1,2,1,1,7,4,4762363,724117,680,3,2,2,0,3,2,0,68,1,0,1,0,0
201600006755,16,7,16,1030,1,1,1,1,1,187,4752187,741672,680,3,2,2,0,1,3,0,62,1,0,1,99,0
201600006756,16,8,5,1330,1,1,1,8,6,138,4760640,725845,680,4,2,2,0,1,3,0,50,1,0,3,0,0
201600006757,16,8,20,1330,1,2,1,1,3,377,4762374,727082,680,3,2,2,0,1,1,0,67,1,0,1,0,0
201600006758,16,8,24,1830,1,2,3,1,7,148,4760233,734257,680,3,2,2,0,1,1,0,62,1,0,3,0,0
201600006761,16,11,23,1645,1,1,1,1,7,377,4761559,726412,680,4,2,2,0,2,1,0,54,1,0,1,99,0
201600006763,16,2,9,945,1,1,2,1,3,50,4765225,704684,680,3,2,2,0,1,1,0,51,1,0,0,0,0
201600006764,16,2,19,845,1,1,1,1,6,86,4767774,712011,680,3,2,2,0,4,2,0,70,7,0,3,0,0
201600006765,16,4,21,1045,1,1,1,1,7,215,4762446,702652,680,3,2,2,0,1,3,0,60,1,0,3,99,0
201600006766,16,4,28,115,3,1,1,1,6,152,4768342,727642,680,3,2,2,0,2,3,0,62,1,0,1,0,0
201600006767,16,5,8,200,3,1,6,1,3,127,4765664,722233,680,3,1,1,0,2,2,0,75,1,5,1,0,0
201600006768,16,5,12,1530,1,2,8,3,6,152,4767166,726696,680,4,2,2,0,2,4,0,70,2,4,1,99,1
201600006769,16,6,24,1115,1,2,1,1,2,68,4763043,712174,680,3,2,2,0,1,1,0,70,1,0,1,99,0
201600006770,16,8,3,1445,1,1,1,1,7,68,4766691,722037,680,3,2,2,0,1,2,0,62,1,0,3,99,0
201600006771,16,8,18,1900,1,2,1,1,6,68,4763058,713453,680,3,2,2,0,1,2,0,73,2,0,3,0,0
201600006772,16,10,2,745,2,2,1,1,6,356,4764043,726460,680,3,2,2,0,1,3,0,62,1,0,4,0,0
201600006773,16,11,19,1800,5,2,1,2,7,125,4769561,712059,680,4,2,2,0,1,1,0,65,2,0,1,99,0
201600006774,16,12,1,1215,1,1,1,1,6,127,4766635,725144,680,3,2,2,0,1,2,0,58,7,0,3,99,0
201600006776,16,12,6,715,2,2,1,5,6,77,4766141,718744,680,3,2,2,0,2,2,0,65,7,0,1,99,0
201600006777,16,12,6,1230,1,1,1,1,6,200,4761690,708746,680,3,2,2,0,2,2,0,72,1,0,1,0,0
201600006780,16,4,2,1615,1,2,3,1,3,181,4745039,720303,680,4,2,2,0,1,1,0,63,1,0,1,99,0
201600006781,16,4,8,1630,1,2,1,1,3,347,4749812,730669,680,3,2,2,0,2,1,0,65,1,0,1,0,0
201600006782,16,6,25,1500,1,2,7,1,6,98,4796283,714941,680,6,0,0,0,2,1,0,0,1,0,1,0,0
201600006783,16,7,6,900,1,1,1,1,6,306,4753562,718723,680,3,2,2,0,1,2,0,65,1,0,3,99,1
201600006784,16,1,3,500,3,1,1,1,6,258,4783340,727613,680,3,3,4,0,1,3,10,140,1,0,1,99,0
201600006785,16,1,3,1715,3,1,3,1,3,242,4797608,737371,680,3,2,2,0,1,1,0,70,1,0,1,0,0
201600006786,16,2,8,1945,3,1,1,3,2,82,4783655,734201,680,3,2,2,0,1,1,0,60,2,0,1,0,0
201600006787,16,4,20,1230,1,1,1,1,3,41,4789831,753732,680,3,2,2,0,1,1,0,70,1,4,1,0,0
201600006788,16,4,15,1930,2,2,1,1,1,82,4786727,733900,680,3,2,2,0,1,1,0,70,1,0,1,99,0
201600006789,16,5,26,845,1,2,2,1,3,266,4789765,735334,680,3,2,2,2,1,1,0,195,1,0,1,0,0
201600006790,16,6,25,930,1,1,2,1,1,266,4789764,735335,680,3,2,3,2,1,1,0,165,1,0,1,99,0
201600006791,16,7,1,1700,1,1,1,7,1,82,4786975,736329,680,3,2,2,0,1,3,0,70,1,0,1,99,0
201600006792,16,7,15,1945,1,1,3,1,3,82,4787658,738947,680,1,1,1,0,2,2,0,48,1,3,0,99,0
201600006793,16,9,6,2330,5,2,1,1,6,82,4786741,734976,680,3,2,2,1,1,1,40,70,1,0,3,99,0
201600006795,16,9,12,1500,1,2,6,1,3,258,4784060,731296,680,3,2,2,0,1,1,0,50,1,5,1,99,0
201600006796,16,9,15,500,3,1,1,1,6,37,4795017,741209,680,3,2,2,0,1,1,0,60,1,0,1,99,0
201600006798,16,10,3,1515,1,1,1,1,1,140,4791277,746324,680,3,2,2,0,1,2,0,60,1,0,1,0,0
201600006799,16,10,6,1330,1,1,2,1,3,91,4791713,756524,680,3,2,2,0,1,1,0,70,1,0,1,0,0
201600006801,16,10,5,1945,3,1,1,1,6,140,4789057,741617,680,3,2,2,0,1,1,0,70,1,0,3,99,0
201600006802,16,10,14,1745,1,1,2,1,3,266,4790459,740187,680,3,2,2,0,1,1,0,70,2,0,1,99,0
201600006804,16,10,31,1915,3,1,1,5,3,228,4792938,735973,680,3,2,2,0,1,1,0,60,1,0,1,0,0
201600006805,16,11,2,2215,3,1,1,5,7,242,4796492,740713,680,4,0,2,0,1,1,0,40,1,0,1,99,0
201600006807,16,11,7,815,1,1,1,3,1,242,4797126,737319,680,3,2,2,0,0,4,0,70,2,0,1,99,0
201600006808,16,11,15,1845,3,1,4,1,2,225,4785551,745144,680,3,2,2,0,1,1,0,70,1,0,0,0,0
201600006813,16,12,7,845,1,1,1,1,7,140,4788873,744413,680,3,2,2,0,1,3,0,60,7,0,3,99,0
201600006817,16,12,22,1700,5,2,2,1,6,258,4783482,730260,680,3,2,2,2,1,1,0,85,1,0,1,3,0
201600006819,16,12,29,755,2,1,1,5,7,242,4797908,737492,680,3,2,2,0,1,1,0,70,7,0,3,99,0
201600006820,16,12,29,1030,1,1,1,5,7,140,4788873,744445,680,3,2,2,0,1,1,0,60,7,0,3,99,0
201600006821,16,12,31,1530,1,1,1,8,6,266,4790098,733111,680,3,2,2,0,1,1,0,70,1,0,1,99,0
201600006822,16,3,6,1215,1,2,3,1,3,255,4798230,729125,680,3,2,2,0,1,1,0,56,1,0,1,0,0
201600006823,16,3,22,2000,3,1,1,1,2,255,4798050,729413,680,3,3,4,0,2,1,60,140,1,0,1,0,0
201600006824,16,5,29,1915,2,2,3,2,7,255,4798397,728587,680,3,2,2,0,2,2,0,65,1,0,0,0,0
201600006825,16,6,10,1500,1,1,1,1,7,251,4800521,721383,680,3,2,2,0,2,4,0,45,1,0,1,0,0
201600006826,16,7,16,145,3,1,1,8,7,251,4797941,722664,680,3,2,2,0,1,3,0,52,1,0,3,0,0
201600006827,16,8,18,1100,1,1,1,1,7,364,4794801,724620,680,3,2,2,0,2,2,0,60,1,0,3,99,0
201600006828,16,9,8,1430,1,1,3,1,3,318,4796919,721490,680,3,2,2,0,2,1,0,60,1,0,1,0,0
201600006831,16,10,7,2115,3,1,1,1,7,134,4801309,730757,680,3,3,4,0,3,1,58,140,1,3,3,0,0
201600006832,16,10,8,1630,1,2,1,1,5,116,4793382,729340,680,3,2,2,0,1,4,0,69,1,0,1,99,0
201600006833,16,11,4,1415,1,2,1,1,3,287,4795997,729227,680,4,2,2,0,1,1,0,49,1,0,1,0,0
201600006834,16,11,9,1815,3,1,1,2,2,287,4796078,730855,680,3,3,4,0,1,1,20,160,2,0,1,99,0
201600006836,16,11,26,1530,1,2,1,1,7,318,4795979,724148,680,3,2,2,0,1,1,0,65,1,0,1,0,0
201600006837,16,1,5,1400,1,2,1,8,6,154,4777239,736102,680,3,2,2,2,1,1,0,80,1,0,1,0,0
201600006838,16,1,6,1745,5,2,1,2,6,154,4777918,733964,680,3,2,2,2,1,1,0,90,2,0,1,99,0
201600006839,16,1,6,1745,5,2,1,2,6,154,4777525,734652,680,3,2,2,2,1,1,0,87,2,0,1,99,0
201600006840,16,1,20,1300,1,2,2,1,3,154,4776381,737531,680,3,3,4,0,1,1,0,160,1,0,1,99,0
201600006841,16,6,12,1745,1,2,1,1,6,154,4776358,736686,680,4,2,2,0,1,1,0,66,1,0,1,0,0
201600006842,16,10,27,1900,5,2,2,1,3,154,4779093,734773,680,4,2,2,0,1,1,0,60,1,0,1,99,0
201600006843,16,11,28,645,3,2,2,8,6,154,4776279,736304,680,4,2,1,0,1,1,0,43,1,5,1,99,0
201600006844,16,12,6,1200,1,2,1,5,6,154,4776023,737785,680,4,2,2,0,1,1,0,47,1,0,1,99,0
201600006845,16,12,8,1100,1,2,1,1,4,154,4776238,737304,680,3,2,2,2,1,1,0,100,1,0,1,99,0
201600006846,16,12,13,1245,1,2,4,1,3,154,4776548,734738,680,3,2,2,2,2,1,0,128,1,5,1,99,0
201600006847,16,12,27,900,1,2,1,1,3,154,4776735,736802,680,4,2,2,0,1,1,0,70,1,0,1,99,0
201600006848,16,12,28,1400,1,2,3,1,3,154,4777954,734562,680,3,2,2,2,1,2,0,90,1,5,5,0,0
201600006849,16,2,19,1245,1,2,1,2,6,270,4777958,728142,680,3,2,2,0,1,1,0,76,2,0,1,99,0
201600006850,16,5,25,1345,1,2,1,1,6,195,4774719,728479,680,4,2,2,0,1,1,0,58,1,0,1,99,0
201600006851,16,6,29,2030,1,2,3,1,3,195,4775854,729253,680,3,3,4,2,1,1,55,205,1,5,1,99,0
201600006852,16,7,5,1100,1,2,1,1,2,384,4770227,730801,680,3,2,2,0,1,1,0,78,1,0,1,99,0
201600006853,16,7,8,200,3,1,1,1,2,195,4776203,726363,680,2,3,4,0,1,2,20,120,1,0,1,0,0
201600006855,16,4,22,1645,1,2,3,1,3,121,4752525,747835,680,3,2,2,0,1,1,0,80,1,5,1,99,0
201600006856,16,5,6,1245,1,2,1,1,6,286,4763793,753375,680,3,2,2,0,1,1,0,63,1,0,1,99,0
201600006857,16,5,23,30,5,2,3,2,6,135,4757934,753121,680,4,2,2,1,1,1,0,80,2,0,0,0,0
201600006858,16,6,24,1215,1,1,2,1,1,135,4759086,754997,680,3,2,3,0,1,1,0,135,1,5,1,99,0
201600006859,16,6,25,1045,1,2,1,1,3,120,4754003,749630,680,3,2,2,0,1,1,0,90,1,0,1,0,0
201600006860,16,6,23,915,1,1,1,1,7,182,4750178,748600,680,3,2,2,0,2,1,0,50,1,0,1,0,0
201600006861,16,7,12,1530,1,1,1,8,1,135,4756965,749875,680,3,2,2,0,2,3,0,83,1,0,1,99,0
201600006862,16,7,18,800,1,1,1,1,6,42,4761957,748936,680,3,2,2,0,1,1,0,80,1,0,3,99,0
201600006863,16,8,4,815,1,2,3,1,3,286,4763651,753533,680,3,2,2,0,1,2,0,60,1,0,1,99,0
201600006864,16,8,7,1130,1,1,1,1,7,94,4753686,742902,680,3,2,2,0,1,1,0,66,1,0,1,99,0
201600006865,16,8,15,1900,1,1,6,1,3,135,4758700,752100,680,3,2,2,0,1,2,0,83,1,5,1,99,0
201600006866,16,9,29,130,3,1,1,1,7,286,4762650,755477,680,9,2,2,0,1,1,75,68,1,0,3,0,0
201600006867,16,10,8,1700,1,1,1,1,5,135,4757100,749000,680,3,2,2,0,2,1,0,80,1,0,1,99,0
201600006868,16,11,9,1800,5,2,1,2,6,135,4757800,751600,680,3,2,0,0,1,4,0,70,2,0,1,99,0
201600006869,16,1,19,1930,4,2,3,4,7,163,4765353,750461,680,3,2,2,0,1,1,0,65,7,0,1,0,1
201600006870,16,9,13,600,1,1,1,1,6,327,4762122,743168,680,3,2,2,0,1,1,0,60,1,0,1,0,0
201600006872,16,11,11,1745,5,2,6,2,6,309,4766832,744115,680,3,2,2,0,1,1,0,65,2,0,0,0,0
201600006873,16,11,24,1830,5,2,2,5,3,163,4769080,750285,680,3,2,2,0,1,1,0,75,2,0,1,0,0
201600006874,16,2,2,1800,5,2,8,1,6,334,4781241,709583,680,2,2,2,0,1,1,0,69,1,4,1,0,1
201600006875,16,3,19,1545,1,1,1,1,7,279,4776825,709025,680,3,2,2,0,2,2,0,50,9,0,3,0,0
201600006876,16,5,14,1700,1,1,1,1,7,40,4781917,706035,680,3,2,2,0,2,1,0,52,1,0,1,0,0
201600006877,16,8,14,1400,1,1,1,1,3,372,4786701,712161,680,3,2,2,0,1,3,0,50,1,0,1,0,0
201600006878,16,8,11,1230,1,2,3,1,6,40,4782079,708229,680,2,2,2,2,1,1,0,91,1,5,1,99,0
201600006879,16,9,5,1345,1,2,1,1,3,334,4779884,710398,680,3,2,2,0,2,1,0,60,1,0,1,99,0
201600006880,16,9,8,1530,1,2,1,1,3,334,4781128,710119,680,4,1,1,0,1,1,0,40,1,0,1,99,0
201600006881,16,9,10,1930,2,1,1,1,7,106,4788959,710546,680,3,2,2,0,2,2,0,65,1,0,1,0,0
201600006882,16,9,16,2100,3,1,1,1,2,12,4778552,714917,680,3,2,2,0,1,1,60,60,1,0,1,99,0
201600006883,16,9,24,1245,1,2,1,1,1,180,4779396,710818,680,3,2,2,0,2,3,0,60,1,0,1,99,0
201600006884,16,10,2,1415,1,1,1,1,6,106,4788991,711455,680,3,2,2,0,2,2,0,61,1,0,1,0,0
201600006885,16,10,4,1755,2,2,1,7,4,348,4780730,712590,680,3,2,2,0,1,3,0,79,1,0,1,99,0
201600006886,16,10,4,1800,2,2,1,7,2,348,4780724,712469,680,3,2,2,0,1,2,0,79,1,0,1,3,0
201600006887,16,11,3,930,1,1,1,1,6,279,4776861,709022,680,3,2,2,0,4,2,0,55,1,2,1,99,0
201600006888,16,11,15,330,5,2,3,1,7,372,4785016,706347,680,2,2,2,0,2,1,0,64,1,0,3,0,0
201600006889,16,12,1,1215,1,2,1,1,6,348,4780861,711636,680,3,2,2,0,1,1,0,625,1,0,3,99,0
201600006890,16,11,30,1130,1,2,3,1,2,372,4784165,707394,680,2,2,2,0,1,1,0,80,1,2,1,99,0
201600006891,16,12,16,1715,5,2,6,5,6,334,4781582,708701,680,2,2,3,0,1,3,0,90,1,0,1,99,0
201600006892,16,12,28,1900,5,2,1,1,6,348,4780223,713113,680,2,3,2,0,1,1,47,150,1,0,1,99,0
201600006893,16,4,10,1430,1,2,3,1,3,359,4783463,718177,680,3,2,2,0,2,1,0,83,1,0,1,0,0
201600006894,16,5,18,1645,1,2,1,1,1,63,4780675,718282,680,4,2,2,0,1,1,0,50,1,0,1,99,0
201600006895,16,5,31,830,1,1,4,2,3,63,4780263,717607,680,3,2,4,2,2,1,0,120,2,2,1,99,0
201600006896,16,7,3,1030,1,1,1,1,6,63,4779213,718286,680,3,3,2,0,1,1,50,150,1,0,1,99,0
201600006897,16,7,12,1645,1,1,1,1,2,63,4781406,719576,680,3,3,4,0,1,1,50,170,1,0,1,0,0
201600006898,16,9,17,1400,1,1,2,2,2,63,4778813,717852,680,2,1,1,0,2,3,0,53,2,3,1,0,0
201600006900,16,9,23,1730,1,2,3,1,1,63,4779575,717264,680,3,2,3,1,1,1,0,90,1,0,1,99,0
201600006901,16,10,11,1645,1,1,4,2,2,63,4778901,717788,680,2,3,2,0,1,1,2,40,2,3,0,0,0
201600006902,16,10,18,845,1,1,1,1,6,342,4783792,715095,680,3,2,2,0,2,2,0,70,2,0,3,99,0
201600006903,16,10,19,1730,1,1,1,1,5,359,4784729,714319,680,4,2,2,0,2,4,0,45,2,0,1,99,0
201600006904,16,10,21,2015,3,1,1,1,6,63,4779329,718411,680,3,3,2,0,1,1,25,140,1,0,1,0,0
201600006905,16,10,24,800,2,1,1,2,4,63,4779732,714972,680,2,3,4,0,1,1,55,140,2,0,1,99,0
201600006906,16,10,27,1145,1,1,1,1,2,63,4778816,718001,680,2,1,1,0,1,1,0,45,1,3,1,99,0
201600006907,16,10,31,1030,1,2,1,1,3,63,4780064,718223,680,3,2,2,2,1,1,0,98,1,0,1,99,0
201600006908,16,11,1,2315,5,2,1,1,6,322,4781132,716102,680,3,2,2,0,1,1,0,57,1,0,3,99,0
201600006909,16,11,6,745,1,1,4,2,6,63,4778824,718112,680,2,1,1,0,1,1,0,43,2,3,3,0,0
201600006910,16,11,9,1000,1,1,4,1,2,63,4779012,718074,680,2,1,1,0,2,3,0,45,1,3,0,0,0
201600006911,16,12,2,1800,3,1,1,1,2,63,4779997,719010,680,3,3,4,0,1,1,25,140,1,0,1,0,0
201600006912,16,12,13,830,2,1,1,5,2,63,4779313,718386,680,3,3,4,0,1,1,25,140,7,0,1,99,0
201600006913,16,12,18,1030,1,1,1,5,6,63,4784012,716621,680,3,2,2,0,2,3,0,60,2,0,3,99,0
201600006914,16,3,1,2200,3,2,1,4,1,344,4788928,689949,680,2,2,2,0,2,1,0,140,5,0,1,99,0
201600006915,16,5,8,1245,1,2,3,1,2,213,4787128,697409,680,4,2,2,0,2,1,0,60,1,0,0,99,0
201600006916,16,5,25,1400,1,1,1,1,6,247,4795055,700245,680,3,2,2,0,2,3,0,65,1,0,3,0,0
201600006917,16,6,11,1200,1,2,1,1,5,102,4790492,709061,680,3,2,2,0,2,2,0,70,1,0,1,99,0
201600006918,16,7,1,845,1,2,1,1,4,89,4788857,699793,680,2,2,2,0,1,1,0,300,1,0,1,99,0
201600006919,16,7,16,2150,2,2,1,1,6,262,4787784,701550,680,3,2,2,0,2,3,0,70,1,0,1,99,0
201600006920,16,7,30,800,1,2,3,1,3,89,4788897,699601,680,2,2,2,0,2,1,0,113,1,0,1,99,0
201600006921,16,8,26,1145,1,2,1,1,6,151,4788621,699094,680,4,2,2,0,2,1,0,57,1,0,1,99,0
201600006922,16,10,2,1745,1,1,1,1,6,370,4799798,696848,680,3,2,2,0,2,3,0,60,1,0,3,99,0
201600006923,16,10,14,1330,1,1,6,1,6,292,4787820,701713,680,2,2,2,0,1,3,110,85,1,5,3,99,0
201600006924,16,10,25,1430,1,1,3,8,3,344,4788987,697463,680,2,2,2,0,1,1,0,75,1,0,1,0,0
201600006925,16,10,28,1730,2,1,1,1,6,370,4799283,696202,680,3,2,2,0,2,3,0,56,9,0,3,99,0
201600006926,16,11,4,2000,3,1,1,2,6,247,4795075,700851,680,3,2,2,0,2,2,0,70,2,0,1,99,0
201600006927,16,11,18,2315,3,1,1,2,6,370,4795400,695700,680,3,2,2,0,1,1,0,70,2,0,3,99,0
201600006928,16,1,8,1630,2,2,1,3,1,167,4778796,696511,680,3,2,2,0,1,1,0,72,3,0,1,99,0
201600006929,16,5,19,1515,1,2,4,1,1,60,4772340,715015,680,3,2,2,0,3,1,0,70,1,0,1,0,0
201600006930,16,6,1,1615,1,1,1,1,3,60,4773300,716600,680,3,3,2,0,1,1,0,0,1,3,1,99,0
201600006931,16,7,17,100,5,2,1,1,6,60,4772683,715138,680,4,2,2,0,2,2,0,71,1,0,1,0,0
201600006932,16,1,10,2030,5,2,1,1,6,178,4881753,436438,510,3,2,2,0,1,1,0,61,1,0,4,99,0
201600006933,16,6,16,330,3,1,1,1,6,538,4890369,439819,510,3,2,2,0,1,1,0,65,1,2,3,99,0
201600006934,16,7,12,800,1,1,1,1,6,490,4890687,455582,510,3,2,2,0,2,1,0,62,1,0,3,99,0
201600006935,16,12,2,845,1,1,2,1,3,193,4898916,450540,510,3,2,2,0,1,1,0,72,1,5,1,99,0
201600006936,16,12,10,2115,3,1,1,5,6,161,4902904,417434,510,3,2,2,0,1,3,0,60,2,2,3,99,0
201600006937,16,1,14,1845,3,1,1,2,1,227,4891413,435982,510,3,2,2,0,2,1,0,64,2,0,1,99,1
201600006938,16,2,10,1800,2,1,2,1,6,389,4913297,433714,510,3,2,2,0,1,1,0,75,1,5,3,99,0
201600006939,16,2,28,1730,1,1,1,1,1,544,4923186,454927,510,3,2,2,0,1,1,0,78,1,0,1,99,0
201600006940,16,5,14,1130,1,1,2,1,3,326,4910532,431826,510,3,2,2,0,1,1,0,62,1,5,1,99,0
201600006941,16,6,10,1,5,2,1,1,2,388,4913812,436562,510,3,2,2,0,1,1,0,65,1,0,1,99,0
201600006942,16,7,30,1515,1,1,1,1,1,326,4910444,426177,510,3,2,2,0,0,1,0,79,1,0,1,99,0
201600006943,16,2,1,845,1,1,1,1,6,612,4888410,403160,510,3,2,2,0,1,1,0,68,1,0,1,99,0
201600006944,16,2,8,1315,1,2,3,2,3,411,4895760,403868,510,4,2,2,0,1,1,0,68,2,0,1,99,0
201600006945,16,4,10,945,1,1,1,7,2,638,4885739,410759,510,3,2,2,0,2,1,0,55,1,0,1,99,0
201600006946,16,6,6,1515,1,2,6,1,6,612,4890557,400600,510,3,1,1,0,1,0,123,74,1,0,1,99,0
201600006947,16,8,8,1800,1,1,1,1,6,612,4889199,402852,510,3,2,2,0,1,1,0,60,1,0,3,99,0
201600006948,16,8,18,1430,1,1,1,1,6,435,4892272,418395,510,3,2,2,0,1,1,0,74,1,0,3,99,0
201600006949,16,8,24,1745,1,1,1,1,5,239,4887032,396122,510,3,2,2,0,1,1,0,68,1,0,1,99,0
201600006950,16,8,25,600,2,1,3,1,3,411,4896381,402815,510,3,2,3,0,1,1,0,109,1,5,1,99,1
201600006951,16,9,25,1815,1,1,1,1,5,435,4891775,416418,510,3,2,2,0,1,1,0,75,1,0,1,99,0
201600006952,16,10,15,1530,1,2,3,1,3,413,4902395,404559,510,4,2,2,0,1,1,0,43,1,0,1,99,0
201600006953,16,10,16,1930,3,1,1,1,7,612,4887319,399933,510,3,2,2,0,2,1,0,60,1,0,3,99,0
201600006954,16,12,10,1400,1,1,1,8,5,413,4899679,403124,510,3,2,2,0,2,1,0,74,2,0,1,99,0
201600006955,16,2,5,1745,2,2,1,1,7,425,4912360,367787,510,4,2,2,0,2,3,0,70,1,0,1,99,0
201600006956,16,5,6,1845,1,2,1,1,6,592,4910468,373527,510,4,2,2,0,2,1,0,60,1,0,3,99,0
201600006957,16,7,19,1400,1,2,1,1,3,217,4908036,364800,510,3,2,2,0,1,1,0,60,1,0,1,99,0
201600006958,16,11,15,730,2,2,1,2,6,346,4908245,375445,510,3,2,2,0,1,4,70,62,2,0,1,99,0
201600006959,16,11,20,945,1,1,1,3,7,63,4908819,377896,510,3,2,2,0,0,2,0,60,2,0,3,99,0
201600006960,16,12,21,2045,3,1,1,1,6,136,4909636,376707,510,3,2,2,0,1,1,0,70,1,0,3,99,0
201600006961,16,3,25,2245,3,1,1,5,1,167,4874353,444328,510,2,2,2,0,2,1,0,72,1,0,1,99,1
201600006962,16,6,3,2145,5,2,3,2,6,10,4866746,391348,510,3,2,2,0,1,1,0,62,2,0,1,99,0
201600006963,16,1,8,800,2,1,1,9,7,33,4897112,377790,510,3,2,2,0,3,1,0,69,7,0,3,99,0
201600006964,16,6,11,1515,1,1,1,2,7,579,4878723,348680,510,3,2,2,0,1,1,0,46,2,0,3,99,1
201600006965,16,6,20,1715,1,2,1,2,4,380,4887107,354763,510,3,2,2,0,1,1,0,70,2,0,1,99,0
201600006966,16,6,23,1915,1,2,1,1,6,380,4887686,353825,510,4,2,2,0,1,1,0,72,1,0,1,3,0
201600006967,16,6,24,1845,1,1,1,1,1,380,4884132,355921,510,3,2,2,0,1,3,0,137,1,0,1,99,0
201600006968,16,11,18,800,1,2,1,1,1,380,4886418,353535,510,4,2,2,0,2,3,0,56,1,0,1,99,0
201600006969,16,12,5,830,2,1,1,7,6,386,4880143,354874,510,3,2,2,0,0,2,0,53,7,0,1,99,0
201600006970,16,2,19,815,1,1,2,1,3,402,4873072,350465,510,3,2,2,0,1,1,0,70,1,5,1,99,0
201600006971,16,3,27,645,2,2,1,2,6,9,4858424,380256,510,3,2,2,0,1,1,0,67,1,0,4,99,0
201600006973,16,4,16,2330,3,2,1,8,6,155,4853227,383660,510,3,2,2,0,1,1,0,60,2,0,4,99,0
201600006974,16,6,24,1400,1,1,2,1,3,402,4873075,350467,510,3,2,2,0,1,1,0,72,1,5,1,99,0
201600006975,16,9,3,1915,1,1,1,1,1,514,4869542,377509,510,3,2,2,0,1,2,0,60,1,0,3,99,0
201600006976,16,9,7,815,1,1,1,1,2,514,4872034,377164,510,2,2,2,0,1,1,0,70,1,0,1,99,0
201600006977,16,10,6,1515,1,1,1,6,3,432,4869196,384042,510,3,2,2,0,1,1,0,56,1,0,1,99,1
201600006978,16,11,22,1300,1,1,2,1,3,402,4873080,350466,510,3,2,2,0,1,1,0,56,1,0,1,99,0
201600006979,16,12,2,1000,1,1,2,5,3,56,4861697,360703,510,3,2,2,0,1,1,0,56,1,0,1,99,0
201600006980,16,12,8,1645,2,2,3,1,3,9,4858522,381897,510,3,2,2,0,1,1,0,62,1,5,1,99,0
201600006981,16,3,30,1600,1,2,1,2,2,250,4931029,368420,510,2,2,2,0,1,1,0,50,2,0,1,99,0
201600006982,16,4,27,2100,2,1,2,8,3,86,4930033,376398,510,2,2,2,0,4,1,0,120,1,0,1,99,0
201600006983,16,8,20,1315,1,2,1,1,6,250,4931203,367957,510,3,2,2,0,3,1,0,66,1,0,1,99,0
201600006984,16,9,24,815,1,1,1,1,7,194,4926542,370386,510,4,2,2,0,2,1,0,41,1,0,3,99,0
201600006985,16,9,24,945,1,1,1,1,5,250,4930866,371198,510,2,2,2,0,0,1,0,147,1,5,1,99,0
201600006986,16,10,12,930,1,1,1,5,1,198,4926391,374460,510,4,2,1,0,2,3,0,40,1,0,1,99,0
201600006987,16,10,22,1045,1,1,1,5,5,250,4930860,369837,510,2,2,2,0,1,1,0,70,1,0,1,99,0
201600006988,16,1,16,1,5,2,1,2,6,518,4930586,397140,510,3,2,2,0,4,3,0,52,2,0,1,99,0
201600006989,16,2,22,1645,1,2,9,1,6,568,4931488,396468,510,3,2,2,0,2,1,0,59,1,0,1,99,0
201600006990,16,3,30,2300,3,2,1,1,6,81,4927030,382077,510,3,2,2,0,1,1,0,70,1,0,1,99,0
201600006991,16,4,17,1430,1,1,1,1,5,391,4927585,385539,510,2,2,2,0,1,3,0,74,1,0,1,99,1
201600006992,16,5,7,1700,1,1,3,1,1,310,4922036,393760,510,3,2,2,0,1,1,0,70,1,0,1,99,1
201600006993,16,6,9,1300,1,2,6,1,3,569,4926360,396453,510,3,1,1,0,1,2,0,50,1,0,1,99,0
201600006994,16,7,11,1445,1,2,9,1,3,569,4925434,396342,510,4,2,2,0,1,1,0,60,1,0,1,99,0
201600006995,16,7,12,1515,1,1,1,1,5,569,4926112,394713,510,2,3,3,0,1,1,35,120,1,0,1,99,0
201600006996,16,7,12,845,1,2,2,1,3,391,4927388,392135,510,3,2,2,0,1,1,0,60,1,5,1,99,0
201600006997,16,9,10,1445,1,2,1,1,6,282,4924471,391060,510,4,2,2,0,1,1,0,55,1,0,1,99,0
201600006998,16,9,9,1845,1,1,1,1,7,391,4927518,386204,510,2,2,2,0,1,1,0,72,1,0,1,99,0