Num_Acc,an,mois,jour,hrmn,lum,agg,int,atm,col,com,lat,long,dep,catr,circ,nbv,vosp,prof,plan,lartpc,larrout,surf,infra,situ,env1,killed
201600006999,16,5,12,1930,1,2,1,2,1,597,4906021,387776,510,4,1,1,0,1,2,0,40,1,0,1,99,0
201600007000,16,6,28,1915,1,1,1,1,1,64,4904587,408275,510,3,2,2,0,1,2,0,67,1,0,1,99,0
201600007001,16,7,19,1100,1,2,1,1,6,210,4906193,396504,510,3,2,2,0,1,1,0,70,1,0,1,99,0
201600007002,16,8,14,415,3,1,1,1,7,204,4907911,386061,510,4,2,2,0,2,3,0,35,1,0,1,99,0
201600007003,16,9,12,915,1,1,1,1,3,331,4911050,411160,510,3,2,2,0,1,1,0,71,1,0,1,99,0
201600007004,16,9,15,1930,1,2,1,1,3,2,4901335,387388,510,3,2,2,0,2,1,0,71,1,0,1,99,0
201600007005,16,10,2,915,1,1,1,1,1,204,4907139,388316,510,3,2,2,0,0,1,0,80,1,0,1,99,1
201600007006,16,10,22,815,1,1,1,1,6,488,4912393,398884,510,3,2,2,0,1,1,0,76,1,0,1,99,1
201600007007,16,7,17,1430,1,1,1,1,6,328,4874328,452449,510,2,2,2,0,2,3,0,75,1,0,3,99,0
201600007008,16,7,19,1730,1,1,1,1,2,340,4874379,445349,510,2,2,2,0,2,1,0,73,1,0,1,99,0
201600007009,16,8,7,1345,1,1,1,1,6,8,4862881,483046,510,3,2,2,0,1,2,0,61,1,0,3,99,1
201600007010,16,8,8,1045,1,2,1,1,1,647,4874438,462637,510,3,2,2,0,1,1,0,60,1,0,4,99,1
201600007011,16,10,5,1745,1,2,3,1,2,649,4872800,458900,510,4,2,2,0,0,1,0,120,1,0,1,99,0
201600007012,16,10,9,1745,1,1,3,1,1,156,4865880,464914,510,3,2,2,0,1,2,0,72,1,0,1,99,0
201600007013,16,10,20,1430,1,1,1,1,6,17,4864504,457993,510,4,2,2,0,1,1,0,60,9,0,1,99,0
201600007014,16,11,5,1600,1,1,1,1,1,141,4883111,450073,510,3,2,2,0,1,1,0,50,1,0,1,99,0
201600007015,16,7,9,1,3,1,1,1,6,635,4881341,486054,510,3,2,2,0,0,1,0,70,1,0,3,99,1
201600007016,16,7,31,1100,1,1,2,1,3,531,4869619,469372,510,2,2,4,0,0,1,0,199,1,5,1,99,0
201600007017,16,8,4,1600,1,1,1,2,1,539,4881497,480065,510,3,2,2,0,1,3,0,63,2,0,1,99,0
201600007018,16,1,14,545,2,1,1,4,7,40,4878965,468308,510,3,2,2,0,1,3,0,65,7,0,1,99,0
201600007019,16,1,16,1445,1,1,1,9,7,144,4873599,489495,510,3,2,2,0,1,3,0,50,9,0,1,99,0
201600007020,16,8,2,1230,1,1,1,2,1,507,4909066,490963,510,3,2,2,0,2,4,0,78,2,0,1,99,0
201600007021,16,9,1,1130,1,2,1,1,7,137,4979712,467191,80,3,2,0,0,1,0,0,54,1,0,0,99,0
201600007023,16,4,19,1400,1,2,6,1,2,362,4952084,437021,80,3,1,1,0,1,3,0,0,1,0,1,99,0
201600007025,16,1,22,1045,1,2,1,7,6,6,4853900,414400,100,3,2,0,0,0,3,0,224,1,5,1,99,1
201600007026,16,4,25,815,1,1,1,1,6,91,4850400,428700,100,3,2,2,0,1,1,0,72,1,0,3,99,0
201600007027,16,5,5,1745,1,2,1,1,1,6,4854000,414499,100,3,2,2,0,1,1,0,90,1,0,1,99,0
201600007028,16,7,18,1130,1,1,1,1,7,195,4857100,430300,100,3,0,0,0,2,1,0,60,1,0,1,99,1
201600007029,16,9,10,215,5,2,1,1,1,6,4853800,414499,100,3,2,0,0,1,2,0,60,1,0,1,99,0
201600007030,16,9,26,800,1,1,1,5,6,216,4867899,419210,100,3,2,0,0,1,1,0,77,1,0,3,99,0
201600007031,16,10,4,2015,3,1,1,1,6,149,4838900,410900,100,3,2,3,0,2,1,0,111,1,0,3,99,0
201600007032,16,10,14,445,3,2,1,1,6,216,4867600,419600,100,3,2,0,0,1,1,0,80,1,0,4,3,1
201600007033,16,10,29,1645,1,1,8,1,6,429,4852200,411900,100,3,2,0,0,2,4,0,70,1,4,3,99,0
201600007034,16,12,11,430,3,1,1,1,6,4,4858400,415400,100,3,2,2,0,1,1,0,78,1,0,3,99,1
201600007035,16,3,29,945,1,1,1,1,5,373,4820289,400366,100,2,2,2,0,0,1,0,75,1,5,1,99,1
201600007036,16,4,13,1600,1,1,1,1,5,342,4816377,405227,100,3,2,1,0,0,3,0,50,1,0,1,99,0
201600007037,16,8,20,1545,1,1,1,1,6,120,4801958,411096,100,3,2,2,0,1,3,0,45,9,0,1,0,0
201600007038,16,9,21,1800,1,2,1,1,3,140,4804130,390783,100,4,2,2,0,1,1,0,60,1,0,1,0,0
201600007039,16,4,14,1600,1,2,1,1,7,344,4823080,406647,100,3,2,2,0,1,3,0,0,1,0,1,0,0
201600007040,16,5,8,1615,1,1,1,1,7,349,4834090,397448,100,3,2,2,0,1,1,0,0,1,0,1,99,0
201600007041,16,7,12,700,1,1,1,1,1,391,4837122,410624,100,3,2,2,0,1,0,0,76,1,0,1,99,1
201600007042,16,7,24,1915,1,1,1,1,7,363,4820980,413294,100,3,2,2,0,0,1,0,50,1,0,0,0,0
201600007043,16,8,3,1715,1,1,1,1,6,412,4831763,413165,100,3,2,2,0,1,2,0,70,1,0,0,99,0
201600007044,16,10,22,1945,3,1,1,1,2,282,4836531,394950,100,3,2,0,0,1,1,0,64,1,0,3,0,0
201600007045,16,12,2,1515,1,2,1,1,2,115,4833000,412300,100,3,0,0,0,0,1,0,70,1,0,1,0,0
201600007046,16,12,19,1900,3,1,1,1,1,260,4822400,411000,100,3,2,2,0,0,3,0,60,1,0,1,0,1
201600007047,16,1,5,1045,1,1,1,1,6,415,4827600,372300,100,3,2,1,0,1,1,0,67,1,0,3,99,0
201600007048,16,4,9,1615,1,2,1,1,3,156,4827756,388327,100,3,2,0,0,1,1,0,80,1,0,1,0,0
201600007049,16,4,29,1415,1,2,1,1,3,396,4822422,392262,100,3,2,0,0,1,1,0,0,1,0,1,0,0
201600007050,16,6,2,30,3,2,1,3,7,125,4833500,382800,100,3,2,2,0,1,3,0,0,2,0,1,0,0
201600007051,16,7,13,1900,1,1,1,1,2,415,4826600,374500,100,3,2,2,0,2,1,0,78,1,0,1,0,0
201600007052,16,8,19,1500,1,1,1,1,7,37,4820200,387600,100,3,2,2,0,1,3,0,60,1,0,1,0,0
201600007053,16,9,1,1600,1,2,1,1,1,3,4822600,373300,100,3,2,2,0,1,1,0,65,1,0,1,0,0
201600007054,16,11,27,1430,1,1,1,1,6,156,4828200,386400,100,3,2,2,0,2,1,0,75,1,0,3,0,1
201600007055,16,3,19,800,1,1,1,1,6,209,4836600,431000,100,3,2,2,0,1,1,0,70,1,0,3,99,0
201600007056,16,6,10,800,1,1,1,1,3,238,4824282,432965,100,3,2,0,0,0,0,0,0,1,5,1,0,0
201600007057,16,7,21,1600,1,1,1,1,1,375,4828400,419299,100,3,2,2,0,1,4,0,79,1,0,1,99,1
201600007058,16,9,17,645,2,1,1,2,7,238,4824155,437269,100,3,3,0,0,2,3,0,0,2,0,3,99,0
201600007059,16,3,11,730,2,1,1,1,1,33,4822712,472291,100,3,2,2,0,1,0,50,100,1,0,1,0,0
201600007060,16,7,18,1600,1,1,1,1,1,48,4819253,456736,100,3,2,0,0,1,1,0,0,1,0,1,99,0
201600007061,16,10,24,1015,1,1,1,3,6,250,4825787,467593,100,3,2,0,0,1,1,0,0,2,0,1,99,0
201600007062,16,12,20,1345,1,2,1,8,3,250,4825800,466700,100,4,2,0,0,2,3,0,43,2,0,1,99,0
201600007063,16,4,13,1400,1,1,1,1,3,372,4836945,469962,100,3,2,2,0,2,1,0,70,1,0,1,99,0
201600007064,16,7,4,1015,1,1,1,1,6,428,4833200,474200,100,3,2,1,0,1,2,0,40,1,0,1,0,0
201600007065,16,10,12,1430,1,2,1,1,1,94,4851800,456800,100,4,2,0,0,1,1,0,0,1,0,1,0,0
201600007066,16,12,9,1330,1,1,1,1,1,285,4842413,453710,100,3,2,2,0,1,1,0,50,1,2,3,99,0
201600007067,16,1,12,1915,3,1,1,1,3,295,4808183,438412,100,3,2,2,0,1,1,0,74,1,0,1,99,0
201600007068,16,1,23,545,3,1,1,1,6,261,4798600,449800,100,3,2,2,0,0,1,0,77,2,0,1,99,0
201600007069,16,4,12,1630,1,1,2,1,5,295,4807900,438900,100,3,2,2,0,0,1,0,60,1,5,1,0,0
201600007070,16,4,29,1230,1,2,1,1,3,79,4794041,425795,100,3,2,0,0,2,0,0,0,1,0,1,99,0
201600007071,16,7,2,1845,1,1,1,1,6,437,4814500,430400,100,3,2,2,0,1,1,0,75,1,0,1,0,1
201600007072,16,7,5,1145,1,1,1,1,3,68,4805431,439073,100,2,2,2,0,0,1,0,0,0,0,1,0,0
201600007074,16,8,24,1700,1,1,1,1,3,213,4815954,441348,100,3,2,2,0,1,1,0,75,1,0,1,99,0
201600007075,16,10,6,1015,1,2,1,1,6,187,4807163,447320,100,4,2,2,0,1,1,0,27,1,0,1,99,0
201600007076,16,11,10,1045,1,1,2,8,3,317,4801300,433000,100,3,2,0,0,0,1,0,64,2,0,1,0,0
201600007077,16,11,10,2015,5,2,1,3,3,158,4814900,426400,100,3,2,0,0,0,3,0,80,2,0,1,99,0
201600007078,16,11,11,2045,5,1,1,1,5,437,4814500,429800,100,3,2,2,0,1,1,74,0,0,0,1,99,0
201600007080,16,12,15,845,1,1,2,1,1,68,4805400,439000,100,3,2,2,0,0,1,0,90,1,0,1,99,0
201600007081,16,12,28,1415,1,1,1,9,6,418,4809500,432300,100,3,2,0,0,0,2,0,60,7,0,3,0,0
201600007082,16,1,22,715,2,1,1,1,1,259,4846488,343475,100,3,2,2,0,1,1,0,0,0,0,1,99,0
201600007083,16,4,10,245,4,2,1,2,6,31,4854925,357827,100,3,2,1,0,4,4,0,46,1,0,3,0,0
201600007084,16,5,1,1715,1,1,1,1,6,106,4846179,342227,100,3,2,2,0,0,1,0,73,1,0,0,0,0
201600007085,16,5,6,845,1,1,1,1,6,20,4870500,394300,100,3,2,1,0,4,4,0,46,1,0,3,0,0
201600007086,16,6,12,1200,1,1,1,1,7,370,4838940,349011,100,3,2,0,0,0,3,0,42,1,0,1,0,1
201600007087,16,9,5,1300,1,1,1,2,1,355,4851852,348298,100,3,2,0,0,1,1,0,53,2,0,1,0,0
201600007088,16,9,16,1715,1,1,1,8,6,259,4847101,345597,100,3,2,1,0,1,1,0,60,1,0,3,99,0
201600007089,16,10,22,1945,3,1,9,1,6,31,4855100,358774,100,3,2,0,0,1,1,0,60,1,0,1,99,1
201600007091,16,12,1,1915,3,1,9,1,1,268,4849338,351692,100,3,2,0,0,0,1,214,0,1,0,1,99,0
201600007092,16,12,5,1845,3,1,1,1,7,254,4858292,349767,100,3,2,2,0,0,1,0,63,1,0,3,0,1
201600007093,16,10,16,1415,1,2,1,1,3,289,4857500,396800,100,4,2,2,0,1,1,0,50,1,0,4,0,1
201600007094,16,10,22,1915,3,1,1,5,2,234,4848436,388852,100,3,2,2,0,1,1,0,54,1,0,1,0,0
201600007095,16,11,30,845,2,2,1,1,2,323,4851000,372400,100,3,2,2,0,1,1,14,103,1,0,1,99,0
201600007096,16,9,14,2300,3,1,1,1,7,56,4807006,499758,520,3,2,2,0,1,0,0,59,1,0,1,0,1
201600007097,16,10,30,1400,1,1,1,1,1,422,4802829,505954,520,3,2,2,0,1,2,0,70,1,0,1,99,0
201600007098,16,11,18,1215,1,1,1,2,7,114,4801297,490589,520,3,2,2,0,1,1,0,72,2,0,3,0,1
201600007099,16,1,9,130,3,1,1,5,6,64,4818850,558377,520,3,2,2,0,2,2,0,65,2,0,3,0,0
201600007100,16,2,21,1600,1,1,1,1,6,183,4820304,539826,520,4,2,0,0,1,1,0,30,1,0,1,99,0
201600007101,16,11,7,1945,3,2,1,1,6,237,4826475,562712,520,3,2,0,0,2,2,0,40,2,0,3,99,0
201600007102,16,1,25,1615,1,2,1,7,2,353,4802154,533434,520,4,2,2,0,2,1,0,70,0,0,1,99,0
201600007103,16,6,12,1845,1,1,1,1,5,248,4803452,542040,520,3,2,0,0,1,1,0,0,1,0,1,0,0
201600007104,16,9,10,15,3,1,1,1,6,353,4804839,535805,520,3,2,2,0,1,1,0,70,1,0,0,0,0
201600007105,16,5,21,1130,1,1,1,1,1,58,4820426,514886,520,3,2,2,1,1,1,0,63,1,0,1,99,0
201600007106,16,9,3,1215,1,1,1,1,7,330,4818305,486652,520,3,2,2,0,1,3,0,0,1,0,3,99,0
201600007107,16,9,9,1800,1,1,1,1,7,251,4815125,508512,520,3,2,0,0,1,2,0,0,1,0,3,0,0
201600007108,16,9,24,1730,1,2,1,1,7,322,4819248,506944,520,4,2,2,0,1,1,0,0,1,0,1,99,0
201600007109,16,10,10,2315,3,1,1,1,1,221,4815073,502690,520,3,2,2,0,3,1,0,80,1,0,1,99,1
201600007110,16,9,28,1645,1,2,9,1,2,253,4818168,498194,520,3,2,2,0,0,1,0,108,1,0,1,99,0
201600007111,16,10,27,430,3,1,1,5,6,310,4827789,502558,520,3,2,2,0,1,1,0,0,2,0,3,0,0
201600007112,16,10,29,915,1,1,1,1,7,253,4818866,498822,520,3,0,2,0,2,1,0,50,1,0,1,0,0
201600007113,16,2,12,2200,3,1,1,2,1,269,4785764,535774,520,2,2,0,0,2,3,0,72,2,0,1,99,1
201600007114,16,2,19,730,1,1,1,1,7,432,4794727,527962,520,3,2,2,0,1,1,0,72,1,0,3,99,0
201600007115,16,4,23,1215,1,1,1,2,1,348,4793059,543108,520,3,2,2,0,1,1,0,64,2,0,1,99,1
201600007116,16,5,13,1115,1,1,1,1,1,37,4791042,540122,520,3,2,2,0,1,0,0,0,1,0,1,99,0
201600007117,16,6,8,1700,1,1,1,1,2,36,4782186,540048,520,3,2,2,0,2,2,0,73,1,0,1,99,0
201600007118,16,7,16,1715,1,1,1,1,6,105,4791174,538586,520,3,2,2,0,0,1,61,0,1,0,1,99,0
201600007119,16,10,28,1530,1,1,1,1,6,447,4788416,526472,520,4,2,0,0,0,2,0,40,9,0,3,99,0
201600007120,16,5,7,2345,5,2,1,1,6,332,4800124,548870,520,3,2,1,0,1,1,0,70,1,5,3,3,0
201600007121,16,7,10,1715,1,1,1,1,6,208,4791847,583190,520,3,2,2,0,0,2,0,63,1,0,3,99,0
201600007122,16,12,4,1615,1,1,1,1,7,60,4793969,576907,520,3,2,2,0,1,2,0,0,1,0,3,99,0
201600007123,16,1,17,1400,1,1,1,1,3,119,4781752,549103,520,2,2,2,0,0,0,0,109,2,0,1,0,0
201600007124,16,8,6,1245,1,1,1,1,7,93,4780015,542260,520,3,2,2,0,1,1,0,68,1,0,3,99,0
201600007125,16,8,19,1230,1,1,1,1,1,513,4783191,572000,520,3,2,2,0,1,3,0,61,1,0,1,99,0
201600007126,16,4,16,1900,1,1,1,1,1,529,4773258,531159,520,3,2,2,0,1,4,0,0,2,0,3,99,0
201600007127,16,6,9,1715,1,1,1,1,7,62,4779661,531570,520,3,2,2,0,3,1,24,68,1,0,1,99,0
201600007128,16,7,3,1700,1,1,1,1,7,28,4784425,503299,520,3,2,0,0,0,3,0,42,1,0,3,0,0
201600007129,16,9,28,2030,5,2,1,1,6,405,4768017,529201,520,3,2,1,0,2,1,0,30,1,0,4,0,0
201600007130,16,10,2,730,2,1,1,1,1,529,4771648,529982,520,3,2,2,0,1,1,0,0,1,0,1,0,1
201600007131,16,12,5,1230,1,1,1,9,6,431,4782914,514011,520,3,2,0,0,2,2,0,51,7,0,3,99,0
201600007132,16,2,5,1615,1,1,1,8,1,512,4846295,512978,520,3,2,2,0,1,1,0,75,1,0,3,0,1
201600007133,16,2,8,1215,1,1,1,3,7,512,4846868,512688,520,2,2,2,0,0,1,0,70,2,0,1,99,0
201600007134,16,3,31,715,2,1,1,5,1,456,4837959,517398,520,3,2,2,0,1,1,0,40,1,0,1,99,0
201600007135,16,5,15,1815,1,1,1,1,7,118,4848203,509433,520,3,2,1,0,0,3,0,50,1,0,3,0,0
201600007136,16,5,17,830,1,1,1,1,6,250,4844835,514302,520,4,2,2,0,1,3,60,0,1,0,4,0,0
201600007137,16,7,17,630,2,1,1,5,7,230,4831849,515313,520,3,2,2,0,0,0,0,45,1,0,0,0,0
201600007138,16,7,23,1645,1,1,1,1,7,347,4859052,508084,520,3,2,2,0,1,3,0,0,9,0,0,99,0
201600007139,16,9,14,1030,1,1,1,1,3,118,4848131,512716,520,3,2,2,0,1,1,0,74,1,0,1,0,0
201600007140,16,9,24,800,1,2,3,1,1,29,4847337,513724,520,4,0,0,0,0,0,0,0,0,0,0,0,0
201600007141,16,9,27,1645,1,1,1,1,1,442,4842042,514687,520,2,2,2,0,1,1,0,72,1,0,1,99,1
201600007142,16,10,8,1745,1,1,1,2,2,194,4859196,503147,520,2,2,2,0,2,2,0,64,2,5,1,0,0
201600007143,16,10,24,1930,5,2,1,2,6,484,4844652,516929,520,3,2,0,0,0,1,0,0,2,0,4,3,0
201600007144,16,11,26,1515,1,1,1,1,7,440,4837246,515311,520,2,2,2,0,2,1,0,35,1,0,1,0,0
201600007145,16,3,13,1845,2,2,9,1,6,149,4841503,494046,520,3,2,2,0,1,1,0,0,1,5,1,0,0
201600007146,16,8,2,1315,1,1,1,2,7,359,4836454,481815,520,3,2,2,0,4,3,0,68,2,0,1,0,0
201600007147,16,8,23,1745,1,2,1,1,1,171,4842795,496332,520,3,0,2,0,0,4,0,70,1,0,1,99,0
201600007148,16,2,12,1230,1,1,1,8,3,555,4741984,515324,210,3,2,2,0,1,1,75,0,2,0,1,99,0
201600007149,16,3,25,815,1,1,3,2,3,179,4740337,511584,210,3,2,1,0,1,1,0,63,2,0,1,99,0
201600007150,16,8,23,1415,1,1,1,1,7,555,4739271,511688,210,3,2,2,2,1,1,0,90,1,0,1,99,0
201600007151,16,9,12,15,3,2,1,1,6,535,4737021,507951,210,3,2,2,2,1,1,21,91,1,0,1,99,0
201600007152,16,11,1,1620,1,1,1,1,2,555,4739794,513229,210,3,2,2,0,1,1,0,0,1,0,1,99,0
201600007153,16,1,6,1315,1,2,1,3,1,367,4725044,534200,210,3,2,2,0,4,3,0,58,2,0,1,99,0
201600007154,16,2,28,1500,1,2,1,1,6,38,4719147,539117,210,6,0,0,0,1,0,0,0,1,0,0,0,0
201600007155,16,4,13,1315,1,2,1,1,6,38,4717782,540448,210,4,2,0,0,1,2,0,0,1,0,3,99,0
201600007156,16,6,25,900,1,2,1,1,6,371,4713644,533976,210,3,2,0,0,1,1,0,59,1,0,1,0,0
201600007157,16,8,13,1030,1,2,1,1,7,699,4721184,534184,210,4,2,0,0,2,3,0,48,1,2,1,0,0
201600007158,16,8,29,715,2,1,9,1,1,699,4720475,534574,210,3,2,2,0,0,1,0,100,1,5,1,0,0
201600007159,16,9,1,1615,1,2,1,1,1,639,4717943,535141,210,3,2,2,0,1,3,0,0,1,0,1,3,0
201600007160,16,10,13,1910,5,2,1,2,6,38,4719199,538430,210,4,2,2,1,1,3,0,0,2,0,1,99,0
201600007161,16,10,19,800,2,2,3,1,3,38,4719375,539393,210,3,2,2,0,1,0,6,15,1,0,0,0,0
201600007162,16,3,17,1430,1,1,1,1,1,352,4722373,524331,210,3,2,2,0,1,1,0,81,1,0,1,99,0
201600007163,16,4,10,445,5,2,1,1,6,370,4727340,517107,210,3,2,2,0,4,1,0,58,1,0,1,0,0
201600007165,16,9,13,1800,1,1,1,1,3,106,4724533,509835,210,3,2,2,0,1,1,103,0,1,0,1,0,0
201600007166,16,1,29,1245,1,1,1,1,7,113,4720181,502801,210,3,2,2,0,1,1,0,52,1,0,3,99,1
201600007167,16,1,29,1700,1,1,1,1,2,458,4720174,508166,210,3,2,2,0,1,1,0,80,1,0,1,99,0
201600007168,16,3,17,1530,1,2,3,1,3,295,4722596,496918,210,3,2,2,0,1,1,0,0,1,0,1,99,0
201600007169,16,5,16,1400,1,2,2,1,3,295,4722490,497078,210,3,2,0,0,0,0,0,0,0,0,0,0,0
201600007170,16,6,5,1945,1,1,1,1,7,390,4726639,499893,210,3,2,0,0,1,1,0,0,1,0,1,0,0
201600007171,16,7,25,2345,5,2,1,1,6,442,4719249,496859,210,3,2,2,0,1,1,0,0,1,0,1,99,0
201600007172,16,8,8,1430,1,1,1,1,3,586,4721789,506559,210,3,2,3,0,1,1,0,0,1,0,1,0,0
201600007173,16,8,11,1145,1,2,1,1,3,390,4728218,500884,210,3,2,2,0,1,1,0,74,1,0,1,0,0
201600007174,16,12,2,1020,1,1,1,9,6,132,4722446,491987,210,3,2,2,0,2,1,0,52,7,0,3,99,0
201600007175,16,3,3,1445,1,2,1,2,1,496,4730404,541966,210,3,2,2,0,1,1,0,57,2,2,1,99,0
201600007176,16,9,13,1900,1,1,2,1,3,437,4734875,537522,210,3,2,2,0,1,1,0,57,1,5,1,99,0
201600007177,16,1,9,1200,1,1,1,2,3,391,4744314,511808,210,3,2,2,0,1,1,0,70,2,0,1,0,0
201600007178,16,3,11,1945,3,1,1,1,6,421,4755890,492249,210,3,2,2,0,2,2,0,60,1,0,3,0,0
201600007179,16,3,23,330,3,1,1,1,1,599,4757158,520644,210,3,2,2,0,1,1,0,62,1,0,1,0,1
201600007180,16,1,1,1415,1,1,1,1,6,37,4698874,476015,210,3,2,0,0,0,3,0,70,2,0,1,0,0
201600007181,16,1,4,1500,1,1,1,1,3,412,4696899,477725,210,3,2,2,3,0,1,0,105,1,5,1,0,0
201600007183,16,1,25,1345,1,1,1,1,5,527,4696866,469587,210,3,2,2,0,3,1,0,71,1,0,1,0,0
201600007184,16,3,14,1945,3,1,1,1,6,558,4699072,487221,210,3,2,0,0,1,1,0,75,1,0,1,99,0
201600007185,16,5,16,2300,5,2,1,1,6,461,4695274,463158,210,3,2,0,0,2,1,0,0,1,0,1,99,0
201600007186,16,6,7,1800,1,1,2,1,3,534,4704079,490694,210,3,0,2,0,1,1,0,0,1,0,1,99,0
201600007187,16,6,24,1130,1,1,1,1,5,492,4701488,479009,210,3,2,2,0,1,3,0,62,1,0,1,0,0
201600007188,16,7,1,1815,1,1,3,1,3,712,4700297,478972,210,3,2,2,0,2,1,0,70,1,0,1,99,0
201600007189,16,8,3,1800,1,2,1,1,3,684,4703050,488222,210,4,2,2,0,1,0,0,30,1,2,1,0,0
201600007190,16,9,9,1830,2,1,1,1,1,582,4691297,471760,210,3,2,2,0,1,1,0,0,1,0,1,0,0
201600007191,16,6,4,1145,1,2,1,1,1,600,4728180,462269,210,3,2,1,0,2,3,0,0,1,3,1,0,0
201600007192,16,6,11,945,1,2,1,1,7,652,4721146,463072,210,3,2,0,0,1,1,0,46,1,0,4,0,0
201600007193,16,6,19,1415,1,1,9,1,3,360,4708118,470897,210,3,2,2,0,1,1,0,62,1,0,1,99,0
201600007194,16,8,15,2215,3,1,1,1,4,251,4720100,453900,210,3,2,0,0,2,1,0,34,1,0,1,0,0
201600007195,16,1,4,1830,3,1,1,2,6,688,4714502,490841,210,3,2,2,0,2,3,0,62,2,0,3,0,0
201600007196,16,3,22,1315,1,1,1,7,5,506,4711614,493677,210,3,2,2,0,0,1,0,68,1,0,1,0,0
201600007197,16,6,6,1900,1,1,1,1,1,289,4712204,483681,210,3,2,0,0,0,3,0,57,1,0,1,99,0
201600007198,16,7,8,1615,1,2,1,1,6,464,4713497,495783,210,3,2,2,0,2,1,0,69,1,0,1,99,1
201600007199,16,12,3,1455,1,2,2,1,3,368,4709777,487537,210,3,2,2,0,3,0,6,910,1,0,0,0,0
201600007200,16,12,22,1750,5,2,1,2,6,606,4707213,487587,210,3,2,2,0,1,1,19,69,2,0,1,99,0
201600007201,16,3,12,200,3,1,1,1,6,89,4708191,513842,210,3,2,1,0,0,1,0,60,1,0,1,99,1
201600007202,16,2,21,1945,5,2,1,1,6,154,4786892,457765,210,3,2,2,0,1,1,0,73,1,0,1,99,0
201600007203,16,6,26,1930,1,2,1,1,5,115,4783166,457174,210,3,2,0,0,0,1,0,75,1,0,1,99,0
201600007204,16,7,25,1515,1,1,1,1,6,134,4779569,454362,210,3,2,0,0,1,1,0,71,1,0,1,99,0
201600007205,16,7,28,1400,1,1,1,3,7,115,4781503,454809,210,3,2,0,0,1,3,0,71,2,0,1,0,0
201600007206,16,9,3,2315,3,1,1,1,7,296,4800212,478495,210,3,2,2,0,1,2,0,67,1,0,3,99,0
201600007207,16,4,18,2000,1,1,1,1,6,4,4764666,473661,210,3,2,2,0,1,1,0,67,1,0,3,99,1
201600007208,16,5,20,1700,1,1,1,1,1,257,4759709,458846,210,3,2,2,0,1,2,0,64,1,0,1,99,0
201600007209,16,7,8,200,4,2,1,1,7,364,4768536,457958,210,3,2,2,0,2,1,0,75,1,0,1,99,0
201600007210,16,9,6,2230,3,2,1,1,6,276,4764358,451705,210,3,2,2,0,1,2,0,51,1,0,3,0,1
201600007211,16,2,27,2315,3,1,1,1,7,199,4755843,420424,210,3,2,2,0,2,3,38,0,1,0,3,99,0
201600007212,16,3,19,1430,1,1,1,1,2,696,4744084,439195,210,3,2,2,0,0,1,0,0,1,0,1,0,0
201600007214,16,6,11,915,1,2,1,1,7,425,4762152,435486,210,3,2,2,0,1,1,0,0,1,0,1,99,0
201600007215,16,9,13,1915,1,1,1,7,6,291,4753781,429544,210,3,2,2,0,1,3,0,60,1,0,1,99,0
201600007216,16,2,26,1600,1,1,2,1,3,80,4736770,477504,210,3,2,2,0,1,1,0,35,1,0,1,0,0
201600007217,16,2,19,2230,3,1,1,1,6,234,4733904,468485,210,9,0,0,0,1,0,0,0,1,0,3,99,1
201600007218,16,6,19,2045,1,1,1,1,1,18,4728030,483371,210,3,2,1,0,0,3,0,60,1,0,1,99,0
201600007219,16,7,9,1145,1,1,1,1,2,223,4735979,497669,210,3,2,2,0,2,1,0,80,1,0,1,99,1
201600007220,16,9,14,1445,1,1,1,1,6,559,4729756,480851,210,1,3,4,3,1,1,15,70,1,0,3,99,1
201600007221,16,9,30,1715,1,1,1,1,1,373,4732911,478352,210,3,2,2,0,2,2,0,57,1,0,1,99,0
201600007243,16,5,11,1145,1,1,1,1,6,238,4660900,338600,580,3,2,2,0,0,1,50,50,1,0,3,99,0
201600007282,16,10,24,1345,1,2,1,3,7,286,4760800,300200,580,4,1,1,0,2,1,0,70,2,0,1,99,0
201600007285,16,12,23,230,3,1,1,2,6,32,4779500,372400,580,3,2,2,0,1,2,0,70,2,0,3,0,1
201600007287,16,7,23,1545,1,1,1,1,5,185,4717500,409000,580,3,2,2,0,2,2,0,60,1,0,1,99,1
201600007312,16,5,10,1545,1,1,1,1,1,210,4628738,474321,710,3,2,2,0,2,2,0,49,1,0,1,99,0
201600007313,16,6,12,1015,1,1,2,2,3,360,4631778,474932,710,3,2,0,0,1,0,0,0,2,0,1,0,0
201600007316,16,8,23,1445,1,2,1,1,1,250,4637235,480589,710,3,2,2,0,2,1,0,68,9,0,1,0,0
201600007318,16,9,29,1915,2,2,1,1,1,526,4629754,472371,710,4,2,2,0,2,0,40,0,1,0,1,0,0
201600007319,16,9,30,1945,3,1,1,2,1,235,4634776,480507,710,4,2,2,0,1,1,0,50,2,0,1,99,0
201600007320,16,10,15,1800,1,1,2,1,3,360,4633289,473639,710,3,1,1,0,1,3,0,0,1,0,0,0,0
201600007321,16,10,17,1915,2,1,1,2,3,360,4633288,473644,710,3,2,2,0,1,3,0,70,2,5,1,99,0
201600007322,16,11,15,1600,1,1,1,1,2,360,4631906,477296,710,3,2,0,0,1,1,40,0,1,0,1,0,0