Num_Acc,an,mois,jour,hrmn,lum,agg,int,atm,col,com,lat,long,dep,catr,circ,nbv,vosp,prof,plan,lartpc,larrout,surf,infra,situ,env1,killed
201600007323,16,12,26,1445,1,2,1,2,2,235,4635231,479356,710,3,2,2,0,1,1,0,70,2,0,1,99,0
201600007324,16,2,5,1630,1,2,1,1,4,90,4621655,477753,710,3,0,1,0,1,1,0,60,1,0,1,99,0
201600007325,16,5,2,1515,1,2,1,1,7,385,4624351,473520,710,3,2,2,0,1,3,68,0,1,0,1,99,0
201600007327,16,7,10,1330,1,2,1,1,6,90,4621230,475610,710,4,2,2,0,2,1,0,65,1,0,1,0,0
201600007328,16,8,3,1030,1,2,1,1,3,90,4621342,475937,710,4,2,2,0,1,0,0,0,1,0,0,99,0
201600007329,16,8,29,1600,1,1,1,1,4,481,4619763,476346,710,3,2,2,0,1,1,30,82,1,0,1,99,0
201600007330,16,10,19,730,5,2,1,1,6,84,4624640,476219,710,3,2,2,0,1,1,0,0,2,0,1,99,0
201600007331,16,4,1,1515,1,2,1,1,7,545,4630857,460910,710,4,2,2,0,1,2,0,21,1,0,1,0,0
201600007332,16,6,10,945,1,2,1,1,1,495,4651830,459036,710,3,2,2,0,3,1,0,0,1,0,1,99,0
201600007333,16,6,24,1330,1,2,6,1,3,137,4643974,465982,710,3,0,0,0,4,0,0,0,1,0,1,0,0
201600007337,16,5,28,1545,1,1,1,1,3,345,4643698,482342,710,3,2,2,0,0,1,0,0,1,0,1,99,0
201600007339,16,7,10,2030,1,1,1,1,6,16,4642914,474335,710,4,2,1,0,1,3,0,30,1,0,1,0,0
201600007340,16,7,20,1045,1,1,1,1,3,550,4649618,489550,710,3,2,0,0,1,1,0,40,1,0,1,99,0
201600007342,16,11,17,1830,3,1,1,1,1,248,4655645,492052,710,3,2,2,0,1,1,0,70,1,0,1,0,1
201600007343,16,12,7,1745,1,1,1,5,1,543,4660061,489665,710,3,2,2,0,1,1,0,50,1,5,1,99,0
201600007344,16,2,3,1330,1,1,1,2,6,266,4707328,424811,710,3,2,2,0,1,1,0,0,2,0,3,99,1
201600007346,16,7,19,2000,1,1,1,1,1,10,4689884,440770,710,4,2,0,0,1,2,0,0,1,0,1,99,0
201600007347,16,8,1,1015,1,2,1,1,5,14,4697068,430597,710,4,2,1,0,1,1,0,0,1,0,1,99,0
201600007349,16,9,29,1400,1,1,1,1,1,14,4695189,429216,710,4,2,2,0,1,1,0,58,1,0,1,99,0
201600007350,16,10,25,745,2,1,1,5,7,313,4693437,421212,710,3,2,0,0,1,1,0,0,2,0,3,0,0
201600007354,16,7,3,1245,1,2,1,1,4,73,4690429,476195,710,3,2,2,0,0,1,0,70,1,0,1,3,0
201600007355,16,9,1,845,1,2,1,7,6,73,4690435,475486,710,4,2,2,0,1,1,0,50,1,0,1,3,0
201600007358,16,5,21,2000,1,1,2,1,3,124,4667837,470171,710,4,2,0,0,2,1,0,55,1,5,1,0,0
201600007359,16,6,1,830,1,2,2,1,3,269,4674862,485025,710,3,2,4,3,1,1,6,142,1,5,1,0,0
201600007360,16,7,18,1345,1,1,1,1,1,374,4674313,471251,710,3,2,2,0,1,1,0,0,1,0,1,0,0
201600007362,16,10,7,1715,1,2,1,1,2,269,4675758,484344,710,3,3,0,0,0,1,0,70,1,3,1,0,0
201600007367,16,6,12,1745,1,2,1,1,3,456,4676508,505947,710,3,2,0,0,1,1,0,0,1,0,1,99,0
201600007371,16,8,10,1845,1,2,1,1,2,33,4681975,496756,710,3,2,0,0,0,1,0,0,1,5,1,0,0
201600007375,16,9,24,1000,1,1,1,1,3,420,4667892,495498,710,3,2,0,0,0,0,0,0,1,0,1,0,0
201600007376,16,11,1,400,4,1,1,1,7,420,4668864,497530,710,3,2,2,0,2,3,60,60,1,0,1,99,0
201600007377,16,11,4,15,4,1,1,1,6,189,4674197,491218,710,3,2,2,0,1,1,0,0,1,0,1,0,0
201600007379,16,6,23,1745,1,1,1,1,3,555,4670002,488633,710,4,2,2,0,2,2,0,31,1,0,1,0,0
201600007380,16,7,5,1745,1,2,1,1,3,444,4672947,485759,710,3,2,2,0,0,1,0,110,1,0,1,0,0
201600007388,16,6,28,1715,1,1,1,1,1,120,4620773,429981,710,4,2,0,0,2,1,0,0,1,0,1,99,0
201600007389,16,12,5,745,2,1,1,9,5,95,4625560,429937,710,3,2,2,0,0,1,0,67,2,0,1,99,1
201600007391,16,3,20,30,5,1,1,1,1,176,4648023,396999,710,3,2,2,0,2,2,0,76,1,0,1,99,0
201600007392,16,5,6,1830,1,2,1,1,6,176,4648736,401356,710,4,0,0,0,1,1,0,40,9,0,3,0,0
201600007393,16,8,22,1730,1,1,1,7,1,325,4649188,396253,710,3,2,0,0,0,1,0,0,1,0,1,99,0
201600007394,16,9,17,2100,5,2,2,3,3,176,4648136,397192,710,3,2,0,0,0,1,0,0,2,0,1,0,0
201600007395,16,9,24,1100,1,2,1,1,6,176,4644930,411814,710,4,2,0,0,1,1,0,60,1,0,4,99,0
201600007397,16,10,23,630,3,1,1,1,7,307,4635868,403456,710,3,2,2,0,1,1,0,70,1,0,3,0,0
201600007399,16,11,12,1345,1,1,1,8,5,232,4643622,415950,710,3,2,2,0,1,0,0,0,2,0,1,99,0
201600007400,16,11,29,1745,2,2,1,1,3,588,4645438,405848,710,3,2,0,0,0,1,0,0,1,0,1,0,0
201600007401,16,12,4,1215,1,2,1,1,6,439,4647348,409085,710,4,2,2,0,2,0,0,0,1,0,1,0,0
201600007403,16,6,25,1930,1,2,1,1,1,47,4661442,376404,710,3,2,0,0,1,1,0,0,1,0,1,0,0
201600007404,16,6,29,1215,1,2,1,1,3,47,4662210,377691,710,3,2,2,0,1,3,0,200,1,0,1,0,0
201600007405,16,8,18,1200,1,1,1,1,6,227,4665821,395459,710,4,2,2,0,1,2,0,25,1,0,3,0,1
201600007406,16,9,5,945,1,1,1,1,1,152,4672339,388261,710,4,4,0,0,4,0,0,0,0,2,0,0,0
201600007407,16,9,25,2100,3,1,1,1,7,280,4672939,395123,710,3,2,1,0,1,2,0,42,1,0,3,0,0
201600007408,16,1,30,515,3,1,1,8,6,370,4653400,403890,710,3,2,2,0,1,1,0,55,1,0,3,0,0
201600007411,16,6,16,1800,1,2,1,1,6,542,4669727,413065,710,3,2,0,0,1,1,0,0,1,0,4,0,0
201600007413,16,7,1,1930,1,1,1,1,3,558,4652474,524122,710,3,2,2,0,1,1,0,65,1,0,1,0,0
201600007414,16,10,28,1500,1,1,1,8,6,528,4662592,515152,710,3,2,0,0,1,2,0,70,2,0,3,0,1
201600007415,16,11,20,1845,5,2,1,1,3,27,4666893,538874,710,3,2,2,0,1,1,75,37,1,0,1,99,0
201600007416,16,12,20,1015,1,2,1,1,6,263,4662843,522086,710,4,0,2,0,1,1,0,0,1,0,1,99,0
201600007417,16,7,21,900,1,2,1,1,6,318,4655711,516472,710,3,3,0,0,1,0,0,0,1,0,1,0,0
201600007418,16,10,7,1900,1,1,1,1,6,244,4658282,507366,710,3,2,1,0,0,3,0,64,1,0,3,0,1
201600007420,16,2,13,1430,1,1,1,2,7,419,4673414,527084,710,3,2,0,0,1,2,0,0,2,0,3,99,0
201600007426,16,11,22,900,1,1,1,2,3,357,4696018,524194,710,3,2,2,0,1,1,0,0,2,0,0,99,1
201600007427,16,12,6,1915,5,2,3,5,7,351,4688312,526354,710,3,1,1,0,2,1,0,71,7,0,0,0,0
201600007430,16,12,10,2245,4,2,1,5,6,314,4680636,530973,710,3,2,2,0,2,1,60,60,0,0,1,99,0
201600007432,16,9,23,1800,1,1,1,7,6,479,4682284,442188,710,3,2,0,0,1,1,0,60,1,0,3,99,0
201600007433,16,10,22,300,3,1,9,5,6,38,4673617,436342,710,3,2,2,0,1,1,0,30,2,0,1,99,0
201600007434,16,12,1,800,1,2,1,1,6,310,4674983,447040,710,3,2,0,3,1,4,0,80,1,6,1,0,0
201600007435,16,2,8,1345,1,1,1,6,1,417,4661397,465678,710,3,2,0,0,1,1,0,63,2,0,0,0,0
201600007436,16,8,7,1900,1,1,1,1,3,455,4666446,459538,710,3,2,0,0,1,3,0,67,1,0,1,0,0
201600007437,16,3,11,145,3,1,1,1,4,350,4800620,315831,890,1,3,0,0,1,1,15,105,1,0,1,99,1
201600007438,16,3,16,330,3,1,1,1,3,133,4799319,317772,890,1,3,3,0,1,1,15,105,1,0,2,0,0
201600007439,16,5,31,300,3,1,1,2,7,313,4797582,319619,890,1,3,3,0,1,1,15,135,4,0,1,99,0
201600007440,16,6,17,800,1,1,1,2,6,384,4789888,336080,890,1,3,3,0,1,1,15,135,2,0,2,0,0
201600007441,16,8,24,815,1,1,1,1,2,388,4794860,323388,890,1,3,3,0,1,1,10,105,1,0,1,0,0
201600007442,16,8,27,630,3,1,1,1,7,53,4787558,347663,890,1,1,3,0,0,1,50,140,1,0,1,0,0
201600007443,16,10,20,100,3,1,1,1,5,384,4790325,334780,890,1,1,3,0,1,1,50,140,1,0,1,0,0
201600007444,16,12,25,15,3,1,1,1,2,388,4793535,324678,890,1,1,3,0,0,2,20,138,1,0,1,0,1
201600007445,16,2,14,1700,1,1,1,2,5,404,4816391,317605,890,1,1,2,0,1,1,20,70,2,0,1,0,0
201600007446,16,2,25,2300,3,1,1,1,2,136,4826310,329056,890,1,1,2,0,1,1,70,0,1,0,2,0,0
201600007447,16,4,8,845,1,1,1,2,6,124,4835338,317374,890,1,1,2,0,1,1,25,75,2,0,3,0,0
201600007448,16,3,12,930,1,1,1,1,3,291,4811569,328906,890,3,2,0,0,1,1,0,0,1,0,1,0,0
201600007449,16,5,22,1215,1,1,1,3,6,27,4824068,359682,890,1,3,2,0,1,2,10,70,2,0,1,0,0
201600007450,16,5,30,130,3,1,1,3,6,136,4824573,326636,890,1,1,2,0,1,1,0,70,2,0,2,0,0
201600007451,16,6,13,2215,3,1,1,1,2,466,4818580,318094,890,1,3,2,0,1,1,10,127,1,0,2,0,0
201600007452,16,7,19,2245,3,1,1,1,6,461,4824535,355462,890,1,3,2,0,0,0,10,70,1,0,1,0,0
201600007453,16,8,4,1715,1,1,1,1,7,442,4808545,313122,890,1,1,2,0,1,1,20,100,1,0,1,99,0
201600007454,16,8,7,1200,1,1,1,1,6,442,4810355,313702,890,1,1,2,0,1,2,10,70,1,0,1,0,0
201600007455,16,8,11,2315,3,1,1,1,7,380,4806548,308203,890,1,3,2,0,1,1,30,70,1,0,1,99,0
201600007456,16,11,6,1415,1,1,1,4,6,442,4808267,312895,890,1,3,0,0,1,1,0,70,7,0,1,99,0
201600007457,16,11,11,715,2,1,1,8,6,461,4824448,356315,890,1,3,2,0,1,1,20,100,2,0,3,99,0
201600007458,16,12,18,515,3,1,1,5,2,350,4802718,312986,890,1,1,4,3,1,1,20,120,2,0,1,99,0
201600007459,16,1,7,645,3,1,1,2,6,77,4773802,360596,890,3,2,2,0,2,2,36,74,2,0,1,99,1
201600007460,16,3,15,1600,1,1,1,1,2,438,4779417,365225,890,2,2,2,0,0,3,21,77,1,5,1,99,0
201600007461,16,5,4,1430,1,1,1,7,1,453,4778726,352211,890,3,2,1,0,1,1,0,72,1,0,1,99,0
201600007462,16,5,12,1645,1,1,1,8,1,13,4786079,354065,890,3,3,4,0,1,1,21,138,2,0,1,0,0
201600007463,16,8,8,1200,1,1,1,1,1,438,4779345,363346,890,2,2,2,0,0,3,0,75,1,0,1,0,0
201600007464,16,9,1,1945,2,1,1,1,1,83,4782110,344495,890,3,2,0,0,1,2,70,0,1,0,1,3,0
201600007465,16,9,9,715,1,2,1,1,1,13,4787154,353414,890,3,3,0,0,1,1,30,73,2,0,1,99,0
201600007467,16,10,4,1045,1,1,1,1,2,13,4787400,353500,890,3,3,4,0,1,1,0,0,1,0,1,99,0
201600007468,16,10,31,1800,3,2,1,1,7,438,4781506,361843,890,4,2,0,0,1,1,0,0,1,0,3,0,0
201600007469,16,11,2,1630,1,2,1,1,2,83,4782655,345658,890,3,2,2,0,1,1,0,0,1,0,1,0,0
201600007470,16,11,6,745,1,1,1,2,1,453,4778465,352146,890,3,2,0,0,1,2,0,0,2,0,1,99,0
201600007471,16,12,1,1815,3,1,1,9,3,438,4780736,367474,890,3,2,3,0,2,1,0,105,7,0,1,99,1
201600007472,16,4,7,1330,1,1,1,1,5,441,4766793,372030,890,3,2,2,0,1,1,0,70,1,0,1,99,1
201600007473,16,7,24,1015,1,1,1,1,7,125,4759006,350878,890,2,2,0,0,0,0,0,60,1,0,1,0,0
201600007476,16,8,9,615,1,1,1,1,7,84,4764932,353893,890,3,2,0,0,1,2,46,0,1,0,1,0,0
201600007477,16,8,14,2300,3,1,1,1,7,314,4764544,366963,890,3,2,2,0,3,2,0,55,1,0,1,0,0
201600007478,16,10,2,600,1,1,1,1,6,158,4751868,330033,890,3,0,0,0,0,3,0,0,1,0,3,0,0
201600007479,16,11,28,1630,1,1,1,7,5,256,4766858,351608,890,2,2,2,0,1,1,0,0,1,0,1,0,0
201600007480,16,2,2,800,1,1,1,2,6,61,4799202,383153,890,3,0,2,0,0,3,0,54,2,0,1,99,1
201600007481,16,4,23,1845,1,1,1,1,6,186,4799627,376154,890,3,2,2,0,1,1,0,82,1,0,3,0,0
201600007482,16,9,28,1130,1,2,9,1,6,345,4800084,373017,890,4,0,0,0,0,0,0,0,0,0,0,0,0
201600007483,16,10,31,1800,3,1,1,1,1,425,4801256,372319,890,3,2,2,0,2,3,0,65,1,0,1,99,0
201600007484,16,12,6,1400,1,1,2,1,3,425,4805888,374626,890,3,2,2,0,2,1,0,58,1,5,1,0,0
201600007485,16,12,8,1545,1,2,1,1,3,474,4794305,383479,890,3,2,0,0,1,1,0,0,1,0,1,99,0
201600007486,16,3,24,1645,1,1,2,1,3,307,4792013,371317,890,2,2,0,0,1,3,0,80,1,5,1,99,0
201600007487,16,4,5,1530,1,1,1,1,5,263,4783986,355144,890,2,2,2,0,1,1,0,80,1,3,1,99,0
201600007488,16,5,8,1815,1,1,1,1,7,34,4781210,370927,890,3,0,3,0,2,2,0,0,1,0,1,99,0
201600007489,16,7,9,530,2,1,1,1,1,200,4792100,360386,890,3,0,1,0,1,1,0,71,1,0,1,0,0
201600007490,16,7,22,1630,1,1,1,1,3,68,4779596,379883,890,3,2,0,0,1,1,0,70,1,0,1,99,0
201600007491,16,7,25,1500,1,1,1,1,1,263,4783429,355280,890,2,2,3,0,4,1,0,104,1,0,1,99,1
201600007493,16,10,12,830,1,2,1,1,3,382,4790266,361024,890,3,2,2,0,1,1,0,57,1,0,1,99,0
201600007494,16,10,13,1630,1,1,2,8,2,263,4783867,355170,890,2,2,0,0,0,1,0,0,2,0,1,99,0
201600007495,16,11,3,1500,1,1,2,1,3,2,4771748,390988,890,3,2,2,0,1,1,0,0,1,5,1,99,0
201600007496,16,1,4,1830,3,1,1,2,3,311,4775004,340452,890,3,2,0,0,1,3,0,80,2,0,1,0,0
201600007497,16,2,20,445,3,1,1,2,6,216,4754085,324993,890,3,0,2,0,0,1,0,55,2,0,3,0,0
201600007498,16,2,23,1815,2,1,1,2,1,344,4762566,306926,890,3,2,0,0,1,1,0,0,1,0,1,99,0
201600007499,16,5,1,930,1,2,1,1,6,344,4764243,307260,890,3,2,0,0,1,1,0,60,1,0,1,99,0
201600007500,16,5,5,2000,1,1,1,1,6,344,4761667,312573,890,3,2,2,0,1,1,0,68,0,0,1,0,0
201600007502,16,7,15,1445,1,1,1,1,1,344,4762384,305953,890,4,2,2,0,0,0,0,49,0,0,1,0,0
201600007503,16,7,19,1845,1,1,3,1,4,344,4770315,309954,890,3,2,2,0,0,1,0,60,1,0,1,0,0
201600007504,16,8,20,1930,1,1,1,1,6,419,4773444,331707,890,3,2,3,0,2,2,0,150,1,0,3,0,0
201600007505,16,9,27,915,1,2,1,1,1,311,4775615,342052,890,4,2,2,0,1,1,0,35,1,0,1,0,0
201600007506,16,10,7,845,1,1,1,1,5,222,4766411,330236,890,3,2,2,0,1,1,0,51,1,0,1,0,1
201600007507,16,11,6,1300,1,1,1,1,6,368,4762073,322802,890,3,2,2,0,1,1,0,35,2,0,3,99,0
201600007508,16,12,19,130,4,1,1,1,6,324,4773618,289519,890,3,2,2,0,1,2,0,60,1,0,3,0,0
201600007509,16,2,13,815,2,1,1,2,6,71,4745834,367562,890,3,2,1,0,2,2,0,80,2,0,3,99,0
201600007511,16,7,9,15,3,1,1,1,6,378,4752422,398645,890,3,2,2,0,2,1,0,62,1,0,1,99,1
201600007512,16,7,19,1045,1,1,2,1,3,235,4748809,398544,890,3,2,0,0,0,1,0,120,1,0,1,99,0
201600007513,16,8,7,1200,1,2,1,1,1,25,4748875,392047,890,4,2,2,0,1,1,0,0,1,0,1,3,0
201600007514,16,8,23,1445,1,2,1,1,3,91,4753452,360847,890,3,2,0,0,2,2,0,80,1,0,1,99,0
201600007515,16,9,18,1400,1,1,9,5,1,409,4747521,380853,890,3,2,2,0,2,4,0,68,2,0,1,99,1
201600007516,16,10,2,1115,1,1,1,1,5,89,4737701,388114,890,3,2,0,0,1,1,0,59,1,0,1,99,0
201600007517,16,11,15,1700,2,2,1,1,6,25,4749312,390807,890,3,2,2,0,1,1,0,98,1,0,1,99,0
201600007518,16,3,17,815,1,1,4,1,5,134,4747470,401810,890,3,2,2,0,1,1,30,110,1,5,1,0,0
201600007519,16,9,30,715,1,1,1,1,6,42,4760083,419351,890,3,2,2,0,0,0,0,64,1,0,3,99,0
201600007520,16,12,11,1706,3,1,1,5,1,208,4759333,386559,890,3,2,0,0,1,0,0,0,2,0,1,99,1
201600007521,16,3,7,1500,1,1,1,8,1,37,4795550,331470,890,3,2,2,0,4,1,67,0,2,0,1,99,1
201600007522,16,3,30,1500,1,2,1,8,3,206,4797767,342668,890,3,2,2,0,2,1,0,0,2,0,1,99,0
201600007523,16,4,19,1600,1,1,2,1,3,230,4798308,344634,890,3,2,2,0,1,1,0,0,1,0,1,99,0
201600007524,16,7,9,1145,1,2,1,1,3,206,4797530,339342,890,4,2,0,0,0,1,0,75,1,0,1,99,0
201600007525,16,10,9,700,2,1,1,1,1,335,4798927,336909,890,3,2,1,0,1,1,29,96,1,0,1,0,0
201600007526,16,12,1,1000,1,2,1,1,2,206,4798390,340088,890,3,2,2,0,2,1,0,0,2,0,0,99,0
201600007527,16,12,6,1130,1,1,1,1,1,37,4795268,330701,890,3,2,2,0,0,2,0,73,7,0,1,99,1
201600007528,16,7,29,1700,1,1,1,1,1,86,4788326,308269,890,3,2,2,0,2,2,0,0,1,0,1,0,0
201600007529,16,12,4,2230,3,1,1,9,6,484,4791998,332643,890,3,2,0,0,2,3,0,0,7,0,3,0,0
201600007530,16,2,12,1130,1,2,1,3,6,55,4799212,362147,890,3,2,0,0,1,1,0,0,2,0,1,3,1
201600007531,16,3,25,1830,1,1,1,8,6,218,4796519,346776,890,3,2,2,0,1,1,0,0,1,0,3,99,0
201600007532,16,6,23,730,1,2,1,7,5,257,4796847,353263,890,3,2,0,0,1,1,0,0,1,0,1,99,0
201600007533,16,7,9,1230,1,2,6,1,3,257,4796165,350444,890,3,0,1,0,1,0,0,0,1,5,1,99,0
201600007534,16,7,24,1100,1,2,9,1,1,257,4796334,350693,890,3,2,2,0,1,1,0,0,1,6,1,99,1
201600007536,16,12,27,2245,5,2,1,5,3,50,4792752,351997,890,3,0,0,0,1,1,0,0,1,0,1,99,0
201600007537,16,7,23,630,1,1,1,1,6,239,4818725,332012,890,3,2,2,0,1,0,0,70,1,0,3,99,0
201600007538,16,1,20,1700,1,1,2,1,3,255,4831326,322048,890,3,2,2,0,0,1,0,0,0,5,1,99,1
201600007539,16,3,12,1315,1,2,1,1,1,309,4828831,320851,890,9,2,0,0,1,1,0,0,1,0,1,99,0
201600007540,16,3,30,1100,1,1,1,2,4,391,4836583,323300,890,3,2,2,0,2,1,0,73,2,0,1,99,1
201600007541,16,4,24,1145,1,1,1,1,3,255,4832177,322486,890,3,2,2,0,2,1,0,0,1,5,1,99,1
201600007542,16,8,6,630,5,2,1,1,6,414,4829049,339941,890,3,2,0,0,0,1,0,30,1,2,1,99,0
201600007543,16,10,29,1130,1,1,1,1,1,332,4829667,305020,890,3,2,2,0,0,2,0,0,1,0,3,0,0
201600007545,16,3,14,915,1,1,1,1,3,264,4815503,303286,890,3,2,2,0,1,1,0,61,1,0,1,99,0
201600007546,16,3,18,915,1,1,2,7,3,404,4815572,318669,890,3,2,2,0,1,1,0,70,1,0,1,0,0
201600007547,16,9,1,1300,1,1,1,1,3,442,4809649,313214,890,3,2,2,0,1,1,0,50,1,0,1,0,0
201600007548,16,9,10,1930,1,1,1,1,7,404,4816958,320364,890,3,2,2,0,0,3,63,0,1,0,1,99,0
201600007549,16,12,22,700,3,1,1,2,3,209,4817227,298302,890,3,2,0,0,1,1,0,116,2,5,1,0,0
201600007550,16,5,14,1400,1,1,1,1,2,348,4805224,329199,890,3,2,2,0,1,1,0,68,1,0,1,0,0
201600007552,16,11,20,1345,1,1,2,2,3,388,4793740,323858,890,3,2,2,0,1,1,0,105,2,5,1,0,0
201600007553,16,5,28,1730,1,1,1,1,6,418,4783443,396070,890,3,2,0,0,1,2,0,60,1,0,3,0,0
201600007554,16,7,13,1030,1,1,1,8,1,407,4782154,407596,890,3,2,2,0,1,0,0,0,1,0,1,99,0
201600007555,16,6,4,145,3,1,1,8,7,410,4722041,608088,250,2,3,2,0,2,2,6,30,1,0,3,99,0
201600007556,16,6,20,1345,1,1,1,1,5,36,4719380,596587,250,2,2,2,0,0,3,0,68,1,0,1,0,0
201600007557,16,7,8,1730,1,1,1,1,2,245,4720110,603551,250,3,0,2,0,1,1,0,61,1,0,1,0,0
201600007558,16,9,23,1400,1,1,1,1,7,58,4719713,598295,250,2,2,2,0,2,3,0,65,1,0,3,0,0
201600007560,16,12,27,1745,2,1,1,1,1,58,4720311,599643,250,2,2,0,0,0,1,0,0,1,0,1,99,0
201600007561,16,7,2,2045,2,1,1,1,7,300,4712500,625300,250,3,2,2,0,3,1,0,48,1,0,1,99,0
201600007562,16,7,6,1645,1,1,1,1,7,415,4703900,628800,250,3,2,2,0,2,4,0,80,1,0,3,0,0
201600007563,16,8,14,1515,1,1,1,1,2,331,4709600,623900,250,3,2,2,0,1,1,0,70,1,0,1,99,0
201600007564,16,9,11,330,3,2,1,1,6,199,4700182,607154,250,4,1,1,0,2,3,0,48,1,0,1,99,0
201600007565,16,9,11,1145,1,1,1,1,6,339,4704140,625657,250,3,2,2,0,1,2,0,48,1,0,1,99,0
201600007566,16,10,3,930,1,2,1,7,6,434,4710378,615172,250,3,2,2,0,1,1,0,48,1,0,1,99,0
201600007567,16,10,22,945,1,2,1,1,6,434,4710510,614892,250,3,2,2,0,1,1,0,45,1,0,1,99,0
201600007568,16,12,30,1530,1,1,1,1,6,535,4713800,621900,250,3,2,0,0,1,2,0,55,7,0,3,99,0
201600007569,16,1,25,1530,1,1,1,1,1,511,4711200,601600,250,3,2,0,0,1,1,0,57,1,0,1,99,0
201600007570,16,4,29,1815,1,1,1,1,7,154,4711854,591070,250,2,2,0,0,0,1,0,70,1,0,1,99,0
201600007571,16,6,30,2330,3,1,1,1,1,488,4702017,586584,250,2,2,3,0,1,1,0,108,1,0,1,99,0
201600007572,16,7,2,1045,1,1,1,1,1,84,4714400,589100,250,3,2,0,0,0,4,0,60,1,0,1,99,0
201600007573,16,10,16,1630,1,1,1,1,7,443,4710100,593100,250,3,2,2,0,2,3,0,70,1,0,3,99,0
201600007574,16,2,27,1600,1,2,1,1,6,284,4752991,681778,250,3,2,2,0,1,3,0,68,1,0,1,99,0
201600007575,16,3,20,1715,1,1,6,1,1,97,4752800,685900,250,3,1,1,0,1,2,0,80,1,5,1,99,0
201600007576,16,7,30,1915,1,2,2,1,6,284,4752834,682278,250,3,2,2,0,1,1,0,80,1,5,3,99,0
201600007577,16,11,10,1345,1,2,8,2,6,57,4753594,679243,250,4,0,0,0,1,1,0,38,2,0,1,99,1
201600007578,16,2,27,1400,1,1,1,1,6,350,4748096,668830,250,3,2,1,0,0,1,0,50,1,0,1,99,1
201600007579,16,5,25,1900,1,2,6,1,7,632,4748136,678041,250,3,2,0,0,1,2,80,48,1,5,1,99,0
201600007580,16,10,21,1415,1,2,1,1,6,13,4751892,675078,250,3,2,2,0,0,3,0,63,1,0,1,0,0
201600007581,16,1,8,145,3,1,1,9,6,228,4751300,687600,250,3,2,2,0,4,2,0,0,2,0,1,0,1
201600007582,16,3,17,1715,1,2,6,1,3,228,4750900,686500,250,4,2,0,0,0,1,0,90,1,5,1,0,0
201600007583,16,4,29,1630,1,2,1,1,6,367,4745500,680500,250,4,2,2,0,1,1,0,60,1,0,1,0,0
201600007584,16,5,2,2115,5,2,1,1,7,237,4752800,691100,250,6,0,0,0,1,1,0,0,1,0,0,99,0
201600007585,16,7,9,1930,1,2,1,1,3,228,4751664,686633,250,3,2,0,0,1,1,0,45,1,0,1,0,0
201600007586,16,8,5,1030,1,2,1,1,6,228,4752030,688824,250,4,2,2,0,1,2,0,68,1,0,1,0,0
201600007587,16,10,18,2030,5,2,1,2,6,367,4744566,681515,250,3,2,2,2,1,1,0,81,2,0,1,0,0
201600007589,16,1,5,815,1,1,1,2,1,108,4724700,683500,250,3,2,2,0,2,2,0,64,2,0,1,99,0
201600007590,16,5,15,1200,1,1,1,1,7,471,4729400,663500,250,3,2,2,0,1,2,0,58,1,0,3,99,1
201600007591,16,5,26,1545,1,2,1,1,3,370,4744861,678689,250,3,2,2,0,1,1,0,57,1,0,1,99,0
201600007592,16,7,27,1815,1,2,1,1,1,426,4734857,676140,250,3,2,2,0,1,3,0,72,1,0,1,99,0
201600007593,16,8,10,1615,1,1,1,1,7,463,4740041,675347,250,3,2,2,0,0,2,0,0,1,0,1,99,0
201600007595,16,6,14,2015,1,1,3,1,3,505,4748189,631504,250,3,2,2,0,1,3,0,60,2,0,1,0,1
201600007596,16,7,13,2145,2,2,1,1,6,47,4735249,636321,250,4,2,0,0,2,1,0,66,1,0,1,0,0
201600007597,16,10,9,30,3,1,1,1,6,465,4731769,635991,250,3,2,2,0,0,2,70,0,1,0,1,99,0
201600007599,16,11,3,2030,3,1,1,1,5,313,4735867,641048,250,3,2,0,0,0,2,0,76,1,0,1,0,1
201600007600,16,2,22,900,1,1,1,1,6,18,4738700,661100,250,3,2,1,0,2,2,0,75,2,0,3,99,0
201600007601,16,2,23,2230,5,2,1,9,6,530,4730900,660200,250,4,2,2,0,0,1,0,46,2,0,1,99,1
201600007602,16,4,3,1745,1,2,1,1,2,529,4729996,658837,250,3,2,2,0,0,0,0,0,1,0,1,0,0
201600007603,16,7,8,1930,1,1,1,1,1,306,4739808,646306,250,3,2,0,0,2,2,0,0,1,0,1,0,0
201600007604,16,8,8,1945,1,1,1,1,6,232,4749800,662800,250,3,2,2,0,1,2,0,73,1,0,1,0,0
201600007605,16,9,2,2015,3,1,4,1,1,19,4745671,656916,250,3,2,2,0,4,1,0,70,1,5,1,99,0
201600007606,16,10,6,400,5,2,1,1,6,315,4744663,658662,250,3,2,2,0,2,4,0,48,1,0,4,0,1
201600007607,16,10,24,1545,1,2,1,1,1,22,4751684,666459,250,3,2,2,0,1,1,0,59,1,0,1,0,0
201600007608,16,12,8,2115,3,1,1,1,6,315,4739900,658200,250,3,2,2,0,0,3,0,68,1,0,3,99,1
201600007609,16,12,29,1645,1,1,1,1,1,315,4745778,659499,250,3,2,2,0,1,1,0,0,1,0,1,0,0
201600007611,16,4,12,1730,1,2,1,1,1,598,4734666,610787,250,4,2,0,0,0,3,0,30,1,0,1,99,1
201600007612,16,5,16,1745,1,2,1,1,3,495,4727900,611400,250,3,2,2,0,1,1,0,97,1,5,1,99,1