Num_Acc,an,mois,jour,hrmn,lum,agg,int,atm,col,com,lat,long,dep,catr,circ,nbv,vosp,prof,plan,lartpc,larrout,surf,infra,situ,env1,killed
201600007613,16,9,1,115,3,1,1,1,7,576,4728768,615378,250,3,2,0,0,1,1,0,61,1,0,3,99,1
201600007614,16,9,16,1700,1,1,1,1,1,132,4733267,617227,250,3,2,2,0,2,1,0,56,1,0,1,99,0
201600007616,16,11,23,2230,3,1,1,1,6,197,4730985,619259,250,3,2,2,0,2,1,0,75,1,0,3,99,0
201600007617,16,1,12,1200,1,1,1,2,1,262,4713183,658082,250,3,2,0,0,2,1,0,560,2,0,1,0,1
201600007618,16,4,15,2300,3,1,1,3,6,600,4714516,653925,250,3,2,2,0,1,1,0,76,2,0,3,99,0
201600007619,16,5,2,715,1,1,1,2,1,262,4713800,658600,250,3,2,2,0,0,2,0,60,2,0,1,99,0
201600007620,16,6,6,2045,1,1,1,2,6,219,4714200,635900,250,3,2,2,0,1,1,0,60,2,0,3,99,0
201600007621,16,6,17,1715,1,2,1,1,6,453,4721711,654192,250,3,2,0,0,1,1,0,0,9,0,3,99,0
201600007622,16,7,13,2330,5,2,1,1,3,578,4715199,634538,250,4,2,2,0,1,1,0,58,1,5,1,99,0
201600007623,16,8,2,1700,1,1,1,7,6,231,4720545,643499,250,3,2,2,0,1,2,0,51,1,0,3,99,0
201600007624,16,8,25,745,1,1,1,1,6,601,4717725,639855,250,9,2,2,0,0,1,0,0,0,0,3,0,0
201600007625,16,9,2,1330,1,1,2,1,3,343,4708453,645432,250,3,2,0,0,0,1,0,0,1,0,1,99,0
201600007626,16,9,2,1830,1,1,1,1,6,432,4714589,653619,250,3,2,0,0,0,2,0,0,1,0,1,99,0
201600007627,16,12,23,1700,2,1,2,1,1,219,4714258,637455,250,3,0,0,0,0,0,0,0,0,0,0,0,0
201600007629,16,2,2,1730,2,1,1,8,4,157,4687681,640549,250,3,2,2,0,1,1,0,60,1,0,1,0,1
201600007630,16,2,14,2100,3,1,1,1,6,515,4686748,625842,250,3,2,2,0,2,4,0,47,2,0,3,0,0
201600007631,16,3,6,1730,1,1,1,4,1,440,4699857,632924,250,2,2,0,0,3,1,0,85,5,0,1,0,0
201600007632,16,3,13,545,3,1,1,1,1,110,4691136,627670,250,3,2,0,0,1,1,0,85,1,0,1,0,1
201600007633,16,6,22,1800,1,1,1,1,5,634,4696616,634529,250,2,2,2,0,1,3,0,78,1,0,1,0,0
201600007635,16,8,5,1700,1,1,1,9,5,201,4691724,632022,250,3,2,0,0,1,1,0,0,9,0,1,0,1
201600007636,16,9,12,945,1,1,1,1,3,110,4690901,626703,250,3,2,0,0,1,1,0,80,1,0,1,0,0
201600007637,16,10,3,1045,1,1,1,1,4,282,4697447,634336,250,2,2,0,0,1,1,0,60,1,0,1,99,0
201600007639,16,3,16,930,3,1,1,1,5,318,4675808,638682,250,2,2,2,0,2,3,0,67,1,0,1,99,0
201600007640,16,4,22,2345,3,1,6,2,6,514,4677634,634202,250,3,2,2,0,1,0,0,71,2,0,1,0,0
201600007641,16,5,5,1500,1,1,1,1,2,75,4681886,623692,250,3,2,2,0,1,1,0,0,1,0,1,0,0
201600007642,16,5,6,1515,1,2,1,1,7,307,4677469,636858,250,3,2,2,0,1,1,0,67,1,0,1,0,0
201600007643,16,6,9,1815,1,1,1,1,6,525,4681420,629354,250,4,2,0,0,2,2,0,0,9,0,1,0,0
201600007644,16,7,16,1300,1,1,1,1,7,320,4678876,627551,250,3,2,2,0,1,2,0,65,1,0,3,0,0
201600007645,16,9,9,600,2,2,1,1,6,318,4676086,638902,250,2,2,2,0,1,3,0,69,1,0,1,0,0
201600007646,16,9,20,745,1,1,1,5,6,413,4668600,622800,250,3,2,0,0,0,3,0,0,1,0,0,0,0
201600007647,16,10,10,1130,1,1,1,1,7,308,4679027,635778,250,2,2,2,0,0,1,0,75,1,0,1,99,0
201600007648,16,10,10,715,5,2,1,1,6,413,4671007,619213,250,3,2,2,0,1,1,0,85,1,0,1,99,0
201600007649,16,10,28,1930,5,1,1,1,6,308,4678905,637168,250,3,2,2,0,0,2,0,0,1,0,3,99,0
201600007652,16,5,22,1415,1,1,1,1,6,403,4703209,665935,250,3,2,2,0,2,1,0,60,1,0,1,0,1
201600007653,16,7,24,1315,1,2,1,1,3,411,4705419,660135,250,3,2,2,0,1,1,0,106,1,5,1,0,0
201600007654,16,7,27,915,1,2,6,1,6,411,4705504,660561,250,3,2,2,0,0,1,60,0,1,0,1,0,0
201600007655,16,9,8,1630,1,2,3,1,3,411,4705306,661662,250,3,2,2,0,1,1,0,0,1,0,1,99,0
201600007656,16,9,14,1200,1,2,1,7,6,512,4716152,673929,250,4,2,1,0,1,1,0,0,1,5,1,99,0
201600007657,16,10,1,2330,3,1,1,2,1,321,4705766,667589,250,3,2,2,0,1,3,0,155,2,0,1,99,0
201600007658,16,10,10,1815,1,1,1,1,4,240,4704585,663294,250,3,2,2,0,1,3,75,0,1,0,1,99,0
201600007659,16,10,18,1715,1,1,1,1,5,240,4710859,661967,250,3,2,0,0,0,1,0,0,1,0,1,99,0
201600007660,16,10,26,1015,1,1,1,1,3,240,4708941,663349,250,3,2,0,0,2,3,0,74,2,0,1,99,1
201600007661,16,11,29,1015,1,2,1,1,1,411,4706219,660612,250,3,2,2,0,2,2,0,0,1,0,1,0,0
201600007662,16,1,6,1845,3,2,1,1,6,70,4408700,621506,40,9,2,2,0,1,1,15,74,1,0,1,99,0
201600007663,16,2,23,1715,1,2,1,1,3,70,4408760,621751,40,4,2,0,0,1,1,0,56,1,0,1,99,0
201600007664,16,3,25,1805,1,1,1,1,6,70,4407430,617727,40,3,2,0,0,1,1,0,70,1,0,1,0,0
201600007665,16,4,13,900,1,2,1,1,6,70,4409170,623285,40,4,1,1,0,1,1,0,52,1,0,1,99,0
201600007666,16,4,26,1115,1,1,6,1,3,70,4409110,623110,40,3,1,2,0,1,2,0,60,1,5,1,0,0
201600007667,16,5,29,1400,1,1,1,2,7,70,4410780,626108,40,3,2,2,0,2,3,0,70,2,0,3,99,0
201600007668,16,5,26,1500,1,2,1,1,3,70,4408790,622004,40,4,2,2,1,1,1,0,55,1,0,0,99,0
201600007669,16,7,27,1830,1,1,1,1,3,70,4410570,625667,40,3,2,2,0,1,3,0,75,1,0,1,99,1
201600007670,16,9,9,1105,1,1,1,1,7,70,4406580,620813,40,2,0,2,0,2,1,0,60,1,0,1,99,0
201600007671,16,10,11,1645,1,2,1,1,6,70,4409020,623664,40,3,2,2,0,1,1,0,80,1,0,1,99,0
201600007672,16,12,1,1625,1,2,1,1,2,70,4408570,622427,40,4,2,2,0,1,1,0,60,1,0,1,0,0
201600007673,16,12,12,1550,1,2,1,1,6,70,4409130,623150,40,4,0,0,0,1,1,0,76,1,0,1,99,0
201600007674,16,12,16,1740,5,2,3,1,5,70,4407370,618222,40,4,2,2,0,1,1,0,24,1,0,1,3,0
201600007675,16,2,21,1530,1,1,1,1,1,537,4663353,546403,390,3,2,2,0,1,1,0,35,1,0,1,99,0
201600007676,16,3,5,600,5,1,1,1,6,170,4667447,548557,390,3,2,2,0,1,1,0,77,1,0,3,99,0
201600007677,16,4,19,1915,1,1,3,1,3,177,4667870,562596,390,3,2,2,0,1,1,0,0,1,5,0,99,0
201600007678,16,5,14,915,1,1,2,5,3,458,4661624,560947,390,3,2,2,0,2,1,0,0,2,5,1,99,0
201600007679,16,6,12,700,1,1,1,2,7,348,4664564,558268,390,3,2,2,0,0,2,0,70,2,0,1,99,0
201600007680,16,7,10,1315,1,1,1,1,7,326,4659382,566898,390,3,2,2,0,2,2,0,72,1,0,1,0,0
201600007681,16,9,6,1500,1,2,1,1,6,408,4658538,570247,390,3,2,2,0,2,1,0,37,1,0,4,0,1
201600007682,16,10,16,630,3,1,1,1,7,348,4664532,558299,390,3,2,2,0,1,2,0,60,2,0,0,99,0
201600007683,16,9,13,1715,1,1,4,1,3,534,4652756,564055,390,3,3,3,0,0,2,0,0,1,0,0,0,0
201600007684,16,8,11,1645,1,1,2,1,3,104,4682976,540885,390,3,2,2,0,1,1,0,52,1,0,1,99,0
201600007685,16,8,18,1630,1,1,1,2,1,508,4683154,557690,390,4,2,2,0,1,3,0,40,2,0,1,0,0
201600007686,16,3,4,1430,1,1,2,8,3,543,4678115,590583,390,3,2,2,0,1,1,0,66,2,0,1,0,0
201600007687,16,7,1,1815,1,1,3,1,3,9,4684337,591843,390,3,2,2,0,1,1,0,0,1,0,1,99,0
201600007688,16,7,17,1930,1,1,3,1,3,481,4678020,592645,390,3,2,2,0,0,1,0,0,1,0,1,0,1
201600007689,16,10,4,2045,3,1,1,1,6,389,4673521,586008,390,3,2,2,0,2,2,0,65,1,0,3,99,0
201600007690,16,12,2,1730,5,2,2,1,3,97,4673694,591966,390,3,2,2,0,1,2,0,0,1,0,1,99,0
201600007691,16,6,23,1830,1,2,1,1,6,325,4690183,579283,390,3,2,2,0,3,2,0,0,1,0,1,99,0
201600007692,16,9,8,1115,1,2,1,7,6,13,4690401,577367,390,9,1,2,0,2,1,0,70,1,0,1,99,0
201600007693,16,6,17,715,1,1,2,8,3,83,4682057,607166,390,3,2,2,0,1,1,0,72,2,5,1,99,0
201600007694,16,6,19,1815,1,1,1,8,1,331,4676477,616861,390,3,2,0,0,2,1,0,54,2,0,1,0,1
201600007695,16,9,10,2030,3,1,1,1,6,228,4665145,606047,390,3,2,2,0,1,3,0,60,1,0,3,0,1
201600007696,16,12,20,2300,3,1,1,1,6,129,4664718,594092,390,2,2,2,0,1,3,0,60,1,0,3,0,0
201600007697,16,7,7,1645,1,1,1,1,6,535,4686683,567598,390,3,2,2,0,1,1,0,0,1,0,3,0,0
201600007698,16,11,30,1200,1,2,6,7,3,13,4690324,577300,390,3,2,2,0,2,1,0,30,1,5,1,99,0
201600007699,16,1,12,1400,1,1,1,2,7,103,4698309,584950,390,3,2,0,0,1,3,70,0,2,0,1,0,0
201600007700,16,1,25,715,3,2,1,1,1,399,4700118,566874,390,3,2,2,0,1,2,70,0,1,0,1,0,0
201600007701,16,6,18,700,1,1,1,2,6,133,4689576,588197,390,4,2,2,0,2,2,0,36,2,0,3,99,0
201600007702,16,8,14,1715,1,2,1,1,7,439,4699677,582254,390,3,2,2,0,0,3,70,0,1,0,3,99,0
201600007703,16,9,11,1200,1,1,1,1,7,436,4688962,589352,390,3,2,2,0,2,2,70,70,1,0,1,99,0
201600007704,16,11,18,2015,5,2,1,2,2,206,4699861,573688,390,3,2,2,0,1,1,0,70,2,0,1,99,1
201600007705,16,2,6,500,3,1,1,1,6,526,4703586,541412,390,3,2,2,0,1,2,0,72,1,0,1,0,1
201600007706,16,2,6,1645,1,1,1,1,5,252,4703168,545823,390,3,2,2,0,1,3,74,0,1,0,1,0,1
201600007707,16,2,27,1430,1,1,1,1,4,501,4713436,543420,390,3,2,2,0,1,1,0,75,1,0,1,99,0
201600007708,16,5,3,1300,1,2,3,1,3,101,4710582,544413,390,3,2,2,0,2,1,0,60,2,0,1,0,0
201600007709,16,7,28,1715,1,2,1,1,3,526,4705649,541382,390,3,2,2,0,1,1,0,140,1,5,1,99,0
201600007710,16,10,7,1730,1,1,1,1,2,30,4711659,550725,390,3,2,2,0,1,1,0,0,1,0,1,0,0
201600007711,16,1,5,730,3,1,1,8,3,365,4694573,560228,390,3,2,2,0,2,2,0,60,2,0,1,99,0
201600007712,16,6,9,1430,1,2,1,1,3,149,4702082,571757,390,3,2,2,0,1,3,0,63,9,0,1,0,0
201600007713,16,7,26,1230,1,2,3,1,3,365,4698169,560182,390,3,2,2,0,0,0,0,0,1,0,1,0,0
201600007714,16,2,29,1600,1,2,1,1,1,235,4715088,577015,390,3,2,0,0,2,1,0,60,1,0,1,99,0
201600007715,16,4,16,1445,1,1,1,2,7,96,4726003,553143,390,3,2,0,0,3,2,0,70,2,0,1,0,0
201600007716,16,9,4,2215,3,1,1,2,6,476,4701905,536199,390,3,2,2,0,1,0,70,0,2,0,3,0,0
201600007717,16,2,25,1300,1,1,2,1,3,68,4628195,579136,390,3,2,2,0,0,1,0,72,1,5,1,99,0
201600007718,16,5,6,1430,1,1,1,1,7,453,4644335,580826,390,3,2,0,0,4,2,0,75,1,0,3,99,0
201600007719,16,4,19,1715,1,1,3,1,3,470,4648495,605416,390,2,2,2,0,2,0,0,117,1,0,0,0,0
201600007720,16,5,3,1530,1,1,1,3,3,470,4650244,602978,390,2,2,2,0,2,4,0,63,2,0,1,0,0
201600007721,16,6,1,845,1,1,1,2,1,131,4659886,589596,390,4,2,0,0,2,1,0,53,2,0,1,99,0
201600007722,16,6,25,730,1,1,1,1,6,494,4659017,591995,390,3,2,2,0,1,0,0,76,1,0,0,0,1
201600007723,16,7,10,1000,1,1,1,1,6,367,4653614,602400,390,3,2,2,0,2,4,0,66,1,2,3,0,1
201600007724,16,7,17,1130,1,1,1,1,3,367,4656356,600480,390,2,3,2,0,3,0,28,156,1,5,1,0,0
201600007725,16,8,3,1715,1,1,3,1,3,258,4653450,590412,390,3,2,2,0,1,2,0,0,1,0,1,99,0
201600007726,16,8,16,1215,1,1,3,1,3,487,4657601,598473,390,2,2,0,0,0,2,81,0,1,0,1,99,0
201600007727,16,8,31,1100,1,1,1,1,5,470,4644415,608283,390,3,2,2,0,1,3,0,73,1,0,0,0,0
201600007728,16,10,5,1515,1,1,3,1,3,126,4660774,596226,390,2,2,2,0,1,1,0,75,1,0,1,99,1
201600007729,16,11,2,715,2,1,1,1,6,130,4648508,584116,390,3,2,2,0,1,1,0,70,2,0,3,99,1
201600007730,16,1,12,1700,1,2,1,3,6,112,4383500,578388,40,4,1,2,0,2,1,0,64,2,0,1,3,0
201600007731,16,2,21,1500,1,2,1,1,6,112,4383130,579893,40,4,3,2,0,1,3,0,0,1,0,1,3,0
201600007732,16,2,20,620,3,1,3,1,1,112,4383240,576250,40,3,0,0,0,0,0,0,0,0,0,0,0,0
201600007733,16,4,15,1655,1,1,1,1,6,112,4381300,579134,40,4,2,2,0,0,0,0,0,0,0,3,0,1
201600007734,16,5,11,1640,1,2,1,8,1,112,4382960,579336,40,4,2,2,0,2,1,0,60,2,0,1,99,0
201600007735,16,5,14,2310,5,2,1,1,3,112,4383470,578153,40,3,1,2,0,1,1,0,0,1,0,1,99,0
201600007736,16,6,22,800,1,2,3,1,3,112,4382620,578710,40,4,2,2,0,2,1,0,60,1,0,1,3,0
201600007737,16,7,2,1255,1,2,1,1,6,112,4382260,578653,40,4,2,3,3,1,1,0,90,1,0,0,99,0
201600007738,16,8,19,1750,1,2,2,1,3,112,4382210,578987,40,4,2,2,0,2,1,0,99,1,0,1,99,0
201600007739,16,9,9,2130,5,2,2,1,1,112,4383270,577113,40,3,2,2,0,1,1,0,54,1,0,1,0,0
201600007740,16,9,24,630,3,1,1,1,6,112,4381440,580250,40,3,2,2,0,1,1,0,35,1,0,1,99,0
201600007741,16,9,29,855,1,2,3,1,3,112,4382950,578697,40,4,2,0,0,2,1,0,40,1,0,1,99,0
201600007742,16,10,8,2035,5,2,3,1,7,112,4383050,578634,40,4,2,2,0,1,1,0,52,1,0,1,0,0
201600007743,16,10,22,1225,1,2,3,1,5,112,4382980,578781,40,4,0,1,0,2,1,0,0,1,0,1,0,0
201600007744,16,11,8,1150,1,2,1,1,4,112,4383610,580237,40,3,2,2,0,1,1,0,60,1,0,1,99,0
201600007745,16,12,14,1210,1,2,6,1,3,112,4382650,578053,40,4,1,2,0,2,2,10,140,1,5,1,3,0
201600007746,16,12,8,1400,1,1,1,1,3,112,4381040,581168,40,3,1,2,0,1,0,35,70,1,5,0,0,0
201600007747,16,5,12,1245,1,1,3,1,1,134,4762753,607189,700,3,2,2,0,1,2,0,0,1,5,1,99,0
201600007748,16,5,12,1340,1,1,2,1,3,390,4762355,629365,700,3,0,0,0,0,0,0,0,1,5,1,0,0
201600007749,16,8,25,2230,3,1,1,1,2,111,4764175,625539,700,2,2,3,0,3,2,0,153,1,0,1,99,0
201600007750,16,9,3,1815,1,1,2,7,3,111,4764431,628864,700,2,2,0,0,3,1,164,0,1,0,1,99,0
201600007751,16,10,12,1400,1,1,1,1,1,166,4764849,619770,700,2,2,2,0,1,1,0,0,1,0,1,99,1
201600007752,16,1,24,515,5,2,1,9,6,17,4786268,611732,700,3,0,0,0,1,3,0,58,7,0,1,99,0
201600007753,16,2,6,830,1,2,1,1,3,292,4782929,589339,700,3,2,2,0,1,1,0,100,1,0,3,99,0
201600007754,16,3,15,1400,1,2,1,1,6,202,4793076,602834,700,3,2,2,0,0,3,0,53,1,0,1,99,1
201600007755,16,4,22,1730,1,2,3,1,3,292,4783898,591432,700,3,2,1,0,3,1,0,94,1,5,1,99,0
201600007756,16,4,23,1145,1,1,1,2,6,202,4792249,601389,700,3,2,0,0,1,3,0,67,2,0,3,99,0
201600007757,16,6,13,1645,1,1,3,1,3,572,4781215,576904,700,4,2,2,0,1,2,0,70,1,0,1,99,0
201600007758,16,11,20,1845,3,1,1,1,7,170,4784187,602662,700,3,2,2,0,1,1,0,70,1,0,3,99,0
201600007759,16,1,7,1745,3,1,1,8,7,148,4764353,602828,700,3,2,2,0,1,3,0,70,1,0,3,0,0
201600007760,16,6,5,1415,1,1,2,1,3,482,4767232,597071,700,4,2,2,0,1,1,0,47,1,0,1,99,0
201600007761,16,6,23,1515,1,2,1,1,6,267,4780105,592801,700,3,2,2,0,1,1,0,0,1,2,1,0,0
201600007762,16,10,28,1700,1,1,4,1,3,482,4768905,600371,700,2,2,2,0,1,2,0,50,1,5,1,99,0
201600007763,16,4,10,30,5,2,2,1,3,309,4744764,620638,700,3,2,2,0,1,1,0,60,1,5,1,0,0
201600007764,16,4,15,915,1,1,1,3,1,109,4736138,603774,700,2,2,0,0,1,1,0,62,2,0,1,99,0
201600007765,16,5,8,2230,3,1,1,1,1,326,4745777,608566,700,2,2,2,0,2,1,0,78,1,0,1,0,1
201600007766,16,5,28,1545,1,1,1,1,1,575,4734218,600440,700,4,2,1,0,1,1,0,30,1,0,1,0,0
201600007767,16,9,8,830,1,2,3,1,3,575,4734163,601904,700,3,2,2,0,0,1,0,0,1,5,1,3,0
201600007768,16,10,21,1315,1,1,1,1,1,431,4746512,609727,700,2,2,2,0,1,3,0,0,1,0,1,99,0
201600007769,16,11,27,1800,3,1,1,1,3,383,4739526,606494,700,2,2,2,0,2,2,0,71,1,0,1,99,0
201600007770,16,12,8,530,3,1,1,9,6,431,4748277,610232,700,2,2,0,0,1,1,0,70,1,0,3,99,0
201600007771,16,12,18,345,3,1,1,1,1,109,4735397,602906,700,2,2,2,0,2,1,0,70,2,0,1,99,1
201600007772,16,7,10,1515,1,1,1,1,7,260,4766475,655336,700,3,3,4,0,1,1,8,110,1,0,1,99,1
201600007773,16,8,8,100,3,1,1,1,1,81,4768567,645764,700,2,2,2,0,1,3,0,74,1,0,1,99,0
201600007774,16,9,6,1130,1,1,8,1,3,310,4768653,647075,700,2,2,2,0,1,1,0,0,1,4,1,99,0
201600007775,16,1,13,1215,1,1,1,1,3,451,4769920,659525,700,2,2,2,0,0,1,0,70,1,0,1,99,1
201600007776,16,2,27,1030,1,1,1,1,5,451,4769954,660110,700,2,2,0,0,1,1,0,76,1,0,1,99,0
201600007777,16,7,29,1115,1,1,2,1,3,339,4774328,655626,700,3,2,2,0,1,1,0,0,1,0,1,99,0
201600007778,16,9,30,715,2,2,5,1,3,120,4768998,664285,700,4,2,2,0,2,1,0,35,1,0,1,99,0
201600007779,16,1,14,1930,5,2,1,2,7,561,4754852,642585,700,4,2,2,0,0,1,0,0,2,0,4,99,0
201600007780,16,5,7,1845,1,1,1,1,7,561,4757360,643489,700,3,2,2,0,1,1,0,75,1,0,3,0,0
201600007781,16,6,12,1115,1,1,2,2,3,561,4754799,643910,700,3,2,2,0,1,1,0,80,2,5,1,99,1
201600007782,16,7,6,1115,1,2,9,7,6,561,4754517,643203,700,6,0,0,0,1,0,0,0,1,0,0,0,0
201600007783,16,11,22,730,2,2,1,1,6,497,4756518,674112,700,3,2,2,0,2,1,0,70,1,0,1,99,0
201600007784,16,1,20,700,2,1,1,2,7,98,4775102,633147,700,2,3,2,0,2,1,30,140,2,0,3,99,0
201600007785,16,3,7,1545,1,2,2,2,3,93,4779946,632586,700,4,2,2,0,1,0,65,65,2,0,1,99,0
201600007786,16,4,8,1730,1,1,1,1,6,537,4766763,632107,700,3,2,2,0,4,4,0,0,1,0,1,0,0
201600007787,16,1,1,2230,5,2,1,1,6,279,4744724,558728,700,4,2,2,0,2,3,0,81,1,0,4,99,0
201600007788,16,1,30,1515,1,2,1,3,6,279,4743428,560122,700,3,2,0,0,1,2,0,0,2,0,3,99,0
201600007789,16,2,12,1915,5,2,1,3,7,26,4745290,558980,700,3,2,2,0,0,1,83,0,2,0,1,99,0
201600007790,16,6,7,815,1,2,3,1,3,394,4738444,568580,700,3,2,2,0,1,1,0,63,1,0,1,99,0
201600007791,16,6,20,700,2,1,1,5,1,461,4745308,567408,700,3,2,2,0,0,1,0,0,1,0,1,99,0
201600007792,16,6,23,1015,1,2,1,1,6,279,4744621,559212,700,4,2,1,0,1,1,0,30,1,0,1,0,0
201600007793,16,7,6,1400,1,2,3,1,3,279,4744959,558037,700,3,2,2,0,1,1,0,67,1,0,1,99,0
201600007794,16,7,9,950,1,2,1,1,6,279,4744839,559330,700,3,2,2,0,1,1,0,67,1,0,1,0,0
201600007795,16,7,22,1900,1,1,1,1,1,446,4747150,560685,700,3,2,2,0,2,1,0,73,1,0,1,99,0
201600007796,16,9,25,1400,1,1,1,1,3,376,4745322,555051,700,3,2,2,0,2,1,0,60,1,0,1,99,0
201600007797,16,11,12,1615,2,2,1,1,1,529,4742988,556737,700,3,2,2,0,1,1,0,61,1,0,1,0,0
201600007798,16,12,27,1515,1,2,1,7,6,279,4744790,559532,700,3,2,2,0,1,1,0,0,1,0,1,0,0
201600007799,16,4,9,2015,3,1,1,1,6,525,4766172,583525,700,3,2,2,0,2,2,0,70,1,0,1,0,0
201600007800,16,6,26,1245,1,1,4,1,3,520,4760482,584282,700,3,2,2,0,1,1,0,0,1,0,1,99,0
201600007801,16,7,4,1230,1,1,3,1,3,37,4755063,569058,700,3,2,2,0,3,1,0,74,1,5,1,99,0
201600007802,16,7,12,1415,1,2,1,1,2,198,4755483,567755,700,3,2,2,0,1,1,0,0,1,0,1,0,0
201600007803,16,9,9,1830,1,2,4,1,3,58,4750672,567544,700,3,2,2,0,1,1,70,70,1,0,1,0,0
201600007804,16,11,15,700,3,1,1,1,5,525,4764553,581110,700,3,2,2,0,1,1,0,78,1,0,1,99,0
201600007805,16,4,15,1700,1,1,1,1,3,282,4741860,581940,700,3,2,2,0,1,2,0,0,1,0,1,0,0
201600007806,16,6,21,2200,3,1,1,1,7,527,4746718,591887,700,3,2,2,0,1,1,0,0,1,0,1,99,0
201600007807,16,6,23,2230,5,2,3,1,3,152,4739294,575906,700,3,2,2,0,1,0,0,65,1,0,1,0,0
201600007808,16,11,23,1100,1,1,1,1,1,510,4735708,557057,700,3,2,2,0,1,1,0,68,1,0,1,99,0
201600007809,16,11,23,1600,1,1,1,1,6,181,4734403,582670,700,3,2,2,0,2,1,0,56,1,0,1,99,0
201600007810,16,12,29,1000,1,1,2,1,3,152,4738280,577667,700,3,2,2,0,1,1,0,69,1,0,1,99,0
201600007841,16,2,12,1345,1,1,1,8,1,134,4542752,501154,380,3,2,0,0,2,3,0,90,8,0,1,0,1
201600007849,16,10,12,1615,1,1,1,1,1,336,4548540,483256,380,2,2,3,0,2,1,0,103,1,0,1,99,1
201600007851,16,12,9,2100,3,1,1,1,5,344,4540216,481489,380,1,3,3,3,0,1,35,105,1,0,1,0,0
201600007858,16,1,30,1145,1,1,2,1,3,64,4492745,495141,260,9,2,2,0,1,1,0,50,1,0,1,0,0
201600007860,16,2,1,1000,1,1,3,1,3,64,4492745,495140,260,4,2,0,0,1,1,0,37,1,5,2,0,0
201600007866,16,4,9,1530,1,1,1,1,6,64,4491292,502017,260,4,2,2,0,1,3,92,0,1,0,3,0,1
201600007872,16,7,6,2230,3,1,1,1,6,166,4474069,478162,260,9,2,2,0,1,1,0,46,1,0,3,0,0
201600007874,16,7,13,2115,1,1,1,1,6,206,4483194,497180,260,9,0,2,0,1,1,36,0,0,0,1,0,0
201600007891,16,11,4,805,1,1,2,1,6,166,4474080,480669,260,2,2,2,0,2,0,10,10,3,5,1,99,0
201600007892,16,11,6,1515,1,1,1,1,3,64,4492837,496722,260,4,2,2,0,1,0,4,61,1,0,0,0,0
201600007893,16,11,10,1715,2,1,2,2,3,166,4474079,480681,260,2,2,2,0,2,0,7,20,1,5,1,99,0
201600007900,16,3,8,800,1,1,2,1,3,51,4354647,514868,130,3,2,2,0,1,1,0,134,1,0,1,99,1
201600007902,16,4,11,1000,1,1,2,1,3,89,4382966,493117,130,3,2,2,0,1,1,0,75,1,5,1,0,1
201600007908,16,5,15,1500,1,2,1,1,1,41,4343819,546482,130,3,2,1,0,0,1,0,0,1,0,1,99,0
201600007909,16,5,31,1800,1,1,1,1,3,60,4349167,553117,130,3,2,1,0,1,1,48,76,1,0,1,0,1
201600007910,16,6,22,2100,2,1,1,1,1,41,4347076,545287,130,3,2,2,0,1,2,0,60,1,0,1,0,0
201600007912,16,9,17,2015,3,2,1,1,3,62,4342383,547986,130,3,2,2,0,2,1,0,0,1,0,1,0,0
201600007914,16,12,23,1115,1,1,1,1,6,41,4347312,547725,130,3,3,0,0,2,1,10,70,1,0,3,99,0
201600007919,16,4,20,1730,1,2,1,1,6,48,4363698,563809,130,3,2,0,0,1,1,0,70,1,0,1,3,0
201600007925,16,7,30,930,1,2,1,1,6,15,4346080,540606,130,3,2,1,0,0,1,0,0,1,0,1,99,0
201600007928,16,12,5,1730,2,2,1,1,1,15,4346478,541487,130,4,2,2,0,0,0,0,0,0,0,1,0,0
201600007929,16,12,8,1930,1,2,1,1,6,15,4344786,542507,130,3,2,1,0,0,1,54,0,1,0,1,0,0
201600007934,16,9,17,1100,1,2,1,1,7,72,4344478,563475,130,3,2,1,0,2,3,0,0,6,2,1,99,0
201600007935,16,10,11,1715,1,1,1,1,2,110,4345074,568194,130,3,2,0,0,1,1,0,72,1,0,1,0,0
201600007938,16,4,26,1215,1,1,1,1,6,4,4372677,464162,130,3,2,1,0,0,3,0,0,1,0,1,99,0
201600007943,16,10,19,1630,1,1,1,1,7,4,4361262,447928,130,3,2,2,0,1,1,0,0,1,0,3,99,0
201600007946,16,1,28,1200,1,2,1,1,3,27,4388542,486284,130,3,2,2,0,1,2,0,67,1,0,1,0,0
201600007948,16,5,1,1300,1,1,1,1,3,66,4388267,491521,130,3,1,1,0,2,0,0,0,1,0,1,99,0
201600007949,16,6,15,830,1,2,6,1,6,66,4387851,490251,130,3,2,0,0,1,0,10,60,1,5,1,99,0
201600007950,16,6,17,1630,1,1,1,1,6,27,4390772,481255,130,3,2,2,0,1,1,0,35,1,0,1,99,0
201600007953,16,8,16,1830,1,1,2,1,3,66,4385300,490400,130,4,2,2,0,0,1,40,40,1,0,1,0,0
201600007954,16,9,2,1915,1,1,2,1,3,66,4387333,491455,130,3,2,0,0,1,1,0,60,1,0,1,99,1
201600007955,16,9,7,300,3,1,1,1,6,66,4386974,491408,130,3,2,0,0,1,2,0,0,1,0,3,99,0
201600007956,16,9,22,1900,1,1,2,1,3,27,4386850,484186,130,3,2,0,0,1,1,0,50,1,0,1,99,0
201600007958,16,3,7,1600,1,2,3,1,1,96,4345367,442782,130,3,2,2,0,1,1,0,89,1,0,1,0,0
201600007963,16,3,1,545,5,2,1,6,1,97,4363816,480981,130,2,2,2,0,1,1,0,70,1,0,1,99,0