Num_Acc,an,mois,jour,hrmn,lum,agg,int,atm,col,com,lat,long,dep,catr,circ,nbv,vosp,prof,plan,lartpc,larrout,surf,infra,situ,env1,killed
201600007964,16,3,23,1700,1,1,6,1,6,97,4363998,491485,130,3,2,0,0,0,1,0,0,1,5,1,0,0
201600007965,16,4,16,1545,1,1,6,1,3,97,4363783,482931,130,3,1,2,0,1,2,0,60,1,0,1,99,0
201600007966,16,5,1,445,3,1,1,8,6,97,4362589,474876,130,3,2,1,0,1,3,0,65,1,5,3,99,0
201600007968,16,7,19,315,4,2,1,1,6,97,4365239,480129,130,3,2,2,0,1,1,0,60,1,0,1,0,0
201600007971,16,10,2,1230,1,1,1,1,6,97,4363564,482802,130,2,2,0,0,0,1,20,140,0,0,1,0,0
201600007972,16,10,25,2230,3,1,1,1,6,97,4369489,497367,130,3,2,0,0,1,1,0,55,1,0,3,0,1
201600007974,16,12,18,545,3,1,1,1,6,97,4363862,481210,130,4,0,0,0,1,0,0,30,1,0,3,99,0
201600007977,16,5,27,2015,1,1,2,1,3,100,4379788,480169,130,4,2,2,0,1,1,0,50,1,0,1,0,0
201600007978,16,6,27,1730,1,1,1,1,1,66,4381943,489325,130,3,2,2,0,1,1,0,75,1,0,1,99,1
201600007979,16,10,30,1015,1,2,1,1,6,100,4378752,483160,130,3,1,2,0,0,1,0,0,1,0,1,0,0
201600007980,16,12,7,1415,3,2,1,1,6,100,4379829,483361,130,3,2,2,0,2,2,0,75,1,0,1,99,0
201600007985,16,5,29,1130,1,1,1,1,1,30,4326601,566557,130,3,2,0,0,1,1,0,60,1,0,1,0,0
201600007990,16,1,31,1645,1,1,1,1,1,22,4321523,555246,130,3,2,0,0,2,1,0,0,1,0,1,99,0
201600007995,16,4,13,900,1,1,1,1,6,23,4320750,563108,130,4,2,0,0,1,1,0,0,1,0,1,99,0
201600007996,16,4,28,2215,5,2,1,1,6,22,4321371,554024,130,4,1,0,0,2,1,0,30,1,0,1,99,0
201600008003,16,10,9,900,1,1,1,1,7,22,4324476,554667,130,3,2,3,0,0,3,0,0,1,0,1,0,0
201600008004,16,11,25,1815,3,1,1,1,1,22,4323562,554324,130,3,2,0,2,2,3,0,0,1,0,1,99,0
201600008005,16,12,2,915,1,1,9,1,1,22,4322268,558036,130,3,2,0,2,2,2,0,0,1,5,1,99,0
201600008006,16,6,3,1630,1,1,1,1,1,85,4324896,558585,130,3,2,0,0,2,2,0,70,1,0,1,99,0
201600008007,16,7,8,1400,1,2,1,1,5,119,4326800,553300,130,3,2,0,0,1,1,0,0,1,0,1,0,0
201600008010,16,9,14,1600,1,1,1,2,5,73,4340436,558047,130,3,2,0,0,0,2,0,0,2,0,1,0,0
201600008012,16,12,6,715,2,1,1,1,1,46,4345178,549604,130,3,2,2,0,0,0,0,0,1,0,0,0,0
201600008013,16,3,18,1615,1,1,1,1,1,16,4338992,560421,130,3,2,0,0,2,2,0,54,1,0,1,0,0
201600008015,16,5,21,1000,1,2,1,1,5,16,4339545,559277,130,3,2,2,0,1,1,0,47,1,0,1,99,0
201600008016,16,6,24,1700,1,2,1,1,7,86,4333601,560109,130,3,2,0,0,0,1,0,0,1,0,0,0,0
201600008021,16,11,23,1100,1,2,1,1,6,16,4339363,559441,130,3,2,2,0,2,0,0,60,1,0,1,99,0
201600008024,16,7,7,1000,1,1,1,1,6,92,4353212,505104,130,3,2,0,2,0,1,0,73,1,0,5,0,0
201600008025,16,9,21,1200,1,1,1,1,1,14,4352006,519180,130,3,2,2,0,1,1,0,0,1,5,1,0,0
201600008026,16,11,3,1845,3,1,1,1,3,14,4351563,520189,130,3,2,2,0,1,1,0,0,1,0,1,0,0
201600008030,16,12,11,400,3,2,1,1,6,35,4369650,503884,130,3,2,2,0,0,3,0,57,1,0,3,99,0
201600008033,16,1,12,830,1,1,1,1,3,64,4381901,494808,130,3,2,2,0,0,1,0,65,1,0,1,3,0
201600008034,16,2,1,1500,1,1,1,1,1,89,4382538,493422,130,3,2,2,0,1,1,0,68,1,0,1,0,0
201600008038,16,3,20,1445,1,1,1,1,2,116,4385480,492100,130,3,2,0,0,1,1,0,70,1,0,1,99,0
201600008039,16,6,25,1715,1,1,1,1,3,76,4381717,501285,130,3,2,2,0,1,1,0,75,1,0,1,99,0
201600008041,16,7,31,1030,2,1,1,3,6,67,4382295,501570,130,4,2,2,0,1,1,0,81,2,0,3,99,1
201600008044,16,10,30,645,2,1,1,1,3,67,4376463,506175,130,3,2,2,0,0,1,0,0,1,0,3,99,0
201600008045,16,11,1,1915,3,1,1,1,2,64,4380631,496138,130,3,2,2,0,0,1,0,0,1,0,1,99,0
201600008046,16,11,21,1145,1,1,1,3,1,76,4382577,502914,130,3,2,2,0,1,3,0,0,2,3,1,99,1
201600008053,16,10,26,2015,3,1,1,1,7,24,4372784,525199,130,3,2,1,0,1,1,0,58,0,0,3,99,0
201600008054,16,1,30,1100,1,1,1,1,1,110,4403410,610025,40,2,2,2,0,1,1,0,0,1,0,1,0,0
201600008055,16,3,5,15,3,1,1,2,7,46,4403470,617210,40,3,2,2,0,0,2,0,75,2,0,1,99,0
201600008056,16,3,31,1745,1,2,1,1,1,217,4414980,615054,40,4,2,2,0,2,3,0,31,1,0,1,3,0
201600008057,16,5,15,1145,1,1,1,1,1,97,4420050,627642,40,3,2,1,0,0,2,0,60,1,0,1,0,0
201600008058,16,5,17,845,1,1,1,1,1,70,4406980,618105,40,2,2,2,0,0,1,0,75,1,0,1,0,1
201600008059,16,6,11,1645,1,1,1,1,3,24,4423990,636280,40,3,2,2,0,4,4,0,54,1,0,1,99,0
201600008060,16,6,14,1745,1,1,1,1,1,122,4405870,610716,40,3,2,2,0,1,1,0,51,1,0,1,99,0
201600008061,16,6,27,1745,1,1,1,1,5,110,4404460,613240,40,2,2,2,0,1,1,0,75,1,1,1,0,0
201600008062,16,7,7,1840,1,1,2,1,3,110,4403810,614541,40,3,0,0,0,0,0,0,0,0,0,0,0,0
201600008063,16,7,8,1800,1,1,1,1,1,1,4406040,616540,40,2,2,2,0,0,1,0,87,1,0,1,99,1
201600008064,16,7,24,1830,1,1,1,2,7,217,4414200,611802,40,4,2,2,0,3,3,30,0,2,0,1,0,0
201600008065,16,7,31,1100,1,1,1,1,5,97,4420610,627413,40,3,2,0,0,0,2,0,55,2,0,1,0,0
201600008066,16,12,15,1300,1,1,6,1,1,70,4406590,617293,40,2,2,2,0,1,0,170,76,1,5,1,0,0
201600008067,16,4,3,200,3,1,6,1,6,143,4388490,590820,40,3,2,1,0,1,1,30,70,1,5,1,99,0
201600008068,16,5,22,1715,1,1,1,1,1,189,4375710,592647,40,3,2,2,0,2,3,0,55,1,0,1,0,0
201600008069,16,6,23,1915,1,1,1,1,7,94,4376890,587902,40,3,2,2,0,0,2,65,0,1,0,0,99,0
201600008070,16,7,12,1445,1,1,1,1,1,94,4373490,586467,40,4,2,2,0,1,3,0,43,1,0,1,0,0
201600008071,16,8,1,30,3,1,1,1,6,94,4375090,585327,40,3,2,2,0,1,1,0,64,1,0,1,0,0
201600008072,16,8,1,1430,1,2,1,1,6,94,4375940,588536,40,3,2,0,0,0,0,0,0,0,0,0,0,0
201600008073,16,8,8,30,3,1,1,1,7,189,4377690,597467,40,3,2,2,0,1,3,0,67,1,0,3,99,1
201600008074,16,8,9,1100,1,1,6,1,2,230,4380040,583325,40,3,1,1,0,0,2,0,40,1,0,1,0,0
201600008075,16,8,21,1200,1,1,1,1,6,189,4376450,593036,40,3,2,0,0,1,2,0,80,1,0,1,99,0
201600008076,16,8,30,1615,1,1,1,1,1,230,4381530,593215,40,3,2,2,0,1,1,0,65,1,0,1,99,1
201600008077,16,11,20,1745,2,1,1,1,1,230,4379740,584605,40,3,2,2,0,2,1,0,70,1,0,1,99,0
201600008078,16,12,21,1745,3,1,1,1,6,230,4379140,584710,40,3,2,2,0,2,1,0,70,2,0,3,99,1
201600008079,16,5,20,1615,1,1,3,1,3,79,4408240,601647,40,2,4,3,0,1,1,10,120,1,5,1,0,1
201600008080,16,5,23,2015,1,1,1,1,7,49,4411050,599416,40,4,0,0,0,0,3,0,70,1,0,3,0,0
201600008081,16,6,2,1230,1,1,1,1,1,145,4413480,597074,40,3,2,2,0,1,1,80,0,1,0,1,99,0
201600008082,16,6,14,1145,1,1,1,1,1,116,4404160,600460,40,3,2,0,0,1,3,0,70,1,0,1,0,0
201600008083,16,7,24,1145,1,1,3,1,3,49,4410660,600437,40,2,2,2,0,1,1,0,60,1,0,1,99,0
201600008084,16,7,18,830,1,2,1,1,1,49,4408610,600787,40,3,2,2,0,0,1,0,76,1,0,1,0,0
201600008085,16,9,28,1615,1,1,1,1,6,79,4409620,602320,40,3,2,0,0,1,4,0,90,1,0,1,99,0
201600008086,16,10,16,1845,2,2,1,1,3,49,4410190,600871,40,2,2,2,0,1,1,0,0,1,0,1,99,0
201600008087,16,11,12,1715,2,1,1,1,7,108,4403540,606532,40,3,2,0,0,1,2,0,0,1,0,0,99,0
201600008088,16,11,19,2100,3,1,1,1,6,127,4406390,593988,40,3,2,2,0,2,3,0,60,2,3,3,0,0
201600008089,16,11,24,600,3,1,1,2,6,116,4396500,592089,40,3,2,0,0,1,1,0,80,2,0,3,99,0
201600008090,16,4,24,1415,1,2,1,1,7,22,4395970,637941,40,2,2,0,0,1,1,0,50,1,0,1,99,0
201600008091,16,5,5,1800,1,1,1,1,7,55,4396190,632717,40,2,2,0,0,1,4,0,70,1,0,1,99,1
201600008092,16,5,17,1615,1,1,1,1,6,31,4390390,613992,40,3,2,2,0,2,2,0,58,1,0,1,99,0
201600008093,16,7,14,1200,1,1,1,1,6,55,4396190,632717,40,2,3,2,0,1,2,0,0,1,0,1,0,1
201600008094,16,7,30,1815,1,1,3,1,3,28,4398450,619703,40,3,2,2,0,1,1,0,0,1,0,1,0,0
201600008095,16,11,3,1015,1,1,1,1,2,59,4399610,638447,40,3,2,0,0,2,1,0,39,1,0,1,99,1
201600008096,16,1,19,1730,2,2,1,1,6,143,4391620,591861,40,4,2,0,0,1,1,0,45,1,0,1,99,0
201600008097,16,4,27,1930,2,1,6,1,3,242,4388860,586988,40,3,1,1,0,0,2,96,60,1,0,1,0,0
201600008098,16,7,7,930,1,1,3,1,3,143,4392280,591168,40,3,2,0,0,1,1,0,84,1,5,1,99,0
201600008099,16,7,15,30,5,1,1,1,4,152,4381810,574672,40,3,0,2,0,0,1,0,58,1,0,1,99,0
201600008100,16,8,22,1200,1,1,3,1,1,106,4395850,589692,40,3,2,0,0,0,1,0,0,1,5,0,99,0
201600008101,16,10,24,345,3,1,1,1,1,106,4395690,589513,40,3,2,0,0,1,1,0,70,1,0,1,99,0
201600008102,16,5,4,1400,1,1,1,1,6,86,4439140,667405,40,3,2,0,0,1,1,0,65,1,0,1,99,0
201600008103,16,5,24,1500,1,1,1,1,3,86,4439600,669117,40,3,2,0,0,1,1,0,65,1,0,1,99,0
201600008104,16,6,27,1100,1,1,1,1,7,96,4432570,680607,40,4,2,0,0,2,3,0,50,1,0,3,3,1
201600008105,16,7,8,1530,1,2,3,1,3,19,4438500,666102,40,4,2,2,0,1,0,0,55,1,0,1,99,0
201600008106,16,7,17,1715,1,1,3,1,1,19,4439140,667250,40,3,2,2,0,0,0,0,0,1,0,0,0,0
201600008107,16,7,18,115,3,1,1,1,6,19,4439390,665022,40,4,2,0,0,0,0,0,38,0,0,0,0,0
201600008108,16,7,30,1115,1,1,1,1,7,96,4433240,681085,40,4,2,2,0,1,2,60,0,1,0,1,99,0
201600008109,16,8,14,1800,1,1,1,1,1,226,4435710,661942,40,3,2,1,0,1,2,0,25,1,0,1,99,0
201600008110,16,9,5,2200,3,1,1,1,7,193,4451560,674430,40,3,2,0,0,0,3,0,99,1,2,0,0,1
201600008111,16,9,25,1200,1,1,1,1,7,120,4446600,681840,40,3,2,2,0,2,2,0,67,1,0,1,99,0
201600008112,16,10,8,1215,1,1,1,1,1,100,4444560,685804,40,3,2,2,0,2,2,0,67,1,0,1,99,1
201600008113,16,10,20,1400,1,1,1,1,6,33,4444830,624131,40,3,2,2,0,1,2,0,50,1,0,3,99,0
201600008114,16,1,21,1615,1,1,1,1,6,198,4445410,635729,40,3,2,2,0,0,3,0,43,1,0,1,99,0
201600008115,16,4,2,1645,1,1,1,8,6,33,4446360,626908,40,3,2,2,0,0,2,0,81,1,0,1,99,0
201600008116,16,4,7,1445,1,1,1,1,7,205,4432660,639371,40,3,2,2,0,0,1,0,56,1,0,1,99,0
201600008117,16,4,10,2230,3,1,1,1,6,198,4444650,633921,40,3,2,2,0,2,1,0,73,1,0,1,99,1
201600008118,16,7,1,1630,1,1,1,1,2,154,4451010,635620,40,3,2,2,0,1,3,0,65,1,0,1,99,0
201600008119,16,7,2,1545,1,1,1,1,7,161,4440170,650858,40,3,2,2,0,1,4,0,59,2,0,1,0,0
201600008120,16,8,14,1515,1,1,1,1,6,161,4435650,648375,40,4,2,1,0,3,2,0,35,1,0,3,99,0
201600008121,16,4,10,1145,1,1,1,1,7,69,4384660,654428,40,3,2,0,0,1,3,0,45,1,0,3,99,0
201600008122,16,5,16,1430,1,1,1,1,6,69,4387980,655594,40,4,0,2,0,2,3,0,0,1,0,1,99,0
201600008123,16,9,24,1430,1,1,1,1,6,39,4383540,648494,40,3,2,2,0,1,2,0,0,1,0,1,0,0
201600008124,16,4,29,1530,1,2,1,1,6,76,4395040,681658,40,3,0,2,0,0,1,0,0,1,0,1,99,0
201600008125,16,6,7,845,1,1,1,1,7,76,4392710,679802,40,3,2,2,0,0,2,30,0,1,0,1,99,0
201600008126,16,7,13,2345,5,2,1,1,6,8,4396540,666810,40,3,2,2,0,1,1,0,57,1,0,1,99,0
201600008127,16,2,4,2215,3,1,1,1,7,219,4410710,657377,40,3,2,2,0,1,1,0,67,1,0,1,99,0
201600008128,16,6,9,1130,1,1,3,1,3,61,4418360,663034,40,3,2,1,0,2,1,0,84,1,0,0,0,0
201600008129,16,7,2,1115,1,1,1,1,1,173,4397810,650823,40,3,2,2,0,0,1,0,56,1,0,1,0,0
201600008130,16,7,16,1630,1,1,1,1,1,136,4399090,653597,40,3,2,2,0,2,3,0,57,1,0,1,99,0
201600008131,16,12,21,300,3,2,1,1,7,6,4428510,657388,40,3,1,1,0,1,4,0,57,1,0,0,99,0
201600008132,16,2,17,1145,1,1,1,1,6,81,4374210,597375,40,3,2,2,0,3,4,0,55,1,0,1,99,0
201600008133,16,2,29,1200,1,1,1,1,7,144,4379410,634077,40,3,2,2,0,2,3,0,46,3,0,1,99,0
201600008134,16,7,5,1200,1,1,1,1,6,189,4377750,597696,40,3,2,0,0,1,4,0,74,1,0,1,0,0
201600008135,16,7,6,1530,1,1,1,1,7,144,4378030,628064,40,3,2,2,0,0,3,0,59,1,0,1,99,0
201600008136,16,7,18,1015,1,1,1,1,3,172,4384650,616488,40,3,2,2,0,1,3,55,0,1,0,1,99,0
201600008137,16,8,25,210,3,1,1,1,6,157,4385030,614752,40,3,2,2,0,1,1,0,55,1,0,1,99,0
201600008138,16,9,6,1900,1,1,1,1,1,166,4380310,611936,40,3,2,2,0,1,1,0,0,1,0,1,0,0
201600008139,16,10,1,1100,1,1,1,3,1,166,4380710,611246,40,3,2,1,0,2,3,0,70,8,0,1,99,0
201600008140,16,10,3,1630,1,1,1,1,7,144,4380070,625875,40,3,2,2,0,1,1,0,49,1,0,0,99,1
201600008141,16,11,1,1615,1,1,1,1,6,144,4380150,625583,40,3,2,0,0,1,4,0,61,1,0,0,0,1
201600008142,16,12,14,1330,1,1,1,1,6,172,4383220,614169,40,3,2,2,0,1,2,0,65,1,0,1,0,0
201600008143,16,3,6,230,3,2,1,1,6,88,4395220,577381,40,4,2,0,0,1,2,0,39,1,0,1,99,0
201600008144,16,3,21,1630,1,1,3,1,5,188,4392280,577737,40,3,2,2,0,0,0,0,70,1,5,1,0,0
201600008145,16,4,17,2215,3,1,1,1,6,242,4388050,584875,40,3,2,0,0,2,1,0,105,1,0,3,0,0
201600008146,16,5,23,1400,1,1,1,1,2,242,4389780,583508,40,3,2,2,0,1,3,0,70,1,5,1,0,0
201600008147,16,6,12,1830,1,2,1,1,6,88,4395960,578081,40,3,0,0,0,1,1,0,70,1,5,1,0,0
201600008148,16,7,18,1345,1,1,1,1,1,160,4386590,568386,40,3,2,2,0,1,1,0,75,1,0,3,0,0
201600008149,16,9,1,145,5,2,1,1,6,151,4395580,583173,40,3,0,0,0,1,1,0,58,1,0,1,0,0
201600008150,16,12,20,2130,3,1,1,1,6,104,4397000,573416,40,3,2,2,0,0,2,0,65,2,0,0,99,1
201600008151,16,12,22,1600,1,2,1,1,6,88,4395880,577988,40,3,2,2,0,2,1,0,0,1,0,1,99,0
201600008152,16,6,10,115,3,1,1,1,6,208,4399840,554564,40,3,2,2,0,1,1,0,50,1,0,3,99,0
201600008153,16,7,24,1945,1,1,1,2,7,208,4396270,553073,40,3,2,0,0,0,3,0,68,2,0,3,0,0
201600008154,16,8,28,1215,1,1,1,1,3,141,4401150,569963,40,3,2,2,0,0,4,0,65,1,0,1,99,0
201600008155,16,9,10,1145,1,2,2,1,1,132,4401240,560925,40,3,2,2,0,1,0,0,65,1,0,1,99,0
201600008156,16,10,29,1515,1,2,2,1,3,163,4417770,556574,40,3,2,0,0,3,1,0,60,1,0,1,0,0
201600008157,16,11,2,700,1,1,1,1,1,79,4406110,602034,40,2,2,2,0,1,1,0,71,1,0,1,99,0
201600008158,16,11,25,300,5,1,1,3,6,49,4409440,600994,40,2,2,2,0,1,1,0,70,3,0,3,99,0
201600008159,16,4,17,1830,1,1,1,1,3,63,4376530,575828,40,3,2,2,0,1,1,0,80,1,0,1,99,0
201600008160,16,5,4,1800,1,1,3,1,3,63,4376080,575423,40,3,2,2,0,1,1,0,60,1,0,1,99,0
201600008161,16,7,1,1130,1,1,3,1,3,245,4386040,583552,40,3,2,2,0,0,1,0,70,1,0,1,99,0
201600008162,16,8,25,215,3,1,1,1,6,63,4375440,574976,40,3,2,2,0,0,1,0,77,1,0,0,0,1
201600008163,16,11,18,1730,2,1,1,1,1,152,4380060,575673,40,3,2,2,0,2,1,0,62,1,0,1,99,0
201600008164,16,11,28,830,1,1,1,7,6,197,4380390,577236,40,4,2,2,0,2,1,0,35,1,0,3,99,1
201600008165,16,12,18,1130,1,1,1,9,3,242,4389440,583774,40,3,2,2,0,0,3,0,75,7,0,1,0,0
201600008166,16,7,15,1030,1,1,3,1,1,75,4416420,594980,40,3,2,2,0,2,1,0,0,1,5,1,0,0
201600008167,16,7,22,845,1,1,1,1,6,123,4425160,588088,40,3,2,2,0,1,1,0,0,1,0,1,0,1
201600008168,16,4,15,1415,1,1,1,1,7,231,4426130,597405,40,3,2,0,0,1,1,0,53,1,0,1,99,0
201600008169,16,1,18,2100,3,1,1,4,1,53,4433956,577880,50,3,2,2,0,1,3,0,73,5,0,1,99,0
201600008170,16,4,4,1445,1,1,1,1,3,103,4426355,590424,50,3,2,2,0,1,1,0,73,1,0,1,0,0
201600008171,16,4,4,1345,1,2,1,1,6,53,4434477,577331,50,3,2,2,0,1,1,0,73,1,0,1,99,0
201600008172,16,4,16,1430,1,1,4,1,3,34,4427696,581679,50,3,2,2,0,1,2,0,0,1,5,1,99,0
201600008173,16,4,29,45,3,1,1,1,6,118,4420559,588872,50,3,2,2,0,0,1,0,70,1,0,1,0,1
201600008174,16,7,11,1200,1,2,1,1,2,70,4430632,583539,50,3,2,2,0,0,1,0,89,1,0,1,99,0
201600008175,16,10,11,1015,1,1,1,1,7,172,4435282,573736,50,3,2,2,0,1,1,0,60,1,0,1,99,0
201600008176,16,11,10,745,2,1,1,1,6,173,4430674,582641,50,3,2,2,0,1,2,0,73,7,0,1,99,0
201600008177,16,12,30,2130,1,1,1,1,6,173,4432761,586769,50,3,2,2,0,2,2,0,50,7,0,3,0,0
201600008178,16,1,9,1130,1,1,4,2,1,147,4465225,613450,50,3,2,2,0,1,1,0,73,1,0,1,99,0
201600008179,16,2,3,1300,1,1,1,6,6,25,4465112,614571,50,3,2,2,0,1,2,0,60,1,0,1,99,0
201600008180,16,4,27,1130,1,1,1,1,6,56,4463254,613005,50,3,2,2,0,2,2,0,73,1,0,1,99,0
201600008181,16,5,28,1330,1,1,1,1,7,104,4469068,604486,50,5,0,0,0,1,3,0,25,9,0,0,99,0
201600008182,16,7,23,1015,1,2,1,1,6,132,4468308,611207,50,4,2,2,0,1,0,0,0,1,0,1,99,0
201600008183,16,7,24,1215,1,1,1,1,7,9,4479938,597017,50,3,2,0,0,3,3,0,35,1,0,1,99,0
201600008184,16,9,4,730,1,1,1,1,6,54,4467921,606168,50,4,2,1,0,2,1,0,30,9,0,1,99,0
201600008185,16,9,11,845,1,1,1,1,6,72,4465139,608603,50,2,2,2,0,2,3,0,73,2,0,3,99,0
201600008187,16,12,15,1745,2,2,1,1,6,29,4464364,617282,50,3,2,2,3,1,1,0,62,1,0,1,99,0
201600008188,16,12,22,530,3,1,1,9,7,32,4468936,626495,50,3,2,0,0,1,2,0,73,7,0,3,99,1
201600008189,16,8,25,1330,1,2,1,1,3,2,4469548,588236,50,3,2,1,0,2,3,0,42,1,0,1,3,0
201600008190,16,11,9,1100,1,1,1,4,7,139,4466485,594481,50,3,2,1,0,2,3,0,60,5,0,0,99,0
201600008191,16,1,25,745,1,1,1,1,6,68,4449042,607973,50,3,2,2,0,1,3,0,73,2,0,3,99,0
201600008192,16,2,25,900,1,1,1,1,1,162,4443445,602407,50,3,2,2,0,1,1,0,73,1,0,1,99,0
201600008193,16,6,4,1115,1,2,1,1,2,170,4446409,604951,50,3,2,2,0,1,1,0,73,1,0,1,3,0
201600008194,16,7,13,1815,1,1,1,7,5,100,4452075,600969,50,3,2,0,0,0,4,83,61,1,0,1,3,0
201600008195,16,7,24,300,3,1,1,1,7,68,4448591,607961,50,3,2,2,0,1,3,0,73,1,0,1,99,1
201600008196,16,10,30,1610,1,1,1,1,5,68,4448980,611697,50,3,2,2,0,0,1,0,66,1,0,1,0,1
201600008197,16,12,1,1700,2,1,1,7,2,170,4444842,603433,50,3,2,2,0,1,1,0,70,1,0,1,3,0
201600008198,16,12,30,1000,1,1,3,1,1,162,4442107,601715,50,3,2,2,3,1,1,30,73,1,5,1,99,0
201600008199,16,7,27,1315,1,1,1,1,7,33,4436259,563285,50,3,2,1,0,1,1,0,52,1,0,1,99,0
201600008200,16,9,3,1145,1,1,1,1,7,129,4437441,553221,50,3,2,1,0,2,3,0,50,1,0,1,99,0
201600008201,16,1,1,1200,1,1,1,1,6,87,4457273,586037,50,3,2,0,0,1,1,0,63,1,0,3,99,0
201600008202,16,1,26,1130,1,1,3,1,3,123,4456189,593531,50,3,2,2,1,1,1,0,75,1,5,1,99,1
201600008203,16,8,8,1745,1,1,1,1,5,123,4454637,599917,50,3,2,2,0,1,3,0,73,1,0,1,99,0
201600008204,16,7,11,700,1,1,1,1,7,6,4475860,657296,50,2,2,2,0,1,1,65,73,1,0,1,99,0
201600008205,16,9,13,830,1,1,1,1,6,6,4479567,656265,50,2,2,2,0,2,1,0,73,1,6,1,99,0
201600008206,16,10,3,1545,1,1,1,1,6,6,4480672,656581,50,2,2,2,0,2,2,0,73,1,0,1,99,0
201600008207,16,10,24,1630,1,2,1,1,5,6,4479242,656217,50,2,2,2,0,2,1,0,73,1,0,1,99,0
201600008208,16,12,11,1330,1,1,1,1,7,58,4476438,656412,50,3,2,2,0,1,3,0,54,9,0,1,99,0
201600008209,16,7,30,1730,1,1,1,1,1,174,4492577,667929,50,3,2,2,0,1,1,0,57,1,0,1,99,0
201600008210,16,8,8,1600,1,2,1,1,2,85,4492843,671296,50,2,2,2,0,3,1,0,75,1,0,1,99,0
201600008211,16,9,13,1430,1,1,1,1,6,79,4499706,647857,50,3,2,2,0,1,2,0,74,1,0,3,0,1
201600008212,16,2,6,2000,5,1,1,1,3,12,4454692,648283,50,2,2,2,0,1,1,0,73,1,0,1,0,0
201600008213,16,3,6,1745,2,1,1,1,2,45,4453264,645434,50,2,2,3,0,2,1,0,95,1,0,1,99,0
201600008214,16,7,1,115,4,1,1,1,6,45,4453660,647095,50,2,2,2,0,0,1,0,73,1,0,3,99,0
201600008215,16,8,9,915,1,1,1,1,3,108,4454325,640818,50,3,2,2,0,2,2,0,51,1,0,1,0,0
201600008216,16,10,18,745,1,2,6,1,6,46,4456522,649909,50,4,2,2,0,1,1,0,60,1,5,1,3,0
201600008217,16,12,10,2130,5,2,3,1,1,46,4456253,649120,50,3,2,2,0,3,0,0,73,1,0,1,99,0
201600008218,16,6,25,1045,1,1,1,1,7,38,4476887,680218,50,4,2,2,0,0,2,0,48,1,0,0,99,0
201600008219,16,9,1,1215,1,2,1,1,6,157,4470048,686800,50,3,2,1,0,2,1,0,62,1,0,1,99,0
201600008220,16,7,30,1800,1,1,1,1,5,106,4452500,635900,50,2,2,2,0,1,1,0,120,1,4,1,0,0
201600008221,16,11,19,930,1,1,2,1,1,17,4456342,619662,50,2,2,2,0,1,1,0,73,1,5,1,99,0
201600008222,16,12,16,1930,3,1,1,1,5,84,4455282,624464,50,2,2,2,0,1,3,0,73,1,0,1,0,1
201600008223,16,3,27,1245,1,1,8,1,3,136,4470650,660389,50,3,2,2,0,1,1,0,60,1,4,0,99,1
201600008224,16,5,11,845,1,2,6,2,1,65,4465507,665212,50,3,2,2,0,2,2,0,80,2,5,1,99,0
201600008225,16,6,5,1545,1,1,1,8,7,177,4461270,668702,50,3,2,1,0,1,2,0,65,1,0,3,99,1
201600008226,16,6,10,1200,1,1,1,1,5,177,4460644,606887,50,3,2,2,0,1,1,0,60,0,0,1,99,0
201600008227,16,7,9,1345,1,1,1,1,6,177,4462578,668044,50,3,2,2,0,1,2,0,73,1,0,3,99,0
201600008228,16,12,29,830,1,1,1,1,3,136,4471115,660234,50,2,0,0,0,4,3,0,73,1,0,1,99,1
201600008232,16,11,8,710,1,1,1,1,3,48,4380896,732439,60,4,2,2,0,1,1,0,0,1,0,1,99,0
201600008233,16,11,25,1620,1,2,1,1,3,48,4381692,734545,60,3,0,2,0,2,2,0,48,1,0,1,99,0
201600008237,16,11,28,1700,2,2,9,1,3,77,4388367,735953,60,3,2,2,0,2,0,7,110,1,0,0,0,0
201600008238,16,4,6,1230,1,1,1,1,6,147,4378000,727900,60,4,2,2,0,2,3,0,83,1,0,1,0,0
201600008239,16,4,14,930,1,2,1,1,1,75,4385700,722900,60,3,2,2,0,0,3,0,66,1,0,1,0,0
201600008240,16,10,13,1550,1,2,1,2,6,147,4379349,726690,60,3,2,2,0,1,3,0,51,2,0,1,99,0
201600008241,16,10,11,740,1,2,3,1,1,75,4385077,723631,60,3,2,2,0,1,0,0,0,1,0,1,99,0
201600008242,16,12,8,1030,1,1,1,1,1,147,4376175,727947,60,3,2,2,0,2,1,0,71,1,0,1,99,1
201600008250,16,2,14,1045,1,2,3,1,3,11,4370381,732653,60,3,2,2,0,1,3,0,56,1,0,1,0,0
201600008251,16,6,18,330,5,2,1,1,1,11,4371353,734040,60,4,2,0,0,1,2,0,63,1,0,1,0,0
201600008253,16,12,4,910,1,2,1,1,7,11,4370239,732917,60,3,2,2,0,2,2,65,0,1,0,4,99,0
201600008254,16,12,18,2330,5,2,1,1,7,121,4369743,732662,60,4,2,2,0,1,1,0,55,1,0,3,99,0
201600008264,16,4,23,1600,1,2,1,1,6,79,4355448,695457,60,3,2,2,3,1,1,0,0,1,0,1,0,0
201600008277,16,11,7,1635,1,2,1,1,6,58,4372889,678159,60,4,2,2,0,2,3,0,33,1,0,1,3,0
201600008284,16,10,6,1820,1,1,1,1,3,128,4369862,712188,60,3,2,2,0,1,4,0,61,1,0,1,99,0
201600008285,16,10,15,1515,1,2,1,1,6,65,4371646,715169,60,3,3,2,0,1,1,0,63,1,0,1,99,0
201600008286,16,10,26,630,3,1,1,8,6,122,4374767,713269,60,3,2,2,0,1,1,0,0,1,0,1,99,0