Num_Acc,an,mois,jour,hrmn,lum,agg,int,atm,col,com,lat,long,dep,catr,circ,nbv,vosp,prof,plan,lartpc,larrout,surf,infra,situ,env1,killed
201600008287,16,11,29,1630,1,1,6,1,6,128,4369303,713177,60,4,2,2,0,2,0,6,10,4,0,0,0,0
201600008288,16,12,15,1620,2,2,1,1,1,157,4372571,712113,60,4,1,1,0,2,1,0,40,1,0,1,99,0
201600008289,16,12,19,1320,1,2,1,2,6,122,4374136,715796,60,4,3,2,0,2,4,68,68,2,0,3,99,0
201600008290,16,12,19,1500,1,2,4,2,5,122,4374192,716178,60,4,0,0,0,0,0,0,0,0,0,0,0,0
201600008295,16,8,6,1430,1,1,1,1,6,163,4402800,757100,60,3,2,0,0,2,0,0,0,1,0,3,0,1
201600008297,16,1,22,715,1,2,1,1,1,150,4374338,739272,60,3,2,2,0,1,1,70,0,1,0,1,0,0
201600008300,16,2,20,1830,5,2,1,1,3,59,4372279,735693,60,3,2,2,0,1,3,70,0,1,0,1,0,0
201600008306,16,8,20,945,1,2,1,1,1,32,4372100,740200,60,3,3,3,0,2,4,0,99,1,0,1,0,1
201600008309,16,8,17,1745,1,2,1,1,3,59,4373079,736335,60,4,2,2,0,1,1,73,0,1,0,1,0,0
201600008311,16,11,26,2300,3,1,1,5,3,78,4392501,714949,60,3,2,2,0,1,3,0,70,1,0,1,99,0
201600008314,16,7,28,1715,1,2,1,1,7,106,4386100,704400,60,3,2,0,0,1,1,31,63,1,0,1,99,0
201600008315,16,10,23,1320,1,1,1,2,1,66,4383804,718580,60,4,2,2,0,2,3,0,0,2,0,1,99,0
201600008317,16,9,25,1515,1,1,1,1,7,73,4420400,710600,60,3,2,2,0,0,1,0,50,1,0,1,0,0
201600008330,16,2,13,545,3,1,1,1,7,82,4362940,649335,830,3,2,2,0,2,2,0,80,1,0,3,0,1
201600008331,16,2,22,1100,1,2,1,1,6,56,4354237,648428,830,4,2,2,0,2,3,0,70,1,0,3,0,0
201600008361,16,11,14,1700,2,2,1,1,3,29,4360663,675535,830,4,2,2,0,1,1,0,84,1,0,1,0,0
201600008376,16,1,13,1630,1,2,1,1,1,121,4356103,623312,830,4,2,1,0,0,1,0,0,1,0,0,0,0
201600008387,16,2,20,1730,1,2,1,1,6,23,4341252,606708,830,4,0,0,0,0,0,0,0,0,0,0,0,0
201600008395,16,9,14,1800,1,2,1,2,6,23,4340650,606247,830,9,1,1,0,1,2,0,50,2,6,4,99,0
201600008398,16,10,1,1700,1,1,1,1,1,143,4342600,606900,830,3,2,0,0,4,3,0,70,2,0,1,0,0
201600008399,16,10,6,1715,1,1,1,1,2,23,4368200,613500,830,2,2,2,0,1,1,0,80,1,0,1,99,0
201600008400,16,11,4,1100,1,1,1,7,3,23,4367000,613800,830,3,2,2,0,2,1,0,90,1,0,1,99,0
201600008405,16,4,10,1315,1,1,1,1,4,45,4346547,611173,830,3,2,2,0,1,1,0,65,1,0,1,0,0
201600008411,16,10,3,1730,1,2,1,1,6,12,4356048,600375,830,4,2,2,0,2,1,0,61,1,0,1,99,0
201600008420,16,5,9,915,1,1,1,1,6,88,4330475,600614,830,4,2,1,0,1,1,0,50,1,0,1,0,0
201600008425,16,10,12,1730,1,2,1,1,1,77,4327759,597103,830,4,2,2,0,2,3,0,35,1,0,1,0,0
201600008427,16,3,2,1200,1,1,9,1,6,116,4345328,585063,830,9,4,0,0,1,0,0,0,1,0,0,99,0
201600008429,16,5,2,730,1,1,1,1,1,140,4339300,590700,830,4,2,1,0,0,1,0,30,1,0,0,0,0
201600008438,16,2,3,1730,1,2,1,1,3,99,4345400,668400,830,4,2,2,0,1,1,0,65,1,0,1,99,0
201600008443,16,6,12,1745,1,1,1,1,7,107,4344893,661873,830,4,2,1,0,1,3,0,50,1,0,1,0,0
201600008449,16,8,3,830,1,2,1,1,6,1,4353671,683223,830,5,2,2,0,2,1,0,58,1,0,1,0,1
201600008458,16,2,11,2130,5,2,1,1,6,63,4331496,646890,830,4,2,0,0,3,1,0,0,0,0,1,3,0
201600008460,16,4,18,715,1,1,1,1,6,42,4327094,657323,830,3,2,2,0,2,1,0,70,1,0,3,0,0
201600008461,16,4,24,1815,1,2,1,1,6,68,4327447,658354,830,4,2,1,0,1,1,0,0,1,0,1,0,0
201600008462,16,4,30,345,3,1,1,6,2,68,4328000,654100,830,3,2,2,0,1,0,0,0,1,0,1,0,0
201600008464,16,5,17,2045,2,1,1,1,5,68,4345600,684900,830,3,2,1,0,2,3,0,70,1,0,1,99,0
201600008465,16,6,4,2000,1,1,1,1,1,68,4325900,655100,830,4,2,2,0,1,3,0,60,1,0,1,99,0
201600008466,16,7,30,1015,1,1,1,1,5,68,4344900,690500,830,3,2,2,0,1,3,0,70,1,0,1,0,0
201600008467,16,8,25,545,5,1,1,1,6,68,4344900,695500,830,3,2,2,0,1,3,0,0,1,0,3,0,0
201600008472,16,12,17,1230,1,2,6,1,3,42,4325709,651949,830,4,4,0,0,1,0,0,0,1,0,1,99,0
201600008473,16,7,28,1915,1,2,1,1,6,86,4344278,663761,830,4,2,2,0,1,2,0,50,1,0,1,0,0
201600008474,16,2,22,800,1,2,1,1,6,115,4330790,663515,830,4,2,0,0,0,1,65,0,1,0,4,99,0
201600008475,16,3,31,1345,1,2,1,1,6,115,4353200,604800,830,3,2,0,0,1,1,0,0,1,0,1,99,0
201600008476,16,5,7,1245,1,1,1,1,6,94,4333690,653815,830,3,2,0,0,2,2,0,45,1,0,3,0,1
201600008477,16,5,31,930,1,2,1,1,6,115,4331041,663338,830,3,0,2,0,1,1,0,79,1,0,1,0,1
201600008479,16,7,3,600,3,1,1,1,6,115,4333883,667763,830,4,2,2,0,0,0,0,75,0,0,0,0,0
201600008480,16,7,22,245,5,2,1,1,1,115,4330300,662600,830,3,2,2,0,1,0,0,0,1,5,1,99,1
201600008483,16,10,30,1130,1,1,1,1,1,107,4334300,671000,830,3,2,2,0,1,2,0,70,1,0,1,99,0
201600008485,16,2,14,2100,3,1,1,1,6,101,4337700,602100,830,3,2,2,0,2,2,0,75,1,0,3,99,0
201600008488,16,4,20,930,1,2,1,1,3,119,4326785,663999,830,9,1,2,0,1,1,0,0,1,0,1,99,0
201600008491,16,7,10,1145,1,1,1,1,3,101,4341400,607800,830,3,2,0,0,1,1,0,70,1,0,1,0,0
201600008494,16,7,31,115,3,2,1,1,7,119,4326061,664199,830,4,2,1,0,2,2,0,0,1,0,3,99,0
201600008495,16,8,11,2245,5,1,1,1,1,65,4326127,659623,830,3,0,2,0,0,1,0,0,1,0,1,0,1
201600008497,16,8,23,2000,1,1,1,1,6,119,4325800,661800,830,4,2,0,1,1,1,0,0,1,0,1,99,0
201600008499,16,10,6,1500,1,2,1,1,6,119,4626900,663800,830,4,1,2,0,1,1,0,0,1,0,1,99,0
201600008500,16,10,11,1615,1,1,1,1,7,65,4323942,656457,830,4,2,2,0,2,2,0,0,2,0,1,99,0
201600008502,16,10,25,2345,3,1,1,1,6,119,4324100,658800,830,4,2,1,0,2,2,0,62,2,0,3,99,1
201600008508,16,6,5,1145,1,1,1,1,6,35,4342500,526700,830,3,2,0,0,0,1,0,81,1,0,3,0,1
201600008513,16,10,3,1515,1,1,1,1,1,35,4325400,571700,830,3,2,0,0,0,1,0,62,1,5,1,99,0
201600008516,16,12,4,230,3,1,1,1,6,35,4325200,573900,830,3,2,2,0,1,1,0,62,1,0,3,99,0
201600008517,16,12,25,1315,1,1,1,1,1,16,4323400,580300,830,3,2,0,0,0,1,0,65,1,0,1,99,0
201600008522,16,6,5,915,1,2,1,1,2,71,4312652,624580,830,3,2,2,0,4,1,0,52,1,0,1,3,0
201600008526,16,9,29,1700,1,1,1,1,3,71,4313851,622147,830,4,2,2,0,1,1,0,0,1,0,1,99,0
201600008527,16,3,14,1315,1,1,1,1,1,112,4318898,573032,830,4,2,1,0,2,3,0,30,0,0,1,99,0
201600008530,16,4,13,100,3,1,9,1,2,112,4317500,567100,830,3,2,2,0,2,1,13,109,1,5,1,99,0
201600008531,16,5,15,1200,1,2,6,1,3,112,4318339,569061,830,3,1,1,0,1,2,0,60,1,5,1,0,0
201600008535,16,9,19,1930,1,2,6,1,3,112,4318294,568532,830,3,2,0,0,1,0,0,0,1,0,0,0,0
201600008538,16,12,8,915,1,2,1,1,1,112,4317220,570835,830,4,2,0,0,0,0,0,0,1,0,1,99,0
201600008539,16,12,23,1045,1,1,1,1,1,112,4317601,574090,830,4,2,0,0,2,1,0,0,1,0,1,0,0
201600008543,16,1,5,810,1,2,3,1,1,54,4392709,506725,840,3,2,2,0,1,1,0,62,1,0,1,0,0
201600008545,16,1,16,1415,1,1,1,6,7,132,4392445,500762,840,4,2,2,0,0,1,0,0,1,0,1,99,0
201600008547,16,2,13,145,3,1,1,1,7,54,4390115,508362,840,3,2,0,0,1,1,0,0,1,0,3,0,0
201600008548,16,2,24,1730,2,2,2,1,3,54,4391860,506772,840,4,2,0,0,1,1,0,61,9,0,0,0,0
201600008549,16,2,26,730,1,2,1,1,6,54,4391940,505753,840,4,2,2,0,1,1,0,62,1,0,1,99,0
201600008550,16,4,4,2015,5,2,1,1,7,54,4392843,505482,840,4,2,2,0,1,3,0,70,1,0,4,0,0
201600008552,16,6,15,1030,1,2,1,1,6,54,4391809,504901,840,4,2,2,0,1,1,0,61,1,0,1,99,0
201600008563,16,1,26,1845,2,2,3,1,2,129,4400320,490456,840,3,2,2,0,0,0,0,0,0,0,0,0,0
201600008564,16,2,6,2215,4,1,1,1,6,129,4399235,486416,840,3,3,2,0,1,1,0,0,1,5,1,99,1
201600008567,16,8,4,930,1,1,1,1,2,16,4405917,488804,840,3,2,0,0,1,1,0,120,1,0,1,99,0
201600008573,16,1,15,1445,1,2,1,1,1,3,4387531,538087,840,4,2,0,0,2,3,0,50,1,0,1,99,0
201600008574,16,3,15,715,1,1,1,1,1,3,4388576,536479,840,3,2,2,0,1,1,0,88,1,0,1,0,0
201600008576,16,4,10,1045,1,2,6,1,7,3,4388284,538156,840,3,0,2,0,1,2,0,0,1,5,1,0,0
201600008581,16,9,22,1600,1,2,1,1,1,3,4388639,540714,840,4,2,0,0,2,2,0,80,1,0,1,0,0
201600008582,16,11,15,1615,1,2,1,1,6,3,4385200,539200,840,3,4,3,0,1,1,0,60,1,0,1,3,0
201600008587,16,8,7,700,1,1,1,1,6,26,4373378,551901,840,3,2,2,0,1,1,0,80,1,0,3,0,1
201600008591,16,7,24,1930,1,1,1,1,6,102,4389200,530800,840,3,0,2,0,2,2,0,44,1,0,3,99,0
201600008597,16,1,4,1745,5,2,2,1,3,89,4369269,550778,840,3,2,0,0,1,1,50,0,1,0,1,99,0
201600008598,16,1,6,1500,1,2,1,1,6,89,4369261,550765,840,3,2,0,0,1,1,0,0,1,0,1,0,0
201600008599,16,4,19,1730,1,1,1,1,1,133,4371800,556700,840,3,2,2,0,0,2,0,55,1,0,1,99,0
201600008600,16,4,16,645,2,1,1,7,6,76,4370300,560700,840,3,2,1,0,1,1,0,65,1,0,1,99,0
201600008601,16,5,16,1115,1,2,7,1,6,89,4369279,550186,840,6,1,0,0,1,1,68,0,1,0,1,3,0
201600008605,16,7,5,1445,1,1,2,1,3,133,4370200,560100,840,3,2,2,0,1,1,0,70,1,0,1,0,0
201600008616,16,6,14,1845,1,1,1,1,7,101,4398706,509568,840,4,2,1,0,2,1,0,28,1,0,3,0,1
201600008618,16,1,28,1830,3,1,2,1,6,29,4416515,485782,840,3,0,2,0,1,1,0,110,1,0,0,0,0
201600008622,16,8,17,1640,1,1,2,1,1,29,4415364,487180,840,3,2,2,0,1,1,0,80,1,5,1,99,0
201600008624,16,6,29,1700,1,1,1,1,1,122,4410180,493284,840,3,2,2,0,1,1,0,0,1,0,1,0,1
201600008625,16,3,8,1545,1,1,3,9,3,49,4416382,497441,840,3,2,3,0,2,2,0,0,1,5,1,0,1
201600008626,16,1,11,1445,1,1,1,1,6,19,4429028,473043,840,3,2,0,0,0,2,0,40,1,0,0,0,0
201600008627,16,1,15,1145,1,2,1,1,6,19,4429827,475036,840,3,3,2,3,1,1,24,64,1,0,1,99,0
201600008629,16,4,3,1830,1,2,1,2,6,19,4427939,478190,840,3,2,2,0,1,1,0,74,2,0,3,0,1
201600008630,16,4,4,2115,1,1,1,1,6,19,4430639,473716,840,3,2,1,0,1,1,0,40,1,0,1,99,0
201600008631,16,4,18,1630,1,1,6,1,4,63,4425000,466700,840,2,1,0,0,1,2,0,0,1,0,1,99,0
201600008633,16,7,9,1545,1,1,1,1,7,64,4431725,468614,840,2,2,2,0,1,1,0,60,1,0,3,0,1
201600008635,16,10,1,1630,1,2,1,3,3,78,4423527,471286,840,3,2,2,0,1,1,0,0,2,0,1,99,1
201600008645,16,4,25,745,1,1,1,1,3,150,4430110,497589,840,3,2,0,0,2,1,0,49,1,0,1,99,0
201600008646,16,5,4,1745,1,1,2,1,6,150,4430485,489383,840,3,2,2,0,1,1,0,40,1,0,1,99,0
201600008647,16,5,18,445,3,1,1,1,1,138,4437495,497273,840,3,3,2,0,1,1,0,44,1,2,1,99,0
201600008648,16,6,13,1500,1,1,1,1,5,138,4438980,501911,840,3,3,2,0,0,3,0,64,1,0,1,99,1
201600008651,16,9,20,2015,3,1,1,6,7,150,4434518,495371,840,3,2,0,0,1,1,0,71,1,0,1,0,0
201600008652,16,2,19,1700,1,2,1,1,3,57,4361150,384661,340,4,3,2,3,1,1,0,0,9,4,0,0,0
201600008653,16,8,10,1645,1,2,1,1,1,57,4363190,391107,340,4,0,1,3,1,1,0,60,1,4,1,99,1
201600008654,16,8,23,1815,1,1,1,1,1,90,4365940,393379,340,3,2,2,0,0,1,0,90,1,0,1,99,0
201600008655,16,9,29,1200,1,2,1,1,6,57,4363090,390613,340,9,0,0,3,1,1,0,0,9,0,0,99,1
201600008656,16,11,15,1845,2,2,1,1,3,57,4364480,394088,340,4,2,0,0,0,1,0,0,1,5,1,0,0
201600008657,16,12,20,800,2,2,1,3,6,57,4362960,390014,340,4,1,1,0,1,1,0,0,2,0,1,99,1
201600008658,16,1,3,1345,1,2,1,1,5,327,4365215,396131,340,4,0,2,0,0,0,0,0,0,0,0,0,0
201600008659,16,1,5,2030,3,2,6,1,1,327,4365200,396148,340,3,2,2,0,1,4,0,0,1,5,1,99,0
201600008660,16,1,21,1215,1,1,1,1,1,327,4366550,397782,340,3,2,2,0,1,1,0,0,1,0,1,0,0
201600008661,16,1,29,745,1,2,1,1,6,58,4367700,398350,340,4,2,2,0,2,1,0,0,1,0,1,99,0
201600008662,16,2,4,1415,1,2,1,1,1,327,4364970,395740,340,3,2,2,0,1,1,72,70,1,0,1,0,0
201600008663,16,3,3,1200,1,1,2,1,3,256,4370250,402266,340,3,2,1,0,1,1,0,0,1,0,1,99,0
201600008664,16,3,5,1300,1,1,1,1,6,327,4366620,394696,340,9,0,1,0,2,1,0,0,9,0,3,99,1
201600008665,16,3,18,2045,3,1,1,1,3,256,4370460,402513,340,3,2,2,0,2,1,70,70,1,0,1,0,0
201600008666,16,3,24,1530,1,2,1,1,5,327,4366270,397899,340,3,2,2,0,1,1,0,0,1,0,1,0,0
201600008667,16,4,23,1630,1,1,1,1,1,58,4369080,396861,340,3,2,2,0,1,1,70,70,1,0,1,0,0
201600008668,16,4,29,2215,5,2,9,1,3,22,4366120,402224,340,4,2,2,0,1,1,0,0,1,0,1,99,0
201600008669,16,5,21,530,3,1,1,1,1,244,4367070,405044,340,3,2,0,0,1,1,0,72,1,0,1,0,0
201600008670,16,5,25,1700,1,2,9,1,6,22,4365850,401525,340,2,2,0,0,1,1,0,71,1,0,1,0,0
201600008671,16,5,31,900,1,1,1,1,1,256,4370090,404169,340,3,2,0,0,0,1,0,43,1,0,1,0,1
201600008672,16,6,25,2015,1,1,1,1,1,58,4368820,399758,340,3,2,2,0,1,2,72,70,1,0,1,0,0
201600008673,16,7,3,1500,1,1,1,1,7,327,4365940,398297,340,4,2,1,0,1,1,0,33,1,0,3,99,0
201600008674,16,7,16,930,1,2,1,1,6,327,4365350,395722,340,9,2,2,0,1,1,0,45,1,0,1,99,0
201600008675,16,8,16,1830,1,1,1,1,6,227,4373710,404960,340,3,2,2,0,1,1,0,0,1,0,1,99,1
201600008676,16,8,31,845,1,1,1,1,6,256,4369131,406178,340,3,0,2,0,1,2,0,0,1,0,3,99,0
201600008677,16,9,2,845,1,1,1,1,3,256,4370480,402506,340,3,2,2,0,1,1,0,0,1,0,1,99,0
201600008678,16,10,23,615,5,2,1,3,3,22,4366130,402220,340,3,2,2,0,1,1,0,0,2,0,1,99,0
201600008679,16,12,9,1145,1,2,1,1,3,22,4365700,402200,340,3,2,2,0,1,1,0,0,1,0,1,99,0
201600008680,16,2,3,1630,1,2,1,1,1,344,4356200,408434,340,4,2,0,0,0,1,0,70,1,0,1,0,0
201600008681,16,6,20,1745,1,2,1,1,3,344,4356240,407165,340,4,1,0,0,1,1,0,0,1,0,1,3,0
201600008682,16,7,1,2015,1,1,1,1,3,344,4357620,409804,340,3,3,4,0,1,3,0,69,1,3,1,0,1
201600008683,16,7,12,1700,1,2,6,1,2,344,4356890,409246,340,4,2,2,0,0,0,0,0,1,0,1,0,0
201600008684,16,7,21,2245,5,2,1,1,6,344,4355810,408751,340,4,2,2,0,1,4,70,70,1,0,1,0,0
201600008685,16,8,15,2130,5,2,1,1,3,344,4356390,406791,340,4,2,2,0,1,1,0,50,1,0,1,0,0
201600008686,16,9,2,1300,1,2,1,1,3,344,4355800,408800,340,3,2,0,0,1,1,50,72,1,0,1,0,0
201600008687,16,9,5,815,1,1,9,1,6,344,4356390,410067,340,4,2,0,0,1,1,0,70,1,6,1,0,0
201600008688,16,10,2,1830,1,1,1,7,3,344,4356462,404990,340,3,3,0,0,1,1,0,70,1,0,1,0,0
201600008689,16,10,18,830,5,2,1,1,6,344,4356430,409339,340,4,3,0,0,0,1,0,0,1,6,1,0,0
201600008690,16,12,18,1415,1,2,1,1,3,344,4355900,407500,340,3,3,3,0,1,1,0,0,1,5,1,0,0
201600008691,16,1,13,1600,1,2,1,1,6,145,4367460,412893,340,4,2,2,0,1,1,0,70,1,6,1,0,0
201600008692,16,1,25,745,2,1,9,1,2,145,4365040,413910,340,3,2,1,0,1,1,0,35,1,3,1,99,0
201600008693,16,2,7,1530,1,1,1,1,7,145,4369440,413495,340,3,3,1,0,2,4,70,90,1,3,3,99,0
201600008694,16,3,19,1300,1,1,1,1,1,145,4363910,413655,340,3,2,2,0,1,1,0,39,1,0,3,0,0
201600008695,16,3,26,730,1,1,1,1,3,151,4364080,413772,340,3,2,1,0,1,1,0,70,1,0,1,99,0
201600008696,16,4,11,1000,1,1,1,1,6,33,4375036,406749,340,3,2,2,0,2,1,0,70,1,0,3,99,0
201600008697,16,6,8,1645,1,1,1,1,5,145,4366900,414362,340,3,2,2,0,1,1,26,78,1,5,1,99,0
201600008698,16,7,15,1300,1,1,3,1,3,321,4367458,406845,340,2,2,0,0,1,1,0,0,1,0,1,0,0
201600008699,16,7,31,1315,1,1,1,1,3,151,4364470,413942,340,3,2,0,0,0,1,0,70,1,0,1,99,0
201600008700,16,8,20,645,1,2,1,1,3,145,4367750,413056,340,3,2,2,0,1,1,0,54,1,0,1,0,0
201600008701,16,9,6,1300,1,2,1,1,3,272,4365190,411547,340,3,2,0,0,1,1,0,0,1,0,1,99,0
201600008702,16,9,8,1215,1,2,1,1,3,296,4376280,405628,340,4,0,0,0,2,1,0,0,1,0,1,3,0
201600008703,16,9,23,1230,1,1,1,1,1,151,4362500,412500,340,3,2,2,0,1,1,70,0,1,0,1,99,0
201600008704,16,11,2,1530,1,1,1,1,6,145,4368360,415290,340,6,2,0,0,1,1,0,20,1,0,1,0,0
201600008705,16,11,17,1930,3,1,1,1,5,33,4376130,408821,340,3,2,0,0,1,1,0,0,1,0,1,99,0
201600008706,16,12,4,845,1,1,1,8,6,296,4374957,405849,340,3,2,2,0,1,1,0,45,2,0,3,0,1
201600008707,16,12,5,2030,2,1,1,1,3,151,4361270,411113,340,3,2,2,0,1,1,0,72,1,3,1,99,0
201600008708,16,12,8,1000,1,1,1,1,2,146,4367870,409027,340,2,2,2,0,1,1,0,0,1,0,1,99,0
201600008709,16,12,26,1945,2,1,1,1,2,145,4365610,413837,340,3,2,2,0,1,1,20,78,1,5,1,99,0
201600008710,16,12,28,1830,3,1,1,1,3,294,4370519,413186,340,3,2,0,0,0,1,0,58,1,0,1,0,1
201600008711,16,1,5,800,2,1,1,1,3,154,4363800,403088,340,3,2,0,0,1,1,0,0,1,0,1,0,0
201600008712,16,1,3,2000,4,2,6,2,3,154,4362462,400453,340,3,2,0,0,1,3,0,60,2,0,0,0,0
201600008713,16,1,14,845,1,1,1,1,1,154,4361950,397735,340,3,2,2,0,1,1,0,0,1,0,0,0,0
201600008714,16,3,29,830,1,1,2,1,3,154,4360888,400263,340,3,0,0,0,0,0,0,0,0,0,0,0,0
201600008715,16,4,22,1715,1,1,3,2,3,154,4361690,395114,340,3,2,0,0,1,1,0,60,2,0,0,0,0
201600008716,16,5,16,415,3,1,1,1,6,240,4362000,398185,340,3,2,2,0,1,2,0,70,1,0,3,0,0
201600008717,16,5,19,830,1,1,6,1,6,154,4361813,398499,340,3,2,0,0,0,3,0,0,1,0,1,0,0
201600008718,16,7,18,1130,1,1,1,1,4,154,4361580,397947,340,3,2,2,0,1,1,0,100,1,0,1,0,0
201600008719,16,8,12,845,1,2,1,1,1,154,4361680,399666,340,3,2,0,0,0,1,0,60,1,0,1,99,0
201600008720,16,10,21,1630,1,2,1,1,6,154,4363780,399415,340,3,2,0,1,1,3,0,0,1,5,5,99,0
201600008721,16,11,10,815,1,1,1,1,5,240,4364730,398616,340,3,2,2,0,4,1,0,62,1,0,1,99,0
201600008722,16,12,8,2230,3,1,1,1,3,154,4359100,395200,340,3,2,0,0,0,2,0,0,1,0,1,0,1
201600008723,16,3,14,630,1,1,1,1,6,322,4379100,381462,340,3,2,2,0,2,1,0,50,1,0,1,0,0
201600008724,16,6,29,1215,1,1,1,1,6,242,4378090,392994,340,3,2,2,0,0,3,0,70,1,0,3,0,0
201600008725,16,7,10,245,3,1,1,1,6,297,4383900,390700,340,3,2,0,0,4,2,0,49,1,0,1,0,0
201600008726,16,7,23,1130,1,1,2,1,1,266,4375250,383925,340,3,2,2,0,1,1,0,49,9,0,1,0,0
201600008727,16,8,15,2045,1,1,3,1,3,131,4374646,385996,340,3,2,2,0,0,1,30,110,1,5,1,0,0
201600008728,16,9,3,2045,2,2,9,1,3,276,4375793,401348,340,3,2,2,0,2,3,0,0,1,0,1,0,0
201600008729,16,9,19,1745,1,1,1,1,5,66,4375790,377436,340,3,2,2,0,1,4,0,40,1,0,1,0,0
201600008730,16,2,8,1330,1,2,1,1,6,28,4361460,315553,340,4,1,1,0,1,1,0,0,1,6,1,99,0
201600008731,16,4,13,1600,1,1,1,1,3,96,4358130,316755,340,3,2,2,0,0,1,0,120,2,0,1,99,0
201600008732,16,5,22,1545,1,1,1,3,3,96,4354690,318406,340,3,2,0,0,0,2,0,147,2,0,0,0,1
201600008733,16,6,5,1130,1,1,1,1,3,252,4365770,310785,340,3,2,2,0,1,3,0,85,1,0,1,0,1
201600008734,16,6,30,945,1,1,1,1,3,312,4364630,316818,340,3,2,2,0,0,2,60,0,1,5,1,0,1
201600008735,16,7,9,2330,3,1,1,1,6,252,4365900,311067,340,3,2,2,0,1,3,0,70,1,0,1,0,0
201600008736,16,10,9,1500,1,2,1,1,1,252,4366340,310466,340,3,2,2,0,2,1,0,50,1,0,1,0,0
201600008737,16,10,16,1715,1,1,1,1,1,96,4356025,319367,340,3,2,2,0,1,3,0,0,1,0,1,99,0
201600008738,16,11,15,1130,1,2,1,1,6,211,4357980,306359,340,3,0,2,0,1,1,0,61,1,0,1,99,0
201600008739,16,11,24,1215,1,1,1,3,3,96,4358140,316587,340,3,2,0,0,4,2,0,0,2,0,1,99,1
201600008740,16,11,29,1300,1,1,1,5,6,308,4363550,306947,340,3,3,2,0,0,3,0,0,0,0,0,99,0
201600008741,16,2,15,1700,2,1,4,1,5,183,4329540,314136,340,3,2,3,0,1,1,0,110,1,0,1,99,1
201600008742,16,3,16,1245,1,2,2,1,3,183,4328500,312754,340,4,2,2,0,0,1,80,0,1,0,1,0,0
201600008743,16,3,25,2300,5,1,1,1,3,161,4333390,312313,340,9,2,2,0,0,1,77,0,1,0,1,0,0
201600008744,16,6,11,1545,1,1,1,1,6,225,4336050,310641,340,3,2,0,0,1,1,0,0,1,0,3,0,0
201600008745,16,6,18,45,3,2,1,3,6,52,4333270,302903,340,3,2,2,0,1,3,0,70,2,0,3,99,0
201600008746,16,7,5,1815,1,1,1,1,6,135,4326170,316174,340,3,2,0,0,1,2,0,70,1,0,1,0,0
201600008747,16,7,29,1030,1,1,1,1,5,183,4328540,310616,340,3,2,2,0,1,1,0,0,1,0,1,99,0
201600008748,16,12,6,1645,1,1,1,1,1,52,4331770,301251,340,3,2,2,0,2,3,0,70,1,0,1,99,1
201600008749,16,11,29,1700,2,1,1,1,6,170,4332800,297000,340,3,2,2,0,1,2,0,53,2,0,3,99,0
201600008750,16,2,8,1015,1,1,1,1,2,310,4341050,317062,340,3,2,0,0,0,1,0,0,1,5,1,3,0
201600008751,16,5,18,1515,1,1,1,2,1,70,4339870,298169,340,3,2,3,0,2,4,0,128,2,0,1,0,0
201600008752,16,6,20,945,1,1,1,1,6,70,4339816,298274,340,3,2,0,0,2,1,60,70,1,0,3,0,0
201600008753,16,6,28,1030,1,2,1,1,3,62,4355010,315543,340,3,2,2,0,2,3,0,54,1,0,1,0,0
201600008754,16,7,13,1600,1,1,6,1,6,310,4342020,316113,340,3,2,2,0,0,2,0,35,1,0,1,0,0
201600008755,16,7,18,1215,1,1,1,1,1,100,4345890,289083,340,3,2,2,0,1,3,0,0,0,0,1,0,0
201600008756,16,7,28,2030,1,2,6,1,6,178,4343600,314200,340,3,2,2,0,0,1,0,35,1,0,1,0,0
201600008757,16,8,19,1600,1,1,1,1,4,310,4342380,315782,340,3,2,2,0,0,1,0,63,1,0,1,0,1
201600008758,16,11,19,2045,3,1,1,1,6,84,4339760,318818,340,3,2,2,0,1,1,0,60,1,0,1,99,0
201600008759,16,11,21,1830,3,1,1,1,7,61,4345900,310100,340,3,2,2,0,1,2,0,60,1,0,1,99,0
201600008760,16,3,27,530,5,2,1,2,6,97,4332440,260234,340,3,2,2,0,1,1,0,55,2,0,3,99,0
201600008761,16,4,4,900,1,1,1,1,6,189,4327508,274292,340,3,2,1,0,1,4,0,63,1,0,3,99,0
201600008762,16,5,30,1445,1,2,1,1,6,189,4328130,273339,340,4,2,1,0,1,3,0,63,1,0,1,99,0
201600008763,16,5,31,1530,1,1,1,1,6,59,4336480,277574,340,3,2,2,0,2,3,0,65,9,0,3,99,0
201600008764,16,11,14,1115,1,1,1,1,1,20,4331120,274130,340,3,2,0,0,1,4,0,64,1,0,1,99,1
201600008765,16,7,15,2000,1,1,1,1,6,199,4346860,338247,340,3,2,2,0,1,1,0,60,1,0,1,99,1
201600008766,16,8,3,100,3,1,1,1,6,162,4349600,347013,340,3,2,2,0,1,0,0,0,1,0,0,0,0
201600008767,16,2,10,2015,3,1,1,1,3,162,4346110,351245,340,3,2,2,1,1,1,0,80,1,0,1,99,0
201600008768,16,8,7,1400,1,1,1,1,7,289,4338920,341615,340,3,2,0,0,2,1,0,60,1,0,1,0,0
201600008769,16,8,9,1930,1,2,1,1,6,199,4344620,341661,340,3,2,1,0,1,1,0,60,1,0,3,0,0
201600008770,16,8,28,1500,1,1,1,1,6,162,4348730,349076,340,3,2,0,0,2,1,0,0,1,0,0,99,0
201600008771,16,8,26,1500,1,1,1,1,2,162,4347360,349284,340,3,2,2,0,0,1,0,100,1,0,1,0,0