Num_Acc,an,mois,jour,hrmn,lum,agg,int,atm,col,com,lat,long,dep,catr,circ,nbv,vosp,prof,plan,lartpc,larrout,surf,infra,situ,env1,killed
201600008772,16,10,18,1545,1,2,1,1,2,199,4346030,341621,340,9,2,0,0,1,1,0,70,1,0,1,99,0
201600008773,16,10,25,1545,1,2,1,1,6,199,4346090,342455,340,4,2,0,0,0,1,0,62,1,0,1,0,0
201600008774,16,5,18,1045,1,1,1,1,2,17,4347490,344431,340,3,2,2,0,1,1,0,78,1,0,1,99,0
201600008775,16,6,23,1800,1,1,1,1,7,103,4354000,340527,340,3,2,2,0,1,1,0,50,1,0,3,0,0
201600008776,16,1,28,1530,1,1,1,1,6,229,4347010,278890,340,3,2,0,0,2,1,0,84,1,0,3,99,1
201600008777,16,3,12,215,3,1,1,1,6,293,4358730,263433,340,3,2,2,0,0,2,0,64,1,0,3,99,0
201600008778,16,6,6,1815,1,1,1,1,7,284,4345930,275101,340,3,2,2,0,2,2,0,70,1,0,3,0,0
201600008779,16,7,17,1630,1,1,1,1,6,284,4347000,276683,340,3,2,2,0,1,2,0,63,1,0,1,0,1
201600008780,16,7,19,1630,1,1,1,1,1,284,4347300,276658,340,3,2,2,0,2,2,66,0,1,0,3,99,0
201600008781,16,8,5,2045,1,1,1,1,6,293,4360000,270088,340,3,2,0,0,2,1,0,89,1,0,1,99,0
201600008782,16,8,21,1600,1,1,1,1,7,284,4350300,274881,340,3,2,2,0,2,3,0,84,1,0,3,99,1
201600008783,16,9,10,945,1,1,1,1,1,229,4347720,279174,340,3,2,2,0,0,3,0,74,2,0,0,99,0
201600008784,16,11,18,1000,1,2,1,1,6,293,4360100,270516,340,3,2,0,0,2,1,0,0,1,0,1,99,0
201600008785,16,1,21,830,1,2,1,5,6,25,4340990,324342,340,3,2,2,0,2,3,0,50,1,0,3,99,1
201600008786,16,7,2,1830,1,1,1,1,6,94,4344000,325900,340,3,2,2,0,2,1,57,0,1,0,3,0,1
201600008787,16,7,6,1500,1,1,1,1,2,139,4341100,323700,340,3,2,2,0,1,1,0,61,1,0,1,0,0
201600008788,16,7,7,545,3,1,1,1,5,237,4349425,333747,340,3,2,2,0,1,1,0,59,1,0,1,0,0
201600008789,16,8,5,1845,1,1,1,1,6,1,4345640,330379,340,3,2,2,0,4,1,0,56,1,0,3,0,0
201600008790,16,8,17,1300,1,2,6,1,7,300,4342520,330673,340,3,2,2,0,0,4,240,69,1,5,1,99,0
201600008791,16,9,11,215,3,1,1,1,3,237,4350300,332500,340,3,2,2,0,1,1,0,61,1,0,1,99,0
201600008792,16,10,13,1030,1,1,1,3,1,139,4341300,323800,340,3,2,2,0,1,1,0,60,2,0,1,99,0
201600008793,16,10,31,1800,2,2,1,1,6,147,4346810,322630,340,4,2,2,0,0,1,0,0,1,0,1,0,0
201600008794,16,10,22,815,1,2,1,1,6,85,4344750,328020,340,3,2,0,0,1,1,0,0,1,0,3,99,0
201600008795,16,6,18,1915,1,1,1,1,7,329,4327340,320816,340,3,2,0,0,0,2,0,85,1,0,3,99,1
201600008796,16,6,20,815,1,1,1,1,3,299,4328137,329104,340,3,2,2,0,1,1,0,55,1,0,1,0,0
201600008797,16,10,16,1845,2,1,1,1,6,299,4347500,346900,340,3,2,0,0,2,1,0,0,1,2,1,0,0
201600008798,16,7,5,830,1,2,1,1,6,142,4373080,332134,340,4,2,2,0,1,1,0,63,1,0,1,99,0
201600008799,16,7,9,100,3,1,1,1,7,304,4376370,336080,340,3,2,0,0,0,2,0,60,1,0,0,99,0
201600008800,16,7,15,430,3,1,1,1,6,220,4368240,335847,340,3,2,2,0,0,1,0,0,1,2,3,99,0
201600008801,16,7,21,1200,1,1,1,1,3,186,4365210,330555,340,3,0,2,0,0,1,0,0,1,3,0,99,0
201600008802,16,7,25,1930,1,1,1,1,7,230,4384470,327302,340,3,2,2,0,0,3,0,0,9,0,1,99,0
201600008803,16,11,14,1630,1,2,1,1,2,142,4373060,331877,340,9,1,0,0,1,1,0,0,1,0,1,99,0
201600008804,16,11,18,1300,1,1,1,2,6,142,4373060,328284,340,3,2,2,0,0,2,0,65,2,0,3,99,0
201600008805,16,2,23,1845,2,1,1,1,6,35,4362820,366087,340,3,2,2,0,1,4,0,54,1,0,3,0,1
201600008806,16,6,21,1700,1,1,1,1,1,239,4365480,348439,340,3,2,0,0,1,1,0,0,1,0,1,99,0
201600008807,16,6,30,1015,1,1,1,1,1,328,4359360,355395,340,3,2,2,0,0,4,60,0,1,0,1,0,0
201600008808,16,9,5,545,3,1,1,1,6,328,4357600,353500,340,3,2,2,0,2,1,0,45,1,0,3,99,0
201600008809,16,11,14,1930,3,1,1,1,6,35,4363900,365000,340,3,2,2,0,1,1,0,50,1,2,1,0,0
201600008810,16,12,7,1345,1,1,1,1,3,10,4369673,357757,340,3,2,0,0,1,1,62,0,1,0,1,99,1
201600008811,16,1,23,715,2,2,1,2,6,150,4334770,353109,340,4,2,0,0,0,0,0,0,2,0,0,0,0
201600008812,16,2,8,1830,1,2,1,1,6,150,4335770,352579,340,3,2,0,0,0,1,0,0,1,0,1,99,0
201600008813,16,2,13,1630,1,1,1,1,6,101,4336050,345179,340,3,2,2,0,0,1,0,40,1,0,1,0,0
201600008814,16,3,30,1715,1,2,1,1,2,332,4331015,342010,340,4,2,2,0,1,1,0,0,1,0,1,0,0
201600008815,16,5,6,1730,1,1,1,1,2,332,4331170,339716,340,3,2,0,0,1,1,0,0,1,0,1,99,1
201600008816,16,6,14,845,1,1,1,1,1,31,4334680,342382,340,3,0,0,0,0,0,0,0,0,0,0,0,0
201600008817,16,7,3,1530,1,1,1,1,6,332,4329000,337450,340,4,1,1,0,1,2,30,0,1,0,3,99,0
201600008818,16,8,26,2345,3,1,1,1,7,150,4336000,350800,340,3,2,1,0,1,1,30,0,1,0,1,0,0
201600008819,16,9,2,2215,5,2,1,1,6,150,4333780,352446,340,3,2,2,0,1,1,15,50,1,5,1,99,0
201600008820,16,9,20,2045,5,2,1,1,3,31,4336340,342421,340,3,2,2,0,1,1,0,0,1,5,1,0,0
201600008821,16,10,25,1200,1,2,1,8,1,101,4337760,347199,340,3,2,2,0,0,1,45,0,2,0,1,99,0
201600008822,16,10,31,1845,3,1,1,1,6,332,4331429,336210,340,3,2,3,0,1,1,0,0,1,0,1,99,1
201600008823,16,11,30,1745,3,1,1,1,1,150,4331730,354019,340,3,2,2,1,1,1,0,60,1,0,1,99,1
201600008824,16,1,12,2130,3,1,1,1,6,88,4355020,373065,340,3,2,2,0,1,1,0,0,1,0,3,99,1
201600008825,16,5,22,1330,1,1,1,2,7,88,4356160,370609,340,3,2,0,0,4,1,0,0,2,0,3,99,0
201600008826,16,7,15,2345,3,1,1,1,6,88,4354738,373638,340,3,2,0,0,0,1,0,56,1,0,3,99,1
201600008827,16,7,31,1945,1,2,1,1,6,23,4345500,369153,340,3,2,0,0,0,0,0,0,1,0,1,0,0
201600008828,16,8,12,1700,1,2,1,1,1,165,4350880,370408,340,3,2,2,0,1,1,54,0,1,0,1,0,1
201600008829,16,8,22,1030,1,1,1,1,1,23,4345560,369487,340,4,2,0,0,0,1,0,58,1,0,4,99,0
201600008830,16,9,12,1515,1,2,1,1,1,165,4350900,368900,340,3,2,2,0,1,2,0,63,1,0,1,99,0
201600008831,16,9,30,2045,5,2,1,1,4,113,4350130,371527,340,3,2,0,0,0,1,35,70,1,0,1,99,0
201600008832,16,10,19,2000,3,1,1,1,1,24,4346710,369052,340,3,2,2,0,1,1,0,80,1,0,1,0,0
201600008833,16,2,6,700,1,1,1,1,3,213,4346940,368933,340,3,1,2,0,1,3,15,0,1,2,1,0,0
201600008834,16,2,12,1845,3,2,1,1,5,157,4343090,361053,340,3,2,0,0,1,1,0,0,2,0,1,99,0
201600008835,16,4,10,1500,1,2,1,1,2,157,4342990,360893,340,3,2,0,0,1,1,0,50,1,0,1,99,0
201600008836,16,6,18,15,5,2,6,1,6,157,4343210,359445,340,3,2,0,0,1,1,0,70,1,5,1,0,0
201600008837,16,7,4,1500,1,1,1,1,1,213,4346920,336748,340,3,2,2,0,1,1,0,80,1,0,1,0,1
201600008838,16,12,28,1215,1,2,1,1,6,157,4342900,360754,340,3,2,0,0,0,1,0,60,1,6,1,0,0
201600008839,16,1,15,1700,1,1,1,8,6,413,4333738,229535,110,3,2,2,0,0,2,0,55,1,0,3,99,0
201600008840,16,3,15,1415,1,1,1,8,5,413,4334129,228859,110,3,2,2,0,2,2,0,62,1,0,1,99,1
201600008841,16,5,18,1200,1,2,1,1,3,99,4326736,239768,110,3,2,2,0,1,1,0,0,1,0,1,0,0
201600008842,16,7,14,1830,1,1,1,1,6,410,4325610,241116,110,3,0,2,0,0,2,60,0,1,0,0,0,1
201600008843,16,7,24,300,3,1,1,1,6,367,4335822,217652,110,3,2,2,0,2,3,0,60,1,0,1,99,0
201600008844,16,7,27,30,3,1,1,1,6,52,4335257,222999,110,3,2,2,0,1,1,0,0,1,0,3,0,0
201600008845,16,8,19,2345,4,2,1,1,6,279,4324377,232385,110,3,0,2,0,2,1,0,0,1,0,4,99,0
201600008846,16,8,22,1,5,2,1,1,6,99,4326889,239877,110,4,1,0,0,0,0,0,40,1,0,1,3,0
201600008847,16,11,15,1315,1,1,1,1,1,367,4335770,216294,110,3,2,0,0,1,1,0,0,1,0,1,99,0
201600008848,16,11,24,745,2,1,1,1,3,410,4324751,239734,110,3,2,2,0,3,2,71,0,1,0,1,99,0
201600008849,16,12,12,845,1,1,1,1,1,413,4334108,228912,110,3,2,2,0,2,2,0,77,1,0,1,99,0
201600008850,16,12,16,1745,5,2,1,3,6,426,4328919,244252,110,3,2,2,0,0,1,70,0,2,0,1,99,0
201600008851,16,12,18,100,5,2,1,1,7,89,4333084,211710,110,4,2,1,0,2,1,0,46,1,0,4,99,0
201600008852,16,5,14,1315,1,1,1,8,7,117,4295869,262897,110,3,2,2,0,2,3,0,0,1,0,1,0,0
201600008853,16,8,19,845,1,1,1,1,2,378,4310636,252723,110,3,2,0,0,0,1,0,0,1,0,1,0,0
201600008854,16,11,18,2200,3,1,1,1,6,392,4308185,267012,110,3,2,0,0,2,2,0,0,1,0,3,0,0
201600008855,16,1,27,1530,1,2,1,1,3,315,4328210,258736,110,3,2,2,0,1,1,0,0,1,0,1,0,0
201600008856,16,4,22,1745,1,1,1,1,6,190,4325810,263572,110,3,2,2,0,1,1,0,50,1,0,1,99,0
201600008857,16,9,13,1545,1,1,1,6,6,81,4331222,249742,110,3,2,2,0,1,1,0,70,1,0,3,0,1
201600008858,16,10,23,830,1,1,1,2,6,286,4329389,256870,110,3,2,0,0,0,1,0,0,2,0,3,0,0
201600008859,16,2,10,1230,1,1,1,2,3,225,4330792,191633,110,3,2,1,0,1,3,0,55,2,0,1,99,1
201600008860,16,2,12,1645,1,1,1,2,1,356,4331586,200446,110,3,0,2,0,1,3,0,58,2,0,1,99,0
201600008861,16,3,5,1145,1,1,2,1,3,195,4325020,198585,110,3,2,2,0,0,1,0,46,1,0,1,99,1
201600008862,16,4,8,1215,1,1,1,1,3,430,4329337,192476,110,3,2,2,0,2,1,0,0,1,5,1,99,0
201600008863,16,5,15,1515,1,2,1,1,3,76,4332400,194800,110,4,2,2,0,2,0,0,0,1,5,1,0,0
201600008864,16,6,21,15,3,1,1,1,7,284,4336648,196521,110,3,2,2,0,2,1,0,60,1,0,3,0,0
201600008865,16,8,21,1845,1,1,1,1,2,356,4331645,200657,110,3,2,2,0,1,1,0,0,1,5,1,99,0
201600008866,16,10,10,1800,1,1,1,1,3,225,4334202,186685,110,3,2,2,0,1,2,0,119,1,0,1,99,0
201600008867,16,10,10,1715,1,1,1,1,1,252,4338950,182450,110,3,2,0,0,1,1,0,0,1,0,1,99,0
201600008868,16,10,11,1415,1,1,1,1,6,76,4331649,198166,110,3,2,2,0,2,1,0,60,1,0,3,99,0
201600008869,16,10,13,1200,1,1,1,1,6,76,4328465,197232,110,3,2,0,0,1,1,0,0,1,0,3,0,1
201600008870,16,12,6,530,3,1,1,1,7,243,4336179,180735,110,3,2,2,0,0,1,0,60,1,0,3,0,0
201600008871,16,2,9,1730,2,1,1,3,6,343,4313279,194976,110,3,2,2,0,2,1,0,60,2,0,1,0,0
201600008872,16,2,19,1945,3,1,1,1,1,136,4321332,207243,110,3,2,2,0,1,1,0,58,1,0,1,99,0
201600008873,16,3,1,115,5,2,1,1,1,49,4323881,211618,110,3,2,2,0,1,3,0,55,1,0,4,99,0
201600008874,16,5,14,1730,1,2,1,1,6,434,4328355,208221,110,3,2,0,0,0,1,0,0,1,0,1,99,1
201600008875,16,5,22,830,1,1,1,2,7,348,4314738,195981,110,3,3,2,0,0,3,60,0,1,0,1,0,0
201600008876,16,5,22,1730,1,1,1,3,1,437,4324007,222731,110,3,3,0,0,0,1,0,0,2,0,1,0,0
201600008877,16,6,23,630,2,1,1,1,6,418,4323514,202461,110,3,2,0,0,1,1,0,60,1,0,3,0,0
201600008878,16,8,5,300,3,1,1,2,6,18,4321129,219655,110,3,2,2,0,0,1,0,66,2,0,3,99,0
201600008879,16,9,10,2200,3,1,1,1,6,259,4327214,223577,110,3,2,2,0,4,1,0,58,1,0,3,0,1
201600008880,16,9,13,1800,1,1,1,1,3,84,4323800,226400,110,3,2,2,0,3,1,0,60,1,5,1,99,0
201600008881,16,10,15,1130,1,1,1,1,1,340,4325992,220066,110,3,2,0,0,1,2,0,40,1,0,1,0,0
201600008882,16,10,18,1330,2,1,1,1,6,288,4326459,224274,110,3,2,2,0,1,1,0,60,1,0,3,99,1
201600008883,16,11,27,300,3,2,1,1,6,254,4320043,214490,110,3,2,2,0,0,3,0,0,2,0,1,99,0
201600008884,16,5,8,1530,1,1,1,6,6,275,4328211,186996,110,3,2,0,0,0,3,0,57,1,0,0,99,0
201600008885,16,7,20,1830,1,1,1,1,7,33,4317763,175992,110,3,2,0,0,1,1,0,52,1,0,3,0,0
201600008886,16,1,3,1045,1,1,1,1,1,34,4311937,207266,110,3,2,0,0,1,3,0,54,1,0,1,0,0
201600008887,16,1,28,800,1,1,1,8,1,197,4310396,216902,110,3,2,2,0,1,1,0,58,2,0,1,99,0
201600008888,16,4,10,30,3,1,1,1,6,293,4311396,227554,110,3,2,0,0,1,1,0,100,1,0,3,0,0
201600008889,16,4,28,1500,1,2,1,1,3,206,4307410,222087,110,3,2,2,0,1,1,0,75,1,0,1,0,0
201600008890,16,5,15,2315,5,2,1,1,6,216,4311910,218434,110,4,2,2,0,2,2,0,20,1,0,1,99,1
201600008891,16,5,31,400,3,1,1,2,7,325,4312633,230017,110,3,2,2,0,1,2,0,74,2,0,1,0,0
201600008892,16,6,12,1730,1,1,1,1,3,34,4313279,211030,110,3,2,2,0,1,1,0,72,1,0,1,0,0
201600008893,16,7,1,725,1,1,1,1,1,206,4307862,222284,110,3,2,2,0,1,1,0,77,1,0,1,0,0
201600008894,16,7,22,945,1,1,1,2,3,158,4308429,218805,110,3,2,2,0,1,3,0,61,2,2,1,0,0
201600008895,16,9,6,700,2,2,1,1,6,206,4306834,221809,110,3,1,2,0,0,1,0,94,1,0,1,0,0
201600008896,16,9,18,30,3,1,1,1,1,85,4317523,232301,110,3,2,2,0,0,3,79,0,1,0,1,0,0
201600008897,16,10,30,930,1,2,1,1,6,206,4305559,221578,110,4,1,0,0,1,1,0,40,1,0,4,0,0
201600008898,16,11,24,1530,1,1,1,1,6,158,4307400,217300,110,3,2,0,0,0,2,0,0,1,0,3,0,1
201600008899,16,12,5,1800,3,1,1,1,3,58,4315448,211180,110,3,2,2,0,1,2,0,0,1,0,1,0,1
201600008900,16,1,15,1400,1,1,1,4,6,36,4284673,205675,110,3,2,2,0,1,1,0,57,5,0,3,0,0
201600008901,16,1,23,1730,1,1,1,1,6,130,4282818,202390,110,3,2,0,0,1,1,0,0,1,0,3,0,0
201600008902,16,8,23,1815,1,1,1,1,7,147,4276922,209888,110,3,2,2,0,2,4,0,41,1,0,3,99,0
201600008903,16,4,14,1715,1,1,1,1,7,336,4295319,198561,110,3,2,2,0,1,1,0,63,1,0,1,99,0
201600008904,16,1,23,830,1,1,1,8,1,310,4294164,231425,110,3,2,2,0,0,1,0,0,1,0,1,99,0
201600008905,16,3,1,1100,1,2,1,1,6,103,4294006,224989,110,3,2,0,0,1,1,0,66,1,0,1,99,0
201600008906,16,4,25,1345,1,1,1,1,6,129,4292977,222430,110,3,2,3,0,2,1,13,105,1,0,1,0,1
201600008907,16,7,30,1915,1,1,1,1,6,21,4281172,223929,110,3,2,2,0,1,2,0,100,1,0,1,0,0
201600008908,16,8,5,1430,1,1,1,1,1,358,4282972,221613,110,3,2,2,0,1,3,70,0,1,1,1,99,0
201600008909,16,8,18,945,1,1,1,1,6,127,4275609,208609,110,3,2,2,0,1,3,0,60,1,0,2,0,0
201600008910,16,8,30,1315,1,1,1,1,1,358,4282950,221813,110,3,2,0,0,1,1,0,65,1,0,1,99,0
201600008911,16,9,2,1400,1,1,1,1,6,302,4281351,232426,110,3,2,2,0,1,1,0,65,1,0,3,99,1
201600008912,16,10,7,1230,1,1,1,1,1,127,4275740,208705,110,3,2,2,0,2,3,0,50,1,0,1,99,0
201600008913,16,10,18,1815,2,1,1,1,6,263,4288907,212472,110,3,2,2,0,1,1,0,58,1,0,1,99,1
201600008914,16,1,7,930,1,2,2,1,1,262,4315838,316180,110,4,2,2,0,1,1,0,52,2,0,1,0,0
201600008915,16,1,9,2045,3,1,1,5,6,262,4317689,304390,110,3,2,4,0,1,2,0,0,2,0,1,0,0
201600008916,16,2,8,1145,1,2,1,1,6,370,4323140,312420,110,3,2,2,0,0,1,0,60,1,0,1,0,0
201600008917,16,2,20,1900,3,1,1,1,7,145,4318184,318345,110,3,2,2,0,1,1,0,50,1,0,1,0,0
201600008918,16,3,23,1130,1,1,1,1,7,262,4321309,303201,110,3,2,2,0,1,1,0,0,1,0,1,99,0
201600008919,16,6,6,1830,1,2,1,1,3,116,4325004,299693,110,3,2,2,0,1,1,0,35,1,5,1,99,0
201600008920,16,6,24,730,1,1,1,1,1,255,4318236,295137,110,3,2,1,0,1,1,0,0,1,0,1,0,1
201600008921,16,7,1,1730,1,2,1,1,2,116,4324538,300289,110,3,2,0,0,0,1,0,0,1,0,1,0,0
201600008922,16,7,14,1815,1,2,1,1,1,262,4315963,299049,110,4,2,0,0,0,1,0,45,1,0,1,0,0
201600008923,16,9,20,1330,1,1,1,1,6,255,4317293,292547,110,3,2,2,0,1,1,0,75,1,0,3,0,1
201600008924,16,10,25,1445,1,1,1,8,1,264,4320661,288484,110,3,0,2,0,0,1,0,0,1,0,1,0,0
201600008925,16,10,27,1615,1,1,2,1,3,258,4321753,292900,110,3,2,2,0,1,1,0,0,1,5,1,0,0
201600008926,16,11,19,100,3,1,1,1,6,255,4318988,291155,110,3,3,2,0,1,1,25,60,1,0,1,99,0
201600008927,16,4,8,215,3,1,1,1,7,124,4304234,285803,110,3,2,2,0,1,2,0,60,1,0,1,0,1
201600008928,16,6,14,1430,1,1,1,1,7,110,4307082,272272,110,3,2,2,0,1,1,0,60,1,0,3,0,1
201600008929,16,7,1,1830,1,1,1,1,6,157,4297631,285730,110,3,0,1,0,1,1,0,0,1,2,3,99,1
201600008930,16,7,11,1645,1,1,1,1,6,431,4296094,276637,110,3,2,2,0,0,1,0,60,1,0,3,0,1
201600008931,16,9,6,1700,1,1,1,1,6,332,4312871,285527,110,3,2,2,0,1,3,0,0,1,0,3,0,1
201600008932,16,9,10,1030,1,1,1,1,3,351,4308500,269600,110,3,0,2,0,1,1,0,58,1,0,1,0,0
201600008933,16,1,16,845,1,1,2,1,3,67,4321907,284594,110,3,2,0,0,1,1,0,60,1,0,1,0,0
201600008934,16,3,3,1030,1,1,1,2,1,172,4326621,272548,110,3,2,2,0,1,2,0,76,2,0,1,0,1
201600008935,16,4,14,1815,1,2,1,1,3,203,4319968,275460,110,4,2,0,0,1,1,0,50,1,0,1,0,0
201600008936,16,5,16,1815,1,1,1,1,6,267,4317611,283467,110,3,2,2,0,1,3,0,48,1,0,3,0,0
201600008937,16,6,22,1030,1,1,1,1,6,210,4317658,278163,110,3,2,2,0,1,2,0,40,1,0,3,0,0
201600008938,16,8,9,1645,1,2,1,1,3,98,4318720,271480,110,3,2,2,0,1,1,0,0,1,0,1,0,0
201600008939,16,9,26,2215,3,1,1,1,4,393,4324667,275393,110,3,2,0,0,1,1,0,0,0,0,3,0,0
201600008940,16,10,30,1615,1,1,1,7,6,203,4322700,275900,110,3,2,2,0,2,2,0,0,1,0,1,0,0
201600008941,16,11,27,1015,1,1,1,1,1,233,4327574,288612,110,3,2,2,0,1,1,0,65,1,0,1,99,1
201600008942,16,12,9,545,3,1,1,1,6,405,4324684,284726,110,3,2,0,0,1,2,0,60,1,0,3,0,0
201600008943,16,2,5,745,2,2,1,1,6,379,4302855,297858,110,3,2,2,0,1,2,0,67,1,0,1,0,0
201600008944,16,4,24,1800,1,1,1,1,3,188,4294038,299006,110,3,2,2,0,0,1,0,75,1,0,1,0,0
201600008945,16,8,6,900,1,1,1,1,6,188,4294570,298851,110,3,2,2,0,1,1,0,0,1,0,3,0,0
201600008946,16,8,13,1715,1,1,1,1,5,266,4298591,303208,110,3,2,2,0,0,3,0,0,1,0,1,99,0
201600008947,16,8,28,2015,2,1,1,1,3,379,4302696,300436,110,3,1,1,0,1,2,0,0,1,0,1,99,0
201600008948,16,12,27,1445,1,1,1,1,4,188,4296402,298302,110,3,2,2,0,0,1,0,0,1,0,1,99,0
201600008950,16,4,18,1800,1,1,1,1,6,3,4357751,410219,300,3,3,0,0,1,3,71,61,1,0,1,99,0
201600008951,16,5,7,400,3,1,1,1,6,306,4382454,405149,300,3,2,2,0,3,2,0,0,1,0,1,0,1
201600008952,16,5,31,1715,1,1,1,1,1,306,4382284,405184,300,3,2,2,0,1,2,0,62,1,0,1,99,0
201600008953,16,7,3,1945,1,1,2,7,3,244,4383737,403275,300,3,2,2,0,1,1,0,0,1,0,1,0,0
201600008954,16,7,23,700,2,1,1,1,1,75,4382208,428036,300,3,2,0,0,1,1,0,60,1,0,1,99,0
201600008955,16,11,14,1115,1,2,1,1,1,321,4378694,408363,300,3,2,0,0,1,1,0,60,1,0,1,3,1
201600008957,16,5,21,1415,1,2,1,1,6,156,4386077,444331,300,4,1,1,0,1,1,0,0,1,0,1,0,0
201600008958,16,6,29,1715,1,1,1,1,3,39,4389239,450932,300,3,2,0,0,0,1,45,55,1,0,3,0,0
201600008959,16,7,2,230,3,1,1,1,6,206,4391035,443591,300,3,2,0,0,4,1,0,49,1,0,1,0,0
201600008960,16,8,26,1045,1,1,3,1,3,145,4389177,452090,300,3,0,0,0,0,0,0,0,0,0,1,0,0
201600008961,16,3,13,945,1,1,1,1,1,258,4369475,439072,300,3,2,0,0,1,1,0,50,1,0,1,99,1
201600008962,16,4,6,2245,5,2,1,1,7,258,4367157,442365,300,4,2,0,0,1,2,0,0,1,0,1,99,0
201600008963,16,4,28,1745,1,1,1,1,5,258,4373576,440991,300,3,2,2,0,4,1,0,68,1,0,1,0,0
201600008964,16,9,28,1715,1,1,1,1,6,258,4367015,444339,300,3,2,2,0,1,1,0,62,1,0,3,99,0
201600008965,16,9,27,730,1,2,1,1,3,258,4367618,441907,300,3,2,2,0,1,1,45,0,1,0,1,99,0
201600008966,16,1,5,915,1,1,1,1,6,4,4371464,420028,300,2,2,2,0,0,0,0,80,0,0,0,0,1
201600008968,16,1,23,2100,3,1,1,1,1,6,4369957,420557,300,3,2,2,0,0,1,0,70,1,0,1,99,0
201600008969,16,2,19,1845,2,2,1,1,3,6,4369464,416819,300,2,2,3,0,1,1,30,143,1,0,1,99,0
201600008971,16,6,9,345,3,1,1,1,6,4,4371861,420410,300,2,0,2,0,1,3,0,76,1,0,1,99,1
201600008972,16,8,15,945,1,2,1,1,1,83,4372901,422499,300,2,2,0,0,1,1,0,67,1,0,1,99,0
201600008973,16,8,25,815,1,1,6,7,7,6,4368788,421512,300,3,0,0,0,0,0,0,0,0,5,1,0,0
201600008974,16,9,26,1700,1,2,1,1,3,33,4372549,432926,300,3,2,2,0,1,1,0,0,1,0,1,99,0
201600008975,16,10,18,615,3,1,1,1,3,83,4371858,422237,300,3,2,2,0,1,1,0,73,1,0,1,99,0
201600008976,16,11,7,700,2,1,1,1,6,341,4354880,434268,300,3,2,2,0,0,1,0,0,1,0,1,99,0
201600008977,16,12,24,1845,3,1,1,1,1,123,4370357,418729,300,2,2,2,0,1,1,0,80,1,0,1,99,0
201600008978,16,3,22,730,1,1,1,1,1,269,4409617,391842,300,3,2,1,0,2,3,0,60,1,0,1,0,1
201600008979,16,7,8,715,2,2,1,1,6,10,4405292,398876,300,4,2,2,0,1,1,50,55,1,2,3,0,0
201600008980,16,8,20,1630,1,1,1,1,6,129,4408018,397753,300,3,2,2,0,1,3,45,55,1,0,3,0,1
201600008981,16,10,3,1700,1,1,1,1,3,10,4404116,398499,300,3,2,2,0,1,1,0,65,1,0,1,99,0
201600008982,16,10,13,730,2,2,1,3,1,27,4407402,405525,300,3,2,0,0,2,1,0,0,2,0,1,3,0
201600008983,16,4,2,100,3,1,1,2,1,239,4425155,397220,300,2,2,2,0,1,1,0,0,2,2,1,99,0
201600008984,16,4,4,845,1,2,1,2,1,132,4421607,402123,300,3,2,2,0,2,1,0,0,2,0,1,99,0
201600008985,16,10,3,1645,1,2,1,1,6,132,4424462,402278,300,4,1,0,0,1,2,0,0,1,0,1,0,0
201600008986,16,11,18,1415,1,1,1,2,7,51,4421730,401637,300,2,0,0,0,1,2,0,0,2,0,1,99,0
201600008987,16,11,26,1845,3,2,9,1,3,307,4420930,402226,300,2,2,2,0,1,3,0,58,1,0,1,0,0
201600008988,16,5,1,1700,1,1,1,6,7,274,4419982,408633,300,3,2,2,0,2,1,0,70,1,0,0,99,0
201600008990,16,7,3,1045,1,1,1,1,2,7,4413046,411700,300,3,2,3,3,1,1,0,0,1,5,1,99,0
201600008991,16,9,10,1815,1,1,3,1,3,55,4412331,423618,300,3,0,0,0,0,0,0,0,0,0,1,0,0
201600008992,16,11,8,1500,1,1,1,1,3,275,4405754,422237,300,3,2,0,0,1,1,0,70,1,0,1,0,0
201600008993,16,11,14,1815,3,1,1,1,3,173,4413625,417699,300,3,2,2,0,1,1,0,70,1,0,1,99,0
201600008994,16,12,12,1800,5,2,6,1,3,223,4418286,414640,300,3,2,2,0,1,0,0,0,1,0,1,3,0
201600008995,16,12,16,300,3,1,1,2,7,294,4415827,411495,300,3,2,2,0,0,1,50,40,2,0,1,99,1
201600008996,16,4,21,1630,1,1,9,2,7,188,4401837,415148,300,2,1,1,0,1,3,15,120,2,3,1,0,0
201600008997,16,6,19,645,1,2,1,1,3,348,4405607,414693,300,3,2,0,0,2,4,0,60,1,0,1,0,0
201600008998,16,6,22,2015,2,1,2,1,3,188,4402978,415780,300,3,2,2,0,0,1,0,60,1,5,1,0,0
201600008999,16,6,24,1515,1,1,1,1,1,147,4402221,405088,300,3,2,2,0,1,1,0,60,1,0,1,0,0
201600009000,16,7,12,430,3,1,1,1,6,46,4398448,419701,300,3,2,0,0,1,1,90,120,1,0,1,0,0
201600009001,16,1,30,1400,1,2,1,1,6,80,4430611,397039,300,3,2,0,0,1,1,0,75,1,0,3,99,0
201600009002,16,5,5,1915,1,1,1,1,7,345,4428531,399401,300,3,2,0,0,0,3,0,75,9,0,1,0,0
201600009003,16,5,16,1615,1,1,1,1,1,130,4431468,396879,300,3,2,2,0,2,3,0,70,1,0,1,99,0
201600009004,16,6,19,945,1,2,1,1,2,90,4438291,394018,300,3,2,2,0,1,1,64,58,1,0,1,0,0