Num_Acc,an,mois,jour,hrmn,lum,agg,int,atm,col,com,lat,long,dep,catr,circ,nbv,vosp,prof,plan,lartpc,larrout,surf,infra,situ,env1,killed
201600009717,16,6,30,2115,2,1,1,1,3,154,4881607,292713,770,4,2,2,0,1,3,0,65,1,0,1,99,0
201600009718,16,10,10,700,2,1,1,1,2,318,4878928,287370,770,3,2,2,0,1,1,0,70,1,0,1,99,0
201600009719,16,12,23,1230,1,1,2,1,3,219,4883941,296771,770,3,2,2,0,1,1,6,510,1,3,1,99,0
201600009720,16,5,5,845,1,2,1,1,1,182,4878121,329499,770,3,2,2,0,2,1,0,70,1,0,1,99,0
201600009721,16,6,27,715,1,1,1,1,6,43,4888837,326649,770,3,2,2,0,1,1,0,52,2,0,1,0,0
201600009722,16,7,23,2015,1,1,1,1,6,406,4884712,320686,770,3,2,1,0,1,3,0,70,1,0,3,99,0
201600009723,16,7,31,1430,1,1,1,1,2,116,4874004,322504,770,3,2,2,0,1,3,0,70,1,0,1,99,0
201600009724,16,9,21,1725,1,1,1,1,6,116,4874100,322430,770,3,2,2,0,1,2,70,0,1,0,1,99,1
201600009725,16,1,7,1815,3,1,1,2,5,31,4866320,295349,770,3,2,2,0,1,1,0,0,2,0,1,0,1
201600009726,16,2,15,1600,1,1,1,1,1,192,4868836,289076,770,3,2,2,0,0,1,80,0,1,0,1,0,0
201600009729,16,7,1,1815,1,1,1,1,7,486,4870223,310254,770,3,2,2,0,1,3,0,48,1,0,1,99,1
201600009731,16,7,15,1800,1,1,1,1,7,31,4867685,293709,770,3,2,2,0,2,1,0,50,1,0,1,99,0
201600009732,16,8,1,1115,1,1,2,1,3,192,4869402,282079,770,2,2,2,0,1,1,0,181,1,5,1,99,0
201600009733,16,9,9,1400,1,1,2,1,3,31,4867265,295978,770,3,2,2,0,2,1,0,0,1,5,1,99,0
201600009734,16,9,12,1200,1,1,1,1,1,527,4868580,301535,770,2,3,0,0,0,0,0,0,8,0,1,99,0
201600009735,16,9,19,1745,1,1,1,1,1,486,4869422,307492,770,3,2,2,0,0,1,0,72,1,0,1,99,1
201600009736,16,10,3,841,1,1,1,1,5,486,4869401,307671,770,3,2,2,0,1,1,0,72,1,0,1,99,1
201600009737,16,11,4,725,2,1,2,2,5,192,4870769,283723,770,2,2,2,0,1,1,7,225,1,5,1,99,0
201600009738,16,2,29,715,1,1,1,1,7,244,4827676,258705,770,3,2,2,0,1,1,0,0,1,0,3,0,0
201600009739,16,3,11,1145,1,1,2,1,3,3,4829069,253974,770,3,2,2,0,1,1,0,70,1,0,1,99,0
201600009740,16,4,18,2130,2,1,1,1,6,477,4832791,258537,770,3,2,0,0,1,1,68,0,1,0,3,99,0
201600009741,16,5,5,30,3,1,1,9,1,60,4830154,242845,770,3,2,2,0,2,2,0,60,1,0,1,0,0
201600009742,16,5,14,2100,2,1,2,1,7,88,4829052,253955,770,3,2,2,0,1,1,0,0,1,0,1,99,0
201600009743,16,6,19,1230,1,1,1,1,6,244,4827555,261923,770,3,2,2,0,1,1,70,0,1,0,3,99,0
201600009744,16,7,16,1000,1,1,1,1,7,471,4834355,245887,770,3,2,2,0,2,1,0,70,1,0,1,99,0
201600009745,16,10,19,1200,1,2,2,1,6,88,4831732,257055,770,3,2,2,0,1,1,0,0,1,5,0,99,0
201600009746,16,12,1,800,1,2,4,1,6,88,4832044,257604,770,3,2,2,0,1,1,0,0,1,0,0,99,0
201600009747,16,12,5,10,3,1,1,1,6,328,4830447,243478,770,3,2,2,0,2,2,0,60,1,0,3,99,1
201600009748,16,3,6,2000,3,1,1,3,6,99,4815854,270909,770,3,2,2,0,1,1,0,60,2,0,3,99,1
201600009749,16,8,6,1045,1,1,1,1,6,110,4816767,265567,770,3,2,2,0,1,1,0,65,1,0,1,99,0
201600009750,16,9,19,1530,1,1,1,8,1,99,4815106,274958,770,3,2,2,0,2,3,0,60,1,0,3,0,0
201600009751,16,1,15,430,3,1,1,9,7,115,4823884,297953,770,3,2,2,0,1,1,0,70,7,0,3,0,0
201600009752,16,8,23,2145,3,1,1,1,6,531,4826916,296579,770,3,2,2,0,2,3,0,60,1,0,3,99,1
201600009753,16,12,9,1845,3,1,1,1,1,261,4824420,290002,770,3,2,2,0,3,3,0,0,1,0,1,99,0
201600009754,16,4,11,1200,1,1,1,3,2,153,4905440,269943,770,2,1,2,0,1,0,0,0,2,0,1,99,0
201600009755,16,5,17,2345,3,1,2,1,3,291,4902486,258422,770,2,2,2,0,1,1,0,34,1,0,1,99,0
201600009756,16,6,9,1800,1,1,1,1,5,420,4904132,268533,770,2,3,2,0,2,1,10,300,1,0,1,0,0
201600009757,16,7,21,1930,1,2,1,1,6,153,4905352,268626,770,3,2,2,0,1,1,0,0,1,0,1,99,0
201600009758,16,10,24,1734,2,1,1,1,2,511,4903208,263185,770,3,3,2,0,1,1,0,85,2,0,1,99,0
201600009759,16,11,30,2349,3,1,1,1,3,392,4907495,272145,770,2,1,2,0,1,1,0,75,1,0,1,99,0
201600009760,16,12,7,735,3,1,1,1,5,153,4905541,269994,770,2,3,4,0,4,1,5,120,2,3,1,99,0
201600009761,16,12,15,1530,1,2,3,8,7,511,4903378,263949,770,3,2,2,0,1,1,0,10,1,0,1,99,0
201600009762,16,12,15,810,2,2,9,1,6,349,4908156,266305,770,3,2,2,0,1,1,0,10,3,5,1,3,0
201600009763,16,2,29,1945,5,2,1,1,2,382,4886433,289771,770,3,2,0,0,1,1,0,95,1,0,1,99,0
201600009764,16,4,24,1830,1,1,1,2,5,196,4894300,275500,770,2,3,0,0,1,1,0,70,2,0,1,99,0
201600009765,16,4,25,1600,1,2,9,1,6,171,4890299,281177,770,4,1,0,0,2,1,0,34,1,0,1,99,0
201600009766,16,5,10,2245,3,1,6,2,1,5,4891513,269076,770,3,2,2,0,1,3,0,0,2,5,0,99,0
201600009767,16,5,15,45,3,1,3,2,3,474,4895765,280186,770,2,3,0,0,0,1,21,65,2,5,1,99,0
201600009768,16,6,7,2030,2,2,2,1,1,315,4888480,283233,770,3,2,2,0,1,1,5,115,1,5,1,3,0
201600009769,16,6,23,1530,1,1,1,1,6,94,4895100,276900,770,2,3,2,0,1,1,0,69,1,0,3,99,0
201600009770,16,7,21,1715,1,2,9,1,1,171,4889880,281930,770,4,2,0,0,1,1,0,0,9,0,0,0,0
201600009771,16,9,5,630,2,1,1,2,2,196,4894823,274446,770,2,3,2,0,1,1,6,80,2,0,3,99,1
201600009772,16,10,12,1910,5,2,1,1,6,315,4889007,282741,770,3,2,2,0,1,1,0,60,1,0,1,99,0
201600009773,16,10,19,1745,1,1,1,3,3,474,4895873,281974,770,2,2,3,0,1,1,20,35,2,0,0,99,0
201600009774,16,10,31,350,3,1,1,1,6,196,4894808,273825,770,2,3,4,0,1,1,0,0,1,0,1,99,0
201600009775,16,11,1,815,1,1,1,5,1,5,4891053,271087,770,3,2,2,0,2,3,0,50,1,0,1,99,1
201600009776,16,11,11,2200,3,1,3,1,5,474,4895771,280183,770,2,3,3,0,1,0,0,10,1,5,1,99,1
201600009777,16,12,16,1130,1,1,2,1,3,95,4897186,275781,770,3,2,2,0,1,1,0,0,1,0,1,99,0
201600009778,16,1,3,1530,1,1,1,2,1,231,4901084,302114,770,3,2,2,0,1,1,0,63,2,0,1,0,1
201600009779,16,3,24,1545,1,2,1,1,3,483,4900111,292123,770,3,2,2,0,0,1,0,57,1,0,0,0,0
201600009780,16,4,24,1715,1,1,1,2,6,120,4902401,309751,770,3,2,2,0,0,1,0,50,2,0,0,99,0
201600009781,16,5,26,1745,1,1,1,1,1,126,4901404,294956,770,3,2,2,0,1,2,60,0,2,2,1,0,0
201600009782,16,6,1,2230,3,1,1,2,6,283,4906273,301198,770,3,2,2,0,1,1,0,60,2,0,1,99,0
201600009783,16,8,2,1500,1,1,1,3,1,203,4897865,296291,770,3,2,2,0,2,2,5,65,2,0,1,99,0
201600009784,16,8,5,1900,1,2,1,1,6,283,4907311,302253,770,3,2,2,0,1,1,65,0,1,0,1,0,0
201600009785,16,8,16,1845,1,1,2,1,7,490,4905980,310867,770,3,2,2,0,2,1,65,0,1,0,1,99,0
201600009786,16,10,6,2345,3,1,1,1,7,203,4897157,297157,770,3,2,2,0,2,2,0,65,1,0,1,99,0
201600009787,16,10,30,2020,3,1,1,1,5,483,4900263,293751,770,3,2,2,0,1,2,0,0,1,0,1,99,0
201600009788,16,1,28,2015,3,1,1,1,2,233,4899633,279392,770,3,2,2,0,2,1,0,0,1,0,1,99,0
201600009789,16,2,22,1530,1,1,3,1,1,233,4900467,278553,770,3,2,0,0,0,2,0,0,2,0,1,99,0
201600009790,16,3,14,1715,1,2,6,1,3,344,4907019,281584,770,3,2,0,0,2,1,0,79,1,5,1,0,0
201600009791,16,5,24,1730,1,1,2,1,3,525,4901570,273640,770,3,2,2,0,1,1,0,0,1,0,1,99,0
201600009792,16,6,25,1430,1,1,9,1,2,273,4905146,273164,770,3,2,0,0,4,1,0,0,1,0,1,99,0
201600009793,16,8,13,945,1,1,2,7,3,344,4905275,278625,770,2,2,2,0,1,1,130,0,1,5,1,99,0
201600009794,16,9,15,1230,1,2,1,1,6,437,4903536,280135,770,4,2,0,0,1,1,0,0,1,5,1,0,0
201600009795,16,10,3,1930,2,1,1,1,1,437,4903336,278835,770,3,2,2,0,2,1,60,0,1,0,1,99,0
201600009796,16,10,14,2049,5,2,2,3,6,437,4903658,279927,770,3,2,2,0,1,1,0,65,2,0,1,99,0
201600009797,16,11,23,2050,3,1,1,1,6,233,4899698,279367,770,3,2,2,0,1,0,0,0,1,0,1,99,0
201600009798,16,12,22,943,1,1,2,1,1,344,4905270,278629,770,2,2,2,0,1,1,0,25,2,5,1,99,0
201600009799,16,12,30,1710,2,1,1,5,1,430,4906748,278567,770,3,2,2,0,1,1,0,0,7,0,1,99,0
201600009800,16,2,29,1505,1,1,9,1,2,239,4865553,314797,770,3,2,2,0,1,1,73,0,1,0,1,99,0
201600009801,16,3,1,1915,3,1,1,2,1,239,4864692,316405,770,3,2,2,0,2,1,0,75,2,0,1,0,0
201600009802,16,3,29,1815,1,2,1,2,6,72,4854009,346358,770,3,2,2,0,1,0,0,44,2,0,3,0,0
201600009803,16,4,13,1345,1,1,1,4,7,26,4859117,341311,770,3,2,2,0,0,1,0,63,7,0,1,0,1
201600009804,16,5,2,830,1,1,2,7,6,246,4857811,336984,770,3,2,2,0,0,1,0,50,1,5,3,0,0
201600009805,16,5,30,1915,1,1,1,3,3,32,4871195,323935,770,3,2,2,0,1,1,0,75,2,0,1,99,0
201600009807,16,9,29,1230,1,1,1,1,7,530,4861030,333294,770,3,2,2,0,1,1,0,56,1,0,1,99,1
201600009808,16,4,9,2145,3,1,1,2,7,321,4840200,323339,770,3,2,2,0,1,1,0,60,2,0,3,99,0
201600009809,16,8,25,915,1,1,1,1,2,286,4850940,310717,770,4,2,0,0,1,1,0,0,1,0,1,99,0
201600009810,16,1,5,805,2,1,2,2,3,327,4855057,300044,770,3,2,2,0,1,1,0,0,2,5,1,99,0
201600009811,16,1,20,1345,1,1,1,1,6,190,4853421,302281,770,3,2,2,0,1,1,0,64,1,0,1,99,0
201600009812,16,8,16,745,1,1,2,1,3,327,4855052,300055,770,3,2,2,0,1,1,0,0,1,5,0,99,0
201600009813,16,9,1,615,3,1,1,1,2,89,4849790,294586,770,3,2,2,0,1,1,0,46,1,0,1,99,0
201600009814,16,9,11,1745,1,1,1,1,7,90,4854796,318755,770,3,2,2,0,0,1,0,0,1,0,1,99,0
201600009815,16,10,2,345,3,1,1,1,6,327,4855633,298232,770,3,2,2,0,1,1,0,60,1,0,1,99,1
201600009816,16,2,16,830,1,1,1,1,6,59,4794198,175943,450,4,2,2,0,1,2,0,50,7,0,3,99,0
201600009817,16,3,20,1145,1,1,1,6,3,313,4806276,181458,450,3,2,2,0,1,1,0,65,1,0,1,99,0
201600009818,16,3,30,1545,1,2,1,1,6,8,4808134,187909,450,4,2,2,0,1,1,0,52,1,0,1,99,0
201600009819,16,4,24,830,1,1,1,1,7,59,4793409,175899,450,3,2,2,0,1,1,0,60,1,0,3,99,0
201600009820,16,6,23,2215,5,2,2,1,3,248,4804906,169791,450,3,2,2,0,1,1,0,60,1,0,1,0,0
201600009821,16,7,23,1300,1,1,1,1,2,62,4799369,188133,450,3,2,4,0,1,1,0,150,1,0,1,99,0
201600009823,16,9,10,15,3,1,1,1,7,93,4802241,184677,450,4,2,2,0,1,2,0,60,1,0,3,99,0
201600009825,16,1,26,1230,1,1,3,1,3,24,4781701,167852,450,3,2,2,0,1,1,0,7,1,0,1,99,0
201600009826,16,3,20,1815,1,1,1,1,7,116,4781125,158437,450,3,2,2,0,1,2,0,6,1,0,3,99,0
201600009827,16,5,5,1845,1,2,1,1,6,28,4779841,162831,450,4,2,2,0,1,1,0,50,1,0,1,99,0
201600009828,16,9,27,715,2,2,1,1,6,179,4776942,169798,450,3,2,2,0,1,1,0,6,1,0,1,99,0
201600009831,16,3,31,1945,3,1,1,2,6,82,4788861,225689,450,3,2,2,0,1,1,0,70,2,0,3,99,0
201600009832,16,4,1,800,1,1,1,1,1,316,4796231,236881,450,3,2,2,0,1,2,0,60,1,0,1,99,0
201600009833,16,5,8,1530,1,1,1,1,1,346,4793965,228253,450,3,2,2,0,1,1,0,60,1,0,1,99,1
201600009834,16,9,2,1130,1,2,7,1,6,82,4786371,222262,450,4,1,1,0,1,1,0,30,1,0,1,99,0
201600009835,16,1,16,400,5,2,6,1,6,89,4789409,204026,450,3,1,2,0,1,2,0,60,1,0,1,99,0
201600009836,16,3,27,2300,3,2,1,1,6,89,4791169,202589,450,4,2,2,0,2,1,0,50,1,0,3,99,0
201600009837,16,4,4,2100,1,1,3,1,2,126,4789806,211202,450,3,2,2,0,1,1,0,70,1,0,1,99,0
201600009838,16,6,28,1515,1,1,1,1,2,89,4791249,202354,450,3,3,2,0,1,1,15,140,1,0,1,99,1
201600009840,16,2,4,845,1,2,3,8,3,272,4781977,194708,450,3,2,2,0,2,1,0,65,1,0,1,99,0
201600009842,16,5,17,745,1,1,1,1,6,282,4783389,182281,450,4,2,2,0,1,1,0,47,1,0,3,99,0
201600009843,16,12,15,830,1,1,1,8,1,272,4779951,193128,450,3,2,2,0,1,1,0,80,1,0,1,99,0
201600009844,16,2,13,2145,5,2,1,2,6,226,4779189,225122,450,3,2,2,0,1,1,0,50,2,0,3,99,0
201600009845,16,9,28,1745,1,2,3,1,3,311,4783467,222499,450,3,2,2,0,1,1,0,60,1,0,1,3,0
201600009846,16,11,10,2315,3,1,1,2,6,173,4785021,214674,450,3,2,2,0,1,3,0,50,2,0,3,99,0
201600009847,16,11,21,745,2,2,1,1,2,173,4786144,210989,450,3,2,2,1,1,1,0,70,1,0,1,99,0
201600009849,16,3,6,1300,1,2,3,1,3,179,4775288,167009,450,3,2,2,3,1,1,0,88,1,5,1,99,1
201600009851,16,6,24,1400,1,1,3,1,3,203,4785682,170615,450,3,2,2,3,1,1,0,99,1,5,1,99,1
201600009852,16,12,2,2145,3,1,1,1,3,337,4802836,155327,450,3,2,2,0,1,1,0,50,1,0,1,99,0
201600009853,16,2,17,1000,1,2,2,1,6,155,4768113,263005,450,3,2,2,0,1,1,0,83,1,5,1,99,1
201600009855,16,6,15,730,1,1,1,2,1,155,4769625,265053,450,3,2,2,0,2,3,0,122,1,0,1,99,1
201600009856,16,6,28,1730,1,1,1,1,6,108,4762541,250301,450,3,2,2,0,2,1,0,56,1,0,3,99,0
201600009857,16,7,13,1230,1,1,1,8,6,155,4771309,261416,450,3,2,2,0,2,1,0,72,1,0,2,99,0
201600009858,16,7,18,1345,1,1,1,1,1,155,4769672,264992,450,3,2,2,0,2,3,0,120,1,0,1,99,1
201600009859,16,7,23,2245,3,1,1,1,6,291,4763745,263933,450,4,2,2,0,1,2,0,46,1,0,3,99,1
201600009860,16,9,15,615,3,1,1,2,6,291,4767210,264638,450,3,2,2,0,1,2,0,58,2,0,3,99,0
201600009862,16,11,17,330,3,1,1,2,6,291,4767583,264193,450,3,2,2,0,1,1,0,61,2,0,3,99,1
201600009863,16,11,23,1500,1,2,1,1,6,155,4769269,263348,450,4,2,2,0,2,3,0,50,1,0,1,99,0
201600009864,16,12,23,1730,3,1,1,1,1,108,4758339,248639,450,3,2,2,0,1,1,0,70,1,0,1,99,1
201600009865,16,12,29,2045,5,2,1,5,6,108,4762522,249011,450,3,2,2,0,4,3,0,60,2,0,4,99,0
201600009866,16,4,28,715,2,2,1,1,1,87,4759527,275565,450,3,2,2,0,1,3,0,65,1,0,1,99,0
201600009867,16,11,18,730,2,1,1,2,3,53,4765405,272209,450,3,2,2,0,1,1,0,75,2,0,1,99,0
201600009869,16,1,15,1600,1,1,2,7,3,315,4772997,234702,450,3,2,2,0,1,1,0,56,2,0,1,99,0
201600009870,16,2,29,700,2,1,1,1,5,51,4783596,235381,450,3,2,2,0,2,1,0,78,1,0,1,99,0
201600009871,16,3,12,1600,1,1,1,1,6,340,4766257,234832,450,3,2,2,0,1,2,0,45,1,0,3,99,1
201600009872,16,4,7,900,1,2,1,1,6,268,4773924,243666,450,3,2,2,0,2,3,0,52,1,0,3,99,1
201600009873,16,4,11,1300,1,1,1,2,1,244,4776915,244299,450,3,2,2,0,2,2,0,63,2,0,1,99,1
201600009874,16,4,12,1815,1,1,1,1,3,270,4782049,231872,450,3,2,2,0,1,1,0,61,1,0,1,99,0
201600009875,16,5,26,215,3,1,1,1,6,122,4775724,252856,450,3,3,2,0,1,1,40,79,1,0,1,99,0
201600009876,16,6,6,700,2,1,1,5,2,340,4770743,236720,450,3,2,2,0,1,1,0,65,1,0,1,99,0
201600009877,16,6,23,530,1,1,1,5,6,336,4773477,228246,450,3,2,2,0,1,1,0,50,2,0,1,99,0
201600009878,16,7,14,730,1,1,1,1,6,184,4772037,250775,450,3,2,2,0,1,1,0,63,1,0,3,99,0
201600009879,16,7,22,1630,1,1,1,1,1,63,4763655,242022,450,3,2,2,0,1,1,0,60,1,0,1,99,0
201600009880,16,7,30,1715,1,1,2,7,3,63,4763671,244837,450,3,2,2,0,1,1,0,60,1,0,1,99,0
201600009882,16,12,11,630,3,1,1,2,6,63,4759741,239826,450,3,2,2,0,1,3,0,61,2,0,3,99,1
201600009884,16,12,21,1215,1,2,1,1,2,315,4776606,237431,450,3,1,2,0,1,1,0,75,1,0,1,99,0
201600009885,16,12,31,1430,1,1,1,5,6,244,4776937,244044,450,3,2,2,0,1,1,0,60,1,0,3,99,1
201600009886,16,1,28,2330,3,1,1,1,6,247,4800098,267859,450,4,2,2,0,1,1,0,50,1,2,1,99,1
201600009887,16,2,1,1600,1,1,1,1,1,345,4793579,267228,450,3,2,2,0,1,3,0,75,1,0,1,99,1
201600009888,16,2,5,1700,1,1,1,1,6,239,4789928,261151,450,3,2,2,0,1,3,0,55,1,2,3,99,1
201600009889,16,2,6,2000,3,1,1,1,6,256,4796819,256503,450,4,2,2,0,1,1,0,53,1,2,4,99,0
201600009890,16,3,28,645,2,1,1,2,6,322,4801816,288372,450,3,2,2,0,1,1,0,74,2,0,3,99,0
201600009891,16,6,20,530,2,2,1,1,6,329,4794226,299501,450,3,2,2,0,1,3,0,60,1,0,3,99,0
201600009893,16,7,10,1215,1,1,2,1,3,113,4805531,293712,450,3,2,2,0,1,1,0,60,1,0,1,99,0
201600009894,16,8,22,2015,1,1,3,1,3,275,4796293,291191,450,3,2,2,0,1,1,0,45,1,0,1,99,0
201600009896,16,10,1,2000,5,2,1,1,5,279,4795242,285305,450,3,2,2,0,1,1,0,60,1,0,1,99,0
201600009898,16,3,6,1615,1,1,1,1,7,77,4785823,285812,450,3,2,2,0,1,1,0,58,1,0,3,99,0
201600009899,16,9,29,1100,1,1,2,1,5,312,4790582,273302,450,3,2,2,0,1,1,0,200,1,5,1,99,0
201600009900,16,10,10,845,1,1,2,1,3,85,4783563,284989,450,3,2,2,0,1,1,0,50,1,0,1,99,0
201600009902,16,1,10,1600,1,1,2,2,3,343,4803889,263634,450,3,2,2,0,1,1,0,60,2,5,1,99,0
201600009903,16,1,15,1715,1,1,1,4,1,61,4804408,275487,450,3,2,4,0,1,1,0,148,5,0,1,99,0
201600009904,16,1,24,1145,1,2,2,1,3,127,4814149,276697,450,4,2,2,0,1,1,0,60,1,0,1,99,0
201600009905,16,6,19,1,5,2,1,1,6,158,4804864,264874,450,3,2,2,0,1,4,0,63,1,0,4,99,1
201600009906,16,8,23,1945,1,2,1,7,6,206,4804581,262463,450,4,2,2,0,1,3,0,51,1,0,3,99,0
201600009907,16,11,30,1845,2,2,1,1,6,104,4802836,272117,450,3,2,2,0,1,1,0,60,1,0,4,99,0
201600009908,16,2,29,1815,1,1,3,1,3,293,4799515,261166,450,3,2,2,0,1,1,0,69,1,0,1,99,1
201600009910,16,2,14,330,3,1,1,2,6,157,4815305,237521,450,3,2,2,0,2,1,0,51,2,0,3,99,0
201600009911,16,6,8,745,1,1,1,5,2,137,4812658,219516,450,3,2,2,0,1,1,0,77,1,0,1,99,0
201600009915,16,2,6,945,1,2,1,1,6,132,4810565,243725,450,3,2,2,0,1,1,0,60,1,0,3,99,1
201600009917,16,4,10,700,2,1,1,5,6,35,4802677,236899,450,3,2,2,0,1,1,0,60,2,0,3,99,0
201600009918,16,4,17,845,1,1,1,1,6,258,4820283,248132,450,3,2,2,0,1,2,0,66,1,0,3,99,0
201600009920,16,1,22,800,1,1,1,8,7,236,4829629,236442,450,3,2,2,0,4,1,0,61,1,0,3,99,1
201600009921,16,5,13,1545,1,2,1,1,6,191,4830001,240727,450,3,2,2,0,1,1,0,60,1,0,1,99,0
201600009922,16,9,14,2225,3,1,1,3,1,198,4821492,230077,450,3,2,2,0,1,1,0,76,2,0,1,99,1
201600009924,16,6,5,1045,1,1,1,2,7,84,4745590,259789,180,3,2,2,0,1,2,0,60,2,0,1,0,0
201600009926,16,9,3,600,3,1,1,1,6,241,4732452,282414,180,3,2,2,0,2,2,0,0,1,0,0,99,0
201600009927,16,9,24,600,3,1,1,1,7,272,4726905,272931,180,3,2,2,0,4,1,0,60,1,0,1,99,0
201600009929,16,2,13,30,3,1,1,8,3,38,4675530,245094,180,3,2,2,0,3,1,0,71,2,0,1,99,0
201600009930,16,6,4,1800,1,2,3,1,3,197,4672015,250011,180,4,2,2,0,1,1,0,40,1,0,1,99,0
201600009931,16,7,17,1900,1,1,1,1,3,197,4671539,253091,180,3,2,2,0,2,1,0,550,1,0,1,0,0
201600009933,16,8,31,1800,1,2,1,1,6,38,4676713,242621,180,3,0,2,0,2,1,0,64,1,0,1,0,0
201600009934,16,11,1,1315,1,2,6,1,6,197,4672944,249638,180,3,2,1,0,0,3,0,75,1,5,1,99,0
201600009935,16,10,31,1630,1,1,1,1,1,180,4703744,243956,180,3,2,2,0,1,1,0,63,1,0,1,0,0
201600009937,16,6,12,1200,1,2,1,1,6,31,4689824,272445,180,3,2,2,0,1,1,0,80,1,0,1,0,1
201600009938,16,7,21,1430,1,1,1,1,3,242,4684237,293649,180,3,2,2,0,1,1,0,65,1,0,1,99,0
201600009942,16,9,7,1615,1,1,1,1,2,242,4683293,295778,180,3,2,2,0,1,1,0,75,1,0,1,99,0
201600009943,16,9,19,1930,2,1,2,1,7,164,4684310,298189,180,3,2,2,0,1,1,0,70,1,0,1,99,0
201600009944,16,11,3,715,2,1,1,5,6,48,4692967,294821,180,3,2,2,0,3,2,0,35,1,0,1,99,0
201600009945,16,11,20,430,3,1,1,1,6,160,4701028,287837,180,3,2,2,0,3,2,0,76,2,0,3,99,0
201600009946,16,11,25,815,1,1,1,2,7,242,4681158,291030,180,3,2,0,0,1,1,0,76,2,0,3,99,0
201600009948,16,5,21,1130,1,1,1,1,2,290,4727800,220600,180,3,2,2,0,1,1,0,46,1,0,1,0,0
201600009951,16,11,24,2030,3,1,1,1,1,28,4710542,230775,180,3,2,2,0,1,2,70,0,1,0,1,99,0
201600009953,16,2,14,800,2,1,1,1,6,157,4704186,228238,180,3,2,2,0,1,1,0,56,2,0,1,99,0
201600009956,16,9,9,1600,1,1,1,1,2,207,4699183,224379,180,2,2,0,0,1,1,0,70,1,0,1,0,0
201600009957,16,10,23,2245,3,1,1,2,7,66,4697469,222870,180,3,2,2,0,1,1,0,50,2,0,1,0,0
201600009958,16,11,2,1500,1,1,1,8,1,137,4686939,217277,180,3,2,2,0,1,1,0,57,1,0,1,0,1
201600009959,16,11,28,1530,1,2,1,7,6,207,4699251,244541,180,2,2,2,0,2,1,0,80,1,0,1,99,0
201600009960,16,1,9,1545,1,1,1,1,2,100,4844085,135608,280,3,2,2,0,1,1,0,80,1,0,1,99,0
201600009961,16,3,16,1730,1,2,1,1,2,337,4841864,135594,280,3,3,0,0,1,1,0,0,1,0,1,0,0
201600009962,16,4,17,1630,1,1,1,1,1,278,4846687,160155,280,3,2,0,0,1,1,0,0,1,0,1,99,1
201600009963,16,4,22,1230,1,2,1,2,7,201,4850884,154092,280,3,2,2,0,1,1,0,58,2,0,4,99,1
201600009964,16,5,2,2000,1,1,1,1,6,22,4849019,138316,280,3,2,2,0,1,1,0,73,1,0,0,99,1
201600009965,16,5,8,1700,1,1,1,1,1,104,4849122,159026,280,3,2,0,0,3,2,0,0,1,2,1,0,0
201600009966,16,5,11,720,2,1,1,5,2,6,4843677,142371,280,3,2,0,0,1,1,0,0,2,0,1,0,0
201600009967,16,6,25,1645,1,1,3,7,3,22,4847573,140821,280,3,2,2,0,0,1,0,55,1,0,1,0,0
201600009968,16,7,10,1015,1,1,1,7,2,358,4852727,156778,280,3,2,2,0,1,1,0,69,1,0,1,99,0
201600009969,16,8,7,530,2,1,1,1,1,6,4843564,141492,280,3,2,2,0,1,1,0,74,1,0,0,99,0
201600009970,16,8,25,1215,1,1,2,1,3,358,4849502,149601,280,3,0,0,0,0,0,0,0,0,0,0,0,0
201600009971,16,8,27,1630,1,1,1,1,1,278,4846629,159877,280,3,4,3,0,1,1,0,0,1,0,1,99,0
201600009972,16,9,8,1430,1,1,3,1,3,358,4849503,149601,280,3,2,0,0,0,1,0,0,1,0,1,99,1
201600009973,16,9,11,1715,1,2,1,1,6,122,4833025,151536,280,4,2,2,0,1,1,0,0,1,0,1,0,0
201600009975,16,10,24,1815,2,1,1,2,5,22,4849143,137935,280,3,3,0,0,0,3,0,0,2,0,0,0,0
201600009976,16,11,25,1715,2,1,1,8,7,245,4836498,139208,280,3,2,2,0,1,1,0,52,1,0,1,0,0
201600009977,16,12,8,1315,1,1,1,1,1,35,4837588,153279,280,3,2,2,0,1,1,0,69,0,0,1,99,0
201600009979,16,2,15,930,3,1,1,8,6,341,4863173,126850,280,3,2,2,0,0,1,0,77,2,0,3,99,1
201600009981,16,5,7,630,1,1,1,1,7,386,4854300,130619,280,3,2,0,0,1,1,0,75,1,0,3,99,0
201600009982,16,5,21,1030,1,2,9,1,6,116,4844840,123806,280,6,0,0,0,1,0,0,0,1,0,0,99,0
201600009984,16,8,22,1915,1,1,2,1,3,89,4860852,124392,280,3,2,2,0,1,1,0,51,1,0,1,99,0
201600009985,16,9,2,315,3,1,1,1,6,89,4859276,123075,280,3,2,2,0,0,2,0,80,1,0,1,0,0
201600009986,16,9,9,500,3,2,1,1,6,89,4858532,124358,280,3,2,1,0,1,3,0,80,1,0,1,3,1
201600009987,16,10,20,1230,1,1,1,1,6,341,4862321,125870,280,3,2,2,0,1,1,0,77,1,0,3,99,0
201600009988,16,12,18,1730,3,1,1,5,6,386,4855700,128900,280,3,2,2,0,1,1,0,70,1,0,3,0,0