Num_Acc,an,mois,jour,hrmn,lum,agg,int,atm,col,com,lat,long,dep,catr,circ,nbv,vosp,prof,plan,lartpc,larrout,surf,infra,situ,env1,killed
201600009989,16,12,24,2000,3,1,1,1,6,89,4861000,124500,280,3,2,2,0,1,1,0,70,1,0,1,99,0
201600009990,16,5,2,745,1,1,1,1,1,66,4823279,126110,280,3,2,2,0,1,1,0,57,1,0,1,0,1
201600009991,16,6,10,1330,1,1,1,1,5,196,4828720,122704,280,3,3,2,0,2,1,0,60,1,0,1,0,0
201600009992,16,6,30,1545,1,1,1,1,1,234,4834657,123441,280,3,2,1,0,1,3,0,56,1,0,1,99,0
201600009993,16,8,4,1545,1,1,1,1,6,398,4818012,109768,280,3,2,0,0,1,4,0,26,1,0,3,0,0
201600009994,16,8,7,145,3,1,1,1,6,123,4822199,107912,280,3,2,2,0,1,1,0,80,1,0,1,99,0
201600009995,16,10,2,1545,1,1,1,1,2,41,4831827,127327,280,3,2,0,0,1,1,70,0,1,0,1,99,0
201600009997,16,1,4,1745,3,1,1,1,6,191,4862600,164900,280,3,2,2,0,1,1,0,64,1,0,0,0,1
201600009998,16,4,17,330,3,1,1,8,6,208,4850183,173162,280,3,2,3,0,1,1,0,104,1,0,1,0,0
201600009999,16,5,10,1815,1,1,1,2,1,140,4857564,169332,280,3,2,1,0,1,1,0,47,2,0,1,99,0
201600010000,16,5,17,1515,1,1,2,1,3,23,4852350,162746,280,3,2,2,0,0,0,0,44,0,0,0,0,0
201600010002,16,7,30,1345,1,1,1,1,1,298,4858245,155039,280,3,2,2,0,0,3,0,35,9,0,1,99,0
201600010003,16,8,12,645,1,1,1,1,6,227,4859621,160127,280,3,2,2,0,1,1,0,55,1,0,1,99,0
201600010004,16,12,27,1115,1,1,1,7,7,140,4858100,167741,280,3,2,2,0,2,3,0,70,7,0,3,0,0
201600010005,16,2,25,1320,1,1,2,1,3,391,4820086,193443,280,3,2,2,0,1,1,23,70,1,0,1,99,0
201600010006,16,4,18,1000,1,1,1,1,3,284,4824090,195651,280,3,2,3,0,0,1,0,110,1,0,1,99,0
201600010007,16,6,4,1700,1,1,1,8,3,320,4825593,155674,280,3,2,0,0,1,1,0,0,1,0,1,99,0
201600010008,16,6,26,945,1,1,1,1,6,189,4822998,179319,280,2,2,2,0,2,1,0,72,1,0,3,99,0
201600010009,16,12,18,2100,3,1,1,1,3,25,4825517,196502,280,3,2,2,0,1,1,40,160,1,0,1,99,0
201600010010,16,1,10,645,3,1,1,2,6,103,4798276,124011,280,2,2,2,0,2,1,0,80,2,0,1,0,1
201600010011,16,1,13,1630,1,2,1,1,6,88,4807358,133266,280,3,0,0,0,1,1,0,62,1,0,0,0,0
201600010012,16,2,1,1545,1,1,1,1,1,356,4807613,112831,280,3,2,2,0,1,3,0,50,1,0,1,0,0
201600010013,16,2,18,1200,1,1,1,1,2,356,4807587,117801,280,3,2,0,0,2,1,0,63,2,0,3,0,0
201600010014,16,2,27,300,3,1,1,1,6,205,4812047,124847,280,3,2,2,0,1,1,0,50,1,0,3,0,0
201600010015,16,4,13,1800,1,2,1,1,3,88,4807200,134467,280,3,2,2,0,2,1,0,60,1,0,1,0,0
201600010016,16,5,9,1800,1,2,1,2,6,103,4799349,123767,280,4,2,0,0,1,1,0,50,2,0,1,0,0
201600010017,16,6,7,2000,1,2,1,2,3,88,4807075,133302,280,3,2,2,0,1,1,0,50,1,0,1,0,0
201600010018,16,7,1,1,5,2,1,1,6,103,4799473,123166,280,4,1,1,0,2,0,0,40,1,0,1,99,0
201600010019,16,7,7,1500,1,2,1,1,1,75,4803583,130641,280,2,2,2,0,1,1,0,0,1,0,1,0,1
201600010020,16,8,13,1345,1,2,1,1,7,88,4807475,134701,280,4,2,2,0,0,1,0,50,1,0,1,3,1
201600010021,16,8,20,1700,1,2,1,1,1,88,4807124,133737,280,3,2,0,0,0,0,0,111,1,0,1,0,0
201600010022,16,8,31,1845,1,2,1,7,6,103,4799577,123202,280,3,0,1,0,1,1,0,0,1,0,1,0,0
201600010023,16,9,15,1715,1,1,3,1,2,75,4805399,132377,280,2,2,2,0,1,1,0,60,1,0,1,99,0
201600010025,16,12,5,1715,3,1,1,5,6,93,4814210,120019,280,3,2,2,0,1,1,0,0,2,0,3,0,0
201600010026,16,4,4,815,1,1,1,1,6,153,4815558,135716,280,2,2,2,0,1,1,0,0,1,0,3,0,0
201600010027,16,5,22,1540,1,1,1,2,1,259,4821423,140133,280,2,2,4,0,1,1,0,140,2,0,1,0,0
201600010028,16,7,10,1215,1,2,1,1,6,382,4808420,174083,280,4,2,2,0,1,1,0,30,1,0,1,99,0
201600010029,16,7,22,1530,1,1,1,1,1,51,4819749,141328,280,3,2,2,0,1,3,0,58,1,0,1,0,0
201600010030,16,11,18,1000,1,1,1,1,3,259,4822204,140369,280,2,2,2,0,1,1,0,110,1,0,1,99,1
201600010031,16,11,21,745,3,1,1,2,6,176,4827000,148700,280,3,2,0,0,1,1,0,53,2,0,1,99,1
201600010032,16,12,27,1215,1,1,1,1,3,418,4813761,150363,280,3,2,2,0,0,1,0,51,1,0,1,99,0
201600010033,16,3,3,1005,1,1,2,2,3,61,4823488,114876,280,3,2,2,0,1,1,0,60,2,0,1,0,0
201600010034,16,3,16,1930,2,1,1,1,7,61,4818970,116085,280,3,2,2,0,0,2,0,45,1,0,1,0,0
201600010035,16,3,4,1155,1,1,2,1,1,170,4869867,128932,280,3,2,2,0,1,1,0,60,1,0,1,99,0
201600010037,16,7,27,815,1,1,9,1,2,178,4875682,148200,280,2,3,4,0,1,1,120,80,1,3,1,0,0
201600010040,16,11,29,1000,1,2,1,1,6,45,4872915,126314,280,3,2,2,0,1,1,0,50,1,0,1,0,0
201600010041,16,1,12,1830,3,1,1,1,2,375,4877169,147098,280,3,2,2,0,1,1,0,60,1,0,1,99,0
201600010042,16,6,19,1500,1,1,1,1,3,377,4883653,138609,280,3,2,2,0,0,1,0,45,1,0,1,0,0
201600010043,16,7,6,1830,1,1,1,1,3,1,4879305,140087,280,3,2,2,0,1,1,0,80,1,5,1,0,0
201600010045,16,7,27,1445,1,2,3,1,3,293,4886747,146999,280,3,2,2,0,1,1,0,50,1,0,1,0,0
201600010046,16,7,28,845,1,2,1,1,2,7,4884933,143302,280,3,2,0,0,2,1,0,70,1,0,1,99,0
201600010047,16,1,27,1715,2,1,1,8,5,46,4867543,91516,280,3,2,2,0,2,1,0,0,2,0,1,99,0
201600010048,16,2,25,1330,1,1,1,1,3,226,4863769,114506,280,3,2,0,0,1,1,0,82,1,0,1,0,0
201600010050,16,11,10,1545,3,1,1,2,1,130,4852720,112935,280,3,2,2,0,0,1,0,70,2,0,1,0,0
201600010051,16,12,17,1300,1,1,1,5,7,226,4861341,116584,280,3,2,2,0,2,3,0,75,1,0,3,99,0
201600010052,16,1,10,1630,1,1,1,2,7,94,4864291,150135,280,3,2,2,0,1,2,0,39,2,0,1,0,1
201600010054,16,6,9,1715,1,2,2,1,3,280,4831981,81828,280,4,2,2,0,1,1,0,0,1,0,1,0,0
201600010055,16,6,22,2000,1,1,1,2,1,144,4826484,80732,280,3,2,0,0,0,2,0,0,2,0,1,0,0
201600010057,16,11,13,830,2,1,1,1,6,280,4829793,79860,280,3,2,3,0,0,1,0,0,1,0,1,99,0
201600010059,16,12,14,1615,1,2,1,1,3,280,4831671,81812,280,9,2,2,0,1,0,0,0,1,0,1,0,0
201600010060,16,1,21,745,2,2,1,1,6,214,4846649,100916,280,3,2,2,0,0,1,0,70,1,6,1,99,0
201600010061,16,3,18,1400,1,1,1,1,7,232,4853413,93302,280,3,2,2,0,0,1,0,54,1,0,3,0,0
201600010062,16,5,5,1900,1,2,1,1,6,387,4831447,99685,280,4,2,1,0,1,1,0,0,1,0,1,99,0
201600010063,16,5,7,1330,1,2,1,1,3,214,4846840,100808,280,4,0,0,0,0,1,68,0,1,5,1,99,0
201600010065,16,7,1,845,1,1,1,2,6,282,4833604,114165,280,3,2,0,0,0,1,0,54,2,0,1,99,0
201600010066,16,8,20,1315,1,1,1,1,7,161,4828339,107782,280,3,2,0,0,0,2,0,55,1,0,3,99,0
201600010067,16,10,30,1730,1,1,1,1,1,335,4843612,102842,280,3,2,0,0,1,2,0,0,1,0,1,0,0
201600010070,16,1,14,1730,2,1,1,1,6,70,4645060,157103,360,3,2,2,0,2,2,0,61,2,0,3,99,1
201600010071,16,1,21,1315,1,2,1,1,6,48,4656120,160973,360,3,2,2,0,2,1,0,59,6,0,4,0,1
201600010073,16,7,19,1630,1,1,1,1,1,157,4669330,155163,360,3,2,2,0,1,1,0,74,1,0,1,0,0
201600010074,16,9,26,1015,1,1,2,1,3,6,4657080,150017,360,3,2,2,0,2,1,0,83,1,5,1,99,1
201600010075,16,12,4,1200,1,1,2,1,3,70,4642630,158615,360,3,2,2,0,1,2,0,54,1,5,1,99,0
201600010077,16,6,4,200,5,2,4,1,6,31,4689100,142627,360,3,2,2,0,1,1,0,0,1,0,4,0,0
201600010078,16,6,23,1630,1,1,4,7,1,194,4690950,134334,360,3,2,2,0,2,2,0,71,1,0,1,99,0
201600010080,16,9,9,1745,2,2,1,7,6,241,4683800,154200,360,3,2,1,0,1,1,0,66,1,0,1,99,0
201600010084,16,2,17,1715,1,2,7,1,6,34,4725470,165400,360,6,0,0,0,1,1,0,0,1,0,1,0,0
201600010085,16,6,8,1135,1,2,3,1,3,24,4700010,168338,360,3,2,2,0,1,1,0,0,1,5,1,0,1
201600010088,16,10,1,515,3,1,1,2,6,151,4720510,167552,360,3,2,2,0,1,1,0,60,2,2,3,0,1
201600010093,16,1,6,815,1,2,1,1,1,165,4666310,101669,360,3,2,2,0,1,1,0,60,1,0,1,0,0
201600010094,16,2,8,1345,1,1,1,2,7,168,4650780,133866,360,4,2,2,0,1,3,0,35,2,0,3,99,0
201600010096,16,8,10,745,1,1,1,1,6,165,4669800,103722,360,3,2,2,0,2,2,0,70,1,0,3,99,0
201600010097,16,9,3,1845,1,1,1,1,7,213,4666500,99816,360,3,2,2,0,1,3,0,46,9,0,1,99,0
201600010103,16,3,14,1745,1,1,1,1,1,186,4666170,210554,360,3,2,2,0,0,3,0,63,1,0,1,99,1
201600010104,16,4,23,1000,1,1,1,2,7,130,4658660,209709,360,3,2,0,0,0,1,0,50,2,0,3,0,0
201600010105,16,5,28,1545,1,1,3,1,3,146,4644530,173645,360,3,2,2,0,1,1,0,44,1,0,1,0,0
201600010106,16,7,9,2245,4,2,1,1,5,143,4662800,197098,360,3,2,2,0,1,1,0,74,1,0,1,99,1
201600010108,16,8,14,1100,1,1,1,1,6,127,4659780,201101,360,3,2,2,0,1,1,0,64,1,0,3,0,0
201600010112,16,11,18,1800,5,2,1,2,5,46,4656490,198200,360,3,2,2,0,1,1,10,66,2,0,1,99,0
201600010114,16,2,22,1845,3,1,1,2,1,9,4672030,171594,360,3,2,2,0,1,1,0,52,2,0,1,99,0
201600010115,16,3,13,2100,3,1,1,1,6,56,4653870,173832,360,3,0,2,0,0,0,0,65,1,0,1,0,0
201600010118,16,3,6,800,1,1,1,1,6,190,4686900,189200,360,4,2,2,0,1,2,0,32,2,0,3,99,0
201600010119,16,3,12,1415,1,2,1,1,1,140,4688510,186183,360,3,2,2,0,1,3,0,62,1,0,1,99,0
201600010120,16,3,28,1630,1,1,1,6,7,98,4698410,193025,360,3,2,2,0,1,1,0,62,1,0,3,99,0
201600010121,16,4,27,730,1,2,1,1,6,88,4694800,198400,360,2,2,2,0,1,3,0,0,1,0,1,0,0
201600010127,16,4,1,1645,1,1,1,1,2,185,4743600,98300,370,3,2,2,0,1,3,76,0,1,0,1,0,0
201600010129,16,6,8,1500,1,1,1,1,3,185,4743800,101400,370,3,2,3,0,1,1,103,36,1,0,1,0,0
201600010132,16,6,27,1900,1,1,6,1,6,3,4741900,101800,370,3,1,0,0,0,2,0,0,1,0,1,0,0
201600010135,16,9,9,1715,1,2,1,1,6,3,4741900,97000,370,3,2,3,0,1,1,0,60,1,0,1,3,0
201600010136,16,9,22,600,5,1,1,1,3,3,4742600,100499,370,3,2,2,0,1,1,0,0,1,0,1,99,0
201600010138,16,10,4,1655,1,1,1,1,6,161,4745266,108869,370,3,3,2,0,1,1,0,70,1,0,3,99,0
201600010139,16,10,20,1300,1,1,2,8,3,131,4747083,102892,370,3,2,2,0,1,0,5,10,1,0,0,0,0
201600010140,16,10,22,1610,1,2,1,1,6,3,4741182,97937,370,6,0,0,0,1,1,0,0,1,0,0,99,0
201600010141,16,10,28,1000,1,1,1,5,3,3,4739449,99615,370,4,2,2,0,1,1,0,20,1,0,1,99,0
201600010142,16,11,5,1815,5,2,3,2,7,230,4746666,99445,370,4,2,2,0,1,0,0,35,2,0,1,99,0
201600010143,16,11,14,1650,1,1,1,1,3,163,4744239,95437,370,3,2,2,0,2,0,5,10,1,0,0,0,0
201600010144,16,11,14,1755,2,1,2,1,3,131,4747078,102891,370,3,2,2,0,1,0,5,10,1,0,0,0,0
201600010145,16,12,1,1645,1,2,1,1,1,3,4740184,98048,370,9,2,2,0,1,0,6,510,1,0,0,0,0
201600010146,16,11,20,515,3,1,1,2,1,43,4746208,108197,370,3,2,2,0,1,1,0,45,2,0,1,99,0
201600010147,16,6,13,815,1,2,1,8,5,9,4753100,99300,370,3,2,0,0,1,1,0,70,2,0,1,0,0
201600010151,16,6,24,930,1,1,2,1,3,109,4742700,56800,370,3,2,2,0,0,1,0,120,1,0,1,99,0
201600010154,16,7,22,1945,1,1,1,1,6,81,4744400,34500,370,3,2,1,0,1,3,0,30,1,0,3,0,0
201600010155,16,8,14,600,2,1,1,1,7,2,4744200,42700,370,3,2,0,0,1,2,0,58,1,0,0,99,0
201600010157,16,1,15,2215,3,1,2,1,1,245,4751300,59500,370,3,2,2,0,1,1,0,0,2,0,1,99,0
201600010158,16,6,26,1930,1,1,1,1,6,170,4763100,57600,370,3,2,2,0,1,2,0,49,1,0,1,99,0
201600010159,16,9,15,1000,1,1,1,1,1,59,4746300,58000,370,3,2,3,0,1,1,0,120,1,5,1,99,0
201600010160,16,5,29,1830,2,1,1,2,1,169,4761000,92100,370,2,2,2,0,1,1,0,0,2,0,1,0,0
201600010163,16,9,15,1815,1,2,1,1,3,281,4741500,79900,370,4,2,3,0,1,1,0,70,1,0,1,99,0
201600010164,16,9,24,130,3,1,1,1,7,240,4760600,94800,370,3,2,2,0,1,1,0,70,1,0,1,99,0
201600010166,16,2,3,1715,1,1,1,1,5,242,4723100,11800,370,3,2,2,0,1,1,0,54,1,0,1,99,1
201600010168,16,2,29,230,3,1,1,1,6,31,4731600,19200,370,3,2,1,0,2,2,0,70,1,0,1,99,0
201600010172,16,6,5,1545,1,2,1,1,1,210,4722400,32000,370,4,0,0,0,2,2,0,50,1,0,1,0,0
201600010175,16,9,14,930,1,2,1,1,1,72,4717200,23400,370,9,2,2,0,2,2,0,56,1,0,1,0,0
201600010178,16,3,24,1315,1,1,1,1,5,123,4732200,38500,370,3,2,2,0,1,1,0,68,1,0,1,99,0
201600010180,16,5,10,245,3,1,1,1,6,232,4729000,30200,370,3,2,2,0,1,3,62,0,2,0,3,0,1
201600010181,16,6,2,715,1,1,1,2,1,232,4729000,32500,370,3,0,2,0,1,3,0,60,2,0,3,0,0
201600010182,16,6,19,2245,3,1,1,1,6,123,4738100,36200,370,3,2,2,0,1,1,0,56,1,0,3,0,0
201600010194,16,2,18,1630,1,1,1,2,1,192,4723500,90300,370,3,2,2,0,1,1,0,56,2,0,1,0,1
201600010195,16,2,21,2045,3,1,1,1,7,127,4723300,109300,370,3,2,2,0,1,1,0,50,1,0,3,0,1
201600010196,16,5,28,1015,1,1,1,1,5,16,4720000,92200,370,3,2,2,0,1,2,0,77,1,0,1,99,0
201600010200,16,8,13,930,1,1,2,1,3,157,4718600,132400,370,3,2,2,0,1,1,0,38,1,0,1,99,0
201600010201,16,10,2,1400,1,1,1,1,7,49,4717500,97800,370,4,2,1,0,2,3,0,31,2,0,0,0,0
201600010202,16,1,10,1715,2,1,1,3,7,28,4678700,99800,370,3,2,2,0,1,1,0,42,2,0,1,0,1
201600010203,16,4,12,1115,1,1,1,1,3,1,4694500,71100,370,3,2,0,0,1,1,0,58,1,0,1,0,1
201600010204,16,5,9,1200,1,1,1,1,6,94,4703300,76500,370,3,2,1,0,1,1,0,47,1,0,3,0,1
201600010207,16,6,24,530,2,1,1,1,1,85,4725100,88600,370,3,2,2,0,1,3,0,55,1,0,1,0,0
201600010208,16,7,18,2000,1,1,9,7,7,250,4726100,71800,370,4,2,0,0,1,4,0,44,1,0,1,99,0
201600010210,16,7,22,2015,1,2,1,1,6,6,4728500,58300,370,3,2,0,0,0,1,0,0,1,0,0,0,1
201600010211,16,8,28,1015,1,2,9,1,3,159,4728200,62400,370,3,2,2,3,1,1,0,100,1,0,1,99,0
201600010213,16,9,14,930,1,1,1,1,5,67,4751930,143915,410,3,2,2,0,1,1,0,64,1,0,1,99,1
201600010214,16,1,21,1430,1,2,1,7,1,252,4766235,144214,410,3,2,2,0,1,1,0,70,1,0,1,99,0
201600010215,16,2,26,1745,1,1,1,1,3,252,4767719,145773,410,3,2,2,0,1,1,0,49,1,0,1,99,1
201600010216,16,4,27,2045,2,1,1,1,6,136,4773217,150034,410,3,2,2,0,1,1,0,60,1,0,3,99,1
201600010217,16,4,28,1045,1,1,2,1,3,8,4773055,155581,410,3,2,2,0,3,1,0,124,1,5,1,99,0
201600010218,16,6,8,1645,1,1,1,1,7,71,4767491,162765,410,4,2,0,0,1,3,0,0,1,0,3,99,0
201600010219,16,8,1,945,1,1,1,1,7,136,4771804,148423,410,3,2,2,0,1,1,0,51,1,2,4,99,1
201600010220,16,8,6,1300,1,2,2,1,3,136,4770386,151536,410,3,2,2,0,1,1,0,76,1,0,1,99,0
201600010221,16,11,4,2230,5,2,1,2,6,8,4772549,157083,410,4,2,2,0,1,1,0,43,2,0,3,99,0
201600010222,16,12,12,745,5,2,2,2,6,288,4766250,137190,410,3,2,0,0,1,3,0,0,2,0,1,99,0
201600010223,16,12,18,545,5,2,1,5,6,220,4768811,156394,410,3,2,0,0,1,1,0,69,2,0,4,99,0
201600010225,16,8,6,1945,1,2,2,1,6,214,4500311,118699,330,4,2,2,1,0,1,0,67,1,0,1,99,0
201600010228,16,1,4,1915,3,1,1,3,6,2,4788147,348384,290,3,3,0,0,2,2,0,60,2,0,1,99,0
201600010229,16,1,15,845,2,1,1,4,1,234,4788055,348867,290,3,2,2,0,2,4,0,65,7,0,1,99,0
201600010230,16,2,17,130,3,1,1,1,6,234,4783537,350182,290,3,2,0,0,1,1,0,0,1,0,3,0,1
201600010231,16,2,27,145,3,1,1,2,1,234,4784982,351375,290,2,3,0,0,1,2,30,70,2,0,2,0,0
201600010232,16,3,30,345,3,1,1,1,7,234,4784961,351105,290,2,3,4,0,0,1,0,0,9,0,1,99,0
201600010233,16,3,29,1615,1,2,1,1,1,233,4787649,356073,290,9,0,0,0,4,3,0,30,1,1,1,99,0
201600010234,16,7,17,100,3,1,1,1,6,233,4786275,355224,290,2,3,2,0,0,2,30,80,1,0,3,0,1
201600010235,16,8,25,1815,1,1,1,1,5,2,4789615,344926,290,3,2,0,0,1,1,0,61,1,0,1,0,1
201600010236,16,9,11,945,1,1,1,1,7,233,4787776,354420,290,3,2,1,0,3,3,0,0,1,0,1,0,0
201600010237,16,9,20,1745,1,1,9,1,3,234,4785533,351350,290,3,2,2,3,1,1,0,0,1,0,1,0,1
201600010238,16,10,5,815,2,1,1,8,5,297,4788079,353773,290,3,2,2,0,0,4,0,65,2,0,1,99,0
201600010239,16,11,6,245,3,1,1,1,6,234,4786303,350656,290,3,2,2,0,1,0,0,0,0,0,1,0,0
201600010241,16,12,26,1700,2,2,7,1,6,233,4786982,357516,290,6,0,0,0,2,0,0,0,1,0,0,0,0
201600010242,16,3,15,1900,1,1,1,1,7,236,4784329,369363,290,3,2,2,0,3,1,0,60,1,0,1,0,0
201600010243,16,4,9,1415,1,1,1,1,6,150,4782982,361584,290,4,2,0,0,1,2,0,53,1,0,3,99,1
201600010244,16,4,28,1000,1,1,6,1,1,31,4780075,355529,290,3,2,2,0,1,1,53,0,1,5,1,0,0
201600010245,16,5,6,1700,1,1,1,1,7,31,4779721,354281,290,3,2,2,0,0,3,0,0,1,0,0,0,0
201600010246,16,10,17,1745,1,1,1,1,4,300,4787734,365344,290,2,1,4,0,1,1,0,0,1,0,1,0,1
201600010248,16,11,21,1545,1,1,1,7,1,150,4781840,361914,290,3,2,2,0,1,3,0,65,2,0,1,0,0
201600010249,16,1,4,1330,1,1,1,2,7,281,4800630,382268,290,3,2,0,0,1,0,0,0,1,0,0,99,0
201600010250,16,1,12,1900,3,1,1,8,1,241,4797617,383286,290,3,2,0,0,3,1,0,0,2,0,1,0,0
201600010252,16,6,11,445,3,1,1,1,6,146,4789765,380369,290,3,2,2,0,1,1,0,130,1,0,3,99,0
201600010253,16,7,1,1515,1,1,1,1,7,4,4795232,372175,290,4,2,2,0,2,1,0,0,1,0,1,0,0
201600010254,16,8,1,1400,1,1,1,1,7,274,4799851,370246,290,4,2,0,0,0,0,0,0,0,0,0,0,0
201600010255,16,8,16,1900,1,2,1,7,6,241,4796106,381319,290,3,2,2,0,1,1,0,60,1,0,1,0,0
201600010256,16,10,12,1500,1,1,1,1,1,49,4798277,387101,290,3,2,2,0,1,1,0,70,1,0,1,99,0
201600010257,16,11,24,1830,3,1,1,1,2,4,4797019,370977,290,3,2,0,0,0,1,0,70,2,0,1,99,0
201600010258,16,12,2,630,4,2,1,9,1,241,4795486,381093,290,3,2,2,0,1,1,70,0,7,0,1,0,0
201600010259,16,2,17,1300,1,2,1,1,1,88,4336385,523896,130,3,2,0,0,2,2,0,0,1,0,1,99,0
201600010260,16,12,10,1500,1,1,1,1,1,88,4336157,527109,130,3,2,2,0,1,1,0,0,1,0,1,0,0
201600010261,16,5,6,600,2,2,1,1,7,28,4905770,234540,950,4,2,1,3,2,3,0,0,1,0,1,99,0
201600010262,16,6,6,2355,5,2,1,1,6,20,4717627,157910,440,4,2,2,0,1,1,0,0,1,0,4,99,1
201600010263,16,6,20,2045,1,2,1,2,6,20,4717722,160340,440,4,2,0,1,1,2,0,86,2,0,4,0,1
201600010264,16,8,23,2345,5,1,6,1,2,20,4718649,160118,440,4,2,2,0,1,0,0,0,1,5,1,0,0
201600010265,16,11,3,1445,1,2,1,1,6,20,4717474,156920,440,4,2,2,1,1,1,0,0,1,0,1,99,0
201600010266,16,11,7,1550,1,2,6,7,3,20,4717402,160997,440,4,2,1,0,1,0,9,710,1,0,0,0,0
201600010269,16,6,30,1845,1,2,1,1,7,199,4463126,110490,330,4,2,2,0,1,2,0,0,1,0,1,99,0
201600010270,16,8,8,245,5,2,1,1,6,199,4463953,111789,330,3,2,2,0,0,0,0,0,0,0,0,0,0
201600010271,16,9,10,2145,5,2,1,1,1,199,4463616,107613,330,3,2,1,0,1,1,0,58,1,0,1,0,0
201600010272,16,10,15,1300,1,2,1,1,1,199,4463740,106747,330,3,2,1,1,1,1,0,70,1,0,1,99,0
201600010273,16,12,27,1800,2,2,1,1,3,199,4463637,107210,330,3,3,2,0,0,2,19,98,1,0,1,0,1
201600010274,16,1,5,1445,1,1,1,2,1,205,4573010,126599,870,3,2,2,0,0,2,0,73,2,0,1,99,0
201600010275,16,3,25,1945,3,1,1,2,1,205,4573030,126653,870,3,2,2,0,0,2,0,60,2,0,0,0,0
201600010276,16,6,23,700,2,1,1,1,6,19,4574640,130781,870,3,0,1,0,0,1,0,53,1,2,3,0,0
201600010277,16,7,16,915,1,1,1,1,2,169,4568700,122800,870,3,2,2,0,2,1,0,70,1,0,1,99,0
201600010278,16,12,21,1745,3,1,1,1,5,148,4571560,138152,870,3,2,2,0,0,1,60,0,1,0,1,99,0
201600010279,16,1,6,1855,5,2,1,1,1,155,4356659,707062,60,4,2,2,0,1,1,0,74,1,0,1,99,0
201600010281,16,1,15,1700,2,2,1,1,3,155,4356655,707067,60,3,2,2,0,1,1,0,0,1,0,1,99,0
201600010282,16,1,17,435,5,2,1,1,6,155,4358761,705557,60,4,2,2,0,2,1,0,0,1,0,0,99,0
201600010283,16,1,24,1250,1,2,3,1,1,4,4357343,708746,60,3,3,2,0,1,0,0,82,1,5,1,99,0
201600010284,16,2,1,1140,1,2,1,1,1,4,4356986,711949,60,4,0,2,0,0,0,0,0,0,0,1,0,0
201600010285,16,2,9,30,5,2,1,1,6,4,4360531,712336,60,4,2,0,0,1,1,0,0,1,0,1,0,0
201600010286,16,2,10,1500,1,2,3,1,3,4,4357877,712260,60,4,0,0,0,1,1,0,0,1,0,0,0,0
201600010287,16,2,10,550,5,2,1,1,7,155,4356960,707827,60,3,2,1,0,1,3,0,0,1,0,1,99,0
201600010288,16,2,19,2030,5,2,2,1,5,4,4336464,707283,60,3,0,1,0,0,0,0,0,0,0,1,0,0
201600010289,16,2,23,1600,1,2,3,7,6,4,4357334,710905,60,4,0,1,0,1,1,0,65,1,0,1,0,0
201600010290,16,3,8,1310,1,2,1,1,3,4,4357955,711712,60,4,2,2,0,1,1,0,0,1,0,1,3,0
201600010291,16,3,8,1445,1,2,1,1,3,4,4358512,710714,60,4,2,1,0,1,0,0,0,1,0,1,99,0
201600010292,16,3,10,845,1,2,1,1,6,4,4357880,712257,60,4,1,2,0,1,1,0,0,1,0,1,99,0
201600010293,16,3,11,900,1,2,3,1,3,4,4358058,711717,60,3,1,1,0,1,1,0,0,1,3,1,99,0
201600010294,16,3,14,825,1,2,4,1,2,155,4357095,708206,60,3,2,2,0,1,1,0,82,1,0,1,99,0
201600010296,16,3,20,1852,5,2,1,1,3,4,4360428,712300,60,3,2,2,0,1,1,0,80,1,0,1,99,0
201600010297,16,3,21,1430,1,2,1,1,6,4,4359562,710621,60,4,0,2,0,0,0,0,0,0,0,1,0,0
201600010298,16,3,29,1550,1,2,2,1,3,4,4356252,713651,60,4,3,2,0,0,0,0,0,0,0,1,0,0
201600010299,16,3,29,1640,1,2,1,1,5,4,4336116,704259,60,4,2,0,0,2,1,0,56,1,0,1,3,0
201600010300,16,3,31,755,1,1,2,1,3,4,4358091,711494,60,4,1,1,0,2,1,0,0,1,0,0,3,0
201600010301,16,4,12,130,5,2,1,1,6,4,4334073,708228,60,4,2,2,0,0,0,0,0,0,0,1,0,0
201600010302,16,4,12,2029,2,2,1,1,6,155,4356594,707458,60,4,2,2,0,0,0,0,0,0,0,1,0,0
201600010303,16,4,12,1325,1,2,1,1,1,4,4358091,711492,60,4,2,2,0,2,0,0,0,1,0,1,0,0
201600010304,16,4,18,1645,1,2,1,1,1,4,4357917,708551,60,4,2,2,0,0,0,0,0,0,0,1,0,0
201600010305,16,4,20,1550,1,2,3,1,2,155,4357224,708427,60,3,2,2,0,1,1,0,70,1,0,1,99,0
201600010306,16,4,20,1843,1,2,1,1,6,4,4358520,711694,60,3,2,2,0,1,1,0,0,1,0,1,99,0
201600010307,16,5,5,730,1,1,1,1,5,155,4357229,708438,60,3,2,2,0,1,1,0,70,1,0,1,0,0
201600010308,16,5,13,2122,5,2,9,1,3,155,4334102,704369,60,3,2,1,0,1,1,0,60,1,0,1,0,0
201600010309,16,5,16,2038,1,2,1,1,3,4,4336092,705114,60,4,2,2,0,1,1,0,90,1,0,1,99,0
201600010310,16,5,17,2048,5,2,2,1,3,4,4334097,706389,60,4,1,1,0,1,1,30,40,1,0,1,99,0
201600010311,16,5,20,1428,1,2,1,1,6,4,4357212,711548,60,4,2,2,0,1,1,0,68,1,0,1,99,1
201600010312,16,5,22,2333,4,2,1,1,6,4,4336126,707318,60,3,2,2,0,1,1,13,70,1,5,1,99,1
201600010313,16,5,24,1323,1,2,2,1,6,4,4360269,708782,60,3,1,2,0,1,1,0,300,1,0,1,3,0
201600010315,16,5,26,1930,1,2,1,1,3,4,4359800,710338,60,4,2,3,0,1,1,0,35,1,0,1,99,0