Num_Acc,an,mois,jour,hrmn,lum,agg,int,atm,col,com,lat,long,dep,catr,circ,nbv,vosp,prof,plan,lartpc,larrout,surf,infra,situ,env1,killed
201600010316,16,5,28,1955,1,2,2,1,6,4,4335419,706247,60,4,0,1,0,0,0,0,25,1,0,1,99,0
201600010317,16,6,4,615,2,2,1,1,6,4,4360256,708714,60,4,2,2,0,1,1,0,60,1,0,4,0,0
201600010318,16,6,4,1600,1,2,2,2,3,4,4361292,712452,60,3,2,2,0,1,1,0,61,2,0,1,0,0
201600010319,16,6,9,1930,1,2,1,3,1,4,4360267,711549,60,4,0,2,0,1,1,40,85,2,0,1,99,0
201600010320,16,6,24,830,1,2,3,1,3,4,4357355,710032,60,4,0,0,0,1,0,0,0,1,0,0,0,0
201600010321,16,6,25,2210,5,1,1,1,5,4,4335477,707313,60,3,2,2,0,1,1,0,25,1,0,1,0,0
201600010323,16,7,13,2330,3,2,1,1,6,4,4358393,712532,60,4,2,2,0,1,1,0,60,1,5,1,3,0
201600010324,16,7,13,2330,5,2,1,1,7,4,4336251,707249,60,4,2,2,0,1,1,0,120,1,0,1,99,0
201600010325,16,7,17,1500,1,2,1,1,6,155,4359347,705686,60,3,2,2,0,2,1,0,40,1,0,1,0,1
201600010326,16,7,17,1950,1,2,1,1,4,4,4358485,711864,60,4,1,2,0,0,0,0,0,0,0,1,0,0
201600010327,16,7,20,948,1,2,1,1,6,4,4360134,711277,60,4,1,2,0,1,1,0,60,1,0,1,3,0
201600010328,16,7,22,2047,2,1,1,8,7,4,4336370,707350,60,3,2,4,1,1,1,0,30,1,0,1,0,0
201600010330,16,7,24,945,1,2,1,1,5,4,4335588,705599,60,4,2,2,0,2,2,0,0,1,0,1,0,0
201600010331,16,7,24,1550,1,1,1,1,3,4,4360321,706363,60,3,1,2,0,0,0,0,0,0,0,1,0,0
201600010332,16,7,27,2004,1,2,1,1,5,4,4360730,712415,60,3,2,2,0,1,1,0,30,1,0,1,0,0
201600010333,16,7,30,333,5,2,1,1,7,4,4335269,705325,60,3,1,2,0,3,2,0,62,1,0,1,0,0
201600010334,16,7,30,940,1,2,2,1,3,4,4355490,713304,60,4,2,2,0,2,1,24,67,1,0,1,99,0
201600010336,16,8,2,1750,1,2,1,1,6,155,4358068,705544,60,4,2,2,0,2,2,0,42,1,0,1,0,0
201600010337,16,8,8,2353,5,2,3,1,3,4,4334459,707137,60,4,1,2,0,1,1,0,64,1,0,1,99,0
201600010338,16,8,10,2141,5,2,3,1,3,4,4334197,706153,60,4,1,1,0,1,1,0,50,1,0,1,99,0
201600010339,16,8,14,157,5,2,1,1,3,4,4357319,711444,60,4,2,2,0,1,1,0,60,1,0,1,0,0
201600010340,16,8,20,2025,2,2,1,1,3,4,4359151,711662,60,4,0,4,0,1,1,58,122,1,0,1,99,0
201600010341,16,8,21,1530,1,2,1,1,3,4,4360291,708674,60,6,0,0,0,1,1,0,40,1,0,1,0,0
201600010343,16,8,23,1308,1,1,1,1,6,155,4355754,706261,60,3,2,0,0,1,2,30,30,1,0,1,99,1
201600010345,16,9,1,2330,5,2,3,1,3,4,4334244,705146,60,3,2,3,0,1,1,0,106,1,0,1,0,0
201600010346,16,9,3,1530,1,2,1,1,6,4,4358779,712140,60,3,3,0,0,1,1,0,70,1,0,1,99,0
201600010347,16,9,3,1619,1,2,2,1,3,155,4357690,705295,60,4,0,2,0,1,1,30,30,1,0,0,0,0
201600010348,16,9,4,625,5,2,1,1,6,4,4358471,711430,60,4,2,2,0,1,4,0,88,1,0,1,99,0
201600010349,16,9,7,2330,5,1,1,1,6,155,4355218,705784,60,3,2,2,1,1,1,0,60,1,0,1,99,0
201600010350,16,9,13,1400,1,2,1,1,2,4,4357505,709414,60,4,2,2,0,1,2,0,77,1,0,1,99,0
201600010351,16,9,14,1110,1,2,1,1,6,155,4357625,705676,60,3,2,0,0,1,1,25,25,1,0,1,0,0
201600010352,16,9,17,1145,1,2,2,1,3,4,4360428,710641,60,4,2,2,0,2,1,0,50,1,5,1,99,0
201600010353,16,9,21,1830,1,2,1,8,6,4,4360346,712283,60,3,2,2,0,0,0,0,0,0,0,1,0,0
201600010354,16,9,22,1800,2,2,1,1,6,155,4356952,707631,60,3,0,2,0,1,1,300,300,1,0,0,99,0
201600010358,16,10,8,1257,1,2,1,1,3,4,4359052,710001,60,4,2,1,0,2,3,0,50,1,0,1,99,0
201600010359,16,10,8,2040,5,2,3,1,3,4,4336411,707341,60,3,2,3,0,1,1,0,0,1,5,1,99,0
201600010360,16,10,11,841,1,1,1,3,1,155,4355771,706270,60,3,2,2,0,1,2,0,30,2,0,1,99,1
201600010361,16,10,8,1050,1,2,1,1,3,4,4357825,790334,60,4,1,2,0,1,2,0,0,1,5,1,99,0
201600010362,16,10,21,1430,1,2,1,1,6,4,4357386,709087,60,4,3,2,0,1,1,0,40,1,0,1,99,1
201600010363,16,10,27,1910,5,2,1,1,6,4,4361802,712882,60,3,2,2,0,1,1,0,60,1,0,1,99,1
201600010364,16,10,30,915,1,2,1,1,7,155,4357596,704978,60,4,2,2,0,1,1,0,0,1,0,1,99,0
201600010366,16,11,14,1530,1,2,1,1,6,4,4360009,711870,60,4,2,0,3,2,1,0,0,1,0,1,99,1
201600010367,16,11,22,1111,1,2,1,3,4,4,4360338,712474,60,3,2,2,0,1,1,0,0,3,0,1,99,0
201600010368,16,11,23,730,2,1,1,2,1,155,4355823,706324,60,3,2,0,0,1,1,0,0,2,0,1,99,0
201600010369,16,11,28,1505,1,2,1,1,3,155,4359035,705823,60,3,2,2,0,2,3,0,0,1,0,1,99,0
201600010370,16,11,30,1152,1,2,9,1,6,4,4359618,709052,60,4,1,2,0,3,1,0,50,1,0,1,99,1
201600010371,16,12,4,1300,1,2,1,1,3,4,4359209,710366,60,3,2,2,0,1,1,0,50,1,0,1,99,0
201600010372,16,12,6,1727,5,1,1,1,6,4,4359771,711355,60,3,3,2,0,1,1,0,0,1,6,1,3,0
201600010373,16,12,8,1030,1,2,3,1,3,4,4358602,711275,60,3,2,2,0,1,2,0,35,1,0,1,99,0
201600010374,16,12,8,1810,5,2,7,1,1,4,4358436,711518,60,4,2,2,0,0,0,0,0,1,0,1,99,0
201600010375,16,12,27,1210,1,2,6,1,6,4,4360775,711144,60,3,2,0,0,0,0,0,0,0,0,4,0,1
201600010378,16,1,9,1715,1,2,1,1,6,27,4365745,714741,60,4,2,2,0,1,1,0,0,1,0,1,0,0
201600010379,16,1,10,950,1,2,3,1,6,123,4366557,718678,60,4,2,2,0,1,1,0,0,1,0,1,0,0
201600010380,16,1,12,1325,1,2,1,1,4,27,4365668,715627,60,4,2,2,0,1,1,0,0,1,0,1,0,0
201600010381,16,1,14,1825,5,2,3,1,3,27,4365807,714301,60,4,2,2,0,1,1,0,0,1,0,1,0,0
201600010382,16,1,25,1600,1,2,1,1,6,27,4366150,713018,60,4,2,2,0,1,1,0,0,1,0,1,0,0
201600010383,16,1,26,855,1,2,3,1,3,27,4365696,714562,60,4,1,1,0,1,1,0,0,1,0,1,0,0
201600010388,16,2,1,1600,1,2,1,1,1,27,4367109,714717,60,4,2,2,0,0,3,0,0,1,0,1,0,0
201600010390,16,2,5,1735,1,2,1,1,3,27,4364751,714834,60,4,3,4,0,1,1,0,0,1,0,1,0,0
201600010391,16,2,18,1330,1,2,3,1,6,123,4366044,718301,60,4,2,2,0,1,1,0,0,1,0,1,0,0
201600010392,16,2,11,800,1,2,1,1,6,27,4366744,715212,60,4,2,2,0,1,1,0,0,1,0,1,0,0
201600010393,16,2,21,1630,1,2,1,1,2,27,4365841,716113,60,4,2,2,0,1,1,0,0,1,0,1,0,0
201600010395,16,2,24,1000,1,2,1,1,3,27,4366650,716892,60,4,2,2,0,1,1,0,0,1,0,1,0,0
201600010396,16,3,4,1330,1,2,3,1,2,123,4366881,718937,60,4,2,2,0,0,1,0,0,1,0,1,0,0
201600010402,16,3,22,850,1,2,3,1,6,123,4366366,719379,60,4,1,1,0,0,0,0,0,0,0,1,0,0
201600010403,16,3,24,2020,5,2,3,1,3,27,4365972,715978,60,4,2,2,0,2,1,0,0,1,0,1,0,0
201600010405,16,3,29,1000,1,2,1,1,6,27,4365481,715013,60,4,2,2,0,1,1,0,0,1,0,1,0,0
201600010406,16,3,29,1740,1,2,1,1,6,27,4367141,714883,60,4,2,2,0,1,1,0,0,1,0,1,0,0
201600010407,16,4,4,950,1,2,1,1,2,27,4365919,716529,60,4,2,2,0,1,1,0,0,1,0,1,0,0
201600010408,16,4,4,1100,1,2,1,1,3,27,4365930,713517,60,4,2,2,0,1,1,0,0,1,0,1,0,0
201600010410,16,4,13,1300,1,2,2,1,2,27,4366072,717716,60,4,2,2,0,0,1,0,0,1,0,1,0,0
201600010411,16,4,13,1420,1,2,1,1,4,123,4368358,718849,60,4,2,3,0,1,1,0,0,1,0,1,0,0
201600010412,16,4,14,1815,1,2,3,1,6,27,4366610,717567,60,4,2,2,0,0,1,0,0,1,0,1,0,0
201600010414,16,4,20,835,1,2,1,1,1,27,4367098,715129,60,4,2,2,0,0,1,0,0,1,0,1,0,0
201600010415,16,4,21,1300,1,2,1,1,3,123,4366721,718167,60,4,2,2,0,1,1,0,0,1,0,1,0,0
201600010416,16,4,23,1845,1,2,1,1,3,27,4366735,716760,60,4,2,2,0,1,1,0,0,1,0,1,0,0
201600010417,16,4,24,2020,2,2,3,1,3,123,4367393,718758,60,4,1,10,0,1,1,0,0,1,0,1,0,0
201600010426,16,6,17,1920,1,2,1,1,6,27,4366160,714988,60,4,2,2,0,0,1,0,0,1,0,1,0,0
201600010427,16,6,18,920,1,2,1,1,2,123,4366049,718999,60,4,2,2,0,1,1,0,0,1,0,1,0,0
201600010428,16,6,18,1035,1,2,3,1,3,123,4366162,719421,60,4,2,2,0,0,1,0,0,1,0,1,0,0
201600010429,16,6,18,1300,1,2,1,1,6,123,4365648,718094,60,4,2,2,0,1,1,0,0,1,0,1,0,0
201600010430,16,6,18,400,5,2,1,1,6,27,4365708,717292,60,4,3,4,0,1,1,0,0,1,0,1,0,0
201600010433,16,7,6,850,1,2,1,1,1,27,4367994,715625,60,4,2,2,0,1,3,0,50,3,0,1,0,0
201600010435,16,7,13,2330,5,2,1,1,3,27,4365380,714831,60,4,2,2,0,1,1,0,0,1,0,1,0,0
201600010441,16,8,12,1715,1,2,6,1,3,27,4366284,713190,60,4,3,4,0,1,1,0,0,1,0,0,0,0
201600010442,16,8,15,1240,1,2,6,1,3,27,4339460,707550,60,4,1,2,0,1,2,0,0,1,0,1,0,0
201600010444,16,8,20,1505,1,2,1,1,6,123,4340030,711350,60,6,0,0,0,1,0,0,0,1,0,0,0,0
201600010446,16,9,9,820,1,2,3,1,3,27,4366188,717277,60,4,2,1,0,1,1,0,25,1,0,1,99,0
201600010447,16,8,23,230,5,2,1,1,3,27,4366051,717651,60,4,0,0,0,1,1,0,0,1,0,1,0,0
201600010448,16,9,19,1850,1,2,3,1,3,123,4370328,718459,60,4,2,2,0,1,1,0,28,1,0,1,99,0
201600010450,16,9,22,1030,1,2,2,1,6,27,4366384,715094,60,4,1,1,0,1,1,0,36,1,0,1,0,0
201600010451,16,8,25,1530,1,2,1,1,3,123,4939360,711170,60,4,2,1,0,0,0,0,0,0,0,1,0,0
201600010452,16,9,30,1610,1,2,1,1,3,123,4341420,711050,60,4,2,2,0,1,1,0,90,1,0,1,0,0
201600010453,16,10,1,2000,5,2,1,1,3,27,4339470,709170,60,4,2,2,0,1,1,0,68,1,0,1,99,0
201600010454,16,10,3,1050,1,2,1,1,2,123,4340260,711240,60,4,2,1,0,0,0,0,0,0,0,0,0,0
201600010455,16,10,3,1806,1,2,3,1,5,123,4340280,711060,60,4,2,2,0,0,0,0,0,0,0,1,0,0
201600010457,16,10,7,1410,1,2,2,1,3,27,4339580,709040,60,4,2,2,0,1,1,0,100,1,0,1,3,0
201600010458,16,10,8,1320,1,2,1,1,3,27,4366372,715254,60,4,1,2,0,1,1,0,230,1,0,1,99,0
201600010460,16,10,13,1150,1,2,1,3,2,123,4340190,711360,60,9,3,2,0,2,1,0,0,2,0,1,99,0
201600010461,16,10,13,1315,1,2,3,3,6,27,4339540,707260,60,4,2,2,0,1,1,0,63,2,0,1,99,0
201600010462,16,10,15,1432,1,2,6,1,3,123,4365885,719030,60,4,1,2,0,1,0,0,0,1,0,1,0,0
201600010463,16,10,18,1545,1,2,1,1,3,123,4365910,719118,60,4,1,2,0,1,0,20,30,1,0,1,0,0
201600010464,16,10,22,1535,1,2,1,1,6,123,4339430,711430,60,4,3,3,0,1,1,0,100,1,0,1,99,1
201600010465,16,10,24,1158,1,1,1,1,6,27,4366300,715399,60,4,1,0,0,1,0,0,0,0,0,1,0,0
201600010466,16,10,26,1445,1,2,1,1,3,27,4365807,716012,60,4,2,2,0,1,1,0,96,1,0,1,3,0
201600010468,16,10,29,1255,1,2,1,1,3,27,4339580,710310,60,4,2,0,0,1,0,0,45,1,0,1,0,0
201600010469,16,10,30,1145,1,1,1,1,6,27,4365858,716733,60,4,0,0,0,0,0,0,0,0,0,1,0,0
201600010470,16,11,1,1845,5,2,1,1,3,27,4339240,708450,60,4,2,2,0,0,0,0,120,0,0,1,0,0
201600010472,16,11,15,1020,1,2,1,1,3,123,4367917,718831,60,4,2,2,0,1,1,0,640,1,0,1,99,0
201600010473,16,11,16,945,1,2,1,1,3,27,4339340,708440,60,4,0,0,0,0,0,0,0,0,0,0,0,0
201600010475,16,11,17,1150,1,2,1,1,2,123,4341080,711160,60,4,2,2,0,1,0,0,0,1,0,1,0,0
201600010477,16,11,21,1405,1,1,1,2,1,27,4369548,714902,60,4,2,2,0,2,3,0,0,2,0,1,99,0
201600010479,16,11,28,1640,1,2,3,1,3,27,4339300,708290,60,4,0,2,0,1,0,0,0,1,0,1,0,0
201600010480,16,12,1,2000,5,2,1,1,6,123,4366466,719356,60,4,2,2,0,1,1,0,50,1,0,1,99,0
201600010481,16,12,5,928,1,1,1,1,5,123,4368591,718752,60,4,2,2,0,1,1,0,0,1,0,1,99,0
201600010482,16,12,15,650,5,2,2,1,1,27,4366552,717027,60,4,2,2,0,2,1,0,800,1,5,1,3,0
201600010483,16,12,15,844,1,2,3,1,1,27,4366076,714774,60,4,2,2,0,2,2,0,0,1,0,1,0,0
201600010484,16,12,16,1800,5,2,1,1,6,123,4366181,719356,60,4,1,2,0,1,1,0,0,1,5,1,99,0
201600010490,16,12,21,1330,1,2,1,1,2,123,4366248,719514,60,2,2,2,0,1,1,0,0,1,4,1,99,0
201600010492,16,12,28,1625,1,2,1,1,1,27,4366374,717453,60,4,0,0,0,1,2,0,0,1,0,0,99,0
201600010493,16,1,8,745,1,2,1,1,6,30,4357485,698732,60,3,2,2,0,2,1,0,84,1,0,1,3,1
201600010494,16,1,12,945,1,2,1,1,7,29,4354933,702651,60,4,2,4,0,1,1,15,120,1,0,1,99,0
201600010497,16,1,15,916,1,2,1,1,3,29,4355786,702611,60,4,2,2,0,2,1,0,70,0,0,0,0,0
201600010499,16,1,21,1445,1,2,1,1,1,29,4355454,701609,60,4,2,0,0,1,1,0,80,0,0,1,99,0
201600010500,16,1,27,715,2,2,1,1,6,29,4354944,697416,60,4,0,2,0,1,1,0,80,0,0,1,3,0
201600010504,16,2,20,854,1,1,1,1,6,30,4333560,701000,60,4,2,0,0,2,1,20,130,0,0,1,0,0
201600010505,16,3,1,1825,5,2,1,1,6,30,4358008,700942,60,4,2,2,0,0,0,0,0,0,0,1,0,0
201600010506,16,3,2,1200,1,2,1,1,6,29,4333560,701000,60,4,1,1,0,1,3,0,60,1,0,1,3,0
201600010507,16,3,8,1120,1,2,1,1,6,30,4334080,700190,60,4,2,0,0,1,1,0,80,0,0,1,3,0
201600010508,16,3,14,805,1,2,1,1,3,29,4356198,701755,60,4,2,0,0,1,1,0,70,1,0,1,0,0
201600010510,16,3,20,1950,5,2,1,1,3,29,4333100,700240,60,4,2,4,0,1,1,20,120,1,0,0,0,0
201600010511,16,3,22,755,1,2,1,1,6,29,4355277,697666,60,4,1,1,0,1,1,0,70,1,0,1,0,0
201600010512,16,3,22,1740,1,2,1,1,7,30,4334492,700401,60,4,2,2,0,1,1,0,80,0,0,1,3,0
201600010513,16,3,25,1203,1,2,1,1,3,29,4355854,702204,60,4,2,0,0,1,1,0,80,0,0,1,3,0
201600010514,16,3,30,1015,1,2,1,1,1,30,4356645,701650,60,3,2,4,0,1,1,0,130,0,0,1,0,0
201600010515,16,4,2,1007,1,2,1,1,3,29,4354902,700445,60,4,2,0,0,1,1,0,80,0,0,1,99,0
201600010516,16,4,8,1537,1,2,1,1,2,29,4354972,696758,60,4,2,0,0,1,1,20,100,0,0,1,0,0
201600010517,16,4,11,1508,1,2,1,1,6,30,4334329,701031,60,4,3,4,0,2,1,0,130,1,0,1,0,0
201600010518,16,4,13,1149,1,2,1,1,6,29,4355048,699254,60,4,2,0,0,1,1,0,110,1,0,0,0,0
201600010519,16,4,14,1445,1,2,1,1,4,30,4334101,700590,60,3,2,2,0,1,1,0,130,0,0,1,0,0
201600010520,16,4,19,720,1,2,1,1,3,29,4354843,700944,60,4,2,2,0,2,1,0,80,0,0,1,3,0
201600010521,16,4,21,1316,1,2,1,1,1,29,4355843,696641,60,4,2,2,0,1,1,0,110,1,0,0,0,0
201600010522,16,4,22,1153,1,2,1,1,7,29,4355148,701465,60,4,2,5,0,1,1,20,120,1,0,0,0,0
201600010524,16,4,24,1940,1,2,1,1,6,29,4355455,695956,60,4,2,2,0,1,3,0,110,1,0,0,0,0
201600010525,16,4,12,1700,1,2,1,1,6,29,4333097,701453,60,4,0,2,0,0,0,0,0,0,0,1,0,0
201600010527,16,4,29,1620,1,2,1,1,5,30,4356828,701192,60,4,0,0,0,2,1,0,100,1,0,0,0,0
201600010530,16,5,7,1152,1,2,1,1,3,29,4355887,703041,60,4,2,2,0,1,2,0,110,1,0,1,99,0
201600010532,16,5,12,1348,1,2,1,1,3,29,4355275,701084,60,4,2,0,0,1,1,10,120,1,0,1,99,0
201600010533,16,5,14,1554,1,2,1,1,3,30,4357415,699931,60,4,2,0,0,1,1,10,60,1,0,1,99,0
201600010534,16,5,14,1651,1,2,1,1,3,29,4355049,699365,60,4,2,2,0,1,1,0,70,1,0,0,0,0
201600010535,16,5,16,650,1,2,1,1,6,30,4356984,701633,60,4,2,4,0,1,1,10,80,1,0,1,99,0
201600010536,16,5,18,2045,2,2,1,1,3,29,4356740,696758,60,4,4,1,0,2,0,0,60,1,5,1,3,0
201600010537,16,5,19,1920,1,2,1,1,6,29,4356445,700233,60,4,2,2,0,1,1,15,60,1,0,0,99,0
201600010538,16,5,17,920,1,2,1,1,3,29,4356725,696708,60,4,2,0,0,1,1,0,80,1,0,1,3,0
201600010539,16,5,21,1120,1,2,1,1,7,30,4356275,701670,60,4,0,4,0,1,1,10,120,1,0,0,99,0
201600010540,16,5,21,1529,1,2,1,1,3,30,4334352,659500,60,4,2,0,0,1,1,0,80,1,0,0,0,0
201600010548,16,6,6,1450,1,2,1,1,3,29,4354952,697858,60,4,2,2,0,1,1,0,80,0,0,1,0,0
201600010549,16,6,12,1950,1,1,1,1,6,30,4357309,698407,60,4,2,3,0,1,1,0,100,1,0,0,99,0
201600010550,16,6,13,722,1,2,1,1,3,29,4333013,700119,60,4,2,2,0,1,1,0,80,0,0,1,0,0
201600010553,16,6,29,1425,1,2,1,1,6,29,4353998,703533,60,4,1,2,0,1,1,0,130,0,0,1,0,0
201600010554,16,7,8,1728,1,2,1,1,1,29,4355961,697081,60,4,2,2,0,1,1,0,100,1,0,1,0,0
201600010555,16,7,10,1521,1,2,1,1,6,29,4354899,700501,60,4,2,2,0,1,1,0,110,1,0,1,99,0
201600010556,16,7,20,1650,1,2,1,7,3,29,4332510,703131,60,3,2,3,0,1,1,0,100,1,0,1,99,1
201600010559,16,8,5,1348,1,1,1,1,3,30,4357070,701891,60,4,2,0,0,0,0,0,0,0,0,0,0,0
201600010560,16,8,5,1932,1,2,1,1,6,30,4357177,700129,60,4,3,4,0,1,1,10,130,0,0,1,0,0
201600010561,16,8,5,2340,5,2,1,1,1,29,4355073,700131,60,4,2,2,0,1,1,0,80,0,0,1,0,0
201600010562,16,8,8,1610,1,2,1,1,3,29,4355344,700513,60,4,2,0,0,2,2,0,80,0,0,1,3,0
201600010563,16,8,9,1840,1,2,1,1,3,29,4354965,699374,60,4,2,2,0,1,1,0,80,1,0,1,0,0
201600010564,16,8,10,1900,1,2,1,1,6,29,4355081,697873,60,3,2,0,0,1,1,0,90,0,0,1,0,0
201600010565,16,8,11,1057,1,2,1,7,6,29,4355044,702275,60,4,3,4,0,1,1,20,130,1,0,1,0,0
201600010566,16,8,12,1129,1,2,1,1,6,29,4354969,697414,60,4,2,2,0,1,1,0,100,1,0,1,0,0
201600010567,16,8,15,2335,5,2,1,1,6,29,4355081,702063,60,4,3,4,0,1,1,15,130,0,0,1,0,0
201600010571,16,9,2,1000,1,2,1,1,1,29,4333545,700237,60,4,2,2,0,1,1,0,80,1,0,1,3,0
201600010572,16,9,3,30,5,2,1,1,3,29,4354452,696821,60,4,2,2,0,1,1,0,80,1,0,1,0,0
201600010573,16,9,10,2130,5,2,1,1,3,30,4356770,701642,60,4,2,2,0,2,1,0,130,1,0,1,99,1
201600010574,16,9,10,1730,1,2,1,1,6,29,4354824,704077,60,4,1,2,0,1,1,0,80,1,0,1,0,0
201600010575,16,9,9,1226,1,2,1,1,6,29,4355425,701703,60,4,3,4,3,1,1,0,130,1,0,1,0,0
201600010576,16,9,16,1720,1,2,1,1,6,29,4355147,696231,60,4,2,0,0,1,1,0,130,1,0,1,3,0
201600010577,16,9,20,1509,1,2,1,1,3,29,4335491,699744,60,4,2,2,0,1,1,0,80,1,0,0,0,0
201600010579,16,9,25,114,5,2,1,1,6,29,4355147,696231,60,4,3,2,0,1,1,0,80,1,0,1,0,0
201600010580,16,9,26,1725,1,1,1,1,1,29,4354371,696585,60,4,1,2,0,1,1,20,130,0,5,1,99,0
201600010581,16,9,20,2156,5,2,1,1,6,29,4355072,701232,60,4,3,0,0,1,1,0,130,0,0,1,0,0
201600010582,16,9,30,1353,1,2,1,1,6,30,4357540,702226,60,4,2,2,0,1,1,0,100,0,0,1,3,0
201600010583,16,10,4,1837,1,2,1,1,3,29,4356288,700546,60,4,2,2,0,2,1,0,90,1,0,1,0,0
201600010584,16,10,8,1353,1,1,1,1,1,29,4355655,700697,60,4,2,2,0,2,2,0,80,1,0,1,3,0
201600010585,16,10,3,1345,1,2,1,1,6,29,4355872,702190,60,4,2,2,0,1,1,0,80,1,0,1,3,0
201600010586,16,10,6,2000,5,2,1,1,3,29,4355142,696862,60,4,2,2,0,0,0,0,0,0,0,0,0,0
201600010587,16,10,10,1110,1,2,1,1,1,29,4354283,703493,60,4,3,1,0,1,1,0,0,1,0,1,3,0
201600010588,16,10,12,1258,1,2,1,1,6,29,4354989,697035,60,4,3,4,0,1,1,0,130,1,0,1,0,0
201600010589,16,10,12,1910,1,2,1,1,6,30,4354701,700865,60,4,2,2,0,1,2,0,80,1,0,1,0,0
201600010590,16,10,13,1800,5,2,1,1,6,29,4355053,699420,60,4,2,0,0,1,1,0,80,1,0,1,0,0
201600010591,16,10,14,736,1,2,1,1,6,30,4356684,701653,60,4,3,5,0,2,1,0,130,1,0,1,0,0
201600010592,16,10,16,1145,1,2,1,1,6,30,4356581,699694,60,4,3,4,0,2,1,10,130,1,0,1,0,0
201600010593,16,10,20,804,1,2,1,1,6,29,4355771,702232,60,4,2,2,0,1,1,0,80,1,0,1,0,1
201600010594,16,10,24,400,5,2,1,1,6,29,4355356,701510,60,4,3,4,0,1,1,0,130,0,0,0,99,0
201600010595,16,10,28,830,1,2,1,1,6,29,4356123,696263,60,4,2,2,0,1,1,0,100,1,0,1,0,0
201600010596,16,10,30,1711,1,2,1,1,3,29,4355074,700065,60,4,2,2,0,1,1,0,80,1,0,0,99,0
201600010597,16,11,1,1200,1,2,1,1,3,29,4355270,700191,60,4,0,4,0,1,1,10,130,0,0,0,99,0
201600010598,16,11,1,1830,5,2,1,1,6,29,4355560,696746,60,4,3,4,0,1,1,0,100,0,0,0,0,0
201600010599,16,11,3,1840,5,2,1,1,3,29,4354734,704658,60,4,3,2,0,1,2,0,100,1,0,1,0,0
201600010600,16,11,8,1800,5,2,1,1,3,29,4354795,696213,60,4,3,4,0,1,1,0,130,1,0,1,99,0
201600010601,16,11,6,837,1,2,1,1,3,30,4357033,700322,60,4,2,0,0,1,1,0,80,1,0,1,0,0
201600010602,16,11,13,1650,1,2,1,1,6,29,4357590,699731,60,4,3,0,0,0,0,0,0,0,0,1,0,0
201600010603,16,11,19,2250,5,2,1,1,2,29,4355317,701266,60,4,3,2,0,1,1,0,0,1,0,1,99,0
201600010604,16,11,18,1334,1,2,1,1,6,29,4355074,699895,60,4,2,2,0,1,1,0,80,1,0,1,99,0
201600010605,16,11,24,1750,3,1,1,3,6,29,4355963,699035,60,5,2,1,0,0,0,0,0,2,0,0,0,0
201600010606,16,11,29,855,1,2,1,1,6,30,4357062,701495,60,4,2,0,0,1,1,0,70,1,0,1,0,0
201600010607,16,12,1,2200,5,2,1,1,3,30,4356978,699526,60,4,3,4,0,1,1,0,130,1,0,1,0,1
201600010608,16,12,2,1240,1,2,1,1,6,29,4355226,701621,60,4,0,1,0,0,0,0,0,0,0,1,0,0
201600010609,16,12,3,1731,5,2,1,1,6,30,4356704,698078,60,4,2,2,0,1,0,0,100,0,0,1,0,0
201600010610,16,12,8,835,1,2,1,1,6,29,4355911,702833,60,4,2,2,0,1,1,0,80,1,0,1,0,0
201600010611,16,12,10,1650,1,2,1,1,1,29,4355791,697736,60,4,0,2,0,0,0,0,0,0,0,1,0,0
201600010612,16,12,25,436,5,2,1,1,6,29,4354014,695867,60,4,3,4,0,1,1,20,130,1,0,1,99,1
201600010613,16,12,27,1045,1,2,1,1,6,29,4355159,697148,60,4,2,2,0,1,1,0,80,1,0,1,0,0
201600010615,16,12,28,1700,2,2,1,1,3,30,4356562,701981,60,4,2,2,0,1,1,0,80,1,0,1,0,0
201600010616,16,1,1,440,5,2,1,1,6,69,4365187,694466,60,4,2,1,0,1,0,0,0,1,0,4,0,0
201600010617,16,1,4,815,1,2,1,1,1,69,4364217,693167,60,4,2,2,0,2,2,0,40,1,0,1,0,0
201600010618,16,1,5,1800,5,2,1,1,3,69,4363216,695730,60,3,2,1,0,1,1,0,0,1,0,1,99,0
201600010619,16,1,6,1825,2,2,1,1,3,69,4364424,689901,60,3,2,2,0,2,1,0,0,1,0,1,99,0
201600010620,16,1,7,1335,1,2,1,1,6,69,4364474,693966,60,4,2,2,0,1,1,0,0,1,0,1,0,0
201600010621,16,1,7,1535,1,2,1,1,6,69,4365751,692205,60,4,2,2,0,2,3,0,0,1,0,1,99,0
201600010622,16,1,8,1220,1,2,6,1,3,69,4365034,692231,60,4,1,2,0,2,2,0,0,1,0,1,99,0
201600010623,16,1,9,1410,1,2,1,8,6,69,4365339,692368,60,4,2,1,0,2,2,0,40,1,0,1,0,0
201600010624,16,1,10,15,5,2,1,1,7,69,4367311,694590,60,4,2,2,0,1,0,0,0,2,0,1,0,0
201600010625,16,1,10,340,5,2,1,1,7,69,4363095,693093,60,4,2,2,0,1,1,0,70,2,0,3,0,0
201600010626,16,1,13,810,1,2,4,1,5,69,4368161,696080,60,3,2,2,0,1,3,0,0,1,0,0,0,0
201600010627,16,1,19,1115,1,2,9,1,3,69,4363863,697600,60,3,2,0,0,2,3,0,0,1,0,1,0,0
201600010628,16,1,22,1640,2,2,3,1,1,69,4364597,691665,60,4,2,1,0,1,1,0,0,1,0,0,0,0
201600010629,16,1,23,1000,1,2,1,1,1,69,4364500,690115,60,4,2,2,0,2,1,0,40,1,0,1,0,0
201600010631,16,1,24,1245,1,2,1,1,2,69,4364098,698407,60,3,2,2,0,2,3,0,0,1,0,1,99,0
201600010632,16,1,22,1740,1,2,4,1,1,69,4363950,694945,60,4,2,3,0,2,1,0,0,1,0,1,99,0
201600010633,16,1,29,1430,1,2,1,1,3,69,4365197,694455,60,3,2,1,0,1,3,0,0,1,0,1,99,0
201600010634,16,1,31,1710,1,1,1,1,6,69,4364762,690162,60,3,2,2,0,1,1,0,0,1,2,1,99,0