Num_Acc,an,mois,jour,hrmn,lum,agg,int,atm,col,com,lat,long,dep,catr,circ,nbv,vosp,prof,plan,lartpc,larrout,surf,infra,situ,env1,killed
201600010635,16,2,1,1020,1,1,6,1,3,69,4368016,696754,60,4,1,2,0,1,2,0,0,1,5,1,99,0
201600010636,16,2,1,1805,5,2,1,1,2,69,4364309,691295,60,4,2,2,0,2,1,0,40,1,0,1,0,0
201600010637,16,2,1,1940,5,2,1,1,6,69,4364901,693166,60,4,2,1,0,2,1,0,40,1,0,1,3,0
201600010638,16,2,3,1625,1,2,1,1,6,69,4366078,693087,60,4,2,2,0,2,1,0,0,1,0,1,99,0
201600010639,16,2,5,1400,1,2,3,1,7,69,4364445,695437,60,4,2,2,0,1,3,0,0,1,0,1,0,0
201600010640,16,2,6,1615,1,2,3,1,3,69,4365615,693516,60,4,2,2,0,2,0,0,54,1,0,0,0,0
201600010641,16,2,5,2342,5,2,1,1,3,69,4365022,692195,60,4,2,1,0,2,1,0,0,1,2,1,0,0
201600010642,16,2,5,1315,1,2,1,1,3,69,4365119,692730,60,4,2,2,0,2,1,0,0,1,0,1,0,0
201600010643,16,2,8,1300,1,2,1,1,2,69,4363560,695156,60,3,3,2,0,1,1,40,20,1,0,1,99,0
201600010644,16,2,13,750,2,1,1,1,6,69,4366665,688778,60,3,2,2,0,2,3,0,0,2,0,1,99,0
201600010645,16,2,13,750,1,1,1,1,1,69,4364169,696880,60,3,2,2,0,2,1,0,50,1,0,1,0,0
201600010646,16,2,15,1845,2,2,1,1,7,69,4364918,692366,60,4,2,2,0,2,0,0,0,1,0,1,99,0
201600010647,16,2,19,1630,1,2,1,1,6,69,4364270,694219,60,4,2,1,0,1,1,0,60,1,0,1,0,0
201600010648,16,2,19,1735,2,2,3,1,3,69,4365053,692141,60,4,2,0,0,2,1,0,60,1,0,1,0,0
201600010649,16,2,20,1530,1,2,1,1,2,69,4364462,694068,60,4,2,1,0,2,1,0,60,1,0,1,0,0
201600010650,16,2,20,2330,5,1,1,1,7,69,4363216,693143,60,3,2,2,0,1,1,0,0,1,0,1,99,0
201600010651,16,2,21,1830,5,2,1,1,5,69,4364897,692427,60,3,2,1,0,2,2,0,0,1,0,1,99,0
201600010652,16,2,23,1020,1,2,1,1,7,69,4365209,692196,60,3,2,1,0,2,3,0,0,1,0,1,99,0
201600010653,16,2,23,1615,1,2,6,1,6,69,4329260,655148,60,4,0,2,0,1,1,0,0,1,5,0,0,0
201600010654,16,3,2,1655,1,2,1,1,7,69,4364830,692666,60,4,2,2,0,2,1,0,40,1,0,1,0,0
201600010655,16,3,5,1754,1,2,1,1,7,69,4365984,695552,60,3,2,1,0,2,2,0,0,1,0,1,99,0
201600010656,16,3,6,2343,5,2,1,1,6,69,4365309,691432,60,3,2,0,0,1,1,0,0,1,0,1,99,0
201600010657,16,3,7,1320,1,2,3,1,3,69,4365794,693763,60,4,1,1,0,2,2,0,0,1,0,1,99,0
201600010658,16,3,10,1130,1,1,1,1,7,69,4364236,693533,60,3,1,1,0,2,2,0,40,1,3,1,3,0
201600010659,16,3,11,2015,5,2,3,1,5,69,4365412,693060,60,3,2,1,0,2,0,0,0,1,0,1,0,0
201600010660,16,3,20,1730,1,2,1,1,6,69,4365840,692192,60,4,1,1,0,2,1,0,0,1,0,1,99,0
201600010662,16,3,25,1000,1,2,1,1,5,69,4363833,695027,60,4,2,1,0,1,1,0,0,1,0,1,99,0
201600010663,16,3,27,1115,1,2,1,2,1,69,4363059,691217,60,4,2,2,0,0,0,0,0,1,0,1,0,0
201600010665,16,4,3,150,5,2,6,1,7,69,4365384,694426,60,3,2,2,0,2,4,20,30,1,3,1,99,0
201600010666,16,4,4,700,1,2,1,1,6,69,4364958,690988,60,4,2,2,0,2,1,0,40,1,0,1,0,0
201600010667,16,4,6,1536,1,1,1,1,2,69,4362066,693041,60,9,1,1,0,3,1,0,0,1,0,0,99,0
201600010668,16,4,9,230,5,2,1,1,1,69,4363789,693138,60,4,2,2,0,4,0,0,25,1,0,1,99,0
201600010669,16,4,18,750,1,2,1,1,3,69,4365103,691958,60,3,2,1,0,2,1,0,0,1,0,1,0,0
201600010670,16,4,15,1245,1,2,1,1,7,69,4364931,692362,60,4,2,2,0,2,0,0,0,1,0,1,99,0
201600010673,16,4,19,1350,1,2,1,1,2,69,4364291,694608,60,4,3,2,0,2,1,0,40,1,0,1,3,0
201600010674,16,4,22,730,1,2,1,1,6,69,4364152,691180,60,4,2,2,0,1,3,40,40,1,0,1,0,0
201600010675,16,4,22,910,1,2,1,1,3,69,4365527,693813,60,4,2,1,0,1,1,0,60,1,0,1,99,0
201600010676,16,4,22,950,1,2,9,1,6,69,4364522,694001,60,4,2,2,0,2,1,40,40,1,0,1,99,0
201600010677,16,4,22,1300,1,2,1,1,7,69,4300000,600000,60,3,2,1,0,2,2,0,0,1,0,1,99,0
201600010678,16,4,25,1320,1,2,6,1,2,69,4365377,692808,60,4,1,0,0,2,3,0,50,1,0,1,99,0
201600010679,16,4,26,1200,1,1,1,1,7,69,4362399,692762,60,3,2,2,0,1,2,0,0,1,0,3,99,0
201600010680,16,4,26,1900,1,2,1,1,1,69,4364097,690866,60,3,2,2,0,2,2,0,40,1,0,1,99,0
201600010681,16,4,28,1545,1,2,1,1,7,69,4364189,692251,60,4,0,1,0,0,0,0,0,0,0,0,0,0
201600010682,16,4,29,2330,5,2,1,1,2,69,4365543,691914,60,3,2,2,0,1,0,0,0,1,0,1,99,0
201600010683,16,5,3,1517,1,2,1,1,1,69,4364900,693157,60,4,2,1,0,2,1,0,0,1,0,1,0,0
201600010684,16,5,3,1925,1,2,1,1,5,69,4365744,692108,60,9,2,2,0,0,0,0,0,0,0,1,0,0
201600010685,16,5,4,1615,1,2,1,1,3,69,4365428,693176,60,3,2,2,0,0,0,0,0,0,0,1,0,0
201600010686,16,5,6,620,2,2,1,1,7,69,4364755,693410,60,4,2,1,0,2,0,0,0,1,0,0,0,0
201600010687,16,5,7,1800,1,2,1,1,6,69,4365013,697080,60,4,2,1,0,1,1,0,50,1,0,1,0,0
201600010688,16,5,11,930,1,2,9,3,2,69,4365000,691666,60,3,2,1,3,2,3,0,0,1,0,1,99,0
201600010690,16,5,12,1710,1,2,1,1,6,69,4364376,694709,60,4,2,2,0,2,1,0,0,1,0,1,99,0
201600010691,16,5,13,1300,1,2,1,1,1,69,4364261,694536,60,4,2,2,0,2,1,0,40,1,0,1,0,0
201600010692,16,5,13,1320,1,2,1,1,2,69,4362550,696341,60,4,2,1,0,1,1,0,60,1,0,1,0,0
201600010693,16,5,13,1950,1,2,6,1,3,69,4365033,692230,60,4,1,2,0,1,2,0,40,1,0,1,3,0
201600010694,16,5,13,2230,5,1,1,1,7,69,4362767,695979,60,3,0,2,0,0,0,0,0,0,0,1,0,0
201600010695,16,5,14,1740,1,2,1,2,1,69,4364788,691694,60,3,2,2,0,1,2,0,40,2,0,1,0,0
201600010696,16,5,15,1050,1,2,1,1,2,69,4363522,695163,60,4,1,1,0,1,1,0,40,1,0,1,0,0
201600010697,16,5,17,1100,1,2,1,1,3,69,4363773,695087,60,4,2,2,0,1,1,0,0,1,5,1,0,0
201600010699,16,5,19,1050,1,2,9,1,3,69,4366654,692861,60,3,2,2,0,2,4,0,0,1,0,1,99,0
201600010700,16,5,19,1214,1,2,1,1,1,69,4363941,690916,60,4,2,2,0,2,3,0,0,1,0,1,0,0
201600010701,16,5,22,1545,1,2,1,1,3,69,4365374,694433,60,3,2,1,0,1,2,0,0,0,0,1,0,0
201600010702,16,5,24,755,1,2,1,1,3,69,4364305,694890,60,4,2,2,0,0,0,0,0,0,0,1,0,0
201600010703,16,5,25,1350,1,2,1,1,5,69,4362266,693591,60,4,2,2,0,2,3,0,40,1,0,1,99,0
201600010704,16,5,26,1400,1,2,1,1,3,69,4365033,693119,60,4,2,2,0,1,1,0,0,1,0,1,3,0
201600010705,16,5,27,1835,1,2,1,1,3,69,4365730,692797,60,4,1,1,0,1,1,0,0,1,0,1,0,0
201600010706,16,5,28,1410,1,2,1,1,3,69,4364600,695322,60,3,2,2,0,1,1,0,0,1,0,1,99,0
201600010707,16,5,30,850,1,2,1,1,3,69,4364906,693169,60,4,2,2,0,2,3,0,0,1,0,1,0,0
201600010708,16,6,1,830,1,2,1,1,2,69,4338466,655040,60,4,2,2,0,1,2,0,0,1,0,1,0,0
201600010709,16,6,1,1230,1,2,1,8,4,69,4338102,655595,60,3,2,0,0,2,3,50,50,1,0,1,99,0
201600010710,16,6,3,635,1,2,1,1,7,69,4338420,656263,60,4,1,1,0,1,2,0,50,8,0,1,0,0
201600010711,16,6,3,1635,1,2,1,2,1,69,4368171,696148,60,3,2,2,0,2,2,0,0,2,0,1,0,0
201600010713,16,6,4,1320,1,2,1,2,3,69,4365250,691980,60,3,2,2,0,2,1,0,0,2,0,1,99,0
201600010714,16,6,7,1830,1,2,1,8,7,69,4338410,654028,60,3,2,1,0,4,2,0,60,2,0,2,99,0
201600010715,16,6,9,1100,1,2,1,1,6,69,4339550,656540,60,4,2,1,0,1,2,0,40,1,0,3,0,0
201600010716,16,6,10,1255,1,2,1,1,6,69,4362661,696145,60,3,2,2,0,1,1,0,0,1,0,3,99,0
201600010717,16,6,14,1845,1,2,1,1,6,69,4339141,655193,60,4,2,2,0,1,1,0,0,1,0,1,99,0
201600010718,16,6,17,1145,1,1,1,1,3,69,4340473,657284,60,4,2,2,0,2,1,0,0,1,0,1,0,0
201600010719,16,6,17,1630,1,2,1,1,6,69,4363932,694135,60,4,2,2,0,1,1,0,0,1,0,1,99,0
201600010720,16,6,20,1355,1,2,1,1,7,69,4337358,657413,60,4,2,2,0,1,1,0,0,1,0,1,99,0
201600010721,16,6,20,1850,1,2,2,1,5,69,4338228,654467,60,4,2,1,0,2,0,0,0,1,0,1,0,0
201600010722,16,6,21,1330,1,2,1,1,3,69,4366282,692507,60,4,2,2,0,2,1,0,0,1,0,1,99,0
201600010724,16,6,28,1739,1,2,4,1,3,69,4338380,654490,60,4,2,2,0,2,3,0,0,1,0,1,0,0
201600010725,16,7,1,2120,2,2,1,1,7,69,4365427,693183,60,4,2,2,0,1,1,0,0,1,0,1,99,0
201600010726,16,7,5,1700,1,2,1,1,6,69,4365283,692544,60,4,2,2,0,1,1,0,0,1,0,1,99,0
201600010727,16,7,6,1800,1,2,1,1,6,69,4363955,692030,60,4,2,2,0,2,2,0,40,1,0,3,3,0
201600010729,16,7,8,1250,1,2,1,1,7,69,4364700,695350,60,4,2,2,0,1,2,0,0,8,0,1,0,0
201600010730,16,7,11,1615,1,2,3,1,3,69,4364096,691051,60,3,2,2,0,2,1,0,0,1,0,1,99,0
201600010732,16,7,12,1815,1,2,1,1,2,69,4364525,690280,60,4,2,2,0,4,3,40,40,1,0,1,99,0
201600010733,16,7,13,2144,5,2,2,1,3,69,4363991,691952,60,4,0,0,0,0,0,0,0,0,0,0,0,0
201600010734,16,7,15,1445,1,2,1,1,1,69,4364041,694811,60,4,2,2,0,2,3,0,0,1,0,1,99,0
201600010735,16,7,16,450,5,2,1,1,3,69,4364083,690898,60,3,2,2,0,2,3,0,0,1,0,1,99,0
201600010736,16,7,17,1600,1,2,1,1,6,69,4368016,654429,60,4,2,2,0,2,1,0,0,1,0,1,99,0
201600010740,16,7,28,1045,1,1,1,1,2,69,4364186,693508,60,3,3,2,0,2,3,0,0,1,0,1,0,0
201600010741,16,8,2,1140,1,2,1,1,3,69,4364347,691480,60,4,2,2,0,1,1,0,40,1,0,1,3,0
201600010742,16,8,5,1610,1,2,1,1,3,69,4365638,692272,60,3,2,2,0,2,1,0,40,1,0,1,0,0
201600010743,16,8,6,1720,1,2,1,1,3,69,4364522,694072,60,4,2,2,0,2,2,40,40,1,0,1,99,0
201600010744,16,8,11,1215,1,1,1,1,3,69,4367701,694710,60,3,2,2,0,0,0,0,0,0,0,1,0,0
201600010745,16,8,13,1115,1,2,1,1,3,69,4363850,695030,60,4,2,2,0,1,1,0,40,1,0,1,99,0
201600010747,16,8,19,1228,1,2,1,1,2,69,4365719,692263,60,4,2,2,0,0,0,0,0,0,0,1,0,0
201600010749,16,8,23,935,1,2,1,1,6,69,4364083,691191,60,4,2,2,0,1,1,0,0,1,0,1,99,0
201600010750,16,8,23,1200,1,2,3,1,3,69,4364316,695705,60,4,2,2,0,1,1,0,0,1,0,1,3,0
201600010751,16,8,26,810,1,2,1,1,7,69,4365911,692605,60,4,1,1,0,1,1,0,40,1,0,1,99,0
201600010755,16,9,2,1035,1,2,1,1,1,69,4363759,695090,60,4,2,2,0,2,1,0,0,1,0,3,0,0
201600010756,16,9,3,545,2,1,1,1,6,69,4364269,690675,60,3,2,0,0,2,1,0,0,1,0,1,99,0
201600010757,16,9,6,1310,1,2,1,1,2,69,4364300,694897,60,4,3,2,0,2,1,0,0,1,0,1,3,0
201600010758,16,9,7,1210,1,1,1,1,2,69,4363820,695058,60,4,2,2,0,1,1,0,0,1,0,1,0,0
201600010759,16,9,7,1700,1,2,1,1,3,69,4365530,691716,60,3,3,2,0,2,3,0,0,1,0,1,0,0
201600010760,16,9,8,1930,1,2,1,1,3,69,4300000,600000,60,4,0,2,0,1,0,0,0,1,0,1,0,0
201600010763,16,9,15,1815,1,2,1,1,2,69,4364725,691852,60,4,2,2,0,1,1,0,0,1,0,1,0,0
201600010764,16,9,22,835,1,2,3,1,3,69,4364079,691718,60,4,2,2,0,1,1,0,0,1,0,0,99,0
201600010766,16,9,26,730,1,2,1,1,3,69,4364620,695320,60,3,3,2,0,1,1,0,0,1,0,1,99,0
201600010778,16,10,11,1850,1,1,1,1,3,69,4363852,695029,60,4,0,2,0,1,1,0,35,1,0,1,0,0
201600010780,16,10,19,1350,1,2,1,1,1,69,4364945,693311,60,4,2,2,0,2,1,0,0,1,0,1,0,0
201600010781,16,10,24,818,1,1,1,1,7,69,4365274,695580,60,3,2,0,0,1,4,0,0,2,0,1,0,0
201600010783,16,10,24,1830,5,2,1,1,3,69,4361000,694000,60,4,2,1,0,2,2,0,0,1,0,1,0,0
201600010784,16,10,24,2030,5,2,1,1,3,69,4364789,692751,60,4,2,2,0,2,3,0,0,1,0,1,0,0
201600010785,16,10,25,915,1,2,4,2,1,69,4364225,693167,60,4,2,2,0,2,2,0,40,2,0,1,0,0
201600010786,16,10,25,1745,1,1,4,2,3,69,4364417,689975,60,3,2,2,0,2,2,0,0,2,0,1,99,0
201600010787,16,10,26,1355,1,2,1,1,3,69,4334840,692930,60,4,2,2,0,0,0,0,0,0,0,1,0,0
201600010789,16,10,27,1920,5,2,3,1,3,69,4366372,692758,60,3,2,2,0,2,1,0,0,1,0,1,99,0
201600010790,16,11,3,730,1,2,1,1,7,69,4365519,692270,60,4,1,1,0,1,1,0,0,1,1,1,99,0
201600010791,16,11,5,1245,1,1,1,5,6,69,4371206,727884,60,4,2,1,0,2,3,0,0,2,0,1,99,0
201600010792,16,11,7,1600,1,2,1,1,1,69,4365628,692670,60,3,2,2,0,2,0,0,67,1,0,1,0,0
201600010793,16,11,10,845,1,2,1,1,7,69,4365847,692869,60,4,2,2,0,1,1,0,0,1,0,1,0,0
201600010794,16,11,12,655,1,2,1,1,3,69,4364420,689982,60,3,2,2,0,2,3,0,40,1,0,1,0,0
201600010795,16,11,18,2145,5,2,1,1,6,69,4365941,693010,60,4,2,2,0,1,1,0,0,1,0,3,99,0
201600010796,16,11,23,1650,1,2,1,1,6,69,4365062,692172,60,3,2,2,0,1,1,0,0,1,5,0,3,0
201600010797,16,11,24,1905,3,1,1,3,2,69,4363951,693642,60,3,1,1,0,2,0,0,0,2,1,1,0,0
201600010798,16,11,26,1115,1,2,9,1,3,69,4363761,695086,60,4,2,2,0,2,1,0,0,1,0,1,0,0
201600010799,16,11,26,1120,1,2,1,1,3,69,4363450,693937,60,4,2,2,0,2,1,0,0,1,0,1,99,0
201600010800,16,11,29,840,1,2,1,1,1,69,4368197,696274,60,4,2,1,0,0,0,0,0,0,0,1,0,0
201600010801,16,11,30,1212,1,1,1,1,7,69,4362488,696447,60,3,0,0,0,1,1,0,0,1,0,0,0,0
201600010802,16,11,30,1300,1,2,1,1,6,69,4365126,692221,60,3,2,2,0,2,1,0,0,1,5,1,3,0
201600010803,16,12,4,2010,5,2,6,1,6,69,4364079,691151,60,3,0,1,0,2,2,10,35,1,0,1,0,0
201600010804,16,12,5,1730,1,1,1,1,2,69,4366577,689942,60,3,2,2,0,2,3,0,0,1,0,1,99,0
201600010805,16,12,6,1600,1,2,1,1,1,69,4364408,693866,60,3,2,2,0,2,1,0,0,1,0,1,99,0
201600010806,16,12,7,1545,1,2,6,1,1,69,4365641,693251,60,4,1,1,0,2,2,0,0,1,5,1,99,0
201600010807,16,12,9,1730,2,2,1,1,2,69,4364514,689536,60,3,2,2,0,2,1,0,40,1,0,1,0,0
201600010808,16,12,10,1600,1,2,1,1,7,69,4364716,694010,60,4,2,0,0,4,1,0,60,1,0,1,99,0
201600010809,16,12,10,1730,5,2,1,1,2,69,4364078,691079,60,4,2,1,0,4,1,0,60,1,0,1,99,0
201600010810,16,12,10,1915,5,2,1,1,4,69,4364420,689868,60,3,2,1,0,4,1,0,60,1,0,1,99,0
201600010811,16,12,13,1800,3,1,1,1,4,69,4363223,694682,60,3,1,2,0,2,1,0,0,1,0,1,99,0
201600010812,16,12,14,915,1,2,6,1,3,69,4365733,692391,60,3,0,1,0,3,0,0,0,1,5,1,0,0
201600010813,16,12,14,1315,1,2,7,1,6,69,4366087,692244,60,3,2,2,0,1,1,0,77,1,0,1,0,0
201600010814,16,12,14,1820,5,2,1,1,3,69,4364380,694177,60,4,2,2,0,2,1,0,0,1,0,1,99,0
201600010815,16,12,15,1130,1,2,1,1,3,69,4366140,693221,60,4,0,2,0,0,0,0,0,0,0,1,0,0
201600010816,16,12,17,1415,1,2,1,1,2,69,4364182,695717,60,3,2,2,0,1,1,0,0,1,0,1,0,0
201600010817,16,12,19,1230,1,2,1,1,2,69,4363820,695060,60,4,2,2,0,2,0,0,0,1,0,1,99,0
201600010818,16,12,19,1800,5,2,6,2,3,69,4364526,694026,60,3,2,2,0,1,4,0,0,2,5,1,99,0
201600010819,16,12,20,1650,2,2,1,8,2,69,4364420,689975,60,3,2,2,0,2,3,0,0,1,0,1,99,0
201600010820,16,12,21,1415,1,2,1,1,6,69,4364230,693790,60,3,2,2,0,2,1,0,60,1,0,1,99,0
201600010821,16,12,22,605,5,2,1,1,1,69,4364480,694155,60,4,2,2,0,2,1,0,99,1,0,1,99,1
201600010822,16,12,22,1250,1,2,1,1,7,69,4365098,691412,60,4,0,0,0,0,0,0,0,1,0,0,99,0
201600010823,16,12,23,1110,1,2,1,1,1,69,4364036,696452,60,4,2,2,0,2,1,0,35,1,0,1,0,0
201600010824,16,12,30,1020,1,2,6,1,2,69,4366020,692241,60,3,1,1,0,2,1,0,60,1,0,1,99,0
201600010825,16,1,5,740,4,2,1,1,3,83,4377250,749110,60,4,2,2,0,1,1,22,105,2,2,1,99,0
201600010826,16,1,9,2100,5,2,1,2,7,83,4377669,749976,60,4,1,1,0,2,1,0,35,2,0,1,99,0
201600010827,16,1,12,1132,1,2,3,1,3,104,4345410,728150,60,3,2,2,0,2,2,0,0,1,0,1,99,1
201600010828,16,1,12,1540,1,1,1,1,6,104,4376238,747682,60,3,2,1,0,2,1,0,0,1,0,1,3,0
201600010829,16,1,31,1,5,2,1,1,3,104,4375635,747895,60,3,2,2,0,2,3,0,54,1,0,1,99,0
201600010830,16,2,2,2238,5,1,1,1,1,104,4376170,745599,60,3,2,2,0,1,3,0,0,1,0,1,99,0
201600010831,16,2,4,725,2,2,1,1,5,104,4377939,750750,60,4,2,2,0,1,1,0,50,1,0,0,99,0
201600010832,16,2,6,2030,5,2,1,1,6,104,4375628,744721,60,3,2,2,0,2,1,0,60,1,0,1,99,0
201600010833,16,2,1,723,5,2,1,1,5,104,4376160,745650,60,3,2,2,0,1,3,0,30,1,0,1,99,0
201600010834,16,2,19,2240,5,1,1,1,6,104,4376029,747787,60,3,2,0,0,2,0,0,0,1,0,0,0,0
201600010835,16,2,27,1910,5,2,1,1,6,83,4378062,749384,60,3,3,2,0,1,1,30,50,1,0,1,0,0
201600010836,16,2,4,1035,1,2,3,1,6,83,4377378,743335,60,4,1,0,0,1,1,0,40,1,0,1,0,0
201600010837,16,2,28,1435,1,2,6,1,3,104,4376370,748030,60,4,0,1,0,1,0,0,30,1,0,1,0,0
201600010838,16,3,17,1210,1,2,1,1,6,104,4376450,748173,60,3,2,2,0,4,1,0,0,1,0,1,3,0
201600010839,16,3,1,1728,1,2,3,1,3,104,4376203,748465,60,3,2,2,0,1,1,0,90,1,0,1,0,0
201600010840,16,3,24,1120,1,2,1,1,3,104,4376546,744572,60,4,2,2,0,2,1,0,0,1,0,1,99,0
201600010841,16,3,29,1620,1,2,1,1,6,83,4376558,748832,60,3,1,1,0,1,1,0,60,1,5,4,0,1
201600010842,16,3,29,830,1,2,3,1,3,104,4375338,744263,60,3,2,2,0,1,1,0,68,1,0,1,0,0
201600010843,16,3,30,1150,1,2,1,1,3,83,4377882,748515,60,4,2,2,0,2,3,0,50,1,0,1,0,0
201600010844,16,2,1,1135,1,2,3,1,2,83,4377160,749690,60,4,2,2,0,1,1,0,0,1,0,1,0,0
201600010845,16,4,10,120,5,2,1,1,3,83,4378516,751983,60,3,2,2,0,1,3,40,160,0,0,1,0,0
201600010846,16,4,18,1025,1,2,3,1,6,83,4377579,748778,60,3,3,2,0,1,1,20,120,1,0,1,0,0
201600010847,16,4,24,433,5,2,1,1,7,83,4377390,749530,60,3,2,1,0,1,1,0,50,1,0,4,99,0
201600010848,16,4,26,2300,5,2,1,1,7,83,4376870,749100,60,3,1,2,0,1,1,0,0,1,0,1,99,0
201600010851,16,3,27,1018,1,2,1,1,6,83,4377720,749410,60,4,3,2,0,1,1,20,30,1,0,1,99,0
201600010853,16,5,6,825,1,2,1,1,7,83,4377670,750810,60,4,2,1,0,1,1,0,60,1,0,1,0,0
201600010855,16,6,8,1435,1,2,1,1,6,104,4376472,748257,60,4,1,1,0,2,1,0,0,1,0,1,3,0
201600010856,16,3,21,1200,1,2,3,1,3,83,4376731,748986,60,3,2,2,0,1,1,0,0,1,0,1,0,0
201600010857,16,6,15,900,1,2,1,1,4,83,4377240,749110,60,3,2,2,0,1,1,0,0,1,5,1,3,0
201600010858,16,6,22,2140,5,2,1,1,6,104,4376050,747690,60,3,2,2,0,1,1,0,60,1,0,1,0,0
201600010859,16,6,24,1820,1,2,1,1,5,83,4377114,749595,60,3,2,2,0,1,1,0,0,1,0,1,0,0
201600010862,16,7,14,1730,1,2,1,1,1,83,4377500,748910,60,3,2,2,0,2,1,20,80,1,0,1,0,0
201600010863,16,7,22,2130,2,2,1,1,3,83,4377380,749370,60,4,2,2,0,1,1,0,50,1,0,1,0,0
201600010864,16,6,21,45,5,2,1,1,6,83,4377060,747270,60,3,2,2,0,2,1,0,50,1,0,1,0,0
201600010865,16,7,30,2230,5,2,1,1,6,83,4379790,748180,60,4,1,1,0,1,1,0,50,1,0,1,0,0
201600010866,16,8,9,1810,1,2,1,1,2,104,4375780,747150,60,4,2,2,0,1,1,0,60,1,0,1,0,0
201600010867,16,8,9,1035,1,2,1,1,6,104,4375930,747240,60,4,2,2,0,1,1,0,60,1,0,1,3,0
201600010868,16,8,24,1620,1,2,1,1,7,83,4376925,748007,60,4,2,2,0,2,1,0,52,1,0,1,99,0
201600010869,16,8,28,1830,1,2,1,1,7,83,4377294,749967,60,3,2,2,0,1,1,0,0,1,0,1,99,0
201600010870,16,8,30,1400,1,2,2,1,6,83,4376710,748559,60,4,2,2,0,1,1,0,60,1,0,1,0,0
201600010871,16,9,3,1350,1,2,1,1,6,83,4377249,749768,60,3,2,2,0,1,1,0,60,1,0,1,0,0
201600010872,16,9,14,845,1,2,1,1,6,12,4373883,741622,60,4,2,2,0,1,1,0,60,1,0,1,99,0
201600010873,16,10,7,845,1,2,1,1,6,83,4377670,749774,60,3,2,1,0,2,1,0,60,1,0,1,99,0
201600010874,16,10,10,2015,5,2,1,1,3,104,4375552,748202,60,4,2,2,0,2,1,0,60,1,0,1,0,0
201600010876,16,9,21,815,1,2,1,1,6,83,4377425,748959,60,3,3,2,0,1,1,0,0,1,0,1,0,0
201600010880,16,11,8,1810,2,2,1,1,2,12,4374669,742704,60,3,2,2,0,2,2,0,60,1,5,1,0,0
201600010882,16,11,15,30,5,2,6,1,6,83,4377639,748808,60,4,1,1,0,1,0,0,40,0,0,0,0,0
201600010884,16,11,28,1300,1,2,3,1,4,83,4377050,749470,60,3,2,2,0,1,1,0,50,1,0,1,99,0
201600010885,16,11,24,1750,2,2,9,2,6,83,4377500,749670,60,4,2,2,0,1,1,0,0,2,0,1,0,0
201600010886,16,12,9,1236,1,1,1,1,1,83,4379056,747648,60,4,2,2,0,2,2,0,60,1,0,1,99,0
201600010887,16,12,14,1610,1,2,2,1,3,83,4378481,752099,60,3,3,2,0,1,1,0,0,0,0,1,0,0
201600010889,16,1,1,645,5,2,1,1,6,88,4343218,715035,60,4,1,1,0,2,1,0,0,1,0,1,0,0
201600010890,16,1,1,1500,1,2,1,1,3,88,4368103,723147,60,4,1,3,0,1,1,0,95,1,0,1,99,0
201600010891,16,1,1,1430,1,2,1,1,1,88,4372202,721711,60,4,2,2,0,2,3,0,66,1,0,1,99,0
201600010892,16,1,2,800,1,2,2,2,3,88,4342053,715514,60,4,1,1,0,1,1,0,0,2,0,0,0,0
201600010893,16,1,2,1930,5,2,2,8,3,88,4370031,726225,60,4,1,1,0,1,1,0,0,2,5,1,99,0
201600010894,16,1,5,1915,2,2,1,1,3,88,4370989,728244,60,4,1,2,0,1,1,0,72,1,0,1,0,0
201600010895,16,1,7,1630,1,2,2,1,3,88,4342398,717343,60,4,3,2,0,1,1,0,50,1,0,1,0,0
201600010896,16,1,7,1745,2,2,1,1,6,88,4373992,730837,60,4,1,2,0,1,1,0,0,1,0,1,99,0
201600010897,16,1,8,530,5,2,2,1,6,88,4342182,716007,60,4,1,1,0,1,1,15,41,1,0,1,0,0
201600010899,16,1,9,1030,1,2,1,2,5,88,4342352,711481,60,4,2,2,0,1,3,0,63,2,0,1,99,0
201600010900,16,1,9,1425,1,2,1,1,5,88,4368342,723438,60,4,1,3,1,1,1,0,96,2,0,1,99,0
201600010901,16,1,9,1900,5,2,1,1,5,88,4368141,723222,60,4,3,4,0,1,1,0,150,1,0,1,0,0
201600010902,16,1,11,735,2,2,1,1,6,88,4371296,724771,60,4,2,2,0,2,2,0,90,2,0,1,3,0
201600010903,16,1,11,1415,1,2,2,1,3,88,4371296,725986,60,4,1,1,0,2,1,0,45,1,5,1,0,0
201600010904,16,1,11,1715,2,2,1,1,6,88,4372695,727568,60,4,2,3,0,2,1,0,100,1,0,1,99,0
201600010905,16,1,12,1400,1,2,1,1,7,88,4341495,715211,60,4,2,4,0,1,1,0,99,1,0,1,0,0
201600010906,16,1,12,1430,1,2,1,1,3,88,4370531,727107,60,4,3,1,0,2,2,0,82,1,0,1,99,0
201600010907,16,1,13,740,1,2,1,1,2,88,4343440,717107,60,4,2,4,0,4,1,21,60,1,0,1,3,0
201600010910,16,1,14,1155,1,2,1,2,6,88,4342449,717314,60,4,1,1,0,1,1,0,40,2,0,1,0,0
201600010911,16,1,15,347,3,1,1,2,7,88,4375417,719538,60,4,1,2,0,1,1,0,50,2,0,1,99,0
201600010912,16,1,16,119,5,1,1,1,6,88,4372887,723079,60,4,2,2,0,2,2,0,25,1,0,0,0,0
201600010913,16,1,16,1545,1,2,1,1,6,88,4369800,726679,60,4,0,1,3,1,1,25,74,1,0,1,99,0
201600010914,16,1,16,1650,1,1,2,1,3,88,4370655,726412,60,4,1,0,0,1,1,0,120,1,0,1,0,0
201600010915,16,1,16,1950,5,2,1,1,2,88,4370094,725241,60,4,1,4,0,4,1,0,0,1,0,1,0,0
201600010916,16,1,18,820,1,2,1,1,3,88,4367816,721239,60,4,2,2,0,3,3,0,100,1,0,1,3,0
201600010917,16,1,18,1515,1,2,3,1,3,88,4342415,716288,60,4,2,2,0,1,1,0,73,1,0,1,0,0
201600010918,16,1,18,2210,5,2,1,1,5,88,4372011,729172,60,4,2,2,0,0,0,0,0,0,0,1,0,0