Num_Acc,an,mois,jour,hrmn,lum,agg,int,atm,col,com,lat,long,dep,catr,circ,nbv,vosp,prof,plan,lartpc,larrout,surf,infra,situ,env1,killed
201600010919,16,1,19,905,1,2,1,1,3,88,4368383,723131,60,4,2,2,0,2,1,0,69,1,0,1,99,0
201600010920,16,1,21,1015,1,2,1,1,4,88,4366395,719934,60,4,1,4,0,1,1,30,125,1,0,1,99,0
201600010921,16,1,22,720,2,2,2,1,3,88,4370514,724754,60,4,2,2,0,2,1,0,66,1,0,1,99,0
201600010922,16,1,22,515,5,2,1,1,6,88,4342187,711578,60,4,0,0,0,2,0,0,0,1,0,0,0,0
201600010923,16,1,22,1450,1,2,1,1,6,88,4371461,729289,60,4,2,1,3,1,1,0,60,1,4,0,0,0
201600010924,16,1,23,520,5,2,2,1,3,88,4342183,716179,60,4,1,3,0,1,1,0,0,1,1,1,99,0
201600010925,16,1,23,1435,1,2,2,1,3,88,4370379,728484,60,4,1,1,0,1,1,0,0,1,0,1,0,0
201600010926,16,1,23,1750,2,2,2,1,5,88,4369998,728210,60,4,2,2,3,1,1,0,0,1,0,1,0,0
201600010927,16,1,24,900,1,2,1,1,6,88,4371069,725584,60,4,2,3,3,1,1,0,101,1,0,1,0,0
201600010928,16,1,24,1205,1,2,1,1,3,88,4369845,725114,60,4,2,3,0,3,1,0,125,1,0,1,0,0
201600010929,16,1,24,1530,1,2,9,1,3,88,4342495,716464,60,4,2,2,0,1,1,0,100,1,0,1,0,0
201600010930,16,1,25,1710,2,2,8,1,6,88,4373107,725373,60,4,2,2,0,2,3,0,64,1,0,1,0,0
201600010932,16,1,26,1510,1,2,1,1,3,88,4342059,716561,60,4,2,3,0,1,1,0,0,1,0,1,0,0
201600010934,16,1,28,1800,1,2,1,1,3,88,4340470,711591,60,3,1,2,0,1,1,0,0,1,0,1,0,0
201600010935,16,1,29,1715,5,2,1,1,1,88,4340215,712333,60,4,1,2,0,1,1,0,140,1,0,1,3,0
201600010936,16,1,30,1815,5,2,1,1,6,88,4370738,728780,60,4,1,1,0,1,1,0,69,1,0,1,3,0
201600010937,16,1,31,1650,1,2,1,1,3,88,4369721,726265,60,4,1,2,3,1,1,0,34,1,0,0,0,0
201600010939,16,2,1,1110,1,2,2,1,3,88,4371292,725875,60,4,1,2,0,1,1,0,100,1,0,1,0,0
201600010940,16,2,2,740,1,2,1,1,6,88,4342284,716430,60,4,3,1,0,1,1,0,36,1,0,1,0,0
201600010941,16,2,3,955,1,2,1,1,2,88,4368719,723859,60,4,1,3,0,1,1,0,0,1,0,1,0,0
201600010942,16,2,5,1330,1,2,1,1,5,88,4370848,726757,60,4,2,3,0,1,1,0,80,1,0,1,0,0
201600010943,16,2,5,1610,1,2,3,1,3,88,4371774,728177,60,4,2,3,0,1,1,0,78,1,0,1,3,0
201600010944,16,2,5,1740,5,2,3,1,3,159,4370431,730948,60,4,2,2,0,2,0,0,79,1,0,1,0,0
201600010947,16,2,8,700,2,2,3,1,3,88,4367486,722343,60,4,2,2,0,1,1,0,0,1,0,1,99,0
201600010948,16,2,8,1515,1,2,3,1,7,88,4343581,715306,60,4,2,2,0,0,0,0,0,0,0,0,0,1
201600010949,16,2,9,1930,5,2,1,2,6,88,4370267,727093,60,9,0,0,0,0,0,0,0,2,0,0,3,0
201600010951,16,2,10,950,1,2,1,1,6,88,4370830,728923,60,4,2,2,1,1,1,0,60,1,0,1,0,0
201600010952,16,2,10,1850,5,2,1,1,4,88,4367013,722222,60,4,1,2,0,1,1,0,0,1,0,1,0,0
201600010954,16,2,12,845,1,2,4,1,1,88,4369550,721725,60,4,2,2,0,2,2,0,87,1,0,1,99,0
201600010956,16,2,13,712,2,2,1,1,6,88,4372120,728858,60,4,3,2,3,1,1,0,70,1,0,1,3,0
201600010957,16,2,13,1445,1,2,1,1,2,88,4370732,728257,60,4,1,5,0,1,1,0,150,1,0,1,0,0
201600010958,16,2,13,1900,5,2,3,1,3,88,4370825,723083,60,4,2,1,0,2,1,0,0,1,0,1,3,0
201600010959,16,2,13,2000,5,2,1,1,6,88,4368274,721196,60,4,2,2,0,1,1,0,0,1,0,4,99,0
201600010960,16,2,16,1320,1,1,1,1,3,88,4340178,712103,60,4,1,2,0,1,2,0,121,1,0,1,0,0
201600010961,16,2,16,1450,1,2,1,1,2,88,4371085,727893,60,4,2,2,0,1,3,0,90,1,2,1,0,0
201600010962,16,2,16,1635,1,2,1,1,6,88,4342072,716571,60,4,2,4,0,1,1,0,100,1,0,1,0,0
201600010964,16,2,18,1515,1,2,2,1,3,88,4370215,727649,60,4,1,1,0,1,1,0,34,1,0,1,0,0
201600010965,16,2,18,1645,1,2,1,1,6,88,4340334,712161,60,4,1,1,0,1,1,0,0,1,0,1,0,0
201600010966,16,2,19,830,1,2,1,1,6,88,4368809,724008,60,4,2,6,0,1,1,0,0,1,0,1,0,0
201600010967,16,2,19,1410,1,2,2,1,6,88,4342041,715592,60,3,1,0,0,1,1,0,0,1,0,1,0,0
201600010968,16,2,19,1145,1,2,1,1,5,88,4342201,715465,60,4,3,2,0,1,1,0,0,1,1,1,0,0
201600010970,16,2,19,1645,1,2,3,1,3,88,4370395,726785,60,4,2,2,0,1,1,0,80,1,0,1,0,0
201600010971,16,2,20,2000,5,1,2,1,1,88,4367378,720830,60,4,2,2,0,0,0,0,0,0,0,0,0,0
201600010972,16,2,22,140,5,2,1,1,1,88,4372868,728201,60,4,3,1,0,1,1,0,0,1,0,1,99,0
201600010973,16,2,23,1805,2,2,1,1,6,88,4342197,716544,60,4,1,4,3,1,1,0,122,1,0,1,99,0
201600010974,16,2,24,1325,1,2,3,1,3,88,4370187,728283,60,4,0,0,0,0,0,0,0,0,0,0,0,0
201600010975,16,2,24,1440,1,2,1,1,3,88,4367083,720403,60,4,3,4,0,1,1,30,60,1,0,1,0,0
201600010976,16,2,25,1105,1,2,2,1,6,88,4369527,725607,60,4,1,1,0,1,1,0,36,1,0,1,99,0
201600010977,16,2,25,1645,1,2,1,1,6,88,4341187,714264,60,4,1,3,3,1,1,0,80,1,0,1,99,0
201600010978,16,2,28,1310,1,2,1,1,6,88,4367079,721134,60,4,1,2,0,1,3,0,0,2,0,1,0,0
201600010979,16,3,1,800,1,2,1,1,2,88,4370562,726258,60,4,3,3,0,1,1,0,108,1,0,1,0,0
201600010980,16,3,1,900,1,2,1,1,4,88,4368867,724076,60,4,1,4,0,1,1,0,0,1,0,1,99,0
201600010981,16,3,1,1100,1,2,1,1,6,88,4342177,717006,60,4,2,2,0,1,1,16,68,1,0,1,99,0
201600010982,16,3,2,750,1,2,1,1,3,88,4372043,728767,60,4,3,2,0,1,1,25,117,1,0,1,0,0
201600010984,16,3,2,2200,5,2,3,1,6,88,4370365,725210,60,4,2,1,0,2,0,0,0,1,0,1,0,0
201600010985,16,3,3,900,1,2,1,1,6,88,4371200,728259,60,4,2,1,1,1,1,0,25,1,0,5,99,1
201600010986,16,3,3,1450,1,2,6,1,2,88,4370797,728707,60,4,1,2,1,1,1,0,70,1,0,1,0,0
201600010987,16,3,4,750,1,1,1,1,2,88,4373229,728908,60,9,2,4,0,1,1,0,120,1,0,1,99,0
201600010990,16,3,8,750,1,2,1,1,3,88,4371773,728179,60,4,2,3,0,1,1,0,87,1,0,1,3,0
201600010991,16,3,8,630,2,2,1,1,1,88,4369678,722839,60,4,0,0,0,2,1,0,0,1,0,0,0,0
201600010992,16,3,10,1345,1,2,2,1,3,88,4342239,715420,60,4,2,2,0,1,1,0,80,1,0,1,99,0
201600010993,16,3,11,800,1,2,2,1,5,88,4370358,728848,60,4,1,2,0,1,1,0,58,1,0,1,99,0
201600010994,16,3,11,840,1,2,1,1,3,88,4368671,720823,60,4,2,2,0,1,1,0,68,1,0,1,3,0
201600010995,16,3,11,1600,1,2,1,1,6,88,4371639,728070,60,4,2,2,0,1,1,0,98,1,0,1,3,0
201600010996,16,3,11,1721,1,2,1,1,3,88,4369490,726603,60,4,3,0,0,1,1,0,0,1,0,1,0,0
201600010997,16,3,13,2130,5,1,1,1,6,88,4344443,718181,60,4,2,2,0,2,2,0,113,1,0,1,99,0
201600010998,16,3,13,2257,5,2,2,1,6,88,4370614,726721,60,4,1,1,0,1,1,0,0,1,0,0,0,0
201600010999,16,3,15,920,1,2,1,1,2,88,4370308,727786,60,4,2,1,0,1,1,0,230,1,0,1,99,0
201600011000,16,3,15,940,1,2,1,1,3,88,4370235,725403,60,4,2,2,0,1,0,0,0,1,0,1,0,0
201600011003,16,3,17,1605,1,2,1,1,6,88,4370050,725083,60,4,2,4,0,1,1,0,119,1,0,1,3,0
201600011004,16,3,17,2022,5,2,1,1,7,88,4370296,725950,60,4,2,3,0,1,1,0,85,1,0,1,0,0
201600011006,16,3,18,2220,5,2,1,1,6,159,4342227,719104,60,4,2,2,0,1,2,0,85,0,0,1,99,1
201600011007,16,3,20,530,5,2,1,1,5,88,4369502,726592,60,4,3,3,0,1,1,0,0,1,0,1,0,0
201600011008,16,3,20,2143,5,2,2,1,3,88,4370736,726248,60,4,2,2,0,1,1,0,0,1,0,1,0,0
201600011010,16,3,21,1850,1,2,1,1,6,88,4369528,723634,60,4,2,2,0,3,1,32,32,1,0,1,0,0
201600011011,16,3,23,1630,1,2,1,1,2,88,4367423,722137,60,4,1,3,0,1,1,0,0,1,0,1,99,0
201600011014,16,2,23,1700,1,2,3,8,3,88,4368446,722431,60,4,2,3,0,0,0,0,0,0,0,1,0,0
201600011015,16,3,24,1705,1,2,1,1,2,159,4370591,731023,60,4,2,2,0,0,0,0,0,0,0,1,0,0
201600011016,16,3,25,830,1,2,1,1,3,88,4369666,718857,60,4,1,2,0,2,3,0,74,1,2,1,0,0
201600011017,16,3,26,522,5,2,1,1,6,88,4368065,723117,60,4,1,3,0,1,1,0,0,1,0,1,0,0
201600011018,16,3,29,750,1,2,3,1,3,88,4369326,724994,60,4,2,2,0,2,1,0,60,1,5,1,0,0
201600011019,16,3,30,1030,1,2,2,1,6,88,4371064,726355,60,4,2,2,0,2,1,0,80,1,0,1,0,0
201600011020,16,3,30,1830,1,2,3,1,3,88,4369413,723841,60,4,2,4,0,2,1,19,78,1,0,1,3,0
201600011021,16,4,1,715,1,2,2,2,3,88,4372879,727888,60,4,2,4,0,4,1,17,61,2,0,1,3,0
201600011023,16,4,2,315,5,2,1,1,5,88,4341371,715193,60,4,1,3,0,1,1,0,77,1,0,1,0,1
201600011024,16,4,4,1740,1,2,1,2,6,88,4370428,729029,60,4,1,3,0,1,1,0,76,2,0,1,0,0
201600011025,16,4,4,1845,2,2,1,2,3,88,4369593,725636,60,4,2,3,0,1,1,0,97,2,0,1,0,0
201600011026,16,4,6,840,1,1,1,1,6,88,4344289,713342,60,4,2,1,0,2,4,0,55,1,0,1,99,0
201600011027,16,4,6,1830,1,2,2,1,3,88,4370280,725451,60,4,1,3,0,2,1,0,80,1,0,1,99,0
201600011028,16,4,6,2030,2,2,3,1,3,88,4370329,727415,60,4,1,2,0,1,1,0,0,1,0,1,0,0
201600011030,16,4,7,1850,1,2,1,1,6,88,4370708,728359,60,4,1,0,0,1,1,18,90,1,5,1,99,0
201600011032,16,4,8,2225,5,2,1,1,2,88,4369845,726820,60,4,1,1,0,1,1,0,0,1,0,1,99,0
201600011033,16,4,9,1530,1,2,1,1,3,88,4369112,724655,60,4,1,3,0,1,1,0,0,1,0,0,0,0
201600011034,16,4,10,145,5,2,3,1,6,88,4341297,714404,60,4,1,2,0,1,3,0,0,1,0,4,99,0
201600011035,16,4,11,1945,1,2,1,1,2,88,4369845,724012,60,4,3,4,0,1,1,0,0,1,0,1,3,0
201600011036,16,4,12,1400,1,2,1,1,1,88,4370047,726580,60,4,2,1,0,1,1,0,600,1,0,0,3,0
201600011037,16,4,12,1425,1,2,2,1,1,88,4341557,717015,60,4,1,2,0,1,1,0,0,1,0,1,0,0
201600011038,16,4,12,1750,1,2,1,1,3,88,4342256,716598,60,4,1,2,0,1,1,0,0,1,0,1,0,0
201600011039,16,4,13,1400,1,2,1,1,3,88,4368691,723825,60,4,1,3,0,1,1,0,0,1,0,1,0,0
201600011041,16,4,18,810,1,2,1,1,4,88,4368601,723732,60,4,1,3,0,1,1,0,95,1,0,1,99,0
201600011042,16,4,18,1005,1,2,1,1,6,88,4371681,728113,60,4,1,3,0,1,1,0,101,1,0,1,99,0
201600011043,16,4,18,930,1,2,1,1,5,88,4340009,712519,60,4,3,4,0,1,1,0,0,1,0,1,0,0
201600011046,16,4,18,2215,5,1,1,1,6,88,4340293,713011,60,4,2,2,0,3,0,0,0,1,0,1,0,0
201600011048,16,4,19,1620,1,2,1,1,6,88,4341425,716234,60,4,2,2,0,1,1,0,83,1,0,1,99,0
201600011049,16,4,19,1750,1,2,1,1,3,88,4340314,712249,60,4,3,2,0,1,1,0,108,1,0,1,0,0
201600011051,16,4,20,2055,5,2,1,1,2,88,4343016,717296,60,4,2,2,0,1,1,0,0,1,0,1,99,0
201600011053,16,4,21,755,1,2,1,1,3,88,4341185,714270,60,4,3,3,0,1,1,0,120,1,0,1,0,0
201600011055,16,4,22,1317,1,2,1,1,6,88,4342364,716019,60,4,2,2,0,2,1,0,70,1,0,1,0,0
201600011056,16,4,22,1420,1,2,3,1,3,88,4342071,716415,60,4,1,1,0,1,1,0,0,1,0,1,0,0
201600011058,16,4,25,2210,5,2,2,1,6,88,4342328,715216,60,4,2,3,0,1,1,0,105,1,5,1,0,0
201600011061,16,4,27,928,1,2,3,1,3,88,4343245,717016,60,4,2,2,0,0,0,0,0,0,0,1,0,0
201600011064,16,4,29,2340,5,2,1,1,3,88,4343266,717242,60,4,1,2,0,1,3,20,60,1,0,1,0,0
201600011074,16,5,6,210,4,2,1,1,3,88,4342239,717533,60,4,2,2,0,2,2,0,0,1,0,1,0,0
201600011075,16,5,6,745,1,2,1,1,1,88,4341184,718248,60,4,2,2,0,2,2,52,83,1,0,1,0,0
201600011078,16,5,8,2200,5,2,1,2,3,88,4342105,715332,60,4,3,3,3,1,1,0,0,2,0,1,0,0
201600011080,16,5,10,1100,1,2,2,1,3,88,4342033,715090,60,4,2,2,0,0,0,0,0,0,0,1,0,0
201600011083,16,5,14,1200,1,2,1,1,2,88,4342206,718344,60,4,2,2,0,1,2,55,55,1,0,1,0,0
201600011086,16,5,19,1325,1,2,3,1,1,88,4342364,715391,60,4,1,1,0,1,1,0,60,1,0,0,0,0
201600011087,16,5,19,1600,1,2,3,1,5,88,4342444,719338,60,4,2,2,0,0,0,0,0,0,0,0,0,0
201600011088,16,5,20,200,5,2,3,1,6,88,4343017,715412,60,4,1,1,3,1,1,0,71,1,5,0,0,1
201600011089,16,5,21,1059,1,2,3,1,1,88,4342561,716228,60,4,2,0,0,0,0,0,0,0,0,1,0,0
201600011092,16,5,22,1810,1,2,3,1,2,88,4341183,714282,60,4,1,3,0,1,1,0,0,1,0,0,0,0
201600011093,16,5,23,1550,1,2,1,1,6,88,4341480,715214,60,4,2,4,0,1,1,0,98,1,0,1,99,0
201600011097,16,5,25,915,1,2,1,1,2,88,4342111,715594,60,4,2,2,3,1,1,0,72,1,4,0,0,0
201600011100,16,5,31,250,5,2,1,1,1,88,4341299,712441,60,3,0,0,0,2,4,0,0,1,0,0,0,0
201600011101,16,5,31,830,1,2,6,1,6,88,4343310,715084,60,4,2,4,0,2,0,0,140,1,5,1,0,0
201600011104,16,6,1,1810,1,2,3,1,6,88,4342247,717318,60,4,2,4,0,1,1,0,148,1,0,1,0,0
201600011105,16,6,1,1810,1,2,1,1,2,88,4367474,721462,60,4,2,1,0,1,1,0,70,1,0,1,99,0
201600011106,16,6,2,755,1,2,1,1,2,88,4341466,715541,60,4,2,2,0,1,3,0,40,1,0,1,0,0
201600011107,16,6,2,2110,5,2,2,2,6,88,4370397,728715,60,4,1,1,0,1,1,0,0,2,0,1,0,0
201600011108,16,6,3,1550,1,2,2,1,3,88,4367520,722712,60,4,2,2,0,1,1,0,53,1,0,1,0,0
201600011110,16,6,5,55,5,2,1,1,2,88,4370904,728378,60,4,1,2,0,1,1,0,80,1,0,1,0,0
201600011111,16,6,5,2130,5,2,1,1,3,88,4371585,725364,60,4,0,2,0,2,0,0,0,1,0,1,0,0
201600011112,16,6,6,830,1,2,1,1,6,88,4370408,729929,60,4,2,2,0,1,1,0,99,1,0,1,0,0
201600011113,16,6,6,1010,1,2,1,1,2,88,4342288,716534,60,4,1,4,0,1,1,0,114,1,0,1,3,0
201600011114,16,6,9,800,1,2,1,1,7,88,4371213,725899,60,4,1,1,0,1,1,0,80,1,0,1,0,0
201600011115,16,6,9,1100,1,2,3,1,6,88,4341544,716283,60,4,1,1,2,1,1,0,34,1,0,0,0,0
201600011116,16,6,9,1700,1,2,1,1,3,88,4343310,715090,60,4,2,2,0,2,1,0,0,2,5,1,0,0
201600011117,16,6,9,1845,1,2,1,3,6,88,4370229,727659,60,4,1,2,0,1,1,0,75,2,0,0,0,0
201600011118,16,6,10,1320,1,2,1,1,1,88,4342240,716533,60,4,1,4,0,1,1,0,125,1,0,0,99,0
201600011119,16,6,10,2357,3,2,2,1,3,88,4367378,720837,60,4,3,0,0,1,1,0,0,1,0,1,99,0
201600011121,16,6,12,100,5,2,2,1,3,88,4370165,727799,60,4,1,3,0,1,1,0,0,1,0,1,0,0
201600011122,16,6,14,1045,1,2,8,1,2,88,4342154,716019,60,4,1,1,0,1,1,0,0,1,0,1,0,0
201600011123,16,6,14,1130,1,2,1,1,6,88,4373699,729941,60,4,2,0,0,1,1,0,0,1,0,1,3,0
201600011124,16,6,14,1600,1,2,9,1,2,88,4369317,725317,60,4,2,2,0,1,1,0,0,0,0,1,0,0
201600011126,16,6,17,930,1,2,1,1,6,88,4342134,716218,60,4,2,1,0,1,1,0,0,1,0,1,0,0
201600011128,16,6,18,1623,1,2,2,1,3,88,4371588,726275,60,4,2,3,0,1,1,0,120,1,5,1,3,0
201600011129,16,6,20,820,1,2,2,1,3,88,4342150,717196,60,4,1,2,0,1,1,0,96,1,0,1,0,0
201600011130,16,6,21,730,1,2,3,1,3,88,4342582,716498,60,4,2,2,0,1,1,0,110,1,0,1,0,0
201600011131,16,6,21,1450,1,2,1,1,3,88,4369719,728702,60,4,1,2,0,1,1,0,61,1,0,1,3,0
201600011132,16,6,22,1715,1,2,2,1,1,88,4369866,725620,60,4,2,3,0,1,1,0,0,1,0,1,0,0
201600011133,16,6,24,515,2,1,1,1,3,88,4344442,710566,60,3,1,2,0,1,1,0,70,1,0,1,0,0
201600011134,16,6,24,1400,1,2,1,1,1,88,4341269,714441,60,4,1,3,0,1,1,18,96,1,0,1,99,0
201600011135,16,6,24,1645,1,2,1,1,1,88,4373046,728269,60,4,2,2,0,1,1,0,70,1,0,1,0,0
201600011136,16,6,25,55,5,2,3,1,3,88,4371530,725392,60,4,2,2,0,0,0,0,0,0,0,1,0,0
201600011137,16,6,26,145,5,2,1,1,2,88,4341423,716307,60,4,2,3,0,1,1,0,0,1,0,1,0,0
201600011138,16,6,26,1245,1,2,1,1,3,88,4341489,717194,60,4,2,2,0,2,2,0,80,1,0,1,0,0
201600011139,16,6,26,1800,1,2,2,1,1,88,4371342,727158,60,4,2,2,0,3,1,0,0,1,0,1,0,0
201600011140,16,6,27,1419,1,2,2,1,3,88,4342128,717185,60,4,1,1,0,1,1,0,0,1,0,1,0,0
201600011142,16,6,28,1505,1,2,1,1,5,88,4340206,713106,60,4,1,3,0,2,3,0,0,1,0,1,0,0
201600011143,16,6,28,2250,5,2,1,1,3,88,4342053,715204,60,3,1,0,0,1,1,0,0,1,0,1,0,0
201600011144,16,6,28,1935,1,2,3,1,3,88,4369377,725641,60,4,2,3,0,1,0,0,0,0,5,1,0,0
201600011145,16,6,29,1750,1,2,2,1,3,88,4340523,712512,60,4,2,3,0,1,1,0,90,1,0,1,0,0
201600011146,16,6,29,1915,1,2,1,1,6,88,4369891,723529,60,4,2,2,0,2,1,0,60,0,0,1,99,0
201600011151,16,7,6,945,1,2,1,1,2,88,4340538,713482,60,4,1,2,0,2,1,0,65,1,2,1,0,0
201600011164,16,7,10,1720,1,2,1,1,3,88,4342059,718246,60,4,2,2,0,1,1,0,66,1,0,1,0,0
201600011165,16,7,10,1728,1,2,2,1,3,88,4341484,715379,60,4,1,3,2,1,1,0,94,1,0,1,0,0
201600011168,16,7,11,1110,1,2,1,1,4,88,4368886,724148,60,4,1,3,0,1,1,0,118,1,0,1,0,0
201600011171,16,7,12,711,1,2,1,1,3,88,4340238,713176,60,4,1,3,0,2,1,0,93,1,0,1,0,0
201600011173,16,7,15,1645,1,2,1,1,6,88,4342170,717266,60,4,1,3,0,1,1,0,76,1,0,1,0,1
201600011174,16,7,19,930,1,2,1,1,2,88,4342243,716575,60,4,1,2,0,1,1,0,100,1,1,1,99,0
201600011178,16,7,22,538,2,1,1,1,6,159,4370720,731740,60,4,2,2,0,0,0,0,0,0,0,1,0,1
201600011179,16,7,22,2325,5,2,3,1,3,88,4340294,713243,60,4,0,2,0,2,1,0,0,1,0,1,0,0
201600011180,16,7,23,2225,5,2,2,1,3,88,4371467,728018,60,4,2,0,0,0,0,0,0,0,0,1,0,0
201600011194,16,8,5,2010,1,2,1,1,6,88,4342454,715412,60,4,2,2,0,1,1,0,0,1,0,0,0,0
201600011196,16,8,7,1820,1,2,2,1,6,88,4341336,714520,60,4,1,1,0,1,1,0,43,1,0,0,99,0
201600011198,16,8,8,2255,5,2,1,1,2,88,4341414,715474,60,4,3,3,0,1,1,0,60,1,0,1,0,0
201600011199,16,8,11,630,2,2,1,1,2,88,4342367,715215,60,4,2,3,0,1,1,0,99,1,0,1,0,0
201600011200,16,8,12,1110,1,2,2,1,3,88,4342256,717326,60,4,2,2,0,1,1,0,150,1,0,1,3,0
201600011203,16,8,17,1045,1,2,1,1,1,88,4342241,716538,60,4,1,4,0,1,1,0,92,1,0,1,99,0
201600011206,16,8,21,915,1,2,1,1,2,88,4342254,715422,60,9,3,4,0,1,3,5,160,1,2,1,99,0
201600011208,16,8,22,1330,1,2,3,1,1,88,4344084,717520,60,4,2,2,0,1,1,0,0,1,0,1,0,0
201600011209,16,8,22,1440,1,2,2,1,3,88,4341005,713581,60,4,2,0,0,2,1,20,30,1,5,2,0,0
201600011214,16,8,24,1015,1,2,1,1,3,88,4343015,717251,60,4,0,0,0,1,1,0,78,1,0,0,0,0
201600011217,16,8,26,2300,5,2,1,1,6,88,4373419,726145,60,4,2,2,0,2,1,0,53,1,0,4,0,1
201600011223,16,8,31,1158,1,1,1,1,6,159,4342364,719088,60,4,2,2,0,2,3,0,80,1,0,1,0,1
201600011225,16,9,2,2100,4,2,6,1,3,88,4370842,728759,60,4,1,2,0,1,1,0,60,1,5,1,99,0
201600011226,16,9,3,1405,1,2,1,1,2,88,4341373,714418,60,4,1,3,0,1,1,0,0,1,0,1,0,0
201600011229,16,9,6,1115,1,2,1,1,6,88,4343598,717207,60,4,2,2,0,1,1,0,100,1,0,1,0,0
201600011230,16,9,6,1338,1,2,1,1,2,88,4368860,723983,60,4,0,2,0,1,0,0,0,0,0,1,0,0
201600011231,16,9,6,1945,2,2,1,1,3,88,4371058,726185,60,4,1,0,0,1,0,0,0,1,0,1,0,0
201600011232,16,9,7,1335,1,2,1,1,2,88,4371735,725299,60,4,2,3,0,2,1,0,108,1,0,1,0,0
201600011233,16,9,7,1830,1,1,1,1,3,88,4370263,727110,60,4,0,0,0,0,0,0,0,0,0,0,99,0
201600011234,16,9,8,145,5,2,2,1,3,88,4372294,729018,60,4,2,4,0,1,1,0,0,1,5,1,3,0
201600011235,16,9,9,1445,1,2,1,1,6,88,4373091,728340,60,4,2,2,0,1,1,0,70,1,0,1,0,0
201600011236,16,9,9,2313,5,2,2,1,3,88,4342103,715598,60,4,2,2,3,1,1,0,100,1,0,1,0,0
201600011237,16,9,12,510,5,2,2,1,3,88,4369375,724338,60,4,1,2,0,1,1,0,0,1,0,1,0,0
201600011239,16,9,14,1800,1,2,2,1,3,88,4369795,725214,60,4,1,1,0,1,1,0,0,1,0,1,0,0
201600011240,16,9,14,2000,5,1,2,1,3,88,4370005,727294,60,4,1,0,0,0,0,0,0,2,0,1,0,0
201600011241,16,9,14,2135,5,2,1,1,3,88,4371518,725822,60,4,2,3,0,2,1,0,0,2,0,1,0,0
201600011243,16,9,16,900,1,2,3,1,7,88,4372530,725170,60,4,2,0,0,0,0,0,0,1,0,1,0,0
201600011245,16,9,19,2209,5,2,1,1,7,159,4370689,730983,60,4,2,2,0,2,2,0,65,1,0,4,0,0
201600011246,16,9,20,1145,1,2,1,1,2,88,4371235,726187,60,4,0,1,0,0,0,0,0,0,0,0,0,0
201600011247,16,9,20,1335,1,2,1,1,6,88,4370711,725992,60,4,2,2,0,1,1,0,62,1,0,1,0,0
201600011248,16,9,20,1645,1,1,2,1,3,88,4369957,725292,60,4,1,0,0,2,1,0,0,1,0,1,0,0
201600011249,16,9,22,1730,1,2,7,1,3,88,4370531,728997,60,4,1,1,0,1,1,0,0,1,0,0,0,0
201600011250,16,9,23,745,1,2,1,1,3,88,4369501,726620,60,4,3,3,0,1,1,0,90,1,0,1,99,0
201600011257,16,9,27,1420,1,2,1,1,2,88,4371035,728255,60,4,1,1,0,1,1,0,0,2,0,1,0,0
201600011259,16,10,1,1435,1,2,1,1,3,88,4370643,725607,60,4,2,2,0,0,0,0,0,0,0,1,0,0
201600011260,16,10,2,2225,5,2,2,1,3,88,4369674,725626,60,4,3,2,3,1,1,0,91,1,0,1,0,1
201600011281,16,10,20,2220,4,2,2,2,3,88,4370735,726245,60,4,2,2,0,1,1,0,60,2,0,1,0,0
201600011283,16,10,22,2220,5,2,2,1,3,88,4370415,726846,60,4,1,1,0,1,1,0,0,2,0,1,0,0
201600011297,16,11,1,115,5,2,1,1,1,88,4368855,722999,60,4,2,2,0,2,2,0,60,1,0,0,0,0
201600011298,16,11,1,1240,1,2,2,1,3,88,4370644,726855,60,4,1,2,0,1,1,0,68,1,0,1,0,0
201600011299,16,11,2,1640,1,2,1,1,3,88,4370926,725336,60,4,2,1,0,2,1,20,80,1,5,1,3,0
201600011301,16,11,3,1845,5,2,3,1,3,88,4371835,725252,60,4,2,0,0,2,1,0,0,0,0,0,0,0
201600011302,16,11,4,1200,1,2,1,1,6,88,4370525,726454,60,4,2,2,0,1,1,0,60,1,0,1,99,0
201600011303,16,11,5,550,5,1,1,2,6,88,4370143,725371,60,4,1,2,0,0,2,0,40,2,0,1,0,0
201600011304,16,11,5,1120,1,2,1,1,2,88,4370751,726802,60,4,1,2,0,1,1,0,80,2,0,1,99,0
201600011305,16,11,5,1830,5,1,1,2,4,88,4373092,718476,60,3,1,2,0,1,1,0,0,2,0,1,0,0
201600011306,16,11,6,134,5,2,1,2,1,88,4369659,725626,60,4,2,4,0,1,1,0,100,2,0,1,99,0
201600011307,16,11,6,1940,5,2,1,1,3,88,4373441,729435,60,4,0,0,0,1,0,0,0,1,0,0,0,0
201600011308,16,11,9,645,4,2,1,1,1,88,4371861,728127,60,4,2,2,0,1,1,0,21,1,0,1,0,0
201600011309,16,11,11,2125,5,2,1,1,6,88,4373682,729840,60,4,0,2,0,1,0,0,0,1,0,4,0,0
201600011310,16,11,12,530,5,2,1,1,1,88,4369491,727703,60,4,2,3,0,1,1,0,0,0,0,1,0,0
201600011311,16,11,12,1030,1,2,2,1,3,88,4368379,720293,60,4,3,4,0,0,0,0,0,0,0,1,0,0
201600011312,16,11,12,1310,1,2,2,1,3,88,4370516,729100,60,4,1,0,0,0,1,0,0,1,0,1,0,0
201600011313,16,11,12,1615,1,2,2,1,3,88,4368379,720293,60,4,2,2,0,1,1,0,0,1,0,1,0,0
201600011314,16,11,12,1900,4,2,1,1,3,88,4371142,728820,60,4,0,1,0,1,1,0,0,0,0,1,0,0
201600011315,16,11,13,320,5,2,1,1,6,159,4370762,731601,60,4,2,2,0,1,1,0,0,1,0,3,99,0
201600011316,16,11,16,1645,2,2,1,1,3,88,4370994,726001,60,4,2,2,0,2,1,0,0,1,0,0,99,0
201600011317,16,11,17,1300,1,2,1,1,2,88,4367027,721425,60,4,1,1,0,1,1,0,0,0,0,1,0,0
201600011318,16,11,18,845,1,2,1,1,4,88,4367243,721949,60,4,2,3,0,0,0,0,0,1,0,1,0,0
201600011320,16,11,18,1735,5,2,1,1,6,88,4370287,723581,60,4,1,2,0,0,0,0,0,0,0,1,0,0