Num_Acc,an,mois,jour,hrmn,lum,agg,int,atm,col,com,lat,long,dep,catr,circ,nbv,vosp,prof,plan,lartpc,larrout,surf,infra,situ,env1,killed
201600011321,16,11,19,1345,1,2,1,1,2,88,4371797,729201,60,4,2,2,0,1,1,0,0,1,0,1,0,0
201600011322,16,11,20,1330,1,2,2,1,3,88,4370265,728327,60,4,2,2,0,1,1,0,0,1,0,1,0,0
201600011323,16,11,20,1920,5,2,1,2,6,88,4369705,724117,60,4,3,2,0,1,1,0,0,2,0,1,0,0
201600011324,16,11,21,1550,1,2,3,2,6,88,4369511,726616,60,4,0,3,0,1,1,0,0,2,0,1,0,0
201600011325,16,11,21,2310,5,2,4,2,3,88,4371694,725548,60,4,1,1,0,0,0,0,0,1,0,1,0,0
201600011326,16,11,22,1110,1,2,1,2,2,88,4372574,727526,60,4,2,2,0,2,1,0,0,2,0,0,0,0
201600011327,16,11,24,1200,1,2,1,3,6,88,4370080,726059,60,4,1,0,0,1,1,0,0,2,0,0,0,0
201600011328,16,11,25,820,1,2,1,8,6,88,4368123,719894,60,4,3,4,0,1,1,40,70,2,0,1,3,1
201600011329,16,11,26,1241,1,2,2,1,3,88,4371220,729268,60,4,3,4,3,1,1,0,0,1,0,1,0,0
201600011330,16,11,27,1850,5,2,1,1,3,88,4368370,721050,60,4,2,2,0,1,1,0,0,1,0,0,0,0
201600011331,16,11,27,1955,5,2,1,1,6,88,4369726,726974,60,4,1,2,0,1,1,0,0,1,0,1,0,0
201600011332,16,11,28,815,1,2,4,1,6,88,4367153,720989,60,4,1,2,0,1,3,0,0,1,0,1,3,0
201600011333,16,11,28,1650,2,2,1,1,7,88,4371546,729115,60,4,2,2,0,1,1,0,0,1,0,1,0,0
201600011334,16,11,28,1905,5,2,1,1,5,88,4366421,719994,60,4,2,6,0,1,1,200,191,1,2,1,99,0
201600011335,16,11,29,805,1,1,1,1,3,88,4372260,728192,60,4,2,2,0,2,1,0,70,1,0,1,3,0
201600011336,16,11,29,1730,1,2,1,1,6,88,4369515,727168,60,4,2,2,0,1,1,0,0,1,0,1,0,0
201600011337,16,11,30,800,1,2,1,1,1,88,4372627,722773,60,4,2,2,0,2,4,0,0,1,0,1,0,0
201600011338,16,12,1,1640,2,2,3,1,3,88,4370704,728005,60,4,1,1,0,4,1,0,72,1,0,1,0,0
201600011339,16,12,2,845,1,2,1,1,2,88,4370577,728093,60,4,1,3,0,1,1,0,0,1,0,1,0,0
201600011340,16,12,2,850,1,2,1,1,3,88,4370842,721509,60,4,2,2,0,1,3,0,66,1,0,1,0,0
201600011341,16,12,2,1930,5,2,2,1,3,88,4373143,728541,60,4,1,3,0,0,0,0,0,0,0,1,0,0
201600011342,16,12,3,2345,5,2,1,1,1,88,4369315,728073,60,4,2,2,0,2,2,0,0,1,0,1,0,0
201600011343,16,12,3,1855,5,2,3,1,3,88,4369738,719619,60,4,3,4,0,1,1,0,0,1,0,1,0,0
201600011344,16,12,4,1055,1,1,1,1,3,88,4371338,729613,60,4,2,0,0,2,1,0,0,1,0,1,0,0
201600011345,16,12,5,1455,1,2,1,1,7,88,4370720,722405,60,4,0,0,0,0,0,0,0,0,0,0,0,0
201600011346,16,12,7,250,5,2,1,1,1,88,4369312,728090,60,4,2,0,0,1,3,0,69,1,0,1,99,1
201600011347,16,12,7,915,1,2,3,1,6,88,4368047,723032,60,4,2,2,0,4,1,0,0,1,0,1,99,0
201600011348,16,12,7,1405,1,2,1,1,6,88,4370015,725611,60,4,2,2,0,2,1,0,0,1,0,0,0,0
201600011349,16,12,7,2040,5,1,1,1,1,88,4371579,726277,60,4,2,3,0,1,1,0,0,1,0,0,0,0
201600011350,16,12,8,740,1,2,1,1,6,88,4371991,726639,60,4,2,3,0,1,3,0,0,1,0,1,3,0
201600011351,16,12,8,1230,1,2,2,1,3,88,4367588,722068,60,4,2,2,0,2,1,0,0,1,0,0,3,0
201600011352,16,12,8,1600,1,2,3,1,6,88,4371116,725893,60,4,1,2,0,2,1,0,0,1,0,1,0,0
201600011353,16,12,8,2110,5,2,2,1,3,88,4369930,728316,60,4,1,2,0,4,1,0,0,1,0,1,0,0
201600011354,16,12,9,830,1,2,1,1,5,88,4368943,724296,60,4,1,3,0,0,0,0,0,0,0,1,0,0
201600011355,16,12,10,100,5,2,1,1,2,88,4367861,722966,60,4,1,0,0,0,0,0,0,0,0,1,0,0
201600011356,16,12,10,834,1,2,2,1,3,88,4369839,727415,60,4,1,2,1,1,1,0,100,1,0,1,0,0
201600011357,16,12,12,1000,1,2,2,1,3,88,4367501,722713,60,4,2,4,0,1,1,0,0,1,5,1,99,0
201600011358,16,12,13,1210,1,2,3,1,3,88,4371765,726283,60,4,2,2,0,2,1,0,90,1,0,1,3,0
201600011359,16,12,15,1410,1,2,2,1,1,88,4372810,727701,60,4,1,3,0,1,1,0,200,1,0,1,0,0
201600011360,16,12,15,1740,5,2,1,1,2,88,4372029,728671,60,4,1,1,0,1,1,0,0,1,0,1,0,0
201600011361,16,12,17,510,3,2,1,1,3,88,4367517,722746,60,4,0,2,0,1,1,0,250,1,0,1,99,0
201600011362,16,12,17,605,5,2,3,1,5,88,4370315,727716,60,4,0,0,0,1,1,0,0,0,0,1,0,0
201600011363,16,12,17,1800,5,2,1,1,6,88,4372078,726312,60,4,0,1,0,1,1,0,28,1,0,1,99,0
201600011365,16,12,19,1315,1,2,1,2,6,88,4370833,729142,60,4,2,2,1,1,1,0,55,2,0,1,0,0
201600011366,16,12,19,1845,5,2,1,2,6,88,4370844,725205,60,4,2,2,0,2,1,13,43,2,0,1,3,0
201600011367,16,12,18,20,5,2,1,1,7,88,4371910,728479,60,4,1,1,0,1,1,0,0,1,0,1,0,0
201600011368,16,12,19,2115,5,2,1,2,6,88,4368796,723686,60,4,1,2,0,2,1,0,60,2,3,1,0,0
201600011369,16,12,21,1400,1,1,2,1,3,88,4368567,719470,60,4,0,1,0,1,1,0,60,1,0,1,0,0
201600011370,16,12,22,1415,1,2,2,1,6,88,4370244,728788,60,4,1,2,0,0,0,0,0,0,0,0,0,0
201600011371,16,12,22,2340,5,2,1,1,1,88,4369524,725624,60,4,2,4,0,1,1,0,0,1,0,1,0,0
201600011372,16,12,24,115,5,2,1,1,5,88,4368157,723233,60,4,1,4,0,1,1,0,0,1,0,1,0,0
201600011373,16,12,24,450,5,2,1,1,6,88,4369214,729340,60,4,2,2,0,2,2,0,0,1,0,4,99,0
201600011374,16,12,25,345,5,2,1,1,6,88,4367001,722103,60,4,2,2,0,1,1,0,0,1,0,1,0,0
201600011375,16,12,26,1515,1,2,1,1,3,88,4371267,725528,60,4,2,3,3,2,1,0,105,1,0,1,0,0
201600011376,16,12,27,2010,5,2,1,1,1,88,4371133,727888,60,4,2,2,0,1,0,0,0,1,0,1,0,0
201600011377,16,12,28,741,5,2,1,1,6,88,4366600,720823,60,4,2,4,0,1,1,42,109,1,0,3,99,1
201600011378,16,12,28,2250,5,2,1,1,6,88,4369744,728367,60,4,2,3,0,1,1,0,0,1,0,1,0,0
201600011379,16,12,30,1220,1,2,1,1,3,88,4371099,724565,60,4,2,2,0,2,3,0,64,0,0,1,99,0
201600011380,16,12,31,1715,1,1,1,1,3,88,4371062,719200,60,4,1,2,0,0,0,0,0,0,0,1,0,0
201600011381,16,11,29,700,3,2,2,1,3,99,4480331,48143,330,3,2,0,0,2,2,0,70,1,0,1,99,0
201600011393,16,1,9,1700,1,2,1,1,3,515,4730597,509819,210,3,2,3,0,2,1,0,106,1,0,1,99,0
201600011394,16,1,4,1245,1,2,1,1,7,171,4730226,514085,210,4,2,2,0,1,1,0,70,1,0,1,0,0
201600011395,16,3,15,1245,1,2,1,1,1,515,4731700,509600,210,3,3,0,0,1,1,0,0,1,0,1,0,0
201600011396,16,7,1,800,1,2,1,1,3,515,4731764,509483,210,3,2,2,0,1,1,0,0,1,0,1,0,0
201600011397,16,7,1,1630,1,2,9,1,6,515,4731382,511292,210,3,3,2,0,1,1,0,0,1,0,1,99,0
201600011398,16,7,26,1915,1,2,1,1,3,605,4729301,510548,210,4,3,2,0,1,1,0,0,1,0,1,99,0
201600011399,16,7,28,1200,1,2,1,1,6,515,4731252,511647,210,4,2,0,0,0,1,0,0,1,0,0,0,0
201600011400,16,9,27,700,2,2,1,1,3,515,4731153,510441,210,4,1,0,0,2,1,0,0,1,0,1,99,0
201600011401,16,5,2,1830,1,1,1,1,6,235,4500100,302200,150,3,2,2,0,2,2,0,78,1,0,1,0,0
201600011402,16,5,20,730,1,1,1,1,6,45,4482900,298100,150,3,2,2,0,1,1,0,76,1,0,1,99,0
201600011403,16,7,10,515,4,1,1,1,6,152,4492500,287000,150,3,2,1,0,2,1,0,0,1,2,3,99,0
201600011404,16,7,25,1445,1,1,1,1,6,142,4490300,300600,150,3,2,2,0,2,2,0,80,1,0,1,99,0
201600011405,16,4,6,1800,1,1,1,7,3,40,4347864,556630,130,3,2,2,0,0,1,0,60,1,0,1,0,0
201600011409,16,6,26,2100,1,2,1,1,6,40,4347794,553491,130,3,2,2,0,1,1,5,60,1,0,3,0,0
201600011410,16,7,18,1400,1,1,1,1,1,40,4348100,554000,130,3,2,2,0,1,1,0,65,1,0,1,0,0
201600011411,16,7,24,1915,1,1,1,1,1,87,4348927,562983,130,3,2,2,0,4,1,0,70,1,5,1,0,0
201600011412,16,7,28,1600,1,1,1,1,1,40,4344206,555397,130,3,2,2,0,2,4,71,0,1,0,1,99,0
201600011413,16,8,24,1045,1,1,1,1,5,87,4349400,564700,130,3,2,2,0,3,1,0,76,1,0,1,0,1
201600011415,16,1,18,1330,1,1,1,2,5,45,4413830,39386,470,3,2,2,0,1,1,0,0,2,0,1,0,0
201600011416,16,3,14,1015,1,2,1,1,6,143,4418400,29365,470,3,0,2,0,1,1,0,51,1,0,1,0,0
201600011417,16,3,23,1730,1,1,1,1,1,180,4413620,46513,470,3,2,2,0,1,1,0,104,1,0,1,0,0
201600011418,16,4,19,1430,1,1,1,1,7,174,4404640,36385,470,3,2,2,0,1,1,0,52,1,0,1,99,0
201600011419,16,4,22,1745,1,1,1,1,3,318,4423540,32221,470,3,2,2,0,1,1,0,71,1,0,1,0,0
201600011420,16,4,28,745,1,1,1,1,1,318,4419460,32838,470,3,0,2,0,1,1,60,60,1,0,1,0,0
201600011421,16,6,2,1645,1,2,1,1,1,21,4417680,25963,470,3,2,2,0,1,1,0,65,1,0,1,0,1
201600011422,16,7,1,1800,1,1,1,1,6,327,4419600,25749,470,4,2,2,0,1,2,0,40,1,0,3,0,1
201600011423,16,7,31,1300,1,1,1,1,7,195,4413910,29989,470,3,2,2,0,1,1,0,53,1,0,3,0,1
201600011424,16,8,1,745,1,1,1,1,7,287,4412530,46521,470,3,2,2,0,1,2,0,56,1,0,3,0,0
201600011425,16,9,16,1615,1,1,3,2,3,318,4422880,32412,470,3,2,2,0,1,1,0,60,2,0,1,99,0
201600011426,16,12,23,1830,3,2,1,2,6,143,4417300,29308,470,3,2,2,0,1,1,0,0,2,0,1,0,1
201600011427,16,12,31,1120,1,2,3,1,3,19,4461387,439359,70,4,2,2,0,2,2,0,51,1,5,1,99,0
201600011429,16,1,22,2340,3,1,1,2,1,116,4463780,437497,70,2,2,1,0,1,1,0,70,2,2,1,0,0
201600011432,16,2,27,55,5,2,3,2,3,19,4461950,439425,70,4,2,1,0,3,1,0,70,2,0,1,0,0
201600011433,16,2,19,1220,1,2,6,1,3,19,4461541,440105,70,4,2,2,0,1,0,0,70,1,5,1,99,0
201600011435,16,3,17,803,1,2,1,1,2,19,4400000,400000,70,4,2,2,0,1,1,0,60,1,0,1,99,0
201600011436,16,3,29,1400,1,2,1,1,6,19,4461880,438463,70,4,2,2,0,2,1,0,60,1,0,1,99,0
201600011437,16,4,4,1720,1,1,1,8,3,19,4459222,442097,70,2,2,2,0,2,2,0,100,2,0,1,0,0
201600011438,16,4,13,1800,1,1,1,8,1,19,4462436,438586,70,2,2,2,0,2,1,0,76,2,0,1,99,0
201600011439,16,4,11,1645,1,2,1,1,6,19,4462097,439219,70,4,2,2,0,3,1,0,75,1,0,3,0,0
201600011440,16,4,16,1650,1,2,2,1,3,19,4461702,437986,70,4,2,2,0,1,1,0,106,1,5,1,0,0
201600011441,16,6,1,1750,1,1,1,1,3,325,4438214,423196,70,3,2,2,0,1,2,0,66,1,0,1,99,0
201600011443,16,7,11,1750,1,1,1,1,3,19,4462436,438588,70,2,2,2,0,2,3,0,79,2,0,1,0,0
201600011444,16,7,23,1730,1,1,1,1,2,19,4463038,438038,70,2,2,2,0,1,1,0,90,1,0,1,99,0
201600011445,16,10,20,910,1,2,6,1,3,19,4460930,439564,70,4,2,2,0,1,1,0,70,1,0,1,99,0
201600011446,16,11,5,1730,3,1,1,3,3,19,4459229,442212,70,2,2,2,0,4,2,0,0,2,0,1,99,0
201600011447,16,11,11,505,3,2,1,1,6,231,4459493,439041,70,4,2,2,0,1,1,0,54,1,0,1,99,0
201600011448,16,12,10,530,5,2,1,1,6,231,4459774,437887,70,4,2,2,0,1,3,0,55,1,0,3,99,0
201600011449,16,12,15,1220,1,1,6,1,2,19,4461255,440816,70,2,1,2,0,1,2,0,100,1,5,1,99,0
201600011450,16,2,4,848,1,2,1,1,4,102,4493241,488172,70,4,2,2,0,2,1,0,0,1,0,0,0,0
201600011451,16,2,11,1125,1,2,1,1,2,70,4496763,485008,70,4,2,0,0,1,1,5,76,1,0,1,0,0
201600011452,16,3,14,2345,5,2,6,1,6,281,4494541,485244,70,3,2,1,0,1,1,0,0,1,0,1,0,0
201600011454,16,3,28,1105,1,2,3,8,5,70,4496050,485222,70,3,2,1,1,1,1,0,0,2,0,1,0,0
201600011455,16,4,4,805,1,2,3,1,3,102,4493330,485686,70,4,2,2,0,0,0,0,0,0,0,1,0,0
201600011456,16,4,4,1520,1,1,6,1,6,316,4489041,485033,70,3,2,1,0,1,3,0,0,1,5,0,0,0
201600011457,16,4,21,1700,1,2,1,1,6,102,4493866,486511,70,6,0,0,0,0,0,0,0,0,0,1,0,0
201600011458,16,4,25,920,1,2,1,1,6,102,4493844,486377,70,4,2,1,0,1,1,0,75,1,0,1,0,0
201600011459,16,5,1,740,1,1,1,1,1,281,4494052,483316,70,3,2,1,0,2,3,0,183,2,0,1,0,0
201600011460,16,5,20,1725,1,2,1,1,6,281,4494261,485969,70,4,2,1,1,1,1,0,0,1,0,1,0,0
201600011462,16,7,2,1720,1,2,1,1,6,281,4494605,484930,70,4,2,1,1,1,1,0,0,1,0,1,0,0
201600011463,16,7,13,905,1,2,2,1,3,102,4493072,486277,70,4,2,1,1,1,1,0,76,1,0,1,3,1
201600011465,16,7,14,1325,1,2,3,1,3,102,4493813,486222,70,4,2,2,0,1,1,0,0,1,5,0,99,0
201600011466,16,7,29,930,1,2,3,1,6,281,4494905,484355,70,4,2,2,0,1,1,0,0,1,0,1,0,0
201600011475,16,3,14,945,1,1,1,1,1,202,4292001,301819,110,3,2,2,0,1,1,0,74,1,0,1,99,1
201600011476,16,4,30,1945,2,1,1,6,7,202,4293622,301865,110,4,2,1,0,1,0,0,0,1,0,3,0,0
201600011477,16,6,5,700,1,1,1,1,7,202,4292999,301356,110,3,1,1,0,4,0,0,0,1,0,1,0,0
201600011478,16,6,29,2315,3,1,1,1,6,144,4290424,300055,110,3,2,2,0,1,1,0,74,1,0,1,0,1
201600011479,16,8,21,1945,1,1,1,1,1,144,4292575,299443,110,3,2,2,0,1,1,0,72,1,0,1,99,0
201600011480,16,2,19,1915,5,2,1,8,6,38,4948002,596139,570,3,2,2,0,1,1,0,70,2,0,1,99,0
201600011487,16,6,16,545,1,1,1,1,6,498,4933356,600186,570,4,2,0,0,1,1,0,54,1,0,3,0,1
201600011489,16,9,27,1700,1,2,1,1,6,38,4947561,595788,570,3,2,2,0,1,1,0,60,1,0,1,99,0
201600011490,16,1,19,1814,5,1,6,1,3,186,4472333,460661,70,4,2,2,0,1,3,0,70,1,5,1,99,0
201600011495,16,6,23,1035,1,2,1,1,7,186,4443361,436494,70,4,2,2,0,2,1,0,57,1,0,1,3,0
201600011496,16,6,26,1155,1,2,1,1,6,186,4473496,459645,70,4,2,1,0,2,1,0,80,1,0,1,99,0
201600011497,16,8,3,1705,1,2,1,1,1,186,4473258,458538,70,3,2,2,0,1,1,0,62,1,0,1,99,0
201600011498,16,8,7,1825,1,2,1,1,1,186,4473474,459867,70,3,2,2,0,1,1,0,57,1,0,1,0,0
201600011500,16,8,20,1815,1,1,1,1,7,8,4471261,463552,70,3,2,2,0,1,1,0,71,2,0,3,99,0
201600011502,16,11,10,1740,5,2,4,2,6,186,4473810,460156,70,3,3,2,0,2,1,0,59,2,0,1,0,0
201600011503,16,12,12,850,1,2,1,1,6,186,4473220,459236,70,3,3,2,0,2,3,0,65,1,0,1,3,0
201600011505,16,1,24,1845,5,2,2,1,5,134,4359010,380098,340,3,2,2,1,1,1,0,100,1,5,1,0,0
201600011506,16,2,4,1600,1,1,1,1,6,282,4362750,368673,340,3,2,2,0,2,1,85,0,1,0,1,0,0
201600011507,16,4,29,1230,1,1,1,1,3,134,4357700,379501,340,3,2,2,0,1,1,0,43,1,0,1,0,0
201600011508,16,4,29,1615,1,1,1,1,7,163,4368130,369255,340,3,2,0,0,0,0,0,0,1,0,1,0,0
201600011509,16,6,4,1715,1,2,1,1,6,123,4361330,380617,340,6,0,0,0,2,1,0,35,1,6,4,99,0
201600011510,16,7,19,815,1,2,1,1,5,202,4358460,377833,340,3,2,0,0,1,1,0,0,0,5,1,0,0
201600011511,16,8,22,1445,1,1,1,1,3,134,4358980,380042,340,3,2,2,3,1,1,0,70,1,0,1,99,0
201600011512,16,10,9,230,5,2,1,1,1,123,4361000,380196,340,3,2,2,0,1,1,0,0,1,0,1,0,0
201600011513,16,1,9,1615,1,2,1,1,6,397,4321200,244200,110,3,2,2,3,2,3,0,90,1,0,4,99,0
201600011514,16,2,24,1600,1,2,1,1,6,397,4320756,245330,110,3,2,2,0,0,3,0,110,1,0,3,99,1
201600011515,16,4,2,245,3,2,1,1,6,27,4318600,250300,110,4,0,2,0,1,1,0,0,0,0,1,0,0
201600011516,16,4,20,1415,1,1,1,1,7,146,4317486,248147,110,3,2,0,0,1,1,0,42,1,0,3,99,1
201600011517,16,5,14,800,1,1,1,1,6,257,4315056,248102,110,3,2,2,0,0,3,0,59,1,0,3,99,0
201600011518,16,7,26,1745,1,1,1,1,1,68,4319663,254084,110,3,2,2,0,1,2,0,63,1,0,1,0,0
201600011519,16,6,6,1130,1,1,1,1,1,77,4572429,193691,230,4,2,0,0,2,3,0,35,1,0,1,99,0
201600011520,16,6,20,1400,1,1,1,1,1,77,4574557,193673,230,4,2,0,0,2,2,0,36,1,0,1,99,0
201600011521,16,7,14,1745,1,2,1,1,6,140,4591341,219695,230,3,2,0,0,0,0,0,0,1,0,1,99,1
201600011522,16,1,13,715,2,1,1,1,6,249,4860460,207894,910,1,3,4,0,1,1,24,340,1,0,3,0,0
201600011523,16,1,15,2015,3,1,1,1,6,249,4860458,207898,910,1,3,4,0,1,1,24,340,1,0,3,0,0
201600011524,16,1,18,2300,3,1,1,1,2,17,4859900,205788,910,1,3,4,0,1,1,24,130,1,0,1,0,0
201600011525,16,1,20,2230,3,1,1,1,6,26,4831994,186317,280,1,3,0,0,1,1,24,270,1,0,1,99,0
201600011526,16,2,17,1815,2,1,1,1,6,120,4863800,201100,780,4,2,2,0,1,3,0,0,6,0,3,0,0
201600011527,16,3,19,1015,1,1,1,1,2,9,4845500,191000,780,1,3,3,0,1,1,0,0,1,0,1,0,0
201600011528,16,3,30,1745,1,1,1,2,3,9,4848200,191200,780,1,3,4,3,1,1,24,270,2,0,1,0,0
201600011529,16,4,24,645,2,1,1,1,6,363,4864145,215566,910,1,3,4,0,2,1,24,340,1,0,3,99,1
201600011531,16,5,27,1615,1,1,1,7,1,87,4862900,204000,780,3,2,0,0,1,1,0,100,1,0,1,99,1
201600011535,16,6,14,1400,1,1,1,1,7,601,4854600,188200,780,3,2,0,0,1,1,0,64,1,0,3,99,1
201600011536,16,6,22,145,4,1,1,1,2,349,4858600,202000,780,1,3,4,0,2,2,340,24,1,0,1,0,1
201600011537,16,6,28,1445,1,1,1,1,4,17,4859485,204857,910,1,3,4,0,4,1,12,340,1,0,1,0,0
201600011538,16,7,24,815,1,1,1,1,7,92,4834193,186894,280,1,1,3,0,1,1,24,270,1,0,1,0,0
201600011539,16,8,13,2045,1,1,1,1,2,319,4864190,215654,910,1,3,4,0,1,1,24,340,1,0,1,0,0
201600011541,16,8,27,215,3,1,1,1,6,169,4843709,190613,280,1,3,3,0,1,1,24,270,1,0,1,0,0
201600011542,16,9,2,1945,1,1,1,1,2,319,4864039,215399,910,1,3,4,0,1,1,24,340,1,0,1,0,0
201600011543,16,10,6,800,1,1,1,1,6,363,4841329,189716,280,1,3,3,0,1,1,24,270,1,0,3,99,0
201600011546,16,12,13,1100,1,1,1,1,2,363,4865997,218525,910,1,3,8,0,1,1,24,340,1,0,1,0,1
201600011547,16,2,23,2115,3,1,1,1,1,54,4928553,438172,510,3,2,2,0,1,2,0,60,1,0,1,99,1
201600011548,16,3,12,1930,3,1,1,1,6,105,4926500,408584,510,1,3,4,0,4,2,30,140,1,0,1,99,1
201600011549,16,1,29,600,2,1,1,9,7,7,4550600,480200,690,3,2,1,0,1,1,0,0,2,0,1,0,0
201600011554,16,10,9,1630,1,2,1,1,6,64,4546356,476829,690,4,2,2,0,1,1,0,50,1,0,1,99,0
201600011555,16,11,24,1430,1,1,1,5,6,80,4554207,472991,690,3,2,2,0,2,0,0,90,3,0,0,0,0
201600011562,16,4,6,1630,1,2,1,1,3,43,4835650,425810,290,3,2,0,0,1,1,0,0,1,0,1,0,0
201600011563,16,4,19,1815,1,2,1,1,2,80,4832868,424168,290,3,2,2,0,2,1,0,60,1,0,1,0,0
201600011564,16,7,17,1145,1,1,1,1,6,137,4835176,427109,290,3,2,0,0,3,3,0,0,1,0,1,0,0
201600011567,16,4,19,1415,1,2,3,1,7,5,4473971,109391,330,3,2,2,0,1,1,0,0,1,0,1,99,0
201600011569,16,5,7,2030,2,1,3,1,3,229,4470070,102577,330,3,2,2,0,0,1,0,60,1,5,1,0,0
201600011570,16,6,16,1615,1,2,1,2,3,5,4474458,108520,330,3,2,2,1,1,0,0,63,2,0,1,0,0
201600011571,16,6,24,1545,1,1,1,1,1,5,4475617,111409,330,3,2,2,0,2,3,0,68,1,0,1,0,0
201600011573,16,9,3,1930,1,2,1,1,4,229,4470330,103692,330,3,2,2,0,1,2,0,70,1,0,1,0,0
201600011574,16,9,11,700,2,2,1,1,1,229,4478681,93568,330,3,2,2,0,1,1,60,0,1,0,1,99,0
201600011575,16,10,28,1645,1,2,1,1,3,5,4473383,108249,330,3,2,2,0,0,1,0,65,1,0,1,0,0
201600011576,16,10,31,1700,1,2,2,7,1,5,4474694,108952,330,3,2,2,0,1,1,10,105,1,5,1,3,0
201600011577,16,1,7,545,3,2,1,2,6,142,4912825,253145,600,3,2,2,0,0,1,0,55,2,0,1,99,0
201600011578,16,3,29,1615,1,1,1,7,6,482,4913576,250740,600,3,2,2,0,1,1,0,65,1,0,1,99,0
201600011579,16,7,28,530,1,1,1,1,6,142,4913614,253099,600,3,0,0,0,0,0,0,0,0,0,0,0,0
201600011580,16,8,22,1600,1,1,1,1,1,482,4914308,254071,600,3,0,0,0,0,0,0,0,0,0,0,0,0
201600011581,16,9,9,1715,1,1,1,1,3,482,4913884,249293,600,3,0,0,0,0,0,0,0,0,0,0,0,0
201600011582,16,10,4,2330,3,1,1,1,1,505,4917013,255959,600,3,2,3,0,1,1,0,90,1,0,1,99,0
201600011583,16,11,12,1130,2,1,1,2,1,494,4909988,257636,600,3,2,0,0,4,1,0,54,2,0,1,99,0
201600011584,16,2,7,1400,1,1,1,4,5,257,4536686,651872,730,3,2,2,0,2,3,0,67,5,0,1,99,0
201600011586,16,10,9,2345,3,1,1,1,6,147,4902962,448579,510,1,3,4,3,1,1,30,140,1,0,3,99,1
201600011587,16,10,20,2315,3,1,1,1,2,545,4875911,423654,510,1,3,4,0,1,1,30,140,1,0,1,99,0
201600011588,16,3,22,945,1,1,1,7,1,69,4845554,261065,770,3,2,4,0,1,1,10,128,1,0,1,0,1
201600011589,16,4,2,1115,1,1,1,1,2,458,4819395,276816,770,1,1,2,0,1,1,35,65,1,0,1,99,0
201600011591,16,3,31,1630,1,1,1,2,6,441,4884600,250700,910,1,3,6,0,1,1,25,0,2,0,1,0,0
201600011592,16,5,28,2330,3,1,1,3,6,441,4850500,250600,910,1,3,6,0,1,1,34,24,2,0,1,0,0
201600011596,16,10,17,1350,1,1,1,8,6,412,4847218,251185,770,2,1,2,0,2,1,0,89,2,3,1,99,1
201600011597,16,10,23,1800,1,1,1,3,1,69,4845565,260906,770,3,2,4,0,1,1,0,140,2,0,1,99,0
201600011598,16,11,14,705,1,1,1,1,2,370,4822097,276807,770,1,1,2,0,1,2,0,0,1,0,1,99,0
201600011599,16,11,22,100,3,1,1,1,6,26,4811741,298081,450,1,3,2,0,1,1,50,220,1,0,3,99,1
201600011600,16,11,24,1225,1,1,1,1,2,1,4836679,256696,770,1,1,3,0,1,1,20,100,1,0,1,99,0
201600011601,16,11,27,1320,1,1,1,1,7,71,4819670,280816,770,1,3,4,0,1,1,0,0,1,0,3,99,0
201600011602,16,12,13,2125,3,1,1,1,6,216,4830749,265861,770,1,3,3,0,1,1,0,90,1,0,1,99,0
201600011612,16,10,21,2315,5,2,1,1,6,801,5039115,273840,620,3,2,0,0,1,3,0,60,2,0,3,0,0
201600011625,16,9,27,1715,1,1,1,1,7,741,4985766,278461,800,1,3,2,0,1,1,4,70,1,0,3,0,0
201600011627,16,10,12,1430,1,1,9,1,2,646,4979195,280380,800,1,1,3,0,1,0,510,510,1,0,0,0,0
201600011628,16,11,7,628,3,1,1,2,2,555,4983130,304612,800,1,3,2,0,1,1,0,67,2,0,1,99,1
201600011629,16,12,12,325,3,1,1,5,4,2,4985265,283267,800,1,1,3,0,1,1,15,120,2,0,1,99,0
201600011632,16,4,4,1630,1,1,1,1,2,103,4362768,511210,130,1,3,1,3,1,1,70,145,1,7,1,0,0
201600011634,16,4,13,945,1,1,1,1,2,105,4374201,509012,130,1,0,1,0,1,1,0,27,1,7,1,0,0
201600011645,16,7,10,1145,1,1,1,1,3,76,4382000,502300,130,3,0,3,0,1,1,0,37,1,0,1,0,0
201600011646,16,7,17,915,1,1,1,1,6,103,4365400,510100,130,1,3,3,3,1,1,15,135,1,0,1,99,0
201600011648,16,8,5,915,1,1,9,1,2,51,4359700,529500,130,1,3,0,0,1,1,0,0,1,7,1,0,0
201600011655,16,11,10,2030,3,1,1,1,5,51,4358800,517500,130,1,1,3,0,1,1,30,105,1,0,1,99,0
201600011661,16,12,9,1545,1,1,1,1,7,103,4363945,502647,130,1,1,1,0,0,3,0,0,1,0,1,0,1
201600011663,16,12,31,1930,3,1,1,1,6,81,4350710,523643,130,1,3,2,0,1,1,25,70,1,0,1,99,1
201600011668,16,9,10,1200,1,1,1,1,4,221,4406173,476615,300,1,1,2,0,1,1,30,70,1,0,1,0,0
201600011670,16,1,4,815,1,1,3,1,3,686,4920581,238867,600,3,2,2,0,1,1,0,0,1,5,1,0,0
201600011671,16,1,14,1930,3,1,1,2,1,686,4920769,239971,600,3,2,2,0,1,1,0,70,2,0,1,99,0
201600011672,16,1,14,1200,1,2,1,1,2,74,4922248,235559,600,3,2,2,0,2,1,0,60,2,0,1,99,0
201600011673,16,2,3,1100,1,1,1,8,6,393,4926542,237238,600,3,2,2,0,1,4,0,60,0,0,1,99,0
201600011674,16,3,3,800,1,2,1,1,4,513,4920585,237449,600,3,2,2,0,2,1,0,0,2,0,1,0,0
201600011675,16,5,3,1615,1,1,1,1,3,584,4921582,241708,600,3,2,2,0,0,1,0,60,1,5,1,0,0