Num_Acc,an,mois,jour,hrmn,lum,agg,int,atm,col,com,lat,long,dep,catr,circ,nbv,vosp,prof,plan,lartpc,larrout,surf,infra,situ,env1,killed
201600011676,16,6,22,1815,1,1,1,1,1,651,4928443,229182,600,3,2,2,0,1,2,0,0,1,0,1,99,0
201600011677,16,6,21,2045,1,2,1,1,2,584,4921268,240864,600,3,2,2,0,1,1,0,0,1,0,1,99,0
201600011678,16,8,4,115,4,2,1,1,6,513,4920071,236478,600,3,2,2,0,0,2,0,0,1,0,3,0,0
201600011679,16,8,19,915,1,2,1,1,6,686,4921301,240125,600,4,2,0,0,2,2,0,45,1,0,1,99,1
201600011680,16,11,2,1545,1,1,1,1,5,686,4920861,240261,600,3,2,2,0,1,1,0,72,1,0,1,99,1
201600011681,16,1,17,1715,2,1,1,1,6,381,4727495,597009,250,1,2,0,0,2,2,0,90,1,3,3,99,0
201600011682,16,4,16,1215,1,1,9,3,6,368,4733017,613309,250,1,3,4,0,1,3,17,70,2,0,2,99,0
201600011683,16,6,23,1730,1,2,9,1,5,410,4722433,607623,250,2,2,2,0,1,0,0,0,1,0,1,99,0
201600011684,16,10,1,1600,1,1,1,2,6,527,4719639,580295,250,1,1,3,0,1,1,0,0,2,0,0,0,0
201600011685,16,12,12,1600,2,1,1,2,5,445,4705600,587900,250,2,2,2,0,2,1,0,65,2,0,1,99,0
201600011686,16,1,30,1615,1,1,1,8,6,484,4933807,107260,760,1,1,1,0,1,3,10,66,2,3,2,99,0
201600011687,16,2,1,515,4,1,1,1,3,457,4933894,95932,760,1,3,6,0,4,1,10,130,1,0,1,99,0
201600011688,16,4,14,1445,1,1,1,1,3,484,4933505,107737,760,1,3,6,0,1,1,10,130,1,2,1,99,0
201600011689,16,4,29,1645,1,1,1,2,2,497,4936967,75096,270,1,3,3,0,1,1,10,130,2,0,1,0,0
201600011690,16,6,17,1445,1,1,1,2,3,484,4934587,103913,760,1,1,2,0,1,3,120,70,2,0,1,99,0
201600011691,16,6,28,815,1,1,1,1,6,319,4934062,102335,760,1,3,3,0,1,1,10,110,1,1,1,0,0
201600011692,16,7,9,300,5,1,1,1,1,484,4934029,106776,760,1,3,6,3,0,1,20,110,1,0,2,0,0
201600011693,16,7,18,1600,1,1,1,1,2,497,4936995,75647,270,1,0,3,0,1,1,10,125,1,0,1,99,0
201600011694,16,8,11,1830,1,1,1,1,6,102,4936933,77148,270,1,1,3,0,1,1,10,130,1,0,3,99,0
201600011695,16,8,17,1645,1,1,1,1,3,340,4936496,81542,270,1,1,4,0,1,1,25,140,1,3,1,99,0
201600011696,16,8,26,1915,2,1,1,1,2,107,4937924,61612,270,1,3,3,0,1,1,15,130,1,3,1,99,0
201600011697,16,9,5,815,1,1,1,1,6,484,4934253,103537,760,1,3,6,0,1,1,10,120,2,1,1,99,0
201600011698,16,10,24,1600,1,1,1,1,2,319,4933854,98921,760,1,3,6,0,3,3,15,125,1,2,1,0,0
201600011699,16,11,19,1815,4,1,1,1,2,705,4933229,108221,760,1,3,6,0,1,1,20,105,1,2,1,0,1
201600011700,16,12,16,1645,1,1,1,8,6,340,4936478,82120,270,1,1,0,0,1,3,0,40,1,3,3,0,0
201600011703,16,4,28,830,1,1,1,1,2,99,4907782,118723,270,2,1,2,0,2,1,25,15,1,0,1,99,0
201600011704,16,5,13,900,1,1,1,1,7,648,4927272,133149,270,1,3,3,0,1,1,10,130,1,0,2,99,0
201600011705,16,7,8,2300,3,1,1,1,5,598,4921314,121802,270,1,1,3,0,1,1,10,75,1,0,1,99,0
201600011706,16,8,3,1215,1,1,1,1,4,81,4901258,129175,270,2,2,3,0,1,1,0,0,1,0,1,0,1
201600011707,16,7,29,930,1,1,1,1,2,701,4924982,117322,270,1,3,3,0,2,1,2,10,1,0,1,0,0
201600011708,16,8,28,1030,1,1,1,1,6,188,4928882,112471,270,1,3,3,0,0,1,10,105,1,0,1,0,0
201600011709,16,9,25,715,2,1,1,1,7,701,4924769,117925,270,1,3,3,0,2,1,10,105,1,0,3,0,0
201600011710,16,12,23,1445,1,1,1,1,3,332,4918999,123358,270,1,3,6,0,1,1,10,0,1,7,1,3,0
201600011711,16,12,24,145,3,1,1,2,7,517,4911287,133599,270,1,1,3,0,0,1,10,105,2,0,1,99,0
201600011712,16,1,26,415,3,1,1,8,3,100,4926610,269087,600,1,1,3,0,1,1,30,135,2,0,1,0,1
201600011713,16,2,3,345,3,1,1,1,2,369,4935550,270204,600,1,1,0,0,2,1,15,100,1,0,1,0,1
201600011714,16,2,25,2230,3,1,1,1,2,541,4929923,268922,600,1,1,3,0,2,2,20,135,1,0,2,99,0
201600011715,16,5,3,200,3,1,1,1,2,149,4933968,269613,600,1,3,3,0,1,1,30,105,1,0,1,0,0
201600011716,16,5,8,615,1,1,1,1,6,149,4933602,269426,600,1,3,3,0,1,1,30,105,1,0,1,0,0
201600011717,16,5,10,45,3,1,1,3,2,138,4921576,262679,600,1,0,3,0,1,1,30,105,2,7,1,0,0
201600011718,16,6,1,1430,1,1,1,1,3,558,4960077,275342,600,1,3,3,0,1,1,15,105,1,0,1,0,0
201600011719,16,6,6,2000,1,1,1,1,3,254,4945249,269942,600,1,3,3,0,1,1,135,105,1,0,1,0,0
201600011720,16,6,12,1545,1,1,1,3,6,541,4930563,268504,600,1,3,3,0,4,2,25,130,2,0,3,0,0
201600011721,16,6,16,1330,1,1,1,1,7,408,4947546,271113,600,1,3,3,3,1,1,30,105,1,0,3,0,0
201600011722,16,7,9,1000,1,1,1,1,2,19,4951506,271978,600,1,3,3,0,1,1,30,105,1,0,1,0,0
201600011723,16,7,12,845,1,1,1,1,5,160,4961173,275535,600,1,3,3,0,1,1,30,105,1,0,1,99,0
201600011724,16,7,12,1945,1,1,1,1,2,138,4921637,262825,600,1,3,3,0,1,1,20,135,1,7,1,0,0
201600011725,16,7,29,630,1,1,1,1,2,138,4921630,262811,600,1,3,10,0,1,1,10,400,1,7,1,0,0
201600011726,16,8,10,1100,1,1,9,1,6,138,4921619,262801,600,1,3,3,0,1,1,20,135,1,7,0,0,0
201600011727,16,8,18,600,3,1,1,2,6,71,4957695,274314,600,1,3,3,0,1,1,25,135,2,2,2,0,0
201600011728,16,8,23,815,1,1,1,1,3,254,4945567,270113,600,1,3,0,0,0,1,15,105,1,0,1,99,0
201600011729,16,8,27,300,3,1,1,1,2,254,4945628,270142,600,1,3,3,0,1,1,30,105,1,0,1,0,0
201600011730,16,9,4,2245,3,1,1,2,2,329,4958415,274682,600,1,3,3,0,1,1,20,135,1,0,1,0,1
201600011731,16,9,29,2130,3,1,1,1,2,24,4940928,269375,600,1,3,3,0,1,1,15,135,1,0,1,99,0
201600011732,16,10,8,730,2,1,1,1,7,408,4947614,271152,600,1,3,3,0,2,1,15,135,1,0,1,99,0
201600011733,16,11,3,1800,3,1,9,1,2,369,4936319,270379,600,1,3,3,0,0,0,25,130,1,0,2,0,0
201600011734,16,11,8,630,3,1,1,5,2,369,4936188,270355,600,1,3,3,0,0,1,30,135,2,0,1,99,0
201600011735,16,12,13,1800,2,1,1,1,6,254,4945601,270156,600,1,3,3,0,1,1,35,135,0,0,2,99,0
201600011736,16,12,24,930,1,1,1,1,7,100,4924037,266549,600,1,2,3,3,1,1,30,135,1,0,0,0,0
201600011737,16,5,20,2130,3,1,1,1,5,646,4739015,473326,210,3,2,2,0,0,2,0,55,1,0,1,0,1
201600011738,16,5,21,1645,1,1,1,1,2,408,4739337,502719,210,3,2,2,0,1,1,0,70,1,0,1,0,0
201600011739,16,6,14,1000,1,1,1,2,1,651,4741737,487837,210,3,2,2,0,2,4,0,0,2,0,1,0,0
201600011741,16,5,10,1215,1,1,1,1,6,19,4610800,475500,690,1,1,3,0,0,1,0,180,1,3,1,99,1
201600011744,16,8,14,1030,1,1,1,1,2,115,4597900,473400,690,1,3,0,3,1,1,0,0,1,7,1,0,0
201600011745,16,11,15,1250,1,1,1,1,2,115,4597045,472926,690,1,0,5,0,1,0,10,0,1,7,1,99,0
201600011746,16,11,18,1955,3,1,1,2,6,206,4605916,473622,690,1,3,3,3,1,1,10,130,2,0,1,99,0
201600011747,16,12,9,1225,1,1,1,5,6,206,4605802,472136,690,1,1,2,3,1,1,10,105,1,0,0,99,0
201600011749,16,2,8,630,3,1,1,2,5,488,5019148,319916,590,1,1,2,0,1,3,30,100,2,0,1,0,1
201600011752,16,11,25,1500,1,1,1,7,3,405,4332708,30137,640,4,2,2,0,1,1,0,60,1,0,1,99,1
201600011753,16,8,1,1330,1,1,1,1,1,256,4341818,131372,640,3,2,2,0,1,2,0,99,1,0,1,0,1
201600011757,16,7,4,1400,1,1,1,1,4,29,4556968,555280,380,1,0,0,0,3,1,20,90,1,0,1,0,1
201600011758,16,7,13,1600,1,1,1,1,5,288,4557818,504137,380,3,2,2,0,0,1,0,62,1,0,1,0,0
201600011759,16,7,21,800,1,2,1,1,5,276,4555391,530601,380,3,2,2,0,0,1,0,60,1,0,1,0,0
201600011763,16,11,5,1845,3,1,1,3,6,276,4557840,530490,380,1,1,3,0,0,1,17,96,2,0,1,99,1
201600011766,16,12,22,1615,1,1,1,1,5,348,4559178,529577,380,1,3,3,0,1,1,25,130,1,0,1,0,0
201600011767,16,5,4,1845,1,2,3,1,3,278,4775455,740381,680,3,2,2,0,1,1,0,70,1,0,1,0,0
201600011768,16,9,11,1730,1,1,1,1,2,278,4776526,742876,680,9,2,2,1,1,1,0,30,1,0,5,99,0
201600011769,16,9,5,1000,1,2,9,3,3,278,4775389,739299,680,3,2,2,2,1,1,0,110,2,0,5,99,0
201600011772,16,11,26,830,5,2,1,1,3,278,4774564,741151,680,3,2,2,1,1,1,0,62,1,0,1,99,0
201600011774,16,1,6,1430,1,1,1,1,7,15,4816668,88542,530,4,2,2,0,1,3,0,60,1,0,0,99,0
201600011775,16,3,18,1500,1,1,1,1,6,243,4814578,94467,530,3,2,2,0,0,2,0,65,1,0,1,99,0
201600011776,16,5,4,30,3,1,1,1,6,169,4812422,94939,530,3,2,2,0,1,2,0,570,1,0,1,0,0
201600011777,16,5,5,100,3,1,4,1,6,39,4816418,96866,530,4,0,0,0,0,0,0,0,0,0,0,0,0
201600011778,16,5,10,1430,1,1,3,1,1,137,4805925,93943,530,4,0,0,0,0,0,0,0,0,0,0,0,0
201600011779,16,6,24,1930,1,1,2,1,3,225,4819685,83936,530,3,2,2,0,2,1,0,0,1,0,1,0,0
201600011780,16,8,22,1915,1,1,2,1,3,209,4804329,100294,530,3,0,0,0,0,0,0,0,0,0,0,0,0
201600011781,16,9,1,1645,1,2,6,1,3,247,4811716,103026,530,4,1,0,0,1,0,0,0,1,5,1,99,0
201600011782,16,9,7,1645,1,1,2,1,3,209,4804331,100296,530,3,2,0,0,0,1,0,0,1,0,1,99,0
201600011783,16,10,27,1445,1,2,3,1,6,39,4816847,97652,530,3,2,0,0,1,1,0,0,1,7,1,0,0
201600011784,16,11,29,1915,3,1,1,1,1,5,4815726,79274,530,3,2,0,0,3,1,0,0,1,0,1,0,0
201600011785,16,1,29,1730,1,1,1,1,1,580,4908540,254420,950,3,2,2,0,1,2,0,0,1,0,1,99,0
201600011786,16,4,11,1730,1,2,1,2,6,371,4908620,250650,950,3,2,2,0,1,1,0,0,2,0,1,99,0
201600011787,16,6,15,1015,1,2,1,1,1,580,4908890,256730,950,4,2,2,0,1,1,0,0,2,0,1,99,0
201600011788,16,8,29,115,5,2,1,1,3,250,4909610,250810,950,4,2,2,0,2,3,0,0,1,0,1,99,0
201600011789,16,12,24,1045,1,1,1,2,3,604,4909690,253090,950,3,3,2,0,1,1,0,0,2,0,1,99,0
201600011790,16,5,23,1515,1,2,9,1,6,434,4611364,75745,170,3,2,2,0,1,1,0,64,1,2,1,99,0
201600011791,16,8,10,900,1,1,6,1,3,472,4624246,107947,170,3,0,1,0,0,0,0,71,1,5,1,99,0
201600011792,16,10,3,900,1,1,1,1,7,373,4615791,98079,170,3,2,2,0,0,1,0,70,1,0,3,99,1
201600011793,16,12,31,1530,1,1,9,8,2,354,4560792,59608,170,1,3,0,0,1,1,30,100,1,0,1,99,0
201600011794,16,2,14,1500,1,1,1,2,7,181,4586623,62208,170,1,3,4,0,1,1,50,70,2,0,3,0,0
201600011795,16,4,18,1430,1,1,1,1,1,285,4582124,65922,170,3,2,2,0,1,1,0,51,1,0,1,0,0
201600011796,16,4,19,745,1,1,1,1,5,228,4565609,95037,170,2,2,2,0,1,2,0,70,1,0,1,99,1
201600011797,16,5,2,1500,1,1,3,1,5,220,4550960,45507,170,3,2,2,0,2,3,0,73,1,0,1,0,1
201600011798,16,5,30,1630,1,1,1,1,2,280,4584315,71434,170,1,3,4,0,1,1,30,75,1,0,1,0,0
201600011799,16,7,4,830,1,1,1,1,7,444,4565774,63498,170,1,3,4,0,1,1,21,74,1,0,2,0,1
201600011800,16,7,4,745,1,2,1,1,1,244,4563516,74930,170,3,2,2,0,2,3,0,54,1,0,1,99,0
201600011801,16,7,6,1430,1,1,1,1,1,425,4559734,89048,170,3,2,2,0,1,1,0,70,1,0,1,0,1
201600011802,16,7,12,1430,1,1,1,1,2,213,4605888,53603,170,1,3,4,3,1,1,10,50,1,0,2,99,0
201600011803,16,7,13,715,1,1,1,1,3,157,4589035,60875,170,1,3,4,0,0,0,10,60,1,3,1,99,0
201600011804,16,11,23,700,5,1,1,2,3,307,4568473,90556,170,3,2,2,0,1,1,0,60,2,0,1,0,0
201600011805,16,12,7,745,2,1,1,1,6,436,4583318,62916,170,1,3,4,0,1,1,10,70,1,0,3,0,0
201600011806,16,12,31,215,3,1,1,5,2,139,4611631,53338,170,1,3,4,0,1,1,50,70,2,0,1,0,0
201600011807,16,1,26,1700,1,1,1,1,1,283,4556165,450987,420,3,2,0,0,1,3,0,44,2,0,1,0,0
201600011808,16,4,1,1800,1,2,1,1,1,271,4547148,456118,420,4,2,2,0,4,3,0,49,2,0,1,0,0
201600011809,16,2,10,730,2,1,1,4,7,398,4697966,644235,250,3,2,2,0,1,2,0,0,5,0,0,99,1
201600011811,16,11,28,645,3,1,3,1,1,493,4686553,620010,250,3,2,0,0,2,2,0,65,1,0,1,99,1
201600011812,16,4,30,845,1,2,1,1,6,116,4369336,142986,310,3,2,2,3,1,1,0,60,1,0,1,0,0
201600011813,16,6,5,1730,1,1,1,1,1,182,4369324,140192,310,3,2,2,3,1,1,0,90,1,0,1,99,0
201600011825,16,1,11,1800,3,1,1,1,4,145,4390336,454560,300,1,3,3,0,2,1,20,108,1,0,1,0,0
201600011826,16,2,20,2315,3,1,1,1,7,154,4361650,394725,340,1,3,3,0,0,3,120,231,1,0,1,99,1
201600011827,16,3,15,2345,3,1,9,1,2,22,4365140,398733,340,1,3,3,0,1,1,10,105,1,3,1,0,0
201600011828,16,5,2,1515,1,1,1,1,2,333,4376636,426839,300,1,1,3,0,2,0,10,145,1,0,1,0,0
201600011829,16,5,5,1015,1,1,1,1,2,189,4380984,434429,300,1,3,3,0,1,1,25,105,1,0,1,0,0
201600011830,16,5,21,1000,1,1,1,1,2,185,4373840,419518,300,1,3,3,0,0,1,20,105,1,0,1,0,0
201600011831,16,6,12,1115,1,1,1,1,2,22,4365890,399885,340,1,3,6,0,1,1,200,192,1,0,1,0,0
201600011832,16,6,14,1930,1,1,1,1,3,257,4387945,446162,300,1,3,3,0,1,1,10,96,1,0,1,99,0
201600011833,16,6,13,1745,1,1,1,1,3,22,4365210,398912,340,1,3,3,0,1,1,10,105,1,0,1,0,0
201600011834,16,7,1,1900,1,1,1,1,2,189,4382633,438851,300,1,3,3,0,1,1,50,140,1,0,1,0,0
201600011835,16,7,4,1645,1,1,1,1,2,117,4372439,450473,300,1,3,2,0,1,1,10,70,1,0,1,0,0
201600011836,16,7,4,1830,1,1,1,1,1,169,4380069,431181,300,1,3,0,0,2,2,10,105,1,0,1,0,0
201600011837,16,7,12,730,1,1,1,1,5,22,4367580,402536,340,1,3,3,0,1,1,15,32,1,0,2,0,0
201600011838,16,8,21,930,1,1,1,1,6,39,4388819,449935,300,1,1,3,0,1,1,20,105,1,0,3,0,0
201600011839,16,8,26,230,3,1,1,1,2,340,4371710,413835,340,1,1,3,0,0,1,20,145,1,0,1,99,0
201600011840,16,9,3,1415,1,1,1,1,2,156,4387351,444663,300,1,3,3,0,1,1,20,110,1,0,2,0,0
201600011841,16,9,11,615,3,1,1,8,1,256,4368490,404934,340,1,1,3,0,1,1,25,105,1,0,2,0,0
201600011842,16,9,19,1215,1,1,1,1,6,34,4372710,450123,300,1,2,0,0,1,1,25,105,1,0,1,0,0
201600011843,16,9,19,1630,1,1,1,1,2,240,4364420,397630,340,1,1,3,0,1,1,20,92,1,0,1,99,0
201600011844,16,10,3,815,1,1,1,1,1,189,4384393,441616,300,1,3,3,0,1,1,25,120,1,0,1,0,0
201600011845,16,10,9,600,4,1,1,1,6,240,4363000,396776,340,1,3,3,0,1,1,15,100,1,0,1,0,0
201600011846,16,10,11,630,3,1,1,1,4,294,4370417,411808,340,1,3,3,0,1,1,25,105,1,0,1,0,0
201600011847,16,10,25,1015,1,1,1,9,2,146,4368950,406283,340,1,3,3,0,1,1,20,105,2,0,1,0,0
201600011848,16,10,28,1100,1,1,1,1,2,189,4380640,436404,300,1,3,2,0,1,1,28,72,1,3,1,0,1
201600011849,16,10,29,1730,1,1,1,1,5,146,4369410,408228,340,1,3,3,0,1,1,10,102,1,0,1,0,0
201600011850,16,11,13,530,3,1,1,1,3,347,4375126,425487,300,1,2,3,0,1,3,20,105,1,0,1,99,0
201600011851,16,1,1,700,3,1,1,2,7,262,4315749,290860,110,1,3,2,0,2,1,20,100,2,0,3,0,0
201600011852,16,4,15,2115,3,1,1,1,6,441,4321282,309016,110,1,3,3,0,1,1,20,100,1,0,1,0,0
201600011853,16,5,1,1630,1,1,1,6,6,379,4302950,295246,110,1,3,3,0,1,1,20,105,1,0,1,0,0
201600011854,16,7,22,2230,3,1,1,1,2,145,4323653,314028,110,1,3,3,0,1,1,30,170,1,0,1,0,1
201600011855,16,11,12,1745,2,1,1,1,6,322,4299729,296703,110,1,1,3,0,1,1,23,105,1,0,1,99,1
201600011856,16,12,28,2330,3,1,1,1,5,145,4324513,315051,110,1,3,3,0,1,1,30,120,1,0,1,0,1
201600011857,16,1,2,1730,5,2,1,2,1,156,4739500,84200,370,3,2,2,0,1,1,0,71,2,0,1,0,1
201600011858,16,1,20,1530,1,2,1,8,6,273,4739400,78800,370,4,2,2,0,3,2,0,0,1,2,3,0,0
201600011861,16,6,9,1515,1,2,1,1,3,273,4739600,77100,370,3,2,2,0,3,1,0,80,1,2,1,0,0
201600011866,16,7,28,1345,1,1,1,1,6,273,4739200,78700,370,3,2,0,0,0,1,80,0,1,0,3,0,0
201600011869,16,1,4,1015,1,1,1,1,6,93,4804684,184104,450,1,3,3,0,1,1,15,120,2,0,3,99,1
201600011870,16,2,7,1945,3,1,1,1,2,232,4785084,186635,450,1,3,3,0,1,1,15,220,1,0,1,99,0
201600011871,16,3,23,2100,3,1,1,8,2,202,4781865,163863,450,1,3,3,0,1,1,15,240,1,0,1,99,0
201600011872,16,3,26,1245,1,1,1,1,5,311,4816905,185374,280,1,3,3,0,1,1,15,105,1,0,1,0,0
201600011873,16,3,29,1345,1,1,1,8,6,175,4775279,185823,450,1,3,2,0,1,1,15,140,1,0,3,99,1
201600011874,16,4,30,1130,1,1,1,2,6,164,4826693,186400,280,1,1,6,0,1,1,30,260,2,0,3,99,0
201600011875,16,5,31,615,2,1,4,3,3,302,4795214,184972,450,1,1,1,0,1,1,0,45,2,3,1,99,0
201600011876,16,6,10,715,1,1,1,1,6,232,4784964,186641,450,1,3,3,0,1,1,10,210,1,0,2,99,0
201600011877,16,6,13,1345,1,1,1,1,6,311,4821338,184711,280,1,3,3,0,1,1,15,210,1,0,3,0,0
201600011878,16,6,22,1630,1,1,1,1,7,164,4825760,185138,280,1,3,3,0,1,1,15,105,1,0,3,99,0
201600011879,16,7,24,615,1,1,1,1,2,93,4802263,184171,450,1,3,3,0,1,1,15,300,1,0,1,99,0
201600011880,16,10,2,815,1,1,1,1,2,276,4827680,185700,280,1,3,3,0,1,1,15,135,1,0,1,0,1
201600011881,16,10,12,830,1,1,1,1,6,24,4782584,165297,450,1,3,3,0,1,1,15,210,1,0,3,99,1
201600011882,16,10,17,245,3,1,1,1,6,232,4785975,186458,450,1,3,2,0,1,1,15,210,1,0,1,99,0
201600011883,16,11,8,1200,1,1,1,4,6,175,4775448,185727,450,1,3,2,0,1,1,15,130,2,0,3,99,0
201600011884,16,11,10,1715,1,1,1,8,3,169,4790592,184904,450,1,3,3,0,1,1,15,135,2,3,1,99,0
201600011885,16,11,23,2315,3,1,1,1,6,392,4823668,185003,280,1,3,3,0,1,1,15,135,1,0,3,0,0
201600011889,16,2,4,1030,1,1,1,1,6,32,4355632,536342,130,3,2,0,0,0,3,0,0,1,0,3,0,0
201600011890,16,4,16,1645,1,1,1,1,3,32,4354946,536660,130,3,2,0,0,1,1,0,0,1,0,1,0,0
201600011893,16,6,17,745,1,1,1,1,3,114,4354905,530102,130,3,3,2,0,1,0,0,0,1,0,1,99,0
201600011895,16,10,23,530,3,1,1,2,2,37,4355256,517959,130,6,2,0,0,1,0,0,0,0,0,0,0,0
201600011902,16,2,6,945,1,2,1,1,6,165,4793975,240428,560,4,2,2,0,1,1,0,0,1,0,1,0,0
201600011903,16,2,13,1330,1,1,1,2,2,405,4694720,482939,210,1,3,0,0,1,1,10,170,2,0,1,0,0
201600011904,16,3,16,2100,3,1,1,1,6,295,4718092,500005,210,1,3,3,0,1,1,15,105,1,0,1,0,0
201600011905,16,5,17,800,1,1,1,1,2,606,4706885,491960,210,1,3,4,0,1,1,10,135,1,0,2,0,0
201600011906,16,8,22,1745,1,1,1,1,7,194,4709133,493903,210,1,3,3,0,1,1,15,135,1,0,1,0,0
201600011907,16,10,28,1600,1,1,1,1,6,356,4706442,529083,210,1,3,4,0,1,1,8,70,1,0,3,99,0
201600011908,16,11,24,1950,3,1,1,8,3,405,4696217,483669,210,1,3,5,0,1,1,10,170,1,0,1,99,0
201600011909,16,12,31,720,3,1,1,5,3,423,4698699,485110,210,1,3,3,0,1,1,10,105,7,0,1,99,0
201600011911,16,2,6,845,1,1,1,1,6,155,4565096,592366,730,1,3,4,0,4,3,25,205,1,3,1,0,0
201600011912,16,2,23,1945,3,1,1,3,5,128,4570620,592683,730,1,3,4,0,2,1,20,200,2,0,1,0,0
201600011913,16,2,29,1245,1,1,1,8,7,191,4556380,578035,730,1,3,4,0,2,2,20,140,0,3,0,99,0
201600011917,16,7,22,845,1,1,1,1,5,239,4577981,596226,730,1,3,4,0,0,1,20,190,1,0,1,0,0
201600011918,16,7,22,1645,1,1,1,3,4,39,4555600,575100,730,1,3,4,0,1,1,20,210,4,0,1,0,1
201600011930,16,12,3,630,3,1,1,1,7,276,4910900,533000,550,1,3,4,0,2,1,5,265,1,0,3,0,0
201600011931,16,11,22,1715,5,2,1,1,6,105,4978363,471278,80,3,2,2,0,2,2,0,0,1,0,1,99,0
201600011932,16,11,25,1630,1,1,1,1,6,105,4975744,442736,80,3,2,0,3,1,1,0,0,1,0,4,99,0
201600011933,16,12,20,1355,1,2,2,1,3,105,4978633,469423,80,4,1,0,0,2,1,0,45,1,0,1,0,0
201600011934,16,12,20,1815,5,2,1,1,6,105,4973963,472455,80,3,2,0,0,1,1,0,0,0,0,1,0,0
201600011935,16,12,3,2035,5,2,1,1,6,105,4975767,471744,80,3,1,0,0,1,1,0,0,1,0,1,0,0
201600011936,16,12,13,1010,1,2,1,1,6,105,4977255,471989,80,4,0,0,3,1,1,0,0,2,6,4,99,0
201600011937,16,1,13,1425,1,2,1,1,6,105,4976775,471681,80,3,2,4,0,2,1,0,120,1,0,1,3,0
201600011938,16,12,17,1940,5,1,1,1,2,105,4975698,470289,80,2,3,3,0,1,1,0,0,1,3,1,99,0
201600011940,16,1,6,2210,5,2,5,2,6,105,4977470,473587,80,3,2,2,0,2,2,0,60,2,5,4,99,1
201600011942,16,5,10,1330,1,2,3,1,6,105,4978521,471469,80,4,2,0,0,2,1,0,0,0,0,1,0,0
201600011943,16,6,3,1320,1,2,3,1,6,105,4978623,470982,80,4,2,0,0,2,1,0,0,1,0,1,3,0
201600011944,16,6,6,1635,1,2,3,1,6,105,4975410,472468,80,4,2,0,0,0,0,0,0,0,0,1,0,0
201600011945,16,6,26,1930,1,1,1,1,3,105,4979413,471335,80,3,2,2,0,2,4,0,0,1,0,1,0,0
201600011947,16,8,5,1010,1,1,4,1,7,105,4973775,471457,80,2,1,1,0,0,0,0,0,0,3,0,0,0
201600011948,16,8,31,1020,1,2,3,1,3,105,4977122,470000,80,4,0,0,0,0,0,0,0,0,0,0,0,0
201600011949,16,9,5,1220,1,1,1,1,6,105,4977703,470604,80,4,2,0,0,1,1,0,0,1,0,1,0,0
201600011950,16,9,1,2000,5,2,3,1,3,105,4977116,471001,80,2,2,0,0,2,1,0,0,1,0,1,99,0
201600011951,16,9,15,1707,1,2,1,1,6,105,4974911,471429,80,4,2,0,0,1,0,0,0,1,0,1,0,0
201600011952,16,10,4,940,1,2,3,1,6,105,4977217,472569,80,3,2,3,0,1,1,0,0,1,0,1,99,1
201600011953,16,10,5,1650,1,2,1,1,3,105,4976989,471956,80,4,0,3,0,2,1,0,0,1,0,1,99,0
201600011954,16,10,17,1245,1,2,6,1,3,105,4917832,471708,80,3,1,0,0,2,1,0,0,1,0,1,99,0
201600011955,16,12,3,1430,1,2,7,7,6,105,4977369,471867,80,4,1,2,0,1,1,0,78,1,0,1,0,0
201600011956,16,5,24,1015,1,2,1,1,3,551,4541130,91129,240,4,2,1,0,2,1,0,50,1,0,1,0,0
201600011957,16,5,29,2145,3,1,1,1,1,24,4475290,69764,240,3,2,0,0,1,3,0,60,2,0,1,0,1
201600011958,16,7,15,1200,1,1,1,1,1,405,4494280,68134,240,4,2,0,0,4,2,0,39,1,0,1,0,1
201600011959,16,8,12,830,1,1,1,1,1,289,4485330,7131,240,3,2,2,0,1,1,0,0,1,0,1,99,1
201600011960,16,7,1,1715,1,1,1,3,3,301,4916740,27652,140,1,3,2,0,1,1,10,187,2,0,1,99,0
201600011961,16,7,6,1845,1,1,1,1,6,682,4929720,21556,140,1,3,3,0,1,1,22,107,1,0,1,99,1
201600011962,16,7,31,1715,1,1,1,1,4,12,4924270,2281,140,1,3,4,0,1,1,10,187,1,0,1,99,0
201600011963,16,10,28,430,3,1,1,5,6,36,4916930,21994,140,1,3,4,0,1,3,15,64,1,0,1,99,1
201600011964,16,3,12,1545,1,1,3,1,3,11,4373479,482116,130,3,2,2,0,2,1,0,0,1,0,1,99,0
201600011968,16,1,10,1315,1,1,1,2,7,491,4882465,100896,270,3,2,0,0,0,1,0,0,2,5,1,0,0
201600011969,16,6,17,800,1,2,1,1,7,438,4876623,121932,270,9,2,0,0,2,1,0,0,1,2,1,0,0
201600011970,16,11,21,730,1,1,1,1,1,43,4569682,476590,690,3,2,2,0,1,0,0,15,1,0,0,0,0
201600011973,16,5,25,1545,1,2,1,1,3,27,4572400,469200,690,4,2,0,0,1,1,0,70,1,0,1,99,0
201600011978,16,11,16,1830,3,1,9,2,1,27,4567331,472975,690,3,2,2,0,2,0,6,20,1,0,0,0,0
201600011979,16,11,18,1050,1,2,1,8,3,89,4573313,477603,690,3,3,4,0,1,0,13,15,1,0,0,0,0