Num_Acc,an,mois,jour,hrmn,lum,agg,int,atm,col,com,lat,long,dep,catr,circ,nbv,vosp,prof,plan,lartpc,larrout,surf,infra,situ,env1,killed
201600011980,16,12,18,2015,3,1,1,5,6,43,4568766,475995,690,4,2,2,0,1,2,0,52,2,0,3,99,0
201600011987,16,10,14,1400,1,2,1,2,1,244,4575681,474727,690,3,2,2,0,1,1,0,57,2,0,1,99,0
201600011988,16,10,14,1256,1,2,6,2,3,244,4576615,477990,690,4,1,2,0,1,0,10,25,1,0,0,0,0
201600011989,16,11,8,700,1,2,1,1,1,244,4575529,478214,690,3,2,2,0,1,0,0,10,1,0,0,0,0
201600011990,16,12,13,945,1,1,1,8,5,72,4582619,473848,690,2,2,2,0,1,1,0,124,2,0,1,99,1
201600011996,16,11,18,915,1,1,1,2,3,258,4620767,464342,690,3,2,2,0,2,0,0,48,2,0,1,99,0
201600011997,16,12,9,553,3,1,1,9,1,245,4594421,453761,690,3,2,2,0,1,3,0,0,7,0,1,99,0
201600011998,16,2,17,1800,1,1,1,3,1,201,4841432,465013,290,3,2,2,0,2,1,0,74,2,0,1,0,0
201600011999,16,3,1,1045,1,2,1,2,6,212,4837335,458838,290,4,2,2,0,1,1,37,81,2,0,1,99,0
201600012000,16,8,8,1230,1,1,2,1,3,130,4839090,467055,290,4,2,2,0,1,1,0,56,1,0,1,0,0
201600012001,16,8,14,1115,1,1,2,1,3,201,4840553,466987,290,4,2,2,0,2,1,0,63,1,0,1,99,0
201600012002,16,9,4,1615,1,1,1,1,3,282,4837608,474791,290,3,2,2,0,0,2,0,58,1,0,1,99,0
201600012003,16,9,11,2230,3,1,1,1,5,212,4836989,457196,290,3,2,0,0,2,1,0,79,1,0,1,0,1
201600012004,16,12,20,1630,1,1,1,2,6,212,4836146,462021,290,3,2,0,0,1,2,0,0,2,0,1,99,0
201600012009,16,1,4,1645,1,1,1,1,2,95,4352383,376223,340,1,3,3,0,0,1,15,135,1,0,1,99,0
201600012010,16,1,13,1215,1,1,1,1,5,172,4359060,389920,340,1,3,0,0,1,1,15,100,1,0,1,99,0
201600012011,16,1,28,900,1,1,1,1,4,172,4359050,389894,340,1,3,3,0,1,1,0,0,1,0,0,0,0
201600012012,16,2,7,1045,1,1,1,2,6,143,4346320,362871,340,1,0,1,0,2,3,0,61,2,3,1,0,0
201600012013,16,3,9,1230,1,1,1,2,6,213,4348220,368305,340,1,2,1,0,2,2,1,30,2,3,3,99,0
201600012014,16,3,14,200,3,1,1,1,6,157,4344200,357222,340,1,3,6,0,1,3,15,210,1,2,1,99,1
201600012015,16,3,20,100,3,1,1,1,2,213,4335570,333797,340,1,1,0,0,1,1,15,105,1,0,1,0,0
201600012016,16,4,13,1245,1,1,1,1,7,336,4333370,328402,340,1,3,7,0,0,1,20,270,1,0,1,0,0
201600012017,16,4,15,1530,1,1,1,1,2,172,4358400,388923,340,1,3,3,0,1,1,15,90,1,0,1,99,0
201600012018,16,5,17,930,1,1,1,1,2,270,4355260,381769,340,1,1,3,0,1,1,15,105,1,0,1,99,0
201600012019,16,5,30,1600,1,1,1,1,2,135,4326040,316865,340,1,1,3,0,3,1,10,135,1,0,2,0,0
201600012020,16,6,7,1100,1,1,1,1,2,157,4342250,354133,340,1,3,0,0,1,1,0,0,1,0,1,0,0
201600012021,16,6,12,1300,1,1,1,1,2,203,4340680,348982,340,1,3,6,0,1,3,30,270,1,0,1,0,0
201600012022,16,6,20,815,1,1,1,1,2,95,4354310,387904,340,1,3,6,0,1,1,20,120,1,0,1,99,0
201600012023,16,7,10,215,3,1,9,1,6,166,4335796,334095,340,1,1,3,0,1,1,25,105,1,3,1,0,1
201600012024,16,7,16,930,1,1,1,1,4,157,4344170,357176,340,1,3,6,0,1,1,50,270,1,0,1,99,0
201600012025,16,7,18,530,3,1,1,1,3,32,4329459,319783,340,1,3,0,0,1,1,35,105,1,0,1,0,1
201600012026,16,7,22,745,1,1,1,1,3,113,4349900,372200,340,1,1,3,0,1,1,25,105,1,0,1,0,0
201600012027,16,8,2,1230,1,1,1,1,5,172,4359050,389898,340,1,3,3,0,1,1,30,90,1,0,1,99,0
201600012028,16,8,18,1145,1,1,1,1,4,101,4339520,346705,340,1,3,3,0,1,0,0,120,1,2,1,0,0
201600012029,16,8,25,945,1,1,1,1,5,213,4333083,328027,340,1,3,6,0,1,1,15,210,1,0,1,0,0
201600012030,16,9,27,845,1,1,1,1,2,95,4354200,378300,340,1,3,3,0,1,1,15,210,1,0,1,0,0
201600012031,16,9,28,1830,1,1,1,1,2,213,4348400,367400,340,1,3,6,0,4,1,15,210,1,0,1,99,0
201600012032,16,10,30,1100,1,1,1,1,4,270,4355980,382709,340,1,2,6,0,1,1,15,90,1,0,1,0,0
201600012033,16,11,4,1145,1,1,1,1,2,101,4339540,346718,340,1,3,3,0,1,1,25,105,1,0,2,99,0
201600012034,16,11,19,630,3,1,1,1,2,32,4330570,323720,340,1,2,3,0,1,0,15,90,1,0,1,99,1
201600012035,16,12,23,2300,3,1,1,1,6,31,4336710,338811,340,1,2,3,0,1,1,10,90,1,0,1,99,0
201600012036,16,1,12,2100,3,1,1,8,6,270,4442637,25523,330,1,3,2,0,1,1,5,70,2,0,1,0,0
201600012037,16,1,17,1030,1,1,1,1,4,205,4461032,37545,330,1,3,2,0,1,1,25,70,1,0,1,0,0
201600012038,16,1,19,1745,2,1,1,3,6,130,4448542,20664,330,1,0,2,0,1,1,12,70,2,0,1,0,0
201600012039,16,2,15,915,1,1,1,1,3,205,4461379,37941,330,1,3,2,0,1,1,50,140,1,0,1,0,0
201600012042,16,6,12,2345,3,1,1,2,2,144,4436817,22798,330,1,3,4,0,1,1,15,70,2,1,1,0,0
201600012044,16,8,17,1015,1,1,1,1,1,403,4461647,16440,330,3,2,2,0,2,3,0,69,1,0,1,0,1
201600012045,16,8,17,1445,1,1,1,1,6,36,4444454,25182,330,1,3,4,0,1,2,21,74,1,0,3,0,0
201600012048,16,9,18,2330,3,1,1,1,7,270,4442223,25135,330,1,1,2,0,1,1,10,70,1,0,3,0,0
201600012050,16,11,1,930,1,1,1,5,4,337,4456368,30072,330,1,3,4,0,2,2,30,70,1,0,1,0,0
201600012052,16,12,27,1300,1,1,1,1,6,36,4444462,25163,330,1,1,0,0,1,2,5,74,1,0,3,99,0
201600012053,16,12,27,1645,1,1,1,1,6,155,4434171,22110,330,1,1,2,0,1,2,5,74,1,0,3,99,0
201600012054,16,2,6,1330,1,1,1,6,1,254,4355080,151061,310,3,0,2,0,0,1,20,60,1,0,4,0,0
201600012055,16,3,18,2300,5,2,1,1,3,169,4351944,156004,310,4,2,2,0,1,3,0,62,1,0,1,99,0
201600012056,16,4,8,1000,1,2,1,1,3,254,4353462,153105,310,3,2,2,0,1,1,0,50,1,0,0,99,0
201600012057,16,5,21,2230,3,1,1,1,1,402,4351000,159100,310,3,2,2,0,1,1,0,68,1,0,1,0,1
201600012059,16,11,29,2145,3,2,1,1,6,506,4355400,155088,310,3,2,2,1,1,1,0,0,1,0,1,3,0
201600012060,16,12,5,1815,5,2,1,1,3,254,4354666,151556,310,3,3,2,0,1,1,20,60,1,0,1,99,0
201600012065,16,2,14,1415,1,1,1,2,1,174,4515180,504730,260,4,4,2,0,1,1,0,30,6,0,1,0,0
201600012071,16,4,1,830,1,2,9,1,7,83,4521590,493960,260,6,0,0,0,1,0,0,0,1,0,0,0,0
201600012082,16,6,26,2100,2,1,1,1,7,218,4506803,506803,260,4,2,1,0,1,3,36,0,1,0,1,99,1
201600012084,16,7,19,900,1,1,9,1,3,2,4525426,483209,260,4,2,2,0,1,1,0,62,1,0,3,99,1
201600012088,16,8,10,2100,1,1,1,1,7,38,4502400,494300,260,9,2,1,0,1,1,0,30,1,0,1,0,1
201600012096,16,10,19,1830,2,1,3,1,3,49,4496524,511659,260,4,2,2,0,1,0,3,810,1,0,1,99,1
201600012097,16,10,27,2020,3,1,6,1,6,4,4498573,503073,260,3,2,2,0,1,0,9,715,3,0,0,0,1
201600012100,16,1,17,600,3,1,1,1,1,193,4578455,320342,630,1,2,2,0,1,1,0,114,2,3,1,0,0
201600012102,16,7,12,1030,1,1,1,1,2,113,4574210,276290,630,1,1,1,0,1,1,0,42,1,3,1,99,0
201600012107,16,4,25,1900,1,1,1,1,7,120,4352980,115220,400,1,0,1,0,1,1,0,0,1,3,3,0,0
201600012108,16,5,4,830,1,1,1,1,2,147,4345282,133924,640,1,4,0,0,1,1,27,71,1,0,1,0,0
201600012109,16,5,4,2200,3,1,9,1,7,102,4348937,144959,640,1,3,4,0,1,2,35,105,1,3,2,0,0
201600012110,16,5,4,1545,1,1,1,1,2,483,4340882,162298,640,1,3,2,0,2,1,30,60,1,0,1,0,0
201600012111,16,7,10,1000,1,1,1,1,2,502,4352960,118693,640,1,1,0,0,1,1,0,0,1,7,1,99,0
201600012112,16,7,18,1215,1,1,1,1,4,147,4345122,134800,640,1,1,1,0,4,1,10,35,1,0,1,0,0
201600012113,16,8,5,1045,1,1,1,1,2,147,4344767,131747,640,1,1,0,0,1,3,10,35,1,0,1,0,0
201600012114,16,8,5,1000,1,1,1,1,6,407,4345272,138813,640,1,3,1,0,1,3,20,32,1,0,1,0,0
201600012115,16,8,7,2345,1,1,1,1,6,102,4349062,38735,640,1,1,1,0,4,3,0,0,1,3,1,99,0
201600012116,16,8,18,800,2,1,1,2,6,407,4344934,137795,640,1,1,1,0,2,1,15,35,2,3,0,0,0
201600012117,16,10,15,1700,1,1,1,1,6,483,4338260,164420,640,1,3,2,0,2,1,120,60,1,0,1,0,0
201600012118,16,11,7,1,3,1,1,3,6,102,4351434,144350,640,1,1,3,0,2,2,0,0,2,0,2,99,0
201600012119,16,12,6,2215,3,1,1,1,6,24,4346047,151803,640,1,3,3,3,1,2,0,0,1,0,1,99,1
201600012120,16,5,3,900,1,2,3,1,3,409,4969786,494023,80,4,1,0,0,1,1,0,53,1,0,1,0,0
201600012121,16,7,8,1120,1,2,3,1,3,43,4968670,496608,80,3,2,2,0,1,2,0,52,1,0,1,99,0
201600012122,16,9,6,920,1,2,1,1,6,409,4978213,469751,80,6,0,0,0,1,1,0,0,1,0,0,99,0
201600012124,16,3,16,1230,1,1,1,1,1,573,4925616,398394,510,1,3,4,0,1,1,30,140,1,0,1,99,0
201600012125,16,3,30,2230,3,1,1,8,6,418,4923845,396899,510,1,3,4,0,1,2,30,140,2,0,1,99,0
201600012126,16,4,26,2245,3,1,1,8,2,365,4922772,397031,510,1,3,4,0,1,1,30,140,1,0,1,99,0
201600012127,16,5,21,1015,1,1,1,1,5,536,4918873,414092,510,1,3,4,0,1,1,30,140,1,0,1,99,1
201600012128,16,7,13,1245,1,1,1,1,6,636,4914030,421605,510,1,3,4,0,1,1,30,140,1,0,1,99,0
201600012129,16,7,15,1445,1,1,1,1,6,454,4925607,398105,510,1,3,4,0,1,1,30,140,1,0,1,99,0
201600012130,16,9,19,2130,3,1,1,1,5,536,4918371,414993,510,1,3,4,0,1,1,30,140,1,0,1,99,1
201600012131,16,10,8,400,3,1,1,1,6,573,4925572,399324,510,1,3,4,0,1,1,30,140,1,0,1,99,1
201600012132,16,11,2,715,2,1,1,1,2,437,4922772,382600,510,1,3,4,0,2,1,30,140,1,0,1,99,0
201600012133,16,12,8,2030,3,1,1,1,2,329,4935176,395794,510,1,3,4,0,1,1,30,140,1,0,1,99,0
201600012134,16,12,13,900,1,1,1,2,6,562,4921162,407850,510,1,1,6,3,1,1,0,262,2,7,1,99,1
201600012135,16,12,20,1145,1,1,1,1,6,454,4922592,405877,510,1,2,4,0,2,3,30,140,1,0,3,99,0
201600012136,16,12,26,445,3,1,1,2,6,418,4923856,396900,510,1,3,4,0,1,2,30,140,2,3,1,99,1
201600012139,16,5,7,2100,2,1,1,1,7,4,4366842,473947,130,3,2,2,0,1,1,55,50,1,5,1,0,1
201600012140,16,8,22,600,2,1,1,1,7,235,4864940,485356,520,2,3,1,0,1,1,0,40,1,0,3,0,0
201600012141,16,2,25,1215,1,1,1,1,6,85,4853800,220800,910,2,2,2,0,1,1,5,35,1,0,1,99,0
201600012142,16,10,14,2030,3,2,1,2,1,105,4856810,216104,910,4,3,2,0,1,1,0,0,2,0,1,99,0
201600012143,16,10,19,130,3,1,1,2,2,85,4853897,220993,910,2,3,4,0,2,3,10,136,2,0,1,0,0
201600012145,16,11,29,2315,3,1,6,1,6,581,4856400,220400,910,3,2,2,0,1,4,0,0,1,5,3,0,0
201600012146,16,12,10,1830,3,2,1,2,1,105,4857587,214032,910,4,2,2,0,2,0,30,0,7,0,1,0,0
201600012147,16,6,20,1315,1,2,1,1,1,4,4597205,534375,10,4,2,2,0,2,1,0,100,1,5,1,99,0
201600012151,16,5,23,915,1,2,9,3,6,485,4518059,569784,380,9,0,0,0,1,0,0,0,2,6,1,0,0
201600012152,16,11,15,1815,5,2,2,1,1,485,4518404,569000,380,3,0,0,0,1,1,0,0,1,0,0,0,0
201600012153,16,12,21,745,2,2,1,5,6,486,4515813,567037,380,3,2,2,0,2,2,0,65,2,0,3,99,0
201600012154,16,12,24,1630,1,2,1,1,6,485,4516992,569203,380,4,2,2,0,0,1,0,0,1,0,1,3,0
201600012156,16,8,18,1600,1,1,1,1,1,52,4505690,603477,380,3,4,0,0,1,1,51,0,1,5,1,99,0
201600012159,16,10,11,745,2,1,1,1,5,322,4494394,66782,330,4,2,2,0,1,1,0,48,1,0,1,99,0
201600012160,16,10,26,745,2,2,3,5,5,322,4495750,7073,330,3,2,2,0,1,1,0,70,2,0,1,0,0
201600012161,16,4,8,1615,1,1,1,1,6,515,4903545,457755,510,1,3,4,0,2,1,30,140,1,0,1,99,0
201600012162,16,8,19,2045,2,1,1,9,6,197,4905033,467251,510,1,3,4,0,1,1,30,140,1,3,1,99,0
201600012165,16,10,31,2143,3,1,1,1,6,73,4913962,681251,570,1,3,4,0,2,0,0,13,2,0,0,0,0
201600012166,16,11,22,1430,1,1,1,2,4,303,4920098,618255,570,1,1,4,0,1,1,18,76,2,0,1,99,0
201600012167,16,12,18,1830,3,1,1,1,4,73,4913248,682141,570,1,1,4,0,2,1,30,70,1,0,1,99,1
201600012168,16,12,22,15,5,1,9,5,6,73,4913998,681260,570,9,1,1,0,2,0,0,23,3,3,0,0,0
201600012182,16,7,22,1715,1,1,1,1,1,322,4663874,27993,790,3,2,2,0,1,3,0,0,1,0,1,0,1
201600012183,16,6,14,1430,1,1,1,1,2,26,4696590,176180,360,1,3,2,0,1,1,25,71,1,0,2,99,0
201600012184,16,7,8,1745,1,1,1,1,7,202,4679530,161812,360,1,3,2,0,1,1,0,113,1,0,3,0,0
201600012185,16,7,14,1245,1,1,1,1,6,63,4685240,170201,360,1,3,2,0,1,3,25,71,1,0,3,0,0
201600012186,16,9,24,1745,1,1,1,1,2,26,4694950,175462,360,1,3,2,0,1,1,25,105,1,0,1,0,0
201600012191,16,4,30,515,2,1,1,2,1,245,4752000,58800,370,3,2,2,0,3,1,0,75,2,0,1,99,1
201600012192,16,11,18,1645,1,2,2,7,3,251,4752299,39551,370,3,2,2,0,1,0,0,10,1,0,0,0,0
201600012193,16,8,22,1030,1,1,1,1,7,67,4722400,37100,370,3,2,0,0,1,1,0,108,1,0,3,0,1
201600012194,16,2,12,1515,1,1,3,3,3,329,4739922,67159,490,3,2,0,0,1,3,0,56,2,5,1,0,0
201600012195,16,5,4,730,1,1,1,1,3,160,4741029,93554,490,3,2,2,0,0,1,0,0,0,5,1,99,0
201600012196,16,7,25,1130,1,1,1,1,6,266,4743568,78157,490,1,3,4,0,1,1,35,140,1,0,1,99,0
201600012197,16,8,29,1430,1,1,1,1,6,63,4734924,73562,490,3,2,2,0,2,4,0,85,1,0,1,99,1
201600012198,16,10,12,1100,1,2,1,1,1,50,4735751,44341,490,4,2,2,0,1,2,0,0,1,0,1,99,0
201600012199,16,10,13,745,1,1,1,1,3,266,4743580,78025,490,1,3,4,0,1,1,15,70,1,0,1,99,0
201600012200,16,10,21,1715,1,1,1,1,3,15,4749069,59131,490,1,3,4,0,1,3,26,116,1,1,1,99,0
201600012201,16,11,16,645,3,1,1,1,7,321,4742492,93833,490,1,3,4,3,1,1,10,70,2,0,3,99,1
201600012202,16,11,23,1600,1,1,1,3,1,191,4724787,45202,490,3,2,2,0,1,2,0,64,2,0,1,99,1
201600012205,16,1,13,1815,3,1,2,8,6,35,4294565,104227,90,3,2,2,0,1,0,0,70,1,5,1,99,1
201600012214,16,10,22,100,3,1,1,1,6,113,4379074,747313,60,1,3,4,0,1,1,0,50,1,2,1,99,1
201600012215,16,10,23,1300,1,1,1,2,6,88,4371202,721305,60,1,3,4,0,1,2,0,0,2,1,1,99,0
201600012216,16,11,7,1025,1,1,1,1,2,88,4366795,719652,60,1,3,4,0,1,1,0,0,1,3,1,99,0
201600012217,16,11,7,1830,3,1,1,1,7,88,4372257,722337,60,1,3,4,0,1,1,0,0,1,2,1,99,0
201600012218,16,11,13,2045,3,1,1,1,2,88,4371202,721305,60,1,3,4,0,1,1,110,0,1,0,1,99,0
201600012219,16,11,21,2020,5,1,1,2,6,88,4370737,718925,60,1,1,1,0,2,2,0,35,2,3,1,99,0
201600012220,16,11,24,740,1,1,1,3,7,88,4370737,719147,60,1,3,4,0,1,1,0,0,2,7,1,99,0
201600012221,16,11,24,1030,1,1,1,3,6,104,4376305,744800,60,1,3,4,0,2,1,0,0,2,0,1,99,0
201600012222,16,12,7,721,2,1,1,1,4,88,4372236,722315,60,1,3,4,0,2,1,0,0,1,2,1,99,0
201600012223,16,12,12,650,3,1,1,1,5,150,4374391,735384,60,1,3,4,0,2,3,0,105,2,0,1,99,0
201600012224,16,12,30,1110,1,1,1,1,4,150,4374366,737745,60,1,1,5,0,1,2,0,0,1,7,1,99,0
201600012228,16,11,2,1730,3,1,1,1,6,168,4877301,729184,570,1,3,4,0,1,2,50,105,1,0,3,99,0
201600012231,16,3,31,745,1,1,1,1,2,195,4774677,727423,680,1,3,4,0,1,1,40,140,1,0,1,0,0
201600012248,16,11,10,1845,3,1,1,2,1,163,4812835,332292,560,3,2,1,0,2,1,0,60,2,0,1,0,0
201600012249,16,8,9,1530,1,2,1,1,3,210,4729630,220145,440,9,2,0,0,1,1,0,0,0,0,1,0,0
201600012250,16,10,8,1120,1,2,6,1,1,210,4729052,220904,440,9,4,2,3,1,0,7,10,1,0,0,0,0
201600012251,16,10,17,815,1,1,1,1,2,210,4730590,220629,440,3,1,4,0,1,1,0,70,1,0,1,99,0
201600012252,16,12,1,1805,2,1,1,1,5,103,4729056,217400,440,3,2,3,0,2,1,0,0,1,2,1,99,1
201600012253,16,12,2,1515,1,1,3,7,3,277,4766891,89525,490,3,2,2,0,1,1,0,0,1,0,1,99,0
201600012254,16,1,22,1845,3,1,3,1,3,121,4841609,34363,530,2,2,0,0,0,1,0,0,1,5,1,0,0
201600012255,16,2,15,745,2,1,1,8,1,96,4828937,92180,530,3,2,2,0,2,3,0,75,7,0,1,0,0
201600012256,16,3,4,1930,3,1,1,2,1,51,4834738,51447,530,2,2,2,0,0,1,0,70,2,0,1,0,0
201600012257,16,8,25,1200,1,1,1,1,2,16,4825956,33759,530,3,2,2,0,3,3,0,0,1,0,1,99,0
201600012258,16,12,1,1000,1,2,1,7,2,61,4841485,40618,530,3,2,2,0,0,2,0,60,1,0,1,99,0
201600012259,16,1,23,1545,1,1,1,8,1,308,5071515,195064,620,2,2,2,0,1,1,0,75,2,0,1,0,1
201600012265,16,1,15,2130,3,1,1,1,6,360,4973620,106736,760,2,3,4,0,0,2,0,0,1,0,3,0,0
201600012266,16,1,29,1815,3,1,1,1,6,405,4983325,106627,760,2,3,4,0,1,1,32,77,1,0,1,0,0
201600012267,16,5,27,745,1,1,1,3,1,405,4984212,106828,760,2,2,3,0,0,1,0,105,2,0,1,99,0
201600012268,16,9,18,1915,1,1,1,1,5,700,4968960,104479,760,2,3,4,0,1,4,25,70,9,0,1,0,0
201600012269,16,1,28,1815,2,1,1,1,1,497,4935794,74243,270,3,2,0,0,1,1,0,60,1,0,1,0,1
201600012270,16,3,29,1600,1,2,2,1,3,363,4940353,79724,270,3,2,2,0,1,1,0,72,1,5,1,99,0
201600012271,16,4,13,815,1,2,1,7,2,497,4935803,72877,270,3,2,2,0,1,1,0,65,1,0,1,99,0
201600012272,16,6,20,1730,1,1,3,2,2,665,4940946,57951,270,3,2,2,0,1,1,0,6,2,0,1,0,0
201600012273,16,7,8,1145,1,1,1,1,2,105,4931440,89343,270,3,2,2,0,0,1,0,60,1,0,1,99,0
201600012274,16,3,18,1715,1,2,3,1,1,274,4933801,139369,270,4,0,0,0,1,1,0,0,1,0,1,0,0
201600012275,16,4,25,915,1,1,2,8,2,567,4925667,156000,270,3,2,2,0,1,1,0,790,1,0,1,0,0
201600012276,16,6,4,645,2,1,1,1,3,188,4929939,107968,270,3,2,0,0,1,2,0,7,1,0,1,0,1
201600012278,16,4,28,1715,1,1,1,1,3,324,4482300,20000,330,3,2,2,0,1,1,0,65,1,0,1,99,1
201600012279,16,5,17,1245,1,1,1,1,2,308,4586845,96959,170,3,3,2,0,0,2,0,72,1,0,1,99,0
201600012280,16,12,16,1300,1,1,2,1,5,385,4592740,128430,170,3,2,2,0,1,1,0,66,1,0,1,0,0
201600012282,16,1,11,1530,1,2,1,1,6,282,4323530,157551,90,4,2,0,0,1,2,0,36,1,0,1,0,1
201600012283,16,7,28,1430,1,1,1,1,1,228,4273964,178767,90,2,2,2,0,1,1,0,95,1,0,1,99,1
201600012284,16,2,5,1200,1,2,3,1,3,111,4294859,105858,90,4,2,1,0,2,1,0,46,1,0,1,0,0
201600012285,16,4,8,1630,1,1,1,8,1,86,4303472,107224,90,3,2,0,0,0,1,0,75,1,0,1,0,1
201600012286,16,2,6,345,3,1,1,1,2,101,4460920,224049,120,3,2,0,0,0,2,0,50,0,0,0,0,0
201600012287,16,7,8,842,1,1,1,7,5,150,4429200,200500,120,3,2,2,0,1,1,0,54,1,0,1,99,0
201600012288,16,8,2,1845,1,1,1,1,3,16,4451397,235755,120,3,2,2,0,2,1,0,127,1,5,1,0,1
201600012289,16,3,31,1800,1,2,1,8,6,374,4837578,220394,910,3,2,2,0,1,1,0,54,2,0,1,0,0
201600012290,16,5,23,300,3,1,1,3,6,252,4863215,268905,770,3,2,2,0,1,1,0,80,2,0,1,99,0
201600012292,16,5,24,657,1,2,2,7,3,223,4848619,308971,770,3,2,2,0,1,1,0,65,1,5,1,99,0
201600012294,16,1,15,1530,1,1,2,7,3,308,4871487,111058,280,3,2,2,0,1,1,0,58,1,0,1,99,0
201600012295,16,10,3,1015,1,1,1,1,6,330,4441300,442300,70,3,2,2,0,4,2,0,66,1,0,3,0,0
201600012296,16,1,12,1230,1,1,1,2,1,61,4596049,392978,420,3,2,0,0,1,3,0,62,2,0,1,99,1
201600012297,16,1,29,30,3,1,1,2,1,229,4617654,438679,420,3,2,2,0,0,3,0,66,2,0,1,99,1
201600012298,16,5,21,1900,1,1,2,7,3,267,4615432,415010,420,3,2,2,0,1,1,0,60,1,5,1,99,1
201600012305,16,9,3,1245,1,1,1,1,4,397,4522950,582907,380,1,3,0,0,1,1,25,75,1,0,1,0,0
201600012340,16,10,7,1655,1,1,1,7,5,161,4363232,712251,60,1,3,3,0,2,1,10,130,1,0,1,99,0
201600012341,16,10,16,1555,1,1,1,1,6,4,4359336,710614,60,1,3,1,0,1,3,0,35,1,2,1,99,0
201600012342,16,10,19,2140,3,1,1,1,2,85,4358388,701220,60,1,3,4,0,4,2,10,105,1,0,1,99,0
201600012343,16,11,14,602,3,1,1,1,6,27,4366036,715986,60,1,1,4,0,1,1,15,105,1,0,1,99,0
201600012344,16,1,22,1600,1,1,1,8,6,300,4342783,62412,640,1,3,2,0,1,1,15,60,2,0,1,0,0
201600012345,16,1,25,1715,1,1,1,1,6,520,4331334,26531,640,1,3,4,0,1,1,0,0,1,0,2,99,0
201600012346,16,2,8,530,3,1,1,1,5,290,4338490,52123,640,1,3,2,0,1,2,0,0,1,0,1,0,1
201600012347,16,3,7,845,1,1,1,1,2,198,4337068,48531,640,1,1,2,3,1,1,30,70,1,0,1,0,0
201600012348,16,3,16,1345,1,1,1,1,6,445,4332389,30649,640,1,1,0,3,0,1,30,70,1,0,1,0,0
201600012349,16,5,5,1130,1,1,1,1,5,335,4334470,40497,640,1,3,2,0,1,1,20,65,1,0,1,0,0
201600012350,16,6,8,1630,1,1,1,1,5,80,4336076,46837,640,1,3,2,0,1,1,20,65,1,0,2,0,0
201600012351,16,7,5,1930,1,1,1,1,6,131,4346960,74950,640,1,3,0,0,1,1,20,65,1,3,1,0,0
201600012352,16,9,9,1700,1,1,1,3,6,108,4351032,91574,640,1,3,0,0,1,1,10,70,2,0,2,0,0
201600012353,16,10,12,2015,3,1,1,2,2,305,4351893,97688,640,1,3,2,0,1,1,25,73,2,0,0,0,0
201600012354,16,6,20,1215,1,1,1,1,1,172,4270500,284551,660,4,2,2,0,1,1,0,45,1,0,1,99,0
201600012356,16,12,15,1400,1,2,1,1,3,172,4270955,285025,660,4,2,2,0,1,1,0,0,1,0,1,0,0
201600012357,16,2,11,930,3,1,1,2,5,276,4585800,345900,630,1,3,2,0,1,1,20,70,2,0,1,99,0
201600012358,16,9,25,1845,2,1,1,3,6,213,4583300,323600,630,1,1,2,0,1,1,100,0,2,0,3,0,0
201600012359,16,10,10,1945,3,1,1,1,6,72,4587600,369800,630,1,3,2,0,2,1,20,70,1,0,1,0,0
201600012374,16,7,2,330,3,1,1,1,6,81,4603900,660400,740,3,2,2,0,0,1,0,80,1,0,1,99,1
201600012392,16,1,12,1400,1,1,1,4,1,217,4498270,88689,240,3,2,2,0,2,2,0,73,2,0,1,0,1
201600012393,16,6,28,400,3,1,1,1,2,68,4447710,2848,470,1,3,4,0,1,1,30,160,1,0,2,0,1
201600012394,16,8,25,915,1,1,1,1,2,285,4443390,12736,470,1,3,4,0,1,1,30,152,1,0,1,0,0
201600012395,16,10,17,915,2,1,1,1,5,78,4428860,26437,470,1,3,2,0,1,1,30,110,1,0,1,99,0
201600012396,16,11,4,1730,3,1,1,3,5,78,4430440,25982,470,1,3,2,0,1,1,10,0,2,0,2,0,0
201600012405,16,2,15,815,1,1,1,2,6,316,4755041,396127,890,1,1,2,0,2,1,20,70,2,0,2,0,1
201600012406,16,6,26,1015,1,1,1,1,7,341,4771226,377953,890,1,3,2,0,2,1,20,70,1,0,3,0,0
201600012407,16,7,17,2030,1,1,1,1,2,277,4767535,386249,890,1,3,2,0,1,1,40,100,1,0,1,0,0
201600012408,16,7,24,1,3,2,1,1,6,318,4738178,399653,890,3,2,0,0,2,3,0,63,1,0,1,0,0
201600012409,16,8,1,1545,1,1,1,1,6,208,4762439,390770,890,1,3,2,0,1,1,20,70,1,0,1,0,0
201600012410,16,8,5,1200,1,1,1,1,7,277,4767012,386685,890,1,3,2,0,1,1,20,70,1,0,3,0,0
201600012411,16,11,21,430,3,1,1,1,2,109,4750459,405680,890,1,3,0,0,1,1,30,100,1,0,1,0,0
201600012412,16,12,3,2145,3,1,1,1,6,208,4764557,390651,890,1,3,2,0,1,1,30,70,1,0,3,0,0
201600012413,16,4,18,815,1,1,1,1,3,129,4685687,152717,850,3,2,2,0,2,1,0,64,1,0,1,0,0
201600012414,16,10,28,1830,2,1,1,1,1,280,4688895,192651,850,3,2,2,0,0,4,0,52,1,0,1,99,1
201600012415,16,12,19,1720,1,1,1,1,5,122,4295896,158985,90,3,2,2,0,2,2,0,0,1,0,1,99,0