Num_Acc,an,mois,jour,hrmn,lum,agg,int,atm,col,com,lat,long,dep,catr,circ,nbv,vosp,prof,plan,lartpc,larrout,surf,infra,situ,env1,killed
201600012416,16,1,20,1330,1,2,1,1,6,122,4296235,160566,90,4,0,1,0,1,1,0,70,1,0,1,3,0
201600012417,16,2,3,1920,5,2,3,1,3,207,4293402,163407,90,4,2,2,0,1,1,0,65,1,0,1,99,0
201600012418,16,2,20,1145,1,1,1,1,2,122,4297656,162233,90,2,3,2,0,1,1,0,80,1,0,1,99,0
201600012419,16,2,10,1920,3,1,1,2,7,122,4297188,158437,90,3,2,3,0,2,2,0,109,2,0,1,99,1
201600012420,16,3,18,715,1,1,1,1,3,617,4865875,251965,910,2,3,4,0,1,1,0,0,1,0,1,99,0
201600012421,16,7,12,1400,1,1,1,1,1,617,4865400,250600,910,3,2,2,0,1,1,0,0,1,0,1,0,0
201600012422,16,9,15,1930,2,1,1,7,2,573,4858890,252265,910,3,2,2,0,1,1,0,80,1,0,1,99,0
201600012423,16,10,1,2245,3,1,1,1,5,617,4864426,250364,910,3,2,2,0,1,1,0,90,1,0,1,99,0
201600012425,16,8,27,1045,1,1,9,1,4,253,4502770,607761,380,3,2,2,0,2,2,0,70,1,1,1,99,1
201600012426,16,3,12,2245,5,2,1,1,1,225,4313209,162330,90,3,2,2,0,1,3,0,73,1,0,1,0,0
201600012427,16,5,30,935,1,2,1,1,6,225,4311968,161183,90,4,2,2,0,0,0,0,70,0,0,1,0,1
201600012428,16,3,11,1945,2,2,1,1,3,225,4310837,161733,90,3,2,2,0,2,1,0,60,1,0,1,0,0
201600012429,16,6,21,1215,1,2,4,1,3,225,4311659,163205,90,4,2,2,0,1,3,0,61,1,0,1,99,0
201600012430,16,5,18,1605,1,2,7,1,6,225,4311610,161015,90,4,1,1,0,1,2,0,60,1,0,1,99,0
201600012431,16,7,1,1610,1,2,1,1,6,225,4311492,161447,90,4,2,2,0,1,1,0,63,1,0,3,99,0
201600012432,16,9,4,1115,1,2,1,1,1,225,4310504,161972,90,3,2,2,0,1,3,0,143,1,0,1,99,0
201600012433,16,9,23,2335,5,2,1,1,6,225,4310902,161026,90,4,2,2,0,1,1,0,0,1,0,1,0,0
201600012434,16,11,13,2050,5,2,2,1,6,225,4311545,161467,90,4,2,2,0,1,1,0,149,2,5,1,99,0
201600012435,16,2,21,300,3,1,1,1,6,35,4353940,150666,310,1,3,3,3,1,1,30,105,1,0,1,99,1
201600012437,16,3,29,1615,1,1,1,1,1,48,4344909,162953,310,3,2,0,0,0,1,0,0,1,0,1,0,0
201600012438,16,7,15,600,2,1,1,1,6,429,4350660,153239,310,1,1,0,0,1,1,20,125,1,0,2,0,1
201600012439,16,10,4,1735,1,1,1,1,2,254,4354608,150014,310,1,1,5,3,1,1,0,29,1,7,1,99,0
201600012440,16,10,8,930,1,1,1,1,7,185,4322242,163789,90,1,3,2,3,1,1,20,100,1,0,3,99,0
201600012441,16,10,9,1725,1,1,1,1,7,374,4341679,165496,310,1,1,1,0,1,3,0,42,1,3,3,99,0
201600012442,16,10,27,930,1,1,3,5,3,478,4343061,195368,310,3,2,2,0,1,0,6,720,2,0,1,99,0
201600012443,16,11,18,2223,3,1,1,1,2,243,4334128,182763,110,1,3,4,3,1,1,10,98,1,0,1,99,0
201600012455,16,4,28,1545,1,1,1,1,1,162,4455613,159765,460,3,2,2,0,1,3,0,68,1,0,1,0,0
201600012456,16,7,2,315,3,1,1,1,6,49,4447154,177819,460,3,2,2,0,1,3,0,46,1,0,3,99,1
201600012457,16,12,10,1630,2,1,1,1,6,7,4443556,151156,460,4,2,2,0,2,1,0,35,1,0,3,0,0
201600012458,16,1,8,1200,1,1,9,1,6,208,4584200,462500,690,1,1,0,0,1,3,0,0,1,3,1,0,0
201600012460,16,3,29,1145,1,1,1,1,1,254,4594400,443700,690,3,2,2,1,0,1,0,99,1,0,1,0,1
201600012464,16,10,14,2210,3,1,1,2,6,102,4587756,439815,690,1,3,5,3,2,2,30,120,2,0,1,99,0
201600012465,16,11,9,654,2,1,1,2,5,102,4589033,436777,690,1,3,5,0,2,3,80,320,2,2,0,99,0
201600012466,16,12,6,1745,3,1,1,5,4,50,4586366,463174,690,1,3,4,0,1,1,100,120,1,0,1,99,0
201600012467,16,12,26,1405,1,1,1,1,6,112,4581268,465051,690,1,3,4,3,1,1,0,0,1,0,1,99,0
201600012472,16,2,6,545,3,1,1,1,6,297,4759144,754520,680,1,3,4,0,1,3,40,140,1,3,1,0,0
201600012473,16,3,29,900,1,1,1,1,7,300,4777389,740015,680,1,1,2,0,2,2,0,72,1,3,3,0,0
201600012474,16,4,3,1330,1,1,1,1,6,300,4778940,739910,680,1,1,1,0,1,1,0,47,1,3,3,99,0
201600012475,16,7,31,2030,2,1,1,2,7,103,4764498,745544,680,1,3,4,0,1,1,35,140,2,0,3,0,0
201600012478,16,9,20,230,3,1,1,1,2,278,4774769,742053,680,1,3,2,0,1,1,32,140,1,0,1,0,0
201600012479,16,9,29,1315,1,1,1,1,2,253,4748053,749409,680,1,3,4,0,1,1,32,140,1,0,1,99,0
201600012480,16,10,10,1130,1,2,4,1,6,300,4778462,740714,680,1,3,4,0,1,1,30,140,1,0,0,0,0
201600012481,16,11,6,415,4,1,1,1,6,21,4763660,750012,680,1,3,4,0,1,1,30,140,1,2,3,0,1
201600012482,16,12,5,1615,1,1,1,1,7,300,4778942,739906,680,1,1,1,0,2,1,0,69,1,3,1,0,0
201600012484,16,1,12,1445,1,1,1,1,6,228,4804440,39223,530,1,3,2,0,2,1,0,0,1,0,3,99,0
201600012485,16,2,23,1345,1,1,1,1,7,49,4815479,63917,530,3,2,2,0,1,1,0,62,1,0,1,99,0
201600012486,16,4,1,1115,1,1,1,1,6,26,4799526,98203,530,3,2,2,0,4,1,0,64,1,0,3,99,0
201600012487,16,4,9,615,3,1,1,3,6,34,4809573,69309,530,1,3,2,0,0,1,0,0,2,0,1,99,1
201600012488,16,5,8,630,2,1,1,1,2,7,4807605,64557,530,1,3,2,0,1,1,12,70,1,0,1,0,0
201600012489,16,5,10,1315,1,1,1,1,5,267,4805163,43359,530,1,3,4,0,0,0,0,0,1,0,1,0,0
201600012490,16,7,15,1800,1,1,1,1,6,7,4807532,61294,530,1,3,2,0,1,1,12,72,1,0,3,99,0
201600012491,16,7,23,830,1,1,1,1,6,262,4806955,55870,530,1,3,4,0,1,1,25,72,1,0,3,0,1
201600012492,16,12,10,1100,1,2,7,8,3,1,4778329,62965,530,3,2,2,0,1,0,0,52,2,5,1,3,1
201600012493,16,1,8,630,2,1,1,1,7,48,4737864,126274,440,1,0,2,0,1,1,28,70,1,0,2,99,0
201600012494,16,1,15,1330,1,1,1,1,7,28,4734409,136884,440,1,1,2,0,1,1,20,70,1,0,3,99,0
201600012495,16,1,27,1515,1,1,1,1,6,26,4729900,143607,440,1,3,2,0,1,1,15,70,1,0,3,0,0
201600012496,16,2,1,1415,1,1,1,1,6,104,4741545,96851,440,1,3,0,0,1,1,0,0,1,0,3,0,0
201600012497,16,3,21,1930,3,1,1,1,2,3,4740033,119746,440,1,3,0,0,1,1,0,0,1,0,1,0,0
201600012498,16,6,23,1045,1,1,1,1,2,3,4740033,119746,440,1,3,2,0,0,1,10,122,1,3,1,0,1
201600012499,16,1,11,830,2,1,1,2,6,43,4424970,30262,470,6,0,0,0,1,1,40,0,2,0,1,0,0
201600012500,16,6,4,615,2,1,1,1,2,97,4423050,33235,470,1,3,4,0,1,3,0,0,1,0,1,0,0
201600012501,16,9,4,1645,1,1,1,1,7,41,4421330,40247,470,1,3,2,3,1,1,30,70,1,0,1,0,0
201600012502,16,12,3,1615,1,1,1,1,7,78,4427940,27041,470,1,3,4,0,1,1,30,95,1,3,3,0,0
201600012503,16,12,21,1845,3,1,1,1,5,267,4427240,27521,470,1,3,4,3,1,1,30,70,1,0,1,0,0
201600012508,16,4,14,1915,1,1,1,1,6,202,4384570,132294,310,1,1,3,0,1,3,20,90,1,0,2,0,1
201600012517,16,1,16,1630,1,1,1,1,7,27,4211693,892198,201,3,2,0,0,2,4,0,42,1,0,1,0,0
201600012522,16,1,1,1415,1,1,1,1,6,150,4706949,543871,390,1,0,4,0,4,2,0,70,1,3,3,0,0
201600012523,16,2,3,1815,3,1,1,8,5,233,4708679,542007,390,1,1,2,0,1,1,20,100,1,0,1,0,0
201600012524,16,3,16,1745,1,1,1,1,6,448,4699657,549932,390,1,3,2,0,0,1,100,35,1,0,3,0,0
201600012525,16,6,8,715,1,1,1,1,1,252,4704134,544793,390,3,2,3,0,0,1,0,84,1,0,1,0,0
201600012526,16,11,14,1700,2,1,1,1,5,219,4717124,577886,390,3,2,2,0,1,1,0,70,1,0,1,0,0
201600012527,16,12,13,15,3,1,1,2,6,31,4717235,566014,390,1,3,4,0,2,1,0,0,2,0,1,0,0
201600012528,16,3,26,800,1,2,4,1,3,397,4524597,583107,380,3,2,2,0,1,1,0,0,1,0,1,0,0
201600012530,16,4,27,1245,1,2,1,1,1,431,4525897,585219,380,3,2,0,0,1,1,0,74,1,0,1,0,0
201600012533,16,7,20,2330,3,1,1,1,7,435,4529779,586672,380,3,2,2,0,1,3,0,60,1,0,1,99,0
201600012535,16,12,6,1915,5,2,3,1,6,229,4520521,576478,380,3,3,3,0,1,1,32,176,1,0,1,99,0
201600012536,16,2,22,1500,1,2,6,2,7,85,4360477,700187,60,3,2,0,0,2,1,35,0,2,0,1,0,0
201600012538,16,4,9,245,5,2,1,1,3,85,4358746,699657,60,3,2,2,0,1,1,0,97,1,0,1,0,0
201600012548,16,10,9,1700,1,2,3,1,2,85,4361097,696708,60,3,2,2,0,2,0,7,10,1,0,0,0,0
201600012549,16,10,11,1915,2,2,1,1,2,85,4359211,704358,60,3,2,2,0,1,1,0,80,9,0,1,99,0
201600012550,16,10,17,920,1,2,1,1,3,85,4360575,704616,60,3,2,3,0,2,1,0,40,1,0,1,99,0
201600012552,16,10,29,1630,1,2,3,1,3,85,4360850,696454,60,3,2,2,0,2,0,7,10,1,0,0,0,0
201600012553,16,11,29,855,1,1,1,1,5,85,4360522,699019,60,3,1,4,0,1,1,10,100,1,0,1,99,0
201600012561,16,11,16,845,1,1,1,1,2,466,4893100,199900,780,3,1,0,0,2,1,30,0,1,0,1,99,0
201600012562,16,2,22,645,2,1,6,5,4,122,4471199,75962,330,4,3,2,0,0,0,0,0,0,5,0,0,0
201600012563,16,3,6,1500,1,1,6,1,3,122,4472320,74858,330,3,2,2,0,0,1,0,0,1,5,1,0,0
201600012564,16,3,30,1230,1,1,1,1,7,122,4474754,75372,330,3,2,2,0,0,0,0,0,0,0,0,0,0
201600012565,16,4,18,1545,1,2,6,1,2,122,4474499,68292,330,4,2,2,0,0,0,0,0,0,5,0,0,1
201600012566,16,4,27,645,1,1,1,1,1,122,4472400,73900,330,3,2,2,0,3,1,0,112,1,2,1,99,0
201600012567,16,6,12,645,3,1,1,1,6,122,4473800,75900,330,3,2,2,0,1,1,0,60,1,0,1,0,1
201600012568,16,9,20,1715,2,1,4,1,1,122,4476226,68838,330,3,2,2,3,1,1,0,102,1,5,1,99,0
201600012569,16,9,25,1515,1,1,1,1,7,122,4476700,68700,330,3,2,0,0,1,1,0,103,1,5,1,99,0
201600012570,16,12,16,1945,5,1,6,1,6,122,4475499,68568,330,1,1,1,0,0,0,0,0,0,3,0,0,0
201600012580,16,7,15,800,1,1,1,1,6,246,4641538,11938,790,1,3,4,0,2,3,0,0,1,0,1,0,0
201600012581,16,7,19,430,3,1,1,1,2,3,4629347,38319,790,1,3,4,0,1,1,40,200,1,0,1,0,0
201600012582,16,9,18,800,2,1,1,1,6,290,4640005,62197,790,1,3,0,0,1,1,0,0,1,0,1,0,0
201600012585,16,10,22,815,1,1,1,1,7,50,4549088,61469,170,1,3,4,0,1,1,30,130,1,0,3,0,0
201600012587,16,12,28,1515,1,1,1,1,7,50,4548397,61742,170,1,3,4,0,1,1,30,120,1,0,3,99,0
201600012588,16,1,7,800,1,2,1,1,1,269,4186100,940000,201,2,2,2,0,1,1,0,0,1,0,1,99,0
201600012589,16,4,2,315,5,2,1,1,7,362,4170500,935400,201,2,3,2,0,0,3,0,39,0,0,0,0,0
201600012590,16,4,3,1745,1,1,1,1,6,92,4172300,940300,201,2,2,2,0,2,2,0,79,1,0,0,99,0
201600012595,16,6,16,1115,1,1,1,1,2,362,4171500,939500,201,2,2,2,0,2,1,0,70,1,0,1,99,0
201600012596,16,6,19,1215,1,1,1,2,6,139,4165599,932600,201,3,2,2,0,2,2,0,60,2,0,3,0,0
201600012597,16,6,26,1630,1,1,1,1,3,269,4180500,939400,201,2,2,0,0,2,4,0,73,1,0,1,99,0
201600012598,16,6,30,1330,1,2,1,1,3,362,4169900,933900,201,2,2,2,0,1,1,0,78,1,0,1,99,0
201600012600,16,7,20,1600,1,1,1,7,6,269,4182400,940400,201,2,2,2,0,0,2,0,55,1,0,0,0,0
201600012601,16,3,26,240,3,1,1,1,7,184,4926130,78271,140,3,2,2,0,1,1,0,0,1,0,3,99,0
201600012620,16,6,18,245,3,1,1,1,2,32,4586000,515000,10,1,3,5,0,2,1,10,105,1,0,1,99,0
201600012621,16,7,12,845,1,1,1,8,7,7,4599000,531000,10,1,3,2,0,1,2,100,25,1,0,3,99,0
201600012623,16,8,21,1045,1,1,1,1,2,557,4578475,508059,380,1,3,2,3,1,1,15,70,1,0,1,0,0
201600012624,16,10,5,123,3,1,1,5,2,213,4592886,527363,10,1,3,2,0,1,1,25,130,1,0,2,0,0
201600012625,16,11,4,1830,3,1,1,1,1,290,4589079,517612,10,3,2,2,0,1,1,0,100,1,0,1,99,1
201600012626,16,7,17,645,1,1,1,1,3,27,4732200,98300,370,3,2,2,0,1,1,0,76,1,0,1,99,0
201600012627,16,9,14,1315,1,1,1,8,2,30,4759200,88500,370,3,2,2,0,1,1,0,70,1,0,1,0,0
201600012628,16,2,16,1545,1,2,1,1,6,279,4549979,424033,420,3,2,2,0,1,1,0,70,1,0,1,99,0
201600012629,16,3,11,2230,3,1,1,1,6,279,4549220,429959,420,3,3,0,0,1,2,0,75,1,0,1,99,0
201600012630,16,3,15,2200,3,1,1,2,7,279,4551849,427207,420,3,3,0,0,1,1,101,0,2,0,2,99,0
201600012631,16,3,16,1500,1,2,1,4,6,279,4549935,424049,420,3,2,2,0,1,1,0,61,2,0,1,99,0
201600012632,16,3,18,1730,1,1,1,1,7,42,4545178,423066,420,3,2,2,0,0,1,0,64,1,0,1,0,0
201600012633,16,3,19,1915,2,1,1,1,1,169,4546262,411699,420,3,2,2,0,1,2,0,70,1,0,1,0,0
201600012634,16,4,19,1715,1,1,1,1,3,42,4545412,422584,420,3,2,2,0,2,2,0,67,1,0,1,99,1
201600012635,16,5,7,1130,1,2,1,7,1,279,4549942,424411,420,3,2,2,0,2,1,0,86,1,0,1,0,0
201600012636,16,5,12,1115,1,1,1,8,7,126,4546003,411031,420,3,2,2,0,1,3,0,69,1,0,1,0,0
201600012637,16,5,23,1400,1,2,1,8,3,279,4549885,424259,420,3,2,2,0,1,1,0,80,1,0,1,0,0
201600012638,16,6,24,1615,1,2,1,1,6,279,4549930,424218,420,4,1,0,0,1,1,0,0,1,0,1,99,0
201600012639,16,7,26,515,5,2,1,1,6,279,4551871,426427,420,3,2,0,0,1,1,0,63,1,4,1,99,0
201600012640,16,7,30,2015,1,1,1,2,6,169,4545730,415165,420,3,2,2,0,3,0,0,65,2,0,1,99,0
201600012641,16,8,2,1800,1,1,1,1,7,279,4549268,429402,420,3,2,2,0,1,0,0,76,1,0,1,99,0
201600012642,16,8,7,2000,2,1,1,1,3,42,4545135,423065,420,3,2,2,0,1,1,0,65,1,0,1,0,0
201600012643,16,8,30,1615,1,2,1,1,1,279,4549979,423926,420,3,2,2,0,0,1,60,0,1,5,1,0,0
201600012644,16,9,24,1230,1,2,1,7,3,279,4549684,424408,420,3,2,2,0,1,1,0,85,1,0,1,0,0
201600012645,16,9,25,315,5,2,1,1,7,256,4550070,416250,420,3,2,2,0,1,1,0,71,1,5,1,99,0
201600012646,16,10,10,1545,1,1,1,1,3,256,4547200,413980,420,3,2,2,0,1,1,0,60,1,0,1,99,0
201600012647,16,11,30,1945,5,2,1,1,2,279,4550466,426467,420,3,2,2,0,1,1,0,0,1,0,1,3,0
201600012648,16,1,17,515,3,1,1,9,6,135,4851400,244200,910,5,2,2,0,2,4,0,0,7,0,3,0,0
201600012649,16,9,18,530,3,1,6,5,7,244,4855348,241558,910,3,2,2,0,1,2,0,53,2,5,1,99,1
201600012650,16,12,11,1815,3,1,6,5,6,244,4855001,241243,910,3,2,2,0,1,2,0,53,2,5,3,99,0
201600012651,16,12,12,1000,1,1,6,8,1,244,4855354,241554,910,3,2,2,0,1,2,0,0,2,5,1,99,0
201600012652,16,3,22,830,1,1,1,1,2,449,4920578,419496,510,3,2,2,0,1,1,0,47,1,0,1,99,0
201600012653,16,5,28,2000,1,1,1,1,2,428,4911857,424907,510,3,3,4,0,1,1,20,150,1,0,1,99,0
201600012654,16,6,1,1315,1,1,1,1,1,44,4917019,417818,510,3,2,2,0,1,3,0,70,2,0,1,99,1
201600012655,16,6,6,2015,1,1,8,1,3,449,4919948,417678,510,3,2,2,0,1,1,0,69,1,4,1,99,1
201600012656,16,7,8,1545,1,1,2,1,1,333,4916631,408378,510,3,2,2,0,1,1,0,61,1,5,0,99,1
201600012657,16,7,19,1845,1,1,1,1,1,629,4915508,401198,510,3,2,3,0,3,3,0,119,1,0,1,99,0
201600012658,16,8,20,2230,3,1,6,1,6,44,4918228,416646,510,3,2,2,0,1,3,20,93,1,5,3,99,0
201600012659,16,9,22,930,1,1,3,1,3,613,4916601,414637,510,4,2,1,0,2,1,0,40,1,0,1,99,0
201600012660,16,11,13,1200,1,1,1,8,1,629,4915618,401152,510,3,2,3,0,2,1,0,118,2,0,1,99,0
201600012661,16,12,14,400,3,1,1,1,1,44,4917391,416905,510,3,2,2,0,1,1,0,70,1,0,1,99,0
201600012662,16,12,16,845,1,2,2,1,6,79,4907923,414785,510,4,2,2,0,1,1,0,0,1,0,1,99,0
201600012663,16,12,21,1730,3,1,2,1,3,571,4920184,425526,510,3,2,2,0,1,1,0,70,1,0,1,99,0
201600012664,16,8,30,1430,1,2,1,1,7,157,4355414,135792,310,3,0,2,3,1,2,0,0,1,5,1,99,0
201600012665,16,1,4,1045,1,2,1,1,6,18,4362368,710960,60,4,2,0,0,2,2,60,0,1,0,3,0,0
201600012669,16,3,6,1030,1,2,1,1,1,18,4362832,709597,60,3,2,0,0,2,1,0,70,1,0,1,0,0
201600012671,16,4,21,1800,1,2,1,1,5,152,4364227,703349,60,3,2,1,0,1,2,0,55,1,0,1,3,1
201600012672,16,4,27,1900,1,2,1,1,3,18,4362430,710381,60,3,2,2,0,0,2,0,70,1,0,1,0,0
201600012685,16,10,10,1455,1,1,1,1,5,152,4361101,704949,60,3,1,4,0,1,1,0,64,1,0,1,99,0
201600012686,16,10,19,747,1,1,1,1,2,152,4362346,701098,60,3,2,2,0,1,1,0,64,1,0,1,99,0
201600012687,16,10,28,1140,1,1,1,1,6,18,4361602,707719,60,3,3,2,0,2,1,20,70,1,0,1,99,0
201600012688,16,10,30,910,1,2,1,1,3,152,4364395,701512,60,3,2,2,0,1,1,0,0,1,0,1,99,0
201600012689,16,11,9,1040,1,2,1,2,7,18,4362150,709946,60,3,2,2,0,4,1,0,68,2,0,1,99,0
201600012690,16,11,23,820,1,1,1,2,5,18,4361639,709245,60,3,2,3,0,2,3,0,116,2,0,1,99,0
201600012691,16,11,25,1850,5,1,1,1,5,152,4362375,700713,60,3,2,2,0,1,1,0,66,1,0,1,99,0
201600012692,16,11,26,1200,1,1,1,1,1,152,4360534,705209,60,3,2,2,0,1,3,0,80,1,0,1,99,1
201600012693,16,11,30,1835,3,2,6,1,6,18,4361761,707050,60,3,2,2,0,1,0,313,916,1,0,0,0,0
201600012694,16,12,2,750,1,2,1,1,7,18,4362867,709712,60,4,1,1,0,2,1,0,46,2,0,1,99,0
201600012695,16,12,15,1220,1,1,1,1,6,18,4362120,705952,60,3,2,2,0,1,1,0,77,1,0,1,99,0
201600012696,16,12,30,1500,1,2,1,1,6,152,4360556,705937,60,3,1,2,0,2,1,0,73,1,0,3,99,1
201600012702,16,10,7,1015,1,2,1,1,6,244,4576357,477358,690,3,2,2,0,1,1,0,100,1,0,1,99,0
201600012703,16,10,19,1850,1,2,1,1,3,244,4575637,477171,690,3,2,2,0,1,0,7,10,1,0,0,0,0
201600012704,16,11,18,2340,5,2,1,1,1,244,4575815,477525,690,4,2,2,1,1,1,0,107,1,0,1,99,1
201600012705,16,12,1,1645,1,2,2,1,3,244,4576892,475859,690,3,1,4,0,1,0,0,10,1,0,0,0,0
201600012706,16,12,6,1805,5,2,1,5,3,244,4577031,478884,690,4,2,2,0,2,1,0,30,1,0,1,99,0
201600012707,16,12,8,1945,5,2,1,1,3,244,4576484,476879,690,4,2,4,0,1,0,0,15,1,0,0,0,0
201600012708,16,12,11,2145,5,2,1,1,3,244,4575454,477970,690,3,4,2,3,1,1,0,120,1,0,1,99,0
201600012710,16,12,14,1230,1,2,1,1,3,425,4539762,477776,380,4,1,1,0,1,1,0,38,1,0,5,99,0
201600012711,16,1,8,1745,3,1,1,3,5,120,4604200,630200,740,3,2,0,0,2,4,0,60,2,0,1,99,0
201600012715,16,3,5,1430,1,1,1,2,7,320,4364044,373376,340,3,2,2,0,2,1,0,45,1,0,1,0,0
201600012716,16,3,24,1315,1,1,1,1,2,153,4372990,380265,340,3,2,0,0,1,1,75,0,1,0,1,0,0
201600012717,16,8,25,130,3,1,1,1,7,82,4366816,380013,340,3,2,2,0,1,4,0,60,1,0,1,99,1
201600012727,16,8,11,700,1,1,1,1,7,29,4643541,526961,10,1,3,0,0,1,1,85,70,1,0,1,99,0
201600012730,16,9,28,2000,2,1,1,1,6,24,4625998,516675,10,1,1,0,0,1,1,10,150,1,0,1,99,1
201600012731,16,11,1,2045,3,1,1,1,6,159,4632905,488010,10,1,3,2,0,1,1,0,70,1,0,1,99,0
201600012732,16,10,7,850,1,1,1,1,3,206,4885407,301845,770,3,2,2,0,1,3,0,57,1,0,1,99,0
201600012733,16,10,12,1215,1,1,2,1,3,31,4867267,295962,770,3,2,2,0,3,0,20,91,1,5,1,99,1
201600012734,16,11,22,1600,1,2,9,1,6,183,4895055,312465,770,5,1,1,3,1,0,5,10,1,0,0,0,0
201600012750,16,5,19,830,1,2,1,1,1,37,4355043,522312,130,3,2,2,0,1,1,35,0,1,0,1,0,0
201600012753,16,9,21,800,1,1,1,1,3,37,4355199,517941,130,3,2,0,0,0,1,0,0,1,0,1,0,0
201600012755,16,10,22,1730,1,1,1,1,2,430,4907190,232420,950,2,3,4,0,1,1,0,0,1,5,1,99,0
201600012756,16,12,2,1545,1,1,1,8,7,28,4906170,234070,950,2,3,4,0,1,1,0,0,2,0,1,99,0
201600012757,16,5,14,1045,1,2,1,2,6,32,4272162,183728,90,3,2,2,0,1,1,0,70,2,0,1,0,0
201600012758,16,5,16,1215,1,1,1,1,5,228,4273134,180401,90,2,2,3,0,1,1,0,122,1,5,1,0,1
201600012759,16,6,3,2030,1,1,1,8,3,139,4259012,180366,90,2,0,2,0,2,1,0,0,0,0,1,0,0
201600012760,16,7,24,1445,1,1,1,1,1,32,4268443,182411,90,2,2,1,0,2,2,0,76,1,0,1,0,1
201600012761,16,10,6,1015,1,1,1,8,6,32,4268652,182317,90,2,2,2,0,1,3,0,80,2,0,1,99,0
201600012762,16,11,5,1900,3,1,1,2,5,4,4277560,169739,90,2,2,2,0,2,2,0,80,2,0,1,99,0
201600012763,16,3,27,2000,5,2,1,1,3,59,4817890,172425,350,4,2,1,0,1,1,0,0,1,0,1,0,0
201600012764,16,4,3,245,3,1,1,1,2,275,4815803,181817,350,2,1,2,0,1,1,0,0,1,0,1,99,0
201600012765,16,4,14,1000,1,1,1,1,1,275,4813854,187095,350,3,2,2,0,1,1,0,59,1,0,1,0,0
201600012766,16,5,28,1830,1,1,1,1,1,210,4815012,174418,350,3,2,2,0,1,1,0,78,1,0,1,99,0
201600012767,16,7,1,1345,1,2,6,1,1,210,4814103,176642,350,4,2,5,3,1,1,50,150,1,6,1,99,0
201600012768,16,7,7,1630,1,1,1,1,1,210,4812570,177279,350,3,2,2,0,1,1,0,79,1,0,1,0,0
201600012769,16,7,16,515,3,1,1,1,6,210,4816072,185105,350,2,3,4,0,1,1,0,61,1,0,3,0,0
201600012770,16,8,21,1115,1,1,3,1,3,131,4811693,180676,350,3,2,2,0,1,1,0,0,1,0,1,99,1
201600012771,16,9,14,700,3,1,1,8,3,131,4812111,183241,350,3,2,0,1,2,2,0,62,9,0,1,99,0
201600012772,16,10,12,1020,1,2,1,7,6,210,4814668,177139,350,4,2,2,0,2,1,0,50,1,0,1,99,0
201600012773,16,10,21,610,3,1,1,1,7,210,4812946,177236,350,3,2,2,0,1,1,0,0,1,0,3,99,0
201600012774,16,11,10,1145,1,2,1,1,3,210,4814611,177962,350,4,2,2,0,1,3,0,0,1,0,1,99,0
201600012775,16,11,23,1850,5,1,3,2,3,59,4818926,172763,350,3,2,2,3,1,0,0,20,1,5,1,99,0
201600012776,16,12,3,2230,4,1,1,1,7,210,4812362,177346,350,3,2,2,0,2,1,0,0,1,0,3,99,1
201600012777,16,12,18,2055,3,1,1,5,7,210,4815021,173674,350,3,2,2,0,1,1,0,67,2,0,1,99,0
201600012778,16,12,27,1400,1,1,6,1,3,210,4814205,176907,350,3,1,3,2,1,3,0,15,1,5,1,99,0
201600012780,16,7,14,245,3,1,1,1,6,214,4750321,281088,560,4,2,1,0,0,2,0,56,1,0,0,0,1
201600012781,16,7,17,1145,1,1,1,1,7,248,4760319,261608,560,3,2,2,0,1,1,0,49,1,0,3,0,0
201600012784,16,11,25,730,3,1,1,1,4,150,4760462,268146,560,3,2,2,0,1,2,0,0,1,0,1,99,0
201600012785,16,12,19,1900,5,1,1,2,6,243,4766120,275997,560,3,3,0,0,1,1,0,0,2,6,1,99,0
201600012786,16,2,8,815,1,1,1,1,1,108,4560978,420718,420,1,3,2,0,1,1,35,70,1,0,1,0,0
201600012787,16,2,28,1615,1,1,1,1,6,324,4555787,424968,420,1,3,13,0,1,1,15,455,1,7,1,99,0
201600012788,16,9,27,1145,1,1,1,1,4,108,4558284,421364,420,1,3,2,0,1,3,15,70,1,0,1,0,0
201600012789,16,10,7,2245,3,1,9,1,2,20,4562200,420245,420,1,3,2,0,0,1,20,70,1,0,1,99,0
201600012790,16,12,8,1830,3,1,1,1,4,75,4556819,422625,420,1,3,0,0,1,1,15,70,1,0,1,0,0
201600012791,16,2,12,1430,1,1,1,2,7,255,4587666,386806,420,1,3,2,0,0,2,30,140,2,0,1,0,0
201600012792,16,4,23,945,1,1,1,2,6,255,4587803,387012,420,1,3,0,3,2,2,20,110,2,0,3,0,0
201600012797,16,3,19,1000,1,1,1,8,1,430,4818802,575933,880,1,3,2,0,1,1,15,84,1,0,1,99,0
201600012798,16,7,24,1515,1,1,1,1,3,430,4818636,575587,880,1,3,2,0,1,1,15,100,1,0,1,0,0
201600012800,16,4,24,1545,1,1,1,1,1,553,4560475,516371,380,3,2,0,0,1,2,0,0,1,0,1,0,0
201600012817,16,9,7,1945,2,1,1,1,6,50,4705415,231490,180,1,3,2,0,2,1,15,90,1,0,1,0,0
201600012818,16,2,3,730,5,2,1,1,1,159,4350900,380166,340,4,2,0,0,1,1,0,0,1,0,1,0,0
201600012819,16,3,7,630,3,1,1,1,3,337,4352620,381942,340,3,3,0,0,1,1,0,0,1,0,1,99,0