Num_Acc,an,mois,jour,hrmn,lum,agg,int,atm,col,com,lat,long,dep,catr,circ,nbv,vosp,prof,plan,lartpc,larrout,surf,infra,situ,env1,killed
201600012820,16,3,12,845,1,1,1,1,4,333,4348090,377297,340,3,2,2,0,1,3,0,73,1,0,1,0,0
201600012821,16,8,24,915,1,2,1,1,6,159,4350550,379510,340,4,2,2,0,1,1,0,70,1,0,1,0,0
201600012822,16,9,5,830,1,1,1,1,3,108,4347280,376948,340,3,2,2,0,1,3,0,72,1,0,1,0,1
201600012823,16,9,21,1045,1,1,9,1,3,337,4354640,382436,340,3,3,2,0,2,3,0,72,1,3,1,0,0
201600012824,16,10,15,1415,1,1,3,1,3,108,4347752,377167,340,3,2,0,0,1,1,0,109,1,0,1,99,0
201600012825,16,12,6,1415,1,1,1,1,3,333,4349490,379530,340,3,2,0,0,1,1,0,90,1,0,0,99,0
201600012826,16,12,23,915,1,1,1,1,3,333,4347451,377039,340,3,2,2,0,4,1,0,70,1,0,1,99,0
201600012830,16,11,6,1745,3,1,1,2,3,283,4626902,564671,10,1,1,2,0,1,1,0,70,2,3,1,99,0
201600012831,16,11,10,1745,5,1,1,3,1,14,4628172,566039,10,1,3,2,0,1,2,10,70,2,0,1,99,0
201600012833,16,1,26,1000,1,1,1,1,6,535,4929700,47578,140,3,2,2,0,3,2,0,35,2,0,3,99,0
201600012834,16,5,4,815,1,1,3,1,2,685,4924430,46041,140,3,2,2,0,1,1,0,80,1,0,1,99,0
201600012835,16,6,11,1345,1,1,2,1,3,200,4929320,54368,140,3,2,2,0,1,1,0,73,1,5,1,99,0
201600012836,16,7,13,945,1,2,1,1,2,191,4933010,44753,140,3,2,2,0,1,1,0,62,1,0,1,99,0
201600012838,16,8,26,1145,1,2,3,1,6,515,4934880,75659,140,4,2,2,0,0,0,0,0,1,0,1,0,0
201600012839,16,9,19,2215,3,1,1,1,3,49,4931100,59300,140,3,2,2,0,1,3,0,48,1,0,1,99,0
201600012840,16,1,8,1700,1,1,1,1,3,69,4363044,515869,130,3,2,2,0,1,1,0,69,1,0,1,0,0
201600012841,16,2,11,1900,1,1,1,1,7,51,4357834,514997,130,3,2,4,0,2,1,0,150,2,0,1,0,0
201600012842,16,3,31,1845,1,1,1,1,3,51,4359012,511487,130,3,2,2,0,1,1,60,0,1,0,1,99,0
201600012848,16,11,20,615,3,1,1,1,1,51,4358732,512498,130,3,2,2,0,1,1,0,0,1,0,1,99,0
201600012849,16,11,25,1515,1,1,1,2,3,9,4359217,525420,130,3,0,1,0,1,1,0,60,2,5,1,99,0
201600012850,16,12,16,1945,3,1,1,1,3,44,4360351,506569,130,3,2,2,0,1,1,0,0,1,0,0,99,0
201600012852,16,1,28,700,2,1,1,1,2,118,4611300,315400,30,1,3,2,0,2,1,0,0,1,0,1,0,1
201600012853,16,2,18,30,3,1,9,1,3,118,4609700,313800,30,1,1,2,0,1,1,0,0,1,3,2,99,0
201600012854,16,3,9,2115,3,1,1,1,2,118,4609800,313800,30,1,3,2,0,1,1,15,50,1,0,1,99,0
201600012855,16,8,23,1600,1,1,1,1,7,186,4623200,310000,30,1,2,2,0,2,1,0,0,1,0,3,99,0
201600012856,16,9,7,800,1,1,9,1,6,175,4623700,309900,30,1,1,2,0,1,1,15,35,1,3,1,99,0
201600012858,16,9,23,2345,3,1,1,1,6,75,4621400,309800,30,1,3,0,0,1,2,15,70,1,0,3,99,1
201600012859,16,9,27,1715,1,1,1,1,6,75,4623800,309900,30,1,3,2,0,1,1,35,0,1,0,1,0,0
201600012861,16,11,10,1945,3,1,1,1,6,118,4611700,313400,30,1,3,2,0,2,1,0,0,1,0,2,99,0
201600012862,16,1,20,1945,3,1,1,1,2,327,4593300,314000,630,1,3,2,0,1,1,12,72,1,0,1,0,0
201600012864,16,6,4,1645,1,1,1,1,3,82,4606300,311500,630,1,3,4,0,1,1,10,200,1,0,1,0,0
201600012865,16,7,2,1145,1,1,1,1,6,113,4581300,315400,630,1,1,3,0,1,1,15,137,1,0,1,0,0
201600012866,16,8,13,1100,1,1,1,1,4,300,4589100,315300,630,1,3,4,0,1,1,10,200,1,0,1,0,0
201600012867,16,5,1,1515,1,1,1,1,6,84,4361444,696146,60,3,2,2,2,2,1,90,0,1,0,3,99,0
201600012871,16,11,6,1528,1,1,6,1,2,84,4361900,697106,60,3,2,2,0,1,0,5,70,1,0,1,3,0
201600012872,16,5,3,1215,1,1,1,1,1,18,4753259,5998,490,3,2,2,0,2,1,0,70,1,0,1,99,0
201600012873,16,5,18,1615,1,1,2,1,5,127,4763322,24890,490,3,2,2,0,1,1,0,0,1,0,1,99,0
201600012874,16,6,17,1315,1,1,1,1,1,245,4753012,4135,490,3,2,2,0,1,1,0,60,1,0,1,99,1
201600012875,16,6,29,1000,1,1,1,1,5,110,4754215,40078,490,3,2,3,0,1,1,0,0,1,0,1,99,0
201600012876,16,8,12,1710,1,1,1,1,2,323,4750861,44803,490,1,3,4,0,1,3,25,75,1,0,1,99,0
201600012877,16,10,24,830,2,1,1,2,4,377,4751808,41407,490,1,3,4,0,1,1,25,75,2,0,1,99,0
201600012878,16,10,28,1715,1,1,1,1,6,377,4751978,42834,490,1,1,1,0,1,3,0,0,1,3,1,99,0
201600012879,16,11,22,1600,1,1,1,1,2,127,4764038,27455,490,1,3,4,0,1,1,25,75,1,0,1,99,0
201600012880,16,4,5,1145,1,1,1,2,2,209,4355586,143206,400,1,3,0,0,1,1,20,70,2,0,1,0,0
201600012881,16,7,4,1445,1,1,1,1,7,261,4371068,122799,400,1,3,3,0,1,1,10,220,1,0,1,0,0
201600012882,16,12,24,2145,3,1,1,1,7,133,4359184,141753,400,1,3,4,0,1,3,0,0,2,0,1,99,0
201600012883,16,10,14,1020,1,1,1,1,6,94,4412170,98333,400,1,3,5,0,1,1,20,115,1,0,1,99,0
201600012884,16,12,17,1530,1,1,1,7,2,134,4424719,90539,400,1,3,5,0,1,1,35,105,1,0,1,99,0
201600012885,16,3,26,2215,3,1,1,1,6,93,4600600,298800,630,3,2,2,0,2,2,0,45,1,0,3,99,1
201600012886,16,4,25,1345,1,1,1,1,6,354,4602300,279400,630,3,2,2,0,0,2,60,0,1,0,3,99,0
201600012887,16,5,5,1500,1,1,1,1,3,198,4593000,303200,630,3,2,2,0,2,1,0,70,1,0,1,0,0
201600012888,16,6,3,2315,3,2,1,1,6,4,4592590,281560,630,4,0,0,0,1,1,0,30,1,0,1,0,0
201600012890,16,7,28,1115,1,2,1,1,6,349,4593870,284150,630,4,2,2,0,1,1,0,0,1,0,1,0,0
201600012892,16,11,21,1821,5,2,6,8,6,387,4827638,408021,100,4,2,2,0,1,1,0,0,2,5,1,99,0
201600012893,16,10,13,1622,1,2,1,2,7,387,4829669,408472,100,4,2,2,0,3,1,0,0,2,0,1,99,0
201600012894,16,10,19,1630,1,1,1,1,6,60,4825645,410175,100,3,2,2,0,1,1,0,0,2,0,1,99,0
201600012895,16,12,15,1838,3,1,1,1,2,333,4827115,404893,100,3,1,2,0,1,1,0,0,1,0,0,0,0
201600012896,16,12,19,1429,1,2,1,1,6,362,4830137,403648,100,4,2,2,0,1,1,0,0,2,0,1,0,0
201600012897,16,12,27,1855,5,2,1,5,2,297,4829828,411603,100,4,2,2,0,1,1,0,70,1,0,1,0,0
201600012898,16,12,24,1520,1,2,3,1,3,387,4830477,407022,100,4,2,2,0,1,1,0,70,1,0,1,0,0
201600012899,16,1,6,1757,5,2,1,2,3,387,4829481,406304,100,4,2,2,0,1,1,0,0,2,0,1,0,0
201600012900,16,8,3,2025,1,2,6,1,6,343,4828121,409999,100,4,2,2,0,1,1,0,0,1,5,1,0,0
201600012901,16,1,20,1413,1,1,1,1,1,333,4828197,403999,100,3,3,6,0,1,1,32,370,1,0,1,99,0
201600012902,16,1,8,1734,2,2,3,1,3,297,4832536,409485,100,4,2,2,0,1,1,0,0,1,0,1,0,0
201600012903,16,1,22,2046,2,2,2,3,3,387,4828770,407716,100,4,2,2,0,1,1,0,152,2,0,1,0,0
201600012904,16,1,23,1008,1,2,1,1,2,387,4831049,406730,100,4,0,7,2,1,1,0,0,2,0,1,0,0
201600012905,16,1,26,852,1,2,6,1,2,333,4827015,405083,100,4,2,2,0,1,1,0,0,1,0,1,0,0
201600012906,16,1,22,2300,5,2,3,3,3,387,4829434,408275,100,4,2,2,0,1,1,0,70,2,0,1,0,0
201600012907,16,1,25,1815,5,2,1,1,2,387,4829466,408251,100,4,2,2,0,1,1,0,70,1,0,1,0,0
201600012908,16,2,18,1030,1,2,1,1,6,362,4829413,405766,100,4,2,2,0,1,1,0,0,1,0,1,99,0
201600012909,16,2,22,619,5,2,6,1,3,387,4828764,408094,100,4,3,4,1,1,1,0,0,2,0,1,0,0
201600012910,16,2,22,1209,1,2,2,1,2,387,4830282,406803,100,4,0,2,0,1,1,0,0,1,0,0,0,0
201600012911,16,2,15,1945,5,2,1,1,6,387,4829941,406569,100,4,2,2,0,1,1,0,70,1,0,1,0,0
201600012912,16,2,3,1500,1,2,1,1,3,387,4829591,408222,100,4,1,1,0,1,1,0,50,1,0,1,0,0
201600012913,16,2,15,1950,3,2,1,1,2,81,4830829,402231,100,3,1,2,0,1,1,0,0,1,5,1,0,0
201600012914,16,2,28,1555,1,2,1,1,6,387,4829116,407544,100,4,2,4,0,1,1,0,100,1,0,1,0,0
201600012915,16,2,23,2025,5,2,1,1,6,387,4830044,407469,100,4,2,2,0,1,1,0,70,1,0,1,0,0
201600012916,16,2,24,1320,1,2,1,1,4,387,4830659,409472,100,4,2,2,1,1,1,0,0,1,0,1,0,0
201600012917,16,3,7,1852,5,2,1,2,6,81,4830538,402777,100,4,2,2,0,1,1,0,0,2,0,1,3,0
201600012918,16,3,15,1623,1,2,3,1,3,325,4826342,404742,100,4,2,2,0,1,1,0,0,1,0,1,0,0
201600012919,16,3,9,1230,1,2,1,1,6,387,4829147,407510,100,4,2,4,0,1,1,0,0,1,0,1,0,0
201600012920,16,3,8,2123,5,2,1,8,6,387,4829522,407766,100,4,2,2,3,1,1,0,0,1,0,1,0,0
201600012921,16,3,6,2020,4,1,1,1,1,81,4830296,402928,100,4,2,2,0,1,1,0,50,1,0,1,0,0
201600012922,16,3,29,850,1,2,6,1,6,387,4829138,408811,100,4,3,2,2,1,1,0,0,1,5,5,99,0
201600012923,16,3,17,1048,1,2,3,1,6,387,4830079,408864,100,4,2,2,0,1,1,0,0,1,0,1,99,0
201600012924,16,3,25,1414,1,2,1,1,6,387,4830450,409483,100,4,2,2,0,1,1,0,0,2,0,1,0,0
201600012925,16,4,3,1054,1,2,6,1,3,387,4826851,408609,100,4,2,2,0,1,1,0,0,1,0,1,0,0
201600012926,16,4,5,1055,1,2,1,1,6,333,4827403,405797,100,4,2,2,0,1,1,0,70,1,0,1,0,0
201600012927,16,4,6,1735,1,2,1,1,3,387,4830172,405154,100,4,2,2,0,1,1,0,70,1,0,5,0,0
201600012928,16,4,27,1627,1,2,3,1,3,387,4829572,409618,100,4,2,2,0,1,2,0,0,1,0,1,0,0
201600012929,16,3,21,1830,1,2,1,1,6,343,4827386,409243,100,4,2,2,0,1,1,0,50,1,6,1,0,0
201600012930,16,4,16,1329,1,2,1,1,6,387,4830805,406940,100,4,1,2,0,1,3,0,0,1,0,1,99,0
201600012931,16,4,20,1640,1,2,1,1,3,81,4832080,405332,100,4,2,3,0,1,1,0,100,1,0,1,0,0
201600012932,16,5,14,1653,1,2,1,1,6,343,4826980,408741,100,4,2,2,0,1,1,0,0,1,0,1,99,0
201600012933,16,5,24,1722,1,2,2,1,3,387,4830342,405224,100,4,2,2,1,1,1,0,0,1,0,1,0,0
201600012934,16,5,25,1400,1,2,1,1,3,387,4830287,406794,100,4,2,2,0,1,1,0,60,1,0,1,0,0
201600012935,16,5,28,2003,1,2,1,1,6,81,4618454,402364,100,4,2,2,0,1,1,0,0,1,0,1,0,0
201600012936,16,1,16,2220,1,1,1,1,3,387,4829786,406726,100,4,2,2,0,1,1,0,70,1,0,0,0,0
201600012937,16,7,14,1835,1,2,1,1,6,387,4831474,406808,100,4,0,2,0,1,1,0,70,1,0,0,0,0
201600012938,16,7,1,1608,1,2,1,1,3,343,4828241,409280,100,4,2,2,0,1,1,0,0,1,0,4,0,0
201600012939,16,7,1,823,1,2,1,1,6,387,4829927,406580,100,4,2,2,0,1,1,0,0,1,0,1,99,0
201600012940,16,7,30,951,1,2,3,1,6,387,4829747,407475,100,4,4,3,3,1,1,0,0,1,0,1,99,0
201600012942,16,7,31,1416,1,2,3,1,3,387,4829616,407218,100,4,1,1,0,1,1,0,0,1,0,1,0,0
201600012943,16,7,28,1820,1,2,3,1,6,387,4828172,407043,100,4,2,2,0,1,1,0,0,1,0,1,99,0
201600012944,16,8,3,1557,1,2,2,1,1,387,4830481,408376,100,4,2,2,0,1,1,0,0,1,0,1,0,0
201600012945,16,8,3,1655,1,2,3,1,3,81,4830834,403571,100,4,2,2,0,1,1,0,70,1,0,1,0,0
201600012946,16,8,12,1830,1,2,1,1,3,333,4827969,404329,100,4,1,1,0,1,1,0,50,1,0,1,0,0
201600012947,16,8,30,1046,1,2,3,1,3,325,4826762,406787,100,4,2,2,0,1,3,0,0,1,0,1,3,0
201600012948,16,8,19,1505,1,2,3,1,6,387,4830953,405400,100,4,2,2,0,1,1,0,0,1,0,1,99,0
201600012949,16,8,19,1743,1,2,1,1,3,387,4827242,408249,100,4,2,2,0,1,1,0,0,1,0,1,0,0
201600012950,16,9,9,1809,1,2,1,1,6,387,4829377,407313,100,4,2,2,0,1,1,0,0,1,0,1,0,0
201600012951,16,9,12,1939,1,2,1,1,6,387,4829980,407332,100,4,2,4,0,1,1,0,0,1,0,1,0,0
201600012952,16,9,7,1453,1,2,1,1,6,387,4824030,407183,100,4,2,2,0,1,1,0,0,1,0,1,99,0
201600012953,16,9,16,1329,1,2,1,1,6,387,4830316,407381,100,4,3,2,1,1,1,0,0,1,0,1,99,0
201600012954,16,9,27,1443,1,2,3,1,3,362,4828976,404007,100,4,2,2,0,1,1,0,0,1,0,1,0,0
201600012955,16,9,29,1055,1,2,2,1,2,387,4828667,407756,100,4,3,5,0,1,1,0,0,1,0,1,3,0
201600012956,16,10,7,109,5,2,1,1,7,343,4827348,408516,100,4,2,2,0,1,1,0,0,1,0,1,99,0
201600012957,16,10,5,1500,1,1,1,1,2,81,4832937,405251,100,3,1,2,0,1,2,0,0,1,0,1,99,0
201600012958,16,10,13,1818,2,2,3,2,6,343,4827000,408724,100,4,2,2,0,1,1,0,0,2,0,0,0,0
201600012959,16,10,11,1516,1,1,1,1,2,333,4828113,404024,100,3,1,6,0,1,1,0,0,1,0,1,99,0
201600012960,16,10,1,1741,1,2,1,1,6,81,4830757,404324,100,4,2,2,0,1,1,0,0,1,0,1,0,0
201600012961,16,10,24,1454,1,1,1,2,7,81,4832945,405196,100,3,1,1,0,2,2,0,0,2,3,3,99,0
201600012962,16,10,22,1,5,2,3,1,3,362,4829374,405276,100,4,2,2,0,1,1,0,0,1,0,1,99,0
201600012963,16,10,18,1649,1,2,1,1,6,362,4829104,402632,100,3,2,2,2,1,1,0,0,1,0,1,3,0
201600012964,16,10,30,422,5,2,1,5,2,362,4829378,405347,100,4,2,2,0,1,1,0,0,1,0,1,0,0
201600012965,16,11,3,742,1,2,3,1,3,387,4826883,408452,100,4,1,1,0,1,1,0,0,1,0,1,0,0
201600012966,16,11,3,855,1,2,1,1,6,387,4829754,405877,100,4,2,2,0,1,1,0,0,1,0,0,0,0
201600012967,16,11,5,1514,1,2,3,1,5,387,4830652,404887,100,4,2,2,0,1,1,0,0,2,0,1,0,0
201600012968,16,11,18,1327,1,2,1,1,6,362,4829442,406064,100,4,2,2,0,1,1,0,0,1,0,1,3,0
201600012969,16,11,5,1037,1,2,3,1,3,387,4829877,407036,100,4,2,2,0,1,1,0,0,1,0,1,99,0
201600012970,16,11,8,940,1,2,1,1,3,387,4829474,407382,100,4,0,1,3,1,0,0,50,1,0,1,0,0
201600012971,16,11,7,1840,5,2,3,1,3,387,4830399,408089,100,4,2,2,0,1,1,0,60,1,0,0,0,0
201600012972,16,11,8,1039,1,2,2,1,6,387,4829486,408178,100,4,1,3,0,1,1,0,0,1,5,1,0,0
201600012973,16,12,8,1735,1,2,1,1,6,362,4829410,405769,100,3,2,2,0,1,1,0,70,1,0,1,0,0
201600012974,16,12,1,1444,1,2,3,1,3,387,4830580,406299,100,4,2,2,0,1,1,0,70,1,0,1,3,0
201600012989,16,3,12,945,1,2,1,1,1,112,4367706,701763,60,3,2,2,0,1,3,0,0,1,5,1,99,0
201600012995,16,1,2,1230,1,1,1,3,6,258,4309960,39352,650,1,1,3,0,1,1,25,70,2,3,1,0,0
201600012996,16,3,9,1800,2,1,1,4,5,238,4322972,37580,640,1,3,0,0,1,1,15,103,9,0,1,0,0
201600012997,16,8,22,1615,1,1,1,1,2,394,4309210,50932,650,1,3,2,0,1,1,10,103,1,0,1,99,0
201600012998,16,12,17,1630,1,1,1,1,6,62,4320620,14382,650,1,3,0,0,1,2,15,70,1,0,2,0,0
201600013005,16,7,11,30,3,1,1,1,1,193,4561040,521236,380,3,2,2,0,1,1,0,0,1,0,1,0,0
201600013007,16,9,26,2000,3,1,9,1,3,352,4560459,522640,380,3,2,2,0,1,1,0,100,1,0,1,99,1
201600013013,16,11,29,1415,1,1,9,1,6,31,4639900,271800,30,1,1,0,0,1,3,0,35,1,3,3,99,0
201600013014,16,2,4,1120,1,1,1,1,6,91,4400200,592114,40,3,2,0,0,0,1,0,70,1,0,3,0,0
201600013015,16,5,23,1600,1,1,1,6,7,49,4408780,598680,40,1,1,2,0,1,1,90,70,1,0,3,0,0
201600013016,16,8,23,1530,1,1,1,1,7,75,4416420,595721,40,1,1,0,0,1,1,110,70,1,0,2,0,0
201600013017,16,9,26,1030,1,1,1,1,6,13,4413390,597858,40,1,3,0,0,1,1,0,75,1,0,2,99,0
201600013018,16,11,12,1730,2,1,1,1,2,75,4417450,595377,40,1,3,2,0,0,1,15,75,1,0,1,0,0
201600013019,16,11,27,1430,1,1,1,1,6,112,4383100,584255,40,1,3,2,0,1,1,0,0,1,0,1,99,0
201600013020,16,1,15,1100,1,2,1,1,6,113,4358796,547660,130,6,0,0,0,1,1,0,0,1,0,0,0,0
201600013023,16,6,15,800,1,1,1,1,1,80,4366128,545273,130,3,2,2,0,1,4,60,0,1,0,1,0,0
201600013024,16,7,11,1600,1,1,1,1,3,113,4361075,549887,130,3,0,2,0,1,1,0,53,1,5,1,0,0
201600013025,16,7,20,1215,1,2,6,1,3,113,4358713,547572,130,3,0,2,0,1,4,0,0,1,5,1,0,0
201600013026,16,8,25,1900,1,1,1,1,3,113,4360719,549449,130,3,0,0,0,1,2,0,0,1,0,1,0,0
201600013034,16,5,17,900,1,2,1,1,1,33,4519288,539094,380,3,2,2,0,1,1,0,0,1,0,1,0,0
201600013037,16,8,19,2300,3,1,3,1,1,410,4508505,519966,380,3,2,0,0,1,1,0,5,1,0,1,0,0
201600013038,16,11,9,1815,3,1,1,1,3,450,4526610,551854,380,1,1,0,0,1,1,1,7,2,0,1,0,0
201600013041,16,7,25,645,1,2,1,1,7,352,4805858,161266,350,4,2,2,0,0,2,0,60,9,0,1,0,0
201600013043,16,9,8,1500,1,1,6,1,6,352,4807838,163248,350,3,3,2,0,1,1,10,81,1,0,1,99,0
201600013044,16,10,25,1815,1,1,1,1,3,208,4797956,165579,350,4,2,2,0,2,0,0,10,1,0,1,99,0
201600013045,16,10,31,1100,1,1,3,1,2,266,4800795,164071,350,3,2,2,0,1,1,0,10,1,0,1,99,0
201600013046,16,12,6,815,1,2,6,7,6,206,4804419,166557,350,3,3,2,0,1,0,0,10,1,5,1,99,0
201600013047,16,12,6,815,2,2,9,9,6,266,4801775,166205,350,3,2,2,0,1,0,7,16,1,0,1,3,0
201600013048,16,12,18,1535,1,1,1,5,7,32,4799450,163252,350,3,2,2,0,2,4,0,0,1,0,3,99,0
201600013056,16,1,29,1730,2,1,1,2,5,397,5085686,190058,620,3,2,2,0,1,1,0,38,2,0,1,99,0
201600013057,16,5,31,2015,1,2,1,1,3,397,5088213,187267,620,3,2,2,0,1,3,0,80,1,0,1,0,0
201600013058,16,12,24,2340,5,2,1,1,6,69,4321009,234866,110,4,1,2,0,2,1,0,70,1,0,1,3,1
201600013059,16,12,4,2130,5,2,1,1,3,69,4320765,233765,110,4,2,3,0,1,1,0,110,1,0,1,0,0
201600013060,16,1,23,2340,3,1,1,5,1,69,4321387,238563,110,3,2,2,0,1,1,0,0,2,0,1,99,0
201600013061,16,2,2,1205,1,2,1,1,6,69,4321450,237361,110,4,2,2,0,1,1,10,70,1,0,1,3,0
201600013062,16,12,22,1600,1,1,1,1,2,69,4323315,235819,110,3,2,2,0,1,1,0,73,1,0,1,99,0
201600013063,16,1,23,500,5,1,1,3,7,69,4319791,233733,110,3,2,2,0,1,1,0,68,2,0,0,99,0
201600013064,16,1,27,1240,1,2,1,1,4,69,4321099,233868,110,4,2,2,0,1,1,0,60,1,0,1,0,0
201600013065,16,1,10,1628,1,1,1,1,6,69,4320293,233421,110,6,0,0,0,1,1,0,0,0,0,0,0,0
201600013066,16,2,13,600,5,2,3,2,3,69,4321057,234499,110,4,1,3,0,1,1,0,108,2,0,1,99,0
201600013067,16,2,22,1920,5,2,1,1,6,69,4321437,236649,110,4,2,2,0,0,0,0,75,0,0,1,0,1
201600013068,16,2,19,2030,3,1,1,1,6,69,4322997,232627,110,3,3,4,0,1,1,0,60,1,0,1,99,0
201600013069,16,3,9,1357,1,1,1,2,3,69,4320341,237825,110,3,2,2,0,1,2,0,63,2,0,3,0,0
201600013070,16,3,2,1645,1,2,1,2,5,69,4320479,239951,110,3,3,4,0,1,1,10,190,2,0,1,0,1
201600013071,16,3,10,1845,1,1,1,1,4,69,4321265,226685,110,3,0,0,0,3,3,0,60,1,0,0,0,0
201600013072,16,3,13,1114,1,2,1,1,3,69,4321269,237179,110,4,1,2,0,1,2,0,100,1,0,1,99,0
201600013073,16,3,24,1515,1,2,1,1,6,69,4322248,235424,110,4,2,2,0,3,1,0,72,1,0,1,0,0
201600013074,16,3,27,1110,1,1,6,1,3,69,4319638,232238,110,3,3,2,0,1,3,0,285,2,0,1,99,0
201600013075,16,4,11,905,1,1,1,1,1,69,4319136,233208,110,3,2,2,0,1,2,0,70,1,0,1,0,0
201600013076,16,3,28,1920,2,1,1,1,3,69,4320409,238644,110,3,2,2,0,2,3,0,54,1,5,1,0,0
201600013077,16,3,21,1625,1,2,1,1,6,69,4322209,234501,110,4,2,2,0,1,1,0,50,1,0,1,3,0
201600013078,16,4,18,2110,2,2,1,1,3,69,4321073,236231,110,2,2,2,0,1,1,0,138,1,0,1,99,0
201600013079,16,4,29,1122,1,2,1,1,6,69,4320902,236830,110,2,2,2,0,1,1,0,156,1,0,1,99,0
201600013080,16,4,3,1225,1,2,1,1,6,69,4320788,233025,110,4,2,2,0,1,1,0,87,1,0,1,0,0
201600013081,16,4,30,1550,1,2,1,1,1,69,4321025,238641,110,4,2,2,0,1,1,0,70,1,0,1,0,0
201600013082,16,5,13,645,1,1,1,2,7,69,4320472,240013,110,3,3,4,0,1,3,10,200,2,0,3,0,0
201600013083,16,4,16,1816,1,1,1,1,5,69,4322838,235952,110,4,2,2,0,1,1,0,0,1,0,1,0,0
201600013084,16,5,17,1040,1,2,1,1,3,69,4321081,234674,110,4,1,2,0,2,1,0,70,1,0,1,99,0
201600013085,16,5,15,1440,1,2,1,1,3,69,4320897,230852,110,4,2,2,0,1,1,0,104,1,0,1,0,0
201600013086,16,5,19,2145,5,2,1,1,3,69,4320906,234493,110,4,2,2,0,0,0,0,0,0,0,1,0,0
201600013087,16,5,2,2340,5,2,1,1,6,69,4320125,232942,110,3,2,2,0,1,1,0,110,1,0,1,99,0
201600013088,16,5,15,605,5,2,1,1,3,69,4321111,234172,110,4,2,2,0,1,1,0,57,2,0,1,99,0
201600013089,16,4,24,1730,1,2,1,1,3,69,4321642,235137,110,2,1,2,0,1,1,0,76,1,0,1,0,0
201600013090,16,5,28,1455,1,1,6,1,3,69,4320822,230578,110,4,2,2,0,1,1,0,70,1,0,1,99,0
201600013091,16,5,12,1305,1,1,1,1,3,69,4320219,231478,110,3,1,2,0,1,1,0,60,1,0,1,0,0
201600013092,16,5,21,1300,1,2,1,1,2,69,4321641,235325,110,3,1,2,0,1,1,0,0,1,0,1,99,0
201600013093,16,6,13,2147,2,2,1,1,3,69,4321763,234556,110,2,1,2,0,2,1,0,124,1,0,1,99,0
201600013094,16,6,12,2130,1,1,1,1,3,69,4321319,230743,110,3,2,2,0,1,1,0,96,1,0,1,99,0
201600013095,16,6,24,220,3,2,1,1,2,69,4320615,239207,110,3,3,6,0,1,1,10,180,1,3,1,99,0
201600013096,16,6,29,1030,1,2,1,1,3,69,4321481,232838,110,4,2,2,0,1,1,0,60,1,0,1,99,0
201600013097,16,6,16,1800,1,2,1,1,1,69,4320877,233199,110,4,2,3,0,1,1,0,92,1,0,1,3,0
201600013098,16,7,1,905,1,1,1,1,3,69,4320769,231700,110,4,2,2,0,1,1,0,90,1,0,1,99,0
201600013099,16,7,9,510,3,1,1,1,6,69,4322866,237457,110,3,2,2,0,1,1,0,60,1,0,3,99,0
201600013100,16,6,24,1509,1,2,1,1,4,69,4321641,235663,110,4,2,2,0,1,1,0,60,1,0,1,99,0
201600013101,16,6,25,2155,2,1,1,1,2,69,4323161,232288,110,3,2,2,0,1,1,0,60,1,0,1,99,0
201600013102,16,7,28,1702,1,2,1,1,3,69,4321038,234944,110,4,1,2,0,1,1,0,100,1,0,1,3,0
201600013103,16,7,30,1010,1,2,1,1,3,69,4322325,233610,110,2,2,2,0,1,1,0,86,1,0,1,0,0
201600013104,16,7,6,2055,1,2,1,1,6,69,4320916,236830,110,2,2,2,0,1,1,0,63,1,0,0,99,0
201600013105,16,8,16,1220,1,1,1,1,1,69,4324021,237795,110,3,2,2,0,1,1,0,69,1,0,1,99,0
201600013106,16,8,14,620,2,1,1,1,7,69,4320150,236136,110,4,2,2,0,2,1,0,50,1,0,1,0,0
201600013107,16,7,26,1900,1,1,1,1,3,69,4323545,236360,110,3,0,0,0,1,1,0,60,1,0,0,0,0
201600013108,16,7,28,1118,1,2,6,1,2,69,4322637,233167,110,3,1,2,0,1,2,60,0,1,0,1,0,0
201600013109,16,8,23,1849,1,1,1,1,1,69,4320413,238311,110,3,2,2,0,1,3,0,63,1,0,1,99,0
201600013110,16,8,11,1515,1,2,3,1,3,69,4321526,234174,110,4,1,1,0,2,2,0,134,1,0,1,0,0
201600013111,16,8,22,2005,1,1,1,1,3,69,4320370,237989,110,3,2,2,0,2,1,0,70,1,0,1,0,0
201600013112,16,9,2,1640,1,1,2,1,3,69,4321132,232646,110,4,1,1,0,1,1,0,74,1,0,1,3,0
201600013113,16,9,9,1438,1,1,1,1,3,69,4322913,234036,110,3,2,2,0,1,1,0,130,1,0,1,0,0
201600013114,16,9,24,1050,1,2,1,1,6,69,4320867,238535,110,6,0,0,0,1,1,0,28,1,0,1,99,0
201600013115,16,10,2,450,3,1,1,1,3,69,4319821,234858,110,4,2,2,0,1,2,0,60,1,0,1,0,0
201600013116,16,9,9,205,5,2,1,1,7,69,4321500,235113,110,4,1,1,0,1,1,0,35,1,0,1,0,0
201600013117,16,10,4,1740,1,1,1,1,3,69,4320337,237412,110,3,2,3,0,1,1,0,102,1,0,1,99,0
201600013118,16,10,7,400,5,2,6,1,6,69,4322639,233157,110,4,1,1,0,1,1,0,0,1,0,0,99,0
201600013119,16,10,20,1215,1,1,1,1,7,69,4320426,238689,110,3,1,1,0,2,2,0,25,1,5,1,0,0