Num_Acc,an,mois,jour,hrmn,lum,agg,int,atm,col,com,lat,long,dep,catr,circ,nbv,vosp,prof,plan,lartpc,larrout,surf,infra,situ,env1,killed
201600013120,16,10,4,2255,4,2,3,1,3,69,4320886,234719,110,4,1,1,0,1,1,0,30,1,0,1,99,0
201600013121,16,10,14,1933,5,2,1,3,6,69,4320909,236869,110,2,1,2,0,1,1,0,60,2,0,1,0,0
201600013122,16,10,20,1715,1,1,1,1,5,69,4321684,231605,110,3,2,2,0,1,1,0,63,1,0,1,0,0
201600013123,16,10,21,200,5,2,1,1,7,69,4320670,236051,110,4,1,1,0,1,1,0,58,1,0,1,99,0
201600013124,16,11,15,1815,3,2,1,1,5,69,4319549,232016,110,3,2,2,0,1,1,0,99,1,0,1,99,0
201600013125,16,11,16,1050,1,1,1,1,6,69,4321252,237167,110,6,0,0,0,1,1,0,0,1,0,0,3,0
201600013126,16,12,9,1808,2,1,1,1,1,37,4320926,242002,110,3,2,2,0,1,2,0,35,1,0,1,99,0
201600013127,16,12,17,1930,3,1,1,1,2,69,4321191,231736,110,3,2,2,0,1,1,0,70,1,0,1,99,0
201600013129,16,2,24,1700,1,2,6,1,1,44,4359297,150534,310,3,0,0,0,0,0,0,0,1,5,0,0,0
201600013130,16,3,7,1400,1,1,1,1,5,561,4363438,149244,310,3,2,2,0,2,1,0,60,1,0,1,0,1
201600013131,16,3,21,1245,1,1,1,1,2,488,4365358,152314,310,1,3,0,0,3,1,32,103,1,0,1,99,0
201600013132,16,5,5,1915,1,2,1,1,5,555,4357314,149295,310,3,2,3,0,1,1,10,60,1,0,1,0,0
201600013134,16,5,11,2030,2,1,1,1,1,587,4375950,140484,310,3,2,2,0,0,3,0,64,2,0,1,0,1
201600013136,16,9,1,1715,1,1,1,1,4,459,4374670,161344,310,1,1,2,0,0,1,0,0,1,0,1,99,0
201600013138,16,10,6,2110,3,1,9,1,2,118,4379922,137125,310,1,1,3,0,2,0,610,310,1,0,0,0,0
201600013139,16,10,27,850,1,1,1,5,4,467,4367713,141589,310,1,1,5,0,1,1,0,0,1,0,1,99,0
201600013140,16,10,29,1220,1,1,1,1,3,117,4368829,154379,310,3,2,2,0,2,4,0,59,1,0,1,99,0
201600013141,16,11,21,705,2,1,1,1,4,118,4378094,138336,310,1,3,5,0,2,1,30,100,1,0,1,99,0
201600013145,16,9,11,1300,1,1,1,1,6,165,4848302,285737,770,1,1,3,0,1,1,93,35,1,0,1,0,0
201600013146,16,1,4,1820,2,2,1,1,6,262,4318964,301315,110,4,2,2,0,1,1,0,0,1,0,1,0,0
201600013147,16,1,8,1800,5,2,3,1,3,262,4317676,301124,110,4,2,2,0,1,1,0,0,1,1,1,99,0
201600013148,16,1,12,1735,1,1,1,1,2,262,4316913,298300,110,4,0,0,0,0,0,0,0,0,0,0,0,0
201600013149,16,1,14,1045,1,2,3,1,3,262,4316763,298203,110,4,0,0,0,0,0,0,0,0,0,0,0,0
201600013150,16,12,28,1555,1,2,1,1,3,262,4319190,300773,110,4,1,2,0,1,1,0,0,1,0,1,3,0
201600013151,16,2,4,1955,1,2,1,1,2,262,4320052,301264,110,3,2,2,0,1,1,0,80,1,0,1,0,0
201600013152,16,12,30,1250,1,2,1,1,3,262,4318985,300898,110,4,2,2,0,1,1,0,0,1,0,1,99,0
201600013153,16,12,23,1800,2,1,1,1,2,262,4316818,298302,110,4,1,1,0,1,1,0,0,1,0,1,99,0
201600013154,16,2,12,1505,1,2,3,2,3,262,4318022,299641,110,4,0,0,0,1,1,0,0,2,0,1,99,0
201600013155,16,12,23,1625,1,2,1,1,3,262,4317426,299219,110,4,1,2,0,1,2,0,0,1,0,1,99,0
201600013156,16,2,12,1645,1,2,3,1,1,262,4319171,301501,110,4,2,2,0,1,1,0,0,1,0,0,99,0
201600013157,16,2,19,1500,1,2,6,1,2,262,4317997,301919,110,4,1,2,0,1,2,0,0,1,0,2,99,0
201600013158,16,2,21,1745,2,2,3,1,6,262,4317576,299352,110,4,2,3,0,1,1,0,0,1,0,1,99,0
201600013159,16,3,3,1424,1,2,2,1,1,262,4317888,300726,110,4,1,1,0,0,0,0,0,0,0,1,0,0
201600013160,16,3,19,307,5,1,1,1,1,262,4313824,297051,110,3,2,2,0,1,3,0,92,1,0,1,99,0
201600013161,16,3,26,955,1,2,1,1,6,262,4318512,299350,110,4,0,0,0,1,1,0,0,1,0,0,99,0
201600013162,16,3,16,1035,1,2,1,1,6,262,4315729,298046,110,4,2,2,0,1,1,0,0,1,0,1,0,0
201600013163,16,3,18,2340,5,2,3,1,3,262,4318634,299226,110,3,2,2,0,1,1,0,69,1,0,0,0,0
201600013164,16,10,27,1830,2,2,1,1,3,262,4317993,302296,110,4,2,2,0,1,1,0,71,1,0,1,99,0
201600013165,16,4,5,1730,1,2,3,1,6,262,4318084,300996,110,4,2,0,0,1,1,0,0,2,0,0,99,1
201600013166,16,4,10,1040,1,2,1,1,6,262,4318067,299952,110,4,1,3,0,1,1,0,0,1,0,1,99,0
201600013167,16,4,15,755,1,2,3,1,2,262,4316257,297730,110,4,2,2,0,2,1,0,0,1,0,1,99,0
201600013168,16,4,15,1720,1,2,3,1,1,262,4318045,300123,110,4,1,1,0,1,1,0,0,1,0,1,3,0
201600013169,16,5,5,900,1,2,1,1,6,262,4317788,299489,110,4,2,2,0,1,1,0,0,1,0,1,0,0
201600013170,16,5,12,1530,1,2,1,1,1,262,4320096,301763,110,3,1,2,0,1,1,0,0,1,0,1,99,0
201600013171,16,5,12,1835,1,1,1,1,6,262,4318473,300017,110,4,1,3,0,1,1,0,0,1,2,1,99,0
201600013172,16,5,24,1630,1,2,1,1,2,262,4317525,299320,110,3,2,3,0,1,1,0,0,1,0,1,0,0
201600013173,16,5,28,840,1,2,9,1,1,262,4316623,298557,110,3,2,2,0,2,3,0,0,2,3,1,99,0
201600013174,16,4,28,1318,1,2,6,1,2,262,4317500,300577,110,4,2,2,0,1,1,0,0,1,0,1,0,0
201600013175,16,5,30,2150,5,2,1,1,6,262,4318649,299783,110,4,2,2,0,1,1,0,0,1,0,1,0,1
201600013176,16,5,10,725,2,2,6,1,3,262,4318031,301383,110,4,0,2,0,1,0,0,0,1,0,1,0,0
201600013177,16,6,16,1305,1,2,6,1,3,262,4316964,298885,110,4,2,2,0,1,1,0,0,1,0,1,99,0
201600013178,16,6,21,1705,1,1,3,1,3,262,4318565,298328,110,4,2,0,0,1,1,0,0,1,0,1,99,0
201600013179,16,6,23,1405,1,2,1,1,3,262,4317896,300326,110,4,2,2,0,1,1,0,0,1,0,1,99,0
201600013180,16,6,29,1625,1,2,4,1,1,262,4318050,296746,110,3,2,4,0,2,1,0,0,1,3,1,99,0
201600013181,16,7,20,2220,5,1,1,1,6,262,4316388,297406,110,4,2,2,0,2,2,0,0,1,0,1,99,0
201600013182,16,6,20,750,1,2,1,1,4,262,4319684,299951,110,3,2,2,0,1,1,0,0,1,0,1,99,0
201600013183,16,5,24,1155,1,2,1,1,2,262,4318076,296969,110,9,0,0,0,1,1,0,0,9,0,1,3,0
201600013184,16,7,4,1400,1,2,1,1,2,262,4318529,300080,110,4,1,3,0,1,1,0,90,1,0,1,3,0
201600013185,16,8,17,1605,1,1,1,1,2,262,4320061,301479,110,3,2,2,0,2,1,0,0,1,0,1,99,0
201600013186,16,8,20,35,5,2,3,1,1,262,4318534,297444,110,4,2,2,0,2,1,0,0,1,0,1,3,0
201600013187,16,8,19,1035,1,2,1,1,6,262,4318242,300889,110,4,1,1,0,1,1,0,0,1,0,1,0,0
201600013188,16,7,30,1650,1,1,1,1,2,262,4320052,301372,110,3,2,2,0,3,1,0,0,1,0,1,99,0
201600013189,16,9,14,1440,1,2,1,1,2,262,4318345,301437,110,4,3,2,0,1,0,0,0,1,0,1,99,0
201600013190,16,8,6,1010,1,2,3,1,3,262,4318685,301511,110,4,2,2,0,1,1,0,0,1,0,1,99,0
201600013191,16,9,24,1800,1,2,6,1,1,262,4318039,301423,110,4,3,4,0,1,1,0,0,1,0,1,99,0
201600013192,16,9,23,1100,1,2,3,1,1,262,4318989,301606,110,4,2,2,0,3,1,0,0,1,0,1,3,0
201600013193,16,9,27,1615,1,2,1,1,6,262,4318007,302314,110,4,3,4,0,1,1,0,0,1,0,1,99,1
201600013194,16,9,27,1540,1,2,1,1,7,262,4318754,298968,110,3,2,2,0,1,1,0,0,1,0,4,99,0
201600013195,16,10,5,1240,1,1,1,1,6,262,4319005,297582,110,3,2,2,0,3,1,0,0,1,0,1,99,0
201600013196,16,10,8,1726,1,2,3,1,3,262,4318575,301012,110,4,1,1,0,1,1,0,0,1,0,1,99,0
201600013197,16,10,13,1800,1,1,3,2,3,262,4319333,301640,110,4,1,1,0,1,1,0,0,1,0,0,3,0
201600013198,16,10,18,905,1,2,1,1,2,262,4317794,302891,110,4,2,2,0,1,1,0,0,1,0,1,99,0
201600013199,16,10,18,945,1,2,1,1,6,262,4316605,298176,110,4,2,2,0,1,1,0,0,1,0,4,99,0
201600013200,16,10,24,1650,1,2,6,1,3,262,4320060,301245,110,3,1,2,0,1,2,0,0,0,0,1,99,0
201600013201,16,11,8,1925,3,2,1,1,6,262,4318159,295420,110,3,2,2,0,1,1,0,0,1,0,1,99,0
201600013202,16,10,28,1640,1,2,1,1,2,262,4314560,297586,110,3,2,2,0,1,1,0,0,1,0,1,99,0
201600013203,16,10,25,1700,1,1,1,1,2,262,4316966,298052,110,3,3,2,0,1,1,42,66,1,0,1,99,0
201600013204,16,10,29,400,5,2,1,1,6,262,4318209,299017,110,2,2,2,0,1,1,0,0,1,0,1,99,0
201600013205,16,10,27,1122,1,2,3,1,6,262,4317922,299577,110,4,2,2,0,1,1,0,54,1,0,1,0,0
201600013206,16,10,25,950,1,2,6,1,2,262,4318866,300880,110,4,2,2,0,1,3,0,0,2,0,1,0,0
201600013207,16,11,22,1940,5,1,1,8,2,262,4316984,298024,110,3,2,2,0,0,1,0,0,2,0,1,99,0
201600013208,16,11,27,515,5,2,3,1,3,262,4318321,301500,110,4,1,1,0,1,1,0,0,0,0,0,0,0
201600013209,16,11,24,2020,3,2,1,1,2,262,4315267,297973,110,3,2,2,0,1,1,0,0,1,0,1,99,0
201600013210,16,11,19,414,5,2,1,1,7,262,4317088,298332,110,4,2,2,0,1,1,0,0,1,0,1,99,0
201600013211,16,11,25,759,2,1,3,1,3,262,4318836,300433,110,4,1,2,0,1,1,0,0,1,0,0,3,0
201600013212,16,11,24,1245,1,2,1,1,2,262,4318185,298552,110,2,2,2,0,1,1,0,0,1,0,1,99,0
201600013213,16,11,30,1255,1,2,1,1,3,262,4318688,299120,110,3,2,2,0,1,1,0,0,1,0,0,99,0
201600013214,16,12,3,850,1,2,6,1,3,262,4318154,302985,110,4,3,2,0,1,1,0,0,1,0,0,99,0
201600013215,16,12,13,1830,5,2,1,1,6,262,4318715,299068,110,3,2,2,0,1,1,0,0,1,0,1,99,0
201600013216,16,12,16,1845,5,2,3,1,3,262,4317919,299589,110,4,1,1,0,1,1,0,0,1,0,0,99,0
201600013217,16,12,17,1200,1,2,4,1,3,262,4318896,299013,110,4,2,2,0,1,1,0,0,1,0,1,99,0
201600013218,16,1,23,1616,1,2,3,1,3,262,4318481,299931,110,4,2,4,0,3,3,0,0,1,0,0,99,0
201600013219,16,2,10,800,1,1,1,1,1,299,4962637,220850,600,1,0,0,0,0,0,0,0,0,0,0,0,0
201600013220,16,4,25,1545,1,1,1,1,2,139,4917566,222558,600,1,0,0,0,0,0,0,0,0,0,0,0,0
201600013221,16,4,30,1600,1,1,1,1,7,82,4966698,220831,600,1,1,2,0,2,1,1,9,1,0,1,0,0
201600013222,16,7,20,1845,1,1,1,1,1,246,4919952,218190,600,1,1,2,0,1,1,10,100,1,0,1,0,0
201600013223,16,7,22,1545,1,1,1,1,3,313,4911910,225250,950,1,3,4,0,1,1,0,0,1,0,1,99,0
201600013224,16,7,21,1745,1,1,1,1,6,30,4937105,210896,600,1,3,2,0,1,1,10,100,1,0,1,0,0
201600013225,16,10,6,2015,3,1,1,1,5,313,4911630,225290,950,1,3,6,0,1,1,0,0,1,0,1,99,0
201600013226,16,6,10,900,1,1,3,1,3,50,4361738,526324,130,3,3,2,0,0,1,38,38,1,5,1,99,0
201600013230,16,10,21,1645,1,1,1,1,1,91,4361760,525600,130,3,2,2,0,1,1,0,63,1,0,3,99,0
201600013231,16,11,6,1615,1,2,1,1,6,50,4365509,525957,130,4,2,0,0,0,1,0,80,1,0,4,99,0
201600013232,16,1,25,1630,1,2,1,1,1,36,4377637,428737,300,2,2,0,0,0,1,0,0,1,0,1,0,0
201600013233,16,3,18,1800,1,1,1,1,3,169,4378337,429875,300,2,2,0,0,1,2,0,0,1,5,1,0,0
201600013234,16,5,25,2345,3,1,1,1,1,347,4374612,425264,300,2,2,0,0,1,2,0,79,1,0,1,99,0
201600013235,16,6,17,1430,1,1,1,1,3,169,4378335,429900,300,2,2,2,0,1,1,0,70,1,5,1,99,0
201600013236,16,7,19,1615,1,2,1,1,4,36,4377856,429016,300,2,2,2,0,1,1,0,75,1,0,1,99,0
201600013237,16,9,7,830,1,1,1,1,3,169,4378336,429875,300,2,3,2,0,1,3,40,55,1,5,1,99,0
201600013238,16,10,8,1545,1,2,2,1,3,333,4375679,427324,300,4,0,0,0,0,0,0,0,0,0,1,0,1
201600013239,16,11,17,1745,3,2,1,1,5,36,4377979,429205,300,2,2,2,0,1,1,0,70,1,0,1,99,0
201600013241,16,2,11,300,3,1,1,3,6,34,4661412,114051,850,1,3,4,3,1,1,20,70,2,0,3,0,0
201600013242,16,7,1,1600,1,1,1,1,6,9,4646095,88936,850,1,3,2,0,1,1,20,70,1,0,1,0,0
201600013246,16,9,3,1915,2,1,9,7,6,458,4350517,135007,310,6,0,0,0,1,0,0,0,1,7,0,0,0
201600013249,16,9,30,1700,1,1,1,1,2,181,4340350,129153,310,1,3,2,3,1,1,28,100,1,0,1,0,0
201600013250,16,10,11,710,3,1,1,1,2,458,4350030,134186,310,1,3,4,0,1,1,20,74,1,0,1,99,0
201600013251,16,11,9,530,3,1,9,3,4,433,4353229,138864,310,1,1,4,3,1,0,814,23,1,0,0,0,0
201600013252,16,12,9,542,3,1,9,2,2,395,4347233,131837,310,1,3,4,3,1,0,10,23,1,0,0,0,0
201600013253,16,6,20,1045,1,1,1,1,6,657,4948197,33255,760,1,3,4,0,1,1,30,90,2,0,1,99,0
201600013254,16,6,20,1330,1,1,1,1,1,657,4948126,33416,760,1,3,2,0,1,1,30,90,2,0,1,99,0
201600013255,16,7,11,1415,1,1,1,1,2,169,4949123,39001,760,1,3,4,0,1,1,40,75,1,0,1,0,0
201600013256,16,7,23,1415,1,1,1,1,7,660,4943451,27378,760,2,1,2,2,2,1,15,70,1,2,1,0,0
201600013257,16,10,15,1225,1,1,1,1,2,660,4944259,27253,760,2,3,4,2,2,1,0,0,1,2,1,99,0
201600013258,16,12,12,835,3,1,1,2,6,305,4949520,24963,760,1,3,4,0,1,1,0,0,2,0,1,99,0
201600013264,16,10,24,1850,2,1,9,8,2,503,4314335,93662,310,1,1,2,0,1,0,9,520,1,0,0,0,0
201600013265,16,12,8,725,2,1,1,1,2,76,4311293,63300,310,1,3,4,0,1,1,25,152,1,0,1,99,0
201600013266,16,1,8,930,1,1,1,8,3,98,4756327,12648,490,3,2,2,0,1,1,0,63,2,0,3,99,0
201600013267,16,3,15,1530,1,1,1,7,2,215,4714758,17143,490,3,2,2,0,1,1,0,0,1,0,1,99,0
201600013268,16,4,8,1630,1,1,1,1,6,180,4739138,10634,490,1,3,4,0,1,2,28,70,1,0,1,99,0
201600013269,16,4,12,2000,1,1,1,1,6,378,4730678,3408,490,1,3,4,0,1,1,28,70,1,2,3,99,0
201600013270,16,8,5,1515,1,1,1,1,6,138,4748268,21555,490,1,0,2,0,1,1,28,95,1,0,3,0,0
201600013271,16,8,20,1045,1,1,1,1,6,21,4746673,18666,490,1,3,4,0,1,1,28,70,1,0,1,99,0
201600013272,16,8,26,1,3,1,1,1,7,2,4729929,2965,490,1,3,4,0,1,3,28,190,1,0,1,99,0
201600013273,16,8,29,1200,1,1,2,1,3,41,4728590,5948,490,3,2,2,0,1,1,0,107,1,0,1,99,0
201600013274,16,10,18,1615,1,1,1,1,3,180,4736838,12070,490,3,2,2,0,1,3,0,0,1,0,1,99,0
201600013283,16,9,2,1130,1,1,1,1,2,813,4981642,191338,800,1,1,2,0,1,1,10,75,1,0,1,0,0
201600013284,16,10,11,1600,1,1,1,1,2,131,4985967,238168,800,1,3,4,0,1,1,0,0,1,2,1,99,0
201600013285,16,11,16,715,2,1,1,2,2,725,4986928,221581,800,1,2,4,0,3,1,12,140,2,3,1,99,0
201600013286,16,11,24,2045,3,1,1,1,2,718,4993548,224494,800,1,1,4,0,2,1,16,74,1,0,1,99,0
201600013287,16,12,9,1950,3,1,1,1,6,702,4985875,230868,800,1,1,4,0,1,1,17,70,1,0,2,99,0
201600013288,16,12,24,1000,1,1,1,8,2,58,4985400,262432,800,1,3,2,0,1,1,18,73,1,0,1,99,0
201600013291,16,8,3,1045,1,2,1,1,6,248,4527845,634295,730,4,1,1,3,2,1,0,40,1,0,1,99,0
201600013292,16,11,11,900,1,1,1,8,6,203,4533700,630300,730,1,3,4,0,2,1,85,190,2,0,2,0,0
201600013293,16,3,7,1645,1,1,1,4,4,508,4683816,555547,390,1,3,0,0,1,1,35,100,5,0,1,0,0
201600013294,16,4,4,1430,1,1,1,1,7,191,4683320,560970,390,3,2,1,0,1,1,0,76,1,0,3,0,0
201600013296,16,5,11,1015,1,1,1,2,2,159,4690355,557427,390,1,3,4,3,1,1,30,100,2,0,1,0,0
201600013297,16,6,10,1715,1,1,1,1,1,17,4677383,551792,390,1,3,4,0,1,1,50,70,1,0,1,0,1
201600013298,16,7,23,1115,1,1,1,1,7,229,4668911,545322,390,1,3,4,0,1,1,30,100,1,0,3,0,0
201600013299,16,8,31,1430,1,1,1,1,6,534,4652752,564053,390,3,2,2,0,1,3,23,83,1,0,1,0,0
201600013300,16,9,7,1630,1,1,1,1,5,492,4659466,559534,390,3,2,2,0,1,1,0,70,1,0,1,0,0
201600013301,16,11,6,1615,2,1,9,4,4,49,4685112,557027,390,1,3,4,0,1,1,0,90,5,0,1,99,1
201600013302,16,2,28,1600,1,2,6,1,6,89,4456134,225507,120,3,2,2,0,1,1,0,0,1,5,3,99,0
201600013303,16,12,31,420,3,1,1,1,6,13,4451522,223794,120,3,2,2,0,2,1,36,72,7,0,3,99,0
201600013304,16,5,3,1015,1,2,1,1,6,89,4455550,225718,120,4,3,1,0,2,1,0,60,1,0,1,0,0
201600013305,16,5,7,1910,1,2,3,1,6,89,4457290,224955,120,9,2,0,0,3,2,0,49,1,0,1,99,0
201600013306,16,6,28,1305,1,1,3,1,3,305,4456540,221271,120,3,3,2,0,1,1,0,80,1,0,1,0,0
201600013307,16,7,12,755,1,2,1,3,6,89,4456020,225463,120,4,2,1,0,1,3,0,56,2,0,1,0,0
201600013308,16,7,26,2240,5,2,3,1,6,89,4455670,225924,120,4,2,1,0,1,1,0,58,1,0,4,99,1
201600013309,16,7,29,1055,1,2,6,1,6,89,4433210,215282,120,4,2,2,0,2,1,10,100,1,0,1,99,0
201600013310,16,10,24,1820,2,2,1,2,5,89,4455300,225146,120,3,2,2,0,2,1,0,90,2,0,1,0,0
201600013311,16,11,2,1215,1,2,3,1,3,89,4455490,226553,120,4,2,2,0,1,1,0,80,1,5,1,0,0
201600013312,16,3,11,1405,1,2,1,1,2,145,4410560,308234,120,4,2,2,0,1,1,0,50,1,0,1,0,0
201600013313,16,5,11,1055,1,1,1,1,6,145,4409670,307100,120,4,2,2,0,1,1,0,60,1,4,1,3,0
201600013314,16,5,15,1550,1,2,2,1,3,145,4410386,304641,120,4,2,2,0,1,1,0,60,1,5,1,99,0
201600013315,16,7,20,647,1,1,1,1,1,145,4411611,303681,120,4,2,2,0,2,2,0,78,1,0,1,99,0
201600013316,16,9,29,907,1,2,6,1,3,145,4410150,306739,120,4,2,2,0,2,1,0,75,1,0,0,99,0
201600013317,16,9,28,1230,1,2,1,1,3,145,4409710,307141,120,4,2,2,0,1,1,0,86,1,0,1,3,0
201600013318,16,12,11,1230,1,2,1,1,7,145,4410720,308104,120,4,1,1,0,1,1,0,54,1,0,1,99,0
201600013320,16,1,8,1840,2,1,2,1,5,202,4435280,255360,120,3,2,2,0,2,3,0,105,1,3,0,99,0
201600013321,16,12,24,535,5,2,1,1,6,176,4437712,259284,120,3,2,2,0,1,1,0,70,1,0,1,99,0
201600013322,16,1,8,2130,3,1,1,2,7,202,4436980,253618,120,3,2,2,0,4,2,0,71,2,0,1,99,0
201600013323,16,1,25,530,5,1,2,1,3,176,4436250,260780,120,4,0,0,0,1,1,0,82,7,0,1,0,0
201600013324,16,2,9,1850,1,2,7,2,6,202,4435100,257255,120,4,1,2,0,2,1,0,60,2,0,1,3,0
201600013325,16,2,15,840,1,2,1,1,2,202,4434880,256918,120,4,2,2,0,2,1,0,64,1,0,1,3,0
201600013326,16,2,15,1210,1,1,1,1,7,202,4435110,255493,120,3,0,2,0,1,2,0,69,1,0,1,99,0
201600013327,16,2,26,1205,1,2,3,1,6,202,4434960,257784,120,4,1,1,0,2,1,0,33,1,0,1,99,0
201600013328,16,3,7,1200,1,2,1,1,3,176,4437070,256870,120,3,2,2,0,1,1,0,70,1,0,1,3,0
201600013329,16,3,9,1200,1,2,7,3,6,202,4434913,257775,120,4,2,2,0,1,1,0,80,2,0,1,3,0
201600013330,16,3,25,2015,5,2,3,2,3,146,4434420,257125,120,4,2,2,0,2,1,0,67,2,0,1,3,0
201600013331,16,4,12,1720,1,2,3,1,2,202,4434960,257179,120,4,1,1,0,1,1,0,32,1,0,1,99,0
201600013332,16,4,23,1530,1,2,1,1,5,202,4436190,257260,120,4,2,2,0,2,3,0,71,1,0,1,0,0
201600013333,16,5,11,2200,5,2,1,3,6,202,4435632,257854,120,4,2,2,0,1,1,0,104,2,0,1,3,1
201600013334,16,5,24,1540,1,1,1,1,7,202,4435278,257779,120,4,1,1,0,2,2,0,59,1,0,1,0,0
201600013335,16,5,27,1425,1,1,1,1,7,202,4436060,253980,120,3,2,2,0,2,2,0,71,1,0,1,99,1
201600013336,16,6,1,1710,1,1,1,1,5,202,4438159,253223,120,3,2,2,0,1,1,0,71,2,0,1,99,0
201600013337,16,6,10,1035,1,2,3,1,6,176,4436586,258597,120,4,2,2,1,1,1,0,89,1,0,1,99,1
201600013338,16,7,8,1425,1,1,1,1,5,176,4437350,263575,120,2,2,2,0,1,2,0,70,1,0,1,99,0
201600013339,16,7,22,1305,1,1,1,1,5,176,4438705,259481,120,3,2,2,0,2,2,0,0,2,0,1,99,0
201600013340,16,7,26,2000,1,1,1,1,6,202,4434612,256353,120,3,2,2,0,1,1,0,0,1,0,0,0,0
201600013341,16,7,27,1405,1,2,1,1,3,202,4436310,255883,120,3,2,2,0,2,1,0,71,0,0,1,0,0
201600013342,16,8,23,710,1,1,1,1,7,176,4437300,263476,120,2,2,2,0,1,2,0,71,1,0,1,99,0
201600013343,16,8,29,1945,1,2,2,1,3,174,4435560,255565,120,4,2,2,0,2,1,0,120,1,0,1,3,0
201600013344,16,9,1,1725,1,1,1,1,6,176,4437416,259692,120,2,3,2,0,1,1,0,72,1,0,0,0,0
201600013345,16,9,14,815,1,1,1,1,5,176,4435920,256523,120,2,0,2,0,1,2,0,74,2,0,1,99,0
201600013346,16,9,24,1052,1,1,1,1,6,202,4434691,256316,120,3,2,2,0,1,2,0,69,1,0,1,99,0
201600013347,16,9,30,1230,1,2,1,1,7,202,4434987,257310,120,4,2,2,0,1,1,0,95,1,0,1,99,0
201600013348,16,10,26,1615,1,1,1,1,5,176,4439117,251139,120,3,2,2,0,4,1,0,77,1,0,1,99,0
201600013349,16,11,6,1840,2,1,1,2,5,202,4436770,254086,120,3,2,2,0,4,3,0,73,2,0,1,99,0
201600013350,16,11,10,1935,2,2,1,1,6,202,4435804,257581,120,3,2,2,0,4,1,28,88,2,0,1,3,0
201600013351,16,11,14,1620,1,1,2,1,6,176,4437369,257832,120,4,2,2,0,1,1,0,129,2,0,1,99,0
201600013352,16,12,2,1430,1,1,1,1,1,176,4437647,254075,120,3,2,2,0,1,1,0,71,1,0,1,99,1
201600013353,16,12,6,1635,1,2,1,1,6,202,4436367,257444,120,2,3,2,0,1,2,0,78,1,0,1,99,1
201600013354,16,12,6,1745,3,1,1,1,1,176,4438300,255245,120,3,0,0,0,1,1,0,60,1,0,0,99,0
201600013355,16,7,22,1630,1,1,1,1,6,145,4493859,150323,460,1,3,3,3,3,2,11,102,1,0,3,0,1
201600013356,16,12,1,630,3,1,1,1,2,204,4470097,157302,460,1,1,3,0,2,3,11,102,1,3,1,0,1
201600013359,16,4,19,1645,1,1,1,1,1,266,4496183,571454,380,3,2,2,0,1,1,0,0,1,0,1,0,0
201600013363,16,12,8,1815,5,2,7,1,6,545,4505592,566883,380,3,2,2,0,1,1,0,70,1,0,1,99,0
201600013364,16,1,25,645,3,1,1,1,6,229,4781266,269463,450,1,3,2,3,1,1,105,140,1,2,3,99,0
201600013365,16,3,10,700,2,1,1,1,1,199,4790906,293839,450,3,2,2,0,1,4,0,50,2,0,1,99,0
201600013366,16,8,6,1700,1,1,1,1,6,283,4790917,267989,450,1,3,2,0,1,1,30,140,1,0,3,99,1
201600013367,16,9,8,1115,1,1,1,1,6,345,4793087,268095,450,1,3,2,0,1,1,30,140,1,0,3,99,1
201600013368,16,9,22,1400,1,1,1,1,6,226,4485800,674,240,3,2,2,0,1,1,0,75,1,0,3,99,0
201600013369,16,2,5,1515,1,1,1,1,1,77,4791403,92371,530,3,2,2,0,1,1,0,70,1,0,1,0,1
201600013370,16,4,19,1630,1,1,1,1,1,165,4784390,101921,530,3,2,2,0,1,1,0,54,1,0,3,0,0
201600013371,16,10,24,1000,1,1,1,2,3,124,4784329,85212,530,3,2,2,0,1,1,0,75,2,0,1,99,1
201600013372,16,12,19,1715,3,1,1,1,2,215,4778511,70854,530,2,2,2,0,1,1,0,72,1,0,1,0,0
201600013374,16,9,17,120,3,1,1,2,3,130,4546800,214000,190,1,3,2,0,1,1,0,0,2,0,1,99,0
201600013375,16,11,19,1400,1,1,1,8,1,2,4558800,237200,190,3,2,1,0,1,1,0,76,2,0,1,0,0
201600013376,16,11,30,930,1,1,1,1,1,2,4561500,244300,190,1,2,2,0,1,1,0,60,1,2,1,0,0
201600013377,16,2,26,2200,3,1,1,1,5,442,4846275,415981,100,1,3,0,0,1,1,20,92,1,0,2,0,0
201600013378,16,6,18,1730,1,1,1,3,3,437,4813314,433352,100,3,2,2,0,1,2,0,76,2,0,1,0,0
201600013379,16,8,10,900,1,1,1,1,2,415,4826875,370197,100,1,3,0,0,1,1,22,97,1,0,1,0,0
201600013380,16,8,27,900,1,1,1,1,3,216,4870072,420106,100,1,3,2,0,1,1,20,92,1,0,1,0,0
201600013381,16,9,22,1645,1,2,1,1,5,100,4819264,418269,100,3,2,2,0,1,1,0,74,1,0,1,0,1
201600013382,16,11,17,1530,1,1,1,1,6,95,4858500,418400,100,1,3,2,0,1,1,20,79,1,0,1,0,0
201600013383,16,1,5,2050,3,2,1,1,3,1,4351621,546756,130,3,3,2,0,1,1,0,32,1,5,1,99,0
201600013384,16,1,16,1127,1,1,3,1,3,1,4358328,536791,130,3,2,1,0,2,2,0,45,1,0,0,0,1
201600013385,16,1,21,1445,1,1,1,1,5,1,4349686,552022,130,3,2,2,0,1,1,0,840,1,0,1,99,1
201600013386,16,1,21,2125,3,1,1,1,2,1,4350459,539720,130,3,1,3,0,1,1,0,90,1,0,1,99,0