Num_Acc,an,mois,jour,hrmn,lum,agg,int,atm,col,com,lat,long,dep,catr,circ,nbv,vosp,prof,plan,lartpc,larrout,surf,infra,situ,env1,killed
201600013387,16,2,1,1,5,2,1,1,2,1,4352406,545103,130,4,1,3,0,4,1,0,90,1,0,1,99,0
201600013388,16,2,7,20,5,2,2,1,7,1,4352598,544752,130,4,1,1,0,0,0,0,0,0,0,1,0,0
201600013389,16,2,11,1100,1,1,2,1,5,1,4356413,546387,130,3,2,2,0,0,0,0,0,0,0,0,0,0
201600013391,16,2,25,1420,1,1,2,1,6,1,4356415,546383,130,3,2,1,0,1,1,0,30,1,0,1,0,0
201600013392,16,2,29,1840,5,2,1,1,3,1,4353446,543603,130,4,2,2,0,2,1,0,60,1,0,1,0,0
201600013393,16,2,25,1830,5,2,1,1,3,1,4351095,540873,130,3,2,2,0,1,1,0,30,1,0,1,0,0
201600013394,16,3,3,1500,1,1,1,1,3,1,4352996,537335,130,3,2,0,0,1,1,0,40,1,0,1,99,0
201600013395,16,3,5,220,5,2,1,2,6,1,4350094,538186,130,4,3,2,0,1,1,30,60,2,0,1,99,0
201600013396,16,3,8,1800,2,2,1,1,6,1,4351983,543404,130,4,0,2,0,2,1,0,24,1,0,1,99,0
201600013397,16,3,11,2300,3,1,1,1,1,1,4359459,535559,130,3,2,2,0,1,1,0,72,1,0,1,99,1
201600013398,16,3,12,1930,5,2,1,1,3,1,4353279,544735,130,4,1,3,0,1,2,0,35,1,0,1,0,0
201600013399,16,3,13,150,5,2,3,1,3,1,4352834,542928,130,3,2,2,0,1,1,0,70,1,0,1,0,0
201600013400,16,3,15,1045,1,2,1,1,6,1,4352834,543403,130,3,1,2,0,1,1,0,30,1,2,1,0,0
201600013401,16,1,5,1700,3,2,1,1,6,1,4351635,546725,130,3,1,2,0,1,1,0,0,1,0,1,3,0
201600013402,16,1,14,1920,5,1,9,2,6,1,4357662,543208,130,3,2,0,0,0,0,0,0,0,0,1,0,0
201600013403,16,3,24,1830,1,2,1,1,6,1,4353414,545113,130,4,2,2,0,2,1,0,0,1,0,1,3,0
201600013404,16,3,26,1200,1,1,1,1,6,1,4350959,543839,130,6,0,1,0,1,1,0,0,1,0,0,0,0
201600013405,16,3,28,2200,5,2,6,1,2,1,4350466,539708,130,3,1,2,0,4,3,0,35,1,0,1,99,0
201600013406,16,2,28,2100,3,1,1,1,6,1,4357596,538635,130,3,0,2,0,0,0,0,0,0,0,0,0,0
201600013407,16,4,4,1230,1,1,1,1,2,1,4350427,533866,130,3,2,2,0,1,1,0,42,1,0,1,99,0
201600013409,16,4,11,1345,1,2,6,1,3,1,4352364,543778,130,4,1,2,0,1,2,0,60,1,5,1,99,0
201600013410,16,4,16,1950,1,1,1,1,2,1,4355333,542282,130,3,1,0,0,1,1,0,0,1,0,1,0,0
201600013411,16,4,17,1530,1,1,3,1,5,1,4355199,543489,130,2,0,0,0,0,0,0,0,0,0,0,0,0
201600013412,16,4,13,1940,1,1,1,1,4,1,4357109,539664,130,4,2,2,0,1,1,0,60,1,0,1,0,0
201600013414,16,3,22,1600,1,2,6,1,6,1,4351748,546017,130,4,1,0,0,1,0,0,0,1,5,1,99,0
201600013415,16,4,28,1650,1,2,9,1,7,1,4352895,544393,130,4,1,2,0,2,1,10,50,1,5,1,99,1
201600013417,16,4,30,230,3,1,1,1,6,1,4353872,538023,130,3,2,2,0,1,1,0,68,1,0,1,0,0
201600013419,16,5,1,2100,2,2,6,1,3,1,4352504,542335,130,4,3,2,0,1,1,0,70,1,0,1,0,0
201600013421,16,5,19,1710,1,2,4,1,3,1,4351213,547369,130,3,2,2,0,1,1,0,117,1,0,1,0,0
201600013423,16,5,30,1700,1,2,1,1,6,1,4353039,545262,130,4,0,3,3,1,1,0,60,1,6,0,3,0
201600013424,16,6,10,2325,3,1,1,1,7,1,4354980,544850,130,4,2,1,0,2,4,0,35,1,0,3,99,0
201600013425,16,6,22,110,5,2,2,1,2,1,4352637,543936,130,4,0,0,0,1,1,0,0,1,5,0,99,0
201600013426,16,6,23,855,1,2,6,1,3,1,4348412,538289,130,3,1,0,0,0,0,0,0,0,0,1,0,0
201600013427,16,4,12,1500,1,2,1,1,6,1,4353013,544310,130,4,1,1,0,0,0,0,0,0,0,1,0,0
201600013428,16,6,25,1915,1,2,1,1,1,1,4355848,542007,130,4,2,2,0,1,3,0,56,1,0,1,3,0
201600013429,16,6,21,2015,2,1,1,1,3,1,4353341,544587,130,3,1,3,0,1,1,0,90,1,0,1,99,0
201600013430,16,6,27,815,1,2,6,1,3,1,4352347,543712,130,4,3,0,0,1,0,40,75,1,5,1,0,0
201600013432,16,6,27,1530,1,1,1,1,6,1,4353423,542222,130,9,0,0,0,0,0,0,0,1,0,0,0,0
201600013443,16,9,1,1720,1,1,1,1,2,1,4354560,539816,130,3,2,2,0,1,1,0,40,1,2,1,99,0
201600013444,16,9,9,840,1,2,1,1,6,1,4351117,544468,130,4,0,1,0,1,1,0,0,1,0,1,99,0
201600013445,16,9,9,1645,1,2,1,1,3,1,4348861,537660,130,4,3,2,0,1,1,0,0,1,0,1,0,0
201600013446,16,9,5,1205,1,2,1,1,3,1,4352778,540440,130,3,1,2,0,1,1,0,96,1,3,1,0,0
201600013447,16,9,12,750,1,1,1,1,2,1,4350110,536181,130,3,2,2,0,1,4,0,0,1,0,1,99,0
201600013448,16,9,15,1327,1,1,8,1,3,1,4354579,539821,130,4,2,1,0,2,3,0,0,0,4,1,99,0
201600013449,16,9,19,845,1,2,1,1,6,1,4350762,538511,130,3,2,2,0,0,0,0,0,0,0,1,0,0
201600013450,16,9,2,1430,1,2,1,1,6,1,4352773,544215,130,4,4,4,3,0,0,0,0,0,0,1,0,0
201600013453,16,9,21,1340,1,1,1,1,1,1,4350572,541169,130,3,1,0,0,1,2,0,0,1,0,1,99,0
201600013454,16,9,24,1845,1,2,1,1,6,1,4352515,544469,130,4,2,4,0,1,1,0,129,1,0,1,99,0
201600013455,16,8,1,1530,1,1,1,1,6,1,4352715,545129,130,9,2,1,0,1,0,0,0,1,6,1,0,0
201600013456,16,9,30,740,1,2,1,1,6,1,4353209,545119,130,4,1,3,0,1,1,20,30,1,0,1,0,0
201600013458,16,10,12,750,2,1,1,1,5,1,4348134,541851,130,3,2,2,0,1,3,0,35,1,0,1,0,0
201600013459,16,10,27,745,2,1,3,1,3,1,4355008,539087,130,3,2,2,0,0,0,0,0,0,0,1,0,0
201600013460,16,11,13,545,5,1,6,1,7,1,4348304,541593,130,3,2,2,0,2,3,0,0,1,0,4,99,0
201600013461,16,11,13,1800,5,1,1,1,2,1,4345952,533413,130,3,1,1,0,2,3,0,0,1,0,1,0,0
201600013462,16,11,15,2235,5,2,1,1,3,1,4352884,543774,130,3,2,2,0,1,1,0,0,1,0,1,0,0
201600013463,16,11,17,1840,3,1,1,1,6,1,4355936,545144,130,2,2,3,0,3,3,0,0,1,0,1,99,0
201600013464,16,11,20,2220,5,2,1,1,2,1,4352308,545569,130,4,2,3,0,1,1,0,90,1,0,1,99,0
201600013466,16,12,10,1720,2,2,1,1,1,1,4352488,542901,130,4,3,2,0,2,1,0,0,1,0,1,99,1
201600013467,16,12,17,1145,1,2,1,1,7,1,4350729,539323,130,3,2,2,0,1,0,0,0,1,0,1,0,0
201600013468,16,12,21,1750,3,1,1,1,4,1,4353665,540586,130,3,2,2,0,1,1,0,0,1,0,1,0,0
201600013469,16,12,22,915,1,2,1,1,6,1,4351763,546488,130,4,2,2,0,2,1,0,0,1,5,1,99,0
201600013470,16,12,23,1015,1,1,1,1,6,1,4359965,536615,130,3,2,2,0,1,1,0,56,1,0,3,99,0
201600013471,16,1,1,545,5,2,1,2,6,4,4364834,469146,130,3,2,2,0,1,1,0,0,2,0,1,99,0
201600013472,16,2,2,1945,5,2,1,1,1,4,4366383,464350,130,3,2,2,0,1,0,0,75,1,0,1,99,1
201600013473,16,2,13,40,5,1,6,9,7,4,4367909,460719,130,3,1,0,0,1,3,0,79,2,5,1,99,0
201600013474,16,2,18,510,3,1,1,1,6,4,4364991,468107,130,3,2,2,0,1,2,0,70,1,0,3,99,0
201600013475,16,2,26,1830,1,2,1,1,5,4,4368444,460630,130,3,2,2,0,1,0,0,72,1,0,1,0,0
201600013476,16,3,3,1940,2,2,2,1,3,4,4367154,464207,130,4,2,2,0,2,1,0,80,1,0,1,99,0
201600013477,16,3,28,2345,5,2,9,1,3,4,4367241,462948,130,4,1,1,0,1,1,0,58,1,0,1,0,0
201600013478,16,4,9,1855,1,2,1,1,3,4,4370377,464149,130,4,2,2,0,1,1,0,70,1,0,1,0,0
201600013479,16,4,20,1925,1,2,1,1,6,4,4368572,463475,130,4,2,2,0,1,1,0,65,1,0,1,0,0
201600013480,16,4,28,1414,1,2,1,1,6,4,4369879,464072,130,4,2,2,0,1,1,0,66,1,0,1,3,0
201600013482,16,5,6,150,5,2,3,1,3,4,4367475,462700,130,4,2,1,0,1,1,0,55,1,0,1,0,0
201600013483,16,5,25,1620,1,2,4,1,3,4,4367744,462422,130,3,2,2,0,1,1,0,100,1,0,0,99,0
201600013484,16,6,12,1930,1,2,4,1,6,4,4367454,461896,130,4,2,1,0,1,2,0,0,1,3,1,99,0
201600013486,16,6,19,1955,1,2,6,1,7,4,4367910,460720,130,2,2,3,0,1,3,0,70,1,0,0,0,0
201600013487,16,6,30,1500,1,1,1,1,6,4,4368179,459832,130,2,1,2,0,1,2,0,70,1,0,1,99,0
201600013489,16,7,7,850,1,2,1,1,6,4,4367476,463593,130,4,2,3,0,1,1,0,0,1,0,1,0,0
201600013490,16,7,14,900,1,2,1,1,6,4,4367944,462250,130,3,2,2,0,2,1,0,60,1,2,1,0,0
201600013491,16,7,20,1235,1,2,1,7,6,4,4367412,462163,130,3,2,3,0,1,2,0,100,1,0,1,0,0
201600013494,16,10,20,1130,1,2,1,1,3,4,4369133,463803,130,4,2,2,0,1,1,0,89,1,0,1,99,0
201600013495,16,11,9,1100,1,2,3,8,3,4,4367928,462897,130,4,1,1,0,2,1,0,33,2,0,1,99,0
201600013496,16,11,23,2320,5,2,9,1,6,4,4367511,463095,130,3,2,2,0,1,1,0,100,1,0,1,0,0
201600013498,16,1,3,1245,1,2,1,1,2,5,4328636,558677,130,3,3,3,0,3,1,0,73,1,3,1,99,0
201600013499,16,1,3,1830,5,2,3,1,2,5,4329758,557387,130,3,2,2,0,3,1,0,0,1,0,1,99,0
201600013500,16,1,6,945,1,2,1,2,2,5,4328564,557848,130,4,2,2,0,1,1,0,0,1,0,1,0,0
201600013501,16,1,8,1800,5,2,3,1,3,5,4330053,557105,130,3,1,0,0,0,0,0,0,0,0,1,0,0
201600013502,16,1,9,2225,5,1,1,1,6,5,4328035,560774,130,3,1,4,0,1,0,20,40,1,0,1,0,0
201600013503,16,1,11,1920,5,2,1,8,6,5,4328390,554212,130,3,2,2,0,1,1,0,73,2,0,1,0,0
201600013504,16,1,14,1600,1,2,1,2,6,5,4329054,559546,130,4,2,2,0,1,0,0,0,2,0,1,99,0
201600013505,16,1,20,1200,1,2,1,1,2,5,4328842,554694,130,3,2,2,0,1,1,30,122,1,0,1,0,0
201600013506,16,1,20,1740,5,2,1,1,1,5,4328663,558582,130,3,2,2,0,1,1,0,0,1,0,1,99,0
201600013508,16,1,23,820,2,2,1,1,7,5,4328814,557498,130,3,2,0,0,1,1,0,74,1,0,4,0,0
201600013509,16,1,24,1820,3,1,1,1,1,5,4332818,557342,130,3,2,2,0,2,1,0,46,1,0,1,0,0
201600013510,16,1,29,1100,1,2,1,1,6,5,4329447,559487,130,4,3,4,0,1,1,10,60,1,0,1,0,1
201600013511,16,2,3,700,5,1,1,1,1,5,4330931,557659,130,3,2,2,0,1,3,0,70,1,0,1,0,0
201600013512,16,2,5,950,1,2,1,1,6,5,4328863,557046,130,3,2,2,0,2,1,0,30,1,0,1,0,0
201600013513,16,2,6,1300,1,2,1,1,6,5,4329263,556744,130,3,1,2,0,1,0,0,71,1,0,1,99,0
201600013514,16,2,8,1855,1,1,1,1,3,70,4328269,553029,130,3,2,3,0,0,0,0,90,0,5,1,0,0
201600013515,16,2,11,940,1,2,1,1,6,5,4329161,559042,130,4,2,2,0,1,1,30,50,1,5,1,99,0
201600013516,16,2,12,2125,5,1,1,1,7,5,4332578,559384,130,3,0,1,0,0,0,0,0,2,0,3,99,0
201600013517,16,2,16,1355,1,2,1,1,6,5,4329421,555705,130,3,2,2,0,1,2,15,85,1,3,1,0,0
201600013518,16,2,19,1525,1,2,1,1,6,5,4328300,560461,130,4,2,2,0,1,1,0,0,1,0,1,0,0
201600013519,16,2,19,1555,1,2,3,1,3,5,4331992,558533,130,3,2,2,0,1,1,0,0,1,0,1,99,0
201600013520,16,2,20,1030,1,2,3,1,3,5,4328445,554696,130,3,1,1,0,1,1,0,0,1,5,1,99,0
201600013521,16,2,20,1830,5,1,1,1,1,5,4330470,557888,130,3,2,2,0,1,1,0,70,1,0,1,0,0
201600013522,16,2,26,830,1,2,6,1,3,5,4328391,559362,130,3,2,0,0,1,1,0,0,1,0,0,99,0
201600013523,16,2,28,1410,1,2,1,8,6,5,4329960,556934,130,4,2,2,0,1,2,0,65,2,0,1,0,0
201600013524,16,3,7,1025,1,2,6,1,7,5,4329622,558356,130,3,2,2,0,0,0,0,0,0,0,1,0,0
201600013525,16,3,10,1730,1,2,1,1,6,5,4330365,557199,130,4,3,1,0,2,1,0,40,1,3,1,99,0
201600013526,16,3,19,2000,5,2,1,1,6,5,4329313,556322,130,4,2,2,0,1,1,0,62,1,2,1,3,0
201600013528,16,3,23,625,1,2,1,1,6,5,4329482,556268,130,3,2,0,0,1,1,0,60,1,0,1,0,0
201600013529,16,3,31,820,1,2,3,1,6,5,4329897,553503,130,3,2,2,0,4,1,0,48,1,0,1,99,0
201600013530,16,3,31,930,1,1,1,1,3,5,4329815,559693,130,3,0,2,0,1,0,0,70,1,0,0,0,0
201600013531,16,4,4,1640,1,2,3,1,3,5,4328902,557291,130,3,2,2,0,1,1,0,64,1,0,1,99,0
201600013532,16,4,8,450,5,2,1,1,3,5,4329729,556531,130,4,2,2,0,2,2,0,60,1,0,0,0,0
201600013534,16,4,12,1802,1,2,3,1,1,5,4329112,556974,130,3,2,2,0,1,1,0,65,1,0,1,99,0
201600013535,16,4,19,1840,1,2,3,1,6,5,4331636,558122,130,3,2,2,0,1,1,0,0,1,0,1,0,0
201600013536,16,4,20,2000,1,2,3,1,3,5,4328991,557325,130,4,2,2,0,1,1,0,0,1,0,1,99,0
201600013537,16,4,21,645,1,2,2,1,3,5,4328809,557182,130,3,2,1,0,0,0,0,0,0,0,1,0,0
201600013538,16,4,20,1830,1,2,1,1,6,5,4328885,557318,130,3,1,1,0,1,1,0,32,1,0,1,0,0
201600013539,16,4,24,1005,1,2,1,1,2,70,4328179,551212,130,3,2,2,0,1,1,0,92,1,0,1,99,0
201600013541,16,4,29,820,1,1,3,1,5,5,4330881,554616,130,3,2,2,0,3,1,0,0,1,0,1,0,0
201600013542,16,5,1,1415,1,1,1,1,1,5,4330719,555128,130,3,2,2,0,2,3,0,60,1,0,0,0,0
201600013543,16,4,29,1220,1,1,1,1,2,5,4328811,552413,130,3,2,2,0,1,1,26,66,1,0,1,99,0
201600013544,16,5,3,1300,1,1,1,1,3,5,4329765,560756,130,3,2,2,0,1,1,0,82,1,0,1,0,0
201600013545,16,5,3,1800,1,2,2,1,6,5,4329558,556822,130,4,2,0,0,0,0,0,75,0,0,1,0,0
201600013546,16,5,5,1615,1,1,1,1,6,5,4329530,554885,130,5,2,2,0,1,2,0,50,1,0,1,99,0
201600013547,16,5,6,845,1,2,1,1,3,5,4328790,557803,130,3,2,2,0,1,1,0,119,1,0,1,99,0
201600013548,16,5,12,1220,1,2,1,1,1,5,4332583,559444,130,3,2,2,0,3,4,0,71,1,0,1,99,0
201600013549,16,5,18,850,1,2,1,1,6,5,4330806,557580,130,3,2,2,0,1,1,0,80,1,0,1,0,0
201600013550,16,5,24,1640,1,2,3,1,3,5,4328765,558718,130,3,1,1,0,3,2,0,35,1,3,1,99,0
201600013551,16,5,30,1820,1,1,1,1,1,5,4330881,554400,130,3,2,2,0,3,1,0,29,1,0,1,99,0
201600013552,16,6,4,2150,5,2,1,1,3,5,4328367,554069,130,3,2,2,0,1,1,0,60,1,0,1,99,0
201600013553,16,6,5,1250,1,2,1,1,6,5,4328806,554498,130,3,2,2,0,1,3,25,33,1,0,5,0,0
201600013554,16,6,5,2235,5,2,1,1,1,5,4329462,557328,130,4,2,2,0,2,3,0,650,0,0,1,99,0
201600013555,16,6,6,1620,1,2,3,1,3,5,4328505,559546,130,4,2,2,0,1,1,0,35,1,0,1,0,0
201600013556,16,6,13,2000,1,2,1,1,6,5,4329802,557928,130,3,2,2,0,1,1,0,0,1,0,1,0,0
201600013557,16,6,23,1810,1,2,1,1,3,5,4329084,559472,130,4,2,3,0,1,1,0,35,1,0,1,0,0
201600013558,16,6,23,2035,1,1,1,1,3,5,4328808,552204,130,3,2,2,0,1,1,0,700,1,0,1,0,0
201600013559,16,6,26,2045,1,1,1,1,3,5,4329627,558282,130,3,0,0,0,1,2,0,800,1,3,0,99,0
201600013560,16,6,29,1230,1,2,1,1,6,70,4328196,552569,130,3,2,2,0,1,1,0,60,1,0,1,0,0
201600013561,16,7,2,1030,1,1,1,1,2,5,4328081,556741,130,4,2,2,0,1,1,0,60,1,0,1,0,0
201600013562,16,7,4,830,1,1,1,1,3,5,4328500,559070,130,2,0,2,0,1,1,0,0,1,0,0,99,0
201600013563,16,7,5,815,1,1,1,1,2,5,4331137,560442,130,2,0,2,0,2,1,0,65,1,0,1,99,0
201600013564,16,7,6,1720,1,2,1,1,2,5,4328722,558323,130,2,2,2,0,1,1,0,72,1,0,1,99,0
201600013565,16,7,9,1915,1,1,2,1,3,5,4331223,556335,130,3,2,1,0,3,0,0,25,1,0,1,99,0
201600013566,16,7,10,1745,1,2,1,1,6,70,4327977,551642,130,4,2,1,0,2,0,0,50,1,0,1,0,0
201600013567,16,7,16,2130,1,2,1,1,1,5,4328223,557132,130,4,2,2,0,3,4,0,46,1,0,1,0,0
201600013568,16,7,18,811,1,1,1,1,4,5,4332306,558933,130,2,2,2,0,1,1,0,33,1,0,1,99,0
201600013569,16,7,28,845,1,2,9,1,3,5,4328234,560243,130,2,2,0,0,1,1,0,80,1,0,1,0,0
201600013570,16,7,31,2100,1,2,1,1,2,5,4329521,556679,130,4,1,1,0,0,0,0,400,0,0,1,99,0
201600013571,16,8,1,1520,1,2,1,1,7,5,4330070,557063,130,4,2,1,0,2,1,0,15,1,0,4,0,0
201600013572,16,8,4,2130,5,2,3,1,1,5,4329245,555570,130,3,2,2,0,1,1,0,0,1,5,1,99,0
201600013573,16,8,5,1745,1,2,9,1,3,5,4329120,559404,130,4,2,3,0,1,1,0,110,1,0,1,0,0
201600013574,16,8,6,935,1,1,1,1,2,5,4330996,559301,130,3,2,2,0,1,2,0,107,1,0,5,0,0
201600013575,16,8,2,800,1,1,6,1,3,5,4329817,559691,130,3,3,2,0,1,0,0,0,1,5,1,99,0
201600013576,16,8,8,1715,1,2,1,1,6,5,4329100,556993,130,3,2,2,0,1,1,0,33,1,0,1,0,0
201600013577,16,8,10,1700,1,2,3,1,1,5,4329649,556960,130,4,2,2,0,1,1,0,60,1,0,0,0,0
201600013578,16,8,12,945,1,2,2,1,3,5,4329590,557140,130,4,2,2,0,1,1,0,96,1,0,1,0,0
201600013579,16,8,13,1040,1,2,2,1,3,5,4329592,557145,130,2,2,2,0,1,1,0,89,1,0,1,0,0
201600013580,16,8,19,1330,1,2,3,1,3,5,4331267,557802,130,3,2,2,0,1,1,0,64,1,5,1,99,1
201600013581,16,8,23,1230,1,2,4,1,6,5,4328761,557916,130,2,2,2,0,1,1,0,65,1,0,0,0,0
201600013583,16,9,1,1100,1,2,1,1,6,5,4329217,556187,130,3,0,2,0,1,1,0,0,1,0,0,3,0
201600013584,16,9,4,1815,1,2,1,1,3,5,4330057,557110,130,3,2,2,0,1,1,0,65,1,0,1,0,0
201600013585,16,8,27,1110,1,2,1,1,6,5,4328788,557219,130,4,2,2,0,1,1,0,63,1,0,1,99,0
201600013586,16,9,6,810,1,2,1,1,3,5,4330708,557474,130,3,2,3,0,2,1,0,113,1,0,1,0,0
201600013587,16,9,12,1030,1,2,2,1,3,5,4328766,558714,130,3,1,1,0,2,2,0,35,1,3,1,0,0
201600013588,16,9,12,1330,1,2,8,1,6,5,4329643,537405,130,4,2,2,0,1,1,0,0,1,0,0,99,0
201600013589,16,9,27,1930,2,2,1,2,6,5,4328142,555022,130,4,2,2,0,1,3,0,65,2,0,1,0,0
201600013590,16,9,28,1330,1,1,3,1,3,5,4328711,553435,130,3,2,0,0,1,1,0,0,1,0,1,99,0
201600013591,16,10,10,2215,5,2,1,1,6,5,4329439,556800,130,4,1,1,0,1,1,0,30,1,0,1,99,0
201600013592,16,10,13,1600,1,2,1,8,1,5,4327996,555138,130,4,2,2,0,1,4,12,26,1,0,1,0,0
201600013593,16,10,14,1235,1,1,1,2,3,5,4328629,558733,130,3,2,3,0,1,1,0,102,2,5,1,99,0
201600013594,16,10,21,1830,5,2,1,1,2,5,4328193,560583,130,9,0,0,0,0,0,0,0,0,0,0,0,0
201600013595,16,10,26,1940,5,2,2,1,3,70,4328193,551504,130,3,2,2,0,1,1,0,60,1,0,1,3,0
201600013596,16,10,28,1610,1,2,1,1,1,70,4328686,551433,130,3,2,2,0,1,1,0,0,1,0,1,99,0
201600013597,16,10,29,1520,1,2,1,1,6,5,4329350,556741,130,4,1,1,0,1,1,0,0,1,0,1,0,0
201600013598,16,11,3,855,1,1,1,1,2,5,4328783,552122,130,3,2,2,0,1,1,8,56,1,0,1,0,0
201600013599,16,11,3,1540,1,2,1,1,1,5,4328806,557180,130,3,2,1,0,1,0,0,0,1,0,1,0,0
201600013600,16,11,4,1900,5,2,1,1,3,5,4328666,558583,130,3,1,2,0,0,0,0,0,0,0,1,0,0
201600013601,16,11,8,1125,1,2,1,1,3,70,4328244,551503,130,3,0,2,0,4,1,0,54,1,0,1,3,0
201600013602,16,11,9,1830,5,1,1,1,1,5,4330557,557291,130,3,2,2,0,1,2,0,0,0,0,1,0,0
201600013603,16,11,11,1720,2,1,1,6,6,5,4331979,559441,130,3,1,1,0,1,1,0,34,1,0,1,0,0
201600013604,16,11,12,1850,5,2,1,1,6,5,4330512,559210,130,3,3,3,0,1,1,0,0,1,0,1,99,0
201600013605,16,11,14,935,1,2,3,2,3,5,4328784,558157,130,3,2,2,0,3,3,0,60,2,0,1,0,0
201600013606,16,11,17,2010,5,2,2,1,3,5,4328941,557254,130,4,2,2,0,2,1,0,0,1,0,1,0,0
201600013607,16,11,19,1505,1,2,1,1,3,5,4330957,557481,130,3,2,2,0,1,1,0,52,1,0,1,99,0
201600013608,16,11,23,830,1,2,1,1,6,5,4328712,560153,130,4,0,0,0,0,0,0,0,0,0,0,0,0
201600013609,16,12,2,1145,1,2,1,1,2,5,4328632,558691,130,3,1,1,0,3,3,0,35,1,0,1,99,0
201600013610,16,12,3,1254,1,2,1,1,3,5,4329474,557387,130,3,2,2,0,1,1,0,0,1,0,2,99,0
201600013611,16,12,1,1205,1,2,3,1,3,70,4328169,551500,130,3,2,3,0,0,0,0,90,0,0,1,0,0
201600013612,16,12,6,1530,1,2,1,1,6,5,4330114,557018,130,4,3,2,0,1,1,0,40,1,0,1,0,0
201600013613,16,12,7,1610,1,2,1,1,3,5,4328480,559206,130,3,2,2,0,1,1,0,0,1,0,1,0,0
201600013614,16,12,9,1930,5,2,2,1,1,5,4328436,554598,130,3,2,4,0,1,1,0,120,1,5,1,0,0
201600013615,16,12,15,1915,5,2,3,2,3,5,4329814,557582,130,3,2,2,0,1,1,0,0,2,0,1,99,0
201600013616,16,12,18,1500,1,2,1,1,3,5,4328949,556739,130,3,2,2,0,1,1,21,92,1,0,1,99,0
201600013617,16,12,21,1725,5,2,1,1,2,5,4329472,557390,130,3,2,2,0,1,3,0,0,1,0,1,99,0
201600013618,16,12,22,1535,1,2,1,1,2,5,4328462,554847,130,3,2,2,0,2,3,0,68,1,5,1,0,0
201600013619,16,12,25,1300,1,2,3,1,3,5,4330605,557283,130,2,2,2,0,1,1,0,54,1,5,1,0,0
201600013621,16,1,7,1350,1,2,6,1,2,28,4319202,560486,130,3,1,2,0,1,2,0,83,1,0,1,99,0
201600013622,16,1,7,1745,5,2,1,1,6,28,4318726,559980,130,4,1,2,0,1,1,27,60,1,0,1,3,0
201600013623,16,1,10,1300,1,2,1,1,3,28,4318240,560533,130,4,2,2,0,1,1,0,37,1,0,1,99,0
201600013624,16,1,12,1505,1,2,1,1,6,28,4317906,559147,130,3,2,2,0,2,1,0,58,1,0,1,99,0
201600013625,16,1,13,2045,3,2,1,1,2,28,4318900,562731,130,4,1,1,0,0,0,0,0,0,0,1,0,0
201600013626,16,1,14,710,2,2,6,2,3,28,4318987,560359,130,3,1,2,0,0,0,0,124,0,0,1,0,0
201600013627,16,1,17,1800,3,2,3,1,3,28,4319438,559988,130,3,2,2,0,1,2,0,45,1,0,1,99,0
201600013628,16,1,20,1727,1,2,3,1,3,28,4318981,560906,130,4,2,2,0,1,1,0,37,1,0,1,99,0
201600013629,16,1,21,1310,1,2,1,1,3,28,4319059,561379,130,4,2,2,0,1,1,0,58,1,0,1,3,0
201600013630,16,1,21,1330,1,2,3,1,1,28,4318950,561676,130,4,2,2,0,1,1,0,56,1,0,1,99,0
201600013631,16,1,27,120,5,2,1,1,1,28,4319816,560751,130,4,2,2,0,1,1,0,59,1,0,1,99,0
201600013632,16,1,28,920,1,2,1,1,2,28,4319125,561775,130,4,2,2,0,1,1,0,83,1,0,1,99,0
201600013633,16,2,1,830,1,2,1,1,7,28,4318121,560178,130,4,2,2,0,1,1,0,50,1,0,1,3,0
201600013634,16,2,4,1030,1,2,1,1,2,28,4318240,566955,130,3,2,2,0,1,1,0,31,1,0,1,99,0
201600013635,16,2,4,1330,1,1,3,1,3,28,4318076,567182,130,3,2,2,0,1,1,31,105,1,0,1,99,0
201600013636,16,2,4,1620,1,2,2,1,6,28,4318302,561265,130,3,2,3,0,1,1,0,158,1,0,1,99,0
201600013637,16,2,5,840,1,2,1,1,6,28,4318376,560030,130,4,2,2,0,1,1,0,62,1,0,1,3,0
201600013638,16,2,5,913,1,2,1,1,6,28,4317374,561040,130,4,2,2,0,1,1,0,0,1,0,1,99,0
201600013639,16,2,6,1320,1,1,1,1,1,28,4320243,558914,130,3,2,2,0,2,4,0,74,0,2,1,99,0
201600013640,16,2,10,1015,1,2,1,8,6,28,4320114,562334,130,4,2,2,0,1,1,20,62,1,0,1,99,0
201600013641,16,2,11,15,5,2,6,1,3,28,4319253,560945,130,3,2,2,0,1,0,0,85,1,5,1,99,0
201600013642,16,2,22,1100,1,2,6,8,3,28,4319246,560952,130,3,1,2,0,1,2,0,90,2,0,1,99,0
201600013643,16,2,23,1810,3,2,1,6,3,28,4318708,560627,130,3,2,2,0,1,1,0,79,1,0,1,99,0
201600013644,16,2,24,2007,2,2,2,1,1,28,4317875,559748,130,3,2,2,0,1,1,0,63,1,0,1,99,0
201600013645,16,2,26,1000,1,2,1,1,2,28,4318886,563382,130,4,2,2,0,1,1,0,33,1,0,0,99,0
201600013646,16,2,28,130,5,2,1,3,3,28,4317344,561084,130,6,2,1,0,1,1,0,0,2,0,0,0,0
201600013647,16,3,2,810,1,2,1,1,1,28,4318886,563382,130,4,2,2,0,1,1,0,65,1,0,1,99,0
201600013648,16,3,5,1410,1,1,1,1,3,28,4319522,561023,130,4,2,2,0,1,1,0,78,1,0,1,99,0
201600013649,16,3,9,1830,1,1,1,1,1,28,4320551,558736,130,3,2,2,0,2,2,0,66,1,0,1,99,0
201600013650,16,3,10,1800,1,2,6,1,2,28,4319180,561789,130,3,2,4,0,1,1,0,0,1,0,1,99,0
201600013651,16,3,13,1350,1,2,6,8,4,28,4318987,560359,130,3,2,2,0,0,0,0,0,0,0,1,0,0
201600013652,16,3,14,1110,1,2,1,1,3,28,4318950,563521,130,3,2,2,0,3,1,0,35,1,0,1,99,0