Num_Acc,an,mois,jour,hrmn,lum,agg,int,atm,col,com,lat,long,dep,catr,circ,nbv,vosp,prof,plan,lartpc,larrout,surf,infra,situ,env1,killed
201600013653,16,3,19,1450,1,2,1,1,2,28,4317830,561129,130,4,1,1,0,1,1,0,68,0,0,1,99,0
201600013654,16,3,23,1700,1,2,1,1,3,28,4319280,560945,130,3,2,4,0,1,1,0,77,1,0,1,99,0
201600013655,16,3,26,1540,1,2,3,1,4,28,4318924,563457,130,3,2,2,0,1,1,0,43,1,0,1,99,0
201600013656,16,4,11,1430,1,2,6,1,3,28,4317360,561016,130,4,2,2,0,1,1,0,40,1,0,0,99,0
201600013657,16,4,13,1420,1,2,3,1,1,28,4320246,559858,130,4,2,2,0,1,3,0,64,1,0,1,99,0
201600013658,16,4,15,835,1,2,1,1,1,28,4319069,564122,130,3,2,2,0,1,1,26,40,1,0,1,99,0
201600013659,16,4,18,1930,1,1,3,1,1,28,4320422,562645,130,3,2,2,0,1,1,0,69,1,0,1,99,0
201600013660,16,4,18,2130,5,2,6,1,3,28,4319202,560487,130,3,1,2,0,1,2,0,84,1,0,1,99,0
201600013661,16,4,19,1640,1,1,6,1,3,28,4318994,560405,130,3,1,2,0,1,2,0,90,1,0,1,99,0
201600013662,16,4,25,1200,1,2,6,1,1,28,4317375,560595,130,4,2,2,0,1,1,0,0,1,0,0,99,0
201600013663,16,4,27,1430,1,1,2,1,2,28,4318528,566170,130,3,2,2,0,2,1,8,94,1,0,1,99,0
201600013664,16,5,4,800,1,2,1,1,1,28,4320793,560725,130,4,2,2,0,1,3,0,93,1,0,1,99,0
201600013665,16,5,4,1840,1,2,1,1,1,28,4318098,560523,130,4,2,2,0,1,1,0,74,1,0,1,99,0
201600013666,16,5,4,2000,1,2,6,1,1,28,4319069,560902,130,4,2,2,0,1,1,0,0,1,0,0,3,0
201600013667,16,5,8,1530,1,2,1,1,4,28,4319062,563854,130,3,2,2,0,1,1,0,70,1,0,1,99,0
201600013668,16,5,12,950,1,2,2,1,3,28,4317214,559886,130,4,2,2,0,1,1,0,144,1,0,1,99,0
201600013669,16,5,15,1445,1,2,3,1,1,28,4318635,560802,130,4,2,2,0,1,1,0,0,1,0,0,99,0
201600013670,16,5,16,1615,1,1,1,1,5,28,4320231,558889,130,3,2,2,0,2,4,0,0,1,0,1,99,0
201600013671,16,5,20,1200,1,2,3,1,1,28,4318319,561620,130,3,2,2,0,1,1,0,67,1,0,1,99,0
201600013672,16,5,21,1025,1,1,3,1,3,28,4318525,566169,130,3,2,2,0,4,1,0,0,1,0,1,99,0
201600013673,16,5,25,1825,1,2,3,1,1,28,4318636,562138,130,3,2,2,0,1,1,0,0,1,0,1,99,0
201600013674,16,5,26,825,1,2,1,1,4,28,4319985,561900,130,3,2,2,0,1,1,25,77,1,0,1,99,0
201600013675,16,5,26,1920,1,2,1,1,2,28,4318509,561398,130,4,2,2,0,1,1,0,32,1,0,1,3,0
201600013676,16,6,1,840,1,2,1,1,6,28,4318958,562890,130,3,2,3,0,1,1,0,74,1,0,1,99,0
201600013677,16,6,1,1830,1,2,3,1,3,28,4319723,562118,130,4,2,2,0,1,1,0,80,1,0,1,99,0
201600013678,16,6,5,1,3,2,1,1,1,28,4320651,558559,130,3,2,2,0,1,3,0,71,1,0,1,99,0
201600013679,16,6,4,1600,1,2,6,1,2,28,4318302,559781,130,3,2,2,0,3,3,0,73,1,0,1,99,0
201600013680,16,6,9,2115,2,2,2,1,3,28,4319874,562648,130,3,2,2,0,1,1,0,109,1,5,1,99,0
201600013681,16,6,12,40,5,2,1,1,1,28,4319724,562745,130,3,2,2,0,2,2,0,55,1,0,1,99,0
201600013682,16,6,12,1200,1,2,6,1,3,28,4318956,562158,130,4,1,1,0,1,1,0,36,1,0,1,99,0
201600013683,16,6,17,1530,1,2,1,1,3,28,4318534,559948,130,6,1,1,0,2,1,0,39,1,0,1,3,0
201600013684,16,6,18,1050,1,2,1,1,6,28,4317531,561040,130,4,2,2,0,1,1,0,49,1,0,1,99,0
201600013685,16,6,26,1010,1,2,3,1,1,28,4317546,560263,130,4,1,1,0,1,1,0,65,1,0,1,99,0
201600013687,16,7,4,1420,1,2,6,1,3,28,4319157,560474,130,4,3,4,0,1,1,0,0,1,0,1,99,0
201600013689,16,7,8,920,1,2,6,1,3,28,4319171,561772,130,4,2,2,0,1,1,0,0,1,0,1,99,0
201600013690,16,7,8,1900,1,2,1,1,2,28,4318586,560763,130,4,2,2,0,1,1,0,27,1,0,1,99,0
201600013691,16,7,8,1930,1,2,1,1,6,28,4318303,561266,130,4,2,2,0,1,1,0,30,1,0,1,99,0
201600013692,16,7,14,2110,2,1,2,1,3,28,4319259,563301,130,4,2,2,0,1,1,0,70,1,0,1,99,0
201600013693,16,7,14,2345,5,2,1,1,7,28,4319221,564769,130,4,2,2,0,1,1,0,0,1,0,1,99,0
201600013694,16,7,17,1250,1,2,1,1,6,28,4319062,563854,130,4,2,3,0,1,1,0,97,1,0,1,99,0
201600013695,16,7,21,905,1,2,1,1,6,28,4319073,564028,130,4,2,3,0,1,1,0,0,1,0,1,99,0
201600013696,16,7,21,1735,1,2,1,1,3,28,4318867,561613,130,4,2,2,0,1,1,0,0,1,0,1,99,0
201600013697,16,7,21,1755,1,2,3,1,3,28,4317053,559278,130,4,2,2,0,1,1,0,45,1,0,1,99,0
201600013698,16,7,23,410,5,2,3,1,1,28,4318412,560648,130,4,2,2,0,2,1,0,60,1,5,1,3,0
201600013700,16,7,26,1140,1,1,1,1,1,28,4318336,557782,130,3,2,2,0,2,4,0,43,1,0,1,99,0
201600013701,16,7,27,2250,5,2,1,1,3,28,4318531,560833,130,3,2,2,0,1,1,0,66,1,0,1,99,0
201600013702,16,7,29,15,5,2,1,1,1,28,4318717,562805,130,4,1,1,0,1,1,50,42,1,0,1,99,0
201600013705,16,8,5,1700,1,2,3,1,6,28,4317703,560231,130,4,1,1,0,1,1,0,25,1,0,1,99,0
201600013706,16,8,6,1120,1,2,1,1,6,28,4317392,560549,130,4,2,2,0,2,1,0,0,1,0,1,99,0
201600013707,16,8,14,1015,1,2,1,1,2,28,4318741,561527,130,4,2,2,0,1,1,0,0,1,0,1,99,0
201600013708,16,8,14,1930,1,2,1,1,3,112,4319550,570050,830,4,2,2,0,0,0,0,0,0,0,1,0,0
201600013709,16,8,17,1500,1,2,1,1,1,28,4318958,563657,130,4,2,2,0,1,1,0,0,1,0,1,99,0
201600013710,16,8,18,2115,3,2,2,1,3,28,4318301,561267,130,4,1,1,0,1,1,0,71,1,0,1,99,0
201600013711,16,8,19,50,5,2,6,1,6,28,4317347,561010,130,4,1,2,0,1,2,0,125,1,0,1,99,0
201600013712,16,8,20,150,3,1,1,1,7,28,4319682,559500,130,3,2,2,0,2,1,0,60,1,0,1,99,0
201600013713,16,8,22,1000,1,2,3,1,2,28,4317395,560603,130,4,1,1,0,1,1,0,40,1,0,1,99,0
201600013714,16,8,22,1350,1,2,1,1,6,28,4317682,560666,130,4,1,1,0,1,1,0,31,1,0,1,99,0
201600013715,16,8,23,1230,1,2,2,1,3,28,4317926,560524,130,4,2,3,0,1,1,0,0,1,0,1,3,0
201600013716,16,8,24,1100,1,2,3,1,1,28,4318942,561679,130,4,2,2,0,1,1,0,0,1,0,1,99,0
201600013717,16,8,24,1420,1,2,3,1,3,28,4317710,561081,130,4,1,1,0,0,0,0,0,0,0,1,0,0
201600013718,16,8,25,1645,1,2,1,1,3,28,4320368,562321,130,4,2,2,0,1,1,0,50,1,0,1,99,0
201600013719,16,8,26,1605,1,2,1,1,3,28,4319326,561830,130,4,2,2,0,1,1,0,0,1,0,1,99,0
201600013720,16,9,4,1030,1,2,3,1,6,28,4319136,561986,130,3,3,2,0,1,1,0,92,1,0,1,0,1
201600013721,16,9,3,2130,5,2,3,1,1,28,4318457,561781,130,3,2,2,0,1,1,0,42,1,0,1,99,0
201600013722,16,9,4,1810,1,2,6,1,3,28,4319207,560481,130,3,1,2,0,1,2,0,79,1,0,1,99,0
201600013723,16,9,5,2150,5,2,1,1,2,28,4319003,562857,130,3,2,2,0,1,1,0,0,1,0,1,99,0
201600013724,16,9,6,1820,1,2,3,1,6,28,4318727,562461,130,3,2,2,0,1,1,0,58,1,0,1,99,0
201600013725,16,9,9,2338,3,1,3,1,3,28,4318531,566171,130,3,3,2,0,2,1,0,36,1,0,1,99,1
201600013726,16,9,11,1750,1,2,3,1,7,28,4318862,562866,130,4,0,0,0,0,0,0,0,0,0,0,0,0
201600013727,16,9,17,1640,1,2,1,1,6,28,4319037,560208,130,4,1,1,0,1,1,0,60,1,0,1,99,0
201600013728,16,9,22,820,1,2,1,7,6,28,4317686,560981,130,4,1,1,0,1,1,0,34,1,0,1,3,0
201600013729,16,9,24,1200,1,2,1,1,2,28,4318186,560530,130,4,0,2,0,0,0,0,71,0,0,1,0,0
201600013730,16,10,3,845,1,2,1,1,3,28,4319111,559082,130,4,0,2,0,0,2,0,0,1,0,1,0,0
201600013731,16,10,5,1740,1,2,3,1,3,28,4318901,563381,130,4,2,3,0,1,1,0,110,1,0,1,99,0
201600013732,16,10,6,1630,1,2,1,2,2,28,4318464,559321,130,4,2,2,0,2,1,0,50,2,0,1,99,0
201600013733,16,10,7,2200,5,2,1,1,3,28,4318356,560192,130,4,2,2,0,1,1,0,75,1,0,1,3,0
201600013734,16,10,14,1300,1,1,1,2,1,28,4320247,558920,130,3,2,2,0,2,4,0,0,2,0,0,99,0
201600013735,16,10,22,1025,1,2,1,1,7,28,4318732,562614,130,4,2,2,0,1,2,0,76,1,0,1,99,0
201600013736,16,10,24,750,1,2,1,1,4,28,4318873,559833,130,4,3,2,0,1,1,0,78,1,0,1,3,0
201600013737,16,10,29,1120,1,2,1,1,1,28,4319457,563460,130,3,2,2,0,1,4,0,0,1,0,1,99,0
201600013738,16,10,29,1620,1,2,1,1,2,28,4318629,560712,130,4,2,2,0,1,1,0,74,1,0,1,99,0
201600013739,16,11,7,855,1,2,1,1,2,28,4319017,560407,130,3,3,2,0,0,1,0,113,1,0,1,0,0
201600013740,16,11,9,840,1,2,3,1,6,28,4318527,560498,130,4,2,2,0,1,1,0,149,1,0,1,3,0
201600013741,16,11,10,1650,1,2,1,1,6,28,4319068,561749,130,4,2,2,0,1,1,12,50,1,0,4,3,0
201600013742,16,11,14,715,2,2,6,2,3,28,4319210,560480,130,3,1,2,0,1,2,0,84,2,0,1,99,0
201600013743,16,11,15,755,1,2,6,1,1,28,4319248,560948,130,3,1,2,0,1,2,0,0,1,0,1,99,0
201600013744,16,11,19,1030,1,2,6,1,3,28,4318948,562821,130,3,1,2,0,1,2,0,0,1,0,1,99,0
201600013745,16,11,19,2105,5,2,1,1,1,28,4318724,562519,130,4,2,2,0,0,1,0,49,1,0,1,0,0
201600013746,16,11,21,1325,1,2,1,2,4,28,4320110,559745,130,4,2,2,0,1,2,0,0,0,0,1,99,0
201600013747,16,11,22,800,1,1,1,3,5,28,4318619,560729,130,3,2,2,0,1,1,0,68,1,0,1,0,0
201600013748,16,11,24,1920,5,2,1,3,1,28,4320476,559997,130,4,2,2,0,1,1,0,90,2,0,1,0,0
201600013749,16,11,27,950,1,2,1,1,6,28,4320170,560683,130,4,0,1,0,1,1,0,62,1,0,1,0,0
201600013750,16,11,27,1910,5,2,6,1,3,28,4319245,560955,130,4,1,2,0,1,2,0,90,1,0,1,99,0
201600013751,16,11,29,1520,1,2,1,1,6,28,4317880,560480,130,4,1,1,0,0,0,0,0,1,0,1,0,0
201600013752,16,11,29,1730,1,2,6,1,3,28,4319870,562652,130,4,2,2,0,3,1,0,70,1,0,0,99,0
201600013753,16,12,7,1515,1,1,1,1,1,28,4320067,562306,130,4,2,2,0,1,1,0,72,1,0,1,99,0
201600013754,16,12,9,1000,1,2,1,1,2,28,4319870,562176,130,4,2,2,0,1,1,0,117,1,0,1,99,0
201600013755,16,12,13,1850,3,2,1,1,1,28,4319295,560277,130,3,2,2,0,2,1,0,65,1,0,1,99,0
201600013756,16,12,21,1820,3,1,1,1,1,28,4320848,562776,130,3,2,2,0,1,1,0,0,1,0,0,99,0
201600013757,16,12,23,1615,1,2,6,1,3,28,4318251,561500,130,3,1,2,0,1,2,0,75,1,0,1,0,0
201600013758,16,12,26,1800,1,2,1,1,6,28,4318385,560991,130,3,0,0,0,1,1,0,68,1,0,1,99,0
201600013760,16,1,29,1800,3,2,9,2,6,47,4350525,499053,130,4,2,2,0,1,1,0,0,1,0,1,3,0
201600013761,16,1,16,1730,2,1,1,6,1,47,4354090,497364,130,3,2,2,0,1,1,0,0,1,0,1,99,1
201600013762,16,3,12,1825,2,2,1,1,7,63,4359244,500065,130,4,3,4,0,1,1,0,0,1,0,1,99,1
201600013763,16,5,25,1215,1,2,6,1,3,63,4358765,500273,130,2,3,2,0,1,1,15,40,1,5,1,99,1
201600013764,16,6,12,1845,1,1,1,1,6,98,4344056,503631,130,4,3,2,0,1,1,66,47,1,0,4,99,1
201600013765,16,7,24,644,1,2,1,1,6,63,4359244,500065,130,4,1,1,0,1,1,97,69,0,0,1,0,1
201600013766,16,8,18,1540,1,1,2,1,3,47,4348884,496495,130,2,3,2,0,2,3,0,0,1,5,1,99,0
201600013767,16,10,29,1415,1,1,1,1,1,63,4358835,499036,130,2,2,2,0,2,1,0,0,1,2,2,99,1
201600013768,16,1,5,1350,1,2,1,1,2,54,4340074,522591,130,3,2,1,0,1,1,0,0,1,0,1,99,0
201600013769,16,1,6,1920,5,2,3,1,1,54,4341979,522496,130,3,2,0,0,1,0,0,0,0,6,1,0,0
201600013771,16,1,19,535,5,2,2,2,3,43,4339197,520681,130,3,0,2,0,1,1,0,0,2,0,1,99,0
201600013773,16,2,3,1430,1,2,3,1,1,54,4340507,522308,130,3,2,1,0,1,1,10,60,1,0,1,3,0
201600013774,16,2,8,2100,4,2,1,1,3,54,4340115,525904,130,4,2,2,0,1,1,0,70,1,0,1,99,0
201600013776,16,2,25,745,1,2,1,1,1,102,4342126,523197,130,3,0,0,0,1,1,0,0,1,0,0,0,0
201600013778,16,3,3,1700,1,2,1,1,6,54,4341221,521949,130,3,3,2,0,1,1,20,60,1,0,1,99,0
201600013779,16,2,26,1815,2,2,1,1,3,43,4338506,521851,130,3,3,2,0,2,1,8,60,1,0,1,99,0
201600013781,16,3,20,500,3,1,1,1,2,43,4338233,522100,130,3,2,1,0,2,1,9,39,1,0,1,99,0
201600013782,16,3,26,1710,1,1,1,1,3,43,4338468,521335,130,3,2,0,0,0,0,0,0,0,0,1,0,0
201600013783,16,5,3,1616,1,2,1,1,6,54,4341054,519919,130,4,2,2,0,1,1,0,60,1,0,1,3,0
201600013784,16,5,5,1840,1,1,1,1,5,43,4339495,523067,130,3,3,2,0,3,1,0,70,1,2,1,3,1
201600013785,16,5,22,1355,1,2,1,1,3,54,4341878,521398,130,4,2,1,0,1,1,0,0,1,0,1,99,0
201600013787,16,6,7,1310,1,2,1,1,2,43,4338669,522227,130,3,2,1,0,1,1,0,60,1,0,1,99,0
201600013788,16,6,9,1105,1,2,1,1,3,54,4339927,519964,130,3,2,2,0,1,1,0,80,1,0,1,99,0
201600013789,16,6,27,1728,1,2,3,1,3,102,4340656,525671,130,3,2,1,0,1,1,0,66,1,0,1,0,0
201600013790,16,6,29,1650,1,1,1,1,4,54,4348059,535659,130,3,2,0,0,1,1,0,50,1,0,1,99,0
201600013791,16,7,9,1305,1,1,1,1,1,43,4338931,522154,130,3,2,1,0,1,1,0,60,1,0,1,99,1
201600013792,16,7,14,1655,1,2,9,1,1,54,4340647,522218,130,3,2,2,0,1,1,5,60,1,0,1,99,0
201600013793,16,7,26,1340,1,2,3,1,3,54,4341481,521472,130,3,2,2,0,1,1,0,50,1,0,1,0,0
201600013794,16,7,27,1105,1,2,2,1,3,54,4341830,521410,130,3,2,2,0,1,1,0,60,1,5,1,0,0
201600013798,16,8,16,1755,1,2,1,1,5,54,4342178,522863,130,3,1,1,0,1,2,0,42,1,0,3,99,0
201600013799,16,7,15,1330,1,2,1,1,7,102,4341912,523026,130,6,4,0,0,1,0,0,0,1,0,1,99,0
201600013800,16,9,2,1838,1,1,1,1,1,43,4338425,521909,130,3,0,2,0,1,1,0,0,1,0,1,0,0
201600013802,16,9,20,1855,1,2,6,7,6,102,4341892,524496,130,3,2,0,0,1,0,0,0,1,0,1,99,0
201600013803,16,9,21,1200,1,2,1,1,2,54,4340505,520419,130,3,2,0,0,1,0,0,0,1,0,1,99,0
201600013804,16,9,25,1715,1,2,3,1,1,102,4341577,524402,130,4,0,2,0,1,1,0,0,1,0,1,3,0
201600013805,16,9,26,1400,1,2,6,1,3,102,4341993,523663,130,3,2,1,0,1,1,0,0,1,0,1,0,0
201600013806,16,9,27,2235,5,2,1,2,2,54,4341833,522102,130,4,1,1,0,1,1,0,80,2,0,1,0,0
201600013807,16,9,28,1230,1,1,1,1,3,54,4342291,523004,130,3,2,4,0,1,2,0,140,1,0,1,0,0
201600013808,16,10,5,2050,3,2,1,1,2,43,4339727,525258,130,3,2,1,0,1,1,10,60,1,0,1,0,0
201600013809,16,10,14,2100,3,1,1,9,6,102,4341665,524242,130,3,1,1,0,2,3,0,0,2,0,1,0,0
201600013810,16,10,25,1205,1,1,1,8,6,54,4342423,523559,130,3,3,2,0,1,2,0,100,1,0,1,0,0
201600013811,16,10,27,1220,1,1,8,1,5,54,4340580,520620,130,3,2,2,0,1,1,0,0,1,4,0,99,0
201600013812,16,11,4,1155,1,2,1,1,6,102,4341041,525266,130,4,2,2,0,1,1,0,60,1,0,1,99,0
201600013813,16,11,17,905,1,2,9,1,3,54,4341111,521699,130,3,0,1,0,1,1,0,0,1,0,0,99,0
201600013814,16,11,19,1235,1,2,3,1,1,43,4338484,521440,130,3,2,2,0,1,1,0,0,1,0,1,99,0
201600013815,16,12,14,930,1,2,6,1,2,102,4341950,523766,130,3,3,1,0,1,1,0,0,1,5,0,99,0
201600013816,16,12,18,1430,1,2,1,1,3,43,4338331,520190,130,3,2,2,0,1,1,0,0,1,0,1,0,0
201600013817,16,12,22,1650,1,2,1,1,6,43,4339544,523504,130,3,3,2,0,1,1,0,0,1,0,1,3,0
201600013818,16,12,24,1430,1,2,3,1,2,43,4338706,522745,130,3,2,1,0,1,1,0,0,1,0,1,0,0
201600013819,16,1,1,200,5,2,1,1,6,55,4334670,537939,130,3,3,1,0,1,1,0,80,1,0,1,0,0
201600013820,16,1,1,300,5,2,1,1,6,55,4327809,537790,130,4,3,4,0,2,0,0,20,1,0,1,0,0
201600013821,16,1,1,400,5,2,1,1,6,55,4330356,543120,130,4,2,0,0,1,0,0,0,1,0,1,0,0
201600013822,16,1,1,630,2,2,1,1,6,55,4330288,541488,130,4,2,2,0,4,2,10,60,1,5,4,0,0
201600013823,16,1,1,500,5,2,1,1,6,55,4326019,538694,130,4,2,0,0,1,2,20,70,0,0,1,3,0
201600013824,16,12,16,525,3,2,1,2,7,55,4328872,535891,130,4,2,2,0,0,0,0,0,0,0,1,0,0
201600013825,16,1,1,1900,3,2,3,1,2,55,4330238,539545,130,4,1,1,0,1,1,0,60,1,0,1,0,0
201600013826,16,12,16,900,1,2,1,1,3,55,4328170,535117,130,4,2,2,0,1,1,0,0,1,0,1,0,0
201600013827,16,1,2,1545,1,2,1,2,2,55,4330480,537151,130,4,1,1,0,2,1,60,30,2,0,1,0,0
201600013828,16,1,3,15,5,2,2,1,2,55,4331161,537132,130,4,0,0,0,1,1,0,0,1,0,0,0,0
201600013829,16,1,3,930,1,2,1,1,6,55,4332622,536659,130,4,2,2,0,1,0,0,80,1,0,1,0,0
201600013830,16,1,3,1200,1,1,1,1,4,55,4324690,539623,130,4,1,2,0,2,1,0,60,1,0,1,0,0
201600013831,16,11,23,1720,1,2,1,1,6,55,4328592,547167,130,4,2,2,0,1,1,0,0,1,0,1,0,0
201600013832,16,1,3,2325,5,2,1,2,2,55,4327046,540757,130,4,2,2,0,2,1,0,80,2,0,1,0,0
201600013833,16,12,28,1330,1,2,1,1,2,55,4333792,534974,130,4,0,2,0,1,1,0,0,1,0,1,0,0
201600013834,16,1,4,750,1,2,1,1,6,55,4328018,541951,130,4,2,2,0,1,1,0,60,1,0,1,0,0
201600013835,16,1,4,2130,5,2,1,2,3,55,4324565,541520,130,3,2,2,0,1,0,0,60,2,0,1,0,0
201600013836,16,1,4,2210,5,2,1,2,6,55,4327913,541251,130,4,2,2,0,1,1,0,79,8,0,1,0,0
201600013837,16,1,4,2243,5,2,2,2,3,55,4330514,537197,130,4,1,1,0,2,1,0,0,2,0,0,0,0
201600013838,16,12,28,1330,1,2,9,1,6,55,4329913,538101,130,4,1,2,0,1,0,0,40,1,0,1,99,0
201600013839,16,1,4,1940,5,2,1,2,1,55,4328652,541587,130,3,2,2,0,2,3,30,60,2,0,1,99,0
201600013841,16,1,5,1200,1,2,1,1,6,55,4329395,538130,130,4,1,1,0,2,1,0,30,1,0,1,0,0
201600013842,16,12,7,950,1,2,1,1,3,55,4331285,540185,130,4,3,4,0,1,1,0,0,1,0,1,0,0
201600013843,16,1,5,1509,1,2,1,1,2,55,4329761,538106,130,4,1,2,0,1,1,0,70,1,0,1,99,0
201600013844,16,1,6,705,2,2,1,1,3,55,4327355,538517,130,4,2,2,0,1,1,0,120,1,0,1,0,0
201600013846,16,12,15,1040,1,1,1,1,6,55,4330224,538703,130,4,1,2,0,1,1,0,60,1,0,1,0,0
201600013847,16,1,6,1045,1,2,1,2,4,55,4327421,539997,130,4,0,2,0,1,1,0,180,1,0,1,0,0
201600013848,16,1,6,1720,2,2,1,1,3,55,4332208,538935,130,3,2,2,0,1,1,0,60,1,0,1,0,0
201600013849,16,1,6,1820,5,2,1,1,6,55,4327476,539492,130,3,2,2,0,1,1,0,60,1,0,0,0,0
201600013850,16,12,13,2020,5,2,1,1,3,55,4326218,540429,130,4,2,2,0,1,2,0,60,1,0,1,99,0
201600013851,16,1,6,1330,1,1,2,1,3,55,4328583,542560,130,4,1,2,0,2,1,0,50,1,2,1,99,0
201600013852,16,1,6,1830,2,2,1,1,6,55,4336138,534465,130,4,2,3,3,2,1,0,35,1,0,4,99,0
201600013853,16,1,7,1820,5,2,1,1,5,75,4334940,546941,130,4,2,2,0,1,1,0,36,1,0,1,0,0
201600013854,16,12,29,1200,1,2,6,1,2,55,4328485,542375,130,4,3,2,0,1,1,20,35,1,0,1,99,0
201600013855,16,1,7,930,1,2,1,2,6,55,4334290,535961,130,4,2,2,0,1,1,0,60,2,0,1,0,0
201600013856,16,1,7,1300,1,2,1,1,7,55,4328008,542529,130,4,1,2,0,1,1,0,0,1,0,1,0,0
201600013857,16,1,7,1345,1,2,1,1,1,55,4334666,537953,130,3,2,4,0,1,1,0,90,2,0,1,0,0
201600013858,16,1,7,1245,1,2,3,8,3,55,4326515,539520,130,4,1,2,0,1,1,0,180,1,0,1,0,0
201600013859,16,1,8,640,5,2,1,1,6,55,4331581,540387,130,4,2,2,0,1,1,0,56,1,0,1,0,0
201600013860,16,1,8,820,1,2,1,1,3,55,4325495,537625,130,4,0,3,3,1,1,15,75,1,0,0,0,0
201600013861,16,1,7,2000,5,2,1,1,6,55,4330399,550590,130,4,0,1,0,2,0,0,60,2,0,0,0,0
201600013862,16,1,2,1900,2,2,1,1,2,55,4328394,538589,130,4,1,1,0,1,1,30,30,1,0,1,0,0
201600013863,16,1,8,1430,1,2,7,1,1,55,4325438,538179,130,4,1,0,0,1,0,0,90,1,5,1,0,0
201600013864,16,12,22,2010,5,2,1,1,2,55,4328373,538088,130,4,1,2,0,2,1,0,50,1,0,1,0,0
201600013865,16,1,8,1350,1,2,1,1,1,75,4333804,545305,130,3,2,2,0,1,1,0,60,1,0,1,0,0
201600013867,16,1,8,1925,5,1,3,1,3,55,4329925,543039,130,4,2,2,0,3,1,30,50,1,0,1,0,0
201600013868,16,1,9,355,5,2,1,1,6,55,4332276,536775,130,4,2,0,0,1,1,0,80,1,0,4,0,0
201600013869,16,1,6,1230,1,2,1,1,3,55,4325797,539980,130,4,2,6,3,1,1,0,180,1,0,1,0,0
201600013870,16,1,9,345,5,2,2,1,6,55,4328584,544257,130,3,2,3,0,1,1,0,100,1,0,4,99,0
201600013871,16,1,9,2130,5,2,1,1,3,55,4335545,535731,130,4,2,0,0,2,1,0,60,1,0,1,0,0
201600013872,16,1,10,245,5,2,9,1,3,55,4329933,538085,130,4,2,4,0,1,1,0,120,1,0,1,0,0
201600013873,16,1,10,225,5,2,1,8,6,55,4324278,536839,130,4,1,1,1,1,1,0,76,2,0,4,0,0
201600013874,16,1,9,1120,1,2,1,1,7,55,4328970,539786,130,4,2,4,0,1,1,0,20,1,0,1,0,0
201600013875,16,1,10,530,5,2,1,1,6,55,4327657,538933,130,4,2,8,0,1,1,0,180,1,0,4,0,0
201600013876,16,1,10,700,5,2,2,1,3,55,4329762,538104,130,4,2,3,0,1,1,0,50,1,0,1,0,0
201600013877,16,1,10,550,5,2,1,1,6,55,4330411,540083,130,4,3,3,0,1,1,25,180,1,0,4,0,0
201600013878,16,1,9,1950,5,2,1,1,3,55,4328652,541587,130,3,2,2,0,2,1,40,80,1,0,1,99,0
201600013879,16,1,10,1140,1,1,1,1,1,55,4336627,535680,130,4,1,1,0,1,1,0,35,1,0,1,0,0
201600013880,16,1,10,1450,1,2,1,1,1,55,4324703,538039,130,4,2,2,0,1,2,0,60,1,0,1,0,0
201600013881,16,1,10,1530,1,2,3,1,6,55,4327036,538761,130,4,1,1,0,2,1,0,30,1,0,1,0,0
201600013882,16,1,10,1945,5,1,1,1,1,55,4332956,536685,130,4,1,1,0,2,1,0,0,1,0,1,0,0
201600013883,16,1,11,930,1,2,2,1,3,55,4329585,540028,130,4,2,2,0,0,0,0,30,0,0,1,0,0
201600013884,16,1,11,1330,1,2,1,2,3,55,4325246,539462,130,4,2,2,0,1,1,25,50,2,0,1,0,0
201600013885,16,1,11,1530,1,2,1,1,2,55,4328622,544235,130,3,2,2,0,1,1,0,70,1,0,1,0,0
201600013886,16,1,12,1115,1,2,1,1,6,55,4325041,540397,130,3,2,2,0,1,1,0,90,1,0,1,0,0
201600013887,16,1,11,1310,1,2,1,2,1,55,4330339,544199,130,4,2,2,0,2,2,0,30,2,0,1,0,0
201600013888,16,1,11,1840,5,1,3,1,7,55,4331820,539030,130,4,2,2,0,2,1,0,60,1,0,1,3,0
201600013889,16,1,6,1650,1,2,1,1,3,75,4334353,546672,130,3,2,2,1,2,1,0,60,1,0,1,0,0
201600013890,16,1,12,1500,1,2,3,1,6,55,4333696,535756,130,4,0,0,0,1,1,0,60,1,0,0,0,0
201600013891,16,1,12,1630,1,2,3,1,3,55,4330417,543487,130,4,1,2,0,2,1,0,160,1,0,1,3,0
201600013892,16,1,12,1630,1,2,1,1,3,55,4330641,537425,130,4,2,3,0,1,1,0,140,1,0,1,0,0
201600013893,16,1,12,1900,1,2,1,1,3,55,4329644,549069,130,3,2,2,3,1,1,0,60,1,0,1,3,0
201600013894,16,1,12,2030,5,2,1,1,6,55,4328929,544131,130,3,2,1,0,1,1,0,60,1,0,1,99,0
201600013895,16,1,12,1645,2,2,1,1,7,55,4324410,537130,130,4,2,3,2,1,1,0,50,1,0,1,99,0
201600013896,16,1,13,1400,1,2,1,1,6,55,4332060,537321,130,3,1,1,0,1,3,0,80,1,0,1,0,0
201600013897,16,1,13,1845,5,2,1,1,6,55,4327021,538809,130,4,2,6,0,1,1,0,180,1,0,1,99,0
201600013898,16,1,13,1800,5,2,1,1,3,55,4327039,539250,130,3,2,6,0,1,1,0,170,1,0,1,0,0
201600013899,16,1,13,2005,3,2,1,1,1,55,4330673,539484,130,4,2,2,0,1,1,0,0,1,0,1,0,0
201600013900,16,1,13,1925,5,2,1,1,6,55,4326223,537889,130,4,1,1,0,1,1,0,0,1,0,1,0,0
201600013901,16,1,11,1300,1,2,2,8,6,55,4330500,536820,130,4,1,1,0,2,1,0,0,2,0,3,99,0