Num_Acc,an,mois,jour,hrmn,lum,agg,int,atm,col,com,lat,long,dep,catr,circ,nbv,vosp,prof,plan,lartpc,larrout,surf,infra,situ,env1,killed
201600013902,16,1,14,745,1,2,1,2,6,55,4334729,534683,130,4,2,2,0,2,1,0,0,2,0,1,0,0
201600013904,16,1,13,1830,5,2,1,1,2,55,4329268,538256,130,4,2,4,0,1,1,0,120,1,0,1,0,0
201600013905,16,1,13,1850,5,2,1,1,3,55,4329582,539215,130,4,1,1,0,1,1,0,50,1,0,1,99,0
201600013906,16,1,13,1638,1,2,1,1,2,55,4329442,539489,130,4,3,2,0,1,1,0,180,1,0,0,0,0
201600013907,16,1,14,1435,1,2,1,1,6,55,4333307,543040,130,4,3,0,0,1,1,30,60,1,0,1,0,0
201600013908,16,1,14,1810,2,2,1,2,3,55,4327511,538448,130,4,2,2,0,1,1,0,75,2,0,1,0,0
201600013909,16,1,8,1605,1,2,1,1,3,55,4324856,543844,130,3,2,2,0,1,1,0,63,1,0,1,0,0
201600013911,16,1,14,1745,3,2,1,2,3,55,4328826,550326,130,3,2,0,0,1,1,0,70,0,0,1,0,0
201600013912,16,1,9,1030,1,2,1,1,2,55,4327874,538111,130,4,2,3,0,2,1,0,120,1,0,1,0,0
201600013913,16,1,15,845,1,2,1,1,5,55,4328238,538539,130,4,2,1,3,1,1,0,180,1,0,1,0,0
201600013914,16,1,15,830,2,2,2,1,6,55,4329040,539983,130,4,2,4,0,1,1,0,120,1,0,0,0,0
201600013915,16,1,11,840,1,2,1,6,6,55,4327926,535343,130,4,2,4,0,1,4,0,200,2,0,1,0,0
201600013916,16,1,15,1200,1,2,1,1,6,55,4329654,537812,130,4,2,3,3,2,1,0,0,1,0,1,99,0
201600013917,16,1,15,1715,2,1,1,1,7,55,4327476,542632,130,4,2,0,0,1,1,0,60,0,0,1,3,0
201600013918,16,1,15,2250,5,2,1,1,3,55,4330411,540082,130,4,3,6,0,1,1,25,210,1,0,1,0,0
201600013919,16,1,16,300,5,2,1,6,6,75,4334382,546540,130,3,2,2,0,2,1,20,75,1,0,1,99,0
201600013920,16,1,15,1945,5,2,1,1,2,55,4326209,537449,130,4,2,4,0,1,1,10,120,1,0,1,0,0
201600013921,16,1,16,400,3,2,1,1,1,55,4329314,537965,130,4,0,2,3,1,1,0,0,1,0,1,0,0
201600013922,16,1,16,1900,5,2,1,1,2,55,4329071,536662,130,4,1,0,0,0,0,0,40,1,0,1,99,0
201600013923,16,1,16,2045,5,2,1,1,6,55,4336234,531879,130,4,2,1,0,1,1,0,44,1,0,1,0,0
201600013924,16,1,16,2030,5,2,1,1,1,55,4336234,531879,130,4,2,2,0,1,1,0,44,1,0,1,0,0
201600013925,16,1,17,145,5,2,1,6,4,55,4326160,537468,130,4,3,5,0,1,1,10,90,1,0,1,99,0
201600013926,16,10,28,730,1,2,1,1,3,55,4333270,537774,130,4,1,2,0,1,1,0,70,1,0,1,0,0
201600013927,16,1,4,1315,1,2,1,1,7,55,4330033,540071,130,4,2,7,0,1,0,0,250,1,0,1,0,0
201600013928,16,1,15,1430,1,2,2,6,3,55,4329073,535736,130,4,1,1,0,1,1,0,50,1,0,1,0,0
201600013929,16,1,17,1430,1,2,3,1,2,55,4324590,542099,130,3,2,0,0,2,1,0,60,1,0,1,99,0
201600013930,16,1,17,1810,5,2,1,1,3,55,4328614,537422,130,4,2,2,0,1,1,0,75,1,0,4,99,0
201600013931,16,1,18,715,2,2,1,1,7,2,4332919,547761,130,4,2,2,0,2,1,0,0,1,0,1,99,0
201600013932,16,1,18,730,1,2,1,1,1,55,4328590,547917,130,3,0,2,0,1,1,0,60,1,0,0,0,0
201600013933,16,11,30,1530,1,2,2,1,6,55,4330163,536987,130,4,2,3,0,1,1,0,100,1,0,1,0,0
201600013934,16,1,18,1115,1,2,3,1,3,55,4324861,538168,130,4,2,2,1,1,1,0,0,2,0,0,0,0
201600013935,16,1,18,1400,1,2,1,2,2,55,4332258,536187,130,4,3,5,0,1,1,10,135,2,0,1,0,0
201600013936,16,1,18,1230,1,2,1,2,6,55,4327377,536236,130,4,3,2,0,1,2,15,50,2,0,1,0,0
201600013937,16,1,18,1620,1,2,1,2,3,55,4334880,537169,130,3,1,2,0,1,1,100,100,2,0,1,0,0
201600013938,16,1,18,2015,5,2,3,2,1,55,4326603,540321,130,4,2,2,0,1,1,0,50,2,0,1,3,0
201600013939,16,1,18,1630,1,2,1,2,1,55,4329097,542614,130,4,2,2,0,1,2,0,0,2,5,1,99,0
201600013940,16,1,19,840,1,2,1,1,5,55,4334808,537702,130,3,2,4,0,1,1,0,120,1,0,1,0,0
201600013941,16,1,19,1250,1,2,1,1,2,55,4327148,540177,130,4,1,3,0,1,1,10,180,1,0,1,0,0
201600013942,16,1,15,1125,1,2,3,1,3,55,4326650,540827,130,4,1,1,0,1,1,0,45,1,0,1,0,0
201600013943,16,1,19,1825,2,1,1,1,3,55,4332447,542096,130,3,2,2,0,1,3,0,60,1,0,1,0,0
201600013944,16,1,14,1330,1,2,3,2,3,55,4335714,536779,130,4,2,2,0,1,1,0,60,2,0,1,0,0
201600013945,16,1,19,1520,1,2,1,1,6,55,4328895,542590,130,4,1,1,0,2,1,0,32,1,0,1,0,0
201600013946,16,1,15,1145,1,2,3,1,3,55,4328855,536657,130,4,2,2,0,1,1,0,60,1,0,1,0,0
201600013947,16,1,20,1730,2,2,3,1,7,55,4332323,541878,130,3,2,1,0,1,1,0,0,1,0,1,3,0
201600013948,16,1,19,1230,1,2,3,1,2,55,4334202,540779,130,4,2,2,0,2,1,0,69,1,0,1,0,0
201600013949,16,1,20,1345,1,2,1,1,3,55,4333444,537471,130,4,2,2,0,1,1,0,79,1,0,1,0,0
201600013950,16,1,21,910,1,1,1,1,4,55,4324632,543263,130,3,2,2,2,1,1,0,62,0,0,1,0,0
201600013951,16,1,21,1200,1,2,1,1,6,55,4327246,540019,130,4,2,1,0,1,1,0,60,1,0,1,99,0
201600013952,16,1,21,1445,1,2,1,1,2,55,4330101,538294,130,4,1,1,0,1,1,0,150,1,0,1,0,0
201600013953,16,1,21,2345,5,2,6,1,1,55,4335767,533788,130,4,2,2,0,2,1,0,50,1,5,1,0,0
201600013954,16,1,22,15,5,2,1,1,6,55,4328816,550307,130,3,1,2,0,1,1,0,50,1,0,0,0,0
201600013955,16,1,19,1800,5,2,1,1,6,55,4329724,540777,130,4,0,2,0,3,1,0,0,1,0,1,0,0
201600013956,16,1,22,730,1,2,1,1,6,55,4324821,540611,130,4,0,2,0,1,1,0,63,1,0,1,3,0
201600013957,16,1,21,750,2,2,1,1,3,55,4324593,537411,130,4,2,2,0,1,0,5,30,0,0,1,0,0
201600013958,16,1,18,930,1,2,1,1,3,55,4331894,539026,130,4,1,3,0,1,1,0,0,1,0,1,99,0
201600013959,16,1,21,1400,1,2,3,1,2,55,4329223,536316,130,4,0,0,0,0,1,0,0,1,0,0,0,0
201600013960,16,1,22,1415,1,2,1,1,2,55,4328920,536255,130,4,2,4,0,1,1,0,200,1,0,1,0,0
201600013961,16,1,23,100,5,2,3,1,3,55,4330458,537498,130,1,2,3,0,2,1,0,0,1,0,1,0,1
201600013962,16,1,23,1825,5,2,1,1,6,55,4330417,540084,130,4,3,3,0,1,1,0,0,1,0,1,0,0
201600013963,16,1,23,1730,1,2,3,1,3,55,4327643,535833,130,4,0,1,0,0,0,0,0,0,0,1,0,0
201600013964,16,1,23,2145,5,2,1,1,3,55,4328163,542718,130,3,2,2,0,1,1,0,70,1,0,1,0,0
201600013965,16,1,18,2200,5,2,2,1,3,55,4329338,538203,130,4,2,2,0,2,1,0,0,1,0,0,0,0
201600013966,16,1,23,1950,5,2,1,1,3,55,4329540,539406,130,4,2,0,0,2,1,0,130,0,0,1,0,0
201600013967,16,1,22,1305,1,2,1,1,2,55,4328655,539886,130,4,1,2,0,1,1,0,30,1,5,1,99,0
201600013968,16,1,21,1700,5,2,1,8,1,55,4327272,536275,130,4,2,4,0,1,1,30,120,1,0,1,99,0
201600013969,16,1,24,1145,1,2,3,1,6,55,4331297,541242,130,4,2,2,0,1,1,0,60,1,0,1,0,0
201600013970,16,1,24,1745,2,2,1,1,3,55,4331953,537441,130,4,2,2,0,1,1,0,70,1,0,1,0,0
201600013971,16,1,24,1845,2,2,2,1,3,55,4335924,533279,130,4,2,2,0,2,1,0,60,1,0,1,0,0
201600013972,16,1,24,2000,5,1,1,1,6,55,4328174,542708,130,4,3,3,0,2,3,0,75,1,3,1,99,0
201600013973,16,1,24,2130,5,2,2,1,3,55,4328974,538539,130,4,1,1,0,1,1,0,50,1,0,1,0,0
201600013974,16,1,20,1200,1,2,1,1,7,2,4335970,549407,130,3,2,2,0,2,2,0,60,6,0,1,0,0
201600013975,16,1,23,1510,1,1,1,1,6,2,4333626,548239,130,4,2,2,1,2,3,0,60,1,0,1,0,0
201600013976,16,1,25,900,1,2,1,1,1,55,4332754,542688,130,3,2,2,0,1,1,0,60,1,0,1,0,1
201600013977,16,1,25,1345,1,2,1,1,3,55,4332047,537277,130,3,2,2,0,1,1,0,90,1,0,1,0,0
201600013978,16,1,25,1800,1,2,1,1,6,55,4334654,535506,130,4,0,4,0,1,0,0,100,1,0,1,3,0
201600013979,16,1,25,1645,2,2,1,1,1,55,4329081,544118,130,3,2,2,0,4,1,0,59,1,2,1,0,0
201600013980,16,1,25,2130,5,2,1,1,6,55,4329619,547529,130,4,2,2,0,2,1,0,70,1,0,1,99,0
201600013981,16,1,25,1200,1,2,1,1,6,55,4328735,546389,130,4,2,1,0,1,1,0,40,1,0,1,99,0
201600013982,16,1,26,830,1,2,3,1,3,55,4329382,547419,130,4,2,2,0,2,2,0,60,1,0,1,99,0
201600013983,16,1,26,1125,1,2,1,1,3,55,4330569,537048,130,4,1,2,0,2,1,0,60,1,0,1,0,0
201600013984,16,1,26,1135,1,2,1,8,6,55,4328104,538913,130,4,2,2,0,1,1,10,120,1,0,1,0,0
201600013985,16,1,26,1500,1,2,1,1,1,55,4335984,536554,130,4,2,2,0,2,3,0,30,1,0,1,99,0
201600013986,16,1,26,2030,5,2,1,1,1,106,4340037,536895,130,3,2,0,0,0,0,0,0,0,0,1,0,0
201600013987,16,1,27,1115,1,2,1,1,3,55,4332071,537639,130,4,0,2,0,1,1,0,120,1,0,0,0,0
201600013988,16,1,22,1430,1,1,1,1,6,55,4335985,531607,130,4,2,1,0,1,1,0,30,1,0,1,0,0
201600013989,16,1,24,1215,1,2,3,1,3,55,4332227,539220,130,4,3,3,0,1,1,0,0,1,0,1,99,0
201600013990,16,1,27,1400,1,1,1,1,3,2,4333773,548468,130,4,2,2,0,1,1,0,62,1,0,1,0,0
201600013991,16,1,27,2030,5,2,1,1,6,55,4328008,537703,130,4,2,0,0,2,1,0,80,1,0,1,0,0
201600013992,16,1,27,2145,5,2,1,1,3,55,4335935,534047,130,3,3,2,0,1,2,10,80,1,0,1,0,0
201600013993,16,1,27,2140,5,2,1,1,6,55,4328288,539227,130,4,2,4,0,1,1,0,80,1,0,1,0,0
201600013994,16,1,20,1215,1,2,1,1,3,55,4329315,537030,130,4,4,2,3,1,1,0,0,1,0,1,99,0
201600013995,16,1,28,655,5,2,1,1,4,55,4329754,549687,130,3,3,2,0,1,1,0,31,1,0,1,0,0
201600013996,16,1,26,1640,1,2,1,1,3,55,4331653,539685,130,4,2,4,0,1,1,0,0,1,0,1,0,0
201600013997,16,1,27,1420,1,2,3,1,2,55,4328967,536526,130,4,0,4,0,1,1,0,100,1,0,1,0,0
201600013998,16,1,28,1400,1,2,2,1,5,55,4329341,540316,130,4,1,1,0,3,1,0,30,1,0,1,99,0
201600013999,16,1,28,2100,5,2,2,1,6,55,4327131,540911,130,4,2,4,0,1,1,0,120,1,0,1,3,0
201600014000,16,1,29,50,5,2,1,1,6,55,4330385,543576,130,4,2,0,0,2,2,0,70,1,0,4,0,0
201600014001,16,1,23,1837,5,2,1,1,6,55,4329226,537157,130,4,1,2,0,2,1,0,35,1,0,1,99,0
201600014002,16,1,29,2000,4,2,1,1,3,55,4328323,540140,130,4,2,2,0,1,1,0,30,1,0,1,99,0
201600014003,16,1,29,2255,5,2,2,1,1,55,4329750,540088,130,4,1,2,0,1,1,5,60,1,0,1,99,0
201600014004,16,1,29,1120,1,2,1,1,2,55,4334810,536244,130,3,0,0,0,2,1,0,0,1,0,0,99,0
201600014005,16,1,27,1500,1,2,3,1,3,55,4328564,538683,130,4,1,1,0,0,0,0,150,0,0,1,0,0
201600014006,16,9,7,1910,1,2,3,1,6,55,4328892,536096,130,4,1,1,0,1,1,0,30,1,0,1,0,0
201600014007,16,1,27,1415,1,2,1,1,4,55,4331626,540025,130,4,1,3,0,1,1,0,0,1,0,1,99,0
201600014008,16,9,8,1540,1,2,3,1,7,55,4330744,537158,130,4,1,2,0,1,1,0,60,1,0,1,0,0
201600014009,16,1,30,1125,1,2,1,1,1,55,4326188,541874,130,4,2,2,0,1,3,0,0,1,0,1,99,0
201600014010,16,1,30,1300,1,2,2,1,3,55,4326480,540939,130,4,2,2,0,1,1,0,50,1,0,1,0,0
201600014011,16,1,30,1024,1,1,1,1,1,55,4324792,537493,130,4,4,1,0,1,1,0,50,1,0,1,0,0
201600014012,16,1,30,1430,1,2,3,1,5,55,4326387,540428,130,4,2,2,0,1,1,0,60,1,0,1,99,0
201600014013,16,1,30,1525,1,2,2,1,1,55,4333383,540230,130,3,2,0,0,1,1,0,0,1,0,1,0,0
201600014014,16,1,31,200,5,2,1,1,2,55,4326480,539565,130,4,2,6,3,1,1,0,180,1,0,1,0,0
201600014015,16,1,31,40,5,2,2,1,3,55,4334632,536611,130,3,2,3,0,2,0,0,120,1,0,1,0,0
201600014016,16,1,31,545,5,2,3,1,3,55,4328819,539520,130,4,1,1,0,1,1,0,20,1,0,1,0,0
201600014017,16,1,31,550,5,2,1,8,6,106,4340032,536898,130,3,2,0,0,1,1,0,100,2,0,1,99,1
201600014018,16,1,28,820,1,2,1,1,1,2,4334063,548522,130,3,2,2,0,1,1,0,60,1,0,1,0,0
201600014019,16,1,31,1150,1,1,1,1,3,55,4326012,539401,130,4,0,2,0,0,0,0,0,0,0,1,0,0
201600014020,16,1,31,1258,1,2,2,1,6,55,4329608,537683,130,4,2,2,0,1,1,0,0,1,0,1,0,0
201600014021,16,1,19,1650,1,2,1,1,3,55,4326549,538059,130,4,2,6,3,1,1,0,120,1,0,0,0,0
201600014022,16,2,1,1550,1,2,1,1,6,55,4328880,546041,130,3,2,2,0,1,1,0,67,1,0,1,99,1
201600014023,16,2,1,1850,5,2,1,1,3,55,4324564,540995,130,3,2,1,0,1,1,0,60,1,0,1,0,0
201600014024,16,1,31,1935,5,2,3,1,1,106,4338570,535880,130,3,2,2,0,1,1,0,0,1,0,1,0,0
201600014025,16,2,2,815,1,2,1,1,6,55,4331317,537141,130,4,1,2,3,1,1,0,120,1,0,1,0,0
201600014026,16,2,2,1340,1,2,1,1,1,55,4326222,541353,130,4,2,2,0,1,1,0,60,1,0,1,0,0
201600014027,16,2,2,1415,1,2,1,1,1,55,4333310,543042,130,4,2,4,0,1,2,25,25,1,0,1,99,0
201600014028,16,2,2,1530,1,1,1,1,3,55,4325944,541649,130,4,2,2,0,2,1,0,0,1,0,1,0,0
201600014029,16,2,2,800,1,2,1,1,3,2,4333830,547626,130,3,2,2,0,2,0,30,32,1,0,1,0,0
201600014030,16,2,3,840,1,2,3,1,1,55,4327988,542465,130,4,1,1,0,1,1,0,59,1,0,1,0,0
201600014031,16,2,3,1730,1,2,1,1,6,55,4331662,539695,130,4,1,1,0,0,2,0,80,1,0,1,0,0
201600014032,16,2,4,57,5,2,2,1,3,55,4329053,537800,130,4,2,3,3,1,3,0,90,1,0,1,0,0
201600014033,16,2,3,1330,1,2,1,1,3,55,4329670,539780,130,4,2,2,0,1,0,0,40,1,0,1,99,0
201600014034,16,2,4,850,1,2,1,1,7,55,4326804,541770,130,4,2,0,0,1,1,0,0,1,0,1,0,0
201600014035,16,2,4,1410,1,2,1,1,2,55,4331656,539677,130,4,3,4,0,2,0,10,130,1,0,1,0,0
201600014036,16,2,4,1400,1,2,1,1,5,55,4324539,542660,130,4,0,2,0,0,0,0,0,0,0,0,0,0
201600014037,16,2,4,1730,2,2,1,1,3,55,4337287,536545,130,4,2,2,0,2,1,0,60,1,0,1,0,0
201600014038,16,2,4,1800,2,2,1,1,6,55,4329729,537337,130,4,2,2,0,2,1,0,60,1,0,1,0,0
201600014039,16,2,3,1530,1,2,1,1,6,55,4330099,537021,130,4,0,0,0,2,1,0,50,1,6,4,0,0
201600014040,16,1,21,1630,1,2,1,1,2,55,4331188,539611,130,4,2,2,0,1,1,10,50,1,0,1,0,0
201600014041,16,1,28,1930,1,2,1,1,6,55,4330120,536729,130,4,1,1,0,1,1,20,50,1,0,1,99,0
201600014042,16,2,5,720,1,2,1,1,3,55,4327556,542399,130,4,2,2,0,2,1,0,60,1,0,0,0,0
201600014043,16,2,5,940,1,2,2,1,3,55,4328109,538936,130,4,1,1,0,1,1,10,70,1,0,1,0,0
201600014044,16,2,4,1145,1,2,1,1,6,55,4332981,542745,130,4,3,2,0,1,3,0,0,1,0,1,0,0
201600014045,16,2,5,1150,1,2,1,1,3,55,4326086,539383,130,4,2,2,0,1,1,0,60,1,0,1,0,0
201600014046,16,2,5,1415,1,2,1,1,3,55,4328565,542540,130,3,1,2,0,1,2,0,50,1,3,1,0,0
201600014048,16,2,5,1810,5,2,1,1,1,55,4329697,538114,130,4,2,4,0,1,1,0,140,1,0,1,99,0
201600014049,16,2,6,700,3,2,1,1,1,55,4336590,535725,130,4,2,2,0,2,2,0,0,1,0,1,0,0
201600014050,16,1,13,930,1,2,1,1,3,55,4327813,535501,130,4,2,2,0,2,3,0,0,1,0,1,99,0
201600014051,16,1,7,1845,2,2,1,1,3,55,4329009,536776,130,4,2,4,0,1,1,0,110,1,0,1,0,0
201600014052,16,1,27,1100,1,2,3,1,2,55,4330169,540071,130,4,1,1,0,1,1,0,60,1,0,1,0,0
201600014053,16,2,6,1620,1,2,1,1,4,55,4335157,544033,130,4,2,0,0,1,0,0,80,1,0,1,0,0
201600014054,16,2,6,2130,5,1,3,1,3,55,4335808,528727,130,4,1,2,0,1,2,100,60,1,0,1,0,0
201600014055,16,2,6,2320,5,2,1,2,3,55,4330565,537259,130,4,1,3,0,1,1,0,100,1,0,1,99,0
201600014056,16,2,2,1150,1,2,1,1,2,55,4328643,540826,130,4,2,2,0,1,1,30,30,1,0,1,99,0
201600014057,16,2,7,1420,1,2,3,1,3,55,4330330,543787,130,4,3,2,0,1,1,15,32,1,0,1,3,0
201600014058,16,2,7,1500,1,2,3,1,3,55,4328567,542557,130,3,1,2,0,2,1,0,70,1,0,1,0,0
201600014059,16,2,1,1845,5,2,1,1,3,55,4329305,540520,130,4,1,1,0,1,1,30,25,1,0,1,99,0
201600014061,16,2,7,1945,5,2,1,1,3,55,4329269,544565,130,4,3,2,1,1,1,60,40,1,0,0,0,0
201600014062,16,2,2,900,1,2,1,1,3,55,4328322,538121,130,4,1,2,0,1,1,0,0,1,0,1,0,0
201600014063,16,2,7,1415,1,2,3,1,1,55,4335170,543376,130,4,2,2,0,2,1,0,0,1,0,0,0,0
201600014064,16,1,31,1400,1,2,1,1,4,55,4327724,535683,130,4,3,4,0,1,1,0,120,1,0,1,0,0
201600014065,16,2,8,1215,1,2,1,1,3,55,4328582,542555,130,4,1,2,0,3,0,0,76,1,2,1,0,0
201600014066,16,2,5,350,5,2,1,1,6,55,4330581,538374,130,4,1,1,0,1,1,27,32,1,0,1,0,0
201600014067,16,2,9,50,5,1,1,1,2,55,4329771,540095,130,4,3,7,0,0,0,20,210,0,0,1,0,0
201600014068,16,2,9,1100,1,2,1,1,1,55,4333347,539063,130,4,2,2,0,2,1,20,120,1,0,1,0,0
201600014069,16,2,9,1530,1,2,2,1,1,55,4331144,542288,130,4,2,0,0,1,1,0,60,1,0,1,0,0
201600014070,16,2,9,2045,5,2,1,2,7,55,4324764,540034,130,4,1,0,0,1,1,0,0,2,0,1,0,0
201600014071,16,2,10,700,1,2,1,1,7,55,4332804,536596,130,4,2,2,0,2,1,0,60,1,0,1,0,0
201600014072,16,2,10,2010,5,1,1,1,3,55,4326016,539399,130,4,2,2,0,1,0,0,62,1,0,1,0,0
201600014073,16,2,10,810,1,2,1,1,1,55,4329738,540063,130,4,0,0,0,0,0,25,180,0,0,0,0,0
201600014074,16,2,11,1220,1,2,1,1,7,55,4333006,539672,130,2,1,2,0,1,1,0,0,1,0,1,0,0
201600014075,16,2,11,1810,2,2,1,1,7,55,4329395,538779,130,4,3,2,0,1,1,0,60,1,5,1,0,0
201600014076,16,2,11,2230,5,2,1,1,3,55,4325927,540064,130,4,2,4,0,1,1,25,145,1,0,1,3,0
201600014077,16,2,12,1015,1,2,1,2,3,55,4327917,542289,130,4,1,2,0,1,1,0,55,2,0,1,3,0
201600014078,16,2,12,1030,1,2,1,2,6,55,4325262,540253,130,3,0,6,0,1,1,0,150,2,0,1,99,0
201600014079,16,2,12,1145,1,2,1,3,6,55,4332990,540668,130,2,3,1,0,1,0,0,0,2,0,1,0,0
201600014080,16,2,13,1130,1,2,1,1,6,55,4324388,540598,130,4,2,2,0,1,1,0,50,2,0,1,99,0
201600014081,16,2,13,1100,1,2,1,2,6,55,4331679,537571,130,4,2,2,0,1,1,0,60,1,0,1,0,0
201600014082,16,2,12,2000,4,2,1,1,6,55,4334875,537145,130,4,2,4,0,2,3,30,120,2,0,1,0,0
201600014083,16,2,13,1615,1,2,1,7,3,2,4336523,554274,130,4,2,2,3,1,4,0,60,2,0,1,0,0
201600014084,16,2,12,1925,2,1,3,1,6,55,4333359,535840,130,4,2,2,0,1,1,0,60,1,0,1,0,0
201600014085,16,2,14,300,5,2,3,8,1,55,4332696,538427,130,4,2,2,0,2,1,0,60,2,0,0,0,0
201600014086,16,2,14,500,5,2,1,2,3,55,4332453,542109,130,3,3,2,0,1,1,0,120,2,3,1,99,0
201600014087,16,2,14,1750,5,2,1,1,2,55,4330090,539077,130,4,2,2,0,2,0,0,0,1,0,1,0,0
201600014088,16,2,11,1020,1,1,1,1,6,55,4329047,542042,130,4,0,2,0,1,1,0,80,1,0,0,0,0
201600014089,16,2,14,1815,2,2,1,1,3,106,4340420,535804,130,4,2,2,0,2,1,20,80,1,0,1,0,0
201600014090,16,2,15,220,5,2,1,1,2,55,4330517,539919,130,4,0,0,0,1,1,0,60,1,0,1,0,0
201600014091,16,1,23,1230,1,2,1,1,6,55,4332342,544912,130,3,1,1,0,1,2,0,30,1,0,1,99,0
201600014092,16,2,15,2215,5,2,1,1,3,55,4329370,540153,130,4,3,6,0,1,1,40,120,1,0,1,0,0
201600014093,16,2,9,1915,5,2,1,1,5,55,4327071,536327,130,4,2,4,0,2,0,15,150,1,0,1,0,0
201600014094,16,2,16,835,1,2,1,1,6,75,4335181,547435,130,3,2,2,0,1,1,0,70,1,0,1,99,0
201600014095,16,2,16,1215,1,2,2,1,3,55,4329988,539968,130,4,1,1,0,1,1,0,0,1,5,1,99,0
201600014096,16,2,16,1518,1,2,1,1,7,55,4336712,534355,130,3,3,2,0,2,1,40,30,1,0,1,3,0
201600014097,16,2,16,1600,1,2,1,1,6,55,4330343,537385,130,4,2,3,0,1,1,0,100,1,0,1,0,0
201600014098,16,2,16,2000,5,2,1,1,6,55,4332791,541007,130,4,2,2,0,1,1,0,30,1,0,1,0,0
201600014099,16,2,16,2100,5,2,1,1,3,55,4326130,539744,130,4,1,1,0,1,2,0,50,1,0,0,0,0
201600014100,16,2,15,1630,1,2,3,1,7,55,4328772,538059,130,4,1,1,0,1,1,0,40,1,0,1,0,0
201600014101,16,2,17,710,2,2,1,1,3,55,4332249,545642,130,3,0,2,0,1,1,0,70,1,0,0,0,0
201600014102,16,2,17,1330,1,2,1,1,7,55,4334975,537947,130,4,2,1,0,2,1,0,80,1,0,1,0,0
201600014103,16,2,17,1600,1,2,3,1,6,55,4329568,543876,130,4,3,0,0,2,1,10,40,1,0,4,99,0
201600014104,16,2,17,1930,1,2,3,1,3,55,4330301,545608,130,4,2,2,0,2,1,0,40,1,0,1,99,0
201600014105,16,2,17,1900,3,2,1,1,1,55,4329023,536878,130,4,2,3,0,1,1,0,100,1,0,1,99,0
201600014106,16,2,17,2020,5,2,1,1,1,75,4334869,546679,130,3,2,2,0,1,1,0,30,1,0,1,0,0
201600014107,16,2,18,1000,1,2,3,1,3,106,4339019,536264,130,3,2,2,0,2,1,0,62,1,0,1,0,0
201600014108,16,2,18,1630,1,2,7,1,6,55,4330447,537859,130,4,2,3,0,1,1,0,120,1,0,1,3,0
201600014109,16,2,17,2115,5,2,1,1,3,55,4326957,539003,130,4,2,2,0,2,1,15,80,1,0,1,99,0
201600014110,16,2,19,1045,1,2,1,1,3,55,4326713,538955,130,4,2,4,3,1,1,0,0,1,5,1,0,0
201600014111,16,2,3,1232,1,2,1,1,7,55,4331136,540367,130,4,3,6,0,1,2,0,0,1,1,3,0,0
201600014112,16,2,19,1800,1,1,1,1,6,55,4332039,537300,130,3,1,1,0,1,1,0,30,1,0,1,0,0
201600014113,16,2,3,900,1,2,1,1,1,55,4328831,537326,130,4,1,2,0,2,1,0,60,1,0,1,0,0
201600014114,16,2,19,1730,1,2,3,1,3,55,4334796,536260,130,3,2,4,0,2,1,0,0,1,0,1,99,0
201600014115,16,2,20,930,1,2,1,1,4,55,4327706,535708,130,4,2,0,0,1,1,10,120,1,0,1,99,0
201600014116,16,2,20,1345,1,2,1,1,3,55,4331024,546366,130,4,2,2,0,2,1,0,50,1,0,1,0,0
201600014117,16,2,20,1610,1,2,1,1,6,55,4330169,539329,130,4,0,5,0,0,0,0,150,0,0,0,0,0
201600014118,16,2,20,2130,5,2,1,1,6,55,4333944,538938,130,4,2,0,0,1,1,10,30,1,0,4,0,0
201600014119,16,2,21,940,1,2,1,7,6,55,4331884,546749,130,4,2,1,0,1,0,0,55,1,0,1,0,0
201600014120,16,10,20,750,1,2,1,1,7,55,4325509,540114,130,3,2,6,0,1,1,0,180,1,0,1,0,0
201600014121,16,2,21,1230,1,2,1,1,5,55,4334371,542169,130,4,2,2,0,1,1,0,68,1,0,1,0,0
201600014122,16,2,21,1530,1,2,3,1,6,55,4332834,536581,130,4,1,1,0,3,1,200,20,1,3,1,0,0
201600014123,16,2,21,1415,1,2,1,1,1,55,4332753,543600,130,3,2,3,0,2,1,0,55,0,0,1,0,0
201600014124,16,2,21,1945,5,2,1,1,5,55,4333036,538091,130,2,1,0,0,1,1,20,160,0,0,1,0,0
201600014125,16,2,21,1345,1,2,2,1,2,55,4328935,535760,130,4,1,1,0,1,1,0,20,1,0,1,99,0
201600014126,16,2,21,1900,1,2,1,1,3,55,4326306,537408,130,4,2,4,0,1,1,0,60,1,0,1,0,0
201600014127,16,2,22,950,1,2,3,2,3,55,4331633,543569,130,4,2,2,2,0,0,0,0,0,0,1,0,0
201600014128,16,2,22,750,1,2,1,2,1,55,4327025,542328,130,4,2,4,0,1,1,0,0,2,0,1,3,0
201600014129,16,2,10,1250,1,2,3,1,3,55,4328864,538235,130,4,0,0,0,1,1,0,0,1,0,0,99,0
201600014130,16,2,22,1330,1,2,3,1,1,55,4335202,543753,130,4,2,2,0,1,1,0,0,1,0,1,0,0
201600014131,16,2,22,1245,1,2,1,8,3,55,4329166,546052,130,3,2,2,1,1,1,0,91,2,0,1,0,0
201600014132,16,2,22,1550,1,2,1,1,3,55,4332456,542112,130,3,2,0,0,1,1,0,0,1,0,1,0,0
201600014133,16,2,22,2015,5,2,1,1,3,55,4333092,542786,130,4,2,2,0,2,1,0,80,0,0,1,0,0
201600014134,16,2,17,1230,1,2,3,1,1,55,4328554,539495,130,4,2,2,0,1,1,0,200,1,0,1,0,0
201600014135,16,2,21,1730,1,2,1,1,4,55,4326806,538442,130,4,2,3,0,1,1,0,0,1,0,1,0,0