Num_Acc,an,mois,jour,hrmn,lum,agg,int,atm,col,com,lat,long,dep,catr,circ,nbv,vosp,prof,plan,lartpc,larrout,surf,infra,situ,env1,killed
201600014136,16,2,23,700,1,2,3,1,6,55,4328989,543632,130,4,2,2,0,4,0,0,30,1,0,1,0,0
201600014137,16,2,23,745,1,2,3,1,3,55,4328910,538410,130,4,0,4,0,1,0,0,120,1,0,1,0,0
201600014138,16,2,23,1145,1,2,1,1,2,55,4332698,541937,130,4,1,3,0,1,1,0,0,1,0,1,0,0
201600014139,16,1,29,1505,1,2,2,1,3,55,4328443,538314,130,4,1,1,0,1,1,0,30,1,0,1,0,0
201600014140,16,2,23,1340,1,2,1,1,7,55,4326828,541357,130,4,4,4,0,1,1,0,105,1,0,1,0,0
201600014141,16,2,22,1930,2,2,3,1,3,55,4328570,542563,130,3,1,2,0,0,0,0,0,0,0,1,0,0
201600014142,16,2,23,2250,5,2,1,1,7,55,4334336,536569,130,4,2,2,0,1,1,0,70,1,0,1,0,0
201600014143,16,2,24,745,1,2,1,1,3,55,4327646,539750,130,3,2,2,0,1,1,0,60,1,0,1,99,0
201600014144,16,2,15,1110,1,2,1,1,2,55,4328949,539653,130,4,2,2,0,1,1,0,0,1,0,1,99,0
201600014145,16,2,24,1915,5,2,1,1,3,55,4333386,540226,130,3,2,4,0,2,1,20,90,1,0,1,3,0
201600014146,16,2,24,1920,5,2,1,1,1,55,4329093,547302,130,3,2,2,0,1,1,0,70,1,0,1,0,0
201600014147,16,2,23,1845,5,2,1,1,3,55,4336311,531978,130,4,2,4,0,1,1,0,135,1,0,1,99,0
201600014148,16,2,25,650,2,1,1,1,3,55,4332554,538044,130,6,2,2,0,1,0,0,80,0,0,1,0,0
201600014149,16,2,7,1255,1,2,1,1,3,55,4335895,535764,130,4,2,2,0,0,1,0,130,1,0,1,0,0
201600014150,16,2,13,1240,1,2,1,1,4,55,4332322,541953,130,3,1,3,0,1,1,20,20,1,0,1,99,0
201600014151,16,2,19,1700,1,2,1,1,1,55,4329328,540405,130,4,2,2,0,1,1,0,50,1,0,1,0,0
201600014152,16,2,25,1400,1,2,3,1,5,55,4324550,541214,130,3,0,2,0,1,1,0,60,1,0,1,0,1
201600014153,16,2,25,1445,1,2,1,1,1,55,4332604,541373,130,4,2,2,0,1,1,0,0,1,0,1,3,0
201600014154,16,2,24,1300,1,2,3,1,3,55,4329347,538230,130,4,1,1,0,2,1,0,0,1,0,0,0,0
201600014155,16,2,25,1845,2,2,2,1,5,55,4334632,536611,130,4,2,4,0,2,1,0,120,1,0,1,0,0
201600014156,16,2,18,1430,1,2,1,1,1,55,4325223,540047,130,4,0,1,0,1,4,0,50,1,0,1,0,0
201600014157,16,2,26,915,1,2,1,1,6,55,4330501,536719,130,4,2,2,3,1,3,0,60,1,0,0,0,0
201600014158,16,2,18,1730,1,2,1,1,6,55,4329069,538325,130,4,0,0,0,1,1,0,50,1,0,1,0,0
201600014159,16,2,2,1525,1,2,1,1,3,55,4329521,538724,130,4,1,0,0,1,1,0,0,1,0,1,99,0
201600014160,16,2,23,740,1,2,1,1,2,55,4327568,539946,130,3,2,6,0,1,1,0,180,1,0,1,0,0
201600014161,16,2,26,1400,1,2,1,1,2,55,4329682,548364,130,3,4,3,0,1,3,0,130,1,0,1,3,0
201600014162,16,2,26,1700,1,2,2,1,6,55,4328040,538718,130,4,1,2,0,0,0,0,0,0,0,1,0,0
201600014163,16,2,26,1530,1,2,1,1,3,55,4332530,536691,130,4,2,1,0,1,1,0,98,1,0,1,99,0
201600014164,16,2,26,2120,5,2,1,2,6,55,4328848,542530,130,4,1,1,0,1,3,0,30,2,0,3,0,0
201600014165,16,2,26,2240,5,2,4,2,6,55,4328150,539941,130,4,2,4,0,1,2,0,0,2,0,3,99,0
201600014166,16,2,26,2250,5,2,1,2,6,55,4324693,538319,130,4,2,2,1,2,0,0,72,2,0,4,99,0
201600014167,16,2,26,845,1,2,3,1,3,55,4335209,541580,130,4,2,2,0,2,3,0,0,1,0,1,0,0
201600014168,16,2,18,1922,5,2,1,1,6,55,4328990,536654,130,4,2,4,0,1,1,0,120,1,0,1,99,0
201600014169,16,2,27,1130,1,2,2,2,3,55,4336133,533722,130,4,0,2,0,2,1,0,80,2,0,1,0,0
201600014170,16,2,26,1730,1,2,1,1,6,55,4326564,538676,130,4,2,2,0,1,1,30,60,1,0,1,99,0
201600014171,16,2,27,2040,5,2,1,3,6,55,4330434,539751,130,4,0,1,0,2,3,0,60,2,0,1,0,0
201600014172,16,2,26,1515,1,2,1,1,3,55,4328663,538634,130,4,3,1,0,1,1,0,0,1,0,1,99,0
201600014173,16,2,27,1745,1,2,3,2,3,55,4332444,541553,130,4,2,2,0,2,0,0,100,2,0,1,3,0
201600014174,16,2,27,1930,1,2,1,3,7,55,4331375,537421,130,4,2,2,0,1,1,0,40,3,0,1,0,0
201600014175,16,2,27,2100,5,2,1,3,2,55,4328984,539837,130,4,2,5,0,1,1,0,120,2,0,1,99,0
201600014176,16,2,28,715,5,2,1,3,6,55,4330090,539084,130,4,2,2,0,1,1,0,80,2,0,1,0,0
201600014177,16,2,28,1520,1,2,1,1,6,55,4335569,532765,130,3,3,4,0,1,3,15,80,1,0,4,0,0
201600014178,16,2,28,1820,2,2,1,1,6,55,4325963,541634,130,4,2,2,0,2,1,0,60,1,0,1,99,0
201600014179,16,2,28,2100,5,2,3,2,3,55,4328512,542590,130,4,3,4,0,1,0,150,60,2,5,1,99,0
201600014180,16,2,28,2115,5,2,2,2,3,55,4328914,538745,130,4,1,1,0,3,1,0,50,2,0,1,0,0
201600014181,16,2,28,2230,5,2,1,2,3,55,4323675,536270,130,4,2,2,0,1,1,0,60,2,0,1,0,0
201600014182,16,2,29,1130,1,2,1,1,1,55,4329536,538169,130,4,2,4,0,1,1,0,120,1,0,1,0,0
201600014183,16,2,29,1130,1,2,1,1,3,55,4328372,540087,130,4,2,2,0,1,1,0,0,1,2,1,0,0
201600014184,16,2,29,1630,1,2,1,1,7,55,4333185,539205,130,4,2,2,0,2,1,0,0,1,0,1,0,0
201600014185,16,2,29,1445,1,2,3,1,3,55,4326662,538210,130,4,1,1,0,1,0,0,30,1,0,1,0,0
201600014186,16,2,29,1700,1,2,1,1,4,55,4335337,536805,130,4,2,2,0,1,1,0,0,1,0,1,0,0
201600014187,16,2,29,1900,5,2,1,1,2,55,4337854,535684,130,3,2,3,0,1,1,0,90,1,0,1,0,0
201600014188,16,2,29,1930,5,2,6,1,3,55,4328512,542589,130,4,3,4,0,2,0,150,120,1,5,1,99,0
201600014189,16,3,1,730,1,2,1,1,7,55,4326879,540354,130,4,2,5,0,0,1,0,0,1,5,1,99,0
201600014190,16,3,1,1050,1,2,1,1,4,55,4337263,535754,130,4,3,2,0,1,1,0,0,1,0,1,0,0
201600014191,16,3,1,1031,1,1,1,1,6,55,4325120,542205,130,4,0,0,0,1,1,0,25,1,0,0,0,0
201600014192,16,3,1,1040,1,2,1,1,3,55,4335840,531946,130,4,2,2,0,2,3,0,90,1,0,1,0,0
201600014193,16,2,19,1920,5,2,1,1,6,55,4330082,537522,130,4,1,2,0,4,1,0,0,1,0,1,99,0
201600014194,16,3,1,1615,1,1,1,1,3,55,4333879,538632,130,4,2,2,0,1,1,0,60,1,0,1,0,0
201600014195,16,2,26,1100,1,2,1,1,3,55,4333503,542064,130,4,2,2,0,1,1,0,60,1,0,1,0,0
201600014196,16,3,1,1535,1,2,1,1,6,55,4330005,540066,130,4,1,1,0,1,1,0,0,1,0,1,0,0
201600014197,16,3,1,1256,1,1,1,1,6,55,4328314,541068,130,4,2,0,0,1,1,0,0,1,0,1,0,0
201600014198,16,3,1,2130,5,2,1,1,6,55,4331573,536881,130,4,1,2,0,1,1,0,100,1,0,1,99,0
201600014199,16,3,1,845,1,2,1,1,3,55,4326487,539561,130,4,2,6,0,1,1,0,180,1,0,1,0,0
201600014200,16,3,1,845,1,2,1,1,3,55,4323436,540944,130,4,2,2,0,1,1,0,30,1,0,1,3,0
201600014201,16,3,2,1020,1,2,1,1,6,55,4326913,538852,130,4,2,1,0,2,1,0,45,1,0,1,99,0
201600014202,16,3,1,2000,5,2,3,1,1,55,4328229,540308,130,4,2,2,0,0,0,0,90,1,0,1,0,0
201600014203,16,3,2,1135,1,2,1,1,3,55,4326112,540595,130,4,2,2,0,1,1,0,0,1,0,1,99,0
201600014204,16,3,1,1930,5,2,1,1,3,55,4328623,544371,130,4,2,2,0,1,1,0,60,1,0,1,99,0
201600014205,16,2,23,905,1,2,4,1,3,55,4328896,540006,130,4,3,6,0,1,3,25,180,1,0,1,3,0
201600014206,16,3,3,800,2,2,1,1,5,55,4329337,537558,130,4,2,2,0,2,4,0,85,1,0,1,99,0
201600014207,16,3,1,1315,1,2,1,1,6,55,4332417,545587,130,4,2,2,0,1,1,0,70,1,0,1,99,0
201600014208,16,2,20,1200,1,2,1,1,6,55,4329463,538918,130,4,1,1,0,2,1,0,40,1,0,1,99,0
201600014209,16,2,26,1040,1,2,3,1,6,55,4331299,538286,130,4,2,2,0,2,1,0,35,1,0,0,99,0
201600014210,16,3,3,2000,5,2,3,1,3,55,4326360,541069,130,4,2,2,0,1,1,0,80,1,0,1,0,0
201600014211,16,3,4,1545,1,2,1,1,6,55,4326932,538916,130,4,2,2,0,1,1,0,60,1,0,1,99,0
201600014212,16,3,4,1750,1,2,1,8,3,55,4337858,535685,130,3,0,2,0,1,0,0,60,1,0,0,0,0
201600014213,16,3,4,1820,1,2,2,1,3,55,4329582,540020,130,4,1,0,0,1,1,0,0,1,4,1,0,0
201600014214,16,3,4,2115,5,2,3,1,3,55,4328576,542514,130,3,1,2,0,3,1,0,0,1,5,1,99,0
201600014215,16,3,4,2020,5,2,1,1,3,55,4331727,543802,130,4,2,2,0,1,1,0,70,1,0,1,3,0
201600014216,16,3,5,400,5,2,1,2,6,55,4328040,539939,130,3,0,2,0,1,1,0,70,2,0,4,0,1
201600014217,16,3,4,1530,1,2,1,1,2,55,4328629,538488,130,4,2,3,0,1,1,40,300,1,0,1,0,0
201600014218,16,3,4,1620,1,2,1,1,6,55,4328632,546935,130,4,2,2,0,1,1,0,70,1,0,1,0,0
201600014219,16,3,5,530,3,2,2,3,3,55,4332515,542333,130,4,0,2,0,1,1,0,0,2,0,1,0,0
201600014220,16,3,5,1225,1,2,1,1,5,55,4330795,537128,130,4,1,3,0,2,1,0,90,1,0,1,0,0
201600014221,16,3,5,2110,5,2,2,1,3,55,4329967,539773,130,4,1,1,0,1,1,0,35,1,0,1,0,0
201600014222,16,3,5,2145,5,2,1,1,3,55,4327374,541387,130,4,2,3,0,1,0,0,140,1,0,1,0,0
201600014223,16,2,15,1550,1,2,1,1,3,55,4332361,538664,130,4,2,1,0,0,0,0,0,0,0,1,0,0
201600014224,16,2,26,1325,1,2,1,1,4,55,4334466,535937,130,4,0,0,0,1,1,0,0,1,0,0,0,0
201600014225,16,3,6,645,1,2,1,1,1,55,4333584,536748,130,4,2,0,0,1,0,0,0,1,0,1,99,1
201600014226,16,3,4,1330,1,2,1,1,1,55,4331272,538389,130,4,2,2,0,1,1,0,60,1,0,1,0,0
201600014227,16,3,6,920,1,2,1,1,5,55,4332520,538821,130,4,2,2,0,1,1,0,70,1,0,1,99,0
201600014228,16,3,6,1330,1,2,1,1,5,55,4328956,542691,130,4,2,2,0,1,1,20,60,1,0,1,0,0
201600014229,16,3,6,2030,5,2,1,1,3,55,4329660,543830,130,4,1,1,0,3,1,41,51,1,0,1,99,0
201600014230,16,3,7,35,4,2,1,1,6,55,4332693,541945,130,4,2,0,0,2,1,0,70,1,0,4,99,0
201600014231,16,3,7,710,1,2,1,1,3,55,4328372,535005,130,4,2,2,0,1,1,0,120,1,0,1,99,0
201600014232,16,3,7,730,1,2,1,1,3,55,4330745,541338,130,4,2,2,0,1,1,0,0,1,0,1,0,0
201600014233,16,3,3,1200,1,2,1,1,5,55,4329406,538211,130,4,3,4,0,1,1,0,0,1,0,0,0,0
201600014234,16,3,7,1130,1,2,1,1,7,55,4327974,541233,130,4,1,1,0,1,1,0,40,1,0,1,3,0
201600014235,16,2,25,1940,5,2,1,1,3,55,4330710,540521,130,4,3,2,0,1,1,0,50,1,0,1,0,0
201600014236,16,3,7,1340,1,2,1,1,7,2,4335198,547797,130,3,2,2,0,1,1,0,60,0,0,1,0,0
201600014237,16,3,7,1330,1,2,1,1,3,55,4329934,537142,130,4,2,2,0,1,0,0,90,1,0,1,0,0
201600014238,16,3,7,1320,1,2,1,1,3,55,4334000,541997,130,4,0,3,0,2,1,0,50,1,0,1,0,0
201600014239,16,3,4,1015,1,2,1,1,3,55,4332708,543687,130,3,0,2,0,1,1,0,0,1,0,1,0,0
201600014240,16,3,8,725,1,2,4,1,3,75,4333963,545508,130,3,0,2,0,1,1,0,30,1,0,1,0,0
201600014241,16,3,8,730,1,2,3,1,7,55,4328333,541288,130,4,2,4,0,0,0,0,0,0,0,1,0,0
201600014242,16,2,13,2045,5,2,1,1,6,55,4329618,537708,130,4,2,2,0,1,1,0,0,1,0,1,0,0
201600014243,16,3,8,1400,1,2,1,1,3,55,4328869,539403,130,4,2,4,0,2,1,0,150,1,0,1,0,0
201600014244,16,3,8,1230,1,2,1,1,3,55,4330739,540395,130,4,2,2,0,2,1,0,30,1,0,1,0,0
201600014245,16,3,8,1500,1,2,8,1,6,55,4330546,538047,130,4,2,2,0,1,1,0,80,1,0,1,0,0
201600014246,16,3,7,1925,5,2,1,1,3,55,4333064,537156,130,4,2,4,0,1,1,0,200,1,0,1,0,0
201600014247,16,3,8,1440,1,2,1,1,4,55,4332560,542229,130,4,0,2,0,2,1,0,0,1,0,1,0,0
201600014248,16,3,8,1815,2,2,1,1,2,55,4325779,537630,130,4,1,0,0,1,1,0,90,1,0,1,0,0
201600014249,16,3,8,1805,1,2,1,1,2,55,4326933,540300,130,4,1,3,0,1,1,20,90,1,0,1,0,0
201600014250,16,3,7,1630,1,2,3,1,3,55,4329250,538262,130,4,2,4,0,1,1,0,100,1,0,1,0,0
201600014251,16,2,26,1045,1,2,1,1,7,55,4330356,539345,130,4,1,1,0,1,1,0,0,1,0,1,0,0
201600014252,16,3,8,930,1,2,2,1,3,55,4328319,538111,130,4,1,2,0,2,1,0,59,1,0,1,3,0
201600014253,16,2,24,1515,1,2,3,1,3,55,4330324,540349,130,4,1,1,0,1,1,0,0,1,0,1,0,0
201600014254,16,3,9,1015,1,2,1,1,6,55,4326570,539008,130,4,0,0,0,1,1,0,0,1,0,0,0,0
201600014255,16,12,13,1530,2,2,1,1,3,55,4329276,536807,130,4,2,3,0,1,1,10,120,1,0,1,0,0
201600014256,16,3,7,1430,1,2,2,1,3,55,4328986,536630,130,4,2,4,3,1,1,0,200,1,0,1,0,0
201600014257,16,3,9,1700,1,2,1,1,3,55,4334150,537307,130,4,2,1,0,2,2,0,0,1,0,1,99,0
201600014258,16,3,9,2230,5,2,1,1,6,55,4328228,540313,130,4,2,3,0,1,1,0,75,1,0,1,0,0
201600014259,16,3,3,650,1,2,3,1,6,55,4332166,541342,130,4,1,1,0,0,0,0,0,0,0,1,0,0
201600014260,16,3,9,900,1,2,1,1,4,55,4327110,538495,130,4,2,2,0,1,1,0,110,1,0,1,99,0
201600014261,16,3,9,800,1,2,2,1,6,55,4329585,540027,130,4,3,6,0,1,0,20,180,1,5,1,99,0
201600014262,16,1,9,1400,1,2,2,1,2,55,4329354,540153,130,4,3,6,0,1,1,15,180,1,0,1,3,0
201600014263,16,3,9,1820,2,2,1,1,3,55,4326565,537307,130,4,2,5,0,1,1,20,145,1,0,1,99,0
201600014264,16,3,10,1300,1,2,1,1,3,55,4328065,539335,130,4,2,4,0,1,1,0,100,1,0,1,0,0
201600014265,16,3,10,1639,1,1,1,1,3,55,4328006,538737,130,4,0,6,0,1,1,0,180,1,0,0,0,0
201600014266,16,3,11,1320,1,2,1,1,2,55,4333351,540282,130,3,2,2,0,1,1,0,0,1,0,1,0,0
201600014267,16,3,11,1502,1,2,1,1,6,55,4327331,539238,130,4,1,2,0,1,2,0,0,1,1,1,99,0
201600014268,16,3,11,1540,1,2,1,1,7,55,4329557,539648,130,4,2,2,3,1,1,0,70,1,0,1,3,0
201600014269,16,3,11,1540,1,2,1,8,2,55,4325839,539793,130,4,2,2,0,2,1,0,0,1,0,1,0,0
201600014270,16,3,11,2020,5,2,1,1,5,55,4324822,540107,130,4,2,2,0,1,1,0,0,1,5,1,99,0
201600014271,16,3,9,250,5,2,1,1,7,55,4330000,538072,130,4,2,4,0,1,1,0,120,1,0,4,0,0
201600014272,16,3,12,120,5,2,3,1,1,55,4332625,536106,130,3,1,1,0,0,0,0,0,0,0,0,0,0
201600014273,16,3,11,1240,1,2,1,1,6,55,4324787,539711,130,4,2,2,0,1,1,0,0,1,0,1,0,0
201600014274,16,3,12,1315,1,1,6,1,3,55,4328507,542580,130,4,1,1,1,1,1,0,15,1,5,1,0,0
201600014275,16,3,11,1915,2,2,6,1,3,55,4328507,542580,130,4,4,2,0,1,0,0,60,1,3,1,0,0
201600014276,16,3,12,1435,1,2,1,1,7,55,4328243,543512,130,4,2,2,0,2,0,0,60,1,0,1,3,0
201600014277,16,3,12,2130,5,2,6,1,3,55,4328607,538392,130,4,1,2,0,1,2,20,40,1,0,1,99,0
201600014278,16,2,10,1335,1,2,3,1,1,55,4329371,538749,130,4,0,0,0,1,1,0,50,1,0,0,0,0
201600014279,16,3,13,900,1,2,3,1,3,55,4331662,539617,130,4,3,2,0,2,3,0,0,1,3,1,0,0
201600014280,16,3,13,125,5,2,1,1,3,55,4329004,539215,130,4,3,1,0,1,1,0,50,1,0,1,0,0
201600014281,16,3,14,656,2,2,1,1,3,55,4326823,540624,130,4,2,2,0,2,1,0,0,1,0,1,0,0
201600014282,16,3,14,1245,1,2,1,1,6,55,4332607,536116,130,3,0,0,0,1,1,0,50,1,0,0,0,0
201600014283,16,3,14,1500,1,2,1,1,6,55,4332532,543333,130,4,2,2,0,1,1,0,80,1,0,1,3,0
201600014284,16,3,14,1730,1,2,2,2,3,55,4332905,538788,130,4,2,1,0,1,1,0,50,2,0,0,0,0
201600014285,16,3,14,2255,5,2,3,1,3,55,4328106,538938,130,4,1,1,0,1,1,0,33,1,0,1,0,0
201600014286,16,3,14,2345,5,2,1,1,3,55,4330943,536853,130,4,1,2,0,1,1,0,60,1,3,1,99,0
201600014287,16,3,15,100,4,2,6,1,3,55,4328584,542553,130,3,1,2,0,3,0,0,60,1,5,1,99,0
201600014288,16,2,25,1145,1,2,1,1,6,55,4330938,540286,130,4,1,6,0,1,1,25,180,1,0,0,0,0
201600014289,16,3,15,1730,1,2,1,1,3,55,4329041,543621,130,4,2,2,0,2,1,0,91,1,0,1,99,0
201600014290,16,3,16,30,5,2,1,1,7,55,4324536,537309,130,4,0,1,0,1,1,0,35,1,0,1,0,0
201600014291,16,3,16,150,5,2,1,1,2,55,4327820,539244,130,4,1,1,0,1,1,0,30,1,0,1,0,0
201600014292,16,3,15,1045,1,2,1,1,3,55,4324626,537382,130,4,2,0,0,0,0,0,0,0,0,1,0,0
201600014293,16,3,15,1045,1,2,1,1,6,55,4335700,535746,130,4,2,2,0,1,1,0,0,1,0,1,0,0
201600014294,16,3,15,1235,1,2,2,1,3,55,4329770,539057,130,4,2,2,0,2,1,0,0,1,0,1,99,0
201600014295,16,3,16,720,2,2,1,2,2,55,4329269,540021,130,4,0,3,0,1,1,0,0,2,0,1,99,0
201600014296,16,3,14,1820,2,2,1,2,1,55,4329878,537484,130,4,2,2,0,1,1,0,0,2,0,1,99,0
201600014297,16,3,16,915,1,2,1,2,6,55,4328624,536296,130,4,2,2,0,1,2,0,0,2,0,1,0,0
201600014298,16,3,15,1635,1,2,1,1,1,55,4326351,539262,130,4,2,4,0,1,1,0,110,1,0,1,3,0
201600014299,16,3,15,1850,2,2,1,1,6,55,4326000,540749,130,4,2,2,0,2,1,0,0,0,0,1,0,0
201600014300,16,3,16,1340,1,2,3,2,3,55,4330415,543488,130,4,0,2,0,2,0,0,0,2,0,1,99,0
201600014301,16,3,12,830,1,2,1,1,1,55,4327548,535986,130,4,2,2,0,1,4,0,200,0,0,1,0,0
201600014302,16,3,6,1010,1,2,3,1,3,55,4329202,538027,130,4,1,0,0,1,1,0,0,1,0,1,0,0
201600014303,16,3,16,2010,5,2,3,3,6,55,4327756,539308,130,4,1,1,0,1,1,0,40,2,0,1,0,0
201600014304,16,3,16,1900,5,2,1,2,3,55,4327848,539921,130,4,2,4,0,1,1,0,120,2,2,1,0,0
201600014305,16,3,15,1530,1,2,1,1,6,55,4330499,540094,130,4,3,2,3,1,1,0,0,1,5,1,0,0
201600014306,16,3,16,1400,1,2,1,2,6,55,4329456,539630,130,4,2,0,0,1,1,0,0,2,0,1,3,0
201600014307,16,3,17,1450,1,2,1,1,3,55,4333293,537459,130,4,2,2,0,1,1,0,0,1,0,0,0,0
201600014308,16,3,17,1500,1,2,3,1,2,55,4328284,540872,130,4,2,2,0,1,1,0,30,1,0,1,0,0
201600014309,16,3,17,1630,1,2,1,1,3,55,4328942,549631,130,3,2,0,0,1,1,0,30,1,0,1,0,0
201600014310,16,3,17,1815,1,2,2,1,3,55,4329276,540727,130,4,1,1,0,1,1,0,50,1,0,0,0,0
201600014311,16,3,16,1850,2,2,1,3,3,55,4328488,539424,130,4,4,0,0,2,1,0,0,1,0,1,0,0
201600014312,16,3,17,1815,1,2,1,1,6,2,4333536,547648,130,4,2,2,0,1,0,20,70,1,0,5,0,0
201600014313,16,3,18,710,1,2,1,1,6,55,4328027,536574,130,4,2,2,0,2,1,0,75,1,0,1,0,0
201600014314,16,3,18,837,1,2,1,1,3,55,4329777,539064,130,4,2,0,0,2,1,0,70,1,0,1,0,0
201600014315,16,3,17,1815,5,2,1,1,2,55,4332153,543255,130,4,2,1,0,1,1,0,50,1,0,1,0,0
201600014316,16,3,18,1500,1,2,1,1,3,55,4336087,532026,130,4,2,2,0,2,1,0,60,1,0,1,3,0
201600014317,16,3,18,1500,1,2,1,1,1,55,4329047,542041,130,4,2,2,0,0,0,0,0,0,0,1,0,0
201600014318,16,3,18,1630,1,2,1,1,1,55,4332055,544805,130,4,2,2,0,2,3,0,50,1,0,1,0,0
201600014319,16,3,18,2045,5,2,1,1,2,55,4333350,540282,130,4,2,2,0,1,1,0,80,1,0,1,0,0
201600014320,16,3,18,2310,5,2,1,1,3,55,4329271,539984,130,4,2,3,0,1,1,0,82,1,0,1,0,0
201600014321,16,3,18,1900,2,2,2,1,3,55,4329118,538077,130,4,2,2,3,1,1,0,0,1,4,1,99,0
201600014322,16,3,19,1135,1,2,1,1,2,55,4332541,543287,130,4,2,2,0,0,0,0,0,0,0,1,0,0
201600014323,16,3,15,1150,1,2,1,1,6,55,4330782,543710,130,4,1,1,2,2,1,0,48,1,0,1,3,0
201600014324,16,3,16,730,1,2,2,2,3,55,4330621,537226,130,4,1,0,0,0,0,0,0,0,0,0,0,0
201600014325,16,3,19,1900,2,2,1,1,6,55,4327729,539527,130,4,1,2,0,1,2,0,60,1,1,1,0,0
201600014327,16,3,20,1050,1,2,1,1,1,55,4328194,540385,130,4,2,2,0,1,1,0,60,1,0,1,0,0
201600014328,16,3,19,1330,1,2,2,1,3,55,4328928,538837,130,4,1,2,0,1,1,0,0,1,0,1,0,0
201600014329,16,3,20,1700,1,2,1,1,1,55,4328368,540022,130,4,3,4,0,1,1,0,30,1,0,1,0,0
201600014330,16,3,21,745,1,2,1,1,4,55,4327353,538519,130,4,2,2,0,2,1,0,130,1,0,1,0,0
201600014331,16,3,21,840,1,2,1,1,7,55,4331393,537638,130,4,2,2,0,0,0,0,0,0,0,4,0,0
201600014332,16,3,21,1200,1,2,3,1,6,55,4329776,537150,130,4,2,2,0,1,1,0,0,1,0,1,0,0
201600014333,16,3,18,300,5,2,6,1,7,55,4329688,536271,130,4,1,1,0,2,1,0,0,1,5,1,99,1
201600014334,16,3,21,415,5,2,1,1,3,55,4328489,541283,130,4,0,2,0,2,3,60,60,1,0,1,0,0
201600014335,16,3,11,420,5,2,1,1,6,55,4328410,537510,130,4,2,2,0,2,1,0,60,1,0,1,0,0
201600014336,16,2,25,1315,1,2,1,1,7,55,4331783,536842,130,4,1,3,3,1,1,0,120,1,0,1,99,0
201600014337,16,3,15,830,1,2,1,1,3,55,4328745,538494,130,4,2,4,0,1,1,0,0,1,0,1,99,0
201600014338,16,3,16,1300,1,2,1,2,2,55,4327154,540172,130,4,2,4,0,1,1,0,120,2,0,1,0,0
201600014339,16,2,15,1950,1,2,1,1,1,55,4333251,542938,130,4,0,1,0,2,0,0,0,0,5,1,99,0
201600014340,16,3,22,2200,5,2,3,1,6,55,4330986,537356,130,4,1,1,0,1,1,30,30,1,0,4,0,0
201600014341,16,3,22,1820,2,2,2,1,3,55,4327934,539930,130,3,2,4,0,0,0,0,0,0,0,1,0,0
201600014342,16,3,18,830,1,2,1,1,6,55,4330713,539540,130,4,2,2,0,1,1,0,100,1,0,1,0,0
201600014343,16,3,22,1945,5,2,6,1,6,55,4330381,542853,130,4,2,2,0,0,1,0,0,1,0,1,0,0
201600014344,16,3,23,1300,1,2,1,1,6,55,4336891,535643,130,4,2,2,0,2,0,0,0,1,0,1,0,0
201600014345,16,3,23,1230,1,2,1,1,4,55,4325915,539415,130,4,2,2,0,1,1,0,0,1,0,1,0,0
201600014346,16,3,23,1710,1,2,1,1,3,55,4329749,547855,130,6,1,1,0,1,1,0,60,1,0,0,0,0
201600014347,16,3,23,1515,1,2,1,1,2,55,4324575,542963,130,3,0,2,0,1,0,40,50,0,0,1,0,0
201600014348,16,3,24,1535,1,2,1,1,6,55,4335359,537163,130,6,2,2,0,1,1,0,60,1,0,1,0,0
201600014349,16,3,24,1820,1,2,1,1,3,55,4332649,542198,130,3,0,4,0,1,1,0,120,1,0,1,99,0
201600014350,16,3,24,130,5,2,2,1,3,55,4329276,540727,130,4,1,1,0,1,0,0,50,1,0,0,0,0
201600014351,16,3,24,2120,5,2,1,1,3,55,4324977,538972,130,4,2,5,0,1,1,4,150,1,0,1,0,0
201600014352,16,3,24,1910,5,2,1,1,3,55,4324774,537454,130,4,2,2,0,1,1,0,57,1,0,1,99,0
201600014353,16,3,25,812,1,1,1,1,6,55,4330628,538504,130,4,2,2,0,1,1,0,35,1,0,1,99,0
201600014354,16,3,22,820,1,2,2,1,6,55,4328890,539486,130,4,1,1,0,1,1,0,0,1,5,1,99,0
201600014355,16,3,22,1000,1,2,1,1,6,55,4327551,538993,130,4,1,1,0,1,1,0,40,1,0,1,0,0
201600014356,16,3,25,1535,1,2,1,1,1,55,4324583,539270,130,4,2,3,0,1,1,0,100,1,0,1,0,0
201600014357,16,3,25,2145,1,1,3,1,5,55,4334407,535944,130,4,2,2,0,0,0,0,0,0,0,0,0,0
201600014358,16,3,24,9,5,2,1,1,3,55,4326718,540313,130,4,2,3,0,1,1,0,120,1,0,1,99,0
201600014359,16,3,26,30,4,2,1,1,7,55,4332353,536109,130,4,2,2,0,1,1,110,70,1,0,1,0,0
201600014360,16,3,26,1020,1,2,1,1,3,55,4323290,541273,130,4,0,0,0,1,0,0,0,1,6,0,99,0
201600014361,16,3,25,1430,1,1,1,1,6,55,4337386,535661,130,4,2,2,0,2,1,0,0,1,0,1,0,0
201600014362,16,2,26,815,1,2,1,1,5,55,4336244,531649,130,4,0,1,0,1,1,0,0,1,0,1,0,0
201600014363,16,3,8,1330,1,2,3,1,3,55,4330060,539964,130,4,2,0,3,1,1,0,0,1,4,0,0,0
201600014364,16,3,20,1750,2,1,2,1,3,55,4328887,536074,130,4,1,1,0,1,1,0,50,1,0,1,0,0
201600014366,16,3,26,1520,1,2,1,1,5,55,4326636,537264,130,4,3,2,0,1,1,0,30,1,0,0,0,0
201600014367,16,3,26,2000,5,2,1,1,2,55,4326655,537258,130,4,3,2,0,1,1,0,40,1,0,1,0,0
201600014368,16,3,27,2130,5,2,1,1,1,55,4329509,547560,130,4,1,1,0,1,2,0,70,2,5,1,99,0