Num_Acc,an,mois,jour,hrmn,lum,agg,int,atm,col,com,lat,long,dep,catr,circ,nbv,vosp,prof,plan,lartpc,larrout,surf,infra,situ,env1,killed
201600014369,16,3,27,2020,3,2,1,1,7,55,4332873,536583,130,4,2,4,0,1,1,10,120,1,0,1,0,0
201600014370,16,3,23,1110,1,2,1,1,6,55,4327699,541064,130,4,2,0,0,1,3,0,70,1,1,1,0,0
201600014371,16,3,27,1910,5,2,1,8,1,55,4325992,540272,130,4,2,2,0,1,3,0,60,2,0,1,99,0
201600014372,16,3,23,845,1,2,2,1,2,55,4329237,540089,130,4,2,6,0,1,1,0,80,1,0,1,99,0
201600014373,16,3,24,1000,1,2,1,1,6,55,4328074,538822,130,4,3,4,0,0,0,10,120,0,0,1,0,0
201600014374,16,3,28,2020,2,2,1,1,3,55,4326756,538362,130,4,2,6,3,1,1,0,150,1,0,1,0,0
201600014375,16,3,28,2115,5,2,1,1,2,55,4328818,545063,130,4,2,2,0,1,1,0,60,1,0,1,0,0
201600014376,16,3,28,1640,1,2,1,1,3,55,4328576,538410,130,4,0,0,0,0,0,0,40,1,0,1,99,0
201600014377,16,3,29,1145,1,2,1,1,6,75,4333709,545243,130,3,2,2,0,1,1,0,0,1,0,1,99,0
201600014378,16,3,29,1340,1,2,1,1,3,55,4324962,542254,130,4,0,2,0,2,2,0,25,1,0,1,0,0
201600014379,16,3,29,1400,1,2,1,1,1,55,4328537,541310,130,4,2,3,0,1,1,0,137,1,0,1,3,0
201600014380,16,3,29,1500,1,2,1,1,6,55,4326788,538414,130,4,2,2,0,1,0,0,0,1,0,1,0,0
201600014381,16,3,29,1600,1,2,1,1,3,55,4330397,542197,130,4,2,2,0,1,0,0,0,1,0,1,0,0
201600014382,16,3,29,2215,5,1,1,1,6,55,4329549,537500,130,4,2,3,0,2,1,0,105,1,0,0,0,0
201600014383,16,3,29,2200,5,2,2,1,4,55,4328637,538575,130,4,3,5,0,2,1,25,190,1,0,1,99,0
201600014384,16,3,30,1730,1,2,1,1,6,55,4329487,544384,130,4,2,1,0,1,1,0,30,1,0,1,0,0
201600014386,16,3,30,2120,5,2,1,1,1,55,4324794,543571,130,3,3,3,3,1,1,0,80,1,0,1,99,0
201600014387,16,3,31,220,5,2,1,1,6,55,4329189,537516,130,4,1,2,0,2,1,0,70,1,0,1,0,0
201600014388,16,3,31,845,1,2,1,1,6,55,4334001,541648,130,4,2,2,0,1,3,0,0,1,0,1,0,0
201600014389,16,3,31,1030,1,2,1,1,2,55,4332027,537703,130,4,1,1,0,1,1,0,0,1,0,1,99,0
201600014390,16,3,31,1045,1,2,1,1,6,55,4329711,544880,130,4,2,2,0,1,1,0,60,1,0,1,0,0
201600014391,16,3,26,1515,1,2,1,1,4,55,4329839,538786,130,4,1,1,0,2,1,0,50,1,0,2,0,0
201600014392,16,2,26,1030,1,2,2,1,3,55,4329221,538908,130,4,0,1,0,0,0,0,50,0,0,1,0,0
201600014393,16,3,31,1225,1,2,1,1,6,55,4327673,538719,130,4,1,0,0,1,1,0,0,1,0,1,0,0
201600014394,16,3,31,1640,1,2,1,1,3,55,4325965,539882,130,4,1,1,0,1,1,10,30,1,0,1,0,0
201600014395,16,3,23,2135,5,2,1,1,4,55,4329299,538245,130,4,1,2,0,1,1,0,80,1,0,1,0,0
201600014396,16,4,1,830,1,1,1,1,6,55,4323895,540227,130,4,1,2,0,0,0,0,0,0,0,1,0,0
201600014397,16,4,1,1215,1,2,1,1,5,55,4329603,542477,130,4,2,2,0,2,1,0,70,2,0,1,0,0
201600014398,16,3,31,1300,1,2,1,1,2,55,4329336,540163,130,4,3,3,0,1,1,0,0,1,0,1,0,0
201600014399,16,3,31,1700,1,2,1,1,6,55,4331288,539933,130,4,0,0,0,1,1,0,0,0,0,1,3,0
201600014400,16,4,1,1400,1,2,3,2,3,55,4334488,541284,130,4,2,2,0,1,1,0,65,2,0,1,99,0
201600014401,16,4,1,1510,1,2,1,1,6,55,4325315,542186,130,4,0,1,0,3,1,0,40,1,0,1,99,0
201600014402,16,4,1,1500,1,2,1,8,2,55,4327893,538791,130,4,3,1,0,1,1,0,160,2,0,1,0,0
201600014403,16,4,1,1430,1,2,1,1,6,55,4328716,537857,130,4,1,1,0,2,1,0,40,0,0,1,3,0
201600014404,16,4,1,1500,1,2,1,2,6,55,4330308,537921,130,4,1,1,3,1,1,0,0,1,0,1,99,0
201600014405,16,4,1,2100,5,2,3,1,3,55,4334357,538532,130,3,3,4,0,1,1,0,68,2,0,1,0,0
201600014406,16,4,1,2130,5,2,1,1,7,55,4329706,540475,130,4,3,2,0,1,1,70,60,1,0,1,0,0
201600014407,16,4,2,345,5,2,2,2,1,55,4330206,539449,130,4,1,2,0,3,1,0,60,2,5,1,99,0
201600014408,16,4,2,855,1,2,1,1,2,55,4334803,537689,130,3,2,2,0,1,1,0,80,1,0,1,0,0
201600014409,16,4,2,1500,1,2,1,2,1,55,4323877,540415,130,4,2,2,0,2,2,0,56,2,0,1,0,0
201600014410,16,4,2,1730,1,2,1,2,6,55,4334871,537157,130,3,3,2,0,2,3,20,100,2,0,3,99,0
201600014411,16,4,2,2345,5,2,1,1,6,55,4328957,542689,130,4,2,2,1,0,0,15,50,0,0,1,0,0
201600014412,16,4,3,1800,2,2,3,1,2,55,4333847,536234,130,4,2,1,0,0,0,0,0,0,0,0,0,0
201600014413,16,4,3,2240,5,2,1,2,6,55,4326114,538734,130,4,2,2,0,1,1,0,100,2,0,1,0,0
201600014414,16,4,3,2120,5,2,1,2,6,55,4330340,544197,130,4,2,1,0,2,4,0,71,2,0,4,0,0
201600014415,16,4,3,2210,5,2,1,3,7,55,4329767,536371,130,4,1,1,0,1,1,0,25,2,0,1,99,0
201600014416,16,4,3,2100,5,1,1,1,2,55,4327716,539855,130,3,2,4,0,1,1,0,200,2,0,1,0,0
201600014417,16,4,1,1200,1,2,1,8,6,55,4329479,537445,130,4,2,2,0,1,1,0,35,1,0,1,99,0
201600014418,16,4,4,1230,1,2,3,1,3,55,4329916,542843,130,4,2,2,1,3,3,150,200,1,0,0,0,0
201600014419,16,4,4,1105,1,2,1,1,3,55,4329732,540848,130,4,2,2,0,1,1,0,70,1,0,1,99,0
201600014420,16,4,5,1500,1,2,1,1,6,55,4328796,546394,130,4,2,2,0,1,1,0,60,1,0,0,0,0
201600014421,16,4,5,1710,1,2,3,1,3,55,4324680,537386,130,4,2,2,0,1,1,0,50,1,0,1,0,0
201600014422,16,4,5,1720,1,2,1,1,3,55,4329478,543319,130,4,2,2,0,1,2,0,90,1,0,1,99,0
201600014423,16,4,5,2000,1,2,1,1,3,55,4329049,543950,130,2,2,2,0,2,1,0,60,1,2,1,0,0
201600014424,16,4,6,1030,1,2,1,1,6,55,4331759,543913,130,4,2,2,0,2,1,0,60,1,0,1,0,0
201600014425,16,4,6,1530,1,2,1,1,2,55,4336711,534355,130,3,2,1,0,2,3,15,40,1,0,1,99,0
201600014426,16,4,6,1700,1,1,1,1,5,55,4324791,543569,130,3,2,0,0,2,4,0,60,1,0,1,0,0
201600014427,16,4,6,2137,5,2,1,1,1,55,4329038,537236,130,4,1,3,0,2,1,0,0,1,0,1,3,0
201600014428,16,4,6,2040,5,1,1,1,6,55,4329657,548029,130,4,3,4,0,2,1,0,0,1,0,1,99,0
201600014429,16,4,7,700,1,2,1,1,3,55,4332269,545555,130,3,2,2,0,1,1,0,60,1,0,1,0,0
201600014430,16,4,7,800,1,2,1,1,1,55,4325518,540109,130,4,2,4,3,1,0,0,120,1,0,1,99,0
201600014431,16,4,2,530,5,2,3,2,7,55,4329032,536376,130,4,1,0,0,1,1,0,0,2,0,0,99,0
201600014432,16,4,7,1350,1,2,1,1,6,55,4328499,538542,130,4,2,2,0,1,1,0,60,1,0,1,0,0
201600014433,16,4,6,1745,1,2,1,1,3,55,4327338,543597,130,4,2,2,0,1,1,0,60,1,0,1,0,0
201600014434,16,4,7,2220,5,2,1,1,6,55,4333514,544496,130,3,2,2,0,1,2,0,80,1,0,1,0,1
201600014435,16,4,7,2130,5,2,1,1,3,55,4329043,540580,130,3,2,2,0,1,1,0,70,1,0,1,0,0
201600014436,16,4,8,345,5,2,1,1,2,55,4329231,540099,130,4,3,8,0,1,1,0,140,1,0,1,0,0
201600014437,16,4,8,1545,1,2,1,1,3,2,4336325,549572,130,3,2,2,0,2,3,0,65,1,0,1,99,0
201600014438,16,4,8,1415,1,2,1,1,6,55,4324337,537983,130,4,2,2,0,2,1,0,50,1,0,1,0,0
201600014439,16,4,8,1645,1,2,1,1,7,55,4329743,539933,130,4,1,0,0,1,1,0,60,1,0,1,3,0
201600014440,16,4,8,1645,1,2,3,1,6,55,4328201,538594,130,4,0,0,0,0,0,0,50,0,0,0,0,0
201600014441,16,4,8,2240,5,2,1,1,3,55,4328920,538404,130,4,2,4,0,1,1,0,120,1,0,1,0,0
201600014442,16,4,8,2215,5,2,1,1,3,55,4328547,542576,130,4,1,2,0,1,2,0,50,1,3,1,99,0
201600014443,16,4,9,350,5,1,1,1,6,55,4329118,540005,130,4,2,8,0,1,1,0,350,1,0,1,0,0
201600014444,16,4,9,830,1,2,7,1,4,55,4334253,535968,130,4,2,2,0,2,1,0,20,1,0,1,0,0
201600014445,16,4,8,1755,1,2,2,1,1,55,4328981,535930,130,4,2,2,0,2,1,40,40,1,0,1,99,0
201600014446,16,3,29,1115,1,1,1,1,6,55,4331119,540229,130,4,1,1,0,1,1,0,30,1,0,1,0,0
201600014447,16,4,9,2245,5,2,2,1,3,55,4329579,539158,130,4,1,1,0,1,1,0,0,1,0,1,0,0
201600014448,16,4,10,715,2,2,1,1,6,55,4333068,543089,130,3,2,2,0,1,0,0,50,1,0,1,0,0
201600014449,16,4,10,815,1,2,1,1,2,55,4327208,541046,130,4,2,4,0,1,1,0,120,1,0,1,3,0
201600014450,16,3,29,1430,1,2,1,1,3,55,4330391,543309,130,4,2,2,0,2,2,0,60,1,0,1,99,0
201600014451,16,4,10,1410,1,2,1,1,6,55,4333325,539798,130,4,2,2,0,1,1,0,0,1,0,1,0,0
201600014452,16,4,10,200,5,2,1,1,6,55,4324996,537530,130,4,2,4,0,1,1,10,100,1,0,1,99,0
201600014453,16,4,8,1930,1,2,1,1,6,55,4334145,540826,130,4,2,0,0,1,0,0,0,1,0,1,99,0
201600014455,16,4,11,1310,1,2,1,1,6,55,4325902,541694,130,4,2,2,0,2,1,0,58,1,0,1,99,0
201600014456,16,4,11,2330,5,2,1,1,2,55,4325080,540355,130,4,1,2,0,1,2,0,0,1,5,1,99,0
201600014457,16,4,12,800,1,2,4,1,3,55,4333114,540620,130,3,2,2,0,0,0,0,0,0,0,1,0,0
201600014458,16,4,12,912,1,2,1,1,3,55,4325435,540159,130,3,2,6,0,1,1,0,160,1,0,1,99,0
201600014459,16,4,12,1500,1,2,6,1,3,212,4330596,547018,130,3,1,1,0,1,0,0,0,1,5,1,99,0
201600014460,16,4,15,1200,1,2,1,1,5,55,4331372,546312,130,4,2,2,0,1,1,32,67,1,0,1,3,0
201600014461,16,4,12,1840,1,1,1,1,3,55,4328319,550536,130,3,3,2,0,1,1,0,37,1,0,1,0,0
201600014462,16,4,13,845,1,2,1,1,2,55,4327425,536205,130,4,3,4,0,1,3,0,0,1,0,1,99,0
201600014463,16,4,13,1130,1,2,1,1,6,55,4333153,542842,130,4,2,2,0,1,1,0,60,1,0,4,0,0
201600014464,16,4,12,2000,1,2,1,1,1,55,4330556,545016,130,4,2,1,0,0,0,0,30,0,0,1,0,0
201600014465,16,4,12,1300,1,2,3,1,3,55,4331324,536629,130,4,2,2,0,0,0,0,0,0,0,1,0,0
201600014466,16,4,13,1500,1,2,1,1,5,55,4327214,541061,130,4,2,2,0,1,1,0,120,1,0,1,0,0
201600014467,16,4,12,1500,1,2,2,1,3,55,4328928,538837,130,4,1,1,0,1,1,0,40,1,0,1,0,0
201600014468,16,4,13,1540,1,2,1,1,1,2,4333192,548569,130,3,2,0,0,1,0,20,62,0,0,1,0,0
201600014469,16,4,14,550,5,2,1,1,2,55,4325861,541725,130,4,2,2,0,1,1,0,40,1,0,1,0,0
201600014470,16,4,11,1040,1,2,3,1,1,55,4326018,541584,130,4,2,2,0,1,1,0,60,1,0,1,0,0
201600014471,16,4,14,1545,1,2,1,1,1,55,4326646,538824,130,4,2,2,0,1,1,0,70,1,0,1,0,0
201600014472,16,4,9,1630,1,2,1,1,1,55,4328378,537846,130,4,1,1,0,2,1,0,50,1,0,1,0,0
201600014473,16,4,14,1930,1,1,1,1,3,55,4335951,528617,130,4,0,2,0,1,0,0,50,1,0,0,99,0
201600014474,16,4,10,400,3,2,1,1,6,55,4331148,540336,130,4,1,0,0,1,0,25,180,1,1,1,99,0
201600014475,16,4,15,200,5,2,1,1,6,55,4329727,542183,130,4,2,2,0,1,1,0,70,1,0,1,99,0
201600014476,16,4,8,1030,1,2,1,1,6,55,4329965,538429,130,4,1,1,0,1,1,0,0,1,0,1,0,0
201600014477,16,4,13,1645,1,2,9,1,2,55,4328299,539071,130,4,2,0,0,1,1,0,40,1,0,1,0,0
201600014478,16,4,7,1800,1,2,1,1,2,55,4328253,538565,130,4,2,6,3,1,1,0,180,1,0,1,0,0
201600014479,16,3,19,1930,1,2,1,1,7,55,4328829,535581,130,4,1,1,0,2,1,0,0,1,0,1,0,0
201600014480,16,4,15,1600,1,2,1,1,2,55,4326570,539490,130,4,1,2,0,1,1,0,60,1,0,1,0,0
201600014481,16,4,16,130,5,2,1,1,3,213,4333499,544370,130,3,2,2,0,1,1,0,32,1,0,1,0,0
201600014482,16,4,16,10,5,2,1,1,1,210,4328332,539337,130,4,1,1,0,1,0,0,60,1,0,1,0,0
201600014483,16,4,14,1610,1,2,3,1,3,55,4330710,540520,130,4,2,2,0,3,1,0,50,1,0,1,0,0
201600014484,16,4,14,1430,1,2,3,1,3,55,4328819,539519,130,4,1,1,0,1,0,0,50,1,0,1,0,0
201600014485,16,3,11,1445,1,2,1,1,6,55,4329756,536919,130,4,2,2,0,1,3,0,0,1,0,1,0,0
201600014486,16,4,16,1845,1,1,1,1,1,215,4336711,534355,130,3,2,2,0,4,3,0,50,1,0,1,0,0
201600014487,16,4,14,1330,1,1,2,1,3,55,4328671,539036,130,4,1,1,0,1,1,0,50,0,0,1,0,0
201600014488,16,4,15,1845,1,2,3,1,3,55,4331395,546292,130,3,2,3,0,1,1,0,85,1,0,1,0,0
201600014489,16,4,17,430,5,2,1,1,3,210,4328536,539881,130,4,2,7,0,1,1,10,210,1,0,1,0,0
201600014490,16,4,14,1440,1,2,3,1,3,55,4329122,538303,130,4,2,4,0,2,1,0,120,1,0,1,99,0
201600014491,16,4,15,1930,1,2,1,1,3,55,4333785,537358,130,4,0,2,0,1,1,0,100,1,0,0,0,0
201600014492,16,4,16,1845,1,2,3,1,3,215,4337375,535504,130,3,3,4,0,2,1,5,80,1,0,1,0,0
201600014493,16,4,17,1215,1,2,3,1,3,206,4328402,538480,130,4,2,6,0,1,1,0,180,1,0,1,0,0
201600014494,16,3,30,1945,2,2,2,1,3,55,4329585,540039,130,4,2,6,0,1,1,15,25,1,0,0,0,0
201600014495,16,4,17,1400,1,2,1,1,1,207,4328084,535218,130,4,2,2,0,1,1,0,50,1,2,0,0,0
201600014496,16,4,17,1610,1,2,1,1,2,208,4326849,538507,130,4,0,6,0,1,1,0,120,1,0,0,0,0
201600014497,16,4,17,1930,1,2,1,1,3,210,4328061,540774,130,4,2,2,0,0,0,0,60,0,0,1,0,0
201600014498,16,4,18,730,1,2,1,1,7,211,4328763,543329,130,3,2,2,0,1,1,0,77,1,0,1,99,0
201600014499,16,4,9,1100,1,2,1,1,6,55,4331545,540187,130,4,2,6,0,1,1,0,0,1,0,1,99,0
201600014500,16,4,8,930,1,2,1,1,6,55,4330467,539018,130,4,2,0,0,1,1,0,0,1,0,0,0,0
201600014501,16,4,15,1115,1,2,1,1,6,55,4327173,536280,130,4,2,4,0,1,3,0,120,1,0,0,99,0
201600014502,16,3,30,1600,1,2,1,1,6,55,4329049,538339,130,4,2,4,0,2,1,0,30,1,0,1,99,0
201600014503,16,4,19,905,1,2,1,1,6,206,4328769,538607,130,4,1,1,0,2,1,0,25,1,0,1,0,0
201600014504,16,4,19,1035,1,2,1,1,3,203,4331539,536995,130,4,1,2,0,1,1,0,50,1,0,1,0,0
201600014505,16,3,30,1920,2,2,3,1,3,55,4330032,538906,130,4,2,2,0,2,1,0,30,1,0,1,0,0
201600014506,16,4,19,1200,1,1,1,1,3,210,4327688,541918,130,4,2,2,0,0,0,0,120,0,0,1,0,0
201600014507,16,4,18,1600,1,2,1,1,1,211,4328975,542875,130,4,0,2,0,1,1,0,35,1,0,1,99,0
201600014508,16,4,18,1605,1,2,1,1,3,211,4330511,550107,130,3,2,2,0,0,0,15,60,1,0,1,0,0
201600014509,16,4,19,1250,1,2,1,1,1,215,4334048,535658,130,4,2,2,0,1,0,0,60,1,0,1,99,0
201600014510,16,4,14,830,1,2,7,1,6,55,4329944,539718,130,4,1,0,0,1,1,0,40,1,0,1,0,0
201600014511,16,4,19,1830,1,2,1,1,3,208,4325306,538531,130,4,3,4,0,1,1,15,120,1,0,1,0,0
201600014512,16,4,14,1120,1,2,1,1,2,55,4331135,540351,130,4,3,6,0,1,1,25,180,1,0,1,0,0
201600014513,16,4,13,1515,1,2,1,1,2,55,4330877,537305,130,4,1,0,0,1,1,0,0,1,0,1,0,0
201600014514,16,4,20,1,5,1,1,1,6,208,4321936,534537,130,4,0,2,0,0,0,0,0,0,0,0,0,0
201600014515,16,4,20,105,3,1,1,1,6,209,4324894,545216,130,3,2,2,1,2,3,0,64,1,0,3,99,0
201600014516,16,4,20,805,1,2,1,1,2,213,4333726,543543,130,4,2,2,3,1,1,0,0,1,0,1,0,0
201600014517,16,4,8,1945,1,1,1,1,6,55,4327329,541541,130,4,0,0,0,2,1,0,80,1,0,1,0,0
201600014518,16,4,20,1055,1,2,1,1,6,214,4332818,539811,130,4,3,4,0,1,1,20,160,1,0,1,99,0
201600014519,16,4,9,1515,1,2,1,1,7,55,4328855,545229,130,5,2,1,0,2,1,0,60,1,0,1,0,0
201600014520,16,4,20,1400,1,2,1,1,1,106,4340413,537133,130,3,0,0,0,1,1,0,58,1,0,0,99,0
201600014521,16,4,20,1630,1,2,1,1,2,215,4329965,536962,130,4,1,2,0,4,2,0,0,1,5,1,99,0
201600014522,16,4,20,1515,1,2,9,1,1,212,4330787,542756,130,4,2,6,0,1,1,0,75,1,0,1,0,0
201600014523,16,4,20,1810,1,2,1,1,6,210,4328484,539375,130,4,2,2,3,1,1,10,30,1,0,1,0,0
201600014524,16,4,20,2000,1,2,3,1,3,208,4328153,538902,130,4,1,1,0,1,1,0,30,1,0,1,99,0
201600014525,16,4,20,2130,5,2,2,1,3,206,4328863,537882,130,4,1,1,0,1,1,0,25,1,0,1,0,0
201600014526,16,4,13,1605,1,2,1,1,6,55,4331700,539842,130,4,1,1,0,0,0,0,0,0,0,1,0,0
201600014527,16,4,19,1329,1,2,1,1,2,214,4332734,537500,130,4,1,2,0,1,0,0,50,1,0,1,0,0
201600014528,16,4,21,1000,1,2,1,1,7,212,4330390,541824,130,4,1,0,0,2,1,0,32,8,0,1,0,0
201600014529,16,4,21,740,1,2,1,1,5,210,4328229,539946,130,4,2,2,0,1,1,0,58,1,0,1,0,0
201600014530,16,4,21,1200,1,2,1,1,3,203,4332036,537292,130,3,2,1,0,1,1,0,20,1,0,1,0,0
201600014531,16,4,20,1230,1,2,1,1,3,208,4327468,539708,130,4,2,2,0,1,1,0,80,1,0,1,0,0
201600014532,16,3,30,1015,1,2,1,1,2,55,4329361,537443,130,4,1,1,0,1,1,0,0,1,0,1,0,0
201600014533,16,4,21,1355,1,2,1,1,7,208,4327633,537773,130,4,2,1,0,2,0,0,0,1,0,1,3,0
201600014534,16,2,2,1555,1,2,1,1,3,55,4329522,538725,130,4,1,2,0,1,0,0,0,1,0,1,0,0
201600014535,16,4,21,1725,1,2,1,2,1,209,4325160,541476,130,4,2,2,0,2,2,0,65,2,0,1,99,0
201600014536,16,4,21,1800,1,2,1,1,3,205,4328941,539674,130,4,2,6,0,1,0,0,180,1,0,1,0,0
201600014537,16,4,22,800,1,2,1,1,6,205,4329791,540081,130,4,3,4,0,1,1,20,80,1,0,1,0,0
201600014538,16,4,22,1315,1,2,1,1,6,202,4330170,537307,130,4,2,4,0,2,1,0,30,1,0,1,0,0
201600014539,16,4,22,1455,1,2,1,8,6,211,4328576,547986,130,3,2,2,0,1,1,0,75,1,0,1,0,0
201600014540,16,4,22,2145,5,2,1,1,6,206,4328861,539378,130,4,1,4,3,1,1,0,120,0,0,1,0,0
201600014541,16,4,22,2150,5,2,1,1,3,213,4333082,540748,130,3,2,3,0,2,1,30,150,1,0,1,99,0
201600014542,16,4,20,1315,1,2,1,1,3,201,4330757,539231,130,4,2,2,0,2,1,0,50,1,0,1,0,0
201600014543,16,4,22,1210,1,2,1,1,3,208,4326822,538494,130,4,1,6,0,1,1,0,180,1,0,1,0,0
201600014544,16,4,22,1220,1,2,1,1,2,55,4324320,539671,130,4,2,4,0,1,1,0,70,1,0,1,0,1
201600014545,16,4,20,1430,1,2,2,1,3,205,4328818,539520,130,4,1,1,0,1,1,0,20,1,0,1,99,0
201600014546,16,4,23,1450,1,2,1,1,6,204,4331662,539673,130,4,1,2,0,1,3,0,60,1,1,1,99,0
201600014547,16,4,23,1710,1,2,1,1,7,213,4332833,544381,130,4,2,1,0,3,1,0,45,1,0,1,99,0
201600014549,16,4,23,2050,2,2,2,1,3,205,4329577,540043,130,4,3,2,0,1,1,60,60,1,0,1,0,0
201600014551,16,4,15,1020,1,2,1,1,3,55,4328408,539032,130,4,1,2,0,1,1,0,60,1,0,1,0,0
201600014552,16,4,13,1500,1,2,2,1,3,204,4330419,540074,130,4,0,6,0,0,0,25,180,0,0,1,0,0
201600014553,16,4,19,1500,1,2,1,1,2,214,4333207,540664,130,4,2,2,0,1,1,0,60,1,0,1,0,0
201600014554,16,4,21,1215,1,2,1,1,3,205,4329387,540167,130,4,3,6,0,1,1,25,180,1,0,1,0,0
201600014555,16,4,24,1600,1,2,1,1,7,212,4330448,540756,130,4,3,2,0,2,2,5,25,1,0,1,0,0
201600014556,16,4,24,1806,1,2,1,1,3,214,4334106,537550,130,4,2,0,0,1,2,0,30,1,0,1,0,0
201600014557,16,3,10,1810,1,2,1,1,1,55,4326557,538053,130,4,2,4,3,1,1,0,0,0,0,0,0,0
201600014558,16,4,24,2250,5,2,1,6,4,203,4330325,537894,130,4,1,4,0,1,0,0,30,1,0,1,0,0
201600014559,16,4,25,127,5,2,1,1,7,208,4326874,538579,130,4,1,1,0,0,0,50,30,0,0,0,0,0
201600014560,16,4,25,730,1,2,1,1,1,208,4326712,538957,130,4,2,4,0,1,1,0,100,1,0,1,0,0
201600014561,16,4,25,705,1,2,3,1,3,212,4329809,545016,130,4,2,2,0,2,2,0,42,1,0,1,0,0
201600014562,16,4,25,1200,1,2,1,1,3,208,4327380,539839,130,4,0,2,0,1,1,0,60,1,0,1,0,0
201600014563,16,4,19,2000,2,2,1,1,3,215,4337637,535620,130,4,2,3,3,1,1,0,90,1,0,1,0,0
201600014564,16,4,25,1123,1,2,1,1,6,203,4331725,537416,130,4,2,2,0,2,1,40,40,1,0,1,3,0
201600014565,16,4,19,1610,1,2,2,1,3,201,4329694,537366,130,4,0,1,0,1,1,0,0,1,0,0,0,0
201600014566,16,4,1,1640,1,1,1,1,7,55,4329252,537543,130,4,1,1,0,1,1,0,0,2,0,1,0,0
201600014567,16,4,26,810,1,2,1,1,4,212,4329515,542624,130,4,2,2,0,1,3,0,50,1,0,1,0,0
201600014568,16,4,20,755,2,2,6,1,6,206,4328462,538444,130,2,1,2,0,1,2,0,0,1,5,0,0,0
201600014569,16,4,26,850,1,2,1,1,3,208,4324608,539448,130,4,1,2,0,1,1,0,30,1,0,1,0,0
201600014570,16,4,26,835,1,2,3,1,2,213,4332097,543876,130,4,2,2,0,1,1,0,50,1,0,1,3,0
201600014571,16,4,11,930,1,2,1,7,6,55,4329266,540842,130,4,2,2,0,1,1,0,80,1,0,1,0,0
201600014572,16,4,26,1800,1,2,1,1,6,215,4332419,536269,130,3,0,1,0,1,2,0,0,1,0,1,99,0
201600014573,16,4,25,1450,1,2,1,1,7,206,4328732,537847,130,4,1,1,0,2,1,0,0,1,0,1,3,0
201600014574,16,4,20,830,1,2,1,1,1,201,4329217,537162,130,4,1,1,0,3,1,0,40,1,0,1,0,0
201600014575,16,4,26,830,1,2,1,1,3,206,4328445,538642,130,4,2,2,0,1,1,0,60,1,0,1,0,0
201600014576,16,4,27,850,1,2,2,1,3,204,4331379,540593,130,3,2,2,0,1,1,0,60,1,0,1,99,0
201600014577,16,4,27,1130,1,1,3,1,2,201,4329609,537682,130,4,1,1,0,1,1,0,40,1,0,0,0,0
201600014578,16,4,27,1148,1,2,1,1,6,212,4331900,543363,130,4,1,1,0,1,1,22,48,1,0,1,0,0
201600014579,16,4,27,1625,1,2,1,1,6,201,4329405,538212,130,4,2,4,0,1,1,0,120,1,0,1,0,0
201600014580,16,4,27,1630,1,2,1,1,7,206,4328428,538502,130,4,2,6,0,1,1,0,200,1,0,1,0,0
201600014581,16,4,27,1605,1,2,3,1,1,201,4329910,538221,130,4,1,0,0,2,1,0,0,1,0,1,0,0
201600014582,16,4,22,1030,1,2,1,1,3,205,4328679,538691,130,4,3,5,3,1,1,0,0,1,0,1,0,0
201600014583,16,4,23,955,1,2,1,1,6,201,4329940,538085,130,4,2,4,0,1,0,0,80,1,0,1,0,0
201600014584,16,4,28,545,2,2,1,1,3,210,4328570,540218,130,4,0,3,0,1,1,0,90,1,0,1,0,0
201600014585,16,4,28,1015,1,2,1,1,6,214,4333535,540003,130,3,2,2,0,2,1,0,80,1,0,1,0,0
201600014586,16,4,28,840,1,2,1,1,3,209,4327151,540174,130,4,2,6,3,1,1,0,150,1,0,1,0,0
201600014587,16,4,28,1340,1,2,1,1,1,213,4333909,542038,130,4,2,2,0,1,3,0,60,1,0,1,99,0
201600014588,16,4,28,1430,1,2,1,1,5,215,4334931,535885,130,4,2,2,0,2,1,0,60,1,0,1,0,0
201600014589,16,4,28,1845,1,2,1,1,3,202,4331251,536909,130,4,1,0,3,1,1,0,40,1,4,1,99,0
201600014590,16,4,20,1645,1,2,2,1,3,201,4330361,539309,130,4,1,2,0,2,1,0,50,1,0,1,99,0
201600014591,16,4,20,1300,1,2,1,1,1,209,4326238,539703,130,3,2,0,0,1,1,0,30,1,0,0,99,0
201600014592,16,4,28,1200,1,2,2,1,3,205,4329306,540332,130,4,1,1,0,1,1,0,20,1,0,1,99,0
201600014593,16,4,29,900,1,2,1,1,6,212,4329521,542539,130,4,0,2,0,1,1,0,100,1,0,1,99,0
201600014594,16,4,29,1705,1,2,3,1,3,214,4332904,538546,130,4,2,2,0,2,1,0,50,1,0,1,0,0
201600014595,16,4,29,1625,1,2,1,1,4,211,4329721,549509,130,3,2,2,0,1,1,0,60,1,0,1,99,0
201600014596,16,4,29,1710,1,1,1,1,6,212,4327674,543255,130,4,0,1,0,1,0,0,70,1,0,0,3,0
201600014597,16,4,29,1725,1,2,6,1,6,216,4336236,533602,130,4,2,0,0,1,3,0,60,1,5,1,0,0
201600014599,16,4,29,2145,5,2,1,1,5,209,4325958,541631,130,4,2,2,0,1,1,0,0,1,0,1,0,0
201600014600,16,4,29,2230,5,2,1,1,2,208,4326903,538591,130,4,3,6,3,1,1,0,15,1,0,1,0,0
201600014601,16,4,29,1950,1,2,3,1,6,209,4326018,541584,130,4,2,2,0,1,1,0,0,1,0,1,0,0
201600014602,16,4,30,100,5,2,1,1,1,55,4330468,547167,130,3,2,2,0,1,1,0,70,1,0,1,0,0