Num_Acc,an,mois,jour,hrmn,lum,agg,int,atm,col,com,lat,long,dep,catr,circ,nbv,vosp,prof,plan,lartpc,larrout,surf,infra,situ,env1,killed
201600014604,16,4,25,1445,1,2,1,1,2,214,4334615,538123,130,3,2,4,0,1,1,0,0,1,0,1,0,0
201600014605,16,4,27,815,1,2,1,1,3,209,4327483,539988,130,3,2,2,0,1,1,0,30,1,0,1,99,0
201600014606,16,4,30,1250,1,2,1,1,6,55,4329590,536794,130,4,2,2,3,1,1,0,60,1,0,1,0,0
201600014607,16,4,27,1215,1,2,1,1,6,215,4332405,536736,130,4,2,2,0,1,1,0,63,1,0,1,0,0
201600014608,16,4,30,1740,1,2,1,1,7,106,4339843,535384,130,3,0,0,0,2,2,0,35,1,0,3,99,0
201600014609,16,5,1,1115,1,2,1,1,3,55,4331627,538390,130,4,2,4,0,1,1,15,140,1,0,1,0,0
201600014610,16,4,24,1850,2,2,1,1,3,212,4329572,544645,130,4,0,1,0,1,1,0,35,1,0,1,99,0
201600014611,16,4,30,1420,1,2,8,1,3,55,4328861,538790,130,4,3,2,0,1,1,0,0,1,0,1,0,0
201600014612,16,4,30,1900,1,2,1,2,3,55,4326768,538380,130,4,2,3,0,1,1,0,60,2,0,1,0,0
201600014613,16,4,27,810,1,2,3,1,5,205,4329158,540599,130,4,1,1,0,1,1,0,0,1,0,0,0,0
201600014614,16,3,14,1600,1,2,2,1,3,55,4333779,540749,130,4,2,1,0,1,1,0,0,1,0,1,0,0
201600014615,16,5,2,1830,1,2,1,1,2,55,4324151,537894,130,4,2,1,0,1,1,0,40,1,0,1,0,0
201600014616,16,5,2,1615,1,1,1,1,1,55,4331731,538983,130,4,2,0,0,2,1,0,0,1,0,1,0,0
201600014617,16,5,2,2010,1,2,1,1,3,55,4327133,538949,130,4,2,6,3,1,1,0,130,1,1,1,0,0
201600014618,16,5,2,845,1,2,2,1,6,55,4329926,537413,130,4,2,2,0,2,1,0,0,1,0,0,0,0
201600014619,16,5,3,750,1,2,1,1,1,55,4332554,541422,130,4,0,0,0,1,0,0,80,1,0,0,0,0
201600014620,16,5,2,1000,1,2,1,1,2,55,4330909,540046,130,4,2,2,0,1,1,0,0,1,0,1,0,0
201600014621,16,5,3,1130,1,2,1,1,1,55,4332161,536491,130,4,2,0,0,1,0,0,0,1,0,1,0,0
201600014622,16,5,2,1800,1,2,1,1,3,55,4328185,540407,130,4,2,2,0,1,1,0,70,1,0,1,0,0
201600014623,16,5,3,1750,1,2,1,1,3,55,4334091,536078,130,4,2,0,0,2,1,0,0,1,0,1,99,0
201600014624,16,5,3,1615,1,2,1,1,7,55,4330811,537403,130,4,1,1,0,1,1,0,60,1,0,1,0,0
201600014625,16,5,3,1710,1,2,1,1,6,55,4327413,539787,130,4,2,2,2,1,1,0,84,1,0,1,99,0
201600014626,16,5,3,1900,1,2,1,1,5,55,4326628,540308,130,4,2,2,0,1,1,0,80,1,0,1,0,0
201600014627,16,5,3,2000,1,2,1,1,3,55,4329907,538279,130,4,2,3,0,1,1,0,0,1,0,1,0,0
201600014628,16,5,3,2100,2,2,1,1,5,55,4332457,542114,130,3,1,2,0,1,1,0,100,1,0,1,0,0
201600014629,16,5,3,2120,5,2,1,1,1,55,4328893,539465,130,4,0,5,0,1,1,0,150,1,0,1,0,0
201600014630,16,5,3,2125,5,2,1,1,1,55,4333098,538899,130,4,2,2,0,1,1,0,70,1,0,1,0,0
201600014631,16,4,14,1630,1,2,1,1,3,55,4328544,538015,130,4,1,2,0,1,1,0,60,1,0,1,0,0
201600014632,16,5,4,1245,1,2,3,1,1,55,4329063,537121,130,4,2,4,3,1,1,0,120,1,0,1,0,0
201600014633,16,5,4,1430,1,2,1,1,6,55,4328164,542802,130,3,2,2,0,1,1,0,60,1,0,1,0,0
201600014634,16,5,4,1215,1,2,1,1,3,2,4332831,547428,130,4,2,2,0,2,1,0,60,1,0,1,99,0
201600014635,16,4,21,1345,1,2,1,2,7,206,4329052,537802,130,4,1,2,0,1,1,0,100,2,0,1,0,0
201600014636,16,5,5,730,1,2,2,1,3,55,4331501,538799,130,4,2,0,0,1,1,0,0,1,0,1,0,0
201600014637,16,5,5,1030,1,2,1,1,7,55,4330386,541681,130,4,1,1,0,1,1,0,32,1,0,1,99,0
201600014638,16,3,24,1430,1,2,3,1,6,55,4329314,537626,130,4,1,1,0,1,1,0,0,1,0,1,0,0
201600014640,16,4,30,1830,1,2,1,1,3,55,4333382,536396,130,4,3,3,3,2,1,10,90,1,0,1,0,0
201600014641,16,5,5,2340,5,2,1,1,3,55,4326485,537341,130,4,2,4,0,1,1,4,60,1,0,1,0,0
201600014642,16,5,5,2200,3,2,1,1,3,55,4328814,535414,130,4,2,2,0,1,3,0,60,1,1,1,0,0
201600014643,16,5,6,109,5,2,1,1,5,55,4329640,538134,130,4,2,4,0,2,1,0,134,1,0,0,0,0
201600014644,16,2,24,745,1,2,7,1,1,55,4330106,551987,130,4,2,2,0,2,1,0,0,1,5,1,99,0
201600014645,16,5,5,1445,1,2,3,1,2,55,4333320,543815,130,3,2,2,0,1,1,60,60,1,0,1,0,0
201600014647,16,5,6,1000,1,2,1,1,2,55,4327486,538964,130,4,1,1,0,1,1,0,300,1,0,1,0,0
201600014648,16,4,25,1230,1,2,1,6,3,202,4330527,536549,130,4,1,2,3,1,1,0,70,1,0,1,99,0
201600014649,16,5,6,2010,1,2,1,1,3,55,4324552,541273,130,3,2,2,0,2,1,0,60,1,0,1,0,0
201600014650,16,5,6,1710,1,2,1,1,2,55,4332918,537575,130,4,1,2,0,1,1,0,70,1,0,1,99,0
201600014651,16,5,6,2345,5,2,3,1,3,55,4328573,539270,130,4,1,0,0,1,1,0,30,1,0,1,0,0
201600014652,16,5,7,1130,1,2,1,1,2,55,4330293,540099,130,4,1,2,0,1,1,0,60,1,0,1,0,0
201600014653,16,5,7,1115,1,2,1,1,3,55,4326664,540271,130,4,2,2,0,1,1,0,25,1,0,0,0,0
201600014654,16,5,7,1335,1,2,1,1,7,55,4328349,549982,130,3,2,1,0,1,1,0,68,1,0,1,0,0
201600014655,16,5,7,1500,1,2,1,1,6,55,4331767,537448,130,4,2,2,0,1,1,0,40,1,0,1,99,0
201600014656,16,5,3,1800,1,2,1,1,6,55,4330161,539302,130,4,2,2,0,1,1,10,50,1,0,1,0,0
201600014657,16,4,29,1000,1,2,1,1,3,206,4328634,538567,130,4,2,4,0,1,1,10,140,1,0,1,0,0
201600014658,16,5,7,2240,5,2,1,1,6,55,4328341,549552,130,3,2,2,1,1,1,0,63,1,0,4,99,0
201600014659,16,5,8,2200,5,2,1,2,3,55,4332344,545382,130,3,3,2,0,0,0,0,0,0,0,1,0,0
201600014660,16,4,18,1900,1,2,1,1,7,203,4331929,536890,130,3,1,2,0,1,1,30,30,1,0,1,0,0
201600014661,16,5,9,909,1,2,1,1,6,55,4328012,542910,130,4,1,2,0,4,2,0,70,1,0,4,0,0
201600014662,16,5,3,845,1,2,1,1,2,55,4332472,543515,130,4,2,2,0,1,1,0,0,1,0,1,0,0
201600014663,16,5,9,920,1,2,2,1,3,55,4335230,536028,130,4,3,2,0,1,1,0,90,1,0,1,0,0
201600014664,16,5,9,1345,1,2,3,1,3,75,4333765,545280,130,4,1,1,0,1,1,0,30,1,0,1,0,0
201600014665,16,5,9,1130,1,2,1,1,2,55,4326501,539559,130,4,2,6,0,1,1,0,148,0,0,1,99,0
201600014666,16,5,9,1205,1,2,3,1,1,55,4328583,547954,130,3,2,4,0,1,1,0,0,1,0,1,0,0
201600014667,16,5,9,1400,1,2,1,1,3,55,4333521,545091,130,3,2,1,0,2,1,0,0,1,0,1,99,0
201600014668,16,5,9,1430,1,1,1,6,1,55,4324646,543492,130,3,2,2,0,2,3,0,60,1,0,1,99,0
201600014669,16,5,9,2330,5,2,1,6,3,55,4327848,539925,130,3,2,3,0,1,1,0,90,2,0,1,0,0
201600014670,16,5,3,1930,1,2,1,1,3,55,4327954,537144,130,4,2,0,0,1,1,0,0,1,0,1,0,0
201600014671,16,5,10,800,1,2,3,1,6,55,4331474,543119,130,4,2,2,0,0,0,0,73,0,0,1,0,0
201600014672,16,5,10,750,1,1,2,1,3,55,4328330,540126,130,4,0,0,0,1,1,0,0,1,0,0,0,0
201600014673,16,5,10,2230,5,2,2,2,1,55,4327594,541743,130,4,2,3,0,2,1,0,90,2,0,0,0,0
201600014674,16,5,11,645,2,2,1,2,3,55,4326826,541441,130,4,2,4,0,1,1,0,120,2,0,1,0,0
201600014675,16,5,11,1100,1,2,1,1,3,55,4326886,538565,130,4,2,6,3,1,1,0,160,1,0,1,0,0
201600014676,16,5,11,1000,1,2,1,2,5,55,4328622,547686,130,4,2,2,0,1,1,0,74,2,0,1,3,0
201600014677,16,5,11,1440,1,1,1,1,2,55,4327658,538389,130,4,2,2,0,3,1,30,60,1,0,1,99,0
201600014678,16,5,11,1510,1,2,1,8,2,55,4334032,538707,130,3,2,2,0,1,1,0,70,0,0,1,0,0
201600014679,16,5,11,1915,1,2,1,1,3,55,4333134,541932,130,4,2,2,0,1,1,0,60,1,0,0,0,0
201600014680,16,5,12,830,1,2,9,1,3,55,4325501,540118,130,3,0,6,1,2,0,40,100,1,0,1,0,0
201600014681,16,5,12,840,1,2,1,1,2,55,4333061,537144,130,4,0,0,0,1,1,0,130,1,0,0,0,0
201600014682,16,5,3,825,1,2,1,1,6,55,4323109,535495,130,4,1,1,0,1,1,0,30,1,0,1,99,0
201600014683,16,5,12,1645,1,2,1,1,3,55,4336702,533956,130,4,2,2,0,0,1,0,80,1,0,1,0,0
201600014684,16,5,13,100,5,2,1,1,6,55,4323569,543601,130,4,2,2,0,4,2,0,80,1,0,1,0,0
201600014685,16,5,13,855,1,2,1,1,2,55,4333485,535801,130,4,2,0,0,1,1,0,80,1,0,1,0,0
201600014686,16,5,13,832,1,2,1,1,6,55,4333123,540617,130,3,2,2,0,1,1,0,60,1,0,0,0,0
201600014687,16,5,13,1100,1,1,1,1,2,55,4329321,545209,130,4,2,2,1,1,0,0,60,1,0,1,0,0
201600014688,16,5,13,2150,5,2,1,1,2,55,4329112,540005,130,4,1,6,0,1,0,25,180,1,0,0,0,0
201600014689,16,5,14,1,4,2,6,1,5,55,4328576,542560,130,3,1,2,0,3,1,0,60,1,0,1,99,0
201600014690,16,5,14,1300,1,2,1,1,1,55,4338445,535860,130,3,2,3,0,2,1,0,90,1,0,1,0,0
201600014692,16,5,9,1810,1,2,1,1,3,55,4329414,538211,130,4,2,4,0,1,1,0,150,1,0,1,99,0
201600014693,16,4,20,1740,1,2,3,1,3,205,4329881,539048,130,4,2,3,0,1,1,0,75,1,0,0,0,0
201600014694,16,5,15,1600,1,2,1,1,3,55,4327579,541440,130,4,1,1,0,1,1,0,50,1,0,1,99,0
201600014695,16,5,15,1915,1,2,9,1,1,55,4332502,542378,130,4,2,3,0,2,1,0,100,1,3,1,0,0
201600014696,16,5,16,15,5,1,3,1,6,55,4329019,542775,130,4,0,2,0,1,1,0,60,1,0,0,0,0
201600014697,16,5,15,1830,1,2,1,1,3,55,4327878,538776,130,4,2,6,3,1,1,0,160,1,0,1,0,0
201600014698,16,5,14,1720,1,1,1,1,7,55,4323849,536487,130,4,1,1,0,1,1,0,60,1,0,1,0,0
201600014699,16,4,12,950,1,2,2,1,3,55,4328645,538551,130,4,2,4,0,1,0,0,50,0,0,1,0,0
201600014700,16,5,16,1800,1,2,1,1,1,2,4334157,547201,130,3,2,2,0,2,1,0,36,1,5,1,0,0
201600014701,16,5,16,1807,1,2,2,1,2,55,4328996,537255,130,4,2,0,0,2,0,0,0,1,5,0,0,0
201600014702,16,5,9,1700,1,2,1,1,3,55,4333020,535528,130,3,2,7,0,2,1,0,0,1,0,1,0,0
201600014703,16,5,17,1135,1,2,1,1,5,55,4333067,540489,130,3,0,0,0,1,0,0,0,1,0,1,0,0
201600014704,16,5,17,1815,1,2,1,1,2,55,4326251,540465,130,4,1,2,0,2,2,0,60,1,0,1,3,0
201600014705,16,5,17,1815,1,2,3,1,3,55,4328583,547953,130,3,2,2,0,1,1,0,85,1,0,1,99,0
201600014706,16,5,17,2010,2,2,1,1,6,55,4331123,540364,130,4,2,6,0,1,1,15,180,1,0,0,0,0
201600014707,16,5,17,2240,5,2,1,1,3,55,4328738,544198,130,3,2,2,0,1,1,0,66,1,0,1,99,0
201600014708,16,5,17,2115,5,2,2,1,3,55,4329584,540027,130,4,2,2,0,1,1,0,60,1,0,1,0,0
201600014709,16,5,18,945,1,2,1,1,3,55,4332903,540055,130,6,2,2,0,1,1,0,70,1,0,1,0,0
201600014710,16,5,18,820,1,2,1,1,2,55,4328915,536228,130,4,2,2,3,1,1,0,60,1,0,1,0,0
201600014711,16,5,18,920,1,2,1,1,3,55,4329231,545884,130,3,2,2,1,2,1,0,40,1,0,1,99,0
201600014712,16,5,18,1100,1,2,1,1,6,55,4330156,536913,130,4,1,1,0,1,1,0,25,1,0,1,0,0
201600014713,16,5,19,745,1,1,1,1,6,55,4329821,542934,130,4,2,2,0,1,2,0,55,1,0,1,3,0
201600014714,16,5,19,755,1,2,2,1,2,55,4327962,540791,130,4,0,2,0,1,0,0,60,1,0,1,99,0
201600014715,16,5,19,955,1,2,1,1,3,55,4332520,543379,130,4,2,3,0,1,1,0,60,1,0,1,0,0
201600014716,16,5,19,830,1,2,1,1,6,55,4331400,546284,130,4,2,2,0,1,1,20,60,1,0,0,3,0
201600014717,16,5,19,1205,1,2,1,1,2,55,4328319,538766,130,4,2,0,0,1,1,0,0,1,0,1,0,0
201600014718,16,5,18,1210,1,2,1,1,6,55,4332708,536629,130,4,2,0,0,2,1,0,70,1,0,1,3,0
201600014719,16,5,18,1900,1,2,1,1,2,55,4329715,540062,130,4,3,6,0,1,1,25,180,1,0,1,0,0
201600014720,16,5,19,825,1,1,1,1,6,55,4329605,542543,130,4,0,1,0,2,3,200,160,1,0,0,0,0
201600014721,16,5,19,2000,1,2,6,1,2,55,4329807,542737,130,4,2,2,0,1,1,10,90,1,0,1,0,0
201600014722,16,5,17,1225,1,2,1,1,3,55,4328247,543088,130,4,2,2,0,1,1,0,70,1,0,1,0,0
201600014723,16,5,5,1225,1,2,2,1,1,55,4328863,537882,130,4,1,1,0,1,1,0,25,1,0,1,0,0
201600014724,16,5,20,1500,1,2,1,1,6,55,4329986,536369,130,4,1,0,0,1,1,0,0,1,0,1,0,0
201600014725,16,5,20,1800,1,2,1,1,1,55,4328804,539177,130,4,2,2,0,1,1,0,100,1,0,1,0,0
201600014726,16,5,20,1400,1,2,2,1,3,55,4334359,544605,130,4,2,2,0,3,1,0,84,1,0,0,0,0
201600014727,16,5,20,2200,5,2,6,1,3,55,4328505,542548,130,4,1,2,0,1,1,0,60,1,0,1,0,0
201600014728,16,5,20,2040,2,2,1,1,2,55,4328826,543475,130,3,1,2,0,1,1,0,80,1,0,1,99,0
201600014729,16,5,20,1215,1,2,2,1,7,55,4327908,538286,130,4,2,2,0,0,0,0,0,0,0,1,0,0
201600014730,16,5,14,1140,1,2,1,1,2,55,4328733,541215,130,3,2,2,0,1,2,0,60,1,0,1,0,0
201600014731,16,5,13,1750,1,2,1,1,3,55,4335310,537144,130,4,2,2,2,1,1,0,70,1,0,1,99,0
201600014732,16,5,21,900,1,2,1,1,3,55,4324717,538249,130,4,1,2,0,1,2,0,50,1,5,1,0,0
201600014733,16,5,21,1000,1,1,1,1,6,55,4336224,534221,130,4,2,2,0,2,1,10,80,1,0,1,3,0
201600014734,16,5,2,1555,1,2,3,1,6,55,4328396,537840,130,4,1,2,0,2,1,25,25,1,0,1,0,0
201600014735,16,5,21,1600,1,2,1,1,3,55,4329414,538601,130,4,1,2,0,1,1,0,40,1,0,1,99,0
201600014736,16,5,15,2040,2,2,1,1,3,55,4328658,538613,130,4,2,5,0,1,1,0,150,1,0,1,0,0
201600014737,16,5,22,1,5,2,1,1,6,55,4326888,536908,130,4,2,2,0,2,3,17,130,1,0,1,99,0
201600014738,16,5,15,1830,1,2,1,1,3,55,4329581,538155,130,4,0,4,0,1,1,0,200,1,0,1,0,0
201600014739,16,5,21,1400,1,2,3,1,6,55,4330528,536543,130,4,1,1,0,1,2,0,60,1,0,1,0,0
201600014740,16,5,22,400,1,2,1,1,2,55,4328975,548334,130,4,2,2,0,1,1,0,60,1,0,1,99,0
201600014742,16,5,22,2030,1,2,2,1,1,55,4327934,539930,130,3,2,4,0,1,1,0,100,1,5,1,99,0
201600014743,16,5,23,740,1,2,1,1,6,55,4329195,539355,130,4,1,2,0,1,1,0,60,1,0,1,0,0
201600014744,16,5,23,840,1,1,1,1,6,55,4328628,542950,130,3,1,2,0,1,3,0,80,1,0,1,3,0
201600014745,16,3,29,1415,1,2,1,1,6,55,4330730,536583,130,4,0,1,0,1,1,0,0,0,1,0,0,0
201600014746,16,5,23,1000,1,2,1,1,1,55,4337010,535628,130,4,2,2,0,2,1,0,70,1,0,1,99,0
201600014747,16,5,23,1740,1,2,1,1,6,55,4336201,533661,130,4,2,2,0,1,1,0,80,1,0,1,0,0
201600014748,16,5,23,2045,1,2,1,7,6,55,4329804,538225,130,4,1,1,0,1,1,0,35,1,0,1,0,0
201600014749,16,5,24,820,1,2,3,1,6,55,4324546,537320,130,4,0,0,0,1,1,0,25,0,0,0,0,0
201600014750,16,5,2,930,1,2,1,1,3,55,4329686,538119,130,4,2,4,0,2,1,0,0,1,0,1,99,0
201600014751,16,5,20,230,5,2,1,1,6,55,4331280,540180,130,4,2,2,0,1,1,0,110,1,0,1,0,0
201600014752,16,5,7,1940,2,2,2,1,3,55,4329342,540316,130,4,2,2,0,1,1,0,0,1,5,1,99,0
201600014753,16,5,20,810,1,2,1,1,5,55,4332020,540960,130,4,2,2,0,1,1,0,80,1,0,1,0,0
201600014754,16,5,24,1730,1,2,1,1,6,55,4333363,542905,130,4,2,1,0,1,1,0,60,1,0,1,3,0
201600014755,16,5,24,1340,1,2,1,1,6,55,4325018,539589,130,4,2,3,0,1,1,0,70,1,0,1,0,0
201600014757,16,5,24,1830,1,2,1,1,6,55,4326543,539670,130,4,0,0,0,1,1,0,60,1,0,0,99,0
201600014758,16,5,24,2000,1,2,1,1,4,55,4327654,542109,130,4,3,2,0,2,1,60,186,1,0,1,99,0
201600014759,16,5,24,2137,5,2,1,1,7,55,4329351,537988,130,4,1,1,0,1,1,0,40,1,0,1,0,0
201600014760,16,5,25,1310,1,2,1,1,3,55,4329694,537366,130,4,2,0,0,2,1,0,0,1,0,1,0,0
201600014761,16,5,24,2026,2,2,3,1,3,55,4324199,536727,130,4,2,1,0,1,1,0,0,1,0,1,3,0
201600014762,16,5,25,1320,1,2,2,1,6,55,4329460,537628,130,4,0,1,0,1,1,0,25,1,0,0,0,0
201600014763,16,5,6,1630,1,2,2,1,2,55,4330309,536664,130,4,2,2,0,2,1,0,0,1,0,1,99,0
201600014764,16,5,25,2135,5,2,1,1,6,55,4327326,540056,130,4,2,6,3,1,1,0,120,1,0,1,99,0
201600014765,16,5,25,2030,2,2,1,1,3,55,4325781,539936,130,4,1,1,0,1,1,0,50,1,0,1,0,0
201600014766,16,5,8,1145,1,2,3,1,6,55,4330201,539434,130,4,1,1,0,2,2,0,0,1,0,1,0,0
201600014767,16,5,25,1610,1,2,1,1,2,55,4332379,541980,130,3,2,2,0,1,1,15,60,1,0,1,99,0
201600014768,16,5,26,830,1,2,1,1,3,55,4327612,539696,130,3,2,4,0,1,1,0,120,1,0,1,0,0
201600014769,16,5,12,1435,1,2,2,1,3,55,4329009,537251,130,4,3,2,0,2,1,0,0,1,0,1,0,0
201600014770,16,5,26,650,1,2,1,1,3,55,4328333,550390,130,4,0,2,0,1,1,0,33,1,0,1,0,0
201600014771,16,5,23,1215,1,2,1,1,2,55,4326482,540399,130,4,2,2,0,1,1,0,60,1,0,1,0,0
201600014772,16,5,21,1915,1,2,6,1,3,55,4324865,539119,130,4,0,1,0,1,3,0,0,1,0,1,0,0
201600014773,16,5,26,1030,1,2,3,1,3,55,4329043,549303,130,3,1,4,0,1,1,0,20,1,0,1,0,0
201600014775,16,5,24,1810,1,2,1,1,3,55,4329595,542411,130,4,2,1,0,1,1,0,60,1,0,0,99,0
201600014776,16,4,26,1150,1,2,1,1,3,209,4326674,539539,130,4,3,2,0,1,1,0,0,1,0,1,0,0
201600014777,16,5,24,1415,1,2,2,1,3,55,4330260,536895,130,4,3,4,0,1,1,80,20,1,0,1,0,0
201600014778,16,5,26,1015,1,2,1,1,3,55,4333777,543607,130,4,3,4,0,2,1,0,120,1,0,1,0,0
201600014780,16,5,27,1300,1,2,1,1,1,55,4335596,536965,130,4,2,4,0,1,1,10,50,1,0,1,0,0
201600014781,16,5,27,1530,1,2,1,1,2,55,4327165,542683,130,4,1,2,0,0,1,10,24,1,0,1,3,0
201600014782,16,5,27,1615,1,2,1,1,6,55,4325016,539602,130,4,2,0,0,1,1,0,50,1,0,4,0,0
201600014783,16,5,27,2200,5,2,3,1,1,75,4335646,546659,130,4,2,2,0,2,1,0,84,9,0,1,3,0
201600014784,16,5,28,100,5,2,2,1,3,55,4328863,537883,130,4,1,0,0,2,1,0,45,1,5,1,0,0
201600014786,16,5,28,1320,1,2,1,1,1,55,4328894,536645,130,4,2,2,0,1,1,0,50,1,0,1,99,0
201600014787,16,5,28,1545,1,2,1,1,3,55,4327155,540172,130,4,2,6,0,1,1,0,180,1,0,1,99,0
201600014788,16,5,28,50,5,2,1,2,6,55,4324795,543572,130,3,0,2,0,2,1,0,80,2,0,0,0,0
201600014789,16,5,29,615,2,2,1,2,6,55,4328120,544170,130,4,2,2,0,1,1,0,70,2,0,1,3,0
201600014790,16,5,25,1220,1,2,1,1,6,55,4330942,537045,130,4,1,1,0,1,1,0,100,1,0,1,0,0
201600014791,16,5,28,1745,1,2,2,1,3,55,4331268,536970,130,4,1,2,0,1,1,0,70,1,0,1,99,0
201600014792,16,5,29,1237,1,2,1,1,7,55,4327408,540017,130,4,2,5,0,1,1,0,0,1,0,1,99,0
201600014793,16,5,29,1700,1,2,1,1,1,55,4330739,550130,130,3,0,2,0,1,1,25,30,1,0,0,99,0
201600014794,16,5,29,2200,5,2,1,1,3,55,4325559,537641,130,4,3,2,0,1,3,0,59,1,0,1,0,0
201600014795,16,5,30,7,5,2,2,1,3,55,4329967,539773,130,4,1,1,0,1,1,0,30,1,0,1,99,0
201600014796,16,5,30,745,1,2,1,1,2,55,4324331,539669,130,4,2,1,0,2,1,15,30,1,0,1,99,0
201600014797,16,5,30,920,1,2,1,1,1,55,4328876,546162,130,4,2,2,0,1,1,0,90,1,0,1,0,0
201600014798,16,5,30,1245,1,2,1,1,5,55,4329234,547940,130,3,0,0,0,1,1,0,60,1,0,0,0,0
201600014799,16,5,26,1030,1,2,1,1,3,55,4326705,540802,130,4,2,2,0,1,1,0,0,1,0,1,3,0
201600014800,16,5,30,1800,1,2,1,1,3,55,4332165,541343,130,4,2,2,0,1,1,0,40,1,0,1,0,0
201600014801,16,5,30,1020,1,2,1,1,6,55,4325864,541734,130,4,2,2,0,1,1,0,60,1,0,0,0,0
201600014802,16,5,31,750,1,2,1,1,3,55,4327929,540770,130,4,2,2,0,1,1,0,60,1,0,1,0,0
201600014803,16,5,31,1015,1,2,2,1,6,55,4336594,533794,130,4,2,2,0,1,1,0,80,1,0,1,0,0
201600014804,16,5,30,1820,1,2,1,1,6,55,4334143,540802,130,4,2,2,0,1,1,0,80,1,0,1,0,0
201600014805,16,5,31,1140,1,2,1,1,4,55,4328818,550328,130,3,2,4,0,1,1,0,120,1,0,1,99,0
201600014806,16,5,31,2100,2,2,3,1,2,55,4331511,538710,130,4,1,0,0,1,1,0,40,1,0,0,0,0
201600014807,16,5,27,1528,1,2,3,1,3,55,4329751,540036,130,4,1,1,0,0,0,0,0,0,0,1,0,0
201600014808,16,6,1,1135,1,2,3,1,3,207,4329024,536886,130,4,0,2,0,2,1,0,0,1,0,1,99,0
201600014809,16,6,1,1430,1,2,1,1,3,211,4330650,551006,130,4,2,2,0,1,1,0,55,1,0,1,99,0
201600014810,16,5,23,900,1,2,2,1,6,55,4329299,540276,130,4,1,1,0,1,1,0,50,1,0,0,0,0
201600014811,16,6,1,1120,1,2,1,1,3,208,4323864,536507,130,4,2,0,0,2,1,0,60,1,0,1,0,0
201600014812,16,6,1,1540,1,2,2,1,7,206,4329122,538303,130,4,2,4,0,1,1,20,150,1,0,1,0,0
201600014813,16,6,1,2130,4,2,1,1,6,203,4330866,537416,130,4,1,1,0,2,1,60,30,1,0,1,0,0
201600014814,16,6,1,2100,1,2,1,1,7,212,4330406,541053,130,4,2,2,0,3,1,10,76,1,0,1,99,0
201600014815,16,6,1,2115,2,2,1,1,3,205,4328954,539725,130,4,2,5,0,1,1,0,150,0,0,1,0,0
201600014816,16,5,31,1435,1,2,1,1,6,55,4331413,536919,130,4,0,1,0,1,1,0,0,1,0,0,0,0
201600014817,16,6,2,1000,1,1,1,1,3,208,4325442,538187,130,4,1,1,0,1,2,0,90,1,0,1,0,0
201600014818,16,6,2,1515,1,2,3,1,3,212,4330875,543891,130,4,2,2,0,1,1,0,70,1,0,1,0,0
201600014819,16,6,2,1450,1,2,1,1,6,216,4335597,534295,130,4,1,1,0,1,1,0,40,1,0,1,0,0
201600014820,16,6,2,1700,1,2,1,1,2,214,4332625,537612,130,4,2,2,0,2,1,0,60,1,0,0,0,0
201600014821,16,6,2,1717,1,2,1,1,3,207,4328895,536123,130,4,2,4,3,1,1,0,0,1,0,1,0,0
201600014822,16,6,2,1750,1,2,3,1,3,206,4329096,538139,130,4,1,0,0,1,1,0,100,1,0,1,0,0
201600014823,16,6,3,910,1,2,1,1,2,209,4327324,540056,130,4,1,3,0,1,1,0,90,1,0,1,0,1
201600014824,16,6,3,1000,1,2,1,1,3,208,4325776,537612,130,4,2,3,0,1,1,5,60,1,0,1,0,0
201600014825,16,5,30,1130,1,1,7,1,6,55,4338444,535858,130,3,1,1,0,1,1,0,35,1,0,1,99,0
201600014826,16,6,3,1315,1,2,1,1,6,210,4328023,541971,130,4,2,2,0,1,1,0,40,1,0,1,99,0
201600014827,16,6,3,1355,1,2,3,1,3,213,4331802,540983,130,4,1,2,0,1,1,0,70,1,0,1,3,0
201600014828,16,6,3,1600,1,1,1,1,2,210,4327575,542338,130,4,0,2,0,1,1,25,25,1,0,0,0,0
201600014829,16,6,3,1710,1,2,2,1,3,202,4330309,536664,130,4,2,3,0,1,1,0,120,1,0,1,0,0
201600014830,16,6,3,935,1,2,1,1,3,201,4330415,538771,130,4,3,2,0,1,1,0,60,1,0,1,0,0
201600014831,16,6,2,1730,1,2,1,1,3,202,4329767,537301,130,4,2,2,0,1,1,0,100,1,0,1,0,0
201600014832,16,6,1,1400,1,2,1,1,2,213,4332421,545581,130,4,0,1,0,1,1,0,0,1,0,1,99,0
201600014833,16,6,3,2005,1,2,1,1,1,213,4333091,540697,130,3,2,3,0,0,0,0,60,0,0,1,0,0
201600014835,16,6,4,1410,1,2,1,1,3,215,4336385,536123,130,4,0,2,0,1,1,0,60,1,0,1,99,0
201600014836,16,6,4,2030,5,2,1,1,2,202,4332826,535950,130,4,2,2,0,1,1,0,60,1,0,1,0,0
201600014837,16,6,4,1745,1,1,1,1,1,209,4324621,544579,130,3,0,2,0,2,2,0,50,1,0,0,99,0
201600014838,16,6,4,2000,1,2,1,1,6,203,4330560,538222,130,4,1,1,0,1,1,0,35,1,0,1,99,0
201600014839,16,6,4,1930,1,2,1,1,6,201,4329371,537434,130,4,1,3,3,1,1,0,0,1,0,1,0,0
201600014840,16,6,5,730,1,2,1,1,1,208,4323245,535606,130,4,2,2,0,1,1,0,50,1,0,1,99,0
201600014841,16,5,31,1330,1,2,2,1,6,55,4329907,538529,130,4,2,3,0,2,1,0,90,1,5,1,0,0
201600014842,16,5,18,820,1,2,2,1,3,55,4329234,538346,130,4,2,2,0,2,1,0,0,1,0,1,0,0