Num_Acc,an,mois,jour,hrmn,lum,agg,int,atm,col,com,lat,long,dep,catr,circ,nbv,vosp,prof,plan,lartpc,larrout,surf,infra,situ,env1,killed
201600014843,16,6,5,1845,1,2,1,1,6,213,4332524,543368,130,4,2,2,0,2,1,0,70,1,0,1,3,1
201600014844,16,6,5,10,5,2,1,1,6,215,4334500,535934,130,4,0,2,0,2,1,0,60,1,0,1,0,0
201600014845,16,6,5,1240,1,2,1,1,6,210,4327912,542287,130,4,2,2,1,1,1,0,48,1,0,1,99,0
201600014846,16,4,5,1700,1,2,1,1,5,55,4330554,540079,130,4,3,3,0,1,1,30,180,1,0,0,0,0
201600014847,16,6,6,715,1,2,1,1,3,214,4333122,540612,130,4,2,2,0,1,1,0,70,1,0,1,0,0
201600014848,16,6,6,1044,1,1,1,1,6,210,4327619,539950,130,4,2,3,3,1,1,0,0,1,0,1,0,0
201600014849,16,5,25,1700,1,2,1,1,6,55,4328924,536271,130,4,2,4,0,2,1,0,120,1,0,1,0,0
201600014850,16,6,5,1930,1,2,2,1,3,215,4338026,535742,130,4,2,3,0,2,3,0,0,1,0,1,0,0
201600014851,16,6,6,2030,2,2,1,1,6,214,4333609,540730,130,4,2,0,0,2,1,0,70,1,0,1,99,0
201600014852,16,4,26,800,1,2,1,1,2,55,4326500,539429,130,4,2,2,0,1,1,0,60,1,0,1,99,0
201600014853,16,6,7,930,1,2,1,1,3,210,4327921,541411,130,4,2,2,0,1,1,0,80,1,0,1,0,0
201600014854,16,6,2,1610,1,2,1,1,2,214,4333077,539811,130,4,0,1,0,2,2,0,0,1,0,1,99,0
201600014855,16,6,4,445,2,2,1,1,6,209,4326792,540735,130,4,2,2,0,0,0,0,0,1,0,1,0,0
201600014856,16,6,7,1500,1,1,3,1,3,201,4329913,538089,130,4,2,4,0,1,1,50,150,1,0,1,0,0
201600014857,16,6,6,1530,1,2,2,1,1,201,4329694,537366,130,4,2,2,0,1,1,0,56,1,0,1,0,0
201600014858,16,6,8,800,1,2,3,1,1,213,4333760,542793,130,4,2,2,0,2,4,0,60,1,0,1,0,0
201600014859,16,6,8,850,1,2,1,1,7,204,4330510,539874,130,4,1,1,0,2,1,0,30,1,0,0,3,0
201600014861,16,5,10,910,1,2,2,1,3,55,4329254,539842,130,4,2,4,0,1,1,25,120,1,0,1,0,0
201600014862,16,6,8,1340,1,2,1,1,3,209,4325073,540381,130,4,0,0,0,1,2,0,0,1,5,0,3,0
201600014863,16,6,8,1500,1,2,1,1,6,215,4332739,536026,130,4,2,2,0,1,1,0,80,8,0,1,0,0
201600014864,16,6,8,1440,1,2,1,1,2,211,4328816,550328,130,3,2,3,0,1,1,0,120,1,0,1,99,0
201600014865,16,6,8,2250,5,2,1,1,6,213,4332500,542387,130,4,0,1,0,0,0,0,0,0,0,0,0,0
201600014866,16,6,8,1415,1,2,1,1,6,210,4328373,542796,130,6,2,0,0,1,1,0,100,0,0,1,0,0
201600014867,16,6,7,1900,1,2,2,1,3,201,4330348,538595,130,4,2,0,0,1,1,0,250,1,0,1,0,0
201600014868,16,6,6,1210,1,2,1,1,1,203,4331653,538252,130,4,1,2,0,1,1,0,0,1,0,1,0,0
201600014869,16,6,9,1230,1,2,1,1,6,211,4329645,545787,130,6,2,1,0,1,1,0,40,1,0,1,99,0
201600014870,16,6,9,1550,1,2,1,1,2,214,4331797,539072,130,4,2,2,0,1,3,0,60,1,0,1,99,0
201600014871,16,6,9,1620,1,2,2,1,1,211,4328631,547008,130,3,2,2,0,1,1,0,0,1,0,1,0,0
201600014872,16,6,9,1715,1,2,1,1,6,208,4327117,540025,130,4,2,3,0,1,1,0,137,1,0,1,3,0
201600014873,16,6,9,1745,1,2,2,1,3,202,4330766,536798,130,4,1,2,3,1,1,0,60,1,4,1,0,0
201600014874,16,6,9,1610,1,2,1,1,3,204,4330348,539769,130,4,1,2,0,1,3,0,60,1,0,1,0,0
201600014875,16,6,9,1730,1,2,1,1,1,208,4326761,538929,130,4,2,3,3,1,1,0,90,1,5,1,99,0
201600014876,16,6,9,2125,5,2,2,1,3,206,4329118,538077,130,4,1,2,0,1,1,0,0,1,0,1,99,0
201600014877,16,5,27,1930,1,2,6,1,6,55,4332480,538280,130,4,0,2,0,1,1,0,0,0,0,0,0,0
201600014878,16,6,9,930,1,2,1,1,3,206,4329275,538253,130,4,3,4,0,1,1,0,0,1,0,1,0,0
201600014879,16,6,7,1900,1,2,1,1,6,211,4329877,548911,130,2,3,2,0,1,1,0,0,1,0,1,3,0
201600014880,16,6,10,430,5,2,1,1,1,210,4328557,539876,130,4,3,6,0,1,2,30,180,0,0,1,0,0
201600014881,16,6,10,1040,1,2,1,1,2,213,4332386,540481,130,4,2,2,0,1,1,0,50,1,0,1,0,0
201600014882,16,2,13,1130,1,2,1,2,6,55,4329893,536478,130,4,1,0,0,2,3,0,60,3,0,0,99,0
201600014883,16,6,10,1320,1,2,1,1,3,209,4323428,540934,130,4,2,2,0,2,1,0,50,1,0,1,0,0
201600014884,16,6,10,1415,1,2,1,1,2,215,4338411,535850,130,4,2,2,0,1,1,30,30,1,0,1,0,0
201600014885,16,6,10,1300,1,2,3,1,3,213,4334299,543212,130,4,2,2,0,1,1,0,50,1,0,1,0,0
201600014886,16,6,10,1830,1,2,2,1,7,203,4331527,538914,130,4,2,2,0,1,1,0,60,1,0,1,0,0
201600014887,16,6,10,1830,1,2,6,1,7,208,4325015,538903,130,4,3,4,0,1,1,0,80,2,0,1,99,0
201600014888,16,6,11,815,1,2,1,1,1,214,4334627,538076,130,4,2,4,0,1,1,0,120,1,0,1,0,0
201600014889,16,6,11,720,1,2,1,1,6,211,4329768,549725,130,4,2,2,0,1,1,0,60,1,0,1,99,0
201600014890,16,6,8,1220,1,2,1,1,6,213,4333412,545521,130,4,2,2,0,1,1,0,50,1,0,1,0,0
201600014891,16,6,8,700,1,2,1,1,6,204,4331653,539699,130,4,3,4,0,2,2,0,0,1,1,1,99,0
201600014892,16,6,11,1728,1,2,1,1,6,214,4333150,538340,130,4,2,2,0,1,1,0,60,1,0,1,3,0
201600014893,16,6,6,1430,1,2,3,1,2,205,4329252,540114,130,4,1,2,0,1,1,0,0,1,0,1,0,0
201600014894,16,6,8,1150,1,2,1,1,6,205,4329772,540099,130,4,3,6,0,1,1,20,200,1,0,1,0,0
201600014895,16,6,12,15,5,2,1,1,7,201,4329238,536633,130,4,2,3,0,1,0,0,30,1,0,0,0,0
201600014896,16,6,6,1550,1,2,1,1,6,206,4329196,538305,130,4,0,2,0,1,1,0,0,0,0,1,0,0
201600014897,16,6,6,1830,1,2,1,1,3,204,4331130,539622,130,4,2,2,0,1,1,0,60,0,0,1,0,0
201600014898,16,6,2,900,1,2,3,1,4,207,4328901,535487,130,2,2,2,0,1,2,0,0,1,0,1,0,0
201600014899,16,6,11,1700,1,2,1,1,3,2,4333960,548188,130,3,2,2,0,2,0,0,60,1,0,1,0,0
201600014900,16,6,12,1900,1,2,1,1,3,208,4325491,537624,130,4,3,5,3,1,1,20,80,1,0,1,0,0
201600014901,16,6,12,2115,5,2,1,1,6,215,4336169,536255,130,4,2,2,0,1,3,0,70,1,0,1,0,0
201600014902,16,6,12,1345,1,2,1,1,6,213,4332993,542941,130,3,2,2,0,1,1,0,60,1,0,1,0,0
201600014903,16,6,8,855,1,2,2,1,3,201,4329107,537250,130,4,0,1,0,0,0,0,0,0,0,0,0,0
201600014904,16,6,8,1200,1,2,2,1,3,206,4328585,539001,130,4,1,1,0,2,1,0,20,1,0,1,99,0
201600014905,16,6,13,1400,1,2,2,1,1,210,4327667,541869,130,4,2,2,0,1,1,0,60,1,0,1,0,0
201600014906,16,6,8,1615,1,2,1,1,3,206,4328993,538368,130,4,2,4,0,1,1,0,120,1,0,1,99,0
201600014907,16,6,13,1430,1,2,1,1,4,213,4332319,544825,130,3,3,2,0,1,1,4,142,1,0,1,99,0
201600014908,16,6,13,1630,1,2,1,1,5,213,4332125,544662,130,4,2,2,0,2,4,0,60,1,0,1,0,0
201600014909,16,6,13,1617,1,2,1,1,7,210,4327833,542857,130,6,1,1,0,1,2,0,30,1,0,4,0,0
201600014910,16,6,13,1815,1,2,1,1,2,214,4332542,538106,130,4,2,2,0,3,1,0,50,1,0,1,0,0
201600014911,16,6,13,1630,1,2,1,1,6,210,4328340,539735,130,4,2,2,0,1,1,0,60,1,0,1,0,0
201600014912,16,6,13,1945,2,2,1,1,6,208,4326289,537671,130,4,1,1,0,1,1,0,30,1,0,1,0,0
201600014913,16,6,14,30,5,2,6,1,3,213,4331352,539720,130,4,4,1,0,1,2,10,20,1,0,1,0,0
201600014914,16,6,14,500,5,2,1,1,2,201,4330081,539071,130,4,0,4,0,0,1,0,120,1,0,0,0,0
201600014915,16,6,12,1715,1,2,1,1,6,201,4329432,537446,130,4,2,2,3,1,3,0,0,1,0,1,99,0
201600014916,16,6,14,630,1,2,1,1,6,205,4329117,541732,130,4,2,2,0,1,1,20,35,1,0,1,0,0
201600014917,16,6,6,1920,1,2,3,1,3,206,4328662,538627,130,4,2,5,3,2,1,0,150,1,0,1,0,0
201600014918,16,4,29,1330,1,1,1,1,1,55,4333320,535857,130,4,2,2,0,1,2,0,60,1,0,1,0,0
201600014919,16,6,14,1130,1,1,1,1,5,212,4330351,543051,130,4,1,2,0,2,1,0,60,1,0,1,3,0
201600014920,16,6,14,1215,1,1,1,1,3,202,4331412,536557,130,9,0,4,0,1,1,20,120,1,0,1,0,0
201600014921,16,6,14,1730,1,2,1,1,7,213,4332904,543053,130,3,1,2,0,2,1,0,80,1,0,1,0,0
201600014922,16,6,14,1950,1,2,2,1,1,210,4327958,541720,130,4,2,0,0,0,0,0,0,0,0,0,0,0
201600014923,16,6,14,1920,1,2,1,1,6,210,4326851,540940,130,4,2,2,0,1,3,0,60,1,0,1,3,0
201600014924,16,5,11,1035,1,2,1,1,6,55,4330032,538861,130,4,1,2,0,2,1,0,50,1,0,1,0,0
201600014925,16,6,4,800,1,2,2,1,1,206,4328475,539193,130,4,3,3,0,1,1,0,75,1,0,1,0,0
201600014926,16,6,14,1915,1,1,1,1,1,211,4329299,542917,130,4,1,0,0,1,1,0,30,1,1,1,0,0
201600014927,16,6,15,730,1,2,1,1,3,212,4330356,543154,130,4,2,2,0,1,1,0,70,1,0,1,0,0
201600014928,16,6,14,1615,1,2,1,1,2,208,4326755,538935,130,4,0,2,0,1,1,0,60,1,0,0,0,0
201600014929,16,6,15,1500,1,2,1,1,7,2,4335617,548664,130,4,0,1,0,1,2,0,70,8,5,1,0,0
201600014930,16,6,15,1220,1,2,3,1,2,208,4326514,539547,130,4,2,4,0,1,1,0,100,1,0,1,99,0
201600014931,16,6,16,200,5,2,7,2,2,208,4325432,538121,130,4,3,4,0,1,1,30,70,2,0,1,99,0
201600014932,16,6,16,2000,1,2,1,1,3,213,4332643,542141,130,3,0,0,0,1,1,0,0,1,0,0,0,0
201600014933,16,5,21,1945,1,2,3,1,7,55,4328955,539724,130,4,2,5,0,1,1,50,150,1,0,1,0,0
201600014934,16,6,3,930,1,2,1,1,3,206,4328851,538441,130,4,2,4,0,1,1,0,100,1,0,1,0,0
201600014935,16,6,16,1405,1,2,6,2,2,210,4327025,542306,130,4,0,2,0,1,1,0,0,0,0,0,99,0
201600014936,16,6,16,1600,1,2,1,1,3,208,4324706,539350,130,4,3,4,0,1,1,0,140,1,0,1,99,0
201600014938,16,6,16,1830,1,2,1,1,1,213,4333998,543686,130,4,2,2,0,1,1,0,60,1,0,1,0,1
201600014939,16,6,17,740,1,2,1,1,3,215,4332781,536217,130,4,1,2,0,2,1,0,70,1,0,1,0,0
201600014940,16,6,17,815,1,2,2,1,1,215,4338030,535742,130,3,4,3,0,2,1,0,0,1,0,1,0,0
201600014942,16,6,17,850,1,2,1,1,3,208,4326459,539321,130,4,2,2,0,1,1,24,110,1,0,1,99,0
201600014943,16,6,17,1020,1,2,1,1,3,210,4328814,541082,130,3,2,2,0,1,1,0,50,1,0,1,0,0
201600014944,16,6,7,815,1,2,1,1,3,205,4329593,539786,130,4,3,2,0,1,1,0,60,1,0,1,0,0
201600014945,16,6,17,1530,1,2,1,1,3,208,4324582,539327,130,4,2,2,0,1,1,0,70,1,0,1,0,0
201600014946,16,6,18,530,2,2,3,1,3,205,4328672,539036,130,4,1,1,0,1,1,15,35,1,0,1,0,0
201600014947,16,6,18,1330,1,2,1,1,2,205,4329203,540087,130,4,1,3,0,1,1,0,60,1,0,1,99,0
201600014948,16,6,18,1650,1,2,1,1,6,216,4333933,534818,130,3,3,2,0,1,1,10,80,1,0,1,99,0
201600014949,16,6,16,715,2,2,1,1,3,205,4329607,538652,130,4,1,2,0,1,1,0,80,1,0,1,0,0
201600014950,16,6,19,1900,1,2,1,1,2,214,4334824,537678,130,3,1,3,0,1,1,0,0,1,0,1,0,0
201600014951,16,6,19,1920,1,2,1,1,6,212,4329972,543045,130,4,3,0,0,4,3,50,100,1,0,4,0,0
201600014952,16,6,20,115,5,2,2,1,3,206,4328733,538907,130,4,1,2,0,0,0,0,0,0,0,1,0,0
201600014953,16,6,20,59,5,2,2,1,1,215,4334895,537556,130,3,1,2,0,1,1,0,70,0,5,1,99,0
201600014954,16,6,11,1900,1,2,1,1,6,215,4337883,535815,130,4,2,2,0,1,1,0,70,1,0,1,0,0
201600014955,16,6,20,730,1,2,1,1,6,205,4328684,538709,130,4,0,4,0,2,1,0,180,1,0,1,0,0
201600014956,16,6,20,820,1,2,3,1,3,212,4331566,546148,130,3,3,2,0,1,1,0,80,1,0,1,0,0
201600014957,16,6,20,1120,1,2,1,1,3,209,4324615,543104,130,3,2,3,3,4,1,0,0,1,0,1,99,0
201600014958,16,6,19,1640,1,2,1,1,2,209,4325362,539544,130,4,2,1,0,1,1,0,0,1,0,1,0,0
201600014959,16,6,20,1240,1,2,1,1,1,201,4329925,537437,130,4,2,3,3,1,1,0,25,1,0,1,0,0
201600014960,16,6,20,1340,1,2,3,1,3,207,4328935,535760,130,4,2,2,0,1,0,0,0,0,0,1,0,0
201600014961,16,6,19,1854,1,1,1,1,3,212,4329655,541280,130,4,2,2,0,2,1,0,60,1,0,1,0,0
201600014962,16,6,20,2300,5,2,1,1,1,215,4332159,536495,130,4,2,2,0,1,4,0,80,1,0,1,99,0
201600014963,16,6,21,205,5,2,1,1,6,212,4330344,544187,130,4,2,2,0,2,4,0,70,1,0,1,99,0
201600014964,16,6,21,1350,1,2,1,1,6,216,4336325,534152,130,4,3,4,0,4,1,30,120,1,0,1,0,0
201600014965,16,6,21,1200,1,2,1,1,6,210,4328273,539998,130,4,2,2,0,1,1,0,50,0,0,1,0,0
201600014966,16,6,21,1330,1,2,1,1,2,203,4332062,537405,130,3,2,3,0,1,1,0,0,1,0,1,0,0
201600014967,16,6,22,840,1,2,1,1,3,210,4327315,539230,130,3,2,2,0,1,1,0,0,1,0,1,0,0
201600014968,16,6,22,820,1,2,1,1,6,211,4328276,543217,130,3,2,2,0,1,1,0,0,1,0,1,0,0
201600014969,16,6,22,1100,1,2,1,1,2,206,4327027,538784,130,4,2,3,0,1,1,0,0,1,0,1,0,0
201600014970,16,6,22,1525,1,2,1,1,7,203,4331001,537616,130,4,1,1,0,1,1,0,30,1,0,1,0,0
201600014971,16,6,22,1610,1,2,1,1,3,214,4333139,540410,130,3,1,2,0,1,2,0,0,0,0,1,0,0
201600014972,16,6,22,1520,1,2,1,1,5,208,4326929,538630,130,4,2,6,0,1,1,0,150,1,0,1,0,0
201600014973,16,6,22,1745,1,2,3,1,3,202,4330240,536973,130,4,1,1,0,1,1,0,30,1,0,1,0,0
201600014974,16,6,20,2215,5,2,2,1,6,205,4329003,540000,130,4,2,0,0,0,0,0,0,0,0,1,0,0
201600014975,16,6,22,1930,1,2,6,1,2,213,4334720,544965,130,3,3,2,0,2,1,20,35,1,5,1,0,0
201600014976,16,6,22,1930,1,2,1,1,2,210,4328162,542734,130,4,2,0,0,1,1,0,90,1,0,0,99,0
201600014977,16,6,23,16,5,2,1,1,6,214,4333172,539111,130,4,2,2,0,1,1,0,60,1,0,1,0,0
201600014978,16,5,17,245,5,2,1,1,3,55,4332537,543295,130,4,2,2,0,2,3,0,60,1,0,1,0,0
201600014979,16,6,23,845,1,2,1,1,3,216,4336323,531599,130,4,2,2,0,1,1,0,90,1,0,1,0,0
201600014980,16,6,23,1030,1,2,6,1,1,212,4329467,543315,130,4,2,2,0,1,3,5,30,0,3,1,0,0
201600014981,16,6,23,1255,1,2,1,1,1,212,4330429,541323,130,4,2,2,0,2,1,0,90,1,0,1,99,0
201600014982,16,6,23,1630,1,2,1,1,1,207,4329237,536622,130,4,2,3,0,4,1,0,90,1,0,1,0,0
201600014983,16,6,23,1745,1,2,1,1,2,208,4324654,537775,130,4,0,1,0,1,1,0,60,1,0,1,0,0
201600014984,16,6,23,2030,1,2,1,1,5,208,4326413,537835,130,4,2,6,0,1,1,0,150,1,0,1,0,0
201600014985,16,6,24,550,2,2,2,1,3,201,4330061,538835,130,4,1,2,0,2,1,0,50,1,0,1,99,0
201600014986,16,6,24,525,2,2,6,1,3,208,4326196,537489,130,4,0,1,0,1,0,0,0,1,0,1,99,0
201600014987,16,6,24,1100,1,2,1,1,2,215,4333757,535773,130,4,2,2,0,1,1,0,80,1,0,1,0,0
201600014988,16,6,23,1345,1,2,3,1,2,213,4335154,544302,130,4,0,1,0,1,3,0,0,0,0,0,0,0
201600014989,16,6,24,1915,1,2,1,1,6,215,4336896,535638,130,4,2,2,0,2,1,0,80,1,0,1,99,0
201600014990,16,6,23,1535,1,2,1,1,3,202,4330461,536662,130,4,0,2,0,1,0,0,60,1,0,1,0,0
201600014991,16,6,23,1255,1,2,1,1,3,202,4334697,535531,130,4,2,4,0,1,2,0,80,1,0,1,3,0
201600014992,16,6,25,415,5,2,1,1,3,204,4331125,540366,130,4,3,6,0,1,1,25,180,1,0,1,0,0
201600014993,16,6,25,955,1,2,1,1,6,211,4328166,542832,130,4,2,2,0,1,1,0,60,1,0,1,0,0
201600014995,16,6,25,1800,1,2,3,1,3,212,4330419,541213,130,4,1,1,0,1,1,0,30,1,0,1,0,0
201600014996,16,6,25,2055,2,2,2,1,3,204,4329751,540080,130,4,3,6,0,1,1,25,180,1,0,0,0,0
201600014997,16,6,26,900,1,2,2,1,5,75,4335188,547592,130,3,2,2,0,1,1,0,60,1,0,1,0,0
201600014998,16,6,22,1050,1,2,1,1,2,204,4330939,540294,130,4,1,2,0,2,1,0,60,0,0,1,0,0
201600014999,16,6,25,1645,1,2,1,1,6,211,4329380,548040,130,3,1,2,0,1,1,0,70,1,0,1,99,0
201600015000,16,6,26,1400,1,2,3,1,3,211,4328196,544312,130,4,2,2,0,1,1,0,0,1,0,1,0,0
201600015001,16,6,10,715,1,2,1,1,4,201,4329300,538245,130,4,2,4,0,2,1,0,120,1,2,1,0,0
201600015002,16,6,27,145,5,2,1,1,7,211,4328628,542950,130,3,1,2,0,1,2,0,60,1,0,1,3,0
201600015003,16,6,27,220,5,2,1,1,1,208,4328043,539937,130,4,2,4,0,1,1,0,120,1,0,1,99,0
201600015004,16,6,26,1730,1,2,1,1,3,214,4331523,538720,130,4,0,4,0,1,0,0,120,1,0,0,99,0
201600015005,16,6,10,1020,1,2,2,1,6,207,4328623,536284,130,3,2,2,0,3,1,0,60,1,0,0,0,0
201600015006,16,6,20,1500,1,2,1,1,3,201,4329501,537559,130,4,2,2,0,1,1,0,50,1,0,1,0,0
201600015007,16,6,4,1020,1,2,1,1,6,207,4329229,536105,130,4,2,4,0,2,1,0,120,1,0,1,0,0
201600015008,16,6,27,1325,1,2,1,1,1,212,4331450,546239,130,4,2,2,0,1,1,0,30,1,0,1,3,0
201600015009,16,6,27,1750,1,2,1,1,3,211,4330318,545491,130,4,2,0,0,1,1,0,30,1,0,0,99,0
201600015010,16,6,27,2100,2,2,2,1,3,202,4331160,537134,130,4,1,1,0,1,1,0,50,1,0,1,0,0
201600015011,16,6,27,2210,5,2,9,1,3,205,4329482,540087,130,4,3,3,3,1,1,30,210,1,4,1,0,0
201600015012,16,6,27,2340,5,2,2,1,2,205,4329577,540042,130,4,0,2,0,1,1,80,60,1,0,0,0,0
201600015013,16,6,14,1246,1,2,2,1,5,205,4329238,540128,130,4,1,2,0,0,0,0,0,0,0,1,0,0
201600015014,16,6,26,1410,1,2,1,1,2,205,4329390,540166,130,4,3,6,0,1,0,0,40,1,0,1,0,0
201600015015,16,6,20,1605,1,2,1,1,4,204,4331663,539698,130,4,3,2,0,1,1,0,100,1,0,1,0,0
201600015016,16,6,27,1130,1,2,3,1,1,204,4331487,539086,130,4,1,4,0,2,3,80,120,1,3,1,0,0
201600015017,16,6,28,600,1,2,3,1,3,210,4328304,540180,130,4,2,2,0,1,1,0,60,1,0,0,0,0
201600015018,16,6,19,1655,1,2,1,1,1,205,4329035,539998,130,4,1,6,0,1,1,30,180,1,0,1,0,0
201600015019,16,6,28,800,1,2,3,1,3,212,4330331,545381,130,4,2,2,0,1,1,0,80,0,0,1,0,0
201600015020,16,6,26,1915,1,1,1,1,2,204,4331632,539471,130,4,1,4,0,1,1,10,120,0,2,1,0,0
201600015021,16,6,28,815,1,2,1,1,1,2,4335495,548601,130,3,2,2,0,1,1,0,55,1,0,1,99,0
201600015022,16,6,29,135,5,2,1,1,3,208,4326632,538168,130,4,2,6,3,1,1,0,180,1,0,1,0,0
201600015023,16,6,28,1920,1,2,1,1,1,208,4325820,538358,130,4,2,2,0,1,1,0,100,1,0,1,99,0
201600015024,16,6,29,1550,1,2,1,1,3,215,4334925,535456,130,3,2,2,0,2,1,20,80,1,5,1,99,0
201600015025,16,6,29,2030,5,2,1,1,2,201,4330100,539120,130,4,2,4,0,2,1,0,240,1,0,1,0,0
201600015026,16,6,28,1820,1,2,1,1,2,207,4328980,536395,130,4,1,2,0,2,1,0,0,1,0,1,0,0
201600015027,16,6,30,945,1,2,1,1,3,214,4333584,536749,130,4,2,2,0,2,1,40,60,1,0,1,0,0
201600015028,16,6,29,1830,1,2,1,1,2,211,4328412,543574,130,4,2,2,0,1,1,0,0,1,0,0,99,0
201600015029,16,6,29,1400,1,2,1,1,2,214,4333365,537450,130,4,2,2,0,1,1,0,100,1,0,1,0,0
201600015030,16,6,30,1815,1,2,1,1,2,215,4337230,536413,130,4,2,2,0,2,1,30,30,1,0,1,99,0
201600015031,16,6,30,2330,5,1,1,1,3,208,4324748,539271,130,4,2,2,0,1,1,0,80,1,0,1,0,0
201600015032,16,6,30,1800,1,2,1,1,2,208,4329496,542704,130,4,3,4,0,2,1,15,120,1,0,1,0,0
201600015033,16,6,30,1600,1,2,2,1,3,212,4330298,544679,130,4,2,2,0,1,1,0,70,1,0,1,0,0
201600015034,16,6,24,1230,1,2,6,1,2,203,4330493,537319,130,4,2,4,0,1,1,0,200,1,0,1,99,0
201600015035,16,6,23,1445,1,2,2,1,3,206,4329049,538338,130,4,2,4,0,2,1,0,120,1,0,1,0,0
201600015036,16,6,6,1245,1,2,1,1,1,209,4325022,539585,130,4,2,3,0,1,1,0,66,1,0,1,3,0
201600015037,16,7,1,1030,1,2,1,1,6,55,4326932,538134,130,4,2,2,0,1,1,10,50,1,0,1,0,0
201600015038,16,6,28,1130,1,2,1,1,6,205,4328892,539247,130,4,1,2,0,0,0,0,60,0,0,1,0,0
201600015039,16,6,26,1900,1,2,1,1,3,213,4332655,543815,130,4,1,2,0,1,2,0,40,1,0,1,0,0
201600015040,16,7,1,2230,5,2,1,1,1,55,4329619,537705,130,4,2,2,3,1,1,0,60,1,0,1,0,0
201600015041,16,7,2,330,5,2,1,1,7,55,4329962,537363,130,4,1,1,0,1,1,0,30,1,0,1,0,0
201600015042,16,6,6,1800,1,2,1,1,3,55,4331130,539622,130,4,0,2,0,1,1,0,70,1,0,1,0,0
201600015043,16,7,2,1010,1,2,1,1,6,55,4329551,539060,130,4,2,3,0,1,1,0,0,1,0,1,0,0
201600015044,16,7,2,1100,1,2,8,1,6,55,4325070,538938,130,4,1,1,0,1,1,30,25,1,0,1,0,0
201600015045,16,7,2,900,1,2,1,1,1,55,4324108,539940,130,4,3,2,1,1,1,20,60,1,0,1,99,0
201600015046,16,7,1,1130,1,2,1,1,6,55,4327012,538795,130,4,3,1,0,1,1,0,0,1,0,1,0,0
201600015047,16,7,2,1345,1,2,3,1,3,55,4326650,539470,130,4,1,3,0,1,1,0,0,1,0,0,0,0
201600015048,16,7,2,1340,1,2,1,1,2,55,4330161,539748,130,4,0,2,0,1,0,0,60,1,0,1,0,0
201600015049,16,7,1,1926,1,2,1,1,6,55,4332181,538849,130,4,2,2,0,2,2,0,100,1,0,1,99,0
201600015050,16,7,2,1815,1,2,1,1,3,55,4326557,538058,130,4,2,6,3,1,1,0,260,1,0,1,0,0
201600015051,16,6,24,155,5,2,1,1,6,212,4324196,536715,130,4,2,2,0,2,3,0,0,1,0,0,0,0
201600015052,16,7,2,2240,5,2,1,1,3,55,4327518,538448,130,4,2,2,0,2,1,0,60,1,0,1,0,0
201600015053,16,7,2,1840,1,2,1,1,2,55,4330388,542782,130,4,2,1,0,1,1,0,80,1,0,1,99,0
201600015054,16,6,21,250,5,2,1,1,6,210,4327461,541523,130,4,2,1,0,1,1,0,103,1,0,1,0,0
201600015055,16,6,21,1145,1,2,1,1,3,205,4328978,539817,130,4,2,4,0,1,1,40,40,1,0,1,0,0
201600015056,16,6,30,1045,1,2,1,1,2,210,4327912,542597,130,4,1,2,0,1,2,0,50,1,0,1,0,0
201600015057,16,7,3,1450,1,2,2,1,3,55,4328336,541290,130,4,2,4,0,1,1,30,147,1,0,1,99,0
201600015058,16,7,3,1850,1,2,1,1,5,55,4328183,538601,130,4,2,6,3,1,1,0,60,1,0,1,99,0
201600015059,16,7,4,250,5,2,1,1,3,55,4327981,538716,130,4,2,6,3,1,1,0,120,1,0,1,0,0
201600015060,16,7,4,1020,1,2,1,1,6,55,4330206,539378,130,4,1,0,0,2,1,0,0,1,0,1,0,0
201600015061,16,7,4,1100,1,2,3,1,3,55,4333998,538817,130,4,2,2,0,1,1,0,100,1,2,1,0,0
201600015062,16,7,4,1440,1,2,1,1,3,106,4339806,536556,130,3,2,3,0,1,3,0,75,1,0,1,99,0
201600015063,16,7,4,1925,1,2,1,1,6,55,4330619,539607,130,4,2,2,0,1,1,0,60,1,0,1,0,0
201600015064,16,7,5,220,3,2,1,1,6,55,4328698,543174,130,4,1,1,0,1,3,25,25,1,0,1,0,0
201600015065,16,7,5,640,1,2,1,1,7,55,4328250,538500,130,4,1,1,0,1,1,0,44,1,0,4,0,0
201600015066,16,7,4,1700,1,2,1,1,3,55,4333107,538085,130,4,1,0,0,0,0,0,0,0,0,1,0,0
201600015067,16,7,5,854,1,2,3,1,6,55,4328955,535506,130,4,2,4,0,0,0,15,120,0,0,1,0,0
201600015068,16,7,5,1230,1,1,1,1,3,55,4330580,541844,130,4,2,2,0,1,1,0,0,1,0,1,0,0
201600015069,16,7,5,1925,1,2,1,1,1,55,4333754,539521,130,4,2,2,1,1,1,0,75,1,0,1,99,0
201600015070,16,7,5,2130,2,2,1,1,6,55,4328750,540028,130,4,2,6,0,1,3,25,180,1,0,1,0,1
201600015071,16,7,6,206,5,2,1,1,7,55,4328622,539873,130,4,1,1,0,1,1,0,30,1,0,1,0,0
201600015072,16,7,5,1120,1,2,1,1,1,55,4336512,535747,130,4,2,2,0,1,3,0,0,1,0,1,0,0
201600015073,16,6,21,1345,1,1,1,1,3,210,4328311,539874,130,4,2,4,0,2,1,250,180,1,0,1,99,0
201600015074,16,7,6,1015,1,2,1,1,7,55,4335352,538545,130,4,2,2,0,1,1,0,0,1,0,1,99,0
201600015075,16,7,6,1325,1,2,1,1,1,55,4327808,541784,130,4,1,0,0,1,1,0,40,1,0,1,0,0