Num_Acc,an,mois,jour,hrmn,lum,agg,int,atm,col,com,lat,long,dep,catr,circ,nbv,vosp,prof,plan,lartpc,larrout,surf,infra,situ,env1,killed
201600015076,16,7,5,1730,1,2,3,1,3,55,4328881,539472,130,4,1,1,0,1,1,0,0,1,0,1,0,0
201600015077,16,7,6,1445,1,2,1,1,3,55,4331574,538525,130,4,2,4,0,0,0,0,0,0,0,1,0,0
201600015078,16,7,6,1350,1,2,1,1,3,55,4334733,536362,130,4,3,4,0,2,1,0,120,1,0,1,0,0
201600015079,16,7,6,1915,3,2,1,1,6,55,4331590,538489,130,4,1,2,0,1,1,0,60,1,0,1,99,0
201600015080,16,7,6,2310,5,2,1,1,7,55,4328066,542120,130,4,2,2,0,1,1,0,60,9,0,1,99,0
201600015081,16,7,7,120,5,2,1,1,2,55,4337313,536587,130,4,2,2,0,1,2,10,60,1,0,0,0,0
201600015082,16,7,7,30,5,2,1,1,3,55,4324634,537996,130,4,1,1,0,1,2,0,50,0,0,1,0,0
201600015083,16,7,7,125,5,2,1,1,2,55,4325440,538198,130,9,1,1,0,1,2,100,90,1,5,1,0,0
201600015084,16,7,5,1415,1,2,1,1,1,55,4329574,538166,130,4,0,4,0,1,1,0,120,0,0,1,0,0
201600015085,16,7,6,1600,1,2,1,1,3,55,4328189,540403,130,4,2,2,0,1,1,0,30,1,0,1,99,0
201600015086,16,6,18,1650,1,2,1,1,2,204,4331533,540243,130,4,2,6,0,1,1,0,0,1,0,1,0,0
201600015087,16,7,8,105,5,1,1,1,7,55,4331887,536775,130,3,1,2,0,1,1,0,0,1,0,1,0,0
201600015088,16,7,5,1920,1,2,1,1,6,55,4332438,536728,130,4,2,2,0,1,1,0,60,1,0,4,0,0
201600015089,16,7,6,1715,1,2,1,1,3,55,4334660,536467,130,4,2,2,0,1,3,0,100,1,0,1,0,0
201600015090,16,7,8,800,1,2,1,1,3,55,4327656,539758,130,4,3,4,0,1,1,0,61,1,0,1,0,0
201600015091,16,7,8,1630,1,2,1,1,3,55,4330287,536457,130,4,0,4,0,1,1,0,120,1,0,1,0,0
201600015092,16,7,8,1610,1,2,1,1,6,55,4329935,537139,130,9,2,2,3,1,3,0,0,1,4,1,0,0
201600015093,16,7,8,1340,1,2,1,1,5,55,4335537,536999,130,4,2,3,3,1,1,0,150,1,0,1,99,0
201600015094,16,7,8,1230,1,2,1,1,3,55,4328883,538774,130,4,2,2,0,1,1,0,0,1,0,1,0,0
201600015095,16,7,8,1745,1,2,1,1,3,55,4329050,542107,130,4,2,2,0,2,1,0,60,1,0,1,99,0
201600015096,16,7,8,2000,1,2,1,1,3,55,4325125,537560,130,4,3,4,0,1,1,0,100,1,0,1,99,0
201600015097,16,7,8,2140,5,2,1,1,3,55,4326818,541567,130,4,2,2,0,1,1,22,98,1,0,1,0,0
201600015098,16,7,9,100,5,2,1,1,6,55,4330456,540107,130,4,2,6,0,1,1,38,90,1,0,1,0,0
201600015099,16,7,8,2035,1,2,1,1,2,55,4329429,540152,130,4,3,6,0,1,1,25,180,1,0,1,0,0
201600015100,16,7,8,1750,1,2,1,1,3,55,4329888,540076,130,4,3,3,0,1,1,20,150,1,0,1,0,0
201600015101,16,6,7,1810,1,2,2,1,3,206,4328521,539087,130,4,1,1,0,2,1,0,40,1,0,1,99,0
201600015102,16,6,27,1530,1,2,3,1,6,201,4329694,537366,130,2,2,3,0,2,1,0,90,1,0,1,0,0
201600015103,16,7,9,1700,1,2,1,1,2,55,4331741,536316,130,4,2,5,0,1,1,0,140,1,0,1,99,0
201600015104,16,7,9,420,5,2,1,1,3,55,4329886,538505,130,4,1,2,0,1,1,0,80,1,0,1,0,0
201600015105,16,7,10,225,5,2,1,1,6,55,4329737,538038,130,4,2,2,0,1,0,0,80,1,0,1,99,0
201600015106,16,7,9,1840,1,2,1,1,5,55,4329944,543662,130,4,2,2,0,2,1,0,60,1,0,1,0,0
201600015107,16,7,6,1235,1,2,1,1,6,55,4332179,538840,130,4,2,1,0,1,1,0,0,1,0,1,0,0
201600015108,16,7,10,1650,1,2,1,1,3,55,4333740,535332,130,4,2,1,0,1,1,0,25,1,0,0,0,0
201600015109,16,7,10,2115,5,2,1,1,3,55,4334118,537700,130,4,1,1,0,0,0,0,0,0,0,1,0,0
201600015110,16,7,11,730,1,2,1,1,2,55,4329755,547948,130,4,4,2,0,1,0,0,50,1,5,1,99,0
201600015111,16,7,11,745,1,2,1,1,2,55,4327177,540998,130,4,2,3,0,1,1,0,75,0,0,1,0,0
201600015112,16,7,11,950,1,2,1,1,3,55,4328715,540006,130,4,3,6,0,1,1,25,180,1,0,1,0,0
201600015113,16,7,11,1230,1,2,1,1,3,55,4328909,543502,130,4,0,2,1,1,1,0,60,1,0,5,0,0
201600015114,16,7,1,830,1,2,1,1,3,55,4332747,543618,130,4,2,3,0,1,1,0,90,1,0,1,0,0
201600015115,16,7,11,1400,1,2,1,1,4,55,4327017,540786,130,4,2,2,0,2,1,0,60,1,0,1,99,0
201600015116,16,7,11,2210,5,2,8,1,3,55,4329269,537989,130,4,1,2,0,1,1,0,30,1,0,1,0,0
201600015117,16,7,12,50,5,2,1,1,7,55,4328623,537014,130,4,2,2,0,1,1,0,60,1,0,1,0,0
201600015118,16,7,12,245,5,2,1,1,3,55,4329874,540069,130,4,3,0,0,1,1,0,0,1,0,1,0,0
201600015120,16,7,12,650,1,2,3,1,3,55,4331834,537979,130,4,1,2,0,1,1,0,50,1,0,1,0,0
201600015121,16,7,12,745,1,2,1,1,7,55,4332989,540663,130,2,1,1,0,2,4,0,40,1,0,1,0,0
201600015122,16,7,12,1100,1,2,3,1,3,55,4327031,540681,130,4,1,2,0,2,1,0,50,1,0,1,99,0
201600015123,16,7,11,1840,1,2,1,1,2,55,4325756,539969,130,4,2,6,0,1,1,20,180,1,0,1,99,0
201600015124,16,7,12,1812,1,2,1,1,3,55,4326268,540464,130,4,2,4,0,1,1,20,60,0,0,1,0,0
201600015125,16,7,13,140,5,1,1,1,6,55,4324369,543800,130,4,2,2,1,2,2,0,60,1,0,1,99,0
201600015126,16,7,13,30,5,2,1,1,6,55,4324772,540659,130,3,2,2,0,2,2,0,60,9,0,1,3,0
201600015127,16,7,13,1020,1,2,1,1,2,55,4328212,544315,130,4,2,2,0,1,2,15,50,1,0,1,0,0
201600015128,16,7,13,1330,1,2,3,1,6,55,4328850,539245,130,4,1,1,0,1,0,0,50,1,0,1,0,0
201600015129,16,7,13,1605,1,2,1,1,2,55,4327312,539239,130,4,2,2,0,1,1,0,60,1,0,1,0,0
201600015130,16,7,13,1600,1,1,1,1,6,2,4330881,554448,130,3,2,2,0,1,2,0,58,1,0,0,99,0
201600015131,16,7,13,1620,1,2,1,1,6,55,4329483,537456,130,4,2,2,3,1,0,0,0,1,0,1,0,0
201600015132,16,7,14,20,5,2,1,1,6,55,4327780,537456,130,4,2,2,0,2,4,0,60,1,0,1,0,0
201600015133,16,7,13,1240,1,2,1,1,4,55,4329189,547316,130,4,3,2,0,2,2,0,50,1,0,1,99,0
201600015134,16,7,14,755,1,2,1,1,2,55,4330517,539916,130,4,1,1,0,1,1,20,20,1,0,1,3,0
201600015135,16,7,13,1245,1,2,3,1,3,55,4325977,540224,130,4,2,0,0,2,1,0,0,1,0,1,0,0
201600015136,16,7,7,1230,1,2,6,1,3,55,4326280,540447,130,4,2,0,0,1,1,0,0,1,0,2,0,0
201600015137,16,7,14,1400,1,1,3,1,3,2,4332363,547958,130,3,2,2,0,1,2,37,61,1,0,1,99,0
201600015138,16,7,9,1145,1,2,1,1,3,55,4330059,538644,130,4,2,0,0,2,1,0,0,1,0,1,0,0
201600015139,16,7,1,1725,1,2,1,1,6,55,4329202,539396,130,4,1,2,0,1,0,0,0,1,0,1,0,0
201600015140,16,7,4,730,1,2,1,1,2,55,4331543,539236,130,4,3,6,0,2,1,0,180,0,0,1,0,0
201600015141,16,7,15,830,1,2,3,1,6,55,4329002,544107,130,4,1,0,0,1,1,0,0,1,0,1,0,0
201600015142,16,7,2,1620,1,2,1,1,3,55,4327732,535673,130,4,2,4,0,1,1,25,120,1,0,1,0,0
201600015143,16,7,15,1410,1,2,1,1,6,55,4328740,544770,130,4,3,2,0,1,1,18,55,1,0,1,0,0
201600015144,16,7,15,1415,1,2,1,1,2,55,4332881,538529,130,4,2,2,0,1,1,0,60,1,0,1,0,0
201600015145,16,7,2,1930,1,2,1,1,2,55,4329292,540954,130,4,1,0,0,1,1,0,0,1,0,1,0,0
201600015146,16,7,14,1530,1,2,1,1,6,55,4328588,538411,130,4,2,4,0,1,3,20,200,1,5,1,0,0
201600015147,16,7,15,1210,1,2,1,1,6,55,4328644,538352,130,4,2,2,0,1,1,0,150,1,4,1,0,0
201600015148,16,7,16,1100,1,2,1,1,6,55,4330606,539952,130,4,2,2,0,1,0,0,60,1,0,1,0,0
201600015149,16,7,16,2150,5,2,6,1,3,55,4328583,542554,130,4,0,3,0,1,1,0,0,1,3,1,99,0
201600015150,16,7,17,635,1,2,1,1,2,55,4331696,546062,130,3,2,2,0,1,1,0,73,1,0,1,0,0
201600015151,16,7,17,550,1,2,2,1,3,55,4329400,539577,130,4,1,1,0,1,1,0,35,1,0,1,0,0
201600015152,16,7,17,1120,1,1,1,1,6,55,4328861,536555,130,4,1,1,0,0,0,0,0,0,0,1,0,0
201600015153,16,7,1,830,1,2,1,1,3,55,4330887,540461,130,4,0,2,0,2,0,0,0,0,0,1,0,0
201600015154,16,7,12,1920,1,2,1,1,3,55,4337505,536107,130,4,2,4,0,1,4,10,120,1,0,1,0,0
201600015155,16,7,18,6,5,2,1,1,3,55,4331795,538954,130,4,1,1,0,1,1,0,60,1,0,1,0,0
201600015156,16,7,18,120,5,2,1,1,6,55,4331987,537112,130,4,2,1,0,1,1,0,80,1,0,1,0,0
201600015157,16,7,18,705,1,2,1,1,2,55,4335809,532170,130,3,2,4,0,1,3,0,150,1,0,1,0,0
201600015158,16,7,18,730,1,2,1,1,2,55,4331802,540605,130,4,1,2,0,1,1,0,65,1,0,1,0,0
201600015159,16,7,18,1045,1,2,1,1,4,55,4329697,549366,130,4,2,2,0,1,1,0,60,1,0,1,0,0
201600015160,16,7,16,1830,1,2,1,1,6,55,4335680,534269,130,4,2,1,0,1,1,0,70,1,0,1,99,0
201600015161,16,7,7,1550,1,2,3,1,3,55,4329037,536837,130,4,1,1,0,2,1,0,30,1,0,0,0,0
201600015162,16,6,30,2040,1,2,2,1,3,201,4329439,537542,130,4,1,1,0,0,0,0,0,0,0,1,0,0
201600015163,16,7,18,1030,1,2,1,1,1,55,4336261,531748,130,4,2,2,0,2,1,0,0,1,0,1,0,0
201600015164,16,7,18,1430,1,2,1,1,4,55,4328909,543502,130,4,0,1,0,1,1,0,70,1,0,1,99,0
201600015165,16,6,18,1620,1,2,1,2,3,201,4330081,538164,130,4,1,3,0,1,1,0,90,2,0,1,0,0
201600015166,16,6,26,2355,5,2,1,1,1,55,4329113,538306,130,4,0,3,0,1,1,0,90,0,0,1,0,0
201600015167,16,7,18,1330,1,2,1,1,4,55,4332129,541702,130,3,0,2,0,1,1,0,60,1,0,0,0,0
201600015168,16,7,19,535,2,2,1,1,6,55,4328909,543502,130,4,2,2,0,1,2,0,60,1,0,1,0,0
201600015169,16,7,5,1630,1,1,1,1,7,55,4330348,536481,130,9,1,2,0,1,1,0,60,1,1,1,0,0
201600015170,16,7,18,2045,2,2,1,1,6,55,4323522,536146,130,4,2,1,0,1,1,0,30,1,0,1,0,0
201600015171,16,7,19,1430,1,2,3,1,3,55,4327375,541393,130,4,2,2,0,1,1,0,0,1,0,1,0,0
201600015172,16,7,19,1800,1,2,1,1,3,55,4328322,538689,130,4,0,1,0,1,1,0,50,1,0,1,0,0
201600015173,16,7,19,1700,1,2,1,1,3,55,4327200,536273,130,4,2,4,0,1,4,10,120,1,0,1,99,0
201600015174,16,7,19,1845,1,2,1,1,3,55,4331158,542871,130,4,2,2,1,1,1,0,80,1,0,1,3,0
201600015175,16,7,20,54,5,2,1,1,3,55,4330928,536885,130,4,1,1,0,1,1,0,30,1,0,1,0,0
201600015177,16,7,20,915,1,2,1,1,6,55,4325343,540213,130,4,3,0,0,1,1,0,50,1,0,1,0,0
201600015178,16,7,20,1715,1,2,1,1,6,55,4331581,539357,130,4,2,2,0,1,1,50,200,1,0,1,0,0
201600015179,16,7,20,1810,1,2,1,1,6,55,4331132,545698,130,4,0,2,0,1,1,0,60,1,0,1,0,0
201600015180,16,7,20,2150,5,2,1,1,3,55,4324721,539325,130,4,3,2,0,1,1,10,60,1,0,1,0,0
201600015181,16,7,21,1445,1,2,1,1,7,55,4335801,532066,130,4,1,2,0,1,0,0,60,9,0,1,0,0
201600015182,16,7,21,1800,1,2,1,1,6,55,4335850,531863,130,4,2,1,0,1,0,0,100,1,6,1,0,0
201600015183,16,7,21,1630,1,2,1,1,6,55,4328614,539160,130,4,1,1,0,1,1,0,30,1,0,1,0,0
201600015184,16,7,21,1815,1,2,1,1,1,55,4327914,542592,130,4,1,0,0,1,1,0,60,1,0,1,99,0
201600015185,16,5,15,2245,5,1,2,1,3,55,4329251,540123,130,4,2,6,0,1,1,130,100,1,5,1,99,0
201600015186,16,7,21,2100,2,2,1,1,1,55,4336185,535735,130,4,2,1,0,1,1,0,60,1,0,1,0,0
201600015187,16,7,21,2241,5,2,1,1,1,55,4327078,538878,130,4,2,2,0,1,1,0,24,1,0,1,0,1
201600015188,16,7,22,115,5,2,1,1,6,55,4331606,538880,130,4,1,3,0,1,1,0,120,1,0,1,0,0
201600015189,16,7,15,1040,1,2,3,1,2,55,4330136,538014,130,4,1,3,0,2,1,0,90,1,0,1,0,0
201600015190,16,7,20,2000,1,2,9,1,5,55,4328904,535806,130,4,2,2,0,1,1,0,60,1,0,1,0,0
201600015191,16,7,22,855,1,2,1,1,6,55,4323432,539784,130,4,2,2,0,1,1,0,60,1,0,1,99,0
201600015192,16,7,22,1325,1,2,1,1,6,55,4328415,538539,130,4,1,2,0,2,1,0,60,1,0,1,0,0
201600015193,16,7,22,1730,1,2,1,1,3,55,4332152,541108,130,4,2,2,0,1,1,0,60,1,0,1,0,0
201600015194,16,7,22,1930,1,2,1,1,1,55,4330155,543745,130,4,2,4,0,1,1,0,60,1,0,1,0,0
201600015195,16,7,23,1,5,2,1,1,3,55,4327622,543177,130,4,2,2,0,1,1,0,70,1,0,1,0,0
201600015196,16,7,23,945,1,2,1,1,6,55,4327643,542533,130,4,1,2,0,1,2,0,40,1,0,1,0,0
201600015197,16,7,23,1215,1,2,1,1,1,55,4331693,543981,130,4,2,2,0,2,2,0,60,1,0,1,0,0
201600015198,16,7,23,1210,1,2,1,2,1,55,4329566,544836,130,4,2,2,1,2,3,0,30,2,0,1,0,1
201600015199,16,7,23,2250,5,2,2,1,3,55,4329721,539407,130,4,1,1,0,1,1,0,35,1,0,1,3,0
201600015200,16,7,23,2230,5,2,1,1,2,55,4325389,537604,130,4,1,2,3,1,1,0,60,2,0,1,0,0
201600015201,16,7,24,733,1,2,1,1,3,55,4330028,538418,130,4,2,2,0,1,1,0,80,2,0,1,0,0
201600015202,16,7,5,1300,1,2,3,1,3,55,4327501,538951,130,4,1,1,0,0,0,0,40,0,0,0,0,0
201600015203,16,7,24,1440,1,1,1,1,3,55,4328235,539946,130,3,2,4,0,1,1,0,120,1,0,1,0,0
201600015204,16,7,20,245,5,2,1,1,3,55,4329857,540103,130,4,3,6,0,1,1,20,105,1,0,1,0,0
201600015205,16,7,23,1700,1,2,1,1,6,55,4330139,538334,130,4,1,2,0,1,1,0,0,1,0,1,0,0
201600015206,16,7,25,940,1,2,1,1,7,55,4329783,540904,130,6,0,1,0,1,0,0,40,1,0,1,0,0
201600015207,16,7,25,830,1,2,1,1,1,55,4329634,537231,130,4,4,3,3,1,1,0,100,1,0,1,0,0
201600015208,16,7,21,1130,1,2,1,1,2,55,4329550,540030,130,4,2,3,0,1,1,0,0,1,0,1,0,0
201600015209,16,7,25,1630,1,2,1,1,6,55,4336116,534247,130,4,2,1,0,0,2,30,80,1,2,1,3,0
201600015210,16,7,25,1730,1,2,1,1,3,55,4328158,542363,130,4,2,2,0,1,1,0,60,1,5,1,99,0
201600015211,16,7,25,1845,1,2,1,1,3,55,4326127,538740,130,4,0,1,0,1,1,6,33,1,0,1,0,0
201600015212,16,7,24,1400,1,2,1,1,2,55,4327898,535368,130,4,3,2,0,1,1,0,60,1,0,1,0,0
201600015213,16,7,26,830,1,2,1,1,5,55,4333490,538531,130,9,2,2,0,1,1,12,60,1,0,1,0,0
201600015214,16,7,25,1110,1,2,1,1,5,55,4334662,536470,130,4,2,2,0,1,1,0,60,1,0,1,99,0
201600015215,16,7,26,1300,1,2,1,1,1,55,4330384,541703,130,4,1,1,0,1,1,0,30,1,0,1,0,0
201600015216,16,7,26,1615,1,2,1,1,5,55,4335109,535849,130,4,2,2,0,2,1,0,60,1,0,1,0,0
201600015217,16,7,26,1800,1,2,3,1,2,55,4328987,539819,130,4,1,1,3,1,1,0,25,1,0,1,0,0
201600015218,16,7,26,2025,2,2,1,1,6,55,4331789,544585,130,4,2,2,0,1,1,0,70,1,0,4,0,0
201600015219,16,7,26,2215,5,2,1,1,3,55,4333130,538925,130,4,2,2,0,1,1,0,60,1,0,1,99,0
201600015220,16,7,26,1750,1,2,2,1,6,55,4328789,539136,130,4,1,1,0,1,1,0,0,1,0,1,0,0
201600015221,16,7,25,1130,1,2,3,1,1,55,4329808,538099,130,4,1,1,0,2,1,0,25,1,0,1,99,0
201600015222,16,7,27,830,1,2,6,1,3,55,4333073,536500,130,4,0,1,0,1,0,40,80,1,0,1,3,0
201600015223,16,7,27,1420,1,2,1,1,6,55,4333584,536750,130,4,2,2,0,1,1,15,65,1,0,1,99,0
201600015224,16,7,27,1400,1,2,3,1,3,55,4327022,540270,130,4,2,5,0,1,0,0,75,1,0,1,0,0
201600015225,16,7,27,1620,1,2,1,1,2,55,4331891,540833,130,4,1,3,0,2,1,0,90,1,1,1,0,0
201600015226,16,7,27,1725,1,2,1,1,6,55,4328597,544292,130,3,2,3,0,1,1,0,75,1,0,1,0,0
201600015227,16,7,27,1445,1,2,3,1,3,55,4326649,540827,130,4,1,1,0,1,1,0,30,1,0,1,0,0
201600015228,16,7,27,1750,1,2,3,1,3,55,4330456,537605,130,4,3,3,3,1,1,0,60,1,0,1,99,0
201600015229,16,7,28,1830,1,2,1,1,6,55,4329008,536762,130,4,2,4,3,1,1,0,200,1,0,1,0,0
201600015230,16,7,28,855,1,2,1,1,6,55,4327371,541377,130,4,2,2,0,1,1,0,80,1,0,1,0,0
201600015231,16,7,28,1440,1,2,1,1,6,55,4328073,535227,130,4,2,2,0,0,0,0,80,0,0,1,0,0
201600015232,16,7,28,1515,1,1,1,1,6,55,4331588,536447,130,4,4,2,0,1,1,0,30,1,0,1,0,0
201600015233,16,7,27,1930,1,2,1,1,6,55,4327444,541500,130,4,2,0,0,1,1,0,140,1,0,1,0,0
201600015234,16,7,28,2030,1,2,1,1,6,55,4330552,537546,130,4,2,1,0,1,1,0,180,1,0,1,99,0
201600015235,16,7,28,2045,1,2,1,1,2,2,4335613,548547,130,3,0,2,0,1,0,100,70,1,0,1,0,0
201600015236,16,7,29,530,5,2,2,1,3,55,4328402,538480,130,4,1,2,0,2,1,0,0,1,0,1,0,0
201600015237,16,7,28,1915,1,1,1,1,2,55,4327456,536109,130,4,3,4,0,1,2,10,100,1,0,1,99,0
201600015238,16,7,7,600,1,2,1,1,3,55,4328987,535872,130,4,0,6,0,1,1,0,120,1,0,1,0,0
201600015239,16,7,29,1610,1,2,1,1,6,55,4332452,536244,130,3,2,2,0,2,1,0,60,1,0,1,0,0
201600015240,16,7,29,2220,5,2,1,1,2,55,4325898,541700,130,4,2,2,0,1,1,0,0,1,0,1,0,0
201600015241,16,7,29,2245,5,2,6,1,6,55,4325017,538932,130,3,3,4,0,1,1,10,120,1,0,1,0,0
201600015242,16,7,30,200,5,2,2,1,3,55,4330841,537330,130,4,2,2,0,2,1,0,100,1,0,1,0,0
201600015243,16,7,30,400,5,2,1,1,3,55,4328024,540051,130,4,2,4,0,0,0,0,120,0,0,1,0,0
201600015244,16,7,30,700,1,2,1,1,1,55,4330601,539357,130,4,1,1,0,0,0,20,25,1,0,1,3,0
201600015245,16,7,30,2100,5,2,3,1,3,55,4329481,539167,130,4,1,0,0,2,1,0,25,1,0,1,0,0
201600015246,16,7,30,1950,1,2,2,1,3,55,4337065,535993,130,4,1,3,0,1,3,0,90,1,5,1,99,0
201600015247,16,7,30,1910,1,2,1,1,4,75,4334383,546543,130,3,3,2,0,2,1,12,42,1,0,1,99,0
201600015248,16,6,25,1145,1,2,1,1,4,55,4331484,539044,130,4,2,6,0,1,1,0,0,1,0,1,0,0
201600015249,16,7,31,940,1,2,1,1,6,55,4331705,537404,130,4,2,2,0,1,3,0,65,1,0,1,0,0
201600015250,16,7,28,1150,1,2,8,1,6,55,4330550,536731,130,9,0,2,3,1,1,0,60,9,4,0,0,0
201600015251,16,7,25,1900,1,2,1,1,3,55,4328403,538473,130,4,2,6,3,1,1,0,180,1,0,1,0,0
201600015252,16,7,31,1950,1,2,3,1,3,55,4325640,539014,130,3,2,0,0,0,0,0,0,0,0,1,0,0
201600015253,16,7,29,1630,1,2,1,1,3,55,4334968,535416,130,3,2,2,0,2,3,0,72,0,0,1,0,0
201600015254,16,7,31,620,1,2,3,1,3,55,4331082,538901,130,3,2,2,0,2,1,0,72,1,0,1,0,0
201600015255,16,7,31,1248,1,2,1,1,6,55,4330477,536761,130,4,1,1,0,2,1,0,25,1,0,1,0,0
201600015256,16,7,28,810,1,2,1,1,3,55,4328939,539650,130,4,2,5,0,1,1,0,150,1,0,1,99,0
201600015257,16,8,2,1300,1,2,2,1,3,55,4330101,538607,130,4,1,1,0,2,1,0,45,1,0,1,0,0
201600015258,16,8,2,1355,1,2,1,1,6,55,4333028,536521,130,4,2,1,0,1,1,0,60,1,0,1,3,0
201600015259,16,8,2,1410,1,2,7,1,4,55,4331250,546477,130,4,1,1,0,2,0,0,90,1,0,1,0,0
201600015260,16,8,2,2015,2,2,1,1,6,55,4328349,550062,130,4,2,2,0,1,1,0,70,1,0,1,0,0
201600015261,16,8,3,910,1,2,1,1,6,55,4324861,538166,130,4,1,1,0,1,1,0,40,1,0,1,0,0
201600015262,16,8,3,1730,1,2,3,1,1,55,4324232,536925,130,3,1,1,0,1,1,0,30,1,0,1,0,0
201600015263,16,8,3,1430,1,2,2,1,3,55,4328641,535844,130,4,1,1,0,3,1,0,35,1,0,1,99,0
201600015264,16,8,2,2130,5,2,2,1,1,55,4329590,539368,130,4,1,1,0,1,1,0,50,1,0,1,0,0
201600015265,16,8,4,1110,1,2,1,1,3,55,4327194,539055,130,3,3,6,0,1,1,0,180,1,0,1,0,0
201600015266,16,8,1,800,1,2,1,1,2,55,4331547,539231,130,4,3,0,0,1,1,0,0,1,0,1,99,0
201600015267,16,8,4,1300,1,1,1,1,6,55,4326175,537487,130,4,2,0,1,1,1,0,0,1,0,5,0,0
201600015269,16,8,4,1430,1,2,1,1,2,55,4335831,532637,130,4,1,2,0,1,1,0,30,1,0,1,0,0
201600015270,16,8,4,2000,1,2,2,1,3,55,4328880,536652,130,4,2,2,0,1,1,0,0,1,0,1,0,0
201600015271,16,8,5,100,5,2,1,2,1,55,4324561,539338,130,4,2,2,0,1,1,0,25,2,0,1,3,0
201600015272,16,8,5,1010,1,2,1,1,5,55,4333606,535758,130,4,2,1,0,1,1,0,60,1,0,1,99,0
201600015273,16,7,12,1530,1,2,1,1,3,55,4331415,536927,130,4,1,1,0,1,3,0,0,1,0,1,0,0
201600015274,16,8,5,1810,1,2,2,1,6,55,4330647,537371,130,3,2,2,0,1,0,0,60,1,0,1,0,0
201600015275,16,8,5,1800,1,2,1,1,6,55,4330839,537214,130,4,1,1,0,1,1,0,30,1,0,4,0,0
201600015276,16,8,5,2130,5,2,1,1,6,55,4332508,536183,130,4,0,1,0,1,1,0,60,1,0,1,0,0
201600015277,16,7,29,1300,1,2,1,1,3,55,4328925,539637,130,4,2,5,3,1,1,0,0,1,0,1,0,0
201600015278,16,8,6,430,5,2,3,1,7,55,4330182,535814,130,4,1,1,0,1,1,0,40,1,0,1,0,0
201600015279,16,8,2,1000,1,2,3,1,6,55,4330274,538457,130,4,2,4,0,1,1,0,200,1,0,1,0,0
201600015280,16,8,3,1230,1,2,1,1,2,55,4329335,540167,130,4,2,6,0,1,1,50,200,1,0,1,0,0
201600015281,16,8,6,1150,1,2,7,1,1,55,4328596,540424,130,4,2,2,0,2,1,0,60,1,0,1,0,0
201600015282,16,8,7,200,5,2,1,1,6,55,4328161,542776,130,4,1,1,0,1,1,0,120,1,0,1,0,1
201600015283,16,8,7,400,5,2,1,1,3,55,4330208,538296,130,4,1,2,0,1,1,0,60,1,0,1,0,0
201600015284,16,8,7,1945,1,2,3,1,3,55,4330867,540037,130,4,2,2,0,1,1,0,50,1,0,1,0,0
201600015285,16,8,8,1020,1,2,6,1,6,55,4327269,539157,130,4,2,2,0,1,1,0,60,1,0,1,0,0
201600015286,16,8,8,1225,1,2,1,1,2,55,4331882,540852,130,4,1,2,0,1,0,0,60,1,1,1,0,0
201600015287,16,8,8,1530,1,2,1,1,6,55,4329737,538039,130,2,2,4,0,2,1,0,100,1,0,1,0,0
201600015288,16,8,8,2320,5,2,2,1,6,55,4329923,538220,130,4,0,3,0,0,0,0,0,0,0,0,0,0
201600015289,16,8,8,2110,5,2,2,1,3,55,4327269,539157,130,4,2,0,0,1,1,0,0,1,5,1,0,0
201600015290,16,8,1,1845,1,2,1,1,2,55,4331547,539920,130,4,2,3,0,1,1,70,90,1,0,1,0,0
201600015291,16,8,9,1130,1,2,3,1,3,55,4326847,538875,130,4,1,1,0,1,1,10,30,1,0,1,0,0
201600015292,16,8,9,1330,1,2,1,1,3,55,4333125,539855,130,4,1,0,0,1,1,25,30,1,0,1,3,0
201600015293,16,8,9,1350,1,2,1,1,6,55,4328230,538541,130,9,1,1,0,1,1,0,45,1,6,1,99,0
201600015294,16,8,9,1630,1,2,1,1,2,55,4328470,538448,130,4,2,5,0,1,1,0,125,1,0,1,0,0
201600015295,16,8,9,1700,1,2,1,8,6,55,4327367,543358,130,3,2,2,1,2,1,0,72,1,0,3,0,0
201600015296,16,8,9,1815,1,2,1,1,6,55,4330448,538182,130,4,2,2,0,1,1,0,60,1,0,0,0,0
201600015297,16,8,10,900,1,2,1,1,6,55,4335993,535759,130,4,2,2,0,1,1,0,60,1,0,1,99,0
201600015298,16,8,11,1445,1,2,1,1,1,55,4334774,535925,130,4,2,2,0,1,1,0,30,1,0,1,99,0
201600015299,16,8,11,1430,1,2,1,1,6,55,4327593,539675,130,4,2,2,0,1,1,0,120,1,0,1,99,0
201600015300,16,8,11,1700,1,2,1,1,3,55,4330104,537033,130,3,2,2,0,1,1,0,120,1,0,1,0,0
201600015301,16,8,11,2030,1,2,1,1,2,55,4331849,543944,130,4,2,2,0,2,2,20,70,1,0,1,0,0
201600015302,16,8,10,1810,1,2,1,5,2,55,4327349,536276,130,4,2,4,0,1,1,0,0,1,0,1,99,0
201600015303,16,8,11,1830,1,2,1,1,3,55,4329229,536106,130,4,0,2,0,1,1,0,0,1,0,1,0,0
201600015304,16,8,12,900,1,2,4,1,2,55,4329027,539981,130,4,3,3,0,1,1,0,0,1,5,1,0,0
201600015305,16,8,12,1000,1,2,1,1,3,55,4330645,551007,130,4,2,2,0,2,1,0,70,1,0,1,0,0
201600015306,16,8,12,1810,1,2,1,1,3,55,4337216,535593,130,4,2,2,0,1,1,0,60,1,0,1,0,0
201600015307,16,8,12,1900,1,2,1,1,6,55,4333182,536464,130,4,2,2,0,1,1,0,66,1,0,1,0,0
201600015308,16,8,13,10,5,2,1,1,3,55,4329314,537034,130,4,2,2,0,1,1,15,30,1,0,0,0,0