Num_Acc,an,mois,jour,hrmn,lum,agg,int,atm,col,com,lat,long,dep,catr,circ,nbv,vosp,prof,plan,lartpc,larrout,surf,infra,situ,env1,killed
201600015309,16,8,13,1225,1,2,1,1,2,55,4330312,540065,130,4,1,6,0,1,1,25,180,1,0,1,0,0
201600015310,16,8,8,1030,1,2,1,1,6,55,4330068,538093,130,4,1,2,0,1,1,0,100,1,0,1,0,0
201600015312,16,8,13,310,5,2,1,1,6,55,4326152,538751,130,4,2,2,0,1,1,25,85,1,0,4,3,0
201600015313,16,8,13,2130,5,2,1,1,2,55,4333564,539944,130,4,2,2,0,2,1,0,80,1,0,1,99,0
201600015315,16,8,14,430,5,2,2,1,3,55,4332228,541270,130,4,2,2,0,0,0,0,0,0,0,0,0,0
201600015316,16,8,13,1415,1,2,1,1,3,55,4327996,538706,130,4,2,6,0,0,0,0,180,0,0,1,0,0
201600015317,16,8,14,1300,1,2,1,1,7,55,4326817,538896,130,4,2,3,0,1,1,0,75,1,0,1,99,0
201600015318,16,8,15,615,2,2,1,1,3,55,4330452,537619,130,4,2,4,0,1,1,0,170,1,0,1,0,0
201600015319,16,8,14,800,1,2,1,1,3,55,4331645,536835,130,4,0,2,0,1,1,0,50,1,0,0,0,0
201600015320,16,8,15,1145,1,2,1,1,4,55,4327338,539936,130,4,1,3,3,1,1,0,100,1,0,1,99,0
201600015321,16,8,15,140,5,2,1,1,3,55,4330590,540096,130,4,3,6,0,1,1,20,180,1,0,1,0,0
201600015322,16,8,15,2330,5,2,1,1,1,55,4328235,539947,130,4,2,7,0,1,1,0,230,1,0,1,0,0
201600015323,16,8,15,1630,1,2,1,1,1,55,4327611,541732,130,3,1,3,0,1,1,0,0,1,0,1,0,0
201600015324,16,8,11,1820,1,2,9,1,3,55,4331378,536802,130,4,0,4,0,1,1,0,200,1,0,1,0,0
201600015325,16,8,16,2200,5,2,1,1,6,55,4333372,543132,130,4,2,2,0,1,1,0,80,1,0,1,0,0
201600015326,16,8,16,1300,1,2,1,1,1,55,4336707,534353,130,3,2,2,0,1,1,0,60,1,0,1,0,0
201600015327,16,8,17,430,4,1,1,1,6,55,4337065,535992,130,4,1,2,0,2,2,0,80,1,0,1,0,0
201600015328,16,8,17,730,1,2,6,1,3,55,4331252,546478,130,4,1,2,0,2,1,0,60,1,0,1,99,0
201600015329,16,8,17,1040,1,2,1,1,4,55,4328419,534977,130,4,2,2,0,1,1,0,74,1,0,1,99,0
201600015330,16,8,13,1145,1,2,1,1,3,55,4332974,542883,130,3,2,4,0,1,1,0,90,1,0,1,0,0
201600015331,16,8,12,915,1,2,1,1,5,55,4329505,540065,130,4,3,6,0,1,1,25,180,1,0,1,0,0
201600015332,16,8,17,2120,5,2,1,1,3,55,4327345,536268,130,4,2,4,0,1,1,10,140,1,0,1,0,0
201600015333,16,8,18,30,5,2,1,1,7,55,4329739,536892,130,4,0,2,0,1,1,120,80,1,0,1,0,0
201600015334,16,8,17,2350,5,2,1,1,3,55,4322980,541471,130,4,2,3,0,1,1,0,120,1,0,1,0,0
201600015335,16,8,17,1845,1,2,1,1,3,55,4327350,536273,130,4,2,4,0,1,1,0,120,1,0,1,99,0
201600015336,16,6,29,1230,1,2,9,1,2,55,4327319,539126,130,4,2,2,0,1,3,0,50,1,0,1,99,0
201600015337,16,8,5,1420,1,2,1,1,1,55,4329924,537618,130,4,1,1,0,2,1,0,30,1,0,0,0,0
201600015338,16,8,18,1615,1,2,1,1,2,55,4328903,536132,130,4,3,1,0,2,1,0,110,1,0,1,0,0
201600015339,16,8,18,1950,2,1,1,1,6,55,4333104,536489,130,4,2,2,0,1,1,0,60,1,0,1,3,0
201600015340,16,8,18,530,5,2,1,1,6,55,4329756,547948,130,4,2,1,0,2,0,0,50,1,5,1,0,0
201600015341,16,8,19,645,2,2,1,1,2,55,4331427,546250,130,4,2,3,0,2,1,10,90,1,0,1,3,0
201600015342,16,8,19,1220,1,2,1,1,3,55,4329001,542171,130,4,2,2,0,2,2,0,70,1,0,1,0,0
201600015343,16,8,19,2155,5,2,1,1,1,55,4328113,539931,130,4,2,4,0,1,1,0,100,1,0,1,0,0
201600015344,16,8,18,1730,1,1,2,1,1,55,4329708,537351,130,4,2,2,0,2,1,0,60,1,0,1,0,0
201600015345,16,8,20,1000,1,2,2,1,6,55,4332615,538370,130,4,2,2,0,2,2,0,60,1,0,1,0,0
201600015346,16,8,20,1600,1,2,3,8,3,55,4329856,538011,130,4,1,1,0,1,1,0,40,1,0,1,99,0
201600015347,16,8,20,2350,5,2,1,1,3,55,4328338,541291,130,4,2,2,0,1,1,0,70,1,0,1,0,0
201600015348,16,8,21,330,5,2,1,1,6,55,4326291,538828,130,4,2,2,0,1,3,0,60,1,0,1,0,0
201600015349,16,8,21,1650,1,2,1,1,3,55,4337779,535665,130,3,2,4,3,1,1,10,100,1,0,1,0,0
201600015350,16,8,21,2140,5,2,1,1,6,55,4331303,538551,130,4,2,1,0,1,1,0,50,1,5,1,0,0
201600015351,16,8,22,845,1,2,1,1,3,55,4328514,542590,130,4,1,3,0,1,1,0,100,1,5,1,0,0
201600015352,16,8,22,1615,1,2,1,1,6,55,4326854,540824,130,4,2,2,0,2,2,0,50,1,0,4,0,0
201600015353,16,8,22,1655,1,2,1,1,6,55,4331328,546364,130,4,2,2,0,1,1,0,30,1,2,1,0,0
201600015354,16,8,22,1950,1,1,1,1,5,55,4328672,547993,130,4,2,2,2,1,1,0,75,1,0,1,0,0
201600015355,16,8,17,1900,1,2,3,1,3,55,4229340,539580,130,4,1,1,0,1,1,0,50,1,0,1,0,0
201600015356,16,8,23,1230,1,2,1,1,1,55,4333141,538926,130,4,2,2,0,1,3,0,70,1,0,1,99,0
201600015357,16,8,19,845,1,2,3,1,1,55,4329162,541055,130,4,2,2,0,2,1,0,60,1,0,1,99,0
201600015358,16,8,23,1506,1,2,2,1,3,55,4330081,538162,130,4,1,2,0,2,1,30,30,1,0,1,99,0
201600015359,16,8,23,1730,1,2,1,1,2,55,4332962,537601,130,4,1,4,0,1,1,0,60,1,0,1,0,0
201600015360,16,8,23,1445,1,2,1,1,7,55,4332526,537907,130,4,0,2,0,0,0,0,0,1,0,1,99,0
201600015361,16,8,23,1930,1,2,1,1,1,55,4324411,537132,130,4,2,2,0,2,1,0,0,1,0,1,0,0
201600015362,16,8,23,2000,2,2,1,1,2,55,4333068,540473,130,4,2,4,0,1,1,0,90,1,0,1,0,0
201600015363,16,8,21,410,5,2,1,1,6,55,4331420,537610,130,4,2,2,0,1,1,0,70,1,0,1,0,0
201600015364,16,8,17,1700,1,2,1,1,6,55,4331786,540590,130,4,1,2,3,2,1,0,80,1,0,1,99,0
201600015365,16,8,22,1900,1,2,1,1,5,55,4328642,541645,130,4,2,2,0,2,1,0,60,1,0,1,0,0
201600015366,16,8,22,1220,1,2,6,1,1,55,4337019,534631,130,4,2,4,1,2,1,0,160,1,0,1,3,0
201600015367,16,8,24,1110,1,2,3,1,3,55,4328869,545794,130,4,2,2,0,2,1,0,70,1,0,0,0,0
201600015368,16,8,24,1451,1,2,1,1,6,55,4331183,537232,130,4,1,2,3,1,1,0,60,1,0,1,99,0
201600015369,16,8,24,1200,1,2,1,1,3,55,4333445,543766,130,4,2,2,0,2,1,0,60,1,0,1,0,0
201600015370,16,8,25,515,5,1,1,1,3,55,4333034,538914,130,2,1,2,0,1,0,0,50,1,0,1,0,0
201600015371,16,8,24,1200,1,2,3,1,3,55,4331257,536678,130,4,2,3,0,1,1,10,90,1,0,1,0,0
201600015372,16,7,29,2015,2,2,1,1,5,55,4325624,537664,130,4,3,2,0,1,1,0,0,1,0,1,99,0
201600015373,16,8,8,640,1,1,1,1,3,55,4328890,540029,130,4,2,6,0,1,1,25,180,0,0,1,0,0
201600015374,16,8,24,1900,1,2,1,1,6,55,4327469,539000,130,6,0,6,0,1,0,0,180,1,0,0,0,0
201600015375,16,8,24,1800,1,2,1,1,3,55,4326649,539562,130,4,3,6,3,1,1,0,75,1,0,1,0,0
201600015376,16,8,24,1818,1,2,1,1,6,55,4328034,539917,130,4,2,4,0,1,1,0,140,1,0,1,99,0
201600015377,16,8,25,1330,1,2,6,1,3,55,4328505,542544,130,4,0,3,0,0,0,0,0,0,0,0,0,0
201600015378,16,8,25,1755,1,1,1,1,6,55,4329574,544643,130,4,3,2,1,1,1,0,60,1,0,1,0,0
201600015379,16,8,25,1910,1,2,1,1,2,55,4327335,539261,130,4,2,2,0,1,1,0,60,1,0,1,99,0
201600015381,16,8,26,650,1,2,1,1,1,55,4334783,535949,130,4,2,1,0,3,1,0,0,1,0,1,0,0
201600015382,16,8,21,1840,1,2,1,1,3,55,4328280,539281,130,4,1,1,0,1,0,0,30,1,5,1,0,0
201600015383,16,8,17,945,1,1,1,1,3,55,4326033,539398,130,4,2,1,0,1,1,0,15,1,0,1,0,0
201600015384,16,8,26,1230,1,2,1,1,6,55,4334377,536574,130,4,2,2,0,1,1,0,60,1,0,1,0,0
201600015385,16,8,26,330,5,2,2,1,3,55,4328264,539952,130,4,2,4,0,4,3,0,0,1,0,0,0,0
201600015387,16,8,26,120,5,2,1,1,6,55,4331492,540316,130,4,3,4,0,2,1,10,120,1,0,0,0,0
201600015388,16,8,26,1930,1,2,2,1,2,55,4327583,541722,130,4,2,3,0,2,1,0,100,1,0,1,0,0
201600015389,16,8,26,2310,5,2,1,1,3,55,4336383,535705,130,4,2,3,3,1,1,0,90,1,0,1,0,1
201600015390,16,8,27,920,1,2,1,1,3,55,4328889,540894,130,4,2,0,0,1,1,0,0,1,0,1,0,0
201600015391,16,8,27,1230,1,2,3,1,3,55,4327634,538947,130,4,2,2,0,1,1,0,50,1,0,1,0,0
201600015392,16,8,27,1430,1,2,1,1,3,55,4324415,537146,130,4,0,3,0,1,0,0,90,1,0,1,0,0
201600015393,16,8,27,1530,1,2,2,1,3,55,4331747,538990,130,2,0,2,0,0,0,0,0,0,0,1,0,0
201600015394,16,8,27,1930,1,2,4,1,3,55,4326235,537559,130,4,2,4,0,1,2,25,120,1,5,1,0,0
201600015395,16,8,28,245,5,2,1,1,3,55,4325002,537530,130,4,3,4,0,1,1,15,120,1,0,1,0,0
201600015396,16,8,28,2225,5,2,2,1,3,55,4329281,537984,130,4,1,1,0,1,1,0,0,1,0,0,0,0
201600015397,16,8,28,2115,5,2,1,1,4,55,4324215,536751,130,4,3,2,0,1,1,0,60,1,0,1,0,0
201600015398,16,8,28,2300,5,2,1,1,3,55,4328506,541295,130,4,2,2,0,3,1,10,100,1,0,1,0,0
201600015399,16,8,28,1050,1,2,1,1,2,55,4333096,537302,130,4,2,2,0,1,0,0,0,1,0,1,0,0
201600015400,16,8,29,900,1,2,1,1,1,55,4328539,538399,130,4,2,4,0,1,1,0,120,1,0,1,0,0
201600015401,16,8,25,1215,1,2,2,1,3,55,4328163,542751,130,4,2,2,0,1,1,0,60,1,0,1,99,0
201600015402,16,8,23,1630,1,2,1,1,6,55,4329805,537993,130,4,1,1,0,1,1,0,0,1,0,1,0,0
201600015403,16,8,29,1745,1,2,3,1,3,55,4333062,539895,130,4,2,4,0,1,1,0,0,1,0,1,3,0
201600015404,16,8,30,750,1,2,1,1,1,55,4324195,536711,130,4,1,1,3,1,3,0,50,1,0,1,0,0
201600015405,16,8,29,1955,1,2,1,1,6,55,4323868,540835,130,4,0,2,0,1,1,43,43,1,0,1,0,0
201600015406,16,8,30,810,1,2,4,1,3,55,4328369,540074,130,4,1,1,0,2,1,0,30,1,0,1,0,0
201600015407,16,8,30,1300,1,2,1,1,6,55,4337066,535991,130,4,2,0,0,2,3,0,40,1,0,4,0,0
201600015408,16,8,25,1815,1,2,1,1,2,55,4328945,536396,130,4,2,4,0,1,1,0,120,1,0,1,0,0
201600015409,16,8,30,1415,1,2,1,1,2,55,4329936,543668,130,4,2,2,2,1,1,0,100,1,0,1,3,0
201600015410,16,8,30,1800,1,1,3,1,6,55,4327947,539877,130,4,2,2,0,1,1,0,70,1,0,1,0,0
201600015411,16,8,30,1930,1,2,1,1,4,55,4327732,538356,130,4,2,2,0,1,1,0,60,1,0,1,0,0
201600015412,16,8,30,2100,5,2,1,1,6,55,4329581,544663,130,4,2,2,2,1,1,0,60,1,0,4,99,0
201600015413,16,8,31,1,5,2,1,1,6,55,4337200,535602,130,4,1,1,0,1,1,0,40,1,0,1,99,0
201600015414,16,8,31,508,2,2,1,1,6,55,4329118,536913,130,4,1,1,0,1,1,0,30,1,0,0,0,0
201600015415,16,8,30,1850,1,2,3,1,3,55,4329035,535921,130,4,1,1,0,1,1,0,0,1,0,1,0,0
201600015416,16,8,30,1920,1,2,1,2,3,55,4327878,542829,130,4,2,2,0,2,2,0,40,2,0,1,99,0
201600015417,16,8,31,1700,1,2,1,1,5,55,4329849,541968,130,4,2,2,0,2,1,0,70,1,0,1,0,0
201600015418,16,8,30,1800,1,2,1,1,1,55,4336153,534241,130,4,0,1,0,4,0,0,60,1,0,1,0,0
201600015419,16,8,31,2020,2,2,1,1,3,55,4332942,537485,130,4,1,2,0,1,1,0,80,1,0,1,0,0
201600015420,16,8,31,2130,3,2,1,1,2,55,4336052,534265,130,4,1,1,0,0,0,0,0,0,0,1,0,0
201600015421,16,8,31,1800,1,2,1,1,6,55,4329794,537718,130,4,1,3,3,1,1,0,200,1,0,1,99,0
201600015422,16,8,31,1515,1,2,1,1,5,55,4328905,540867,130,4,2,1,0,3,1,0,25,1,0,1,0,0
201600015423,16,9,1,1000,1,2,1,1,3,2,4332400,547318,130,3,2,2,0,1,1,20,60,1,0,1,0,0
201600015424,16,9,1,1300,1,2,3,1,3,55,4328873,545833,130,3,2,2,0,1,1,0,60,1,0,1,0,0
201600015425,16,9,1,1340,1,2,1,1,6,55,4329640,537608,130,4,1,1,3,1,3,0,150,1,0,1,0,0
201600015426,16,9,1,1200,1,2,1,1,3,55,4337737,535652,130,4,2,2,0,1,1,0,60,1,0,0,0,0
201600015427,16,9,1,1600,1,2,1,1,3,55,4334249,542027,130,4,2,2,0,1,1,0,60,1,0,1,0,0
201600015428,16,9,1,2230,5,2,1,1,3,55,4332359,537402,130,4,2,2,0,1,2,0,60,1,0,1,99,0
201600015429,16,8,25,1530,1,2,1,1,3,55,4331593,540075,130,4,1,6,0,2,1,10,90,1,0,1,0,0
201600015430,16,9,2,1030,1,2,1,1,2,55,4328924,549921,130,4,2,2,0,3,1,0,60,1,0,1,0,0
201600015431,16,9,2,1530,1,2,1,1,3,55,4333171,539849,130,4,2,4,0,2,0,25,120,1,0,0,0,0
201600015432,16,9,2,1720,1,2,1,1,7,55,4329826,537664,130,4,1,0,0,1,1,0,35,1,0,1,99,0
201600015433,16,9,2,2330,5,2,9,1,1,55,4328869,545794,130,3,0,2,0,1,1,0,60,1,0,1,0,0
201600015434,16,9,2,2325,1,2,1,1,1,55,4330686,539270,130,4,0,2,0,0,0,0,50,0,0,0,0,0
201600015435,16,9,3,1105,1,2,1,1,3,55,4331611,540388,130,4,2,2,0,1,1,0,80,1,0,1,0,0
201600015436,16,8,31,1200,1,2,1,1,6,55,4335032,537459,130,4,2,4,0,1,1,0,160,1,0,1,99,0
201600015437,16,8,30,730,1,2,2,1,7,55,4329242,537494,130,4,1,1,0,1,1,0,0,1,0,1,0,0
201600015438,16,9,4,130,5,2,1,1,3,55,4327969,541039,130,4,0,2,0,1,1,0,60,1,0,1,3,0
201600015439,16,9,4,500,5,2,3,1,3,55,4327959,541061,130,4,2,3,0,1,1,0,75,1,0,1,3,0
201600015440,16,9,4,1130,1,2,1,1,6,55,4332881,536573,130,4,0,2,0,1,2,0,60,1,0,1,0,0
201600015441,16,9,4,1030,1,1,1,1,6,2,4337329,555186,130,4,0,1,0,0,0,0,0,0,0,0,0,0
201600015442,16,9,4,1700,1,2,1,1,3,55,4328156,539947,130,4,1,2,0,0,0,0,70,0,0,1,0,0
201600015443,16,9,4,1820,1,2,2,1,3,55,4328141,540507,130,4,2,2,0,1,1,30,30,1,0,1,99,0
201600015444,16,9,4,1610,1,2,1,1,1,55,4333040,537851,130,4,3,2,0,1,1,20,60,1,0,1,0,0
201600015445,16,8,31,932,1,2,2,1,3,55,4330294,540081,130,4,3,2,0,1,1,0,60,1,0,1,0,0
201600015446,16,9,5,655,5,2,3,1,1,55,4327386,538501,130,4,2,2,0,1,1,0,60,1,0,1,0,0
201600015447,16,9,5,815,1,2,1,1,4,55,4325381,538125,130,4,2,2,0,1,1,0,60,1,0,1,99,0
201600015448,16,9,5,1500,1,2,2,1,3,55,4331484,543793,130,4,1,1,0,1,1,0,35,1,0,1,0,0
201600015449,16,9,5,1430,1,2,2,1,1,55,4328565,538256,130,4,2,2,0,1,1,0,50,1,0,1,0,0
201600015450,16,9,5,1250,1,2,1,1,3,55,4328608,542570,130,4,0,2,0,1,1,0,150,1,3,1,99,0
201600015451,16,9,5,2130,5,2,5,1,3,55,4329904,538529,130,4,1,2,0,2,1,0,50,1,0,1,0,0
201600015452,16,9,3,1040,1,2,1,1,6,55,4330799,540088,130,4,1,2,0,1,1,0,0,1,0,1,0,0
201600015453,16,9,3,1900,1,2,3,1,6,55,4330346,539342,130,4,1,1,0,1,1,0,50,1,0,1,0,0
201600015454,16,8,30,1030,1,2,1,1,6,55,4331111,540183,130,4,2,2,0,1,1,0,0,1,0,1,99,0
201600015455,16,8,31,1740,1,2,1,1,6,55,4329166,540025,130,4,1,6,3,1,1,0,180,1,0,0,0,0
201600015456,16,9,1,1730,1,2,1,1,3,55,4334762,535903,130,4,0,2,0,2,1,0,0,1,0,1,99,0
201600015457,16,9,6,1600,1,2,1,1,1,55,4333776,543737,130,4,2,1,0,1,1,0,50,1,0,1,0,0
201600015458,16,9,6,1250,1,2,1,1,2,55,4327069,539232,130,3,2,6,0,1,1,0,60,1,0,1,0,0
201600015459,16,9,6,1915,1,2,1,1,6,55,4329099,538147,130,4,1,3,0,4,1,0,70,1,0,1,0,0
201600015460,16,9,7,1615,1,2,1,1,3,55,4334275,538608,130,3,2,4,0,1,2,0,120,1,0,1,0,0
201600015461,16,9,7,410,5,2,1,1,6,55,4334012,538749,130,3,2,4,0,2,2,20,160,1,0,1,0,0
201600015462,16,9,7,2115,5,2,2,1,3,55,4329988,539968,130,4,1,1,0,1,1,0,30,1,5,1,0,0
201600015463,16,9,7,2230,5,2,1,1,1,55,4324925,545102,130,3,2,2,0,1,1,0,60,1,0,1,0,0
201600015464,16,9,2,530,5,2,1,1,3,55,4328569,538368,130,4,2,3,0,1,2,0,90,1,0,1,0,0
201600015465,16,9,8,915,1,2,1,1,7,55,4332899,536569,130,4,2,2,0,1,1,0,60,1,5,1,0,0
201600015466,16,9,8,1000,1,2,6,1,5,55,4325074,540381,130,3,2,2,0,1,1,0,60,1,0,0,0,0
201600015467,16,9,8,1015,1,2,2,1,3,55,4327457,538684,130,4,1,1,0,0,0,0,0,0,0,1,0,0
201600015468,16,9,8,1230,1,2,1,1,6,55,4325718,539421,130,3,2,2,0,2,1,0,50,1,0,1,0,0
201600015469,16,9,8,1435,1,1,1,1,3,55,4326504,539113,130,4,2,2,0,1,1,0,60,1,5,1,99,0
201600015470,16,9,8,1820,1,2,1,1,6,2,4333842,547936,130,3,2,2,0,2,1,20,71,1,0,1,99,1
201600015471,16,9,8,2015,5,2,1,1,6,55,4324419,537956,130,4,3,1,1,1,1,0,60,1,0,1,99,0
201600015472,16,9,9,30,5,1,1,1,7,55,4335946,528618,130,3,2,2,0,1,2,0,60,1,0,3,0,0
201600015473,16,9,9,835,1,2,3,1,3,55,4332738,535526,130,3,2,5,0,1,1,0,150,1,0,1,0,0
201600015474,16,9,9,840,1,2,1,1,3,55,4332524,543368,130,4,2,2,0,1,1,10,60,1,0,1,0,0
201600015475,16,9,5,1200,1,2,1,1,6,55,4330558,538131,130,4,0,1,0,1,1,0,40,0,0,1,3,0
201600015476,16,9,9,1000,1,2,1,1,5,55,4336046,533830,130,3,3,4,0,1,1,20,70,1,0,1,99,0
201600015477,16,9,9,1330,1,2,1,1,6,55,4331809,537476,130,4,2,2,0,2,1,0,30,1,6,1,3,0
201600015478,16,9,6,1130,1,2,1,1,1,55,4329791,537282,130,4,0,2,0,0,0,0,60,0,0,1,0,0
201600015479,16,9,6,900,1,2,1,1,6,55,4328945,536404,130,4,0,2,0,0,0,60,0,0,0,1,0,0
201600015480,16,9,9,1635,1,2,2,1,3,55,4328589,538782,130,4,2,3,0,0,0,0,0,0,0,1,0,0
201600015481,16,9,9,2130,5,2,1,1,2,55,4327860,538618,130,4,1,1,0,2,1,0,50,1,0,1,0,0
201600015482,16,9,10,10,5,2,1,1,3,55,4327374,539325,130,3,2,2,0,1,1,0,63,1,0,1,99,0
201600015483,16,9,10,1045,1,2,1,1,2,55,4325320,537594,130,4,3,4,0,1,1,20,100,1,0,1,0,0
201600015484,16,9,6,840,1,2,1,1,3,55,4333040,535904,130,4,2,2,0,1,2,0,70,1,0,1,99,0
201600015485,16,9,10,1420,1,2,1,1,7,55,4330442,540897,130,4,2,2,0,3,3,0,60,1,0,1,0,0
201600015486,16,9,10,1430,1,2,1,1,1,55,4328512,537250,130,4,2,2,0,1,4,0,60,1,0,1,99,0
201600015487,16,9,10,1315,1,2,5,1,3,55,4328513,542592,130,4,2,3,0,1,1,30,30,1,5,1,99,0
201600015488,16,9,6,1215,1,1,1,1,3,55,4330522,541679,130,4,0,3,0,1,0,0,0,1,0,0,0,0
201600015489,16,9,6,645,2,2,1,1,6,55,4331143,540352,130,3,3,5,0,2,1,25,150,1,0,1,99,0
201600015490,16,9,11,1430,1,2,1,1,6,55,4332609,536119,130,4,2,2,0,1,1,0,70,1,0,1,99,0
201600015491,16,9,11,1420,1,2,1,1,2,55,4329947,540073,130,4,3,6,0,1,1,25,180,1,0,1,0,0
201600015492,16,8,9,1130,1,1,2,1,3,55,4331105,536954,130,4,1,1,0,1,1,10,50,1,0,1,3,0
201600015493,16,9,11,1625,1,2,1,1,3,55,4326617,540095,130,4,1,2,0,1,1,0,60,1,0,1,0,0
201600015494,16,9,11,2105,5,2,1,1,2,2,4333796,547114,130,3,2,2,0,2,1,18,60,1,0,3,0,0
201600015495,16,9,11,2150,5,2,1,1,6,55,4329455,537449,130,4,0,0,0,0,0,0,0,1,6,4,0,0
201600015496,16,7,17,2330,5,2,1,1,6,55,4329399,537387,130,4,0,0,0,1,1,0,100,1,6,0,0,0
201600015497,16,9,12,36,5,1,1,1,6,55,4332725,535677,130,4,3,4,0,2,2,15,120,1,3,3,0,0
201600015498,16,9,11,1030,1,2,1,1,3,55,4324692,539611,130,4,2,2,0,1,0,0,60,1,5,1,3,0
201600015499,16,9,12,830,1,2,1,1,6,55,4330644,542062,130,4,2,2,0,1,0,0,38,1,0,1,0,0
201600015500,16,9,5,1700,1,2,3,1,6,55,4328207,538625,130,4,1,1,0,1,0,0,25,1,0,0,0,0
201600015501,16,9,12,1500,1,2,1,1,6,55,4325463,542046,130,6,0,2,0,1,1,0,60,1,0,0,0,0
201600015502,16,9,6,1838,1,2,1,1,2,55,4331278,540465,130,4,3,6,0,1,1,25,360,1,0,1,0,0
201600015503,16,9,12,2345,5,2,1,1,2,55,4327923,541425,130,4,2,2,0,1,1,0,60,1,0,1,0,0
201600015504,16,9,11,1820,1,2,2,1,3,55,4336165,530643,130,4,2,2,1,1,1,0,60,1,0,1,0,0
201600015505,16,9,12,1730,1,2,1,1,5,55,4328817,550329,130,4,0,2,0,2,2,0,60,1,0,0,0,0
201600015506,16,9,13,930,1,2,3,1,3,75,4333765,545280,130,4,0,1,0,1,1,0,35,1,0,1,0,0
201600015507,16,9,12,2018,2,2,1,1,3,215,4332943,536431,130,4,1,1,0,2,1,0,0,1,0,1,99,0
201600015508,16,9,13,1150,1,2,3,1,3,55,4333904,539241,130,4,2,4,0,1,1,0,120,1,0,1,0,0
201600015509,16,9,9,1000,1,2,3,1,3,55,4330791,537959,130,4,1,1,0,0,0,0,30,0,0,1,0,0
201600015510,16,9,14,215,5,2,1,1,7,55,4325440,537639,130,4,1,2,0,1,2,0,50,8,5,1,99,0
201600015511,16,9,14,110,5,1,1,1,7,55,4332226,539225,130,2,2,2,0,2,2,0,90,1,0,0,0,0
201600015512,16,9,7,840,1,2,2,1,6,55,4329036,537082,130,4,1,1,0,2,4,0,25,1,0,1,0,0
201600015513,16,8,31,1630,1,2,1,1,4,55,4330463,547177,130,4,2,4,0,1,1,15,120,1,0,1,0,0
201600015514,16,9,8,645,1,2,1,1,6,55,4328802,538842,130,4,2,2,0,1,1,0,50,1,0,4,0,0
201600015515,16,9,14,520,5,2,1,1,2,55,4330436,541408,130,4,2,2,0,2,1,0,120,1,0,1,0,0
201600015516,16,9,14,805,1,2,1,1,6,55,4335251,535776,130,4,2,3,3,2,1,0,90,1,0,1,3,0
201600015517,16,9,14,1310,1,2,1,2,1,55,4337840,535814,130,4,2,2,0,3,1,0,70,2,0,1,99,0
201600015518,16,9,14,1245,1,2,1,2,2,55,4331802,540609,130,4,1,2,0,1,1,0,60,2,0,1,0,0
201600015519,16,9,13,1330,1,2,1,1,7,55,4329515,538881,130,4,3,2,0,1,1,15,35,1,0,1,0,0
201600015520,16,9,14,1510,1,2,1,2,3,55,4332789,541877,130,4,1,1,0,1,2,0,50,2,5,1,0,0
201600015521,16,9,14,1615,1,2,1,1,3,55,4330491,540009,130,4,0,1,0,1,1,0,0,1,0,1,0,0
201600015522,16,9,14,1820,1,2,6,1,7,55,4331620,540772,130,4,0,0,0,0,0,0,0,0,0,0,0,0
201600015523,16,9,15,700,1,2,1,8,7,55,4327964,535365,130,4,3,4,0,1,4,10,120,2,0,1,99,0
201600015524,16,9,15,745,1,2,1,1,6,55,4324752,540679,130,3,2,2,0,1,1,0,60,1,0,3,3,0
201600015525,16,8,25,1030,1,2,1,1,6,55,4329600,536519,130,4,2,2,0,3,3,0,60,0,0,1,0,0
201600015526,16,9,15,1640,1,2,3,1,3,55,4325010,539594,130,4,2,3,0,1,1,20,30,1,0,1,0,0
201600015527,16,9,15,1700,1,2,1,1,3,55,4328849,542915,130,4,2,2,0,2,1,0,60,1,0,1,99,0
201600015528,16,9,15,145,5,2,9,1,6,55,4328235,539945,130,2,1,2,0,1,1,0,90,1,0,0,0,0
201600015529,16,9,16,445,5,2,1,3,6,55,4332650,539462,130,4,2,2,0,2,2,0,60,2,0,1,0,0
201600015530,16,9,16,840,1,1,1,1,6,55,4325412,542100,130,4,2,3,0,2,1,0,75,1,0,1,99,0
201600015531,16,9,16,750,1,1,3,2,3,106,4340917,536796,130,3,2,2,0,1,3,0,70,1,0,1,99,0
201600015532,16,9,16,1020,1,2,1,1,1,55,4334243,536544,130,4,2,2,0,1,1,0,80,1,0,1,99,0
201600015533,16,9,9,1640,1,2,1,1,3,55,4328328,540131,130,4,2,2,0,1,1,0,40,1,0,1,99,0
201600015534,16,9,15,1945,5,2,1,1,2,55,4333233,541972,130,4,2,2,0,1,1,0,80,1,0,1,0,0
201600015535,16,9,16,2020,5,2,1,1,6,2,4333962,548183,130,4,2,3,0,2,1,0,30,1,0,1,0,0
201600015536,16,9,17,30,5,2,1,1,6,55,4328924,546638,130,4,2,2,0,1,1,0,60,1,0,1,99,0
201600015537,16,9,16,1615,1,2,1,1,3,55,4326934,538647,130,4,2,4,0,1,1,0,0,1,0,1,99,0
201600015538,16,9,15,1520,1,2,1,1,3,55,4328966,539768,130,4,2,4,0,1,1,0,120,1,0,1,0,0
201600015539,16,9,17,725,2,2,2,1,3,55,4329762,538103,130,4,2,4,0,2,1,0,120,1,0,1,0,1
201600015540,16,9,17,830,1,2,1,1,4,55,4330390,542868,130,4,3,2,0,1,1,0,35,1,0,1,99,0
201600015541,16,9,17,1200,1,2,1,1,7,55,4328310,542714,130,4,1,2,0,1,2,20,60,1,0,1,99,0
201600015542,16,9,17,1715,1,2,1,1,6,55,4336667,536833,130,4,2,2,0,3,3,0,60,1,0,1,0,0
201600015543,16,9,5,1815,1,2,7,1,6,55,4328590,538345,130,4,2,1,0,1,1,0,40,1,0,1,99,0