Num_Acc,an,mois,jour,hrmn,lum,agg,int,atm,col,com,lat,long,dep,catr,circ,nbv,vosp,prof,plan,lartpc,larrout,surf,infra,situ,env1,killed
201600015544,16,9,12,1615,1,2,1,1,6,55,4330240,540074,130,4,1,5,0,1,1,0,125,1,0,1,0,0
201600015545,16,9,8,1100,1,2,1,1,6,55,4329415,537423,130,4,2,2,3,1,1,0,60,1,0,1,0,0
201600015546,16,9,19,815,1,2,1,1,6,55,4331605,540396,130,4,2,3,0,1,1,0,90,1,0,1,0,0
201600015547,16,9,19,805,1,2,1,1,3,55,4328661,540991,130,4,0,0,0,1,1,0,60,1,0,0,0,0
201600015548,16,9,19,840,1,2,3,1,3,55,4324598,541961,130,4,3,0,0,3,1,0,25,1,0,1,0,0
201600015549,16,9,19,1315,1,2,2,1,3,55,4330060,538837,130,4,1,1,0,4,1,0,60,1,0,1,99,0
201600015550,16,8,20,1430,1,2,3,1,3,55,4331494,538766,130,4,2,0,0,1,0,0,0,0,0,1,0,0
201600015551,16,9,19,1800,1,2,1,1,6,55,4336990,535630,130,4,2,2,0,1,1,0,70,0,0,1,99,0
201600015552,16,9,19,1945,2,2,2,1,2,55,4328986,536630,130,4,2,2,3,1,1,0,0,1,0,1,0,0
201600015553,16,8,24,1430,1,2,1,1,3,55,4329878,537409,130,4,2,2,0,1,1,0,60,1,0,1,0,0
201600015554,16,9,20,530,5,2,1,1,6,55,4330761,540181,130,4,1,3,0,1,1,25,75,1,0,1,0,0
201600015555,16,9,18,1730,1,2,1,1,2,55,4327971,538606,130,4,2,3,3,2,1,0,30,1,0,1,0,0
201600015556,16,9,1,1130,1,2,1,1,7,55,4328978,538376,130,4,2,4,0,1,1,0,120,1,0,1,0,0
201600015557,16,9,20,730,1,2,1,1,5,55,4330227,540076,130,4,3,6,0,1,1,0,90,1,0,1,0,0
201600015558,16,9,20,1525,1,2,1,1,2,55,4325346,540500,130,4,1,1,0,1,1,0,50,1,0,4,3,0
201600015559,16,9,17,305,5,2,2,1,3,55,4329873,539958,130,4,0,1,0,1,1,0,0,1,0,0,0,0
201600015560,16,9,20,1850,1,2,1,1,3,55,4326989,539256,130,3,1,2,0,1,1,0,0,1,0,1,0,0
201600015561,16,9,20,1825,1,2,1,1,1,55,4324926,545103,130,3,2,2,0,0,0,0,0,0,0,1,0,0
201600015562,16,9,21,745,1,2,1,1,1,55,4337065,535994,130,4,3,2,0,1,1,15,60,1,0,1,99,0
201600015563,16,9,16,1640,1,2,1,1,6,55,4335222,536548,130,4,2,2,0,1,1,0,60,1,0,0,0,0
201600015564,16,9,21,1500,1,2,5,1,3,55,4328483,542409,130,4,4,3,0,1,1,0,80,1,5,1,99,0
201600015565,16,9,21,1340,1,2,1,1,6,55,4326932,538635,130,4,2,6,0,1,1,0,180,1,0,1,0,0
201600015566,16,9,21,1550,1,2,6,1,2,55,4327350,543283,130,4,2,2,0,2,1,0,30,1,0,0,0,0
201600015567,16,9,21,1900,1,2,1,1,2,55,4337230,534908,130,4,2,4,0,2,2,0,34,1,0,1,0,0
201600015568,16,9,22,10,1,1,1,1,1,106,4340008,536554,130,3,2,2,0,1,3,0,50,1,0,1,0,0
201600015569,16,9,21,1200,1,2,1,1,3,55,4327974,539507,130,4,2,2,0,1,1,0,60,1,0,1,0,0
201600015570,16,9,21,1045,1,2,1,7,3,55,4328431,538467,130,4,3,6,0,1,1,0,210,1,0,1,0,0
201600015571,16,9,15,1950,1,2,2,1,3,55,4329686,537372,130,4,2,2,0,1,1,0,60,1,0,1,0,0
201600015572,16,9,22,1830,1,2,1,1,3,2,4332844,548343,130,4,3,2,0,1,0,20,50,1,0,0,0,0
201600015573,16,9,22,2345,3,2,1,1,6,55,4333052,536659,130,4,2,2,0,1,1,0,70,1,0,4,99,0
201600015574,16,9,23,820,1,2,3,7,3,75,4334307,546848,130,4,2,2,0,1,0,15,50,1,0,1,0,0
201600015575,16,9,20,1215,1,2,1,1,2,55,4327986,538715,130,4,2,4,0,1,1,0,60,1,0,1,0,0
201600015576,16,9,23,1745,1,2,3,1,5,55,4333333,539886,130,4,2,4,0,1,1,0,0,1,0,1,3,0
201600015577,16,9,23,2030,5,2,4,1,3,55,4328391,535731,130,4,2,2,0,2,2,0,60,1,0,1,0,0
201600015578,16,9,23,2315,3,2,2,1,4,55,4331387,540563,130,4,0,4,0,1,1,0,0,1,0,1,0,0
201600015579,16,9,21,1819,1,2,2,1,3,55,4330161,538167,130,4,1,2,0,2,1,0,0,1,0,1,99,0
201600015580,16,9,22,1345,1,1,1,1,2,55,4330779,540197,130,4,3,6,0,1,1,30,150,1,0,1,99,0
201600015581,16,9,24,1300,1,2,3,1,1,55,4329359,547396,130,4,1,1,0,2,1,0,40,1,0,1,0,0
201600015582,16,9,24,1700,1,2,1,1,3,55,4333413,540188,130,4,0,2,0,0,0,0,60,0,0,0,0,0
201600015583,16,9,24,2130,5,2,3,1,3,55,4331324,536629,130,4,1,2,0,0,0,0,60,0,0,1,0,0
201600015584,16,9,25,210,5,2,1,1,3,55,4336896,535644,130,4,2,2,0,1,1,0,60,1,0,1,0,0
201600015585,16,9,23,1725,1,2,1,1,1,55,4327991,537500,130,4,0,2,0,1,1,0,60,1,0,1,0,0
201600015586,16,9,25,430,5,2,1,1,3,55,4328866,546202,130,3,2,2,0,1,1,0,60,1,0,0,0,0
201600015587,16,9,25,450,5,2,3,1,3,55,4326408,537818,130,4,2,6,3,1,1,0,180,1,0,1,0,0
201600015588,16,9,22,1100,1,2,1,1,2,55,4325928,540053,130,4,2,4,0,1,3,0,120,1,0,1,0,0
201600015589,16,9,25,1345,1,2,3,1,3,55,4325012,539594,130,4,2,3,0,0,0,0,0,0,0,1,0,0
201600015590,16,9,25,1820,1,2,1,1,6,55,4328826,545590,130,4,2,2,0,1,2,0,60,1,0,1,0,0
201600015591,16,9,25,130,5,2,1,1,3,55,4329352,538187,130,4,1,1,0,2,1,0,25,1,0,1,0,0
201600015592,16,9,25,2330,5,2,1,1,1,55,4327294,536294,130,4,3,4,0,1,3,20,120,1,0,1,0,0
201600015593,16,9,23,1920,2,2,2,1,3,55,4327935,540776,130,2,2,2,0,1,1,0,25,1,0,1,99,0
201600015594,16,9,26,700,1,2,1,1,5,55,4329116,539996,130,4,3,6,0,1,1,30,180,1,0,1,0,0
201600015595,16,9,26,1400,1,2,6,1,6,55,4329107,547296,130,4,1,2,0,1,1,0,60,1,0,1,0,0
201600015596,16,9,26,1420,1,2,3,1,1,75,4333766,545280,130,3,2,2,0,1,1,0,40,1,0,1,99,0
201600015597,16,9,26,2120,5,2,1,1,6,55,4326699,540805,130,4,2,2,0,1,1,0,60,1,0,1,3,0
201600015598,16,9,27,950,1,2,6,1,2,55,4342472,527870,130,4,3,0,0,2,1,60,60,1,0,0,0,0
201600015599,16,9,27,910,1,2,1,1,3,55,4333123,536485,130,4,2,2,0,1,1,0,64,1,0,1,0,0
201600015600,16,9,27,1400,1,2,4,1,3,55,4330437,541420,130,4,1,1,0,2,1,0,40,1,0,1,0,0
201600015601,16,9,3,1650,1,2,2,1,3,55,4329937,539966,130,4,1,1,0,0,0,0,0,0,0,1,0,0
201600015602,16,9,27,1508,1,2,6,1,3,55,4328518,542592,130,4,2,3,0,0,0,0,90,0,0,1,0,0
201600015603,16,9,27,1705,1,2,1,1,2,55,4330354,539771,130,4,1,1,0,1,1,0,0,1,0,1,0,0
201600015604,16,9,27,1645,1,2,1,1,6,55,4335214,535385,130,3,2,2,0,1,1,0,80,1,6,1,3,0
201600015605,16,9,28,615,5,2,1,1,7,55,4330940,538637,130,4,2,2,0,1,1,0,70,1,0,1,0,0
201600015606,16,9,28,530,5,1,1,1,1,55,4333056,537120,130,4,2,4,0,1,1,0,150,1,0,1,99,0
201600015607,16,9,28,930,1,2,4,1,4,55,4325878,539906,130,3,2,6,0,1,1,0,180,1,0,0,99,0
201600015608,16,9,28,1120,1,2,1,1,2,55,4334379,537815,130,4,3,2,0,1,1,30,70,1,0,1,0,0
201600015609,16,9,28,930,1,2,2,1,3,55,4330290,540042,130,4,2,2,0,1,0,0,60,1,0,1,0,0
201600015610,16,9,27,2000,5,2,1,2,1,55,4325253,542108,130,4,2,2,0,1,1,0,60,2,0,1,0,0
201600015611,16,9,22,1440,1,2,1,1,6,55,4328974,538373,130,4,2,4,0,2,0,0,120,1,0,1,0,0
201600015612,16,9,28,1415,1,2,1,1,2,55,4327844,539927,130,3,1,2,0,1,1,0,60,1,2,1,0,0
201600015613,16,9,28,1400,1,2,1,1,2,55,4324677,538440,130,4,2,3,0,1,3,0,90,1,0,1,99,0
201600015614,16,9,28,1330,1,2,1,1,1,2,4335668,548762,130,3,2,2,0,1,1,0,60,1,0,1,0,0
201600015615,16,9,28,2130,5,2,2,1,3,55,4328521,539087,130,4,0,0,0,1,1,0,0,1,0,1,0,0
201600015616,16,9,27,1840,2,2,4,3,3,55,4327390,538504,130,4,0,2,0,1,1,0,60,2,0,0,0,0
201600015617,16,9,21,1925,1,2,1,1,6,55,4326850,540672,130,4,1,1,0,1,1,0,30,1,0,1,0,0
201600015618,16,9,29,1645,1,1,1,1,7,55,4337535,534748,130,3,2,2,0,2,1,0,60,1,0,1,0,0
201600015619,16,9,29,1945,5,2,2,1,3,55,4328645,538548,130,4,2,5,0,2,1,0,120,1,0,1,99,0
201600015620,16,9,29,2030,5,2,1,1,3,55,4329902,541323,130,4,2,2,0,2,1,0,66,1,0,1,3,0
201600015621,16,9,29,2150,5,2,1,1,3,55,4334928,535885,130,4,2,2,0,2,1,0,60,1,2,1,99,0
201600015622,16,9,29,2150,5,2,1,1,7,55,4325952,538645,130,4,2,2,0,1,2,0,50,1,0,1,99,0
201600015623,16,9,29,1220,1,2,1,1,6,55,4332368,538473,130,3,2,2,0,1,1,0,160,1,0,0,0,0
201600015624,16,9,30,830,1,2,1,1,7,106,4339914,536788,130,3,2,2,0,2,2,0,100,1,0,1,0,0
201600015625,16,9,29,1830,1,2,1,1,1,2,4335181,547754,130,3,4,2,0,1,1,0,80,1,0,1,99,0
201600015626,16,9,30,1330,1,2,1,2,2,55,4331490,546207,130,3,2,2,0,1,1,0,70,2,0,1,0,0
201600015627,16,9,29,1650,1,2,1,1,6,55,4331051,546561,130,4,2,2,0,1,1,0,70,1,2,1,99,0
201600015628,16,9,29,1930,2,2,1,1,6,55,4331709,543773,130,4,4,0,0,2,2,0,120,1,0,4,3,0
201600015629,16,9,30,1330,1,2,1,3,4,55,4328552,544163,130,4,2,3,0,1,1,0,100,2,0,1,0,0
201600015630,16,9,29,1645,1,2,1,1,3,55,4331700,539863,130,4,3,3,0,1,1,0,90,1,0,1,0,0
201600015631,16,9,30,2040,5,2,1,1,6,55,4330133,539208,130,4,1,2,0,1,1,0,25,1,0,1,0,0
201600015632,16,9,30,1900,5,2,3,1,3,55,4331561,540376,130,2,0,0,0,4,1,50,50,1,0,0,99,0
201600015633,16,9,30,2145,5,2,1,1,3,55,4327091,542491,130,4,1,4,0,1,1,15,120,1,0,1,0,0
201600015634,16,9,30,2315,5,2,1,1,7,55,4328797,545850,130,4,0,2,0,1,2,0,30,9,0,1,0,0
201600015635,16,9,30,1900,2,2,1,1,2,55,4329197,540270,130,3,2,5,0,2,1,0,100,1,0,1,0,0
201600015636,16,10,1,530,5,2,1,2,7,55,4331114,540343,130,4,3,6,0,0,0,25,180,0,0,1,0,0
201600015637,16,9,17,1540,1,2,2,1,3,55,4331426,536972,130,4,2,4,0,2,1,0,120,1,0,0,0,0
201600015638,16,10,1,1155,1,2,1,2,6,106,4340280,535724,130,3,2,2,0,1,1,20,110,2,0,3,99,0
201600015639,16,10,1,1715,1,2,2,1,3,55,4328043,538716,130,4,2,5,0,0,0,150,150,0,0,0,0,0
201600015640,16,9,20,715,1,2,1,1,1,55,4328941,536397,130,4,2,4,0,1,1,0,100,1,0,1,0,0
201600015641,16,10,1,1200,1,2,1,2,2,55,4337447,535570,130,4,2,3,3,1,1,0,90,2,0,1,0,0
201600015642,16,10,2,1010,1,2,1,1,6,55,4323210,535573,130,4,2,2,0,1,1,0,60,1,0,1,99,0
201600015643,16,10,2,1310,1,2,6,1,3,55,4326286,540453,130,4,2,6,0,1,1,0,180,1,0,1,3,0
201600015644,16,10,3,1825,1,2,1,1,2,55,4328623,538116,130,4,1,1,0,1,1,0,30,1,0,1,0,0
201600015645,16,10,3,800,1,2,1,1,2,55,4326637,538179,130,4,1,6,0,1,1,0,150,1,0,1,0,0
201600015646,16,10,3,830,1,2,3,1,5,55,4329598,536625,130,4,2,2,0,1,1,0,100,1,0,1,0,0
201600015647,16,10,3,840,2,2,1,1,6,55,4331567,542655,130,4,2,1,0,1,1,0,80,1,0,1,0,0
201600015648,16,10,3,1030,1,1,1,1,1,55,4329997,540490,130,4,2,1,0,1,1,0,40,1,0,1,3,0
201600015649,16,9,12,1220,1,2,3,1,3,55,4330320,537393,130,4,2,2,0,1,1,0,60,1,0,0,99,0
201600015650,16,9,22,1500,1,2,1,1,3,55,4329771,537208,130,4,1,1,0,1,1,0,0,1,0,1,0,0
201600015651,16,10,3,1430,1,2,1,1,1,55,4328500,541283,130,4,3,5,0,2,1,25,75,1,0,1,0,0
201600015652,16,10,3,1550,1,2,6,1,3,55,4329089,542650,130,4,2,2,0,1,1,0,50,1,0,0,0,0
201600015653,16,10,3,1835,2,2,2,1,5,55,4329761,538102,130,4,2,2,0,1,1,0,60,1,0,1,0,0
201600015654,16,10,3,2150,5,2,1,1,3,55,4329310,537009,130,4,2,2,0,2,1,0,60,1,0,1,0,0
201600015655,16,10,3,2100,5,2,1,1,6,55,4328542,538368,130,5,2,1,0,2,1,0,45,1,0,1,0,0
201600015656,16,10,3,2120,5,2,2,1,3,55,4331551,536497,130,4,0,0,0,0,0,0,0,0,0,0,0,0
201600015657,16,10,4,20,5,2,1,1,6,55,4323944,540776,130,4,2,2,0,2,2,0,60,1,0,1,99,0
201600015658,16,9,20,1835,1,2,1,1,2,55,4330469,541557,130,4,2,1,0,1,1,0,0,1,0,1,99,0
201600015659,16,10,3,1205,1,2,3,1,3,55,4328993,538757,130,4,0,0,0,0,0,0,0,0,0,1,0,0
201600015660,16,10,3,1815,1,2,1,1,3,55,4327271,540091,130,4,2,5,0,1,1,0,150,1,0,1,99,0
201600015661,16,10,3,1515,1,2,1,1,6,55,4329202,538277,130,4,0,4,0,1,1,0,100,1,0,1,0,0
201600015662,16,10,4,1500,1,2,1,1,3,55,4332548,544152,130,4,3,1,0,1,1,20,80,1,0,1,3,0
201600015663,16,10,4,1400,1,2,1,1,3,55,4334806,536240,130,4,2,4,0,1,1,0,0,1,0,1,99,0
201600015664,16,10,4,1710,1,2,1,1,5,55,4332458,542116,130,4,2,6,0,1,1,80,150,1,0,1,0,0
201600015665,16,10,4,1730,1,2,1,1,3,55,4329438,549149,130,3,2,2,0,2,1,0,60,1,0,1,3,0
201600015666,16,10,4,2150,5,2,7,1,5,55,4329522,538724,130,4,1,2,0,1,1,0,40,1,0,1,99,0
201600015667,16,10,4,1900,1,2,1,1,2,55,4328385,544279,130,4,2,2,0,2,1,25,50,1,0,1,0,0
201600015668,16,10,4,1320,1,2,1,1,6,55,4332099,538042,130,4,2,2,0,2,1,0,0,1,0,1,0,0
201600015669,16,9,22,1500,1,2,1,1,6,55,4332789,539705,130,4,2,2,0,2,2,0,90,1,0,1,0,0
201600015670,16,10,4,1800,1,2,1,1,3,55,4337063,534699,130,3,3,4,0,1,1,0,120,1,0,1,0,0
201600015671,16,10,4,1830,1,2,1,1,6,55,4331285,543090,130,4,2,2,2,1,1,0,80,1,0,1,99,0
201600015672,16,10,3,1640,1,2,3,1,6,55,4328677,538681,130,4,2,5,0,1,1,0,150,1,0,1,0,0
201600015673,16,10,5,850,1,2,1,1,6,55,4330915,538026,130,4,3,2,3,2,1,0,0,1,0,1,0,0
201600015674,16,10,5,1500,1,2,1,1,1,55,4330367,547458,130,4,2,2,0,2,1,0,56,1,0,1,0,0
201600015675,16,10,5,1525,1,2,1,1,1,55,4327852,539250,130,4,1,0,0,1,1,0,30,1,0,1,0,0
201600015676,16,10,5,1645,1,2,1,1,2,55,4336507,534687,130,4,2,2,0,2,3,0,60,1,0,0,0,0
201600015678,16,10,5,2115,4,2,6,1,3,55,4328597,538400,130,4,1,2,0,1,3,0,80,1,0,1,0,0
201600015679,16,10,6,630,5,2,1,1,3,55,4334764,535906,130,4,2,2,0,1,1,0,60,1,0,1,0,0
201600015680,16,10,6,1315,1,2,1,1,3,55,4328942,539676,130,4,2,0,0,1,1,0,180,1,0,1,0,0
201600015681,16,10,6,1230,1,2,1,2,1,55,4330061,545004,130,4,0,2,1,1,3,20,70,2,0,1,0,0
201600015682,16,10,6,1400,1,2,3,3,7,55,4328840,545171,130,3,2,2,0,1,1,0,70,2,0,1,0,0
201600015683,16,10,6,1630,1,2,1,2,3,55,4336797,536307,130,4,2,2,0,1,2,0,60,2,0,1,0,0
201600015684,16,10,6,1900,5,2,1,2,3,55,4336668,535675,130,6,0,2,0,1,1,0,40,2,0,1,99,0
201600015685,16,10,5,1615,1,2,1,1,6,55,4328575,538320,130,4,2,2,0,1,1,0,40,1,0,1,0,0
201600015686,16,10,7,845,1,2,1,1,2,55,4323549,539897,130,4,1,1,0,1,1,0,40,1,0,1,0,0
201600015687,16,10,7,830,1,2,1,1,1,55,4328552,544161,130,3,2,2,0,1,1,0,60,2,0,1,0,0
201600015688,16,10,7,1315,1,2,1,1,3,75,4334261,546979,130,3,2,2,0,2,1,0,60,1,0,1,0,0
201600015689,16,10,7,1315,1,2,1,1,6,55,4333175,543386,130,3,2,2,0,0,0,0,60,0,0,1,0,0
201600015690,16,9,28,1055,1,2,1,1,3,55,4329852,538092,130,4,2,4,0,1,1,0,120,1,0,1,99,0
201600015691,16,10,7,2320,5,2,1,1,3,55,4333156,535493,130,3,3,2,0,0,0,0,60,0,0,1,0,0
201600015692,16,10,7,1230,1,2,1,1,3,55,4333570,539929,130,3,2,2,0,0,0,0,60,0,0,1,0,0
201600015693,16,10,8,725,2,2,2,1,6,55,4329640,537764,130,4,2,2,0,2,1,0,100,1,0,1,0,0
201600015694,16,10,8,1345,1,1,1,1,7,2,4336178,549387,130,3,2,2,0,2,2,0,80,1,0,1,99,0
201600015695,16,10,3,1155,1,2,1,1,6,55,4329015,537325,130,4,3,4,0,1,1,150,100,1,0,1,0,0
201600015696,16,10,8,1355,1,2,1,1,4,55,4332652,543831,130,3,2,1,0,1,1,0,0,2,0,1,0,0
201600015697,16,10,8,1620,1,2,6,1,3,55,4328521,542608,130,4,1,0,0,1,1,150,60,1,5,1,99,0
201600015698,16,10,9,500,5,2,2,1,3,55,4327934,539930,130,3,2,4,0,1,1,0,0,1,0,1,99,0
201600015699,16,10,8,1930,2,2,2,1,7,55,4326868,540390,130,4,2,2,0,1,1,0,0,1,5,2,99,0
201600015700,16,9,30,905,1,2,1,1,6,55,4329117,537451,130,4,1,1,0,2,1,0,35,1,0,1,99,0
201600015701,16,10,9,1200,1,2,1,1,2,55,4328503,537465,130,4,1,2,0,0,0,0,60,0,0,1,0,0
201600015702,16,9,30,1100,1,2,1,1,2,55,4329206,535950,130,4,2,4,0,1,1,0,100,1,0,1,0,0
201600015703,16,10,3,1845,1,2,2,1,6,55,4328804,536098,130,4,1,1,0,2,1,0,0,1,0,1,99,0
201600015704,16,10,5,740,1,2,3,1,3,55,4329662,538129,130,4,2,0,0,1,1,0,0,1,0,1,99,0
201600015705,16,10,9,1420,1,2,1,1,3,55,4332881,538781,130,4,2,2,0,2,2,0,90,1,0,1,3,0
201600015706,16,10,4,1720,1,2,1,1,3,55,4328967,535679,130,4,2,2,0,1,1,0,60,1,0,1,99,0
201600015707,16,10,9,1910,5,2,1,1,1,55,4333717,535765,130,4,2,2,0,2,1,0,70,1,0,1,0,0
201600015708,16,10,9,2145,5,2,1,1,3,55,4329261,539889,130,4,1,2,0,1,1,0,40,1,0,1,0,0
201600015709,16,10,10,55,5,2,2,1,3,55,4330172,538250,130,4,1,1,0,2,1,0,50,1,0,1,0,0
201600015710,16,10,10,150,5,1,1,1,7,55,4332886,543143,130,3,3,2,0,1,1,30,60,1,0,4,99,0
201600015711,16,10,10,830,1,2,1,1,3,55,4330024,538162,130,4,2,1,0,1,0,0,40,1,0,0,0,0
201600015712,16,10,10,915,1,2,6,1,2,55,4334775,534412,130,3,3,2,0,1,3,0,60,1,0,1,0,0
201600015713,16,10,9,2000,5,2,6,1,3,55,4329500,548156,130,3,1,2,0,1,1,0,60,1,0,0,99,0
201600015714,16,9,28,1430,1,2,1,1,3,55,4329198,540206,130,4,2,1,0,1,1,0,0,1,0,1,99,0
201600015715,16,10,4,1620,1,2,1,1,6,55,4329857,538379,130,4,1,1,3,1,1,0,0,1,0,1,99,0
201600015716,16,10,10,2340,5,2,1,1,3,55,4336050,533425,130,4,2,2,0,2,1,0,60,1,0,1,99,0
201600015717,16,10,11,620,2,2,1,1,3,55,4329048,542109,130,5,2,1,0,1,1,0,60,1,0,1,0,0
201600015718,16,10,10,2000,5,2,1,1,6,55,4328845,538441,130,4,2,4,0,1,1,0,150,1,0,1,99,0
201600015719,16,10,11,1145,1,2,1,1,3,55,4324912,540200,130,4,2,2,0,1,1,0,60,1,0,1,0,0
201600015720,16,10,11,1550,1,2,6,1,3,55,4328521,542607,130,4,0,4,0,1,1,0,120,1,3,0,0,0
201600015721,16,9,2,2200,5,2,1,1,6,55,4332768,536000,130,4,2,1,0,1,1,100,80,1,0,1,0,0
201600015722,16,10,12,5,3,1,1,1,7,55,4327940,538443,130,4,2,2,0,2,1,0,25,1,0,1,0,0
201600015723,16,10,11,2320,5,2,1,1,6,55,4331268,536778,130,4,1,2,0,1,2,0,90,1,0,1,0,0
201600015724,16,10,11,1150,1,2,1,1,6,55,4333355,538544,130,4,0,2,0,1,1,0,60,1,0,1,0,0
201600015725,16,10,6,935,1,2,3,1,3,55,4328932,536317,130,4,1,1,0,2,1,0,35,1,5,0,99,0
201600015726,16,10,11,1200,1,2,9,1,3,55,4329009,538359,130,4,2,4,0,1,0,0,120,1,0,1,99,0
201600015727,16,10,12,715,5,2,9,1,6,55,4330398,537014,130,4,1,1,3,1,1,0,20,1,0,1,99,0
201600015728,16,9,28,1845,2,2,1,1,6,55,4331050,537147,130,4,1,2,0,1,1,0,60,1,0,1,0,0
201600015729,16,10,12,840,1,2,6,1,3,55,4328512,542560,130,4,3,3,0,1,1,0,90,1,5,1,99,0
201600015730,16,10,11,1100,1,2,1,1,2,55,4327171,542725,130,4,3,2,0,1,1,20,60,1,0,1,3,0
201600015731,16,9,29,1315,1,2,1,1,6,55,4328732,538094,130,4,1,1,0,1,1,40,40,1,0,1,3,0
201600015732,16,10,12,950,1,2,1,1,6,55,4332989,539446,130,2,2,5,0,2,4,0,0,0,1,1,0,1
201600015733,16,10,12,1545,1,2,1,1,3,55,4331811,539027,130,4,2,2,0,2,3,0,60,1,0,1,0,0
201600015734,16,10,13,912,1,2,1,1,3,55,4328824,541036,130,3,2,2,0,1,1,0,60,1,0,1,0,0
201600015735,16,10,13,718,2,2,1,2,2,55,4330702,541324,130,4,2,2,0,1,1,0,60,2,0,1,0,0
201600015736,16,10,13,1230,1,2,1,1,3,55,4333151,542841,130,2,0,2,0,0,0,0,0,0,0,1,0,0
201600015737,16,10,13,1820,2,2,1,1,3,55,4333322,539047,130,4,2,2,0,1,1,0,0,1,0,1,0,0
201600015738,16,10,13,2015,5,2,1,8,6,55,4327876,542219,130,4,3,2,0,1,1,20,30,1,0,1,99,0
201600015739,16,10,1,800,1,2,1,2,2,55,4330628,540094,130,4,3,6,0,1,1,25,180,1,0,1,0,0
201600015740,16,10,14,1610,1,2,1,8,2,55,4328916,542764,130,4,2,2,0,1,1,0,60,1,0,1,0,0
201600015741,16,10,14,1430,1,2,1,2,1,55,4329446,544266,130,4,2,2,0,0,0,0,60,2,0,1,99,0
201600015742,16,10,14,1930,5,2,1,1,4,55,4329276,538253,130,4,2,4,0,0,0,0,120,0,0,1,0,0
201600015743,16,10,16,100,5,2,2,1,3,55,4328691,541250,130,3,2,2,0,2,1,0,90,1,5,1,99,0
201600015744,16,10,16,10,5,2,2,1,3,55,4328913,538745,130,4,1,1,0,1,3,0,0,1,0,1,0,0
201600015745,16,10,16,645,2,2,1,1,5,55,4331463,537093,130,4,2,2,0,1,1,0,50,1,0,1,0,0
201600015746,16,10,15,1920,2,2,1,1,6,55,4326926,538904,130,4,2,2,0,1,1,0,60,1,0,1,99,0
201600015747,16,10,11,1130,1,2,2,1,3,55,4329204,538030,130,4,1,1,0,2,1,0,0,1,0,1,0,0
201600015748,16,10,16,2300,5,2,1,1,6,55,4328801,543414,130,3,2,2,0,1,1,0,110,1,0,1,0,0
201600015749,16,10,11,1105,1,2,1,1,6,55,4330242,537702,130,4,1,2,0,0,1,0,100,1,0,1,0,0
201600015750,16,10,17,820,1,2,1,1,6,55,4333106,539528,130,4,2,2,0,0,0,0,60,0,0,1,0,0
201600015751,16,10,17,1330,1,2,1,1,1,55,4324656,540817,130,3,2,2,0,1,1,0,60,2,0,1,0,0
201600015752,16,9,30,1300,1,2,1,2,6,55,4336124,534491,130,4,1,2,0,1,3,0,30,2,0,1,0,0
201600015753,16,10,17,1730,1,2,1,3,4,55,4328891,543036,130,4,2,2,0,1,1,0,60,2,0,1,0,0
201600015754,16,10,17,1900,2,2,1,8,1,55,4325249,539462,130,4,2,2,0,1,1,0,60,2,0,1,99,0
201600015755,16,10,17,1120,1,2,1,1,3,55,4337665,535629,130,4,2,2,3,1,1,0,60,1,0,1,99,0
201600015756,16,10,18,800,2,2,1,1,3,55,4330746,536595,130,4,1,2,0,1,1,0,80,1,0,1,99,0
201600015757,16,10,17,1825,3,1,1,3,7,2,4336580,550266,130,3,2,2,0,1,2,0,60,2,0,1,99,0
201600015758,16,10,18,1415,1,2,1,1,3,55,4333163,539055,130,4,2,2,0,1,1,0,60,1,0,1,0,0
201600015759,16,9,3,1030,1,2,3,1,3,55,4329020,537371,130,4,3,4,0,1,1,150,120,1,0,1,0,0
201600015760,16,10,18,2200,5,1,1,1,1,55,4328310,542714,130,4,1,3,0,1,0,0,140,1,5,1,99,0
201600015761,16,10,7,1230,1,2,1,1,6,55,4328377,538769,130,4,2,2,0,1,1,0,50,1,0,1,0,0
201600015762,16,10,19,530,5,2,1,1,6,55,4334099,535217,130,4,3,2,0,2,2,0,60,1,0,1,0,0
201600015763,16,10,19,747,2,2,1,1,6,55,4331638,538305,130,4,1,2,0,1,3,0,70,0,0,1,0,0
201600015764,16,10,7,830,1,2,1,1,6,55,4329179,540791,130,4,2,2,0,1,0,0,0,1,0,1,0,0
201600015765,16,10,19,955,1,2,1,1,2,55,4325072,540338,130,4,0,1,0,0,0,0,0,0,0,1,0,0
201600015766,16,10,19,910,1,1,1,1,6,55,4324902,539068,130,4,2,4,0,1,1,10,120,1,0,1,99,0
201600015767,16,10,19,1330,1,2,1,1,6,55,4328099,543891,130,4,2,2,0,1,1,0,70,1,0,1,0,0
201600015768,16,10,15,1220,1,2,2,1,3,55,4329993,540074,130,4,0,6,0,1,1,0,120,1,0,1,0,0
201600015769,16,6,27,1815,1,2,1,1,2,55,4329216,537387,130,4,1,1,0,1,1,0,30,1,0,1,0,0
201600015770,16,10,19,2335,5,2,2,1,3,55,4328795,538345,130,4,1,1,0,1,1,0,30,1,0,1,0,0
201600015771,16,10,19,1130,1,2,1,1,3,55,4329675,544321,130,4,2,3,0,2,1,0,50,1,0,1,0,0
201600015772,16,10,20,900,1,2,1,1,6,55,4331232,546522,130,4,2,2,0,1,1,0,60,1,0,1,0,0
201600015773,16,10,20,925,1,1,1,1,5,55,4323726,549915,130,3,2,2,0,1,0,10,60,9,0,1,99,0