Num_Acc,an,mois,jour,hrmn,lum,agg,int,atm,col,com,lat,long,dep,catr,circ,nbv,vosp,prof,plan,lartpc,larrout,surf,infra,situ,env1,killed
201600015774,16,10,16,1130,1,2,1,1,6,55,4327960,535351,130,4,3,4,0,1,3,25,120,1,0,1,0,0
201600015775,16,10,20,1500,1,2,3,1,6,55,4332778,535994,130,4,2,2,0,2,1,0,70,1,0,1,99,0
201600015776,16,10,20,2000,5,2,1,1,4,55,4326338,539645,130,3,0,6,0,1,1,150,300,1,0,1,99,0
201600015777,16,10,20,2130,5,2,1,1,3,55,4330504,539861,130,4,1,1,0,2,1,0,45,1,0,1,99,0
201600015778,16,10,16,1115,1,2,1,1,6,55,4326886,536890,130,4,2,2,0,1,3,0,60,1,0,1,99,0
201600015779,16,10,20,1705,1,2,1,1,6,55,4330929,537882,130,4,2,2,0,1,1,0,60,1,0,0,0,0
201600015780,16,10,21,740,1,2,1,1,3,55,4328650,541603,130,3,2,2,0,2,1,0,60,1,0,1,0,0
201600015781,16,10,21,1310,1,2,9,1,1,55,4325834,539929,130,3,2,6,0,2,1,0,180,1,0,1,0,0
201600015782,16,10,21,1545,1,2,1,1,3,55,4330678,542137,130,4,2,2,0,2,1,0,75,1,0,1,0,0
201600015783,16,10,21,1245,1,2,3,1,3,2,4334537,548707,130,4,1,1,0,0,0,0,0,0,0,1,0,0
201600015784,16,10,21,1620,1,2,1,1,3,55,4336625,535680,130,4,2,0,0,2,1,0,75,1,0,1,0,0
201600015785,16,10,21,2300,5,2,1,1,7,55,4330542,537315,130,4,1,3,3,1,1,2,70,1,0,1,0,0
201600015786,16,10,22,210,5,2,1,1,7,55,4330561,537321,130,4,1,1,0,1,1,0,0,1,0,1,0,0
201600015787,16,10,22,900,1,2,1,1,7,2,4333826,547845,130,3,3,2,0,1,1,15,70,1,0,1,99,0
201600015788,16,10,22,1300,1,2,1,1,6,55,4329544,539371,130,4,2,2,0,1,1,0,60,1,0,1,0,0
201600015789,16,10,22,1545,1,2,1,1,6,55,4334306,537801,130,4,2,2,0,2,1,0,50,1,0,4,0,1
201600015790,16,10,22,1610,1,2,1,2,1,55,4332657,536084,130,3,2,2,0,1,1,0,40,2,0,1,99,0
201600015791,16,10,22,2140,5,2,1,2,7,55,4330800,539618,130,4,0,1,0,2,1,0,0,2,0,1,0,0
201600015792,16,10,23,2310,5,2,3,1,3,55,4328501,538964,130,4,3,3,3,2,1,0,0,1,0,1,99,0
201600015793,16,10,24,6,5,2,1,1,3,55,4328360,538540,130,4,1,6,3,1,1,102,600,1,0,1,99,0
201600015794,16,10,24,250,5,2,1,1,6,55,4335092,535105,130,4,3,2,0,1,1,0,60,1,0,0,0,0
201600015795,16,9,9,1930,2,2,2,1,2,55,4331400,540607,130,3,2,4,0,1,1,0,89,0,0,1,0,0
201600015796,16,10,23,710,1,2,3,2,3,55,4332908,543086,130,3,2,4,0,1,2,0,200,2,5,1,3,0
201600015797,16,10,12,1010,1,2,1,1,6,55,4332737,537501,130,3,2,2,0,1,1,0,65,1,0,1,0,0
201600015798,16,10,12,700,2,2,1,1,3,55,4332978,541903,130,4,2,2,0,1,1,0,80,1,0,1,3,0
201600015799,16,10,24,1200,1,2,1,1,3,55,4330647,551009,130,4,2,2,0,2,1,0,60,1,0,1,99,0
201600015800,16,10,24,1236,1,2,1,1,3,55,4328517,542583,130,4,1,3,0,1,1,0,0,1,0,1,99,0
201600015801,16,10,20,1230,1,2,1,1,7,55,4331280,537601,130,4,2,2,0,1,1,0,40,1,0,1,0,0
201600015802,16,10,24,2000,1,2,1,1,3,55,4331285,536617,130,4,1,2,0,0,0,0,0,0,0,1,0,0
201600015803,16,10,25,1005,1,2,1,2,2,55,4329702,539443,130,4,1,1,0,1,0,0,50,2,0,1,0,0
201600015804,16,10,25,1340,1,2,1,1,1,55,4328077,538825,130,4,2,4,0,2,3,15,240,1,1,1,99,0
201600015806,16,10,25,1945,5,2,1,1,6,55,4323527,541092,130,4,2,2,0,0,0,0,60,0,0,1,0,0
201600015807,16,10,25,2045,5,1,1,1,3,55,4325326,540217,130,3,2,6,3,1,1,0,180,1,0,1,0,0
201600015808,16,10,25,2300,5,2,3,1,3,55,4329158,540599,130,4,2,2,0,1,1,0,70,1,0,1,0,0
201600015809,16,10,5,1330,1,2,1,1,6,55,4330163,540056,130,4,0,3,0,0,0,0,0,0,0,0,0,0
201600015810,16,10,26,1345,1,2,1,1,6,55,4332584,541988,130,4,2,2,0,1,1,0,100,1,0,4,0,0
201600015811,16,10,26,1355,1,2,1,1,3,55,4330855,546956,130,4,2,2,0,1,1,15,60,1,0,1,99,0
201600015812,16,10,26,1915,2,2,1,1,2,55,4328660,537887,130,4,1,1,0,2,3,0,40,1,0,1,0,0
201600015813,16,10,4,1445,1,2,9,1,6,55,4330293,539700,130,4,1,2,0,2,1,0,60,1,0,1,0,0
201600015814,16,10,27,1340,1,2,1,1,2,55,4329066,539985,130,4,0,3,0,1,1,0,0,1,0,0,0,0
201600015815,16,10,27,1410,1,2,3,1,3,55,4333512,540748,130,4,0,2,0,1,1,0,60,1,0,0,0,0
201600015816,16,10,27,1630,1,2,1,1,6,55,4331066,537864,130,4,1,1,3,1,1,5,60,1,0,1,0,0
201600015817,16,10,27,1800,1,2,1,1,1,55,4333202,540419,130,4,2,2,0,2,2,20,75,1,0,1,0,0
201600015818,16,10,27,2350,5,2,1,1,2,55,4329553,539443,130,4,3,2,0,1,1,75,60,1,0,1,0,0
201600015819,16,10,28,45,5,2,1,1,2,55,4329892,538480,130,4,1,2,0,1,1,0,60,1,0,1,0,0
201600015820,16,10,28,945,1,2,1,1,6,55,4324199,539327,130,4,2,2,0,1,2,0,70,1,0,1,99,0
201600015821,16,10,17,1015,1,2,2,1,3,55,4328108,535179,130,4,1,1,0,1,1,0,30,1,0,0,0,0
201600015822,16,10,28,1220,1,2,1,1,2,55,4333342,539656,130,4,2,2,0,2,3,0,30,1,0,1,3,0
201600015823,16,10,17,735,1,1,2,1,6,55,4328137,536905,130,4,2,2,0,3,4,0,60,0,0,0,0,0
201600015824,16,10,15,1630,1,2,1,1,5,55,4330956,540058,130,4,2,2,0,1,1,0,60,1,0,0,0,0
201600015825,16,10,28,1630,1,2,1,1,6,55,4325756,539971,130,3,2,4,0,2,1,0,120,1,0,1,0,0
201600015826,16,10,28,1715,1,1,1,1,3,55,4332470,543514,130,4,2,0,0,2,1,0,25,1,0,1,0,0
201600015827,16,10,28,2130,5,1,1,1,3,55,4331553,536696,130,4,2,1,0,1,1,90,60,1,0,1,0,0
201600015828,16,10,28,2115,1,1,2,1,3,55,4331969,538260,130,4,1,0,0,3,1,0,50,1,0,1,99,0
201600015829,16,10,21,1900,2,2,1,1,2,55,4329333,540169,130,4,0,6,0,1,1,25,180,1,0,1,99,0
201600015830,16,10,29,720,2,2,1,1,5,55,4333357,544057,130,4,2,2,0,1,1,0,60,1,0,1,0,0
201600015831,16,10,24,1500,1,2,1,1,6,55,4330714,540166,130,4,2,2,0,2,1,0,50,1,0,1,99,0
201600015832,16,10,29,1015,1,2,1,1,6,55,4329952,537144,130,4,3,2,3,1,1,0,60,1,4,4,99,0
201600015833,16,10,5,1140,1,2,1,1,2,55,4329906,538403,130,4,1,3,0,1,1,0,90,1,0,1,99,0
201600015834,16,10,29,1015,1,1,1,1,6,55,4330555,538374,130,4,1,1,0,1,1,0,40,1,0,1,0,0
201600015835,16,10,30,600,5,2,1,1,7,55,4331642,539985,130,4,3,4,0,2,2,0,120,1,0,0,0,0
201600015836,16,10,30,510,5,2,1,1,3,55,4325789,539955,130,3,2,3,0,1,1,0,75,1,0,1,0,0
201600015837,16,10,30,605,5,2,1,1,2,55,4330442,536755,130,4,2,4,3,1,1,0,210,1,0,1,99,0
201600015838,16,10,30,615,5,2,1,1,6,55,4328052,538226,130,4,2,2,0,0,0,0,60,0,0,1,0,0
201600015839,16,10,28,1515,1,2,1,1,6,55,4329563,539668,130,4,2,2,3,1,1,0,60,1,0,1,0,0
201600015840,16,10,29,1900,2,2,1,1,6,2,4333651,548169,130,4,1,1,0,0,0,0,30,0,0,1,0,0
201600015841,16,10,13,1230,1,1,1,1,3,55,4329571,538153,130,4,0,4,0,2,1,0,80,1,0,0,0,0
201600015842,16,10,30,1230,1,2,1,1,3,55,4327007,539268,130,3,2,6,0,1,1,0,120,1,0,1,99,0
201600015843,16,10,23,1815,1,2,1,1,6,55,4331228,540536,130,4,2,2,0,2,1,0,50,1,0,1,0,0
201600015844,16,10,30,2025,5,2,1,1,6,55,4330851,537413,130,4,1,2,0,1,1,0,60,0,0,0,0,0
201600015845,16,10,14,730,1,2,1,1,6,55,4328871,538430,130,4,2,2,0,1,1,0,100,1,0,1,0,0
201600015846,16,10,18,1648,1,2,1,1,6,55,4329678,537703,130,4,2,0,0,1,1,0,100,1,0,1,0,0
201600015847,16,10,31,1006,1,2,2,1,6,55,4327669,541872,130,4,2,4,0,1,1,0,140,1,0,1,0,0
201600015848,16,10,31,1340,1,1,1,1,6,55,4333632,536309,130,4,2,2,0,2,1,0,70,0,0,0,0,0
201600015849,16,10,31,1450,1,1,1,1,4,55,4329893,547829,130,3,1,2,0,1,1,0,0,1,0,2,99,0
201600015850,16,10,31,1630,1,2,1,1,1,55,4331931,539249,130,4,2,2,0,1,1,0,60,1,0,1,0,0
201600015851,16,10,31,1845,4,2,1,1,6,55,4325800,539670,130,4,1,2,0,1,1,0,0,1,6,1,99,0
201600015852,16,10,31,2230,5,2,3,1,1,55,4330791,537639,130,4,2,2,0,2,1,0,60,1,0,1,0,0
201600015853,16,10,31,1140,1,2,1,1,3,55,4324783,539993,130,4,2,2,0,1,1,0,70,1,0,1,0,0
201600015854,16,11,1,645,1,2,1,1,1,55,4329507,540069,130,4,3,6,0,1,1,25,180,1,0,1,0,0
201600015855,16,10,31,1900,3,1,1,1,5,55,4323885,546649,130,3,2,2,2,2,2,0,60,1,0,1,0,0
201600015856,16,10,31,2100,5,2,1,1,6,55,4329216,540201,130,4,3,4,0,1,1,0,120,1,0,1,0,0
201600015857,16,10,27,2010,5,2,1,1,3,55,4324434,539645,130,4,2,2,0,1,1,0,60,1,0,0,99,0
201600015858,16,10,27,1450,1,2,1,1,2,55,4332699,535593,130,3,1,2,0,2,2,0,45,1,0,1,99,0
201600015859,16,11,2,1546,1,2,1,1,3,55,4331783,538053,130,4,3,2,0,1,1,0,60,1,0,1,0,0
201600015860,16,11,2,2130,5,2,3,1,3,75,4334126,545693,130,3,2,2,0,1,1,0,90,0,0,0,0,0
201600015861,16,11,2,2230,5,2,1,1,6,55,4329315,537032,130,4,2,3,0,0,0,0,90,0,0,1,0,0
201600015862,16,10,21,720,2,2,3,1,3,55,4330093,539634,130,4,2,2,0,1,1,0,60,0,0,0,0,0
201600015863,16,11,3,735,2,2,1,1,5,55,4334345,538553,130,3,2,4,0,1,1,0,140,1,0,1,0,0
201600015864,16,11,3,1000,1,2,1,7,6,55,4332069,541546,130,4,1,1,0,1,1,0,75,1,0,1,0,0
201600015865,16,11,3,815,1,2,4,9,6,55,4326918,540275,130,4,2,2,0,1,4,0,0,1,0,1,0,0
201600015866,16,10,28,1700,1,2,1,1,4,55,4329061,537110,130,4,0,4,0,0,0,0,120,0,0,0,0,0
201600015867,16,11,3,1345,1,2,1,1,6,55,4333612,536747,130,4,2,2,0,1,3,50,25,8,0,1,0,0
201600015868,16,11,2,1945,5,2,1,1,3,55,4330489,541305,130,4,2,1,0,1,1,0,30,1,0,1,0,0
201600015869,16,11,3,1845,5,2,1,1,6,2,4333307,546151,130,4,2,2,0,2,0,0,70,1,6,0,0,0
201600015870,16,11,3,1945,5,2,1,1,1,55,4333010,544953,130,4,2,2,0,2,3,0,80,1,0,1,99,0
201600015871,16,11,3,2110,5,2,1,1,1,55,4331463,537091,130,4,2,2,0,1,1,80,60,1,0,1,0,0
201600015872,16,11,3,2245,5,2,3,1,6,55,4331682,541603,130,4,2,2,0,2,3,0,66,1,0,1,99,0
201600015873,16,10,30,1035,1,2,1,1,6,55,4329086,538840,130,4,1,1,0,1,1,0,40,1,0,0,0,0
201600015874,16,11,3,1930,5,2,1,1,2,55,4330881,546930,130,3,2,2,0,2,1,0,40,1,0,1,99,0
201600015875,16,10,10,1745,1,2,1,1,3,55,4328947,536403,130,4,0,2,0,2,0,0,0,1,0,1,0,0
201600015876,16,11,2,1745,2,2,1,1,3,55,4343285,541131,130,4,2,2,0,1,1,0,50,1,0,1,3,0
201600015877,16,10,28,1730,1,2,1,1,6,55,4329241,537492,130,4,0,1,0,1,0,0,40,1,0,1,0,0
201600015878,16,11,4,915,1,2,1,7,1,2,4332967,549006,130,4,2,1,1,1,1,15,60,1,0,1,0,0
201600015879,16,11,4,1035,1,2,3,1,3,55,4329017,542638,130,4,3,2,0,1,1,0,60,1,0,1,0,0
201600015880,16,11,4,1300,1,2,1,1,3,55,4329817,541833,130,4,2,2,0,2,1,0,70,1,0,1,0,0
201600015881,16,11,4,1410,1,2,1,1,6,55,4326019,541737,130,4,2,2,0,1,1,0,50,1,0,1,0,0
201600015882,16,10,26,1125,1,2,1,1,6,55,4328377,539635,130,4,1,1,0,1,1,0,40,1,0,4,0,0
201600015883,16,11,4,1500,1,2,2,1,3,55,4330184,538253,130,4,0,2,0,1,1,0,60,0,0,1,0,0
201600015884,16,10,26,1020,1,2,1,1,6,55,4327908,542271,130,6,0,2,0,0,0,0,70,0,0,0,0,0
201600015885,16,11,4,1240,1,2,1,1,3,55,4325346,538083,130,4,2,2,0,1,0,0,60,1,0,1,0,0
201600015886,16,11,4,2135,5,2,1,2,3,55,4326632,538335,130,4,2,6,0,1,1,0,180,2,0,1,0,0
201600015887,16,11,4,845,1,2,2,1,2,55,4332129,541702,130,4,1,4,0,1,1,0,120,1,2,1,0,0
201600015888,16,11,5,530,5,2,3,8,2,55,4329960,538723,130,4,2,2,0,1,1,0,60,2,0,1,0,0
201600015889,16,11,5,415,5,2,1,2,1,55,4329787,540076,130,4,3,6,0,1,1,30,180,2,0,1,0,0
201600015890,16,11,2,1514,1,1,1,1,2,55,4327218,539065,130,4,0,3,0,1,1,0,150,1,0,0,99,0
201600015891,16,11,4,1500,1,2,6,1,3,55,4328505,542546,130,4,1,3,0,0,0,0,90,0,0,1,0,0
201600015892,16,11,5,1800,1,2,3,1,2,55,4329431,544211,130,4,2,4,3,1,1,0,110,1,0,5,0,0
201600015893,16,11,5,1710,2,2,1,1,6,55,4326437,539048,130,4,2,2,0,1,1,0,120,1,0,1,99,0
201600015894,16,9,23,1950,5,2,1,1,4,55,4329173,540715,130,4,2,2,0,1,1,0,60,1,0,1,0,0
201600015895,16,11,6,1220,1,2,1,1,4,55,4331621,538374,130,4,3,2,0,0,0,5,60,0,0,1,0,0
201600015896,16,11,6,1655,2,2,1,1,3,55,4328073,544139,130,4,2,1,0,2,1,0,0,1,0,1,0,0
201600015897,16,11,6,1720,5,2,3,1,3,55,4333037,541239,130,3,0,5,3,1,1,10,125,1,0,1,0,0
201600015898,16,11,7,630,1,2,1,1,6,55,4331654,539698,130,3,1,4,0,1,1,15,120,1,0,1,0,0
201600015899,16,11,7,845,1,2,1,1,4,55,4329304,547964,130,3,2,2,0,2,1,0,100,1,0,1,99,0
201600015900,16,11,4,2015,2,2,2,1,3,106,4340347,535692,130,4,2,2,0,1,1,0,30,1,0,1,0,0
201600015901,16,11,7,940,1,2,3,1,3,55,4323603,536171,130,4,2,2,0,1,1,0,80,0,0,1,0,0
201600015902,16,11,7,1430,1,2,1,1,3,55,4334590,538169,130,3,2,4,0,1,1,0,200,1,0,1,0,0
201600015903,16,11,7,1315,1,2,1,1,6,55,4328568,541293,130,4,2,3,0,2,1,0,100,1,0,1,99,0
201600015904,16,11,7,1800,5,2,1,1,6,75,4335476,546709,130,4,2,2,0,1,1,0,60,1,0,1,0,0
201600015905,16,11,7,1815,5,2,2,1,6,55,4331152,538604,130,4,1,1,0,1,1,0,50,1,0,1,0,0
201600015906,16,11,7,420,5,2,1,1,6,55,4329344,540315,130,4,2,3,0,1,1,0,105,1,0,1,0,0
201600015907,16,11,7,1920,5,2,1,1,1,55,4331654,539699,130,3,1,3,0,2,1,0,90,1,0,1,99,0
201600015908,16,11,8,750,1,2,3,1,3,55,4333368,542021,130,4,2,2,0,2,1,0,60,1,0,1,0,0
201600015909,16,11,8,1000,1,2,1,1,3,55,4335158,535824,130,4,2,2,0,1,1,0,60,1,0,1,0,0
201600015910,16,11,8,925,1,2,1,1,3,55,4328024,540050,130,4,2,2,0,1,1,0,50,1,0,1,0,0
201600015911,16,11,5,800,1,2,1,1,6,55,4328254,538603,130,4,1,1,0,1,3,0,45,1,0,1,99,0
201600015912,16,11,8,2000,5,2,1,1,6,55,4328923,536639,130,4,2,2,0,1,1,0,70,0,0,1,0,0
201600015913,16,11,8,1100,1,2,2,1,3,55,4328672,539035,130,4,2,1,0,1,1,0,0,1,0,1,0,0
201600015914,16,11,9,700,2,2,1,2,3,55,4328038,540068,130,4,2,2,0,1,1,0,70,2,0,1,0,0
201600015915,16,11,9,1145,1,2,1,8,2,55,4332990,539460,130,2,3,3,0,1,1,0,90,2,0,1,0,0
201600015916,16,11,8,1750,5,2,1,1,6,55,4334017,538735,130,3,2,4,0,1,1,0,80,1,0,1,0,0
201600015917,16,11,5,1115,1,2,1,1,3,55,4328136,540516,130,4,2,2,0,1,1,0,60,1,0,1,0,0
201600015918,16,11,4,1055,1,1,1,1,6,55,4330174,537299,130,4,2,4,0,3,1,0,120,1,0,1,0,0
201600015919,16,11,9,1200,1,2,3,8,3,55,4330953,536856,130,4,1,2,0,1,1,0,100,2,0,1,0,0
201600015920,16,11,9,1140,1,2,1,2,2,55,4336389,535817,130,4,2,2,0,2,1,0,50,2,2,1,0,0
201600015921,16,11,9,1410,1,2,6,1,6,55,4330493,537324,130,4,1,2,0,1,3,0,90,1,0,0,0,0
201600015922,16,11,9,1300,1,2,3,1,3,55,4336090,531604,130,4,0,0,0,1,1,0,70,1,0,0,0,0
201600015923,16,11,4,855,1,2,1,1,2,55,4332905,537486,130,4,1,2,0,1,1,0,60,1,0,1,0,0
201600015924,16,11,9,1910,5,2,3,1,5,75,4334564,546155,130,4,2,2,0,1,1,0,35,1,0,1,0,0
201600015925,16,11,8,1915,3,2,1,1,6,55,4324700,539355,130,4,2,4,0,1,1,10,120,1,0,1,99,0
201600015926,16,11,10,447,5,2,2,1,3,55,4328303,539009,130,4,2,2,0,2,1,0,0,1,0,0,0,0
201600015927,16,11,10,1040,1,2,1,1,3,55,4332665,542538,130,3,2,4,0,1,1,0,120,1,0,1,0,0
201600015928,16,11,9,1310,1,2,1,3,3,55,4325666,538262,130,4,2,2,0,1,1,0,40,2,0,1,0,0
201600015929,16,10,29,1825,1,2,1,1,6,55,4328926,535470,130,4,3,2,0,1,1,0,60,1,0,1,0,0
201600015930,16,11,10,1515,1,2,2,1,3,55,4330053,538141,130,4,1,1,0,2,1,0,25,1,0,1,0,0
201600015931,16,11,11,155,5,2,3,1,3,55,4330534,540102,130,4,1,1,0,2,1,0,45,1,0,1,0,0
201600015932,16,11,11,1515,1,2,1,1,3,55,4328573,542576,130,4,1,4,0,1,1,0,90,1,3,0,0,0
201600015933,16,11,11,1745,5,2,1,1,2,55,4323818,540862,130,4,2,2,0,1,1,0,60,1,0,1,0,0
201600015934,16,11,11,1810,3,2,2,1,1,55,4331392,540594,130,4,1,3,0,1,2,0,100,1,0,1,0,0
201600015935,16,11,11,1925,5,2,1,1,1,55,4328174,540433,130,4,2,2,0,1,1,0,75,1,0,1,0,0
201600015936,16,11,11,2210,4,2,1,1,3,55,4328586,544261,130,4,2,2,0,1,0,10,80,1,0,1,0,0
201600015937,16,11,11,2215,5,2,1,1,2,55,4328398,538505,130,4,2,6,3,1,1,0,180,1,0,1,0,0
201600015938,16,11,11,2314,5,2,9,1,1,55,4330211,539461,130,4,2,3,0,1,1,0,90,1,0,1,99,0
201600015939,16,11,12,545,5,2,3,1,3,55,4328156,539167,130,4,1,1,0,2,1,0,30,1,0,1,0,0
201600015940,16,11,12,900,1,2,3,1,4,55,4330653,538298,130,4,2,2,0,0,0,0,60,0,0,0,0,0
201600015941,16,11,12,530,3,2,3,1,3,55,4327067,540762,130,4,2,2,0,3,0,0,60,1,0,0,0,0
201600015942,16,11,12,2110,5,2,9,1,2,55,4328987,539832,130,4,2,5,3,1,1,0,0,1,0,1,0,0
201600015943,16,11,12,2010,5,2,9,1,3,55,4334035,544203,130,4,2,2,0,1,0,0,60,1,0,1,0,0
201600015944,16,11,12,2045,5,2,9,1,6,55,4327607,539849,130,4,2,2,0,1,1,0,60,1,0,1,99,0
201600015945,16,11,12,1050,1,2,2,1,1,55,4329381,540961,130,4,2,2,0,1,1,0,50,1,0,1,0,0
201600015946,16,11,12,2010,5,2,1,1,4,55,4329849,540058,130,4,3,3,0,1,1,0,105,1,0,1,99,0
201600015947,16,11,13,1325,1,1,6,1,3,55,4328928,543793,130,3,0,2,0,0,0,70,45,0,0,0,0,0
201600015948,16,11,13,2145,5,2,1,1,2,55,4332226,539225,130,4,2,2,0,2,1,0,50,1,0,1,0,0
201600015949,16,11,14,545,5,2,1,1,6,55,4327551,535977,130,4,3,4,0,1,2,20,120,2,5,1,0,0
201600015950,16,10,22,1800,1,2,1,1,7,55,4332781,536244,130,3,3,4,0,1,1,0,120,1,0,1,0,0
201600015951,16,11,14,1000,1,2,1,2,2,55,4331803,538021,130,4,2,2,0,1,1,0,60,2,0,4,0,0
201600015952,16,11,14,1730,2,2,1,1,1,55,4333459,544255,130,3,2,2,0,1,1,0,70,1,0,1,99,0
201600015953,16,11,15,900,1,2,1,1,5,55,4332967,542980,130,3,2,3,0,1,1,0,90,0,0,1,0,0
201600015954,16,11,15,800,1,2,1,1,2,55,4323931,543758,130,4,1,1,0,1,1,0,0,1,0,1,3,0
201600015955,16,11,15,1130,1,2,1,1,3,55,4333114,543214,130,3,2,2,0,1,1,0,60,1,0,1,0,0
201600015956,16,11,14,1730,2,2,1,1,3,55,4332638,542054,130,4,1,2,0,1,0,0,50,1,0,1,0,0
201600015957,16,11,15,1800,5,2,8,1,6,55,4325000,537518,130,4,1,2,0,1,1,0,60,1,0,1,99,0
201600015958,16,11,15,1230,1,1,1,1,2,55,4331199,536724,130,9,2,3,0,1,1,5,90,1,0,1,99,0
201600015959,16,11,15,1315,1,2,1,1,5,55,4325614,538241,130,4,2,2,0,1,3,0,70,1,0,1,0,0
201600015960,16,11,15,1700,1,2,2,1,7,55,4329069,538420,130,4,0,1,0,1,1,0,70,1,0,0,99,0
201600015961,16,11,5,330,5,2,2,2,3,55,4326490,540938,130,4,2,2,0,2,1,0,60,2,5,1,99,0
201600015962,16,11,15,1910,5,2,1,1,2,55,4329906,538322,130,4,1,2,1,2,1,0,0,1,0,1,0,0
201600015963,16,11,15,1845,4,2,1,1,1,55,4332993,540054,130,2,3,3,0,1,4,0,100,1,0,1,99,0
201600015964,16,11,16,735,1,2,3,1,6,55,4328156,542567,130,4,1,1,0,1,1,0,30,1,0,1,0,1
201600015965,16,11,16,825,1,2,1,1,6,55,4337061,535999,130,4,2,2,0,2,1,10,60,1,0,1,99,0
201600015966,16,11,13,1230,1,2,1,1,3,55,4328482,542398,130,4,0,2,0,1,1,0,120,1,5,1,99,0
201600015967,16,11,16,1300,1,2,1,1,6,55,4329397,539987,130,4,2,2,0,1,1,0,100,1,0,1,0,0
201600015968,16,11,16,1550,1,2,1,1,1,55,4336268,531738,130,4,2,2,0,2,3,0,100,1,0,1,0,0
201600015969,16,11,16,2245,5,2,3,1,3,55,4329589,539078,130,4,1,1,0,0,0,0,0,0,0,1,0,0
201600015970,16,11,17,840,1,2,1,1,6,55,4332756,543588,130,4,2,3,0,1,1,0,90,1,0,1,99,0
201600015971,16,11,17,800,1,2,1,1,3,55,4330435,541366,130,4,2,2,0,2,2,0,70,1,0,1,0,0
201600015972,16,11,17,605,2,2,1,1,6,55,4330153,536994,130,4,3,2,0,1,1,80,60,8,0,1,0,0
201600015973,16,11,17,1045,1,2,1,1,4,55,4329661,548033,130,3,3,4,0,1,1,20,80,1,0,1,0,0
201600015974,16,11,4,1419,1,2,1,1,6,55,4331653,539699,130,4,3,6,0,0,0,15,180,0,0,0,0,0
201600015975,16,11,12,1210,1,2,1,1,2,55,4330677,536592,130,4,3,2,0,1,1,0,60,1,0,1,0,0
201600015976,16,11,17,1320,1,2,1,1,6,55,4331093,537718,130,4,2,2,0,1,1,0,60,1,0,1,99,0
201600015977,16,11,7,640,5,2,1,1,6,55,4331652,539613,130,3,0,5,0,2,1,15,150,1,0,0,0,0
201600015978,16,11,17,1600,1,2,7,1,3,55,4327754,539896,130,4,4,3,0,1,0,0,0,1,5,1,0,0
201600015979,16,11,17,1950,5,2,1,1,2,55,4330416,542407,130,4,2,1,0,1,1,13,97,1,0,1,99,0
201600015980,16,11,17,1950,5,2,2,1,3,55,4327676,538180,130,4,2,2,0,1,1,0,40,1,0,1,99,0
201600015981,16,11,18,40,5,2,1,1,6,55,4326156,537491,130,4,2,4,3,1,1,10,150,1,0,1,0,0
201600015982,16,11,18,1115,1,2,1,1,3,55,4330841,537330,130,4,1,1,0,1,1,0,30,1,0,4,0,0
201600015983,16,11,18,1510,1,2,1,1,3,55,4326887,540326,130,4,2,3,0,1,0,0,100,1,0,1,0,0
201600015984,16,11,18,1600,1,2,1,1,6,55,4332525,537414,130,4,2,2,0,1,1,0,100,1,0,0,99,0
201600015985,16,11,18,1300,1,2,1,8,7,55,4334101,536530,130,4,2,2,0,1,3,0,0,1,0,1,99,1
201600015986,16,11,18,1645,1,2,1,8,3,55,4334880,543068,130,4,2,2,0,1,1,0,60,1,0,1,0,0
201600015987,16,11,18,2020,5,2,1,2,3,55,4332524,544189,130,3,2,2,0,2,1,30,70,2,0,1,0,0
201600015988,16,11,18,345,5,2,1,1,7,55,4323487,543088,130,4,1,1,0,1,2,0,30,1,0,1,99,0
201600015989,16,11,19,230,5,2,1,1,6,55,4325114,542497,130,4,2,1,0,1,2,0,30,1,5,4,0,0
201600015990,16,11,19,600,5,2,1,9,3,55,4327275,539118,130,3,4,0,0,1,0,0,60,2,5,1,99,0
201600015991,16,11,19,850,1,2,1,1,3,55,4324201,541415,130,4,2,2,0,2,1,0,30,1,0,1,0,0
201600015992,16,11,19,1830,5,2,1,1,3,55,4332558,543814,130,4,2,2,0,2,1,0,100,1,0,1,0,0
201600015993,16,11,19,2120,5,2,2,1,3,55,4328541,538255,130,4,1,1,0,1,1,0,48,1,0,1,0,0
201600015994,16,11,9,1900,3,2,1,1,2,55,4329904,538820,130,4,1,2,0,2,1,0,60,1,0,0,0,0
201600015995,16,11,17,745,2,2,9,1,3,55,4325810,539696,130,4,0,2,0,1,1,0,0,1,0,1,99,0
201600015996,16,11,20,1630,1,2,1,1,3,55,4327280,539955,130,4,2,2,0,1,1,0,80,1,0,1,0,0
201600015997,16,11,20,2030,5,2,1,2,2,55,4331535,540259,130,4,1,3,0,2,1,0,100,2,0,1,99,0
201600015998,16,11,20,2330,5,2,1,2,6,55,4334947,537537,130,4,2,1,0,1,1,0,30,2,0,1,0,0
201600015999,16,11,21,525,5,2,1,2,6,55,4332194,541090,130,4,1,1,0,2,1,0,35,2,0,1,99,0
201600016000,16,11,19,1915,5,2,2,1,3,55,4329584,540017,130,4,3,1,0,1,1,30,30,1,0,1,99,0
201600016001,16,11,21,1010,1,2,1,3,6,55,4328869,535974,130,4,2,4,0,1,1,0,0,3,0,1,0,0