Num_Acc,an,mois,jour,hrmn,lum,agg,int,atm,col,com,lat,long,dep,catr,circ,nbv,vosp,prof,plan,lartpc,larrout,surf,infra,situ,env1,killed
201600016002,16,11,17,1200,1,2,2,1,6,55,4331289,541233,130,4,0,2,0,1,1,0,60,1,0,0,3,0
201600016003,16,11,20,2015,5,2,1,2,1,55,4328465,543716,130,3,0,0,0,1,3,0,60,0,0,0,0,0
201600016004,16,11,8,1300,1,2,1,1,7,55,4328078,535227,130,4,2,2,0,2,4,0,70,1,0,1,0,0
201600016005,16,11,10,1220,1,2,4,1,3,55,4328504,538531,130,4,2,2,0,1,2,0,70,1,0,1,0,0
201600016006,16,11,22,458,5,2,1,3,2,55,4330659,540082,130,4,3,4,0,1,1,0,180,2,0,1,0,0
201600016007,16,11,22,1712,1,1,1,1,6,55,4326875,540357,130,4,1,6,0,1,1,15,180,1,0,1,99,0
201600016008,16,11,22,2115,3,1,1,1,7,2,4335952,549397,130,3,2,2,1,2,3,0,62,1,0,3,99,0
201600016009,16,11,22,1210,1,1,1,2,1,55,4323944,546556,130,3,2,2,0,2,4,0,60,2,0,1,0,0
201600016010,16,11,21,1230,1,2,3,3,2,55,4332906,542733,130,4,2,2,0,1,1,0,80,2,0,1,3,0
201600016011,16,11,22,810,1,2,3,3,6,55,4329790,541337,130,4,0,0,0,0,0,0,60,0,0,0,0,0
201600016012,16,11,23,815,1,2,1,1,5,55,4327198,541040,130,4,2,2,0,1,1,0,120,1,0,1,0,0
201600016013,16,11,23,942,1,2,1,1,3,55,4333260,537458,130,4,2,2,0,2,1,0,35,1,0,1,99,0
201600016014,16,11,23,1045,1,2,1,1,3,55,4332723,538442,130,4,2,2,0,2,1,60,30,1,0,1,0,0
201600016015,16,11,23,1310,1,2,1,1,7,55,4327040,538815,130,4,2,6,3,1,1,0,150,1,0,1,0,0
201600016016,16,11,23,1635,2,2,1,1,2,55,4328235,540305,130,4,2,3,0,1,1,0,100,2,0,1,0,0
201600016017,16,11,24,1200,1,2,1,1,3,55,4330903,540042,130,4,2,2,0,1,1,0,40,1,0,1,0,0
201600016018,16,11,24,1710,2,2,1,3,7,55,4335952,534423,130,4,1,2,0,2,3,0,80,2,0,1,0,0
201600016019,16,11,25,1,5,2,1,2,6,55,4324676,538489,130,4,2,3,0,1,1,0,60,2,0,1,0,0
201600016020,16,11,25,1430,1,2,1,1,6,75,4334731,546355,130,3,2,2,0,1,1,0,30,2,0,1,0,0
201600016021,16,11,25,1900,5,2,8,1,6,55,4336789,536416,130,4,2,2,0,1,1,0,60,2,6,1,0,0
201600016022,16,11,25,1810,5,2,1,1,2,55,4323429,540920,130,4,2,2,0,1,1,0,60,1,0,1,99,0
201600016023,16,11,25,2105,5,2,1,8,6,55,4328351,538509,130,4,2,6,0,1,1,0,160,2,0,1,99,0
201600016024,16,11,25,2100,5,2,3,3,6,55,4327234,540628,130,4,2,2,0,1,1,0,0,2,0,1,99,0
201600016025,16,11,25,1806,5,2,1,2,6,55,4327956,538729,130,4,2,6,0,1,1,0,180,2,0,1,0,0
201600016026,16,11,21,1745,5,2,3,3,4,55,4333247,537459,130,4,2,4,0,1,1,0,130,2,0,1,0,0
201600016027,16,11,27,200,5,2,1,1,1,55,4327957,541759,130,4,2,0,0,1,4,0,80,1,0,1,0,0
201600016028,16,11,27,210,5,2,9,1,2,55,4327082,540220,130,4,4,6,0,1,1,0,180,1,2,1,0,0
201600016029,16,11,27,330,5,2,1,1,6,55,4335118,535263,130,4,2,0,0,2,1,30,30,1,0,1,3,0
201600016030,16,11,26,1550,1,2,9,1,1,55,4327724,539923,130,4,2,3,0,1,1,0,90,1,0,1,99,0
201600016031,16,11,26,1855,5,2,1,1,3,55,4328813,546346,130,3,2,2,0,1,1,0,60,1,0,1,0,0
201600016032,16,11,27,2144,5,2,1,1,6,55,4326252,539315,130,4,2,2,0,1,1,0,60,1,0,1,0,0
201600016033,16,11,17,1157,1,2,3,1,1,55,4332504,536699,130,4,2,2,0,0,0,0,0,0,0,1,0,0
201600016034,16,11,23,1215,1,2,3,1,3,55,4330554,537324,130,4,1,1,0,1,1,0,30,1,0,0,0,0
201600016035,16,11,28,715,2,2,1,1,2,55,4331727,538137,130,4,1,4,0,1,1,60,140,1,0,1,99,0
201600016036,16,11,28,1250,1,2,1,1,5,55,4329310,540154,130,4,1,6,0,1,1,30,150,1,0,1,0,0
201600016037,16,11,28,1330,1,2,1,1,2,55,4324033,539713,130,4,1,1,0,1,1,45,120,1,0,1,3,0
201600016038,16,11,4,1930,1,2,1,1,5,55,4328476,542110,130,4,2,2,0,1,1,0,80,2,0,1,0,0
201600016039,16,11,28,1500,1,2,1,1,3,55,4334149,536037,130,4,2,3,0,2,1,10,75,1,0,1,0,0
201600016040,16,11,28,1830,5,2,1,1,6,55,4325132,540327,130,3,2,6,0,1,1,0,180,1,0,1,0,0
201600016041,16,11,28,1830,5,2,1,1,3,55,4331492,540338,130,4,1,2,0,2,2,0,80,1,1,1,99,0
201600016042,16,11,29,700,1,2,1,1,4,55,4332380,541985,130,3,0,6,0,1,0,100,180,1,0,1,0,0
201600016043,16,11,22,1010,1,2,2,2,6,55,4328883,538289,130,4,1,1,0,1,1,0,40,2,0,1,0,0
201600016044,16,11,29,1110,1,2,1,1,3,55,4336282,531683,130,4,2,1,0,0,1,0,70,1,0,0,0,0
201600016045,16,11,29,1215,1,2,1,1,3,55,4328480,542120,130,4,2,2,0,1,1,0,70,1,0,1,0,0
201600016046,16,11,29,1810,3,1,1,1,5,55,4324898,545208,130,3,2,2,0,0,4,0,60,1,0,1,99,0
201600016047,16,11,29,1900,5,2,1,1,6,106,4339919,536790,130,2,2,2,0,1,3,0,60,1,0,4,99,0
201600016048,16,11,28,1640,2,2,1,1,6,55,4332579,541394,130,4,2,2,0,1,1,0,60,1,0,1,3,0
201600016049,16,11,30,745,1,2,2,1,5,55,4331788,544553,130,4,2,2,0,1,1,0,58,1,0,1,0,0
201600016050,16,11,30,900,2,2,3,1,2,55,4326172,541438,130,4,2,3,0,1,1,0,120,1,0,1,0,0
201600016051,16,11,30,634,1,2,1,1,6,55,4327099,539216,130,3,2,6,0,1,1,0,0,1,0,0,0,0
201600016052,16,11,30,1500,1,2,3,1,5,55,4329538,537464,130,4,2,4,0,1,1,10,120,1,0,1,0,0
201600016053,16,11,30,1215,1,2,1,1,5,55,4328208,542743,130,4,2,2,0,2,1,0,60,1,2,1,99,0
201600016054,16,11,30,1610,1,2,1,1,6,55,4332520,538167,130,4,1,3,0,0,0,0,90,0,0,1,0,0
201600016055,16,11,30,1800,5,2,1,1,3,55,4333785,538469,130,4,3,4,0,2,1,43,120,1,0,0,0,0
201600016056,16,11,30,1500,1,2,1,1,6,55,4329197,540270,130,3,2,3,3,1,1,30,70,1,0,1,0,0
201600016057,16,12,1,1845,5,2,1,1,3,55,4332584,542418,130,3,3,2,0,1,1,0,60,1,0,1,0,0
201600016058,16,12,1,1830,5,2,1,1,6,55,4335864,533802,130,3,0,2,0,0,0,0,60,0,0,0,0,0
201600016059,16,12,2,205,1,1,1,1,6,55,4329587,538739,130,4,0,2,0,1,2,0,60,0,0,0,0,0
201600016060,16,12,1,2030,5,1,1,1,6,55,4329258,537883,130,4,0,1,0,1,1,0,40,1,0,0,0,0
201600016061,16,11,3,1000,1,2,1,1,7,55,4325552,540089,130,3,2,6,0,2,1,0,180,1,0,1,0,0
201600016062,16,12,2,1205,1,2,3,1,2,55,4327912,541223,130,4,1,2,0,1,1,0,60,1,0,1,99,0
201600016063,16,10,3,2000,5,2,1,1,3,55,4328744,538494,130,4,0,4,0,1,1,0,120,1,0,0,0,0
201600016064,16,12,2,1445,1,2,1,1,1,55,4326301,539293,130,4,2,2,0,1,1,0,60,1,0,1,0,0
201600016065,16,12,2,1800,5,2,1,1,6,55,4333703,536284,130,4,2,2,0,1,1,0,80,1,0,1,0,0
201600016066,16,12,2,2215,5,2,2,1,3,55,4329638,537765,130,4,2,2,0,1,1,0,30,1,5,1,0,0
201600016067,16,12,1,1820,5,2,1,1,2,55,4329163,546062,130,3,2,4,0,1,1,0,120,0,0,1,0,0
201600016068,16,12,3,1805,5,2,1,1,6,55,4331397,538459,130,4,1,1,0,1,1,0,60,1,0,1,99,0
201600016069,16,12,3,2025,5,2,2,1,6,55,4328759,539006,130,4,1,1,0,1,1,0,30,1,0,1,0,0
201600016070,16,11,26,1800,5,2,4,1,1,55,4334038,538694,130,3,2,3,0,2,3,0,90,1,0,1,0,0
201600016071,16,12,4,915,1,2,6,1,3,55,4328042,538714,130,4,2,6,3,1,1,0,180,1,0,1,0,0
201600016072,16,11,17,1715,2,2,1,1,6,55,4331136,540353,130,4,3,6,0,1,1,30,180,1,0,1,0,0
201600016073,16,12,5,835,1,2,1,1,3,106,4338966,536227,130,3,2,2,0,1,1,0,65,1,0,1,0,0
201600016074,16,12,5,805,1,2,1,1,6,55,4331247,538503,130,4,1,1,0,2,3,0,80,1,0,3,0,0
201600016075,16,12,5,1835,5,2,1,1,1,55,4323102,540071,130,4,2,1,0,0,1,0,40,1,0,1,99,0
201600016076,16,12,6,740,1,2,3,1,3,55,4329656,543819,130,4,2,2,0,2,1,45,44,1,0,1,0,0
201600016077,16,12,5,1605,1,2,1,1,3,55,4326872,540379,130,4,0,3,0,1,1,0,0,1,0,1,0,0
201600016078,16,12,1,1900,5,2,1,1,3,55,4333146,537573,130,4,2,5,0,1,1,0,170,1,0,1,99,0
201600016079,16,12,6,1745,5,2,1,1,6,55,4335013,534864,130,4,2,2,0,1,1,0,60,1,6,1,0,0
201600016080,16,12,6,1845,5,2,1,1,3,55,4332742,537503,130,4,2,3,0,1,1,0,180,1,0,1,0,0
201600016081,16,12,6,1045,1,2,1,1,3,55,4324598,539517,130,4,1,2,0,1,1,0,60,1,0,1,0,0
201600016082,16,12,6,1100,1,2,1,1,7,55,4328990,537828,130,4,1,2,0,2,3,0,60,8,0,1,0,0
201600016083,16,12,7,900,1,2,1,1,4,75,4334661,546268,130,3,2,2,0,1,1,0,60,1,0,1,0,0
201600016084,16,12,7,745,1,2,1,1,1,55,4329854,545911,130,4,2,2,0,2,1,7,68,1,0,1,99,0
201600016085,16,12,7,1215,1,2,1,1,6,55,4325561,538228,130,4,2,2,0,1,1,0,40,1,0,1,0,0
201600016086,16,12,7,1245,1,2,1,1,6,55,4331508,536734,130,2,1,2,0,1,1,15,25,1,0,1,99,0
201600016087,16,12,7,1240,1,2,1,1,3,55,4327490,539970,130,3,2,6,0,1,3,25,180,1,0,1,99,0
201600016088,16,12,7,1650,2,2,1,1,3,55,4333025,537000,130,4,2,4,0,0,0,0,120,0,0,1,0,0
201600016089,16,12,7,2030,5,2,1,1,4,55,4336458,535699,130,4,2,2,3,1,1,0,60,1,0,1,0,0
201600016090,16,12,3,1845,5,2,2,1,6,55,4330316,539518,130,4,1,1,0,1,1,0,30,1,0,1,0,0
201600016091,16,12,5,1045,1,2,2,1,3,55,4328860,537883,130,4,1,1,0,1,1,0,60,1,0,1,0,0
201600016092,16,12,8,1800,5,2,1,1,6,55,4324716,537393,130,4,3,2,0,1,1,0,60,1,0,1,99,0
201600016093,16,12,8,2135,5,2,3,1,7,55,4328624,538470,130,4,3,6,0,1,1,0,60,1,0,0,0,0
201600016094,16,12,9,740,1,2,1,1,6,55,4333393,543203,130,4,1,2,0,1,1,0,60,1,0,1,0,0
201600016095,16,12,9,1115,1,1,1,1,6,55,4328932,543816,130,4,0,1,0,0,0,0,0,0,0,0,0,0
201600016096,16,12,9,1200,1,2,2,1,6,55,4327507,538985,130,4,1,1,0,2,2,0,40,1,0,1,99,0
201600016097,16,12,9,1500,1,2,1,1,6,55,4324290,536840,130,4,1,0,0,1,1,10,60,1,0,1,99,0
201600016098,16,12,9,1630,1,2,3,1,3,55,4336010,533083,130,4,2,4,0,2,1,0,60,1,0,1,3,0
201600016099,16,12,9,1617,1,2,1,1,6,55,4327863,542819,130,4,2,3,0,1,1,0,90,1,0,1,0,0
201600016100,16,12,9,1715,2,2,1,1,6,55,4331714,537272,130,4,2,2,0,1,1,0,60,1,0,1,0,0
201600016101,16,12,9,1540,1,2,4,1,7,55,4329946,543027,130,4,2,2,0,2,2,20,68,1,0,0,3,0
201600016102,16,12,9,1830,5,2,1,1,7,55,4329974,545662,130,4,2,2,0,2,1,0,66,1,0,1,99,0
201600016103,16,12,9,1930,5,2,1,1,6,55,4328576,544235,130,3,2,3,0,1,1,0,80,1,0,1,0,0
201600016104,16,12,10,10,5,2,3,1,3,55,4326852,540914,130,4,2,2,0,3,1,0,60,1,0,1,3,0
201600016105,16,11,25,830,1,2,1,1,3,55,4329063,538332,130,4,2,4,0,1,1,160,160,1,0,1,0,0
201600016106,16,12,10,1820,5,2,2,1,3,55,4337893,535698,130,3,2,3,0,1,1,0,75,1,0,1,0,0
201600016107,16,12,11,25,5,2,1,1,1,55,4333787,538471,130,4,2,0,0,2,2,0,80,1,0,1,99,0
201600016108,16,12,11,53,5,2,1,1,3,55,4325479,539184,130,4,2,7,0,1,1,0,210,1,1,1,99,0
201600016109,16,12,10,2220,5,2,3,8,7,55,4329342,543982,130,4,2,2,0,1,1,0,126,1,0,1,3,0
201600016110,16,12,5,1635,1,2,1,1,3,55,4329075,539987,130,4,3,6,3,1,1,35,180,1,0,1,0,0
201600016111,16,12,11,1555,1,2,6,1,2,55,4330339,547335,130,3,3,4,0,2,1,0,140,1,0,1,0,0
201600016112,16,12,11,145,5,2,1,1,1,55,4324973,544574,130,3,2,2,0,1,0,0,70,1,0,1,99,0
201600016113,16,12,11,2220,5,2,2,1,3,55,4329562,539785,130,4,2,2,0,1,1,0,50,1,0,1,99,0
201600016114,16,12,12,1245,1,2,2,1,3,55,4331512,543906,130,4,1,1,0,1,1,0,40,1,0,1,0,0
201600016115,16,12,9,1100,1,2,1,1,6,55,4329908,538415,130,4,3,3,0,1,0,0,90,0,0,0,0,0
201600016116,16,12,12,1540,1,2,1,1,6,55,4333544,539184,130,4,2,1,0,1,2,0,60,1,0,4,0,0
201600016117,16,12,12,1545,1,2,3,1,3,55,4328156,543425,130,4,2,2,0,2,1,0,60,1,0,1,99,0
201600016118,16,12,12,1345,1,2,1,1,3,55,4324638,543599,130,4,2,2,1,1,3,0,50,1,0,1,0,0
201600016119,16,12,12,2030,5,2,1,1,6,55,4328540,548162,130,3,2,2,0,1,1,0,70,1,0,0,99,0
201600016120,16,12,12,2100,5,2,1,1,3,55,4330775,540283,130,4,1,1,0,1,1,0,50,1,0,1,0,0
201600016121,16,12,12,2050,5,2,1,1,1,55,4333506,542067,130,4,2,2,0,3,1,30,60,1,0,1,99,0
201600016122,16,12,12,2120,5,2,1,1,1,55,4328978,540728,130,3,2,2,0,1,1,0,70,1,0,1,99,0
201600016123,16,12,12,1220,1,2,1,1,2,55,4331179,539607,130,4,3,2,0,1,1,0,60,1,0,1,0,0
201600016124,16,12,13,800,1,2,1,1,7,55,4331275,538434,130,4,2,2,0,1,1,0,60,1,0,1,0,0
201600016125,16,12,13,930,1,2,3,1,3,55,4327234,539978,130,4,2,2,0,1,1,0,60,1,0,1,99,0
201600016126,16,12,13,1655,5,2,1,1,6,55,4330917,538024,130,4,3,2,0,2,1,0,35,1,0,1,0,0
201600016127,16,12,14,810,1,1,1,1,3,55,4330784,542693,130,4,2,2,0,2,1,0,70,2,0,1,99,0
201600016128,16,12,14,1640,1,2,1,1,1,55,4335034,536201,130,4,2,2,0,1,1,0,60,1,0,1,99,0
201600016129,16,12,15,715,2,2,1,1,6,55,4334111,541096,130,4,2,2,0,2,1,0,70,1,0,1,3,0
201600016130,16,12,15,730,2,2,1,1,3,55,4333604,536748,130,4,2,2,0,1,1,0,60,1,0,1,0,0
201600016131,16,12,15,1100,1,2,1,1,6,55,4327957,541729,130,4,4,3,0,1,2,20,75,0,0,3,0,0
201600016132,16,12,15,1105,1,2,1,1,6,55,4328941,548125,130,3,2,2,1,1,1,5,70,1,0,1,0,0
201600016133,16,12,14,1831,2,2,1,1,2,55,4331567,540162,130,4,3,3,0,1,1,0,120,1,0,1,0,0
201600016134,16,12,15,1330,1,2,1,1,3,55,4328163,542556,130,3,2,3,0,1,1,20,120,1,5,1,0,0
201600016135,16,12,15,1600,1,2,1,1,6,55,4331637,542791,130,4,2,2,0,1,1,0,60,1,0,0,0,0
201600016136,16,12,15,2020,5,2,1,2,6,55,4330328,544235,130,4,2,2,0,2,2,0,70,2,0,4,0,0
201600016137,16,12,15,1830,5,2,1,1,6,75,4334282,546923,130,3,2,2,1,2,1,0,80,1,0,5,99,0
201600016138,16,12,16,745,2,2,2,1,1,55,4332958,545789,130,4,2,2,0,1,1,0,700,1,0,1,99,0
201600016139,16,12,16,915,1,2,3,1,3,55,4328872,545833,130,4,2,2,0,1,1,0,70,2,0,1,0,0
201600016140,16,12,16,1600,1,2,1,1,2,55,4326877,540365,130,4,0,2,0,1,1,0,120,1,0,1,0,0
201600016141,16,12,16,1620,1,2,1,1,6,55,4328014,544181,130,4,2,2,0,2,1,0,60,1,0,1,0,0
201600016142,16,12,16,1640,2,2,9,1,6,55,4329571,543336,130,4,2,2,0,2,1,0,87,1,0,1,3,0
201600016143,16,12,16,1810,5,2,1,1,3,55,4330654,542086,130,4,2,0,0,1,1,0,70,1,0,1,0,0
201600016144,16,12,16,2345,5,2,1,1,3,55,4330854,542575,130,4,3,2,0,1,1,60,100,1,5,1,99,0
201600016145,16,12,17,10,5,2,1,1,6,55,4328342,539717,130,2,2,1,0,1,2,0,60,1,0,1,3,0
201600016146,16,12,17,1920,5,2,3,1,1,55,4328284,540872,130,4,2,2,0,1,0,0,70,1,0,0,0,0
201600016147,16,12,16,1420,1,2,3,1,3,55,4329415,538601,130,4,1,2,0,1,0,0,60,1,0,1,0,0
201600016148,16,12,16,1345,1,2,1,1,6,55,4328341,538102,130,4,1,1,0,1,1,0,60,1,0,1,0,0
201600016149,16,12,18,1540,1,2,2,1,3,55,4333512,543306,130,2,0,2,0,1,1,0,60,1,0,1,0,0
201600016150,16,12,18,1925,5,2,1,1,7,55,4328448,543675,130,3,2,2,0,1,2,0,60,1,0,1,99,0
201600016151,16,12,19,1830,5,2,1,2,6,55,4328443,539865,130,4,2,8,0,1,1,0,240,2,2,1,99,0
201600016152,16,12,20,129,5,2,1,8,3,55,4331113,540100,130,4,3,2,0,1,1,25,30,2,0,1,0,0
201600016153,16,11,29,830,1,2,1,1,1,55,4328372,535440,130,4,2,2,0,1,1,0,60,1,0,1,0,0
201600016154,16,12,20,2035,5,2,1,8,5,55,4329233,540139,130,3,2,6,0,1,1,0,90,2,0,1,0,0
201600016155,16,12,21,1211,1,1,1,1,2,55,4328434,540035,130,4,1,1,0,2,1,0,25,0,1,1,0,0
201600016156,16,12,21,1330,1,2,3,1,6,55,4331152,544516,130,4,1,1,0,0,0,0,35,0,0,4,0,0
201600016157,16,12,17,1145,1,2,1,1,4,55,4331266,536673,130,4,3,4,0,1,1,35,120,1,0,1,0,0
201600016158,16,12,14,1230,1,2,6,1,3,55,4333917,542053,130,4,2,2,0,1,1,0,70,1,0,1,0,0
201600016159,16,12,22,740,1,2,1,1,2,55,4328675,541447,130,3,2,2,0,1,1,0,60,1,0,1,0,0
201600016160,16,12,22,1415,1,2,1,1,6,55,4328605,538712,130,4,2,3,0,1,1,0,75,1,0,1,0,0
201600016161,16,12,22,1915,5,2,1,1,6,55,4329485,544381,130,4,2,2,0,1,1,0,60,1,0,1,0,0
201600016162,16,12,17,1115,1,2,1,1,3,55,4329186,535720,130,4,1,2,0,2,1,0,60,1,0,1,0,0
201600016163,16,12,23,600,5,2,9,1,2,55,4328429,538461,130,4,2,6,0,1,1,0,180,1,0,1,0,0
201600016164,16,12,23,800,2,2,1,1,1,55,4331018,538963,130,4,2,2,0,1,1,0,70,1,0,1,0,0
201600016165,16,12,21,2020,5,2,1,1,6,55,4327804,535506,130,4,2,4,0,1,2,0,0,1,0,1,0,0
201600016166,16,12,16,1400,1,2,1,1,6,55,4328741,537842,130,4,1,1,0,2,1,0,25,1,0,1,3,0
201600016167,16,12,23,1500,1,2,2,1,6,55,4330309,536665,130,4,1,3,0,1,1,0,90,1,0,1,99,0
201600016168,16,12,23,1730,5,2,1,1,2,55,4327914,538318,130,4,2,2,0,1,1,0,70,1,0,1,0,0
201600016169,16,12,23,1820,5,2,1,1,3,55,4334950,544409,130,3,2,2,0,1,1,0,60,1,0,1,99,0
201600016170,16,12,24,1030,1,2,3,1,1,55,4330112,551051,130,4,2,2,0,1,1,0,60,1,0,1,0,0
201600016171,16,12,21,1230,1,2,1,1,2,55,4327854,535462,130,4,3,4,0,1,1,0,120,1,0,1,99,0
201600016172,16,12,24,1430,1,2,1,1,3,55,4327394,541416,130,4,2,4,0,1,1,60,60,1,0,1,0,0
201600016173,16,12,24,1400,1,1,1,1,5,2,4336112,549387,130,3,2,2,0,2,1,0,60,1,0,1,0,1
201600016174,16,12,24,1720,1,2,3,1,3,55,4329694,537366,130,4,1,1,0,1,1,0,35,1,0,0,0,0
201600016175,16,12,23,1840,5,2,1,1,2,2,4335256,548178,130,4,0,2,0,1,1,0,60,1,0,0,0,0
201600016176,16,12,25,1110,1,2,1,1,3,55,4332699,535668,130,3,2,2,0,1,1,0,60,1,0,1,0,0
201600016177,16,12,25,1900,5,2,3,1,6,55,4330415,536973,130,4,1,1,0,1,1,0,30,1,0,1,0,0
201600016178,16,12,25,2000,1,1,1,1,2,55,4328393,538453,130,4,0,6,0,1,1,0,180,1,0,0,0,0
201600016179,16,12,26,500,5,2,1,1,1,55,4329588,546171,130,4,2,2,0,2,4,0,50,1,0,1,0,0
201600016180,16,12,26,1230,1,2,1,1,7,55,4325993,540274,130,4,2,3,0,1,1,0,25,1,0,1,99,0
201600016181,16,12,26,1455,1,2,1,1,6,55,4328044,540824,130,4,2,2,0,1,1,0,60,1,0,1,0,0
201600016182,16,12,26,1445,1,2,2,1,5,55,4328475,539191,130,4,0,2,0,1,1,0,50,1,0,1,0,0
201600016183,16,12,26,1920,1,2,9,1,3,55,4333479,545384,130,6,2,0,0,1,1,0,50,1,0,1,0,0
201600016184,16,12,26,1730,5,2,1,1,4,55,4330647,551009,130,4,2,2,0,1,1,0,60,0,0,1,0,0
201600016185,16,12,27,1,5,2,1,1,3,55,4332873,539969,130,4,1,1,0,1,1,20,80,1,0,1,0,0
201600016186,16,12,27,445,5,2,1,1,6,55,4327319,538534,130,4,2,3,0,2,1,0,90,1,0,4,99,0
201600016187,16,12,27,1120,1,2,1,1,4,55,4331663,539698,130,4,3,5,0,1,1,15,150,1,0,0,0,0
201600016188,16,12,27,1500,1,2,1,1,2,55,4326499,539558,130,3,2,6,0,2,1,0,180,1,0,1,0,0
201600016189,16,12,27,1500,1,2,1,1,6,55,4332665,542330,130,4,2,0,0,1,1,0,0,1,0,0,0,0
201600016190,16,12,27,2015,5,2,1,1,7,55,4324672,539587,130,4,3,4,0,3,1,0,30,1,0,1,0,0
201600016191,16,12,27,2130,5,2,1,1,3,55,4333413,545522,130,4,2,2,0,1,1,0,60,1,0,1,99,0
201600016192,16,12,9,1315,1,2,2,1,3,55,4328996,538835,130,4,1,1,0,1,1,0,0,1,0,1,0,0
201600016193,16,12,27,1823,5,2,1,1,6,55,4328457,539538,130,4,2,2,0,1,3,0,60,1,0,1,0,0
201600016194,16,12,27,1700,1,2,3,1,5,55,4333161,541018,130,4,2,2,0,1,1,0,80,1,0,1,99,0
201600016195,16,12,9,1800,3,2,3,1,1,55,4328895,539965,130,4,3,6,0,1,1,25,180,1,0,1,0,0
201600016196,16,12,28,1300,1,2,1,1,3,55,4328832,543495,130,3,2,3,0,2,1,0,75,1,0,1,0,0
201600016197,16,12,28,1940,5,2,1,1,5,55,4325771,537621,130,4,3,0,0,0,0,0,0,0,0,1,0,0
201600016198,16,12,23,1100,1,2,3,1,6,55,4328752,537694,130,4,1,1,0,2,1,0,30,1,0,0,0,0
201600016199,16,12,27,1145,1,2,7,1,6,55,4329139,538063,130,4,1,1,0,0,1,0,30,1,0,1,0,0
201600016200,16,12,29,530,5,2,1,1,6,55,4333506,544390,130,3,2,2,0,1,2,18,85,1,0,4,99,0
201600016201,16,12,29,1015,1,2,1,1,3,55,4327954,541723,130,4,2,3,0,1,3,0,90,1,0,1,0,0
201600016202,16,12,17,1820,1,2,1,1,3,55,4329255,538403,130,4,2,2,0,1,1,0,60,1,0,1,0,0
201600016203,16,12,25,1110,1,2,9,1,3,55,4332694,535654,130,3,2,5,0,1,1,20,150,1,0,1,99,0
201600016204,16,12,29,1720,2,2,1,1,6,55,4325586,537660,130,4,2,5,3,1,1,20,150,1,0,1,99,0
201600016205,16,12,29,1835,5,2,1,1,3,55,4328875,539432,130,4,2,4,0,1,0,0,0,1,0,1,0,0
201600016206,16,12,29,2230,5,2,1,1,6,55,4329402,541169,130,4,2,2,0,1,1,0,60,1,0,4,99,0
201600016207,16,12,30,1330,1,2,1,1,1,55,4331374,537106,130,4,1,1,0,1,1,0,0,1,0,1,3,0
201600016208,16,12,30,1620,1,2,1,1,3,55,4327688,541918,130,4,2,2,0,1,1,15,50,0,0,1,0,0
201600016209,16,12,30,1750,2,2,3,1,1,55,4328477,544246,130,4,2,2,0,2,3,0,70,1,0,0,0,0
201600016210,16,12,31,1021,1,2,1,1,6,55,4329664,540563,130,4,1,2,0,1,2,0,50,1,0,1,0,0
201600016211,16,12,31,1230,1,2,1,1,6,55,4331742,536866,130,4,1,2,0,1,1,0,70,1,0,1,99,0
201600016212,16,12,31,1645,1,2,3,1,3,55,4331377,536804,130,4,3,4,0,0,0,0,120,0,0,1,0,0
201600016213,16,12,31,1850,4,2,1,1,3,55,4328224,539944,130,4,1,3,0,1,0,0,30,1,0,1,0,0
201600016214,16,12,31,1500,1,2,1,1,1,55,4329132,540488,130,4,2,2,0,1,0,0,60,1,0,1,99,0
201600016215,16,12,16,1500,1,2,1,1,2,56,4341100,505700,130,4,1,1,0,1,1,0,0,1,0,1,0,0
201600016216,16,12,15,1405,1,1,1,1,1,39,4346057,483741,130,3,2,2,0,1,1,0,119,1,0,1,0,0
201600016217,16,12,23,1155,1,2,1,1,4,56,4339924,504812,130,3,0,3,0,1,1,0,0,1,0,1,0,0
201600016218,16,12,16,1921,3,1,1,1,1,56,4336620,505636,130,3,2,2,0,2,2,0,0,1,0,1,0,0
201600016219,16,12,3,1800,5,2,1,1,1,26,4338123,517403,130,4,2,2,0,4,2,0,70,1,0,1,99,0
201600016221,16,2,7,1805,2,1,1,1,1,26,4337872,518810,130,3,2,2,0,1,3,0,0,1,0,1,99,0
201600016224,16,1,6,1215,1,2,3,1,3,56,4341211,502029,130,4,2,2,0,1,1,0,0,1,0,1,0,0
201600016226,16,1,6,1410,1,2,1,1,4,56,4341176,504387,130,3,3,4,0,4,1,0,144,1,0,1,0,0
201600016227,16,1,15,1334,1,2,3,1,1,56,4339947,505862,130,3,2,3,0,1,1,0,112,1,0,1,99,0
201600016228,16,2,5,900,1,2,1,1,6,39,4346330,493899,130,4,2,2,0,1,1,0,70,1,0,1,0,0
201600016232,16,2,6,1755,2,1,1,1,6,39,4343291,494223,130,2,2,2,0,1,2,0,0,1,0,1,0,0
201600016234,16,3,2,1145,1,2,1,1,6,39,4327540,456350,130,4,2,2,0,1,1,0,70,1,0,1,0,0
201600016235,16,3,3,1115,1,1,1,9,6,39,4343773,494092,130,2,3,4,0,1,1,15,78,1,0,1,99,0
201600016237,16,3,7,2015,3,1,1,1,7,39,4348610,488425,130,3,2,3,0,2,2,0,112,1,0,3,0,0