Num_Acc,an,mois,jour,hrmn,lum,agg,int,atm,col,com,lat,long,dep,catr,circ,nbv,vosp,prof,plan,lartpc,larrout,surf,infra,situ,env1,killed
201600016238,16,3,17,1600,1,1,1,2,2,39,4348206,487130,130,3,2,3,0,1,1,0,112,1,0,1,0,0
201600016240,16,3,31,1000,1,2,1,1,2,77,4342182,497735,130,2,3,5,3,1,1,0,98,1,0,1,99,0
201600016241,16,6,6,1034,1,1,1,1,5,56,4334879,505714,130,3,2,2,0,2,1,0,70,1,0,1,0,1
201600016244,16,4,1,1400,1,1,1,2,1,56,4338297,506523,130,3,2,2,0,0,3,0,62,2,0,0,0,0
201600016245,16,4,16,1830,1,1,1,1,1,56,4337499,506376,130,3,2,2,0,2,1,0,92,1,0,1,99,1
201600016247,16,6,24,1200,1,2,1,1,2,77,4341664,498220,130,2,2,2,0,1,1,0,0,1,0,1,99,0
201600016250,16,4,29,1210,1,2,1,1,2,56,4333391,504840,130,3,0,2,0,1,1,0,0,1,0,1,0,0
201600016251,16,4,29,1250,1,2,1,1,2,26,4339113,517616,130,3,2,2,0,1,2,0,0,1,0,0,0,0
201600016252,16,5,23,2000,2,1,1,1,4,39,4344577,493845,130,2,2,4,0,0,0,0,0,0,0,1,0,0
201600016253,16,5,24,751,2,1,1,1,3,39,4347132,495064,130,2,2,2,0,1,1,0,0,1,0,1,99,0
201600016254,16,5,28,230,3,1,1,1,6,39,4346175,491973,130,3,2,2,0,1,1,0,0,1,5,3,99,0
201600016255,16,6,1,2030,2,1,1,1,1,56,4337627,506454,130,3,2,4,0,1,1,0,0,1,0,0,0,0
201600016256,16,9,3,2040,2,2,1,1,6,26,4338037,518683,130,3,2,2,0,1,1,0,100,1,0,1,99,1
201600016257,16,6,29,1524,1,2,3,1,3,56,4341993,504367,130,4,2,2,0,1,1,0,0,1,0,1,0,0
201600016258,16,5,21,1330,1,1,1,1,6,39,4343060,494711,130,2,3,6,3,1,1,0,35,1,0,1,0,0
201600016259,16,7,3,2130,3,1,1,1,1,56,4342500,501879,130,3,2,2,0,1,2,0,0,0,0,1,0,0
201600016260,16,5,25,1730,1,2,1,1,6,77,4340505,498517,130,4,1,1,0,1,1,0,36,1,0,1,0,0
201600016261,16,7,12,700,2,1,1,1,3,77,4342172,497753,130,2,2,4,0,1,1,0,0,1,5,1,99,0
201600016262,16,7,23,1930,2,2,2,1,3,26,4338486,515828,130,4,2,1,0,1,1,0,0,1,0,1,0,0
201600016263,16,5,25,750,1,1,1,1,3,26,4338680,519274,130,3,2,2,0,1,1,0,35,1,0,1,99,0
201600016265,16,8,1,1445,1,2,1,1,3,56,4336627,508902,130,4,2,2,0,1,1,0,0,1,0,1,99,0
201600016266,16,7,6,1035,1,2,3,1,3,56,4341264,505074,130,3,2,2,0,3,1,0,0,1,5,0,0,0
201600016269,16,6,15,1030,1,2,1,1,6,56,4333928,505386,130,3,2,2,0,1,1,0,71,1,0,1,0,0
201600016270,16,6,22,1440,1,1,1,1,2,26,4337901,518866,130,3,2,2,0,1,1,0,0,1,0,1,0,0
201600016271,16,6,21,2245,5,2,1,1,1,56,4339145,502639,130,3,2,2,0,1,1,0,80,1,0,1,0,0
201600016272,16,6,28,1159,1,2,1,1,3,56,4340331,505742,130,6,2,2,0,1,1,0,0,1,0,1,0,0
201600016273,16,9,25,215,4,1,1,1,6,39,4346184,492060,130,2,2,2,0,1,4,0,70,1,0,3,0,1
201600016274,16,8,5,1715,1,1,1,1,3,26,4339181,515730,130,2,2,2,0,1,1,0,90,1,0,1,0,0
201600016275,16,8,14,1730,1,1,1,1,3,77,4341369,500412,130,2,3,4,0,1,1,0,70,1,0,1,0,0
201600016276,16,8,14,1130,1,2,3,1,6,56,4340103,505610,130,4,1,1,0,1,1,0,35,1,0,1,0,0
201600016277,16,8,22,1915,1,2,1,1,6,56,4333738,505074,130,4,2,2,0,3,1,0,70,1,0,1,0,0
201600016278,16,8,22,1205,1,1,1,1,2,77,4342008,500193,130,3,2,2,0,1,1,0,70,1,5,1,99,0
201600016279,16,8,25,1700,1,1,1,1,3,77,4342686,500066,130,3,2,2,0,2,4,0,70,1,0,1,0,0
201600016280,16,8,15,1540,1,2,1,1,3,56,4340332,505745,130,6,2,2,0,1,1,0,0,1,0,1,99,0
201600016281,16,8,21,445,3,1,1,1,3,39,4346918,494195,130,2,2,2,0,2,3,0,110,1,0,1,0,0
201600016282,16,9,21,930,1,2,1,1,6,56,4340625,504887,130,4,2,2,0,1,1,0,0,1,0,1,99,0
201600016283,16,9,3,1330,1,2,3,1,1,56,4341400,503700,130,4,2,2,0,1,1,0,0,1,5,1,0,0
201600016284,16,9,8,1520,1,2,1,1,1,56,4340384,502859,130,4,2,2,0,1,3,0,0,1,0,1,99,0
201600016285,16,9,2,1145,1,2,1,1,3,56,4339932,503971,130,4,2,2,0,1,1,0,0,1,0,1,99,0
201600016286,16,9,20,1300,1,2,1,1,2,56,4339631,503466,130,4,2,2,0,2,1,0,0,1,0,1,99,0
201600016287,16,10,7,1630,1,1,1,1,3,39,4346957,493935,130,2,2,2,0,1,1,0,0,1,0,1,0,0
201600016288,16,10,19,1750,1,2,1,1,6,56,4342585,504586,130,4,0,2,0,1,1,0,55,1,0,1,99,0
201600016289,16,10,18,1725,1,2,1,1,3,39,4343675,494430,130,4,2,2,0,1,1,0,65,1,0,1,0,0
201600016290,16,11,24,2027,5,2,1,3,5,56,4339955,506333,130,4,2,2,0,1,1,0,0,2,0,1,0,0
201600016291,16,10,8,1500,1,1,1,1,1,56,4336282,509643,130,4,2,2,0,1,1,0,77,1,0,1,99,0
201600016292,16,11,17,1650,1,1,1,1,4,39,4343052,494818,130,2,2,4,0,1,1,0,0,1,0,1,0,0
201600016293,16,11,14,905,2,1,1,1,4,39,4343055,494805,130,2,2,4,0,1,1,0,0,1,0,1,0,0
201600016294,16,12,12,1200,1,2,1,1,5,56,4340140,504523,130,3,2,4,0,1,1,0,70,1,0,1,99,0
201600016295,16,11,17,2315,4,1,1,1,7,39,4348648,488647,130,2,1,2,0,1,3,0,70,1,5,1,0,1
201600016296,16,11,26,305,5,1,1,1,6,77,4342226,497768,130,2,3,4,0,1,1,0,70,1,0,1,0,1
201600016297,16,2,15,950,1,2,1,1,6,103,4364049,508496,130,4,2,2,0,1,1,0,70,1,0,1,3,0
201600016298,16,5,4,905,1,2,8,1,6,103,4364813,509242,130,3,2,2,0,1,1,0,0,1,0,1,99,0
201600016299,16,5,5,1650,1,1,3,1,2,103,4366884,507630,130,3,2,2,0,1,1,0,75,1,0,1,0,0
201600016301,16,9,24,1725,1,2,1,1,7,103,4363560,506719,130,4,2,2,0,0,0,0,0,0,0,1,0,0
201600016302,16,10,4,2345,5,2,1,1,3,103,4362830,511657,130,3,2,2,0,2,0,0,0,1,0,1,99,0
201600016303,16,10,5,1825,1,2,3,1,6,103,4364145,509697,130,4,1,1,1,0,0,0,0,0,0,5,0,1
201600016305,16,10,16,1830,2,1,1,8,3,103,4364418,511388,130,3,0,2,0,0,3,0,0,1,0,1,0,0
201600016306,16,12,17,426,5,1,1,1,6,103,4365640,508535,130,3,2,2,3,1,3,0,46,1,0,1,99,1
201600016307,16,12,25,1845,3,1,1,1,6,103,4365858,509724,130,3,2,1,0,1,2,0,70,1,0,1,99,0
201600016308,16,1,3,1750,5,2,6,1,3,32,4381510,461609,300,4,2,2,0,1,1,0,0,1,0,1,99,0
201600016311,16,2,24,1000,1,2,1,1,6,108,4380131,466516,130,3,2,2,0,1,1,0,90,1,0,1,0,0
201600016312,16,3,4,1130,1,2,3,1,3,108,4380883,465568,130,3,2,2,0,1,1,0,0,1,0,1,0,0
201600016316,16,5,18,1607,1,1,3,2,5,108,4382416,469489,130,3,2,2,0,1,2,0,64,2,0,1,99,1
201600016317,16,6,12,1245,1,1,1,1,6,108,4382579,469970,130,3,2,2,0,1,2,0,0,1,0,1,99,0
201600016320,16,7,15,1920,1,1,3,1,5,108,4377554,468135,130,3,2,2,0,1,1,0,0,1,0,0,99,0
201600016321,16,7,15,1930,1,1,3,1,3,32,4379283,458590,300,3,2,2,0,0,0,0,0,0,0,1,0,0
201600016323,16,8,28,800,2,1,1,1,7,32,4378083,455112,300,3,2,2,0,1,1,0,0,1,0,1,0,0
201600016324,16,8,29,830,1,1,1,1,3,108,4383194,467250,130,3,2,2,0,1,2,0,0,1,0,1,99,0
201600016325,16,9,16,730,1,2,3,1,3,108,4380438,466279,130,3,2,2,0,1,1,0,0,1,0,1,0,0
201600016326,16,10,20,750,1,1,1,1,5,32,4379501,459477,300,3,2,2,0,1,2,0,0,1,0,1,99,0
201600016328,16,11,18,1845,5,2,3,2,3,32,4380714,463646,300,4,2,2,0,1,1,0,0,2,0,1,99,0
201600016330,16,12,4,500,3,2,1,1,6,32,4380779,462308,300,4,2,2,0,1,3,0,0,1,2,1,99,1
201600016332,16,1,3,845,1,2,1,1,6,117,4343769,523523,130,3,3,2,0,1,1,0,70,1,0,1,0,0
201600016333,16,1,5,800,1,2,1,1,2,117,4341977,527151,130,3,1,2,0,1,1,0,100,2,0,1,0,0
201600016334,16,1,5,930,1,1,1,1,6,117,4345149,530296,130,3,1,2,0,1,3,0,0,2,0,3,99,0
201600016335,16,1,7,900,1,2,1,2,6,117,4342867,527226,130,3,1,1,0,1,3,0,35,2,2,2,99,0
201600016336,16,1,7,1220,1,2,1,8,3,71,4341092,532653,130,3,0,0,0,1,0,25,40,2,0,0,0,0
201600016338,16,1,12,1340,1,1,6,1,2,71,4340922,532478,130,3,2,3,0,3,1,70,190,1,0,1,99,0
201600016339,16,1,13,900,1,1,1,1,4,19,4347960,535509,130,3,2,0,0,1,1,0,60,1,0,1,0,0
201600016340,16,1,14,1430,1,2,3,2,3,102,4342324,524109,130,3,2,0,0,1,1,0,35,2,0,1,99,0
201600016341,16,1,15,2050,5,1,1,1,2,71,4341474,534988,130,3,2,2,0,2,1,0,129,1,0,1,99,0
201600016342,16,1,16,1940,5,1,1,1,2,117,4343176,525833,130,3,1,0,0,1,1,0,80,1,0,1,99,0
201600016344,16,1,21,1050,1,2,6,1,3,117,4344985,524325,130,4,2,2,0,1,1,0,35,1,0,1,99,0
201600016345,16,1,22,1120,1,2,1,1,2,117,4343598,524206,130,4,2,2,0,1,1,0,35,1,0,1,0,0
201600016347,16,1,26,1735,1,2,3,1,3,117,4343012,523468,130,3,2,4,0,2,1,0,35,1,0,1,0,0
201600016348,16,1,27,1030,1,1,1,1,6,71,4341718,528852,130,3,2,2,0,2,1,0,70,1,0,1,3,0
201600016349,16,1,27,1400,1,2,1,1,4,117,4342462,524716,130,3,2,1,0,1,1,0,80,1,0,1,99,0
201600016351,16,2,1,1715,1,1,1,1,4,117,4345963,523283,130,3,2,1,0,2,1,0,35,1,0,1,99,0
201600016352,16,2,7,845,1,1,1,3,6,117,4342700,525320,130,3,3,2,0,1,1,20,35,2,0,1,3,0
201600016353,16,2,5,1115,1,2,3,1,5,117,4344204,525300,130,4,2,2,0,1,1,0,80,1,0,1,0,0
201600016354,16,2,10,910,1,2,2,1,3,117,4342689,523473,130,3,1,1,0,1,1,0,0,1,3,1,99,0
201600016355,16,2,8,2050,5,1,1,2,7,117,4342217,528676,130,4,2,2,0,1,3,0,85,2,0,1,99,0
201600016356,16,2,13,1500,1,1,1,1,6,117,4344350,529692,130,3,1,2,0,1,2,0,70,2,0,1,0,0
201600016357,16,2,16,1400,1,1,1,1,2,117,4342498,524823,130,3,1,3,0,1,1,0,105,1,0,1,0,0
201600016358,16,2,16,1920,5,2,1,1,1,117,4344521,525643,130,3,1,1,0,2,1,0,35,1,0,1,99,0
201600016360,16,2,17,1630,1,2,7,1,2,117,4343567,525889,130,6,1,2,0,1,0,0,30,1,0,1,99,0
201600016361,16,2,19,2120,5,2,1,1,2,117,4342684,527807,130,4,3,2,0,1,1,0,0,1,0,1,99,0
201600016362,16,2,20,1650,1,2,1,1,4,117,4343304,526298,130,4,2,4,0,1,1,0,0,1,0,1,99,0
201600016363,16,2,22,850,1,2,1,1,2,19,4346661,535406,130,3,2,1,0,1,1,0,0,1,0,1,0,0
201600016364,16,2,26,1840,2,2,3,1,3,117,4342489,528243,130,4,2,0,0,1,1,0,68,1,0,1,0,0
201600016366,16,3,2,1200,1,1,2,1,3,117,4342324,524106,130,3,1,1,0,1,1,0,50,1,0,1,99,0
201600016368,16,3,5,1115,1,1,1,1,5,19,4347213,535489,130,3,2,2,0,1,1,0,80,1,0,1,0,0
201600016369,16,3,6,1700,1,1,1,1,2,19,4346408,535352,130,3,1,2,0,1,1,0,30,1,0,1,99,0
201600016370,16,3,6,2310,5,2,1,1,7,71,4341261,530231,130,2,2,2,0,1,1,0,40,1,0,1,99,0
201600016371,16,3,4,1620,1,1,1,1,4,117,4347170,523050,130,3,1,1,0,1,1,15,35,1,0,1,0,0
201600016372,16,3,7,745,1,1,1,1,4,117,4342751,525574,130,3,3,2,0,1,1,40,70,1,0,1,99,0
201600016374,16,3,8,1520,1,2,1,1,3,19,4342193,536774,130,3,2,2,0,1,1,0,45,1,0,1,0,0
201600016375,16,3,10,1350,1,1,1,1,6,117,4344091,523348,130,3,2,4,0,1,1,0,100,1,0,1,99,0
201600016377,16,3,12,330,5,1,1,1,6,19,4346093,537108,130,3,2,1,0,1,1,0,0,1,0,1,99,0
201600016378,16,3,14,1450,1,1,1,1,6,117,4341982,527140,130,3,1,2,0,0,0,0,0,0,0,3,0,0
201600016379,16,3,10,1100,1,2,1,1,6,71,4337792,534855,130,4,1,1,0,3,1,0,37,1,0,4,99,0
201600016380,16,3,16,1030,1,1,1,2,6,19,4345472,531732,130,3,3,1,0,1,1,0,35,2,0,1,0,0
201600016381,16,3,16,1115,1,1,1,2,7,117,4344350,529692,130,3,1,2,0,1,2,0,70,2,0,0,99,0
201600016382,16,3,17,715,2,2,2,1,5,117,4342688,523473,130,3,1,1,0,2,1,0,30,2,5,1,0,0
201600016384,16,3,19,1715,1,1,1,1,7,19,4345785,535390,130,3,2,2,0,1,1,0,50,1,0,1,0,0
201600016385,16,3,20,1800,2,1,1,1,7,19,4345658,532208,130,3,1,2,0,1,1,0,70,1,0,1,99,0
201600016386,16,3,21,1115,1,1,6,1,2,117,4347083,523138,130,3,1,2,0,1,1,30,70,1,0,1,99,0
201600016387,16,3,24,700,1,2,3,1,1,117,4342792,523655,130,4,2,0,0,1,1,0,70,1,0,1,0,0
201600016389,16,3,26,930,1,1,1,1,4,117,4344325,523218,130,3,1,2,0,4,1,10,100,1,0,1,0,0
201600016390,16,3,26,1800,1,1,1,1,6,117,4346488,523625,130,3,2,2,0,2,2,0,70,1,0,1,0,0
201600016391,16,3,28,1252,1,2,1,1,6,71,4339089,534171,130,3,2,1,0,2,1,0,0,1,0,1,0,0
201600016392,16,3,30,1530,1,2,1,1,2,117,4342436,524641,130,3,2,3,0,1,1,0,135,1,0,1,99,0
201600016393,16,3,30,1400,1,1,1,1,3,71,4341681,529188,130,3,2,2,2,1,1,0,70,1,0,1,0,0
201600016396,16,4,7,645,5,2,1,1,6,71,4338316,534658,130,2,1,1,0,3,3,15,40,1,0,0,0,0
201600016397,16,4,7,1800,1,2,2,1,1,117,4342330,528372,130,4,2,2,0,1,1,0,60,1,0,1,99,0
201600016399,16,4,8,1715,1,1,1,1,4,117,4342057,527035,130,3,3,2,0,1,1,0,70,1,0,1,99,0
201600016400,16,4,8,2130,3,1,2,1,3,71,4341852,536650,130,1,1,1,0,0,0,0,0,0,0,1,0,0
201600016401,16,4,9,900,1,1,1,1,7,117,4341958,527178,130,3,1,3,0,2,3,0,35,2,0,3,99,0
201600016402,16,4,10,600,3,2,3,1,3,71,4341549,529646,130,2,2,2,0,1,1,47,70,1,0,1,99,0
201600016404,16,4,12,1655,1,2,3,1,4,71,4338033,534805,130,3,0,2,0,1,0,0,0,1,0,1,0,0
201600016405,16,4,14,1520,1,1,3,1,3,117,4342324,524109,130,3,1,2,0,3,1,0,0,1,5,1,0,0
201600016406,16,4,16,745,1,2,1,1,2,71,4340851,531802,130,3,2,2,0,1,1,0,89,1,0,1,0,1
201600016407,16,4,17,1450,1,2,2,1,3,117,4342324,524109,130,3,1,2,0,1,1,0,0,1,0,1,99,0
201600016408,16,4,20,910,1,2,1,1,2,19,4345980,535333,130,3,0,0,0,1,1,0,0,1,0,1,0,0
201600016409,16,4,20,1800,1,2,2,1,3,117,4342688,523473,130,3,1,1,0,1,1,0,40,1,0,0,0,0
201600016411,16,4,22,1800,1,1,1,1,3,71,4340727,532992,130,3,2,2,0,2,1,0,80,1,0,1,0,0
201600016412,16,4,23,1800,1,2,1,1,1,71,4341830,532108,130,4,2,2,0,1,3,0,60,1,0,1,0,0
201600016413,16,4,26,830,1,1,1,1,6,19,4342200,536768,130,3,2,2,0,1,1,0,35,1,0,1,99,0
201600016414,16,4,26,1815,1,2,1,1,1,71,4341292,530171,130,3,2,0,0,2,1,0,60,1,0,0,99,0
201600016415,16,4,27,825,1,2,6,1,3,117,4345029,524558,130,4,0,2,0,0,0,0,0,1,0,0,0,0
201600016416,16,4,27,1220,1,1,1,1,3,117,4341585,523041,130,4,2,2,0,1,1,0,80,1,0,1,99,0
201600016417,16,4,27,1700,1,2,1,1,5,117,4344385,524593,130,4,0,1,0,1,0,0,60,1,0,1,99,0
201600016418,16,4,27,1800,1,2,1,1,2,117,4343084,525921,130,3,1,2,0,1,1,0,80,1,0,1,99,0
201600016420,16,5,2,1540,1,2,1,1,2,71,4341260,531820,130,3,2,2,0,2,1,0,70,1,0,1,99,0
201600016421,16,5,4,830,1,1,1,1,6,117,4342762,526200,130,3,1,2,0,1,1,0,0,1,0,1,0,0
201600016422,16,5,6,2205,5,1,6,1,3,71,4341433,535347,130,4,0,1,0,1,0,0,0,1,0,1,0,0
201600016423,16,5,9,1800,1,2,2,1,3,117,4342324,524108,130,3,1,1,0,1,1,0,70,1,0,0,99,0
201600016425,16,5,12,840,1,2,1,1,3,117,4347067,523169,130,3,2,2,0,1,1,0,70,2,0,1,0,0
201600016426,16,5,12,750,1,2,3,1,3,117,4343692,525662,130,4,2,2,0,2,1,0,0,2,0,1,99,0
201600016427,16,5,7,1730,1,1,1,1,2,71,4340801,530883,130,3,2,2,0,1,1,0,0,0,0,1,99,0
201600016428,16,5,12,1610,1,1,1,1,3,71,4340778,530200,130,3,2,2,0,1,1,0,70,1,0,1,0,0
201600016429,16,5,14,1330,1,2,1,1,3,71,4340946,532552,130,3,1,1,0,1,1,30,30,1,0,1,0,0
201600016431,16,5,18,900,1,1,1,1,3,19,4347963,535526,130,3,2,2,0,1,1,0,70,1,0,1,0,0
201600016432,16,5,24,715,1,2,1,1,6,71,4338004,534970,130,3,2,2,0,2,1,0,60,1,0,1,99,0
201600016434,16,5,27,1430,1,2,9,1,6,71,4341997,536696,130,3,1,2,0,1,4,0,0,1,5,1,99,0
201600016435,16,5,28,1550,1,2,6,1,3,117,4342567,526973,130,4,1,1,0,1,2,0,0,1,5,1,99,0
201600016436,16,5,28,2210,5,2,1,1,7,71,4341849,536686,130,3,3,1,0,1,1,0,500,1,0,1,99,0
201600016437,16,5,31,1245,1,2,6,1,7,117,4342622,525048,130,4,2,2,0,1,2,35,35,1,5,1,99,0
201600016438,16,6,1,915,1,2,1,1,6,71,4339041,534206,130,6,2,0,0,1,1,0,0,1,0,4,99,0
201600016439,16,6,1,2000,1,1,6,1,3,19,4347849,535609,130,3,1,1,0,1,1,0,0,1,0,1,0,0
201600016440,16,6,3,1700,1,2,1,1,6,117,4343627,526028,130,4,2,2,0,1,2,0,60,1,0,1,99,0
201600016441,16,6,4,1730,1,1,1,1,3,71,4340743,529406,130,3,3,3,0,1,1,0,0,1,3,1,0,0
201600016442,16,6,7,1750,1,2,1,1,2,117,4344307,524194,130,3,2,2,0,2,1,10,45,1,2,1,0,0
201600016443,16,6,8,1845,1,2,1,1,3,117,4344459,525490,130,4,2,2,0,1,1,0,80,1,0,1,0,0
201600016444,16,6,13,1420,1,1,2,1,3,117,4342324,524112,130,3,0,2,0,1,1,0,0,0,0,0,0,0
201600016445,16,6,14,900,1,2,1,1,4,71,4341103,530971,130,3,2,3,3,2,1,0,105,1,0,1,99,0
201600016446,16,6,15,820,1,2,1,1,1,71,4341334,536808,130,4,2,2,0,2,3,0,50,1,0,1,99,0
201600016447,16,6,14,2330,3,1,1,1,1,71,4341159,536091,130,4,0,2,0,1,4,0,30,0,2,1,99,0
201600016449,16,6,16,1245,1,2,1,2,7,117,4343158,525853,130,3,2,2,0,2,3,0,70,2,0,3,99,0
201600016450,16,6,17,630,2,1,1,1,2,117,4342323,524108,130,3,1,3,0,2,2,0,120,1,0,1,99,0
201600016451,16,6,17,2050,1,2,9,1,1,71,4337440,535444,130,3,2,1,0,1,1,0,40,1,0,1,99,1
201600016452,16,6,19,2045,2,2,6,1,2,71,4340941,532553,130,3,4,2,0,4,3,0,80,1,5,1,99,0
201600016453,16,6,21,1350,1,1,3,1,3,117,4342324,524109,130,3,1,2,0,1,1,0,100,1,0,1,99,0
201600016454,16,6,22,600,2,2,1,1,7,117,4343204,527624,130,4,2,2,0,2,2,0,0,1,0,0,99,0
201600016455,16,6,23,715,1,1,1,1,4,117,4342700,525320,130,3,1,3,0,1,1,0,70,1,3,1,0,0
201600016456,16,6,24,845,1,1,1,1,6,71,4340164,533914,130,3,2,0,0,1,1,0,35,1,0,1,99,0
201600016457,16,6,24,1750,1,2,1,1,3,71,4340868,531960,130,3,2,2,0,1,1,0,35,1,0,1,0,0
201600016458,16,6,28,1030,1,2,3,1,6,19,4346120,535302,130,3,0,2,0,1,1,0,120,1,0,1,0,0
201600016459,16,6,28,1615,1,1,1,1,2,19,4342170,536748,130,3,0,1,0,1,0,0,0,1,0,1,99,0
201600016460,16,6,29,1750,1,1,1,1,3,71,4341784,536714,130,3,2,3,0,1,1,0,105,1,0,1,0,0
201600016462,16,7,1,815,1,1,1,1,1,71,4340775,530249,130,3,2,2,0,1,1,0,160,1,0,0,0,0
201600016463,16,7,1,1650,1,1,3,1,6,117,4344390,524108,130,3,1,2,0,1,1,0,0,1,0,1,0,0
201600016464,16,6,30,1800,1,2,1,1,3,71,4341265,530227,130,3,2,2,0,1,1,0,0,1,0,1,0,0
201600016465,16,7,3,2130,2,2,1,1,1,71,4339469,534033,130,3,2,2,0,1,1,0,0,1,0,1,99,0
201600016466,16,7,5,1045,1,2,2,1,3,117,4344851,524650,130,4,1,2,0,1,1,0,60,1,5,1,0,0
201600016467,16,7,5,1220,1,1,6,1,2,117,4342092,526815,130,4,2,0,0,1,1,0,70,1,5,1,0,0
201600016468,16,7,5,1410,1,1,1,1,7,19,4345644,532649,130,3,0,1,0,1,1,0,0,1,0,0,0,0
201600016469,16,7,7,830,1,2,6,1,1,19,4346528,535367,130,3,0,0,0,1,1,0,35,1,0,0,3,0
201600016470,16,7,7,820,1,2,1,1,1,71,4340800,530883,130,3,0,1,0,0,1,5,79,1,0,0,0,0
201600016472,16,7,7,1600,1,1,2,1,3,71,4341380,536109,130,6,2,2,0,1,1,0,0,1,0,1,0,0
201600016473,16,7,9,1005,1,2,3,1,3,19,4344025,537381,130,4,2,2,0,1,1,0,70,1,0,0,0,0
201600016474,16,7,11,1330,1,1,1,1,2,117,4342309,525719,130,4,2,2,0,1,1,0,70,1,0,1,0,0
201600016475,16,7,12,1750,1,1,1,1,2,19,4347970,535619,130,3,1,2,0,1,1,15,90,1,0,1,99,0
201600016478,16,7,18,930,1,2,1,1,2,117,4345431,523823,130,4,2,2,0,1,1,0,60,1,0,1,99,0
201600016479,16,7,22,1855,1,1,1,1,1,19,4346132,537023,130,3,2,2,0,1,1,0,40,0,0,1,99,0
201600016480,16,7,24,1720,1,1,1,1,6,19,4342069,536714,130,3,2,2,0,0,0,0,0,0,0,1,0,0
201600016481,16,7,26,1515,1,1,1,1,2,117,4342418,524529,130,3,1,3,0,0,1,0,120,1,0,1,0,0
201600016482,16,7,26,1730,1,1,1,1,4,19,4347659,535094,130,3,3,0,0,1,1,10,70,1,0,1,99,0
201600016483,16,7,27,700,1,1,1,1,6,117,4342785,526928,130,3,3,3,0,2,1,10,110,1,0,1,0,0
201600016484,16,7,27,1620,1,1,1,1,3,71,4341010,532424,130,3,2,2,0,2,1,0,70,1,0,1,99,0
201600016485,16,7,28,1950,1,2,1,1,6,71,4338003,534987,130,3,2,0,0,1,1,0,80,1,0,1,0,0
201600016486,16,7,31,345,3,1,1,1,1,19,4345953,533416,130,3,2,2,0,2,4,0,80,1,0,1,99,0
201600016489,16,8,1,1930,1,2,1,1,5,71,4340977,535121,130,4,2,2,0,2,2,0,60,1,0,1,99,0
201600016496,16,8,24,1715,1,1,1,1,5,19,4345097,535981,130,3,2,2,0,2,1,0,0,1,0,1,0,0
201600016499,16,8,29,1130,1,1,1,1,2,117,4341982,527142,130,3,1,2,0,1,1,0,0,1,0,1,0,0
201600016504,16,9,7,1505,1,1,1,1,6,117,4343173,525838,130,3,1,1,0,2,3,0,30,1,0,3,99,0
201600016506,16,9,8,740,1,2,4,1,4,117,4347494,522803,130,3,1,2,0,1,1,0,100,1,0,1,0,0
201600016508,16,9,8,1445,1,1,1,1,1,71,4342532,536965,130,4,2,2,0,1,1,0,60,1,0,1,0,0
201600016509,16,9,9,850,1,1,1,1,3,71,4341125,531250,130,3,2,3,3,2,1,0,70,1,0,1,0,0
201600016510,16,9,9,1410,1,1,1,1,2,117,4341839,527239,130,3,1,2,0,1,1,0,0,1,2,1,99,0
201600016511,16,9,9,1855,1,2,2,1,5,117,4342324,524108,130,4,2,2,0,1,2,0,35,1,0,0,99,0
201600016513,16,9,10,2135,5,2,1,1,6,71,4341756,535941,130,6,0,0,0,1,1,0,0,1,0,0,99,0
201600016514,16,9,12,800,1,2,1,1,2,117,4343839,524592,130,4,2,2,0,1,1,0,63,1,0,1,0,0
201600016515,16,9,14,930,1,2,1,1,6,117,4341857,527369,130,3,1,0,0,1,1,0,40,1,3,1,99,0
201600016516,16,9,19,630,2,1,1,1,5,117,4342811,526949,130,4,1,0,0,2,1,0,70,0,0,1,99,0
201600016517,16,9,19,1630,1,2,1,1,1,71,4340992,531144,130,4,2,2,0,4,1,0,0,1,0,1,3,0
201600016518,16,9,20,1325,1,1,1,1,4,117,4343898,523446,130,3,2,2,0,1,1,0,60,1,0,1,99,0
201600016519,16,9,20,1700,1,1,1,1,6,117,4344616,524860,130,4,1,2,0,1,1,0,70,1,0,1,3,0
201600016520,16,9,21,1440,1,2,9,1,3,117,4342370,527535,130,4,2,2,3,1,1,7,65,1,0,1,3,0
201600016522,16,9,24,1555,1,1,1,1,3,71,4341159,536091,130,4,2,2,0,2,4,0,60,1,0,1,99,0
201600016524,16,9,24,1815,1,1,1,1,7,19,4345876,533259,130,3,2,2,0,0,0,35,40,0,0,1,99,0
201600016525,16,9,26,1250,1,1,1,1,3,117,4344350,529692,130,3,3,2,0,3,1,0,70,1,2,1,0,0
201600016526,16,9,28,1530,1,2,1,1,2,117,4344782,524265,130,4,2,2,0,1,1,0,35,1,0,1,99,0
201600016527,16,9,30,710,1,1,1,1,4,117,4342275,526751,130,3,1,2,0,1,1,0,35,1,3,1,99,0
201600016528,16,9,30,1515,1,1,1,2,3,71,4338371,534048,130,5,0,2,0,2,3,0,116,2,0,1,99,0
201600016529,16,9,30,1920,2,2,6,1,2,71,4340962,532550,130,4,2,2,0,2,2,0,0,1,0,0,99,0
201600016530,16,10,1,1420,1,1,1,1,6,19,4341861,536119,130,3,0,4,0,0,0,0,0,0,0,0,0,0
201600016531,16,10,3,700,3,2,1,1,2,19,4346145,535310,130,3,2,2,0,1,0,0,40,1,0,1,99,0
201600016532,16,10,4,2335,3,2,1,1,2,117,4342471,524685,130,3,1,3,0,4,1,0,110,1,3,1,99,0
201600016533,16,10,6,1850,2,2,4,3,4,117,4342780,526774,130,3,1,1,0,2,1,0,50,2,3,1,99,0