Num_Acc,an,mois,jour,hrmn,lum,agg,int,atm,col,com,lat,long,dep,catr,circ,nbv,vosp,prof,plan,lartpc,larrout,surf,infra,situ,env1,killed
201600016534,16,10,7,815,1,2,1,5,6,19,4343922,538938,130,3,2,2,0,1,1,0,40,1,0,1,99,0
201600016535,16,10,10,730,1,2,1,1,3,71,4338311,534519,130,9,2,2,0,3,1,0,80,1,0,1,0,0
201600016536,16,10,10,700,1,1,2,1,3,117,4342691,523473,130,4,1,0,0,3,1,0,35,1,0,1,0,0
201600016537,16,10,20,1800,1,1,1,1,5,117,4344881,523033,130,3,1,2,0,1,0,0,0,1,0,1,99,0
201600016538,16,10,21,1645,1,2,1,1,1,117,4343541,523957,130,4,2,2,0,1,1,0,70,1,0,1,0,0
201600016539,16,10,22,930,1,1,1,1,3,19,4345034,536012,130,3,1,0,0,1,0,400,80,1,0,1,99,0
201600016540,16,10,27,935,1,1,1,1,2,117,4341934,527115,130,3,1,2,0,1,1,0,70,1,0,1,99,0
201600016541,16,10,28,1000,1,1,1,1,2,71,4340734,529359,130,3,1,1,0,1,1,0,35,1,0,1,99,0
201600016543,16,10,31,745,1,2,6,1,3,117,4343968,524273,130,4,2,0,0,1,1,20,80,0,5,1,99,0
201600016544,16,11,3,825,1,2,9,1,6,117,4344843,524691,130,6,0,0,0,1,1,0,0,1,0,1,3,0
201600016545,16,11,5,630,3,1,1,2,4,117,4342735,526636,130,3,1,2,0,1,1,0,70,2,0,1,0,0
201600016546,16,11,10,1045,1,1,1,1,2,117,4345186,530384,130,3,1,2,0,1,1,0,70,1,0,1,0,0
201600016547,16,11,7,1200,1,1,3,1,3,117,4346849,523339,130,3,0,2,0,1,1,0,0,1,0,1,0,0
201600016548,16,11,10,1250,1,1,1,1,3,19,4347512,534540,130,3,2,2,0,2,2,0,0,1,0,1,99,0
201600016549,16,11,12,1520,1,1,1,1,3,71,4341001,532545,130,3,2,3,0,1,1,0,0,1,0,1,99,0
201600016551,16,11,16,1300,1,2,6,1,4,117,4344120,524381,130,4,1,2,0,1,2,80,80,1,5,1,99,0
201600016552,16,11,17,1330,1,2,1,1,4,117,4347120,523373,130,4,2,2,0,2,1,0,80,1,0,1,99,0
201600016553,16,11,17,1440,1,1,1,1,4,117,4342765,526748,130,3,1,0,0,1,1,0,40,1,3,1,99,0
201600016554,16,11,17,1800,5,2,1,1,5,117,4343021,526803,130,4,2,4,0,1,1,20,160,1,0,1,99,0
201600016555,16,11,18,1,5,1,1,1,7,117,4344877,523055,130,3,0,10,0,3,1,0,0,1,0,3,0,0
201600016556,16,11,18,1430,1,1,1,1,3,117,4342588,526878,130,6,0,0,0,1,1,0,0,1,0,1,99,0
201600016557,16,11,21,1400,1,2,1,3,3,71,4340923,532152,130,4,0,0,0,1,1,0,60,2,0,0,0,0
201600016558,16,11,21,1740,3,1,1,2,3,19,4345238,535880,130,3,2,2,0,1,1,0,60,2,0,1,0,0
201600016559,16,11,24,1850,3,2,1,3,2,117,4343469,526044,130,4,2,2,0,1,1,0,70,2,0,1,99,0
201600016560,16,11,25,1030,1,1,1,8,7,117,4344925,523054,130,3,2,2,0,1,1,0,30,2,0,3,99,0
201600016561,16,11,25,1550,1,2,1,8,2,117,4344241,525267,130,4,2,2,0,1,1,0,70,2,0,1,0,0
201600016563,16,11,28,1015,1,1,1,1,2,117,4342761,526751,130,3,0,1,0,1,0,0,30,1,0,0,99,0
201600016564,16,11,29,1800,3,1,1,1,4,117,4341919,527137,130,3,3,4,0,1,1,30,120,1,0,1,99,0
201600016565,16,11,30,1700,1,1,3,1,3,71,4338124,534702,130,3,2,0,0,1,1,0,0,1,0,1,0,0
201600016566,16,12,1,1140,1,2,1,1,6,117,4344782,524265,130,4,2,2,0,1,3,0,30,1,0,1,0,0
201600016567,16,12,1,1400,1,2,1,1,2,117,4342397,527125,130,4,0,0,0,0,0,0,0,1,0,0,99,0
201600016568,16,12,2,1920,5,1,1,1,5,117,4342507,526497,130,3,1,2,0,0,0,0,0,0,0,1,0,0
201600016569,16,12,4,1350,1,1,1,1,3,71,4338770,534568,130,3,2,2,0,1,1,0,100,1,0,1,99,0
201600016570,16,12,6,1355,1,2,1,1,6,117,4344241,525267,130,4,2,2,0,1,1,0,60,1,0,1,0,0
201600016571,16,12,12,1800,3,1,1,1,4,117,4342666,526138,130,3,1,1,0,2,3,0,0,0,0,0,0,0
201600016572,16,12,16,730,3,1,1,2,3,117,4342473,523674,130,3,1,2,0,2,3,0,70,2,0,1,99,0
201600016573,16,12,17,1455,1,2,1,1,2,19,4345034,536012,130,3,3,1,0,1,1,10,50,1,0,1,99,0
201600016574,16,12,17,1815,5,2,6,1,6,71,4341395,534468,130,3,0,0,0,0,0,0,0,1,0,0,99,0
201600016575,16,12,20,1300,1,1,1,1,3,117,4343738,524838,130,4,2,2,0,1,1,0,0,1,0,0,0,0
201600016576,16,12,20,1430,1,1,1,8,3,71,4341857,536104,130,3,2,3,0,2,1,0,105,1,0,1,99,0
201600016577,16,12,25,2330,3,1,2,1,3,117,4342970,523874,130,3,1,1,0,1,1,0,0,1,0,1,99,0
201600016578,16,12,26,615,4,1,1,1,3,117,4344091,523348,130,3,1,1,0,3,1,0,50,1,3,1,0,0
201600016579,16,12,29,1300,1,2,1,1,6,117,4342393,527759,130,4,0,2,0,1,1,0,50,1,0,1,0,0
201600016580,16,1,1,530,3,1,1,5,2,82,4787173,738802,680,1,3,4,0,1,1,20,175,1,0,1,99,0
201600016581,16,1,28,1830,3,1,1,2,4,22,4781490,739299,680,1,3,4,0,1,1,20,140,2,0,1,99,0
201600016582,16,2,15,2000,3,1,1,2,6,235,4798784,737699,680,1,3,4,0,1,1,24,144,2,0,3,0,0
201600016583,16,2,27,2200,3,1,1,1,5,296,4821216,740195,680,1,3,2,0,1,1,40,140,1,0,2,0,0
201600016584,16,3,7,745,1,1,3,1,2,28,4820808,740088,680,2,3,4,0,1,1,20,175,1,3,1,0,0
201600016585,16,3,23,2345,3,1,1,1,2,22,4784588,739472,680,1,3,4,0,1,1,30,140,1,0,1,0,0
201600016586,16,4,20,2230,3,1,1,1,6,295,4802928,737201,680,1,3,4,0,1,1,30,140,1,0,1,0,1
201600016587,16,4,19,1400,1,1,1,1,2,242,4797228,737213,680,1,3,4,0,1,1,20,144,1,0,1,0,0
201600016588,16,4,23,1545,1,1,1,1,6,113,4818666,739083,680,2,3,4,0,1,1,20,170,1,0,1,0,0
201600016589,16,6,2,600,2,1,1,3,3,266,4790403,736828,680,1,3,4,0,1,1,30,140,2,0,1,0,1
201600016590,16,5,30,30,3,1,1,8,2,22,4784863,739473,680,1,3,4,0,1,1,30,140,2,0,1,0,0
201600016591,16,6,10,1600,1,2,1,1,4,266,4788718,737883,680,1,3,2,0,1,1,120,750,1,0,1,99,0
201600016592,16,6,23,1730,1,1,1,1,3,66,4808802,738325,680,1,3,4,0,1,1,25,140,0,0,1,0,0
201600016593,16,7,12,1715,1,1,1,1,2,22,4781664,739296,680,1,3,4,0,1,1,35,150,1,0,1,0,0
201600016594,16,9,10,800,1,1,1,1,6,235,4798028,737471,680,1,3,4,0,1,1,20,180,1,0,1,0,0
201600016595,16,9,14,1515,1,1,1,7,4,242,4797174,737145,680,1,3,4,0,1,1,20,160,1,0,1,99,0
201600016596,16,10,14,2330,3,1,1,8,3,295,4802607,737242,680,1,3,4,0,1,1,15,140,2,0,1,99,0
201600016597,16,11,25,1745,3,1,1,1,5,295,4801072,737641,680,1,3,4,0,1,1,15,160,1,0,1,99,0
201600016598,16,11,25,1830,2,1,4,1,6,252,4817110,737551,680,2,3,4,0,1,2,10,140,1,3,3,99,0
201600016599,16,11,26,1745,2,1,4,1,3,228,4792389,736015,680,1,3,4,0,1,1,24,160,1,3,1,99,0
201600016600,16,12,12,1045,1,1,1,1,2,242,4796822,737088,680,1,3,4,0,1,1,30,140,1,0,1,99,0
201600016601,16,12,27,1615,1,1,1,1,4,252,4814564,736840,680,2,3,4,0,1,1,30,140,1,0,1,99,0
201600016602,16,2,9,645,2,2,2,3,6,356,4872800,209200,780,3,2,3,0,1,1,0,133,2,6,1,99,0
201600016603,16,2,14,1530,1,1,1,1,6,356,4875600,203300,780,3,2,2,0,1,1,0,60,2,0,3,0,0
201600016604,16,6,26,2045,2,1,1,1,1,143,4873300,209300,780,3,2,2,0,2,3,50,50,1,0,1,0,0
201600016607,16,10,8,1300,1,1,1,1,3,620,4875100,211500,780,3,2,2,0,0,2,0,0,1,0,1,99,0
201600016608,16,10,29,715,3,1,1,6,7,356,4874000,206800,780,3,2,0,0,0,3,0,0,1,0,3,0,0
201600016609,16,12,5,1900,3,2,1,1,7,356,4875300,207200,780,3,0,0,0,1,1,0,120,2,0,1,99,0
201600016610,16,12,16,2230,5,2,6,1,7,356,4873000,208199,780,3,2,2,0,1,0,0,60,1,0,1,99,0
201600016612,16,7,29,2330,3,1,1,1,5,124,4783600,27200,720,1,3,2,0,2,1,10,68,1,0,1,99,0
201600016614,16,8,14,1000,1,1,1,1,6,115,4765700,49200,720,1,3,2,0,2,1,68,10,1,0,1,99,0
201600016615,16,9,18,1945,1,1,1,1,2,328,4806400,21700,720,1,1,0,0,1,1,0,0,1,0,1,0,0
201600016616,16,11,15,1545,1,1,1,1,2,386,4805600,32100,720,1,3,3,0,1,1,0,0,1,0,1,99,0
201600016618,16,1,16,1800,3,2,1,1,5,89,4811800,600,720,3,2,0,0,1,1,0,0,1,0,1,0,0
201600016619,16,2,10,2330,3,1,1,1,1,119,4810300,5000,720,3,2,0,0,1,1,57,0,1,0,1,99,0
201600016621,16,3,4,1930,5,2,1,1,2,320,4806900,15500,720,9,2,0,0,1,1,54,0,1,0,1,99,1
201600016624,16,8,8,1645,1,1,1,1,7,211,4826100,14300,720,3,2,0,0,2,2,0,52,1,0,1,0,1
201600016625,16,8,19,1800,1,1,1,2,6,315,4818200,11400,720,3,2,2,0,1,1,0,69,2,0,1,0,0
201600016626,16,8,18,1515,1,1,1,1,3,24,4807800,16300,720,3,2,2,0,1,1,0,70,1,0,1,99,0
201600016628,16,10,27,100,3,1,1,1,6,109,4817800,8100,720,3,1,2,0,1,1,0,48,1,0,3,99,0
201600016630,16,11,14,800,5,2,1,1,6,89,4812700,2500,720,3,2,2,0,1,1,0,40,2,6,1,3,1
201600016631,16,5,3,930,1,2,1,1,2,394,4905940,216580,950,3,2,2,0,1,1,0,0,1,0,1,99,0
201600016632,16,5,14,1745,1,2,1,1,6,256,4904820,220050,950,4,2,2,0,1,1,0,0,1,0,1,99,0
201600016633,16,6,8,745,1,2,1,1,3,394,4906160,218860,950,3,2,2,0,3,1,0,0,1,0,1,99,0
201600016634,16,8,20,1500,1,2,1,1,6,394,4906050,218910,950,3,2,2,0,2,1,0,0,1,0,1,99,0
201600016635,16,8,26,815,1,2,2,1,3,394,4905420,219440,950,3,2,2,0,1,1,0,0,2,5,1,99,0
201600016636,16,9,7,1830,1,2,1,1,3,392,4907620,220270,950,3,2,2,0,1,1,0,0,1,0,1,99,0
201600016643,16,1,7,1100,1,1,1,1,3,223,4739560,52766,490,1,3,4,0,1,1,20,72,2,3,1,0,0
201600016644,16,2,5,830,1,1,1,8,1,349,4715119,116407,490,3,2,1,0,1,2,0,0,1,0,1,0,0
201600016645,16,2,5,1930,3,1,1,1,1,24,4733156,92156,490,3,2,2,0,3,3,0,53,2,0,1,99,1
201600016646,16,2,29,645,2,1,1,1,2,99,4701643,87757,490,1,3,4,0,1,1,70,0,1,0,1,99,0
201600016647,16,3,29,700,1,1,1,1,3,292,4729838,60942,490,1,3,4,0,1,1,30,70,1,0,1,99,1
201600016648,16,4,19,600,3,1,1,1,2,22,4731931,60578,490,1,3,4,3,3,1,30,30,1,0,1,99,0
201600016649,16,5,28,1800,1,1,1,3,7,99,4700535,90262,490,1,3,4,0,1,1,30,70,2,0,3,99,0
201600016650,16,8,6,130,3,1,1,1,7,71,4728649,61571,490,1,1,0,3,1,1,30,90,1,0,3,0,0
201600016651,16,8,28,200,3,1,1,1,7,153,4724207,63908,490,1,3,4,0,1,1,30,60,1,0,3,99,0
201600016652,16,10,6,1345,1,1,1,1,6,22,4731975,60567,490,1,3,4,0,2,1,20,95,1,0,3,99,0
201600016653,16,10,23,1330,1,1,1,2,6,71,4724146,65208,490,1,3,4,3,1,1,25,60,2,0,2,99,0
201600016654,16,12,26,1500,1,1,1,8,6,99,4708727,82393,490,1,3,4,0,1,1,20,100,2,0,1,99,0
201600016655,16,2,28,1400,1,1,2,1,3,267,4473070,42497,240,3,0,0,0,0,0,0,0,0,0,0,0,1
201600016656,16,3,13,1530,1,1,1,1,1,54,4476730,52363,240,4,2,2,0,1,2,0,45,1,0,1,0,0
201600016657,16,4,2,1115,1,1,2,1,3,267,4473070,42497,240,3,2,0,0,0,1,0,52,1,0,1,0,1
201600016658,16,4,6,1730,1,1,2,1,5,225,4483970,39701,240,3,2,2,0,1,1,0,50,1,0,1,0,0
201600016659,16,9,5,730,1,1,1,5,1,126,4477620,53160,240,2,2,0,0,2,2,0,75,1,0,1,99,0
201600016660,16,10,17,915,1,1,1,2,6,168,4471940,55832,240,2,2,2,0,1,2,0,0,1,0,3,99,0
201600016661,16,11,10,2030,3,1,1,1,7,132,4476840,54634,240,3,2,0,0,1,1,0,0,1,0,1,0,0
201600016662,16,12,28,1230,1,1,2,1,3,37,4480480,49209,240,3,2,2,0,2,1,0,0,1,0,1,99,0
201600016663,16,5,13,1315,1,1,6,2,3,375,4777454,722765,680,3,1,1,0,1,2,0,90,2,5,1,0,0
201600016664,16,5,26,1600,1,1,1,1,1,375,4781544,725111,680,3,2,2,0,1,3,0,70,1,0,1,99,0
201600016665,16,11,26,1545,1,1,1,1,1,321,4782957,723798,680,3,2,2,0,1,2,0,68,1,0,1,0,0
201600016666,16,1,6,1800,4,2,1,3,6,73,4540900,204800,190,9,2,2,0,2,1,0,70,2,0,1,99,0
201600016667,16,5,2,1200,1,2,1,1,3,85,4539900,205300,190,3,2,2,0,2,1,0,62,1,0,1,3,0
201600016668,16,7,28,1730,1,1,1,1,3,123,4517700,162100,190,3,2,2,0,1,1,0,73,1,0,1,0,0
201600016669,16,7,30,1800,1,1,1,1,6,227,4531300,167500,190,1,1,2,0,0,0,10,70,1,0,1,0,0
201600016670,16,9,16,1845,2,1,1,3,3,81,4535100,195000,190,3,2,2,0,0,1,0,70,2,0,1,99,0
201600016671,16,10,6,2130,3,1,1,1,6,452,4464344,43618,330,4,2,2,0,0,0,0,0,0,0,0,0,0
201600016681,16,6,26,330,3,1,1,1,6,648,4911720,16196,140,3,2,2,0,0,2,0,0,1,0,3,0,0
201600016682,16,12,6,1142,1,1,1,1,6,301,4910968,16588,140,3,2,3,0,1,1,0,0,0,0,1,99,0
201600016683,16,1,6,1744,4,1,1,2,7,118,4919740,34072,140,2,3,4,0,1,1,0,0,2,3,1,99,0
201600016684,16,1,10,1426,1,2,1,1,6,118,4918110,35621,140,4,2,3,3,1,1,24,56,1,0,1,99,0
201600016685,16,1,9,1545,1,1,1,1,2,437,4917220,30694,140,2,3,4,0,1,1,20,90,1,0,1,99,0
201600016686,16,1,15,1100,1,2,2,8,6,118,4917310,39379,140,4,2,2,0,1,1,0,90,2,0,1,99,0
201600016687,16,1,19,1920,4,2,1,1,6,118,4918450,39354,140,4,2,2,0,1,1,0,64,1,0,1,99,0
201600016688,16,2,10,1205,1,2,3,7,6,118,4918350,35424,140,4,2,2,0,1,1,0,98,1,0,1,99,0
201600016689,16,2,25,800,1,2,1,1,6,118,4921100,37318,140,4,2,2,0,1,1,0,0,1,0,1,3,0
201600016690,16,3,8,2115,5,2,1,1,6,271,4914910,37213,140,3,2,2,0,1,1,0,100,9,0,1,99,0
201600016691,16,3,6,300,5,2,1,2,6,437,4917300,32251,140,3,2,2,0,1,1,0,70,2,0,1,0,0
201600016692,16,3,10,510,3,1,6,1,6,341,4914490,33851,140,2,3,2,0,1,1,40,70,1,0,3,99,0
201600016693,16,2,16,2310,5,2,2,1,6,118,4918530,36831,140,4,2,4,0,1,1,0,120,1,0,1,0,0
201600016694,16,3,15,1820,1,2,1,1,2,118,4919360,35751,140,4,1,1,0,1,2,0,0,1,0,1,99,0
201600016695,16,3,27,550,5,2,1,1,6,118,4918040,36864,140,4,2,3,0,1,1,0,100,1,0,4,99,0
201600016696,16,3,30,1138,1,2,1,1,5,437,4918560,31180,140,3,2,4,0,2,1,0,120,1,0,1,99,0
201600016698,16,3,31,730,2,2,2,2,3,181,4915780,33643,140,3,2,2,0,1,1,0,0,2,0,1,99,0
201600016699,16,4,23,1145,1,2,1,2,6,118,4919360,39447,140,4,3,4,0,1,1,0,0,2,0,1,99,0
201600016700,16,4,18,750,1,2,1,7,6,118,4917050,39158,140,4,2,2,0,1,1,0,70,1,0,1,99,0
201600016701,16,4,28,1650,1,2,1,1,6,437,4916650,31391,140,4,2,2,0,1,1,0,0,1,0,1,99,0
201600016702,16,5,11,1709,1,2,1,1,3,137,4918390,44727,140,3,2,2,0,1,4,0,70,1,0,1,99,0
201600016703,16,5,13,2210,2,1,1,1,6,437,4915970,30980,140,2,3,4,0,1,1,0,70,1,0,1,99,1
201600016704,16,5,14,810,1,1,1,1,6,271,4913720,38997,140,2,3,4,0,1,1,0,0,1,0,1,99,0
201600016705,16,5,24,1423,1,2,1,1,6,118,4918440,35799,140,4,2,2,0,1,3,0,0,1,0,1,99,0
201600016706,16,5,25,1735,1,2,1,1,6,327,4920690,33797,140,4,2,2,0,1,1,0,0,1,0,1,0,0
201600016707,16,6,3,1816,1,2,1,1,1,118,4917040,35372,140,4,2,2,2,1,1,0,0,1,0,1,0,0
201600016708,16,5,27,2315,5,2,1,1,6,118,4918560,35093,140,4,2,2,0,1,1,0,60,1,0,1,99,1
201600016710,16,6,23,1345,1,2,1,1,1,301,4917600,28064,140,4,2,2,0,1,1,0,70,1,0,1,99,0
201600016711,16,6,29,1740,1,2,1,1,3,137,4919630,45840,140,4,2,2,0,1,1,0,72,1,0,1,0,0
201600016713,16,7,22,1915,1,1,1,1,5,118,4917330,35420,140,4,2,2,0,2,1,0,0,1,0,1,99,0
201600016714,16,8,3,1910,1,2,2,1,3,118,4919090,36064,140,4,2,2,3,1,1,0,0,2,0,1,0,0
201600016715,16,7,29,712,1,2,6,8,3,118,4918020,35008,140,4,3,4,0,1,1,0,0,2,5,1,99,0
201600016716,16,8,10,1710,1,2,4,1,3,118,4917420,37274,140,4,2,4,0,1,1,0,0,1,0,1,99,0
201600016717,16,8,25,1945,1,1,1,1,2,327,4921410,32930,140,3,2,2,2,2,1,0,176,1,0,5,99,0
201600016719,16,9,9,2155,3,1,6,1,7,341,4914504,33860,140,2,3,4,0,1,3,0,70,1,5,0,99,0
201600016720,16,9,10,1950,1,1,2,1,3,437,4918220,32143,140,3,1,1,0,1,2,0,0,1,3,1,99,0
201600016721,16,9,11,145,5,2,2,1,3,118,4916817,36162,140,4,2,3,1,1,1,0,169,1,0,1,99,1
201600016722,16,9,11,145,3,1,1,1,6,383,4915808,37975,140,3,2,2,0,1,2,0,77,1,0,3,99,0
201600016723,16,9,20,1400,1,2,2,1,3,118,4916253,34865,140,4,2,2,0,1,1,15,138,2,0,1,99,0
201600016724,16,9,9,1415,1,1,1,1,7,327,4912070,21380,140,2,3,4,3,1,1,0,100,1,0,1,99,0
201600016725,16,10,6,2105,5,2,1,1,7,118,4917290,33247,140,3,2,5,1,1,1,10,130,1,0,1,99,1
201600016728,16,10,14,1638,1,2,2,1,3,118,4917680,35455,140,4,2,3,0,1,1,0,0,1,0,1,0,0
201600016729,16,10,14,1805,2,2,3,1,3,242,4922240,36756,140,3,2,2,0,1,1,0,50,1,0,1,99,0
201600016730,16,10,18,915,1,1,1,1,6,327,4919390,31861,140,3,2,2,0,1,1,0,83,1,0,1,99,0
201600016731,16,10,21,2045,3,1,1,1,2,301,4918150,29433,140,3,3,4,0,1,1,0,75,1,2,1,99,0
201600016732,16,10,22,920,1,1,1,1,7,437,4914560,33964,140,2,3,4,0,1,3,0,102,1,0,1,99,0
201600016734,16,11,22,1335,1,2,1,1,7,118,4917100,35368,140,4,2,0,3,1,1,0,38,1,0,1,99,0
201600016735,16,11,7,1840,4,2,1,3,6,118,4919260,39357,140,4,1,1,0,2,1,0,30,2,0,1,99,0
201600016737,16,12,24,2321,5,2,1,1,1,101,4916634,41411,140,4,2,2,0,1,1,0,0,0,0,1,0,0
201600016739,16,1,5,1845,3,1,2,1,3,547,4350427,124828,310,3,2,2,0,1,1,26,66,1,5,1,0,0
201600016741,16,4,18,1800,1,1,1,1,1,454,4338961,112879,310,3,2,0,0,1,1,0,50,1,0,1,0,0
201600016743,16,1,21,910,1,2,1,1,6,117,4928580,12294,140,3,2,2,0,1,1,0,100,1,0,1,3,0
201600016744,16,2,23,1520,1,2,1,1,3,225,4928490,10796,140,6,0,0,0,1,1,0,0,1,0,1,99,0
201600016745,16,4,6,1350,1,2,2,1,3,117,4928330,12430,140,3,2,2,0,1,1,0,170,1,0,1,3,0
201600016746,16,4,4,1015,1,2,2,1,3,225,4928310,9710,140,3,2,2,0,1,1,0,74,1,5,1,99,0
201600016747,16,4,12,950,1,1,1,1,6,117,4927540,14969,140,3,2,2,0,1,0,0,70,1,0,3,0,0
201600016748,16,6,10,820,1,2,6,1,3,225,4928750,10591,140,3,2,2,0,1,1,0,70,1,0,1,99,0
201600016751,16,8,13,1412,1,2,1,1,5,117,4927940,14395,140,3,2,2,0,1,1,0,73,1,0,1,0,0
201600016754,16,8,7,1820,1,2,1,1,6,338,4930180,8134,140,3,2,2,0,1,3,0,75,1,0,1,99,0
201600016759,16,2,6,45,3,1,1,1,6,60,4380310,439681,300,4,2,2,0,1,3,0,40,1,0,1,0,0
201600016760,16,2,13,115,3,1,1,5,1,135,4383133,457523,300,3,0,2,0,1,1,0,66,2,0,1,0,1
201600016761,16,2,25,1100,1,1,1,1,1,117,4371310,460638,300,3,2,2,0,1,2,0,90,1,0,1,99,1
201600016762,16,4,4,730,2,1,1,1,1,117,4372785,453540,300,3,2,2,0,1,1,0,75,1,0,1,99,0
201600016763,16,4,8,30,3,1,1,1,6,47,4378009,445329,300,3,3,2,0,1,0,0,0,1,0,1,99,0
201600016764,16,5,22,345,3,2,1,1,6,34,4374852,452061,300,3,2,2,0,2,1,0,70,1,2,1,99,1
201600016765,16,6,4,1745,1,1,6,1,2,47,4378906,443364,300,3,2,0,0,1,0,0,70,1,5,1,0,0
201600016767,16,9,12,2315,3,1,1,1,6,32,4382843,459114,300,3,0,0,0,0,1,0,72,1,0,3,0,0
201600016768,16,9,20,800,1,1,1,1,1,60,4379658,439229,300,3,2,2,0,2,1,0,72,1,0,1,0,1
201600016770,16,11,15,1215,1,1,1,1,1,47,4380449,445252,300,4,2,0,0,1,2,0,33,1,0,1,99,0
201600016772,16,12,9,1545,3,1,1,1,7,135,4383063,458448,300,3,2,2,0,1,3,0,72,1,0,3,0,0
201600016773,16,12,24,945,1,2,6,1,4,189,4380795,437088,300,3,2,0,0,1,0,0,30,1,0,1,99,0
201600016774,16,6,21,2330,3,2,1,1,6,257,4850120,38457,610,3,2,2,0,1,1,0,0,1,0,3,0,0
201600016775,16,7,9,1630,1,1,1,1,1,487,4794008,647778,880,3,2,0,0,0,0,0,0,1,0,1,0,0
201600016776,16,1,2,1650,3,1,1,2,1,218,4990352,484109,80,3,2,2,0,1,3,60,60,2,0,1,99,0
201600016777,16,2,20,1910,2,2,1,3,6,328,4981633,474339,80,3,2,0,0,1,1,0,0,2,0,1,0,0
201600016778,16,3,11,1230,1,1,1,1,6,328,4983207,478732,80,3,2,2,0,1,1,0,60,1,0,3,3,0
201600016779,16,6,5,1930,1,2,1,1,6,328,4981700,475688,80,3,2,2,0,0,1,0,0,1,0,4,99,0
201600016780,16,6,8,1130,1,2,1,1,6,328,4981760,473680,80,3,2,2,0,2,1,0,0,1,0,1,3,0
201600016781,16,6,12,1415,1,1,1,1,3,448,4994156,478316,80,3,2,0,0,1,1,0,0,1,0,1,0,0
201600016782,16,6,20,1530,1,2,1,3,6,328,4981578,474315,80,4,2,2,0,1,1,0,78,2,0,1,99,0
201600016783,16,5,28,2245,5,2,1,1,6,408,4886068,466161,80,4,0,0,0,1,1,0,71,1,0,4,0,0
201600016784,16,6,14,600,2,1,1,3,6,58,4977278,465318,80,3,2,2,0,1,3,0,48,2,0,3,99,0
201600016785,16,10,13,815,1,1,1,1,1,449,4971454,448596,80,3,2,0,0,0,1,0,54,1,0,1,99,0
201600016786,16,10,26,800,1,1,1,1,6,361,4982895,460266,80,3,2,0,0,1,3,0,0,2,0,3,99,0
201600016789,16,9,25,1645,1,1,1,2,1,84,4943141,404681,80,3,2,2,0,1,2,0,62,2,0,1,0,0
201600016790,16,10,20,1700,1,1,1,1,1,84,4943034,406394,80,3,2,2,0,1,1,0,65,1,0,1,0,0
201600016791,16,10,30,1500,1,1,1,1,3,4,4948007,415460,80,3,2,0,0,1,1,0,70,1,0,1,0,0
201600016793,16,5,25,1800,1,1,2,1,3,324,4962774,452470,80,3,2,2,0,1,1,0,76,1,5,1,99,0
201600016794,16,9,14,830,1,1,8,1,1,222,5000440,469270,80,9,0,0,0,0,1,0,0,0,4,0,0,1
201600016795,16,10,18,1900,5,2,1,2,6,363,4994175,464125,80,3,1,0,0,1,2,0,69,2,6,1,99,0
201600016796,16,11,21,1515,1,2,1,1,6,190,5013474,482909,80,3,2,2,0,1,0,0,86,1,5,1,99,1
201600016797,16,2,25,2145,5,2,1,1,6,373,4980751,426855,80,3,2,0,0,1,2,0,0,1,0,4,99,0
201600016798,16,4,23,530,2,1,1,1,6,318,4993865,422270,80,4,2,0,0,1,1,0,30,2,0,1,0,1
201600016801,16,10,8,1600,1,1,1,7,5,156,4989306,440168,80,3,2,2,0,0,1,0,61,0,0,1,0,0
201600016802,16,11,25,1300,1,1,9,8,3,367,4990291,451728,80,2,2,2,0,1,1,0,78,1,0,1,99,0
201600016803,16,2,3,1200,1,2,1,8,2,90,4962921,516269,80,4,2,2,0,1,1,0,95,2,0,1,0,0
201600016804,16,2,7,1200,1,2,1,1,6,67,4962382,518803,80,4,2,2,0,0,1,0,0,1,0,1,0,0
201600016810,16,6,22,1345,1,1,2,1,2,343,4967565,506928,80,3,2,0,0,1,1,0,60,1,0,1,0,0
201600016811,16,7,4,2345,5,2,1,1,7,53,4968443,497188,80,3,3,0,0,1,1,27,108,1,5,1,99,0
201600016813,16,9,2,1945,1,2,1,1,3,289,4967691,516002,80,3,2,2,0,1,1,0,0,1,0,1,99,0
201600016814,16,10,5,1745,1,1,1,1,7,466,4961834,513118,80,3,2,0,0,2,1,0,60,1,0,3,0,0
201600016815,16,10,9,1100,1,1,1,1,3,336,4965781,514057,80,3,2,0,0,1,1,0,74,1,0,1,0,1
201600016816,16,10,11,800,1,1,1,1,3,55,4952444,507925,80,3,0,0,0,2,1,0,57,1,0,1,0,1
201600016817,16,11,9,2045,5,2,6,2,6,349,4967731,516434,80,3,2,0,0,1,0,60,0,2,0,4,99,0
201600016818,16,11,16,800,2,2,1,2,6,90,4963298,517272,80,4,2,0,0,2,1,80,0,2,0,4,0,0
201600016819,16,2,16,1830,5,2,1,1,3,191,4972069,498908,80,3,2,2,0,1,1,0,58,1,0,1,3,0
201600016820,16,4,16,1330,1,2,1,8,3,115,4960259,486976,80,4,2,0,0,0,4,38,0,1,0,1,99,0
201600016822,16,8,5,15,3,1,1,1,6,72,4974595,487578,80,3,2,2,0,2,3,0,52,1,0,3,99,0
201600016824,16,8,22,1930,1,1,1,7,1,235,4976190,482889,80,3,2,2,0,2,4,0,54,1,0,1,99,0