Num_Acc,an,mois,jour,hrmn,lum,agg,int,atm,col,com,lat,long,dep,catr,circ,nbv,vosp,prof,plan,lartpc,larrout,surf,infra,situ,env1,killed
201600016825,16,10,22,1600,1,1,1,8,3,142,4973624,488947,80,3,2,2,0,0,1,0,65,1,0,1,0,1
201600016827,16,11,1,530,3,1,1,5,6,79,4967312,477162,80,3,2,2,0,2,2,0,54,2,0,1,99,1
201600016830,16,6,9,815,1,1,1,1,2,455,4939093,459081,80,3,2,2,0,1,1,0,79,1,0,1,99,1
201600016831,16,8,3,1515,1,1,1,1,5,151,4953934,461243,80,3,2,2,0,0,1,0,80,1,0,1,0,1
201600016836,16,2,13,1900,3,1,1,3,6,171,4931530,496815,80,3,2,2,0,0,2,0,66,2,0,3,0,0
201600016837,16,3,21,945,1,1,1,1,6,383,4933167,495354,80,3,2,2,0,1,2,0,70,1,0,3,0,0
201600016838,16,3,21,1100,1,1,9,1,6,198,4932172,484577,80,3,2,2,0,1,2,0,70,1,4,3,0,0
201600016839,16,9,25,1545,1,1,1,1,7,93,4781876,540788,520,3,2,2,0,2,2,0,71,1,0,3,99,0
201600016840,16,9,21,2115,5,2,1,1,2,93,4780760,542300,520,3,2,2,0,4,3,0,71,1,0,1,99,0
201600016842,16,1,23,1550,1,2,3,7,3,333,4941640,23034,140,3,2,2,0,1,1,0,75,1,0,1,99,0
201600016844,16,3,28,1513,1,2,1,1,1,333,4942000,20467,140,3,2,2,0,1,1,0,61,1,0,1,99,0
201600016847,16,6,7,1625,1,2,4,1,1,536,4940680,27354,140,3,2,2,0,2,1,0,53,1,0,1,3,0
201600016848,16,6,26,1946,1,1,1,1,6,333,4939950,24183,140,4,2,2,0,1,2,0,65,1,0,3,99,0
201600016849,16,8,6,1345,1,1,1,1,3,333,4941720,19263,140,3,2,2,0,1,1,0,57,1,0,1,99,0
201600016850,16,8,17,1715,1,2,1,1,2,333,4941860,23351,140,4,1,1,0,1,1,0,55,1,0,1,99,0
201600016851,16,8,27,1204,1,2,1,1,2,333,4941730,23923,140,4,2,2,0,1,1,0,40,1,0,1,99,0
201600016852,16,8,31,1445,1,2,1,1,6,333,4941710,23741,140,4,2,2,0,2,1,0,41,1,0,4,99,0
201600016857,16,10,6,1545,1,1,1,1,7,333,4941820,19528,140,3,2,2,0,1,1,0,59,1,0,1,99,0
201600016858,16,10,25,1855,5,2,7,1,7,333,4942110,23308,140,4,2,2,0,2,3,0,50,1,0,4,99,0
201600016865,16,1,14,1845,3,1,1,4,7,550,4850059,496056,520,3,2,2,0,3,2,0,60,7,0,3,99,0
201600016871,16,11,13,1045,1,1,1,1,7,116,4438523,382151,480,4,2,0,0,0,3,0,0,1,0,1,99,0
201600016878,16,8,9,1915,1,1,1,3,6,128,4477800,332500,480,3,2,0,0,2,2,0,62,2,0,3,0,0
201600016879,16,9,21,1715,1,1,1,1,6,140,4481600,329200,480,3,2,2,0,4,3,65,0,1,0,3,0,0
201600016883,16,10,23,2130,3,1,1,5,7,99,4730412,55881,370,3,1,1,0,2,2,0,0,2,0,3,99,0
201600016884,16,10,20,2040,5,1,1,1,6,18,4736091,61552,370,3,2,2,0,1,1,0,70,1,0,4,99,0
201600016885,16,11,10,1605,1,1,1,2,2,18,4736695,63739,370,3,2,2,0,3,3,0,0,2,0,1,99,0
201600016886,16,12,1,500,3,2,6,1,7,50,4733433,70548,370,4,3,4,0,1,0,0,10,1,0,0,0,0
201600016888,16,10,21,720,3,1,2,1,5,47,4751594,69417,370,3,2,2,0,1,0,0,10,1,0,0,0,0
201600016889,16,10,26,1235,1,1,2,1,3,152,4745057,66598,370,4,2,2,0,1,0,3,10,1,0,0,0,0
201600016890,16,10,28,1925,5,2,2,1,1,21,4757054,66556,370,3,2,2,0,1,0,60,86,1,5,1,99,0
201600016891,16,10,31,1200,1,1,2,1,1,47,4751594,69417,370,3,2,2,0,1,0,0,50,1,0,1,99,0
201600016892,16,11,30,2120,3,1,1,1,6,149,4763715,69080,370,4,2,2,0,1,1,0,30,1,0,3,99,0
201600016893,16,12,6,915,1,1,1,1,6,167,4754042,58060,370,3,2,2,0,1,2,0,0,2,0,3,99,0
201600016894,16,12,11,1733,3,1,1,5,7,152,4744059,67573,370,3,2,2,0,1,1,0,60,2,0,1,99,0
201600016895,16,12,24,1315,1,1,1,1,3,231,4757402,49926,370,4,2,2,0,3,3,0,0,1,0,1,99,0
201600016896,16,10,25,1720,1,1,1,2,6,84,4753491,36014,370,3,2,2,0,2,2,0,68,2,0,3,99,0
201600016897,16,11,8,1005,1,2,1,1,7,109,4739858,59559,370,3,2,2,0,1,1,0,70,1,0,1,3,0
201600016898,16,11,11,1030,1,1,1,1,6,182,4743708,52373,370,3,2,2,0,1,4,0,57,2,0,3,99,0
201600016899,16,12,8,750,1,1,2,1,3,109,4741541,61720,370,3,2,2,0,1,0,0,123,1,5,1,99,0
201600016900,16,12,15,815,1,2,1,1,6,109,4739212,64303,370,3,2,2,0,1,1,0,0,1,0,1,99,0
201600016901,16,12,16,1640,1,1,1,1,6,109,4740302,60355,370,3,2,2,0,1,3,0,64,2,0,3,99,0
201600016902,16,12,23,1830,3,1,1,1,3,251,4751287,38027,370,3,2,2,0,1,3,0,47,1,0,1,99,0
201600016905,16,10,7,2130,3,1,1,1,3,156,4737879,84299,370,3,2,2,0,1,1,0,72,1,0,1,99,1
201600016906,16,10,29,1940,5,2,6,1,3,156,4738548,83048,370,4,1,1,0,1,0,6,15,1,0,0,0,0
201600016907,16,11,16,1925,5,2,1,3,6,100,4727909,110931,370,4,2,2,0,2,2,0,40,2,0,1,99,0
201600016908,16,11,19,1040,1,1,3,1,3,96,4734640,94306,370,3,2,2,0,1,0,7,825,1,0,0,0,0
201600016909,16,12,6,1030,1,2,7,1,6,225,4735650,90986,370,4,0,1,0,1,0,0,10,1,0,0,0,0
201600016910,16,12,13,1655,1,1,1,1,7,156,4736653,84710,370,3,2,2,0,1,1,0,69,1,0,3,99,0
201600016911,16,2,21,2000,5,2,1,1,5,153,4750900,79600,370,3,2,2,0,1,1,0,74,1,0,1,0,0
201600016914,16,10,24,1400,1,1,1,2,6,179,4745229,74261,370,4,2,2,0,1,1,0,0,2,0,1,99,0
201600016915,16,11,1,1220,1,1,6,5,1,281,4742382,78730,370,3,2,2,0,1,0,0,25,1,0,0,0,0
201600016916,16,12,11,2330,3,1,1,8,6,276,4757602,89637,370,3,2,2,0,4,1,0,76,2,0,3,99,1
201600016917,16,12,29,1135,1,2,1,1,6,366,4914434,228119,140,4,3,2,0,1,1,0,68,1,0,1,99,0
201600016918,16,1,5,1755,3,2,3,1,6,366,4914160,22308,140,4,2,2,0,1,1,0,0,1,0,1,0,0
201600016919,16,1,9,1500,1,2,2,1,3,69,4913070,25796,140,3,2,2,0,1,1,0,0,1,0,1,0,0
201600016920,16,1,15,745,2,2,1,4,6,366,4914380,22152,140,4,3,2,0,1,1,0,0,5,0,1,99,0
201600016921,16,1,13,2210,5,2,1,1,6,366,4916070,22166,140,4,2,2,0,1,3,0,0,1,0,4,99,0
201600016922,16,1,16,940,1,2,1,8,7,366,4914180,21435,140,4,3,2,0,1,1,0,0,7,0,1,99,0
201600016923,16,1,31,1450,1,2,1,2,3,366,4913100,22600,140,4,2,2,0,1,1,0,0,2,0,1,99,0
201600016924,16,2,11,550,3,1,1,9,6,366,4913070,23308,140,3,3,4,0,2,1,0,0,7,0,1,99,0
201600016925,16,2,11,615,3,1,1,9,6,574,4912520,19507,140,3,3,4,0,4,1,0,0,7,0,1,0,0
201600016926,16,2,11,630,3,1,1,9,6,574,4912520,19508,140,3,3,4,0,4,1,0,0,7,0,1,0,0
201600016927,16,2,11,1635,1,2,1,1,6,366,4915230,22512,140,6,0,0,0,1,0,0,0,1,0,1,99,0
201600016928,16,2,19,1615,1,2,1,1,6,366,4915020,25446,140,3,2,2,0,1,1,0,0,1,0,1,99,0
201600016929,16,3,4,1350,1,2,1,1,2,366,4916110,22018,140,4,2,2,0,1,1,0,0,1,0,1,99,0
201600016930,16,3,14,2150,5,2,1,1,3,366,4914250,21590,140,4,3,2,0,1,1,0,115,1,0,1,99,0
201600016931,16,3,25,1110,1,2,1,1,7,366,4914750,25049,140,4,2,2,0,3,4,0,0,2,0,3,99,0
201600016932,16,4,2,500,3,1,1,1,6,574,4912940,18105,140,3,2,2,0,2,1,0,0,1,0,3,0,0
201600016933,16,4,2,1230,1,1,1,2,3,487,4917450,21170,140,3,2,2,0,1,1,0,0,2,0,1,99,0
201600016934,16,4,6,1345,1,1,1,2,2,303,4914480,27942,140,3,3,4,0,1,1,0,0,2,0,1,99,0
201600016935,16,4,8,1015,1,2,1,1,6,366,4914440,22638,140,4,1,1,0,1,1,0,0,1,0,4,99,0
201600016936,16,4,18,1315,1,2,1,1,6,366,4914250,24156,140,4,1,1,0,1,1,0,0,1,0,1,99,0
201600016937,16,5,17,1115,1,2,1,1,6,366,4914660,23115,140,4,2,2,0,1,1,0,0,1,0,4,99,0
201600016938,16,5,24,1715,1,2,3,1,6,366,4914460,22259,140,4,2,2,0,1,1,0,0,1,0,1,99,0
201600016939,16,5,25,1855,1,1,1,1,6,487,4917840,22686,140,3,2,2,0,2,4,0,0,1,0,3,99,0
201600016940,16,6,24,830,1,1,1,1,7,520,4915400,16428,140,3,2,2,0,1,3,0,0,1,0,3,99,0
201600016941,16,6,25,1120,1,2,2,2,6,366,4914540,22442,140,4,1,3,0,1,1,0,0,2,0,1,0,0
201600016942,16,6,26,1100,1,1,1,1,2,366,4912820,22216,140,3,3,4,0,1,1,0,0,1,3,1,99,0
201600016943,16,7,4,1940,1,2,2,1,3,366,4914350,22683,140,4,1,1,0,1,1,0,0,1,0,1,99,0
201600016944,16,7,7,1140,1,2,2,1,3,366,4914790,22492,140,4,2,2,0,1,1,0,0,1,0,1,99,0
201600016945,16,7,7,1645,1,2,1,1,2,366,4914950,25325,140,3,2,2,0,1,1,0,0,1,0,1,99,0
201600016946,16,7,17,1750,1,1,6,1,3,366,4914440,26312,140,3,1,2,0,1,2,0,0,1,0,1,99,0
201600016947,16,7,22,1100,1,1,2,1,3,487,4917840,20935,140,3,2,2,0,2,1,0,0,1,0,1,99,0
201600016948,16,7,22,1835,1,2,1,1,7,366,4916670,21705,140,4,2,2,0,1,1,0,0,1,0,1,99,0
201600016949,16,7,23,1325,1,2,1,1,2,366,4912550,21434,140,3,3,4,0,2,1,0,0,1,0,1,99,0
201600016950,16,7,26,1820,1,1,1,1,2,366,4915420,24900,140,3,2,2,0,1,1,0,0,1,0,1,99,0
201600016951,16,7,28,1700,1,2,3,1,1,487,4917900,22134,140,3,2,2,0,2,1,0,60,1,0,1,99,0
201600016952,16,8,1,815,1,2,6,7,6,366,4914810,23268,140,4,2,2,0,1,1,0,0,1,0,1,99,0
201600016953,16,8,4,1125,1,2,2,1,6,366,4914610,22806,140,4,2,2,0,2,1,0,0,1,0,1,99,0
201600016954,16,8,16,1545,1,2,6,1,2,366,4914330,21879,140,4,2,1,0,1,1,0,0,1,0,1,99,0
201600016955,16,8,18,1710,1,2,1,1,6,366,4915380,22763,140,4,2,2,0,1,1,0,0,1,0,4,99,0
201600016956,16,8,19,1135,1,2,3,1,3,69,4913010,24749,140,3,2,2,0,1,1,0,0,2,0,1,99,0
201600016957,16,9,1,1625,1,2,1,1,1,366,4909551,125740,140,3,2,2,0,2,1,0,54,1,0,1,99,0
201600016958,16,9,2,1320,1,2,3,1,7,366,4909551,131040,140,3,2,2,0,1,1,0,0,1,0,4,99,0
201600016959,16,9,7,1520,1,2,1,1,7,366,4914397,27844,140,4,2,2,0,1,3,0,0,1,0,1,99,0
201600016960,16,9,12,1350,1,1,1,1,7,487,4917998,22827,140,3,2,2,0,2,1,0,0,1,0,3,99,0
201600016961,16,9,19,25,5,2,1,2,6,366,4909395,142260,140,4,2,2,0,2,1,0,0,2,0,4,99,0
201600016962,16,9,24,55,3,1,6,1,7,574,4912606,191231,140,3,2,2,0,1,1,0,0,1,5,1,99,0
201600016963,16,9,25,1840,1,2,2,1,3,487,4917853,209540,140,3,2,2,0,2,1,0,0,1,0,1,99,0
201600016964,16,9,25,1910,1,2,1,1,3,366,4914492,227880,140,4,3,2,0,1,1,0,60,1,0,1,99,0
201600016965,16,9,28,1815,1,2,1,1,6,366,4915240,224211,140,4,2,0,0,1,1,0,0,1,0,1,99,0
201600016966,16,9,28,800,2,1,1,2,7,487,4917047,227202,140,3,2,2,0,1,1,0,0,2,0,1,99,0
201600016968,16,10,1,315,5,2,1,1,6,69,4913210,25580,140,3,2,2,0,1,1,16,50,1,0,1,3,0
201600016969,16,10,2,1400,1,2,1,1,2,366,4914340,21881,140,4,2,2,0,1,1,0,45,1,0,1,99,0
201600016970,16,10,2,1440,1,2,1,1,3,366,4914500,27133,140,3,3,4,0,1,1,25,120,1,0,1,99,0
201600016971,16,10,5,720,3,1,1,1,3,366,4913260,23628,140,3,2,2,0,1,1,0,25,1,0,1,99,0
201600016972,16,10,6,1955,3,1,1,1,2,487,4916820,22741,140,3,2,2,0,1,1,0,0,1,0,1,99,0
201600016973,16,10,8,920,1,2,6,1,6,366,4914340,22902,140,4,1,1,0,3,1,0,0,1,0,1,99,0
201600016974,16,10,8,1540,1,1,1,1,7,574,4913920,20105,140,3,2,2,0,2,1,0,0,1,0,1,99,0
201600016975,16,10,8,1650,1,2,1,1,7,366,4916740,21656,140,4,2,2,0,1,1,0,0,1,0,1,99,0
201600016977,16,10,15,1605,1,2,1,1,2,366,4914420,26286,140,3,3,4,0,1,1,0,60,1,0,1,99,0
201600016978,16,10,29,1400,1,2,2,1,3,366,4915520,22279,140,4,2,2,0,1,1,0,0,1,0,1,99,0
201600016979,16,11,4,1845,5,2,1,2,7,366,4915400,22315,140,4,2,2,0,1,1,0,0,2,0,1,99,0
201600016980,16,11,8,1215,1,2,1,1,6,366,4914560,22735,140,4,3,2,0,1,1,0,0,1,0,1,99,0
201600016982,16,11,15,1640,2,2,1,2,2,366,4914480,23020,140,4,2,2,0,1,1,0,0,2,0,1,99,0
201600016983,16,11,18,750,1,1,1,1,2,574,4913500,17796,140,3,3,4,0,2,1,0,0,2,0,1,99,0
201600016984,16,11,23,725,3,2,1,2,6,366,4915160,22339,140,4,1,1,0,1,1,0,0,2,0,1,99,0
201600016985,16,11,23,1735,5,2,1,2,4,366,4915240,22770,140,4,2,2,0,1,1,0,0,2,0,1,99,0
201600016986,16,11,28,1800,3,1,3,1,3,487,4917220,18595,140,3,2,2,0,3,1,0,0,1,0,1,99,0
201600016987,16,12,1,2000,5,2,1,5,6,574,4913641,202218,140,3,3,2,0,2,1,0,0,1,0,3,99,0
201600016988,16,12,1,1835,3,1,1,1,6,366,4912203,22279,140,3,2,2,0,1,1,0,0,1,0,3,99,0
201600016989,16,12,7,1440,1,2,1,1,6,366,4914508,227022,140,3,3,4,0,1,1,0,0,1,0,1,99,0
201600016990,16,12,17,1300,1,2,1,1,3,366,4914588,23998,140,4,2,2,0,2,1,0,0,1,0,1,99,0
201600016991,16,12,24,1,5,2,6,2,3,366,4914374,246441,140,4,2,2,0,2,1,0,0,2,0,1,99,0
201600016993,16,10,26,2015,3,1,1,1,6,22,4719254,16642,370,4,2,2,0,1,3,0,36,2,0,3,99,1
201600016994,16,11,6,2200,3,1,1,1,6,74,4725641,11437,370,4,2,2,0,1,2,0,0,9,0,3,99,1
201600016995,16,11,6,1658,2,1,1,1,3,210,4721278,35373,370,3,2,3,0,1,0,0,0,2,0,1,99,0
201600016996,16,11,8,1835,5,2,1,1,6,11,4721498,16638,370,3,2,2,0,1,1,0,106,1,0,1,99,0
201600016997,16,11,21,1027,1,2,6,2,3,72,4716697,23991,370,3,2,2,0,1,0,0,20,1,0,0,0,0
201600016998,16,11,22,2330,3,1,1,3,1,58,4724158,20095,370,3,2,2,0,1,3,0,0,2,0,1,99,0
201600016999,16,11,26,2055,3,1,1,1,1,228,4729853,12174,370,3,2,2,0,1,3,0,0,1,0,1,99,0
201600017000,16,11,27,1800,5,2,1,1,3,228,4728883,12341,370,3,2,2,0,1,1,0,71,1,0,1,99,0
201600017001,16,12,28,1940,5,2,9,1,1,72,4717047,24263,370,3,2,2,1,2,0,0,10,1,0,0,0,0
201600017003,16,10,14,2000,3,1,1,1,7,14,4727024,47997,370,3,2,3,0,1,1,0,105,1,0,3,99,0
201600017004,16,11,4,1930,3,1,1,1,2,77,4732606,43731,370,3,2,2,0,1,1,0,68,1,0,1,99,0
201600017005,16,11,14,540,3,1,1,1,6,99,4729325,53726,370,3,2,2,0,1,1,0,130,1,0,3,99,0
201600017006,16,11,19,910,1,2,1,7,2,227,4731198,34586,370,3,2,2,0,2,1,0,53,2,0,1,99,0
201600017007,16,12,10,1800,5,2,1,1,1,205,4724687,54722,370,3,2,2,0,1,1,0,56,1,0,1,99,0
201600017008,16,12,11,820,2,1,1,5,6,67,4722753,39136,370,3,2,2,0,1,1,0,0,2,0,3,99,1
201600017009,16,12,22,1440,1,2,1,2,7,257,4724501,58044,370,3,2,2,0,1,0,0,20,4,0,0,0,0
201600017010,16,12,22,1659,2,2,7,2,6,123,4732438,40906,370,9,2,2,3,1,0,0,26,1,0,0,0,0
201600017012,16,10,15,1505,1,1,1,1,7,216,4714029,53107,370,3,2,2,0,1,1,0,35,1,0,3,99,0
201600017013,16,10,20,1655,1,2,9,1,1,119,4712013,42478,370,6,0,0,3,1,0,0,10,1,0,0,0,0
201600017014,16,10,22,1430,1,1,1,1,6,226,4711866,62110,370,3,2,3,0,1,1,0,110,1,0,1,99,1
201600017015,16,10,28,730,3,1,1,5,7,216,4715170,58664,370,4,2,2,0,1,2,0,0,2,0,0,99,0
201600017016,16,11,18,800,1,1,1,2,6,119,4711095,45470,370,3,2,2,0,1,3,0,0,2,0,0,99,0
201600017017,16,11,30,700,3,1,1,1,6,51,4705788,32088,370,3,2,2,0,1,1,50,50,9,0,3,99,0
201600017018,16,12,18,555,4,1,1,5,6,212,4716002,64687,370,3,2,2,0,1,1,0,0,1,0,3,99,0
201600017019,16,9,7,1745,1,1,1,1,7,222,4709800,103800,370,3,2,2,0,3,2,0,54,1,0,1,0,0
201600017020,16,10,23,2345,3,1,1,3,6,221,4704355,111123,370,3,2,2,0,1,1,0,70,2,2,1,99,0
201600017023,16,6,1,1100,1,1,3,1,3,265,4707400,91000,370,3,2,2,2,1,1,70,0,2,0,1,99,0
201600017025,16,10,13,735,2,1,1,2,2,130,4702946,83893,370,3,2,2,0,1,1,53,53,2,0,1,99,0
201600017026,16,10,17,743,2,2,3,2,3,130,4703996,81327,370,3,2,2,0,2,0,507,520,1,0,0,0,0
201600017027,16,10,27,25,3,1,6,5,7,130,4703359,80097,370,3,2,2,0,1,0,10,25,0,0,0,0,0
201600017028,16,11,21,2005,5,2,1,1,3,115,4697516,70041,370,3,2,2,0,1,0,0,10,1,0,0,0,0
201600017029,16,12,16,1400,1,1,1,1,6,45,4701030,63187,370,3,2,2,0,2,3,0,70,1,0,3,99,0
201600017030,16,4,7,1130,1,1,1,1,3,33,4685600,92100,370,3,2,2,0,1,1,0,54,1,2,1,99,0
201600017032,16,10,23,300,3,1,1,8,6,28,4681977,97257,370,4,2,2,0,1,1,0,32,2,0,3,99,0
201600017034,16,10,28,2000,3,1,1,1,7,282,4678997,84603,370,4,2,2,0,1,1,0,60,1,0,1,99,0
201600017035,16,11,8,950,1,2,4,1,3,266,4731170,71240,370,3,2,2,0,1,0,8,925,1,0,0,0,0
201600017036,16,12,6,1720,3,1,1,1,7,254,4719387,77456,370,3,2,2,0,1,2,0,0,1,0,3,99,0
201600017037,16,5,21,1845,1,1,1,1,2,205,4576190,129469,870,3,2,2,0,1,1,69,0,1,0,1,0,0
201600017038,16,1,28,1915,3,1,1,2,1,59,4618870,106804,870,3,2,2,0,1,1,0,64,2,0,1,0,0
201600017039,16,5,31,1600,1,1,1,3,1,116,4613020,99968,870,3,2,0,0,4,1,0,73,3,0,1,0,1
201600017040,16,10,23,2045,3,1,1,2,6,108,4608970,91284,870,3,2,1,0,1,1,0,0,2,0,3,99,0
201600017041,16,12,9,1100,1,1,2,1,5,122,4601890,133986,870,3,2,0,0,0,1,0,0,1,5,1,0,0
201600017042,16,8,3,1715,1,1,1,1,6,61,4618420,118485,870,2,0,0,0,0,1,74,0,1,0,1,99,0
201600017043,16,12,10,1530,1,2,1,1,1,90,4632190,135845,870,3,2,0,0,2,1,6,100,1,0,1,99,0
201600017044,16,7,31,1515,1,1,1,7,7,73,4574400,100864,870,3,2,2,0,1,2,0,50,1,0,1,0,0
201600017045,16,12,15,1415,1,2,4,1,3,111,4573880,86734,870,3,2,0,0,2,1,0,80,1,0,1,99,0
201600017046,16,8,2,1900,2,1,1,1,2,31,4556420,111944,870,3,2,2,0,1,1,0,63,1,0,1,99,0
201600017047,16,11,1,1145,1,1,1,1,6,106,4567960,128037,870,3,0,0,0,1,3,0,63,1,0,1,99,0
201600017048,16,3,12,1600,1,1,1,1,6,41,4641243,198703,230,3,2,2,0,1,2,0,73,1,0,3,99,0
201600017049,16,4,28,1100,1,1,1,1,6,32,4637051,224920,230,3,2,0,0,1,2,0,57,1,0,0,99,0
201600017050,16,10,13,1713,1,1,9,8,1,89,4633687,198630,230,3,2,2,0,1,0,32,720,1,0,0,0,1
201600017051,16,10,19,1830,1,1,1,1,6,22,4636387,209396,230,4,2,2,0,1,3,0,0,1,0,1,99,0
201600017052,16,1,1,430,3,1,1,5,6,149,4619725,217093,230,3,0,2,0,1,1,0,65,1,0,1,99,0
201600017053,16,1,24,200,3,1,1,1,6,160,4609749,245916,230,3,2,0,0,0,1,47,0,1,0,3,0,0
201600017054,16,10,4,1700,1,1,1,1,3,45,4619288,242259,230,3,2,2,0,2,0,0,62,1,0,1,99,0
201600017055,16,1,26,1600,1,1,1,1,1,222,4594340,207489,230,3,2,2,0,0,1,0,0,1,5,1,0,0
201600017056,16,10,17,1845,1,2,1,2,7,8,4595704,216966,230,4,1,1,0,1,1,0,0,2,0,1,99,0
201600017057,16,12,28,1800,3,1,1,1,6,182,4592550,230918,230,3,2,2,0,4,2,0,65,1,0,0,99,0
201600017058,16,1,31,1815,2,1,1,2,6,48,4604363,225907,230,3,2,2,0,0,2,0,50,2,0,0,99,0
201600017059,16,5,13,2300,3,1,1,3,7,164,4606326,250156,230,3,2,2,0,1,1,64,0,2,0,3,0,0
201600017060,16,6,21,130,3,1,1,2,7,131,4588850,248480,230,3,2,2,0,3,2,0,70,2,0,3,0,0
201600017061,16,10,9,1330,1,1,1,1,7,113,4599345,239457,230,3,2,2,0,1,3,0,55,1,0,1,99,0
201600017062,16,3,7,900,1,1,1,1,6,9,4885160,73326,270,3,2,2,0,1,1,0,66,2,0,3,0,0
201600017063,16,3,27,2100,3,1,1,6,2,578,4880454,92167,270,3,2,2,0,1,1,0,7,1,0,1,0,0
201600017064,16,4,7,1745,1,2,1,1,6,112,4881883,92052,270,4,2,2,0,1,2,0,6,1,0,3,99,0
201600017065,16,4,17,1730,1,1,1,1,6,565,4892777,84058,270,3,2,2,0,0,2,0,5,1,0,3,0,0
201600017066,16,6,17,1500,1,1,2,1,2,383,4874412,84299,270,3,2,2,0,1,1,0,0,1,0,1,0,0
201600017067,16,8,2,1400,1,1,6,2,3,679,4874764,93493,270,3,2,2,0,1,1,0,0,2,5,1,0,0
201600017068,16,9,5,1200,1,1,1,2,6,427,4889574,74636,270,3,2,2,0,1,2,0,680,2,0,3,0,0
201600017069,16,9,11,1515,1,1,1,1,7,457,4876010,98080,270,4,2,1,0,1,3,0,4,1,0,1,0,0
201600017070,16,10,6,1645,1,2,6,7,6,679,4874192,92465,270,3,2,0,0,1,1,0,76,1,5,1,0,0
201600017071,16,12,25,645,5,2,1,1,6,112,4884160,90379,270,4,2,2,0,1,1,0,5,2,0,3,0,0
201600017072,16,1,24,1515,1,1,1,8,6,207,4910850,43838,270,3,2,2,0,1,1,0,0,1,0,3,0,0
201600017073,16,2,13,1645,1,1,1,3,1,398,4909306,64477,270,3,2,2,3,1,1,0,0,2,5,1,0,0
201600017074,16,5,23,1745,1,1,2,1,3,547,4906591,43831,270,4,2,0,0,1,1,0,380,1,0,1,0,0
201600017075,16,6,9,1715,1,1,1,1,1,505,4895112,55871,270,3,2,2,0,1,3,0,480,1,0,1,0,0
201600017076,16,6,26,2200,2,1,1,1,6,239,4901884,56648,270,4,2,0,0,1,1,0,0,1,0,3,0,0
201600017077,16,7,27,1700,1,1,3,1,5,148,4897700,48846,270,3,2,0,0,1,1,0,8,1,0,1,0,0
201600017078,16,9,1,1845,1,2,7,1,6,56,4908933,59393,270,9,1,0,0,1,2,0,0,1,0,1,0,0
201600017079,16,9,20,1100,1,2,2,1,6,629,4913877,45636,270,3,0,0,0,0,0,0,0,0,0,0,0,0
201600017080,16,10,4,1700,1,2,6,1,6,56,4908547,59730,270,3,1,0,0,1,0,0,0,1,0,1,0,0
201600017081,16,10,27,1940,3,1,3,5,3,129,4907803,55249,270,3,2,0,0,1,1,0,6,1,0,1,0,1
201600017082,16,12,5,1915,2,1,1,9,6,56,4909415,63114,270,3,2,2,0,1,1,0,0,7,0,3,0,0
201600017083,16,12,9,130,3,1,1,1,6,46,4917904,56082,270,4,2,2,0,1,1,0,370,1,0,1,0,1
201600017084,16,12,16,1215,1,2,1,9,6,56,4908131,59793,270,4,1,0,0,2,3,0,0,2,0,3,0,0
201600017085,16,12,23,2130,2,1,9,1,6,106,4911707,50132,270,3,2,0,0,1,3,0,6,1,0,3,0,0
201600017086,16,3,5,1600,1,2,1,1,6,116,4919434,72061,270,4,2,2,0,1,1,0,5,1,0,1,0,0
201600017087,16,5,1,145,3,1,1,1,7,210,4912144,83144,270,4,2,1,0,1,2,0,3,1,0,1,0,0
201600017088,16,5,1,1730,1,1,1,1,1,432,4917481,81285,270,9,2,0,0,1,1,0,0,1,0,0,0,0
201600017089,16,5,5,600,2,1,1,1,6,109,4910256,85378,270,4,2,0,0,1,3,0,0,1,0,3,0,1
201600017090,16,5,20,1130,1,1,1,1,1,630,4915541,81063,270,3,2,2,0,2,2,0,6,2,0,1,0,0
201600017091,16,6,5,700,2,1,2,5,6,444,4899773,74848,270,3,2,2,0,1,1,0,0,2,0,1,0,0
201600017092,16,6,24,1600,1,1,3,1,3,164,4907227,89375,270,3,2,2,0,1,1,0,0,1,0,1,0,0
201600017093,16,7,24,1945,1,1,2,1,3,441,4919372,60274,270,3,2,2,0,1,3,0,5,1,0,0,0,0
201600017094,16,8,13,1645,1,2,7,1,6,116,4919602,71749,270,6,0,0,3,2,1,0,0,1,0,1,0,0
201600017095,16,9,9,845,1,1,5,1,1,95,4920532,78459,270,3,2,2,0,1,1,0,6,1,0,1,0,0
201600017096,16,10,6,1115,1,2,1,1,6,116,4919754,70264,270,3,2,2,0,2,3,0,0,1,0,1,0,1
201600017097,16,11,8,800,2,1,2,2,6,466,4907713,84617,270,3,2,2,0,1,1,0,6,2,0,1,0,1
201600017098,16,11,24,700,4,2,4,1,6,116,4920014,72137,270,3,2,2,0,1,3,0,0,1,0,1,0,0
201600017099,16,12,17,1600,1,1,3,1,3,296,4903724,66569,270,3,2,2,0,1,1,0,6,1,0,1,0,0
201600017100,16,12,19,445,3,1,1,1,6,380,4923120,76057,270,3,2,0,0,1,1,0,7,2,0,3,0,0
201600017101,16,2,16,1130,1,1,2,1,3,420,4924860,155791,270,3,2,0,0,1,1,0,7,1,0,1,0,0
201600017102,16,10,16,1345,1,1,1,1,1,614,4935786,168506,270,3,2,2,0,1,1,0,0,1,0,1,0,0
201600017103,16,11,28,830,1,2,1,1,6,632,4931130,155764,270,3,2,2,0,1,1,0,0,1,0,1,0,0
201600017104,16,2,6,1945,3,1,1,1,6,212,4912359,99801,270,3,2,0,3,1,4,0,6,1,5,1,0,1