Num_Acc,an,mois,jour,hrmn,lum,agg,int,atm,col,com,lat,long,dep,catr,circ,nbv,vosp,prof,plan,lartpc,larrout,surf,infra,situ,env1,killed
201600017105,16,4,28,1415,1,1,6,1,7,224,4911990,86104,270,3,2,0,3,1,2,0,0,0,5,1,0,0
201600017106,16,9,11,1830,1,1,2,1,5,636,4926782,95699,270,3,2,2,0,1,1,0,580,1,0,1,0,0
201600017107,16,10,7,1000,1,1,2,1,3,663,4919264,93074,270,3,2,0,0,1,1,420,0,1,0,1,0,0
201600017108,16,10,17,745,3,1,9,1,6,534,4925357,104409,270,3,2,2,0,2,3,0,0,1,0,3,0,0
201600017109,16,11,12,745,3,1,1,1,7,654,4924472,90213,270,4,2,0,0,3,1,0,0,1,0,1,0,0
201600017110,16,1,7,815,3,1,1,3,5,105,4927561,88569,270,3,2,2,0,1,3,0,64,2,0,1,99,1
201600017111,16,4,22,1545,1,2,1,1,5,340,4938349,80046,270,3,2,2,0,1,1,8,62,0,0,1,99,0
201600017112,16,5,15,1315,1,2,3,1,1,669,4936566,61109,270,4,2,1,0,2,1,0,32,1,0,0,99,0
201600017113,16,10,3,1630,1,2,3,7,3,90,4929601,92472,270,3,2,0,0,1,1,0,49,1,0,1,0,0
201600017114,16,4,23,1115,1,2,2,1,3,594,4926607,61703,270,3,2,2,0,1,1,63,0,1,0,1,0,0
201600017115,16,7,23,1915,1,2,2,1,3,367,4922978,49175,270,3,2,2,0,1,1,0,60,1,0,1,0,0
201600017117,16,8,18,1630,1,2,3,1,1,367,4923266,49999,270,3,2,2,0,0,1,0,70,1,0,1,99,0
201600017118,16,10,31,1115,1,2,1,1,6,170,4925479,38005,270,5,0,0,0,1,0,0,0,1,0,0,0,0
201600017119,16,11,11,100,3,1,1,2,7,520,4923481,60971,270,3,2,0,0,1,1,0,0,2,0,1,99,0
201600017120,16,2,27,2150,3,1,1,1,7,31,4680306,98639,850,3,2,2,0,2,2,0,52,1,0,3,0,1
201600017121,16,4,28,715,1,2,1,1,2,59,4664261,73013,850,4,2,2,0,1,1,57,0,1,0,1,99,0
201600017122,16,2,3,1115,1,1,1,1,6,91,4401380,591829,40,4,2,0,0,2,0,0,0,1,3,3,99,0
201600017123,16,1,4,1845,3,1,1,1,6,7,4394020,652164,40,2,2,2,0,1,1,0,56,2,2,1,0,1
201600017124,16,2,12,1315,1,1,1,4,3,133,4396140,644210,40,2,2,2,0,1,2,0,80,5,0,1,0,0
201600017125,16,5,15,1815,1,1,1,1,1,144,4376720,632467,40,3,0,1,0,1,3,0,52,1,0,1,99,0
201600017126,16,2,9,1630,1,1,3,2,3,68,4389490,577620,40,3,2,2,0,0,0,0,0,0,0,0,0,0
201600017127,16,3,12,1830,1,2,1,1,3,88,4395710,577613,40,3,2,0,0,2,3,0,70,1,0,1,99,0
201600017128,16,12,2,1415,1,1,1,1,1,208,4395640,556839,40,3,2,2,0,2,1,0,69,1,0,1,0,0
201600017129,16,2,5,1230,1,2,1,1,6,209,4418650,594783,40,3,2,2,0,1,1,0,70,1,0,1,0,0
201600017130,16,9,18,1200,1,1,1,1,7,140,4417830,557905,40,3,2,2,0,2,2,0,0,1,0,1,99,0
201600017131,16,11,7,1245,1,2,1,1,6,209,4418560,594824,40,3,2,2,0,1,1,0,70,1,0,4,99,0
201600017132,16,1,8,1315,1,1,1,8,5,146,4506510,68311,240,2,2,3,0,2,4,0,109,2,0,1,99,0
201600017133,16,1,11,1230,1,1,1,6,6,94,4507410,69028,240,2,2,3,0,2,1,0,105,2,0,3,0,1
201600017134,16,5,20,1530,1,1,1,1,7,115,4527880,67859,240,3,2,0,0,1,1,0,70,1,0,3,0,0
201600017135,16,6,4,800,1,1,1,1,1,190,4499780,67321,240,3,2,0,0,1,1,0,47,1,0,1,0,0
201600017136,16,7,3,1545,1,1,1,1,6,160,4510200,72548,240,3,2,2,0,0,2,0,73,1,0,3,99,0
201600017137,16,8,8,645,1,1,1,1,1,98,4522530,71270,240,3,2,2,0,2,1,0,66,1,0,1,99,0
201600017138,16,10,19,915,1,1,1,1,1,102,4522800,67830,240,3,2,2,0,1,1,0,70,1,0,1,99,0
201600017139,16,11,27,1315,1,1,1,7,3,26,4519160,83444,240,3,2,2,0,1,1,0,69,1,0,1,0,0
201600017140,16,12,9,1830,3,1,1,1,2,26,4519390,80328,240,3,2,0,0,0,1,0,0,1,0,1,99,0
201600017141,16,6,9,745,2,1,1,1,2,11,4522190,84635,240,2,2,2,0,1,1,0,60,1,0,1,99,0
201600017142,16,10,14,1200,1,1,1,2,1,9,4531000,111825,240,3,2,2,0,2,2,0,72,2,0,1,0,1
201600017143,16,1,1,115,3,1,1,5,6,182,4489080,24520,240,3,2,2,0,2,4,0,67,1,0,1,99,0
201600017144,16,2,29,500,3,2,1,1,6,487,4486230,31952,240,3,2,2,0,0,1,70,0,1,0,3,0,1
201600017145,16,4,10,2030,2,1,1,1,7,487,4487330,30148,240,4,2,0,0,1,4,0,41,1,0,3,0,1
201600017146,16,8,10,1530,1,2,1,1,1,259,4492960,47536,240,3,2,0,0,1,1,0,74,1,0,1,99,0
201600017147,16,9,10,830,1,2,1,1,5,340,4485050,43877,240,3,2,2,0,1,1,0,71,1,0,1,99,0
201600017148,16,9,24,1415,1,1,1,1,1,340,4485050,43854,240,3,2,2,0,1,2,0,70,1,0,1,0,0
201600017149,16,11,6,1345,1,1,3,1,1,413,4490770,34921,240,3,2,0,0,1,0,0,52,1,0,1,0,0
201600017150,16,11,17,700,3,1,1,2,6,420,4497860,32330,240,3,2,2,0,2,3,0,63,2,2,3,99,0
201600017151,16,12,31,1015,1,2,1,7,6,311,4553100,66361,240,4,2,2,0,1,1,0,60,1,6,1,99,0
201600017152,16,4,10,1645,1,1,1,1,6,411,4550240,65731,240,3,2,2,0,2,2,0,60,1,0,1,0,0
201600017153,16,4,16,1345,1,1,1,1,7,163,4561740,64226,240,3,2,2,0,1,2,0,0,1,0,3,0,0
201600017154,16,4,28,1400,1,1,1,1,3,498,4551150,81917,240,3,2,2,0,0,1,0,65,1,0,1,0,1
201600017155,16,7,5,1930,1,1,2,1,1,451,4551870,65227,240,3,2,2,0,1,1,0,0,1,5,1,0,0
201600017156,16,8,14,2100,2,1,1,1,3,71,4563670,59374,240,3,0,2,0,0,1,0,54,1,0,1,0,1
201600017157,16,11,26,215,5,1,1,1,6,311,4552330,66031,240,3,2,0,0,2,1,0,62,1,0,3,99,1
201600017158,16,6,4,1530,1,1,1,1,2,171,4537220,88041,240,2,2,3,0,1,1,0,114,1,0,1,0,0
201600017159,16,7,7,1200,1,2,1,1,6,133,4554120,97787,240,4,2,1,0,0,1,0,0,1,0,1,0,0
201600017160,16,5,9,1015,1,2,1,1,6,243,4527170,54852,240,3,2,2,0,0,3,0,0,1,0,3,0,0
201600017161,16,5,27,1630,1,2,1,1,2,352,4524620,33696,240,4,2,0,0,1,1,0,0,1,0,1,3,0
201600017162,16,6,12,1845,1,1,1,1,1,564,4519170,27105,240,3,2,0,0,0,0,0,0,2,0,0,0,0
201600017163,16,11,25,2030,5,2,1,5,6,243,4527990,54656,240,3,2,2,0,1,1,60,0,2,0,1,0,0
201600017164,16,5,15,1300,1,1,1,1,6,587,4484950,118993,240,3,2,2,0,1,3,0,70,1,0,3,0,1
201600017165,16,7,4,1715,1,1,3,7,1,520,4490560,122212,240,4,2,2,0,0,3,0,60,1,0,1,0,0
201600017166,16,9,14,1915,1,1,1,2,1,366,4491160,116231,240,3,2,2,0,2,2,0,0,2,0,1,99,0
201600017167,16,10,29,1700,1,1,1,1,6,366,4491000,117166,240,3,2,0,0,2,3,77,0,1,0,1,99,0
201600017168,16,10,31,1715,1,1,1,1,1,82,4486770,127038,240,3,2,0,0,0,1,0,0,1,0,1,0,0
201600017169,16,9,17,1800,1,1,1,1,7,330,4503070,104821,240,3,2,0,0,2,1,0,50,1,0,1,0,0
201600017170,16,12,11,1930,3,1,1,1,7,172,4492710,107902,240,3,2,2,0,1,1,0,60,1,0,3,0,1
201600017171,16,1,15,1935,5,2,1,1,1,288,4402804,32730,400,3,2,2,0,1,1,0,92,1,0,1,99,0
201600017172,16,11,10,1635,1,1,1,8,7,250,4394501,45791,400,3,2,2,0,1,1,0,74,2,0,3,99,0
201600017173,16,12,28,1830,3,2,2,1,3,288,4402575,33424,400,3,2,2,0,1,0,6,810,1,0,0,0,0
201600017174,16,10,7,1700,1,1,1,1,7,93,4397971,3610,400,3,2,2,0,1,1,0,50,1,0,1,99,1
201600017175,16,10,13,1705,1,2,1,1,6,255,4388049,33159,400,3,2,2,0,1,0,0,0,1,0,3,99,0
201600017176,16,10,24,1115,1,2,3,2,2,96,4403668,11580,400,3,2,2,0,1,0,0,20,1,0,0,0,0
201600017177,16,11,25,1430,1,2,1,1,3,331,4388284,30661,400,3,2,2,0,1,1,0,0,1,0,1,99,0
201600017178,16,11,29,1900,3,1,1,1,6,39,4399010,16425,400,3,2,2,0,2,4,0,0,1,0,3,99,0
201600017179,16,4,4,815,1,2,1,1,2,306,4353159,106188,400,3,2,2,0,1,1,0,70,1,0,1,0,0
201600017180,16,6,12,1920,1,1,1,1,1,222,4362874,122362,400,3,2,2,0,1,1,0,50,1,2,1,99,0
201600017181,16,10,29,730,3,1,1,5,1,306,4353942,108323,400,3,2,2,0,1,1,0,60,2,0,1,99,0
201600017182,16,11,12,1600,1,1,1,2,3,212,4356049,115641,400,3,2,2,0,1,1,0,60,2,0,3,99,0
201600017183,16,12,7,1745,2,1,1,1,1,95,4361368,92731,400,3,2,2,0,1,1,0,0,1,0,1,99,0
201600017184,16,5,24,830,1,2,1,1,2,168,4377774,121784,400,3,2,2,0,0,1,0,80,1,0,1,0,0
201600017185,16,5,31,1400,1,1,1,8,3,284,4365135,132297,400,3,2,3,0,1,1,0,100,1,0,1,99,0
201600017186,16,7,2,1630,1,1,1,1,6,284,4364930,126359,400,3,0,2,0,0,0,0,0,1,0,1,99,0
201600017187,16,8,20,1915,2,2,1,1,3,284,4365672,129988,400,3,2,2,0,1,1,82,0,1,5,1,99,0
201600017188,16,8,27,645,2,2,1,1,6,328,4379196,139333,400,3,2,2,0,0,1,0,90,1,0,1,0,0
201600017189,16,9,2,1000,1,1,1,1,6,284,4365362,131886,400,3,2,2,0,0,1,26,78,1,0,1,99,0
201600017190,16,10,10,900,1,1,1,7,2,291,4366991,134233,400,3,2,2,0,2,2,0,53,1,0,1,99,0
201600017191,16,1,21,915,1,1,1,1,1,273,4354053,136653,400,3,2,0,0,1,1,0,80,1,0,1,99,0
201600017192,16,2,10,1200,1,1,1,3,1,44,4354933,132227,400,3,2,2,0,1,3,0,0,2,0,1,0,0
201600017193,16,6,22,1645,1,1,3,1,3,312,4351899,142312,400,3,2,2,0,1,1,0,0,1,0,1,99,0
201600017194,16,10,3,930,1,2,1,1,6,312,4353499,145410,400,3,2,2,0,1,1,0,140,1,5,1,0,0
201600017195,16,10,9,1745,1,2,9,1,3,209,4356262,144698,400,3,3,2,0,1,0,0,15,1,0,1,0,0
201600017196,16,10,12,1736,1,2,1,3,5,312,4354339,149982,400,3,2,2,0,1,2,0,72,2,0,1,99,0
201600017197,16,10,21,1730,1,2,1,1,6,312,4353662,148956,400,4,2,2,0,1,1,0,60,1,0,4,99,0
201600017198,16,11,2,1815,2,2,1,1,3,312,4353717,146093,400,3,2,3,0,1,1,0,105,1,0,1,99,0
201600017199,16,11,30,2200,5,2,1,1,6,312,4354534,146081,400,3,3,2,0,2,0,0,0,1,0,1,99,0
201600017200,16,5,15,1015,1,2,1,1,6,217,4434390,110981,400,4,2,2,0,1,1,0,0,1,0,1,99,0
201600017201,16,5,18,1645,1,1,1,1,6,46,4445844,122412,400,3,2,0,0,0,3,0,63,1,0,1,99,0
201600017202,16,7,16,2120,1,2,1,1,6,46,4444159,124534,400,4,2,2,0,1,1,0,0,1,0,1,0,0
201600017203,16,8,5,1745,1,2,9,1,6,46,4444296,124773,400,4,2,0,0,0,1,0,70,1,0,1,99,0
201600017204,16,10,5,1750,1,2,1,1,6,217,4435236,106431,400,4,2,2,0,1,1,0,70,1,0,4,99,0
201600017205,16,10,29,1100,1,1,1,5,6,217,4433066,107040,400,4,2,2,0,1,1,0,50,2,0,3,99,0
201600017206,16,1,24,1250,1,2,1,1,2,152,4392382,111020,400,3,2,2,0,1,1,0,57,1,0,1,99,0
201600017207,16,4,21,2130,3,1,1,1,7,303,4414490,88792,400,3,2,2,0,1,1,0,63,1,0,3,0,0
201600017208,16,10,6,2045,3,1,1,1,3,333,4399005,75329,400,3,2,2,0,2,1,0,61,1,0,1,99,0
201600017209,16,11,8,1200,1,1,1,1,1,197,4398482,90388,400,3,2,2,2,2,3,0,62,2,2,1,99,1
201600017210,16,11,14,615,2,1,2,5,3,303,4414892,84784,400,3,2,2,0,1,0,0,10,1,0,0,0,0
201600017211,16,12,14,1145,1,1,2,1,3,119,4364776,57292,400,4,2,2,0,1,0,0,10,1,0,0,0,0
201600017212,16,10,15,1615,1,1,1,1,6,91,4369699,34811,400,4,0,1,0,1,1,0,44,1,0,3,99,1
201600017213,16,10,30,1145,1,1,1,5,7,1,4367862,28684,400,3,2,2,0,1,1,0,0,1,0,3,99,1
201600017214,16,10,28,45,3,1,1,5,6,275,4378620,47232,400,3,2,2,0,1,1,0,0,1,0,3,99,0
201600017215,16,9,5,1415,1,1,1,1,6,104,4372915,86199,400,3,2,2,0,1,2,0,69,1,0,3,0,0
201600017216,16,10,9,2115,3,2,1,1,2,84,4365008,89969,400,3,2,2,0,1,1,0,63,1,0,1,99,1
201600017217,16,10,28,1850,2,1,2,7,1,126,4370353,90699,400,3,2,2,0,2,0,6,610,1,0,0,0,0
201600017218,16,11,20,1535,1,1,1,3,6,228,4364087,83698,400,3,2,2,0,1,1,0,71,2,0,3,99,0
201600017219,16,11,25,1600,1,1,1,1,1,194,4370129,85053,400,3,2,2,0,1,2,0,60,1,0,1,99,0
201600017220,16,3,3,935,1,1,1,2,2,313,4381663,78351,400,3,2,2,0,1,1,0,70,1,0,1,99,0
201600017221,16,10,19,1825,1,1,1,1,1,309,4376706,74128,400,3,2,2,0,1,1,0,43,1,0,1,99,0
201600017222,16,12,5,1515,1,1,2,1,3,237,4374815,90742,400,4,2,2,0,2,0,0,0,1,5,1,99,0
201600017223,16,5,27,1615,1,2,1,1,3,527,4695328,467383,210,3,2,2,0,1,0,0,0,1,0,1,0,0
201600017224,16,12,3,530,3,1,1,9,1,684,4704077,489365,210,3,2,2,0,1,1,0,60,7,0,1,99,0
201600017225,16,12,20,1642,1,1,1,1,1,347,4700165,486058,210,3,2,2,0,3,1,0,60,1,2,1,99,0
201600017226,16,10,22,1805,1,2,1,7,6,23,4713213,448087,210,4,2,2,0,2,1,0,0,1,0,1,99,0
201600017227,16,11,21,615,3,1,1,2,6,441,4726855,440008,210,3,2,2,0,2,2,0,55,6,2,3,99,0
201600017228,16,12,19,1555,1,1,2,2,1,533,4721499,459920,210,3,2,2,0,1,0,25,175,2,5,1,99,0
201600017229,16,12,29,1100,1,2,1,7,6,501,4726222,455620,210,3,2,2,0,1,1,0,50,1,6,1,99,0
201600017230,16,8,6,645,1,1,1,1,6,647,4697561,515705,210,3,2,2,0,1,1,75,0,1,0,3,0,1
201600017231,16,10,26,1508,1,1,1,1,5,35,4706242,509483,210,3,2,2,0,1,1,0,70,1,0,1,99,0
201600017232,16,12,10,1715,3,1,1,5,1,332,4700575,507958,210,3,2,2,0,1,0,0,20,1,0,0,0,0
201600017233,16,7,14,2130,2,1,1,1,7,536,4758297,530680,210,3,2,2,0,1,1,0,55,1,0,3,99,1
201600017234,16,8,14,2045,1,2,1,1,5,383,4752485,513448,210,5,2,2,0,1,1,0,0,1,0,3,0,1
201600017235,16,2,26,945,1,1,1,1,6,610,4723765,544240,210,3,2,0,0,0,1,0,50,1,0,3,0,0
201600017236,16,5,3,1500,1,2,1,1,1,496,4729837,540687,210,3,2,2,0,1,1,0,70,1,0,1,99,1
201600017237,16,11,3,1535,1,1,1,1,3,256,4731808,533652,210,3,1,1,0,1,1,0,70,1,0,1,99,0
201600017238,16,11,13,1630,2,1,1,2,7,60,4735750,523795,210,3,2,2,0,1,1,0,0,2,0,1,99,0
201600017239,16,8,25,1715,1,1,1,1,1,27,4738447,503438,210,3,2,2,0,3,2,0,67,1,0,1,99,0
201600017240,16,10,8,445,3,1,1,1,2,27,4739119,505941,210,3,2,2,0,1,1,0,100,1,0,3,99,1
201600017241,16,11,26,1730,3,1,1,1,3,136,4745426,475968,210,3,2,2,0,3,2,0,75,1,0,1,99,0
201600017242,16,12,23,2000,5,2,1,2,3,425,4762963,434990,210,4,1,1,0,2,0,0,0,2,0,1,99,0
201600017243,16,12,30,145,5,2,1,1,6,425,4762874,434042,210,3,2,2,0,2,0,907,715,1,0,0,0,1
201600017244,16,10,23,2030,3,1,1,2,6,276,4764635,455706,210,3,2,2,0,1,3,0,65,2,0,3,99,0
201600017245,16,12,7,705,5,2,1,9,2,4,4766866,472911,210,3,2,2,0,1,2,0,65,1,0,1,99,0
201600017246,16,8,9,1915,1,2,1,1,1,674,4794393,480255,210,3,2,0,0,1,1,58,29,1,0,1,0,0
201600017247,16,12,13,1830,5,2,1,1,6,154,4785999,457261,210,3,2,2,0,1,1,0,90,1,0,1,99,0
201600017248,16,11,14,1030,1,1,1,2,7,349,4726567,425962,210,3,0,2,0,1,2,0,79,2,0,3,99,0
201600017249,16,12,23,1545,1,2,3,1,3,525,4738245,417766,210,3,0,0,0,0,0,0,0,0,0,0,0,0
201600017250,16,10,23,2025,3,1,1,2,6,288,4752907,464763,210,3,2,2,0,1,2,0,63,2,0,3,99,1
201600017251,16,8,11,500,3,1,1,1,6,25,4802055,55170,530,4,2,0,0,0,1,0,30,1,0,1,99,0
201600017252,16,12,7,1130,1,1,1,1,6,6,4778329,62965,530,3,2,1,0,2,1,0,52,1,0,1,0,0
201600017253,16,4,15,1845,1,2,1,1,3,84,4784697,94301,530,3,2,2,0,1,1,0,81,1,0,1,0,0
201600017254,16,4,25,945,1,1,1,1,1,165,4784673,98985,530,3,2,0,0,0,1,0,53,1,0,1,99,0
201600017255,16,2,11,1330,1,1,3,1,3,71,4840104,83120,530,3,2,2,0,2,1,0,0,1,0,1,0,0
201600017256,16,10,16,45,3,1,1,1,6,126,4832367,98669,530,4,2,2,0,0,1,0,0,1,0,1,99,0
201600017257,16,9,9,1545,1,1,1,1,6,111,4837547,61011,530,3,2,2,0,2,1,0,72,1,0,1,99,0
201600017258,16,10,20,2030,3,1,6,5,6,127,4843318,50330,530,3,2,2,0,1,3,57,97,1,5,1,0,0
201600017259,16,10,21,1500,1,1,1,1,3,127,4847663,43840,530,3,2,2,0,1,1,0,62,1,0,1,0,0
201600017260,16,11,14,615,3,1,1,5,6,170,4834454,66253,530,3,2,2,0,2,1,0,55,2,0,3,0,0
201600017263,16,3,5,730,3,1,1,1,6,238,4445400,417199,70,3,2,2,0,2,2,0,49,1,0,3,0,1
201600017264,16,5,27,1730,1,1,1,1,1,329,4460400,407099,70,3,2,2,0,2,1,0,65,1,0,1,0,0
201600017267,16,12,8,1830,3,1,1,1,3,339,4464500,443000,70,3,2,2,0,1,1,0,87,1,0,1,99,0
201600017268,16,12,15,1830,5,1,1,1,3,339,4466000,444800,70,3,2,0,0,1,1,6,105,1,5,1,99,0
201600017275,16,11,22,1400,2,1,1,8,1,17,4441700,414499,70,3,2,2,0,1,1,0,55,2,0,1,0,0
201600017297,16,2,14,1745,2,1,1,1,1,170,4508400,457000,70,3,2,1,0,0,2,0,81,1,0,1,0,0
201600017301,16,5,17,1445,1,1,1,1,1,82,4550023,16257,160,3,2,2,0,2,2,0,58,1,0,1,99,0
201600017302,16,5,25,2015,1,1,2,1,1,283,4548018,24687,160,3,0,2,0,1,1,0,50,1,0,1,99,0
201600017303,16,6,25,1655,1,1,3,1,3,382,4556716,20468,160,3,0,2,0,1,1,0,45,1,0,1,99,0
201600017304,16,7,12,1900,2,1,1,1,7,263,4551659,6923,160,4,2,2,0,2,3,0,32,1,0,3,99,0
201600017305,16,8,12,1745,1,1,1,1,6,424,4526311,1735,160,4,2,2,0,1,1,0,28,1,0,1,99,0
201600017306,16,7,3,2000,1,1,1,7,1,55,4561372,29560,160,3,2,2,0,2,2,0,64,1,0,1,99,0
201600017307,16,9,9,1600,1,1,2,1,3,137,4557048,44127,160,3,2,2,0,2,3,0,42,1,0,1,99,1
201600017308,16,6,5,1100,1,2,1,1,3,167,4568509,17019,160,4,2,2,0,2,3,0,47,1,0,1,99,0
201600017309,16,9,24,1500,1,1,1,1,1,366,4562169,20452,160,3,2,0,0,0,1,0,53,1,0,1,0,0
201600017310,16,12,2,1815,5,2,3,1,3,153,4567318,17779,160,2,2,3,3,1,1,0,100,1,0,1,99,0
201600017311,16,4,28,1830,1,1,1,1,6,106,4602288,67571,160,3,2,2,0,1,4,0,70,1,0,1,99,0
201600017312,16,5,4,1915,1,1,1,1,7,383,4578560,19071,160,3,2,2,0,1,2,0,70,1,0,3,99,0
201600017313,16,1,31,2145,3,1,1,2,6,10,4683280,105168,360,3,2,2,0,1,3,0,25,2,0,3,99,0
201600017314,16,4,24,2045,3,1,1,2,6,139,4679030,148372,360,3,2,2,0,1,1,0,61,2,0,1,99,0
201600017315,16,5,1,745,1,1,1,1,6,204,4679830,109576,360,3,2,2,0,1,4,0,28,9,0,1,0,0
201600017316,16,8,1,1230,1,1,1,1,6,212,4685750,122445,360,3,2,2,0,1,2,0,32,1,0,3,99,0
201600017317,16,3,15,1500,1,1,1,1,6,28,4649730,179127,360,3,2,2,0,1,1,0,35,1,0,1,99,0
201600017319,16,9,24,1845,1,2,1,1,2,32,4652500,155200,360,3,2,1,0,0,1,0,70,1,0,1,0,1
201600017320,16,1,11,2130,3,1,1,4,6,168,4652200,133600,360,3,2,2,0,1,1,0,52,2,0,3,0,1
201600017321,16,3,20,845,3,1,1,1,6,47,4642910,137562,360,3,2,0,0,1,1,0,60,1,0,1,0,1
201600017322,16,4,30,1445,1,1,1,3,6,70,4645890,160157,360,3,2,0,0,0,3,0,60,2,0,1,0,0
201600017323,16,1,9,1600,1,1,2,1,3,269,4851700,410799,100,3,2,2,0,1,1,0,77,1,5,1,0,0
201600017324,16,3,3,1100,1,1,1,4,6,216,4863800,417900,100,3,2,2,0,1,1,0,70,7,0,1,0,0
201600017325,16,4,21,2130,5,2,1,8,4,15,4843400,411800,100,3,0,2,0,1,1,0,70,1,0,1,0,0
201600017326,16,7,2,545,2,1,1,1,6,15,4843700,411900,100,3,2,2,0,1,1,0,73,1,0,1,99,0
201600017327,16,10,28,530,3,1,1,5,6,4,4860300,416200,100,3,2,2,0,1,1,0,77,1,0,3,99,0
201600017328,16,11,13,500,3,1,1,2,1,6,4852900,414400,100,3,2,0,0,1,1,0,80,2,0,1,0,0
201600017329,16,1,5,1945,3,1,1,2,1,422,4809217,385753,100,2,2,0,0,3,1,0,65,2,0,1,99,0
201600017330,16,3,25,1700,1,2,1,1,1,394,4799620,406244,100,3,2,2,0,4,2,0,60,2,0,1,99,0
201600017331,16,7,24,1845,1,1,1,1,6,104,4812969,412419,100,3,2,2,0,0,2,0,0,0,0,3,99,0
201600017332,16,1,8,1845,3,1,3,1,1,270,4840220,424379,100,3,2,2,0,0,0,0,50,0,0,0,0,0
201600017333,16,3,18,1245,1,1,3,1,1,209,4824404,428163,100,3,2,2,0,0,1,0,60,1,5,1,0,0
201600017334,16,2,27,30,3,1,1,1,7,11,4826715,475108,100,3,2,2,0,0,1,0,50,1,0,1,0,0
201600017335,16,4,23,1100,1,1,1,2,1,55,4873359,421320,100,3,2,0,0,1,0,0,139,2,0,1,0,0
201600017336,16,8,21,645,1,1,1,1,3,399,4818585,419319,100,3,2,2,0,1,1,0,72,1,0,1,99,0
201600017337,16,5,6,2045,3,1,1,1,6,259,4846937,345063,100,3,2,0,0,0,1,0,75,1,0,3,0,0
201600017338,16,8,20,1545,1,1,1,1,7,420,4857600,352600,100,3,2,0,0,0,3,0,0,9,0,0,99,0
201600017339,16,10,17,1745,1,2,1,1,3,268,4849228,349675,100,3,2,0,0,1,1,0,0,2,0,1,0,0
201600017340,16,10,31,1615,1,1,1,1,4,334,4849822,354621,100,3,2,2,0,1,1,0,0,1,0,1,99,0
201600017341,16,10,31,900,2,1,1,5,6,268,4848493,351500,100,3,2,2,0,2,1,0,0,1,5,3,99,0
201600017342,16,3,5,1930,5,2,1,1,6,271,4847000,377400,100,4,2,0,0,0,3,0,50,0,0,3,0,0
201600017343,16,3,17,2000,3,1,1,1,6,353,4843700,392100,100,3,2,0,0,2,1,0,60,1,0,1,99,0
201600017344,16,3,30,245,3,1,1,2,6,320,4844796,394349,100,3,2,0,0,0,2,60,0,2,0,3,0,1
201600017345,16,5,24,845,1,1,1,1,6,341,4851800,366700,100,3,2,0,0,1,3,0,60,1,0,3,0,0
201600017346,16,6,12,345,3,1,1,1,3,220,4850100,379145,100,3,2,2,0,1,1,0,80,1,0,1,99,0
201600017347,16,6,13,1145,1,2,1,1,6,323,4852000,371900,100,4,2,0,0,1,1,0,60,1,0,1,3,0
201600017350,16,9,25,815,1,1,1,8,6,144,4855600,387000,100,3,2,2,0,1,1,0,61,1,0,3,0,1
201600017351,16,10,7,645,3,1,1,1,7,164,4848600,370400,100,3,2,2,0,0,1,0,62,1,0,3,99,0
201600017352,16,10,13,730,2,1,1,2,3,392,4846700,391200,100,3,2,2,0,1,1,0,115,2,0,1,99,0
201600017353,16,10,16,2100,3,1,1,1,7,86,4851863,394479,100,3,2,2,0,1,1,0,70,1,0,1,0,0
201600017354,16,10,22,2100,3,1,1,1,6,89,4849900,381700,100,3,2,0,0,1,1,0,103,1,0,1,99,0
201600017355,16,10,31,1615,1,2,1,1,6,323,4851500,371600,100,4,3,0,0,0,3,22,112,1,0,1,99,0
201600017356,16,11,7,1045,1,2,1,1,1,323,4850900,372900,100,3,2,2,0,1,1,0,0,1,0,1,99,0
201600017357,16,11,9,945,2,1,1,2,6,323,4851400,372200,100,4,2,0,0,0,1,59,0,2,0,1,3,0
201600017358,16,11,21,1645,2,1,1,2,3,323,4851500,372100,100,4,2,0,0,1,1,0,59,2,0,1,99,0
201600017359,16,11,22,1430,1,1,1,1,6,323,4851200,369100,100,3,2,2,0,1,1,0,70,1,0,3,99,0
201600017360,16,12,14,45,3,1,1,1,7,368,4840200,394100,100,3,2,4,0,0,1,0,141,1,0,1,99,0
201600017361,16,12,28,1215,1,2,1,1,3,280,4848700,373100,100,3,2,0,0,1,1,0,74,1,5,1,99,0
201600017363,16,7,5,1745,1,1,2,1,1,7,4503810,417303,430,3,2,2,0,2,1,0,62,1,5,1,99,0
201600017364,16,8,13,1030,1,1,3,1,3,203,4515520,403401,430,3,2,2,0,2,1,0,70,1,0,1,99,0
201600017365,16,12,15,630,3,1,1,1,3,162,4522670,405574,430,3,2,2,0,1,2,0,73,2,0,1,99,0
201600017366,16,9,8,2230,3,1,1,1,3,12,4538360,422712,430,3,2,2,0,2,1,0,75,1,0,1,0,0
201600017369,16,7,24,1345,1,1,1,1,6,174,4707600,249200,180,3,2,2,0,1,1,0,65,1,0,3,99,0
201600017370,16,8,13,1145,1,2,1,1,1,220,4712500,300900,180,3,2,2,0,2,2,0,0,1,0,1,99,0
201600017371,16,10,21,400,3,1,1,1,6,49,4716533,297211,180,2,2,1,0,1,1,0,60,1,0,3,0,0
201600017372,16,10,29,1615,1,1,1,1,3,12,4717355,298885,180,3,2,2,0,0,2,0,65,1,0,1,0,0
201600017373,16,10,30,200,3,1,1,5,1,118,4703549,312767,180,3,2,0,0,4,0,0,60,1,0,1,0,0
201600017374,16,11,30,1500,1,1,9,1,7,158,4708305,251654,180,3,2,0,0,1,2,0,42,1,0,1,0,0