Num_Acc,an,mois,jour,hrmn,lum,agg,int,atm,col,com,lat,long,dep,catr,circ,nbv,vosp,prof,plan,lartpc,larrout,surf,infra,situ,env1,killed
201600017375,16,12,3,1645,3,1,2,1,5,61,4714300,278300,180,2,2,2,0,4,1,0,0,1,5,1,99,0
201600017376,16,1,10,245,5,2,7,2,6,109,4730274,252387,180,3,2,2,0,1,1,0,70,2,0,1,0,0
201600017379,16,5,18,1700,1,2,2,1,2,97,4714442,242954,180,3,2,3,0,1,1,0,100,1,0,1,99,0
201600017380,16,6,25,1500,1,1,2,1,3,226,4715671,249452,180,3,2,2,0,1,1,0,55,1,0,1,0,0
201600017381,16,7,16,1500,1,1,2,1,3,206,4714716,235687,180,3,2,2,0,1,1,0,87,1,0,1,0,1
201600017382,16,7,17,615,2,1,1,1,7,229,4714716,235687,180,3,2,2,0,0,1,6,129,1,0,3,0,0
201600017383,16,7,21,1500,1,1,1,1,6,223,4726073,266396,180,3,2,2,0,1,3,0,50,1,0,3,99,0
201600017386,16,9,11,1630,1,1,1,1,7,206,4714055,234180,180,3,2,2,0,1,0,0,60,1,0,3,0,0
201600017387,16,10,9,1615,1,1,1,7,1,189,4721387,243250,180,3,2,2,0,1,1,0,54,1,0,1,0,0
201600017388,16,10,11,1945,2,1,1,2,2,109,4729485,252163,180,3,2,0,0,2,1,0,60,2,0,1,99,0
201600017390,16,7,2,2015,1,2,1,1,3,86,4669843,251538,180,3,2,2,0,0,3,0,50,1,0,1,0,0
201600017391,16,9,3,1830,1,1,1,1,6,231,4674029,256139,180,3,2,0,0,1,0,0,0,1,0,1,0,0
201600017392,16,10,27,1730,1,2,1,1,1,197,4672503,250627,180,3,2,0,0,1,1,0,61,1,0,1,99,0
201600017394,16,2,3,1415,1,1,1,1,1,41,4663131,249234,180,3,2,2,0,1,1,0,55,1,0,1,0,0
201600017398,16,4,27,1300,1,1,1,1,6,59,4662300,228700,180,3,2,2,0,1,3,0,52,1,0,1,0,0
201600017399,16,8,28,1715,1,2,1,1,7,252,4651100,232000,180,3,2,2,0,1,2,64,0,1,0,3,0,0
201600017400,16,9,4,730,1,1,1,1,7,114,4675200,226900,180,3,2,1,0,1,1,0,75,1,0,3,99,0
201600017401,16,11,19,1430,1,1,1,1,1,209,4668600,246400,180,3,2,0,0,1,1,0,60,1,0,1,99,0
201600017402,16,11,26,1730,3,1,1,1,1,130,4665800,240600,180,3,2,2,0,1,1,0,63,1,0,1,99,0
201600017403,16,1,15,1900,2,1,1,9,1,221,4681700,237900,180,3,2,2,0,1,1,0,53,7,0,1,0,0
201600017404,16,2,24,1230,1,2,1,2,6,87,4689133,257143,180,6,0,0,0,1,2,0,0,2,0,1,3,0
201600017406,16,5,5,1500,1,1,1,1,6,254,4701871,251269,180,3,2,2,0,1,1,0,59,1,0,1,99,0
201600017407,16,5,22,1730,1,1,1,2,1,180,4701200,249300,180,3,2,2,0,1,1,0,78,2,0,1,0,0
201600017408,16,12,9,2115,3,2,1,1,7,121,4691200,266300,180,9,2,2,0,1,1,0,40,1,0,3,99,0
201600017409,16,12,22,1215,1,1,2,2,3,129,4697200,235100,180,3,2,2,0,1,1,0,370,2,0,1,0,0
201600017411,16,6,18,2030,1,1,1,8,6,165,4733000,224100,180,3,2,2,0,1,3,56,56,1,0,3,0,0
201600017412,16,7,31,1515,1,1,1,1,6,11,4756089,236875,180,3,0,0,0,1,1,0,36,1,0,3,99,0
201600017413,16,9,3,900,1,1,1,1,6,165,4727900,228702,180,3,2,2,0,0,2,0,90,1,0,1,0,0
201600017414,16,10,11,1900,2,1,1,1,1,30,4751158,249625,180,3,2,2,0,1,1,0,54,1,0,1,99,0
201600017415,16,11,27,2000,3,1,1,1,6,37,4755718,211682,180,3,2,2,0,0,1,0,60,1,0,3,99,0
201600017417,16,2,20,1015,1,1,3,1,3,141,4714765,226619,180,3,2,2,0,1,1,0,54,1,0,1,0,1
201600017418,16,6,24,600,3,1,1,1,6,124,4706102,206841,180,3,2,2,0,1,1,0,50,1,0,3,99,1
201600017420,16,9,14,1515,1,2,1,2,7,28,4713746,232805,180,3,2,0,0,0,3,0,60,2,0,1,99,0
201600017422,16,1,6,1645,1,2,1,2,6,128,4571414,591925,730,4,2,2,0,1,1,0,65,2,0,1,0,0
201600017423,16,8,6,1610,1,1,1,1,2,300,4566549,589596,730,3,3,2,2,1,1,20,100,1,0,1,99,0
201600017424,16,10,22,1545,1,1,1,1,6,300,4567454,589377,730,3,3,2,2,1,1,20,100,1,0,1,99,0
201600017426,16,9,24,1400,1,1,1,1,3,151,4548771,599540,730,3,2,0,0,1,1,0,80,1,0,1,99,1
201600017427,16,10,18,1145,1,1,4,1,3,183,4550804,599122,730,3,2,2,0,2,1,0,62,1,5,1,99,0
201600017428,16,2,25,1015,1,1,1,2,5,162,4559187,627369,730,3,2,2,0,1,1,0,75,2,0,1,99,0
201600017429,16,3,26,1615,1,1,1,1,1,308,4568768,640466,730,3,2,2,0,2,3,0,72,1,0,1,99,1
201600017430,16,4,22,1815,1,1,1,1,1,32,4563847,644326,730,3,2,2,0,3,1,0,65,1,0,1,99,0
201600017431,16,5,14,315,3,1,1,5,6,162,4560452,628025,730,3,2,2,0,1,3,0,90,2,0,3,99,1
201600017432,16,5,22,1,5,2,6,1,3,114,4581858,651636,730,3,2,2,0,2,1,0,62,1,5,0,99,0
201600017433,16,5,24,2100,5,2,1,1,3,303,4575316,642121,730,3,2,2,0,2,2,0,70,1,0,1,99,0
201600017434,16,6,22,1215,1,1,2,1,1,124,4565814,635163,730,3,2,2,0,1,1,0,65,1,5,1,99,0
201600017435,16,6,27,1115,1,2,1,1,6,186,4580896,651871,730,3,2,0,0,2,1,0,65,1,0,1,0,0
201600017436,16,8,8,1120,1,1,1,1,6,153,4572852,643533,730,3,2,2,0,2,2,0,65,1,0,2,99,0
201600017437,16,8,26,1830,1,1,1,1,4,121,4562706,632143,730,3,2,2,0,1,1,0,70,1,0,1,0,0
201600017438,16,10,28,1345,1,2,1,7,1,110,4561401,643509,730,3,2,2,0,1,1,0,70,1,0,1,0,0
201600017439,16,6,10,830,1,2,1,1,3,248,4527311,634949,730,3,2,2,0,1,1,0,65,1,0,1,3,0
201600017440,16,6,29,1145,1,2,7,1,6,248,4527701,634324,730,6,0,0,0,1,1,0,0,1,0,1,99,0
201600017442,16,1,29,1400,1,1,1,1,1,19,4550756,630889,730,3,2,2,0,1,1,0,75,1,0,1,99,0
201600017443,16,3,4,2359,3,1,1,8,6,7,4557812,625256,730,3,2,2,0,1,1,0,75,2,0,3,99,1
201600017444,16,6,24,1430,1,1,1,1,1,74,4542057,627321,730,3,2,0,0,1,4,0,70,1,0,1,99,0
201600017445,16,8,1,1115,1,2,3,1,6,212,4554438,630913,730,3,2,2,0,1,1,0,60,1,0,1,3,0
201600017446,16,1,21,1315,1,1,3,1,1,519,4339243,38023,640,3,2,2,0,1,1,18,76,1,5,1,99,0
201600017447,16,2,21,1600,1,1,1,1,6,511,4341620,36572,640,3,2,2,0,3,3,0,62,1,0,3,99,1
201600017448,16,3,1,1345,1,1,1,1,2,448,4334252,47047,640,3,4,3,0,1,1,0,117,1,5,1,99,0
201600017449,16,6,9,1700,1,1,1,1,1,60,4332776,47480,640,3,2,2,2,1,1,0,70,1,0,1,99,0
201600017450,16,10,21,1700,1,2,2,1,3,37,4332856,50113,640,3,2,2,0,1,1,0,65,1,0,1,0,0
201600017451,16,11,17,1830,3,1,2,1,3,511,4339824,41205,640,3,2,2,0,0,1,0,100,1,0,1,99,0
201600017452,16,1,12,1830,3,1,1,2,6,152,4333956,32503,640,3,2,2,0,1,2,0,0,2,0,1,0,0
201600017453,16,3,3,1715,1,2,1,2,3,395,4343291,1380,640,4,2,0,0,1,1,0,0,2,0,1,0,0
201600017454,16,4,9,615,3,1,1,2,7,329,4329700,28400,640,3,2,3,0,1,1,0,108,2,0,1,99,0
201600017455,16,8,23,1945,1,1,1,7,5,216,4325817,15181,640,3,2,2,0,0,0,0,0,0,0,1,99,0
201600017456,16,10,25,1800,1,1,2,1,5,309,4336987,5083,640,3,2,2,0,1,1,0,80,1,0,1,99,0
201600017457,16,12,11,1030,1,1,1,1,6,389,4341290,19676,640,3,2,1,0,2,3,0,100,1,0,3,99,0
201600017458,16,5,5,1715,1,2,1,1,3,417,4318238,26131,640,3,1,1,0,0,1,0,0,1,0,1,99,0
201600017459,16,12,7,415,3,2,2,1,3,141,4354990,31571,640,3,2,2,0,1,1,0,57,1,5,1,0,0
201600017460,16,2,11,1230,1,1,1,9,6,34,4334650,99696,640,3,2,2,0,2,2,0,85,2,0,3,0,0
201600017461,16,10,2,1415,1,1,1,1,6,104,4298072,60597,640,2,2,0,0,1,2,126,0,1,0,3,0,0
201600017462,16,1,12,1815,3,1,1,2,1,535,4335502,53531,640,3,2,0,0,1,1,0,0,2,0,1,0,0
201600017463,16,5,8,2000,1,1,1,1,7,430,4351100,81700,640,3,2,2,0,0,0,0,0,0,0,0,0,1
201600017464,16,8,25,1100,1,1,6,1,3,108,4351996,91516,640,3,1,0,0,1,2,0,0,1,0,1,0,0
201600017465,16,9,22,630,3,1,1,1,3,87,4350694,83550,640,3,3,0,0,1,1,0,0,1,0,1,0,0
201600017466,16,10,15,1000,1,1,1,1,2,462,4351800,87034,640,3,2,0,0,2,1,0,62,1,0,3,0,0
201600017467,16,3,6,1545,1,1,1,1,6,20,4785534,165082,450,3,2,2,0,1,1,0,60,1,0,3,99,0
201600017468,16,5,4,1745,1,2,3,1,3,98,4782575,176291,450,3,2,2,0,1,1,0,60,1,0,1,99,0
201600017469,16,5,15,1845,1,1,3,1,2,264,4792816,170438,450,3,2,2,0,1,1,0,70,1,5,1,99,0
201600017470,16,7,6,700,1,2,3,1,3,130,4779357,170888,450,4,2,2,0,1,1,0,50,1,5,1,99,0
201600017471,16,11,12,1615,1,1,1,2,6,179,4778137,170468,450,3,2,2,0,1,1,0,60,2,0,3,99,0
201600017472,16,12,15,700,3,1,1,9,6,167,4791371,170018,450,3,2,2,0,1,1,15,58,1,0,1,99,0
201600017473,16,12,15,745,3,1,1,1,1,313,4806477,182017,450,3,2,2,0,1,2,0,63,1,0,1,99,1
201600017474,16,2,25,645,5,2,1,5,6,307,4806298,289475,450,3,2,2,0,2,1,0,52,1,0,1,3,0
201600017475,16,6,28,1315,1,1,1,1,1,306,4801531,286409,450,3,2,2,0,2,3,0,70,1,0,1,99,1
201600017476,16,9,29,830,1,2,2,1,3,30,4806925,243474,450,3,2,2,0,1,1,0,60,1,5,1,3,0
201600017477,16,1,15,1845,5,1,1,9,6,95,4807006,209246,450,3,2,2,0,1,3,0,60,7,0,3,99,0
201600017478,16,2,20,1800,1,1,1,2,6,224,4805152,205229,450,3,2,2,0,1,3,0,58,2,0,3,99,0
201600017479,16,3,5,2330,3,1,1,2,6,95,4807048,211724,450,3,2,2,0,1,1,0,70,2,0,1,99,0
201600017480,16,3,12,1745,1,2,1,1,6,118,4812162,206625,450,3,2,2,0,1,1,0,55,1,0,1,99,0
201600017481,16,8,22,1830,1,1,1,1,1,188,4803044,207601,450,3,2,2,0,1,3,0,60,1,0,1,99,0
201600017482,16,12,12,1600,1,1,1,1,1,95,4807963,214282,450,3,2,2,0,1,1,0,80,1,0,1,99,0
201600017484,16,1,10,300,1,1,1,1,6,250,4945420,203307,600,3,0,0,0,0,0,0,0,0,0,0,0,0
201600017485,16,1,29,1945,3,1,1,1,1,251,4945796,221165,600,3,0,0,0,0,0,0,0,0,0,0,0,0
201600017486,16,3,3,1515,1,1,1,1,6,230,4945738,225286,600,3,0,0,0,0,0,0,0,0,0,0,0,0
201600017487,16,7,25,1730,1,1,1,1,5,646,4947603,205057,600,3,0,0,0,0,0,0,0,0,0,0,0,0
201600017488,16,9,30,1615,1,2,1,1,3,41,4938286,222354,600,3,0,0,0,0,0,0,0,0,0,0,0,0
201600017489,16,11,7,1045,1,1,1,1,3,646,4948263,203876,600,3,0,0,0,0,1,0,0,2,0,1,0,0
201600017490,16,11,12,2200,1,2,3,2,3,103,4940365,224976,600,4,2,2,0,0,0,0,0,2,0,1,0,0
201600017491,16,12,5,1215,1,2,1,1,1,103,4941011,224689,600,3,2,0,0,1,3,0,0,1,0,1,3,0
201600017492,16,12,30,1345,1,1,1,5,1,668,4950290,208683,600,3,0,0,0,0,0,0,0,0,0,0,0,0
201600017493,16,3,21,1930,1,1,1,1,1,187,4944446,182214,600,2,2,1,0,1,1,0,73,1,0,1,99,0
201600017494,16,6,24,2300,2,2,1,1,1,164,4941289,183981,600,4,0,0,0,0,0,0,0,0,0,0,0,0
201600017495,16,6,30,1815,1,1,1,1,1,63,4934508,207311,600,3,0,0,0,0,0,0,0,0,0,0,0,0
201600017496,16,7,21,1130,1,2,1,1,6,343,4939272,178545,600,4,0,0,0,0,0,0,0,0,0,0,0,0
201600017497,16,1,12,1730,5,2,1,3,5,110,4965610,182765,600,3,2,2,0,1,1,0,100,2,0,1,0,0
201600017498,16,2,2,615,5,2,1,1,6,286,4966105,192556,600,3,2,0,0,0,1,0,0,2,0,1,99,0
201600017499,16,2,23,830,1,1,1,1,6,194,4970064,195949,600,3,2,0,0,3,1,0,0,1,0,3,99,0
201600017500,16,5,4,1430,1,1,1,1,6,233,4965029,184787,600,3,2,2,0,1,1,0,5,1,0,1,0,0
201600017501,16,3,18,1815,1,1,1,1,6,233,4964871,184652,600,3,2,0,0,1,1,0,50,1,0,1,0,0
201600017502,16,4,6,1930,1,1,1,1,3,288,4955695,189172,600,3,0,0,0,0,0,0,0,0,0,0,0,0
201600017503,16,4,12,1400,1,1,1,1,1,605,4967336,192025,600,3,2,2,0,1,1,0,83,1,0,1,0,1
201600017504,16,4,19,2100,3,1,1,1,7,304,4958539,198708,600,3,2,2,0,1,1,0,76,1,0,3,0,0
201600017505,16,4,21,945,1,1,1,1,1,691,4957966,174628,600,3,2,2,0,3,1,57,0,1,0,1,0,0
201600017506,16,4,25,1515,1,1,1,1,6,180,4952442,191992,600,3,0,2,0,1,0,0,0,1,0,1,0,0
201600017507,16,5,12,2200,2,1,1,1,6,387,4957337,195940,600,3,2,0,0,0,3,0,0,1,0,1,0,0
201600017508,16,8,2,1330,1,1,1,1,1,4,4955269,198489,600,3,0,0,0,0,0,0,0,0,0,0,0,0
201600017509,16,11,6,845,1,2,1,1,6,435,4958015,187184,600,3,0,0,0,1,1,0,0,1,0,1,0,0
201600017510,16,12,16,1815,3,2,1,1,6,354,4968241,199733,600,4,0,2,0,0,1,0,0,1,0,3,0,0
201600017511,16,12,19,2000,5,2,1,1,3,122,4961516,174910,600,3,0,0,0,0,0,0,0,0,0,0,0,0
201600017512,16,4,19,745,1,2,1,1,6,155,4925868,233184,600,3,0,0,0,0,0,0,0,0,0,0,0,0
201600017513,16,9,22,945,1,2,1,1,6,155,4927105,235836,600,4,0,0,0,0,0,0,0,0,0,0,0,0
201600017514,16,10,20,1530,1,2,1,1,6,584,4921663,242156,600,3,2,0,0,1,1,70,0,2,0,1,0,0
201600017515,16,11,23,1630,1,1,1,1,1,584,4921320,240938,600,3,2,1,0,1,1,0,60,1,0,1,99,0
201600017516,16,12,6,1345,1,1,1,9,1,155,4926603,234697,600,3,0,0,0,0,0,0,0,0,0,0,0,1
201600017517,16,7,19,30,3,1,1,1,7,111,4963115,246050,600,3,2,2,0,3,3,0,60,1,0,1,0,0
201600017518,16,10,25,1515,1,2,1,1,6,104,4963632,228961,600,3,0,0,0,0,0,0,0,0,0,0,0,1
201600017519,16,12,13,1330,1,1,1,1,1,178,4961023,210350,600,3,0,0,0,0,0,0,0,0,0,0,0,0
201600017520,16,12,13,1615,1,2,1,1,1,104,4963230,229079,600,3,0,0,0,0,0,0,0,0,0,0,0,0
201600017521,16,12,8,1630,2,1,1,1,3,26,4956756,211837,600,3,0,0,0,0,0,0,0,0,0,0,0,0
201600017522,16,1,21,745,2,1,1,9,1,556,4960302,252458,600,3,2,2,0,1,1,0,55,7,0,1,0,0
201600017523,16,1,22,2100,3,1,1,5,6,468,4950267,235528,600,3,2,2,0,2,3,0,60,2,0,3,0,0
201600017524,16,3,5,1215,1,1,1,9,1,503,4958633,258037,600,3,2,1,0,1,3,0,60,5,0,1,0,0
201600017525,16,3,2,1430,1,2,1,2,6,581,4950614,243388,600,3,2,2,0,0,1,0,65,2,0,1,99,0
201600017526,16,3,29,800,1,1,2,1,3,232,4958761,249728,600,3,2,2,0,0,1,0,70,1,0,1,0,0
201600017527,16,6,24,2300,3,1,1,1,1,112,4955766,248183,600,3,2,2,0,1,1,0,75,1,0,1,0,1
201600017528,16,7,14,815,1,1,1,1,1,374,4954364,252799,600,3,0,0,0,0,0,0,0,0,0,0,0,0
201600017529,16,10,18,1945,1,1,2,1,3,222,4946906,226211,600,3,2,2,0,1,1,0,0,1,0,1,99,1
201600017530,16,10,27,1515,1,2,1,1,6,702,4960677,247872,600,3,0,0,0,0,0,0,0,0,0,0,0,0
201600017531,16,11,15,1645,2,1,1,2,5,581,4951715,242052,600,3,0,0,0,0,0,0,0,2,0,0,0,0
201600017532,16,1,9,1845,1,1,3,1,3,537,4952640,293882,600,3,0,0,0,0,0,0,0,0,0,0,0,0
201600017533,16,2,16,1430,1,2,1,1,3,64,4941364,301245,600,3,2,2,0,1,1,0,54,1,0,1,99,0
201600017534,16,3,12,1830,1,2,1,1,6,119,4949865,290245,600,4,2,2,0,1,3,0,0,1,0,4,99,0
201600017535,16,3,16,1015,1,1,1,1,3,129,4952458,300248,600,3,2,0,0,1,1,57,55,1,0,1,0,0
201600017536,16,4,28,2245,5,2,1,1,6,534,4941601,294235,600,3,2,2,0,1,1,0,60,1,0,1,99,0
201600017537,16,6,22,1700,1,2,6,1,6,471,4957829,299476,600,4,0,2,0,0,0,0,0,0,0,0,0,0
201600017538,16,6,28,1415,1,1,1,1,7,25,4940432,307001,600,3,2,0,0,1,1,0,60,1,0,1,99,1
201600017539,16,8,20,1445,1,2,1,1,3,636,4947736,286742,600,3,2,2,0,2,2,0,75,1,0,1,99,0
201600017540,16,8,25,1500,1,2,1,1,1,151,4943109,286436,600,3,0,0,0,0,0,0,0,0,0,0,0,0
201600017541,16,10,24,1815,1,2,1,8,1,537,4951725,292428,600,4,0,0,0,0,0,0,0,0,0,0,0,1
201600017542,16,11,15,1730,1,1,1,2,5,150,4954744,295807,600,3,0,0,0,0,0,0,0,2,0,0,0,0
201600017543,16,12,3,545,5,2,1,1,6,119,4950003,291440,600,3,0,0,0,0,0,0,0,0,0,0,0,0
201600017544,16,12,8,900,1,2,1,8,6,641,4947775,299711,600,3,0,0,0,0,0,0,0,0,0,0,0,1
201600017545,16,12,23,1015,1,2,1,1,6,188,4940412,300511,600,2,0,0,0,0,0,0,0,0,0,0,0,0
201600017546,16,1,8,715,3,1,1,1,1,617,4962238,293156,600,3,2,2,0,4,0,0,75,1,0,1,99,1
201600017547,16,1,11,830,2,2,1,2,6,471,4957294,301138,600,4,0,0,0,0,0,0,0,2,0,0,0,0
201600017548,16,2,5,115,3,1,1,9,6,471,4960272,301274,600,3,2,2,0,0,1,0,71,1,0,3,99,1
201600017549,16,2,26,1045,1,1,2,1,3,474,4969940,291305,600,3,2,0,0,1,1,0,0,1,0,1,0,0
201600017550,16,4,10,1930,1,2,1,1,2,676,4955349,293668,600,3,0,0,0,0,0,0,0,0,0,0,0,0
201600017551,16,6,20,1015,1,2,1,2,3,507,4955213,304980,600,3,2,0,0,0,1,0,0,1,0,1,99,0
201600017552,16,8,6,1315,1,2,2,1,6,471,4957782,299804,600,4,0,0,0,0,0,0,0,0,0,0,0,0
201600017553,16,8,21,1945,1,1,1,1,7,291,4967428,302334,600,3,0,0,0,0,0,0,0,0,0,0,0,0
201600017554,16,9,20,1045,1,2,1,1,3,471,4957953,300763,600,3,0,0,0,0,0,0,0,0,0,0,0,0
201600017555,16,10,4,930,1,1,3,1,3,55,4959985,296963,600,3,2,2,0,1,1,0,0,1,0,1,0,0
201600017556,16,10,22,530,2,1,2,5,3,124,4963764,290569,600,3,2,2,0,1,1,0,0,2,0,1,99,0
201600017557,16,11,8,1530,1,1,1,8,1,127,4959293,280638,600,3,2,2,0,0,1,0,55,1,0,1,0,0
201600017558,16,12,29,1515,1,1,2,1,3,124,4963794,290534,600,3,0,0,0,0,1,0,0,1,0,1,0,0
201600017559,16,2,3,1,3,1,1,1,6,160,4961836,272435,600,3,2,2,0,1,2,0,0,1,0,1,99,0
201600017560,16,3,10,1515,1,1,1,1,3,533,4952564,270894,600,3,2,2,0,1,1,0,0,1,5,1,99,0
201600017561,16,7,10,1930,1,2,2,1,3,386,4951695,276313,600,3,4,4,0,1,1,0,0,1,0,1,3,0
201600017562,16,1,1,115,5,2,1,1,6,670,4927260,250919,600,4,2,2,0,1,1,0,54,1,0,3,99,0
201600017563,16,1,21,815,1,1,1,1,1,509,4928733,260294,600,3,0,0,0,0,0,0,0,0,0,0,0,0
201600017564,16,4,16,2115,3,1,1,1,6,509,4929601,258579,600,3,0,0,0,0,0,0,0,0,0,0,0,0
201600017565,16,4,27,600,2,2,1,1,6,508,4930053,265193,600,3,2,2,0,1,1,0,71,1,0,4,99,1
201600017566,16,6,17,1330,1,2,1,1,3,509,4930662,260434,600,3,2,2,0,1,1,0,39,1,0,1,99,0
201600017567,16,7,24,1530,1,1,1,1,1,667,4929459,272313,600,3,2,0,0,3,3,0,84,9,0,1,0,1
201600017568,16,8,27,815,1,1,1,1,6,667,4927474,272754,600,3,0,0,0,0,0,0,0,0,0,0,0,0
201600017569,16,8,7,200,3,1,1,1,6,667,4929713,272173,600,3,0,0,0,0,0,0,0,0,0,0,0,0
201600017570,16,9,22,45,5,1,6,1,6,509,4932424,260412,600,3,0,0,0,0,0,0,0,0,5,0,0,0
201600017571,16,10,7,545,1,2,1,1,1,509,4930406,260443,600,3,0,0,0,0,0,0,0,0,0,0,0,0
201600017572,16,5,4,2215,3,1,1,1,1,176,4275614,177071,90,2,2,2,0,4,3,0,0,1,0,1,0,0
201600017573,16,8,14,1700,1,1,1,1,6,32,4267658,183481,90,3,2,1,0,1,2,70,0,1,0,1,0,0
201600017574,16,9,9,1215,1,1,1,1,1,189,4268488,182365,90,2,2,2,0,2,3,0,0,1,0,1,99,1
201600017575,16,9,10,1700,1,1,1,1,6,139,4257617,179032,90,2,2,0,0,2,3,0,79,1,0,1,0,0
201600017576,16,1,22,2045,5,2,1,2,3,324,4304699,163327,90,3,2,2,0,1,1,0,60,2,0,1,0,0
201600017577,16,12,13,815,2,1,1,9,6,163,4314705,152245,90,3,2,2,0,0,3,0,52,7,0,0,99,0
201600017578,16,12,30,2030,3,1,1,5,7,238,4309250,170384,90,3,0,3,0,2,1,0,70,2,0,1,0,1
201600017590,16,3,6,515,3,1,1,1,1,202,4900620,96024,500,3,2,2,0,4,1,0,75,1,0,1,99,1
201600017591,16,3,11,2030,3,1,3,1,3,139,4907250,102247,500,3,2,2,0,2,1,0,63,1,0,1,0,0
201600017592,16,3,31,1230,1,1,2,1,3,444,4904680,96303,500,3,2,2,0,1,1,0,0,1,5,1,99,0
201600017593,16,6,7,1145,1,1,1,1,6,601,4904040,98471,500,3,0,0,0,1,1,47,95,1,0,1,0,0
201600017594,16,2,3,700,3,1,2,2,3,625,4875390,90623,500,3,2,2,0,1,1,0,66,2,0,1,99,0
201600017595,16,9,16,1130,1,1,1,8,5,284,4858300,143644,500,2,2,2,0,4,1,0,0,2,0,1,0,0
201600017596,16,10,15,145,5,2,1,1,6,410,4855280,150629,500,3,2,2,0,1,1,0,95,1,0,1,99,0
201600017597,16,10,29,1800,1,1,2,1,3,543,4864010,129443,500,3,2,2,0,1,1,0,0,1,0,1,99,0
201600017598,16,11,12,1900,5,2,1,3,1,347,4852410,132865,500,3,2,2,0,0,2,0,90,2,0,1,99,0
201600017599,16,11,27,1700,1,1,1,1,1,290,4865990,128011,500,3,2,2,0,2,3,0,50,1,0,1,0,1
201600017600,16,12,1,1745,5,2,1,1,3,168,4861960,128888,500,3,2,2,0,2,1,0,60,1,0,1,0,0
201600017601,16,3,2,615,3,2,1,3,6,484,4856900,109542,500,3,2,2,0,1,1,0,70,2,0,1,99,0
201600017602,16,4,27,1630,1,2,9,1,6,274,4857730,109178,500,3,2,2,0,1,1,0,0,1,6,4,99,0
201600017603,16,6,4,1130,1,1,3,1,1,274,4853830,106876,500,3,2,2,0,2,1,0,46,1,0,1,99,0
201600017604,16,7,7,1100,1,1,1,1,2,256,4859860,119705,500,3,2,2,0,1,1,0,70,1,0,1,0,0
201600017605,16,11,3,1115,1,1,1,1,2,256,4859990,120021,500,3,2,2,0,1,1,0,63,1,0,3,0,1
201600017606,16,7,22,1745,1,1,2,1,3,648,4949610,151466,500,3,2,2,0,3,1,0,0,1,0,1,0,0
201600017607,16,11,25,1515,1,1,1,1,1,135,4964990,139621,500,3,2,2,0,2,0,0,54,1,0,1,99,0
201600017608,16,1,7,2000,3,1,1,8,7,45,4954100,177906,500,3,2,2,0,0,1,0,0,2,0,1,0,0
201600017609,16,1,19,1930,3,1,1,9,1,402,4951100,176767,500,3,2,2,0,2,4,0,58,2,0,1,0,0
201600017610,16,2,5,715,2,1,1,1,3,604,4954780,185074,500,3,2,2,0,2,1,0,0,1,0,1,0,0
201600017611,16,3,27,100,3,1,1,1,7,425,4951520,166137,500,3,2,2,0,1,1,0,34,2,0,3,0,0
201600017612,16,4,23,1615,1,2,1,1,6,31,4936900,176775,500,3,2,2,0,1,0,0,0,1,6,4,99,0
201600017613,16,5,3,800,1,2,3,7,3,82,4947050,163867,500,3,2,2,0,1,1,0,70,1,0,1,99,0
201600017614,16,6,22,1115,1,2,1,1,7,425,4951950,168082,500,4,2,2,0,1,1,0,60,1,0,1,0,0
201600017615,16,7,8,1700,1,1,2,1,3,425,4951440,167850,500,3,2,2,0,1,1,0,60,1,0,1,0,0
201600017616,16,7,31,930,1,1,1,1,6,176,4947430,159967,500,3,2,2,0,1,3,0,37,1,0,3,99,0
201600017617,16,9,3,1815,1,1,2,1,3,31,4937870,174213,500,3,2,2,0,3,1,0,0,1,5,1,0,0
201600017618,16,9,21,500,3,1,1,1,1,176,4947940,160636,500,3,2,2,0,1,1,0,0,1,0,1,99,1
201600017619,16,10,21,2115,3,1,1,1,7,425,4952790,164855,500,4,0,2,0,1,2,0,50,1,0,3,99,0
201600017620,16,2,28,1915,3,1,1,8,6,390,4950650,134768,500,3,2,2,0,1,1,0,75,1,0,1,0,0
201600017621,16,3,11,1515,1,1,1,1,6,551,4937820,157731,500,3,2,2,0,1,1,0,59,1,0,3,99,0
201600017622,16,3,25,1915,2,1,1,1,7,177,4940420,144166,500,3,2,2,0,1,2,0,0,1,0,1,0,0
201600017623,16,5,3,815,2,2,9,7,2,103,4936840,133629,500,3,2,2,0,3,1,0,55,1,2,1,0,1
201600017624,16,8,5,30,3,1,1,1,5,233,4942830,149389,500,3,2,2,0,2,1,0,80,1,0,1,99,1
201600017625,16,9,9,1615,1,1,1,1,3,426,4937940,153091,500,3,2,2,0,2,1,0,45,1,0,1,99,0
201600017626,16,9,23,1115,1,1,3,1,3,269,4935430,132693,500,3,2,2,0,1,1,0,41,1,0,1,99,0
201600017627,16,7,8,830,1,1,1,1,1,92,4908580,135291,500,3,2,2,0,2,2,0,53,1,0,1,99,0
201600017628,16,8,11,1515,1,1,1,1,7,350,4902430,130031,500,3,2,2,0,2,2,0,53,1,0,1,99,0
201600017629,16,10,6,1745,1,1,1,1,5,419,4896130,147382,500,3,2,2,0,1,1,0,60,1,0,1,99,0
201600017630,16,5,22,1430,1,2,1,1,1,10,4452681,576326,50,3,2,2,0,1,1,0,71,1,0,1,0,0