Num_Acc,an,mois,jour,hrmn,lum,agg,int,atm,col,com,lat,long,dep,catr,circ,nbv,vosp,prof,plan,lartpc,larrout,surf,infra,situ,env1,killed
201600017631,16,5,29,2000,1,1,1,1,7,8,4449725,572969,50,3,2,2,0,1,1,0,73,2,0,1,99,0
201600017632,16,6,24,1745,1,1,1,7,6,179,4453996,583973,50,3,2,2,0,1,1,0,84,1,0,1,99,0
201600017633,16,8,6,1715,1,1,1,1,2,123,4456189,593421,50,3,2,2,0,1,1,30,70,1,0,1,99,0
201600017634,16,10,20,1730,1,1,1,1,5,146,4458349,572263,50,3,2,2,0,1,1,0,73,1,0,1,99,0
201600017635,16,11,17,1745,3,1,1,1,2,179,4453320,579964,50,3,2,2,0,2,4,0,65,1,0,1,99,0
201600017636,16,11,22,945,1,2,3,2,3,179,4453156,580649,50,3,2,2,0,1,1,0,73,2,0,1,3,0
201600017637,16,8,14,930,1,1,1,1,4,84,4455648,623806,50,2,2,2,0,1,2,0,70,1,0,1,99,0
201600017638,16,9,9,2325,3,1,1,3,2,124,4457734,614901,50,2,2,2,0,1,1,0,73,2,0,1,99,0
201600017639,16,11,1,1800,3,1,3,1,4,84,4455911,622078,50,2,2,2,0,1,1,0,131,1,5,1,99,0
201600017640,16,4,30,1715,1,1,1,2,1,12,4454786,648516,50,3,2,2,0,1,1,0,73,2,5,1,99,0
201600017641,16,2,22,1845,3,1,1,3,6,506,4917840,79851,140,3,2,2,0,1,1,0,60,2,0,3,99,1
201600017642,16,3,8,2055,3,1,1,1,6,103,4925140,87522,140,3,2,2,0,1,2,0,50,2,0,3,0,0
201600017643,16,3,9,1410,1,1,1,3,6,551,4933290,82472,140,3,2,2,0,2,2,0,0,2,0,3,99,0
201600017644,16,3,20,1600,1,1,1,1,6,239,4938840,94092,140,3,2,0,0,1,3,0,55,1,0,1,99,0
201600017645,16,5,22,1900,1,2,1,3,7,614,4922520,104638,140,3,2,2,0,1,2,0,60,2,0,1,99,0
201600017646,16,5,26,1850,1,1,1,1,3,716,4919210,72072,140,3,2,2,0,2,1,0,0,1,0,1,0,0
201600017647,16,6,19,915,1,1,2,1,3,714,4922640,81569,140,3,2,0,0,1,1,0,50,1,0,1,99,0
201600017648,16,10,26,1345,1,2,1,1,3,312,4938100,105658,140,3,2,2,0,1,1,0,74,1,0,1,99,0
201600017649,16,7,18,2330,3,1,1,1,7,377,4932090,70293,140,3,2,2,0,1,3,0,0,1,0,3,99,0
201600017650,16,9,1,1045,1,1,2,1,1,577,4927200,55800,140,3,2,0,0,1,1,0,60,1,5,1,99,0
201600017651,16,3,29,150,4,2,1,1,7,692,4917720,60870,140,3,2,2,0,1,1,0,0,1,0,1,99,0
201600017652,16,8,10,1550,1,1,2,1,7,353,4906910,57535,140,3,2,2,0,1,1,0,58,1,0,1,99,0
201600017653,16,12,1,1530,1,1,1,1,2,111,4921800,65500,140,3,2,2,0,2,1,0,70,1,0,1,99,0
201600017655,16,12,20,1515,1,1,2,7,5,389,4905200,66500,140,4,2,0,0,1,1,0,60,1,0,1,0,0
201600017656,16,2,21,1000,1,2,1,2,6,514,4928520,18336,140,3,2,2,0,1,1,0,50,2,0,1,99,0
201600017657,16,2,22,1945,5,2,3,3,6,644,4920890,28693,140,3,2,2,0,0,0,0,0,2,0,0,0,0
201600017658,16,4,11,1600,1,1,1,1,6,578,4934090,21931,140,3,2,2,0,1,2,0,45,1,0,3,99,0
201600017659,16,4,28,800,1,1,3,1,1,593,4922880,18066,140,4,2,0,0,1,1,0,33,1,0,1,99,0
201600017660,16,5,8,1030,1,1,2,1,3,299,4937640,27580,140,3,2,2,0,1,1,0,50,1,0,1,99,0
201600017661,16,5,15,1930,1,1,1,1,1,492,4941270,18572,140,3,2,2,0,1,1,0,52,1,0,1,99,0
201600017663,16,6,26,1615,1,2,1,1,6,754,4932230,563,140,5,2,1,0,1,1,0,30,1,0,1,0,0
201600017665,16,10,3,1730,1,1,1,1,3,474,4913270,91,140,3,2,2,0,1,1,0,87,1,0,1,99,0
201600017667,16,11,15,1430,1,1,1,2,7,83,4923080,10111,140,3,2,2,0,2,3,0,60,2,0,3,99,1
201600017668,16,11,27,2045,3,1,1,1,7,33,4922540,6438,140,3,2,2,0,1,1,0,0,1,0,1,99,0
201600017669,16,12,31,1015,1,1,1,9,1,455,4900500,36000,140,3,2,2,0,2,4,0,62,7,0,1,0,0
201600017670,16,12,30,1845,3,1,9,9,6,546,4900700,17400,140,3,2,2,0,0,1,0,62,7,0,3,0,0
201600017671,16,3,29,1230,1,2,1,1,7,456,4911450,17295,140,4,2,2,0,1,4,0,0,1,0,1,99,0
201600017672,16,6,23,2345,3,2,1,1,7,516,4896830,24119,140,3,2,2,0,0,0,0,70,1,0,1,0,0
201600017673,16,7,9,1845,1,1,1,1,2,39,4900960,35825,140,3,2,2,0,4,1,0,50,1,0,1,99,0
201600017675,16,4,7,725,2,1,1,2,1,251,4895970,47865,140,3,2,2,0,1,1,0,70,2,0,1,0,0
201600017676,16,4,10,1745,1,1,3,1,2,223,4887630,33805,140,3,2,2,0,0,0,0,0,1,0,1,0,0
201600017677,16,4,14,715,1,2,1,1,5,162,4893200,51131,140,4,2,0,0,1,1,0,40,1,0,1,99,0
201600017678,16,4,24,1945,1,1,1,1,6,656,4895390,48929,140,3,2,2,0,1,2,0,70,1,0,3,99,1
201600017679,16,5,10,1145,1,2,6,2,7,689,4898060,47581,140,3,1,2,0,2,2,0,40,2,5,1,99,0
201600017680,16,5,14,1645,1,1,1,1,7,505,4897080,43503,140,3,2,2,0,2,2,0,60,1,0,3,99,0
201600017681,16,6,6,2030,1,1,1,1,6,656,4895430,48856,140,3,2,2,0,1,4,0,70,1,0,3,99,0
201600017682,16,6,13,1815,1,1,1,8,6,764,4887930,39952,140,3,2,2,0,2,1,0,65,1,0,3,0,1
201600017684,16,6,23,915,1,1,1,1,1,602,4893440,56362,140,3,2,2,0,1,4,0,0,1,0,1,99,0
201600017686,16,1,20,1700,1,1,3,1,3,478,4903340,38600,140,3,2,2,0,0,0,0,0,1,0,1,0,0
201600017687,16,3,7,1330,1,1,1,1,1,210,4902940,27814,140,3,2,2,0,1,4,0,35,1,0,1,99,0
201600017688,16,3,18,1555,1,2,1,1,6,471,4899080,26465,140,3,3,2,0,2,3,0,0,1,0,1,99,0
201600017690,16,6,1,1350,1,1,1,2,3,647,4907650,30444,140,4,2,1,0,1,2,0,0,2,0,1,99,0
201600017691,16,7,3,2315,3,1,1,1,2,504,4920330,32543,140,3,2,2,0,1,1,0,70,2,0,1,99,0
201600017693,16,10,6,1415,1,1,1,1,1,326,4916120,27330,140,3,2,2,0,2,2,0,71,1,0,1,99,0
201600017694,16,11,7,510,4,2,1,1,1,69,4912970,26771,140,3,2,2,0,1,3,0,60,2,0,1,99,0
201600017695,16,12,3,1030,1,1,1,1,3,504,4921200,34000,140,3,2,2,0,1,1,0,0,1,0,1,99,0
201600017697,16,12,15,915,1,1,1,1,1,326,4918600,29900,140,3,2,2,0,0,3,0,60,2,0,1,3,0
201600017698,16,2,3,1900,5,2,3,1,6,431,4908000,5964,140,3,2,2,0,1,1,0,0,1,0,4,0,0
201600017699,16,5,17,1500,1,1,1,1,7,419,4909020,17280,140,3,2,2,0,1,1,0,0,1,0,1,99,0
201600017700,16,7,22,1900,1,1,1,1,6,697,4895210,4849,140,3,2,2,0,1,1,0,44,1,0,1,99,0
201600017701,16,5,19,1900,1,1,1,1,7,611,4882180,95838,140,3,2,2,0,1,1,0,0,1,0,3,99,0
201600017702,16,3,22,1640,1,1,1,1,3,730,4886280,83086,140,4,2,2,0,1,3,0,66,1,0,1,99,0
201600017707,16,10,4,850,1,2,6,7,6,90,4359294,693008,60,3,0,2,0,1,0,7,15,1,0,0,0,0
201600017708,16,10,9,1230,1,2,1,1,3,90,4357522,693385,60,3,2,2,0,1,1,0,0,1,0,1,99,0
201600017709,16,11,1,1538,1,2,3,1,2,79,4352570,691389,60,3,2,2,0,1,0,7,415,1,0,0,0,0
201600017710,16,11,10,700,1,2,6,1,3,7,4361377,692008,60,3,0,1,0,2,0,0,10,1,0,0,0,0
201600017711,16,11,16,1015,1,2,1,1,2,90,4359955,693194,60,3,2,2,0,1,0,0,0,1,0,1,99,0
201600017712,16,12,3,2150,5,2,3,2,3,79,4355178,694185,60,3,2,2,0,1,0,507,20,1,0,0,0,0
201600017713,16,12,6,1730,3,2,1,1,6,7,4361027,691607,60,3,2,2,0,2,1,0,0,1,0,1,99,0
201600017714,16,12,9,1450,1,1,1,1,3,108,4358646,695704,60,3,2,2,0,2,0,0,0,1,0,1,99,1
201600017715,16,12,13,2250,5,2,1,1,1,79,4354874,694178,60,3,2,2,0,1,1,0,0,1,0,1,99,0
201600017716,16,12,21,330,5,1,1,2,6,79,4353667,693402,60,3,1,1,0,1,3,40,70,2,0,3,99,0
201600017717,16,12,31,1725,5,2,9,1,3,79,4352676,692663,60,3,2,2,0,1,0,8,10,1,0,0,0,0
201600017722,16,9,8,1215,1,2,1,1,1,112,4367458,700950,60,3,2,2,0,1,1,0,70,1,0,1,99,0
201600017724,16,10,4,2250,3,2,1,1,6,10,4369439,697087,60,3,2,2,0,2,3,0,62,1,0,1,99,0
201600017725,16,10,23,1520,1,2,1,2,3,105,4366460,705324,60,3,2,2,0,2,2,0,0,2,0,1,99,0
201600017726,16,11,16,1015,1,2,1,1,6,148,4371645,705831,60,3,1,1,0,1,1,0,55,1,0,1,99,0
201600017727,16,12,10,1400,1,1,1,1,6,68,4372249,697942,60,3,2,2,0,1,1,0,61,1,0,1,99,0
201600017728,16,12,17,200,5,2,9,1,6,105,4366306,705567,60,3,2,2,0,2,0,10,10,1,0,0,0,0
201600017729,16,3,26,830,1,2,1,1,6,136,4387838,744788,60,4,1,1,0,0,1,0,53,1,0,1,99,0
201600017732,16,7,29,1915,1,1,1,1,6,163,4406900,758900,60,3,2,2,0,2,2,0,67,1,0,3,99,1
201600017734,16,11,10,1800,5,2,3,1,1,23,4394656,751822,60,3,2,2,0,1,0,9,510,1,0,0,0,0
201600017735,16,11,30,835,1,2,1,1,7,163,4408350,759409,60,3,2,2,0,1,1,0,75,1,0,1,99,0
201600017736,16,1,12,730,2,2,1,1,3,59,4320500,759700,60,3,2,1,0,1,1,0,66,1,0,1,0,0
201600017744,16,10,15,2035,5,1,1,1,6,59,4373566,736469,60,3,2,2,0,1,2,0,0,1,0,1,99,0
201600017745,16,10,19,827,1,1,1,1,3,59,4372461,737972,60,3,2,2,0,1,2,0,0,1,1,1,99,0
201600017746,16,12,9,1805,3,1,1,1,6,59,4372050,736873,60,3,2,2,0,2,2,0,0,1,1,1,99,0
201600017747,16,12,17,1319,1,2,9,7,6,32,4372705,741131,60,3,2,2,0,1,0,6,710,1,0,0,0,0
201600017748,16,12,17,1745,5,2,4,1,6,150,4374960,740902,60,3,2,2,0,1,0,6,310,1,0,0,0,0
201600017751,16,12,25,1859,3,1,1,1,6,16,4409618,698063,60,3,2,2,0,2,3,30,50,1,0,1,99,1
201600017752,16,11,16,845,1,1,1,1,3,151,4387063,719810,60,4,2,2,0,1,1,0,62,1,0,1,99,0
201600017759,16,12,1,1830,5,2,1,1,2,325,4783000,49000,720,3,2,2,0,0,0,0,52,0,0,0,0,0
201600017760,16,12,12,615,3,1,1,2,7,183,4773800,55200,720,3,2,2,0,1,1,0,0,1,0,3,99,0
201600017771,16,11,27,1700,5,2,1,1,3,138,4828000,2900,720,9,2,2,0,2,3,0,153,1,0,1,0,0
201600017772,16,12,6,800,2,1,1,5,1,394,4957800,539500,540,3,2,2,0,1,1,0,71,7,0,1,99,0
201600017774,16,11,20,430,5,2,1,1,6,325,4844500,643900,540,3,2,0,0,1,1,0,60,1,0,3,0,0
201600017775,16,1,10,1400,1,2,1,2,1,129,4858500,694200,540,3,2,0,0,1,2,0,72,2,0,1,99,0
201600017776,16,3,27,1745,1,1,1,1,3,40,4881700,653300,540,3,2,0,0,2,3,0,54,1,0,1,0,0
201600017777,16,6,28,1415,1,1,1,1,7,40,4848910,694595,540,3,2,2,0,2,3,0,60,1,0,1,99,0
201600017778,16,7,8,1400,1,1,1,1,3,40,4848464,695435,540,3,2,2,0,0,3,0,65,1,0,1,0,0
201600017780,16,4,9,1900,1,1,1,1,7,463,4879000,598000,540,3,2,2,0,1,1,0,64,1,0,1,99,1
201600017781,16,4,25,1815,1,2,2,2,1,490,4879295,604569,540,3,0,2,0,1,1,0,59,2,5,1,3,0
201600017782,16,7,10,2030,1,1,1,1,6,200,4889300,583700,540,3,2,0,0,0,1,0,65,1,0,3,0,0
201600017783,16,9,8,1530,1,1,1,1,6,200,4886900,583200,540,3,2,2,0,1,1,0,67,1,0,0,0,0
201600017784,16,12,27,1545,1,1,1,4,6,435,4896700,593300,540,4,2,2,0,1,3,0,68,7,0,3,99,0
201600017788,16,1,2,1750,3,2,2,2,3,79,4932400,3632,140,3,2,2,0,2,1,0,0,2,0,1,99,0
201600017790,16,1,9,1900,5,2,6,2,6,220,4936030,8235,140,3,2,2,0,0,0,0,0,2,0,1,0,0
201600017792,16,1,13,1455,1,2,1,1,3,715,4936260,8511,140,3,3,4,0,1,1,0,0,1,0,1,99,0
201600017793,16,1,15,715,1,2,1,1,3,715,4935960,8887,140,3,1,1,0,1,1,0,0,1,0,1,99,0
201600017794,16,1,27,1400,1,2,1,1,6,699,4934240,10246,140,4,2,2,0,1,1,0,0,1,0,4,99,0
201600017795,16,1,28,1115,1,1,2,2,3,79,4930710,4083,140,3,2,2,0,1,1,0,0,2,0,1,99,0
201600017796,16,1,29,1535,1,1,1,1,6,701,4929810,8110,140,3,2,2,0,1,4,0,0,1,0,1,99,0
201600017797,16,1,30,1300,1,2,6,2,2,557,4933900,9894,140,3,2,2,0,0,0,0,0,2,0,1,0,0
201600017798,16,1,31,1020,1,1,1,1,1,715,4936490,10229,140,3,2,2,0,2,4,0,0,2,0,1,99,0
201600017799,16,1,31,1920,5,2,1,1,1,557,4934330,8735,140,3,2,2,0,1,1,0,0,2,0,1,99,0
201600017800,16,2,13,1430,1,2,1,2,7,220,4935820,7163,140,4,1,1,0,1,1,0,0,2,0,1,99,0
201600017801,16,2,27,1745,1,1,1,1,3,557,4931810,8998,140,4,2,2,0,1,1,0,0,1,0,1,99,0
201600017802,16,3,6,1350,1,1,6,1,7,220,4935660,8581,140,3,2,2,0,1,3,0,0,1,0,1,99,0
201600017803,16,3,18,1407,1,2,1,1,7,220,4935930,8693,140,4,2,2,0,1,1,0,0,1,0,1,99,0
201600017804,16,3,27,1145,1,2,1,1,6,715,4936460,8238,140,3,3,4,0,1,1,0,0,1,0,1,99,0
201600017806,16,3,10,1358,1,1,2,1,7,699,4935100,9245,140,3,3,4,0,1,1,0,0,1,0,1,99,0
201600017807,16,4,28,1930,1,2,1,1,6,701,4935200,6018,140,6,0,0,0,1,1,0,0,1,0,1,99,0
201600017808,16,4,15,1835,1,2,1,1,7,699,4935710,10946,140,4,2,2,0,1,1,0,0,1,0,1,99,0
201600017809,16,4,16,1750,1,2,1,1,3,59,4934570,4345,140,3,2,2,0,1,1,0,0,1,0,1,99,0
201600017810,16,4,10,1021,1,2,1,1,6,220,4935840,7695,140,3,2,2,0,1,1,0,0,1,0,1,99,0
201600017811,16,5,14,1819,1,1,1,1,2,557,4932780,9352,140,3,2,2,0,1,1,0,0,1,0,1,99,0
201600017812,16,5,14,1037,1,2,6,8,3,220,4935300,9020,140,3,3,4,0,1,3,0,0,1,0,1,99,0
201600017813,16,5,8,1525,1,2,1,1,3,220,4935780,7547,140,3,2,2,0,1,1,0,0,1,0,1,3,0
201600017814,16,5,25,1825,1,2,1,1,6,220,4936090,6886,140,6,0,0,0,1,0,0,0,1,1,1,99,0
201600017815,16,5,20,1425,1,2,3,1,3,699,4934670,10246,140,4,2,2,0,1,2,0,0,1,0,1,99,0
201600017816,16,7,19,1300,1,2,1,1,6,220,4936010,6648,140,4,3,4,0,1,1,0,0,1,0,1,99,0
201600017817,16,6,23,1005,1,2,2,1,6,715,4936100,8689,140,3,1,2,0,2,1,0,0,1,0,1,99,0
201600017818,16,6,19,1825,1,2,1,1,7,220,4935900,7871,140,3,2,2,0,1,1,0,0,1,0,1,0,0
201600017819,16,6,22,1845,1,1,1,1,3,701,4932750,7646,140,3,2,2,0,1,4,0,0,1,0,1,99,0
201600017820,16,7,24,1535,1,1,1,1,2,701,4935230,6023,140,3,2,2,0,1,1,0,0,1,0,1,99,0
201600017822,16,7,11,1905,1,2,1,1,7,220,4936080,7105,140,4,3,4,0,1,1,0,0,1,0,1,3,0
201600017825,16,7,23,1640,1,2,1,1,7,220,4935580,7003,140,3,1,1,0,1,1,0,0,1,0,1,99,0
201600017831,16,8,17,1035,1,2,1,1,2,557,4934400,8614,140,3,2,2,0,1,1,0,0,1,0,1,3,0
201600017833,16,8,24,1745,1,2,1,1,6,79,4933710,2907,140,6,0,0,0,1,1,0,0,1,0,1,99,1
201600017843,16,11,2,230,5,1,1,1,7,557,4934070,9746,140,3,2,2,0,1,1,0,0,1,0,1,99,0
201600017855,16,7,15,1300,1,2,1,1,6,106,4248918,280852,660,3,2,2,0,1,1,0,0,1,5,1,0,0
201600017861,16,12,20,500,3,1,1,1,7,218,4245569,193614,660,2,2,2,0,0,2,0,70,1,0,1,99,0
201600017872,16,6,11,2330,5,2,1,1,6,108,4472891,502385,260,4,1,1,0,2,1,0,0,1,6,1,0,0
201600017874,16,11,14,930,1,2,1,1,6,108,4473179,504212,260,4,2,2,0,1,2,0,46,1,0,1,99,0
201600017875,16,11,14,1115,1,2,2,1,6,108,4472709,502398,260,3,4,3,0,2,0,9,10,1,5,1,99,0
201600017876,16,12,10,1830,5,2,1,1,6,108,4472570,503141,260,3,2,2,0,1,1,0,70,1,0,1,99,0
201600017881,16,10,22,835,1,1,1,1,7,113,4476737,531948,260,3,2,2,0,1,1,0,80,1,0,1,99,0
201600017889,16,7,23,1500,1,2,1,1,1,428,4764278,614454,700,3,2,2,0,1,3,0,0,1,0,1,99,0
201600017890,16,8,23,2330,3,1,1,1,7,111,4764076,626875,700,2,2,2,0,2,3,0,110,1,0,3,99,0
201600017891,16,11,6,430,3,1,1,1,7,429,4766294,616570,700,3,2,2,0,1,2,0,0,1,0,3,99,0
201600017892,16,9,15,1530,1,1,1,8,7,488,4781558,605639,700,3,2,2,0,1,1,0,65,2,0,1,99,1
201600017893,16,12,26,2100,3,1,1,5,7,329,4773495,580304,700,2,2,2,0,1,3,0,35,2,0,3,99,0
201600017894,16,12,23,1215,1,1,1,5,7,387,4757383,598094,700,3,2,2,0,2,3,0,80,2,0,1,99,0
201600017895,16,11,14,1345,1,2,4,8,5,340,4759252,573353,700,3,2,2,0,1,1,0,62,1,5,1,0,0
201600017896,16,1,26,1145,1,1,1,1,6,393,4743623,590555,700,4,0,0,0,0,3,0,32,0,0,3,0,0
201600017897,16,11,10,1315,1,1,1,2,1,48,4727899,563028,700,3,2,2,0,4,1,0,53,2,0,1,99,0
201600017898,16,9,24,830,1,1,1,7,6,215,4768164,678011,700,3,2,2,0,2,1,0,0,1,0,1,99,0
201600017899,16,1,21,2100,5,1,1,1,6,245,4786741,638656,700,3,2,0,0,1,3,0,86,1,0,3,0,0
201600017900,16,4,12,800,1,1,2,1,3,360,4793055,608152,700,3,2,2,0,0,1,0,0,1,5,1,99,0
201600017901,16,6,4,1300,1,1,1,8,5,245,4792409,642559,700,2,2,0,0,0,2,0,73,2,0,1,0,1
201600017902,16,7,29,1730,1,2,5,1,2,245,4787497,639111,700,3,2,2,0,1,1,0,79,1,0,1,99,0
201600017903,16,7,10,1800,1,1,1,1,7,477,4759297,663191,700,3,2,2,0,0,3,0,61,1,0,3,99,0
201600017904,16,12,28,1400,1,2,1,1,2,246,4672647,115711,850,1,3,2,0,1,1,10,69,1,0,1,99,0
201600017905,16,1,12,900,1,1,1,4,4,64,4682070,121766,850,1,3,2,0,1,1,30,70,2,0,1,0,1
201600017906,16,1,15,1300,1,1,1,1,5,232,4666228,115684,850,1,3,2,0,1,1,30,72,1,0,3,0,0
201600017907,16,5,25,1400,1,1,1,1,6,38,4689732,134144,850,3,2,2,0,1,1,0,60,1,0,1,0,0
201600017908,16,7,23,1915,1,1,1,1,6,89,4675276,126717,850,1,3,0,0,1,1,30,70,1,2,1,0,0
201600017909,16,10,27,800,3,1,1,1,5,64,4684450,125851,850,1,3,2,0,0,1,26,71,1,0,1,0,0
201600017910,16,11,6,1315,1,1,1,4,6,302,4694155,97322,850,1,3,2,0,0,1,15,70,7,0,1,0,1
201600017911,16,11,17,730,2,1,1,1,5,109,4687197,94979,850,3,2,2,0,2,2,0,0,2,0,1,0,0
201600017912,16,11,21,1445,1,1,1,1,1,224,4703065,135248,850,3,0,1,0,1,1,0,71,1,0,1,0,1
201600017913,16,12,19,1300,1,2,1,1,6,97,4694350,105916,850,3,2,2,0,1,1,0,57,1,0,1,0,0
201600017915,16,1,27,1815,3,1,1,1,1,72,4618546,530110,10,3,2,2,0,1,1,0,60,1,5,1,99,0
201600017917,16,8,4,715,1,1,2,1,3,426,4628536,534171,10,3,2,2,0,1,1,0,52,1,0,1,99,0
201600017919,16,12,10,950,1,1,1,1,1,184,4616496,540660,10,3,2,2,0,1,2,0,0,7,0,1,99,0
201600017922,16,5,14,1145,1,1,1,2,5,108,4638000,534000,10,3,2,2,0,1,1,0,70,2,0,1,99,0
201600017923,16,6,4,130,5,2,1,2,6,323,4642761,493675,10,3,2,2,0,1,3,0,70,2,5,4,99,1
201600017924,16,6,12,330,3,1,1,1,6,102,4639440,494515,10,3,2,2,0,1,1,0,62,1,0,0,99,0
201600017931,16,12,14,1600,1,2,1,1,1,343,4627572,497461,10,3,2,0,0,2,1,0,61,1,0,1,0,0
201600017933,16,12,27,51,5,2,1,2,3,144,4633670,499217,10,3,2,0,0,1,2,0,67,1,0,1,0,0
201600017945,16,10,2,1515,1,2,1,1,1,269,4616901,557766,10,3,2,2,0,1,1,0,65,1,0,1,99,0
201600017947,16,7,2,1,5,2,6,1,7,314,4599000,528000,10,3,2,2,0,1,2,0,0,1,5,1,0,0
201600017948,16,12,21,1800,3,2,1,2,6,273,4607879,537659,10,3,2,0,0,0,1,0,0,2,0,1,99,0
201600017949,16,12,19,1530,1,2,1,1,6,374,4611527,532536,10,3,2,0,0,0,1,0,0,1,0,3,0,0
201600017950,16,3,17,1915,2,1,1,1,3,348,4618165,480000,10,4,2,2,0,2,1,0,73,1,0,3,0,0
201600017955,16,8,27,1515,1,1,1,1,1,94,4499600,219300,150,3,2,3,0,2,1,0,140,1,0,1,99,1
201600017958,16,1,26,1615,1,1,1,1,6,172,4474300,232800,150,4,2,0,0,2,1,0,0,1,0,1,0,0
201600017960,16,9,18,1645,1,2,6,1,2,120,4522000,234200,150,3,0,1,0,2,2,0,0,1,0,1,0,0
201600017963,16,6,2,1315,1,1,1,2,6,92,4541900,250000,150,3,2,0,0,2,1,71,0,2,0,3,0,0
201600017965,16,12,15,1630,5,1,6,1,3,187,4504300,307000,150,9,2,2,0,1,3,0,0,1,5,1,0,0
201600017967,16,8,29,1430,1,1,1,1,5,99,4637400,302700,30,2,2,0,0,1,1,0,70,1,0,1,99,0
201600017975,16,5,22,1545,1,2,1,3,6,149,4630700,323200,30,4,2,2,0,2,1,0,34,2,0,3,0,1
201600017976,16,10,27,2000,5,1,2,1,3,254,4633200,328700,30,3,2,2,0,1,1,0,73,1,0,1,99,0
201600017982,16,7,26,2045,2,1,1,1,7,148,4407300,518800,840,3,2,2,0,2,1,0,96,1,0,3,0,1
201600017987,16,9,15,1200,1,1,1,1,7,79,4405667,532696,840,3,2,0,0,1,4,0,52,1,1,1,0,1
201600017990,16,12,11,1700,2,1,1,1,1,148,4405800,522300,840,3,2,2,0,0,1,60,0,1,0,1,0,0
201600017997,16,5,17,1715,1,2,1,1,3,173,4962655,321806,20,4,2,2,1,1,1,0,0,1,0,1,99,0
201600017999,16,5,25,1500,1,2,1,1,1,52,4952465,338544,20,3,2,2,0,1,0,0,36,1,0,1,99,0
201600018000,16,10,19,1915,5,2,1,1,3,292,4903708,341340,20,4,2,2,0,1,1,0,0,1,0,1,99,0
201600018004,16,5,11,1745,1,1,2,3,3,330,4985625,322529,20,4,2,2,0,1,1,0,0,2,0,1,3,0
201600018006,16,12,24,1715,2,2,1,1,6,334,4995025,343117,20,3,2,2,0,1,3,0,0,1,0,4,99,0
201600018009,16,10,15,1815,1,2,1,1,6,306,4973425,356407,20,3,2,2,0,2,1,0,0,1,0,4,99,0
201600018012,16,6,18,1800,1,2,1,1,6,226,4934661,332308,20,3,2,2,0,2,1,0,0,1,0,1,99,0
201600018014,16,10,13,1930,2,2,9,1,6,245,4939885,332708,20,4,2,2,0,4,2,0,50,2,0,1,3,0
201600018015,16,3,15,1315,1,2,4,1,3,210,4939831,347194,20,3,2,2,0,2,0,0,60,1,0,1,99,0
201600018016,16,11,3,930,1,2,1,1,7,174,4947286,351644,20,9,0,1,0,0,1,0,22,9,0,1,99,1
201600018020,16,3,31,1845,1,2,1,2,6,368,4927755,305610,20,3,2,2,0,1,1,0,0,2,0,1,99,1
201600018026,16,9,5,1800,1,2,3,1,1,69,4966330,410703,20,3,2,2,0,1,1,0,0,1,0,1,99,0
201600018034,16,9,5,1730,1,2,1,1,3,324,5002814,386684,20,4,2,2,0,1,1,0,0,1,0,1,99,0
201600018040,16,8,4,1345,1,1,1,1,3,83,4389600,480400,130,3,0,1,0,0,0,0,0,1,0,1,0,1
201600018042,16,9,13,1715,1,2,1,1,1,83,4389679,480182,130,3,0,0,0,0,0,0,55,0,0,0,0,0
201600018043,16,12,17,830,1,1,1,5,1,45,4386034,476875,130,3,2,0,0,1,1,0,0,1,0,1,0,1
201600018044,16,12,26,1500,1,1,1,1,1,36,4386200,484300,130,3,2,0,0,1,1,0,60,1,0,1,99,1
201600018047,16,6,25,1115,1,1,1,1,1,305,4545306,552416,380,3,2,2,0,0,1,0,60,1,0,1,0,0
201600018049,16,11,11,1215,1,1,1,2,3,257,4548776,540127,380,3,2,0,0,0,3,0,0,2,0,1,0,0
201600018050,16,1,10,115,3,2,3,8,6,541,4561523,553993,380,3,2,2,0,1,2,0,70,1,0,3,0,0
201600018051,16,3,1,1900,5,1,2,1,3,297,4568512,544528,380,3,2,2,0,1,1,0,0,2,0,1,0,1
201600018053,16,7,27,1015,1,1,4,1,3,249,4521900,582258,380,3,2,2,1,1,0,0,98,1,0,1,99,0
201600018054,16,9,8,945,1,1,1,1,1,140,4528108,591235,380,4,0,0,0,2,0,0,0,1,0,1,99,0
201600018056,16,12,13,1815,5,2,1,1,2,249,4522388,581881,380,3,2,0,1,1,1,10,0,1,6,1,99,0
201600018057,16,12,6,2330,5,2,1,1,6,538,4521414,586071,380,3,2,0,0,4,2,0,0,1,0,1,99,1
201600018061,16,9,17,1830,1,1,1,2,6,333,4508773,547395,380,3,2,2,0,1,4,0,60,2,0,1,0,0
201600018062,16,4,7,945,1,1,1,1,6,347,4526293,521093,380,3,2,2,0,1,2,0,54,1,0,1,0,0
201600018064,16,1,27,800,1,2,1,1,6,34,4533856,505337,380,3,2,2,0,2,1,0,60,1,6,1,99,0
201600018066,16,2,12,1300,1,1,1,1,5,130,4535191,526499,380,3,2,2,0,0,1,0,0,1,0,1,0,0
201600018068,16,5,6,1600,1,2,1,1,6,130,4539309,524932,380,3,2,2,0,1,1,0,60,1,0,1,99,1
201600018069,16,5,15,645,1,1,1,1,6,267,4541934,532754,380,3,2,3,0,1,1,0,100,1,0,1,0,1
201600018072,16,10,15,845,1,1,2,7,3,130,4538330,525283,380,3,2,0,0,0,1,0,120,1,0,1,99,0
201600018073,16,10,18,600,3,1,1,2,1,134,4544551,499418,380,3,2,2,0,2,3,0,70,2,0,1,99,0
201600018076,16,6,22,645,1,1,1,1,1,189,4553663,515354,380,3,2,2,0,2,3,0,0,1,0,1,99,0