Num_Acc,an,mois,jour,hrmn,lum,agg,int,atm,col,com,lat,long,dep,catr,circ,nbv,vosp,prof,plan,lartpc,larrout,surf,infra,situ,env1,killed
201600018077,16,6,23,745,1,1,1,1,1,184,4565578,506098,380,3,2,2,0,1,1,0,64,1,0,1,0,0
201600018079,16,10,14,755,1,2,1,2,6,230,4372240,143131,310,3,2,2,0,1,1,0,0,2,0,1,99,0
201600018080,16,10,23,230,5,2,3,1,2,182,4368746,140512,310,3,2,2,3,1,0,8,910,1,0,0,0,0
201600018081,16,10,28,2250,5,2,4,8,3,205,4369959,137185,310,3,2,2,0,1,0,6,215,1,0,0,0,0
201600018082,16,12,14,2310,5,2,1,1,6,136,4374128,142975,310,3,2,2,0,2,3,0,0,1,0,3,99,0
201600018083,16,1,28,1345,1,1,2,1,1,583,4381830,149483,310,3,2,2,0,1,1,0,70,1,0,1,99,0
201600018084,16,4,28,100,3,1,1,1,6,563,4378449,147265,310,3,2,0,0,1,2,0,55,1,0,3,99,0
201600018085,16,10,7,830,1,1,2,1,3,563,4380168,151778,310,3,2,2,0,1,0,0,10,1,0,0,0,0
201600018086,16,10,10,900,1,1,3,1,6,79,4377033,138786,310,3,2,2,0,1,0,0,63,1,0,1,99,0
201600018087,16,10,27,1030,1,1,1,5,3,311,4381611,151217,310,3,2,2,0,1,4,0,57,2,0,1,99,0
201600018088,16,10,29,715,1,1,1,5,1,79,4380755,140395,310,3,2,2,0,1,1,57,0,2,0,1,99,0
201600018089,16,11,10,2125,3,1,3,2,5,202,4385209,137924,310,3,2,2,0,1,0,6,20,1,0,0,0,0
201600018090,16,11,24,2000,5,2,1,5,3,79,4378310,141808,310,3,2,2,0,1,1,0,0,2,0,1,99,0
201600018091,16,12,16,1110,1,1,1,1,6,79,4380186,140532,310,3,2,2,0,1,1,0,60,1,0,1,99,1
201600018092,16,12,31,1310,1,2,1,8,3,66,4380120,160919,310,3,2,2,0,1,1,0,70,1,0,1,99,0
201600018094,16,7,8,1750,1,1,1,1,3,117,4370657,153321,310,3,2,2,0,1,1,0,60,1,0,1,99,0
201600018095,16,11,4,220,3,1,1,5,2,94,4376909,165177,310,3,2,2,0,1,1,0,78,2,0,1,99,0
201600018096,16,11,21,1825,3,2,1,3,6,561,4364856,147123,310,3,3,4,3,1,1,30,93,2,0,1,99,1
201600018097,16,1,1,445,3,1,1,5,5,403,4379270,129667,310,3,3,2,0,1,1,0,68,1,0,1,99,1
201600018098,16,1,13,1400,1,1,2,1,1,356,4368747,124141,310,2,2,0,0,3,0,0,62,1,0,1,99,0
201600018099,16,4,30,730,2,2,1,2,6,232,4377001,129100,310,3,2,2,0,1,1,0,70,2,6,1,0,0
201600018102,16,10,18,820,1,1,3,1,3,160,4368169,125686,310,2,2,2,0,1,0,0,10,1,0,1,99,0
201600018103,16,10,21,645,3,1,1,1,1,98,4372966,106282,310,3,2,2,0,1,1,0,509,1,0,1,99,0
201600018104,16,11,28,2330,3,1,1,9,2,89,4370967,118804,310,3,2,2,0,1,1,0,0,9,0,1,99,0
201600018105,16,10,29,415,3,1,6,5,7,574,4344171,141649,310,3,1,2,0,1,0,6,25,1,0,0,0,1
201600018106,16,10,30,1244,1,2,8,7,6,33,4336710,145082,310,4,2,3,0,3,0,10,614,1,0,0,0,0
201600018107,16,11,9,1540,1,2,1,2,6,33,4334987,147153,310,3,2,2,0,2,1,0,0,2,0,1,99,0
201600018108,16,12,21,1555,1,1,1,1,5,33,4334283,147630,310,3,2,2,0,1,1,0,70,1,0,1,99,0
201600018109,16,12,31,1810,3,1,1,5,6,33,4333385,148357,310,3,2,2,0,1,1,25,95,2,0,1,99,0
201600018110,16,5,24,1810,1,2,1,1,1,455,4326446,119424,310,3,2,2,0,1,1,0,63,1,0,1,99,0
201600018111,16,10,1,845,1,2,1,1,6,107,4329630,120645,310,3,2,2,0,0,2,0,61,1,0,0,0,1
201600018112,16,10,16,1150,1,1,1,1,6,334,4337958,129005,310,3,2,2,0,1,2,0,62,1,0,3,99,0
201600018113,16,10,18,1530,1,1,1,1,6,279,4319350,130067,310,3,2,2,0,1,1,0,36,1,0,3,99,0
201600018114,16,10,29,2125,3,1,1,1,6,107,4328170,121402,310,3,2,2,2,1,1,0,68,1,0,5,99,0
201600018115,16,11,2,1800,3,2,1,1,7,399,4336692,127992,310,4,2,2,0,1,3,0,40,1,0,0,99,0
201600018116,16,11,5,1650,2,2,1,2,1,320,4331777,125828,310,3,2,2,0,1,2,0,60,2,0,1,99,0
201600018117,16,11,6,1555,1,1,4,1,7,361,4331964,130254,310,3,2,2,0,3,0,6,90,1,0,0,0,0
201600018118,16,11,22,1810,5,2,6,2,3,107,4331005,122231,310,3,2,2,1,1,3,10,41,2,5,5,3,0
201600018119,16,11,30,1155,1,2,1,1,6,107,4330807,122381,310,3,2,2,0,2,1,0,52,1,0,1,99,0
201600018120,16,11,25,1745,3,1,3,1,7,303,4334130,120620,310,3,2,2,0,1,0,7,90,0,0,0,0,0
201600018121,16,12,8,1720,2,2,1,1,6,365,4311636,123331,310,3,2,2,0,1,1,0,44,1,0,3,99,1
201600018122,16,12,15,930,1,1,1,2,6,219,4321020,112312,310,3,2,2,0,1,2,0,44,7,0,3,99,0
201600018123,16,1,5,1915,3,1,1,8,6,193,4326841,106897,310,3,2,2,0,1,1,0,60,2,0,3,0,0
201600018125,16,12,18,1530,1,1,1,1,6,324,4319952,101207,310,3,2,2,0,1,1,0,60,1,0,3,99,0
201600018126,16,5,17,2015,1,1,1,1,1,188,4354390,119087,310,3,2,2,0,0,2,0,70,1,0,1,0,0
201600018127,16,11,13,100,3,1,1,2,6,187,4354600,120332,310,3,2,2,0,1,2,48,48,2,0,3,99,0
201600018128,16,11,17,720,3,2,1,1,6,424,4356220,126457,310,3,2,2,0,1,1,72,0,1,6,1,99,0
201600018129,16,12,1,1705,1,1,3,1,3,481,4348838,114773,310,3,2,2,0,4,0,6,510,1,0,0,0,0
201600018130,16,10,23,1710,1,2,1,1,3,426,4308356,60836,310,3,2,2,0,1,1,0,50,1,0,1,99,0
201600018131,16,11,24,1345,1,2,5,7,3,42,4279517,59615,310,3,2,2,0,1,0,0,15,1,0,0,0,0
201600018134,16,10,8,315,3,1,1,1,7,239,4337274,84473,310,3,2,2,0,2,2,58,58,1,0,3,99,0
201600018135,16,12,29,2220,3,1,1,5,6,276,4319152,61190,310,3,2,2,0,1,1,0,50,1,0,1,99,0
201600018136,16,10,28,1435,1,1,3,1,3,372,4309230,84298,310,3,2,2,0,1,0,0,0,1,5,1,99,0
201600018137,16,7,9,2015,2,1,3,7,3,210,4339819,167849,310,3,2,2,0,1,1,0,59,1,0,1,99,0
201600018138,16,12,2,510,5,1,2,1,1,582,4339714,170467,310,3,2,2,0,1,0,6,15,1,0,0,0,0
201600018139,16,12,6,1500,1,1,3,1,3,210,4337849,168252,310,3,2,2,0,1,1,0,0,1,5,1,99,0
201600018140,16,12,12,1905,5,2,3,1,6,582,4339754,171772,310,3,2,2,0,1,0,0,10,1,0,1,0,0
201600018141,16,12,28,1545,1,1,1,1,1,37,4337220,176656,310,3,2,2,0,1,1,0,70,1,0,1,99,1
201600018142,16,4,23,430,3,1,1,1,6,534,4358220,173192,310,2,0,2,0,1,1,0,60,1,0,1,0,0
201600018143,16,11,4,830,1,1,1,1,1,570,4347557,180979,310,3,2,2,0,1,1,0,52,1,0,1,99,0
201600018144,16,3,18,1545,1,1,1,1,7,173,4802358,419749,290,3,2,1,0,0,3,0,63,1,0,3,0,1
201600018145,16,2,15,1115,1,1,3,1,3,284,4782116,426528,290,3,0,0,0,0,0,0,0,0,5,1,0,0
201600018146,16,9,9,1600,1,1,1,1,3,165,4781371,421277,290,4,2,2,0,1,1,0,0,1,0,1,0,0
201600018147,16,1,24,1845,5,1,3,2,3,160,4845920,436444,290,2,1,1,0,0,2,0,0,1,3,1,99,0
201600018148,16,2,11,745,2,2,6,4,1,93,4856731,443239,290,3,2,0,0,1,1,70,67,2,5,1,0,1
201600018149,16,2,23,745,2,1,1,8,7,100,4855873,439762,290,3,3,0,0,2,2,0,0,2,0,1,99,0
201600018150,16,5,1,1245,1,1,1,1,3,195,4860518,450665,290,3,2,2,0,2,1,0,0,1,5,1,99,0
201600018151,16,9,6,1315,1,1,3,1,3,95,4846567,437152,290,3,2,2,0,1,3,0,66,1,0,1,99,0
201600018152,16,10,7,1700,1,2,1,1,6,117,4857179,451988,290,4,2,0,0,1,1,0,0,1,0,1,0,0
201600018153,16,10,15,2230,3,1,1,8,6,160,4850388,438326,290,4,2,2,0,1,3,0,56,2,0,3,0,0
201600018154,16,10,31,1515,1,1,1,1,3,290,4855386,455638,290,3,2,2,0,0,4,0,62,1,0,1,0,0
201600018155,16,11,13,2045,5,1,1,1,1,160,4849453,443006,290,3,2,2,0,1,1,0,60,1,5,1,0,0
201600018156,16,5,22,2330,4,2,1,1,6,149,4846631,456422,290,3,2,2,0,1,1,0,70,1,0,1,0,0
201600018157,16,8,7,915,1,1,1,1,1,26,4818934,410944,290,3,2,2,0,2,1,0,0,1,0,1,99,0
201600018158,16,12,6,1800,5,2,1,1,6,26,4819618,408804,290,4,2,2,0,2,1,0,0,1,0,1,99,1
201600018159,16,5,30,1700,1,1,1,1,1,54,4837664,383074,290,3,2,2,0,0,2,0,77,0,0,1,0,1
201600018160,16,9,15,945,1,1,1,1,7,162,4823362,394984,290,4,2,2,0,0,0,0,60,1,0,3,99,0
201600018161,16,10,15,2015,3,1,1,1,6,125,4811811,373086,290,3,2,2,0,1,1,0,70,2,0,1,0,0
201600018162,16,12,4,530,3,1,1,1,6,249,4815230,380127,290,3,2,0,0,2,2,0,60,7,0,1,0,0
201600018163,16,10,17,800,3,1,1,8,6,199,4857256,373396,290,3,2,2,0,1,1,0,66,2,0,1,0,1
201600018164,16,4,1,1415,1,1,1,1,1,210,4855547,402107,290,4,2,0,0,4,4,0,35,1,0,1,0,0
201600018165,16,5,15,830,1,1,1,1,1,111,4859720,416532,290,3,2,2,0,1,1,0,0,1,0,3,99,1
201600018166,16,7,13,1745,1,1,1,1,2,79,4862029,389908,290,3,3,0,0,1,3,140,120,1,3,1,0,1
201600018167,16,8,22,1715,1,1,1,1,3,239,4870146,399782,290,4,2,2,0,0,1,0,0,1,0,1,99,0
201600018168,16,10,10,1815,1,1,1,1,3,111,4858660,418876,290,3,2,2,0,1,1,0,61,1,0,1,99,0
201600018169,16,1,21,1515,1,2,1,2,6,236,4784467,369387,290,3,2,0,0,0,1,0,70,2,0,1,0,1
201600018170,16,7,6,1030,1,2,1,1,1,274,4802739,370316,290,3,2,0,0,0,1,50,0,1,0,1,0,0
201600018171,16,10,22,130,3,1,1,5,6,117,4819074,218998,350,3,2,2,0,1,1,0,20,1,0,3,99,0
201600018172,16,10,21,1545,1,2,1,1,6,184,4819720,205169,350,4,2,2,0,1,0,0,0,1,0,4,99,0
201600018173,16,11,24,900,1,2,1,1,6,27,4816775,206375,350,4,1,1,0,1,1,0,0,1,0,4,99,0
201600018174,16,12,11,1915,3,1,1,2,1,27,4816551,209212,350,3,2,2,0,1,1,60,0,2,0,1,99,0
201600018175,16,6,11,715,1,1,1,2,6,133,4814895,197997,350,3,2,1,0,1,2,0,74,2,5,3,99,1
201600018176,16,7,5,1215,1,1,1,1,6,331,4811658,193162,350,3,2,2,0,1,2,0,71,1,0,1,0,0
201600018177,16,9,5,1745,1,1,2,1,3,211,4803879,218185,350,3,2,0,0,1,2,0,71,1,0,1,99,0
201600018178,16,9,16,1845,1,2,1,1,6,188,4814342,196488,350,3,2,2,0,1,1,0,70,1,0,1,3,0
201600018179,16,10,2,1600,1,1,3,1,1,211,4801798,215712,350,3,2,2,0,1,1,0,62,1,5,1,99,0
201600018180,16,10,27,2045,4,1,3,1,1,65,4812169,184439,350,3,2,2,1,1,1,0,56,1,0,1,99,0
201600018181,16,4,28,815,1,1,1,1,1,62,4833298,111605,350,2,2,2,0,2,1,0,0,1,0,1,99,1
201600018182,16,10,16,1315,1,1,4,1,2,214,4826227,118977,350,3,2,2,0,1,0,6,10,1,5,1,99,0
201600018183,16,12,4,920,2,1,1,1,7,71,4841910,122514,350,3,2,2,0,1,4,0,0,1,0,1,99,0
201600018184,16,9,2,815,1,2,1,1,6,12,4784298,168517,350,4,2,1,0,1,1,0,510,1,0,1,3,0
201600018185,16,9,3,1830,1,2,1,1,1,218,4792761,162434,350,4,2,2,0,1,4,0,520,1,0,1,0,0
201600018186,16,10,12,215,3,1,1,1,7,106,4781862,157812,350,3,2,2,0,1,1,0,70,1,0,0,99,0
201600018187,16,10,13,1340,1,1,2,1,1,106,4781843,157509,350,3,2,2,0,1,4,0,0,1,5,1,99,1
201600018188,16,11,28,1710,2,1,1,1,1,12,4781149,171757,350,4,2,2,0,2,3,0,50,1,5,1,99,0
201600018189,16,12,13,1830,3,1,3,1,2,54,4794936,161141,350,3,2,2,0,3,1,5,690,1,0,1,99,0
201600018190,16,1,15,2300,3,1,1,1,6,179,4853562,191505,350,4,2,0,0,1,1,0,60,2,0,1,99,0
201600018191,16,6,9,1830,1,1,3,1,3,299,4865257,194108,350,3,2,2,0,2,2,43,51,1,5,1,99,0
201600018192,16,6,14,1415,1,1,1,1,6,284,4859923,196718,350,3,3,0,0,1,1,0,70,1,0,3,0,0
201600018193,16,7,8,2015,1,1,3,1,3,263,4867088,193263,350,3,2,2,0,3,1,0,58,1,5,1,99,0
201600018194,16,8,28,800,1,1,1,1,1,299,4864914,190600,350,3,2,2,0,0,1,0,71,1,0,1,99,0
201600018195,16,8,28,1545,1,1,1,1,7,299,4863145,190179,350,3,2,2,0,1,1,0,70,1,0,3,0,0
201600018196,16,10,18,2200,3,1,1,2,6,306,4858132,191420,350,3,2,2,0,1,2,0,60,2,0,3,99,0
201600018197,16,10,27,1745,1,1,2,1,3,284,4860764,195933,350,3,4,3,0,1,1,13,515,1,5,1,99,0
201600018198,16,11,23,745,4,1,2,5,6,299,4864798,190363,350,3,2,2,0,1,1,0,0,1,5,1,99,0
201600018199,16,12,13,1820,5,2,7,1,6,179,4851423,189889,350,3,1,1,0,2,1,0,15,1,0,1,99,0
201600018200,16,2,7,700,3,1,1,2,6,329,4848471,148938,350,4,2,2,0,0,1,0,60,2,0,3,0,1
201600018201,16,3,24,1830,1,1,9,8,1,259,4857986,167796,350,3,2,2,0,1,3,0,67,1,0,1,99,0
201600018202,16,4,6,1030,1,1,2,1,3,9,4851903,176112,350,3,2,2,0,1,1,0,70,1,5,1,99,0
201600018203,16,4,29,1930,1,1,1,2,6,10,4854748,167860,350,3,0,2,0,0,3,0,85,2,0,1,99,0
201600018204,16,5,1,1300,1,1,1,1,2,361,4859557,177239,350,3,3,2,0,1,1,85,0,1,0,1,0,0
201600018205,16,5,3,1700,1,1,1,1,6,95,4856148,175432,350,3,2,2,0,0,1,0,53,1,0,1,3,0
201600018206,16,5,15,2030,1,2,1,1,5,95,4855127,175902,350,3,3,0,0,0,1,0,0,1,0,1,0,0
201600018207,16,7,9,1045,1,1,1,1,1,329,4851689,152353,350,3,3,2,0,0,3,0,0,1,0,1,0,0
201600018208,16,7,24,1830,1,1,1,1,5,339,4849179,158166,350,3,2,2,0,2,2,0,63,1,0,1,0,0
201600018209,16,8,2,1115,1,1,3,1,3,78,4859481,169476,350,4,2,2,0,1,1,0,60,1,0,1,99,0
201600018210,16,8,13,1730,1,1,1,1,1,10,4853563,169281,350,3,0,2,0,0,1,0,79,1,0,1,99,1
201600018211,16,10,6,700,2,1,1,1,6,34,4852678,167645,350,3,2,2,0,1,2,0,71,1,0,3,99,0
201600018212,16,10,15,1450,1,1,1,1,5,222,4852399,158368,350,3,2,2,0,1,1,0,60,1,0,1,99,0
201600018213,16,11,6,530,3,1,1,3,6,78,4860333,171630,350,3,2,2,0,1,1,0,58,2,0,3,99,1
201600018214,16,11,18,1415,1,1,3,1,3,10,4857065,170125,350,3,2,2,0,2,0,6,511,1,0,1,99,0
201600018215,16,12,2,1150,1,1,2,1,3,246,4853468,178694,350,3,2,2,0,1,0,6,710,1,0,1,99,0
201600018216,16,12,3,2005,5,2,1,1,6,104,4850992,169759,350,3,2,2,0,2,2,0,60,1,0,4,99,1
201600018217,16,12,4,1830,5,2,1,1,3,10,4855302,169916,350,3,2,2,0,1,1,0,62,1,0,1,3,0
201600018218,16,12,6,1710,1,1,3,1,3,78,4860485,172607,350,3,2,2,0,1,1,0,10,1,0,1,99,0
201600018219,16,12,29,1950,3,1,1,1,7,95,4853631,177749,350,3,2,2,0,1,3,0,0,7,0,3,99,0
201600018220,16,10,15,1200,1,2,3,1,3,97,4799400,123915,350,3,2,2,0,1,0,0,10,1,0,1,99,0
201600018221,16,11,18,1613,1,2,1,7,6,360,4811830,119551,350,4,2,2,0,1,1,9,210,1,0,1,99,1
201600018222,16,12,2,800,3,1,1,8,1,61,4813556,107684,350,3,2,2,0,1,2,0,40,2,0,1,99,1
201600018223,16,12,11,1720,2,1,1,5,1,87,4808577,130078,350,3,2,2,0,1,2,0,60,1,0,1,99,0
201600018224,16,12,17,1330,1,1,1,5,7,97,4797239,125811,350,3,2,2,0,1,3,0,50,1,0,3,99,0
201600018225,16,12,26,2145,3,1,1,1,7,194,4814440,122495,350,4,2,2,0,1,1,65,0,1,0,3,99,0
201600018226,16,1,5,1100,1,1,1,1,1,96,4806969,137449,350,3,2,2,0,0,1,0,60,1,0,1,0,0
201600018227,16,7,23,1745,1,1,1,1,7,39,4810931,150564,350,4,2,0,0,1,1,0,0,1,0,1,99,1
201600018228,16,8,30,1315,1,2,2,1,3,209,4805972,145106,350,3,2,2,0,1,1,0,64,1,0,1,99,0
201600018229,16,10,9,215,3,1,1,1,7,68,4809160,138618,350,2,3,4,0,1,1,0,0,1,0,1,99,0
201600018230,16,12,21,2000,3,1,1,2,7,327,4810286,145622,350,2,1,1,0,1,3,0,65,2,3,1,99,0
201600018231,16,12,23,750,2,1,1,5,5,207,4807039,148373,350,3,2,2,0,1,1,0,58,2,0,1,99,0
201600018232,16,2,12,1245,1,2,1,1,6,194,4726050,166127,440,3,2,1,0,1,1,60,0,1,0,1,0,0
201600018233,16,10,18,1845,1,1,1,1,3,158,4729477,175884,440,3,2,2,0,1,1,0,0,1,0,1,99,0
201600018234,16,5,20,1145,1,1,2,2,3,180,4751231,118436,440,3,2,0,0,3,1,0,63,2,0,1,99,1
201600018235,16,10,13,1215,1,2,1,1,3,3,4737439,118753,440,4,2,2,1,2,1,0,72,1,0,1,99,0
201600018236,16,10,15,1200,1,1,1,9,6,163,4740227,111467,440,3,2,2,0,1,3,0,0,2,0,3,99,0
201600018237,16,10,2,1800,1,1,1,1,2,107,4743096,133167,440,3,2,0,0,0,1,80,0,1,0,1,0,0
201600018238,16,10,11,1350,1,1,1,1,6,77,4750863,143883,440,3,2,2,0,1,3,0,0,1,0,3,99,0
201600018239,16,2,19,1700,1,1,1,1,5,58,4779365,134385,440,3,2,2,0,0,1,0,60,1,0,0,0,1
201600018240,16,5,3,1015,1,1,2,1,3,36,4771533,135675,440,3,2,2,0,2,1,0,62,1,5,1,0,0
201600018241,16,6,3,900,1,1,1,1,2,36,4771003,137333,440,3,2,2,0,2,1,0,62,1,0,1,0,0
201600018242,16,7,4,1915,1,1,1,1,1,112,4777232,135241,440,3,2,2,0,1,3,0,75,1,0,1,0,0
201600018243,16,11,24,1700,4,2,6,1,3,36,4771043,137446,440,9,1,1,0,1,0,0,10,1,0,0,0,0
201600018244,16,12,3,1530,1,2,1,1,6,15,4747793,176522,440,4,2,2,0,1,0,0,15,1,0,0,0,0
201600018245,16,12,7,1855,3,1,1,1,5,23,4741773,181893,440,3,2,2,0,2,0,64,0,1,0,1,99,0
201600018246,16,12,10,910,1,1,4,5,5,15,4745957,169382,440,3,2,2,0,1,0,0,90,1,0,0,0,0
201600018247,16,12,12,1130,1,1,2,1,3,7,4764035,201268,440,3,2,2,0,1,1,0,0,1,5,1,0,0
201600018248,16,12,18,715,3,1,1,5,6,44,4764938,175712,440,4,2,2,0,1,1,39,0,1,0,1,99,1
201600018249,16,12,19,1650,1,1,2,8,3,128,4753686,192758,440,3,2,2,0,1,0,0,10,1,0,0,0,1
201600018250,16,5,4,1800,1,1,3,1,2,164,4706875,190519,440,3,2,2,0,1,1,0,0,1,0,1,0,1
201600018251,16,7,24,1915,1,1,1,1,3,106,4706538,198477,440,3,2,2,0,1,1,0,70,1,0,1,3,1
201600018252,16,9,8,1900,1,1,2,1,1,164,4707449,188976,440,3,2,2,0,1,1,0,64,1,5,1,0,0
201600018253,16,10,2,600,3,1,1,1,6,131,4717708,205163,440,3,2,2,0,0,2,0,0,1,0,1,0,1
201600018254,16,10,18,1420,1,2,9,1,3,87,4698525,181211,440,4,2,2,0,1,0,4,515,1,0,0,0,0
201600018255,16,10,24,1800,1,1,1,1,3,87,4699086,178544,440,4,2,2,0,1,0,4,310,1,0,0,0,0
201600018256,16,10,28,1615,1,2,1,7,6,182,4718294,215876,440,4,1,1,0,2,1,0,0,1,0,1,99,0
201600018257,16,11,26,1545,1,1,1,1,1,154,4725217,214821,440,3,2,2,0,1,2,0,67,1,0,3,99,0
201600018258,16,10,26,740,3,1,5,5,3,127,4700620,145499,440,3,2,2,0,1,0,0,20,1,0,0,0,0
201600018259,16,10,29,1640,1,2,6,7,3,43,4708959,128615,440,4,2,2,0,1,0,0,10,1,0,0,0,1
201600018260,16,10,31,1245,1,1,1,7,2,14,4708048,152060,440,3,2,2,0,1,1,0,70,1,0,1,99,0
201600018261,16,11,15,1910,3,1,1,8,3,22,4704733,114691,440,3,2,2,0,1,0,0,20,1,0,0,0,0
201600018262,16,12,4,400,5,2,1,1,6,43,4710132,128278,440,3,2,2,0,1,3,0,0,1,0,1,99,0
201600018263,16,10,13,1755,1,1,1,1,1,84,4724059,136585,440,3,2,2,0,2,3,0,67,1,0,1,99,1
201600018264,16,10,29,15,3,1,1,1,1,212,4715275,119960,440,2,3,4,0,2,1,0,75,1,0,1,99,1
201600018265,16,12,6,1645,1,2,3,1,1,29,4726839,133173,440,3,2,2,0,1,0,6,410,1,0,0,0,0
201600018266,16,7,7,1900,1,1,1,1,4,130,4715115,156002,440,3,2,2,0,0,2,0,0,1,0,1,99,0
201600018267,16,8,9,1315,1,1,1,1,6,18,4715294,169743,440,3,3,2,0,1,1,0,0,1,0,3,0,0
201600018268,16,10,15,1120,1,1,2,2,3,18,4716607,167268,440,4,2,2,0,1,0,0,0,2,5,1,99,0
201600018269,16,10,17,1730,1,2,3,1,3,120,4720017,177682,440,3,2,2,0,1,0,0,10,1,0,0,0,0
201600018270,16,11,6,1545,1,1,1,1,5,171,4713794,172009,440,3,2,2,0,1,1,0,70,1,0,1,99,0
201600018271,16,12,3,1650,1,1,1,7,2,120,4719041,176865,440,3,2,2,0,1,1,0,60,1,0,1,99,0
201600018272,16,12,5,825,1,1,1,1,6,130,4714285,157194,440,3,2,2,0,1,1,0,0,1,0,1,99,0
201600018273,16,10,16,1615,1,1,1,2,6,188,4704757,163926,440,3,1,1,0,1,3,0,42,2,3,3,99,0
201600018274,16,11,12,1615,1,1,1,2,7,188,4702755,161814,440,4,2,2,0,1,2,0,50,2,0,0,99,0
201600018275,16,10,12,1610,1,2,1,1,6,30,4743020,224561,440,3,2,2,0,1,2,0,0,1,0,3,99,0
201600018276,16,10,22,1130,1,1,3,1,2,69,4735752,243252,440,3,2,2,0,1,0,6,210,1,0,0,0,0
201600018277,16,10,22,1525,1,1,1,1,3,151,4732349,231810,440,4,2,2,0,2,0,0,10,1,0,0,0,0
201600018278,16,10,25,1545,1,2,1,1,6,69,4732593,245738,440,4,2,2,0,1,1,0,35,1,0,1,99,0
201600018279,16,11,5,1130,1,2,1,1,3,69,4732725,241762,440,9,4,2,1,1,0,0,10,1,0,0,0,0
201600018280,16,11,28,745,2,2,1,1,6,30,4744409,223393,440,4,2,2,0,1,1,0,60,1,0,1,99,0
201600018281,16,12,13,1605,1,1,1,1,6,69,4730003,241185,440,4,2,2,0,1,1,0,45,1,0,3,99,0
201600018282,16,12,15,1040,1,2,1,1,6,49,4729566,251278,440,4,2,2,0,1,1,0,60,1,0,1,99,0
201600018283,16,12,17,535,2,1,1,5,5,72,4744343,232285,440,3,2,2,0,1,1,0,0,2,0,1,99,0
201600018284,16,12,27,1700,2,2,1,1,6,97,4740341,244930,440,4,2,2,0,2,1,0,50,1,0,1,99,0
201600018285,16,11,24,430,3,1,1,2,6,68,4749462,188919,440,3,3,2,0,1,1,0,70,2,0,3,99,0
201600018286,16,12,30,2035,3,1,1,5,7,196,4755713,205460,440,3,2,2,0,1,0,0,0,7,0,3,99,0
201600018287,16,10,19,1700,1,2,1,1,3,186,4733748,594632,250,4,2,0,0,0,2,0,0,1,0,1,99,0
201600018288,16,4,16,1815,1,1,1,1,7,262,4712621,661079,250,3,2,2,0,0,2,0,70,1,0,3,99,0
201600018289,16,6,2,1530,1,1,1,2,1,222,4713646,628025,250,2,2,2,0,1,1,0,730,2,0,1,0,0
201600018290,16,6,24,1500,1,1,1,1,3,432,4714511,653654,250,3,3,4,0,2,1,0,0,1,0,1,0,0
201600018291,16,4,30,1400,1,2,1,2,6,632,4748268,676377,250,9,2,2,0,0,1,0,0,1,0,1,0,0
201600018292,16,12,7,730,3,2,1,1,3,190,4749495,690641,250,3,2,2,0,1,1,0,0,1,0,1,99,0
201600018293,16,5,8,2230,3,1,1,1,1,61,4732618,678373,250,3,2,0,0,1,1,0,68,1,0,1,0,0
201600018294,16,5,20,1700,1,1,1,1,1,485,4738822,672441,250,3,2,2,0,1,4,0,60,1,0,1,99,0
201600018295,16,11,20,1145,1,2,1,1,1,82,4740721,676992,250,3,2,2,0,1,1,0,0,1,0,1,99,0
201600018296,16,7,9,1615,1,1,1,1,3,254,4684260,639057,250,3,2,2,0,0,0,0,66,1,0,1,0,0
201600018297,16,8,19,2115,3,1,1,1,6,75,4681927,624131,250,3,2,2,0,1,2,0,66,1,0,1,99,0
201600018298,16,4,22,1730,1,1,1,2,1,592,4680222,626488,250,3,2,2,0,1,3,0,75,2,0,1,0,0
201600018299,16,5,31,1700,1,1,1,1,3,315,4552654,619027,730,3,2,2,0,1,1,0,95,1,0,1,99,0
201600018300,16,7,7,1100,1,1,4,1,1,79,4554552,618560,730,3,2,0,0,2,3,0,70,1,0,1,0,0
201600018301,16,7,25,1530,1,1,1,1,7,89,4553986,613410,730,3,2,2,0,1,1,0,73,1,0,1,0,0
201600018302,16,3,15,2130,3,1,1,1,7,390,4660687,564150,390,3,2,0,0,1,3,0,57,1,0,1,99,1
201600018303,16,12,3,1700,2,1,1,1,7,66,4659770,555767,390,4,2,2,0,1,1,0,0,1,0,3,99,0
201600018304,16,8,25,1900,1,1,1,1,7,69,4634939,541197,390,3,2,2,0,1,3,0,53,1,0,3,0,1
201600018305,16,9,9,1245,1,1,3,7,3,363,4642744,549682,390,4,2,2,0,1,1,0,0,1,0,0,99,0
201600018306,16,11,17,1745,3,1,1,1,1,148,4637113,556149,390,3,2,2,0,1,1,0,0,1,0,1,99,1
201600018307,16,10,3,715,1,2,1,1,1,576,4660023,548046,390,3,2,2,0,3,4,0,50,1,0,1,0,0
201600018308,16,10,28,1430,1,1,1,1,3,475,4643397,535404,390,3,2,2,0,1,1,0,0,1,0,1,99,1
201600018309,16,12,14,1145,1,1,2,5,3,320,4656563,541595,390,3,2,2,0,2,1,0,0,0,0,1,99,1
201600018310,16,1,1,345,3,1,1,1,7,13,4691669,574259,390,3,2,2,0,1,3,0,0,2,0,0,99,0