Num_Acc,an,mois,jour,hrmn,lum,agg,int,atm,col,com,lat,long,dep,catr,circ,nbv,vosp,prof,plan,lartpc,larrout,surf,infra,situ,env1,killed
201600018311,16,2,1,1200,1,2,6,1,3,434,4683488,570316,390,4,2,2,0,1,1,0,46,1,5,1,3,0
201600018312,16,3,27,1415,1,1,3,1,1,54,4691061,554336,390,3,2,2,0,3,1,0,55,2,0,1,0,0
201600018313,16,6,30,1815,1,1,3,1,3,19,4694537,578093,390,2,2,2,0,4,1,0,70,1,5,1,99,0
201600018314,16,8,8,2030,2,1,2,1,3,49,4685962,560826,390,3,2,2,0,1,1,0,0,1,0,1,99,0
201600018315,16,9,21,2230,3,1,1,1,6,13,4689273,573097,390,2,2,2,0,1,3,0,0,1,0,1,99,1
201600018316,16,9,25,1630,1,1,3,1,3,13,4691336,576728,390,3,0,0,0,0,0,0,0,0,0,0,0,0
201600018317,16,4,7,1815,1,1,3,1,2,365,4697303,560053,390,3,2,0,0,1,1,0,0,1,0,1,99,0
201600018318,16,10,22,2345,3,1,1,1,1,577,4678789,549319,390,3,2,2,0,1,3,0,0,1,0,1,99,0
201600018319,16,11,12,1545,1,1,2,1,3,305,4701986,555550,390,4,2,0,0,0,1,0,0,1,0,0,99,0
201600018320,16,7,26,845,1,2,2,7,3,396,4714795,565700,390,3,2,2,0,1,1,0,0,1,0,1,0,0
201600018321,16,8,1,2130,2,2,1,1,6,402,4724920,570222,390,3,2,2,0,1,1,0,56,1,0,1,0,0
201600018322,16,9,11,1745,1,1,1,1,3,235,4714525,576075,390,3,2,2,0,1,3,0,0,1,0,1,99,0
201600018323,16,11,27,545,3,1,1,5,6,400,4713517,563720,390,3,0,2,0,1,2,0,0,0,0,3,99,0
201600018324,16,12,19,1,3,2,1,1,6,396,4714523,566708,390,3,2,2,0,2,3,17,69,1,0,4,0,1
201600018325,16,4,18,1830,2,1,1,1,7,478,4637682,582828,390,3,2,2,0,4,2,0,0,1,0,1,0,0
201600018326,16,7,6,1200,1,1,1,1,1,339,4635557,577138,390,3,2,2,0,0,3,0,0,1,0,1,99,0
201600018327,16,9,18,730,2,1,1,3,6,275,4639654,597994,390,3,2,2,0,1,2,0,0,2,0,1,99,0
201600018328,16,11,23,1245,1,1,1,1,7,453,4641649,579770,390,3,2,2,0,2,3,0,62,1,0,3,99,0
201600018329,16,12,19,1315,1,1,1,8,6,269,4638447,571324,390,3,2,2,0,2,2,0,0,0,0,3,99,1
201600018330,16,11,14,800,1,2,1,1,6,367,4653578,601587,390,2,2,2,0,2,1,0,0,1,0,1,0,0
201600018331,16,1,2,1230,1,1,1,3,1,251,4854673,278959,220,3,2,2,0,1,1,0,0,2,0,1,99,0
201600018332,16,1,9,1330,1,1,1,1,6,251,4858403,282572,220,3,2,2,0,0,3,0,70,1,0,3,99,1
201600018333,16,1,19,800,3,1,1,2,7,222,4865141,296131,220,3,2,2,0,0,2,0,42,2,0,1,99,0
201600018334,16,1,26,2215,5,2,1,6,6,7,4860139,283581,220,3,3,2,0,2,3,20,70,1,0,4,99,0
201600018335,16,2,24,1715,1,1,1,1,1,55,4862026,285292,220,3,2,2,0,1,4,0,70,1,0,1,99,0
201600018336,16,7,9,2015,1,1,1,1,3,222,4868610,298581,220,3,2,2,0,4,3,0,30,1,0,1,99,0
201600018337,16,10,13,1445,1,1,1,1,6,236,4865796,297393,220,4,2,0,0,0,1,0,36,1,0,1,99,0
201600018338,16,11,15,945,3,1,2,1,3,55,4861727,284172,220,3,2,2,0,1,1,0,70,1,5,1,99,0
201600018339,16,2,20,400,3,1,1,2,6,122,4822463,252361,220,4,2,2,0,1,1,0,42,2,0,3,99,0
201600018340,16,3,20,1700,1,1,1,1,4,292,4825533,254352,220,3,2,2,0,0,1,0,60,1,0,1,99,0
201600018341,16,7,10,2200,2,1,2,1,3,62,4817313,249840,220,4,2,2,0,0,1,0,48,1,0,1,99,0
201600018342,16,7,22,2045,1,1,1,1,6,83,4814219,235652,220,3,2,2,0,1,2,0,0,1,0,3,99,1
201600018343,16,8,3,115,4,2,1,1,6,333,4824108,244255,220,3,2,2,0,2,2,0,58,1,0,1,3,0
201600018344,16,10,1,2300,3,1,2,1,1,147,4820739,243107,220,3,2,0,0,2,1,0,0,1,5,1,99,0
201600018345,16,10,29,1015,1,1,1,1,6,241,4812035,265201,220,3,2,2,0,1,1,0,60,1,0,3,99,1
201600018346,16,11,11,1645,1,1,1,1,1,147,4819663,234232,220,2,2,2,0,1,1,0,76,1,0,1,99,1
201600018347,16,12,23,1700,2,1,1,2,6,133,4818986,227943,220,4,2,2,0,1,1,0,0,2,0,3,99,0
201600018348,16,3,12,1245,1,1,3,1,3,296,4833546,253061,220,3,2,1,0,2,3,0,49,1,0,1,0,1
201600018349,16,4,14,2230,4,2,1,1,6,281,4839940,273285,220,3,2,2,0,1,1,0,50,1,0,1,99,0
201600018350,16,5,20,1115,1,1,1,1,1,79,4839690,262611,220,3,2,2,0,2,1,0,60,1,0,1,0,0
201600018351,16,6,5,1800,1,1,1,1,1,203,4836100,283700,220,3,2,2,0,1,1,0,72,1,0,1,99,1
201600018352,16,6,16,2100,1,1,1,1,7,219,4824848,272016,220,3,2,2,0,4,1,0,0,1,0,3,99,0
201600018353,16,9,7,1000,1,1,1,1,7,219,4826368,271299,220,3,2,2,0,1,1,0,0,1,0,0,0,0
201600018354,16,10,10,815,2,2,1,5,6,79,4838536,268322,220,3,1,1,0,1,2,0,60,1,0,1,3,0
201600018355,16,10,29,1745,1,1,1,1,3,258,4841428,265325,220,3,2,2,0,0,1,0,61,1,0,1,99,0
201600018356,16,11,30,1115,1,1,1,1,6,79,4840062,266439,220,4,2,2,0,0,1,0,48,1,0,1,99,0
201600018357,16,12,9,2245,5,2,1,1,6,15,4840404,257264,220,4,2,2,0,1,1,0,60,1,0,3,0,0
201600018358,16,2,4,2100,3,1,1,1,7,91,4861732,318284,220,3,2,2,0,1,1,67,0,0,0,1,99,0
201600018359,16,8,3,1500,1,2,1,1,6,250,4869653,316455,220,3,2,2,0,1,1,0,80,1,0,1,99,0
201600018360,16,9,24,1515,1,2,1,1,7,4,4862450,329871,220,3,2,2,0,1,1,0,62,1,0,1,99,0
201600018361,16,9,29,700,2,1,1,1,7,256,4870080,309512,220,4,2,2,0,1,1,0,0,1,0,3,99,0
201600018362,16,1,25,2330,3,1,1,5,1,249,4848335,328578,220,3,2,2,0,1,1,0,71,2,0,1,0,0
201600018363,16,1,31,830,3,1,6,2,6,298,4820044,289053,220,2,2,2,0,1,1,0,37,2,5,1,99,0
201600018364,16,8,22,1700,1,1,1,1,7,298,4820847,293127,220,2,2,2,0,2,1,0,80,1,5,3,99,0
201600018365,16,1,2,945,1,1,1,3,6,29,4831829,309440,220,3,2,2,0,0,1,0,71,2,0,3,99,0
201600018366,16,3,2,945,1,1,2,6,3,163,4821463,346464,220,3,2,2,0,1,1,0,0,2,5,1,99,1
201600018367,16,6,7,1645,1,2,1,1,6,266,4823660,331215,220,4,2,2,0,1,1,60,0,1,0,1,3,0
201600018368,16,7,3,2030,1,2,1,1,2,331,4827015,315504,220,3,2,2,0,2,1,0,54,1,0,1,0,0
201600018369,16,9,23,1930,1,1,1,1,6,115,4838556,320548,220,3,2,2,0,1,2,0,79,1,0,1,99,1
201600018370,16,9,28,900,1,1,9,1,3,331,4827288,315628,220,3,2,2,0,3,0,0,68,1,0,1,99,0
201600018371,16,11,30,100,3,1,1,1,7,220,4822579,325010,220,4,2,2,0,2,1,0,50,1,0,1,99,1
201600018372,16,12,23,1530,1,1,3,2,4,87,4824830,335982,220,2,2,3,0,1,1,30,80,2,5,1,99,0
201600018373,16,1,5,1400,1,1,1,3,6,224,4870012,352471,220,3,2,2,0,1,1,0,70,2,0,1,0,0
201600018374,16,1,8,1245,1,1,2,1,3,207,4863871,345506,220,3,2,2,0,1,1,0,0,1,5,1,0,0
201600018375,16,2,16,1345,1,1,1,1,1,131,4849696,353637,220,3,2,0,0,2,3,0,0,1,0,1,0,0
201600018376,16,3,9,1330,1,1,1,6,1,228,4855024,340991,220,3,2,2,0,2,2,0,80,1,0,1,99,0
201600018377,16,6,4,830,2,1,1,1,6,265,4873564,337509,220,3,2,2,0,1,2,40,0,1,0,3,99,0
201600018378,16,6,25,1500,1,1,3,1,3,359,4857984,341307,220,4,2,2,0,1,1,0,0,1,0,1,99,0
201600018379,16,9,18,1100,1,1,1,1,1,211,4867941,344372,220,3,2,2,0,1,3,0,0,1,0,1,99,0
201600018380,16,9,30,930,1,1,1,1,1,350,4864583,357003,220,4,2,2,0,0,0,0,0,0,0,0,0,0
201600018381,16,10,5,1715,1,2,1,1,1,245,4864303,337319,220,3,2,2,0,4,3,0,70,1,0,1,0,0
201600018382,16,10,14,1500,1,2,7,1,3,194,4865406,363115,220,4,2,2,0,4,2,0,0,1,0,1,99,0
201600018383,16,11,11,1815,3,1,1,1,3,131,4851425,349030,220,3,2,2,0,1,1,0,0,1,0,1,99,0
201600018384,16,11,22,1130,1,2,1,2,6,194,4866168,363076,220,3,2,2,0,1,1,0,54,2,0,1,0,0
201600018385,16,12,11,1115,1,2,1,1,6,194,4865375,363423,220,4,2,2,0,1,1,0,73,1,0,1,0,0
201600018386,16,12,10,1745,3,1,1,1,6,207,4862775,345046,220,3,2,2,0,1,1,0,0,1,0,3,99,0
201600018387,16,1,8,2245,3,1,1,1,1,41,4876650,330773,220,3,2,2,0,2,1,0,0,1,0,1,99,0
201600018388,16,2,17,1530,1,2,1,3,6,221,4879558,323678,220,3,2,2,0,3,3,0,0,2,0,1,0,0
201600018389,16,3,27,1200,1,1,1,2,5,347,4878364,320763,220,3,2,2,0,2,4,0,0,2,0,1,99,0
201600018390,16,4,28,1715,1,1,1,1,2,347,4878338,321356,220,3,2,2,0,2,1,0,69,1,0,1,99,1
201600018391,16,7,11,1045,1,2,3,1,6,166,4881179,329634,220,3,2,2,0,1,1,0,0,1,0,1,99,0
201600018392,16,9,15,815,1,1,1,3,6,196,4874795,316029,220,3,2,2,0,1,2,0,54,2,0,3,99,0
201600018393,16,9,19,1930,1,1,6,8,6,152,4876009,329309,220,3,2,0,0,1,3,62,0,1,5,3,0,0
201600018394,16,9,30,2215,3,2,6,5,6,152,4876034,329365,220,3,1,1,0,0,0,0,0,2,5,0,0,0
201600018395,16,12,6,1730,2,1,2,1,3,264,4874534,324961,220,3,2,2,0,2,1,0,113,1,5,1,99,0
201600018396,16,12,22,1200,1,1,1,1,3,127,4880491,310603,220,3,2,2,0,2,2,0,61,1,0,1,99,1
201600018397,16,12,27,1200,1,2,7,1,6,362,4878741,323033,220,4,4,0,0,1,1,0,0,1,6,1,99,0
201600018398,16,5,30,1345,1,1,2,1,1,374,4806826,730970,680,3,2,4,2,1,1,0,115,1,5,1,0,0
201600018399,16,8,23,1800,1,1,1,7,2,237,4809706,725744,680,3,2,2,0,2,1,0,60,1,0,1,99,0
201600018400,16,8,26,1815,1,1,1,1,1,338,4808473,728753,680,3,2,2,0,1,1,0,75,1,0,1,99,0
201600018401,16,8,27,930,5,2,3,1,2,338,4808925,727869,680,3,2,2,0,1,1,0,85,1,0,1,0,0
201600018402,16,12,2,1645,3,1,1,1,1,365,4805300,731800,680,3,2,0,0,1,1,123,0,1,0,1,0,1
201600018403,16,1,17,1315,1,1,1,1,6,62,4762937,720464,680,3,2,2,0,1,1,0,74,1,0,3,99,1
201600018404,16,10,19,900,1,2,1,2,7,139,4759389,721971,680,3,2,2,0,1,1,0,62,2,0,1,0,0
201600018405,16,9,22,930,1,2,1,1,1,31,4769480,718301,680,3,2,2,0,1,1,0,74,1,0,1,99,0
201600018406,16,9,25,1845,1,1,1,1,6,31,4771111,719475,680,9,2,2,0,1,3,0,30,6,0,3,0,0
201600018407,16,10,23,100,5,2,1,1,6,299,4759794,711936,680,3,2,2,0,1,1,0,60,1,0,4,0,0
201600018408,16,10,30,230,3,1,1,1,6,347,4751770,730987,680,3,2,2,0,1,2,0,60,1,0,3,0,0
201600018409,16,1,7,930,1,1,3,2,3,195,4775691,726774,680,2,3,4,0,1,1,30,105,2,3,1,99,0
201600018410,16,1,19,1630,2,2,1,4,2,384,4769673,730120,680,3,2,2,1,1,2,0,53,7,2,1,3,0
201600018411,16,2,14,1915,5,1,1,2,7,129,4773879,723328,680,3,2,2,0,4,2,0,63,2,0,3,99,0
201600018412,16,6,27,1715,1,1,1,1,7,101,4770610,721249,680,3,2,2,0,3,1,0,53,1,0,1,0,0
201600018413,16,7,5,945,1,1,1,1,1,384,4769785,729700,680,5,2,2,1,1,1,0,30,1,0,5,3,0
201600018415,16,4,8,1745,1,2,1,1,1,182,4750063,749031,680,4,2,2,0,4,3,0,48,1,0,1,0,0
201600018416,16,9,19,600,3,1,1,1,6,135,4756754,749164,680,3,2,2,0,1,3,0,71,1,0,3,0,1
201600018417,16,10,22,1800,1,2,1,1,1,286,4762898,754315,680,3,2,2,0,1,2,0,60,1,0,4,0,0
201600018418,16,11,6,1645,1,1,4,1,1,264,4757500,741200,680,3,2,2,0,1,1,0,73,1,0,1,99,0
201600018419,16,12,24,1720,5,2,1,1,2,42,4760017,749195,680,3,2,2,0,1,1,0,150,1,0,1,99,0
201600018420,16,6,28,1235,1,2,1,1,3,258,4783340,730009,680,3,2,2,0,1,1,0,910,1,0,1,99,0
201600018421,16,3,25,1715,1,1,1,8,6,308,4777996,698079,680,3,2,2,0,1,1,0,72,2,0,3,0,0
201600018422,16,7,7,830,1,2,1,1,6,304,4775687,704438,680,3,2,2,0,1,1,0,90,1,0,1,0,1
201600018423,16,11,21,1615,2,1,1,2,6,60,4774327,713007,680,3,2,2,0,1,1,0,75,2,0,3,99,0
201600018424,16,2,18,645,2,2,1,1,3,119,4359410,311975,340,3,2,2,0,1,1,0,60,1,0,1,0,0
201600018425,16,3,11,1445,1,1,1,9,6,96,4358780,317073,340,3,2,2,0,0,4,0,0,0,0,1,0,0
201600018426,16,5,17,1515,1,1,1,1,6,96,4355170,319775,340,3,2,1,0,2,4,0,0,1,0,3,99,1
201600018427,16,5,18,1645,1,1,1,1,3,84,4338600,319772,340,3,2,2,0,2,1,0,0,1,0,1,99,0
201600018428,16,1,30,1915,3,1,1,1,6,326,4340590,275048,340,3,2,0,0,2,3,0,0,1,0,1,99,0
201600018429,16,12,6,1515,1,2,1,7,6,142,4373260,331808,340,4,2,2,0,1,1,0,65,1,0,1,99,0
201600018430,16,12,20,1015,1,2,1,2,6,306,4373390,335085,340,3,2,0,0,1,3,0,65,2,0,3,99,0
201600018431,16,1,10,1000,1,1,1,1,6,13,4357050,345522,340,3,2,2,0,1,3,0,50,2,0,3,99,0
201600018432,16,1,22,1845,3,1,1,2,6,79,4361310,343671,340,3,2,2,0,2,1,0,70,2,0,3,99,0
201600018433,16,2,25,1145,1,1,1,1,6,51,4359620,349391,340,3,0,2,0,0,1,0,0,1,0,1,99,0
201600018434,16,3,2,2315,3,1,1,2,6,194,4355090,346697,340,3,2,2,0,1,1,0,71,1,0,3,99,1
201600018435,16,5,12,1900,1,1,1,1,5,51,4359500,348738,340,3,2,2,0,0,2,0,56,9,0,1,99,1
201600018436,16,6,24,1615,1,2,1,1,1,222,4357090,351512,340,3,2,0,0,1,1,0,60,1,0,1,0,0
201600018437,16,7,6,930,1,2,1,1,6,79,4363240,343906,340,3,2,2,0,1,1,78,0,1,0,1,99,0
201600018438,16,7,18,2000,2,2,1,1,6,79,4362592,343108,340,3,3,0,0,1,1,0,70,1,0,1,3,0
201600018439,16,7,26,2145,5,2,1,1,6,47,4353710,349722,340,3,2,0,0,1,1,0,0,1,0,1,0,1
201600018440,16,7,26,945,1,2,1,1,2,281,4352740,357188,340,3,2,2,0,1,0,63,0,1,0,1,0,0
201600018441,16,10,22,300,3,1,1,1,2,79,4361070,343668,340,3,2,0,0,1,1,0,70,1,0,1,99,1
201600018442,16,11,4,2230,3,1,2,2,3,13,4353990,345833,340,3,2,0,0,1,1,0,0,2,0,1,99,0
201600018443,16,12,6,2215,3,1,1,1,7,79,4361220,346561,340,3,0,0,0,1,2,0,0,1,0,3,99,0
201600018444,16,2,8,730,2,2,1,1,1,239,4365040,350225,340,2,2,2,0,1,1,24,66,1,0,1,0,0
201600018446,16,2,10,1410,1,1,1,3,3,12,4700000,200000,150,4,2,2,0,1,1,10,75,2,0,1,99,0
201600018447,16,4,7,1725,1,1,3,1,3,12,4489947,248187,150,3,2,3,0,1,1,0,0,1,0,1,0,0
201600018448,16,12,7,1900,5,2,2,1,3,14,4491280,244176,150,3,4,5,0,1,1,0,0,1,5,1,99,0
201600018449,16,7,26,1100,1,2,1,1,6,14,4492701,244098,150,4,2,2,0,1,1,0,0,1,6,1,99,0
201600018452,16,10,4,1845,1,2,1,1,6,14,4490870,244569,150,4,2,2,0,1,1,0,0,1,0,1,0,0
201600018453,16,10,2,1850,1,2,1,1,7,14,4491666,243953,150,4,2,2,0,1,1,0,0,1,0,1,0,0
201600018454,16,10,25,750,5,2,1,3,6,14,4491642,243662,150,4,2,2,0,1,1,0,0,2,0,1,3,0
201600018455,16,10,1,1500,1,2,3,1,3,14,4492504,244488,150,4,1,1,0,1,1,0,0,1,0,1,99,0
201600018457,16,11,24,740,4,2,1,2,6,14,4491562,243536,150,4,2,2,0,1,1,0,0,2,0,1,3,0
201600018458,16,11,7,2000,5,2,1,1,6,14,4492221,243998,150,4,3,2,0,1,3,0,0,2,0,3,0,0
201600018459,16,2,8,1445,1,2,1,1,6,31,4337800,342045,340,6,0,0,0,1,1,0,50,1,6,3,0,0
201600018460,16,4,6,1745,1,2,1,1,3,2,4353340,342952,340,4,2,1,0,1,1,52,0,1,0,1,0,0
201600018461,16,5,8,1615,1,1,1,2,1,182,4341623,341756,340,3,2,2,0,0,1,0,67,2,0,1,0,1
201600018462,16,5,31,2145,3,1,1,2,1,17,4347360,345167,340,3,2,0,0,0,2,0,0,2,0,1,99,0
201600018470,16,7,26,1830,1,1,1,1,7,116,4647460,6000,860,4,2,1,0,1,2,0,40,1,0,3,99,1
201600018473,16,11,10,1915,3,1,1,8,7,188,4636921,21168,860,4,2,2,0,1,3,0,61,2,0,3,99,0
201600018474,16,11,23,1815,3,1,1,2,7,113,4650532,27977,860,4,2,2,0,1,1,0,35,2,0,3,0,0
201600018478,16,9,16,1645,1,2,6,1,3,189,4838435,437719,290,3,1,0,0,1,2,0,0,1,5,1,99,0
201600018479,16,12,10,1600,1,1,1,1,1,45,4837952,429345,290,4,2,0,0,2,3,0,57,6,0,1,0,1
201600018480,16,5,4,1345,1,1,1,1,5,43,4731808,149828,410,3,2,2,0,1,1,0,50,1,0,1,99,0
201600018481,16,6,10,2200,4,1,1,3,2,97,4731499,167352,410,3,2,2,0,1,1,0,35,2,0,1,99,1
201600018482,16,7,1,1945,1,1,1,1,7,38,4723285,177426,410,3,2,2,0,2,3,0,57,1,0,3,99,0
201600018483,16,7,1,1545,1,1,4,1,3,280,4728621,176944,410,3,2,2,0,1,1,0,65,1,0,1,99,0
201600018484,16,7,5,1815,1,1,1,1,7,122,4720932,187932,410,3,2,2,0,1,1,0,40,1,0,1,99,0
201600018485,16,7,10,1900,1,1,1,1,3,97,4727889,170109,410,3,2,2,0,0,0,0,58,1,0,1,99,1
201600018486,16,7,18,1530,1,2,1,1,3,280,4729897,177799,410,4,2,1,0,1,3,0,34,1,0,1,99,0
201600018487,16,9,20,745,1,1,1,5,3,185,4737729,168714,410,3,2,2,0,1,1,0,74,1,0,1,99,0
201600018488,16,10,1,1600,1,1,1,1,6,122,4724572,187347,410,3,2,2,0,1,1,0,47,1,0,3,99,0
201600018489,16,10,28,2345,5,2,3,1,3,135,4726901,186584,410,3,2,2,0,1,1,0,75,1,0,1,99,0
201600018490,16,11,12,1900,5,2,1,3,3,242,4728344,154184,410,3,2,2,0,1,1,0,116,2,5,1,99,0
201600018491,16,12,12,1145,1,1,1,1,6,185,4734155,170394,410,3,2,2,0,1,1,0,66,1,0,3,99,0
201600018492,16,1,31,1830,5,2,1,1,1,170,4746152,131225,410,4,2,1,0,1,3,0,0,2,0,1,99,0
201600018493,16,3,6,1215,1,1,2,1,3,198,4726088,133339,410,3,2,2,0,2,1,0,35,1,0,1,99,0
201600018494,16,4,1,1615,1,1,1,1,3,80,4733360,117266,410,3,2,0,0,4,2,0,75,1,0,1,99,0
201600018495,16,3,3,915,1,2,1,1,6,198,4726885,137184,410,3,2,2,0,2,1,0,35,2,0,1,99,0
201600018496,16,4,27,2030,1,2,1,1,6,239,4726017,139676,410,3,2,0,0,1,1,0,68,1,0,1,99,0
201600018497,16,5,3,2015,1,1,1,1,7,166,4739088,139010,410,3,2,0,0,0,3,0,68,1,0,1,99,0
201600018498,16,5,28,545,2,1,2,1,3,257,4739102,131431,410,3,2,2,0,1,1,0,42,1,0,1,99,0
201600018499,16,6,18,30,3,1,1,1,6,82,4744053,137255,410,3,2,1,0,1,3,0,53,1,0,3,99,1
201600018500,16,6,25,1800,1,1,1,1,5,59,4740379,141684,410,3,2,0,0,2,1,0,63,1,0,1,99,1
201600018501,16,6,28,230,3,1,1,2,6,180,4741508,120741,410,3,2,2,0,0,2,0,54,2,0,3,99,0
201600018502,16,6,30,1800,1,1,1,7,1,126,4726494,132567,410,4,2,0,0,0,1,0,50,1,0,1,99,1
201600018503,16,7,9,915,1,2,1,1,7,151,4734396,117144,410,3,2,0,0,0,2,0,55,1,0,4,0,0
201600018504,16,8,13,2315,3,1,1,1,6,92,4745234,133751,410,4,2,2,0,1,2,0,65,1,0,3,0,0
201600018505,16,8,23,1200,1,2,1,1,6,59,4741778,142825,410,3,2,0,0,1,1,0,110,1,5,1,99,1
201600018506,16,9,19,800,2,2,1,1,2,59,4742773,142801,410,3,2,1,0,1,1,0,64,1,0,1,99,0
201600018507,16,10,4,945,5,2,2,1,3,51,4733590,113340,410,3,2,2,0,2,1,0,0,1,5,1,99,0
201600018508,16,10,9,1000,1,2,1,1,6,198,4727163,137246,410,3,2,2,0,1,1,0,0,1,0,1,99,0
201600018509,16,10,27,745,2,2,1,5,2,198,4727089,137529,410,3,2,2,0,1,1,0,50,2,5,1,99,0
201600018510,16,11,1,1845,3,1,1,5,7,59,4742370,145751,410,3,2,0,0,1,1,0,50,2,0,1,99,0
201600018511,16,11,13,1030,1,2,3,1,3,59,4741638,143177,410,3,2,1,0,0,0,35,0,1,0,1,0,0
201600018512,16,12,15,1445,1,1,1,1,6,51,4737195,111160,410,3,2,2,0,1,1,0,50,1,0,3,99,0
201600018513,16,12,16,1915,3,1,1,1,1,237,4739531,140932,410,3,2,2,0,1,2,0,81,1,0,1,99,0
201600018514,16,12,19,1830,3,1,1,1,6,63,4724991,143229,410,3,2,0,0,0,1,0,0,1,0,1,0,1
201600018515,16,12,22,1430,1,1,2,2,3,237,4739894,141648,410,4,2,0,0,0,1,0,0,2,0,1,0,0
201600018516,16,1,12,1030,1,2,3,7,3,232,4742023,206046,410,4,2,2,0,1,1,0,61,1,0,1,99,0
201600018517,16,4,21,1730,1,2,1,1,6,84,4738660,194424,410,3,2,2,0,1,1,22,66,1,0,1,99,0
201600018518,16,5,3,700,1,1,1,1,1,256,4730075,205838,410,3,2,2,0,1,1,0,75,1,0,1,99,1
201600018519,16,5,6,1500,1,2,1,1,3,241,4738598,191809,410,3,2,2,0,1,1,0,90,1,0,1,99,0
201600018520,16,5,14,2130,3,1,1,1,7,251,4765517,217575,410,4,2,2,0,1,1,0,0,1,0,1,99,0
201600018521,16,6,16,1400,1,2,1,1,6,232,4742367,205762,410,4,2,2,0,1,1,0,63,1,0,1,99,0
201600018522,16,7,11,1430,1,1,1,1,1,159,4750456,181234,410,3,2,2,0,1,1,0,62,1,0,1,99,0
201600018523,16,7,27,1130,1,1,2,1,3,125,4743513,190793,410,3,2,2,0,1,1,0,53,1,0,1,99,1
201600018524,16,8,9,1000,1,1,1,1,3,232,4744377,206618,410,3,2,0,0,1,1,0,70,1,0,1,99,0
201600018525,16,8,28,1245,1,2,1,1,7,241,4738512,191312,410,3,2,2,0,1,1,0,60,1,0,4,99,0
201600018526,16,9,11,1745,1,1,1,1,7,161,4758770,206013,410,3,2,2,0,1,3,0,50,1,0,3,99,0
201600018527,16,9,12,1215,1,2,1,1,3,241,4739269,192383,410,3,2,2,0,1,3,0,62,1,0,1,99,0
201600018528,16,9,28,1830,1,1,1,1,1,232,4740003,205446,410,3,2,2,0,1,1,0,72,1,0,1,99,1
201600018529,16,12,23,1500,1,1,1,1,7,232,4744548,199935,410,3,2,2,0,1,1,0,60,1,0,3,99,0
201600018530,16,2,19,530,3,1,1,9,6,154,4792663,125925,410,3,2,2,0,1,1,0,30,7,0,3,99,0
201600018531,16,3,18,1815,1,1,1,1,6,88,4796871,116343,410,3,2,2,0,1,2,0,53,1,0,3,99,1
201600018532,16,3,30,1430,1,1,1,2,6,53,4801718,87522,410,3,2,2,0,1,3,0,55,2,0,3,99,1
201600018533,16,4,4,1400,1,1,1,1,6,12,4797688,86490,410,3,2,0,0,2,3,0,53,1,0,3,99,0
201600018534,16,5,3,2030,2,1,1,1,6,175,4787100,115700,410,9,1,1,0,0,1,0,0,2,0,0,99,0
201600018535,16,5,29,1230,1,1,1,2,7,73,4789160,105145,410,3,2,2,0,1,1,70,0,2,0,1,99,0
201600018536,16,5,29,1515,1,2,1,2,1,75,4803901,107576,410,3,2,0,0,1,2,0,64,2,0,1,99,0
201600018537,16,6,5,745,1,1,1,1,7,216,4796179,122033,410,3,2,0,0,1,2,0,0,1,0,3,99,0
201600018538,16,10,2,1815,1,1,1,1,6,73,4787854,103855,410,3,2,2,0,1,2,0,57,1,0,3,99,0
201600018539,16,7,18,2300,3,1,3,1,3,210,4425540,36195,470,3,2,2,0,1,1,0,94,1,0,1,99,0
201600018540,16,12,2,2130,3,1,1,5,7,38,4434620,39960,470,3,0,1,0,1,1,0,95,1,0,3,0,0
201600018541,16,12,16,930,1,1,1,1,7,213,4430210,47977,470,3,2,2,0,1,1,0,58,1,0,3,0,0
201600018542,16,6,15,1445,1,1,1,1,6,138,4426070,73603,470,3,2,2,0,1,1,0,61,1,0,3,99,0
201600018543,16,12,17,115,3,1,3,1,7,289,4425130,81590,470,3,2,2,0,1,2,0,60,1,0,1,0,0
201600018544,16,2,1,1245,1,1,1,2,6,317,4446250,41432,470,3,2,2,0,1,2,0,0,2,0,3,0,0
201600018545,16,2,23,1615,1,1,1,2,7,253,4440990,15398,470,3,2,2,0,1,1,0,56,2,0,3,99,0
201600018546,16,6,4,2330,3,2,1,1,6,101,4444850,15869,470,4,0,2,0,1,3,0,53,1,0,3,0,0
201600018547,16,7,21,900,1,1,1,1,7,110,4446550,30335,470,3,2,2,0,1,1,0,0,1,0,1,0,0
201600018548,16,7,31,1515,1,2,1,1,6,65,4435920,37648,470,3,2,2,0,1,2,0,0,1,0,1,0,0
201600018549,16,8,12,2000,1,1,1,7,7,310,4436100,31956,470,3,2,2,0,1,1,0,80,1,0,1,99,0
201600018550,16,9,13,1745,1,1,1,1,7,310,4435340,31993,470,3,2,2,0,1,1,0,80,1,0,3,0,1
201600018551,16,5,30,1530,1,1,1,1,1,222,4428760,13025,470,3,2,2,0,1,2,0,0,1,0,1,0,0
201600018552,16,11,23,2315,3,1,1,3,6,106,4450120,94734,470,3,2,2,0,1,1,0,72,2,0,1,99,1
201600018553,16,2,4,1400,1,2,4,1,3,49,4444660,61799,470,3,2,2,0,1,3,0,0,1,0,1,0,0
201600018555,16,12,31,1545,1,1,1,1,2,102,4427759,260869,120,3,2,2,0,2,1,0,70,1,0,1,99,0
201600018556,16,4,1,1500,1,2,1,1,1,56,4427720,244456,120,2,2,2,0,1,1,0,118,1,0,1,99,0