Num_Acc,an,mois,jour,hrmn,lum,agg,int,atm,col,com,lat,long,dep,catr,circ,nbv,vosp,prof,plan,lartpc,larrout,surf,infra,situ,env1,killed
201600018557,16,4,16,610,3,1,1,1,1,32,4428890,241899,120,3,2,2,0,2,1,0,70,1,0,1,0,0
201600018558,16,5,15,1745,1,1,1,1,7,187,4427070,278909,120,3,2,2,0,1,1,0,73,1,0,1,99,0
201600018559,16,9,20,1530,1,1,1,1,3,133,4428970,257794,120,3,2,2,0,1,1,0,80,1,0,1,99,0
201600018560,16,10,11,1715,1,1,1,1,3,283,4424780,265292,120,3,2,1,0,2,3,0,41,1,0,1,0,0
201600018561,16,10,27,1800,1,1,1,1,3,133,4431620,255803,120,3,2,2,0,2,1,0,116,1,0,1,99,0
201600018562,16,2,19,1635,1,1,1,1,6,95,4448290,234429,120,3,2,2,0,1,2,0,70,1,0,1,99,0
201600018563,16,6,1,1815,1,1,1,2,1,288,4444500,243451,120,3,2,2,0,2,2,0,116,2,0,1,99,0
201600018564,16,6,29,800,1,1,2,1,3,254,4442280,253148,120,3,2,2,0,1,3,0,55,0,0,0,0,0
201600018565,16,6,28,1820,1,1,1,1,1,218,4455150,242563,120,3,2,1,0,2,1,0,70,1,0,1,99,0
201600018566,16,7,5,1705,1,2,1,1,6,138,4447410,246481,120,3,2,0,0,1,1,0,61,1,0,1,0,0
201600018567,16,11,18,1340,1,1,1,2,6,288,4444510,243446,120,3,2,2,0,2,2,0,70,2,0,3,99,0
201600018568,16,4,14,900,1,1,3,1,3,182,4442240,290481,120,3,2,2,0,1,2,0,71,1,5,1,0,0
201600018569,16,5,31,1345,1,1,1,2,6,160,4420110,317531,120,3,2,2,0,1,3,0,60,2,0,3,99,0
201600018570,16,6,25,1930,1,1,1,1,6,77,4391040,318433,120,3,2,2,0,1,2,0,0,1,0,1,99,0
201600018571,16,7,2,1425,1,1,1,1,5,204,4412180,321154,120,3,2,2,0,1,2,0,54,1,0,1,0,0
201600018572,16,8,11,1010,1,1,1,1,2,82,4395150,329608,120,3,2,2,0,1,1,0,65,1,0,1,0,0
201600018573,16,4,19,1055,1,1,1,1,6,123,4433320,305023,120,2,2,2,0,1,1,0,92,1,0,3,0,0
201600018574,16,5,11,1030,1,1,3,1,3,22,4401590,307283,120,3,2,2,0,1,1,0,75,1,0,1,99,0
201600018575,16,6,9,1510,1,2,1,1,7,208,4395620,288590,120,3,2,2,0,1,2,0,77,1,2,1,99,0
201600018576,16,6,10,1740,1,2,1,1,6,243,4401220,296772,120,4,2,2,0,2,3,0,60,1,0,1,3,0
201600018577,16,6,22,1500,1,2,1,1,6,208,4395800,288328,120,3,2,0,0,1,1,0,77,1,6,1,0,0
201600018578,16,5,23,845,1,1,1,2,6,44,4383610,284908,120,3,2,2,0,1,3,0,62,2,2,1,99,0
201600018579,16,8,9,1710,1,1,1,1,6,248,4389060,259447,120,3,2,3,0,2,2,0,0,1,0,1,0,0
201600018580,16,10,1,1730,1,1,1,1,3,154,4388420,281806,120,3,0,2,0,1,1,0,68,1,5,1,99,0
201600018581,16,11,15,1600,1,1,1,1,6,154,4430270,271456,120,3,2,2,0,1,3,0,68,1,0,3,99,0
201600018582,16,12,17,215,3,1,1,1,6,44,4380770,290309,120,3,2,2,0,1,3,0,70,2,0,3,99,0
201600018583,16,8,4,1815,1,1,2,2,3,217,4441190,192533,120,3,2,2,0,1,1,0,45,2,5,1,0,0
201600018584,16,11,13,1300,1,1,1,2,6,257,4455050,202059,120,3,2,2,0,2,3,0,76,2,0,3,0,0
201600018585,16,7,16,1340,1,1,1,1,1,135,4423620,213141,120,3,2,2,0,2,2,0,53,1,0,1,99,0
201600018586,16,8,6,1100,1,1,2,1,3,167,4421370,199979,120,3,2,1,0,1,1,0,50,1,0,1,99,0
201600018587,16,12,12,648,3,1,1,1,6,54,4430900,217452,120,3,2,2,0,4,3,0,100,7,0,1,99,0
201600018588,16,3,23,1215,1,1,1,1,3,345,4726964,49416,490,3,2,2,0,2,4,0,0,1,0,1,99,0
201600018589,16,10,1,1730,1,2,1,1,6,292,4730146,63219,490,3,2,2,0,1,3,0,0,1,0,1,0,0
201600018590,16,10,10,1815,1,2,1,1,3,223,4739995,52460,490,4,2,2,0,1,1,0,0,1,0,1,0,0
201600018591,16,1,24,1530,1,1,1,1,6,307,4743617,34326,490,3,2,2,0,1,2,0,0,1,0,3,99,0
201600018592,16,2,5,730,2,2,2,9,3,238,4751954,43613,490,3,2,2,0,1,1,0,0,2,5,1,99,0
201600018593,16,2,19,815,1,2,1,7,1,117,4741845,43667,490,3,2,2,0,1,1,0,62,7,0,1,0,1
201600018594,16,2,24,745,2,1,1,2,3,42,4746513,41837,490,3,2,0,0,0,1,0,73,2,0,1,0,0
201600018595,16,4,18,1030,1,2,1,1,7,42,4747641,41348,490,3,2,0,0,1,1,0,60,1,0,1,99,0
201600018596,16,9,22,2145,3,1,1,1,6,4,4746537,39662,490,4,2,2,0,1,2,68,50,1,0,1,99,0
201600018597,16,10,26,1430,1,1,1,1,1,377,4755729,49992,490,3,2,2,0,1,1,0,64,1,0,1,99,1
201600018598,16,11,10,415,3,2,1,2,6,326,4750152,38976,490,3,2,2,0,1,1,8,60,2,0,1,99,0
201600018599,16,9,21,745,2,1,1,8,1,68,4740342,85295,490,3,2,2,0,1,1,0,60,1,0,1,99,0
201600018600,16,11,19,1145,1,1,1,1,5,283,4743118,77098,490,3,2,2,0,1,3,0,60,2,0,1,99,0
201600018601,16,12,16,1100,1,2,1,1,1,63,4735418,76188,490,3,2,2,0,1,1,0,61,1,2,1,99,0
201600018602,16,12,10,1430,1,1,1,5,2,296,4727992,120681,490,3,2,2,0,1,1,0,6,1,0,1,99,0
201600018603,16,2,12,1415,1,1,1,2,6,18,4757786,11406,490,3,2,2,0,2,1,10,50,1,0,3,99,0
201600018604,16,8,5,1815,1,1,1,1,6,370,4726810,19272,490,3,2,2,0,1,2,0,50,1,0,3,99,0
201600018605,16,9,4,2100,3,1,1,1,6,374,4724822,787,490,3,2,2,0,1,1,0,70,1,0,1,99,1
201600018606,16,5,22,1100,1,1,2,2,3,9,4708419,13525,490,3,2,2,0,1,1,0,46,2,0,1,99,1
201600018607,16,7,30,1930,1,1,2,1,3,362,4723046,5353,490,4,2,1,0,0,0,0,0,0,0,1,99,0
201600018608,16,9,3,1500,1,1,1,1,3,215,4715457,14701,490,3,2,2,0,1,1,0,75,1,0,1,99,0
201600018609,16,2,22,1645,1,2,1,2,3,54,4755954,103925,490,4,2,2,0,1,3,0,0,2,0,1,99,0
201600018610,16,3,18,1700,1,1,1,1,7,54,4755514,100085,490,3,2,2,0,1,1,0,0,1,0,1,99,0
201600018611,16,6,10,1430,1,2,6,1,3,331,4768464,87077,490,4,4,0,0,1,4,0,0,1,5,1,99,0
201600018612,16,7,21,1630,1,1,1,1,7,305,4771984,71643,490,3,2,2,0,1,3,0,50,1,0,1,99,0
201600018613,16,8,25,1830,1,2,1,1,2,331,4768284,87826,490,4,2,2,0,0,1,10,70,1,0,1,99,0
201600018614,16,12,8,645,3,1,1,5,1,277,4767702,86015,490,3,2,2,0,1,1,0,0,1,0,1,99,0
201600018615,16,12,29,2000,3,1,1,1,7,14,4770419,76492,490,3,2,2,0,1,2,0,0,1,0,1,99,0
201600018616,16,11,11,1345,1,1,1,1,7,350,4859600,563300,550,3,2,0,0,0,2,0,58,1,0,3,0,0
201600018617,16,3,31,1715,1,1,1,8,3,8,4924547,566801,550,3,2,2,0,1,3,0,75,2,0,1,0,0
201600018618,16,5,1,800,1,1,1,2,1,57,4917777,567693,550,3,2,2,0,1,1,0,70,2,0,1,99,1
201600018619,16,7,10,2045,2,1,1,1,1,237,4912106,551073,550,3,2,2,0,2,1,0,60,1,5,1,99,0
201600018620,16,2,25,1415,1,2,7,1,6,74,4856692,14710,610,9,1,1,0,1,1,0,0,1,0,1,0,0
201600018621,16,3,25,1900,1,1,1,1,1,433,4852628,5859,610,3,2,2,0,2,3,0,60,1,0,1,99,0
201600018622,16,1,15,715,3,1,1,4,1,479,4866273,7886,610,3,2,2,0,2,3,0,0,5,0,1,99,0
201600018623,16,1,31,1830,2,1,2,2,3,170,4869517,4354,610,3,2,2,0,1,1,0,60,2,0,1,99,1
201600018624,16,9,14,730,1,1,1,1,1,179,4874294,24446,610,3,2,2,0,1,2,0,70,1,0,1,99,0
201600018625,16,3,27,1800,1,1,1,3,6,320,4889795,31084,610,3,2,2,0,1,4,0,60,2,0,3,99,0
201600018626,16,6,25,1125,1,1,1,1,7,317,4875795,34309,610,3,2,2,0,2,4,0,0,1,0,1,99,0
201600018627,16,10,31,1315,1,1,3,1,7,19,4878962,22108,610,3,2,2,0,1,1,0,60,1,0,1,99,0
201600018628,16,2,10,800,1,1,1,1,1,459,4867116,49673,610,3,2,2,0,1,3,0,60,7,0,1,99,0
201600018629,16,8,26,1645,1,1,3,1,3,201,4860007,67014,610,3,2,2,0,1,1,0,59,1,0,1,99,0
201600018630,16,2,8,1700,1,1,3,2,3,377,4871650,71003,610,3,2,2,0,2,1,0,69,2,0,1,0,0
201600018631,16,3,5,400,3,1,1,1,7,30,4877135,59779,610,3,2,2,0,1,3,0,0,2,0,1,99,0
201600018632,16,11,5,2356,3,1,1,2,7,703,4896580,32675,140,3,2,2,0,1,3,0,0,2,0,3,99,0
201600018633,16,2,19,2315,4,1,2,2,1,243,4858630,33235,610,3,2,2,3,1,2,0,110,2,5,1,99,1
201600018634,16,3,2,315,3,1,1,2,7,35,4861709,28103,610,3,2,2,0,2,2,0,70,2,0,3,99,1
201600018635,16,11,30,1030,1,1,1,1,6,96,4852561,48042,610,3,2,2,0,1,1,0,52,1,0,3,99,0
201600018636,16,12,26,2315,3,1,6,1,6,243,4858482,32603,610,3,2,2,0,1,1,0,0,1,5,1,99,0
201600018637,16,2,13,1600,1,1,1,2,6,130,4852175,49466,610,3,2,2,0,1,3,0,0,1,0,3,99,0
201600018638,16,7,19,1515,1,1,1,1,1,414,4851722,52403,610,3,2,2,0,1,1,0,0,1,0,1,99,0
201600018639,16,7,2,300,3,1,1,1,7,130,4852656,49697,610,2,2,4,0,1,1,0,0,1,0,1,99,0
201600018640,16,12,13,2115,3,1,1,5,6,128,4846251,66630,610,3,2,2,0,1,1,0,0,1,0,3,99,0
201600018641,16,8,7,1145,1,1,2,1,6,100,4870482,61593,610,3,2,2,0,1,1,0,0,1,0,3,99,0
201600018642,16,8,31,1330,1,1,1,7,7,456,4877263,66728,610,3,2,2,0,2,4,0,0,1,0,3,99,1
201600018643,16,10,31,1600,1,1,1,1,6,244,4867581,45217,610,3,2,2,0,1,1,0,60,1,0,1,99,0
201600018644,16,11,8,1345,1,2,6,1,2,214,4876116,63425,610,3,2,2,0,1,3,0,0,2,5,1,3,0
201600018645,16,1,6,1815,3,1,1,2,6,207,4831712,49190,610,3,2,2,0,2,2,0,70,2,0,3,99,0
201600018646,16,5,6,1645,1,1,1,1,3,309,4836036,69746,610,3,2,2,0,2,1,0,80,1,0,1,99,0
201600018647,16,5,5,820,1,1,1,1,7,426,4834548,53013,610,3,2,2,0,1,3,0,62,1,0,1,99,0
201600018648,16,5,16,1845,1,2,1,1,6,99,4831171,60825,610,3,2,2,0,1,2,0,0,1,0,1,99,0
201600018649,16,12,13,1730,2,1,1,5,7,61,4842864,85573,610,3,2,2,0,1,1,0,0,1,0,3,99,0
201600018650,16,12,18,1700,1,1,1,5,6,500,4860738,70511,610,2,2,2,0,1,1,0,0,2,0,3,99,0
201600018651,16,1,12,930,1,2,1,8,1,255,5003979,142360,760,3,2,2,0,1,4,0,63,2,0,1,0,0
201600018652,16,1,27,1615,1,2,1,2,6,255,5004836,141923,760,3,2,2,0,1,1,0,50,2,0,1,0,0
201600018653,16,2,3,815,2,2,1,1,3,255,5005196,140183,760,3,2,2,0,0,3,0,80,2,0,1,0,0
201600018654,16,2,7,1515,1,2,1,1,7,533,5007726,141590,800,4,2,0,0,1,1,0,54,1,0,1,0,0
201600018655,16,3,5,1745,1,1,1,1,1,638,5001532,142731,760,3,2,2,0,1,1,0,57,1,0,1,0,0
201600018656,16,3,10,1800,1,1,1,1,2,533,5006091,140790,800,3,1,1,0,1,3,0,0,1,3,1,99,0
201600018657,16,4,6,1230,1,2,1,1,1,711,5005511,138234,760,4,2,0,0,1,1,0,50,1,0,1,0,0
201600018658,16,4,30,1245,1,2,1,1,6,255,5005295,139059,760,4,2,2,0,1,1,0,52,1,0,1,99,0
201600018659,16,5,9,1700,1,1,1,1,2,507,5004023,144463,760,4,2,0,0,1,0,0,0,1,0,1,99,0
201600018660,16,5,29,1930,1,1,1,1,1,507,5003542,145544,760,3,2,2,0,1,1,0,0,1,0,1,99,0
201600018661,16,6,8,2045,1,1,1,1,5,696,4999668,127969,760,3,2,2,0,1,1,0,0,1,0,1,99,0
201600018662,16,6,18,1615,1,1,1,1,3,644,5000583,137194,760,3,2,2,0,1,1,0,65,1,0,1,0,0
201600018663,16,7,14,1830,1,2,1,1,6,533,5006531,139207,800,3,2,2,0,1,1,0,70,1,0,1,99,0
201600018664,16,7,24,1900,1,2,1,1,2,711,5004867,136664,760,3,2,1,0,0,1,0,55,1,0,1,0,0
201600018665,16,9,13,715,1,1,1,1,1,696,4999392,127617,760,3,2,2,0,1,1,0,73,1,0,1,0,0
201600018666,16,11,10,1145,1,1,1,3,1,27,4998357,128764,760,4,2,2,0,1,0,0,49,3,0,1,99,0
201600018667,16,2,28,1645,1,1,2,1,3,581,4953059,133302,760,3,2,2,0,1,2,0,74,1,0,1,0,0
201600018668,16,5,9,1130,1,1,3,1,3,617,4948383,115267,760,4,2,2,0,1,1,0,0,1,0,0,0,0
201600018669,16,5,13,1700,1,1,1,1,3,571,4956867,136363,760,3,2,2,0,0,4,57,0,1,0,1,99,0
201600018670,16,7,19,800,1,2,1,7,6,560,4942216,117970,760,3,2,2,0,2,1,0,66,1,0,1,99,0
201600018671,16,7,30,2100,1,2,6,1,3,509,4949136,122337,760,3,2,2,0,0,1,0,75,1,5,1,0,0
201600018672,16,12,31,500,3,2,1,9,6,262,4570110,316210,630,3,2,0,0,2,1,0,0,7,0,1,0,0
201600018673,16,2,5,1830,5,2,1,1,6,455,4567270,317168,630,3,0,0,0,0,1,0,59,1,0,1,0,0
201600018674,16,3,10,815,1,1,1,9,6,378,4566800,322500,630,3,2,0,0,0,2,0,60,2,0,3,0,0
201600018675,16,5,28,1130,1,1,2,1,3,350,4569000,328600,630,3,2,2,0,1,2,0,75,1,5,1,99,0
201600018676,16,8,18,2045,2,1,1,1,7,26,4566500,304200,630,3,2,1,0,0,3,0,70,1,0,3,0,0
201600018677,16,8,18,1445,1,2,9,1,1,395,4564100,310370,630,4,2,1,0,2,2,0,50,1,0,1,0,0
201600018678,16,5,5,1730,1,2,1,1,2,3,4554400,376400,630,3,2,2,0,2,2,0,0,1,0,1,0,0
201600018679,16,11,5,1415,1,2,1,2,1,3,4558000,376200,630,4,2,2,0,1,3,0,45,2,0,1,0,0
201600018682,16,8,14,1900,1,1,1,1,1,23,4560900,351200,630,3,2,2,0,2,2,0,0,8,0,1,0,0
201600018683,16,9,17,1500,1,1,1,2,6,258,4568300,363300,630,3,2,2,0,1,3,0,78,2,0,0,0,0
201600018684,16,10,30,115,3,1,1,5,6,207,4565300,369300,630,3,2,2,0,4,2,0,37,2,0,3,99,0
201600018685,16,11,6,2315,3,1,1,4,6,86,4561700,362200,630,3,2,2,0,2,3,0,46,5,0,3,99,0
201600018686,16,11,17,2215,3,1,1,1,6,132,4563200,359300,630,3,2,2,0,0,1,0,50,1,0,3,0,1
201600018688,16,2,20,15,3,2,6,8,6,178,4554346,322430,630,3,2,0,0,1,1,0,0,1,0,1,99,0
201600018689,16,2,22,2015,5,2,6,1,3,50,4541470,331960,630,3,4,1,0,1,2,0,0,1,5,1,99,0
201600018691,16,5,30,1300,1,1,6,1,6,352,4546500,325400,630,3,1,2,0,1,2,0,82,1,5,1,99,0
201600018692,16,5,4,1815,1,1,1,1,6,397,4561600,267700,630,3,2,2,0,1,4,0,66,1,0,1,99,0
201600018694,16,7,9,1600,1,1,1,1,7,397,4560200,271700,630,3,2,2,0,1,2,0,65,1,0,3,0,0
201600018695,16,7,12,1800,1,2,3,1,3,47,4559020,276230,630,3,0,3,0,1,1,0,120,1,5,1,99,0
201600018696,16,8,8,1630,1,1,1,7,1,192,4552000,265900,630,3,2,2,0,2,1,0,54,1,0,1,99,1
201600018698,16,3,20,1945,4,1,6,1,1,322,4585000,316600,630,3,1,0,0,1,2,0,95,1,5,1,99,0
201600018699,16,2,7,1600,1,2,6,8,3,381,4582440,291190,630,3,2,0,0,1,1,0,0,2,5,1,0,0
201600018700,16,3,17,1830,1,2,1,1,3,285,4583352,285813,630,3,2,0,0,2,1,0,60,1,0,1,99,1
201600018701,16,5,2,1015,1,2,5,1,3,237,4593900,258600,630,3,0,0,0,0,0,0,0,0,0,0,0,0
201600018704,16,6,11,1630,1,1,1,1,7,228,4594000,269700,630,3,2,2,0,2,3,0,60,1,0,3,99,0
201600018709,16,7,8,930,1,1,2,1,3,338,4617900,284050,630,3,0,0,0,0,0,0,0,0,0,0,0,1
201600018710,16,9,2,1615,1,1,3,1,3,233,4617670,281020,630,3,2,2,0,2,1,0,0,1,0,1,99,0
201600018713,16,9,10,930,1,2,1,1,6,430,4584970,353720,630,3,2,2,0,1,1,0,0,1,0,0,99,0
201600018714,16,12,15,1945,5,2,1,1,6,430,4588790,351390,630,3,2,2,0,0,0,31,0,1,0,3,99,0
201600018716,16,2,18,1500,1,2,1,1,1,125,4575900,354300,630,3,2,1,0,0,1,0,65,1,2,1,99,0
201600018718,16,6,20,1330,1,1,3,1,3,16,4570700,359400,630,3,2,2,0,1,1,0,63,1,0,1,99,0
201600018721,16,9,14,1515,1,2,1,2,6,249,4580000,352300,630,3,2,2,0,1,1,0,84,2,5,1,99,0
201600018723,16,9,24,1630,1,1,1,1,6,125,4575200,352900,630,3,2,2,0,1,3,0,60,1,0,3,99,0
201600018724,16,2,22,1000,1,1,1,5,6,210,4592000,335800,630,3,2,2,0,0,2,0,0,1,0,1,0,0
201600018725,16,3,22,1415,1,1,1,1,3,210,4592800,334100,630,3,2,2,0,4,1,0,0,1,5,1,99,0
201600018728,16,11,23,2300,3,1,1,1,6,15,4759845,376485,890,3,2,2,0,0,1,80,80,1,2,1,0,1
201600018729,16,12,5,1800,3,1,1,1,2,15,4761556,375387,890,3,2,2,0,1,1,0,80,1,0,1,0,1
201600018730,16,7,10,2345,5,2,1,1,6,227,4789968,375754,890,3,2,2,0,0,0,0,0,1,0,1,99,0
201600018731,16,12,21,800,2,1,1,1,1,307,4789937,371188,890,2,2,2,0,0,1,0,80,1,0,1,99,0
201600018732,16,3,25,700,2,1,1,2,6,425,4805891,374617,890,3,2,2,0,1,1,0,50,1,5,3,0,0
201600018733,16,3,5,1645,1,2,1,2,3,419,4774151,329099,890,3,2,2,0,4,0,0,70,2,0,1,0,0
201600018734,16,3,4,1315,1,1,1,2,1,217,4768045,333657,890,3,2,2,0,0,1,0,50,2,0,1,0,0
201600018735,16,2,2,1915,5,2,1,1,3,25,4749163,391623,890,4,2,0,0,0,1,0,0,1,0,1,99,0
201600018736,16,6,20,1930,1,1,1,2,7,433,4751489,381696,890,3,2,2,0,0,1,0,80,2,4,1,0,0
201600018737,16,7,9,1030,1,1,5,1,1,378,4749680,396689,890,3,0,0,0,0,0,0,0,0,5,0,0,1
201600018738,16,12,3,1800,3,1,1,1,3,306,4749191,387948,890,3,2,0,0,1,1,0,0,1,0,3,99,0
201600018739,16,4,24,1145,1,1,1,1,1,12,4762060,404497,890,3,2,2,0,1,2,0,57,1,0,1,99,0
201600018740,16,5,1,430,3,1,1,9,6,339,4755181,396782,890,3,2,2,0,2,2,0,70,9,0,3,0,0
201600018742,16,10,18,1700,1,2,1,7,3,22,4753781,398860,890,3,2,2,0,1,1,0,50,1,0,1,0,0
201600018743,16,1,30,1645,1,1,1,3,6,445,4788287,386827,890,3,2,0,0,1,2,0,0,2,0,0,0,0
201600018744,16,8,8,1545,1,1,1,1,2,184,4774310,417054,890,3,2,2,0,0,1,0,50,0,0,1,99,0
201600018745,16,9,29,715,2,2,1,1,3,321,4773420,423172,890,4,2,2,0,2,3,0,0,1,0,1,99,1
201600018746,16,10,31,1530,1,1,1,7,6,418,4784910,393186,890,3,2,2,0,2,2,0,58,1,0,1,0,0
201600018747,16,3,17,1745,1,1,1,1,6,3,4786702,334189,890,3,2,2,0,1,1,0,62,1,0,3,0,1
201600018748,16,7,9,1745,1,2,1,1,1,3,4787337,334376,890,3,2,0,0,2,1,0,50,1,0,1,99,0
201600018749,16,1,5,945,1,1,1,1,6,467,4826788,308834,890,3,2,0,0,0,1,0,65,2,0,1,0,0
201600018750,16,3,4,2200,5,2,1,1,6,274,4822340,322173,890,3,0,0,0,1,1,0,0,2,0,1,0,0
201600018751,16,8,30,530,5,2,1,1,6,144,4811527,306582,890,3,2,2,0,1,4,0,50,9,0,4,0,0
201600018752,16,4,12,1530,1,1,1,8,1,469,4627661,454079,710,3,2,2,0,0,3,0,37,2,0,1,99,0
201600018756,16,7,6,1400,1,2,2,7,3,137,4644059,465271,710,3,2,0,0,0,0,0,0,1,0,1,0,0
201600018759,16,11,4,815,2,2,1,5,5,383,4642734,487740,710,3,0,2,0,1,1,36,0,1,0,1,0,0
201600018760,16,4,29,1400,1,1,1,1,7,14,4694256,435395,710,3,2,1,0,3,3,0,0,1,0,1,99,0
201600018761,16,5,23,815,1,1,1,2,7,14,4692149,436724,710,4,2,0,0,3,3,70,70,2,0,3,0,0
201600018763,16,8,2,745,1,2,1,1,2,527,4704787,421869,710,4,2,2,0,2,1,0,78,1,0,1,99,1
201600018766,16,12,3,1830,5,2,1,9,1,14,4695391,429530,710,9,2,1,0,1,1,0,0,1,0,1,99,0
201600018769,16,10,5,1545,1,2,1,1,6,73,4690507,476246,710,4,2,0,0,0,0,0,0,0,0,0,3,0
201600018770,16,11,26,2345,5,2,1,5,7,369,4690625,472044,710,4,2,2,0,2,1,0,0,2,0,1,99,0
201600018771,16,10,8,2130,3,1,2,1,3,159,4664309,464320,710,4,0,2,0,0,1,0,55,1,0,1,0,0
201600018773,16,12,24,1215,1,1,1,1,3,221,4676444,473783,710,3,2,2,0,1,2,0,65,2,0,1,0,0
201600018774,16,3,25,1600,1,1,2,2,3,187,4676069,449719,710,4,2,2,0,2,1,0,82,2,0,1,0,0
201600018780,16,2,1,1030,1,2,1,8,2,263,4664747,520437,710,3,2,2,0,4,1,0,70,1,0,1,0,0
201600018782,16,3,18,1145,1,2,1,1,3,528,4662634,520258,710,3,0,2,0,1,1,0,70,1,0,1,0,0
201600018787,16,8,25,845,1,1,1,1,3,196,4665359,534371,710,3,2,2,3,3,1,39,75,1,0,1,99,0
201600018788,16,9,12,1200,1,2,1,1,6,263,4662941,521507,710,9,2,2,0,1,1,0,0,1,0,1,99,0
201600018790,16,10,18,1430,1,2,1,1,1,263,4662398,523086,710,9,2,2,0,1,1,37,75,1,0,1,99,0
201600018791,16,11,16,1800,4,2,1,2,6,263,4662675,521591,710,3,2,2,0,1,1,0,60,2,0,1,99,0
201600018798,16,9,17,1430,1,1,1,1,6,407,4350440,86980,320,4,2,2,0,2,2,0,42,1,0,3,99,0
201600018799,16,12,28,1400,1,1,2,1,3,277,4348830,86550,320,3,2,2,0,2,2,0,0,1,0,1,99,0
201600018800,16,12,28,2000,3,1,1,1,6,433,4347350,74275,320,3,2,0,0,1,1,0,0,1,0,3,0,0
201600018801,16,8,22,1200,1,1,1,1,6,253,4398220,80290,320,3,2,2,0,1,3,0,54,1,0,1,99,1
201600018802,16,1,2,845,2,2,6,2,1,344,4365590,7367,320,3,2,2,0,1,1,0,0,2,0,1,99,0
201600018803,16,5,20,1830,1,1,1,1,5,27,4368440,16534,320,3,2,2,0,1,1,0,70,1,0,1,99,0
201600018805,16,10,16,1655,1,1,1,1,5,319,4403390,200993,810,3,2,2,0,1,1,0,63,1,0,1,99,0
201600018806,16,10,6,1630,1,1,1,1,7,254,4405840,222669,810,3,2,2,0,2,2,0,60,1,0,3,99,0
201600018807,16,8,1,1430,1,1,1,1,6,124,4372800,268993,810,3,2,1,0,2,3,0,35,1,0,3,99,1
201600018808,16,12,1,1430,1,1,1,1,3,271,4375290,169149,810,1,3,4,0,1,2,20,100,1,0,1,99,0
201600018809,16,12,13,1410,1,1,2,1,3,255,4373800,174302,810,3,2,2,0,1,1,107,10,1,0,1,0,0
201600018810,16,12,21,800,1,1,1,1,1,92,4369900,187280,810,3,2,2,0,1,1,0,70,2,0,1,99,0
201600018811,16,12,16,1945,3,1,1,1,6,182,4371990,233187,810,3,2,2,0,2,1,0,66,1,0,3,99,0
201600018812,16,12,18,15,3,1,1,1,6,256,4368610,226873,810,3,2,2,0,2,3,0,75,1,0,1,99,0
201600018813,16,2,15,730,2,1,1,1,6,38,4388740,190664,810,3,2,2,0,1,1,0,0,1,0,1,0,0
201600018814,16,12,8,2230,3,1,1,1,6,197,4401440,198290,810,3,2,2,0,1,2,0,49,2,0,3,99,0
201600018815,16,11,6,1805,5,2,7,3,6,38,4386520,188372,810,6,0,1,0,1,1,0,20,2,0,1,0,0
201600018816,16,11,25,1455,1,2,1,7,6,220,4382260,172525,810,3,2,2,0,1,1,0,83,1,0,1,99,0
201600018817,16,1,24,1630,1,2,1,1,6,311,4350990,215859,810,3,0,1,0,1,1,0,71,1,0,3,99,0
201600018818,16,4,9,945,1,2,1,1,2,130,4357820,227937,810,3,2,2,0,1,1,0,90,1,0,1,99,0
201600018819,16,9,14,715,3,1,1,3,1,325,4355310,215820,810,3,2,0,0,1,1,0,75,2,0,1,99,1
201600018820,16,10,9,1540,1,2,2,1,3,81,4348840,214082,810,3,2,2,0,1,1,6,10,1,0,1,0,1
201600018821,16,11,30,915,1,2,1,1,6,120,4353590,226568,810,3,1,1,0,1,1,0,0,1,6,4,99,0
201600018822,16,12,4,830,1,1,1,1,6,160,4347490,220471,810,3,2,2,0,2,2,0,60,2,0,3,99,1
201600018823,16,12,6,1645,1,1,1,1,6,204,4353920,235151,810,3,2,2,0,2,1,0,74,1,0,3,99,0
201600018824,16,10,4,2100,5,1,1,1,6,63,4580337,483955,690,3,2,2,3,1,1,0,0,1,0,1,99,0
201600018825,16,12,22,119,5,2,3,1,6,63,4580453,483831,690,4,2,2,0,2,0,507,10,1,0,0,0,0
201600018828,16,11,4,945,1,1,1,1,6,267,4617255,465108,690,3,2,2,0,2,1,0,71,1,0,3,99,0
201600018829,16,11,22,2000,3,1,1,5,7,124,4610823,456134,690,3,2,2,0,2,1,0,33,2,0,0,99,0
201600018830,16,12,28,1030,1,1,3,1,3,162,4612958,462328,690,3,2,2,0,4,0,0,130,1,0,1,99,0
201600018831,16,7,28,1530,1,1,1,1,7,169,4597800,439200,690,3,2,2,0,2,1,0,80,1,0,3,99,0
201600018832,16,10,10,1720,1,2,4,1,1,66,4610629,433065,690,3,2,3,0,0,0,0,0,0,0,0,0,0
201600018833,16,12,8,1850,5,1,1,1,3,214,4598084,432587,690,3,2,2,0,1,0,7,510,1,0,0,0,1
201600018834,16,1,29,1730,1,2,1,1,6,363,4478352,41662,330,3,0,1,0,1,3,0,53,1,0,1,99,0
201600018835,16,7,15,1345,1,2,3,1,3,11,4478416,114342,330,3,2,2,0,1,1,0,78,1,0,1,0,0
201600018836,16,3,8,615,2,1,1,1,7,439,4512142,42463,330,3,2,2,0,0,2,0,61,1,0,1,99,0
201600018837,16,3,19,1745,1,1,1,1,6,151,4525467,43643,330,4,2,2,0,1,1,42,42,1,0,3,99,1