Num_Acc,an,mois,jour,hrmn,lum,agg,int,atm,col,com,lat,long,dep,catr,circ,nbv,vosp,prof,plan,lartpc,larrout,surf,infra,situ,env1,killed
201600018839,16,12,17,1045,1,1,2,1,3,163,4477459,24395,330,3,2,2,0,1,1,0,59,1,0,1,99,0
201600018840,16,1,1,320,3,1,1,1,1,333,4491780,107698,330,3,2,2,0,1,1,0,67,1,0,1,0,0
201600018841,16,4,24,40,3,1,2,1,3,314,4517550,77439,330,3,2,2,0,1,1,0,0,1,0,0,99,0
201600018842,16,5,30,730,1,2,1,1,7,395,4523187,78720,330,3,2,0,0,1,2,0,72,0,0,3,0,0
201600018843,16,7,27,1850,1,1,1,1,6,424,4511110,80637,330,3,3,4,0,1,1,50,12,1,0,3,99,0
201600018844,16,9,22,645,3,1,1,1,2,424,4512600,80900,330,3,3,2,0,2,1,55,76,1,0,1,0,0
201600018845,16,10,10,1115,1,1,1,1,5,424,4517281,83736,330,3,2,2,0,1,1,0,67,1,0,1,0,1
201600018848,16,8,15,1000,1,2,2,1,3,540,4538040,115198,330,4,2,2,0,0,0,0,0,0,0,0,0,0
201600018849,16,4,10,1315,1,1,3,1,3,86,4480138,30289,330,3,2,2,0,2,1,63,59,1,5,1,0,1
201600018850,16,9,10,1100,1,1,1,1,1,340,4328345,13414,650,3,2,2,0,0,2,0,53,1,0,1,99,0
201600018851,16,6,18,1030,1,1,1,1,1,121,4334960,7100,650,3,2,2,0,1,1,0,69,2,0,1,99,0
201600018852,16,8,7,1430,1,1,1,1,6,137,4351750,1243,650,3,2,2,0,1,1,75,0,1,0,1,99,1
201600018853,16,12,19,1730,5,2,1,1,7,460,4337340,5995,650,3,2,0,0,1,1,0,0,2,0,1,99,0
201600018854,16,6,3,1430,1,2,4,1,1,334,4307390,7880,650,3,0,0,0,0,0,0,0,0,0,0,0,0
201600018855,16,7,26,200,3,1,1,1,6,395,4310410,17491,650,3,2,0,0,0,1,0,0,1,0,1,0,1
201600018856,16,9,11,1,3,1,1,1,1,218,4301090,37343,650,3,2,2,0,2,4,0,63,1,0,1,0,0
201600018857,16,11,18,1600,1,2,6,2,3,258,4312126,38325,650,3,2,0,0,1,3,0,0,2,0,1,99,0
201600018858,16,11,28,1745,5,2,3,1,1,258,4311440,39375,650,3,2,0,0,0,1,0,0,1,0,1,0,0
201600018859,16,2,7,1945,3,1,1,1,7,75,4285620,34164,650,3,2,0,0,1,2,0,55,1,0,1,99,0
201600018860,16,5,10,1545,1,1,1,1,6,49,4732913,150291,410,1,3,3,3,1,1,11,32,2,3,3,99,0
201600018861,16,5,18,815,1,1,1,8,2,16,4733715,154751,410,1,3,4,3,1,1,30,100,1,0,1,99,0
201600018862,16,8,4,600,2,1,1,2,6,49,4732786,149764,410,1,3,4,0,1,1,20,130,2,3,3,99,1
201600018863,16,8,14,1915,1,1,9,1,3,229,4730565,135629,410,1,2,2,0,3,3,20,30,1,3,1,99,0
201600018864,16,8,17,1115,1,1,1,1,6,126,4729561,131361,410,1,3,4,0,1,2,11,32,1,0,3,99,0
201600018865,16,12,15,2030,3,1,1,1,6,280,4732158,176713,410,1,1,1,0,2,3,0,68,1,3,3,99,0
201600018872,16,11,21,1800,3,1,1,2,6,96,4404333,125566,820,3,2,0,0,0,3,0,45,2,0,3,0,0
201600018873,16,1,25,2000,5,2,1,1,3,234,4990217,245242,800,3,2,0,0,1,1,0,72,2,0,1,0,0
201600018874,16,3,14,2045,3,2,1,1,6,461,4988602,238378,800,4,2,1,0,1,1,0,46,1,0,3,99,0
201600018875,16,4,17,300,3,1,1,1,6,411,4990384,256082,800,3,2,2,0,1,1,0,53,0,0,1,0,1
201600018876,16,6,9,1715,1,2,1,1,6,212,4991014,250993,800,6,0,0,0,1,0,0,0,9,0,0,3,0
201600018877,16,8,30,1630,1,1,1,1,5,107,4986897,242729,800,3,2,2,0,1,1,0,102,1,0,1,0,1
201600018878,16,10,13,2130,5,2,1,1,6,212,4991030,250751,800,9,2,2,0,1,1,0,45,2,0,4,99,0
201600018879,16,11,25,635,5,2,4,1,3,212,4991685,251659,800,3,2,2,0,2,0,7,51,1,5,1,0,0
201600018880,16,11,30,1300,1,1,1,1,7,36,4988744,246330,800,3,2,2,0,3,2,0,0,1,0,1,99,0
201600018881,16,3,3,1645,1,2,1,1,2,13,4996552,193506,800,3,2,2,0,2,1,0,60,1,0,1,0,0
201600018882,16,3,30,1730,1,2,1,2,1,443,4984760,190650,800,3,2,2,0,1,1,0,60,2,0,1,0,0
201600018883,16,4,6,815,1,2,1,1,3,606,4995473,176944,800,3,2,2,0,1,1,0,70,1,0,1,99,0
201600018884,16,5,19,2045,1,1,1,1,6,606,4995770,175125,800,3,2,0,0,1,1,0,61,1,0,1,99,0
201600018885,16,6,1,1915,1,1,1,1,1,165,4987562,195476,800,3,2,2,0,1,2,70,0,1,0,1,99,0
201600018886,16,8,9,1545,1,1,1,1,1,62,4983137,177947,800,3,0,2,0,1,1,0,60,1,0,1,99,0
201600018887,16,9,19,1630,1,1,1,1,7,606,4995803,177574,800,3,2,2,0,1,3,0,70,1,0,3,99,0
201600018888,16,12,19,2020,3,2,1,1,6,456,4980188,179502,800,3,2,2,0,1,2,0,60,1,0,3,99,0
201600018889,16,12,20,1425,1,1,1,1,6,606,4994483,175034,800,3,2,2,0,1,1,0,60,1,0,0,99,0
201600018890,16,1,7,1945,3,1,2,1,3,670,4984499,214986,800,3,2,0,0,1,1,0,0,1,5,1,99,0
201600018891,16,3,17,815,1,2,1,1,2,211,4973854,215377,800,9,2,0,0,1,1,0,0,1,0,1,99,0
201600018892,16,5,5,2130,5,2,1,1,6,582,4981127,211218,800,3,0,2,0,1,2,0,0,1,0,1,0,0
201600018893,16,6,11,1915,1,2,1,1,7,656,4982272,208597,800,3,2,0,0,1,1,0,0,1,0,1,0,0
201600018894,16,9,2,1930,1,1,1,1,6,577,4979728,203627,800,3,2,2,0,0,1,0,72,1,0,1,0,1
201600018895,16,9,7,1045,1,2,1,1,6,630,4977467,198312,800,3,2,0,0,2,1,90,0,1,0,1,0,1
201600018896,16,9,13,1015,1,1,2,1,3,211,4973976,218086,800,3,2,2,0,1,1,0,0,1,5,1,99,1
201600018897,16,11,3,1430,1,2,1,1,6,98,4980352,187747,800,4,2,2,0,1,1,0,0,1,0,4,99,0
201600018898,16,12,7,615,3,1,1,1,1,791,4983645,224034,800,3,2,2,0,2,2,0,0,1,0,1,99,0
201600018899,16,2,29,15,3,1,1,1,6,639,4994056,230836,800,2,4,3,0,1,1,0,120,1,0,1,99,1
201600018900,16,2,29,1845,2,1,1,1,1,718,4994868,221240,800,3,2,2,0,1,1,0,75,1,0,1,0,0
201600018901,16,3,28,2045,3,1,1,1,1,187,4996396,217328,800,3,2,2,0,1,1,0,75,2,0,1,0,1
201600018902,16,3,27,1745,1,1,2,1,1,718,4995187,223840,800,3,2,2,0,1,1,0,0,1,0,1,0,0
201600018903,16,4,18,1630,1,1,1,1,3,82,4997981,213375,800,3,3,0,0,1,1,0,0,1,0,1,0,0
201600018904,16,5,12,145,3,1,6,2,6,650,4993316,241158,800,3,2,1,0,0,1,160,70,2,5,0,99,1
201600018905,16,5,12,945,1,1,2,1,3,738,4994751,208196,800,3,2,0,0,1,1,0,0,1,0,1,0,0
201600018907,16,7,22,1515,1,1,1,1,3,722,4996528,221295,800,3,2,2,0,1,1,0,70,1,0,3,0,0
201600018908,16,7,31,1100,1,1,1,1,6,316,5001579,222757,800,3,2,2,0,0,2,0,70,1,0,3,0,0
201600018909,16,8,3,1415,1,1,1,1,1,639,4995093,227629,800,3,2,2,0,1,1,0,80,1,0,1,99,0
201600018910,16,8,4,1945,1,1,1,1,1,229,4997453,207297,800,3,2,2,0,1,1,0,0,1,0,1,0,0
201600018911,16,8,11,1645,1,2,1,1,3,207,5000525,248014,800,3,2,2,0,4,1,0,90,1,5,1,0,0
201600018912,16,10,19,2015,3,1,1,1,6,639,4997975,231606,800,2,2,2,0,2,1,0,0,1,0,3,99,0
201600018913,16,10,27,1440,1,2,3,1,3,782,4996315,224566,800,4,2,2,0,1,0,7,10,1,0,0,0,0
201600018914,16,12,1,1830,3,1,1,1,6,639,4993109,230646,800,2,3,2,0,1,1,20,200,1,0,1,99,1
201600018915,16,12,8,1445,1,1,1,1,2,24,4993686,226197,800,3,2,2,0,1,1,0,0,1,0,1,99,0
201600018916,16,12,13,1830,5,2,1,1,6,798,4999637,231845,800,3,2,2,0,1,1,0,60,1,0,1,3,0
201600018917,16,12,21,1500,1,1,1,1,1,341,4994329,209737,800,3,2,2,0,2,3,0,70,1,0,1,99,0
201600018918,16,1,23,915,1,1,1,8,6,512,5006138,183910,800,3,2,0,0,1,1,0,60,2,0,3,0,0
201600018919,16,2,3,945,1,1,1,1,1,825,4995900,184869,800,3,2,2,0,0,3,56,0,1,0,1,0,1
201600018920,16,2,13,1245,1,1,1,2,7,716,5012681,197555,800,3,2,2,0,0,3,0,60,2,0,3,99,0
201600018921,16,5,17,1345,1,1,1,1,7,200,5004909,192898,800,3,2,2,0,0,2,0,56,1,0,1,99,0
201600018922,16,5,25,1215,1,1,1,1,3,588,5012905,189599,800,3,0,2,0,1,3,0,52,1,0,1,99,0
201600018923,16,6,5,2015,1,2,1,1,3,262,5006736,188073,800,3,2,2,0,0,1,0,65,1,0,1,99,0
201600018924,16,6,9,1630,1,2,2,1,3,546,5009739,172096,800,3,2,2,0,0,1,0,65,1,0,1,3,0
201600018925,16,6,10,1900,1,1,1,1,1,262,5006054,189563,800,3,2,2,0,1,1,0,65,1,0,3,99,0
201600018926,16,6,14,1845,1,1,1,2,7,546,5009878,173166,800,3,2,2,0,3,2,0,65,2,0,3,99,0
201600018927,16,7,3,30,3,2,1,1,1,830,5010043,197078,800,3,2,1,0,2,3,0,52,1,0,1,0,0
201600018928,16,7,16,615,2,1,1,1,3,574,5004272,205878,800,3,3,2,0,2,1,14,136,1,5,1,99,0
201600018929,16,7,17,200,3,2,1,1,6,171,5013181,188581,800,9,2,0,0,1,1,0,0,1,0,1,99,0
201600018930,16,8,9,1215,1,1,1,1,7,155,5011268,201755,800,3,2,1,0,1,1,0,0,1,0,1,0,0
201600018931,16,8,22,1845,1,1,1,1,3,779,5009339,187505,800,3,2,2,0,1,1,0,80,1,0,1,99,0
201600018932,16,8,30,1845,1,2,1,1,2,171,5012253,186793,800,3,2,2,0,1,1,0,65,1,0,1,0,0
201600018933,16,8,31,1615,1,2,1,1,7,716,5013566,195334,800,3,2,2,0,1,1,0,65,1,0,3,0,0
201600018934,16,8,31,1730,1,2,1,1,3,260,5015168,185188,800,3,2,2,0,1,1,0,60,1,0,1,0,0
201600018935,16,9,7,945,1,1,1,1,3,635,5005988,189704,800,3,2,2,0,0,1,0,56,1,0,1,0,0
201600018936,16,9,17,2015,3,1,1,1,1,163,5010600,176471,800,3,2,2,0,2,1,0,70,1,0,1,0,0
201600018937,16,9,20,1200,1,1,1,1,7,328,5002443,195799,800,3,2,0,0,0,1,0,0,1,0,3,99,0
201600018938,16,10,4,710,1,1,1,5,1,574,5005017,204376,800,3,2,3,0,3,1,0,100,1,0,1,99,1
201600018939,16,10,14,1300,1,1,1,1,2,385,5012355,180520,800,3,2,2,0,1,1,0,70,1,5,1,99,0
201600018940,16,10,14,1245,1,1,9,1,2,385,5012815,178493,800,3,1,1,0,1,0,5,61,1,0,0,0,0
201600018941,16,10,16,1700,1,2,2,2,3,260,5015527,185461,800,3,2,2,0,1,0,5,62,1,0,0,0,0
201600018942,16,10,18,2250,5,2,1,1,6,476,5004379,189710,800,3,2,2,0,1,0,68,0,1,0,4,99,0
201600018943,16,10,25,1630,1,1,4,1,2,716,5013651,195739,800,3,2,2,0,1,0,5,610,1,0,0,0,0
201600018944,16,11,1,1615,1,1,1,1,6,9,5007430,200566,800,3,2,2,0,1,1,0,80,1,0,3,99,0
201600018945,16,11,4,1940,3,1,2,2,3,380,5009027,206556,800,3,2,2,0,1,0,50,0,2,0,1,99,0
201600018946,16,11,7,1702,5,1,1,2,4,546,5009307,170970,800,3,2,2,0,2,1,0,0,2,0,1,99,0
201600018947,16,11,12,1730,3,1,1,2,2,19,4996050,191106,800,3,2,2,0,2,3,0,56,2,0,1,99,0
201600018948,16,11,19,1220,1,2,2,2,3,215,5014361,202834,800,3,2,2,0,1,0,0,65,1,0,1,0,0
201600018949,16,12,9,2055,3,1,1,1,6,716,5011931,195593,800,3,2,2,0,2,1,61,0,2,0,3,99,0
201600018950,16,12,29,400,3,1,1,9,6,836,5009703,178191,800,3,2,2,0,3,3,0,70,7,0,3,99,0
201600018951,16,2,3,1445,1,2,2,2,3,308,5005635,159882,800,3,2,2,0,1,1,0,60,2,0,1,99,0
201600018952,16,2,12,1630,1,2,1,8,6,368,5008436,154641,800,4,2,2,0,1,1,0,60,1,0,1,99,0
201600018953,16,2,13,915,1,2,1,2,6,360,5007126,157894,800,3,2,0,0,1,3,0,0,2,0,1,99,1
201600018954,16,3,18,900,1,2,3,1,6,827,5006664,153836,800,3,0,0,0,0,0,0,0,0,0,0,0,1
201600018955,16,3,18,1530,1,2,1,1,2,368,5008596,155480,800,4,2,2,0,1,2,0,60,1,0,1,0,0
201600018956,16,4,1,1815,1,1,2,1,3,760,4998750,159991,800,4,0,1,0,1,1,0,40,1,0,1,99,0
201600018957,16,4,25,1530,1,2,1,3,7,368,5009133,155669,800,4,2,2,0,1,1,0,0,2,0,1,99,0
201600018958,16,5,4,1800,1,1,1,1,1,360,5007451,157915,800,3,2,2,3,1,1,0,100,1,0,1,99,0
201600018959,16,6,21,2115,1,2,1,1,2,364,5009031,147269,800,3,2,2,0,1,1,0,67,1,0,1,99,0
201600018960,16,7,9,1630,1,1,1,1,4,834,5006653,152186,800,3,2,0,0,1,1,0,58,1,0,1,99,0
201600018961,16,7,12,1915,1,2,1,1,3,373,4997735,156766,800,3,2,0,0,1,1,0,70,1,0,1,0,0
201600018962,16,8,11,1145,1,2,1,8,3,63,5002097,151413,800,4,2,2,0,2,1,0,0,1,0,1,0,0
201600018963,16,8,15,930,1,2,1,1,3,368,5009158,155303,800,3,2,2,0,0,1,0,60,1,0,1,99,0
201600018964,16,8,18,1915,1,2,1,1,7,368,5008170,153957,800,3,2,2,0,1,1,0,54,1,0,1,99,0
201600018965,16,8,24,1800,1,1,1,7,3,190,5004976,164249,800,3,1,0,0,1,1,0,0,1,0,1,99,0
201600018966,16,8,27,1130,1,1,1,1,3,63,5000776,152518,800,3,2,2,0,1,1,0,65,1,0,1,99,1
201600018967,16,9,22,1815,1,2,1,1,6,235,5004276,153081,800,4,2,2,0,0,0,0,35,1,0,4,0,0
201600018968,16,9,28,2030,3,1,1,1,7,765,5003200,167336,800,3,2,2,0,1,1,0,58,1,0,3,0,0
201600018969,16,10,17,1650,1,2,3,1,3,368,5009088,154910,800,3,1,1,0,2,0,3,810,1,0,0,0,0
201600018970,16,10,20,2000,5,2,1,2,6,235,5003958,152473,800,4,2,2,0,2,3,0,60,2,0,1,99,0
201600018971,16,10,22,1130,1,1,1,1,2,765,5002346,169924,800,3,2,2,0,1,2,0,70,1,0,1,99,1
201600018972,16,11,2,1445,1,1,6,1,3,368,5007299,154178,800,3,2,2,0,1,0,0,15,1,5,1,0,0
201600018973,16,11,5,1545,1,2,3,1,7,368,5009452,155982,800,4,2,2,0,1,0,0,54,1,0,1,99,0
201600018974,16,11,27,345,3,1,1,1,6,765,5003017,168586,800,3,2,2,3,1,1,0,70,1,0,3,99,0
201600018975,16,12,11,1715,2,2,1,1,6,63,5000956,152187,800,3,2,2,0,1,1,65,0,1,0,3,99,0
201600018976,16,12,15,730,2,1,3,1,2,126,4993494,163996,800,3,2,2,0,2,0,5,820,1,0,0,0,0
201600018977,16,1,14,1445,1,2,1,4,2,228,5023886,163069,800,4,2,2,0,1,1,0,45,2,0,1,0,0
201600018978,16,2,4,845,3,1,1,1,3,327,5023056,193603,800,3,2,2,0,0,1,0,70,1,0,1,99,0
201600018979,16,3,12,1530,1,1,1,7,4,688,5026346,168612,800,3,2,0,0,1,1,0,77,1,0,1,0,0
201600018980,16,4,3,1545,1,1,1,1,2,633,5020017,168759,800,3,2,2,0,0,3,0,72,1,0,1,0,0
201600018981,16,4,11,2300,5,2,1,3,6,228,5024643,161943,800,3,2,2,0,1,1,0,60,3,0,1,99,1
201600018982,16,4,23,1845,1,1,3,1,1,590,5016683,186323,800,3,2,2,0,2,1,0,70,1,0,1,99,0
201600018983,16,5,6,1645,1,2,1,1,1,333,5033983,156506,800,4,2,2,0,1,1,0,68,1,0,1,0,0
201600018984,16,5,29,1930,1,1,1,1,1,600,5018489,171940,800,4,2,1,0,1,1,0,45,1,0,1,0,0
201600018985,16,7,4,1745,1,1,1,1,3,688,5026912,165482,800,3,3,2,0,1,0,0,75,1,5,1,0,0
201600018986,16,10,30,905,2,1,1,5,6,30,5027851,173288,800,3,2,2,0,1,1,0,74,1,0,3,99,1
201600018987,16,11,27,1245,1,1,1,1,1,222,5024436,186649,800,3,2,2,0,2,3,0,64,1,0,1,99,0
201600018988,16,11,30,2010,3,1,1,1,2,109,5026491,197915,800,3,2,2,0,1,1,0,73,1,0,1,99,0
201600018990,16,4,18,930,1,2,2,1,3,777,5009858,247732,800,3,0,0,0,0,0,0,0,0,0,0,0,0
201600018991,16,5,13,1520,1,2,1,1,3,3,5006963,253939,800,3,2,0,0,1,1,0,60,1,0,1,99,0
201600018992,16,8,22,1545,1,1,2,1,3,425,5004259,257047,800,3,2,0,0,1,1,0,0,1,5,1,0,0
201600018993,16,11,13,1345,1,2,2,2,3,253,5015450,234718,800,2,2,2,0,1,0,5,25,1,0,0,0,0
201600018994,16,2,19,2145,3,1,1,1,7,241,5009917,212749,800,3,2,0,0,1,1,0,72,1,0,1,0,0
201600018995,16,7,13,1300,1,2,1,1,6,795,5004089,211521,800,3,0,2,0,0,0,0,0,0,0,0,0,0
201600018996,16,7,31,1900,1,2,1,1,6,166,5005205,221363,800,3,2,0,0,1,4,0,60,1,0,1,99,0
201600018997,16,8,8,1545,1,1,1,1,1,408,5003591,220619,800,3,2,0,0,1,1,0,0,1,0,1,99,0
201600018998,16,9,15,1900,1,1,1,2,6,408,5004742,222105,800,3,2,2,0,0,1,0,0,2,0,3,0,0
201600018999,16,10,4,2045,5,2,2,1,3,86,5013096,216171,800,3,2,2,0,1,0,7,210,1,0,0,0,0
201600019000,16,11,21,1330,1,2,1,2,6,205,5000988,202174,800,4,2,2,0,1,1,0,64,2,0,1,3,0
201600019001,16,12,7,1450,1,1,1,1,2,318,5000948,210864,800,3,2,2,0,1,4,0,60,2,0,1,99,0
201600019002,16,12,13,1855,2,1,1,2,6,793,5000186,219645,800,3,2,2,0,2,3,0,63,2,0,3,99,0
201600019003,16,12,15,1855,3,1,1,1,1,123,4999678,210505,800,3,2,2,0,1,1,0,74,2,0,1,99,1
201600019004,16,1,29,715,5,2,1,9,1,185,4969587,286313,800,3,2,0,0,1,1,0,62,1,0,1,99,0
201600019005,16,2,2,245,5,2,1,2,6,478,4967920,265121,800,4,2,2,0,1,1,45,0,1,0,1,99,0
201600019006,16,3,6,1900,3,1,2,1,3,759,4964719,275189,800,3,2,2,0,0,1,0,70,1,5,1,0,0
201600019007,16,5,11,1415,1,1,2,1,3,293,4966865,260190,800,3,3,2,0,1,1,0,73,1,5,1,99,0
201600019008,16,7,5,1700,1,2,1,1,6,678,4960146,265706,800,3,2,2,0,1,4,0,50,1,0,1,99,0
201600019009,16,7,12,1845,1,2,1,1,6,561,4964961,256898,800,3,2,2,0,1,1,0,0,1,0,1,3,0
201600019010,16,7,30,1815,1,2,1,1,1,561,4964393,257481,800,3,2,2,0,1,3,71,0,1,0,1,99,0
201600019011,16,8,16,2015,2,1,1,1,2,685,4968429,279427,800,3,2,2,0,1,1,0,75,1,0,1,99,0
201600019012,16,9,22,1930,1,1,1,1,6,623,4962550,263240,800,3,2,2,0,1,1,55,0,1,5,1,99,1
201600019013,16,9,29,815,1,1,1,1,7,176,4971179,283392,800,3,2,2,0,1,1,0,0,1,0,3,99,1
201600019014,16,10,14,2145,3,2,1,2,6,685,4968783,278571,800,4,2,2,0,1,1,0,0,2,0,3,99,0
201600019015,16,10,30,1115,1,1,2,1,3,232,4973271,275503,800,3,2,2,0,1,0,0,10,1,0,0,0,0
201600019016,16,12,2,1825,3,2,1,5,7,561,4964407,257470,800,3,2,2,0,2,3,0,0,1,0,3,99,0
201600019017,16,12,11,1850,3,1,2,1,2,685,4968406,278948,800,3,2,2,0,1,0,0,15,1,5,0,99,0
201600019018,16,12,15,2020,3,1,1,9,6,224,4972458,291515,800,3,2,2,0,1,3,0,0,1,0,1,99,0
201600019019,16,12,16,10,3,2,9,9,2,685,4970982,279700,800,3,2,2,0,1,0,0,90,1,0,0,0,0
201600019020,16,12,17,1855,5,2,2,1,6,561,4964660,256758,800,3,2,2,0,2,0,0,15,1,0,0,0,0
201600019021,16,1,13,1745,3,2,1,1,6,570,4977190,248309,800,6,0,0,0,1,0,0,70,1,0,1,0,0
201600019022,16,2,29,700,2,1,2,1,3,652,4976950,261956,800,3,2,2,0,1,1,0,65,1,5,1,99,0
201600019023,16,3,13,1130,1,2,1,1,6,415,4975621,260143,800,3,2,1,0,1,3,0,0,1,0,1,0,0
201600019024,16,6,22,1900,1,2,1,8,6,349,4971548,223090,800,4,2,1,0,1,3,0,0,1,0,3,0,0
201600019025,16,6,26,1300,1,1,2,1,3,752,4981657,244453,800,3,2,1,0,1,1,0,0,1,0,1,0,0
201600019026,16,6,30,1745,1,1,1,1,7,545,4979124,254808,800,4,0,0,0,0,3,0,0,1,0,3,99,0
201600019027,16,8,15,1645,1,2,1,1,3,10,4975562,236592,800,3,2,0,0,2,1,0,0,1,0,1,99,0
201600019028,16,8,26,1500,1,1,1,1,3,452,4975572,233022,800,3,2,1,0,0,1,60,0,1,0,1,99,0
201600019029,16,8,28,300,3,1,1,1,6,668,4978026,238304,800,3,2,2,0,2,3,0,0,1,0,3,99,0
201600019030,16,9,7,1745,1,1,1,1,6,570,4977113,251140,800,3,2,2,0,0,2,0,0,1,0,1,0,0
201600019031,16,9,24,145,3,1,1,1,6,570,4979241,244332,800,4,2,2,0,0,2,0,50,1,0,3,99,0
201600019032,16,9,24,1630,1,1,1,1,1,94,4981379,245294,800,3,2,2,0,2,1,0,54,1,0,1,99,0
201600019033,16,9,29,2330,3,1,1,2,6,94,4982100,246885,800,3,0,2,0,2,2,0,70,2,0,3,99,0
201600019034,16,10,12,1545,1,1,1,1,1,570,4979304,247163,800,3,2,2,0,2,1,8,78,1,0,1,99,1
201600019035,16,11,25,1750,5,2,1,1,5,10,4975799,235785,800,3,2,2,0,1,1,0,70,1,0,1,99,0
201600019036,16,12,7,1330,1,2,2,1,3,570,4977197,248843,800,3,2,1,0,1,0,0,104,9,5,1,99,1
201600019037,16,12,9,1800,3,1,3,8,3,94,4981553,246047,800,3,2,2,0,2,0,0,20,1,0,0,0,0
201600019038,16,12,15,728,3,1,1,1,6,242,4981208,250564,800,3,1,2,0,2,1,0,90,2,0,3,99,0
201600019039,16,1,8,630,3,1,1,1,6,801,4986179,288523,800,3,2,2,0,1,1,0,66,1,0,3,0,0
201600019040,16,3,11,1300,1,1,2,1,3,314,5006185,282540,800,3,2,2,0,1,1,0,65,1,0,1,0,1
201600019041,16,5,5,930,1,1,3,1,3,240,4991566,296659,800,3,2,2,0,1,3,1,83,1,0,1,99,0
201600019042,16,8,9,2115,2,2,1,1,1,199,4995803,288985,800,3,2,2,0,1,1,0,65,1,0,1,0,0
201600019043,16,9,17,2015,5,2,1,1,1,620,4993389,293291,800,4,2,2,0,2,1,0,0,1,0,1,99,0
201600019044,16,10,14,1615,1,1,1,1,2,294,4988524,290772,800,3,2,3,0,1,1,0,0,1,0,1,99,1
201600019045,16,12,1,1315,1,1,1,1,7,620,4993529,295175,800,3,2,2,0,1,0,6,810,1,0,0,0,0
201600019046,16,12,2,700,3,1,1,8,6,141,4987636,292154,800,3,2,2,0,1,1,0,69,7,2,1,99,0
201600019047,16,12,9,1650,2,1,1,1,1,115,4996718,292222,800,3,2,2,0,2,1,0,60,1,0,1,99,0
201600019048,16,12,16,1630,2,1,9,1,1,601,4999283,300871,800,3,2,2,0,1,0,6,710,3,0,0,0,0
201600019049,16,12,19,1700,5,2,1,1,6,620,4992910,293424,800,3,2,2,0,1,1,0,65,2,0,1,99,0
201600019050,16,12,22,1626,1,2,1,2,1,141,4987641,292821,800,3,2,2,0,1,2,0,65,2,0,1,99,0
201600019051,16,12,23,2040,3,2,1,1,6,557,4987819,304710,800,3,2,2,0,1,1,36,86,2,0,3,99,0
201600019052,16,1,6,1530,1,1,1,1,6,680,4981670,270680,800,3,2,0,0,1,1,53,0,1,0,0,99,1
201600019053,16,2,10,745,2,1,1,2,6,184,4988820,259945,800,3,2,2,0,1,3,0,63,2,0,3,99,0
201600019054,16,2,29,1645,1,1,2,1,3,116,4974474,267092,800,3,2,1,0,0,2,0,0,1,0,1,99,0
201600019055,16,4,9,230,3,1,1,1,6,532,4990604,269029,800,3,2,0,0,0,2,0,58,1,0,1,99,0
201600019056,16,5,6,1715,1,1,3,1,3,530,4995330,257332,800,3,2,2,0,4,1,0,55,1,0,1,0,0
201600019057,16,5,13,1515,1,1,1,1,7,184,4989906,261080,800,3,2,2,0,1,3,0,0,1,0,1,99,0
201600019058,16,5,17,1645,1,1,1,1,7,789,4983443,279034,800,3,2,0,0,1,2,0,58,1,0,3,99,0
201600019059,16,5,21,1445,1,1,1,1,3,644,4988346,270703,800,3,2,2,0,1,1,0,0,1,0,1,99,0
201600019060,16,6,12,1500,1,1,1,2,3,162,4980823,264623,800,3,2,2,0,0,1,0,70,2,0,1,99,1
201600019061,16,8,22,1815,1,1,1,1,2,530,4993791,252857,800,3,2,2,0,1,1,0,70,1,0,1,99,0
201600019062,16,8,23,1900,1,1,2,1,3,116,4974473,267095,800,3,2,2,0,1,1,0,66,1,5,1,99,0
201600019063,16,9,24,1745,1,1,9,1,7,617,4973646,269762,800,3,3,2,0,1,1,0,0,1,5,3,0,0
201600019064,16,10,19,1500,1,1,1,1,3,136,4996302,271802,800,3,2,2,0,1,1,0,60,1,0,1,99,1
201600019065,16,11,18,2100,3,1,2,1,3,647,4978817,283154,800,3,2,2,0,1,0,0,70,1,5,1,99,0
201600019066,16,11,19,1635,2,2,1,1,3,162,4981542,264007,800,4,2,2,0,2,1,0,38,1,0,1,99,0
201600019067,16,11,23,1230,1,2,1,1,1,342,4986187,271449,800,3,2,2,0,1,1,0,70,1,0,1,99,0
201600019068,16,12,5,735,2,1,2,9,3,781,4983669,270950,800,3,2,2,0,1,0,0,70,1,0,0,0,0
201600019069,16,12,7,1650,2,2,3,1,3,417,4984732,267267,800,3,2,2,0,1,0,0,10,1,0,0,0,0
201600019070,16,12,11,45,3,1,3,2,3,58,4987216,261957,800,3,2,2,0,1,0,7,42,1,0,0,0,0
201600019071,16,12,14,900,1,1,2,1,3,288,4986919,281685,800,3,0,0,0,0,0,0,0,0,0,0,0,0
201600019072,16,12,18,1830,5,2,1,5,7,524,4980700,272578,800,3,2,2,0,1,1,0,65,1,0,3,99,0
201600019073,16,12,25,1715,2,2,1,2,6,530,4995028,256491,800,4,2,2,0,1,1,0,50,2,0,3,99,0
201600019074,16,12,28,916,1,1,2,7,3,781,4983696,270891,800,3,2,2,0,1,0,6,25,1,0,0,0,0
201600019075,16,12,30,945,1,1,1,5,7,743,4995624,276476,800,4,2,2,0,4,1,0,34,7,0,3,99,0