Num_Acc,an,mois,jour,hrmn,lum,agg,int,atm,col,com,lat,long,dep,catr,circ,nbv,vosp,prof,plan,lartpc,larrout,surf,infra,situ,env1,killed
201600019076,16,1,1,400,5,2,1,1,6,605,4976156,300881,800,3,2,2,0,0,1,0,60,1,0,3,0,0
201600019077,16,1,2,1730,3,1,1,3,7,284,4972630,304078,800,3,2,2,0,1,1,0,56,2,0,3,0,0
201600019078,16,4,1,630,2,1,1,1,1,465,4975981,294633,800,3,2,0,0,4,3,0,72,1,0,1,0,0
201600019079,16,4,6,1215,1,2,1,1,2,579,4973901,306854,800,3,2,0,0,1,1,0,100,1,0,1,0,0
201600019080,16,4,10,1930,1,2,1,1,2,410,4974511,307426,800,4,2,0,0,1,0,62,0,1,0,4,0,0
201600019081,16,5,6,1015,1,1,2,7,3,811,4975512,300595,800,3,0,0,0,0,3,0,55,1,0,1,0,0
201600019082,16,5,21,1415,1,1,4,1,1,442,4974634,296306,800,3,2,2,0,1,1,0,56,1,0,0,0,0
201600019083,16,8,15,1030,1,1,1,1,5,585,4976123,293947,800,3,2,2,0,0,2,0,72,1,0,1,99,0
201600019084,16,8,31,1915,1,2,1,1,6,410,4974290,308288,800,3,2,2,0,1,1,60,0,1,0,1,99,1
201600019085,16,10,30,1925,3,1,1,1,6,585,4976367,289477,800,3,2,2,0,2,1,0,0,1,0,3,99,0
201600019086,16,11,4,2015,5,2,1,3,6,410,4974334,306930,800,3,2,2,0,1,1,0,80,2,0,1,99,0
201600019087,16,11,18,1630,1,2,1,1,1,579,4973775,306842,800,3,2,2,0,1,1,0,0,1,0,1,99,0
201600019088,16,11,23,1115,1,2,2,1,3,519,4979223,301144,800,3,2,2,0,1,0,6,120,1,0,0,0,0
201600019089,16,6,10,1900,1,1,1,1,3,50,4934274,262183,600,4,1,1,0,1,1,0,20,1,0,3,99,0
201600019090,16,6,11,230,5,1,1,1,6,102,4930303,253025,600,4,2,2,0,1,2,0,60,1,0,0,99,0
201600019094,16,6,20,830,1,1,1,1,1,261,4295800,940200,202,3,2,2,0,1,1,0,53,1,0,1,0,0
201600019095,16,11,22,945,1,2,9,1,1,46,4287048,947648,202,3,2,2,0,1,2,0,0,1,0,1,0,0
201600019099,16,8,2,1400,1,1,1,1,1,125,4244470,934897,202,3,2,2,0,1,2,0,30,1,0,1,0,0
201600019100,16,12,30,2230,3,1,1,1,6,252,4243377,944856,202,3,2,0,0,2,0,0,0,1,0,3,99,0
201600019101,16,1,8,645,2,1,1,1,6,49,4245800,876500,202,3,2,2,0,2,3,0,0,1,0,3,99,0
201600019109,16,10,15,1700,1,1,1,8,1,150,4258881,883436,202,2,2,2,0,2,1,0,0,2,0,1,99,1
201600019112,16,1,20,1400,1,1,6,1,3,56,4366425,136059,310,3,1,2,1,1,1,0,60,1,0,1,0,0
201600019113,16,3,13,15,3,1,1,1,1,541,4370310,134522,310,3,2,2,0,1,1,73,0,1,0,1,0,0
201600019117,16,9,17,2000,2,1,3,1,3,32,4370700,134247,310,3,2,2,0,1,1,0,72,1,0,1,99,0
201600019119,16,10,6,730,2,1,2,1,3,150,4364655,133121,310,3,2,2,0,2,0,7,510,1,0,0,0,0
201600019120,16,10,23,1725,1,2,1,1,6,150,4365428,132406,310,3,3,2,0,1,1,0,0,1,0,0,99,0
201600019121,16,11,2,850,1,1,3,1,3,150,4364830,134518,310,3,2,2,0,1,1,6,110,1,0,1,99,0
201600019122,16,11,25,230,4,1,1,1,6,150,4366171,134615,310,4,2,2,0,2,1,0,60,1,0,3,99,0
201600019123,16,11,8,1735,3,2,1,1,3,32,4367923,131938,310,4,2,2,0,2,1,0,70,1,0,1,99,0
201600019125,16,4,29,1615,1,1,1,1,1,271,4197553,882580,201,2,2,2,0,1,1,0,76,1,0,1,0,0
201600019126,16,10,7,1255,1,2,1,1,1,1,4198038,880392,201,3,2,2,0,2,4,0,60,1,3,1,99,0
201600019127,16,10,21,1600,1,1,9,1,6,271,4195776,880164,201,2,2,2,0,1,0,7,10,1,0,0,0,0
201600019128,16,11,27,1010,1,1,1,1,3,271,4197923,883332,201,2,2,2,0,1,1,0,0,1,0,1,99,0
201600019129,16,12,21,1010,1,2,1,1,6,271,4196416,881441,201,2,2,2,0,1,1,0,0,1,5,1,3,0
201600019130,16,6,17,1330,1,2,1,1,7,326,4197571,897857,201,3,2,2,0,1,1,0,44,1,0,1,99,0
201600019133,16,10,5,1920,2,1,1,1,3,130,4187648,894464,201,2,2,2,0,2,2,0,72,1,0,1,99,0
201600019134,16,10,5,1920,5,2,1,1,3,130,4189310,880633,201,3,2,2,0,1,1,62,0,1,0,1,99,0
201600019135,16,11,5,1400,1,1,1,3,1,130,4188523,892815,201,2,2,2,0,2,3,0,80,2,0,1,99,0
201600019136,16,12,13,1830,3,1,1,1,1,85,4191175,887716,201,2,2,2,0,2,2,0,0,1,0,1,99,1
201600019137,16,11,27,1447,1,1,9,1,7,362,4171438,929788,201,4,0,2,0,2,0,5,90,1,0,0,0,0
201600019138,16,1,31,900,1,1,1,2,6,101,4639109,45183,790,3,2,2,0,2,3,0,420,2,0,1,0,0
201600019139,16,2,24,1635,1,2,1,2,6,351,4640312,53961,790,3,2,2,0,1,1,0,485,2,0,1,0,0
201600019140,16,3,30,2331,3,1,1,8,6,133,4643221,39098,790,3,2,3,0,1,2,0,15,1,0,1,0,1
201600019141,16,7,30,1630,1,1,1,1,6,86,4642032,33481,790,3,2,2,0,2,2,0,68,1,2,1,0,1
201600019142,16,7,29,1830,1,1,1,1,3,351,4639836,52070,790,3,2,2,0,1,2,0,60,1,0,1,0,0
201600019143,16,10,8,2115,3,1,1,1,3,133,4643316,39067,790,3,0,3,0,1,1,0,97,1,0,1,99,0
201600019144,16,11,9,715,3,1,1,2,1,119,4652994,51302,790,3,2,2,0,3,1,0,57,2,0,1,99,0
201600019145,16,1,20,1400,1,1,1,1,1,355,4631210,38056,790,3,4,3,0,1,1,0,104,1,0,1,0,1
201600019146,16,1,28,1800,3,1,2,1,3,130,4624254,52468,790,2,2,2,0,1,1,0,70,2,0,1,0,0
201600019147,16,4,6,1230,1,1,1,1,3,31,4620373,46953,790,3,2,2,0,2,3,0,60,1,0,1,0,0
201600019148,16,4,8,1300,1,1,1,1,1,355,4630447,36020,790,3,2,2,0,1,1,7,80,1,2,1,99,1
201600019149,16,5,12,1500,1,1,1,1,6,162,4631077,57725,790,3,2,2,0,1,3,0,60,1,0,3,0,1
201600019150,16,8,4,1630,1,2,3,1,6,170,4619556,67332,790,4,2,2,0,1,1,0,0,1,0,1,0,0
201600019151,16,8,8,1745,1,1,2,1,3,337,4629846,65540,790,3,2,2,0,1,1,0,60,1,0,1,0,0
201600019153,16,10,6,1900,2,1,1,1,5,170,4618836,67171,790,2,2,3,0,1,1,0,105,1,0,1,0,1
201600019154,16,10,31,730,2,1,1,1,6,130,4626000,53830,790,3,2,2,0,1,3,0,73,1,3,1,99,0
201600019156,16,1,14,1630,1,1,1,1,1,264,4621806,12766,790,3,2,2,0,2,1,0,68,1,0,1,0,0
201600019157,16,1,24,1830,3,2,1,1,6,327,4626192,24228,790,3,2,2,0,1,3,0,610,1,0,1,0,1
201600019158,16,3,6,1400,1,1,1,1,6,111,4610488,26393,790,3,2,2,0,1,1,0,73,1,0,3,0,0
201600019159,16,8,3,1815,1,1,4,1,1,310,4617369,34691,790,3,2,1,0,1,3,0,40,1,0,1,0,0
201600019160,16,8,25,1215,1,1,1,1,1,4,4633847,23399,790,3,2,2,0,1,1,0,0,1,0,1,99,0
201600019161,16,8,28,1815,1,1,1,1,6,111,4610128,26975,790,3,2,2,0,1,1,0,70,1,0,3,99,0
201600019162,16,9,19,1800,1,1,2,1,3,327,4630519,26425,790,3,2,2,0,1,1,0,50,1,0,1,99,0
201600019163,16,9,22,1800,1,1,1,1,1,129,4634126,28103,790,3,2,2,0,1,3,0,58,1,0,1,0,0
201600019164,16,9,27,1800,1,1,2,1,3,90,4609987,34154,790,3,2,2,0,1,1,0,55,1,0,1,0,0
201600019165,16,10,16,915,1,2,1,1,7,129,4632443,30687,790,9,0,0,0,0,3,0,23,9,0,0,99,0
201600019166,16,12,2,15,3,1,1,1,4,61,4625250,21240,790,3,2,3,0,1,2,0,122,1,0,1,0,0
201600019167,16,12,6,845,1,1,1,7,1,204,4620258,26457,790,3,2,2,0,1,3,0,60,1,0,1,99,1
201600019168,16,2,4,1400,1,1,2,2,3,98,4631371,15033,790,3,3,0,0,1,1,0,0,2,0,1,99,0
201600019169,16,3,15,440,3,1,1,1,1,201,4642412,4049,790,3,2,0,0,1,1,0,0,1,0,1,0,0
201600019170,16,5,5,2345,3,1,1,1,6,270,4640759,20419,790,4,0,0,0,1,1,0,0,1,0,1,0,0
201600019171,16,5,17,1450,1,2,1,7,6,270,4641432,20254,790,3,2,2,0,1,1,0,70,1,6,1,0,0
201600019172,16,6,8,1930,1,1,1,1,3,48,4634941,30304,790,4,2,2,0,1,1,0,0,1,0,1,0,1
201600019173,16,6,10,200,5,2,1,1,7,189,4641947,18404,790,3,2,2,0,3,3,0,70,1,0,1,0,0
201600019174,16,6,12,1600,1,2,2,1,3,270,4641321,20240,790,4,2,1,0,1,1,0,25,1,0,1,0,0
201600019175,16,6,24,2015,1,2,1,1,6,24,4640579,24110,790,4,2,2,0,1,2,0,0,1,0,3,99,1
201600019176,16,2,4,645,3,1,2,1,3,242,4697894,51527,790,3,2,2,0,1,1,0,5,1,0,0,0,1
201600019177,16,3,5,2130,5,2,1,1,2,62,4681981,67602,790,4,2,2,0,2,1,0,0,1,0,1,0,0
201600019178,16,4,7,1745,1,2,1,1,6,62,4682218,66803,790,4,2,2,0,1,0,0,13,1,0,1,0,0
201600019179,16,4,14,1515,1,1,1,2,6,195,4693794,55101,790,3,2,2,0,2,4,0,0,1,0,3,0,0
201600019180,16,6,11,1045,1,1,2,8,3,62,4683811,65850,790,3,2,2,0,3,1,0,7,1,0,1,0,0
201600019181,16,7,24,600,2,1,1,1,7,79,4695612,75613,790,3,2,2,0,1,2,0,60,1,0,3,0,0
201600019182,16,8,5,1555,1,2,7,1,3,79,4692207,74898,790,4,2,2,0,1,3,0,730,1,0,1,0,0
201600019183,16,10,10,1500,1,1,1,1,2,79,4694251,75537,790,2,2,4,0,1,1,0,150,1,0,1,0,1
201600019184,16,10,22,1945,5,2,1,1,1,195,4695797,59616,790,3,2,2,0,2,3,0,0,1,0,1,0,0
201600019185,16,2,1,530,3,1,2,1,3,161,4694298,20354,790,3,2,2,0,1,1,0,0,0,0,1,0,0
201600019186,16,2,6,1530,1,1,1,1,6,63,4707991,35912,790,3,2,2,0,1,1,0,0,1,0,3,99,0
201600019187,16,2,8,2200,3,1,1,2,7,277,4708552,19710,790,3,2,2,0,1,1,0,51,2,0,1,0,0
201600019188,16,3,26,1930,3,1,1,2,6,196,4693961,7594,790,4,2,0,0,1,1,0,40,2,0,3,99,0
201600019189,16,3,26,1600,1,1,1,1,1,299,4688300,24100,790,3,2,0,0,1,1,0,0,1,0,1,99,0
201600019190,16,4,12,745,1,1,1,1,5,292,4700973,25818,790,3,2,0,0,0,1,0,55,1,0,1,0,0
201600019191,16,4,18,2015,2,1,2,1,3,53,4701493,44101,790,3,0,2,0,0,1,0,42,0,0,1,0,1
201600019193,16,5,15,1630,1,1,1,1,1,157,4702813,19513,790,3,2,2,0,1,1,0,75,1,0,1,99,1
201600019194,16,6,24,2015,1,2,3,1,3,157,4700969,19996,790,4,2,2,0,1,1,0,0,1,0,1,0,0
201600019195,16,7,7,1830,1,2,1,1,3,299,4689284,23753,790,3,2,2,0,2,1,0,0,1,0,1,99,0
201600019196,16,7,26,1100,1,1,2,1,3,196,4690619,9104,790,3,2,2,0,1,1,0,0,1,0,1,0,0
201600019197,16,9,23,2000,3,1,1,1,3,161,4694292,20357,790,3,2,3,0,1,1,0,106,1,5,1,99,1
201600019198,16,10,8,400,3,1,1,1,6,14,4704706,24003,790,3,2,2,0,2,2,0,55,0,0,3,0,0
201600019199,16,10,23,1800,1,1,1,2,7,13,4697849,45794,790,3,2,2,0,0,2,0,0,2,0,1,99,0
201600019200,16,10,30,1130,1,1,1,1,6,277,4708817,17249,790,3,2,2,0,1,1,0,70,1,0,1,99,0
201600019201,16,2,9,1700,1,2,1,8,6,202,4664792,25391,790,3,2,1,0,1,1,0,4,2,2,4,0,0
201600019202,16,3,14,2130,3,1,1,1,7,354,4655382,27028,790,3,2,2,0,1,1,0,560,1,0,3,0,1
201600019203,16,4,22,2230,3,1,1,1,1,339,4658863,5872,790,3,2,2,0,1,1,0,0,1,0,1,0,0
201600019204,16,4,23,1730,1,1,1,1,6,80,4665627,24929,790,3,2,0,0,1,3,0,0,1,0,1,0,0
201600019205,16,4,29,2135,4,2,2,2,3,80,4665933,25424,790,3,2,0,0,1,1,0,0,1,0,1,0,0
201600019206,16,5,7,1650,1,1,2,1,3,285,4659070,29127,790,3,2,0,0,1,1,0,0,1,0,1,0,0
201600019207,16,7,4,1830,1,1,1,1,6,29,4655538,18975,790,3,2,2,0,4,3,0,74,1,0,3,0,1
201600019208,16,7,4,1435,1,2,1,1,1,145,4673118,23687,790,3,2,2,0,1,1,0,0,1,0,1,0,0
201600019209,16,7,20,2230,5,2,6,1,6,202,4664430,24894,790,4,2,0,0,1,1,0,0,1,5,4,0,0
201600019210,16,8,27,1945,1,2,3,1,3,202,4664235,24260,790,4,2,2,0,1,1,0,0,1,0,1,0,0
201600019212,16,9,3,2215,3,1,1,1,1,322,4663783,28269,790,3,2,2,0,1,2,0,60,1,0,1,99,1
201600019213,16,9,29,2345,5,2,1,1,6,213,4660829,23375,790,3,2,2,0,1,1,0,0,1,0,1,0,0
201600019214,16,10,21,1800,1,1,1,1,6,339,4660263,5003,790,3,2,2,0,2,3,0,63,1,0,3,0,0
201600019215,16,10,30,1930,3,1,1,1,6,80,4667061,24587,790,3,2,2,0,1,1,0,75,1,0,1,0,0
201600019216,16,11,13,700,3,1,1,2,6,347,4669634,24185,790,3,2,2,0,1,1,0,72,2,0,3,0,0
201600019217,16,11,15,630,3,1,1,1,6,322,4662234,30976,790,3,2,2,0,2,3,0,60,1,0,1,99,1
201600019218,16,1,15,1130,1,1,1,1,1,5,4681369,16705,790,3,2,2,0,2,3,0,5,1,0,1,0,0
201600019219,16,3,11,1805,1,1,2,1,3,5,4684811,20880,790,3,2,2,0,1,1,0,0,1,5,1,0,0
201600019220,16,4,18,2200,3,1,1,1,5,135,4673183,21130,790,3,2,2,0,1,1,0,62,1,0,1,0,1
201600019221,16,4,18,1900,1,1,1,1,1,47,4681733,26277,790,4,2,2,0,1,2,0,62,1,0,1,0,0
201600019222,16,5,2,1945,1,1,2,1,1,5,4684822,20884,790,3,2,2,0,1,1,0,0,1,0,1,0,0
201600019223,16,8,3,1930,1,1,1,1,7,16,4681539,8518,790,3,2,2,0,1,1,0,65,1,0,1,0,0
201600019224,16,8,15,1145,1,2,1,1,1,268,4678653,16443,790,3,2,2,0,2,3,0,0,1,0,1,0,0
201600019225,16,8,18,1845,1,1,1,1,1,120,4665380,9583,790,2,2,2,0,1,1,0,0,1,0,1,0,0
201600019226,16,2,19,1930,3,1,1,1,1,311,4659580,41739,790,3,2,2,0,3,1,0,640,1,0,1,0,1
201600019227,16,6,22,1215,1,1,2,1,6,76,4673733,48268,790,3,2,2,0,1,3,0,0,1,0,3,0,0
201600019228,16,6,28,1645,1,1,1,1,7,179,4674245,56368,790,3,2,0,0,1,1,0,0,1,0,3,0,0
201600019229,16,7,10,2045,1,1,1,1,6,25,4662548,32240,790,3,2,2,0,1,2,0,705,1,0,3,0,0
201600019230,16,7,19,2015,1,1,1,1,6,190,4669062,46447,790,3,3,2,0,2,2,0,61,1,0,1,0,0
201600019231,16,9,6,715,2,1,1,1,6,51,4670389,55982,790,3,2,2,0,1,3,0,75,1,0,1,99,0
201600019232,16,11,12,1600,1,1,1,2,6,311,4662234,30976,790,3,2,1,0,2,2,0,0,2,0,1,99,0
201600019233,16,12,2,2145,3,1,1,8,6,286,4664702,63986,790,3,2,2,0,2,2,0,65,7,0,3,99,0
201600019235,16,12,13,1045,1,1,3,5,3,179,4674177,56466,790,3,2,2,0,1,1,0,60,1,0,1,0,0
201600019237,16,12,16,1445,1,2,2,7,6,76,4674789,47605,790,3,2,2,0,1,1,0,630,1,6,1,99,1
201600019238,16,12,26,1530,1,2,1,8,7,311,4660935,42463,790,3,2,2,0,1,2,0,6,2,0,1,0,0
201600019239,16,5,14,1400,1,2,2,1,3,152,4957913,122984,760,3,2,2,0,1,1,0,65,1,0,1,99,0
201600019240,16,12,1,1715,3,1,1,1,6,517,4952271,116258,760,3,2,2,0,1,3,0,70,1,0,1,99,0
201600019241,16,10,14,705,3,1,1,1,1,560,4941752,121419,760,3,2,2,0,2,1,0,0,2,0,1,99,0
201600019242,16,12,1,835,2,1,2,1,3,591,4945175,121028,760,2,2,2,0,1,0,0,10,1,5,1,0,0
201600019243,16,12,9,1400,1,1,1,1,6,560,4941124,120745,760,3,2,2,0,2,2,0,0,1,0,3,99,0
201600019244,16,5,13,415,3,1,1,1,7,133,4986762,89634,760,3,2,2,0,1,1,0,70,1,0,1,99,1
201600019245,16,8,7,1445,1,2,1,1,7,697,4980776,117388,760,3,2,2,0,0,1,0,0,1,0,1,99,0
201600019246,16,10,5,1140,1,1,4,1,3,582,4985188,116333,760,3,2,2,0,1,1,0,55,1,5,1,99,0
201600019247,16,10,9,1930,3,1,1,1,4,570,4978055,110350,760,3,2,2,0,2,1,0,65,1,0,1,99,0
201600019248,16,11,29,2125,3,1,1,1,7,482,4986049,102486,760,3,2,2,0,1,2,0,0,1,0,1,99,0
201600019249,16,8,13,1715,1,1,1,1,7,532,4960761,126832,760,3,2,2,0,3,1,0,50,1,2,1,99,0
201600019250,16,10,21,2110,3,1,1,2,6,648,4965865,124311,760,3,2,2,0,2,1,0,0,2,0,3,99,1
201600019251,16,10,30,1220,1,1,3,1,6,96,4971910,106217,760,3,1,1,0,2,0,0,13,1,3,1,0,0
201600019252,16,11,15,2110,3,1,1,2,3,654,4967940,100356,760,3,2,2,0,1,1,0,0,2,0,1,99,0
201600019253,16,12,6,1315,1,1,4,1,1,700,4967893,103011,760,3,1,1,0,1,2,0,0,1,3,0,0,0
201600019254,16,12,16,1400,1,1,4,1,3,191,4972307,115026,760,3,2,2,0,1,2,0,15,1,0,1,0,0
201600019255,16,2,20,645,2,1,1,3,1,115,4959018,55439,760,3,2,0,0,0,1,0,105,2,0,1,99,0
201600019256,16,3,23,800,1,1,1,1,1,258,4966076,59295,760,3,2,2,0,1,1,0,0,1,0,1,0,0
201600019257,16,12,22,1300,1,1,1,1,3,592,4949458,47357,760,3,2,2,0,1,1,0,75,1,0,1,99,0
201600019258,16,1,5,1845,3,1,1,8,6,101,4991849,162113,760,3,2,2,0,1,1,60,0,1,0,1,99,1
201600019259,16,9,16,745,1,1,1,2,1,48,4947367,166280,760,2,2,2,0,4,2,0,0,2,0,3,0,1
201600019260,16,10,6,1600,1,2,1,1,6,312,4948375,172786,760,4,1,1,0,1,2,0,50,1,0,1,99,0
201600019261,16,10,22,1445,1,1,2,7,3,450,4944822,166734,760,3,2,2,0,1,1,6,210,1,0,0,99,0
201600019262,16,10,30,1540,1,2,1,1,3,260,4947852,174036,760,2,3,2,0,1,1,0,0,1,0,1,99,0
201600019263,16,12,14,1730,2,1,1,1,1,614,4944760,97111,760,3,2,2,0,1,0,0,0,1,0,1,99,0
201600019264,16,6,5,245,3,1,1,2,6,419,4939142,90482,760,3,2,2,0,1,2,0,0,2,0,3,99,0
201600019265,16,9,7,750,1,1,1,1,1,401,4944254,78871,760,3,2,2,0,0,1,0,72,1,0,1,99,0
201600019266,16,10,5,1350,1,2,1,1,3,222,4947029,85884,760,3,2,2,0,2,1,0,50,1,0,1,99,0
201600019267,16,10,10,715,3,2,1,5,6,742,4950274,66922,760,3,2,2,1,1,4,1,75,1,0,1,99,0
201600019268,16,10,13,1900,2,2,1,2,6,709,4947474,81375,760,3,3,2,0,2,0,25,62,2,0,1,99,0
201600019269,16,10,11,715,2,2,1,5,6,164,4952455,72382,760,3,2,2,0,1,1,0,0,1,0,1,99,0
201600019270,16,10,19,1700,1,2,1,8,1,709,4948118,80226,760,4,2,2,0,1,3,0,91,2,0,1,99,0
201600019271,16,10,28,1900,3,1,2,1,6,88,4946156,90348,760,3,2,2,0,1,1,7,10,3,0,3,0,0
201600019272,16,11,4,1655,2,1,1,3,5,659,4954217,75363,760,3,2,2,0,1,1,0,91,2,0,1,99,0
201600019273,16,11,23,1915,3,2,1,1,6,222,4948323,88158,760,3,2,2,0,1,1,0,69,2,0,1,99,0
201600019274,16,12,1,1905,3,1,1,8,6,419,4939343,87628,760,3,2,2,0,2,3,0,0,7,0,3,99,0
201600019275,16,12,10,1140,1,1,1,1,6,418,4954859,72199,760,3,2,2,0,1,1,0,56,1,0,3,99,0
201600019276,16,12,11,1635,2,1,3,1,1,750,4945923,83065,760,3,2,2,0,1,1,0,66,2,5,1,99,0
201600019277,16,12,25,1200,1,1,2,1,3,22,4952953,63312,760,3,2,2,0,1,1,5,10,1,0,1,0,1
201600019278,16,5,3,1230,1,1,2,1,2,129,4972130,88536,760,3,2,2,0,1,1,0,70,1,0,1,99,0
201600019279,16,7,28,1945,1,1,1,2,6,251,4973620,80989,760,3,2,2,0,1,3,0,64,2,0,3,99,0
201600019280,16,10,7,755,1,1,1,1,1,251,4972224,81847,760,3,2,2,0,1,3,0,52,1,0,1,99,0
201600019281,16,10,31,1405,1,1,6,1,3,198,4965669,86800,760,3,2,2,0,1,1,0,0,1,5,0,0,0
201600019282,16,12,2,2330,5,2,1,1,6,693,4968236,20156,760,3,2,2,0,1,1,0,60,1,0,1,99,0
201600019283,16,12,9,1800,3,1,3,1,3,693,4969696,21946,760,3,2,2,0,1,1,0,10,1,0,1,99,0
201600019284,16,12,13,755,2,1,1,2,1,143,4966627,35976,760,3,2,2,0,1,1,0,80,2,0,1,99,0
201600019285,16,10,31,1515,1,1,2,1,3,488,4978416,60983,760,3,2,2,0,1,1,0,0,1,5,1,99,0
201600019286,16,11,3,1730,2,1,2,1,3,569,4980804,75312,760,3,2,2,0,1,1,0,15,1,0,1,0,0
201600019287,16,10,4,715,2,1,2,1,3,587,4977469,44490,760,3,2,2,0,1,1,20,60,1,5,0,99,1
201600019288,16,11,15,1455,1,1,1,5,3,670,4976909,42402,760,3,2,2,0,1,1,0,80,2,0,1,99,0
201600019289,16,12,17,1640,2,1,6,5,6,689,4970396,50495,760,3,2,2,0,1,1,0,0,1,5,0,0,0
201600019290,16,12,25,200,3,2,1,1,6,686,4976338,54749,760,3,2,2,0,1,1,0,45,1,0,1,99,0
201600019291,16,12,30,1820,3,1,1,5,3,187,4972976,43446,760,3,2,2,0,1,1,0,58,1,0,1,99,0
201600019299,16,7,24,945,1,1,2,1,1,591,4890400,167200,780,3,2,0,0,2,1,0,0,1,5,1,99,1
201600019300,16,9,9,2015,2,1,1,1,7,192,4891300,162700,780,3,2,2,0,2,4,0,63,1,0,3,99,0
201600019301,16,1,9,1350,1,1,2,1,3,99,4816267,270567,770,3,2,2,0,1,1,0,35,1,5,1,0,0
201600019302,16,10,6,1910,2,1,3,1,3,414,4861595,329345,770,3,2,2,0,3,0,0,53,1,0,1,99,0
201600019303,16,10,22,957,1,1,1,5,1,109,4860084,321113,770,3,2,2,0,1,1,0,73,1,0,1,99,0
201600019304,16,11,16,1700,3,1,2,2,2,239,4869049,314855,770,2,2,2,0,3,1,7,20,2,5,1,99,0
201600019305,16,2,22,2315,5,2,1,2,7,76,4848653,325051,770,3,2,0,0,0,1,0,0,2,0,1,0,0
201600019306,16,4,24,1730,1,2,1,3,3,524,4845834,315969,770,3,2,2,0,1,1,66,33,2,0,1,99,0
201600019307,16,7,13,1600,1,2,2,1,1,208,4849122,329135,770,3,2,2,0,4,1,0,65,0,0,1,99,0
201600019308,16,7,22,745,1,2,2,1,1,101,4841907,309533,770,3,2,2,0,1,1,0,0,1,5,1,99,0
201600019309,16,10,22,2230,3,1,9,5,6,509,4848000,302448,770,3,2,2,0,1,0,0,20,3,0,3,99,1
201600019310,16,12,13,1530,1,2,1,1,2,51,4841771,323567,770,3,2,2,0,3,1,90,0,1,2,1,99,0
201600019312,16,7,11,1445,1,2,1,1,6,299,4585900,622300,740,3,2,2,0,1,2,0,70,1,0,4,0,0
201600019350,16,1,7,1315,1,1,1,1,5,587,5080160,257320,590,3,3,0,0,1,1,0,0,2,0,1,0,1
201600019352,16,2,26,2000,3,1,1,1,1,258,4722400,592600,250,3,2,1,0,2,1,0,72,1,0,1,99,1
201600019353,16,4,22,1800,1,1,3,1,3,448,4727800,591100,250,3,2,2,0,1,1,0,50,1,0,1,0,0
201600019354,16,4,29,1730,1,1,1,1,6,510,4728509,578993,250,3,2,2,0,0,3,0,92,1,0,3,99,1
201600019355,16,8,23,700,1,1,1,1,3,454,4725229,596261,250,3,2,2,0,1,1,0,0,1,0,1,99,0
201600019356,16,8,29,2015,3,1,1,1,6,258,4721564,592312,250,3,3,4,0,2,3,15,90,1,0,1,0,0
201600019357,16,9,10,2345,3,1,1,1,1,467,4725491,594827,250,3,2,0,0,2,2,0,63,1,0,1,0,0
201600019358,16,10,29,1430,1,1,2,1,1,482,4726852,584099,250,3,2,2,0,0,1,0,70,1,0,1,99,0
201600019359,16,11,12,1745,5,2,6,2,5,258,4723001,593380,250,3,2,1,0,1,3,0,0,2,5,1,99,0
201600019360,16,11,14,1500,1,1,1,8,6,258,4723400,592400,250,3,2,1,0,1,1,0,69,2,0,3,99,0
201600019362,16,3,20,1745,1,1,9,1,3,164,4767783,280832,560,3,2,2,0,1,1,0,51,1,0,1,99,0
201600019364,16,10,25,2130,5,2,1,8,3,164,4766144,280331,560,4,2,2,0,1,1,0,70,1,0,1,99,0
201600019365,16,6,12,245,3,1,1,8,1,223,4764451,211861,560,4,2,2,0,1,1,0,6,1,0,3,0,0
201600019366,16,6,14,1800,1,1,1,8,1,1,4764455,216331,560,4,2,0,0,1,3,6,0,2,0,1,0,0
201600019367,16,2,13,1545,1,1,2,1,3,155,4745612,247030,560,3,2,2,0,1,1,0,71,1,0,1,0,0
201600019368,16,5,16,1515,1,1,1,1,2,30,4748846,241256,560,4,2,2,0,1,1,0,37,1,0,1,0,0
201600019369,16,12,26,1015,1,1,1,1,6,4,4753705,239252,560,2,3,0,0,1,0,0,0,1,3,3,99,1
201600019370,16,11,20,1945,3,1,1,9,4,231,4767352,267873,560,2,3,2,0,1,1,0,0,2,0,1,0,0
201600019371,16,3,19,1930,1,1,1,1,1,205,4754882,271856,560,3,2,2,0,1,1,0,49,1,0,1,0,0
201600019373,16,7,21,2000,1,2,1,1,6,5,4754029,288295,560,4,2,0,0,1,2,0,60,0,0,1,0,0
201600019376,16,2,1,1730,1,2,1,1,6,34,4758869,309151,560,3,2,2,0,1,1,0,60,1,0,1,99,0
201600019377,16,2,5,2000,3,1,1,1,6,233,4759853,298159,560,4,0,2,0,1,1,0,52,2,0,1,0,0
201600019378,16,3,22,815,1,2,1,1,3,168,4759975,311966,560,4,2,0,0,1,1,0,0,1,0,1,99,0
201600019379,16,6,20,1415,1,2,1,3,6,34,4758419,308199,560,3,3,2,0,0,0,0,0,2,0,1,0,0
201600019380,16,8,18,215,5,2,1,1,3,34,4757573,307776,560,4,2,2,0,1,1,6,52,1,0,1,0,0
201600019382,16,9,4,245,4,2,1,1,1,234,4756793,313455,560,3,2,2,0,1,1,0,87,1,0,1,99,0
201600019384,16,10,16,1415,1,2,6,1,3,34,4757950,308164,560,4,2,0,0,1,1,0,65,1,5,1,99,0
201600019385,16,11,14,1230,1,1,1,1,1,168,4761007,309390,560,3,2,0,0,1,1,0,60,1,0,1,99,0