Num_Acc,an,mois,jour,hrmn,lum,agg,int,atm,col,com,lat,long,dep,catr,circ,nbv,vosp,prof,plan,lartpc,larrout,surf,infra,situ,env1,killed
201600019387,16,1,16,945,1,1,1,7,6,179,4783597,337857,560,4,2,0,0,0,1,0,60,1,0,1,99,0
201600019388,16,1,19,1845,3,1,1,3,7,78,4777682,346766,560,4,2,2,0,2,3,0,50,2,0,1,0,0
201600019390,16,2,5,2145,5,2,2,1,3,185,4778652,341588,560,3,2,2,0,1,1,0,50,1,0,1,0,0
201600019394,16,4,24,930,1,1,1,1,7,166,4791674,333243,560,4,2,0,0,0,2,0,50,1,0,1,0,0
201600019396,16,5,7,2000,1,1,1,1,6,185,4777682,339250,560,4,2,2,0,1,4,0,0,1,0,1,0,0
201600019397,16,5,27,2045,2,1,9,1,6,166,4791037,332565,560,4,2,2,0,2,3,0,50,1,0,3,0,1
201600019399,16,6,22,1615,1,1,1,1,3,36,4779807,337380,560,4,2,2,0,2,3,0,55,1,0,1,0,0
201600019400,16,9,1,1500,1,1,1,1,7,78,4774577,350480,560,3,2,0,0,1,1,0,50,1,6,1,99,0
201600019402,16,10,29,1700,1,1,2,1,3,78,4779492,350895,560,3,2,2,0,0,1,0,47,1,0,1,0,0
201600019403,16,11,18,2115,5,1,6,2,7,78,4777569,351633,560,3,2,2,0,2,2,0,0,2,0,1,0,0
201600019404,16,11,24,2130,3,1,1,1,1,36,4780466,336423,560,4,2,2,0,0,1,0,0,1,0,1,0,0
201600019405,16,6,5,915,1,2,1,1,1,13,4767419,316946,560,4,2,0,0,1,1,0,0,9,0,1,0,0
201600019407,16,8,4,830,1,2,6,1,6,130,4773921,322648,560,3,2,0,0,0,0,20,60,0,0,1,99,0
201600019408,16,12,9,1900,5,2,1,1,1,193,4771313,331081,560,4,2,0,0,1,1,0,0,1,0,1,0,0
201600019409,16,12,21,1045,1,1,1,2,3,161,4766743,307734,560,3,0,2,0,1,1,0,0,2,0,1,0,1
201600019410,16,12,21,1845,3,1,1,2,3,119,4766602,309732,560,3,2,2,0,0,1,0,0,2,0,1,0,0
201600019416,16,7,4,1445,1,1,1,1,6,136,4789511,218965,560,4,2,2,0,1,3,0,30,1,0,3,99,0
201600019417,16,7,7,1745,1,1,1,1,1,75,4791124,209528,560,3,2,1,0,4,1,0,66,1,0,3,0,0
201600019418,16,7,10,1200,1,1,1,1,6,75,4794453,214459,560,5,2,2,0,1,2,0,50,1,0,3,3,0
201600019420,16,10,25,530,3,1,1,5,2,6,4793022,224619,560,2,3,0,0,0,1,0,75,1,0,1,0,0
201600019421,16,10,26,1745,1,1,1,1,1,6,4792120,229186,560,3,2,2,0,1,1,0,60,1,0,1,99,0
201600019422,16,11,17,1745,5,2,1,3,6,124,4780887,238399,560,4,2,2,0,1,1,0,60,2,6,1,99,0
201600019425,16,12,14,800,5,2,1,1,6,172,4783927,264886,560,3,2,2,0,1,1,0,61,2,0,1,99,1
201600019428,16,10,31,1015,1,2,1,1,6,117,4788718,283648,560,9,0,0,0,2,1,45,0,1,0,1,99,0
201600019430,16,12,5,1600,1,1,1,1,1,57,4802651,350032,560,3,2,0,0,1,0,0,0,1,0,1,0,0
201600019431,16,5,10,330,3,2,1,2,1,527,4899890,251020,950,3,2,2,0,1,1,0,0,2,0,1,99,0
201600019432,16,11,19,1915,2,2,1,8,3,612,4899830,247550,950,4,2,2,0,2,1,0,0,1,0,4,99,0
201600019433,16,12,7,1700,1,1,1,1,6,612,4899550,248010,950,3,3,4,0,1,1,0,0,1,0,1,99,0
201600019436,16,10,24,1730,1,1,1,3,6,79,4548500,163800,190,3,2,0,0,3,4,0,65,2,0,3,0,0
201600019437,16,10,25,1330,1,1,1,2,6,269,4554300,180100,190,3,2,2,0,1,2,0,65,2,0,3,99,0
201600019438,16,12,16,1830,3,1,1,1,1,250,4550600,152100,190,3,2,0,0,4,1,0,0,1,0,1,99,0
201600019439,16,1,6,1100,1,1,1,2,6,273,4507000,156400,190,3,2,0,0,0,3,0,70,2,0,3,0,0
201600019441,16,8,26,1100,1,2,1,1,1,19,4497900,184000,190,3,2,0,0,1,1,0,70,1,0,1,0,0
201600019442,16,12,3,1800,3,1,1,1,1,150,4507700,162200,190,3,2,3,0,0,3,0,108,1,0,1,0,0
201600019443,16,11,21,1315,1,1,1,3,6,230,4545600,144900,190,3,2,2,0,1,3,0,65,2,0,1,0,0
201600019444,16,2,9,1700,1,2,6,1,6,153,4526300,140700,190,9,2,0,0,1,3,0,58,1,0,1,99,0
201600019448,16,2,28,1515,1,2,1,1,6,90,4782967,325637,560,3,2,2,0,2,1,0,0,1,0,1,0,0
201600019454,16,8,31,1630,1,1,1,1,3,90,4786135,329132,560,3,2,2,0,1,1,0,685,1,0,1,0,0
201600019457,16,2,16,1045,1,2,1,7,6,464,5018876,360341,590,4,0,0,0,0,0,0,0,1,0,0,0,1
201600019461,16,3,24,1130,1,1,1,1,1,372,4890540,443604,510,2,2,2,0,1,1,0,70,1,0,1,99,0
201600019462,16,2,19,1315,1,1,1,1,2,627,4892485,402703,510,3,2,2,0,2,1,0,80,1,0,3,99,0
201600019463,16,3,19,445,3,1,1,1,6,435,4891723,416202,510,3,2,2,0,1,1,0,80,1,0,3,99,0
201600019464,16,11,26,930,1,1,1,8,6,387,4895295,391534,510,3,2,2,0,0,1,0,58,1,0,1,99,0
201600019465,16,1,5,1915,3,1,1,2,1,381,4894444,383990,510,3,2,2,0,1,1,0,69,2,0,1,99,1
201600019466,16,7,31,1945,1,2,1,1,6,380,4887039,353790,510,3,2,2,0,2,3,0,45,1,0,4,99,0
201600019467,16,10,24,1115,1,1,1,1,6,380,4887359,357844,510,3,2,2,0,1,3,0,70,1,0,1,99,0
201600019468,16,12,1,1730,3,1,1,1,7,50,4884477,360866,510,4,2,2,0,2,3,0,37,2,0,3,99,0
201600019469,16,6,21,715,1,2,1,2,3,331,4910418,411660,510,3,2,2,0,1,3,0,71,2,0,1,99,0
201600019470,16,9,27,1300,1,1,1,1,3,28,4905558,405300,510,3,2,2,0,0,1,27,83,1,0,1,99,0
201600019471,16,9,27,515,5,1,1,1,2,576,4905694,412446,510,4,2,2,0,1,1,0,66,1,0,1,99,0
201600019472,16,9,29,2215,5,2,6,1,6,347,4904894,402163,510,3,3,1,0,1,1,0,45,1,0,1,99,0
201600019474,16,8,20,2345,3,1,1,2,7,268,5067716,180524,620,3,2,2,0,3,1,0,66,2,0,3,99,0
201600019475,16,9,30,1715,1,2,1,8,6,773,5063571,174745,620,3,0,2,0,1,1,0,0,2,0,1,99,0
201600019476,16,10,28,1500,1,1,1,1,6,268,5065837,183626,620,3,2,0,0,1,1,0,70,1,0,3,0,0
201600019477,16,5,5,1200,1,1,1,1,1,370,4915913,487553,510,3,2,2,0,2,1,0,60,1,0,1,99,1
201600019478,16,1,11,845,1,1,1,1,3,617,4866100,251300,910,3,2,2,0,1,1,0,61,1,0,1,0,0
201600019479,16,2,9,1,3,1,1,1,1,617,4866400,252000,910,2,3,4,0,1,1,0,0,2,0,1,0,1
201600019480,16,2,19,1745,1,2,1,1,6,573,4861307,251049,910,4,2,2,0,1,2,0,55,1,0,1,0,0
201600019481,16,5,9,1715,1,2,1,1,1,573,4862000,250500,910,3,2,2,0,1,1,0,78,1,0,1,0,0
201600019482,16,6,9,830,1,1,1,1,1,617,4864591,253413,910,2,3,4,0,1,1,0,0,1,3,1,99,0
201600019483,16,8,20,1500,1,2,1,1,3,573,4860631,250635,910,4,2,2,0,1,1,0,42,1,0,1,0,0
201600019485,16,3,17,800,1,1,1,1,5,679,4873300,213200,910,3,2,2,0,1,1,0,70,1,0,1,0,0
201600019486,16,4,14,1830,1,1,6,2,3,679,4872904,212748,910,3,2,2,0,1,2,0,70,2,0,1,0,0
201600019487,16,5,14,830,1,2,1,1,6,272,4870441,211629,910,3,2,3,0,1,1,0,0,1,5,4,99,0
201600019488,16,6,12,1830,1,2,6,2,7,679,4872955,212794,910,3,1,1,0,1,2,0,0,2,0,1,0,0
201600019489,16,6,15,1500,1,1,1,1,1,538,4871174,215004,910,3,2,2,3,1,1,0,0,1,5,1,99,0
201600019490,16,6,28,1900,1,1,1,7,3,679,4872903,213803,910,3,2,2,0,1,1,0,70,1,0,1,99,0
201600019491,16,7,28,815,1,2,2,1,3,272,4870480,211879,910,3,2,2,0,1,1,0,0,1,0,0,0,0
201600019492,16,10,11,1630,1,2,7,1,6,272,4869742,212865,910,6,2,2,0,1,1,0,70,1,0,1,99,0
201600019493,16,11,10,1400,1,1,1,2,1,679,4873099,211925,910,3,2,2,0,1,1,70,0,2,0,1,99,0
201600019494,16,11,30,2030,3,2,1,1,2,538,4871400,215400,910,3,3,2,0,1,3,0,0,1,0,1,0,0
201600019495,16,5,6,1900,1,1,1,1,3,652,4913770,237370,950,3,2,2,0,1,1,0,0,1,5,1,99,0
201600019496,16,5,28,1200,1,2,1,1,6,652,4912820,237020,950,3,2,2,0,1,1,0,0,1,0,1,99,0
201600019497,16,7,10,530,2,1,1,1,5,214,4908210,241340,950,3,2,3,0,2,1,0,0,1,0,1,99,0
201600019498,16,10,2,1630,1,1,1,1,6,55,4909950,246910,950,9,2,1,0,1,1,0,0,2,0,0,99,0
201600019499,16,10,19,1000,1,1,1,1,6,365,4907130,239970,950,3,2,2,0,1,1,0,0,1,0,3,99,1
201600019500,16,1,7,1145,1,2,1,2,6,461,4823666,356263,890,4,2,1,0,1,1,0,40,2,0,3,0,0
201600019501,16,2,9,930,1,1,1,6,4,261,4823610,354105,890,3,2,2,0,1,1,0,0,2,0,1,0,0
201600019502,16,3,14,800,1,2,1,1,6,387,4814712,330726,890,3,2,0,0,1,1,0,0,1,0,1,99,0
201600019503,16,5,27,1745,1,1,1,1,3,387,4815555,330670,890,3,2,2,0,1,0,124,117,1,0,0,99,0
201600019504,16,8,19,2215,3,1,9,2,1,399,4823824,331043,890,3,2,2,0,0,1,0,0,2,0,0,99,0
201600019505,16,12,3,1430,1,2,9,1,7,66,4812655,351837,890,4,2,2,0,0,0,0,0,1,0,0,99,0
201600019506,16,12,12,1900,5,2,1,2,2,399,4824705,332537,890,3,2,0,0,0,1,0,72,2,0,1,0,0
201600019507,16,12,23,2300,3,1,1,6,7,66,4812023,353079,890,3,2,0,0,0,1,0,111,1,0,0,0,0
201600019508,16,6,9,1200,1,1,3,1,3,161,4439740,648081,40,3,2,2,0,2,1,47,77,1,5,1,99,0
201600019510,16,10,16,611,3,1,1,5,6,218,4902201,619885,570,3,2,3,0,3,3,0,113,1,0,3,99,0
201600019511,16,12,15,1735,5,2,1,1,6,655,4896448,629617,570,4,2,2,0,2,1,0,76,1,0,1,99,0
201600019513,16,10,18,1135,1,1,1,1,1,482,4911592,630872,570,3,3,2,0,1,3,0,73,1,0,1,99,1
201600019514,16,11,22,1630,2,1,2,3,3,482,4911775,631910,570,3,2,2,0,1,0,12,20,1,0,0,0,0
201600019517,16,11,12,1745,2,2,1,1,5,97,4918467,648348,570,3,2,2,0,2,1,0,76,1,0,1,99,0
201600019519,16,12,13,1840,3,1,1,1,1,70,4923280,648834,570,3,2,2,0,1,1,0,62,1,0,1,99,0
201600019521,16,10,26,1720,1,1,1,1,2,59,4890760,656121,570,3,2,2,0,1,4,0,0,1,0,0,99,0
201600019522,16,11,13,2000,4,1,1,3,7,40,4886226,634679,570,3,2,2,0,1,1,0,0,2,0,3,99,0
201600019523,16,12,1,1630,1,1,1,1,6,448,4878939,659282,570,3,2,2,0,1,1,0,69,1,0,3,99,0
201600019524,16,12,14,1500,1,2,1,1,6,126,4878610,645868,570,4,2,2,0,1,1,0,0,1,0,3,99,0
201600019525,16,12,23,1015,1,1,1,1,6,236,4892162,647531,570,3,2,2,0,1,1,0,52,2,0,3,99,0
201600019526,16,10,28,830,2,1,1,5,6,560,4892927,667728,570,3,2,2,0,1,3,18,36,2,2,3,99,0
201600019527,16,10,28,1230,1,1,1,1,2,398,4901846,682635,570,3,2,2,0,1,1,0,70,1,0,1,99,0
201600019528,16,12,8,1100,1,2,3,1,6,483,4892505,664329,570,3,2,2,0,2,0,0,10,1,0,0,0,0
201600019530,16,12,14,1250,1,2,1,1,6,483,4892555,664756,570,9,2,2,0,2,1,0,74,1,0,1,99,0
201600019531,16,12,25,1725,5,2,1,2,7,311,4899533,683729,570,3,2,2,0,1,4,0,60,2,0,1,99,0
201600019534,16,11,28,1200,1,1,1,1,6,564,4867023,683055,570,3,2,2,0,1,2,0,72,1,0,4,99,0
201600019535,16,12,1,1230,1,1,1,1,7,382,4877970,693962,570,3,2,2,0,2,3,0,64,7,0,3,99,0
201600019536,16,12,24,2250,3,1,1,1,6,564,4866716,687121,570,3,2,2,0,1,1,0,52,2,0,3,99,0
201600019538,16,10,31,1430,1,1,3,1,3,163,4868583,719667,570,3,2,2,0,3,0,0,280,1,5,1,99,0
201600019539,16,11,13,2120,3,1,1,2,6,315,4874040,720944,570,3,2,2,0,2,1,0,54,2,0,3,99,0
201600019540,16,12,2,800,2,1,1,2,6,618,4872358,719794,570,3,2,2,0,2,1,0,51,7,2,1,99,0
201600019541,16,12,2,800,2,2,1,5,7,742,4867252,714067,570,3,2,2,0,2,4,0,44,7,0,1,99,0
201600019542,16,12,6,1900,5,2,6,1,2,540,4876679,726317,570,3,2,2,0,1,0,6,315,1,0,0,0,0
201600019543,16,12,30,2000,3,1,3,5,3,114,4875576,714082,570,3,2,2,0,1,0,6,690,1,0,0,0,0
201600019544,16,12,3,300,5,2,1,1,6,499,4907675,706472,570,3,2,2,0,1,1,0,0,1,0,4,99,0
201600019549,16,12,5,1310,1,1,1,5,3,89,4904687,745190,570,3,2,3,0,2,2,0,120,7,0,1,99,1
201600019550,16,12,7,1030,1,1,1,1,5,541,4899618,754619,570,3,2,2,0,1,1,0,70,1,0,1,99,0
201600019551,16,12,14,1350,1,2,1,1,6,732,4910933,734235,570,3,2,2,0,1,0,0,10,1,0,0,0,0
201600019552,16,11,19,230,5,2,1,1,6,269,4929462,619860,570,3,1,2,0,2,3,0,50,1,0,4,99,0
201600019553,16,4,5,2145,3,1,2,1,5,173,4819578,169175,350,3,2,2,0,3,1,0,0,0,5,1,99,0
201600019554,16,7,14,900,1,2,1,1,1,24,4818168,164026,350,3,2,2,0,3,0,60,0,1,0,1,99,0
201600019555,16,8,10,2115,1,2,1,1,6,173,4822918,169996,350,4,2,2,0,1,2,0,0,1,0,3,99,0
201600019556,16,8,28,2015,1,2,1,1,3,24,4818208,164062,350,6,0,0,0,0,0,0,0,1,0,1,99,0
201600019557,16,9,2,1145,1,1,1,1,6,24,4819695,166680,350,3,2,1,0,2,3,0,48,1,0,3,99,0
201600019558,16,10,16,2230,3,1,1,9,7,173,4821663,171903,350,3,0,2,0,1,1,0,0,2,0,3,99,0
201600019559,16,11,15,805,5,2,1,2,6,24,4818107,163652,350,6,2,2,0,2,0,5,320,1,0,0,0,0
201600019560,16,12,11,530,3,1,1,1,6,173,4821660,172442,350,3,2,2,0,1,1,56,0,1,0,3,99,0
201600019561,16,12,10,1345,1,1,1,1,7,24,4817875,162528,350,3,3,4,0,1,1,0,108,1,3,1,99,0
201600019562,16,12,19,800,2,1,2,8,3,173,4822718,170547,350,3,4,2,0,1,1,811,225,3,5,1,99,0
201600019563,16,5,10,1845,1,2,1,1,1,588,4352969,132906,310,4,2,2,1,1,1,0,60,1,7,5,0,0
201600019564,16,3,28,1400,1,1,1,1,7,71,4718140,141337,440,2,1,2,0,1,1,0,73,1,0,1,99,1
201600019565,16,4,17,2015,1,1,6,1,7,9,4722026,145333,440,3,2,1,0,0,2,35,70,1,5,1,99,0
201600019566,16,8,27,1915,1,1,6,1,7,9,4718766,148735,440,3,2,2,0,0,1,0,0,8,0,1,0,0
201600019567,16,10,13,730,3,1,1,1,6,9,4721181,145002,440,2,3,4,3,1,1,0,73,1,0,1,99,0
201600019572,16,10,11,2030,5,1,1,1,6,3,4492455,46450,330,3,2,0,0,1,3,0,0,1,0,1,99,1
201600019573,16,7,25,1800,1,2,1,1,2,792,5080993,222178,620,3,2,0,0,1,1,0,60,1,0,1,0,0
201600019574,16,9,5,1100,1,1,1,2,1,792,5080659,222955,620,3,2,2,0,1,1,0,60,2,0,1,0,1
201600019575,16,10,16,1730,1,1,3,2,3,452,5070130,228386,620,3,2,2,0,0,1,0,60,2,0,1,99,0
201600019579,16,2,29,930,1,1,1,1,1,87,4338548,575064,830,3,2,2,0,2,4,0,76,2,0,1,0,0
201600019582,16,6,14,1645,1,1,1,1,7,140,4367000,557300,830,3,2,2,0,1,2,0,0,1,0,1,0,0
201600019588,16,12,6,1345,1,2,1,1,1,93,4332615,572566,830,4,2,2,0,1,1,0,0,1,0,1,99,0
201600019591,16,6,1,1015,1,2,6,1,6,31,4965700,655200,830,3,1,1,0,1,2,0,91,1,5,1,99,0
201600019592,16,6,11,2115,3,1,1,1,6,57,4337829,623758,830,3,2,1,0,2,1,0,70,1,0,3,99,0
201600019596,16,9,28,1345,1,1,1,1,3,92,4330094,622557,830,9,2,0,0,2,1,0,40,1,0,1,99,0
201600019597,16,10,5,1445,1,1,1,1,6,73,4365800,652200,830,4,2,2,0,2,1,0,35,1,0,1,99,0
201600019598,16,11,2,1545,2,1,1,1,3,73,4361700,636800,830,3,2,3,3,0,0,0,100,1,5,1,99,0
201600019599,16,11,14,130,3,1,1,2,6,31,4371100,655400,830,3,2,0,0,0,0,0,59,2,0,3,99,0
201600019600,16,12,1,1715,2,2,1,1,1,73,4339135,630037,830,4,2,0,0,3,1,0,30,1,0,1,0,0
201600019620,16,1,21,1015,1,1,1,5,3,139,4513580,61013,240,1,3,2,0,0,1,0,0,1,0,1,0,0
201600019621,16,1,27,1745,2,1,1,1,6,295,4513600,60892,240,1,3,2,0,2,1,0,25,1,0,3,0,0
201600019622,16,4,10,1415,1,1,1,1,1,449,4498510,17942,240,1,3,4,0,1,1,10,220,1,0,1,0,0
201600019623,16,4,19,2245,3,1,1,1,1,449,4500380,25718,240,1,3,4,0,0,1,10,220,1,0,1,0,0
201600019624,16,4,21,1015,1,1,1,3,6,59,4502130,37796,240,3,2,2,0,1,3,5,70,2,0,1,0,0
201600019625,16,4,30,30,3,1,1,1,6,29,4500800,28106,240,1,3,4,0,1,1,10,220,1,0,1,0,0
201600019626,16,6,20,1700,1,2,2,1,7,294,4500980,15933,240,3,2,2,0,1,1,0,90,1,0,0,3,1
201600019627,16,8,9,1330,1,1,1,1,7,444,4504960,41948,240,1,3,4,0,1,1,10,200,1,0,1,99,0
201600019628,16,10,3,1645,1,1,1,1,6,462,4500920,30377,240,1,3,0,0,1,1,15,140,1,0,3,99,0
201600019629,16,11,2,730,2,1,1,1,6,139,4513830,60061,240,1,3,4,0,2,1,180,10,1,0,1,99,0
201600019630,16,1,15,900,1,2,1,1,6,309,4368860,392892,340,4,2,2,0,1,1,0,50,1,0,1,0,0
201600019631,16,1,17,1500,1,1,1,1,1,217,4371900,386838,340,3,2,2,0,1,1,0,0,1,0,1,99,0
201600019632,16,1,31,1345,1,2,1,8,6,118,4372460,392568,340,4,2,0,0,1,1,0,0,1,0,1,0,0
201600019633,16,3,25,1645,1,1,1,1,5,169,4365070,386360,340,3,3,4,1,2,1,14,132,1,2,1,0,1
201600019634,16,3,31,1715,1,2,1,1,2,217,4368800,385800,340,3,2,2,0,1,1,0,64,1,0,1,0,0
201600019635,16,6,24,1915,1,2,1,1,3,120,4366630,390773,340,3,2,2,0,1,1,0,73,1,0,1,0,0
201600019636,16,7,8,1945,1,1,1,1,1,118,4372550,391253,340,3,2,2,0,0,3,0,0,1,0,1,0,0
201600019637,16,7,25,1200,1,1,1,1,2,118,4373700,390500,340,3,2,2,0,1,3,0,60,1,0,1,99,0
201600019638,16,9,5,1215,1,1,6,1,1,120,4365970,390140,340,3,2,2,0,1,3,35,100,1,6,1,99,0
201600019639,16,9,14,1815,1,1,1,1,6,217,4372140,386867,340,3,2,0,0,1,3,0,55,2,0,3,0,0
201600019640,16,10,5,1600,1,1,1,1,5,309,4370240,394193,340,3,2,2,0,1,1,0,75,1,0,1,0,1
201600019641,16,10,20,1300,1,2,1,1,3,169,4365970,386327,340,3,2,2,0,1,1,0,60,1,0,1,99,0
201600019642,16,10,28,1600,1,2,7,7,6,120,4365600,390300,340,6,0,0,0,0,1,0,0,1,5,1,0,0
201600019643,16,1,4,1000,1,2,1,8,6,291,4567651,21965,160,4,2,2,0,1,3,0,49,2,0,1,99,1
201600019645,16,11,3,1940,5,2,1,1,1,15,4565109,11734,160,3,2,2,0,1,1,0,68,1,0,1,99,0
201600019646,16,11,13,1100,1,2,1,2,6,166,4566114,18384,160,3,2,2,0,2,1,0,66,2,0,1,99,0
201600019647,16,12,17,1750,3,2,3,1,1,358,4566432,13606,160,3,2,2,0,1,1,0,70,1,0,1,99,0
201600019648,16,12,27,2155,5,2,3,1,1,113,4561107,9611,160,3,2,2,0,1,1,0,70,1,0,1,99,0
201600019649,16,12,22,1730,2,1,1,1,1,291,4569523,26371,160,3,2,2,0,2,3,0,70,1,0,1,99,0
201600019650,16,12,5,1405,1,2,1,1,6,15,4565635,18169,160,6,0,0,0,1,1,0,0,1,0,0,99,0
201600019651,16,12,2,1856,5,2,1,1,1,166,4566507,20085,160,3,2,2,3,2,1,18,70,1,5,1,99,0
201600019652,16,1,30,1345,1,2,1,1,6,15,4564799,16973,160,4,2,2,0,1,1,0,47,2,0,1,99,0
201600019653,16,3,9,145,3,1,1,1,6,113,4562269,10761,160,2,3,4,0,1,1,25,140,1,0,1,99,1
201600019654,16,3,12,1750,2,2,1,1,6,15,4566196,15498,160,4,2,2,0,1,1,0,44,1,0,1,99,0
201600019655,16,1,14,745,2,2,1,1,6,15,4563015,15374,160,3,2,2,0,1,1,0,70,1,0,1,3,0
201600019656,16,1,13,830,2,1,1,8,7,113,4561856,14556,160,3,2,2,0,2,1,0,70,7,0,3,99,0
201600019657,16,1,13,830,2,1,1,8,7,271,4562026,14558,160,3,2,2,0,4,2,0,70,7,0,3,99,0
201600019658,16,2,19,645,3,1,1,1,7,374,4562598,19616,160,3,2,2,0,1,1,0,70,7,2,1,99,0
201600019659,16,4,26,1058,1,1,1,2,4,113,4561794,10164,160,2,3,4,0,3,1,30,140,2,0,1,99,0
201600019660,16,4,21,1620,1,2,1,3,6,15,4565669,18229,160,4,2,2,3,1,1,15,100,2,0,1,99,1
201600019661,16,3,23,1430,1,2,6,1,3,15,4565035,14459,160,3,1,1,0,2,2,31,52,1,0,1,99,0
201600019662,16,5,26,1910,1,1,1,1,6,113,4562031,11427,160,4,1,1,0,1,3,0,50,1,0,1,99,0
201600019663,16,5,19,2020,1,2,1,1,7,15,4564829,11936,160,4,2,2,0,1,1,0,30,1,0,1,99,0
201600019664,16,5,21,500,3,2,1,1,6,15,4565497,16845,160,3,2,4,0,1,1,0,140,1,0,1,99,0
201600019665,16,3,15,830,2,2,1,1,6,15,4565563,15909,160,3,2,2,0,1,1,16,60,1,0,1,3,0
201600019666,16,6,2,1226,1,2,1,1,6,15,4564923,16274,160,3,2,2,0,1,1,0,62,1,0,1,99,0
201600019667,16,6,3,1455,1,1,1,1,6,374,4563630,20758,160,3,3,2,0,1,1,24,68,1,0,1,99,0
201600019668,16,6,8,1100,1,2,1,1,3,166,4566401,19614,160,3,2,2,3,1,1,50,60,1,0,1,99,0
201600019669,16,4,3,350,5,2,1,1,6,15,4565104,11744,160,3,2,2,0,1,2,0,60,1,0,1,99,0
201600019670,16,6,16,1735,1,1,1,1,1,15,4565254,10397,160,3,2,2,0,2,1,0,55,1,0,1,99,0
201600019671,16,9,4,1800,1,2,1,1,6,166,4565089,19589,160,4,2,2,0,2,2,0,44,1,0,4,99,0
201600019672,16,5,30,1000,1,2,1,1,5,341,4563482,12517,160,3,2,3,0,1,3,20,124,1,5,1,99,0
201600019673,16,5,15,1530,1,2,1,1,6,15,4564880,16283,160,3,2,2,0,2,1,0,65,1,0,4,99,0
201600019674,16,9,16,1810,1,1,1,1,1,291,4569421,26246,160,3,2,2,0,2,3,0,70,2,0,1,99,0
201600019675,16,9,10,645,2,2,1,1,1,154,4567982,17341,160,3,2,2,0,1,3,0,52,1,0,1,99,0
201600019676,16,10,8,1450,1,2,1,1,7,15,4563535,12645,160,3,2,3,0,1,2,2,96,1,0,1,99,0
201600019677,16,10,5,2130,5,2,1,1,7,15,4563724,12864,160,3,2,3,3,1,1,13,102,1,5,1,99,0
201600019678,16,10,11,1350,1,2,1,1,3,15,4563711,13173,160,4,2,2,0,1,1,0,68,1,0,1,99,0
201600019679,16,7,3,1800,1,2,1,1,2,15,4566061,16263,160,3,3,2,0,1,1,30,150,1,0,5,99,0
201600019680,16,8,20,714,1,2,1,1,6,15,4564801,15506,160,4,1,1,3,1,3,22,44,1,1,1,99,0
201600019681,16,8,20,745,1,2,6,1,6,15,4566004,16529,160,3,1,2,0,1,2,130,70,1,5,1,99,0
201600019682,16,8,2,1330,1,2,1,1,6,374,4564218,19074,160,3,2,2,0,1,1,0,70,1,0,1,99,0
201600019683,16,10,25,1740,1,1,1,2,1,271,4563724,1286,160,3,2,2,0,2,3,0,65,2,0,1,99,0
201600019684,16,11,25,2230,5,2,1,8,1,15,4565539,14847,160,3,2,2,0,2,2,0,70,2,0,1,99,0
201600019685,16,9,6,1834,2,2,1,1,6,15,4565005,16119,160,3,2,2,0,2,1,0,51,1,0,1,99,0
201600019686,16,11,12,1655,2,2,1,1,6,15,4563173,15389,160,3,2,2,0,1,1,0,60,1,0,1,3,0
201600019687,16,12,19,1840,5,2,1,1,6,15,4563913,13606,160,4,2,2,0,1,2,0,52,1,0,1,99,0
201600019688,16,12,16,1040,1,2,1,1,6,89,4568373,30639,160,9,1,1,0,1,2,0,61,1,0,1,99,0
201600019689,16,4,19,1515,1,2,6,1,3,89,4567757,30854,160,4,1,1,0,1,2,35,75,1,5,1,99,0
201600019690,16,5,30,755,1,2,1,2,3,102,4569192,31877,160,3,2,2,0,2,1,0,63,2,0,1,99,0
201600019691,16,6,17,2315,5,2,2,1,3,102,4568839,31898,160,3,2,2,0,1,1,0,68,1,0,1,99,0
201600019692,16,6,20,1550,1,2,1,1,5,89,4568187,29847,160,2,2,2,0,1,1,0,70,1,0,1,99,0
201600019693,16,7,5,1355,1,2,1,1,1,89,4568234,30753,160,2,2,2,3,1,2,0,70,1,0,1,99,0
201600019694,16,8,22,1105,1,2,4,1,3,102,4568392,34017,160,4,2,2,0,1,2,0,50,1,0,1,99,0
201600019695,16,9,4,1130,1,2,6,1,3,89,4566818,32804,160,3,1,2,0,1,2,120,80,1,5,1,99,0
201600019696,16,9,26,800,2,2,3,1,3,102,4569134,32919,160,4,2,2,0,1,1,0,70,1,0,1,3,0
201600019697,16,10,5,1320,1,2,2,1,6,102,4568996,31937,160,3,2,3,0,1,1,0,105,1,0,1,99,0
201600019698,16,10,6,1745,2,2,1,1,6,102,4569296,32584,160,4,1,1,0,1,1,0,50,1,0,1,99,0
201600019699,16,11,21,815,2,2,2,1,3,102,4668727,31059,160,3,2,2,3,1,1,0,86,2,0,1,3,0
201600019700,16,5,24,1715,1,1,1,1,1,69,4845859,261307,770,3,2,0,0,0,1,20,60,1,0,1,99,0
201600019701,16,8,12,2300,3,1,1,1,6,69,4848519,262803,770,3,2,2,0,1,1,0,60,1,0,1,99,1
201600019702,16,12,12,1545,1,1,3,1,3,425,4843904,256295,770,3,2,2,0,1,1,0,0,1,0,1,99,0
201600019706,16,10,25,1820,2,2,1,2,6,260,4563894,480719,690,3,2,2,0,1,3,69,0,2,0,1,99,0
201600019707,16,3,5,1700,1,2,3,1,3,335,5047100,339500,590,3,2,2,1,1,1,0,65,1,0,5,3,0