Num_Acc,an,mois,jour,hrmn,lum,agg,int,atm,col,com,lat,long,dep,catr,circ,nbv,vosp,prof,plan,lartpc,larrout,surf,infra,situ,env1,killed
201600019708,16,2,4,1600,1,2,6,1,6,189,4270101,289235,660,9,1,0,0,1,2,0,0,6,5,1,0,0
201600019709,16,6,5,1630,1,1,1,1,7,186,4266424,299188,660,4,0,2,0,0,4,0,50,1,0,0,0,0
201600019711,16,1,23,1100,1,2,1,1,1,471,4958495,300002,600,3,2,2,0,0,2,10,100,1,5,1,99,0
201600019712,16,8,18,1954,1,1,1,1,7,71,4441801,597972,50,1,1,2,0,1,1,0,100,1,0,1,99,0
201600019713,16,12,3,1655,1,2,6,1,7,449,4595050,89616,170,4,1,1,0,1,2,0,40,1,0,1,99,0
201600019714,16,2,11,715,5,2,1,2,6,299,4594952,95647,170,4,2,2,0,1,1,0,60,2,0,1,99,1
201600019715,16,12,14,1505,1,2,1,1,6,299,4595664,97746,170,5,1,1,0,1,1,0,65,1,0,1,99,0
201600019716,16,3,19,1410,1,1,1,1,2,299,4591635,96624,170,3,3,4,0,2,1,10,60,1,0,1,99,0
201600019717,16,12,26,1755,5,2,2,1,3,299,4594483,95774,170,4,2,2,0,1,1,0,120,1,0,1,99,0
201600019718,16,4,2,1030,1,2,3,1,3,449,4595129,89056,170,3,2,2,0,1,1,0,65,1,0,1,99,0
201600019719,16,12,30,1140,1,2,1,1,6,449,4594815,91274,170,4,2,2,0,1,1,0,70,1,0,1,0,0
201600019720,16,4,8,1055,1,2,1,1,2,299,4594923,97658,170,4,2,2,0,2,1,10,32,1,0,1,99,0
201600019721,16,4,15,1525,1,2,1,1,3,299,4594164,96437,170,4,2,2,0,1,1,0,60,1,0,1,99,0
201600019722,16,5,14,1715,1,2,1,1,2,299,4595594,95547,170,4,2,2,0,3,1,0,60,1,0,1,99,0
201600019723,16,5,25,1105,1,2,2,1,3,299,4593881,96281,170,4,1,1,0,1,1,0,35,1,0,1,99,0
201600019724,16,5,28,2110,1,2,1,1,7,449,4595216,87825,170,4,2,2,0,1,1,0,60,1,0,1,99,0
201600019725,16,5,31,855,1,2,1,1,3,449,4595004,92536,170,3,3,2,0,2,1,23,70,1,0,1,99,0
201600019726,16,6,12,1955,1,2,2,1,3,299,4594822,96752,170,4,2,2,0,1,1,0,55,2,0,1,3,0
201600019727,16,6,13,2150,2,2,2,1,7,299,4592776,95685,170,4,2,2,0,1,1,0,55,1,0,1,99,0
201600019728,16,7,5,1935,1,2,1,1,7,449,4594980,92343,170,4,3,2,0,1,1,25,70,1,0,1,99,0
201600019729,16,7,7,1535,1,2,2,1,3,299,4593330,96185,170,4,1,1,0,1,1,0,30,1,0,1,99,0
201600019730,16,7,9,830,1,2,1,1,7,299,4593545,98047,170,4,2,2,0,1,1,0,60,1,0,1,99,0
201600019731,16,7,11,1730,1,1,1,1,2,299,4593325,98366,170,4,2,2,0,1,1,0,62,1,0,1,99,0
201600019732,16,7,30,1720,1,2,1,1,7,299,4594513,95703,170,4,2,2,0,1,2,0,50,1,0,1,99,0
201600019733,16,8,16,1940,1,2,2,1,3,299,4593562,96241,170,4,2,2,0,1,1,0,140,1,0,1,99,0
201600019734,16,8,10,1930,1,1,1,1,1,449,4595303,87595,170,3,2,2,0,2,1,0,0,1,0,1,99,0
201600019735,16,9,3,1635,1,1,1,1,7,449,4596210,92820,170,3,2,2,0,1,1,0,65,1,0,1,99,0
201600019736,16,9,23,1220,1,2,1,1,2,299,4593277,96638,170,4,2,2,0,1,1,0,70,0,0,1,99,0
201600019737,16,10,5,1250,1,2,1,1,6,299,4594328,96064,170,4,2,2,0,2,1,0,51,1,0,1,99,0
201600019738,16,10,13,400,5,2,6,1,7,299,4595582,97803,170,4,1,1,0,1,3,0,35,1,0,1,99,0
201600019739,16,10,15,1630,1,2,1,1,7,299,4595465,94514,170,4,2,2,0,1,1,0,55,1,0,1,99,0
201600019740,16,11,9,135,5,2,1,3,7,299,4594451,95915,170,4,2,2,0,1,1,0,50,2,0,0,99,1
201600019741,16,11,9,1110,1,2,1,2,6,299,4594724,96593,170,4,2,2,0,1,1,0,55,2,0,1,99,0
201600019742,16,11,25,1715,2,1,1,1,1,299,4595164,93288,170,3,2,2,0,1,3,0,65,1,0,1,99,0
201600019743,16,12,2,825,2,2,1,1,7,449,4595174,89618,170,4,2,2,0,1,1,0,55,1,0,1,99,0
201600019744,16,12,30,135,5,2,2,1,6,300,4616649,113746,170,4,2,2,0,1,1,0,53,1,0,1,99,0
201600019745,16,1,1,1657,1,2,1,1,3,300,4613839,115182,170,4,2,2,0,1,0,0,140,1,2,1,99,0
201600019746,16,12,31,1811,3,1,1,1,2,291,4617921,109664,170,2,2,4,0,1,1,27,175,1,0,1,0,0
201600019747,16,1,3,1900,4,1,1,3,4,291,4617920,109663,170,2,3,0,0,1,1,0,0,2,0,1,99,0
201600019748,16,1,3,2000,4,1,1,3,2,291,4617558,110875,170,2,3,4,0,1,1,0,0,2,0,1,99,0
201600019749,16,1,3,2000,5,1,1,3,4,291,4617205,112005,170,2,3,4,0,2,1,0,0,2,0,1,99,0
201600019750,16,1,4,710,4,2,1,2,7,300,4616241,114218,170,4,2,0,0,1,1,0,0,2,0,1,99,0
201600019751,16,1,4,1830,5,2,2,2,6,300,4616772,117598,170,4,2,0,0,1,1,0,0,2,0,1,99,0
201600019752,16,1,6,1115,1,2,1,1,6,300,4616966,114666,170,4,2,0,0,1,1,0,0,2,0,1,99,0
201600019753,16,1,6,2025,5,2,2,2,3,300,4615045,114621,170,4,2,0,0,1,1,0,0,2,0,1,99,0
201600019754,16,1,7,800,2,2,1,2,7,300,4616374,117162,170,4,2,0,0,1,1,0,0,2,0,1,99,0
201600019755,16,1,7,1500,1,2,1,1,6,300,4616477,117525,170,6,0,0,0,1,1,0,0,1,0,1,99,0
201600019756,16,1,8,1350,1,2,1,2,2,300,4616351,116887,170,4,2,0,0,1,1,0,0,2,0,1,99,0
201600019757,16,1,10,1326,1,2,2,2,3,300,4616177,114671,170,4,2,0,0,1,1,0,0,2,0,1,99,0
201600019758,16,1,12,1840,5,2,1,3,1,200,4618311,115296,170,4,3,2,3,1,1,3,7,2,0,1,99,0
201600019759,16,1,14,745,5,1,1,1,7,291,4617883,112882,170,2,3,0,0,1,1,0,0,1,0,1,99,0
201600019760,16,1,19,1730,1,2,2,1,6,291,4617234,112443,170,4,2,0,0,1,1,0,0,1,0,1,99,0
201600019761,16,1,20,1220,1,1,1,1,2,28,4612089,110954,170,2,3,4,0,1,1,0,0,1,0,1,99,0
201600019762,16,1,23,2130,5,2,1,1,6,300,4614111,116135,170,4,1,0,0,1,3,0,0,1,0,1,99,0
201600019763,16,1,25,1515,1,1,1,1,4,300,4616926,112058,170,2,1,0,0,1,1,0,0,1,0,1,99,0
201600019764,16,1,26,1740,1,1,1,1,6,300,4617318,121765,170,2,2,0,0,1,1,0,0,1,0,1,99,0
201600019765,16,1,27,110,5,2,1,1,2,28,4614010,113326,170,4,2,0,0,1,1,0,0,1,0,1,99,0
201600019766,16,1,28,800,2,2,2,2,3,300,4614825,115509,170,4,2,0,0,1,1,0,0,2,0,1,3,0
201600019767,16,1,31,1900,5,2,1,1,6,274,4615509,109602,170,4,2,0,0,1,2,0,0,2,0,3,99,0
201600019768,16,2,1,1135,1,2,1,1,5,28,4614078,113686,170,4,2,3,0,1,1,0,0,1,0,1,99,0
201600019769,16,2,2,950,1,2,1,1,2,300,4615806,115311,170,4,2,2,2,2,1,0,0,1,0,5,99,0
201600019770,16,2,2,1840,5,1,1,2,2,291,4617920,109667,170,2,3,2,0,1,1,0,0,2,0,1,99,0
201600019771,16,2,2,1850,5,2,6,2,6,28,4613637,112477,170,4,1,1,0,1,3,0,0,1,0,1,99,0
201600019772,16,2,3,800,1,2,3,2,3,300,4617140,117701,170,4,2,1,0,1,1,0,0,2,0,1,99,0
201600019773,16,2,3,1946,2,2,1,1,2,291,4617697,111522,170,4,2,2,0,1,1,0,0,1,0,1,99,0
201600019774,16,2,5,1147,1,2,1,1,6,200,4617337,116125,170,6,0,0,0,1,1,0,0,1,0,1,99,0
201600019775,16,2,6,937,1,2,1,2,7,291,4618059,111621,170,4,2,1,0,1,1,0,0,2,0,1,99,0
201600019776,16,2,6,2310,5,1,1,1,6,300,4617621,121162,170,3,2,2,0,1,1,0,0,2,0,1,99,1
201600019777,16,2,8,2024,5,2,2,1,3,300,4616900,117183,170,4,2,2,0,1,1,0,0,1,0,1,99,0
201600019778,16,2,9,1415,1,2,2,1,6,300,4616364,115201,170,4,1,1,2,1,1,0,0,1,0,1,99,0
201600019779,16,2,10,1010,1,2,1,2,6,200,4617379,116640,170,4,2,2,0,1,3,0,0,2,0,1,99,0
201600019780,16,2,11,430,5,2,1,2,2,300,4615621,114153,170,4,2,2,1,3,1,0,0,2,2,1,99,0
201600019781,16,2,11,1900,1,2,1,1,1,291,4618358,111984,170,4,2,2,0,1,1,0,0,1,0,1,99,0
201600019782,16,2,12,950,1,2,1,1,6,300,4614174,115862,170,4,1,1,0,1,1,0,0,1,0,1,99,0
201600019783,16,2,12,1630,1,2,1,1,6,300,4616010,114100,170,4,2,2,0,1,1,0,0,1,0,1,99,0
201600019784,16,2,12,1715,1,2,1,1,2,300,4615817,115108,170,4,1,1,1,1,1,0,0,1,0,1,99,0
201600019785,16,2,22,1920,5,2,1,2,3,300,4615807,115071,170,4,2,2,0,3,1,0,0,2,0,1,99,0
201600019786,16,2,28,430,5,2,1,1,6,300,4616146,115839,170,4,1,2,0,1,1,0,0,1,0,3,99,0
201600019787,16,3,1,1910,2,1,1,1,7,28,4612085,110936,170,2,2,4,0,1,1,0,0,2,0,1,99,0
201600019788,16,3,2,800,1,2,1,2,3,300,4616039,114930,170,4,2,2,0,2,1,0,0,2,0,1,99,0
201600019789,16,3,2,1750,1,2,1,1,3,200,4617341,116099,170,4,2,2,3,1,2,0,0,1,0,1,99,0
201600019790,16,3,3,1148,1,1,1,1,7,274,4615436,111235,170,3,2,2,0,1,1,0,0,1,0,1,99,0
201600019791,16,3,4,1615,1,2,1,1,2,200,4617748,115166,170,4,1,2,0,1,1,0,0,1,0,1,99,0
201600019792,16,3,9,1810,1,2,1,2,1,274,4615259,111260,170,4,1,1,0,3,3,0,0,2,0,1,99,0
201600019793,16,3,16,805,1,2,1,1,3,28,4613041,109811,170,4,2,2,0,1,1,0,0,1,0,1,99,0
201600019794,16,3,16,1720,1,2,1,1,6,300,4616314,115061,170,4,1,1,0,1,1,0,0,1,0,1,99,0
201600019795,16,3,18,1250,1,2,1,1,2,300,4616659,117861,170,4,1,1,0,1,1,0,0,1,0,1,99,0
201600019796,16,3,21,1605,1,2,1,1,6,300,4616038,112870,170,4,3,2,0,1,1,0,0,1,0,1,3,0
201600019797,16,3,24,1550,1,2,2,1,3,300,4616519,117501,170,4,2,2,0,1,1,0,0,1,0,1,3,0
201600019798,16,3,27,1740,1,2,1,2,2,300,4616538,113669,170,4,3,4,0,1,1,0,0,2,0,1,99,0
201600019799,16,3,27,1840,1,2,6,1,3,300,4616746,114022,170,4,1,1,0,1,2,0,0,1,0,1,99,0
201600019800,16,4,1,1740,1,2,1,1,2,300,4616809,113232,170,4,3,4,0,1,1,20,148,1,0,1,99,0
201600019801,16,4,1,2220,5,2,1,1,5,300,4614973,114720,170,4,2,2,0,1,1,0,40,1,0,1,99,0
201600019802,16,4,3,1620,1,1,1,1,2,291,4617919,109657,170,2,3,4,0,1,1,20,142,1,0,1,99,0
201600019803,16,4,3,2325,5,2,1,2,6,200,4617866,115259,170,4,3,4,0,1,3,30,150,2,0,1,99,0
201600019804,16,4,4,900,1,2,1,1,4,300,4613861,114935,170,4,2,2,0,1,1,0,69,1,0,1,99,0
201600019805,16,4,4,1735,1,2,1,2,6,300,4616349,116899,170,4,2,2,0,1,1,0,67,2,0,1,99,0
201600019806,16,4,6,745,1,2,6,1,6,300,4616453,118173,170,4,2,2,0,1,3,0,80,1,0,1,3,0
201600019807,16,4,6,1525,1,2,2,1,6,300,4615869,115964,170,4,2,2,0,1,1,0,66,1,0,1,99,0
201600019808,16,4,10,620,3,1,1,1,2,291,4617185,112081,170,2,3,4,0,1,1,27,145,1,0,1,99,0
201600019809,16,4,11,1200,1,2,1,1,2,300,4616017,119434,170,4,2,2,0,1,1,0,56,1,0,1,99,0
201600019810,16,4,12,130,5,2,1,1,6,300,4616079,117256,170,4,2,2,0,1,1,0,66,1,0,1,99,0
201600019811,16,4,12,1250,1,2,3,1,3,300,4616309,115432,170,4,1,1,0,1,1,0,0,1,0,1,99,0
201600019812,16,4,12,1810,1,2,1,1,4,300,4615685,112206,170,4,2,1,0,1,1,0,66,1,0,1,99,0
201600019813,16,4,12,1910,1,2,3,1,6,300,4615037,114611,170,4,2,2,2,2,1,0,0,1,0,1,99,0
201600019814,16,4,13,1810,1,2,1,1,4,300,4615686,112208,170,4,2,2,0,1,1,0,111,1,0,1,0,0
201600019815,16,4,14,945,1,2,1,1,6,300,4615817,114978,170,4,1,0,0,1,1,0,48,1,0,4,99,0
201600019816,16,4,14,1915,1,2,1,2,6,300,4615701,114994,170,4,1,2,0,1,1,0,58,2,0,1,99,0
201600019817,16,4,15,525,1,2,1,1,6,200,4617222,116325,170,4,2,2,0,1,1,0,64,1,0,1,0,0
201600019818,16,4,15,1440,1,2,3,1,1,300,4616241,115852,170,4,2,2,0,1,1,0,52,1,0,1,0,0
201600019819,16,4,16,853,1,2,3,1,3,300,4616422,120274,170,4,2,2,0,1,1,0,50,1,0,1,99,0
201600019820,16,4,18,950,1,2,3,1,3,300,4616664,118317,170,4,2,2,0,1,1,0,61,1,0,1,0,0
201600019821,16,4,23,1945,1,1,1,1,1,300,4618202,117334,170,4,2,1,3,1,3,0,49,1,0,1,99,0
201600019822,16,5,3,1854,1,2,1,1,1,300,4616287,114600,170,4,1,1,0,1,1,0,43,1,0,0,0,0
201600019823,16,5,3,1905,1,2,1,1,1,300,4615139,115409,170,4,2,1,0,1,1,0,77,1,0,1,0,0
201600019824,16,5,3,2340,3,1,1,1,6,291,4617920,109666,170,2,2,4,0,1,1,20,176,1,0,1,0,0
201600019825,16,5,6,1129,1,2,1,1,3,300,4615133,115411,170,4,1,1,0,1,1,0,66,1,0,1,0,0
201600019826,16,5,9,1639,1,2,1,1,1,291,4617562,111582,170,4,1,1,0,1,1,0,68,1,0,1,0,0
201600019827,16,5,11,155,5,2,1,1,6,300,4615556,115844,170,4,1,2,0,1,1,0,54,1,0,1,0,0
201600019828,16,5,16,2140,5,2,1,1,7,300,4616149,117601,170,4,3,2,0,1,2,0,34,8,0,0,0,0
201600019829,16,5,17,955,1,2,1,1,2,300,4616523,119206,170,4,2,2,0,1,1,0,59,1,0,1,99,0
201600019830,16,5,18,1505,1,2,1,2,2,300,4615622,113110,170,4,2,2,0,1,1,24,150,2,0,1,99,0
201600019831,16,5,20,2210,1,1,2,1,3,300,4615866,115952,170,4,2,2,0,1,1,0,119,1,0,1,99,0
201600019832,16,5,22,1,5,2,1,1,6,300,4615383,114848,170,4,2,2,0,1,2,0,87,0,0,1,0,0
201600019833,16,5,23,805,1,2,1,1,7,300,4614711,115515,170,4,2,2,0,1,1,0,65,1,0,1,99,0
201600019834,16,5,23,910,1,2,1,1,3,300,4616518,120154,170,4,2,2,0,2,1,0,60,1,0,1,99,0
201600019835,16,5,23,1839,2,2,1,1,1,300,4617153,119581,170,4,2,2,0,1,0,0,64,1,0,0,0,0
201600019836,16,5,24,820,1,2,1,1,4,274,4616242,109175,170,4,3,2,0,1,1,33,125,1,0,1,99,0
201600019837,16,5,26,1400,1,2,1,1,6,274,4615529,108830,170,4,2,2,0,1,2,0,57,1,0,1,99,0
201600019838,16,5,27,855,1,1,1,1,3,274,4615263,110863,170,4,2,2,0,1,1,0,55,1,0,1,99,0
201600019839,16,5,27,1025,1,2,1,1,3,291,4617617,111337,170,6,0,0,0,1,1,0,0,1,0,1,99,0
201600019840,16,5,29,2145,5,2,1,1,7,300,4616408,118190,170,4,2,2,0,1,1,0,72,9,0,1,99,0
201600019841,16,5,31,1658,1,1,1,1,2,28,4613730,110346,170,2,3,4,0,1,1,36,17,1,0,1,99,0
201600019842,16,6,3,1040,1,2,1,1,3,300,4616275,115238,170,4,1,1,0,1,1,0,45,1,0,1,99,0
201600019843,16,6,3,1453,1,2,1,1,3,300,4616912,114946,170,4,1,2,0,1,1,0,57,1,0,1,0,0
201600019844,16,6,6,1825,1,2,1,1,3,28,4614030,111095,170,4,2,2,0,1,1,0,80,1,0,1,99,0
201600019845,16,6,8,1720,1,1,1,1,6,300,4617597,121502,170,3,1,2,1,2,0,0,0,1,2,5,0,0
201600019846,16,6,8,2000,1,2,2,1,3,300,4616174,114670,170,4,1,1,0,1,1,0,33,1,0,1,3,0
201600019847,16,6,10,1205,1,2,1,1,1,300,4615870,120347,170,4,2,2,0,1,2,0,81,1,0,1,99,0
201600019848,16,6,11,1605,1,2,1,1,2,300,4615780,109232,170,4,1,2,0,1,1,0,62,1,0,1,99,0
201600019849,16,6,13,1328,1,1,1,1,2,28,4613292,111215,170,4,2,2,0,1,1,0,69,2,0,1,99,0
201600019850,16,6,13,1840,1,2,1,1,6,300,4615620,113053,170,4,2,2,0,1,1,0,84,1,0,1,99,0
201600019851,16,6,16,1615,1,2,1,1,2,300,4615081,120539,170,4,2,2,0,1,1,0,62,1,0,1,99,0
201600019852,16,6,17,1430,1,2,2,1,3,300,4616424,120274,170,4,2,2,0,1,1,0,62,1,0,1,99,0
201600019853,16,6,19,1620,1,2,2,1,3,300,4616425,120268,170,4,2,2,0,1,1,0,56,1,0,1,99,0
201600019854,16,6,20,1035,1,2,1,1,2,300,4616284,116237,170,4,2,2,0,1,1,0,51,1,0,1,99,0
201600019855,16,6,21,1335,1,2,1,1,5,300,4616671,113654,170,4,2,4,0,2,1,19,143,1,0,0,0,0
201600019856,16,6,21,2350,5,2,2,1,3,300,4615796,114229,170,4,2,4,0,1,1,0,112,1,0,1,99,0
201600019857,16,6,23,145,5,2,1,1,6,28,4613107,112245,170,4,2,2,0,1,2,0,55,1,0,1,99,0
201600019858,16,6,23,1650,1,2,1,1,3,300,4616736,113461,170,4,3,4,0,1,1,23,136,1,0,1,99,0
201600019859,16,6,23,1840,1,2,2,1,3,300,4616685,116399,170,4,2,2,0,1,1,0,63,1,0,1,99,0
201600019860,16,6,24,910,1,2,2,1,3,300,4613877,114813,170,4,3,2,0,2,1,43,88,1,0,1,99,0
201600019861,16,6,25,1200,1,2,2,1,3,300,4615939,117963,170,4,2,2,0,1,1,0,67,1,0,1,99,0
201600019862,16,6,25,1530,1,2,2,1,3,300,4614841,115337,170,4,2,2,0,1,3,0,67,0,0,1,99,0
201600019863,16,6,26,530,5,2,1,1,6,300,4615598,116584,170,4,1,1,0,1,2,0,61,1,0,1,99,0
201600019864,16,6,28,910,1,2,1,1,2,291,4617811,112398,170,4,2,2,0,1,1,0,77,1,0,1,99,0
201600019865,16,6,28,1211,1,2,3,2,3,300,4614693,114322,170,4,3,2,0,1,1,19,59,2,0,0,99,0
201600019866,16,6,28,1300,1,2,2,2,1,300,4615502,114959,170,4,1,1,3,1,1,0,38,2,0,1,99,0
201600019867,16,6,28,1733,1,1,1,1,4,28,4612085,110936,170,2,3,4,0,1,1,32,14,1,0,1,99,0
201600019868,16,6,28,2340,5,1,1,1,5,291,4617547,110869,170,2,3,2,0,1,1,20,177,1,0,1,99,0
201600019869,16,7,1,923,1,2,1,1,6,291,4617717,111558,170,4,2,2,0,1,1,0,68,1,0,1,99,0
201600019870,16,7,3,1530,1,2,1,1,6,300,4614788,114335,170,4,2,2,0,1,1,0,57,1,0,1,99,0
201600019871,16,7,5,1640,1,1,1,1,4,291,4617557,110875,170,2,3,4,0,1,1,23,177,1,0,1,99,0
201600019872,16,7,5,1909,1,2,1,1,3,300,4616003,114110,170,4,2,2,0,1,1,12,94,1,0,1,99,0
201600019873,16,7,6,830,1,2,1,1,3,200,4618987,114492,170,4,2,2,0,1,1,0,62,1,0,1,99,0
201600019874,16,7,6,1625,1,2,3,1,3,300,4616867,114985,170,4,2,2,0,1,1,35,74,1,0,1,99,0
201600019875,16,7,8,1007,1,2,1,1,3,300,4616803,113250,170,4,3,4,0,1,1,30,130,1,0,1,99,0
201600019876,16,7,14,1730,1,2,1,1,6,300,4615320,114581,170,4,0,0,3,1,1,0,0,1,0,1,99,0
201600019877,16,7,16,1032,1,1,1,1,6,300,4617182,112082,170,2,3,4,0,1,1,45,147,1,7,1,99,0
201600019878,16,7,17,300,5,2,1,1,6,300,4616680,113662,170,4,2,4,0,1,1,21,141,1,0,3,99,0
201600019879,16,7,17,405,5,1,1,1,2,291,4617219,112015,170,2,3,4,0,1,1,47,171,1,0,1,99,0
201600019880,16,7,17,1215,1,2,1,1,4,300,4616431,120192,170,4,2,2,0,1,1,0,144,1,0,1,99,0
201600019881,16,7,18,1640,1,2,1,1,3,291,4617762,111350,170,6,0,0,0,1,1,0,0,1,0,0,99,0
201600019882,16,7,21,1835,1,2,6,1,6,300,4615403,114716,170,4,2,2,0,1,1,0,97,1,0,1,99,0
201600019883,16,7,21,1830,1,1,1,1,1,274,4616854,164520,170,3,2,2,0,1,1,0,55,1,0,1,99,0
201600019884,16,7,25,1945,1,2,1,1,7,300,4614245,114996,170,4,2,2,0,1,2,0,52,1,0,1,99,0
201600019885,16,7,26,1311,1,2,2,1,3,300,4614921,115879,170,4,2,2,0,1,1,0,63,1,0,1,99,0
201600019886,16,7,26,1415,1,2,4,1,3,300,4615830,114451,170,4,2,2,0,1,1,0,92,1,0,1,99,0
201600019887,16,7,26,1418,1,2,2,1,3,300,4616423,115180,170,4,1,1,1,1,1,0,47,1,0,1,99,0
201600019888,16,7,30,1055,1,2,1,1,3,300,4614860,116083,170,4,2,2,0,1,1,0,76,1,0,1,99,0
201600019889,16,8,1,1455,1,2,1,1,2,300,4614089,116196,170,4,2,4,0,1,1,27,109,1,0,1,99,0
201600019890,16,8,2,1415,1,1,1,1,2,300,4617221,112012,170,2,2,4,0,1,1,47,173,1,0,1,99,0
201600019891,16,8,2,1945,1,2,2,1,3,300,4615968,116573,170,4,2,4,0,2,1,0,87,1,5,1,99,0
201600019892,16,8,3,1109,1,2,1,1,2,200,4617928,115959,170,4,2,2,0,1,1,0,49,1,0,1,99,0
201600019893,16,8,4,1840,1,2,2,1,3,300,4617140,117700,170,4,2,2,0,1,1,0,67,1,5,1,99,0
201600019894,16,8,9,1559,1,2,1,1,6,300,4616542,120505,170,4,2,2,0,1,1,0,50,1,0,4,99,0
201600019895,16,8,10,800,1,1,1,1,2,28,4613729,110345,170,2,2,4,0,1,1,37,138,1,0,1,99,0
201600019896,16,8,11,2155,5,2,2,1,3,300,4616245,115849,170,4,2,3,0,1,1,0,113,1,0,1,99,0
201600019897,16,8,22,1832,1,2,3,1,3,300,4616272,116147,170,4,2,2,0,1,1,0,56,1,0,1,99,0
201600019898,16,8,22,1951,1,2,6,1,6,300,4616749,114037,170,4,2,2,0,1,1,73,78,1,0,1,99,0
201600019899,16,8,24,1556,1,2,1,1,6,300,4616684,113614,170,4,2,4,0,1,1,25,135,1,0,1,99,0
201600019900,16,8,27,1242,1,2,1,1,6,291,4617460,111700,170,4,2,2,0,1,1,0,63,1,0,1,99,0
201600019901,16,8,28,1847,1,2,1,1,6,300,4615584,117059,170,4,1,2,0,1,2,0,85,1,0,1,99,0
201600019902,16,8,29,1220,1,2,3,1,2,300,4616916,112913,170,4,2,4,0,1,1,0,154,1,0,1,99,0
201600019903,16,8,30,1110,1,2,1,1,2,28,4613220,110989,170,4,2,2,0,1,1,0,68,1,0,1,99,0
201600019904,16,8,30,1908,1,2,1,1,3,300,4616365,112533,170,4,2,2,1,1,3,0,61,1,0,1,99,0
201600019905,16,8,30,2215,5,2,3,1,3,28,4613814,112939,170,4,2,2,0,1,1,0,108,1,0,1,99,0
201600019906,16,9,2,906,1,2,2,1,6,300,4615209,112429,170,4,2,2,0,1,1,0,67,1,0,1,3,0
201600019907,16,9,4,1507,1,1,1,1,2,300,4617707,121169,170,3,2,2,0,1,1,0,77,1,0,1,99,0
201600019908,16,9,4,2150,5,2,1,1,7,300,4614734,115527,170,4,1,1,3,1,1,0,27,1,0,1,99,0
201600019909,16,9,4,2300,5,2,1,1,6,300,4616029,115339,170,4,1,2,1,1,1,0,43,1,0,1,99,0
201600019910,16,9,6,815,1,2,1,1,2,300,4616616,112568,170,4,2,2,0,1,3,0,68,1,0,1,99,0
201600019911,16,9,6,1810,1,2,1,1,7,200,4617860,115242,170,3,3,4,0,1,1,21,154,1,0,1,99,0
201600019912,16,9,10,1751,1,2,9,1,3,300,4616251,112129,170,2,1,1,0,1,1,0,78,1,3,1,99,0
201600019913,16,9,11,1824,1,1,1,1,6,200,4619353,114128,170,3,2,2,0,1,1,0,73,1,0,1,99,0
201600019914,16,9,15,2350,5,2,1,1,7,300,4615082,115263,170,5,2,2,0,1,1,0,219,1,0,0,99,0
201600019915,16,9,15,1633,1,2,2,1,2,300,4616960,116989,170,4,2,2,0,1,1,0,103,1,0,1,99,0
201600019916,16,9,23,1640,1,2,3,1,3,300,4615312,114629,170,4,2,2,0,1,1,0,192,1,0,1,99,0
201600019917,16,9,23,1822,1,1,1,1,4,300,4617368,117828,170,2,3,4,0,1,1,0,13,1,0,1,99,0
201600019918,16,9,24,345,5,2,1,1,6,28,4613165,110447,170,4,2,2,0,1,1,0,51,1,0,1,99,0
201600019919,16,9,24,1700,1,2,1,1,7,300,4616572,115385,170,4,2,4,3,1,1,29,133,1,0,1,3,0
201600019920,16,9,25,50,5,2,1,1,2,300,4614859,114392,170,4,2,2,0,1,1,0,107,1,0,1,0,0
201600019921,16,9,25,1400,1,2,1,1,3,300,4616514,119284,170,4,2,2,0,1,1,0,61,1,5,1,99,0
201600019922,16,9,27,2100,5,2,3,1,3,300,4617139,117700,170,4,2,2,0,1,1,0,50,1,0,1,99,0
201600019923,16,9,28,1122,1,2,1,1,3,300,4615580,117047,170,4,1,1,0,1,1,0,38,1,0,1,99,0
201600019924,16,9,28,2340,5,2,1,1,6,300,4614778,114331,170,4,2,2,0,1,2,0,59,1,0,1,99,0
201600019925,16,9,29,851,1,2,2,1,3,300,4616749,109320,170,4,2,2,0,1,1,0,66,1,0,1,99,0
201600019926,16,9,30,1320,1,2,1,1,6,300,4616029,115572,170,4,2,2,0,1,1,0,55,1,0,1,99,0
201600019927,16,10,2,550,2,2,1,1,7,300,4616144,118352,170,4,2,2,0,1,1,0,70,1,0,1,99,0
201600019928,16,10,2,1620,1,2,2,1,3,300,4616150,116392,170,4,2,2,0,1,1,0,41,1,0,1,99,0
201600019929,16,10,4,1345,1,2,3,1,3,300,4615782,114457,170,4,1,2,0,1,1,0,0,1,0,1,99,0
201600019930,16,10,5,800,1,2,1,1,6,300,4616294,115141,170,4,1,1,0,1,1,0,35,1,0,1,99,0
201600019931,16,10,5,1725,1,2,1,1,3,300,4616383,117230,170,4,2,2,0,1,1,0,48,1,0,1,99,0
201600019932,16,10,6,1538,1,2,2,1,1,300,4614104,114127,170,4,2,2,0,1,1,0,72,1,0,1,99,0
201600019933,16,10,6,1719,1,1,1,1,6,28,4613731,110345,170,2,2,4,0,1,1,41,138,1,0,1,99,0
201600019934,16,10,7,1721,1,1,1,1,2,291,4617160,112071,170,2,2,4,0,1,1,40,139,1,0,1,99,0