Num_Acc,an,mois,jour,hrmn,lum,agg,int,atm,col,com,lat,long,dep,catr,circ,nbv,vosp,prof,plan,lartpc,larrout,surf,infra,situ,env1,killed
201600019935,16,10,7,1819,1,1,1,1,2,28,4612086,110935,170,2,2,4,0,1,1,41,138,1,0,1,99,0
201600019936,16,10,8,2300,5,2,1,1,6,300,4616798,119508,170,4,2,2,0,1,1,0,62,1,0,1,99,0
201600019937,16,10,11,1705,1,2,1,1,6,300,4614809,114344,170,4,2,2,0,1,1,0,58,1,0,1,99,0
201600019938,16,10,12,1200,1,2,2,1,6,300,4616304,109540,170,4,2,2,0,1,1,0,90,1,0,1,99,0
201600019939,16,10,12,1846,1,2,2,1,6,300,4616354,115468,170,4,1,1,0,1,1,0,40,1,0,1,99,0
201600019940,16,10,14,1815,1,2,3,1,3,300,4616938,112148,170,4,1,1,0,1,1,0,44,1,0,1,99,0
201600019941,16,10,14,2330,5,2,1,1,6,200,4617821,115326,170,4,1,2,0,1,1,0,0,1,0,1,99,0
201600019942,16,10,15,1630,1,1,6,1,3,291,4617359,111201,170,3,1,1,0,2,3,0,57,1,0,1,99,0
201600019943,16,10,16,340,5,2,1,1,6,300,4616351,116977,170,4,2,2,0,1,2,0,82,1,0,1,99,0
201600019944,16,10,17,915,1,2,6,1,3,300,4616134,118303,170,4,1,1,0,1,1,0,65,1,0,1,99,0
201600019945,16,10,17,1730,1,2,2,1,1,300,4616166,114549,170,4,1,1,0,1,1,0,51,1,0,1,99,0
201600019946,16,10,18,1825,1,2,1,1,6,300,4616048,114838,170,4,1,1,0,1,1,0,84,1,0,1,99,0
201600019947,16,10,20,820,1,2,1,1,6,300,4616356,113834,170,4,2,2,0,1,1,0,87,1,0,1,99,0
201600019948,16,10,22,1740,1,1,6,1,6,274,4615434,111233,170,4,1,2,0,1,1,0,93,1,0,1,99,0
201600019949,16,10,24,935,1,1,1,2,6,300,4617105,119055,170,2,3,4,0,1,1,35,13,2,0,1,99,0
201600019950,16,10,26,1630,1,2,4,1,3,300,4617021,115229,170,4,2,2,0,1,1,0,105,1,0,1,99,0
201600019951,16,10,28,900,1,2,1,1,7,300,4616212,115542,170,4,2,2,0,1,1,0,48,1,0,1,3,0
201600019952,16,11,2,920,1,2,2,1,6,300,4615944,116416,170,4,2,2,0,1,1,0,89,1,0,1,99,0
201600019953,16,11,2,1653,1,2,1,1,2,28,4612087,110935,170,2,2,4,0,2,1,34,139,1,0,1,99,0
201600019954,16,11,4,2100,5,2,1,2,3,300,4616248,115867,170,4,2,2,0,1,1,0,94,2,0,1,99,0
201600019955,16,11,5,1725,1,2,3,1,3,300,4617082,118653,170,4,2,2,0,1,1,0,46,1,0,1,99,0
201600019956,16,11,5,2310,5,2,2,1,3,300,4615795,114231,170,4,2,2,0,1,1,0,106,1,0,1,99,0
201600019957,16,11,6,2145,5,2,2,1,1,300,4615870,115950,170,4,2,2,0,1,1,0,92,1,0,1,99,0
201600019958,16,11,6,2216,5,1,1,1,6,291,4617738,110227,170,2,3,4,0,2,1,22,174,1,0,1,99,1
201600019959,16,11,8,1015,1,1,4,1,4,200,4618068,114771,170,2,1,2,0,1,1,0,2,1,3,1,99,1
201600019960,16,11,9,834,2,2,2,6,3,300,4616430,120177,170,4,2,2,0,1,1,0,78,1,0,1,99,0
201600019961,16,11,9,1713,1,2,2,1,3,300,4614991,115555,170,4,2,2,0,1,1,0,92,1,0,1,99,0
201600019962,16,11,13,1020,1,2,2,1,2,200,4618614,115096,170,3,3,4,0,1,1,14,162,1,0,1,99,0
201600019963,16,11,16,1806,5,2,1,1,6,300,4616661,114113,170,4,2,2,0,1,1,0,61,1,0,1,99,0
201600019964,16,11,17,1837,5,2,1,1,6,300,4615028,115289,170,4,2,2,0,1,3,0,85,1,0,1,99,0
201600019965,16,11,18,749,5,2,1,2,6,300,4615692,114229,170,4,2,2,0,1,1,0,85,2,0,1,3,0
201600019966,16,11,18,756,5,2,1,1,3,300,4614461,115295,170,4,2,2,0,1,1,0,66,1,0,1,99,0
201600019967,16,11,18,831,1,1,1,1,4,291,4617192,112086,170,2,3,4,0,1,1,39,165,2,0,1,99,0
201600019968,16,11,18,1749,2,2,1,2,2,200,4617820,115339,170,4,2,2,0,2,1,0,55,2,0,1,99,0
201600019969,16,11,20,2320,5,2,1,2,3,300,4616924,112882,170,4,3,4,0,1,1,27,123,2,0,1,99,0
201600019970,16,11,23,2235,5,2,1,2,6,300,4615881,114979,170,4,1,2,0,1,1,0,78,2,0,1,99,0
201600019971,16,11,24,1116,1,1,1,2,3,28,4613730,110347,170,2,2,4,0,1,2,32,153,2,0,1,99,0
201600019972,16,11,24,1802,5,2,1,1,6,300,4615666,111865,170,4,2,2,0,1,1,0,127,1,0,1,99,0
201600019973,16,11,25,855,1,2,1,1,3,300,4614613,115436,170,4,2,2,0,1,1,0,58,1,0,1,99,0
201600019974,16,11,27,2040,5,1,1,1,1,28,4612087,110935,170,2,3,2,0,1,1,0,0,1,0,1,99,0
201600019975,16,11,25,1230,1,1,1,1,3,28,4613413,112028,170,4,2,2,0,1,1,45,54,1,0,1,99,0
201600019976,16,11,30,810,1,2,1,1,3,300,4617347,115036,170,4,2,4,0,1,1,43,135,1,0,1,3,0
201600019977,16,12,1,430,1,1,1,1,5,291,4617919,109662,170,2,2,4,3,1,1,2,139,1,0,1,99,0
201600019978,16,12,3,539,3,1,1,9,7,200,4619596,115660,170,4,2,2,0,1,3,0,61,7,0,1,99,0
201600019979,16,12,4,1105,1,2,2,1,3,300,4616312,116515,170,4,2,2,0,1,1,0,81,1,0,1,99,0
201600019980,16,12,5,1532,1,2,1,1,2,291,4617737,111595,170,4,2,2,0,1,1,0,58,1,0,1,99,0
201600019981,16,12,7,1535,1,2,1,1,6,28,4612704,109856,170,4,2,2,0,1,1,0,55,1,0,1,3,0
201600019982,16,12,9,921,1,2,2,1,3,200,4618950,114297,170,4,2,2,0,1,0,0,61,1,0,1,99,0
201600019983,16,12,10,2240,5,2,2,1,3,300,4619512,112099,170,4,2,2,3,1,1,0,74,1,4,1,99,0
201600019984,16,12,12,1157,1,2,1,1,3,291,4617711,111559,170,4,2,2,0,1,3,0,59,1,0,1,99,0
201600019985,16,12,12,1532,1,1,1,1,7,291,4617184,112080,170,2,2,4,3,1,1,36,172,1,0,1,99,0
201600019986,16,12,12,1647,1,2,1,1,6,200,4617478,116681,170,3,2,2,3,1,1,0,64,1,0,1,3,0
201600019987,16,12,15,1552,1,2,1,1,3,300,4616369,117610,170,4,2,2,0,1,1,0,68,1,0,1,3,0
201600019988,16,12,16,130,5,2,1,2,7,300,4615483,113601,170,4,3,2,0,1,2,0,96,2,0,1,99,0
201600019989,16,12,16,1057,1,2,1,1,3,300,4614648,115239,170,4,2,2,0,1,1,0,65,1,0,1,99,0
201600019990,16,12,16,1906,5,2,1,1,2,300,4616419,117551,170,4,2,2,3,1,1,0,112,1,0,1,99,0
201600019991,16,12,22,1,5,2,1,3,2,300,4615157,113967,170,4,1,2,0,0,2,0,27,2,0,1,99,0
201600019992,16,12,22,1355,1,2,1,2,3,300,4616823,113192,170,4,2,4,0,2,1,25,129,2,0,1,99,0
201600019993,16,12,29,1135,1,2,1,1,3,300,4616459,118119,170,4,2,2,3,2,1,0,59,1,0,1,99,0
201600019994,16,11,2,1805,1,2,1,1,6,306,4562478,102429,170,4,2,3,0,1,3,0,82,1,0,1,99,0
201600019995,16,11,23,820,1,2,6,1,6,333,4560750,99242,170,4,1,1,0,1,1,0,82,1,0,1,0,0
201600019996,16,10,5,140,5,2,1,1,6,306,4561943,103169,170,4,1,1,0,1,2,0,92,1,0,1,0,0
201600019997,16,1,3,1235,1,2,1,1,6,380,4564423,109120,170,4,2,2,0,3,0,0,72,1,0,1,99,0
201600019998,16,1,8,1810,5,2,1,1,6,306,4562390,101436,170,4,2,0,0,2,1,0,0,2,0,1,99,0
201600019999,16,1,8,2259,5,2,1,1,6,461,4565256,104296,170,4,2,2,0,1,1,0,0,1,0,1,0,0
201600020000,16,1,12,1434,1,2,3,1,3,306,4563359,103704,170,4,2,2,0,1,1,0,0,1,0,1,0,0
201600020001,16,1,15,1145,1,2,1,1,6,306,4563720,102250,170,4,2,2,0,1,1,0,0,1,0,1,99,0
201600020002,16,1,18,1150,1,2,6,1,6,306,4562560,104964,170,4,0,0,0,1,1,0,0,1,0,1,0,0
201600020003,16,1,15,1215,1,2,1,1,2,306,4562869,99493,170,2,0,1,0,1,1,0,0,1,0,0,0,0
201600020004,16,2,2,1650,1,2,1,1,2,306,4562274,103100,170,4,0,1,0,1,1,0,0,1,0,1,0,0
201600020005,16,2,5,1305,1,1,1,1,6,461,4565112,104920,170,3,3,4,0,1,1,0,0,1,0,1,0,0
201600020006,16,2,12,1057,1,2,1,1,6,306,4562478,102904,170,4,0,1,0,0,0,0,0,1,0,1,0,0
201600020007,16,2,14,35,3,1,1,1,1,306,4563852,102144,170,3,2,2,0,1,1,0,0,1,0,1,0,0
201600020008,16,3,1,1515,1,2,1,1,3,306,4562742,104289,170,4,2,2,0,1,1,0,0,1,0,1,0,0
201600020009,16,4,5,2145,5,2,2,1,3,461,4564831,106317,170,4,2,2,0,0,0,0,60,0,0,0,0,0
201600020010,16,4,11,1500,1,2,2,1,3,306,4562675,104352,170,4,2,2,0,1,1,0,59,1,0,1,0,0
201600020011,16,4,17,1140,1,1,1,1,3,380,4566499,113775,170,3,2,2,0,1,1,0,61,1,0,1,0,0
201600020012,16,4,24,1340,1,2,1,1,1,306,4563582,103473,170,4,2,2,0,1,1,0,56,1,0,1,0,0
201600020013,16,5,4,1001,1,1,1,1,6,333,4559311,97060,170,3,2,2,0,1,3,0,73,1,0,1,0,0
201600020014,16,5,8,1215,1,2,1,1,6,306,4562918,103748,170,4,2,2,0,1,1,0,55,1,0,1,99,0
201600020015,16,5,8,2239,5,2,1,1,7,306,4561638,100914,170,4,0,1,3,1,1,0,34,0,6,0,3,0
201600020016,16,5,11,1040,1,2,2,1,3,306,4564896,102444,170,4,2,2,0,1,1,0,43,1,0,1,99,0
201600020017,16,5,15,1922,1,2,1,1,5,461,4563352,106570,170,4,2,2,0,1,1,0,63,1,0,1,99,1
201600020018,16,5,19,2311,3,2,1,1,6,380,4567289,114578,170,4,2,2,0,1,1,0,91,1,0,1,99,0
201600020019,16,5,21,1045,1,2,3,1,6,333,4560547,97169,170,4,2,2,0,0,0,0,42,0,0,1,0,0
201600020020,16,5,21,1303,1,2,6,1,3,306,4563638,102873,170,4,2,2,0,1,1,0,83,0,0,1,99,0
201600020021,16,6,5,745,2,2,1,1,6,306,4562797,105294,170,6,0,0,0,1,1,0,78,1,0,1,99,0
201600020022,16,6,9,1650,1,1,1,1,1,380,4565612,109375,170,3,2,2,0,1,1,0,64,1,0,1,0,0
201600020023,16,6,9,1720,1,2,1,1,2,306,4562361,101298,170,4,3,2,0,1,1,23,65,1,0,1,0,0
201600020024,16,6,19,1025,1,2,1,1,6,306,4562642,105071,170,4,2,2,0,1,1,0,54,1,0,1,0,0
201600020025,16,6,21,1130,1,2,1,1,7,306,4563503,103512,170,4,2,3,0,1,1,0,80,0,0,1,99,0
201600020026,16,6,22,1810,1,2,3,1,3,306,4563176,103767,170,4,2,2,0,1,1,0,55,1,0,1,0,0
201600020027,16,6,30,1830,1,2,1,1,2,306,4561378,101081,170,4,2,2,0,1,1,0,67,2,0,1,0,0
201600020028,16,7,4,2155,1,2,5,1,1,306,4563193,103169,170,4,2,3,0,1,1,0,84,0,0,1,0,0
201600020029,16,7,9,755,1,2,1,1,2,306,4562463,102493,170,4,2,4,0,1,1,0,105,0,0,1,0,0
201600020030,16,7,11,725,1,1,2,1,3,380,4565387,110362,170,3,2,3,0,1,1,0,99,0,0,1,0,0
201600020031,16,7,12,220,5,1,1,1,1,380,4565673,109118,170,3,2,2,0,1,1,0,66,1,0,0,0,0
201600020032,16,7,12,2240,5,1,1,1,4,306,4563941,102611,170,3,2,2,0,1,1,0,69,1,0,1,0,0
201600020033,16,7,17,1630,1,1,1,1,4,333,4560883,97636,170,3,2,2,0,1,1,0,71,0,0,1,0,0
201600020034,16,7,19,1110,1,2,1,1,6,306,4562558,103053,170,4,1,1,0,1,1,0,34,1,0,1,0,0
201600020035,16,7,19,1130,1,2,1,1,6,306,4561903,101662,170,4,2,2,0,1,1,0,68,1,0,1,0,0
201600020036,16,7,20,2345,5,2,6,1,6,461,4537516,103214,170,4,1,1,0,1,1,0,57,1,0,1,0,0
201600020037,16,7,22,1025,1,1,1,1,2,306,4563781,101974,170,3,2,2,0,1,1,0,68,1,0,1,0,0
201600020038,16,7,31,1245,1,1,1,1,3,306,4562932,100397,170,3,2,2,0,1,1,0,86,1,0,1,0,0
201600020039,16,8,2,1625,1,1,1,1,1,380,4566276,107738,170,3,2,2,0,1,1,0,77,1,0,1,0,0
201600020040,16,8,3,1458,1,2,1,1,6,380,4564555,107422,170,4,2,2,0,1,1,0,34,1,0,1,0,0
201600020041,16,8,4,2340,5,2,1,1,2,306,4562503,104765,170,4,2,2,0,1,1,0,69,1,0,1,0,0
201600020042,16,8,5,1830,1,2,6,1,3,306,4563185,103192,170,4,0,1,0,1,1,0,0,1,0,1,0,0
201600020043,16,8,8,1754,1,2,1,1,2,306,4561949,101721,170,4,2,2,0,1,1,0,68,1,0,1,0,0
201600020044,16,8,8,1815,1,2,1,1,2,306,4564230,102476,170,3,2,2,0,1,1,0,82,1,0,1,0,0
201600020045,16,8,9,1750,1,2,1,1,3,306,4562686,101875,170,4,2,2,0,1,1,0,119,1,0,1,0,0
201600020046,16,8,12,1045,1,1,1,1,3,380,4564767,111138,170,4,1,1,0,1,1,0,23,1,0,5,0,0
201600020047,16,8,15,2350,5,2,1,1,3,306,4562486,102559,170,4,2,4,0,1,1,0,103,1,0,1,0,0
201600020048,16,8,20,1050,1,2,1,1,6,380,4564717,109710,170,4,2,2,0,1,1,0,73,1,0,1,0,0
201600020049,16,8,22,918,1,2,1,1,6,306,4562519,102797,170,4,1,1,0,1,1,0,27,1,0,1,0,0
201600020050,16,8,26,1918,1,2,1,1,6,306,4562070,103070,170,4,2,4,0,1,1,17,160,1,0,1,0,0
201600020051,16,8,28,859,1,2,1,1,6,306,4563834,102719,170,4,2,3,0,1,1,42,104,1,0,1,0,0
201600020052,16,8,31,1430,1,2,4,1,3,306,4563038,103232,170,4,2,2,0,1,1,21,61,0,0,1,0,0
201600020053,16,9,3,600,1,2,1,1,6,333,4560181,100107,170,4,2,2,0,1,1,0,60,1,0,1,0,0
201600020054,16,9,5,1910,1,2,1,1,6,306,4562368,103150,170,4,1,1,0,1,1,0,43,1,0,1,0,0
201600020055,16,9,23,915,1,2,1,1,3,306,4563167,98753,170,4,2,2,0,1,1,0,54,1,0,1,0,0
201600020056,16,10,6,1430,1,2,1,1,6,306,4562296,102899,170,4,1,1,0,1,1,0,5,1,0,1,0,0
201600020057,16,10,7,1010,1,1,1,1,3,306,4564907,102445,170,4,2,2,0,1,1,0,56,1,0,1,99,0
201600020058,16,10,7,1720,1,2,1,1,6,333,4561216,99091,170,4,2,2,0,1,1,0,85,1,0,1,0,0
201600020059,16,10,19,1540,1,2,1,1,2,461,4563807,105952,170,4,2,2,0,1,1,0,55,1,0,0,0,0
201600020060,16,10,26,1742,1,2,1,1,3,306,4563043,99212,170,4,2,2,0,1,1,0,58,1,0,1,99,0
201600020061,16,10,27,1405,1,2,6,1,6,333,4560467,98174,170,4,2,2,0,1,0,0,69,1,0,1,99,0
201600020062,16,10,28,855,1,2,1,1,6,306,4563341,98064,170,2,2,2,0,1,1,0,70,1,0,1,99,0
201600020063,16,10,29,945,1,2,1,1,6,461,4564473,106065,170,4,2,2,0,1,1,0,53,1,0,0,99,0
201600020064,16,10,31,930,1,2,3,1,3,306,4565152,102388,170,3,2,2,0,1,1,0,75,1,0,0,99,0
201600020066,16,11,12,1812,1,1,1,1,4,306,4562474,102675,170,4,2,4,0,1,1,0,109,2,0,1,0,0
201600020067,16,11,14,1810,1,2,1,1,6,306,4562494,102335,170,4,2,2,0,1,1,0,97,1,0,1,99,0
201600020068,16,11,17,845,1,2,2,1,3,461,4564728,105814,170,4,2,2,0,1,1,0,64,1,0,1,99,0
201600020069,16,11,18,830,5,2,2,1,3,306,4562592,103081,170,4,1,1,0,1,1,0,39,1,0,0,99,0
201600020070,16,11,21,1605,1,1,1,1,5,306,4563222,100932,170,3,2,2,0,1,1,0,72,1,0,1,0,0
201600020071,16,11,24,1027,1,2,1,1,6,306,4562566,100014,170,4,2,2,0,1,1,60,90,1,0,1,0,0
201600020072,16,11,24,1115,1,2,2,1,3,333,4560461,99904,170,4,2,2,0,0,1,0,59,0,0,1,0,0
201600020073,16,11,28,915,1,2,1,1,6,306,4562178,102009,170,4,2,2,0,1,1,0,65,1,0,0,0,0
201600020074,16,11,29,950,1,2,6,1,3,380,4564438,109128,170,4,1,1,0,1,1,0,70,1,0,0,0,0
201600020075,16,11,29,1352,1,2,3,1,3,306,4563791,103995,170,4,2,2,0,1,1,0,93,1,0,1,0,0
201600020076,16,12,3,1830,1,2,1,1,6,333,4560613,100825,170,4,2,2,0,1,1,0,76,1,0,1,0,0
201600020077,16,12,16,1810,1,2,1,1,6,306,4562527,99864,170,3,2,2,0,1,1,0,69,1,0,0,0,0
201600020078,16,1,14,1315,1,1,1,4,6,85,4930666,80846,270,1,3,2,0,1,1,90,650,5,4,3,0,1
201600020079,16,2,23,1645,1,2,1,1,6,56,4908445,59149,270,4,2,1,0,2,1,0,490,1,0,1,0,1
201600020080,16,5,9,830,1,1,1,1,3,131,4915477,68535,270,3,2,2,0,3,2,0,0,1,0,1,0,1
201600020081,16,6,20,915,1,1,1,2,1,253,4915482,72572,270,3,2,2,0,2,2,0,0,1,0,1,0,1
201600020082,16,9,10,1330,1,1,2,1,3,50,4909086,79923,270,3,2,0,0,1,1,0,72,1,5,1,0,0
201600020083,16,10,29,500,3,1,1,1,1,251,4910238,69368,270,3,2,2,0,1,3,0,733,1,0,1,0,1
201600020084,16,10,30,1145,1,1,1,1,6,463,4915141,62016,270,1,3,0,0,1,1,100,690,1,0,1,0,0
201600020085,16,11,6,1915,3,1,1,1,2,552,4900520,44269,270,1,3,2,0,1,1,150,750,1,0,1,0,0
201600020086,16,11,27,1730,2,1,1,1,1,695,4914689,84976,270,3,2,2,0,2,2,0,0,1,0,1,0,1
201600020087,16,11,25,1705,1,2,7,8,7,246,4414871,74068,400,3,2,2,0,1,0,7,320,1,0,0,0,0
201600020088,16,3,6,1830,3,1,1,2,6,462,4870762,5034,610,1,3,4,0,1,1,45,210,2,0,1,0,0
201600020089,16,4,17,1615,1,1,1,1,6,256,4865999,7692,610,1,3,4,0,1,1,10,75,1,3,2,99,0
201600020090,16,5,30,1600,1,1,1,8,6,385,4882641,35606,610,1,3,4,0,1,1,8,150,1,0,2,99,1
201600020091,16,6,11,730,2,1,1,1,7,282,4889969,39269,610,1,3,4,0,1,1,30,140,1,0,3,99,0
201600020092,16,8,19,15,3,1,1,1,2,181,4877801,31250,610,1,3,2,0,2,1,5,96,1,0,1,0,0
201600020093,16,11,15,730,2,1,9,5,6,461,4884911,37390,610,1,1,0,0,1,1,0,0,2,0,0,99,0
201600020094,16,11,18,1630,1,1,1,8,6,275,4869179,23760,610,1,3,4,0,1,1,7,96,1,0,1,99,0
201600020095,16,11,25,1115,1,1,1,1,6,310,4870234,24444,610,1,3,4,0,2,1,7,94,1,0,3,99,0
201600020096,16,12,11,1415,1,1,1,1,6,511,4869156,1018,610,1,3,4,0,1,1,26,67,1,2,1,99,0
201600020097,16,12,12,740,2,1,1,9,7,173,4872337,5953,610,1,3,4,0,1,3,0,0,2,0,3,99,0
201600020098,16,12,31,2345,5,2,1,1,6,415,4574163,63656,170,4,2,3,0,1,1,0,120,1,2,1,99,0
201600020099,16,1,1,1610,2,2,1,1,2,415,4574675,61824,170,4,2,2,0,0,0,0,0,0,0,1,0,0
201600020100,16,1,2,1845,5,2,1,1,3,415,4574497,63881,170,4,2,2,0,0,0,0,0,0,0,1,0,0
201600020101,16,1,6,1630,2,2,6,1,2,415,4573371,64555,170,4,1,1,0,0,0,0,0,0,0,1,0,0
201600020102,16,1,7,1820,2,2,1,1,3,415,4575761,64484,170,4,2,2,2,1,1,0,70,1,0,1,0,0
201600020103,16,1,12,1805,2,2,3,1,3,415,4573980,61928,170,3,2,2,0,0,0,0,0,0,0,1,0,0
201600020104,16,1,12,1855,5,2,1,2,6,415,4574652,62609,170,4,1,1,0,1,1,0,70,2,0,1,0,0
201600020105,16,1,14,1340,1,1,1,1,4,415,4572289,63993,170,3,2,2,0,1,2,0,80,1,0,1,0,0
201600020106,16,1,22,1535,1,1,1,1,2,415,4574573,59351,170,2,2,2,0,1,1,0,80,1,0,1,0,0
201600020107,16,1,24,500,1,1,1,1,2,415,4574064,62299,170,4,1,2,0,2,1,0,100,1,0,1,0,0
201600020108,16,2,5,1330,1,2,3,1,6,415,4574391,62071,170,4,2,2,0,1,1,0,60,1,0,1,0,1
201600020109,16,2,5,1915,5,2,1,1,3,415,4575409,65481,170,4,2,2,0,0,0,0,0,0,0,1,0,0
201600020110,16,2,18,1640,1,2,1,1,6,415,4574661,62292,170,4,2,2,0,1,1,0,80,1,0,1,0,0
201600020111,16,2,19,1333,1,2,6,1,1,415,4574099,62240,170,4,1,1,0,0,0,0,0,0,0,0,0,0
201600020112,16,3,4,925,1,1,1,1,1,415,4572427,68313,170,3,2,2,0,0,0,0,0,0,0,1,0,0
201600020113,16,3,18,1640,1,2,6,1,3,415,4574791,65868,170,4,2,2,0,2,2,0,85,1,5,1,0,0
201600020114,16,3,25,1625,1,1,1,1,2,415,4571205,69840,170,2,3,4,0,1,1,26,192,1,0,1,0,0
201600020115,16,3,28,1845,2,2,1,1,2,415,4575185,65036,170,4,2,2,0,0,0,0,0,0,0,1,0,0
201600020116,16,4,1,1835,1,2,1,1,1,415,4574691,61477,170,4,2,2,0,1,1,0,80,1,5,1,0,0
201600020117,16,4,4,400,5,2,2,1,3,415,4574703,63050,170,4,2,3,0,1,1,0,110,1,5,1,0,0
201600020118,16,4,8,1800,1,2,2,1,3,415,4574819,63909,170,4,2,2,0,2,1,0,60,1,5,1,0,0
201600020119,16,4,11,1925,2,2,6,1,3,415,4574563,62041,170,4,2,2,0,0,0,0,57,0,0,1,0,0
201600020120,16,4,13,2325,5,2,1,1,6,415,4573605,64444,170,4,2,2,0,1,1,0,115,1,0,1,0,0
201600020121,16,4,20,1415,1,2,2,1,1,415,4574453,62718,170,4,1,1,0,1,1,0,60,1,5,1,0,0
201600020122,16,4,27,1250,1,2,1,1,3,415,4575392,65446,170,4,2,2,0,0,0,0,60,0,0,1,0,0
201600020123,16,4,29,1050,1,2,3,1,3,415,4574638,61848,170,4,2,2,0,1,1,0,92,1,5,1,0,0
201600020124,16,5,7,2000,2,1,1,1,6,415,4578525,65221,170,3,2,2,0,2,3,0,75,1,0,3,0,0
201600020125,16,5,12,915,1,1,3,1,1,415,4574303,66878,170,4,2,2,0,2,1,0,85,1,5,1,0,0
201600020126,16,5,19,1540,1,1,1,1,6,415,4573014,62242,170,2,3,4,0,1,3,27,115,1,0,1,0,0
201600020127,16,6,1,1900,1,2,1,1,2,415,4574679,62643,170,4,2,2,0,1,1,0,110,1,0,1,0,0
201600020128,16,6,3,1425,1,1,1,1,5,415,4575240,65154,170,4,2,2,0,1,1,0,110,1,0,1,0,0
201600020129,16,6,9,1530,1,2,1,1,2,415,4574984,66671,170,4,2,2,0,2,2,0,100,1,0,1,0,0
201600020130,16,6,24,1155,1,2,2,1,2,415,4574704,63047,170,4,2,3,0,2,1,0,87,1,5,1,0,0
201600020131,16,7,9,1650,1,2,3,1,3,415,4574517,63867,170,4,2,2,2,1,1,0,115,1,5,1,0,0
201600020132,16,7,13,735,1,2,3,1,6,415,4575633,64415,170,4,2,2,0,1,1,0,60,1,5,1,0,1
201600020133,16,7,21,315,3,1,1,1,6,415,4571204,69851,170,2,2,4,0,1,1,0,140,1,0,3,0,0
201600020134,16,7,29,2335,5,1,3,1,3,415,4574530,66966,170,4,2,3,0,3,3,0,110,1,5,1,0,0
201600020135,16,8,9,1925,1,2,1,1,6,415,4574651,62118,170,4,2,2,0,0,0,0,60,0,0,1,0,0
201600020136,16,8,11,1125,1,2,1,1,2,415,4573938,61848,170,4,2,2,0,1,1,0,85,1,0,1,0,0
201600020137,16,8,11,1210,1,2,1,1,2,415,4573995,61969,170,4,2,2,0,0,0,0,50,0,0,1,0,0
201600020138,16,8,13,1916,1,2,1,1,3,415,4574170,62385,170,4,2,2,0,1,1,0,67,0,0,1,0,0
201600020139,16,7,13,2005,2,2,9,1,2,415,4573219,65870,170,2,2,2,0,2,1,0,98,1,3,1,0,0
201600020140,16,8,14,2105,1,2,1,1,6,415,4574326,63995,170,4,2,2,2,1,1,0,110,1,0,1,0,0
201600020141,16,8,13,2000,2,1,9,1,2,415,4574107,66006,170,4,1,1,0,1,1,0,85,1,5,1,0,0
201600020142,16,8,17,915,1,2,1,1,1,415,4574566,61750,170,4,2,2,0,1,1,0,90,1,0,1,0,0
201600020143,16,8,22,1530,1,1,1,1,1,415,4570641,64502,170,3,2,2,0,1,3,0,80,1,0,1,99,0
201600020144,16,8,26,1130,1,2,7,1,6,415,4574574,63844,170,4,2,2,2,1,1,0,90,1,0,1,99,0
201600020145,16,9,2,1730,1,2,1,1,1,415,4574068,62320,170,3,2,2,0,1,3,0,90,1,0,1,99,0
201600020146,16,9,7,1800,1,2,1,1,6,415,4573122,62508,170,4,2,2,0,1,3,0,50,1,0,0,99,0
201600020147,16,9,8,1440,1,1,1,1,6,415,4574563,67945,170,4,2,2,0,0,0,0,42,0,0,3,0,0
201600020148,16,9,11,1950,2,2,2,1,1,415,4573798,61653,170,3,2,2,0,1,1,0,85,1,5,0,99,0
201600020149,16,9,15,1120,1,2,1,1,6,415,4574161,63949,170,4,2,2,0,1,2,0,100,1,0,3,0,0
201600020150,16,9,16,1508,1,2,1,1,1,415,4574553,61800,170,4,2,2,0,2,1,0,85,1,2,1,99,0
201600020151,16,10,5,850,1,2,6,1,3,415,4574911,65911,170,4,1,2,0,0,0,0,76,0,0,1,0,0
201600020152,16,10,13,1815,2,2,1,1,2,415,4574589,61688,170,4,2,2,0,2,1,0,85,1,2,1,0,0
201600020153,16,11,9,1453,1,2,6,1,2,415,4574748,63732,170,4,1,2,0,1,3,0,40,1,0,1,3,0
201600020154,16,11,21,800,5,1,6,1,4,415,4575591,65761,170,3,1,2,0,0,0,0,73,0,0,1,0,0
201600020155,16,11,26,915,1,1,1,1,1,415,4572244,63896,170,3,2,2,0,1,1,0,110,1,0,1,99,0
201600020156,16,12,1,1230,1,2,4,1,3,415,4574828,64682,170,4,2,2,0,1,1,0,90,1,5,1,0,0
201600020157,16,12,5,912,1,2,6,1,3,415,4544268,37355,170,4,1,1,0,1,1,0,50,1,5,1,0,0
201600020158,16,12,8,1800,5,2,6,1,3,415,4574104,62234,170,4,1,2,0,1,2,0,30,1,5,1,0,0
201600020159,16,12,9,830,1,1,1,1,6,415,4574767,66900,170,4,2,2,0,1,1,0,90,1,0,1,99,0
201600020160,16,12,9,1100,1,2,1,1,6,415,4573603,65240,170,4,2,2,0,0,0,35,52,0,0,1,0,0
201600020161,16,12,9,1325,1,2,1,1,3,415,4574319,66456,170,4,2,2,0,1,1,0,60,1,0,1,3,0
201600020162,16,12,9,1439,1,2,9,1,1,415,4573470,64511,170,4,2,2,0,1,1,0,110,1,0,1,99,0
201600020163,16,12,13,800,2,1,1,1,5,415,4572503,64179,170,2,1,4,0,1,1,35,110,1,0,1,99,0