Num_Acc,an,mois,jour,hrmn,lum,agg,int,atm,col,com,lat,long,dep,catr,circ,nbv,vosp,prof,plan,lartpc,larrout,surf,infra,situ,env1,killed
201600020164,16,12,20,1726,1,1,6,1,4,415,4572416,63920,170,3,1,2,0,1,1,0,110,1,0,1,99,0
201600020170,16,10,27,755,2,1,1,2,2,153,4748186,79182,370,1,3,4,0,1,1,12,135,2,7,1,99,0
201600020171,16,10,28,1140,1,1,1,1,6,10,4752347,93100,370,1,3,4,0,1,1,0,0,1,0,0,99,0
201600020172,16,12,27,1145,1,1,1,1,2,160,4755598,101608,370,1,3,5,0,2,1,0,105,1,0,1,99,0
201600020173,16,1,22,1900,3,1,1,2,6,270,4356910,384961,340,3,2,2,0,1,4,0,70,2,0,1,0,0
201600020174,16,3,27,645,3,1,1,3,3,95,4353350,375308,340,3,2,2,0,1,1,0,70,2,0,1,0,0
201600020175,16,4,25,1800,1,2,1,1,7,270,4358730,383766,340,9,1,0,0,0,3,0,35,1,0,3,99,1
201600020176,16,6,16,745,1,2,1,1,6,270,4357080,383694,340,3,2,2,0,1,1,25,125,1,0,1,0,0
201600020177,16,6,24,1745,1,2,1,1,3,95,4355080,378423,340,4,2,0,0,0,1,0,54,1,0,1,99,0
201600020178,16,7,18,1330,1,2,1,1,3,270,4357723,382951,340,4,2,0,0,0,1,0,61,1,0,1,99,0
201600020179,16,8,6,1745,1,1,1,1,1,95,4354100,376529,340,3,2,2,0,0,2,0,70,1,0,1,99,0
201600020180,16,8,22,1715,1,1,1,1,6,95,4355190,380018,340,3,2,2,0,0,2,0,0,1,0,1,99,0
201600020181,16,10,3,745,1,1,1,1,5,270,4356100,384912,340,4,2,2,0,2,1,0,65,1,5,1,0,0
201600020182,16,11,18,800,1,1,1,1,2,95,4355940,379684,340,3,0,0,0,0,1,0,137,1,3,1,99,0
201600020183,16,11,28,445,3,1,1,1,6,270,4356130,384957,340,3,2,2,0,1,1,0,71,1,0,1,99,0
201600020184,16,11,28,615,1,2,2,1,3,172,4362390,386221,340,4,0,0,0,1,1,0,0,1,5,1,99,0
201600020185,16,12,2,1530,1,2,1,1,3,95,4354680,377732,340,3,2,0,0,1,1,0,0,1,0,1,0,0
201600020186,16,12,12,1945,3,1,1,1,5,95,4356140,379920,340,3,2,0,0,1,1,0,60,1,0,1,0,0
201600020187,16,4,6,900,1,2,1,1,6,21,4273243,293422,660,4,3,0,0,1,1,0,0,1,0,1,0,0
201600020188,16,9,17,1300,1,1,1,1,6,21,4273543,294189,660,4,2,1,0,0,1,0,0,1,0,3,0,1
201600020189,16,1,2,1945,3,1,1,1,6,331,4412727,460075,300,3,2,2,0,1,1,0,60,1,0,3,99,0
201600020190,16,1,5,2215,3,1,1,1,7,225,4416364,456501,300,3,2,2,0,2,1,0,70,1,0,3,99,0
201600020191,16,1,6,1300,1,2,1,1,7,141,4409765,470111,300,2,2,2,0,1,0,0,75,1,6,1,0,0
201600020192,16,2,13,2200,3,1,1,2,1,127,4405845,457025,300,3,2,2,0,1,4,0,71,2,0,1,99,0
201600020193,16,2,15,1415,1,1,1,1,2,331,4412572,461450,300,3,2,2,0,1,1,0,67,1,0,1,0,1
201600020195,16,3,12,415,3,1,1,1,6,81,4413856,469374,300,3,2,2,0,1,2,0,65,1,0,3,0,0
201600020197,16,6,15,515,3,1,1,1,6,92,4410025,460418,300,3,2,2,0,1,1,0,0,1,0,3,99,1
201600020198,16,6,24,1330,1,1,1,1,3,76,4411009,452852,300,3,2,2,0,2,0,0,55,1,0,1,0,0
201600020199,16,6,29,1700,1,1,1,1,2,92,4409228,459686,300,3,2,2,0,1,1,0,70,1,0,1,0,0
201600020200,16,7,26,1015,1,1,1,1,3,141,4410542,465943,300,4,1,1,3,2,0,0,0,1,0,1,0,1
201600020201,16,8,3,830,1,1,1,1,1,191,4413333,467512,300,3,2,0,0,1,1,0,0,1,0,1,99,0
201600020202,16,9,8,815,1,1,1,1,6,84,4413625,469792,300,3,2,2,0,0,0,66,0,1,0,1,99,1
201600020203,16,9,16,2015,3,1,1,1,3,207,4405706,457049,300,3,2,2,0,1,1,0,67,2,0,1,0,0
201600020204,16,10,4,1430,1,1,3,1,3,141,4412379,468135,300,2,2,0,0,1,1,67,67,1,0,3,0,0
201600020205,16,10,31,1400,1,1,3,1,3,331,4410952,457919,300,3,2,2,0,0,2,63,63,1,0,1,0,0
201600020206,16,11,16,1830,3,1,1,1,2,191,4413805,466692,300,2,2,0,0,1,1,0,0,1,0,1,0,0
201600020207,16,11,30,1330,1,1,1,1,2,141,4411416,469018,300,2,2,2,0,1,1,0,70,1,0,1,0,0
201600020208,16,11,30,1400,1,2,1,1,1,141,4411277,467033,300,3,2,0,0,1,1,0,60,1,0,1,0,0
201600020209,16,12,16,1645,1,1,1,1,6,81,4414547,468966,300,3,2,2,0,1,0,0,65,1,0,3,0,0
201600020210,16,2,3,1530,1,2,1,1,6,149,4775648,86075,410,4,2,1,0,1,3,0,60,1,0,3,0,0
201600020211,16,2,25,1515,1,1,1,1,6,131,4783319,93625,410,3,2,2,0,2,2,0,46,2,0,3,99,0
201600020212,16,3,2,1015,1,1,1,1,5,238,4788481,79571,410,3,2,2,0,2,3,0,58,1,0,1,99,0
201600020213,16,3,8,2345,5,2,1,2,7,294,4780599,99141,410,3,2,2,0,1,1,0,70,2,0,1,99,0
201600020214,16,3,10,1545,1,1,1,1,6,120,4778939,93105,410,3,2,2,0,1,2,0,60,1,0,1,99,0
201600020215,16,4,5,745,1,1,1,1,6,238,4785307,89199,410,3,2,2,0,1,1,0,56,1,0,1,99,0
201600020216,16,4,7,1400,1,1,1,2,7,225,4773341,83552,410,3,2,0,0,2,2,0,43,2,0,1,99,0
201600020217,16,4,24,1445,1,2,3,2,3,10,4784823,99502,410,3,2,2,0,1,1,0,64,1,0,1,99,0
201600020218,16,5,31,715,1,1,1,3,6,98,4764102,109924,410,3,2,2,0,1,1,0,60,4,0,1,99,0
201600020219,16,6,19,1200,1,1,1,1,6,7,4762571,88613,410,4,2,1,0,2,3,0,55,2,0,1,99,0
201600020220,16,6,19,1715,1,1,3,1,3,255,4774874,76933,410,3,2,1,0,1,1,0,60,1,0,1,99,0
201600020221,16,7,27,1830,1,2,1,1,3,250,4777470,74719,410,4,2,2,0,2,1,0,40,1,0,1,99,0
201600020222,16,9,7,2000,1,1,1,1,1,293,4775060,98392,410,4,2,1,0,1,2,0,37,1,0,3,99,0
201600020223,16,10,4,1600,1,1,1,1,7,131,4781198,95297,410,3,2,2,0,2,2,0,56,1,0,3,99,0
201600020224,16,10,6,1200,1,2,1,1,2,149,4775895,87054,410,4,2,2,0,1,1,60,0,1,0,1,99,0
201600020225,16,11,7,1715,2,2,1,2,1,192,4778571,89605,410,3,2,2,0,1,1,0,65,2,0,1,99,0
201600020226,16,11,17,2000,3,1,1,6,7,1,4770528,98527,410,3,2,2,0,1,1,0,0,1,0,3,99,0
201600020227,16,11,25,1830,5,1,1,1,1,294,4781185,97608,410,3,2,2,0,1,1,0,65,1,0,1,99,0
201600020228,16,11,30,1615,1,1,1,1,5,278,4763555,94266,410,2,2,2,0,1,1,0,75,1,0,1,99,0
201600020229,16,12,6,1745,5,2,1,1,3,279,4771930,64864,410,3,2,2,0,4,1,0,55,1,0,1,99,0
201600020230,16,12,14,1845,3,1,1,1,2,294,4781828,101603,410,3,2,2,0,0,0,0,0,1,0,1,99,0
201600020231,16,12,25,1800,3,2,1,2,6,149,4775067,85729,410,3,2,0,0,2,2,0,65,2,0,1,99,0
201600020232,16,1,9,645,3,1,1,5,6,30,4885688,331060,770,3,2,2,0,2,3,0,50,2,0,3,99,0
201600020233,16,3,23,1815,1,1,3,1,3,182,4881664,332092,770,3,2,2,0,1,1,0,53,1,0,1,99,1
201600020234,16,5,10,1500,1,2,3,3,6,182,4878004,330493,770,3,1,1,0,1,2,0,40,2,6,1,99,0
201600020235,16,5,17,1915,2,1,1,1,7,405,4889774,315469,770,3,2,2,0,2,4,70,70,1,0,1,99,0
201600020236,16,11,8,1900,3,2,1,1,6,406,4884305,319477,770,3,2,2,0,1,1,0,0,2,0,1,99,0
201600020237,16,5,1,1800,1,2,1,1,1,858,5022991,301227,620,3,2,2,0,1,0,0,115,1,0,1,99,0
201600020238,16,5,24,2100,1,1,1,1,6,424,5021597,293692,620,3,2,1,0,1,3,0,60,1,0,1,99,0
201600020239,16,9,30,1230,1,1,1,1,1,374,5014395,278983,620,3,2,2,0,0,2,0,36,1,0,1,0,0
201600020240,16,12,6,1815,5,2,1,1,6,559,5021004,309081,620,3,3,2,0,0,0,0,0,1,0,1,0,0
201600020241,16,10,19,815,1,1,1,1,7,422,5012388,264823,620,3,2,0,0,1,1,0,0,1,0,1,99,0
201600020242,16,6,19,1015,1,2,1,1,3,610,5047393,177562,620,3,2,2,0,1,1,0,70,1,0,1,99,0
201600020243,16,2,20,1030,1,1,1,2,6,686,5037200,230700,620,3,3,2,0,2,1,36,108,2,5,3,0,1
201600020244,16,2,24,1400,1,2,1,1,6,767,5038221,234084,620,3,2,2,0,1,1,0,71,1,0,1,0,1
201600020245,16,2,28,1500,1,1,1,6,7,859,5022513,219278,620,3,2,2,0,1,1,0,57,1,0,1,0,0
201600020246,16,4,2,1415,1,1,1,1,3,631,5030300,228100,620,3,2,2,0,1,1,0,55,1,0,1,0,0
201600020247,16,9,13,730,1,1,1,1,3,370,5027276,205467,620,3,2,2,0,0,1,0,60,1,0,1,99,0
201600020248,16,2,23,545,3,1,1,1,1,12,4709882,203779,440,3,2,0,0,0,1,0,71,2,0,1,0,1
201600020257,16,5,6,1400,1,1,1,1,2,142,4705900,57600,370,1,3,2,0,1,1,30,70,1,0,1,0,0
201600020263,16,10,8,2300,3,1,1,1,3,193,4726480,23234,370,1,3,4,0,1,1,24,191,1,0,1,99,1
201600020264,16,10,14,1650,1,1,1,8,6,142,4704994,58720,370,1,3,4,0,1,1,20,95,1,0,1,99,0
201600020265,16,10,28,1610,1,1,1,1,6,104,4731029,78961,370,1,3,4,0,1,1,20,75,1,0,2,99,0
201600020266,16,11,6,1600,1,1,1,4,6,188,4707574,58658,370,1,3,4,0,2,1,0,0,2,0,3,99,0
201600020267,16,12,12,2230,5,1,1,1,7,179,4745062,74321,370,1,1,1,0,2,3,0,42,1,3,1,99,0
201600020268,16,12,15,1400,1,1,1,1,5,261,4738195,71172,370,1,3,5,0,1,1,0,0,1,0,1,99,0
201600020269,16,12,22,1900,5,1,1,1,4,261,4740111,71146,370,1,1,5,0,2,1,20,250,2,0,1,99,0
201600020270,16,7,5,1700,1,1,1,1,6,611,4729444,471515,210,1,3,0,0,4,1,12,100,1,0,1,0,0
201600020271,16,8,2,1000,1,1,1,1,3,559,4728608,478608,210,3,2,0,0,1,1,0,65,1,0,1,0,0
201600020272,16,8,21,2030,3,1,1,1,7,310,4732505,459077,210,3,2,0,0,1,2,0,72,1,0,0,0,1
201600020273,16,9,17,2230,3,1,1,8,1,559,4729907,481714,210,1,3,4,0,1,1,11,140,1,0,1,0,1
201600020274,16,10,29,1615,1,2,1,1,6,553,4721768,474663,210,4,2,2,0,2,1,0,35,1,0,1,99,0
201600020275,16,1,14,1930,5,1,1,1,2,54,4315490,604221,830,4,2,2,0,1,1,0,68,2,0,1,0,0
201600020276,16,4,3,1945,3,2,9,1,3,132,4318372,604312,830,4,1,0,0,1,1,0,25,1,0,1,99,0
201600020277,16,4,23,600,2,1,1,1,6,130,4318664,603950,830,4,0,2,0,1,0,0,60,0,0,0,0,1
201600020278,16,4,28,1830,1,1,1,1,3,132,4317500,604100,830,3,2,0,0,1,1,0,65,1,0,1,0,0
201600020280,16,5,14,1700,1,1,1,1,3,130,4320345,604758,830,6,0,0,0,1,0,0,0,1,0,1,99,0
201600020282,16,6,1,1600,1,2,1,1,1,130,4319993,604642,830,3,2,2,0,1,3,0,0,0,0,1,99,0
201600020283,16,6,22,500,5,2,6,1,1,54,4315854,605000,830,3,4,2,0,1,2,0,0,1,5,1,99,0
201600020285,16,7,23,1915,1,2,1,1,1,130,4319694,605818,830,4,2,0,0,1,1,0,40,1,0,1,0,0
201600020286,16,7,30,1445,1,2,1,1,6,130,4319802,603526,830,3,2,2,0,2,1,0,60,1,0,1,0,0
201600020287,16,8,11,1915,1,2,1,1,7,132,4317300,604200,830,3,2,0,0,1,1,0,75,1,0,3,99,0
201600020293,16,3,9,1215,1,2,1,1,1,21,4577540,120850,870,3,2,2,0,1,2,0,70,2,0,1,99,0
201600020294,16,10,15,1445,1,1,1,1,1,202,4588010,109802,870,3,2,0,0,1,1,70,0,1,0,3,0,0
201600020295,16,12,12,1730,3,1,2,1,3,107,4591630,116887,870,3,2,0,0,2,2,0,70,1,0,1,0,0
201600020296,16,11,6,200,3,2,1,2,6,276,4826562,183085,350,4,2,2,0,1,2,0,40,2,0,3,99,0
201600020299,16,4,13,1945,2,1,1,1,3,9,4211370,949938,202,2,2,2,0,1,3,0,74,1,0,1,99,0
201600020303,16,9,14,700,2,1,1,1,7,143,4219821,953262,202,2,2,1,0,1,1,0,70,1,0,0,0,1
201600020305,16,1,9,1400,1,2,1,1,5,257,4456290,8266,470,3,4,1,0,1,1,0,30,1,0,1,0,0
201600020306,16,3,1,1245,1,1,1,1,7,34,4440840,9281,470,4,2,2,0,3,2,0,42,1,0,1,0,0
201600020307,16,3,13,1800,1,1,1,1,5,59,4460700,18600,470,3,2,2,0,1,3,0,75,1,0,1,0,0
201600020308,16,9,11,1615,1,1,2,1,3,56,4459200,13323,470,3,2,2,0,2,1,0,53,1,0,1,0,0
201600020309,16,9,23,945,1,1,1,7,7,165,4448590,4221,470,4,2,2,0,1,3,0,43,9,0,3,0,0
201600020310,16,5,7,2345,3,1,1,1,6,39,4630920,177586,230,3,2,0,0,1,0,0,30,1,2,1,99,0
201600020311,16,6,14,1600,1,1,1,1,7,231,4617192,150634,230,3,2,2,0,0,1,0,65,1,0,3,0,0
201600020312,16,1,24,2200,3,1,2,1,3,48,4888860,113952,500,3,2,2,0,2,1,60,0,1,5,1,99,0
201600020313,16,1,27,2030,3,1,2,2,3,213,4905100,109854,500,3,2,2,0,1,1,0,70,2,0,1,99,0
201600020314,16,1,28,1800,2,1,3,1,3,512,4903180,113631,500,3,2,2,0,1,1,60,0,1,5,1,99,0
201600020315,16,4,27,1730,1,1,1,1,1,545,4903050,110217,500,3,2,2,0,1,1,0,0,1,0,1,0,0
201600020316,16,6,25,1145,1,1,1,1,3,95,4907810,116550,500,3,2,2,0,1,1,0,70,1,0,1,99,0
201600020317,16,8,28,1900,1,1,1,1,1,295,4894330,119545,500,3,2,2,0,1,2,0,50,1,0,1,99,0
201600020318,16,11,13,815,3,1,1,2,6,363,4899000,115721,500,3,2,2,0,4,1,0,58,2,0,3,99,0
201600020319,16,2,17,1415,1,1,1,8,5,305,4825830,216567,220,3,2,2,0,1,1,0,70,1,0,1,99,0
201600020320,16,2,21,1730,2,1,1,2,6,20,4830456,226760,220,3,2,2,0,1,1,0,45,2,0,1,99,0
201600020321,16,3,8,900,1,1,9,1,6,84,4840867,234648,220,2,1,1,0,1,1,72,72,2,3,3,99,0
201600020322,16,3,9,1545,1,1,1,6,1,114,4826133,230603,220,3,2,2,0,1,2,0,68,1,0,1,0,0
201600020323,16,3,11,2345,4,2,1,1,6,305,4826705,216041,220,3,2,2,0,2,2,0,80,1,0,4,0,1
201600020324,16,3,13,800,2,1,1,5,6,305,4827136,215491,220,3,2,2,0,1,3,0,60,1,0,3,99,0
201600020325,16,7,6,1215,1,1,1,1,2,20,4832781,226494,220,3,2,2,0,0,1,0,0,1,0,1,99,0
201600020326,16,8,30,330,3,2,2,1,3,20,4831883,226335,220,3,2,2,0,3,1,0,60,1,5,1,99,0
201600020327,16,9,2,1045,1,1,2,1,3,337,4831091,234106,220,3,2,2,0,1,1,0,61,1,5,1,99,1
201600020328,16,9,4,1030,1,1,1,8,6,369,4836231,224537,220,3,2,2,0,2,3,0,57,2,0,3,99,0
201600020329,16,10,21,1900,2,1,1,1,6,51,4836834,233330,220,3,2,2,0,0,2,0,128,1,0,0,99,0
201600020330,16,10,30,1615,1,1,1,1,1,114,4828311,228607,220,3,2,0,0,0,3,0,0,1,0,1,99,0
201600020331,16,11,15,1730,2,1,2,9,6,239,4836142,209761,220,3,2,2,0,1,1,0,0,2,5,1,99,0
201600020332,16,12,24,1800,3,1,1,1,1,185,4837396,236925,220,3,2,2,0,0,3,0,60,1,0,1,0,1
201600020333,16,3,2,1615,1,1,1,1,2,160,4906380,29196,140,2,3,4,0,1,1,0,0,1,0,1,0,0
201600020334,16,6,17,2030,1,1,1,3,6,160,4906860,29472,140,2,3,4,0,1,1,15,110,2,0,3,0,0
201600020335,16,1,8,1950,5,2,3,8,1,140,4969365,479018,80,3,2,2,0,1,1,0,60,2,5,1,0,0
201600020336,16,2,6,1415,1,1,1,1,6,498,4973621,465954,80,3,0,2,0,2,2,0,0,1,0,3,0,0
201600020337,16,3,11,800,1,2,3,7,1,140,4965368,479016,80,3,2,2,0,1,0,20,109,1,0,1,99,0
201600020339,16,5,14,1945,1,1,1,1,7,469,4958545,481521,80,3,2,2,0,1,4,0,50,1,0,1,99,0
201600020343,16,1,14,1615,2,2,3,1,6,33,4707934,238951,180,4,2,4,2,1,1,0,74,1,2,1,99,0
201600020344,16,1,22,1821,5,1,6,3,6,205,4709882,233435,180,3,2,2,0,1,1,0,75,2,5,3,99,0
201600020345,16,12,28,1025,1,2,1,1,2,33,4706031,242425,180,4,2,3,2,1,1,0,104,1,0,1,99,0
201600020346,16,1,31,148,5,2,1,3,3,33,4708030,240431,180,4,2,2,0,1,1,70,70,2,0,1,99,0
201600020347,16,12,28,955,1,2,3,1,6,33,4710465,240500,180,4,0,2,0,1,1,0,0,1,0,1,0,0
201600020348,16,2,8,1905,5,2,1,8,6,33,4708120,240761,180,4,2,3,0,1,1,5,95,1,0,1,99,0
201600020349,16,2,10,815,2,2,1,1,6,33,4709227,239384,180,4,2,4,2,1,1,20,101,1,0,1,99,0
201600020350,16,3,3,1545,1,2,1,8,3,205,4709312,238520,180,3,2,2,0,1,1,0,70,1,0,1,0,0
201600020351,16,3,13,1408,1,2,4,1,7,33,4709302,239980,180,4,3,4,0,2,3,150,130,1,2,1,99,0
201600020352,16,3,16,830,1,2,1,1,6,33,4710933,241359,180,3,2,4,0,1,1,0,107,1,6,1,3,0
201600020353,16,3,17,1613,1,2,3,1,5,205,4709726,238194,180,3,0,3,2,1,1,0,90,1,2,1,99,0
201600020354,16,4,3,2111,5,2,1,1,6,33,4709568,241970,180,4,2,3,1,2,1,0,80,2,0,5,3,1
201600020355,16,4,11,1226,1,2,3,2,6,33,4708118,238730,180,4,1,2,0,1,1,0,90,2,0,0,99,0
201600020356,16,4,16,2200,5,2,1,2,6,33,4707064,239042,180,4,2,2,0,1,1,0,60,2,0,1,99,0
201600020358,16,5,2,753,1,2,2,1,1,33,4707153,239036,180,4,0,2,0,1,1,0,55,1,5,1,99,0
201600020359,16,4,27,1600,1,2,3,1,6,33,4708314,239619,180,4,2,1,0,1,1,0,0,1,6,0,99,0
201600020360,16,5,6,2300,5,2,1,1,6,33,4709464,241671,180,4,2,2,0,1,1,0,80,1,0,1,99,1
201600020361,16,5,3,1830,1,1,1,1,6,33,4710440,241233,180,4,1,1,0,1,1,0,35,1,0,1,3,0
201600020362,16,5,11,1605,1,2,3,2,6,33,4705013,225218,180,3,2,2,0,1,1,0,0,2,0,1,99,0
201600020363,16,6,1,1958,1,1,2,1,2,205,4712519,234733,180,3,2,2,0,1,1,0,60,1,5,1,0,0
201600020364,16,6,13,210,5,2,3,1,6,33,4709507,242354,180,4,1,1,0,2,3,50,60,1,5,1,99,0
201600020365,16,6,15,1117,1,2,1,3,6,205,4710576,237445,180,4,2,2,0,1,1,0,54,2,6,1,99,0
201600020366,16,6,19,1355,1,2,2,1,3,33,4705593,239188,180,4,2,2,0,1,1,0,60,1,0,1,0,0
201600020368,16,7,8,800,1,2,3,1,6,33,4711729,240214,180,4,2,2,0,2,1,0,103,1,0,1,0,0
201600020369,16,7,5,610,1,1,1,1,6,33,4704706,233863,180,2,1,1,0,2,3,0,40,1,3,3,99,1
201600020370,16,7,10,609,1,2,1,1,6,33,4706644,241785,180,4,2,2,0,1,1,0,120,1,0,1,99,0
201600020371,16,7,11,700,1,1,1,1,1,33,4704036,235288,180,2,2,2,0,1,1,0,310,1,0,1,99,0
201600020372,16,7,21,145,4,1,6,1,7,267,4702665,239052,180,2,3,1,0,1,3,0,50,1,0,4,99,0
201600020373,16,7,18,1220,1,1,1,1,1,33,4704591,234397,180,4,2,1,0,1,1,0,60,1,0,1,99,0
201600020374,16,8,2,1118,1,2,3,1,3,205,4710577,238194,180,2,0,0,0,0,0,0,0,0,0,0,0,0
201600020375,16,8,10,1630,1,2,1,1,2,33,4709500,242144,180,3,2,4,0,1,0,0,127,1,0,1,99,0
201600020376,16,8,8,1150,1,2,1,1,2,267,4706180,238486,180,3,3,2,0,1,0,0,63,1,0,1,99,0
201600020377,16,9,2,135,5,1,6,1,7,205,4712560,234260,180,3,2,2,0,1,1,0,90,1,0,3,99,0
201600020378,16,9,4,1930,1,2,3,1,3,33,4710599,240645,180,4,2,2,0,1,1,0,50,1,0,1,0,0
201600020379,16,9,15,2236,3,1,1,1,6,213,4711279,249997,180,3,2,2,0,0,0,0,0,0,0,3,0,1
201600020380,16,9,24,1148,1,2,1,1,6,33,4708300,238913,180,4,1,3,0,1,1,39,99,1,0,1,99,0
201600020381,16,10,3,1614,1,2,1,1,6,33,4708145,239769,180,4,1,1,0,1,1,0,70,1,0,1,99,0
201600020382,16,10,3,1640,1,2,3,1,3,33,4709768,239506,180,4,2,2,0,3,1,0,0,1,0,0,0,0
201600020383,16,10,4,755,2,2,3,1,6,33,4708070,239000,180,4,1,1,0,0,0,0,60,0,0,0,0,0
201600020384,16,10,9,100,5,2,6,1,7,205,4710523,237934,180,4,2,2,0,3,4,20,70,1,0,1,99,0
201600020385,16,10,9,1854,2,2,2,1,3,33,4707579,240596,180,4,2,4,0,1,1,0,80,1,0,1,3,0
201600020386,16,10,11,1020,1,2,2,1,6,33,4710018,241564,180,4,2,2,0,1,1,0,70,1,0,0,99,0
201600020387,16,10,18,1050,1,1,1,1,6,267,4706063,237787,180,4,2,1,0,1,1,0,70,9,0,3,0,0
201600020388,16,10,30,238,5,2,1,9,6,33,4708328,339481,180,4,1,1,0,1,0,0,70,2,0,1,99,0
201600020389,16,11,11,2210,3,1,1,5,3,33,4710946,245034,180,3,2,2,0,1,1,0,80,1,0,1,99,0
201600020390,16,11,18,1740,5,2,1,1,3,33,4711236,239868,180,4,2,0,0,1,1,0,80,1,5,0,99,0
201600020391,16,11,22,925,1,2,1,1,1,33,4707529,230025,180,4,2,2,2,1,1,0,0,1,0,1,0,0
201600020392,16,11,27,645,5,2,4,1,3,33,4708261,238448,180,4,2,2,0,1,1,0,8,1,0,1,0,0
201600020393,16,12,2,1400,1,2,5,1,6,33,4707134,238847,180,4,2,3,0,1,2,0,0,1,5,0,99,0
201600020394,16,12,3,1510,1,1,1,1,3,33,4709518,242465,180,4,3,2,0,1,1,28,163,1,5,1,99,0
201600020397,16,12,12,800,2,1,2,1,3,33,4704594,242093,180,3,2,2,0,1,1,0,70,1,0,1,99,0
201600020398,16,12,27,1202,1,2,1,1,1,50,4706080,231403,180,3,2,2,0,1,3,0,60,1,0,1,99,0
201600020399,16,2,25,1530,1,1,9,1,1,100,4329405,614812,830,4,2,2,0,1,3,0,80,1,0,1,99,1
201600020401,16,1,23,700,3,1,1,5,6,245,4774389,150027,410,3,2,2,0,1,2,0,57,2,0,3,0,0
201600020402,16,6,30,1830,1,2,1,1,3,173,4791060,153147,410,3,2,2,0,1,3,59,0,1,5,1,99,0
201600020403,16,7,8,1845,1,1,1,1,3,221,4781519,137468,410,3,2,2,0,1,1,0,65,1,0,1,99,0
201600020404,16,7,24,745,1,1,1,1,7,171,4780868,130091,410,3,2,2,0,1,1,0,65,1,0,3,99,1
201600020405,16,9,10,1000,1,1,1,1,3,141,4790425,133745,410,3,2,2,0,1,1,0,68,1,0,1,99,0
201600020406,16,9,24,1745,1,2,1,1,1,119,4782062,150169,410,3,2,2,0,1,1,0,55,1,0,1,99,1
201600020407,16,12,20,2330,3,1,1,5,1,178,4780831,143983,410,3,2,2,0,1,3,0,58,2,0,1,99,0
201600020408,16,1,8,1259,1,1,1,1,1,179,4376300,286000,120,4,2,2,0,2,2,0,33,2,0,1,0,0
201600020409,16,1,12,1120,1,1,1,8,1,2,4414020,310050,120,3,2,2,0,1,2,0,71,2,0,1,0,1
201600020410,16,2,12,1115,1,1,1,3,6,145,4396200,320983,120,1,1,2,0,1,1,25,105,2,0,3,0,0
201600020411,16,4,5,1130,1,1,1,2,6,225,4406050,302922,120,1,3,2,0,2,2,20,70,2,0,1,99,0
201600020412,16,4,11,657,2,1,1,1,6,291,4421080,306904,120,1,3,2,0,2,1,20,70,1,0,1,0,0
201600020413,16,5,9,1915,1,1,1,3,6,63,4397620,319582,120,1,3,3,3,2,2,8,102,2,0,3,99,1
201600020414,16,6,12,1200,1,1,1,1,6,291,4426020,306342,120,1,0,2,0,1,3,25,105,1,0,3,0,0
201600020415,16,7,21,1700,1,1,1,1,6,238,4423830,296355,120,3,2,2,0,2,2,0,70,1,0,1,0,0
201600020416,16,10,17,830,1,1,1,1,6,25,4386370,275345,120,4,2,2,0,1,1,0,48,1,0,1,0,0
201600020417,16,11,8,855,1,1,1,5,1,152,4427426,234248,120,3,2,2,0,1,1,0,60,2,0,1,0,0
201600020418,16,12,28,1640,1,1,1,1,5,270,4435740,311379,120,1,3,4,0,3,1,19,82,1,0,1,99,0
201600020423,16,2,9,1330,1,1,1,6,7,134,4639930,145456,360,1,3,2,0,1,1,30,95,2,0,3,0,0
201600020424,16,10,8,2330,3,1,1,1,6,239,4646500,149731,360,1,3,2,0,2,2,30,70,1,0,1,0,0
201600020426,16,5,13,1215,1,1,1,1,2,119,4525500,319300,150,1,3,0,0,2,1,0,71,1,0,1,0,0
201600020428,16,8,20,1915,1,1,1,1,4,121,4534970,327727,430,1,3,2,0,1,1,0,140,1,0,1,99,0
201600020429,16,4,22,1515,1,1,1,1,2,54,4550700,326200,630,1,1,2,3,1,1,12,72,1,0,1,0,0
201600020430,16,5,18,1315,1,1,1,1,2,121,4561700,320800,630,1,1,2,3,2,1,12,72,1,2,1,99,0
201600020431,16,8,4,1615,1,1,1,2,6,411,4560500,321600,630,1,3,2,0,0,3,15,75,2,0,1,99,0
201600020432,16,10,18,1830,1,1,1,1,6,178,4554700,324900,630,1,1,2,0,1,1,12,70,1,0,1,99,0
201600020433,16,10,25,1045,1,1,1,1,2,54,4548800,324700,630,1,1,2,0,3,1,12,70,2,0,1,99,0
201600020434,16,12,9,915,1,1,1,1,2,404,4558200,323900,630,1,1,2,0,1,1,35,70,2,0,1,0,0
201600020435,16,1,2,1345,1,1,1,7,5,20,4593290,130318,870,1,3,4,0,2,1,22,144,2,0,1,99,0
201600020436,16,3,5,1015,1,1,1,4,6,219,4621184,138505,230,1,3,4,0,1,1,32,74,5,0,2,99,0
201600020437,16,7,2,1345,1,1,1,2,2,122,4605460,135890,870,1,3,2,0,3,1,10,110,2,0,2,0,1
201600020438,16,8,3,1615,1,1,1,1,7,122,4602370,134404,870,1,3,4,0,1,1,25,144,1,3,3,99,0
201600020439,16,8,16,1445,1,1,1,1,4,20,4594110,130638,870,1,3,4,0,1,3,25,144,1,0,1,0,0