Num_Acc,an,mois,jour,hrmn,lum,agg,int,atm,col,com,lat,long,dep,catr,circ,nbv,vosp,prof,plan,lartpc,larrout,surf,infra,situ,env1,killed
201600020440,16,1,8,730,2,1,1,1,2,239,4365420,352445,340,1,0,2,0,1,1,0,0,1,0,0,0,0
201600020441,16,1,10,945,1,1,1,1,2,79,4362710,345034,340,1,1,2,0,2,3,10,70,1,0,1,0,0
201600020442,16,2,27,300,3,1,1,3,6,239,4365230,353096,340,1,3,2,0,1,1,15,100,2,0,3,0,0
201600020443,16,3,26,345,3,1,1,1,6,142,4373010,332702,340,1,1,2,0,1,3,0,0,1,1,3,0,1
201600020444,16,4,2,430,3,1,1,2,6,142,4369363,334365,340,1,1,2,0,1,1,15,0,2,0,3,0,0
201600020445,16,5,8,1515,1,1,1,2,7,114,4364960,354038,340,1,3,2,0,0,2,15,72,2,0,2,0,0
201600020446,16,5,8,1845,1,1,1,3,2,76,4365670,346095,340,1,3,2,0,1,1,10,70,2,0,1,0,0
201600020447,16,5,10,845,1,1,1,2,7,36,4368840,335384,340,1,1,2,0,1,1,10,70,2,0,1,0,0
201600020448,16,6,18,830,1,1,1,1,6,64,4388450,330211,340,1,3,0,0,1,2,15,184,1,0,2,0,0
201600020449,16,6,26,1715,1,1,1,1,6,199,4344430,341821,340,1,3,2,0,1,1,10,70,1,0,1,0,1
201600020450,16,7,14,1330,1,1,1,1,2,106,4374799,333067,340,1,3,2,0,1,1,10,70,1,0,1,0,0
201600020451,16,7,29,300,3,1,1,1,3,123,4360300,380800,340,2,3,2,0,0,2,10,70,1,0,0,99,0
201600020452,16,8,11,2345,3,1,1,1,6,196,4382570,331674,340,1,3,2,0,2,3,30,70,1,0,2,0,0
201600020453,16,8,26,1200,1,1,1,1,1,32,4336701,328301,340,1,1,2,0,1,1,15,50,1,0,1,99,0
201600020454,16,9,9,900,1,1,1,1,6,79,4367989,338964,340,1,1,2,0,1,1,10,70,1,0,3,0,0
201600020455,16,9,24,1145,1,1,1,1,3,142,4375200,332400,340,1,1,2,0,1,3,25,35,1,0,1,0,0
201600020456,16,10,3,900,1,1,1,1,1,114,4363800,357100,340,1,1,0,0,1,1,25,35,1,0,0,0,0
201600020457,16,11,14,715,2,1,1,1,5,259,4363359,375011,340,1,3,2,0,1,1,15,100,1,0,1,0,0
201600020458,16,11,22,1500,1,1,1,3,6,196,4382280,332085,340,1,1,2,0,2,3,10,100,2,0,1,0,0
201600020459,16,11,24,1845,3,1,1,9,7,32,4337860,330039,340,1,1,2,0,0,0,0,0,0,0,1,0,0
201600020460,16,11,27,2030,3,1,1,1,5,114,4362550,361534,340,1,0,0,0,0,0,0,0,0,0,0,0,0
201600020473,16,10,1,2015,3,1,1,1,2,1,4948604,434342,80,2,3,2,0,0,1,10,70,1,0,1,0,0
201600020474,16,10,24,1115,1,1,1,8,6,490,4939901,471571,80,3,2,2,0,1,1,0,68,2,0,3,99,1
201600020476,16,1,4,1215,1,1,1,8,3,73,4743872,163988,440,2,3,2,0,1,1,25,70,0,0,1,0,0
201600020477,16,10,18,1745,1,1,1,1,2,113,4758742,162687,440,2,2,2,0,2,1,24,70,1,0,1,99,0
201600020478,16,1,1,930,1,1,1,1,7,52,4735203,205976,440,2,3,2,0,1,1,30,70,1,0,3,0,0
201600020479,16,1,29,1430,1,1,3,1,3,129,4741919,203724,440,3,2,1,0,1,1,0,75,1,5,1,0,1
201600020480,16,2,17,130,3,1,1,1,7,98,4748997,223337,440,2,3,2,0,1,1,30,80,1,0,1,99,0
201600020481,16,2,20,1830,3,1,1,2,7,98,4747856,218361,440,2,3,4,0,0,1,30,140,2,0,1,99,0
201600020482,16,3,8,2045,3,1,1,2,6,52,4733761,210989,440,2,3,0,3,1,1,30,70,2,0,1,0,0
201600020483,16,6,6,1100,1,1,1,1,6,195,4736878,191762,440,2,1,2,0,1,1,0,0,1,5,1,99,0
201600020484,16,7,2,2315,3,1,1,1,6,194,4725371,166941,440,2,3,4,0,0,1,20,70,1,0,1,99,1
201600020485,16,8,1,2345,3,1,1,1,6,103,4732856,212937,440,2,1,0,0,2,1,50,70,1,0,1,0,1
201600020486,16,9,17,515,3,1,1,1,6,210,4732193,218688,440,2,3,4,0,1,3,17,70,1,0,1,99,1
201600020487,16,10,28,1800,1,1,1,1,2,217,4730398,175888,440,2,3,4,0,1,1,30,70,1,0,1,99,0
201600020488,16,11,12,1405,1,1,1,1,6,129,4744781,210220,440,2,3,4,0,1,1,50,70,1,0,1,99,0
201600020489,16,11,14,1246,1,1,1,1,6,137,4739406,199812,440,2,1,4,0,1,1,0,0,1,0,2,99,1
201600020490,16,12,3,1500,1,1,1,1,7,52,4734408,208944,440,2,3,4,0,1,1,50,70,1,0,3,99,0
201600020491,16,12,3,2005,3,1,1,1,2,89,4734151,183125,440,2,3,2,0,1,1,0,0,1,0,1,99,1
201600020492,16,12,8,1745,3,1,1,1,2,158,4727592,172227,440,2,3,4,0,1,1,20,140,1,0,1,99,0
201600020493,16,12,11,825,3,1,1,1,6,189,4745636,214113,440,2,3,4,0,1,1,45,73,1,0,1,99,1
201600020494,16,12,12,1145,1,1,1,8,7,25,4740181,200783,440,2,3,4,0,1,1,30,70,2,0,3,99,0
201600020495,16,5,22,1330,1,1,1,1,7,188,4905020,72773,140,1,3,4,0,2,1,20,130,1,0,2,99,0
201600020496,16,6,22,1520,1,1,1,1,2,738,4916060,45728,140,1,3,4,0,1,1,12,70,1,0,1,99,0
201600020497,16,7,18,1210,1,1,1,1,7,101,4916450,42928,140,1,3,4,0,1,1,0,0,1,0,3,99,0
201600020498,16,12,8,1115,1,1,1,1,6,475,4913200,56800,140,1,3,4,0,0,1,25,140,1,0,1,0,0
201600020499,16,2,18,2030,3,1,1,1,5,214,4890740,110389,500,1,3,4,0,1,1,30,140,1,0,1,0,0
201600020500,16,5,2,1645,1,1,1,1,5,25,4869990,134728,500,2,3,2,0,1,2,30,70,1,3,1,99,0
201600020501,16,5,17,845,1,1,1,1,1,410,4856120,149890,500,2,2,2,0,1,1,0,0,1,0,1,0,0
201600020502,16,5,18,300,3,1,1,1,2,214,4893300,107255,500,1,1,3,3,4,1,18,108,1,0,1,99,0
201600020503,16,8,27,2215,3,1,1,1,6,554,4870400,133911,500,2,3,2,0,1,1,0,0,1,0,1,0,0
201600020504,16,9,16,1030,1,1,1,8,6,616,4867470,137237,500,2,3,2,0,1,1,11,73,2,0,1,99,0
201600020505,16,10,30,2030,3,1,1,8,4,224,4898940,92743,500,1,3,4,0,2,1,31,150,1,0,1,99,0
201600020506,16,11,9,830,1,1,3,2,5,288,4870010,138271,500,3,2,2,0,1,1,0,70,2,0,1,99,0
201600020507,16,12,11,1645,1,1,1,7,4,214,4892080,108288,500,1,3,6,3,2,3,20,219,1,0,1,0,0
201600020508,16,2,22,1500,1,1,1,1,6,498,4952150,150133,500,2,3,2,0,1,2,0,72,2,0,3,0,0
201600020509,16,6,23,2315,3,1,1,1,2,373,4942010,132664,500,2,3,2,0,1,1,18,70,1,0,1,0,0
201600020510,16,8,30,1200,1,1,1,1,2,615,4950600,149233,500,2,3,0,0,1,1,10,70,1,0,1,0,0
201600020511,16,10,19,1030,1,1,2,1,3,31,4939410,177584,500,3,2,2,0,2,1,0,80,1,5,1,0,0
201600020512,16,11,19,1330,1,1,1,4,6,169,4947170,136625,500,2,3,2,0,1,1,0,80,7,0,3,99,0
201600020513,16,11,23,1415,1,1,1,8,1,160,4931390,168089,500,3,2,2,0,1,3,0,77,1,0,1,99,1
201600020514,16,12,5,1400,1,1,1,1,1,233,4943130,148674,500,4,2,2,0,1,3,0,40,1,0,1,0,0
201600020515,16,1,7,1344,1,2,1,1,6,279,4722705,206126,180,3,2,2,0,1,2,0,60,1,0,1,0,0
201600020519,16,1,7,740,5,2,2,3,6,279,4722948,206133,180,3,2,2,0,1,1,0,90,2,0,0,3,0
201600020520,16,1,28,1620,1,2,1,2,6,279,4721894,209105,180,4,2,2,0,1,4,0,67,2,0,4,99,1
201600020521,16,3,25,1915,5,2,4,1,3,279,4721900,208999,180,4,2,2,0,2,1,30,30,1,0,0,99,0
201600020522,16,6,4,2040,1,2,1,1,1,279,4722250,206284,180,4,2,0,0,2,3,0,60,1,0,1,99,0
201600020523,16,6,6,1455,1,2,2,1,6,279,4721914,206660,180,4,1,1,0,1,1,0,50,1,0,0,99,0
201600020524,16,6,6,1825,1,2,3,1,5,279,4719885,208000,180,4,2,1,0,3,0,0,75,1,0,0,99,0
201600020525,16,6,21,1355,1,2,3,1,2,279,4721356,206408,180,4,2,2,0,2,1,0,0,1,0,1,99,0
201600020526,16,7,8,1400,1,1,1,1,1,279,4721144,213817,180,3,2,1,0,0,0,0,0,0,0,1,0,0
201600020527,16,9,12,1610,1,1,1,1,3,279,4721143,213817,180,3,2,2,0,1,1,0,0,1,0,1,99,0
201600020531,16,10,6,830,1,1,1,7,1,86,4767985,157373,440,3,2,2,0,2,3,0,90,1,0,1,99,0
201600020532,16,12,24,1815,3,1,2,1,3,86,4769084,160748,440,3,2,2,0,1,0,6,110,1,0,0,0,0
201600020536,16,2,18,1745,1,1,1,1,7,231,4795400,72400,720,3,2,0,0,0,1,35,0,2,0,1,99,0
201600020556,16,10,17,1615,1,1,9,1,1,133,4332330,12612,650,2,3,2,3,1,1,97,70,1,5,1,99,0
201600020558,16,2,25,1345,1,2,1,1,6,70,4314358,635742,830,4,2,0,0,1,1,52,0,1,0,3,99,0
201600020559,16,3,22,1215,1,2,1,1,3,70,4313627,635802,830,4,2,2,0,1,1,0,62,1,0,1,99,0
201600020561,16,6,10,830,1,1,1,1,3,19,4314285,633760,830,9,2,2,1,1,1,22,0,1,2,5,99,0
201600020562,16,6,14,900,1,2,1,1,1,70,4313827,637455,830,4,2,2,1,1,1,0,60,1,0,5,99,0
201600020564,16,7,18,2330,5,2,1,1,1,19,4313652,634620,830,4,2,0,0,1,1,0,0,1,5,1,0,0
201600020565,16,7,25,745,1,1,1,1,5,19,4313382,635108,830,4,2,2,2,1,1,0,66,1,0,1,99,0
201600020571,16,1,1,315,3,1,1,1,1,430,4932758,289466,600,3,2,2,0,1,1,0,60,9,0,1,99,1
201600020572,16,1,2,2130,1,2,1,1,6,656,4909656,304747,600,3,0,0,0,0,0,0,0,0,0,0,0,0
201600020573,16,1,16,715,1,1,1,1,1,176,4922102,290997,600,3,0,0,0,0,0,0,0,0,0,0,0,0
201600020574,16,7,3,1615,1,1,1,1,3,101,4908642,287247,600,3,0,0,0,0,0,0,0,0,0,0,0,0
201600020575,16,10,24,1015,1,1,1,1,7,358,4919454,291690,600,2,0,1,0,0,2,0,0,1,3,1,0,0
201600020576,16,10,23,600,3,2,1,2,6,358,4920091,291988,600,4,0,1,0,0,1,0,0,2,0,3,0,0
201600020577,16,11,5,1645,1,1,1,1,6,260,4927329,291290,600,3,0,2,0,1,1,0,0,1,0,1,0,0
201600020578,16,5,6,1815,1,1,6,1,2,648,4856143,235272,910,3,1,1,0,1,2,0,0,1,0,1,0,0
201600020579,16,9,30,1545,1,1,1,1,1,206,5002850,272618,800,3,0,0,0,2,3,0,55,1,0,1,99,1
201600020581,16,12,30,1510,1,2,1,1,6,31,4516421,153369,190,4,2,2,0,1,1,0,0,1,0,1,99,0
201600020599,16,3,5,2115,5,2,5,1,3,31,4516501,153202,190,4,2,3,0,1,1,0,0,1,0,1,3,0
201600020600,16,3,7,1445,1,2,3,1,3,31,4515320,153439,190,4,2,2,0,1,1,0,0,2,5,1,0,0
201600020601,16,3,10,1800,1,2,1,1,3,31,4516333,149037,190,4,2,2,0,1,1,0,0,1,2,1,99,0
201600020602,16,3,11,945,1,2,1,1,3,31,4515512,151504,190,4,2,2,0,1,1,0,0,1,0,1,99,0
201600020603,16,3,13,1135,1,2,3,1,3,31,4516062,151586,190,4,2,2,0,1,1,0,0,1,0,1,99,0
201600020604,16,3,14,810,1,2,3,1,3,31,4516876,153118,190,4,2,3,0,2,1,0,0,1,0,1,99,0
201600020605,16,3,18,1240,1,2,1,1,6,31,4515993,152518,190,4,1,1,0,1,1,0,0,1,0,1,3,0
201600020606,16,3,18,1905,2,2,2,1,1,31,4515084,155055,190,4,2,2,0,1,1,0,0,1,0,1,99,0
201600020607,16,3,24,1540,1,2,1,1,3,31,4514553,148136,190,4,1,2,0,1,1,0,0,1,0,1,99,0
201600020608,16,4,1,1955,1,2,1,1,6,31,4517087,154117,190,4,2,2,0,2,1,0,0,1,0,1,0,0
201600020609,16,4,2,1120,1,2,1,1,6,31,4515654,153320,190,4,2,2,0,1,1,0,0,1,0,1,0,0
201600020610,16,4,5,735,1,2,1,1,6,31,4516754,153152,190,4,2,2,0,1,1,0,0,2,0,1,0,0
201600020611,16,4,12,1455,1,2,1,1,3,31,4515551,151657,190,4,2,2,0,1,1,0,0,1,0,1,99,0
201600020612,16,4,14,1130,1,2,1,1,6,31,4514482,148162,190,4,2,2,0,1,1,0,0,1,0,1,99,0
201600020613,16,4,15,1510,1,2,1,1,2,31,4516537,153638,190,4,2,2,0,1,1,0,0,1,0,1,99,0
201600020614,16,4,16,1315,1,2,1,1,5,31,4514914,148213,190,4,2,4,0,1,1,0,0,1,0,1,0,0
201600020615,16,5,8,520,5,2,3,1,3,31,4515810,155849,190,4,2,2,0,1,1,0,0,1,0,1,99,0
201600020616,16,5,11,1730,1,2,1,3,4,31,4516696,154697,190,4,2,2,0,1,1,0,0,2,0,1,99,0
201600020617,16,5,26,1720,1,1,1,1,4,31,4512491,155438,190,3,2,2,0,2,1,0,0,1,0,1,99,0
201600020618,16,5,26,1845,1,2,1,1,4,31,4514998,149563,190,4,2,2,0,1,1,0,0,1,0,1,99,0
201600020619,16,5,28,2000,1,2,3,1,3,31,4515798,155449,190,4,2,3,0,1,1,0,0,1,0,1,99,0
201600020620,16,6,2,1730,1,2,1,2,2,31,4516748,154416,190,4,2,2,0,1,1,0,0,2,0,1,3,0
201600020621,16,6,6,1330,1,2,1,1,2,31,4516251,153268,190,4,1,2,0,3,1,0,0,1,0,1,99,0
201600020622,16,6,7,2005,1,2,1,1,3,31,4516621,152576,190,4,1,1,0,1,1,0,0,1,0,1,99,0
201600020623,16,6,16,1340,1,2,1,1,2,31,4516633,154285,190,4,2,2,0,1,1,0,0,1,0,1,99,0
201600020624,16,6,18,950,1,2,1,1,4,31,4516576,152849,190,4,1,2,0,1,1,0,0,1,0,1,99,0
201600020625,16,6,21,1635,1,2,1,1,2,31,4515650,152027,190,4,2,2,0,1,1,0,0,1,0,1,99,0
201600020626,16,6,24,2305,5,2,1,3,7,31,4515506,151195,190,4,2,2,0,1,1,0,0,4,0,1,99,0
201600020627,16,6,29,1910,1,2,1,1,1,31,4515536,152720,190,4,2,2,0,1,1,0,0,1,0,1,99,0
201600020636,16,8,5,250,5,2,1,1,6,31,4515550,155262,190,4,2,2,0,1,1,0,0,0,0,1,0,0
201600020637,16,8,8,1740,1,2,1,1,2,31,4516132,150312,190,4,2,4,0,1,1,0,0,1,0,1,99,0
201600020638,16,8,11,1955,1,2,6,1,6,31,4515431,155813,190,4,2,2,0,1,1,0,0,1,0,1,99,0
201600020639,16,8,13,2355,5,2,1,1,6,31,4515677,153098,190,4,1,2,0,1,1,0,0,1,0,1,0,0
201600020640,16,8,23,2300,5,2,1,1,6,31,4516761,149536,190,4,2,2,0,1,1,0,0,1,0,1,99,0
201600020641,16,9,3,1905,1,2,2,1,6,31,4515901,154059,190,4,2,3,0,1,1,0,0,1,0,1,99,0
201600020642,16,9,5,1800,1,2,3,1,4,31,4516762,153153,190,4,2,3,0,1,1,0,0,1,0,1,99,0
201600020643,16,9,6,1710,1,2,1,1,2,31,4516084,151533,190,4,2,2,0,1,1,0,0,1,0,1,99,0
201600020644,16,9,13,1600,1,2,1,1,6,31,4516780,153292,190,4,2,2,0,1,1,0,0,1,0,1,99,0
201600020645,16,9,19,825,1,2,2,1,6,31,4516273,152292,190,4,1,2,0,1,1,0,0,1,0,1,99,0
201600020646,16,9,21,1915,1,2,3,1,3,31,4516715,152522,190,4,2,2,0,1,1,0,0,1,0,1,99,0
201600020647,16,9,23,1250,1,2,2,1,5,31,4515649,150418,190,4,2,2,0,1,1,0,0,1,5,1,0,0
201600020648,16,9,24,1545,1,2,1,1,7,31,4513956,147467,190,4,2,4,0,1,1,0,0,1,0,1,99,0
201600020649,16,9,27,2030,1,2,2,1,3,31,4515745,152382,190,4,2,3,0,1,1,0,0,1,5,1,3,0
201600020650,16,9,29,1105,1,2,1,1,6,31,4515777,153319,190,4,1,1,0,1,1,0,0,1,6,1,99,0
201600020651,16,9,30,1335,1,2,1,1,1,31,4515259,148077,190,4,2,2,0,1,1,0,0,1,0,1,99,0
201600020652,16,10,3,1125,1,2,1,7,2,31,4515254,154005,190,4,2,2,0,1,1,0,0,1,0,1,99,0
201600020653,16,10,4,1605,1,2,1,1,3,31,4515497,151444,190,4,2,2,0,1,1,0,0,1,0,1,99,0
201600020654,16,10,9,1020,1,2,3,1,3,31,4516670,153686,190,4,2,2,0,1,1,0,0,1,0,1,99,0
201600020655,16,10,9,1910,2,2,3,1,3,31,4516314,152252,190,4,2,2,0,1,1,0,0,1,0,1,99,0
201600020656,16,10,13,1700,1,2,1,1,4,31,4515579,148267,190,4,2,2,0,1,1,0,0,1,1,1,99,0
201600020657,16,10,25,1200,1,2,3,1,3,31,4516136,150314,190,4,2,2,0,1,1,0,0,1,0,1,99,0
201600020658,16,10,26,1725,1,2,1,1,6,31,4515905,152973,190,4,2,2,0,1,1,0,0,1,0,1,99,0
201600020659,16,10,27,1530,1,2,1,1,3,31,4515088,150709,190,4,2,2,0,1,1,0,0,1,0,1,99,0
201600020660,16,10,28,1755,1,2,3,1,3,31,4515586,151783,190,3,2,2,0,1,1,0,0,1,0,1,99,0
201600020661,16,11,3,1830,5,2,3,1,3,31,4516068,152351,190,4,2,2,0,1,1,0,0,1,0,1,99,0
201600020662,16,11,4,1605,1,2,1,1,1,31,4516768,152800,190,4,2,2,0,1,1,0,0,1,0,1,99,0
201600020663,16,11,11,305,5,2,1,2,7,31,4516434,149205,190,3,2,2,0,1,2,0,0,2,0,1,99,1
201600020664,16,11,13,1625,1,2,3,3,3,31,4516768,153151,190,4,2,3,0,1,1,0,0,2,0,1,99,0
201600020665,16,11,15,1435,1,1,1,1,2,31,4514310,146991,190,3,2,2,0,1,1,0,0,1,0,1,99,0
201600020670,16,11,22,1835,5,2,1,3,4,31,4514646,148243,190,3,2,3,0,1,1,0,0,2,0,1,99,0
201600020671,16,12,2,1510,1,2,1,1,6,31,4516318,153315,190,4,1,1,0,1,1,0,0,1,0,1,99,0
201600020672,16,12,3,955,1,2,3,1,1,31,4515377,150477,190,4,2,2,0,1,1,0,0,1,0,1,99,0
201600020673,16,12,5,1000,1,2,3,1,6,31,4515687,153480,190,4,1,2,0,1,1,0,0,1,0,1,99,0
201600020674,16,12,9,755,2,2,3,1,3,31,4516783,153978,190,4,2,2,0,1,1,0,0,1,0,1,99,0
201600020675,16,12,12,610,5,2,2,1,3,31,4515651,150418,190,4,2,2,0,1,1,0,0,1,0,1,99,0
201600020676,16,12,15,1420,1,2,2,1,3,31,4516521,153190,190,4,1,2,0,1,1,0,0,1,0,1,99,0
201600020677,16,12,15,1730,2,2,1,1,6,31,4515763,154122,190,4,2,2,0,1,1,0,0,1,0,1,99,0
201600020678,16,12,18,1425,1,2,1,1,2,31,4515529,151565,190,4,2,2,0,1,1,0,0,1,0,1,99,0
201600020679,16,12,18,1525,1,2,1,1,2,31,4515934,153059,190,4,1,3,0,1,1,0,0,1,5,1,3,0
201600020680,16,12,18,1740,5,2,1,1,3,31,4515099,149957,190,4,2,2,0,1,1,0,0,1,0,1,99,0
201600020681,16,12,20,1820,5,2,1,1,2,31,4516575,153912,190,4,2,2,0,1,1,0,0,1,5,1,99,0
201600020682,16,12,21,1830,5,2,3,1,3,31,4516765,153151,190,3,2,3,0,2,1,0,0,1,5,1,99,0
201600020683,16,12,22,2110,5,2,1,2,2,31,4514731,148252,190,4,1,2,0,1,1,0,0,2,0,1,99,0
201600020684,16,12,24,1900,5,2,3,2,3,31,4515794,155472,190,4,2,3,0,0,0,0,0,0,0,1,0,0
201600020685,16,2,11,1900,5,2,1,8,2,343,4787693,731197,680,3,2,2,0,1,1,0,71,1,0,1,99,0
201600020686,16,5,9,1900,1,2,6,1,3,43,4785390,726367,680,4,2,2,0,1,1,0,65,1,5,0,99,0
201600020687,16,9,10,400,3,1,1,1,6,315,4788637,722558,680,3,3,4,0,1,1,20,140,1,0,3,99,1
201600020688,16,10,14,45,5,2,3,2,6,43,4786120,723845,680,3,2,2,2,1,1,0,70,2,2,3,3,1
201600020693,16,6,25,645,1,1,1,1,6,260,5106528,254550,590,3,2,2,0,1,3,0,74,1,0,3,0,1
201600020697,16,4,28,1725,1,2,1,1,6,272,4525257,175669,190,3,2,2,0,1,1,0,113,1,0,3,0,0
201600020703,16,10,9,1730,1,2,6,1,3,272,4526981,177393,190,3,0,2,0,0,0,0,0,0,0,1,0,0
201600020704,16,12,9,940,1,2,1,1,6,272,4526889,177313,190,4,1,2,0,1,3,0,95,1,0,1,0,0
201600020706,16,7,17,645,1,2,1,1,6,275,4554988,230708,190,3,2,2,0,4,2,0,119,1,5,4,3,0
201600020707,16,10,29,1145,1,2,9,1,3,275,4554599,230627,190,3,0,2,0,2,1,0,68,1,0,1,99,0
201600020708,16,10,14,1525,1,1,1,2,3,275,4556152,232172,190,3,2,2,0,2,2,10,20,8,5,1,99,0
201600020709,16,11,25,645,5,2,1,3,1,275,4555530,232827,190,4,2,2,0,1,2,0,62,2,0,1,99,0
201600020710,16,5,10,800,1,2,1,2,3,300,4777680,736273,680,3,3,2,2,1,1,0,70,2,0,1,99,0
201600020711,16,5,27,1415,1,1,1,1,3,64,4783437,755054,680,3,2,2,0,1,2,0,74,1,0,1,0,0
201600020712,16,6,1,900,1,1,1,1,6,144,4776698,749917,680,3,2,2,0,1,1,0,70,1,0,3,99,0
201600020713,16,6,6,1700,1,2,6,1,3,300,4777971,736474,680,3,1,1,2,1,2,0,82,1,5,1,99,0
201600020714,16,8,31,1930,2,2,1,1,2,300,4778169,736593,680,3,2,2,2,1,1,0,109,1,0,4,99,0
201600020715,16,10,6,1900,5,2,1,1,1,22,4782400,738100,680,9,1,1,0,0,2,0,40,1,0,1,0,0
201600020716,16,11,25,1915,3,1,1,1,3,253,4779400,752400,680,3,2,2,0,0,0,0,0,0,0,0,0,0
201600020717,16,12,15,815,1,1,1,5,6,22,4780615,743705,680,3,2,2,0,1,1,0,60,1,0,1,99,0
201600020718,16,1,23,1450,1,2,1,1,2,54,4704036,484020,210,4,2,2,0,1,1,0,80,1,0,1,99,0
201600020720,16,2,13,1845,5,2,1,2,6,54,4703706,483768,210,4,2,2,0,1,1,0,70,2,0,1,99,0
201600020721,16,4,10,1040,1,1,2,1,3,54,4701706,487290,210,3,2,2,0,1,1,0,0,1,0,0,99,1
201600020722,16,5,20,1755,1,2,1,1,3,54,4702192,484172,210,4,1,1,0,0,0,0,0,0,0,1,0,0
201600020723,16,6,6,1120,1,2,6,1,3,54,4701824,483267,210,4,2,2,0,1,1,0,0,1,0,1,99,0
201600020724,16,7,4,1820,1,2,2,1,3,54,4702189,484395,210,4,1,1,0,1,1,0,0,1,0,1,3,0
201600020725,16,9,29,715,2,2,2,1,3,54,4702978,483310,210,4,2,3,0,1,1,0,0,1,0,1,99,0
201600020726,16,10,4,1725,1,2,1,1,2,54,4703129,484211,210,3,2,2,0,1,1,0,0,1,0,1,99,0
201600020727,16,10,7,1230,1,2,6,1,6,54,4701979,484716,210,4,2,2,0,1,1,0,0,1,0,1,99,0
201600020728,16,10,11,1000,1,2,9,1,3,54,4704078,483814,210,4,2,2,0,1,1,0,75,1,0,1,3,0
201600020729,16,10,20,1115,1,2,2,1,3,54,4703819,483768,210,4,2,2,0,1,1,0,0,1,5,1,99,0
201600020730,16,10,27,1536,1,2,4,1,3,54,4701686,484550,210,4,2,2,0,1,2,0,0,1,5,1,99,0
201600020731,16,11,3,1715,2,2,3,1,3,54,4703520,483799,210,4,0,1,0,0,0,0,0,0,0,1,0,0
201600020732,16,11,28,1730,3,1,1,1,5,54,4701097,485340,210,3,2,2,0,1,1,0,67,1,0,1,99,0
201600020733,16,11,23,315,5,2,4,1,6,54,4702055,483910,210,4,1,2,0,1,3,0,0,1,5,4,99,0
201600020734,16,1,1,1635,1,2,1,1,2,231,4732076,500911,210,4,2,1,0,1,1,0,0,1,0,1,0,0
201600020736,16,1,13,1807,5,2,1,1,6,231,4730674,504918,210,4,2,2,0,1,1,0,80,1,0,1,0,0
201600020737,16,1,14,1928,5,2,1,2,6,231,4735723,504495,210,4,2,2,0,1,1,0,0,2,3,1,0,0
201600020739,16,1,30,427,5,2,1,1,1,231,4731361,498988,210,4,2,2,0,3,1,0,115,1,0,1,0,0
201600020740,16,2,2,1437,1,2,1,1,6,231,4732231,506789,210,4,3,4,1,1,1,20,61,2,0,1,0,0
201600020741,16,2,11,1510,1,2,1,8,6,617,4732912,501068,210,4,2,2,0,1,1,0,60,1,0,1,0,0
201600020742,16,2,28,355,5,2,1,1,6,231,4731347,503285,210,4,2,2,0,1,2,0,76,1,0,1,0,0
201600020743,16,2,28,330,5,2,2,1,3,231,4732880,506502,210,4,2,2,0,1,1,0,140,1,0,1,0,0
201600020744,16,3,3,1148,1,2,6,2,3,231,4736186,504996,210,4,3,2,0,1,1,0,120,2,4,1,0,0
201600020745,16,3,8,1935,5,2,7,1,4,231,4732645,503834,210,4,2,3,3,1,1,0,0,1,5,1,99,0
201600020746,16,3,11,2110,5,2,3,1,6,231,4734408,504504,210,4,2,2,3,1,1,20,0,1,4,1,99,0
201600020747,16,3,13,415,5,2,1,1,6,231,4732482,504787,210,4,2,3,3,1,1,0,99,1,0,1,99,0
201600020749,16,3,26,502,5,2,4,1,6,278,4733564,503118,210,4,2,2,0,2,1,0,0,1,5,3,99,0
201600020750,16,3,27,1830,1,2,9,1,1,231,4732569,500762,210,3,2,3,0,1,1,0,0,1,0,1,99,1
201600020751,16,4,6,1435,1,2,1,1,6,231,4732652,504421,210,4,1,2,0,1,1,0,62,1,0,1,0,0
201600020752,16,4,3,745,3,2,1,2,6,355,4728748,504886,210,5,0,0,0,1,1,0,0,2,0,3,0,1
201600020753,16,5,3,938,1,2,1,8,6,166,4729537,500864,210,4,2,2,0,1,2,0,0,1,0,1,0,0
201600020754,16,5,13,840,1,2,1,1,6,231,4731271,501036,210,4,2,2,0,2,1,0,0,1,0,1,0,0
201600020755,16,5,15,450,5,2,1,1,6,231,4731203,501461,210,4,2,2,0,1,1,0,0,1,0,1,0,0
201600020756,16,5,18,752,1,2,3,1,1,231,4731731,506058,210,4,2,2,0,1,1,0,68,1,0,1,0,0
201600020757,16,5,26,730,1,2,2,1,3,231,4730713,501966,210,4,2,2,0,1,1,0,0,1,0,1,0,0
201600020758,16,5,26,1802,1,2,1,1,6,231,4732752,504666,210,4,2,3,0,1,1,0,0,1,0,0,0,0
201600020759,16,5,27,233,5,2,2,1,6,231,4732875,505580,210,4,2,0,0,1,1,0,0,0,5,0,0,0
201600020760,16,6,2,1725,1,2,1,3,4,231,4731812,504655,210,4,2,2,0,1,1,0,0,2,0,1,0,0
201600020761,16,6,6,2000,1,2,2,1,3,231,4733701,504990,210,4,2,2,0,1,1,0,80,1,0,1,0,0
201600020762,16,6,6,1857,1,2,3,1,1,231,4730507,500920,210,4,2,2,0,1,1,0,0,1,0,1,0,0
201600020763,16,6,10,2014,1,2,3,1,3,166,4717178,501214,210,4,2,2,0,1,1,0,120,1,0,1,0,0
201600020764,16,6,29,1545,1,2,7,1,6,231,4732370,503359,210,4,2,0,3,2,1,0,0,1,0,1,99,0