Num_Acc,an,mois,jour,hrmn,lum,agg,int,atm,col,com,lat,long,dep,catr,circ,nbv,vosp,prof,plan,lartpc,larrout,surf,infra,situ,env1,killed
201600020765,16,6,30,1619,1,2,7,1,6,231,4732119,504357,210,4,2,2,0,1,1,0,120,1,5,1,0,0
201600020766,16,7,4,1150,1,2,7,1,6,231,4731538,503819,210,4,2,2,0,1,1,0,0,1,0,1,3,0
201600020767,16,7,5,2145,2,2,4,1,6,231,4732377,504424,210,4,1,0,0,1,1,0,0,1,0,1,99,0
201600020768,16,7,12,1904,1,2,1,1,1,231,4733276,507112,210,4,2,2,0,3,3,0,65,1,0,1,0,0
201600020769,16,7,27,905,1,2,1,1,6,278,4733729,503138,210,4,2,0,0,1,1,0,0,0,0,4,0,0
201600020770,16,7,27,1131,1,2,3,1,1,231,4730912,500152,210,4,2,3,0,3,1,0,92,1,0,1,0,0
201600020771,16,8,7,2020,1,2,2,1,3,231,4732976,506505,210,4,2,2,0,1,1,0,0,1,0,1,0,0
201600020772,16,8,16,1420,1,2,1,1,6,231,4733392,501586,210,4,2,6,0,1,2,20,183,1,0,1,0,0
201600020773,16,8,22,1850,1,2,1,1,6,231,4732293,502969,210,4,2,2,0,4,1,0,60,1,4,1,0,0
201600020774,16,9,6,1450,1,2,3,1,3,231,4731662,502546,210,4,1,1,0,1,1,0,30,1,0,1,0,0
201600020775,16,9,10,1740,1,2,2,1,6,231,4731397,504880,210,4,1,1,0,1,2,0,0,1,0,1,0,0
201600020776,16,9,12,745,1,2,1,1,3,231,4733032,504310,210,4,1,1,0,1,2,0,0,1,0,1,0,0
201600020777,16,9,18,105,5,2,1,1,7,166,4729611,500405,210,4,3,2,0,1,1,0,0,1,0,1,0,0
201600020778,16,9,20,1054,1,2,1,1,3,231,4730858,505602,210,4,2,2,0,1,1,0,30,1,0,1,0,0
201600020779,16,10,16,1820,2,2,1,1,2,231,4731255,503952,210,4,2,2,0,1,1,0,35,1,0,1,0,0
201600020780,16,10,18,1445,1,2,1,1,4,231,4733372,507393,210,2,1,2,0,1,1,0,0,1,0,1,0,0
201600020781,16,10,25,1830,5,2,3,1,5,231,4731483,503113,210,3,2,5,3,1,1,0,0,1,0,1,99,0
201600020782,16,10,27,1450,1,2,5,1,6,231,4731476,508223,210,3,3,0,3,2,1,0,0,1,5,1,99,0
201600020783,16,10,29,808,1,2,2,1,3,166,4729778,501345,210,3,2,0,0,1,1,0,0,1,5,1,99,0
201600020784,16,10,29,1709,1,2,2,1,3,231,4732726,506508,210,4,2,0,3,2,1,0,0,1,4,1,99,0
201600020785,16,11,21,520,5,2,2,2,3,231,4730558,502211,210,4,3,4,0,1,1,0,120,2,0,1,0,0
201600020786,16,12,2,1620,1,2,2,7,6,231,4730956,501661,210,4,0,0,0,0,0,0,0,0,0,0,0,0
201600020787,16,12,1,1220,1,2,4,1,1,355,4730026,505185,210,4,2,0,0,1,1,0,0,0,0,1,99,0
201600020788,16,12,9,1650,2,2,1,5,6,231,4731864,500145,210,4,3,4,0,1,1,0,0,1,0,1,3,0
201600020789,16,12,10,1249,1,2,1,1,6,231,4734078,505445,210,4,2,2,0,1,3,0,0,1,0,1,0,0
201600020790,16,12,8,1638,2,2,1,5,3,231,4730459,506228,210,4,2,3,0,1,1,0,0,2,0,0,0,0
201600020791,16,12,28,110,5,2,4,1,6,231,4733688,505537,210,4,2,2,0,1,1,0,0,1,0,1,0,0
201600020792,16,1,11,715,3,1,1,1,1,308,4544325,464085,420,3,2,2,0,2,3,67,0,2,0,1,0,0
201600020793,16,2,5,1245,1,1,1,1,1,210,4547704,464985,420,3,2,1,0,2,3,0,36,2,0,1,99,0
201600020794,16,2,12,1245,1,1,1,2,6,271,4545105,460893,420,3,2,2,0,1,3,0,70,2,0,1,0,0
201600020795,16,3,8,745,3,1,1,1,6,308,4546256,458330,420,3,2,2,0,1,1,0,70,0,0,0,99,0
201600020796,16,3,8,1130,1,2,1,1,6,271,4548230,457509,420,4,1,1,0,1,1,0,54,1,0,1,3,0
201600020797,16,5,29,2045,2,1,1,1,7,271,4549075,456953,420,3,2,2,0,0,1,0,48,2,0,1,0,0
201600020798,16,6,6,1915,1,1,1,1,7,320,4554984,452072,420,3,2,2,0,2,1,0,45,1,0,1,0,0
201600020799,16,7,11,1745,1,1,1,3,3,242,4554564,462944,420,3,2,2,0,2,2,0,70,2,0,1,0,0
201600020800,16,8,13,1415,1,1,1,1,1,307,4555024,467323,420,3,2,2,0,1,1,0,73,1,0,1,0,0
201600020801,16,9,14,1645,1,1,1,1,7,322,4539971,453329,420,3,2,2,0,0,2,0,40,1,0,1,0,0
201600020802,16,1,14,1800,2,2,1,2,7,113,4874840,345762,220,4,2,2,0,2,1,0,70,2,0,1,99,0
201600020803,16,1,22,730,3,1,1,2,2,113,4877257,348587,220,3,2,2,0,3,1,0,70,2,0,1,99,0
201600020804,16,1,27,1847,3,2,1,3,6,113,4873416,344064,220,4,2,2,0,1,1,0,0,2,0,1,99,0
201600020805,16,2,8,1835,3,1,1,3,2,113,4875218,345445,220,4,2,2,0,1,1,0,62,2,0,1,99,0
201600020806,16,1,25,820,2,1,1,1,3,113,4875337,351682,220,3,2,2,0,1,1,0,0,1,0,1,99,0
201600020807,16,1,26,835,1,2,1,1,1,113,4875942,347744,220,4,2,2,0,1,1,0,0,1,0,1,99,0
201600020808,16,2,13,2200,5,2,1,3,6,113,4872750,346643,220,4,2,2,0,0,0,0,0,2,0,1,0,0
201600020809,16,2,23,2305,5,2,1,1,7,113,4873978,346560,220,3,2,3,0,2,1,0,0,1,0,3,99,0
201600020810,16,3,7,1655,1,2,3,1,3,113,4872611,344855,220,3,2,2,0,1,1,110,70,1,5,1,0,0
201600020811,16,3,8,1815,1,2,1,1,1,113,4873323,345152,220,4,2,2,0,3,1,12,70,1,0,1,99,0
201600020812,16,2,19,1615,1,2,4,1,3,113,4873882,346375,220,4,1,2,0,1,1,0,0,1,5,1,0,0
201600020813,16,3,31,955,1,2,1,1,6,113,4873066,345983,220,3,2,2,0,1,1,0,0,1,0,1,99,0
201600020814,16,4,13,835,1,2,1,7,6,113,4874658,346415,220,4,2,2,0,1,1,0,90,1,0,1,99,0
201600020815,16,4,19,1659,1,1,1,1,6,113,4873007,346060,220,3,2,2,0,1,3,140,100,1,0,1,99,0
201600020816,16,4,18,850,1,1,3,1,3,113,4872025,348549,220,3,2,2,0,1,0,0,65,1,5,0,99,0
201600020817,16,5,14,2340,5,2,1,1,1,113,4873287,344446,220,4,0,2,0,1,1,0,0,1,0,1,99,0
201600020818,16,6,30,2220,2,1,1,8,7,113,4875210,350318,220,3,2,2,0,1,1,0,0,2,0,3,99,0
201600020819,16,7,4,1645,1,2,3,1,3,113,4872610,344857,220,3,2,2,0,2,1,0,200,9,5,1,99,0
201600020820,16,7,5,1815,1,1,1,1,2,113,4875330,345901,220,3,2,2,1,1,1,0,70,1,0,1,99,0
201600020821,16,7,13,1205,1,1,1,2,1,113,4874890,345150,220,4,2,2,0,2,3,0,70,2,0,1,99,0
201600020822,16,7,20,1325,1,2,1,8,4,113,4844506,328561,220,3,2,2,0,1,1,0,65,1,0,1,99,0
201600020823,16,7,21,1305,1,2,1,1,2,113,4873042,346866,220,3,2,2,0,2,1,0,0,1,0,1,99,0
201600020824,16,7,25,1725,1,1,3,1,3,113,4872524,347153,220,4,2,2,0,2,1,0,0,1,5,1,0,0
201600020825,16,8,8,2230,4,2,1,1,6,113,4874320,347275,220,4,2,2,0,1,1,0,0,1,2,1,99,0
201600020826,16,7,26,1415,1,2,9,1,6,113,4873296,344456,220,4,2,2,1,1,1,0,0,1,0,5,99,0
201600020827,16,8,8,1740,1,2,1,1,3,113,4874744,346680,220,4,2,2,0,1,1,0,50,1,0,1,99,0
201600020828,16,8,14,2115,1,2,1,1,6,113,4874364,348011,220,4,2,2,0,0,0,0,0,1,0,4,0,1
201600020829,16,8,10,1755,1,2,1,1,6,113,4872674,344782,220,4,2,1,0,1,0,0,70,1,0,1,0,0
201600020830,16,8,19,115,5,2,6,1,3,113,4873199,346510,220,3,2,2,0,1,1,0,0,1,0,1,0,0
201600020831,16,8,29,1330,1,1,1,1,2,113,4874915,346075,220,3,3,4,0,1,0,0,75,1,0,1,99,0
201600020832,16,8,9,1525,1,2,6,1,3,113,4874706,346162,220,3,4,0,0,1,2,0,0,1,5,1,99,0
201600020833,16,9,15,1620,1,1,6,1,6,113,4873412,343931,220,6,0,0,0,1,1,0,35,1,0,1,3,0
201600020834,16,10,3,935,1,2,6,1,3,113,4874472,347667,220,3,2,2,0,1,2,0,0,1,0,1,99,0
201600020835,16,11,2,955,1,2,6,2,7,113,4874287,347342,220,4,2,2,0,1,2,0,60,2,5,1,99,0
201600020836,16,11,14,1455,1,1,1,1,2,113,4872434,343136,220,3,2,4,0,1,1,0,120,1,0,1,0,0
201600020837,16,11,15,1600,1,1,1,1,6,113,4873304,343727,220,6,0,0,0,1,0,0,70,0,0,1,99,0
201600020838,16,11,16,1018,1,2,1,2,6,113,4873369,344434,220,6,0,0,0,1,2,0,70,2,0,0,99,0
201600020839,16,12,3,1015,1,2,1,1,2,113,4873485,346808,220,3,2,2,0,1,1,0,0,1,0,1,99,0
201600020840,16,11,26,1600,1,2,1,1,6,113,4874431,346225,220,3,3,2,0,2,1,0,70,1,0,3,0,0
201600020841,16,12,9,1444,1,2,1,1,7,113,4873803,345661,220,4,2,2,1,2,1,0,80,1,0,5,99,1
201600020842,16,12,7,1925,2,2,3,1,3,113,4874902,348608,220,3,2,2,0,2,1,0,70,1,5,1,99,0
201600020843,16,12,18,748,3,1,4,5,6,113,4875289,341044,220,3,2,2,0,2,3,0,0,2,0,3,99,0
201600020844,16,12,26,2040,3,1,1,1,6,113,4874454,353405,220,4,2,2,0,1,3,0,70,1,0,1,0,0
201600020845,16,12,29,820,3,2,2,1,6,113,4874901,348594,220,4,2,2,0,2,3,0,70,1,5,1,0,0
201600020846,16,12,28,1625,1,1,1,1,3,215,4848346,279650,220,3,2,2,0,1,1,0,64,1,0,1,99,0
201600020847,16,1,5,1404,1,1,1,1,3,106,4849466,272479,220,4,2,2,0,1,1,70,30,2,0,1,99,0
201600020848,16,12,16,2015,3,1,1,1,7,360,4828208,245050,220,3,2,2,0,1,2,0,50,1,0,3,99,0
201600020849,16,1,5,950,1,1,6,8,3,187,4854622,277270,220,4,2,2,0,0,0,0,61,2,5,1,99,0
201600020850,16,1,5,815,5,2,3,1,3,215,4849750,279891,220,4,2,2,0,1,1,0,0,2,0,1,0,0
201600020851,16,1,12,1745,2,2,6,2,4,278,4851846,274844,220,3,0,2,0,1,1,0,65,2,0,1,0,0
201600020852,16,1,9,1140,1,2,1,2,6,278,4851701,275438,220,4,2,2,0,1,1,0,50,2,0,1,3,0
201600020853,16,1,15,810,3,1,3,2,2,106,4849172,270479,220,3,2,2,0,0,0,70,90,2,5,1,99,0
201600020854,16,1,31,1900,5,2,1,1,6,278,4850373,276219,220,4,2,2,0,1,3,40,50,2,0,1,99,0
201600020855,16,1,12,800,5,2,1,2,6,278,4851199,275579,220,4,2,3,0,1,3,0,0,2,0,1,99,0
201600020856,16,2,4,1820,1,1,1,1,3,106,4849581,273140,220,4,2,2,0,1,1,0,65,1,0,1,99,0
201600020857,16,2,5,1740,1,2,1,1,2,278,4850454,276202,220,4,2,2,0,1,0,15,80,1,0,0,99,0
201600020858,16,2,5,1720,1,2,1,1,3,278,4851753,273412,220,4,0,2,0,1,1,0,0,1,0,0,3,0
201600020859,16,2,9,1615,1,1,1,2,4,215,4849456,276432,220,3,1,2,0,1,1,0,700,2,0,1,99,0
201600020860,16,2,18,1710,1,1,6,1,2,278,4849338,276137,220,3,2,4,0,1,1,0,0,1,5,0,99,0
201600020861,16,1,23,1435,1,1,1,1,7,215,4848196,279259,220,3,2,2,0,2,1,0,50,1,3,3,99,0
201600020862,16,2,28,1730,1,1,6,1,3,215,4849403,276282,220,3,1,2,0,1,2,0,50,1,5,1,99,0
201600020863,16,3,7,1440,1,1,1,1,6,360,4846538,277855,220,3,3,4,0,1,1,0,70,1,0,3,99,0
201600020864,16,2,28,1650,1,1,1,1,7,278,4852155,278330,220,4,2,2,0,1,1,0,50,1,0,0,3,0
201600020865,16,3,22,2013,4,1,2,1,4,278,4850785,273314,220,4,2,2,0,1,1,0,50,1,0,1,0,0
201600020866,16,4,6,1810,1,1,1,1,2,187,4853131,275632,220,2,3,4,0,1,1,0,70,1,0,1,99,0
201600020867,16,4,20,845,1,2,2,1,1,278,4851732,277837,220,4,2,2,0,1,1,0,0,1,5,1,99,0
201600020868,16,4,15,2013,1,1,1,1,7,278,4852541,274052,220,3,3,2,0,1,1,0,25,1,0,1,99,0
201600020869,16,4,19,1215,1,2,6,1,3,278,4849709,274703,220,3,3,4,0,1,1,0,50,1,5,1,99,0
201600020870,16,4,22,1330,1,2,1,1,6,278,4850630,274736,220,4,2,2,1,1,1,0,50,1,0,4,99,0
201600020871,16,3,31,1830,1,2,2,1,1,278,4851320,278042,220,4,2,2,0,1,1,0,0,1,5,1,0,0
201600020872,16,5,1,130,3,1,1,1,6,215,4850144,281322,220,4,2,2,0,1,1,0,50,1,0,1,99,0
201600020873,16,4,28,1426,1,2,1,1,4,278,4851154,274524,220,4,2,2,0,1,1,0,50,1,0,1,99,0
201600020874,16,4,28,1850,1,2,3,1,3,215,4849386,278139,220,4,2,2,0,1,1,0,70,1,5,1,3,0
201600020875,16,5,15,830,1,2,6,7,3,360,4848834,274235,220,4,2,2,1,1,1,0,50,1,5,1,99,0
201600020876,16,5,25,805,1,1,9,1,3,187,4854300,278268,220,3,1,1,0,1,3,0,35,1,3,1,0,0
201600020877,16,5,28,2220,4,2,3,1,2,278,4851421,274747,220,4,2,2,0,1,1,0,50,1,5,1,0,0
201600020878,16,6,6,1215,1,2,6,1,3,278,4850884,277212,220,4,0,2,2,1,1,0,25,1,5,5,99,0
201600020879,16,6,8,1810,1,2,2,1,6,278,4851225,278132,220,4,2,2,0,1,4,0,55,1,5,1,0,0
201600020880,16,6,11,1125,1,1,4,1,2,360,4848178,269326,220,2,1,1,0,2,1,0,0,0,3,0,99,0
201600020881,16,6,15,840,1,2,1,1,4,278,4851224,275418,220,4,2,3,2,1,1,0,56,1,2,1,99,0
201600020882,16,6,26,1745,1,1,9,1,2,187,4854527,278684,220,2,2,2,0,1,1,0,0,1,3,1,99,0
201600020883,16,7,5,1140,1,2,1,1,6,278,4851128,276102,220,9,0,0,3,1,1,0,74,1,6,0,3,1
201600020884,16,7,5,1550,1,1,1,1,7,106,4849978,273147,220,4,2,2,0,1,1,0,50,1,0,1,99,0
201600020885,16,7,18,1940,1,2,1,1,3,278,4852030,275226,220,4,2,2,0,1,1,0,50,0,0,0,99,0
201600020886,16,7,24,2025,1,1,1,1,3,187,4854014,276353,220,2,3,4,0,2,1,0,0,1,0,1,99,0
201600020887,16,7,22,2000,1,2,1,1,6,187,4852908,273137,220,4,2,1,0,2,1,0,0,1,0,1,0,0
201600020888,16,7,26,1655,1,1,1,1,7,278,4851605,274367,220,2,3,4,0,1,1,0,70,1,0,1,99,0
201600020889,16,7,27,1715,1,1,1,1,2,106,4850112,272836,220,2,2,5,0,2,1,0,105,1,3,1,99,0
201600020890,16,7,28,2010,1,2,2,1,3,278,4851552,277358,220,4,2,2,0,1,1,0,0,1,5,1,0,0
201600020891,16,8,2,1325,1,1,1,1,4,360,4849257,276253,220,3,3,4,0,1,1,0,72,2,0,1,99,0
201600020892,16,8,6,1540,1,1,6,1,3,360,4849305,276238,220,3,1,2,0,1,2,0,0,1,5,1,99,0
201600020893,16,6,26,15,3,2,1,1,6,360,4847907,270739,220,3,2,2,0,1,1,0,66,1,0,1,99,1
201600020894,16,8,10,850,1,2,6,1,3,278,4849822,275194,220,4,1,1,0,1,2,0,0,1,5,1,3,0
201600020895,16,8,5,1630,1,2,2,1,3,360,4846824,276553,220,3,2,2,0,1,1,0,58,1,5,1,0,0
201600020896,16,8,9,1345,1,2,1,1,3,187,4855624,276947,220,4,2,2,0,1,1,0,0,1,0,1,99,0
201600020897,16,8,26,1852,1,1,6,1,7,187,4852353,276392,220,3,2,2,0,2,3,30,50,0,5,1,99,0
201600020898,16,8,31,1750,1,2,1,1,2,278,4851075,275692,220,4,2,2,0,2,1,0,50,0,0,1,99,0
201600020899,16,9,7,1500,1,1,1,1,6,106,4849628,272728,220,4,2,2,0,1,1,0,50,1,0,1,99,0
201600020900,16,9,3,1108,1,1,1,1,4,360,4849251,276261,220,3,3,4,0,1,1,0,50,1,0,1,99,0
201600020901,16,9,13,1,4,2,1,1,7,106,4849291,270900,220,3,2,2,0,1,1,10,50,1,0,1,99,0
201600020902,16,9,12,1500,1,2,1,1,6,278,4851235,275076,220,4,2,2,0,1,1,0,0,1,0,1,0,0
201600020903,16,9,12,1200,1,1,6,1,3,278,4849773,274823,220,4,2,2,0,1,2,0,50,1,5,1,99,0
201600020904,16,7,3,1620,1,1,1,1,1,215,4846248,279764,220,4,2,2,0,1,1,0,67,1,0,1,99,0
201600020905,16,7,5,1850,1,2,2,1,3,278,4850025,275115,220,4,2,2,0,1,1,20,50,1,5,1,99,0
201600020906,16,9,16,805,1,1,1,3,1,278,4851015,274225,220,4,2,2,0,1,1,0,50,2,0,1,99,0
201600020907,16,9,22,1850,1,1,3,1,2,106,4849724,268922,220,4,2,2,0,1,1,0,50,1,5,1,0,0
201600020908,16,9,21,1740,1,1,3,1,3,278,4850230,276894,220,4,2,2,0,1,1,0,50,1,5,1,0,0
201600020909,16,9,16,1730,1,1,6,1,3,360,4849325,276163,220,3,1,2,0,1,2,0,0,1,5,1,99,0
201600020910,16,10,1,940,1,2,3,1,2,360,4849140,272578,220,4,2,2,2,1,1,0,0,1,0,1,0,0
201600020911,16,10,4,2115,5,2,2,1,1,278,4850021,275120,220,4,2,2,0,2,1,0,0,1,0,0,99,0
201600020912,16,10,4,1340,1,1,1,1,4,278,4850802,273670,220,2,3,5,0,1,1,0,37,1,0,1,99,0
201600020913,16,10,6,1510,1,1,3,1,3,187,4854542,278694,220,2,1,1,0,2,2,0,0,1,5,1,99,0
201600020914,16,10,1,1735,1,1,6,1,5,360,4849402,276280,220,3,1,2,0,1,2,0,50,1,5,1,99,0
201600020915,16,9,29,1605,1,1,3,1,3,187,4854145,282515,220,3,2,2,0,2,1,0,70,1,5,1,99,0
201600020916,16,10,11,1020,1,1,1,7,6,187,4854099,283213,220,3,2,2,0,1,1,0,70,1,0,1,0,0
201600020917,16,6,24,2320,3,1,2,1,3,187,4854176,283467,220,3,2,2,0,1,1,0,70,1,0,1,0,0
201600020918,16,10,7,1840,1,2,2,1,3,187,4854027,277114,220,4,2,2,0,1,1,0,0,1,0,1,3,0
201600020919,16,10,7,2110,3,1,1,1,6,187,4854631,278094,220,2,2,4,0,1,1,0,70,0,0,1,99,1
201600020920,16,10,18,1900,1,2,1,1,5,278,4850900,278320,220,3,2,2,0,1,1,0,60,1,0,1,99,0
201600020921,16,10,26,1805,1,1,1,1,2,360,4849109,276299,220,3,3,4,0,1,1,0,0,1,0,1,99,0
201600020922,16,9,21,1640,1,2,1,1,2,278,4850966,275976,220,4,2,2,0,1,1,0,50,1,0,1,99,0
201600020923,16,10,20,2300,5,2,1,2,6,278,4851269,276213,220,4,1,1,0,1,1,0,40,2,0,4,0,0
201600020924,16,11,2,1845,5,1,1,1,3,106,4849858,272533,220,2,3,4,0,1,1,0,50,1,0,1,99,0
201600020925,16,10,29,1600,1,1,2,1,5,187,4854475,278568,220,3,2,2,0,1,1,500,420,1,0,1,99,0
201600020926,16,11,7,1810,2,1,1,1,4,187,4854467,277216,220,2,3,4,0,2,1,0,70,2,0,1,99,0
201600020927,16,11,8,1830,5,2,1,2,4,187,4853536,277041,220,4,1,1,0,1,1,0,50,2,0,1,0,0
201600020928,16,10,24,2105,5,2,2,1,1,278,4850767,274347,220,4,2,2,0,1,1,0,50,1,5,1,3,0
201600020929,16,10,29,1025,1,2,2,1,6,278,4851072,275134,220,4,2,2,0,1,1,0,0,1,0,1,3,0
201600020930,16,11,7,1840,1,2,2,1,3,278,4851556,277358,220,4,2,2,0,2,1,0,0,1,5,1,99,0
201600020931,16,11,12,1000,1,2,3,1,2,278,4850633,276573,220,4,1,1,1,1,1,0,50,1,5,1,99,0
201600020932,16,11,11,1730,5,2,2,1,3,278,4849349,275370,220,3,2,2,0,1,1,0,50,1,5,1,99,0
201600020933,16,11,20,1600,1,2,2,2,3,278,4850522,276967,220,4,1,1,0,1,1,25,45,2,5,1,0,0
201600020934,16,11,25,810,5,2,2,1,3,106,4849556,271793,220,3,2,2,0,1,1,0,0,1,5,1,0,0
201600020935,16,11,11,215,3,1,1,2,6,215,4850791,281380,220,4,2,2,0,1,2,0,500,2,0,1,0,0
201600020936,16,11,25,1430,1,1,6,1,2,360,4849405,276184,220,3,1,2,0,1,2,0,50,1,5,1,99,0
201600020937,16,11,18,1211,1,1,6,1,1,360,4848873,276418,220,4,1,1,0,1,2,0,50,0,5,1,99,0
201600020938,16,11,22,800,2,2,1,1,6,278,4851745,276579,220,4,2,2,0,2,1,0,94,1,0,1,99,0
201600020939,16,12,3,1015,1,2,6,1,3,106,4849836,272326,220,3,2,2,0,1,1,0,0,1,5,1,99,0
201600020940,16,12,6,1715,1,2,1,1,6,278,4851060,276258,220,4,2,2,0,2,1,0,50,1,0,1,99,0
201600020941,16,12,8,805,5,1,6,2,6,360,4849315,276271,220,3,1,2,0,1,2,0,75,2,5,1,99,0
201600020942,16,12,10,1254,1,2,1,1,6,278,4851347,276090,220,4,2,2,0,1,1,0,50,1,0,1,99,0
201600020943,16,11,24,1740,1,1,3,1,3,187,4854470,278563,220,3,2,2,0,1,1,0,50,0,5,0,0,0
201600020944,16,11,24,1845,4,2,1,1,6,278,4851619,277605,220,4,2,2,0,1,1,0,50,1,0,1,0,0
201600020945,16,12,24,1730,2,1,1,1,6,187,4854291,278235,220,4,1,0,0,1,3,0,35,1,0,1,0,0
201600020946,16,12,7,1815,3,1,1,1,1,187,4855161,280095,220,3,3,4,1,2,2,11,122,1,0,5,99,1
201600020947,16,2,10,1030,1,2,1,1,6,96,4617788,187717,230,6,0,0,0,1,1,0,76,1,0,1,99,0
201600020948,16,5,24,750,2,2,1,7,1,96,4616697,188564,230,4,2,2,0,2,3,0,65,1,0,1,99,0
201600020949,16,7,8,1330,1,2,1,1,7,96,4616830,187165,230,4,2,2,0,2,1,0,0,1,0,1,99,0
201600020950,16,7,25,1420,1,2,1,1,7,96,4617707,185874,230,3,2,2,0,3,2,0,0,1,0,3,99,0
201600020951,16,7,26,1825,1,2,2,1,3,96,4617238,186763,230,4,2,2,0,2,1,0,0,1,5,1,99,0
201600020952,16,9,23,1500,1,1,2,1,3,96,4614364,186637,230,3,2,2,0,1,1,0,0,1,5,1,99,0
201600020953,16,10,12,1355,1,1,1,1,5,96,4618881,189570,230,3,2,2,0,1,1,0,75,1,0,1,99,0
201600020954,16,3,13,55,5,2,4,1,1,37,4486170,49671,240,3,2,2,0,1,1,0,93,1,0,1,0,0
201600020955,16,3,15,1345,1,2,2,1,3,37,4484320,48316,240,3,2,2,0,1,1,0,75,0,0,1,0,0
201600020956,16,4,20,1450,1,2,1,1,3,37,4484240,46679,240,3,2,2,0,1,1,0,50,1,0,1,0,0
201600020957,16,4,18,655,5,2,3,1,6,37,4486430,49932,240,2,2,0,0,1,1,0,60,1,0,4,0,1
201600020958,16,5,31,1045,1,1,1,3,1,37,4481980,50437,240,2,2,2,0,1,1,0,71,2,0,1,0,1
201600020959,16,8,3,945,1,2,1,1,6,37,4485280,48718,240,4,2,2,0,1,0,0,0,0,0,1,0,0
201600020960,16,8,5,900,1,2,1,1,6,37,4485550,48527,240,4,2,2,0,1,3,0,96,1,0,1,0,1
201600020961,16,8,11,1315,1,2,1,1,6,37,4486480,47160,240,4,2,2,0,1,2,0,49,1,0,1,0,1
201600020962,16,11,3,600,5,2,2,5,6,37,4486060,47912,240,4,2,2,0,1,1,0,70,1,5,1,0,1
201600020963,16,11,19,1625,1,2,2,1,3,37,4483530,48671,240,3,2,2,0,1,1,0,78,1,0,1,0,0
201600020964,16,12,7,1645,1,1,1,1,6,37,4486350,45200,240,3,2,2,0,1,2,0,74,1,0,2,0,1
201600020965,16,12,13,1250,1,2,1,1,6,37,4483640,49308,240,3,2,2,0,1,1,0,50,1,0,1,0,0
201600020966,16,1,11,815,2,2,1,5,6,322,4517710,73133,240,3,2,2,0,0,0,0,0,0,0,1,0,0
201600020967,16,1,27,2040,5,2,2,1,3,557,4519050,74102,240,3,2,2,0,1,1,0,69,1,0,1,0,0
201600020968,16,2,12,802,2,2,1,3,6,138,4518930,69662,240,3,2,2,0,1,1,0,105,2,0,1,0,0
201600020969,16,2,23,910,1,2,1,1,6,322,4518390,72379,240,4,2,2,0,2,1,0,56,2,0,1,99,0
201600020970,16,4,7,835,1,2,3,1,6,53,4518270,71892,240,3,2,3,0,0,1,0,51,2,0,1,99,0
201600020971,16,4,10,1425,1,2,3,7,3,322,4518980,72409,240,3,2,3,3,2,1,0,90,1,0,1,3,0
201600020972,16,4,4,800,1,2,1,1,2,256,4519810,66118,240,3,1,1,0,1,3,0,63,1,5,1,99,0
201600020973,16,4,30,915,1,2,3,1,6,322,4518270,71892,240,3,1,1,0,1,3,0,60,2,0,1,99,0
201600020974,16,4,30,1522,1,2,3,2,3,322,4518220,71988,240,3,2,2,0,1,1,0,70,2,0,1,99,0
201600020975,16,5,4,1255,1,2,3,1,3,322,4518610,73850,240,4,2,2,0,1,1,0,54,1,0,1,99,0
201600020976,16,7,22,1215,1,1,1,1,3,53,4517889,74040,240,3,2,2,0,1,1,0,68,1,0,1,0,0
201600020977,16,9,14,730,1,2,1,1,6,53,4518325,76830,240,3,2,0,3,0,0,0,0,0,0,3,0,0
201600020978,16,10,2,535,5,2,3,1,6,322,4518340,72520,240,4,2,2,0,3,1,0,70,1,2,0,3,0
201600020979,16,10,6,1420,1,2,1,1,6,322,4518410,71626,240,3,2,2,0,1,1,0,107,2,0,1,99,0
201600020980,16,10,17,955,1,2,9,2,6,322,4518780,71921,240,3,2,2,0,1,1,0,80,2,0,1,99,0
201600020981,16,10,10,1510,1,1,6,1,6,557,4518890,76436,240,2,0,0,0,0,0,0,0,0,0,0,0,0
201600020982,16,10,26,1740,1,2,1,1,6,322,4518070,71746,240,4,1,1,0,1,3,0,0,1,0,4,99,0
201600020983,16,10,25,1730,1,1,1,1,1,102,4519730,62947,240,3,2,2,0,0,2,0,0,2,0,1,99,0
201600020984,16,10,25,1730,1,2,1,1,2,557,4519000,73362,240,3,2,2,0,1,1,0,69,2,5,1,99,0
201600020985,16,11,7,1914,5,1,2,1,3,322,4518376,73359,240,4,2,0,0,1,1,0,150,1,5,1,0,0
201600020986,16,12,1,1120,1,1,9,1,5,256,4519790,66035,240,3,2,2,0,1,1,0,67,1,2,1,0,0
201600020987,16,9,22,1210,1,2,2,1,7,322,4517860,73868,240,3,2,2,0,1,1,0,0,1,0,1,0,0
201600020988,16,11,5,1740,2,1,1,1,2,312,4510950,69253,240,2,2,2,0,2,1,70,0,0,0,1,99,0
201600020989,16,12,13,715,5,2,6,1,3,256,4519100,66159,240,3,1,2,0,1,2,0,0,1,0,1,99,0
201600020990,16,12,17,1020,1,1,1,1,6,557,4519052,74013,240,3,0,2,0,1,1,0,72,1,0,0,0,0
201600020991,16,1,6,1630,2,2,3,2,6,56,4724527,602805,250,4,2,2,0,1,1,0,0,2,0,1,0,0