Num_Acc,an,mois,jour,hrmn,lum,agg,int,atm,col,com,lat,long,dep,catr,circ,nbv,vosp,prof,plan,lartpc,larrout,surf,infra,situ,env1,killed
201600020992,16,1,6,1836,1,2,7,2,6,56,4723444,602055,250,4,3,3,0,1,1,0,0,2,0,1,99,0
201600020993,16,1,7,1929,5,2,1,9,6,56,4724222,602277,250,4,1,1,0,1,1,0,0,2,0,1,99,0
201600020994,16,1,7,1800,5,2,3,2,3,56,4723444,598416,250,4,3,4,0,1,1,0,0,2,0,1,99,0
201600020995,16,1,8,1849,5,2,3,2,3,56,4725760,604202,250,4,2,2,0,1,1,0,0,2,0,1,0,0
201600020996,16,1,11,635,3,2,1,3,6,56,4723280,598247,250,4,2,4,0,2,2,0,0,2,5,1,0,0
201600020997,16,1,11,755,3,2,1,3,1,56,4724286,601190,250,3,2,2,0,1,1,0,0,2,0,1,0,0
201600020999,16,1,17,2255,5,2,1,1,6,56,4721916,594844,250,3,3,4,0,1,1,0,0,1,0,1,99,1
201600021000,16,1,22,530,3,2,1,1,6,56,4721611,598713,250,2,2,2,0,1,1,0,0,0,0,1,99,1
201600021001,16,1,25,1802,2,2,1,1,6,56,4725008,603769,250,4,0,2,0,1,1,0,0,1,0,4,0,0
201600021002,16,2,3,1540,1,1,9,2,6,56,4724277,601705,250,4,2,3,0,2,2,0,0,2,0,1,0,0
201600021003,16,2,4,1858,5,2,1,2,6,56,4725033,600480,250,4,2,2,0,1,1,0,0,2,0,1,99,0
201600021004,16,2,11,2223,5,2,9,9,6,56,4714424,600849,250,4,2,2,0,2,1,0,0,2,0,1,0,0
201600021005,16,2,14,57,5,2,1,1,6,56,4725969,604040,250,4,2,2,0,0,0,0,0,0,0,4,0,0
201600021007,16,2,15,1000,1,2,1,1,4,56,4725617,602850,250,4,2,2,0,0,0,0,0,0,0,1,0,0
201600021008,16,2,18,1909,5,2,1,2,6,56,4725046,603075,250,4,1,2,0,0,0,0,0,2,0,1,0,0
201600021010,16,3,15,806,1,2,1,1,7,56,4723444,601000,250,4,2,2,0,0,1,0,0,1,0,1,99,0
201600021011,16,3,21,1920,2,2,1,1,6,56,4722269,596669,250,4,3,2,0,1,1,0,0,1,0,1,0,0
201600021014,16,3,26,2008,5,2,1,1,6,56,4724232,602082,250,4,1,1,0,1,1,0,0,1,0,4,99,0
201600021015,16,4,1,1018,1,2,1,1,6,56,4723058,599408,250,4,2,2,0,0,0,0,0,0,0,1,0,0
201600021016,16,4,1,1700,1,2,1,1,6,56,4721315,596423,250,3,2,2,0,2,1,0,0,1,0,1,0,0
201600021017,16,4,8,928,1,2,2,1,6,56,4724311,599461,250,4,2,4,0,1,1,0,0,1,0,1,99,0
201600021018,16,4,10,154,5,2,1,1,6,56,4726185,603420,250,9,0,0,3,0,0,0,0,0,0,4,0,0
201600021020,16,4,12,708,1,2,1,1,6,56,4722872,603805,250,3,2,2,0,1,2,0,0,2,0,1,99,0
201600021021,16,4,13,2305,5,2,1,2,6,56,4722328,597625,250,4,2,2,0,1,1,0,0,2,0,1,99,0
201600021022,16,4,24,1606,1,2,6,1,3,56,4726038,602702,250,4,2,2,0,0,0,0,0,1,0,1,0,0
201600021023,16,5,1,545,5,2,1,3,6,56,4723036,601163,250,4,2,2,0,3,2,0,0,2,0,1,99,0
201600021024,16,5,2,1739,1,2,2,1,3,56,4724216,603344,250,4,3,3,2,1,1,0,0,1,0,1,99,0
201600021025,16,5,6,400,5,2,3,1,3,56,4725741,603628,250,4,2,2,0,1,1,0,0,1,0,1,99,0
201600021026,16,5,7,1129,1,2,2,1,3,56,4724496,598157,250,3,2,2,0,1,0,0,0,1,0,1,99,0
201600021027,16,5,10,1745,1,2,1,1,6,56,4722002,597638,250,4,3,3,3,1,1,0,0,1,0,1,99,0
201600021028,16,5,14,39,5,2,1,2,6,56,4724583,603519,250,4,2,2,0,1,1,0,0,2,0,0,0,0
201600021029,16,5,18,1816,1,2,1,1,6,56,4721808,597027,250,4,2,1,0,1,1,0,0,1,0,1,0,0
201600021030,16,5,20,1739,1,2,4,1,6,56,4724098,601821,250,4,1,1,0,2,1,0,0,1,0,1,99,0
201600021031,16,5,28,434,5,2,1,8,6,56,4724147,603269,250,4,2,2,0,1,1,0,0,2,0,1,0,0
201600021032,16,5,28,450,5,2,1,1,2,56,4723261,600216,250,4,2,4,0,1,1,0,0,1,0,1,0,0
201600021033,16,6,4,244,5,2,1,1,6,56,4722635,603143,250,4,2,2,0,1,1,0,0,1,0,1,0,0
201600021034,16,6,6,2330,5,2,1,1,6,56,4724957,598417,250,2,2,4,0,1,1,0,0,1,0,1,99,0
201600021035,16,6,7,1400,1,2,1,1,6,56,4722858,598670,250,4,2,2,0,1,1,0,0,1,0,1,99,0
201600021036,16,6,7,1449,1,2,2,1,6,56,4724906,603126,250,3,2,2,0,1,1,0,0,1,0,0,0,0
201600021037,16,6,9,1902,1,2,1,1,2,56,4726109,601605,250,4,2,2,0,1,1,0,0,1,0,1,99,0
201600021038,16,6,17,602,1,2,1,2,6,56,4713689,600932,250,4,2,2,0,2,2,0,0,2,0,1,0,0
201600021039,16,6,18,1601,1,2,3,8,2,56,4722792,598386,250,4,2,3,2,1,1,0,0,2,0,1,99,0
201600021040,16,6,19,1730,1,2,6,1,2,56,4722074,598003,250,2,1,3,0,1,0,0,0,1,3,0,99,0
201600021041,16,6,21,1042,1,2,1,1,6,56,4725847,602299,250,4,2,2,0,1,1,0,0,1,0,1,99,0
201600021042,16,6,21,1645,1,2,9,1,6,56,4722123,596970,250,4,2,2,0,1,1,0,0,1,0,1,99,0
201600021043,16,6,23,1652,1,2,1,1,6,56,4722489,597694,250,4,2,2,0,1,1,0,0,1,0,1,99,0
201600021044,16,6,24,1404,1,2,1,1,6,56,4726326,604810,250,4,2,2,0,1,1,0,0,1,0,1,0,0
201600021046,16,6,29,2330,5,2,4,2,6,56,4724199,599371,250,4,3,5,0,1,1,0,0,2,0,1,99,1
201600021047,16,7,4,1908,1,2,1,1,3,56,4725569,602155,250,4,2,2,0,1,1,0,0,1,0,1,99,0
201600021048,16,7,16,202,5,2,1,1,6,56,4724247,601294,250,3,2,2,0,1,1,0,0,1,0,1,99,0
201600021049,16,7,22,717,1,2,9,1,6,56,4724219,600897,250,3,2,2,0,1,1,0,0,1,0,1,99,0
201600021050,16,7,23,1058,1,2,1,1,6,56,4721810,601359,250,4,2,0,0,1,0,0,0,0,0,3,0,0
201600021051,16,7,27,32,5,2,1,1,6,56,4722155,595894,250,3,2,4,0,0,0,0,0,0,0,1,0,0
201600021052,16,8,6,722,1,2,1,1,6,56,4722470,597473,250,4,0,2,0,1,2,0,0,1,0,0,0,0
201600021053,16,8,25,303,3,1,1,1,6,56,4721708,602105,250,3,2,2,0,1,3,0,0,1,0,3,0,0
201600021054,16,8,27,1526,1,2,1,1,3,56,4721694,594858,250,4,2,2,0,1,1,0,0,1,0,0,99,0
201600021055,16,8,30,719,1,2,1,1,7,56,4724331,601723,250,4,2,3,0,1,3,0,0,1,0,1,99,0
201600021056,16,8,31,2041,5,2,3,1,3,56,4723448,598426,250,4,3,5,0,1,1,0,0,1,0,1,99,0
201600021057,16,9,9,1241,1,2,1,1,6,56,4721663,598094,250,6,0,0,0,1,1,0,0,1,0,1,3,0
201600021058,16,9,9,1949,1,2,1,1,6,56,4724984,600492,250,4,2,2,0,1,1,0,0,1,0,1,99,0
201600021059,16,9,12,1727,1,2,1,1,6,56,4722983,596650,250,4,2,2,0,1,1,0,0,1,0,1,99,0
201600021060,16,9,15,1613,1,2,1,8,6,56,4725152,603487,250,3,2,2,0,1,1,0,0,2,0,1,3,0
201600021061,16,9,16,947,1,2,9,8,3,56,4723042,601170,250,4,3,2,0,3,1,0,0,2,5,1,99,0
201600021062,16,9,16,1754,1,2,1,1,1,56,4723094,600928,250,4,2,2,0,1,1,0,0,1,0,1,0,0
201600021063,16,9,24,1801,1,2,3,1,6,56,4724933,600264,250,4,2,2,0,3,1,0,0,1,0,1,99,0
201600021064,16,10,2,1111,1,2,1,1,7,56,4723950,601282,250,4,2,2,0,2,3,0,0,1,0,1,3,0
201600021065,16,10,3,1724,1,2,1,1,2,56,4724288,602468,250,4,2,4,0,1,2,0,0,0,0,1,0,0
201600021066,16,10,6,1751,1,2,1,1,3,56,4724471,603493,250,4,2,2,0,0,0,0,0,0,0,1,0,0
201600021067,16,10,11,1225,1,2,3,1,6,56,4722536,597404,250,3,2,2,0,1,1,0,0,1,0,1,99,0
201600021068,16,10,14,1410,1,2,1,1,1,56,4724736,603895,250,4,2,2,0,1,2,0,0,1,0,1,0,0
201600021069,16,10,15,250,5,2,1,1,6,56,4723436,598432,250,4,2,4,0,1,1,0,0,0,0,1,0,0
201600021070,16,10,16,442,5,1,1,2,6,56,4721805,594456,250,3,3,4,0,1,2,0,0,2,0,1,99,0
201600021071,16,10,18,1750,1,2,1,1,6,56,4724343,602386,250,4,1,2,0,2,2,0,0,1,0,1,0,0
201600021072,16,10,28,1821,1,2,1,1,5,56,4723699,600309,250,4,2,2,0,1,1,0,0,1,0,1,99,0
201600021073,16,10,30,552,5,2,1,1,6,56,4723044,601705,250,4,0,2,0,1,3,0,0,1,0,0,0,1
201600021074,16,11,3,1427,1,2,1,1,6,56,4722042,595441,250,3,3,4,0,1,1,0,0,1,0,1,99,0
201600021075,16,11,5,1825,5,2,1,2,6,56,4724762,602822,250,3,2,2,0,1,1,0,0,2,0,1,99,0
201600021076,16,11,7,1652,1,2,3,1,3,56,4725459,604481,250,4,2,2,0,0,0,0,0,0,0,1,0,0
201600021077,16,11,27,251,5,2,1,1,7,56,4723080,602893,250,3,1,1,0,1,2,0,0,1,0,1,0,0
201600021078,16,11,26,1308,1,2,1,1,1,56,4721858,594654,250,3,3,4,0,1,2,0,0,1,0,1,99,0
201600021079,16,11,28,1933,5,2,1,1,6,56,4722038,597790,250,4,2,2,0,2,1,0,0,1,0,1,0,0
201600021080,16,12,1,1730,1,2,1,1,2,56,4725109,603445,250,3,2,2,0,1,1,0,0,1,0,1,0,0
201600021081,16,12,9,242,5,2,1,1,6,56,4723309,600390,250,4,2,2,0,1,1,0,0,1,0,4,99,0
201600021082,16,12,9,755,1,2,1,9,6,56,4723962,602797,250,4,0,2,0,1,1,0,0,7,0,1,99,0
201600021083,16,12,11,1613,1,1,1,1,6,56,4729756,603458,250,4,2,1,0,0,0,0,0,0,0,3,0,0
201600021084,16,12,14,1749,3,2,1,1,6,56,4725081,599201,250,4,2,2,0,0,0,0,0,0,0,1,0,0
201600021085,16,12,18,954,1,2,1,1,6,56,4723806,602384,250,4,2,2,0,1,1,0,0,1,6,1,99,0
201600021086,16,12,27,1810,1,2,1,1,3,56,4722875,598797,250,4,2,2,0,1,1,0,0,0,0,1,0,0
201600021087,16,1,20,1950,5,2,1,9,6,31,4748422,683792,250,3,2,2,0,1,0,0,0,2,0,1,99,0
201600021088,16,1,4,1730,3,2,1,3,6,31,4746808,684779,250,4,2,2,0,0,0,0,0,2,0,0,0,0
201600021090,16,2,2,1750,3,2,1,2,6,539,4746787,685394,250,3,2,2,0,1,1,0,0,2,0,1,0,1
201600021091,16,2,4,1401,1,2,1,2,6,31,4747920,684180,250,4,2,0,0,1,1,0,0,2,0,1,99,0
201600021092,16,2,4,2122,5,2,1,2,5,31,4748452,683695,250,3,2,2,0,1,2,0,76,2,0,1,99,0
201600021093,16,2,10,1237,1,1,1,1,7,388,4749984,682206,250,3,0,1,0,0,0,0,0,0,0,0,0,0
201600021095,16,3,9,1800,1,2,1,1,7,31,4748216,683771,250,3,2,1,0,1,1,0,0,1,0,1,0,0
201600021096,16,3,11,2252,5,2,1,1,7,388,4750995,679418,250,3,1,2,0,1,2,10,60,1,5,1,99,0
201600021097,16,3,12,1520,1,1,1,1,6,388,4750392,679295,250,6,0,0,0,0,0,0,0,0,0,1,0,0
201600021098,16,3,30,1710,1,1,1,1,6,31,4748216,683771,250,3,3,0,0,0,0,0,0,0,0,1,0,0
201600021099,16,4,28,1540,1,2,1,1,6,31,4749062,682793,250,3,2,2,0,1,1,0,0,1,0,1,99,0
201600021100,16,4,23,1010,1,2,1,2,7,547,4751224,683652,250,3,2,1,0,1,0,0,0,2,0,1,0,0
201600021101,16,5,2,1630,1,1,1,1,3,580,4747105,683138,250,4,0,0,0,2,1,0,0,1,0,1,99,0
201600021102,16,3,18,1210,1,2,9,1,4,539,4746600,685499,250,3,2,1,0,1,1,0,0,1,0,1,0,0
201600021103,16,5,8,1745,1,2,1,1,6,580,4747011,683249,250,4,0,1,0,0,0,0,0,0,0,0,0,0
201600021104,16,4,27,1604,1,2,1,1,6,388,4751263,679776,250,3,2,2,0,3,1,0,0,1,0,1,3,0
201600021105,16,6,1,810,1,2,1,1,1,580,4747232,683666,250,3,2,2,0,0,0,0,0,1,0,1,99,0
201600021106,16,6,26,2000,1,2,7,1,3,580,4747232,683666,250,3,2,1,0,1,1,0,0,0,0,1,0,0
201600021107,16,7,13,2240,5,2,3,1,1,388,4750936,678630,250,3,2,2,0,0,0,0,0,0,0,1,0,0
201600021108,16,7,27,2330,5,2,1,1,2,31,4748226,684522,250,3,3,2,0,1,1,0,0,1,0,1,99,0
201600021109,16,9,21,1433,1,2,1,1,4,31,4748513,684126,250,3,2,0,0,1,1,0,0,1,0,1,0,0
201600021110,16,9,23,1620,1,2,7,1,6,388,4751011,680154,250,4,1,1,0,1,3,0,0,1,0,4,99,0
201600021111,16,10,9,450,5,1,1,1,7,388,4751623,681540,250,4,3,2,0,2,3,20,62,1,0,3,99,1
201600021113,16,11,17,706,4,2,1,8,6,31,4748746,684238,250,3,1,1,0,0,2,0,0,9,0,0,0,0
201600021114,16,12,13,1841,5,2,3,1,3,388,4750229,680170,250,4,2,2,0,1,1,0,0,1,5,1,3,0
201600021116,16,2,2,1810,5,2,6,1,1,462,4690213,634603,250,2,3,2,0,1,1,0,0,1,5,1,99,0
201600021117,16,2,8,1030,1,2,1,2,6,462,4690170,636013,250,4,2,2,0,1,1,0,0,2,0,1,3,0
201600021118,16,3,5,1433,1,2,3,1,6,462,4690906,634904,250,4,2,0,0,1,1,0,0,1,0,1,99,0
201600021119,16,4,5,1410,1,2,1,2,7,462,4690224,634767,250,4,2,2,0,1,3,0,0,2,0,1,99,0
201600021120,16,5,14,1115,1,2,1,2,3,462,4690936,633666,250,4,0,0,0,1,1,0,0,2,0,0,99,0
201600021121,16,5,17,1227,1,2,1,1,4,462,4690953,634371,250,4,2,0,0,1,1,0,0,1,0,1,99,0
201600021122,16,5,27,1500,1,2,1,1,6,462,4689870,634604,250,3,2,2,0,2,1,10,25,1,2,1,99,0
201600021123,16,6,7,808,1,2,1,1,6,462,4690606,634821,250,4,2,1,0,1,1,0,0,1,5,1,99,0
201600021124,16,6,11,1215,1,2,2,3,3,462,4691406,633738,250,4,2,2,0,1,1,0,64,2,0,1,0,0
201600021125,16,6,11,1250,1,2,3,2,3,462,4690606,635284,250,4,1,1,0,1,1,0,0,2,0,1,99,0
201600021126,16,6,11,1749,1,1,3,2,3,204,4693211,636655,250,3,2,2,0,1,3,0,0,2,0,1,99,0
201600021128,16,6,15,825,1,2,2,1,1,462,4691544,634221,250,4,0,2,0,1,1,0,0,2,0,1,3,0
201600021129,16,6,19,1930,1,2,1,1,6,462,4691976,634272,250,4,2,2,0,1,1,0,0,2,0,1,99,0
201600021130,16,6,27,1155,1,2,1,1,3,462,4690090,635533,250,2,2,2,0,1,1,0,60,1,0,1,99,0
201600021131,16,6,28,530,1,2,1,1,6,204,4692590,634316,250,3,2,0,0,1,1,30,64,1,0,3,99,0
201600021132,16,7,3,1520,1,2,3,1,3,462,4690050,635657,250,2,2,2,0,1,1,0,0,1,0,1,99,0
201600021133,16,7,5,718,1,2,6,1,6,462,4690092,634294,250,2,1,0,0,1,0,0,0,1,0,3,99,0
201600021134,16,7,6,1745,1,2,7,1,3,462,4690492,635710,250,4,2,2,0,1,1,0,60,1,0,1,0,0
201600021135,16,7,8,1945,1,1,3,1,2,204,4692778,634921,250,3,2,2,0,1,1,0,0,1,0,1,99,0
201600021137,16,8,3,1215,1,1,1,1,3,462,4690092,634294,250,2,2,0,0,2,1,0,0,1,0,1,99,0
201600021138,16,8,26,1620,1,2,3,1,6,462,4690299,635699,250,4,1,0,0,1,0,0,0,1,6,4,99,0
201600021139,16,8,27,915,1,2,3,1,1,462,4691405,633740,250,4,2,0,0,1,1,0,0,1,5,1,99,0
201600021140,16,9,24,1120,1,1,1,1,2,204,4692699,634313,250,4,2,2,0,0,0,0,0,0,0,1,0,0
201600021141,16,9,24,1630,1,2,3,1,2,462,4691913,634391,250,4,2,2,0,1,1,0,0,1,0,1,0,0
201600021142,16,9,28,510,5,2,3,1,3,462,4690140,634832,250,2,2,0,0,1,1,0,0,1,0,1,0,0
201600021143,16,9,30,830,1,2,1,1,3,462,4690742,634387,250,4,0,1,0,1,1,0,0,1,0,4,0,0
201600021144,16,10,7,655,5,2,1,1,2,204,4692794,634891,250,3,2,0,0,1,1,0,60,1,0,1,0,0
201600021145,16,10,13,1930,5,2,3,1,6,462,4691697,634429,250,4,2,2,0,2,1,0,32,2,0,1,99,0
201600021146,16,10,15,1100,1,2,1,1,6,462,4690677,634500,250,4,2,0,0,1,0,0,0,1,0,1,99,0
201600021147,16,10,17,1206,1,2,3,2,2,462,4690205,635925,250,4,0,1,0,0,0,0,0,2,0,0,0,0
201600021148,16,11,4,1710,1,2,1,1,2,462,4690935,635802,250,3,2,0,0,1,1,0,60,1,0,1,0,0
201600021150,16,11,8,1330,1,2,1,4,6,462,4690386,635298,250,4,1,0,0,1,1,0,0,2,0,1,3,0
201600021151,16,11,24,1315,1,1,1,1,3,204,4692478,633877,250,4,2,0,0,1,1,0,0,1,0,1,99,0
201600021152,16,11,28,1537,1,2,8,1,6,462,4690140,636053,250,4,2,1,0,0,0,0,0,0,0,1,0,0
201600021153,16,12,6,1230,1,2,2,1,3,462,4690432,635651,250,4,2,0,0,1,0,0,0,2,5,1,3,0
201600021154,16,12,10,1600,1,2,1,1,3,462,4690149,634423,250,2,2,1,0,1,1,0,40,1,0,1,0,0
201600021156,16,1,14,1200,1,1,1,8,3,25,4387634,514823,840,3,2,0,0,0,1,0,53,2,0,1,0,0
201600021157,16,3,2,1630,1,2,1,2,7,62,4389089,510809,840,3,2,2,0,2,1,0,60,2,2,0,99,1
201600021158,16,3,11,945,1,1,2,1,3,99,4386086,513419,840,3,2,2,0,1,1,0,0,1,5,1,0,1
201600021167,16,2,26,600,3,2,1,1,6,154,5099343,239681,590,4,2,2,0,1,0,0,0,1,0,1,99,1
201600021172,16,2,29,730,2,1,1,1,1,163,4615331,5502,790,3,2,2,0,2,1,0,76,1,0,1,0,1
201600021173,16,6,18,245,3,1,1,1,6,136,4611552,3970,790,4,2,2,0,1,2,0,0,1,0,3,0,0
201600021174,16,7,5,1730,1,1,3,1,3,180,4610499,19069,790,3,2,2,0,1,3,0,46,1,0,1,0,0
201600021175,16,8,16,930,1,1,2,1,3,307,4611465,11847,790,3,2,2,0,1,1,0,5,1,0,1,0,0
201600021176,16,9,2,1400,1,2,1,7,1,122,4612023,13765,790,4,2,2,0,1,2,0,0,1,0,1,0,0
201600021177,16,9,7,830,1,1,4,1,3,95,4615869,3927,790,3,2,2,0,1,3,0,0,1,5,1,0,0
201600021178,16,9,23,1125,1,2,2,1,3,150,4613764,17845,790,3,2,2,0,1,1,0,67,1,0,1,0,0
201600021179,16,10,3,1500,1,1,1,1,6,212,4614866,11709,790,3,2,2,0,1,3,0,6,1,0,3,0,1
201600021180,16,12,30,745,3,1,1,5,6,148,4626947,3062,790,3,2,2,0,1,2,0,55,7,0,3,0,0
201600021181,16,1,7,300,4,2,1,1,6,261,5047803,159936,620,4,2,2,0,1,1,0,65,1,0,3,99,0
201600021182,16,4,20,1845,1,1,1,1,7,233,5036378,165334,620,3,2,2,0,0,2,0,95,1,0,0,0,0
201600021183,16,6,4,1930,1,1,1,1,1,571,5043586,160994,620,3,2,2,0,1,1,0,66,1,0,1,99,0
201600021184,16,6,7,1115,1,1,2,1,3,815,5036472,170374,620,3,2,0,0,1,1,0,61,1,0,1,0,0
201600021185,16,10,9,1830,1,2,3,1,3,866,5040897,264217,620,3,2,2,0,0,1,0,76,1,0,1,0,0
201600021186,16,12,2,1530,1,2,1,9,6,752,5047506,164704,620,3,2,0,0,1,4,68,0,9,0,3,0,0
201600021187,16,12,5,1530,1,2,1,1,6,261,5048554,162369,620,3,2,0,0,0,0,0,75,1,0,4,0,0
201600021188,16,12,6,1345,1,1,2,1,1,16,5042278,168267,620,3,2,0,0,0,1,0,54,1,5,0,0,0
201600021200,16,5,1,1950,1,2,1,1,1,213,4591700,605000,740,6,0,0,0,1,0,0,0,1,0,0,0,0
201600021208,16,11,26,1800,5,2,1,1,6,33,4608822,581404,10,3,2,2,0,1,1,0,37,2,0,3,99,0
201600021211,16,3,26,1930,3,1,1,1,5,100,4325700,610700,830,3,2,2,0,1,1,71,0,0,0,1,99,1
201600021212,16,4,11,1715,1,1,1,1,1,33,4349800,636200,830,3,2,2,0,1,1,0,73,0,0,1,99,0
201600021213,16,4,25,1145,1,1,1,1,6,49,4323420,609946,830,4,2,2,0,0,1,0,43,1,0,1,99,0
201600021214,16,5,16,1445,1,2,3,1,3,49,4323747,607204,830,3,1,0,0,1,1,0,0,1,0,1,0,0
201600021215,16,7,1,1500,1,1,1,1,1,91,4317252,605586,830,4,0,0,0,0,0,0,35,0,0,1,99,0
201600021220,16,1,20,850,1,2,1,1,2,198,4453501,474609,260,3,2,0,1,1,1,26,69,1,0,5,99,0
201600021221,16,12,13,1812,5,2,1,1,2,198,4455139,474783,260,3,2,2,0,1,1,0,38,1,0,0,0,0
201600021222,16,1,27,555,5,2,1,1,7,198,4455673,472642,260,2,2,0,0,1,1,0,0,1,0,1,99,0
201600021223,16,11,26,1020,1,2,2,1,6,198,4455131,476854,260,3,2,2,0,1,1,0,37,1,5,1,3,1
201600021224,16,2,12,1840,5,1,1,2,6,198,4453181,474228,260,2,2,1,0,1,1,0,0,1,0,1,99,0
201600021225,16,3,20,110,5,2,1,1,6,198,4455430,473918,260,3,2,2,0,0,0,0,0,0,0,3,0,0
201600021226,16,3,2,1735,1,2,3,1,5,198,4453587,474616,260,3,2,0,0,1,1,25,71,1,0,1,99,0
201600021227,16,4,29,1915,1,1,3,1,3,198,4455390,471154,260,2,2,0,0,3,1,0,0,1,0,1,99,0
201600021228,16,4,27,1445,1,2,1,1,6,198,4454664,473189,260,2,2,2,0,1,1,0,0,1,0,1,99,0
201600021229,16,5,20,1045,1,1,1,1,3,198,4454335,473093,260,2,2,2,0,1,1,0,36,1,0,1,99,0
201600021230,16,5,15,1930,1,2,1,1,1,198,4455919,474786,260,3,2,0,0,1,1,0,0,1,0,1,99,0
201600021231,16,5,5,1900,1,2,3,1,3,198,4454576,476164,260,3,2,2,0,1,1,0,36,1,0,1,99,0
201600021232,16,5,26,1420,1,1,1,1,2,198,4456779,475379,260,4,2,0,0,1,1,0,0,1,0,1,99,0
201600021233,16,6,28,1740,1,1,1,1,3,198,4454557,473154,260,2,2,2,0,1,1,0,0,1,0,1,99,0
201600021234,16,7,9,250,5,2,1,1,1,198,4455799,474317,260,4,1,0,0,1,1,0,0,1,0,1,0,0
201600021235,16,7,10,1045,1,2,1,1,3,198,4455709,472808,260,2,2,0,0,1,3,0,0,1,0,1,99,0
201600021236,16,7,6,1100,1,2,1,1,6,198,4455905,474572,260,4,3,2,0,1,1,0,0,1,0,1,99,0
201600021241,16,9,12,1640,1,1,1,1,1,198,4455448,471279,260,2,2,2,0,2,1,0,0,1,0,1,99,0
201600021242,16,10,3,1120,1,2,1,1,6,198,4455374,474465,260,3,2,2,0,1,1,24,54,1,0,1,99,0
201600021243,16,9,21,1150,1,2,1,1,6,198,4454599,475574,260,4,2,2,0,1,1,0,32,1,0,1,99,0
201600021244,16,10,24,1930,3,2,1,1,6,198,4455838,475526,260,4,2,1,0,1,3,0,0,1,0,1,99,0
201600021245,16,10,26,1730,1,2,3,1,6,198,4455820,473991,260,3,2,2,0,1,1,0,0,1,0,1,99,0
201600021246,16,9,4,305,3,1,1,1,3,198,4456904,478059,260,3,2,2,0,1,1,0,43,1,0,1,99,0
201600021247,16,9,12,2000,3,1,1,1,6,198,4457607,473389,260,3,2,2,0,1,2,0,0,1,0,3,99,0
201600021248,16,12,6,1810,5,1,1,1,2,198,4452677,474545,260,2,2,2,0,1,1,10,40,1,0,1,99,0
201600021249,16,1,4,1740,2,2,1,1,6,281,4504840,507390,260,4,2,2,0,1,1,0,80,1,0,1,99,0
201600021250,16,1,4,1815,2,2,6,1,2,281,4505592,507176,260,3,2,2,0,1,1,0,80,1,0,1,99,0
201600021251,16,1,6,1845,5,2,1,8,3,281,4504529,505931,260,4,1,1,0,1,1,0,33,1,0,1,3,0
201600021252,16,1,11,1640,1,2,1,1,3,281,4504701,505525,260,4,2,2,1,1,1,0,0,1,0,1,0,0
201600021253,16,1,12,1150,1,2,6,1,3,281,4504450,504120,260,4,2,2,0,1,1,0,0,1,0,1,0,0
201600021254,16,1,12,1320,1,2,1,1,3,281,4504767,503865,260,4,2,2,0,1,1,0,0,1,0,0,0,0
201600021255,16,1,14,1107,1,2,1,2,7,281,4504670,504680,260,4,2,2,0,1,1,0,0,1,0,1,0,0
201600021256,16,1,14,1830,2,2,1,1,3,57,4501760,503570,260,4,2,2,0,1,1,0,0,2,0,1,0,0
201600021257,16,2,1,1415,1,2,1,1,6,281,4504523,506075,260,4,1,2,2,1,1,0,40,1,0,1,99,0
201600021258,16,2,13,1620,1,2,1,1,6,281,4504593,505161,260,4,1,2,0,1,1,0,70,1,0,1,99,0
201600021259,16,2,14,1945,5,2,2,1,1,57,4503667,505447,260,3,0,2,0,1,1,0,60,1,5,0,99,0
201600021260,16,3,14,845,1,2,1,1,6,281,4504580,505170,260,4,1,2,0,1,1,0,60,0,0,1,99,0
201600021261,16,3,16,2000,5,2,1,1,4,281,4504356,506138,260,4,2,2,0,1,1,0,90,1,0,1,99,0
201600021262,16,3,19,1825,1,2,2,1,3,281,4504656,507235,260,4,2,2,0,1,1,0,60,1,0,1,99,0
201600021263,16,3,19,1825,1,2,3,1,3,57,4503934,506433,260,3,2,2,0,1,1,0,70,1,0,1,99,0
201600021264,16,3,21,1730,1,2,1,1,2,57,4502808,504636,260,3,2,2,0,4,1,0,80,1,0,1,99,0
201600021265,16,3,23,725,1,1,1,1,3,139,4506590,509270,260,4,2,2,0,1,1,0,60,1,0,1,99,0
201600021266,16,3,23,905,1,2,1,1,6,281,4504499,505236,260,4,1,1,0,1,1,0,65,1,0,1,99,0
201600021267,16,3,30,2125,3,1,6,1,7,281,4504787,499616,260,3,2,2,0,1,1,0,90,1,0,1,99,0
201600021268,16,4,7,1045,1,2,2,1,3,57,4503474,506763,260,4,2,2,0,1,1,0,80,1,0,1,99,0
201600021269,16,4,7,1205,1,2,1,1,3,57,4503389,506746,260,4,2,2,0,1,1,0,82,1,0,0,99,0
201600021270,16,4,10,1225,1,2,3,1,2,281,4505085,505865,260,4,2,2,0,1,1,0,60,1,0,1,99,0
201600021271,16,4,14,1650,1,2,1,1,2,281,4504669,503492,260,4,2,2,0,1,1,0,0,1,0,1,0,0
201600021272,16,4,16,1745,1,1,3,1,2,88,4502668,507421,260,3,2,2,0,1,3,0,70,1,0,1,99,0
201600021273,16,4,20,2327,5,2,6,1,3,84,4501994,503369,260,3,2,0,0,1,2,0,60,1,3,1,99,0
201600021274,16,4,21,1550,1,2,1,1,3,281,4505034,505912,260,4,2,0,0,1,1,0,60,1,0,1,99,0
201600021275,16,4,29,1210,1,2,1,1,5,281,4504660,505148,260,4,1,1,0,1,1,0,40,1,0,1,99,0
201600021276,16,5,2,1205,1,2,1,1,1,57,4503242,505088,260,3,2,2,0,2,4,0,80,1,0,1,99,0
201600021277,16,5,5,1525,1,2,4,1,3,281,4504811,506460,260,4,2,2,0,1,2,0,90,1,0,1,99,0