Num_Acc,an,mois,jour,hrmn,lum,agg,int,atm,col,com,lat,long,dep,catr,circ,nbv,vosp,prof,plan,lartpc,larrout,surf,infra,situ,env1,killed
201600021278,16,5,11,1540,1,2,2,2,5,281,4504999,503997,260,4,2,2,0,1,1,0,60,1,0,1,3,0
201600021279,16,5,16,10,5,2,1,1,1,281,4504773,507225,260,4,2,2,0,1,1,0,0,1,0,1,0,0
201600021280,16,5,17,1830,1,2,1,1,6,281,4504384,502866,260,6,0,0,0,1,1,0,0,1,0,0,0,0
201600021281,16,5,19,1330,1,2,1,1,2,281,4504934,503799,260,4,2,2,0,1,0,0,0,1,0,1,0,0
201600021282,16,5,28,1205,1,2,1,1,6,4,4498006,503110,260,4,2,2,0,1,1,0,0,1,0,3,0,1
201600021283,16,6,1,1330,1,2,1,1,3,281,4505431,504880,260,4,2,2,0,1,1,0,0,1,0,1,0,0
201600021284,16,6,1,1855,1,2,3,2,3,57,4504054,505624,260,4,2,2,0,2,2,0,0,2,0,1,0,0
201600021285,16,6,3,1650,1,1,1,1,2,281,4504019,508370,260,3,0,0,0,1,1,0,0,1,2,0,0,0
201600021286,16,6,8,252,5,2,2,1,3,281,4504756,504976,260,4,1,1,0,1,1,0,0,1,0,1,0,0
201600021287,16,6,11,1100,1,2,2,1,3,281,4504646,509319,260,4,2,2,0,1,1,0,0,1,0,0,0,0
201600021288,16,6,22,1840,1,2,1,1,6,281,4504350,504421,260,4,2,2,2,1,1,0,0,1,0,1,0,0
201600021289,16,6,22,2050,2,2,1,1,3,218,4505952,505821,260,3,2,2,0,1,1,0,0,1,0,1,0,0
201600021290,16,6,25,1750,1,2,6,1,3,281,4505349,505606,260,4,2,2,0,1,1,0,0,1,5,1,0,0
201600021291,16,6,28,1905,1,2,1,1,6,281,4504566,504664,260,4,1,2,0,1,2,0,0,1,0,1,0,0
201600021292,16,6,29,830,1,2,1,1,6,281,4504494,504826,260,4,1,1,0,1,1,0,0,1,0,1,0,0
201600021293,16,7,1,1405,1,1,1,1,6,281,4504383,502157,260,4,2,2,0,1,1,0,0,1,0,1,0,0
201600021294,16,7,2,1100,1,1,1,1,6,281,4504388,503007,260,4,1,1,0,1,1,0,0,1,0,1,0,0
201600021295,16,7,7,1451,1,1,1,1,4,281,4504347,502423,260,4,2,2,0,1,1,0,0,1,0,1,0,0
201600021296,16,7,12,39,3,2,1,1,6,281,4504702,505624,260,4,2,2,0,1,1,0,0,1,0,0,0,0
201600021297,16,7,13,1905,1,2,1,1,5,281,4504864,504948,260,4,1,1,3,1,1,0,0,1,0,1,0,0
201600021298,16,8,11,1157,1,2,2,1,3,281,4504756,504977,260,4,1,1,0,1,1,0,0,1,5,1,0,0
201600021299,16,8,13,1230,1,2,1,1,3,281,4504494,503252,260,4,1,1,0,1,1,0,0,1,0,1,0,0
201600021300,16,8,15,1040,1,2,1,1,6,281,4505277,509506,260,6,0,0,0,0,0,0,0,1,0,0,0,0
201600021301,16,8,26,705,1,2,1,1,3,281,4504143,505635,260,4,2,2,0,1,1,0,0,1,0,1,0,0
201600021302,16,8,26,820,1,2,1,1,6,281,4504732,507210,260,4,2,2,0,1,1,0,0,0,0,1,0,0
201600021303,16,9,2,135,5,2,1,1,6,281,4504442,505193,260,4,1,1,0,1,1,0,0,1,0,1,0,0
201600021304,16,9,12,1430,1,1,1,1,2,57,4501361,503894,260,3,2,2,0,1,1,0,0,1,0,1,0,0
201600021305,16,9,13,1015,1,2,1,1,3,281,4504802,505352,260,9,2,2,0,1,1,0,0,1,0,1,0,0
201600021306,16,9,15,1130,1,2,1,1,6,281,4505426,508390,260,4,0,0,1,1,1,0,0,0,0,5,0,0
201600021307,16,9,21,1121,1,2,1,1,6,281,4504688,504390,260,4,2,2,0,1,1,0,0,1,0,1,0,0
201600021308,16,9,28,1220,1,2,3,1,5,281,4504646,509320,260,4,2,1,0,1,0,0,0,1,0,1,0,0
201600021309,16,9,29,1010,1,2,3,1,3,281,4504266,504717,260,4,1,0,0,0,0,0,0,1,0,1,0,0
201600021310,16,10,5,1415,1,2,1,1,2,57,4503141,504836,260,3,2,2,0,2,2,0,0,1,0,1,0,0
201600021311,16,10,8,1510,1,2,1,1,2,281,4505091,508708,260,4,0,2,0,1,1,0,0,1,0,1,0,0
201600021312,16,10,15,1130,1,2,2,1,1,281,4504778,505468,260,4,2,2,0,1,1,0,0,1,0,1,0,0
201600021313,16,10,18,1640,1,2,1,1,6,281,4504566,504874,260,4,1,2,0,1,1,0,0,1,0,0,0,0
201600021314,16,10,21,1700,1,2,6,1,3,281,4506092,505080,260,3,1,0,0,1,0,0,0,1,0,1,0,0
201600021315,16,11,7,1000,1,2,2,1,3,281,4504595,505181,260,4,1,1,3,1,1,0,0,1,0,1,0,0
201600021316,16,11,9,800,1,2,1,1,2,281,4505197,506085,260,4,2,2,0,1,1,0,0,0,0,1,0,0
201600021317,16,11,11,1140,1,2,1,1,2,281,4505966,505042,260,4,2,0,0,1,3,0,0,1,0,1,0,0
201600021318,16,11,16,1825,5,2,1,1,2,281,4504867,504950,260,4,1,2,0,1,1,0,0,1,0,0,0,0
201600021319,16,11,18,1430,1,2,1,1,2,281,4504423,505329,260,4,1,1,0,1,1,0,0,1,0,1,0,0
201600021320,16,11,18,1505,1,2,3,1,3,281,4504883,506531,260,4,0,0,0,1,1,0,0,2,0,0,0,0
201600021321,16,11,20,1734,1,2,1,1,3,281,4505617,504934,260,4,2,2,0,1,1,0,0,1,0,1,0,0
201600021322,16,11,21,832,1,2,1,1,6,281,4504614,507504,260,4,2,2,0,1,1,0,0,1,0,0,0,0
201600021323,16,11,26,237,3,1,1,1,7,281,4504783,502066,260,4,2,1,0,1,2,0,0,2,0,1,0,0
201600021324,16,11,26,1055,1,2,1,1,6,281,4504743,505497,260,4,2,2,0,1,1,0,0,1,0,1,0,0
201600021325,16,11,25,1810,1,2,6,1,3,281,4504822,508544,260,4,2,2,0,1,1,0,0,1,0,1,0,0
201600021326,16,11,29,1400,1,2,2,1,3,281,4504761,505484,260,4,2,1,0,1,1,0,0,1,0,1,0,0
201600021327,16,11,30,1240,1,2,2,1,3,57,4504074,504851,260,4,1,1,0,1,1,0,0,1,0,1,99,0
201600021328,16,12,5,1835,3,2,3,1,3,281,4504716,507083,260,4,2,2,0,1,1,0,0,1,0,1,0,0
201600021329,16,12,8,1700,1,2,1,1,2,57,4503423,505247,260,3,0,2,0,1,1,0,0,1,0,1,0,0
201600021330,16,12,15,1300,1,2,6,1,3,281,4504519,506180,260,4,1,2,0,1,1,0,0,1,0,1,0,0
201600021331,16,12,15,1751,1,2,1,1,6,281,4504219,505613,260,4,2,2,0,1,1,0,0,1,0,1,0,0
201600021332,16,12,16,1840,3,1,6,1,5,281,4505580,507166,260,3,2,2,0,3,1,0,0,1,3,1,0,0
201600021333,16,12,17,915,1,2,1,1,6,281,4504956,503682,260,4,2,2,0,1,1,0,0,1,0,1,0,0
201600021334,16,12,17,1645,1,2,1,1,4,281,4505246,508456,260,3,2,2,0,1,1,0,0,1,0,0,0,0
201600021335,16,12,21,1345,1,1,1,1,2,281,4505672,500830,260,3,2,2,0,1,1,0,0,1,0,0,0,0
201600021336,16,12,28,1430,1,2,1,1,2,281,4504560,504671,260,4,1,0,0,1,2,0,0,1,0,1,0,0
201600021337,16,12,30,240,3,1,1,1,6,57,4503544,505350,260,3,2,1,0,2,1,0,70,7,0,1,99,0
201600021338,16,12,29,1630,1,2,1,1,6,362,4494209,491803,260,4,2,2,0,1,1,0,0,1,0,1,0,0
201600021339,16,1,8,1654,1,2,1,1,3,58,4493650,488930,260,4,2,2,0,1,1,0,60,1,0,1,0,0
201600021340,16,1,11,1950,3,1,1,1,6,362,4494860,492560,260,4,3,4,0,2,1,0,0,1,0,1,0,0
201600021341,16,1,14,1025,1,2,1,1,6,362,4493030,489430,260,4,2,2,0,1,3,0,0,2,0,1,0,0
201600021342,16,1,14,727,5,2,6,2,3,362,4493383,490404,260,4,1,2,0,1,3,0,65,2,0,1,0,0
201600021343,16,1,30,1710,1,2,3,1,1,362,4494030,492340,260,4,2,2,0,1,3,0,0,1,0,4,0,0
201600021345,16,2,3,1652,1,2,1,1,6,362,4493050,489010,260,4,2,3,0,2,1,0,0,1,5,1,0,0
201600021350,16,3,3,2015,5,2,2,1,3,362,4491594,491124,260,4,3,4,0,1,1,0,110,1,0,1,0,0
201600021351,16,3,7,1035,1,2,1,1,6,362,4492695,489795,260,4,0,1,0,1,1,0,0,1,0,4,0,0
201600021352,16,3,11,1640,1,1,3,1,3,362,4492540,492290,260,4,2,3,0,1,1,0,90,1,0,0,0,0
201600021353,16,3,31,830,1,1,6,1,4,252,4489356,487341,260,2,2,2,0,1,1,0,0,1,0,1,0,0
201600021354,16,4,16,2230,5,2,3,1,3,58,4494730,490290,260,4,2,2,0,1,1,0,80,0,0,1,0,0
201600021355,16,4,17,250,5,2,2,1,3,362,4491715,488148,260,4,2,2,0,1,1,0,0,1,0,1,0,0
201600021356,16,4,27,1350,1,2,1,1,2,58,4496472,488703,260,3,2,2,0,2,1,0,90,1,0,1,0,0
201600021358,16,4,30,120,5,2,3,1,3,362,4493467,490727,260,4,1,2,0,1,1,0,0,1,0,0,0,0
201600021360,16,5,4,1705,1,2,2,1,6,362,4491550,490835,260,4,2,3,0,1,3,0,0,1,0,1,0,0
201600021361,16,5,4,725,1,2,1,1,6,362,4493388,490433,260,4,2,2,0,2,1,0,84,1,0,1,0,0
201600021363,16,5,26,805,1,2,3,1,3,362,4492527,492335,260,4,2,3,0,1,1,0,0,1,0,1,0,0
201600021365,16,5,30,745,1,2,1,1,6,362,4493794,489803,260,4,2,2,1,1,1,0,60,1,0,1,0,0
201600021367,16,6,9,1710,1,2,6,1,6,362,4492228,489063,260,4,2,2,1,1,1,0,0,1,0,1,3,0
201600021368,16,6,7,1700,1,2,1,1,2,58,4494149,489502,260,4,2,1,0,1,1,0,0,1,0,1,0,0
201600021370,16,6,22,1345,1,2,2,1,3,362,4495025,491953,260,4,2,2,0,1,1,0,56,1,0,1,0,0
201600021371,16,6,30,1945,1,2,3,1,6,362,4493191,490373,260,4,2,2,0,1,1,0,0,1,0,1,0,0
201600021372,16,6,29,2115,2,2,3,1,1,362,4492541,492292,260,4,2,2,1,1,1,0,0,1,0,1,0,0
201600021373,16,7,4,705,1,2,1,1,3,58,4496137,488349,260,4,2,2,0,1,2,0,60,1,0,1,0,0
201600021374,16,7,12,1710,1,1,1,1,5,362,4489502,489931,260,4,2,2,0,1,1,0,48,1,0,0,0,0
201600021379,16,5,4,2115,5,2,1,1,7,362,4493221,491841,260,4,2,4,0,1,1,0,70,0,0,1,0,1
201600021384,16,9,27,1220,1,2,1,1,6,362,4492606,492029,260,4,2,2,0,1,1,0,0,1,0,1,0,0
201600021385,16,9,28,815,1,2,3,1,1,252,4487798,488480,260,4,2,2,0,1,1,0,0,1,0,0,0,0
201600021387,16,10,13,1700,1,2,1,2,6,252,4487112,487713,260,4,1,1,0,1,1,0,0,2,0,1,0,0
201600021388,16,10,21,1700,1,2,1,1,6,58,4494205,489489,260,4,2,2,0,1,1,0,58,1,0,1,0,0
201600021389,16,10,25,2015,5,2,3,2,3,362,4492443,492789,260,4,2,2,0,1,1,0,0,2,0,1,0,0
201600021391,16,10,27,1145,1,2,1,1,3,362,4494064,493068,260,4,1,1,0,1,2,0,0,1,0,1,0,0
201600021392,16,11,8,1140,1,2,1,1,6,58,4494240,490300,260,4,2,2,0,1,1,0,0,1,0,1,3,0
201600021395,16,11,30,1149,1,2,1,1,6,362,4490964,488144,260,4,2,2,0,1,1,0,0,1,0,1,0,0
201600021396,16,12,5,925,1,2,1,1,6,58,4494833,489341,260,4,1,2,0,1,0,0,25,1,0,1,0,0
201600021397,16,12,12,1750,3,1,2,1,3,170,4491441,493402,260,4,2,2,0,1,1,0,0,1,0,0,0,0
201600021398,16,12,13,1815,5,1,1,1,1,58,4496424,491020,260,4,2,2,0,1,1,0,74,1,0,1,0,0
201600021400,16,1,21,830,1,2,1,1,3,37,4404363,484822,840,3,2,0,0,1,1,0,90,1,0,1,0,0
201600021412,16,10,6,710,2,1,1,1,1,109,4383309,720489,60,3,2,3,0,1,1,38,119,1,5,1,99,0
201600021413,16,10,7,1155,1,1,1,1,5,33,4378511,721344,60,3,2,2,0,1,1,0,103,1,0,1,99,0
201600021414,16,10,21,10,3,1,1,8,6,46,4376294,721413,60,3,2,2,0,2,1,0,0,2,0,1,99,0
201600021415,16,10,30,415,5,2,1,1,1,46,4375755,723805,60,3,2,2,0,1,1,0,0,1,0,1,99,0
201600021416,16,11,3,1325,1,1,3,1,5,33,4377292,720983,60,4,0,0,0,0,0,0,0,0,0,0,0,0
201600021417,16,12,7,650,2,1,3,1,1,33,4379577,720334,60,3,2,2,0,1,0,0,10,1,0,0,0,0
201600021418,16,12,13,835,1,1,1,1,1,64,4376653,719786,60,3,2,2,0,1,3,0,0,1,0,1,99,0
201600021419,16,12,23,1630,1,1,1,1,1,46,4375808,720863,60,3,2,2,0,1,2,0,0,1,0,1,99,0
201600021421,16,7,1,30,3,1,1,1,7,84,4535103,553450,380,3,2,2,0,1,2,0,55,1,0,1,99,0
201600021422,16,12,16,845,1,1,1,1,2,84,4534240,552501,380,3,3,3,0,2,1,10,150,1,0,1,0,0
201600021423,16,4,15,1045,1,1,1,1,3,194,4535552,544788,380,3,2,2,0,1,1,0,70,1,0,1,99,0
201600021425,16,6,29,2000,1,2,6,1,1,332,4533668,548332,380,3,2,3,0,1,1,80,0,1,5,1,99,0
201600021427,16,7,2,845,1,1,1,1,1,383,4536391,566579,380,3,2,0,0,2,2,0,80,1,0,1,99,1
201600021428,16,7,31,930,1,2,1,1,1,337,4534931,549282,380,3,2,2,0,2,4,0,65,1,0,1,0,1
201600021429,16,9,28,1430,1,2,1,1,2,133,4535650,559938,380,3,2,2,0,2,1,0,116,1,0,1,0,0
201600021430,16,11,3,645,2,2,2,1,3,239,4533206,556632,380,3,1,0,0,3,1,0,54,1,0,1,99,0
201600021431,16,11,16,730,1,2,3,1,3,239,4532605,558350,380,3,2,3,3,1,1,0,50,1,0,1,99,0
201600021433,16,11,21,1745,3,1,1,8,3,337,4534727,551288,380,3,2,0,0,2,3,0,100,1,0,1,99,0
201600021441,16,11,5,815,1,1,1,2,1,283,4567771,496393,690,9,2,2,0,1,3,0,58,2,0,1,99,0
201600021442,16,2,3,2200,3,1,1,1,7,20,5077715,189370,620,3,2,2,0,1,2,0,70,1,0,1,0,0
201600021443,16,7,29,1545,1,1,1,1,6,397,5087919,187234,620,3,2,2,0,1,1,0,68,1,0,1,0,0
201600021444,16,10,6,1945,3,1,1,1,6,167,5077883,183297,620,3,2,2,0,2,1,0,40,1,0,1,99,1
201600021445,16,1,5,1130,1,1,1,1,7,252,4768673,142262,410,1,3,6,0,1,1,8,150,1,0,1,99,0
201600021446,16,3,1,1130,1,1,1,1,6,136,4771573,147868,410,1,3,6,0,1,1,26,105,1,0,3,99,0
201600021447,16,7,24,830,1,1,1,1,7,91,4761660,128816,410,1,1,3,0,1,1,26,130,1,0,2,0,0
201600021448,16,7,31,630,1,1,1,1,6,252,4770920,146100,410,1,3,6,0,1,1,26,130,1,0,3,99,0
201600021449,16,8,25,1045,1,1,1,1,3,252,4768115,140960,410,1,3,6,0,1,1,26,130,1,0,1,99,0
201600021450,16,9,2,1030,1,1,1,1,6,91,4761747,127327,410,1,3,6,0,1,1,26,130,1,0,1,99,0
201600021451,16,10,13,830,1,1,1,1,6,223,4761759,121685,410,1,3,6,0,1,1,26,130,1,0,3,99,0
201600021452,16,11,24,100,3,1,1,1,6,223,4761927,124677,410,1,3,6,0,0,1,20,120,1,0,1,99,0
201600021453,16,11,8,1528,1,2,1,1,6,229,4907713,84617,270,9,2,2,0,0,0,0,0,1,0,1,0,1
201600021454,16,12,22,1030,1,2,1,1,1,229,4899965,115401,270,4,2,2,0,1,3,0,0,1,0,1,0,0
201600021455,16,1,9,455,5,2,1,1,6,229,4901663,113717,270,4,2,2,0,2,2,0,45,2,0,1,0,0
201600021456,16,2,12,1610,1,2,3,1,3,229,4901866,114337,270,4,2,3,0,2,1,0,83,1,0,1,99,0
201600021457,16,2,17,2110,5,2,2,1,1,229,4902009,115949,270,4,2,2,0,2,1,0,0,1,0,1,99,0
201600021458,16,2,29,900,1,2,1,1,1,229,4901821,115652,270,4,2,3,3,1,1,0,94,1,0,1,3,0
201600021459,16,2,29,1525,1,2,1,1,1,299,4904082,115881,270,3,2,2,0,1,1,0,120,1,0,1,99,0
201600021460,16,3,4,1025,1,2,1,1,3,229,4902887,118773,270,3,2,2,0,1,1,0,71,1,2,1,99,0
201600021461,16,3,15,1935,2,2,1,1,6,299,4904274,115980,270,3,2,2,0,1,1,0,83,1,0,1,99,0
201600021462,16,3,25,810,1,2,1,1,6,229,4900834,115915,270,4,2,2,0,1,1,0,97,1,0,1,99,0
201600021463,16,3,27,10,5,2,1,1,3,299,4903977,115818,270,3,2,2,0,1,1,0,89,2,0,1,99,0
201600021464,16,3,30,1850,2,2,3,1,2,299,4904602,116170,270,3,2,2,0,2,1,0,114,1,0,1,0,0
201600021465,16,4,4,725,1,1,1,1,1,299,4905326,117735,270,2,3,4,0,1,1,0,70,2,0,1,0,0
201600021466,16,4,9,630,2,2,1,1,1,229,4903024,115524,270,4,2,2,0,1,1,0,80,1,0,1,99,0
201600021467,16,4,19,1440,1,1,1,1,2,299,4905691,117469,270,2,3,4,0,1,1,0,70,1,0,1,99,0
201600021468,16,5,27,1720,1,2,1,1,2,229,4901712,115987,270,2,3,4,0,1,1,0,77,1,0,1,99,0
201600021469,16,6,10,1935,1,2,2,1,3,229,4902166,113761,270,4,3,0,0,1,1,0,0,1,0,1,99,0
201600021470,16,6,17,1510,1,2,2,1,6,229,4900366,114847,270,4,0,0,0,0,0,0,0,0,0,0,0,0
201600021471,16,6,24,1640,1,2,2,1,3,31,4905216,113421,270,4,2,2,0,2,1,0,0,1,0,1,99,0
201600021472,16,6,25,1055,1,1,2,1,3,229,4901953,113895,270,4,0,0,0,0,0,0,0,0,0,0,0,0
201600021473,16,6,29,2054,1,2,1,2,6,229,4902684,114086,270,4,2,2,0,1,1,0,0,2,0,1,99,0
201600021474,16,6,30,2225,2,2,3,1,3,229,4901921,115182,270,4,0,0,0,0,0,0,0,0,0,0,0,0
201600021475,16,7,6,1725,1,2,2,1,6,229,4901158,116808,270,3,2,0,0,1,1,0,0,1,0,0,0,0
201600021476,16,7,9,1515,1,2,3,1,3,299,4904983,116425,270,3,2,2,0,1,1,0,0,1,0,1,0,0
201600021477,16,7,11,1210,1,2,2,1,3,229,4901947,113900,270,4,2,1,0,0,0,0,0,0,0,1,0,0
201600021478,16,9,22,1620,1,2,1,1,2,229,4902884,117260,270,4,2,2,0,1,1,0,0,1,0,1,3,0
201600021479,16,10,24,2325,5,2,1,5,1,229,4903440,114814,270,4,2,2,0,2,4,0,64,2,0,1,99,1
201600021480,16,9,27,1415,1,2,6,1,3,229,4901405,115253,270,4,2,2,0,1,1,0,92,1,5,1,3,0
201600021481,16,5,18,1220,1,2,1,1,2,229,4903056,116024,270,4,2,2,0,2,1,0,0,1,0,1,0,0
201600021482,16,9,25,1455,1,2,2,1,1,229,4901172,116839,270,4,3,4,0,1,1,30,70,1,0,1,99,0
201600021483,16,9,22,1445,1,2,1,1,1,229,4901868,114232,270,4,2,4,0,2,0,0,0,1,0,0,99,0
201600021484,16,9,23,810,1,2,1,1,6,229,4900253,114778,270,4,2,2,0,1,1,0,0,1,0,1,99,0
201600021485,16,10,4,1725,1,2,1,1,1,229,4902265,112371,270,4,2,2,0,1,1,0,0,1,0,1,99,0
201600021486,16,10,14,2140,5,2,1,1,7,229,4902530,113856,270,4,2,0,1,1,1,0,0,1,0,1,99,0
201600021487,16,10,25,1440,1,2,1,1,6,229,4900852,115934,270,4,1,1,0,1,1,0,0,1,0,1,3,0
201600021488,16,12,11,205,4,2,1,8,6,229,4901550,117948,270,2,0,2,0,1,1,25,72,2,0,1,99,1
201600021489,16,6,28,1900,1,1,1,1,1,353,4810706,172672,350,2,3,4,1,1,1,15,76,1,0,5,99,1
201600021490,16,11,26,2045,3,1,1,1,7,559,4910328,450167,510,3,2,2,0,0,1,0,70,1,0,3,99,0
201600021491,16,1,16,1700,5,2,1,1,7,701,4927297,120025,270,4,0,1,0,0,0,0,0,0,0,1,0,0
201600021492,16,12,10,1840,5,2,1,1,6,375,4920997,116709,270,4,2,0,0,1,1,0,83,1,0,1,0,0
201600021493,16,12,25,145,3,1,1,1,1,701,4925463,123702,270,3,2,2,0,1,1,0,70,1,0,1,0,0
201600021494,16,1,28,845,1,2,6,1,3,701,4926347,121155,270,4,2,2,0,1,1,40,97,2,0,1,99,0
201600021495,16,2,13,930,1,1,1,3,1,701,4923986,119927,270,3,2,3,0,2,1,0,100,2,0,1,99,1
201600021496,16,4,23,1725,1,1,1,1,2,701,4924414,120100,270,3,2,2,0,1,3,0,95,1,0,1,99,1
201600021497,16,4,19,520,5,2,1,1,3,375,4921513,116826,270,4,1,0,0,1,2,0,60,1,0,1,0,0
201600021498,16,6,16,1745,1,2,1,2,7,351,4924048,118836,270,4,0,2,0,1,2,0,0,2,0,1,99,0
201600021499,16,4,10,1220,1,1,1,1,3,375,4921652,111907,270,3,2,2,0,1,1,0,54,1,0,1,0,0
201600021500,16,7,23,1955,1,1,3,1,1,375,4919755,116891,270,2,2,2,0,0,2,0,0,1,0,1,0,0
201600021501,16,10,9,1525,1,2,2,1,3,701,4925930,119761,270,3,2,2,0,1,1,0,97,1,0,1,0,0
201600021502,16,10,11,1610,1,2,2,1,2,701,4927238,121940,270,4,2,2,0,1,1,0,100,1,0,1,99,0
201600021503,16,10,16,650,5,2,2,1,2,375,4922327,116741,270,3,2,3,0,1,1,0,80,1,0,1,0,0
201600021504,16,4,3,1245,1,2,3,1,2,701,4926334,120794,270,4,2,2,0,1,3,0,94,1,0,1,0,0
201600021505,16,8,14,1610,1,2,1,1,7,701,4923828,117160,270,3,2,2,0,1,1,0,45,0,0,1,0,0
201600021506,16,8,13,1750,1,1,1,1,6,701,4923768,120237,270,3,2,2,0,1,2,0,105,1,0,3,0,0
201600021507,16,8,23,1415,1,2,1,1,7,375,4921014,117057,270,4,2,0,0,1,1,0,55,1,0,1,0,0
201600021508,16,10,14,655,5,2,3,1,6,375,4921016,116905,270,4,2,2,0,1,1,0,0,1,0,0,0,0
201600021512,16,11,18,145,5,2,2,1,6,474,4520208,567702,380,4,2,2,0,1,3,0,65,1,5,4,99,0
201600021513,16,1,18,600,3,1,1,2,2,135,4924970,63263,140,2,3,4,0,1,1,20,70,2,0,1,0,0
201600021514,16,1,25,1530,1,1,1,1,3,568,4922220,54803,140,2,3,4,0,1,1,21,84,1,0,1,99,0
201600021515,16,1,28,745,1,1,1,1,7,124,4934170,98626,140,2,3,4,0,1,1,21,84,1,0,1,99,0
201600021516,16,5,25,120,3,1,1,1,6,630,4924970,66486,140,2,3,4,0,1,1,20,70,1,0,1,99,0
201600021517,16,6,14,1545,1,1,1,1,6,281,4933010,89140,140,2,3,4,0,1,1,30,75,1,0,3,99,0
201600021518,16,7,9,2015,1,2,1,1,3,663,4928080,68572,140,3,2,2,0,2,3,0,0,1,0,1,0,0
201600021519,16,8,13,2215,3,1,1,1,4,609,4919950,48286,140,2,3,4,0,1,1,22,140,1,0,1,0,0
201600021522,16,10,16,1040,1,1,1,1,2,37,4374194,691868,60,3,2,2,0,1,1,0,60,1,0,1,99,0
201600021523,16,10,16,1515,1,1,1,1,7,130,4370580,682756,60,3,2,2,0,2,1,0,78,1,0,1,99,0
201600021524,16,11,6,1435,1,1,1,1,1,130,4369495,685482,60,3,2,2,0,1,1,0,70,1,0,1,99,0
201600021525,16,11,18,1845,1,2,1,1,3,95,4364237,688005,60,3,2,2,0,2,1,0,70,1,0,1,99,0
201600021526,16,12,13,2050,3,1,1,1,6,118,4363533,683433,60,3,2,2,0,2,3,0,70,1,0,1,99,0
201600021527,16,1,16,1000,1,2,1,1,6,95,4364090,686739,60,4,2,0,0,1,1,0,0,1,0,1,0,0
201600021529,16,2,8,900,1,2,1,1,6,95,4363993,687671,60,4,2,0,0,1,0,0,0,1,5,1,0,1
201600021538,16,3,31,1215,1,1,1,8,1,13,4689238,573085,390,2,2,2,0,0,1,0,76,1,0,1,0,1
201600021539,16,5,30,515,2,1,1,3,1,554,4680676,591073,390,3,2,2,0,1,1,0,70,2,0,1,0,0
201600021540,16,12,7,915,1,2,1,1,7,681,4909105,147364,270,4,2,2,0,1,1,0,66,1,0,0,99,0
201600021541,16,2,3,1645,1,2,3,1,6,681,4909050,148427,270,4,2,2,0,1,1,0,80,2,5,1,3,0
201600021542,16,3,30,1200,1,2,3,1,6,681,4909765,147857,270,3,2,2,0,1,1,0,60,1,0,1,99,0
201600021543,16,4,16,445,4,1,1,1,7,588,4912756,143371,270,3,2,2,0,1,1,0,85,1,0,0,0,0
201600021544,16,7,8,1310,1,2,1,7,3,681,4910055,148705,270,3,2,2,0,1,1,19,140,1,5,1,3,1
201600021545,16,7,24,335,3,1,2,1,1,681,4909916,150495,270,3,0,0,0,0,0,0,0,0,0,0,0,0
201600021546,16,5,4,1305,1,2,3,1,1,562,4910409,145995,270,4,2,2,0,1,1,0,117,1,0,1,99,0
201600021547,16,5,12,755,1,2,3,1,3,681,4908402,147813,270,4,2,2,0,1,1,0,50,2,5,1,3,0
201600021548,16,6,25,1845,1,2,7,1,6,681,4909094,148445,270,4,0,2,0,1,1,0,130,1,0,1,99,0
201600021549,16,9,9,1025,1,2,1,1,2,562,4910193,146777,270,3,2,2,0,1,1,0,130,1,0,1,99,0
201600021550,16,10,12,1720,1,2,4,1,7,554,4910886,143575,270,4,2,2,0,1,1,0,45,1,0,1,0,0
201600021551,16,8,3,1915,1,1,1,1,7,407,4617614,97102,170,3,2,2,0,1,1,0,53,1,0,1,0,1
201600021552,16,8,20,1945,1,1,2,1,5,153,4623945,110876,170,3,2,2,0,1,1,0,71,1,0,1,0,0
201600021553,16,11,2,645,1,1,3,1,3,222,4623554,112524,170,3,2,2,0,1,1,0,62,1,5,1,99,0
201600021554,16,11,19,615,3,1,1,2,6,142,4617092,107338,170,3,2,2,0,0,1,0,73,2,0,1,0,0
201600021555,16,1,19,1615,1,1,1,4,3,470,4744712,661414,250,3,2,3,0,3,2,0,110,5,0,1,0,0
201600021556,16,3,3,1400,1,1,1,4,6,629,4739472,643266,250,1,2,0,0,0,1,0,0,5,0,3,99,0
201600021557,16,7,6,1900,1,1,1,1,5,97,4752915,685829,250,1,1,3,0,1,0,0,105,1,0,1,0,0
201600021558,16,10,27,1,5,1,1,1,2,230,4751300,684100,250,1,3,6,0,1,1,20,150,1,0,1,0,0
201600021559,16,11,14,415,3,1,1,1,2,156,4740726,649739,250,1,3,4,0,1,2,20,140,1,0,1,0,0
201600021560,16,12,24,2015,3,1,1,2,1,214,4743705,672332,250,1,0,0,0,3,2,27,99,2,0,1,99,1
201600021561,16,1,1,2200,5,2,3,2,1,665,4866381,227395,910,4,2,2,0,1,1,0,62,2,0,1,0,0
201600021562,16,1,12,630,3,1,1,1,3,363,4866500,222200,910,3,2,2,0,1,1,0,48,1,0,1,0,0
201600021563,16,2,10,1745,1,2,1,1,1,458,4865700,224600,910,3,2,2,0,1,2,0,0,1,5,1,0,0
201600021564,16,4,5,345,3,1,1,1,6,666,4868323,223652,910,3,2,2,0,1,2,0,0,1,0,3,0,0
201600021565,16,3,24,1200,1,2,1,1,1,363,4863982,224841,910,3,2,2,0,1,1,0,73,1,0,1,0,0