Num_Acc,an,mois,jour,hrmn,lum,agg,int,atm,col,com,lat,long,dep,catr,circ,nbv,vosp,prof,plan,lartpc,larrout,surf,infra,situ,env1,killed
201600021566,16,4,17,800,1,1,1,1,2,665,4866900,227800,910,2,3,4,0,1,1,15,150,1,0,1,99,0
201600021567,16,5,17,1230,1,2,1,1,2,666,4868414,220515,910,3,2,2,0,1,1,0,0,1,0,1,0,0
201600021568,16,7,13,1500,1,2,1,1,3,665,4866700,227600,910,2,3,4,0,1,1,0,0,1,0,1,99,0
201600021569,16,8,13,1715,1,1,1,1,6,363,4864339,218810,910,3,2,2,0,1,4,0,0,1,0,3,99,0
201600021570,16,7,2,1445,1,1,1,1,3,606,4977790,172812,760,1,3,4,0,1,1,10,70,1,0,1,0,0
201600021571,16,8,3,900,1,1,1,3,6,244,4971464,140970,760,1,1,2,0,4,1,10,70,4,0,2,0,0
201600021572,16,12,30,2140,3,1,1,1,3,278,4984379,154771,760,1,3,4,0,2,1,0,0,1,0,1,99,1
201600021573,16,1,5,1800,3,1,1,2,5,203,4564720,140761,870,1,3,4,0,1,3,0,72,2,0,1,0,0
201600021574,16,1,11,1145,1,1,1,4,6,203,4564900,140583,870,1,3,4,0,1,1,0,72,2,0,1,0,0
201600021575,16,1,26,1430,1,1,1,1,6,19,4575520,133262,870,1,0,2,0,1,1,0,72,1,0,1,0,0
201600021576,16,4,4,815,1,1,1,1,2,119,4569760,136281,870,1,0,2,0,0,0,18,70,0,0,0,0,0
201600021577,16,4,5,1515,1,1,1,1,6,146,4558110,147831,870,1,3,4,0,1,1,0,0,1,0,1,99,0
201600021578,16,4,18,1930,2,1,1,1,6,140,4590700,98038,870,2,3,4,0,1,1,10,72,1,0,1,0,0
201600021579,16,9,12,1345,1,1,1,1,2,127,4557880,121649,870,3,2,2,0,2,1,0,65,1,0,1,0,0
201600021580,16,3,14,830,1,1,1,1,2,31,4512500,148800,190,1,3,2,0,1,3,30,70,1,0,2,0,0
201600021581,16,5,3,1245,1,1,1,1,6,178,4525400,153900,190,1,3,4,0,1,1,20,100,1,0,1,0,0
201600021582,16,8,16,915,1,1,1,1,7,278,4516900,145500,190,3,0,0,0,1,2,0,68,1,0,1,99,0
201600021586,16,10,6,1715,1,1,1,1,5,266,5053800,297300,590,3,2,0,0,0,1,50,0,1,0,1,99,1
201600021587,16,1,9,1030,1,2,1,8,7,220,4842986,147723,280,4,2,2,0,1,1,0,0,2,0,1,0,0
201600021588,16,1,21,1850,3,2,1,2,4,209,4848756,147053,280,2,2,1,0,1,2,0,0,2,5,1,99,0
201600021589,16,2,1,915,1,2,1,1,7,85,4844472,151550,280,4,2,2,0,1,1,0,0,1,0,1,3,0
201600021590,16,1,10,450,5,2,1,9,6,229,4845341,146644,280,3,2,2,0,2,3,0,0,2,0,3,0,0
201600021591,16,2,3,1800,5,2,3,3,1,220,4843821,148102,280,4,1,1,0,2,1,0,0,2,0,1,0,0
201600021592,16,3,17,925,1,1,2,1,3,229,4845717,145954,280,3,3,2,0,2,1,0,0,1,0,0,0,0
201600021593,16,3,22,1250,1,1,6,1,3,85,4842747,151546,280,2,1,2,0,1,2,0,0,1,0,1,0,0
201600021594,16,3,18,1825,1,2,3,1,3,218,4843810,147291,280,3,2,2,0,1,1,0,0,1,0,1,99,0
201600021595,16,4,12,1350,1,2,1,1,6,85,4844524,148142,280,4,1,1,0,1,1,0,0,1,0,1,0,0
201600021596,16,4,25,520,5,2,1,1,6,218,4843784,147276,280,3,2,2,0,1,1,0,71,1,0,4,0,0
201600021597,16,4,13,1705,1,2,1,1,3,85,4845820,148095,280,4,0,2,0,2,1,0,0,1,2,1,0,0
201600021598,16,4,29,750,1,2,2,1,6,85,4844764,152090,280,4,2,0,0,1,1,0,0,1,0,1,3,0
201600021599,16,5,7,1105,1,1,6,1,7,85,4845576,151184,280,3,2,2,0,0,0,0,0,0,0,1,0,0
201600021600,16,5,26,1715,1,2,3,1,3,70,4846493,151169,280,4,2,0,0,1,1,0,50,1,0,1,0,0
201600021601,16,5,16,1900,1,2,1,1,6,220,4842887,147734,280,3,1,0,0,1,1,0,0,1,0,1,0,0
201600021602,16,6,4,1925,1,2,1,1,3,229,4845280,145931,280,4,0,1,0,1,0,0,0,0,0,0,99,0
201600021603,16,6,14,1330,1,2,1,1,6,85,4844396,148071,280,4,1,1,0,1,1,0,0,1,0,5,99,0
201600021605,16,7,10,1600,1,1,1,1,6,209,4847841,147172,280,3,2,1,0,2,0,0,0,1,0,3,0,0
201600021606,16,7,12,655,1,2,1,1,6,85,4844598,148364,280,4,2,4,0,1,1,0,0,1,6,1,99,0
201600021607,16,7,10,1520,1,2,1,1,7,85,4845212,152087,280,4,3,2,0,1,2,0,0,1,0,1,0,0
201600021608,16,7,31,110,5,2,1,1,6,85,4845023,148449,280,4,0,2,0,1,1,0,68,1,0,1,0,1
201600021609,16,8,1,735,1,2,3,1,1,85,4843318,149286,280,3,0,0,0,0,0,0,0,0,0,1,0,0
201600021610,16,7,28,1730,1,2,1,1,6,209,4846950,148052,280,3,2,2,0,1,1,0,0,1,0,1,3,0
201600021611,16,8,19,1410,1,2,1,1,6,218,4844093,146315,280,3,2,2,0,1,1,0,30,1,0,1,3,0
201600021612,16,9,19,1405,1,2,1,1,6,220,4843561,147897,280,3,2,2,0,1,1,0,0,1,0,1,99,0
201600021613,16,11,1,1055,1,1,1,1,6,110,4842505,151314,280,2,0,0,3,1,2,0,0,2,0,0,99,0
201600021614,16,11,16,1040,1,2,6,2,2,229,4845048,145190,280,4,2,2,0,1,1,0,0,2,5,1,0,0
201600021615,16,11,23,915,1,2,1,3,6,85,4844219,148914,280,4,2,4,3,1,1,0,0,2,6,1,3,0
201600021616,16,12,7,1054,1,2,1,1,6,85,4844577,148360,280,4,2,4,0,1,1,0,0,1,0,1,0,0
201600021617,16,5,8,1215,1,1,1,1,1,233,4608097,393738,420,3,2,2,0,0,1,0,0,1,0,1,0,0
201600021618,16,7,27,1815,1,1,1,1,6,281,4608185,385295,420,3,2,2,0,1,4,0,0,1,0,3,99,1
201600021619,16,1,16,1630,1,2,1,1,1,199,4603180,391015,420,4,0,1,0,2,2,30,0,1,0,1,0,0
201600021620,16,3,4,1130,1,1,1,1,3,182,4605135,395279,420,9,2,2,0,1,1,0,90,1,5,1,99,0
201600021621,16,3,27,1015,1,1,1,2,1,3,4609905,391123,420,3,2,1,0,3,1,0,35,2,0,1,0,0
201600021622,16,3,31,1645,1,1,1,1,6,163,4617798,387901,420,2,3,0,0,1,1,10,150,1,0,1,99,0
201600021623,16,7,10,1700,1,2,1,7,2,49,4614168,389153,420,3,2,0,0,2,1,0,30,1,0,1,0,0
201600021624,16,7,25,1215,1,1,2,1,3,198,4601166,431433,420,3,2,2,0,0,1,0,0,9,0,1,0,0
201600021625,16,7,28,830,1,1,1,1,7,337,4618400,395200,420,3,0,1,0,0,2,0,0,9,0,1,0,0
201600021626,16,8,10,1500,1,1,1,1,7,3,4610952,390995,420,4,2,1,0,1,1,0,0,1,4,0,99,0
201600021627,16,9,29,1330,1,1,1,1,1,8,4599010,388104,420,3,2,1,0,1,2,0,30,1,0,1,0,0
201600021628,16,12,23,1,3,1,1,2,7,231,4608934,395822,420,4,2,1,0,1,1,0,0,2,0,3,99,0
201600021629,16,12,2,2030,3,1,1,5,6,232,4606460,392352,420,3,2,2,0,2,2,0,35,2,0,3,99,0
201600021630,16,12,5,945,1,2,1,1,1,176,4604495,398338,420,3,2,2,2,1,3,0,72,1,0,5,99,0
201600021631,16,12,12,1530,1,1,2,1,5,198,4601188,395051,420,3,2,0,0,1,1,25,60,1,0,1,99,0
201600021632,16,1,2,1500,1,2,3,1,6,134,4873792,134679,280,4,2,2,0,1,1,20,70,1,0,1,99,0
201600021633,16,11,12,1845,3,2,1,2,6,134,4873799,134815,280,4,2,2,0,1,2,0,60,2,6,1,99,0
201600021634,16,12,5,1810,5,2,6,1,6,404,4871894,136882,280,4,1,1,0,1,3,0,60,1,0,1,99,0
201600021635,16,1,8,2045,5,2,2,5,3,134,4873829,136103,280,3,2,2,0,1,1,20,70,1,0,1,99,0
201600021636,16,3,4,1535,1,1,1,2,2,134,4874704,140087,280,2,3,2,0,1,2,20,70,2,0,1,99,0
201600021637,16,3,4,1620,1,2,3,2,5,404,4873654,133007,280,4,2,2,0,1,1,20,70,2,0,1,3,0
201600021639,16,4,18,1435,1,1,1,1,6,134,4874883,139025,280,3,2,2,0,2,1,20,65,1,0,4,99,0
201600021640,16,4,26,735,1,2,1,2,6,134,4873196,136074,280,3,2,2,0,1,1,20,65,2,0,1,0,0
201600021641,16,4,27,1620,1,2,1,1,1,134,4874656,138266,280,2,2,3,0,2,1,20,70,1,2,1,99,0
201600021642,16,5,2,850,1,2,1,1,6,134,4873391,136521,280,3,2,3,0,1,1,20,88,1,0,1,3,0
201600021643,16,5,7,1440,1,2,1,1,2,134,4873183,136227,280,3,2,2,0,2,3,20,70,1,2,1,99,0
201600021644,16,5,21,1850,1,2,1,2,6,404,4871582,136583,280,3,2,2,0,1,1,20,70,2,0,1,99,0
201600021645,16,5,24,1130,1,2,6,1,6,134,4873842,134131,280,3,3,4,0,1,1,20,70,0,0,1,3,0
201600021646,16,6,7,1750,1,1,1,1,3,223,4872529,139982,280,3,2,2,0,2,2,20,70,2,0,1,99,0
201600021647,16,7,16,1805,1,1,9,1,3,134,4874608,135089,280,2,2,5,0,1,1,0,0,1,0,1,99,1
201600021649,16,8,9,1100,1,1,3,1,3,134,4874939,138659,280,3,2,2,0,1,1,20,70,1,0,1,99,0
201600021650,16,8,24,2000,1,2,9,1,6,134,4874166,134388,280,9,2,2,0,1,1,20,60,1,0,1,99,0
201600021651,16,10,6,1835,1,1,1,1,2,404,4871333,136444,280,3,1,2,0,1,1,0,80,1,0,1,99,0
201600021660,16,2,13,1400,1,1,1,2,6,618,4893760,91882,140,3,2,2,0,2,2,0,0,8,0,3,0,0
201600021661,16,4,10,1345,1,1,2,1,3,553,4903790,58583,140,3,2,2,0,1,3,0,51,1,0,1,0,0
201600021662,16,8,19,1445,1,2,2,1,3,255,4888670,88279,140,3,2,2,0,1,0,0,50,1,5,1,0,0
201600021663,16,1,31,2045,3,1,1,2,2,135,4855378,336604,220,2,3,4,0,1,1,15,70,2,0,1,99,0
201600021664,16,2,13,1545,1,1,1,8,6,227,4856708,356421,220,2,3,4,0,1,1,15,140,2,0,1,99,0
201600021665,16,2,14,1215,1,1,1,4,2,225,4853999,306846,220,2,3,2,0,2,1,10,70,2,0,1,0,0
201600021666,16,2,26,745,1,1,1,1,3,251,4854419,282813,220,2,3,2,0,1,3,25,70,1,0,1,0,0
201600021667,16,2,28,1615,1,1,1,6,3,34,4866492,334521,220,3,3,4,0,1,1,25,70,1,0,1,99,0
201600021668,16,3,9,730,1,1,1,3,4,304,4853637,305422,220,2,3,4,0,1,1,35,70,2,0,1,99,0
201600021669,16,2,10,130,3,1,1,4,7,135,4855963,334413,220,2,3,4,0,0,1,35,70,9,0,1,99,0
201600021670,16,3,25,1800,1,1,1,1,2,304,4853741,305796,220,2,3,4,0,1,1,10,70,1,0,1,99,0
201600021671,16,3,28,1845,1,1,1,2,4,372,4852887,286018,220,2,3,4,0,1,1,30,70,2,0,1,99,0
201600021672,16,3,28,1445,1,1,1,4,6,34,4868555,336324,220,3,3,2,0,1,1,10,70,2,0,1,0,0
201600021673,16,3,30,2350,3,1,1,2,6,4,4862397,331782,220,3,3,4,0,1,3,10,70,2,0,1,99,0
201600021674,16,4,5,545,3,1,1,1,6,4,4862465,331867,220,3,3,4,0,1,3,35,78,1,0,1,99,1
201600021675,16,4,11,1600,1,1,1,1,7,164,4858565,324906,220,3,3,4,0,1,1,30,70,1,0,1,99,0
201600021676,16,4,22,1445,1,1,1,1,2,67,4855214,317014,220,2,3,4,0,3,1,10,70,1,0,1,0,0
201600021677,16,4,30,1530,1,1,1,1,7,227,4856551,354527,220,2,3,4,0,1,1,25,68,2,0,3,99,0
201600021678,16,5,17,1545,1,1,1,1,7,272,4854866,310389,220,2,3,4,0,2,1,25,70,1,0,1,99,0
201600021679,16,5,21,1645,1,1,1,2,6,354,4856957,327558,220,2,3,4,0,0,1,70,140,2,0,1,99,0
201600021680,16,5,26,1915,1,1,1,8,5,182,4853129,292970,220,2,3,4,0,2,1,60,68,2,0,1,99,1
201600021681,16,6,7,2300,3,1,1,1,6,164,4859977,326711,220,3,3,4,0,2,2,35,70,1,0,1,99,0
201600021682,16,6,13,1100,1,1,1,2,7,304,4853613,303535,220,2,2,2,0,1,1,32,78,2,3,3,99,0
201600021683,16,7,10,1545,1,1,1,1,6,225,4855161,311588,220,2,3,4,0,1,1,70,35,1,0,3,0,0
201600021684,16,9,30,1915,1,1,1,8,7,372,4852932,285969,220,2,3,4,0,1,1,30,70,2,3,1,99,0
201600021685,16,10,29,1430,1,1,1,1,3,206,4853584,301982,220,2,3,2,0,1,1,35,75,1,0,1,0,0
201600021686,16,11,8,1600,1,1,1,1,6,272,4854890,310564,220,2,3,4,0,1,1,11,70,1,0,3,0,0
201600021687,16,11,20,1030,1,1,1,1,2,182,4853138,292587,220,2,3,4,0,2,1,45,70,2,0,1,99,0
201600021688,16,11,24,845,1,1,1,1,7,251,4854508,281217,220,2,3,4,0,1,1,30,140,1,0,3,0,0
201600021689,16,12,6,1745,3,1,1,8,2,225,4855219,311800,220,2,1,1,0,1,1,0,35,1,3,1,0,0
201600021690,16,1,14,1430,1,1,1,4,2,327,4848491,204159,220,2,3,4,0,2,1,35,70,7,0,1,0,0
201600021691,16,1,15,115,3,1,1,9,6,3,4844174,212388,220,2,3,4,0,1,1,30,35,7,0,1,99,0
201600021692,16,1,27,1615,1,1,1,3,7,93,4846443,254402,220,2,3,4,0,2,1,35,140,2,0,1,99,0
201600021693,16,3,4,1545,1,1,1,8,4,246,4847674,260615,220,2,3,4,0,1,1,35,180,2,0,1,99,0
201600021694,16,5,13,1645,1,1,1,1,2,193,4843595,247083,220,2,3,4,0,2,1,25,70,1,0,1,99,0
201600021695,16,5,17,1115,1,1,1,1,1,246,4847690,260549,220,2,3,4,0,1,1,35,150,1,0,1,99,0
201600021696,16,5,17,1515,1,1,1,1,2,93,4846738,254869,220,2,3,0,3,1,1,30,70,1,0,1,99,0
201600021697,16,8,31,1145,1,1,1,1,4,185,4837419,235465,220,2,3,4,0,1,1,59,70,1,0,1,99,0
201600021698,16,9,17,530,3,1,1,2,3,213,4853653,197630,220,2,3,2,0,2,3,30,75,2,0,1,0,1
201600021699,16,10,22,1145,1,1,1,1,3,213,4853653,200176,220,2,3,2,0,1,1,30,70,1,0,1,99,0
201600021700,16,10,29,1715,1,1,1,1,7,388,4843698,214466,220,2,3,4,0,1,2,30,70,1,0,1,99,0
201600021701,16,11,7,30,3,1,1,3,7,369,4834717,228952,220,2,3,4,0,2,1,35,70,2,0,3,99,1
201600021702,16,12,15,800,2,1,1,1,5,84,4841815,228149,220,2,3,4,0,1,1,30,70,1,0,1,99,0
201600021703,16,1,13,1045,1,1,1,1,7,266,4852807,394315,290,2,1,2,0,1,1,15,70,1,0,1,0,0
201600021704,16,1,31,1945,3,1,1,2,7,264,4850261,416137,290,2,1,2,0,1,1,25,70,2,0,3,0,0
201600021705,16,2,7,430,3,1,1,1,6,68,4851985,401417,290,2,3,4,0,1,1,70,70,2,0,3,99,0
201600021706,16,3,30,1415,1,1,1,4,6,268,4847406,431705,290,2,3,4,0,1,1,0,0,2,0,3,0,0
201600021707,16,4,22,945,1,1,1,1,7,183,4857052,360889,290,2,3,4,0,1,1,10,150,1,3,3,99,0
201600021708,16,4,30,815,1,1,1,1,6,266,4852731,395096,290,2,3,2,0,2,1,20,140,2,0,1,0,0
201600021709,16,4,30,815,1,1,1,7,5,266,4852675,395266,290,2,3,2,0,2,1,20,140,1,0,1,0,0
201600021710,16,5,22,215,3,1,1,1,7,105,4851956,402206,290,2,3,0,0,1,1,10,150,1,0,1,0,0
201600021711,16,5,31,900,1,1,1,1,4,75,4843465,443690,290,2,3,0,0,1,1,20,140,1,0,1,0,0
201600021712,16,6,12,1730,1,1,1,1,3,211,4834505,376769,290,3,2,2,0,1,1,0,0,1,0,1,99,0
201600021713,16,6,21,1345,1,1,1,1,7,75,4844879,438890,290,2,3,2,0,1,1,20,70,1,0,3,0,0
201600021714,16,10,1,715,2,1,1,2,2,265,4854301,389763,290,2,1,2,0,3,3,10,150,2,0,1,0,0
201600021715,16,10,20,1200,1,1,1,1,7,179,4848374,429099,290,2,3,0,0,1,1,20,140,1,0,3,0,0
201600021716,16,10,29,900,1,1,1,1,7,75,4844281,440476,290,2,1,0,0,1,0,20,140,1,0,1,0,0
201600021717,16,11,9,2200,3,1,1,2,2,105,4851824,403921,290,2,3,4,0,0,2,20,70,2,0,1,0,0
201600021718,16,11,13,900,1,1,1,1,6,181,4848566,428122,290,2,3,2,0,1,1,20,140,9,0,3,0,0
201600021719,16,12,13,830,1,1,1,1,2,179,4848213,429817,290,2,1,2,0,1,1,20,140,1,0,1,0,0
201600021720,16,1,28,1300,1,1,1,2,6,20,4810534,402980,290,2,3,2,0,1,1,20,70,2,0,3,0,0
201600021721,16,3,8,1345,1,1,1,6,6,142,4816969,404719,290,2,3,2,0,2,3,20,70,0,0,0,0,0
201600021722,16,12,8,1815,3,1,1,8,5,142,4816827,404771,290,2,3,2,0,2,3,20,70,0,0,1,0,1
201600021723,16,12,17,2145,3,1,1,5,5,86,4833971,423011,290,2,3,4,0,1,1,20,140,1,0,1,0,0
201600021724,16,1,22,700,3,1,1,2,1,139,4794505,167666,350,2,3,0,3,1,1,10,100,2,0,2,99,0
201600021725,16,1,25,800,1,1,1,1,4,139,4795390,168051,350,2,3,2,0,1,1,15,75,1,0,1,0,0
201600021726,16,2,22,1630,1,1,1,1,6,363,4801952,169114,350,2,3,0,0,1,1,20,70,1,3,3,0,0
201600021727,16,3,30,330,3,1,1,1,6,139,4796672,169122,350,2,3,3,3,2,1,30,95,1,0,3,0,0
201600021728,16,8,24,2345,3,1,1,1,6,363,4801338,169143,350,2,3,3,3,1,1,10,100,2,0,3,99,0
201600021729,16,8,28,1315,1,1,1,1,6,124,4773374,171263,350,2,3,4,0,1,1,15,70,1,0,3,99,0
201600021730,16,10,15,1315,1,1,1,3,6,12,4779524,169052,350,2,3,4,3,2,2,10,100,2,0,3,99,0
201600021731,16,10,29,1815,1,1,1,1,6,206,4805406,168145,350,2,3,4,0,1,0,10,13,3,0,0,0,0
201600021732,16,11,28,1410,1,1,1,1,7,12,4783946,169561,350,2,3,4,3,4,3,10,100,1,0,3,99,0
201600021733,16,8,8,230,3,1,9,1,6,152,4817316,156830,350,1,3,2,0,1,1,25,80,1,0,2,99,0
201600021734,16,8,27,1430,1,1,1,1,3,267,4840548,131127,350,1,3,4,0,1,1,25,70,1,0,1,99,0
201600021735,16,12,17,1910,3,1,1,5,4,293,4829624,136630,350,1,3,4,0,1,1,70,50,1,0,1,99,0
201600021736,16,12,23,2230,3,1,1,5,6,152,4820711,152412,350,1,3,4,0,2,2,30,100,1,0,1,99,0
201600021737,16,3,5,1800,2,2,2,1,3,419,4622300,596900,10,3,2,0,0,0,1,0,35,1,0,1,99,0
201600021739,16,9,9,2115,1,1,1,1,1,419,4620200,595300,10,3,2,0,0,1,1,0,0,1,0,1,99,0
201600021742,16,12,30,1930,3,1,9,1,6,288,4610340,555730,10,3,3,4,0,1,1,0,0,2,0,0,99,1
201600021744,16,5,8,1245,1,2,5,1,3,143,4636000,614000,10,3,2,2,0,1,1,0,70,1,0,1,99,0
201600021746,16,9,1,2330,3,1,1,1,6,419,4636800,564000,10,3,0,0,0,1,1,0,0,1,0,1,0,1
201600021749,16,4,2,1200,1,1,9,1,3,314,4951800,569200,540,3,2,2,0,0,2,0,60,1,0,1,0,0
201600021750,16,3,17,1445,1,2,1,1,6,314,4949200,570800,540,3,2,2,0,1,1,0,67,1,0,1,0,1
201600021751,16,4,6,1530,1,1,1,1,3,428,4942200,570800,540,3,2,2,0,1,1,0,65,1,0,1,0,0
201600021752,16,4,25,1745,1,2,1,2,3,322,4944600,561900,540,3,2,0,0,1,1,0,0,2,0,1,0,0
201600021754,16,7,25,600,2,1,1,1,3,314,4951600,572500,540,3,2,2,0,1,1,0,66,1,0,1,99,0
201600021755,16,8,25,1615,1,1,1,1,1,290,4945500,579400,540,3,2,0,0,0,2,0,51,1,0,1,0,1
201600021756,16,10,8,1130,1,1,1,1,6,590,4946500,561000,540,3,2,2,0,0,1,0,36,1,0,3,99,0
201600021757,16,10,20,2230,3,1,1,2,6,134,4946100,548800,540,3,2,0,0,3,3,0,78,2,0,1,99,0
201600021758,16,12,22,1915,5,2,1,5,1,137,4949100,570500,540,3,0,0,0,0,0,0,0,0,0,1,0,0
201600021765,16,7,31,915,3,1,1,1,7,48,4319735,654922,830,4,2,0,0,1,3,0,0,1,0,3,0,1
201600021767,16,8,12,445,5,1,1,1,6,48,4353388,663142,830,4,0,2,0,1,2,0,59,1,0,3,0,0
201600021768,16,8,17,1945,1,2,1,1,1,48,4320075,656379,830,3,2,2,0,2,3,5,60,1,0,1,0,0
201600021769,16,9,15,1045,1,1,1,1,3,48,4319200,658800,830,3,2,2,0,1,1,0,61,1,0,1,99,1
201600021772,16,1,24,745,3,1,1,1,7,219,4778388,192696,350,3,2,1,0,2,1,0,0,1,0,0,99,0
201600021773,16,1,24,1800,2,2,1,1,6,129,4782240,182298,350,3,2,2,0,1,1,0,0,1,0,1,99,1
201600021774,16,2,6,800,2,1,1,6,7,45,4782206,203482,350,4,2,0,0,2,3,0,50,1,0,1,99,1
201600021775,16,4,13,1630,1,1,1,1,1,285,4774989,194988,350,3,2,2,0,1,1,0,0,1,0,1,3,0
201600021776,16,6,12,730,1,1,1,2,6,45,4779562,200793,350,3,2,2,0,1,1,0,61,2,0,3,0,0
201600021777,16,7,3,1300,1,1,1,1,6,176,4777945,177997,350,4,2,2,0,1,3,0,45,1,0,3,0,0
201600021778,16,7,15,1600,1,2,7,1,1,219,4781035,194674,350,3,2,2,0,1,1,0,0,1,0,1,99,1
201600021779,16,8,23,1915,1,1,1,1,5,45,4779761,199349,350,3,2,2,0,0,1,0,57,1,0,1,0,1
201600021780,16,9,1,2000,1,1,1,1,3,168,4789669,201229,350,3,2,0,0,3,3,0,83,1,0,1,99,0
201600021781,16,9,20,2045,3,1,1,1,6,289,4786727,178958,350,3,2,1,0,1,1,0,70,1,0,1,99,0
201600021782,16,10,15,2045,3,1,2,1,3,45,4779546,200918,350,3,2,2,0,1,1,0,0,1,5,1,99,0
201600021783,16,10,28,1800,1,1,2,1,3,84,4786594,206139,350,3,2,2,0,1,1,5,310,1,0,1,99,1
201600021784,16,10,28,2330,3,1,2,1,3,160,4794668,206738,350,3,2,2,0,1,1,5,110,1,0,1,99,0
201600021785,16,12,17,1700,2,2,3,5,2,125,4792931,123631,350,3,2,2,0,1,1,313,225,1,0,1,99,0
201600021788,16,1,2,930,1,1,1,1,7,214,4716970,469316,210,1,1,0,0,0,1,15,85,1,0,3,0,0
201600021789,16,2,3,1930,3,1,1,2,6,30,4710114,472821,210,1,1,2,0,2,3,35,105,2,0,1,0,0
201600021790,16,3,14,445,3,1,1,1,6,73,4743203,431191,210,1,1,2,0,1,1,35,100,1,0,2,0,0
201600021792,16,7,6,1915,1,1,1,1,4,214,4719324,466655,210,1,3,0,0,0,1,30,100,1,0,1,0,0
201600021793,16,7,6,1830,1,1,1,1,2,214,4719377,466604,210,1,3,0,0,0,1,30,90,1,0,1,0,0
201600021794,16,7,19,2130,1,1,1,1,7,205,4744526,429310,210,1,3,2,0,1,3,20,100,1,0,2,99,1
201600021795,16,8,6,1630,1,1,1,1,6,244,4731674,449523,210,1,1,2,0,0,1,100,35,1,0,2,0,0
201600021797,16,8,23,1615,1,1,1,1,6,214,4718289,467912,210,1,1,2,0,1,1,20,100,1,0,1,0,0
201600021798,16,9,17,645,3,1,1,3,4,282,4747300,421222,210,1,3,2,0,1,1,30,100,2,0,1,0,0
201600021799,16,10,14,1115,1,1,1,2,2,87,4711454,470981,210,1,3,4,0,2,3,30,100,2,0,1,99,0
201600021800,16,11,13,750,1,1,9,2,6,244,4730345,450278,210,6,0,0,0,1,0,3,523,1,0,0,0,0
201600021801,16,12,11,1934,3,1,1,9,6,634,4714822,469974,210,1,1,4,0,2,3,100,35,9,0,2,99,0
201600021802,16,12,26,1225,1,1,9,8,6,676,4746533,424221,210,1,2,2,0,1,0,10,90,1,0,0,0,0
201600021804,16,10,23,1730,1,2,2,1,3,187,4658200,77700,860,3,2,2,0,1,1,0,45,1,5,1,99,0
201600021808,16,6,4,1700,1,1,1,1,1,157,4440270,274080,120,2,2,2,0,1,3,0,70,1,0,1,0,1
201600021809,16,9,4,1630,1,1,1,1,1,96,4451000,273481,120,3,2,2,0,2,2,0,76,1,0,1,0,1
201600021810,16,6,29,740,1,1,3,1,6,43,4428130,253433,120,3,0,0,0,1,1,0,55,0,5,0,0,0
201600021811,16,1,3,230,5,1,1,1,7,61,4339097,57955,640,3,2,0,0,1,2,0,0,2,0,3,99,0
201600021812,16,5,23,1100,1,1,6,1,1,410,4337758,60342,640,3,0,0,2,1,0,0,0,1,5,1,0,0
201600021813,16,12,24,1700,2,1,3,2,1,396,4343944,66715,640,3,2,2,0,1,1,0,84,2,0,1,0,1
201600021814,16,12,23,1800,3,1,6,5,6,253,4778307,750253,680,3,1,1,0,1,2,0,60,2,5,3,99,0
201600021815,16,6,2,1630,1,2,1,2,1,427,4594481,476191,10,4,2,2,0,2,2,0,50,2,0,1,3,0
201600021816,16,12,6,1030,1,2,6,1,6,194,4598469,475681,10,4,0,1,0,0,1,0,0,1,5,1,0,0
201600021817,16,12,15,1900,1,2,2,1,3,19,4841548,446195,290,4,0,2,0,1,0,0,0,1,0,0,0,0
201600021818,16,12,24,1400,1,2,2,1,3,19,4839655,444420,290,4,0,2,0,2,0,0,0,0,0,0,0,0
201600021819,16,1,5,1820,5,2,2,3,3,19,4842225,449856,290,4,2,2,0,1,1,0,0,2,0,1,0,0
201600021820,16,1,6,1200,1,2,1,1,4,19,4840821,448668,290,4,2,2,0,1,1,0,0,1,0,1,0,0
201600021821,16,1,12,1835,5,2,1,8,2,19,4841255,446801,290,9,2,2,0,1,1,0,0,2,0,1,0,0
201600021822,16,12,12,930,2,2,3,2,3,19,4838999,450353,290,9,2,0,0,0,0,0,0,2,0,1,0,0
201600021823,16,1,11,810,1,2,1,1,6,19,4840452,446763,290,4,0,0,0,1,0,0,0,2,0,1,0,0
201600021824,16,1,14,1000,1,2,1,1,2,19,4839022,448616,290,4,0,0,0,1,1,0,0,1,0,0,0,0
201600021825,16,1,12,1140,1,2,2,1,3,19,4838716,451396,290,4,2,3,0,2,1,0,0,1,0,1,0,0
201600021826,16,12,7,1820,5,2,3,1,1,19,4840459,450980,290,4,2,0,0,0,0,0,0,0,5,0,0,0
201600021827,16,1,21,1635,1,2,1,1,6,19,4839213,448137,290,4,2,2,0,1,1,0,0,2,0,1,99,0
201600021828,16,12,14,1135,1,2,1,1,6,19,4838176,452584,290,4,2,0,0,2,1,0,0,1,0,1,0,0
201600021829,16,1,18,1640,1,2,1,1,6,19,4839317,449414,290,4,2,2,0,1,1,0,0,0,0,1,0,0
201600021830,16,1,16,1715,1,2,1,1,7,19,4839009,443778,290,4,2,2,0,1,1,0,0,1,0,0,0,0
201600021831,16,12,15,1648,1,2,1,1,6,19,4838070,453208,290,4,2,0,0,1,1,0,0,1,0,1,3,1