Num_Acc,an,mois,jour,hrmn,lum,agg,int,atm,col,com,lat,long,dep,catr,circ,nbv,vosp,prof,plan,lartpc,larrout,surf,infra,situ,env1,killed
201600021832,16,1,6,1842,5,2,2,3,6,19,4840364,448057,290,4,2,2,3,0,0,0,0,2,0,1,0,0
201600021833,16,1,30,1930,5,1,1,1,4,19,4839205,450362,290,4,2,0,0,1,1,0,0,0,2,1,99,0
201600021834,16,1,21,1945,5,2,3,2,3,19,4839347,449697,290,4,2,2,0,0,0,0,0,2,0,1,0,0
201600021835,16,1,28,2110,1,2,3,1,1,19,4838378,448422,290,4,0,2,0,0,0,0,0,0,0,0,0,0
201600021836,16,1,30,1850,5,2,1,2,6,19,4839421,448187,290,9,1,1,0,2,1,0,0,2,0,1,0,0
201600021837,16,1,13,945,1,2,3,1,3,19,4838987,450766,290,4,2,0,0,1,1,0,0,2,0,1,99,0
201600021838,16,2,2,1640,1,2,1,1,6,19,4840717,448962,290,4,2,2,0,0,0,0,0,0,0,1,0,0
201600021839,16,2,4,1220,1,2,1,1,6,19,4840356,447108,290,4,0,2,0,1,1,0,0,2,0,1,0,0
201600021840,16,1,30,1650,1,2,3,2,3,19,4838133,451277,290,4,2,2,0,2,1,0,0,2,0,0,0,0
201600021841,16,2,10,1600,1,2,3,1,2,19,4841319,449235,290,3,3,4,0,0,0,0,0,0,0,1,0,0
201600021842,16,2,7,635,5,2,2,2,5,19,4837800,454456,290,3,2,4,0,1,1,0,0,2,4,1,0,0
201600021843,16,1,14,1345,1,2,1,1,6,19,4840637,449635,290,4,2,0,0,1,1,0,0,1,6,1,0,0
201600021844,16,1,28,1840,5,2,1,1,2,19,4840584,450755,290,4,1,0,0,1,2,0,0,1,5,1,0,0
201600021845,16,1,10,1845,5,2,1,2,2,19,4841316,449591,290,4,2,0,0,1,1,0,0,2,0,1,0,0
201600021846,16,2,3,915,1,2,1,1,6,19,4840549,448465,290,4,2,0,0,1,1,0,0,1,6,1,3,0
201600021847,16,2,10,1930,5,2,6,1,3,19,4841499,447893,290,3,0,0,0,1,2,0,0,0,0,0,0,0
201600021848,16,2,10,1750,1,2,1,2,2,19,4839558,453828,290,3,1,0,0,0,0,0,0,2,0,1,0,0
201600021849,16,2,10,1000,1,2,3,1,1,19,4839602,448329,290,4,1,1,1,1,1,0,0,2,0,5,0,0
201600021850,16,2,17,2130,4,2,1,2,6,19,4838956,448312,290,4,0,2,0,2,1,0,0,2,0,0,0,0
201600021851,16,2,15,930,1,1,1,1,6,19,4840031,449849,290,4,1,2,0,2,1,0,0,1,0,1,0,0
201600021852,16,2,24,1115,1,2,1,2,6,19,4840146,445501,290,4,0,1,0,1,1,0,0,2,0,1,0,0
201600021853,16,2,25,1320,1,2,1,1,4,19,4841318,449592,290,3,3,2,3,1,1,0,0,1,0,1,99,0
201600021854,16,3,4,1530,1,2,1,1,6,19,4839543,449206,290,4,2,0,0,4,1,0,0,2,0,1,3,0
201600021855,16,3,10,1530,1,2,1,1,1,19,4844632,449567,290,4,0,2,0,2,1,0,0,1,0,0,0,0
201600021856,16,3,17,725,1,2,6,1,3,19,4838278,449185,290,4,2,0,0,1,0,0,0,0,0,1,99,0
201600021857,16,3,22,845,1,2,3,1,6,19,4839082,449401,290,9,3,2,0,0,1,0,0,1,0,1,0,0
201600021858,16,3,8,740,1,2,3,1,1,19,4842107,446347,290,4,2,2,0,0,0,0,0,0,0,0,0,0
201600021859,16,3,14,800,2,2,6,1,3,19,4841840,451180,290,4,1,0,0,1,2,0,0,1,0,1,0,0
201600021860,16,3,16,1020,1,1,3,1,3,19,4840434,451249,290,4,2,0,0,0,0,0,0,0,0,1,0,0
201600021861,16,3,25,1220,1,2,1,1,6,19,4838514,453531,290,4,2,0,3,0,0,0,0,0,0,1,0,0
201600021862,16,3,30,1640,1,1,1,1,3,19,4840457,450975,290,4,1,2,0,1,1,0,0,1,0,1,0,0
201600021863,16,3,31,1410,1,2,1,1,2,19,4839731,451773,290,4,2,2,0,2,2,0,0,1,0,1,0,0
201600021864,16,4,6,1850,1,2,2,1,3,19,4838885,448397,290,4,3,0,0,1,1,0,0,1,0,1,99,0
201600021865,16,3,31,1300,1,2,1,1,6,19,4839542,449207,290,4,2,4,0,1,1,0,0,1,0,0,0,0
201600021866,16,3,30,1220,1,2,1,1,3,19,4838008,448701,290,4,2,2,0,1,1,0,0,1,0,1,0,0
201600021867,16,4,7,1900,1,2,1,1,1,19,4840761,449195,290,4,2,2,0,1,1,0,0,1,0,1,0,0
201600021868,16,4,14,640,1,2,3,1,1,19,4838880,450347,290,4,2,2,0,0,0,0,0,0,0,1,0,0
201600021869,16,4,11,1525,1,2,2,1,3,19,4840174,448314,290,4,2,2,0,3,1,0,0,1,0,1,0,0
201600021870,16,4,4,1650,1,2,1,1,3,19,4838801,448152,290,4,1,0,0,1,2,0,0,1,0,1,0,0
201600021871,16,4,11,1815,1,2,2,1,3,19,4839657,448263,290,4,1,0,0,1,1,0,0,1,0,1,0,0
201600021872,16,4,17,850,1,2,1,1,6,19,4839851,445352,290,4,2,0,0,1,1,0,71,1,0,1,99,0
201600021873,16,4,20,1705,1,2,2,1,3,19,4839979,448614,290,9,2,2,0,1,1,0,0,1,0,1,0,0
201600021874,16,4,11,1700,1,2,1,1,2,19,4836723,454638,290,4,0,2,0,0,0,0,0,0,0,1,0,0
201600021875,16,4,6,2110,5,2,1,1,1,19,4839717,449756,290,4,2,0,0,0,4,0,0,2,0,1,0,0
201600021876,16,4,17,1630,1,2,3,1,3,19,4843310,449663,290,4,2,0,0,0,0,0,0,0,0,1,0,0
201600021877,16,4,8,2100,4,2,1,2,6,19,4838421,452786,290,4,0,0,0,1,1,0,0,2,0,0,0,0
201600021878,16,5,5,1530,1,2,1,1,1,19,4838182,452565,290,4,2,0,0,0,0,0,0,0,0,1,0,0
201600021879,16,5,18,2050,2,2,1,1,4,19,4839933,444289,290,4,0,0,0,2,1,0,0,1,0,1,0,0
201600021880,16,5,2,925,1,2,2,1,3,19,4839541,447692,290,4,2,0,0,1,1,0,0,1,0,1,0,0
201600021881,16,4,27,900,1,2,3,2,3,19,4840004,448666,290,4,2,2,0,1,1,0,0,2,0,0,0,0
201600021882,16,6,5,1910,1,2,1,1,6,19,4838590,449276,290,4,0,0,0,0,0,0,0,0,0,0,0,0
201600021883,16,6,6,1810,1,2,1,1,4,19,4837360,456100,290,3,0,2,0,1,1,0,0,0,0,0,0,0
201600021884,16,6,14,850,1,2,1,1,5,19,4841034,445666,290,4,2,2,0,2,1,0,0,1,0,1,0,0
201600021885,16,6,19,1500,1,2,3,1,3,19,4839137,450623,290,4,0,0,1,2,1,0,0,1,0,1,0,0
201600021886,16,6,12,1148,1,2,3,2,3,19,4838307,452765,290,4,2,2,0,1,1,0,0,2,0,1,0,0
201600021887,16,6,17,1500,1,1,1,1,2,19,4841198,448645,290,4,0,0,0,0,0,0,0,0,0,0,0,0
201600021888,16,6,2,2005,1,2,2,1,3,19,4839171,447827,290,4,1,1,0,1,1,0,0,1,0,1,0,0
201600021889,16,6,20,915,1,2,3,2,1,19,4841004,449087,290,9,2,2,0,1,0,0,0,2,0,1,0,0
201600021890,16,6,24,1550,1,2,2,1,3,19,4839153,448052,290,4,2,0,0,2,1,0,0,1,5,1,0,0
201600021891,16,7,6,755,1,2,6,1,3,19,4840189,450265,290,4,0,2,0,1,1,0,0,1,0,1,0,0
201600021892,16,7,6,1310,1,2,2,1,3,19,4839266,448224,290,4,2,0,0,1,1,0,0,1,0,1,99,0
201600021893,16,7,7,1030,1,2,1,1,4,19,4838708,448212,290,4,0,0,0,0,0,0,0,0,0,0,0,0
201600021894,16,6,13,2120,1,2,1,1,6,19,4840527,451496,290,4,2,0,0,2,1,0,0,1,0,1,0,0
201600021895,16,6,26,1210,1,2,6,1,3,19,4838538,452806,290,4,2,2,0,0,0,0,0,0,0,1,0,0
201600021896,16,7,16,2145,1,2,2,1,2,19,4841628,446805,290,3,2,0,0,1,1,0,0,1,0,1,0,0
201600021897,16,7,17,2310,5,2,1,1,1,19,4841812,447678,290,4,0,0,0,1,1,0,0,1,0,0,99,0
201600021898,16,7,15,1020,1,2,1,1,1,19,4839611,449256,290,4,0,0,0,2,3,0,0,1,0,0,0,0
201600021899,16,7,14,1855,1,2,1,1,6,19,4841596,448099,290,4,2,1,0,1,1,0,0,1,0,1,0,0
201600021900,16,7,20,745,1,2,1,1,6,19,4838670,449210,290,4,2,2,0,1,1,0,0,1,0,1,0,0
201600021901,16,7,13,1840,1,2,3,1,2,19,4840260,448190,290,9,2,4,3,1,1,0,0,1,0,1,0,0
201600021902,16,7,19,1650,1,2,1,1,6,19,4838125,452991,290,9,0,2,0,0,1,0,0,1,0,0,0,0
201600021903,16,7,27,2215,5,2,6,1,3,19,4840468,447712,290,4,0,0,0,0,0,0,0,0,0,0,0,0
201600021904,16,7,8,1800,1,2,2,1,3,19,4839975,448605,290,4,0,5,0,1,1,0,0,1,0,1,99,0
201600021905,16,7,18,1700,1,2,2,1,3,19,4840217,449475,290,4,0,0,0,1,1,0,0,1,0,0,0,0
201600021906,16,7,20,1915,1,2,1,1,3,19,4837476,455815,290,3,0,0,0,1,1,0,0,1,0,1,0,0
201600021907,16,8,2,1840,1,2,1,8,3,19,4840933,446816,290,3,0,0,0,1,1,0,0,0,0,0,0,0
201600021908,16,8,1,100,5,2,2,1,3,19,4839718,447366,290,4,2,0,0,1,1,0,0,1,0,1,0,0
201600021909,16,7,19,1910,1,2,1,1,6,19,4841345,447132,290,4,1,0,0,1,1,0,0,1,0,1,0,0
201600021910,16,7,13,1640,1,2,1,1,6,19,4839016,448498,290,4,2,0,0,1,1,0,0,1,0,1,0,0
201600021911,16,8,16,1150,1,1,6,1,2,19,4841506,447926,290,3,1,2,0,1,2,0,0,1,0,1,0,0
201600021912,16,8,29,1125,1,2,2,1,3,19,4839703,448199,290,4,0,0,0,0,0,0,0,1,0,1,0,0
201600021913,16,8,21,1950,1,2,2,1,3,19,4839776,447281,290,4,2,2,0,1,1,0,0,1,0,1,99,0
201600021914,16,8,28,1945,1,2,1,1,7,19,4840621,449666,290,4,2,0,0,1,2,0,0,1,0,1,0,0
201600021915,16,8,16,215,5,2,1,1,6,19,4840331,446979,290,4,2,0,0,1,1,0,0,1,0,1,0,0
201600021916,16,8,20,250,5,2,1,1,6,19,4839674,447508,290,4,2,2,0,1,0,0,0,1,0,1,0,0
201600021917,16,8,25,1405,1,2,1,1,4,19,4841611,447834,290,4,0,0,0,1,1,0,0,0,0,0,0,0
201600021918,16,9,9,1115,1,2,2,1,6,19,4839685,447583,290,4,2,0,3,0,0,0,0,0,0,1,0,0
201600021919,16,9,10,1051,1,2,1,3,5,19,4842404,450939,290,4,0,0,0,0,4,0,0,2,0,0,0,0
201600021920,16,9,9,2020,2,2,3,1,2,19,4839892,445958,290,4,2,2,0,2,1,0,0,1,0,1,0,0
201600021921,16,7,31,1115,1,2,2,1,3,19,4840348,447106,290,4,0,2,0,2,1,0,0,1,0,1,0,0
201600021922,16,9,17,24,5,2,1,1,6,19,4838428,450070,290,4,1,2,0,1,1,0,0,1,0,1,0,1
201600021923,16,8,8,2010,1,2,1,1,7,19,4840039,448896,290,4,0,0,0,2,0,0,0,0,0,1,0,0
201600021924,16,9,10,120,5,2,2,1,6,19,4838896,448400,290,4,3,0,0,1,1,0,0,1,0,1,99,0
201600021925,16,9,16,1815,1,2,1,1,2,19,4840068,448472,290,4,2,0,0,1,1,0,0,1,0,1,99,0
201600021926,16,9,14,1814,1,2,2,1,6,19,4841314,448661,290,4,2,0,0,2,1,0,0,1,0,1,0,0
201600021927,16,9,23,1000,1,2,3,1,6,19,4838537,452819,290,4,3,2,3,1,2,0,0,1,0,1,0,0
201600021928,16,9,6,1845,1,2,2,1,2,19,4838537,452816,290,4,0,2,0,0,0,0,0,0,0,1,0,0
201600021929,16,9,25,1340,1,2,6,1,2,19,4841533,447950,290,3,1,2,0,1,0,0,0,1,0,0,0,0
201600021930,16,10,4,1325,1,2,2,1,3,19,4838611,450305,290,4,2,2,0,3,1,0,0,1,0,1,0,0
201600021931,16,10,3,915,1,2,1,1,6,19,4838869,451709,290,4,2,2,0,1,1,0,0,1,0,1,99,0
201600021932,16,9,12,1945,1,2,2,1,6,19,4839355,448435,290,4,2,0,0,1,1,0,0,1,0,0,0,0
201600021933,16,10,5,1000,1,2,1,1,6,19,4839469,449283,290,4,0,0,0,1,1,0,0,1,0,0,0,0
201600021934,16,10,6,1835,1,2,2,1,6,19,4839969,448607,290,4,2,0,0,0,0,0,0,0,0,1,0,0
201600021935,16,10,7,845,1,2,1,1,4,19,4839988,449680,290,4,2,2,0,1,1,0,0,1,0,1,0,0
201600021936,16,10,3,1650,1,2,1,1,6,19,4840773,448857,290,4,2,2,0,1,1,0,0,1,0,1,3,0
201600021937,16,10,11,1710,1,2,1,1,4,19,4840109,448400,290,4,2,0,0,0,1,0,0,0,0,1,0,0
201600021938,16,10,12,1750,1,2,1,1,4,19,4840504,448463,290,9,2,2,0,0,1,0,0,1,0,1,0,0
201600021939,16,10,15,2104,5,2,3,1,3,19,4838518,449289,290,4,2,0,0,2,1,0,0,2,0,1,99,0
201600021940,16,10,19,1515,1,2,1,1,6,19,4839358,449239,290,4,2,3,0,1,1,0,0,1,0,1,0,0
201600021941,16,10,6,950,1,2,1,1,6,19,4840675,451226,290,4,1,0,0,1,1,0,0,1,0,1,0,0
201600021942,16,10,21,1255,1,2,3,1,1,19,4839122,450596,290,4,2,2,0,0,0,0,0,0,0,1,0,0
201600021943,16,10,20,715,1,2,1,1,6,19,4839424,447994,290,4,2,0,3,2,1,0,0,1,0,4,0,0
201600021944,16,9,29,1840,1,2,2,1,3,19,4839353,447273,290,4,2,1,0,2,1,0,0,1,0,1,0,0
201600021945,16,9,23,1045,1,2,1,1,6,19,4841740,446120,290,6,0,0,0,1,1,0,0,1,0,1,0,0
201600021946,16,11,2,1845,5,2,2,1,6,19,4838669,452829,290,4,0,0,3,1,1,0,0,1,5,1,0,0
201600021947,16,10,9,145,5,2,2,1,6,19,4839782,447290,290,4,2,2,0,1,1,0,0,1,0,1,0,0
201600021948,16,11,8,1815,5,2,1,2,6,19,4839352,448797,290,9,2,4,3,2,1,0,0,2,0,1,0,0
201600021949,16,11,5,1010,1,1,1,1,3,19,4840875,446806,290,3,0,2,0,0,0,0,0,2,5,0,0,0
201600021950,16,11,5,1800,4,2,6,1,3,19,4840027,446907,290,3,2,2,0,1,1,0,0,1,0,1,0,0
201600021951,16,11,16,1545,1,2,3,1,6,19,4840490,446372,290,4,2,0,0,1,1,0,0,1,0,1,99,0
201600021952,16,11,19,1100,1,1,1,1,1,19,4838294,451808,290,4,0,0,0,0,0,0,0,0,0,0,0,0
201600021953,16,11,28,1425,1,2,2,1,3,19,4841652,446288,290,4,2,0,0,2,1,0,0,1,0,1,99,0
201600021954,16,11,23,1825,5,2,1,2,6,19,4838801,446336,290,9,2,2,1,1,1,0,0,2,0,0,0,0
201600021955,16,11,9,720,5,2,2,1,6,19,4840105,448408,290,4,2,4,0,0,0,0,0,0,0,1,0,0
201600021956,16,11,25,1605,1,2,1,1,5,19,4838313,448729,290,4,2,2,0,3,1,0,0,1,0,1,0,0
201600021957,16,11,30,1525,1,2,1,1,3,19,4838109,453036,290,4,0,1,0,1,1,0,0,1,0,0,0,0
201600021958,16,1,19,1955,5,2,2,1,3,19,4838968,451281,290,4,1,2,0,0,1,0,0,1,0,1,0,0
201600021959,16,12,6,705,5,2,6,1,6,19,4838689,447085,290,3,2,2,0,1,3,0,0,0,5,1,99,0
201600021960,16,12,6,1715,1,2,2,1,1,19,4842760,446860,290,4,2,0,0,1,1,0,0,1,0,1,0,0
201600021961,16,11,9,745,2,2,1,2,6,19,4838270,451436,290,4,0,0,0,2,1,0,0,2,0,0,0,0
201600021962,16,12,7,1530,1,2,4,1,3,19,4839200,448751,290,4,2,3,0,1,1,0,0,1,0,1,0,0
201600021963,16,12,10,1850,5,2,1,1,1,19,4839788,447444,290,4,0,2,0,1,1,0,0,1,0,1,0,0
201600021964,16,12,9,1225,1,2,1,1,3,19,4839838,448928,290,4,2,0,3,0,0,0,0,0,0,1,0,0
201600021965,16,11,25,1510,1,2,6,1,3,19,4838963,449033,290,4,2,2,0,2,1,0,0,1,0,1,0,0
201600021966,16,12,14,905,1,2,2,1,3,19,4838834,451567,290,4,1,2,0,1,1,0,0,1,0,1,0,0
201600021967,16,12,18,645,5,2,6,1,3,19,4840046,449967,290,4,2,3,3,1,1,0,0,1,0,1,0,0
201600021968,16,12,16,1705,5,2,1,2,6,19,4837576,452862,290,9,2,2,0,2,1,0,0,2,0,1,3,0
201600021969,16,12,13,955,1,2,1,1,6,19,4838121,452980,290,4,2,2,0,1,1,0,0,1,0,1,0,0
201600021970,16,12,16,1840,5,2,2,1,3,19,4840610,446180,290,4,0,2,0,1,0,0,0,0,0,1,0,0
201600021971,16,12,15,740,5,1,1,2,6,19,4841639,448694,290,4,2,2,0,0,0,0,0,2,0,1,0,0
201600021972,16,12,19,1925,5,2,2,2,6,19,4838888,448413,290,4,2,0,0,2,1,0,0,2,0,0,99,0
201600021973,16,5,15,1130,1,1,1,1,6,238,4388088,36020,400,1,3,0,3,1,1,10,100,1,0,3,0,0
201600021974,16,1,2,1110,1,1,1,3,6,39,4792479,389698,290,2,1,1,0,2,3,0,38,2,3,1,99,0
201600021975,16,2,11,2100,3,1,6,1,6,39,4792638,389485,290,3,1,1,0,0,0,0,0,0,0,3,0,0
201600021976,16,2,14,1240,1,1,1,4,7,39,4794000,391995,290,2,0,0,0,1,1,0,0,2,0,0,0,0
201600021977,16,2,19,720,3,1,1,9,6,39,4787283,392073,290,3,2,2,0,2,3,0,64,7,0,1,0,0
201600021978,16,3,6,1635,1,2,1,1,6,39,4787097,391693,290,4,3,1,0,1,1,25,35,1,0,1,0,1
201600021979,16,3,9,620,3,1,1,1,6,39,4791678,392908,290,3,0,2,0,2,1,0,60,2,0,1,0,0
201600021980,16,3,9,1645,1,1,1,1,6,39,4791060,392032,290,3,2,2,2,1,1,125,100,1,0,5,0,0
201600021981,16,3,12,730,2,1,1,1,7,39,4790119,391054,290,3,2,2,0,1,1,78,78,1,0,3,99,0
201600021982,16,3,13,1650,1,2,1,1,5,39,4786154,388600,290,3,2,2,0,1,1,0,72,1,0,1,99,0
201600021983,16,3,19,2225,5,2,1,1,6,39,4788426,392844,290,4,2,2,0,2,1,0,0,1,6,1,3,0
201600021984,16,3,21,1845,1,1,1,1,1,39,4786320,389564,290,3,2,2,0,2,1,0,50,1,0,1,99,0
201600021985,16,4,1,1224,1,2,1,1,4,39,4787920,390454,290,3,0,2,0,1,1,0,103,1,2,1,0,0
201600021986,16,4,5,2110,3,2,6,1,6,39,4789414,391406,290,3,0,0,0,0,0,0,0,0,0,0,0,0
201600021987,16,4,7,2140,5,1,2,1,3,39,4787415,389833,290,3,2,3,0,2,1,0,110,1,5,1,99,0
201600021988,16,4,8,1414,1,2,1,1,7,39,4787320,391720,290,6,0,0,0,1,1,0,54,1,0,1,99,0
201600021989,16,4,21,1528,1,2,1,1,2,39,4789780,391009,290,4,2,2,1,2,1,74,64,1,0,1,99,0
201600021990,16,4,24,610,3,2,1,1,6,39,4785935,389504,290,4,2,2,0,1,1,0,56,1,0,3,99,0
201600021991,16,5,8,1155,1,2,1,1,3,39,4789171,391758,290,4,0,2,0,1,3,0,80,0,0,1,99,0
201600021992,16,5,11,5,3,1,1,1,7,39,4788117,388386,290,3,2,2,0,2,4,0,0,1,0,1,99,0
201600021993,16,5,13,725,1,2,1,1,3,39,4787469,390644,290,4,2,2,0,1,1,0,60,1,0,1,99,0
201600021994,16,5,13,1630,1,2,2,1,3,39,4788771,391592,290,4,2,3,0,1,0,0,102,1,0,1,0,0
201600021995,16,5,23,1000,1,2,1,1,7,39,4788932,392628,290,4,2,2,0,1,1,0,50,1,0,1,0,0
201600021996,16,5,27,1155,1,1,1,1,6,39,4787847,385402,290,3,2,2,0,1,1,0,56,1,0,3,0,0
201600021997,16,6,12,320,3,1,1,2,7,39,4787833,388888,290,3,2,2,0,2,2,0,0,2,0,3,0,0
201600021998,16,6,28,837,1,1,1,1,3,39,4792583,389388,290,4,2,2,0,1,3,0,57,1,0,1,99,0
201600021999,16,7,16,455,3,1,1,1,2,39,4788125,390969,290,3,2,2,0,2,1,132,81,1,0,1,99,1
201600022000,16,7,18,1005,1,1,1,1,4,39,4787314,389796,290,3,2,2,0,2,1,0,74,1,0,1,0,0
201600022001,16,7,18,1655,1,2,6,1,3,39,4788844,391877,290,4,4,2,1,1,1,0,69,1,0,1,0,0
201600022002,16,7,23,1530,1,2,1,1,5,39,4788970,391593,290,3,3,0,0,0,0,0,0,0,0,1,0,0
201600022003,16,8,8,1545,1,1,1,1,6,39,4789881,393986,290,4,0,2,0,2,3,0,58,1,0,1,99,0
201600022004,16,8,11,1702,1,2,9,1,6,39,4787453,392150,290,4,2,2,0,3,1,0,0,1,0,4,0,0
201600022005,16,8,12,1810,1,2,1,1,2,39,4787941,390497,290,3,2,2,0,1,1,0,50,1,2,1,99,0
201600022006,16,8,15,650,2,2,1,1,3,39,4790772,390744,290,6,0,0,0,0,0,0,0,0,0,0,99,0
201600022007,16,8,24,250,5,2,1,1,7,39,4787803,392506,290,4,3,2,0,1,1,22,31,1,0,1,3,0
201600022008,16,9,6,1220,1,1,1,1,7,39,4792147,390064,290,3,1,1,0,1,2,0,0,8,5,1,99,0
201600022009,16,9,8,1500,1,2,1,1,6,39,4787013,391634,290,4,3,1,0,1,1,25,110,1,0,1,0,0
201600022010,16,9,7,1833,1,2,6,1,7,39,4788574,391349,290,3,3,0,0,2,2,0,95,1,0,1,0,0
201600022011,16,9,19,1815,1,1,6,1,3,39,4788574,391349,290,3,1,1,0,1,2,220,100,1,0,1,99,0
201600022012,16,9,22,850,1,2,1,1,6,39,4788915,391775,290,4,3,2,0,1,1,13,77,1,0,1,99,0
201600022013,16,9,22,2010,2,1,1,1,2,39,4792225,388945,290,2,1,4,0,1,1,0,0,1,0,1,0,0
201600022014,16,9,29,1320,1,2,1,2,2,39,4789512,391361,290,3,3,2,0,1,0,0,0,2,0,1,99,0
201600022015,16,10,7,850,1,2,6,1,3,39,4788842,391874,290,4,1,1,1,3,1,68,54,1,0,1,99,0
201600022016,16,10,14,1900,1,2,1,1,2,39,4787331,390514,290,3,2,2,0,4,3,0,62,1,4,1,99,0
201600022017,16,10,16,550,5,2,1,2,6,39,4786240,389153,290,3,2,2,0,1,1,0,75,2,0,3,99,0
201600022018,16,10,18,1710,1,1,1,1,2,39,4790902,391909,290,3,2,2,0,1,1,0,60,1,0,1,99,0
201600022019,16,10,23,20,5,2,1,1,7,39,4786239,389130,290,3,3,2,0,2,0,0,0,1,0,1,99,0
201600022020,16,11,20,410,5,2,1,2,7,39,4788813,393501,290,4,2,2,0,1,1,0,0,2,0,3,0,0
201600022021,16,11,28,1800,5,2,1,1,1,39,4788138,391003,290,3,2,2,0,1,1,0,0,1,5,1,99,0
201600022022,16,11,28,1805,2,1,3,1,3,39,4789100,388549,290,4,0,2,0,1,1,52,52,1,0,1,99,0
201600022023,16,11,30,1920,5,2,1,1,6,39,4786931,389226,290,4,2,2,0,1,1,0,75,1,0,1,99,0
201600022024,16,12,2,735,3,1,2,8,1,39,4787416,389829,290,3,2,2,0,1,1,0,103,2,5,1,99,0
201600022025,16,12,2,1300,1,1,1,1,7,39,4793699,391258,290,2,0,2,0,1,1,0,70,1,0,1,99,0
201600022026,16,12,8,1200,1,2,1,8,6,39,4787492,391581,290,6,0,0,0,1,1,0,60,2,0,1,99,0
201600022027,16,12,13,1710,1,2,1,1,6,39,4786952,391637,290,4,2,2,1,2,3,0,66,1,0,1,99,0
201600022028,16,12,17,2157,3,1,1,1,6,39,4789721,394316,290,4,2,0,0,2,1,0,0,1,0,1,99,0
201600022029,16,12,26,1650,1,2,1,1,1,39,4789074,391740,290,4,2,2,0,1,3,0,0,1,0,1,0,0
201600022030,16,12,26,1200,1,2,6,1,3,39,4789460,391420,290,3,2,1,0,1,3,0,0,1,5,1,99,0
201600022031,16,12,30,1835,5,2,1,1,6,39,4788810,391845,290,4,2,2,0,1,0,0,90,1,5,1,99,0
201600022032,16,1,2,825,5,2,1,3,6,151,4857714,382632,290,4,1,2,0,1,1,0,0,2,0,4,99,0
201600022033,16,2,23,1500,1,1,1,1,7,254,4858963,384860,290,2,1,0,0,0,0,0,0,0,0,1,0,0
201600022034,16,3,12,1935,2,2,7,1,6,151,4857754,382703,290,4,1,2,0,0,0,0,0,0,0,1,0,0
201600022035,16,7,21,2002,1,1,1,1,3,254,4860098,384674,290,3,3,0,0,1,3,0,0,1,0,1,0,1
201600022036,16,7,30,1330,1,1,1,1,6,254,4858349,384565,290,4,2,2,0,2,1,0,0,1,0,1,99,1
201600022037,16,9,24,2035,5,2,1,1,6,151,4858156,382652,290,4,2,2,0,1,1,0,58,1,0,1,0,0
201600022038,16,11,10,850,1,1,1,2,4,254,4858205,386922,290,3,3,2,0,1,1,0,0,2,0,1,0,0
201600022039,16,1,18,1315,1,1,1,1,6,349,4802209,509358,520,1,3,2,0,1,1,15,120,1,0,1,0,0
201600022040,16,2,14,800,1,1,1,2,6,114,4805575,495935,520,1,3,0,0,1,2,14,105,8,3,1,0,0
201600022041,16,5,22,1830,1,1,1,3,7,14,4777230,520378,520,1,3,3,0,1,1,10,105,2,0,1,99,0
201600022042,16,6,29,730,1,1,1,1,2,27,4772220,519156,520,1,3,3,0,1,1,15,105,1,0,1,99,1
201600022043,16,7,6,1630,1,1,1,1,6,27,4770818,518769,520,1,3,3,0,1,1,0,35,1,0,1,0,0
201600022044,16,8,14,415,3,1,1,1,7,189,4770546,518735,520,1,3,0,0,0,0,0,0,0,0,2,99,0
201600022045,16,8,15,2315,3,1,1,1,5,59,4796747,548747,520,1,3,0,0,1,1,20,70,1,0,1,0,0
201600022046,16,9,8,745,1,1,1,1,1,432,4794759,533605,520,1,1,2,0,1,1,15,70,1,0,1,99,0
201600022048,16,10,8,1645,1,1,1,8,7,197,4778556,562171,520,2,2,2,0,1,1,0,0,1,0,3,99,0
201600022049,16,10,21,2300,3,1,1,1,1,519,4768524,518093,520,1,3,3,0,2,1,0,0,1,0,1,99,0
201600022052,16,8,25,745,1,1,6,1,6,690,4907710,669316,570,3,4,1,0,2,2,0,0,1,5,4,0,0
201600022053,16,6,16,2200,2,2,3,1,1,404,4956783,25438,760,4,2,2,0,2,1,0,50,1,0,1,99,0
201600022054,16,8,5,1945,1,2,1,1,3,404,4956522,25598,760,4,2,0,0,2,0,0,0,1,0,1,99,0
201600022055,16,5,18,1615,1,1,1,3,7,238,4955820,23923,760,3,3,4,0,1,1,0,52,2,0,1,99,0
201600022056,16,1,16,1445,1,1,1,1,6,256,4730612,204730,410,1,3,4,0,1,1,12,70,1,0,3,99,0
201600022057,16,2,20,1345,1,1,1,2,4,256,4727551,204283,410,1,3,4,0,1,1,15,105,2,0,1,99,0
201600022058,16,3,25,445,5,1,1,3,2,161,4758157,199535,410,1,3,4,0,1,1,8,68,2,0,1,0,1
201600022059,16,8,6,530,3,1,1,1,2,232,4739846,203715,410,1,3,4,0,1,1,11,74,1,0,1,99,0
201600022060,16,8,13,600,2,1,1,1,4,256,4727907,204295,410,1,3,4,0,1,0,15,110,1,0,2,99,0
201600022061,16,8,20,500,3,1,1,1,7,46,4766013,193159,410,1,3,4,0,1,2,15,110,1,0,3,99,0
201600022062,16,8,28,1515,1,1,1,1,6,161,4754500,200823,410,1,3,4,0,0,1,8,86,1,0,3,99,0
201600022063,16,12,25,1715,1,1,1,1,3,46,4766744,192446,410,1,3,2,0,1,0,0,0,9,0,1,0,0
201600022064,16,12,29,1300,1,1,1,1,7,46,4765575,193455,410,1,3,2,3,1,1,15,110,1,0,3,99,0
201600022065,16,1,5,820,2,2,2,2,6,232,4799040,410350,290,4,2,2,0,2,1,0,0,2,5,1,99,0