Num_Acc,an,mois,jour,hrmn,lum,agg,int,atm,col,com,lat,long,dep,catr,circ,nbv,vosp,prof,plan,lartpc,larrout,surf,infra,situ,env1,killed
201600022066,16,12,31,1900,3,1,3,1,3,51,4802425,398001,290,3,2,2,0,1,1,0,0,1,0,1,99,0
201600022067,16,12,2,920,1,1,1,9,7,232,4797850,404816,290,3,2,4,0,1,1,0,0,7,0,2,99,0
201600022068,16,1,11,1126,1,1,9,4,7,232,4797657,405457,290,4,2,2,0,0,0,0,0,2,0,3,0,0
201600022069,16,1,13,1645,1,2,1,2,2,232,4799644,407280,290,3,2,4,0,1,1,0,0,2,0,1,0,0
201600022070,16,1,14,1647,1,2,1,2,4,232,4797939,412251,290,3,4,2,0,1,2,100,60,2,0,1,99,0
201600022071,16,1,15,1915,5,2,1,1,6,51,4799870,405583,290,3,2,2,1,1,1,0,0,2,0,1,0,0
201600022072,16,1,16,1620,1,1,1,1,6,232,4796370,408796,290,4,2,2,0,0,2,0,0,0,0,1,0,0
201600022073,16,1,16,1815,5,2,1,1,2,232,4801388,408793,290,4,2,2,0,0,0,0,0,0,0,1,0,0
201600022074,16,1,21,1246,1,2,1,2,1,232,4801293,407500,290,4,2,2,0,2,3,0,0,2,0,1,0,0
201600022075,16,1,25,1944,2,2,1,1,6,232,4801402,408781,290,4,2,2,0,2,1,0,0,1,0,1,99,0
201600022076,16,1,26,2040,5,2,1,1,6,232,4799214,410819,290,4,2,2,0,1,1,0,0,2,2,1,0,0
201600022077,16,1,27,1707,1,2,4,1,6,232,4799263,410867,290,4,4,3,0,1,1,0,0,2,0,1,0,0
201600022078,16,12,24,1610,1,2,3,1,7,232,4800355,411619,290,4,0,2,0,1,1,0,0,1,0,0,99,0
201600022079,16,1,20,830,1,1,1,1,3,232,4801851,410738,290,3,3,4,0,2,0,0,0,1,0,1,99,0
201600022080,16,2,1,1335,1,2,1,1,6,232,4799558,412355,290,4,1,2,0,4,1,0,0,1,0,0,0,0
201600022081,16,2,1,1725,1,2,1,1,6,232,4799873,411620,290,3,2,2,0,4,1,0,0,2,0,3,99,0
201600022082,16,2,2,1305,1,2,3,1,3,232,4800560,411020,290,4,2,2,0,1,1,0,0,1,0,1,99,0
201600022083,16,2,3,1400,1,1,3,1,3,232,4798450,411280,290,3,3,3,1,1,1,0,0,1,5,1,0,0
201600022084,16,2,3,1505,1,1,1,1,1,51,4799360,404629,290,3,2,2,0,1,1,0,0,1,0,1,99,1
201600022085,16,2,4,750,1,2,3,1,3,232,4800229,409469,290,4,2,2,0,2,1,0,0,2,0,1,99,0
201600022086,16,1,24,1730,1,2,1,1,3,232,4799590,407549,290,4,2,2,0,1,4,0,80,1,0,1,99,0
201600022087,16,1,6,1725,5,2,4,3,3,232,4799391,409171,290,4,2,2,0,1,1,0,0,2,0,1,99,0
201600022088,16,2,5,1250,1,2,3,1,3,232,4799257,410863,290,4,2,2,0,1,2,0,0,1,0,1,0,0
201600022089,16,2,8,1215,1,2,1,1,2,232,4798161,409685,290,4,2,2,0,2,1,0,0,2,0,1,3,0
201600022090,16,2,9,837,1,2,1,3,6,232,4799320,410594,290,3,0,4,0,1,2,0,0,2,2,1,0,0
201600022091,16,2,9,2342,3,1,1,6,6,232,4798020,409940,290,3,1,2,0,1,2,0,0,2,0,1,0,0
201600022092,16,2,11,1145,1,2,1,1,3,232,4799513,410096,290,3,1,2,0,1,1,0,0,2,0,1,99,0
201600022093,16,1,29,1715,1,2,6,1,3,232,4797946,407483,290,4,2,0,0,4,1,0,0,1,0,1,99,0
201600022094,16,2,24,2224,3,1,6,2,6,232,4799940,414780,290,3,1,1,0,1,0,0,0,2,0,0,0,0
201600022095,16,3,1,1600,1,2,1,2,4,232,4798081,410208,290,3,3,4,0,1,1,0,0,2,0,1,0,0
201600022096,16,2,13,2100,3,2,1,2,7,232,4798167,410945,290,3,3,0,0,0,0,0,0,2,0,0,0,0
201600022097,16,3,4,2159,5,2,6,2,6,232,4798771,410934,290,4,1,1,0,1,3,0,0,2,0,3,0,0
201600022098,16,3,7,1613,1,2,1,1,7,232,4798819,412823,290,4,0,2,0,2,2,20,30,1,0,1,0,0
201600022099,16,3,14,725,1,2,1,1,6,232,4800434,411823,290,4,2,2,0,0,0,0,0,0,0,1,0,0
201600022100,16,3,16,1223,1,2,4,1,5,232,4799259,409036,290,4,2,2,0,1,1,0,30,1,0,1,0,0
201600022101,16,3,25,1440,1,1,3,1,6,232,4797328,411953,290,4,3,3,0,1,0,0,0,1,0,4,0,0
201600022102,16,3,25,1400,1,1,1,1,6,232,4801351,408770,290,6,0,0,0,1,1,0,0,1,0,0,0,0
201600022103,16,3,26,230,3,1,1,2,6,51,4800369,405750,290,4,2,2,0,4,2,0,60,2,0,3,0,0
201600022104,16,3,31,905,1,1,1,1,6,51,4801198,405311,290,4,0,2,0,4,2,0,0,1,0,3,0,0
201600022105,16,4,5,1140,1,2,6,1,6,232,4798350,410401,290,4,1,1,1,1,3,10,30,1,0,1,0,0
201600022106,16,4,5,1740,1,1,1,1,6,232,4803085,408236,290,3,2,3,0,0,0,0,0,1,5,1,0,0
201600022107,16,4,8,2010,2,1,1,1,6,232,4797850,404783,290,3,3,4,0,0,0,0,0,0,0,1,0,0
201600022108,16,4,14,35,5,2,1,1,6,232,4799778,410967,290,3,2,0,0,1,1,0,0,1,0,1,0,0
201600022109,16,4,14,1200,1,1,1,2,7,232,4800233,410953,290,3,3,4,0,0,0,0,0,2,0,2,0,0
201600022110,16,4,15,1645,1,1,3,1,3,232,4796346,408265,290,3,2,3,0,1,1,0,90,1,0,1,99,0
201600022111,16,4,21,450,3,1,1,1,7,232,4801843,410806,290,3,3,4,0,1,0,0,0,1,0,1,0,0
201600022112,16,4,22,1200,1,2,1,1,3,232,4800186,408509,290,4,0,2,0,1,1,0,0,0,0,1,0,0
201600022113,16,4,23,1545,1,2,1,1,4,232,4798753,410963,290,3,1,5,0,1,3,0,0,1,3,1,99,0
201600022114,16,4,19,1000,1,2,1,1,6,232,4801014,409597,290,3,2,2,0,0,0,0,0,1,0,4,0,0
201600022115,16,4,26,1315,1,2,9,1,6,232,4799480,410071,290,4,1,1,0,1,1,0,0,1,0,1,0,0
201600022116,16,4,26,1420,1,2,1,1,6,232,4797598,409338,290,3,0,1,0,2,1,0,0,1,0,1,99,0
201600022117,16,4,26,1350,1,1,9,1,7,232,4802737,407774,290,4,2,2,0,2,2,0,46,1,0,3,0,0
201600022118,16,5,1,434,3,1,1,1,7,51,4799047,398900,290,3,2,2,0,3,3,0,60,1,0,1,0,0
201600022119,16,5,4,1055,1,1,1,1,3,232,4803970,406844,290,3,2,2,0,2,1,0,0,1,0,1,99,0
201600022120,16,5,1,1020,1,2,1,1,2,232,4798293,411080,290,3,3,4,0,1,1,0,0,1,3,1,99,1
201600022121,16,4,23,1945,1,1,1,1,3,232,4797616,409382,290,6,0,0,0,1,0,0,0,1,0,1,0,0
201600022122,16,5,7,635,5,2,1,2,6,232,4800226,411408,290,4,3,2,0,1,2,0,0,1,5,1,99,0
201600022123,16,5,12,1255,1,2,3,1,3,51,4799922,405438,290,3,0,2,0,0,0,0,0,0,0,0,0,0
201600022124,16,5,14,1230,1,2,3,1,6,232,4797529,406732,290,3,2,2,0,1,1,0,0,1,0,1,0,0
201600022125,16,5,18,1655,1,1,1,1,6,232,4797891,412479,290,3,3,4,0,2,1,20,40,1,0,3,99,0
201600022126,16,5,19,1655,1,2,1,2,6,232,4799369,409044,290,3,0,2,0,1,0,0,0,2,0,1,0,0
201600022127,16,5,19,1805,1,2,3,2,4,232,4799401,410708,290,3,2,2,0,1,0,0,0,2,5,0,0,0
201600022128,16,5,20,825,1,1,1,2,6,232,4802180,408340,290,2,3,2,0,1,0,0,0,2,0,1,0,0
201600022129,16,5,21,1050,1,1,1,2,6,232,4798045,410082,290,3,3,4,0,2,2,0,0,2,0,0,0,0
201600022130,16,5,21,2245,3,1,1,2,6,232,4801623,407965,290,2,1,1,0,0,0,0,0,2,0,1,0,0
201600022131,16,5,26,750,1,2,3,1,3,232,4798800,409285,290,4,2,2,0,1,1,0,0,1,0,1,0,0
201600022132,16,5,28,630,1,1,1,1,7,232,4759025,406529,290,3,3,2,0,1,1,10,60,1,0,1,0,0
201600022133,16,5,30,1035,1,1,1,1,6,232,4801504,411992,290,3,3,2,0,1,3,0,0,1,0,1,0,0
201600022134,16,6,7,2155,1,2,2,1,3,232,4800015,411239,290,3,2,0,0,3,1,0,0,1,0,1,0,0
201600022135,16,9,5,2215,5,2,4,1,7,232,4799922,410538,290,4,2,2,0,3,1,0,0,1,0,1,0,0
201600022136,16,6,7,1200,1,2,1,1,7,232,4798084,410337,290,4,0,2,0,2,3,0,0,0,0,0,0,0
201600022137,16,6,10,1350,1,2,6,3,3,232,4799635,412131,290,4,2,2,0,1,1,0,0,2,0,1,99,0
201600022138,16,6,10,1645,1,2,1,1,3,232,4799371,409056,290,3,2,2,0,1,1,0,0,8,0,1,99,0
201600022139,16,6,8,1230,1,2,1,1,6,232,4799041,413280,290,4,0,2,0,0,0,0,0,0,0,0,0,0
201600022140,16,6,13,755,1,2,1,1,2,232,4800995,408157,290,3,0,1,0,1,1,0,60,1,0,1,99,0
201600022141,16,6,12,1024,1,2,4,2,3,232,4800507,410532,290,4,2,0,0,1,2,0,0,2,0,1,99,0
201600022142,16,6,16,1535,1,2,1,2,3,232,4798459,407399,290,3,1,1,0,2,1,0,0,2,2,3,99,0
201600022143,16,6,17,2108,1,2,1,1,3,232,4800339,409866,290,4,0,2,0,1,1,20,30,1,0,1,0,0
201600022144,16,6,10,1340,1,2,9,2,6,232,4799472,410333,290,3,0,2,0,1,0,0,0,2,0,1,0,1
201600022145,16,6,18,1855,1,1,1,1,6,232,4798915,406003,290,3,2,2,0,0,2,0,90,1,0,1,0,0
201600022146,16,6,19,1930,1,2,1,1,1,232,4799192,407690,290,3,2,2,0,1,1,0,0,1,0,1,99,0
201600022147,16,6,21,750,1,2,6,1,3,232,4799490,407313,290,3,0,3,0,2,1,0,0,2,5,1,99,0
201600022148,16,6,22,1035,1,2,1,1,6,232,4797725,410109,290,4,3,2,1,3,1,0,0,1,0,1,99,0
201600022149,16,6,16,1930,1,2,6,1,2,232,4758468,405424,290,4,2,0,0,2,3,0,140,1,0,1,3,0
201600022150,16,6,26,130,5,2,1,1,7,232,4798863,411101,290,3,2,4,0,2,2,0,70,1,0,1,0,0
201600022151,16,6,29,1850,1,1,1,2,4,232,4797799,402838,290,3,0,2,0,1,1,0,0,2,3,1,99,0
201600022152,16,7,2,2350,5,2,6,1,3,232,4797897,409431,290,3,1,1,0,1,2,0,100,1,5,1,99,0
201600022153,16,7,5,2105,1,1,1,1,7,232,4797886,409501,290,3,1,1,0,1,0,0,0,1,0,1,0,0
201600022154,16,7,3,1950,1,1,1,1,7,51,4801852,399916,290,3,2,2,0,1,1,0,0,1,0,3,0,0
201600022155,16,7,6,2220,2,1,1,1,6,232,4802959,405999,290,3,1,4,0,1,2,0,60,1,0,1,99,0
201600022156,16,7,11,2332,5,2,1,1,6,232,4799167,407637,290,3,2,2,0,1,2,0,0,1,0,1,0,0
201600022157,16,7,13,1102,1,2,1,1,7,232,4801527,408310,290,4,2,2,0,2,0,0,0,1,0,0,0,0
201600022158,16,6,19,1645,1,1,1,1,6,232,4797866,412821,290,3,3,2,0,2,1,0,0,1,0,3,0,0
201600022159,16,7,16,1440,1,2,1,1,7,232,4799362,410641,290,3,3,4,0,1,1,0,0,1,5,0,99,0
201600022160,16,7,16,1510,1,2,2,1,3,232,4800627,408940,290,4,2,2,0,1,1,0,0,1,5,1,99,0
201600022161,16,7,12,1630,1,2,1,1,6,232,4799444,409416,290,6,0,0,0,0,0,0,0,0,0,1,0,0
201600022162,16,7,9,2000,1,2,1,1,6,232,4800738,411885,290,3,2,2,0,1,1,0,0,1,0,1,99,0
201600022163,16,7,18,935,1,2,1,1,3,232,4799474,409551,290,3,0,2,0,0,0,0,0,0,0,0,0,0
201600022164,16,7,24,2030,1,1,1,1,6,232,4797672,401067,290,2,3,4,0,1,1,0,0,1,0,0,0,0
201600022165,16,6,18,1030,1,1,1,1,4,232,4797839,409408,290,3,2,4,0,1,1,0,0,1,0,1,0,0
201600022166,16,7,27,840,1,2,1,2,6,232,4799675,410011,290,4,1,3,0,1,1,0,0,2,0,0,0,0
201600022167,16,7,28,800,1,1,6,1,2,232,4797857,401467,290,3,3,2,0,1,1,0,0,1,0,0,99,0
201600022168,16,7,26,1800,1,2,3,1,3,232,4799604,413918,290,4,2,2,0,1,1,0,0,1,0,0,99,0
201600022169,16,7,23,605,1,2,2,1,1,232,4799488,409992,290,4,1,2,0,1,1,0,0,1,0,1,99,0
201600022170,16,7,24,1000,1,2,3,1,1,232,4799273,409159,290,4,2,2,0,1,1,0,0,1,0,1,99,0
201600022171,16,7,31,1920,1,2,1,1,2,232,4798346,404624,290,4,2,2,0,2,1,0,0,1,0,1,99,0
201600022172,16,8,8,1200,1,1,1,1,7,51,4800127,402127,290,3,2,2,0,2,1,0,0,1,0,1,0,0
201600022173,16,8,8,1728,1,1,6,1,3,51,4800160,404640,290,3,2,2,0,1,3,0,0,1,5,1,0,0
201600022174,16,8,12,1825,1,1,1,1,1,51,4801243,403710,290,4,2,2,0,2,3,0,0,1,0,1,0,0
201600022175,16,8,16,2348,3,1,1,1,7,232,4796308,406246,290,4,0,2,0,0,0,0,0,0,0,1,0,0
201600022176,16,8,18,915,1,2,1,8,6,232,4797630,413788,290,3,1,1,0,3,2,0,0,2,3,1,0,0
201600022177,16,8,20,1120,1,1,1,1,5,232,4800009,404000,290,3,3,4,0,2,1,0,0,1,0,1,0,0
201600022178,16,8,22,1805,1,2,3,1,3,232,4799488,409990,290,4,1,2,0,1,1,0,0,1,0,0,0,0
201600022179,16,8,12,145,5,1,1,1,7,232,4801368,409152,290,6,0,0,0,1,3,0,0,1,0,0,0,0
201600022180,16,8,24,1235,1,2,1,1,1,232,4801584,408194,290,6,0,0,0,1,1,0,0,1,0,1,99,0
201600022181,16,8,27,240,3,1,1,1,1,232,4801420,412010,290,3,3,4,0,1,1,0,0,1,0,1,0,0
201600022182,16,9,1,1050,1,2,1,1,6,232,4800330,409682,290,4,2,2,0,2,3,0,0,1,0,1,99,0
201600022183,16,9,1,645,2,1,1,1,7,232,4800566,406189,290,2,3,4,0,2,1,0,0,1,0,2,99,0
201600022184,16,9,7,520,3,1,1,1,7,232,4801161,411476,290,4,2,2,0,2,2,0,0,1,0,3,99,0
201600022185,16,9,4,1156,1,2,1,1,6,232,4798532,411250,290,3,3,4,0,0,0,0,0,0,0,0,0,0
201600022186,16,9,9,1615,1,1,1,1,1,232,4800223,411369,290,4,2,0,0,1,0,0,0,1,0,0,0,0
201600022187,16,9,9,900,1,2,1,1,3,232,4799600,409375,290,4,2,2,0,1,1,0,60,1,0,1,99,0
201600022188,16,9,10,1610,1,2,1,2,6,232,4801172,407862,290,3,0,2,0,1,0,0,0,2,0,0,0,0
201600022189,16,9,11,940,1,2,6,1,2,232,4801681,409563,290,3,4,1,0,1,2,0,0,1,5,1,0,0
201600022190,16,9,11,1820,1,2,1,1,3,51,4799330,403257,290,3,2,2,0,1,1,0,0,1,0,1,99,0
201600022191,16,9,29,1400,1,2,1,2,2,232,4799341,408837,290,3,2,1,0,1,1,0,0,2,0,1,99,0
201600022192,16,9,30,1215,1,2,1,1,2,232,4797643,408133,290,4,3,2,0,1,2,0,80,1,0,1,0,0
201600022193,16,10,1,125,3,2,1,1,7,232,4798250,407584,290,3,0,2,0,1,1,0,0,1,0,0,0,0
201600022194,16,10,2,1130,1,2,1,1,6,232,4798075,412620,290,9,2,2,3,2,1,0,0,1,0,1,99,0
201600022195,16,10,3,1650,1,1,1,1,6,232,4799426,411027,290,6,0,0,0,0,0,0,0,1,0,0,0,0
201600022196,16,10,4,1917,1,2,7,1,3,232,4797641,409656,290,4,0,0,0,2,0,0,0,1,0,0,0,0
201600022197,16,10,5,1350,1,2,1,1,2,232,4798841,409044,290,4,2,1,0,1,1,0,0,1,0,0,3,0
201600022198,16,10,7,1445,1,1,1,1,3,232,4802850,408739,290,3,2,2,0,1,1,0,100,1,0,1,99,0
201600022199,16,10,9,1730,1,1,1,1,6,232,4800850,412800,290,4,2,2,0,2,3,0,30,1,0,1,0,0
201600022200,16,10,12,1150,1,2,6,1,6,232,4800221,411404,290,3,1,1,0,1,1,0,0,1,0,1,99,0
201600022201,16,10,17,730,5,2,9,1,3,232,4797324,409668,290,4,2,2,0,1,1,0,0,2,5,1,3,0
201600022202,16,10,17,845,1,2,6,1,6,232,4800647,410772,290,4,3,0,0,0,0,0,0,0,0,1,0,0
201600022203,16,10,17,1500,1,2,1,1,4,232,4800127,410046,290,3,2,2,0,2,1,0,0,1,0,1,3,0
201600022204,16,10,18,1400,1,2,1,1,3,232,4800329,411552,290,3,2,2,0,1,1,0,0,1,0,0,99,0
201600022205,16,10,19,800,2,1,1,1,3,232,4801614,408003,290,2,3,2,0,1,2,0,0,1,0,1,99,0
201600022206,16,10,22,500,3,1,1,1,6,232,4798552,411252,290,3,3,4,0,0,0,0,0,0,0,1,0,0
201600022207,16,10,23,1845,1,1,1,1,6,232,4798400,411271,290,3,1,1,0,2,3,0,0,2,3,3,99,0
201600022208,16,10,24,125,5,1,4,1,7,232,4796637,406158,290,3,0,0,0,0,0,0,0,0,0,0,0,0
201600022209,16,10,25,2300,5,2,3,1,6,232,4799515,409781,290,4,0,0,0,1,0,0,0,1,2,0,0,0
201600022210,16,10,30,545,3,1,1,1,7,51,4800183,405271,290,2,3,2,0,3,2,10,60,1,3,2,0,0
201600022211,16,11,1,1740,1,2,1,1,6,51,4801897,402022,290,4,0,0,0,1,0,0,0,0,0,0,0,0
201600022212,16,11,6,1810,5,1,1,1,7,51,4800119,405265,290,2,3,1,0,1,1,0,0,1,3,1,99,0
201600022213,16,11,18,645,3,1,1,2,6,232,4797824,403418,290,3,3,2,0,2,1,0,0,2,0,0,99,0
201600022214,16,11,21,1945,5,2,1,2,3,232,4799909,410887,290,4,2,2,0,0,0,0,0,2,0,1,0,0
201600022215,16,11,25,50,3,1,1,9,6,232,4796330,405840,290,3,2,2,0,1,2,0,0,2,0,1,0,0
201600022216,16,11,29,1550,1,1,1,1,3,232,4797990,408790,290,3,3,2,0,2,1,0,0,1,0,1,99,0
201600022217,16,11,29,1920,5,2,3,1,1,232,4799743,411931,290,3,0,3,0,2,1,0,0,1,0,0,99,0
201600022218,16,10,28,900,1,1,1,1,7,232,4799846,412786,290,3,0,0,0,2,4,0,0,1,0,0,0,0
201600022219,16,11,30,1900,5,2,1,1,3,232,4800861,410638,290,4,2,2,0,2,1,0,0,1,0,1,99,0
201600022220,16,12,5,800,5,2,6,1,6,232,4797877,409462,290,3,0,2,0,0,0,0,0,0,0,0,0,0
201600022221,16,12,6,1257,1,2,1,2,6,232,4798195,410959,290,4,1,1,0,1,3,0,0,2,0,3,99,0
201600022222,16,11,13,240,5,2,1,2,6,232,4798995,411169,290,4,2,2,0,2,2,0,0,2,0,1,0,0
201600022223,16,11,25,1615,1,1,1,1,6,51,4798522,402170,290,2,0,0,0,1,3,0,0,1,0,0,99,0
201600022224,16,12,2,740,3,1,1,9,7,232,4803555,411611,290,3,2,2,0,2,2,0,0,7,0,1,99,0
201600022225,16,12,7,1310,1,1,6,1,7,232,4801774,411775,290,4,2,2,0,4,1,0,0,1,5,3,99,0
201600022226,16,12,10,840,2,2,1,1,6,232,4799516,409779,290,4,1,2,0,1,1,0,90,1,0,0,0,0
201600022227,16,12,9,825,2,1,1,8,2,232,4794055,407147,290,3,2,2,0,1,1,0,0,2,0,1,0,0
201600022228,16,12,17,1935,5,2,1,1,6,232,4799513,410067,290,4,1,2,0,1,1,0,0,1,0,0,0,0
201600022229,16,12,18,1850,5,2,1,1,3,232,4797944,409411,290,3,0,2,0,1,0,0,0,1,5,1,99,0
201600022230,16,12,18,1550,1,2,6,1,3,232,4799478,407325,290,4,1,2,0,1,2,0,0,1,0,1,99,0
201600022231,16,12,20,1350,1,2,1,2,2,232,4798433,411343,290,3,3,4,0,1,3,15,40,2,3,1,99,0
201600022232,16,12,2,655,3,1,1,9,6,232,4798141,407728,290,3,0,2,0,0,0,0,0,0,0,1,0,0
201600022233,16,12,13,1950,5,2,6,1,7,232,4800322,408418,290,3,4,1,0,1,2,0,0,1,5,1,99,0
201600022234,16,12,15,750,5,2,1,1,6,232,4799177,411885,290,4,2,2,0,1,1,0,0,1,0,1,3,0
201600022235,16,12,27,1615,1,2,1,1,2,232,4798635,407497,290,4,1,1,0,1,1,0,0,1,0,0,99,0
201600022237,16,9,24,1200,1,1,1,1,7,286,4919560,586764,540,1,3,2,0,1,1,1,7,1,0,3,0,0
201600022239,16,3,20,645,1,1,1,1,1,395,4922723,211797,600,3,2,2,0,0,2,0,74,1,0,1,99,0
201600022240,16,5,24,1915,1,2,1,1,7,395,4923350,213341,600,4,2,2,0,2,1,0,0,1,0,1,0,0
201600022241,16,7,6,1730,1,2,1,1,3,12,4925847,216392,600,4,2,2,0,0,0,0,0,0,0,0,0,0
201600022242,16,9,8,1545,1,2,1,1,1,395,4924486,212566,600,3,2,2,0,1,1,0,0,1,0,1,3,0
201600022243,16,10,5,2045,3,1,1,1,1,395,4921321,213877,600,3,2,0,0,1,0,0,60,1,0,1,99,1
201600022244,16,10,30,1445,1,1,1,1,1,88,4919370,218144,600,3,0,0,0,0,0,0,0,0,0,0,0,1
201600022245,16,11,14,1000,1,2,1,1,3,395,4921965,213894,600,4,2,0,0,1,2,16,74,1,5,1,99,0
201600022246,16,11,30,1500,1,2,1,7,1,395,4923414,212980,600,3,2,2,0,2,1,0,0,1,0,1,0,0
201600022247,16,12,18,1045,1,2,1,5,3,395,4922290,213743,600,4,0,0,0,0,0,0,0,0,0,0,0,0
201600022249,16,11,30,735,1,2,2,1,3,7,4413062,411324,300,3,2,2,0,1,1,0,80,1,0,1,0,0
201600022250,16,11,19,15,5,2,1,1,6,7,4412360,407779,300,4,1,1,0,1,1,0,38,1,0,1,0,0
201600022251,16,11,17,1115,1,2,2,1,3,243,4406104,409028,300,3,2,2,0,1,1,0,64,1,0,0,99,0
201600022252,16,12,10,1230,1,2,1,1,3,7,4410988,411174,300,3,2,2,0,1,1,0,93,1,0,1,99,0
201600022253,16,11,14,1200,1,2,1,1,2,7,4412604,407151,300,3,2,2,0,1,1,0,63,1,0,1,99,0
201600022254,16,12,7,1315,1,2,1,1,3,7,4411172,410827,300,3,2,2,0,1,1,0,140,1,0,1,99,0
201600022255,16,11,18,1210,1,2,1,1,6,7,4412137,407756,300,4,2,2,0,1,1,0,70,1,0,1,3,0
201600022256,16,12,6,1315,1,2,1,1,6,7,4414743,408530,300,6,2,2,0,1,1,0,55,1,0,1,0,0
201600022257,16,1,8,1020,1,2,1,1,6,7,4411597,411001,300,6,1,1,0,1,1,0,57,1,0,1,0,0
201600022258,16,12,23,900,1,2,6,1,3,7,4414586,410107,300,3,3,2,0,1,1,0,80,1,5,1,99,0
201600022259,16,1,8,1055,1,2,1,1,6,7,4412439,408499,300,4,2,2,0,1,1,0,54,1,0,1,0,0
201600022260,16,1,8,1215,1,2,1,1,6,7,4413997,409037,300,4,2,2,0,1,1,0,58,1,0,0,0,0
201600022261,16,1,15,940,1,2,1,1,6,7,4410733,409227,300,6,2,2,0,1,1,0,60,1,0,1,0,0
201600022262,16,12,31,255,5,2,1,1,6,7,4412133,408338,300,2,2,2,0,1,1,0,91,1,0,4,3,1
201600022263,16,1,15,2235,5,2,2,1,3,7,4413372,407833,300,2,2,2,0,1,1,0,56,1,0,1,99,0
201600022264,16,12,23,1645,1,2,1,1,1,7,4411345,409290,300,4,0,2,0,1,1,0,70,1,0,1,99,0
201600022265,16,1,19,1630,1,2,3,1,3,7,4412497,408830,300,4,0,2,0,1,1,0,0,1,0,1,0,0
201600022266,16,12,13,1850,2,2,6,1,3,7,4414585,410095,300,3,2,2,0,1,1,45,115,1,5,1,99,0
201600022267,16,1,29,1350,1,2,1,1,6,7,4412466,409040,300,4,1,1,0,1,1,0,57,1,0,1,3,0
201600022268,16,12,12,1540,1,2,1,1,6,7,4413593,409962,300,6,2,2,0,1,1,0,70,1,0,3,99,0
201600022270,16,2,4,1315,1,2,3,1,3,7,4414722,408622,300,4,2,2,0,1,3,0,58,1,5,1,99,0
201600022271,16,12,31,1630,1,2,2,1,3,243,4408123,407082,300,3,2,2,0,1,1,0,70,0,0,1,0,0
201600022272,16,2,15,450,5,2,1,1,6,7,4410301,407868,300,3,2,2,0,1,4,0,47,2,0,3,99,0
201600022274,16,2,16,1630,1,2,1,1,6,7,4414573,408713,300,4,2,2,0,1,1,0,79,1,0,1,99,0
201600022276,16,2,27,2050,5,2,1,1,6,7,4413001,407185,300,3,2,1,0,1,1,0,87,1,0,1,0,0
201600022277,16,12,22,1515,1,2,3,1,2,7,4413730,410545,300,4,2,2,0,1,1,0,59,1,0,1,99,0
201600022278,16,2,13,1700,1,2,1,1,6,7,4412384,408348,300,4,2,3,0,1,1,0,145,1,0,1,0,0
201600022279,16,12,29,2220,5,2,1,1,1,7,4413039,411530,300,3,2,2,0,2,2,0,90,1,0,1,99,0
201600022280,16,2,5,800,2,2,1,1,6,7,4412143,408713,300,2,2,2,0,1,1,0,77,1,0,1,3,0
201600022281,16,3,10,1000,1,2,1,1,6,7,4410302,407870,300,3,2,2,0,1,2,0,70,1,0,3,99,0
201600022282,16,3,4,2115,4,2,3,1,3,7,4411681,410959,300,4,2,2,0,1,1,0,60,1,0,1,3,0
201600022283,16,3,11,1050,1,2,1,1,3,7,4410858,408106,300,4,2,2,0,1,1,0,57,1,0,0,99,0
201600022284,16,12,17,1030,1,2,6,1,3,243,4408165,407777,300,3,1,2,0,1,1,93,70,1,5,1,99,0
201600022286,16,4,6,1600,1,2,1,1,3,7,4412147,408997,300,2,2,2,0,1,1,0,121,1,0,0,99,0
201600022287,16,4,1,1725,1,2,2,1,2,7,4412462,408563,300,4,2,2,0,1,1,0,73,2,0,1,0,0
201600022288,16,3,30,1410,1,2,1,1,6,7,4412738,408194,300,4,2,3,3,1,1,0,126,1,0,4,99,0
201600022289,16,4,30,535,5,2,1,1,6,7,4413637,408812,300,4,2,2,0,1,1,0,55,1,0,1,99,0
201600022290,16,4,2,1900,2,2,2,1,6,7,4412447,407566,300,4,2,2,0,1,1,0,75,2,0,0,3,0
201600022291,16,4,4,1640,1,2,1,1,3,7,4411021,410912,300,4,2,1,0,1,3,0,31,1,0,1,99,0
201600022292,16,4,15,1705,1,2,2,1,6,7,4412380,407924,300,4,1,1,0,1,1,0,50,1,0,1,99,0
201600022293,16,4,8,1110,1,2,1,1,5,7,4413050,410822,300,3,2,2,0,1,3,0,75,1,0,1,99,0
201600022294,16,6,4,1800,1,2,1,1,3,243,4407555,408014,300,3,2,2,0,1,1,0,65,1,0,1,99,0
201600022295,16,6,11,1540,1,2,3,1,1,7,4411191,408089,300,4,2,0,0,1,1,0,40,1,0,0,0,0
201600022296,16,5,5,1750,1,2,2,1,3,7,4413729,410489,300,3,2,3,0,1,1,28,143,1,0,1,99,0
201600022297,16,5,8,1930,1,2,2,1,3,7,4413374,407824,300,3,2,3,0,1,1,0,90,1,2,1,99,0
201600022298,16,6,17,1225,1,2,2,1,1,7,4413363,407829,300,2,2,2,0,1,1,0,0,1,0,1,3,0
201600022299,16,6,23,2100,1,2,1,1,1,7,4412276,407195,300,3,2,2,0,1,1,0,60,1,0,1,99,0
201600022300,16,6,19,2130,2,1,1,1,6,7,4414944,409804,300,3,2,2,0,4,2,0,125,1,0,3,99,0
201600022301,16,6,17,1335,1,2,1,1,2,243,4407918,407876,300,3,0,2,0,1,1,16,36,1,0,1,99,0
201600022302,16,6,22,1440,1,2,2,1,3,7,4411760,408997,300,4,2,2,0,1,3,0,0,1,0,1,99,0