Num_Acc,an,mois,jour,hrmn,lum,agg,int,atm,col,com,lat,long,dep,catr,circ,nbv,vosp,prof,plan,lartpc,larrout,surf,infra,situ,env1,killed
201600022303,16,6,23,900,1,1,1,1,3,7,4411386,410473,300,4,2,2,0,1,1,0,80,1,0,1,99,0
201600022304,16,6,25,1005,1,1,1,1,1,7,4411333,409917,300,2,2,2,0,1,2,0,0,1,0,1,99,0
201600022305,16,6,14,1630,1,2,1,1,6,7,4413764,408005,300,2,2,2,1,1,1,26,100,1,0,5,0,0
201600022306,16,6,30,1715,1,1,1,1,2,7,4411170,410520,300,3,0,2,0,1,1,0,0,1,0,1,99,0
201600022307,16,7,12,1310,1,1,1,2,4,7,4411188,410539,300,3,2,2,0,1,1,0,36,2,0,1,99,0
201600022308,16,7,4,1845,1,2,1,1,6,7,4412696,407555,300,4,1,2,0,1,1,0,0,1,0,1,3,0
201600022309,16,7,28,1825,1,2,3,1,3,7,4412613,409319,300,4,2,2,0,1,1,0,61,1,0,0,3,0
201600022310,16,7,30,510,5,2,2,1,6,7,4413432,407714,300,3,2,2,0,1,1,0,68,1,0,4,99,0
201600022311,16,7,31,1740,1,2,1,1,6,7,4412624,407158,300,3,2,2,0,1,1,0,60,1,0,3,0,0
201600022312,16,7,31,2030,1,2,1,1,6,7,4412480,407768,300,4,1,1,0,1,1,0,45,1,0,4,0,0
201600022313,16,8,11,2335,5,2,2,1,1,7,4413171,409849,300,4,0,2,0,1,1,0,42,1,0,1,3,0
201600022314,16,8,12,2045,2,2,1,1,3,7,4413796,410475,300,3,3,2,0,1,1,55,44,1,0,1,99,0
201600022315,16,8,1,1105,1,2,9,1,7,7,4413162,408122,300,4,2,2,0,1,1,0,60,1,0,1,0,0
201600022316,16,8,16,1830,1,2,6,1,2,7,4412134,409204,300,2,2,3,0,1,3,0,110,1,0,3,99,0
201600022317,16,9,13,915,1,2,1,1,3,7,4412867,410175,300,4,2,2,0,1,1,0,100,1,0,1,3,0
201600022318,16,9,7,835,1,2,3,1,3,7,4412714,407678,300,4,2,5,0,1,1,15,153,1,0,1,3,0
201600022319,16,9,2,1235,1,2,2,1,3,7,4411753,408183,300,4,2,2,0,1,1,9,67,1,0,1,99,0
201600022320,16,9,26,1200,1,2,2,1,6,7,4412508,409029,300,4,2,2,0,1,1,0,60,1,0,0,3,0
201600022321,16,9,20,1755,1,2,1,1,2,7,4412957,407981,300,4,2,2,0,2,1,0,103,1,0,1,99,0
201600022322,16,9,20,1830,1,2,1,1,6,7,4411993,408178,300,3,2,2,0,1,1,13,90,1,0,1,0,0
201600022323,16,9,24,1800,1,2,1,1,2,7,4410879,409814,300,4,2,2,0,1,3,0,95,1,0,1,99,0
201600022324,16,9,30,1435,1,2,1,1,3,7,4412020,410892,300,3,2,4,0,1,1,0,145,1,0,1,0,0
201600022325,16,9,16,1020,1,2,1,1,1,7,4411206,410555,300,3,2,3,0,1,1,0,105,2,0,1,0,0
201600022326,16,10,8,2245,5,2,1,1,3,243,4408573,407737,300,3,2,2,0,2,2,0,71,1,0,3,99,0
201600022327,16,10,12,1525,1,2,1,1,6,7,4412824,407977,300,5,0,1,0,2,1,0,40,1,0,0,0,0
201600022328,16,11,23,1715,2,2,1,1,6,7,4410543,408248,300,6,2,1,0,1,1,0,50,2,0,1,99,1
201600022329,16,10,19,820,1,2,1,1,6,7,4412740,407937,300,4,2,4,0,1,1,0,115,1,0,1,3,0
201600022330,16,10,18,1930,1,2,2,1,3,243,4408123,407087,300,3,2,2,0,1,1,0,100,1,0,0,3,0
201600022331,16,10,3,1710,1,2,1,7,6,7,4412528,409110,300,4,2,2,0,1,3,0,102,1,0,1,3,0
201600022332,16,11,14,1200,1,2,1,1,2,7,4414601,408230,300,4,2,2,0,1,1,0,120,1,0,3,3,0
201600022333,16,11,4,1815,4,2,1,2,6,7,4412506,409016,300,4,2,2,0,1,1,0,90,2,0,1,0,0
201600022334,16,11,11,1430,1,2,1,1,2,7,4412507,410745,300,3,2,3,0,1,1,0,117,1,0,1,99,0
201600022335,16,11,12,2315,5,2,6,1,1,7,4413139,409571,300,4,2,2,0,1,1,110,68,1,5,1,99,0
201600022336,16,1,5,1900,3,1,1,1,4,28,4418675,462222,300,2,2,1,0,3,1,0,72,1,0,1,99,0
201600022337,16,2,2,1025,1,2,1,1,6,28,4416457,462168,300,4,2,1,0,1,1,0,70,1,0,1,99,0
201600022338,16,2,9,1910,5,2,2,2,6,28,4416528,461933,300,4,2,2,0,1,3,0,0,2,0,0,3,0
201600022339,16,3,5,1700,1,2,6,1,3,28,4415819,463236,300,2,0,0,0,1,1,0,0,1,0,0,99,0
201600022340,16,2,21,705,2,2,1,1,6,28,4415667,461401,300,3,0,0,0,1,1,0,55,1,0,0,0,0
201600022341,16,4,1,1030,1,1,2,1,3,28,4413774,461293,300,3,2,2,0,1,1,0,0,1,0,1,99,0
201600022342,16,2,19,1700,1,2,1,1,6,28,4416891,461891,300,3,2,2,0,1,1,0,103,1,6,1,99,0
201600022343,16,5,20,1150,1,2,1,1,2,28,4417819,461433,300,3,2,2,0,1,1,0,64,1,0,1,0,0
201600022344,16,6,13,1540,1,2,9,1,1,28,4415573,461672,300,4,2,1,0,2,1,0,71,1,0,1,99,0
201600022345,16,6,25,1110,1,2,1,1,3,28,4416530,461932,300,4,2,1,0,2,1,0,73,1,5,1,99,0
201600022346,16,7,31,110,5,2,1,1,2,28,4415903,461584,300,3,2,2,0,1,1,0,63,1,0,1,0,0
201600022347,16,8,18,735,1,2,3,1,3,28,4415793,462353,300,3,2,1,0,1,1,0,70,1,5,1,99,0
201600022348,16,8,13,1700,1,2,1,1,2,28,4415544,463991,300,2,2,1,0,1,1,0,78,1,0,1,99,0
201600022351,16,9,4,2115,5,2,1,1,3,28,4416296,462578,300,2,2,2,0,1,1,0,125,1,0,1,99,0
201600022352,16,9,26,1033,1,2,3,1,6,28,4415972,461625,300,3,2,0,0,1,1,0,60,1,0,1,99,0
201600022353,16,9,30,1730,1,2,1,1,3,28,4414598,461505,300,3,2,0,0,1,1,0,67,1,0,1,99,1
201600022354,16,11,7,1435,1,2,6,1,6,28,4415355,461636,300,3,2,1,0,1,2,16,86,1,0,0,0,0
201600022355,16,12,27,1800,5,2,6,1,2,28,4415524,461315,300,3,1,1,0,1,1,0,47,1,5,1,99,0
201600022356,16,12,11,1545,1,2,1,1,4,28,4417176,462012,300,2,2,1,0,1,1,0,64,1,0,1,99,0
201600022357,16,12,21,1140,1,2,3,2,6,189,4384093,435263,300,4,2,2,0,1,1,0,0,2,0,1,0,0
201600022358,16,12,26,2340,5,2,9,1,6,189,4381642,439286,300,3,2,2,0,1,2,0,0,1,0,1,0,0
201600022360,16,1,7,1725,2,2,1,1,6,189,4382902,435294,300,4,1,3,0,1,1,0,90,1,0,1,0,0
201600022361,16,12,25,645,5,2,1,1,7,189,4384723,439602,300,4,0,1,0,0,0,0,0,0,0,0,0,0
201600022362,16,1,11,750,1,2,4,1,6,189,4382106,434731,300,4,1,1,0,1,1,0,46,2,0,0,0,0
201600022364,16,1,14,2230,5,2,2,1,3,189,4383446,435132,300,4,1,2,0,1,1,0,59,1,5,1,0,0
201600022365,16,1,13,2215,4,2,1,1,7,189,4387361,437889,300,3,2,2,0,1,0,36,68,1,0,1,0,0
201600022367,16,1,20,1815,5,2,3,1,1,189,4381514,436852,300,4,2,2,0,0,0,0,60,0,0,0,0,0
201600022368,16,1,24,1135,1,2,1,1,6,189,4382784,437398,300,4,2,2,0,1,1,0,86,1,0,1,99,0
201600022369,16,1,18,1210,1,2,1,1,6,189,4383740,435178,300,4,1,0,0,1,1,0,30,1,0,1,0,0
201600022370,16,1,31,1810,2,2,2,1,3,189,4381775,436047,300,3,2,2,3,1,1,0,65,1,5,1,0,0
201600022371,16,2,5,1020,1,2,3,1,6,189,4383719,438510,300,4,1,1,0,1,1,0,87,1,0,0,0,0
201600022372,16,2,9,735,1,2,1,1,7,189,4384973,434925,300,4,2,2,0,1,1,0,68,0,0,1,0,0
201600022373,16,2,13,1135,1,1,1,2,3,189,4386118,433224,300,3,2,2,0,1,1,0,75,0,0,1,0,0
201600022374,16,2,13,900,1,2,2,1,3,189,4381624,434873,300,4,2,2,0,1,0,0,62,2,0,1,0,0
201600022375,16,1,7,1650,1,2,1,1,2,189,4381068,432961,300,2,2,4,0,1,1,0,142,1,0,1,0,1
201600022376,16,2,12,1420,1,2,2,1,3,189,4381624,434873,300,4,3,4,0,1,2,0,0,1,5,1,0,0
201600022377,16,2,16,1745,1,2,1,1,1,189,4383039,432765,300,6,2,2,0,1,1,0,60,1,0,1,0,0
201600022378,16,2,24,2120,3,2,1,1,7,189,4381632,430273,300,3,2,2,0,1,1,0,80,1,0,1,0,0
201600022379,16,2,19,1100,1,2,1,1,6,189,4383177,434999,300,4,2,2,0,1,1,0,70,1,0,1,0,0
201600022380,16,2,26,1055,1,2,3,1,6,189,4385076,431412,300,4,2,2,0,2,2,0,66,1,0,1,0,0
201600022381,16,3,1,1755,1,2,2,1,6,189,4383208,435203,300,4,1,2,0,1,1,0,125,1,0,1,0,0
201600022382,16,2,27,2300,1,2,2,1,3,189,4382756,435580,300,4,2,2,0,1,1,0,110,0,0,1,0,0
201600022384,16,3,10,1520,1,1,3,1,3,189,4383912,437508,300,4,2,2,0,1,1,0,51,1,0,1,0,0
201600022385,16,3,14,1815,1,2,6,1,4,189,4382002,435813,300,4,0,2,0,1,1,0,0,0,0,0,0,0
201600022386,16,3,11,1635,1,2,1,1,2,189,4381633,434300,300,4,3,4,0,1,1,0,74,1,0,1,0,0
201600022388,16,2,24,2240,1,2,2,1,6,189,4383386,436000,300,4,0,0,0,0,0,0,0,0,0,0,0,0
201600022389,16,3,24,1120,1,2,1,1,6,189,4381999,434492,300,4,2,2,0,1,1,0,91,1,0,1,0,0
201600022391,16,3,23,1600,1,2,3,1,3,189,4381046,433660,300,4,2,2,0,1,1,0,109,1,0,0,0,0
201600022392,16,3,29,1748,1,2,1,1,3,189,4381700,434758,300,4,3,4,0,1,1,0,76,1,0,1,0,0
201600022393,16,2,5,2130,5,2,2,1,3,189,4382692,435358,300,4,3,0,0,1,1,0,70,1,0,1,0,0
201600022394,16,4,1,150,3,1,1,1,7,189,4388847,432601,300,3,2,2,0,1,3,0,40,1,0,1,0,0
201600022395,16,4,1,550,5,2,2,1,7,189,4381830,436622,300,4,3,2,0,1,1,35,80,1,0,1,0,0
201600022396,16,4,2,2300,5,2,3,3,3,189,4382364,435193,300,4,1,1,0,1,3,0,60,2,0,1,0,0
201600022397,16,4,10,1115,1,2,1,1,2,189,4382509,435409,300,4,1,2,0,1,1,260,64,1,0,1,0,0
201600022398,16,3,2,904,1,1,3,1,1,189,4384442,441963,300,4,2,2,0,1,2,0,65,1,0,1,99,0
201600022399,16,3,29,2120,5,2,1,1,6,189,4385209,439699,300,3,2,0,0,1,3,0,101,1,0,4,99,0
201600022401,16,2,14,1740,1,2,3,1,5,189,4385215,440048,300,4,2,2,0,1,1,0,135,1,0,0,0,0
201600022402,16,2,9,830,1,2,3,1,3,189,4382603,433479,300,4,2,2,0,1,3,0,69,0,0,1,0,0
201600022403,16,2,21,2115,5,2,2,1,6,189,4383735,436606,300,4,0,2,0,0,0,0,0,0,0,1,0,0
201600022404,16,4,4,1710,1,2,9,1,6,189,4382327,433563,300,4,1,1,0,0,0,0,0,0,0,1,0,0
201600022405,16,4,13,1515,1,1,3,1,2,189,4386783,440581,300,3,1,2,0,1,1,0,40,1,0,1,0,0
201600022406,16,4,14,1820,1,2,2,1,4,189,4383175,444070,300,3,2,2,0,1,1,0,99,1,0,1,0,0
201600022407,16,4,17,1410,1,2,6,1,3,189,4383076,432274,300,4,2,2,0,0,0,0,0,1,0,0,0,0
201600022408,16,4,19,1935,1,2,2,1,6,189,4382274,433954,300,4,1,1,0,2,1,0,41,1,0,1,0,0
201600022409,16,4,22,1430,1,1,1,1,7,189,4387406,431690,300,2,2,3,0,1,1,71,61,1,0,1,99,1
201600022411,16,3,16,2120,4,2,1,1,6,189,4384422,437047,300,4,2,0,0,0,0,0,0,0,0,1,0,0
201600022412,16,4,19,750,1,1,6,1,3,189,4383177,444072,300,3,4,4,0,1,2,0,0,1,0,1,99,0
201600022413,16,4,27,950,1,2,6,1,4,189,4383040,435200,300,4,1,2,0,1,2,0,103,1,0,1,0,0
201600022414,16,4,28,2040,1,1,1,1,3,189,4381001,432869,300,2,2,4,0,1,1,0,150,1,0,1,0,0
201600022415,16,4,19,1440,1,2,1,1,1,189,4383835,438760,300,4,2,10,0,0,0,0,0,0,0,1,0,0
201600022416,16,4,21,815,1,2,3,1,5,189,4384726,438964,300,3,2,2,0,1,1,0,0,1,0,0,0,0
201600022417,16,4,25,1620,1,2,1,1,6,189,4383147,435221,300,4,1,2,0,1,1,0,60,1,0,1,0,0
201600022418,16,5,6,1935,1,2,6,1,1,189,4382507,437074,300,4,3,4,0,1,1,0,140,1,0,1,0,1
201600022419,16,5,4,1235,1,2,1,1,6,189,4381506,434885,300,4,1,2,0,1,1,0,60,0,0,1,0,1
201600022420,16,5,17,915,1,2,3,1,3,189,4384002,431968,300,2,2,3,0,0,0,0,112,0,0,0,0,0
201600022421,16,4,26,1550,1,2,1,1,6,189,4383107,435697,300,4,2,2,0,1,1,0,0,1,0,1,0,0
201600022422,16,5,16,2000,1,2,3,1,3,189,4383759,438163,300,4,2,2,1,1,1,0,64,1,0,1,0,1
201600022423,16,4,29,2300,5,2,1,1,3,189,4381742,435881,300,4,2,2,0,1,1,0,76,1,0,1,0,0
201600022424,16,5,6,1840,1,2,6,1,3,189,4381623,434874,300,4,2,2,0,1,1,0,35,1,0,0,0,0
201600022425,16,4,26,2204,5,2,2,1,3,189,4382841,435484,300,4,2,2,3,1,1,0,60,1,0,1,0,0
201600022426,16,5,19,2035,1,2,1,1,2,189,4381883,433759,300,2,1,1,0,3,1,18,46,1,0,1,0,0
201600022427,16,5,20,1155,1,2,4,1,6,189,4383243,438023,300,4,0,0,0,0,0,0,0,0,0,0,0,0
201600022428,16,5,5,2050,2,2,2,1,1,189,4382571,437548,300,4,0,2,0,1,1,0,28,0,0,1,0,0
201600022429,16,4,30,40,5,2,2,1,7,189,4384087,437334,300,4,2,0,0,0,0,0,0,0,0,1,0,0
201600022430,16,5,15,415,5,2,2,1,3,189,4382840,435486,300,4,2,3,0,1,1,0,92,1,0,1,0,0
201600022431,16,5,4,1800,1,2,1,1,6,189,4383089,435506,300,4,1,1,0,1,1,0,44,1,0,1,0,0
201600022432,16,6,3,1430,1,2,2,1,6,189,4381183,436335,300,4,2,2,0,1,1,0,61,1,0,1,0,0
201600022433,16,6,11,2306,5,2,2,1,3,189,4382733,437476,300,3,2,2,0,0,0,0,0,0,0,1,0,0
201600022434,16,6,1,1320,1,2,1,1,2,189,4383722,436868,300,4,1,1,0,1,1,0,0,1,0,1,0,0
201600022435,16,6,8,1930,1,1,2,1,3,189,4382981,436188,300,4,3,4,0,1,1,0,136,1,0,1,0,0
201600022436,16,6,8,2015,2,2,3,1,3,189,4384903,437369,300,4,0,2,0,0,0,0,97,0,0,0,0,0
201600022437,16,6,13,1600,1,2,2,1,3,189,4384195,438784,300,4,2,2,0,0,0,0,0,1,0,0,0,0
201600022438,16,5,15,2324,5,2,1,1,7,189,4381664,433798,300,4,2,2,0,0,0,0,0,0,0,0,0,0
201600022439,16,6,15,950,1,2,2,1,6,189,4383203,435288,300,4,0,0,0,1,1,0,0,1,0,0,0,0
201600022440,16,6,6,1220,1,2,3,1,2,189,4383274,438442,300,4,3,4,0,1,1,0,59,1,0,1,0,0
201600022441,16,6,3,1855,1,2,3,1,2,189,4384849,428945,300,3,2,2,0,1,1,0,64,1,0,0,99,0
201600022442,16,6,19,740,1,2,1,1,3,189,4383279,435183,300,4,1,1,0,1,1,0,67,1,0,1,0,0
201600022443,16,6,14,1630,1,2,1,1,6,189,4381698,433952,300,2,1,2,0,1,1,0,68,1,0,1,0,0
201600022444,16,6,15,444,1,2,4,1,1,189,4384728,438972,300,3,0,2,0,0,0,0,0,0,0,0,0,0
201600022445,16,5,22,2056,2,1,1,3,3,189,4387969,431065,300,2,0,0,0,1,1,0,140,0,0,0,99,0
201600022446,16,6,2,1820,1,2,3,1,6,189,4383758,438161,300,4,2,2,0,1,1,0,52,1,0,0,0,0
201600022447,16,6,12,1700,1,2,3,1,1,189,4384087,437332,300,4,0,3,0,1,1,0,106,1,0,0,0,0
201600022448,16,6,29,1055,1,2,1,1,1,189,4387178,436294,300,4,2,2,0,2,3,0,40,1,0,0,0,0
201600022449,16,6,18,1150,1,2,2,1,2,189,4381116,433023,300,2,2,5,0,1,1,0,146,1,0,1,0,0
201600022450,16,6,15,715,1,2,6,1,2,189,4384162,439007,300,4,3,5,0,1,1,0,98,1,0,0,0,0
201600022451,16,6,16,2255,5,2,2,1,3,189,4383000,435056,300,4,2,2,0,0,0,0,91,0,0,1,0,0
201600022452,16,7,3,1610,1,1,2,1,7,189,4389202,441886,300,3,2,2,0,1,2,0,62,1,5,1,99,0
201600022453,16,6,27,1635,1,2,2,1,5,189,4382736,437475,300,3,3,4,0,1,1,10,0,1,5,1,0,0
201600022454,16,7,4,2320,5,2,2,1,1,189,4383720,434572,300,4,3,4,0,1,1,20,141,1,0,0,0,0
201600022455,16,7,14,1810,1,2,1,1,6,189,4383722,438843,300,4,2,3,0,1,1,0,0,1,0,0,0,0
201600022456,16,6,18,430,5,2,2,1,2,189,4383013,435902,300,4,0,0,0,0,0,0,0,0,0,1,0,0
201600022457,16,6,22,959,1,2,9,1,6,189,4380893,436186,300,4,1,1,0,1,1,0,0,1,0,1,99,0
201600022458,16,7,14,2200,1,2,2,1,3,189,4383024,435459,300,4,2,2,0,0,0,0,0,0,0,0,0,0
201600022459,16,7,18,2310,5,2,3,1,1,189,4383690,436542,300,4,2,2,0,1,1,0,69,1,0,1,0,0
201600022460,16,6,22,310,5,2,2,1,2,189,4382123,433893,300,4,2,2,0,1,1,0,94,1,0,1,0,0
201600022461,16,7,26,215,5,2,2,1,3,189,4383764,436703,300,4,2,2,0,1,1,0,78,1,0,1,0,0
201600022462,16,7,2,2100,1,2,2,1,3,189,4384174,436042,300,4,1,1,0,1,1,0,36,1,0,1,0,0
201600022463,16,7,5,2300,3,1,3,1,3,189,4387170,432012,300,2,3,3,0,1,1,0,140,1,0,1,0,0
201600022464,16,7,22,510,1,2,1,1,6,189,4382414,435394,300,4,0,2,0,1,1,0,41,1,0,1,0,0
201600022465,16,7,28,455,3,1,3,1,6,189,4387196,431989,300,2,3,2,0,1,1,20,42,1,5,1,0,0
201600022466,16,7,29,1415,1,2,2,1,6,189,4384725,438962,300,4,0,2,0,0,0,0,58,1,0,0,0,0
201600022467,16,8,1,1000,1,2,1,1,6,189,4383978,436284,300,4,1,1,0,0,0,0,0,1,0,0,0,1
201600022469,16,8,1,930,1,1,1,1,3,189,4381665,430228,300,3,2,2,0,1,2,0,80,1,0,1,0,0
201600022470,16,8,4,1635,1,2,1,1,5,189,4382278,435516,300,4,1,1,1,1,1,0,42,1,0,1,0,0
201600022471,16,8,10,2305,5,2,1,1,7,189,4385937,440086,300,4,0,1,0,0,1,0,70,1,0,1,0,0
201600022473,16,7,29,1943,1,2,1,1,3,189,4381812,435275,300,3,2,2,0,1,0,10,120,1,5,1,99,0
201600022474,16,8,5,1537,1,2,6,1,3,189,4381537,431353,300,3,2,4,0,1,1,23,77,1,0,1,99,0
201600022475,16,8,6,200,5,2,2,1,3,189,4382735,437475,300,4,2,4,0,1,1,0,70,1,5,1,0,0
201600022476,16,8,20,450,5,2,2,1,3,189,4382671,435680,300,4,3,4,0,1,1,10,104,1,0,1,0,0
201600022477,16,8,31,925,1,2,2,1,2,189,4383317,442629,300,3,2,2,0,1,1,0,0,1,0,1,0,0
201600022478,16,9,5,735,1,2,1,1,3,189,4381141,432997,300,4,2,4,0,1,1,0,70,1,0,1,0,0
201600022479,16,8,20,1605,1,1,5,1,6,189,4381623,434874,300,4,1,2,0,1,1,0,63,1,0,1,0,0
201600022480,16,8,26,1840,1,1,1,1,7,189,4384910,439349,300,3,2,2,0,1,3,0,76,1,0,1,0,0
201600022481,16,9,5,815,1,2,1,1,6,189,4382167,433793,300,4,2,2,0,1,1,0,91,1,0,1,0,0
201600022482,16,8,12,855,1,2,2,1,3,189,4384724,438962,300,4,2,3,0,1,1,0,91,1,0,1,0,0
201600022483,16,9,17,2040,5,1,6,1,6,189,4383136,438722,300,4,3,4,0,1,2,0,0,1,0,1,0,0
201600022484,16,9,16,325,3,2,3,1,7,189,4384935,437385,300,3,2,2,0,1,1,0,60,0,0,0,0,0
201600022485,16,9,1,1020,1,2,6,1,3,189,4380768,436548,300,4,2,2,0,1,1,0,100,1,0,0,0,0
201600022486,16,9,21,1610,1,2,1,1,1,189,4384854,431797,300,2,2,2,0,1,1,0,84,1,0,1,0,0
201600022487,16,8,23,2330,5,2,6,1,3,189,4382503,436198,300,4,2,2,0,1,1,0,60,0,0,0,0,0
201600022488,16,8,29,1645,1,1,3,1,1,189,4378856,435187,300,3,2,3,0,1,1,0,128,0,0,1,0,0
201600022489,16,9,26,1130,1,2,2,1,3,189,4383211,435158,300,4,1,3,3,1,1,0,90,1,0,0,0,0
201600022490,16,9,17,155,5,2,2,1,3,189,4383780,434521,300,4,3,4,0,1,1,10,120,1,0,1,0,0
201600022492,16,8,21,240,5,2,3,1,3,189,4383077,432273,300,2,2,4,0,2,1,0,0,1,5,1,99,0
201600022493,16,9,28,905,1,2,1,1,6,189,4383395,434840,300,4,2,4,0,1,1,14,116,1,0,1,0,0
201600022494,16,8,18,1950,2,2,1,1,1,189,4383718,436591,300,4,1,1,0,1,1,0,0,1,0,1,99,0
201600022495,16,10,4,830,1,2,2,1,3,189,4382305,435489,300,4,1,0,0,1,1,0,42,1,0,0,0,0
201600022496,16,9,28,2040,5,2,2,1,3,189,4382737,437481,300,3,3,2,0,1,1,0,0,1,5,1,0,0
201600022497,16,10,4,1727,1,2,1,7,6,189,4382385,436654,300,4,2,2,0,1,1,0,74,1,0,1,99,0
201600022498,16,10,15,1745,1,2,3,1,7,189,4381923,435244,300,4,2,2,0,1,1,0,60,1,0,0,0,0
201600022499,16,9,20,850,1,2,1,7,6,189,4384158,438604,300,4,2,2,0,1,1,0,65,1,0,1,0,0
201600022500,16,10,8,1025,1,2,1,1,6,189,4383065,436929,300,4,0,2,0,1,1,0,56,1,0,1,0,0
201600022501,16,10,9,620,5,2,1,1,6,189,4383188,434511,300,4,3,2,0,2,3,18,67,1,0,1,99,0
201600022502,16,10,7,1140,1,2,1,1,2,189,4381970,433651,300,2,2,6,3,1,1,10,240,0,0,1,0,0
201600022503,16,10,21,1250,1,2,3,1,3,189,4382760,435290,300,4,3,4,0,1,1,0,61,1,0,1,99,0
201600022504,16,10,27,723,5,2,1,1,4,189,4383686,433896,300,3,2,2,0,2,1,0,60,1,0,1,0,0
201600022505,16,10,27,1205,1,2,1,1,6,189,4381918,434710,300,4,2,2,0,1,1,0,73,0,0,1,0,0
201600022506,16,10,29,1555,1,2,1,1,6,189,4382519,435222,300,3,2,2,0,0,0,0,71,0,0,1,0,0
201600022507,16,9,11,2245,5,2,3,1,4,189,4382351,432788,300,2,2,2,0,1,1,0,0,1,0,0,0,0
201600022508,16,9,1,920,1,2,3,1,3,189,4382059,435226,300,3,2,2,0,1,1,0,730,1,0,0,0,0
201600022509,16,11,6,1905,5,2,4,1,3,189,4383082,432306,300,2,3,2,0,1,1,0,80,1,5,1,0,0
201600022510,16,10,18,1700,1,1,2,7,6,189,4383846,437235,300,4,1,2,0,1,1,0,49,1,0,1,99,0
201600022511,16,11,8,950,1,2,3,1,3,189,4383023,435192,300,4,1,1,1,1,1,0,30,1,0,0,0,0
201600022512,16,11,21,1535,1,1,3,3,7,189,4387008,432273,300,2,2,2,0,1,2,0,60,2,0,1,0,0
201600022513,16,11,26,835,1,2,1,1,6,189,4382901,437208,300,4,2,2,0,1,1,0,123,1,0,1,99,0
201600022514,16,11,28,740,2,2,6,1,3,189,4382003,435806,300,3,2,2,1,1,1,0,45,1,0,1,0,0
201600022515,16,10,22,2045,5,1,2,1,2,189,4383693,437100,300,4,0,4,0,1,1,17,220,2,0,1,0,0
201600022516,16,10,21,255,3,2,1,1,1,189,4380171,434001,300,3,2,2,0,0,0,0,0,0,0,1,0,0
201600022517,16,10,4,1150,1,2,1,1,6,189,4383399,436201,300,4,1,1,0,1,2,0,30,1,0,0,0,0
201600022518,16,12,3,2102,5,2,1,2,2,189,4380449,437297,300,3,2,2,0,1,1,0,67,2,0,1,0,0
201600022519,16,12,25,2207,5,2,1,1,6,189,4382596,435909,300,4,2,2,0,1,1,0,69,1,0,1,0,0
201600022520,16,11,7,1420,1,2,2,1,3,189,4381831,436618,300,4,3,4,0,1,1,0,0,1,0,0,0,0
201600022521,16,10,17,1237,1,1,2,1,5,189,4381623,434874,300,4,0,2,0,0,0,0,0,0,0,0,0,0
201600022522,16,10,4,2011,5,2,3,1,3,189,4383221,436077,300,4,0,1,0,0,0,0,0,0,0,1,0,0
201600022523,16,11,29,2,5,2,2,1,3,189,4383331,435125,300,4,1,2,0,1,1,0,60,0,0,1,0,0
201600022524,16,12,17,1617,1,2,1,1,6,189,4381780,434747,300,4,1,2,0,1,1,30,78,1,5,1,99,0
201600022525,16,12,16,2245,3,1,1,1,1,189,4376891,440533,300,3,2,2,0,1,1,0,70,1,0,1,0,0
201600022526,16,12,10,1940,5,2,3,1,3,189,4383676,433406,300,3,2,2,0,1,1,0,78,1,0,1,0,0
201600022527,16,11,22,1201,1,2,3,1,3,189,4384032,435778,300,4,0,0,0,0,0,0,0,0,0,0,0,0
201600022528,16,11,30,1705,1,2,5,1,1,189,4383694,437099,300,4,1,1,0,1,1,0,31,1,0,0,0,0
201600022529,16,11,5,2125,5,2,2,1,1,189,4383035,435639,300,4,2,2,0,1,1,0,62,1,0,1,0,0
201600022530,16,12,18,640,5,1,1,1,7,189,4383069,432909,300,4,2,2,0,0,0,0,0,0,0,3,0,1
201600022531,16,11,13,125,5,2,2,1,3,189,4383648,435301,300,4,1,1,0,0,0,0,0,0,0,1,0,0
201600022532,16,11,27,725,1,1,6,1,7,189,4384387,430877,300,3,2,2,0,1,3,0,0,1,0,3,0,0
201600022533,16,12,9,2225,5,2,1,1,3,189,4381455,435833,300,6,2,2,0,1,1,0,13,1,0,1,0,0
201600022534,16,12,23,955,1,1,2,1,3,189,4380525,433644,300,3,2,2,0,1,1,0,82,1,0,1,0,0
201600022535,16,12,28,1200,1,1,4,1,1,189,4384365,439272,300,4,1,1,0,0,0,0,30,0,0,0,0,0
201600022536,16,12,16,1540,1,2,1,1,1,189,4384344,439211,300,4,2,4,0,0,0,0,0,0,0,1,0,0
201600022537,16,1,11,830,1,1,1,8,6,1,4600900,321200,630,3,2,0,0,0,1,0,50,2,0,3,0,0
201600022538,16,2,27,1900,5,1,1,8,3,35,4597400,310400,630,3,2,0,0,2,1,0,0,1,0,1,99,0
201600022539,16,3,26,1245,1,1,2,1,3,181,4602700,310300,630,3,2,0,0,2,1,0,53,1,0,1,0,0
201600022540,16,5,4,1030,1,1,1,1,7,13,4598700,318300,630,3,2,2,0,1,1,0,70,1,0,1,99,0
201600022543,16,11,11,1800,2,1,1,1,7,408,4598810,282820,630,4,1,1,0,3,1,0,26,6,0,1,0,0
201600022544,16,6,4,2045,1,1,1,1,6,163,4573850,278787,630,3,2,2,0,1,1,0,0,1,0,1,0,0
201600022546,16,7,17,1245,1,1,1,1,6,225,4562268,256327,630,4,2,2,0,0,3,0,48,1,0,3,0,0