Num_Acc,an,mois,jour,hrmn,lum,agg,int,atm,col,com,lat,long,dep,catr,circ,nbv,vosp,prof,plan,lartpc,larrout,surf,infra,situ,env1,killed
201600022547,16,9,21,1315,1,1,1,1,6,451,4567100,287300,630,3,2,2,0,0,2,0,70,1,0,3,0,0
201600022548,16,9,26,1945,3,2,1,1,6,248,4572800,288200,630,3,2,0,0,0,2,0,70,1,0,0,0,0
201600022551,16,5,26,1800,1,1,1,1,1,245,4617201,180939,230,3,2,0,0,1,1,0,0,1,0,1,0,0
201600022552,16,7,30,1545,1,1,1,1,4,245,4616812,184703,230,3,2,2,0,1,1,0,0,1,0,1,0,0
201600022553,16,9,10,615,2,2,1,1,6,247,4620473,176268,230,3,2,2,0,2,3,0,68,1,0,3,0,0
201600022554,16,11,4,1730,3,1,1,2,1,262,4617302,208070,230,4,2,2,0,1,0,4,20,1,0,0,0,0
201600022555,16,12,9,1530,1,1,1,1,7,245,4617076,183684,230,3,2,2,0,2,1,0,0,2,0,1,99,0
201600022556,16,12,1,1420,1,1,1,9,6,1,4606853,202911,230,3,3,2,0,1,2,0,70,7,0,3,99,0
201600022557,16,6,9,1300,1,1,1,1,7,245,4618597,184104,230,4,2,0,0,1,3,50,0,1,0,3,0,0
201600022558,16,7,16,1700,1,1,1,1,1,247,4620603,171503,230,4,2,0,0,2,0,0,35,1,0,1,0,0
201600022559,16,7,17,1230,1,1,1,1,6,2,4619130,194263,230,3,2,2,0,2,1,0,68,1,0,3,0,0
201600022560,16,1,7,1815,3,1,1,2,6,85,4451406,470765,260,3,2,1,0,1,0,0,59,2,0,3,0,1
201600022564,16,3,17,1415,1,1,1,1,5,339,4458773,478940,260,4,2,2,0,2,2,0,0,1,0,1,99,0
201600022576,16,7,6,1715,1,1,1,1,1,324,4433239,472845,260,4,2,0,0,1,0,0,0,1,0,1,0,0
201600022580,16,8,27,200,3,1,1,1,6,33,4433682,486981,260,4,2,2,0,1,1,0,30,1,0,3,0,0
201600022584,16,9,22,2030,3,1,1,1,6,342,4434453,480932,260,4,2,2,0,1,3,0,30,1,0,3,99,0
201600022594,16,11,27,1535,1,2,1,1,6,198,4456433,475375,260,4,2,2,0,2,1,0,60,1,0,1,99,0
201600022595,16,4,12,1830,1,1,1,1,6,135,4418969,480103,840,3,2,2,0,1,1,0,54,1,0,3,0,1
201600022597,16,1,1,700,3,1,1,1,6,85,4839367,175341,350,3,2,0,0,0,0,0,0,0,0,0,99,0
201600022598,16,1,15,1530,1,1,1,1,1,225,4843473,193412,350,3,3,0,0,0,1,0,0,1,0,1,0,0
201600022599,16,2,6,200,4,2,1,1,6,337,4832380,183035,350,3,2,0,0,0,1,0,97,1,0,1,0,0
201600022600,16,3,5,2000,3,1,1,1,6,147,4846562,183446,350,3,3,0,0,4,1,0,59,1,0,3,0,0
201600022601,16,3,13,1815,1,1,1,1,7,85,4839691,173838,350,3,2,2,0,1,2,0,45,1,0,3,99,0
201600022602,16,4,1,1,3,1,1,5,7,29,4846972,173782,350,3,2,2,0,0,1,0,65,1,0,1,0,0
201600022603,16,4,28,2100,2,1,3,1,6,85,4840046,175287,350,3,2,2,0,1,2,0,0,1,5,1,99,0
201600022604,16,6,5,2200,2,1,1,1,6,92,4844932,162703,350,3,2,2,0,1,2,0,40,9,0,3,99,0
201600022605,16,6,18,1545,1,1,1,1,7,156,4830442,194315,350,3,2,2,0,2,4,0,60,1,0,1,99,0
201600022606,16,6,21,1500,1,1,2,1,3,226,4840667,190722,350,3,1,1,0,1,3,0,0,1,5,1,99,0
201600022607,16,10,6,315,3,1,1,1,7,337,4833261,188336,350,4,2,2,0,1,1,0,50,1,0,3,99,0
201600022608,16,10,9,2000,3,1,1,1,7,225,4843308,191901,350,3,3,4,0,1,0,0,0,1,0,1,99,0
201600022609,16,10,15,2050,3,1,1,1,2,85,4843269,179287,350,3,2,2,0,1,1,0,60,2,0,1,99,0
201600022610,16,12,16,1840,3,1,1,1,7,92,4845174,167236,350,3,2,2,0,1,1,0,60,1,0,3,99,1
201600022611,16,3,2,1430,1,1,2,1,3,256,4891088,124030,270,3,2,0,0,1,0,0,0,1,7,1,0,1
201600022612,16,5,25,1845,1,2,1,1,1,278,4890815,143540,270,3,2,2,0,2,1,0,48,1,0,1,99,0
201600022613,16,10,6,930,1,2,1,1,1,507,4890689,126960,270,3,2,0,0,1,1,0,62,1,0,1,99,0
201600022614,16,11,22,1230,1,1,1,1,7,306,4897582,119371,270,4,3,0,0,0,2,0,40,1,0,3,0,0
201600022615,16,4,5,645,2,2,1,2,1,57,5089963,206618,620,3,2,0,0,1,3,0,0,2,0,1,99,0
201600022616,16,4,9,1415,1,2,1,1,1,645,5097394,203904,620,4,2,1,0,1,0,0,32,1,0,1,99,0
201600022619,16,10,5,745,2,2,1,7,2,86,4347467,655269,830,4,0,0,0,1,1,0,54,1,0,1,0,0
201600022621,16,12,24,1230,1,2,9,1,6,86,4347328,657083,830,6,0,0,0,1,0,0,0,1,0,0,99,1
201600022622,16,1,1,230,3,1,1,1,6,553,4874800,633000,540,3,0,0,0,0,2,0,0,1,0,3,99,0
201600022623,16,2,5,1200,1,1,1,8,1,336,4896300,609700,540,3,2,2,0,1,3,0,74,2,0,1,99,1
201600022624,16,5,8,1430,1,1,1,7,7,241,4865800,609500,540,3,2,2,0,0,2,0,0,1,0,3,99,0
201600022625,16,5,26,1515,1,1,1,1,6,164,4841900,602300,540,4,2,2,0,2,1,0,60,1,0,3,0,0
201600022626,16,6,1,1900,1,2,1,1,6,204,4839600,607700,540,3,2,2,0,1,2,0,60,1,0,1,99,0
201600022627,16,9,18,1315,1,1,1,1,1,107,4486491,659909,50,2,2,2,0,1,2,0,77,1,0,1,99,0
201600022628,16,1,28,645,3,1,1,2,1,120,4873900,510752,550,3,2,2,0,1,2,0,70,2,0,1,99,0
201600022632,16,1,5,1030,1,1,1,1,6,483,4311138,74091,310,3,0,2,0,1,1,0,0,0,0,0,0,0
201600022633,16,1,20,1430,1,2,1,1,1,483,4311332,71231,310,3,0,2,0,1,1,0,0,1,0,1,99,0
201600022634,16,2,9,750,5,2,1,1,6,483,4310558,72257,310,4,1,1,0,2,0,0,0,0,0,0,3,0
201600022635,16,2,12,1210,1,2,1,3,6,483,4310631,72514,310,4,2,2,0,1,3,0,0,2,0,1,99,0
201600022636,16,2,25,1020,1,2,6,1,6,565,4309578,70166,310,3,2,2,0,0,0,0,0,0,0,0,0,0
201600022637,16,4,6,1141,1,2,1,1,7,483,4310644,72340,310,3,1,2,0,2,1,0,60,1,0,4,0,0
201600022638,16,4,22,1805,1,1,1,1,3,483,4314127,73569,310,3,2,2,0,2,1,0,0,1,0,1,99,0
201600022639,16,4,29,1535,1,2,1,1,6,483,4311228,74589,310,3,2,2,0,1,1,0,0,1,0,4,3,0
201600022640,16,5,17,1000,1,2,6,1,3,483,4311263,71411,310,4,0,1,0,0,0,0,0,1,5,1,99,0
201600022641,16,5,15,1025,1,2,4,1,3,483,4310793,71545,310,3,0,2,0,1,1,0,0,1,0,1,0,0
201600022642,16,5,22,1745,1,2,4,3,7,483,4310652,72502,310,4,1,2,0,2,1,0,80,2,5,1,99,0
201600022643,16,5,24,1338,1,2,9,1,7,483,4310938,72388,310,3,1,2,0,1,1,0,0,1,0,1,99,0
201600022644,16,5,11,1630,1,1,1,1,1,483,4314448,78798,310,3,0,1,0,2,3,0,40,3,0,1,0,0
201600022645,16,5,20,1700,1,2,1,1,3,483,4310431,72825,310,4,2,2,0,1,1,0,73,1,0,1,99,0
201600022646,16,6,11,1730,1,2,1,1,7,483,4310090,70991,310,3,2,2,0,2,1,0,0,2,0,3,0,1
201600022647,16,6,12,702,1,1,1,1,7,565,4309443,69050,310,3,3,2,0,1,1,0,0,1,0,3,99,0
201600022648,16,6,15,1840,1,2,1,1,2,483,4310173,70581,310,3,2,2,0,1,3,0,0,1,0,1,99,0
201600022649,16,6,15,1200,1,2,1,1,7,483,4311515,70618,310,3,0,0,0,1,1,0,0,1,0,0,0,0
201600022650,16,6,17,1135,1,2,3,1,2,483,4310922,72566,310,3,0,0,0,0,0,0,0,0,0,1,99,0
201600022651,16,6,21,1630,1,2,6,1,7,483,4311254,73949,310,3,0,0,0,0,0,0,0,0,0,0,0,0
201600022653,16,8,1,830,1,1,1,1,7,565,4309579,70215,310,3,1,2,0,0,0,0,0,8,0,1,99,0
201600022654,16,8,15,1110,1,2,7,1,7,483,4310891,72685,310,4,0,1,0,1,2,0,0,1,0,0,0,0
201600022655,16,9,9,1405,1,2,1,1,2,483,4310855,72669,310,4,1,2,0,3,1,0,50,1,0,1,3,0
201600022656,16,9,19,5,5,1,1,1,7,565,4309441,68738,310,3,0,2,0,1,1,0,110,1,0,3,99,0
201600022657,16,10,18,1520,1,2,1,8,3,483,4310890,72643,310,3,1,2,0,1,2,0,0,1,0,0,99,0
201600022660,16,12,9,1805,5,2,1,1,4,483,4311167,74216,310,2,0,2,0,1,1,0,0,1,0,1,0,0
201600022661,16,12,16,1050,1,2,1,1,2,483,4311310,72605,310,3,2,2,0,1,1,0,60,1,0,1,3,0
201600022662,16,12,16,1830,1,2,2,1,3,483,4310809,72229,310,4,1,1,0,1,1,0,0,1,0,1,99,0
201600022663,16,7,5,1330,1,1,1,1,1,280,4581000,507500,690,4,2,2,0,2,1,0,35,1,0,1,0,0
201600022664,16,10,22,1715,1,1,1,1,1,280,4579963,506343,690,3,2,2,0,1,1,0,0,1,0,1,99,0
201600022665,16,11,7,1800,5,1,1,1,3,277,4572947,498385,690,3,2,2,0,1,1,0,0,1,0,1,99,0
201600022666,16,12,30,2015,5,2,1,1,4,555,4360961,145441,310,4,2,3,0,1,1,0,0,1,0,1,0,0
201600022670,16,1,4,1945,5,1,1,2,3,555,4360280,139990,310,1,3,3,0,1,1,0,0,2,0,1,0,0
201600022681,16,1,11,1450,1,2,3,1,3,149,4360949,132989,310,4,0,0,0,0,0,0,0,1,0,1,0,0
201600022683,16,1,12,730,5,2,1,2,1,555,4359475,145296,310,4,1,2,1,1,2,0,0,2,0,1,0,0
201600022690,16,1,13,1300,1,2,2,1,1,557,4358973,131709,310,4,0,0,0,0,0,0,0,0,0,1,0,0
201600022694,16,1,16,545,4,1,1,1,7,555,4360940,141333,310,1,1,4,0,1,1,0,0,1,0,1,0,0
201600022696,16,1,16,1625,1,2,3,1,1,69,4365527,139317,310,4,2,2,0,1,1,0,0,1,0,1,0,0
201600022698,16,1,16,1855,5,2,1,1,6,149,4361019,132860,310,4,3,2,0,1,1,0,0,1,0,1,0,0
201600022701,16,1,15,1715,1,2,1,1,3,557,4357850,135172,310,4,0,0,1,0,3,0,0,0,0,5,0,0
201600022706,16,1,21,25,5,2,3,1,3,149,4361826,133894,310,4,2,0,0,1,1,0,0,1,0,1,0,0
201600022709,16,1,21,1730,2,1,1,1,3,149,4360880,136852,310,1,1,0,0,1,1,0,0,1,0,1,0,0
201600022711,16,1,22,733,5,2,1,2,6,557,4357729,131344,310,4,2,2,0,1,1,0,0,2,0,1,99,0
201600022712,16,1,24,730,5,1,1,1,2,555,4364380,142157,310,1,1,3,0,1,1,0,0,1,0,1,0,0
201600022713,16,1,24,1100,1,2,1,1,4,557,4358152,135041,310,4,2,2,1,1,1,0,0,1,0,1,0,0
201600022715,16,1,25,945,1,1,1,1,2,555,4358310,140373,310,1,1,3,0,1,1,0,0,1,0,1,0,0
201600022717,16,1,28,650,5,2,1,1,6,149,4361035,135213,310,4,2,2,0,1,1,0,0,1,0,1,0,0
201600022719,16,1,28,1215,1,1,1,1,2,555,4361263,141651,310,1,1,0,0,1,1,0,0,1,0,1,0,0
201600022720,16,1,28,1900,5,2,3,1,3,557,4358370,133655,310,4,0,0,0,0,0,0,0,1,0,1,0,0
201600022726,16,1,31,1735,5,1,1,2,4,555,4357480,143977,310,1,3,6,0,1,1,0,0,2,0,1,0,0
201600022733,16,2,5,1635,1,1,1,1,3,555,4356860,142002,310,1,1,3,0,1,1,0,0,1,0,1,0,0
201600022738,16,2,9,1850,5,2,1,3,6,149,4360441,133541,310,4,2,2,0,1,0,0,0,2,0,1,0,0
201600022740,16,2,11,645,5,2,1,2,1,557,4357951,133156,310,3,2,2,0,1,1,0,0,2,0,1,0,0
201600022743,16,2,12,700,5,2,1,3,6,149,4360990,135225,310,4,1,2,0,1,2,0,0,2,0,1,0,0
201600022745,16,2,12,1330,1,2,3,3,3,557,4358989,136976,310,3,3,2,0,0,1,0,0,2,0,1,0,0
201600022747,16,2,10,1305,1,2,6,3,2,69,4363732,139051,310,3,0,0,0,1,4,0,0,2,0,1,0,0
201600022748,16,2,13,1140,1,2,1,1,3,557,4357850,135156,310,4,1,0,1,1,0,0,0,1,0,1,0,0
201600022749,16,2,15,1700,1,2,1,1,3,557,4357861,132410,310,4,2,0,1,1,0,0,0,1,0,1,0,0
201600022751,16,2,18,930,1,1,1,2,3,555,4360500,140364,310,1,1,4,0,1,3,0,0,2,0,1,0,0
201600022753,16,2,19,1720,1,2,3,7,3,69,4362480,139249,310,3,1,1,1,1,1,0,0,1,0,1,0,0
201600022755,16,2,22,1630,1,2,3,2,3,149,4361520,134584,310,4,2,3,1,1,1,0,125,2,0,1,0,0
201600022758,16,2,24,1445,1,1,1,1,4,555,4360660,139156,310,1,3,3,0,1,1,0,0,1,0,1,0,0
201600022761,16,2,27,1515,1,2,1,8,6,149,4361742,130949,310,4,1,1,0,1,1,0,40,1,0,1,99,0
201600022763,16,2,29,1850,2,2,1,1,3,557,4357830,135292,310,3,2,2,0,1,1,0,0,1,0,1,0,0
201600022767,16,3,3,1820,5,1,1,2,4,555,4360960,141366,310,1,3,3,0,1,1,0,0,2,0,1,99,0
201600022768,16,3,4,1300,1,1,1,1,2,555,4358570,140203,310,1,3,3,0,1,1,0,0,1,0,1,99,0
201600022775,16,3,6,300,5,2,1,1,6,555,4360700,144730,310,4,2,4,3,1,1,0,0,1,0,1,99,0
201600022780,16,3,8,1720,1,1,1,1,2,555,4361070,137600,310,1,3,4,0,1,1,0,0,1,0,1,0,0
201600022783,16,3,10,910,1,2,6,1,3,69,4362206,139589,310,4,1,0,0,0,0,0,0,1,0,0,0,0
201600022785,16,3,11,1615,1,1,6,1,1,149,4361279,130870,310,4,1,1,0,1,2,0,0,1,0,1,99,0
201600022786,16,3,11,1830,1,2,6,1,3,149,4360933,135265,310,4,1,2,0,1,0,0,0,1,0,1,0,0
201600022787,16,3,13,550,4,1,1,1,4,555,4359130,139883,310,1,3,3,0,1,1,0,0,1,0,1,0,0
201600022788,16,3,12,2010,5,2,1,1,1,69,4363719,139596,310,4,2,2,0,1,2,0,0,1,0,1,99,0
201600022790,16,3,15,1122,1,2,1,1,6,69,4363798,138965,310,4,2,2,0,1,1,0,0,1,0,1,99,0
201600022793,16,3,16,1900,5,1,1,1,2,555,4358700,140116,310,1,3,0,0,1,3,0,0,1,0,1,99,0
201600022798,16,3,19,1205,1,2,6,1,3,149,4360687,133605,310,4,1,2,1,1,1,0,0,1,0,1,0,0
201600022805,16,3,21,1645,1,2,1,1,2,557,4358661,134817,310,3,3,2,1,1,1,0,0,1,0,1,0,0
201600022810,16,3,23,1000,1,1,1,1,3,555,4357600,144253,310,1,3,4,0,1,1,0,0,1,0,1,0,0
201600022811,16,3,24,850,1,1,1,1,2,555,4355410,149273,310,1,3,2,0,1,1,0,0,1,0,1,0,0
201600022815,16,3,25,1734,1,1,1,1,4,555,4363410,142043,310,1,3,3,0,1,1,0,0,1,0,1,0,0
201600022820,16,3,27,1605,1,2,2,1,3,149,4359356,134621,310,3,2,2,0,1,1,0,0,1,0,1,0,0
201600022826,16,4,3,545,5,1,1,1,3,555,4357030,147710,310,1,3,2,0,2,2,0,0,1,0,1,99,0
201600022829,16,4,5,1105,1,2,1,2,4,557,4357875,135527,310,3,2,2,0,0,1,0,0,2,0,1,0,0
201600022834,16,4,8,1400,1,1,1,1,2,555,4360500,139689,310,1,1,3,0,1,1,0,0,1,0,1,0,0
201600022837,16,4,12,1050,1,2,1,1,7,149,4360105,131790,310,4,2,2,0,1,1,0,0,1,0,4,0,0
201600022840,16,4,8,1700,1,2,1,1,3,149,4360605,133807,310,2,3,4,0,2,1,0,0,1,0,1,0,0
201600022842,16,4,14,1535,1,2,1,1,3,149,4360689,133918,310,4,0,0,0,1,1,0,0,1,0,0,3,0
201600022845,16,4,14,834,1,2,1,1,6,557,4358581,133801,310,4,2,2,0,1,1,0,0,1,0,0,0,0
201600022846,16,4,15,1004,1,2,1,1,3,69,4362172,139533,310,4,1,1,2,0,0,0,0,1,0,1,0,0
201600022849,16,4,15,800,1,2,2,1,3,149,4361601,131243,310,4,0,0,0,0,0,0,0,1,0,1,0,0
201600022850,16,4,18,820,1,2,6,1,2,149,4360781,133720,310,4,0,2,0,1,1,0,0,1,0,0,0,0
201600022856,16,4,20,1445,1,2,1,1,3,555,4364800,142208,310,1,2,2,0,1,1,0,45,1,0,1,0,0
201600022866,16,4,26,1650,1,2,1,1,3,149,4361028,132960,310,4,1,1,0,1,2,0,0,1,0,1,0,0
201600022871,16,4,27,1545,1,2,1,1,4,555,4360580,139323,310,1,3,3,0,1,1,0,0,1,0,1,0,0
201600022875,16,4,30,150,5,2,6,1,7,149,4359699,136390,310,3,1,1,0,2,1,0,0,1,0,1,0,0
201600022887,16,5,9,1315,1,2,1,2,4,555,4357580,144129,310,1,1,2,0,1,1,0,30,2,0,1,0,0
201600022893,16,5,12,250,5,2,2,1,1,555,4365892,141898,310,4,2,4,0,1,1,0,0,2,5,1,0,0
201600022900,16,5,17,843,1,2,4,1,3,557,4358562,135085,310,3,2,2,0,1,1,0,0,1,0,1,0,0
201600022902,16,5,17,855,1,1,1,1,4,555,4358290,140382,310,1,3,3,0,1,1,0,0,1,0,1,0,0
201600022908,16,5,19,1928,1,2,1,1,6,555,4360893,145048,310,4,1,1,0,0,0,0,0,0,0,1,0,0
201600022912,16,5,23,920,1,2,1,1,1,555,4360045,145172,310,4,2,2,0,1,1,0,0,1,0,1,0,0
201600022918,16,5,27,845,1,1,1,1,3,555,4356880,141515,310,1,3,4,0,1,1,0,0,1,0,1,99,0
201600022923,16,5,29,1825,1,1,1,1,4,555,4361060,137594,310,1,3,5,0,1,1,0,0,2,0,1,99,0
201600022927,16,5,25,850,1,2,1,1,4,557,4358795,135405,310,4,2,2,0,1,1,0,0,1,0,1,0,0
201600022929,16,5,31,1640,1,2,1,1,3,149,4361421,135136,310,4,3,2,1,1,1,0,0,1,0,1,0,0
201600022931,16,6,1,1400,1,2,6,1,7,149,4361445,133998,310,4,1,0,0,1,2,0,0,2,0,1,99,0
201600022932,16,6,1,813,1,2,3,1,3,555,4360320,140999,310,4,1,1,0,1,1,0,30,2,0,1,99,0
201600022933,16,6,1,1100,1,2,1,2,3,555,4360486,144947,310,4,3,4,3,1,1,0,0,1,0,1,0,0
201600022936,16,6,2,2115,5,2,3,1,3,555,4358019,144947,310,4,2,0,0,1,1,0,0,1,0,1,99,0
201600022937,16,6,3,1530,1,2,1,1,4,557,4357804,132697,310,4,2,2,0,1,1,0,0,1,0,1,99,0
201600022940,16,6,4,1930,1,2,3,1,2,149,4360581,132755,310,4,0,0,0,0,0,0,0,1,0,1,99,0
201600022946,16,6,9,1400,1,1,1,1,3,149,4360510,129007,310,2,3,2,0,1,1,0,0,1,0,1,0,0
201600022955,16,6,15,645,1,1,1,1,2,555,4360640,131346,310,2,3,4,0,1,1,0,0,2,0,1,0,0
201600022957,16,6,16,955,1,2,1,1,6,557,4358069,133678,310,4,2,0,0,1,1,0,0,1,0,1,99,0
201600022958,16,6,16,930,1,1,1,1,2,555,4362080,148170,310,1,3,6,0,1,1,0,0,1,0,1,0,0
201600022962,16,6,21,2055,1,2,1,1,3,149,4361659,133311,310,3,2,2,1,1,1,0,0,1,0,1,0,0
201600022965,16,6,22,1735,1,2,1,1,6,557,4358781,135133,310,3,1,1,0,1,1,0,0,1,0,1,0,0
201600022968,16,6,22,750,1,2,1,1,3,557,4357832,135250,310,3,3,1,0,1,1,0,0,1,0,1,0,0
201600022970,16,6,24,1625,1,2,1,1,2,557,4358667,134826,310,3,2,2,0,1,1,0,0,1,0,1,0,0
201600022973,16,6,27,1415,1,2,4,1,6,555,4356001,139478,310,4,2,2,0,1,1,0,0,1,0,0,0,0
201600022974,16,6,28,1545,1,2,1,1,3,149,4361169,135219,310,4,2,2,0,1,1,0,0,1,0,1,0,0
201600022981,16,7,1,845,1,1,1,1,2,149,4361100,137705,310,1,1,3,0,1,1,0,0,1,0,1,0,0
201600023000,16,7,8,1600,1,1,1,1,2,555,4361250,141695,310,1,3,3,0,1,1,0,0,1,0,1,0,0
201600023001,16,7,10,320,5,2,1,1,6,557,4356978,133403,310,4,1,2,0,1,2,0,0,1,0,1,99,0
201600023007,16,7,13,2140,5,1,1,1,3,555,4357160,147499,310,1,1,4,0,1,1,0,0,1,0,1,0,0
201600023018,16,7,22,1715,1,1,1,1,4,555,4361120,137766,310,1,3,0,0,1,1,0,0,1,0,1,99,0
201600023026,16,7,26,1430,1,2,6,1,3,557,4358901,136110,310,3,1,0,0,1,1,0,0,1,0,1,99,0
201600023027,16,7,29,640,1,2,3,1,3,149,4361525,134570,310,4,2,2,0,1,1,0,0,1,0,1,0,0
201600023030,16,7,30,1030,1,2,3,1,3,557,4358548,134619,310,4,2,2,0,1,1,0,0,1,0,1,99,1
201600023034,16,8,2,1115,1,2,1,1,2,149,4360629,133494,310,4,1,2,0,4,1,0,0,1,0,1,99,0
201600023038,16,8,4,835,1,2,1,1,3,557,4358798,85925,310,3,2,2,0,1,1,0,0,1,0,1,99,0
201600023041,16,8,5,1610,1,2,1,1,2,555,4361710,145831,310,4,2,2,0,2,2,0,0,1,0,1,99,0
201600023046,16,8,13,1904,1,2,6,1,5,557,4358850,135871,310,3,1,0,0,1,1,0,0,1,0,1,99,0
201600023049,16,8,19,821,1,2,6,1,3,149,4362184,132082,310,4,2,0,0,1,1,0,0,1,0,1,99,0
201600023050,16,8,18,1340,1,2,1,1,3,555,4358475,144775,310,4,2,0,0,1,1,0,0,1,0,1,99,0
201600023054,16,8,22,207,5,2,6,1,1,557,4356979,133361,310,3,0,0,0,0,0,0,0,1,0,1,99,0
201600023056,16,8,22,1500,1,1,1,1,2,555,4362370,140640,310,1,3,3,0,1,2,0,0,1,0,1,0,0
201600023064,16,8,25,1905,1,1,1,1,4,555,4364960,142170,310,1,3,6,0,1,3,0,0,1,0,1,0,0
201600023065,16,8,26,1440,1,2,1,1,6,69,4362412,139294,310,4,2,2,0,1,1,0,0,1,0,1,3,0
201600023068,16,8,27,2245,5,1,1,1,2,69,4362650,138432,310,1,3,3,0,1,1,0,140,1,0,1,0,0
201600023069,16,8,28,740,1,1,1,1,2,555,4362480,140907,310,1,3,3,0,1,1,0,0,1,0,1,0,0
201600023073,16,8,29,1135,1,2,2,1,3,69,4365746,139690,310,4,0,0,0,0,0,0,0,1,0,1,0,0
201600023075,16,8,31,1530,1,1,1,1,2,555,4363710,142085,310,1,3,3,0,1,1,0,0,1,0,1,0,0
201600023077,16,9,1,1815,1,1,1,1,2,149,4360660,132585,310,2,1,1,0,1,3,0,0,1,3,1,0,0
201600023107,16,9,13,810,1,2,1,1,6,555,4359343,140726,310,4,2,2,0,1,1,0,0,1,0,1,0,1
201600023116,16,9,22,1450,1,2,1,1,6,555,4358231,141406,310,4,2,2,0,1,1,0,0,1,0,1,99,0
201600023118,16,9,23,1710,1,1,1,1,4,555,4360210,136594,310,3,3,2,0,1,1,0,0,1,0,1,99,1
201600023121,16,9,24,1519,1,1,1,1,7,149,4361020,138535,310,1,1,1,0,2,3,0,0,1,0,1,0,0
201600023122,16,9,25,600,4,2,1,1,6,149,4360301,132908,310,4,2,0,0,1,1,0,0,1,0,1,99,0
201600023124,16,9,26,1805,1,2,1,1,6,555,4357433,140314,310,4,3,4,0,1,1,0,58,1,0,1,99,0
201600023125,16,9,27,715,2,1,2,1,3,555,4355811,140209,310,4,2,0,0,1,1,0,0,1,0,1,99,0
201600023126,16,9,27,1220,1,2,1,1,2,555,4359421,143320,310,4,2,0,0,1,1,0,0,1,0,1,99,0
201600023127,16,9,27,1540,1,2,1,1,3,555,4359946,144567,310,4,2,0,0,1,1,0,0,1,0,1,99,0
201600023130,16,9,28,1507,1,1,1,1,4,555,4361260,141701,310,1,3,4,0,1,1,0,0,1,0,1,0,0
201600023131,16,9,29,845,1,2,1,7,6,149,4360047,132259,310,4,2,2,0,1,1,0,0,1,0,1,99,0
201600023132,16,9,29,845,1,2,1,1,3,555,4361076,142609,310,4,1,0,0,1,1,0,0,1,0,1,99,0
201600023135,16,9,29,925,1,2,1,1,6,555,4357004,140200,310,4,2,0,0,1,1,0,0,1,0,1,99,0
201600023136,16,9,29,1635,1,1,1,1,2,555,4365100,142261,310,1,1,4,0,1,1,0,0,1,0,1,0,0
201600023137,16,9,30,1945,5,2,1,1,6,555,4359827,143345,310,4,1,0,1,0,0,0,0,0,0,1,0,0
201600023138,16,10,1,1345,1,2,1,1,3,69,4364051,138235,310,4,2,0,0,1,1,0,0,1,0,4,99,0
201600023139,16,10,3,1310,1,2,1,1,1,555,4361987,139677,310,4,2,0,0,1,1,0,0,1,0,1,99,0
201600023140,16,10,3,1750,1,2,2,1,3,555,4358852,145439,310,4,1,0,0,1,1,0,0,1,0,1,99,0
201600023141,16,10,3,1813,1,1,1,1,3,555,4364630,146599,310,1,1,3,0,1,1,0,0,1,0,1,0,0
201600023142,16,10,3,1830,1,2,1,1,6,555,4359743,142110,310,4,2,0,0,1,1,0,0,1,0,1,99,0
201600023143,16,10,4,1710,1,1,1,1,6,555,4362110,141770,310,1,1,4,0,1,1,0,0,1,0,1,0,0
201600023144,16,10,5,750,1,1,1,1,3,555,4356325,141826,310,1,1,2,0,1,2,0,0,1,0,1,99,0
201600023145,16,10,5,1335,1,2,2,1,3,555,4360689,142823,310,4,1,1,0,1,1,0,0,1,0,1,99,0
201600023146,16,10,5,1835,1,1,1,1,3,555,4357239,145611,310,1,3,4,0,1,1,0,0,1,0,1,99,0
201600023147,16,10,6,15,5,1,1,1,6,555,4362890,147892,310,1,3,4,0,1,1,0,0,1,0,1,99,0
201600023150,16,10,6,655,5,2,1,1,6,555,4363510,143096,310,4,2,0,0,1,1,0,0,1,0,1,99,0
201600023152,16,10,6,1250,1,2,2,1,6,555,4361422,145094,310,4,1,0,0,1,1,0,0,1,0,1,99,0
201600023153,16,10,6,1700,1,1,1,1,4,555,4360900,136396,310,2,3,0,0,1,1,0,0,1,0,1,99,0
201600023155,16,10,7,830,1,2,1,1,1,149,4360980,132486,310,4,2,0,0,1,2,0,0,1,0,1,99,0
201600023156,16,10,7,1310,1,2,1,1,3,555,4356310,137207,310,4,2,2,0,1,1,0,0,1,0,1,99,0
201600023159,16,10,8,1700,1,2,1,1,3,555,4363296,148203,310,4,2,4,0,1,1,0,0,1,0,1,99,0
201600023161,16,10,8,1800,1,2,1,1,3,555,4359631,142299,310,4,1,0,0,1,2,0,0,1,0,1,99,0
201600023162,16,10,10,800,2,2,1,1,3,555,4358271,137435,310,4,2,2,0,0,0,0,0,0,0,1,0,0
201600023163,16,10,10,1318,1,2,3,1,3,149,4360367,130556,310,4,2,2,0,1,1,0,0,1,0,1,99,0
201600023164,16,10,11,1620,1,1,1,1,3,69,4363571,138504,310,4,2,2,0,1,1,0,0,1,0,1,99,0
201600023166,16,10,12,720,2,1,1,1,3,555,4364702,144303,310,1,3,0,0,1,1,0,0,1,0,1,99,0
201600023167,16,10,12,850,1,1,1,1,5,555,4360163,139869,310,1,1,3,0,1,3,0,0,1,0,1,0,0
201600023168,16,10,12,1030,1,1,1,1,5,555,4360050,139804,310,1,3,0,0,1,1,0,0,1,0,1,99,0
201600023169,16,10,12,1410,1,2,1,1,6,555,4361687,142254,310,4,2,0,0,1,1,0,0,1,0,1,99,0
201600023170,16,10,12,1730,1,2,1,1,6,555,4360948,144505,310,4,2,4,0,0,0,0,0,0,0,1,0,0