Num_Acc,an,mois,jour,hrmn,lum,agg,int,atm,col,com,lat,long,dep,catr,circ,nbv,vosp,prof,plan,lartpc,larrout,surf,infra,situ,env1,killed
201600023171,16,10,12,1820,1,2,4,1,3,555,4361604,145314,310,4,2,2,1,1,1,0,0,1,0,1,0,0
201600023172,16,10,14,1930,3,2,1,2,3,555,4357883,145010,310,4,2,2,2,2,1,0,0,2,0,1,99,0
201600023173,16,10,14,2010,5,2,1,2,3,555,4362600,143747,310,4,2,2,0,0,0,0,0,2,0,1,0,0
201600023174,16,10,15,1455,1,1,1,1,2,555,4364375,142602,310,1,3,0,0,1,3,0,0,0,0,1,99,0
201600023175,16,10,15,1750,1,1,3,1,3,555,4357899,144342,310,4,2,0,0,1,1,0,0,1,0,1,99,0
201600023177,16,10,17,720,2,1,1,1,3,555,4364777,142169,310,1,2,0,0,1,1,0,0,1,0,1,99,0
201600023178,16,10,18,652,5,1,1,1,2,555,4360990,141377,310,1,3,4,0,1,1,0,0,1,0,1,99,0
201600023179,16,10,18,1320,1,1,1,1,2,555,4361360,141757,310,1,3,0,0,1,1,0,0,1,0,1,99,0
201600023180,16,10,18,1820,1,2,1,1,3,69,4362710,138523,310,3,1,0,0,1,2,0,0,1,0,1,99,0
201600023181,16,10,19,2040,5,2,1,1,3,555,4359683,144663,310,4,2,2,0,1,1,0,0,1,0,1,99,0
201600023182,16,10,20,5,3,1,1,1,1,555,4355871,144693,310,4,2,2,0,3,1,0,60,1,0,1,99,0
201600023183,16,10,20,730,5,1,6,1,3,555,4356904,137569,310,4,3,0,0,1,1,0,0,1,0,1,99,0
201600023184,16,10,20,835,1,2,1,1,3,555,4358018,136234,310,4,1,0,0,1,1,0,0,1,0,1,99,0
201600023185,16,10,20,1620,1,1,1,1,2,555,4361070,137608,310,1,3,0,0,1,1,0,0,1,0,1,99,0
201600023186,16,10,20,1805,1,2,1,1,3,555,4358324,141488,310,4,2,0,0,1,1,0,0,1,0,1,99,0
201600023187,16,10,20,1830,2,2,1,1,2,555,4365373,142367,310,4,2,0,0,1,1,0,0,1,0,1,99,0
201600023188,16,10,21,1630,1,2,1,1,6,555,4359998,145344,310,4,1,0,0,0,2,0,0,1,0,1,99,0
201600023189,16,10,21,1825,1,2,1,1,3,555,4363357,142505,310,4,3,4,0,1,1,0,0,1,0,1,0,0
201600023190,16,10,22,150,5,2,2,1,3,555,4360435,147434,310,4,2,2,0,2,1,0,0,1,0,1,99,0
201600023191,16,10,22,1650,1,2,3,1,6,555,4363563,146385,310,4,2,2,0,1,1,0,0,1,0,1,0,0
201600023192,16,10,24,2150,5,1,1,2,2,555,4360860,137170,310,2,1,3,0,1,1,0,0,1,0,1,0,0
201600023193,16,10,24,1610,1,2,3,1,3,555,4365160,142608,310,4,2,2,0,1,1,0,0,1,0,1,99,0
201600023194,16,10,27,700,5,1,1,2,5,555,4365199,142357,310,1,3,3,0,1,1,0,0,2,0,1,99,0
201600023195,16,10,25,1220,1,2,1,1,6,555,4359432,144403,310,4,2,0,0,1,1,0,0,1,0,1,99,0
201600023196,16,10,27,1730,1,2,1,1,3,555,4356990,137463,310,3,1,2,0,1,3,0,0,1,0,1,0,0
201600023197,16,10,28,416,1,2,1,1,6,69,4362699,138530,310,4,1,2,0,1,2,0,0,1,0,1,99,0
201600023198,16,10,28,1535,1,2,1,1,3,555,4366225,145334,310,4,2,0,0,1,1,0,0,1,0,1,99,0
201600023199,16,10,30,140,3,1,1,1,6,555,4360962,137187,310,3,3,2,0,1,2,0,0,1,0,1,99,0
201600023200,16,10,31,955,1,2,2,1,3,555,4362613,143711,310,4,1,0,0,1,1,0,0,1,0,1,99,0
201600023201,16,11,1,1910,5,2,3,1,3,555,4358285,141680,310,4,2,0,0,1,1,0,0,1,0,1,99,0
201600023202,16,11,1,2000,4,1,1,1,4,555,4363371,142069,310,1,3,0,0,1,1,0,0,1,0,1,99,0
201600023203,16,11,2,1630,1,1,1,1,4,555,4356915,142237,310,1,3,4,0,1,1,0,0,1,0,1,99,0
201600023204,16,11,2,1715,1,2,1,1,3,555,4359110,142107,310,3,2,1,0,1,1,0,0,1,0,1,0,0
201600023205,16,11,2,2020,5,2,1,1,2,555,4364770,141405,310,3,2,2,0,1,1,0,0,1,0,1,0,0
201600023206,16,11,3,1345,1,2,1,1,3,555,4361272,141701,310,4,1,3,0,1,2,0,0,1,0,1,99,0
201600023207,16,11,3,1515,1,2,1,1,1,555,4355640,140615,310,3,1,3,0,1,3,0,0,1,0,1,0,0
201600023208,16,11,3,1800,2,2,1,1,3,555,4359363,144872,310,4,1,0,0,1,1,0,0,1,0,1,99,0
201600023209,16,11,3,1900,5,2,1,1,2,555,4360642,139593,310,4,1,2,0,1,3,0,0,1,0,1,0,0
201600023210,16,11,4,720,2,2,2,1,3,555,4356566,150046,310,4,2,4,0,1,1,0,0,1,0,1,99,0
201600023211,16,11,4,1915,5,1,1,1,3,555,4364819,142316,310,3,2,4,0,1,1,0,0,2,0,1,0,0
201600023212,16,11,4,1923,3,1,1,1,1,555,4359772,141056,310,4,2,0,3,1,1,0,0,1,0,5,99,0
201600023213,16,11,5,215,5,2,3,2,3,555,4362242,144555,310,4,1,0,0,1,1,0,0,2,0,1,99,0
201600023214,16,11,5,1810,4,2,1,2,6,555,4357375,145187,310,3,1,1,0,1,2,0,0,2,0,1,0,0
201600023215,16,11,6,830,1,2,1,1,1,555,4364879,142522,310,4,2,2,0,2,2,0,0,1,0,1,99,0
201600023216,16,11,7,1910,5,1,1,1,2,555,4362030,139363,310,3,1,3,0,1,3,0,0,1,0,1,0,0
201600023217,16,11,7,1700,1,2,3,1,3,555,4361888,145622,310,4,2,0,0,1,1,0,0,1,0,1,99,0
201600023218,16,11,8,820,1,2,1,1,1,149,4360283,132618,310,4,2,2,0,1,1,0,0,1,0,1,99,0
201600023219,16,11,8,1910,5,2,3,2,3,555,4357540,138513,310,4,2,2,0,1,1,0,0,2,0,1,99,0
201600023220,16,11,8,1815,5,2,1,1,6,555,4358245,146290,310,4,2,0,0,1,1,0,0,1,0,1,99,0
201600023221,16,11,9,625,5,2,1,3,2,555,4363671,143912,310,4,2,2,0,1,3,0,0,1,0,1,0,0
201600023222,16,11,9,1950,5,1,1,1,2,555,4361876,141888,310,1,3,0,0,1,1,0,0,2,0,1,99,0
201600023223,16,11,10,630,4,1,1,2,4,555,4360864,136742,310,1,3,6,0,1,3,0,0,2,3,1,99,0
201600023224,16,11,10,1050,1,1,1,2,3,555,4364484,146874,310,1,3,4,0,1,3,0,0,2,0,1,99,0
201600023225,16,11,10,1708,1,2,1,1,1,555,4361404,147596,310,4,2,0,0,1,1,0,0,1,0,1,99,0
201600023226,16,11,12,1640,1,2,1,1,6,555,4357810,149071,310,4,1,1,0,1,0,0,0,1,0,1,0,0
201600023227,16,11,13,2335,5,2,1,1,1,555,4358327,143924,310,4,2,0,0,1,1,0,0,2,0,1,99,0
201600023228,16,11,11,1330,1,2,1,1,2,555,4364746,142565,310,3,1,2,0,1,3,0,0,1,0,1,0,0
201600023230,16,11,14,1420,1,1,1,1,5,555,4355846,141383,310,1,3,0,0,1,1,0,0,1,0,1,99,0
201600023231,16,11,15,730,1,2,3,1,3,555,4357351,145890,310,4,2,0,0,1,1,0,0,1,0,1,99,0
201600023232,16,11,15,2125,5,2,3,1,1,555,4360069,145606,310,4,1,3,0,2,1,0,0,1,0,1,0,0
201600023233,16,11,16,750,2,2,1,1,6,149,4360507,132236,310,4,2,2,0,1,1,0,0,1,0,1,0,0
201600023234,16,11,16,905,1,1,1,1,2,555,4357343,145038,310,1,3,3,0,1,1,0,0,1,0,1,99,0
201600023235,16,11,16,1729,2,2,1,1,3,149,4361299,135258,310,4,2,0,0,1,1,0,0,1,0,1,99,0
201600023236,16,11,17,745,1,2,2,1,3,149,4361030,133950,310,4,2,0,0,1,1,0,70,1,0,1,99,0
201600023237,16,11,17,1228,1,1,1,1,3,555,4361456,141835,310,1,3,4,0,1,1,0,0,1,0,1,99,0
201600023238,16,11,17,2200,5,2,1,1,7,555,4359345,139080,310,4,2,2,0,1,2,0,0,1,0,1,0,1
201600023239,16,11,18,940,1,1,1,2,2,149,4359727,136414,310,4,1,0,0,1,1,0,0,2,0,1,99,0
201600023240,16,11,19,1500,1,2,1,1,4,69,4364967,137977,310,4,2,0,0,1,1,0,0,1,0,1,99,0
201600023241,16,11,20,325,3,1,1,1,6,555,4364459,142158,310,1,3,0,0,1,1,0,0,1,0,1,99,1
201600023242,16,11,21,1710,2,2,2,2,3,555,4362674,144424,310,4,2,3,0,1,1,0,0,2,0,1,99,0
201600023243,16,11,17,1945,3,2,1,1,6,555,4363127,138185,310,1,3,3,0,1,1,0,0,1,0,1,99,0
201600023244,16,11,21,1715,3,1,1,2,3,69,4363821,137646,310,3,3,0,0,1,1,0,0,2,0,1,99,0
201600023245,16,11,21,1800,4,2,1,3,6,555,4356917,139381,310,4,1,1,0,1,1,0,0,2,0,1,0,0
201600023246,16,11,22,1750,2,2,1,1,3,555,4362521,144105,310,4,2,0,0,1,1,0,0,1,0,1,99,0
201600023247,16,11,23,900,1,2,1,1,6,555,4364118,145980,310,4,2,2,0,1,1,0,0,2,0,1,0,0
201600023248,16,11,21,1610,2,1,1,2,2,149,4360645,131086,310,2,3,2,0,1,1,0,77,2,0,1,0,0
201600023249,16,11,24,1320,1,2,1,1,1,555,4358668,142614,310,4,2,0,1,1,1,0,0,1,0,1,99,0
201600023250,16,11,24,1715,2,2,3,1,3,555,4366160,141640,310,3,2,2,0,1,1,0,0,1,0,1,0,0
201600023251,16,11,24,1955,5,2,1,1,6,555,4362511,147535,310,4,2,0,0,1,1,0,0,1,0,1,99,0
201600023252,16,11,25,1700,1,2,1,1,4,149,4359719,135029,310,4,2,0,0,1,1,0,0,1,0,1,99,0
201600023253,16,11,25,1755,5,2,1,1,3,555,4363382,143846,310,4,2,0,0,1,1,0,0,1,0,1,99,0
201600023254,16,11,25,1820,5,2,1,1,6,555,4363684,143912,310,4,2,2,1,1,1,0,0,1,0,1,0,0
201600023255,16,11,26,545,5,1,1,5,6,555,4354517,140090,310,1,3,0,0,1,1,0,0,1,0,1,99,0
201600023256,16,11,27,1552,1,2,1,1,1,555,4363978,145999,310,4,2,2,0,1,1,0,0,1,0,1,0,0
201600023257,16,11,26,600,5,2,1,1,3,555,4364852,144379,310,4,2,0,0,1,1,0,0,1,0,1,99,0
201600023258,16,11,28,1852,4,1,1,1,2,555,4360870,136807,310,1,3,3,0,1,1,0,0,1,0,1,99,0
201600023259,16,11,28,2040,5,2,1,1,3,149,4362253,133370,310,4,2,2,0,1,1,6,82,1,0,1,99,0
201600023260,16,11,29,1825,5,2,2,1,1,555,4360490,144567,310,4,1,1,0,1,1,0,0,1,0,1,0,0
201600023261,16,11,30,800,1,2,1,1,3,555,4360482,144950,310,4,2,4,0,1,1,0,0,1,0,1,0,0
201600023262,16,11,30,1020,1,2,1,1,1,557,4357944,131947,310,4,2,2,0,1,3,0,0,1,0,1,0,0
201600023263,16,11,30,1540,1,2,1,1,3,555,4362618,143710,310,3,2,4,1,1,1,0,0,1,0,1,0,0
201600023264,16,12,1,1825,5,2,1,1,3,555,4357329,141909,310,4,2,2,1,1,1,0,0,1,0,1,0,0
201600023265,16,11,30,1035,1,1,1,1,3,149,4360597,133495,310,3,1,2,0,1,4,0,0,1,0,1,0,0
201600023266,16,12,1,1345,1,2,3,1,1,555,4362619,142531,310,4,1,1,0,1,1,0,0,1,0,1,0,0
201600023267,16,12,2,1630,1,2,1,1,6,555,4361310,147831,310,4,2,2,0,1,1,0,0,1,0,1,0,0
201600023268,16,12,3,15,5,2,1,1,7,555,4360676,143014,310,4,1,2,0,1,1,0,0,1,0,1,0,0
201600023269,16,12,3,102,5,2,2,1,3,555,4359967,144058,310,4,1,2,3,1,1,0,0,1,0,1,0,0
201600023270,16,12,3,2335,5,2,1,1,1,555,4356715,139484,310,4,2,2,0,1,1,0,0,1,0,1,0,0
201600023271,16,12,4,1859,5,1,1,1,2,555,4363140,147832,310,1,1,2,0,1,1,0,0,1,0,1,0,0
201600023272,16,12,5,1730,5,2,1,1,6,555,4362193,147368,310,4,2,2,0,1,1,0,0,1,0,1,0,0
201600023273,16,12,6,845,1,2,1,1,3,149,4361820,133892,310,4,2,2,0,2,1,0,0,1,0,1,0,0
201600023274,16,11,30,1610,1,2,1,1,3,555,4359096,141827,310,4,2,2,0,1,1,0,0,1,0,1,0,0
201600023275,16,12,6,1230,1,2,1,1,3,555,4361107,142077,310,4,2,3,0,1,1,0,0,1,0,1,0,0
201600023276,16,12,7,730,5,1,1,1,2,555,4355940,141418,310,1,3,4,0,1,1,0,0,1,0,1,0,0
201600023277,16,12,7,1440,1,1,1,1,2,555,4365165,142358,310,1,1,3,0,1,1,0,0,1,0,1,0,0
201600023278,16,12,7,1810,5,2,1,1,6,555,4363892,145263,310,4,2,2,0,1,1,0,0,1,0,1,0,0
201600023279,16,12,6,1400,1,2,1,1,1,555,4359245,144281,310,4,2,2,0,1,1,0,0,1,0,1,0,0
201600023280,16,12,8,1520,1,2,1,1,6,555,4357465,140505,310,3,3,2,0,1,3,0,0,1,0,1,0,0
201600023281,16,12,8,1630,1,2,1,1,6,557,4358803,135373,310,4,3,2,0,1,1,0,0,1,0,1,0,0
201600023282,16,12,4,430,3,1,1,1,6,149,4360890,135609,310,2,3,0,0,1,1,0,0,1,0,1,99,1
201600023283,16,12,9,1120,1,2,1,1,6,555,4359102,147985,310,4,2,2,0,1,1,0,53,1,0,1,99,0
201600023284,16,12,9,2015,4,1,1,1,4,555,4361506,141829,310,1,3,0,0,1,1,0,0,1,0,1,99,0
201600023285,16,12,10,1,4,2,1,1,6,555,4360680,145051,310,4,3,4,0,2,1,0,0,1,0,1,99,0
201600023286,16,12,10,1310,1,2,1,1,6,555,4360530,147987,310,4,2,0,0,1,1,0,0,1,0,1,99,0
201600023287,16,12,11,1010,1,2,1,1,3,555,4362027,142422,310,4,2,2,0,1,1,0,0,1,0,1,99,0
201600023288,16,12,11,2215,5,2,1,1,3,555,4357372,145206,310,4,2,0,0,1,1,0,0,1,0,1,99,0
201600023289,16,12,9,1340,1,2,1,1,3,555,4357084,140530,310,4,2,0,0,1,1,0,0,1,0,1,99,0
201600023290,16,12,12,1130,1,2,1,1,3,555,4361019,137273,310,4,1,2,3,3,1,0,0,1,0,1,0,0
201600023291,16,12,12,1150,1,2,1,1,5,555,4358680,146260,310,3,2,2,0,1,1,0,0,1,0,1,0,0
201600023292,16,12,14,1935,5,2,2,1,3,555,4361682,143403,310,4,1,0,0,1,1,0,0,1,0,1,99,0
201600023293,16,12,14,1425,1,2,1,1,6,555,4359802,143080,310,4,1,2,0,1,1,0,0,1,0,1,0,0
201600023294,16,12,15,1800,5,1,1,1,3,555,4359719,139692,310,1,3,0,0,1,1,0,0,1,0,1,99,0
201600023295,16,12,15,2345,3,2,1,1,6,555,4365233,142446,310,3,2,2,0,1,1,0,0,1,0,1,99,0
201600023296,16,12,18,1755,5,2,1,1,6,555,4362833,145098,310,4,2,2,0,1,1,0,0,1,0,1,99,0
201600023297,16,12,18,1,5,1,1,1,6,69,4364831,136729,310,4,2,0,0,1,1,0,0,1,0,1,99,0
201600023298,16,12,19,1900,3,2,1,1,4,555,4361800,139412,310,3,3,4,0,2,1,0,0,2,0,1,99,0
201600023299,16,12,21,1700,2,2,1,1,6,555,4358390,143714,310,4,2,4,0,1,1,0,0,1,0,1,99,0
201600023300,16,12,21,1455,1,2,1,1,3,555,4361006,145737,310,4,1,2,0,1,1,0,0,1,0,1,99,0
201600023301,16,12,22,820,1,1,1,1,1,555,4362463,141806,310,1,3,0,0,2,3,0,0,1,0,1,99,0
201600023302,16,12,22,1610,1,2,1,2,3,555,4360806,144632,310,4,2,2,0,1,1,0,0,2,0,1,99,0
201600023303,16,12,22,1825,5,2,1,2,6,557,4358524,134524,310,4,2,0,0,1,1,0,0,2,0,1,99,0
201600023304,16,12,25,1900,5,2,1,1,3,555,4355094,139413,310,4,2,0,0,0,0,0,0,0,0,1,0,0
201600023305,16,12,25,1330,1,2,1,1,6,555,4357189,140113,310,4,2,0,0,1,1,0,0,0,0,1,99,0
201600023306,16,12,28,1920,5,2,1,1,3,557,4358994,137686,310,4,2,2,0,1,3,0,0,1,0,1,0,0
201600023307,16,12,29,1300,1,2,1,1,2,555,4361497,143298,310,3,1,2,3,1,1,0,0,1,0,1,0,0
201600023308,16,1,3,1015,1,2,2,1,3,227,4810248,746868,680,3,2,2,0,1,1,0,80,1,0,1,3,0
201600023309,16,5,22,1745,1,2,2,1,2,145,4808113,738709,680,3,2,2,2,1,1,0,113,1,0,1,0,0
201600023319,16,2,11,400,3,1,1,1,7,478,4843879,586357,880,1,3,2,0,2,1,10,70,1,0,3,0,0
201600023320,16,4,1,700,2,1,1,1,2,232,4844883,586733,880,1,1,2,0,3,1,8,0,2,0,1,0,0
201600023321,16,6,25,1530,1,1,1,1,3,242,4860400,588600,540,1,1,1,0,1,1,0,30,1,7,1,0,0
201600023322,16,8,15,1230,1,1,1,1,7,478,4842766,585992,880,1,3,2,0,2,3,25,70,1,0,1,0,0
201600023331,16,6,2,1630,1,1,9,1,7,54,4315741,604567,830,4,1,0,0,2,3,0,0,1,3,1,99,0
201600023342,16,1,4,1330,1,1,1,8,7,18,4820493,90236,280,1,3,3,0,1,1,6,135,1,0,1,0,0
201600023343,16,2,19,1900,3,1,1,1,1,361,4851272,176995,280,1,3,3,0,1,1,6,135,1,0,1,0,0
201600023344,16,3,11,1745,1,1,1,1,6,161,4824878,111826,280,1,3,3,0,1,1,6,135,1,0,3,0,0
201600023345,16,3,25,1426,1,1,1,1,2,196,4828086,122383,280,1,3,3,3,1,1,6,135,1,0,1,0,0
201600023346,16,3,28,1721,1,1,1,1,2,403,4837145,146484,280,1,3,3,0,0,1,6,135,1,0,1,0,0
201600023347,16,4,1,2300,3,1,1,1,6,141,4832873,138066,280,1,3,3,0,1,1,6,135,1,0,3,0,0
201600023348,16,4,10,1623,1,1,1,1,3,409,4827824,119774,280,1,1,3,0,0,1,6,135,1,0,1,99,0
201600023349,16,4,11,1700,1,1,1,3,3,15,4850917,173940,280,1,3,3,0,1,1,6,135,2,0,2,0,0
201600023350,16,6,23,845,1,1,1,1,2,196,4828723,125765,280,1,3,3,0,1,1,6,135,1,0,1,0,0
201600023351,16,7,22,715,1,1,1,1,6,41,4829911,128797,280,1,3,3,0,1,1,6,135,1,0,1,0,1
201600023352,16,7,24,300,3,1,1,1,6,253,4834591,141413,280,1,3,3,0,0,1,6,135,1,0,0,0,0
201600023353,16,9,23,2115,3,1,1,1,6,80,4820602,92443,280,1,3,3,0,1,3,0,135,1,0,1,99,0
201600023354,16,10,17,645,3,1,1,1,4,104,4847198,159797,280,1,3,3,0,1,1,6,135,1,0,1,99,0
201600023356,16,12,8,2115,3,1,1,1,6,15,4851174,176527,280,1,3,3,0,0,1,6,135,1,0,1,0,1
201600023358,16,3,1,900,1,1,1,1,5,130,4710179,155115,440,3,2,1,0,1,2,0,70,1,0,1,0,1
201600023359,16,5,1,2145,3,1,1,1,7,142,4702227,139893,440,1,3,2,0,1,1,0,0,1,3,2,0,0
201600023360,16,8,13,1615,1,1,1,1,2,14,4711544,149285,440,1,3,0,0,1,1,0,0,1,0,1,0,0
201600023361,16,2,6,1530,1,2,1,1,6,78,4338878,480722,130,4,0,0,0,1,0,0,0,1,6,0,99,0
201600023362,16,3,27,1645,1,1,1,1,6,78,4345677,475261,130,3,2,0,0,0,2,0,0,2,0,1,99,0
201600023363,16,4,29,1730,1,1,1,1,4,141,4885600,285400,770,1,3,3,0,1,1,13,108,1,0,2,99,0
201600023364,16,6,13,945,1,1,4,1,2,521,4885134,286353,770,2,2,2,0,1,2,0,0,1,3,2,99,0
201600023366,16,9,8,700,2,1,1,1,3,505,4852500,263000,770,1,3,2,0,1,1,15,72,1,0,1,0,0
201600023367,16,9,27,730,1,1,1,1,6,478,4895200,304100,770,1,1,2,0,1,1,20,72,1,2,2,0,0
201600023368,16,10,22,400,3,1,1,5,6,78,4900464,313579,770,1,3,4,0,2,1,10,72,1,0,1,99,0
201600023369,16,10,25,2020,5,1,1,8,6,141,4887643,287737,770,1,3,3,0,1,1,0,0,1,0,1,99,0
201600023370,16,11,20,30,3,1,1,1,4,141,4887098,286098,770,1,1,5,0,2,1,10,108,1,0,1,99,0
201600023371,16,11,17,715,2,1,3,1,5,79,4384820,218459,810,3,2,2,0,1,1,0,20,1,0,1,0,0
201600023372,16,11,17,1230,1,2,1,1,1,156,4391920,203839,810,3,2,2,0,1,3,0,71,1,0,1,99,0
201600023373,16,10,22,1810,1,1,3,1,2,74,4392630,220312,810,3,2,2,0,1,1,0,10,1,0,1,99,0
201600023374,16,12,25,1740,2,1,1,1,5,203,4389370,236693,810,3,2,2,0,1,2,0,80,1,0,1,99,0
201600023375,16,10,25,730,2,1,1,8,6,286,4365790,201730,810,3,2,2,0,1,1,0,34,2,0,3,99,0
201600023376,16,12,24,1520,1,1,1,2,6,250,4375600,217608,810,3,2,2,0,4,3,0,0,2,0,3,99,0
201600023377,16,1,31,1915,3,1,1,3,1,115,4347300,261663,810,3,2,2,0,1,1,0,80,2,0,1,0,0
201600023378,16,3,8,1245,1,1,1,1,6,238,4348360,247005,810,3,2,2,0,1,3,80,0,1,0,1,0,0
201600023379,16,10,7,1900,2,1,1,1,3,36,4349380,243503,810,3,2,3,0,1,1,0,110,1,0,1,99,0
201600023380,16,1,24,345,5,2,1,1,6,13,4364880,58433,320,4,2,2,0,2,2,0,0,2,0,4,99,0
201600023381,16,1,22,1920,5,2,1,8,1,13,4363660,58957,320,4,2,2,0,1,1,0,0,2,0,1,99,0
201600023382,16,2,10,1240,1,2,1,2,1,13,4364770,58348,320,4,2,2,0,2,2,0,70,2,0,1,99,0
201600023383,16,2,12,1800,1,1,1,1,3,13,4364880,59624,320,4,2,2,0,1,1,0,0,2,0,1,99,0
201600023384,16,2,20,1350,1,2,2,1,3,13,4363430,59915,320,4,2,2,0,2,1,0,0,1,0,1,99,0
201600023385,16,3,8,1240,1,1,1,1,6,13,4367560,59641,320,4,2,2,0,2,1,0,54,1,0,3,99,0
201600023386,16,3,9,1355,1,1,1,8,1,13,4365840,55956,320,3,2,2,0,2,3,0,60,2,0,1,99,0
201600023387,16,3,10,1215,1,2,1,1,6,13,4364240,58640,320,2,2,2,0,1,1,0,66,1,0,4,99,1
201600023388,16,3,31,2315,3,2,1,2,6,13,4364720,58905,320,4,1,2,0,1,2,0,0,2,2,4,99,1
201600023389,16,4,26,1525,1,2,3,1,3,13,4366410,59246,320,4,2,2,0,1,1,0,0,1,0,1,99,0
201600023390,16,5,15,45,3,1,1,1,7,13,4364550,61577,320,4,2,2,0,1,1,0,0,1,0,1,99,0
201600023391,16,5,19,1440,1,2,1,1,2,13,4364960,58644,320,4,2,2,0,2,1,0,0,1,0,1,99,0
201600023392,16,5,23,1045,1,1,1,1,1,13,4369070,60512,320,2,2,2,0,1,1,0,72,1,0,1,99,0
201600023393,16,5,23,1150,1,2,1,1,6,13,4366450,59559,320,4,2,2,0,1,1,0,70,1,0,1,99,0
201600023394,16,6,10,225,5,2,3,1,3,13,4364900,58959,320,4,2,3,0,1,1,0,0,1,0,1,99,0
201600023395,16,6,14,1050,1,2,1,1,6,13,4364720,58900,320,4,1,2,0,1,2,0,0,1,0,1,99,0
201600023396,16,6,22,930,1,2,2,1,1,13,4366560,59419,320,4,2,2,0,1,2,0,0,1,0,1,99,0
201600023397,16,6,23,840,1,2,4,1,2,13,4364230,58972,320,3,1,1,0,1,1,0,0,1,5,1,3,0
201600023398,16,7,4,820,1,1,1,1,6,13,4362260,54656,320,4,2,2,0,2,2,0,0,9,0,1,99,0
201600023399,16,7,5,1800,1,2,1,1,2,13,4365370,61120,320,4,2,2,0,2,1,0,0,1,0,1,99,0
201600023400,16,7,12,645,2,1,1,2,1,13,4366280,58546,320,2,2,2,0,2,3,0,80,2,0,1,99,1
201600023401,16,8,8,1430,1,2,3,1,1,13,4364940,58813,320,4,2,2,0,1,1,0,0,1,5,1,99,0
201600023402,16,8,14,1032,1,1,1,1,6,13,4366770,58510,320,4,2,1,0,1,1,0,0,1,0,1,0,0
201600023403,16,9,9,820,1,2,3,1,3,13,4365370,59552,320,2,2,2,0,1,1,0,67,1,0,1,99,0
201600023404,16,9,19,1835,1,2,1,1,2,13,4365580,59663,320,2,2,2,0,1,1,0,67,1,0,1,99,0
201600023405,16,10,9,1225,1,1,1,1,6,13,4366540,57599,320,2,2,2,0,2,3,0,0,1,0,1,99,0
201600023406,16,10,25,1400,1,2,6,1,3,13,4364080,59615,320,3,2,2,0,1,1,0,0,1,0,1,99,0
201600023407,16,10,27,1700,1,2,1,1,3,13,4365130,60330,320,3,2,2,0,1,1,0,73,1,0,1,99,0
201600023408,16,11,8,730,1,1,1,8,1,13,4367940,60234,320,2,2,2,0,1,1,0,0,2,0,1,99,1
201600023409,16,11,12,1640,1,1,1,8,5,13,4367020,53281,320,2,2,2,0,1,1,0,0,1,0,1,99,0
201600023410,16,11,15,1845,1,1,3,1,1,13,4363110,58131,320,2,4,4,0,1,1,0,0,1,5,1,3,0
201600023411,16,11,23,1215,1,2,4,2,3,13,4364050,59010,320,4,2,2,0,1,1,0,0,2,0,1,99,0
201600023412,16,11,24,1020,1,2,1,1,3,13,4364780,59254,320,3,2,2,0,1,1,0,0,1,0,1,99,0
201600023413,16,11,29,1429,1,2,1,1,2,13,4364100,58579,320,2,2,2,0,1,1,0,0,1,0,1,99,0
201600023414,16,11,30,1335,1,2,2,1,6,13,4365570,59660,320,2,2,2,0,1,1,0,0,1,0,1,99,1
201600023415,16,12,7,1225,1,1,3,1,3,13,4365980,56057,320,3,2,2,0,2,2,0,0,1,0,1,99,0
201600023416,16,12,7,1349,1,2,1,1,2,13,4364740,59225,320,3,2,3,0,1,1,0,0,1,0,1,99,0
201600023417,16,12,7,1525,1,2,1,1,2,13,4364100,58579,320,2,2,2,0,1,1,0,0,1,0,1,99,0
201600023418,16,12,7,1835,5,2,1,1,6,13,4366450,59287,320,4,2,2,0,1,1,0,0,1,0,1,99,0
201600023419,16,12,17,1615,1,2,2,1,2,13,4363110,58131,320,2,2,4,0,1,1,0,0,1,0,1,99,0
201600023420,16,12,25,250,3,1,1,1,7,13,4369450,60826,320,2,2,2,0,1,1,0,0,1,0,3,99,0
201600023421,16,12,26,1400,1,1,1,1,6,13,4366340,59141,320,4,2,2,0,1,1,0,0,1,0,1,99,0
201600023422,16,12,29,1739,1,2,1,1,5,13,4364370,58696,320,2,2,2,0,1,1,0,0,1,0,1,99,0
201600023425,16,10,23,100,3,1,1,1,6,404,4879217,673227,570,3,2,1,0,1,1,0,55,1,0,1,99,0
201600023426,16,10,24,1245,1,1,1,2,6,410,4888773,688320,570,3,2,2,0,1,3,32,32,2,2,3,99,0
201600023427,16,11,7,1220,1,1,1,1,6,210,4885177,701475,570,3,2,2,0,1,3,0,66,2,0,1,99,0
201600023428,16,11,23,1205,1,1,3,1,6,11,4894495,686928,570,3,2,2,0,1,0,7,510,1,0,0,0,0
201600023429,16,12,6,800,2,1,1,5,1,246,4876167,672732,570,3,2,2,0,1,1,0,65,1,0,1,99,0
201600023431,16,12,25,1919,3,1,1,1,6,11,4893030,684894,570,3,2,2,0,1,3,0,52,1,0,3,99,0
201600023432,16,1,11,1745,3,1,1,2,5,599,4765503,517625,210,1,3,3,0,1,1,10,135,2,0,1,0,0
201600023433,16,3,28,1015,1,1,1,8,6,261,4727804,515000,210,1,3,3,0,1,1,35,100,2,0,1,99,0