Num_Acc,an,mois,jour,hrmn,lum,agg,int,atm,col,com,lat,long,dep,catr,circ,nbv,vosp,prof,plan,lartpc,larrout,surf,infra,situ,env1,killed
201600023434,16,4,6,715,2,1,9,5,6,261,4727648,514697,210,1,1,2,0,0,0,0,810,0,3,0,0,0
201600023435,16,7,31,1515,1,1,1,1,3,614,4744969,517053,210,1,3,3,0,1,1,35,105,1,0,1,99,0
201600023436,16,8,10,1915,1,1,1,1,6,643,4719784,531008,210,1,3,2,0,1,1,35,75,1,0,1,99,1
201600023437,16,9,26,1430,1,1,1,1,6,16,4740261,518302,210,1,1,3,0,1,2,0,0,1,0,2,99,0
201600023438,16,11,7,2009,3,1,1,1,6,370,4726825,517449,210,1,3,4,3,1,1,12,100,1,0,2,99,0
201600023439,16,1,20,730,2,1,1,1,3,675,4961178,104256,760,1,2,0,0,1,1,10,70,2,0,1,99,0
201600023440,16,5,17,1545,1,1,1,1,2,66,4963767,105069,760,1,3,4,0,1,1,10,70,1,0,1,0,1
201600023441,16,5,23,2330,3,1,1,1,1,729,4964278,74609,760,1,3,4,0,1,1,10,70,1,0,1,99,0
201600023442,16,8,27,1645,1,1,1,1,6,675,4958871,104792,760,1,3,4,0,1,1,0,35,1,0,1,0,0
201600023443,16,9,13,1245,1,1,1,1,6,325,4965317,83520,760,1,3,4,0,1,1,10,70,1,0,1,0,0
201600023445,16,9,30,1745,1,1,1,1,3,573,4366480,169586,310,3,2,2,0,2,1,0,63,1,0,1,99,0
201600023446,16,10,17,750,1,2,1,1,6,44,4360457,150754,310,4,2,2,0,1,1,0,50,1,0,1,3,0
201600023447,16,11,29,1730,5,2,1,1,6,389,4363887,152169,310,4,2,2,0,2,0,0,41,1,0,1,99,0
201600023448,16,11,29,1605,1,1,3,1,4,29,4352587,168122,310,3,2,2,0,1,0,5,410,1,0,0,0,0
201600023449,16,12,4,1600,1,1,4,1,3,418,4363260,152527,310,3,2,2,0,2,3,8,10,1,0,1,99,0
201600023450,16,11,27,1500,1,2,1,7,7,44,4362401,149528,310,9,3,1,0,1,1,53,75,1,0,1,3,0
201600023451,16,6,12,1300,1,1,2,1,3,454,4342824,113165,310,3,2,2,0,1,1,20,57,1,5,1,0,1
201600023452,16,10,12,1705,1,1,1,1,1,547,4349000,128025,310,3,2,2,0,1,1,0,45,1,0,1,99,0
201600023454,16,1,29,1500,1,2,1,2,6,113,4351762,150260,310,3,2,2,0,1,1,0,70,2,0,1,3,0
201600023455,16,10,29,1215,1,2,1,1,3,113,4351495,149275,310,4,1,1,0,1,1,0,0,1,0,1,99,0
201600023456,16,11,13,1515,1,1,1,3,1,575,4352570,142750,310,3,2,2,0,1,1,0,70,2,0,1,99,0
201600023457,16,1,17,1500,3,1,1,2,6,294,4600764,411170,420,4,2,2,0,4,1,0,50,2,0,3,0,1
201600023458,16,10,19,1200,1,2,2,1,6,116,4369168,143267,310,3,2,2,0,0,0,0,0,0,0,0,0,0
201600023459,16,12,31,1230,1,2,1,1,6,624,4987898,122145,760,3,2,2,0,1,1,0,72,1,0,1,99,1
201600023460,16,3,1,1615,1,1,1,2,6,288,4982797,124658,760,3,2,2,0,1,1,0,80,2,0,3,0,0
201600023461,16,6,10,1245,1,1,1,1,7,635,4985014,146113,760,3,2,2,0,1,2,0,0,1,0,1,0,0
201600023462,16,6,11,1630,1,2,1,1,5,562,4986697,118427,760,3,2,2,0,1,1,0,63,1,0,1,0,0
201600023463,16,11,3,2020,5,2,1,1,6,210,4985903,120536,760,3,2,2,0,1,1,0,68,1,0,3,99,0
201600023464,16,11,29,800,1,1,1,1,1,392,4984132,138067,760,3,2,2,0,1,3,0,61,7,0,1,99,0
201600023465,16,1,2,1930,3,1,1,2,1,40,4769152,125312,410,3,2,0,0,1,1,0,56,2,0,1,99,0
201600023466,16,4,9,1600,1,1,1,3,2,91,4762447,129340,410,3,3,4,0,1,1,0,0,2,0,1,99,0
201600023467,16,5,1,630,1,2,6,1,6,29,4751165,130019,410,3,2,2,0,1,1,0,0,1,5,3,99,0
201600023468,16,5,31,2000,1,1,1,2,3,223,4761401,122464,410,3,2,2,0,2,2,0,0,2,0,1,99,0
201600023469,16,7,15,45,3,2,1,1,7,55,4751400,122902,410,3,2,2,0,1,1,0,40,1,0,3,99,0
201600023470,16,9,3,45,3,1,1,1,1,128,4764020,132541,410,3,2,0,0,1,1,0,0,1,0,1,99,0
201600023471,16,10,2,815,1,1,1,1,7,29,4749045,125399,410,3,2,1,0,0,1,0,0,1,0,3,99,0
201600023472,16,10,22,1745,1,1,9,1,7,223,4762095,121141,410,3,2,0,0,0,2,0,0,1,0,1,99,0
201600023473,16,11,29,1115,1,2,1,1,6,276,4762478,131600,410,4,2,0,0,1,1,0,0,1,0,1,99,0
201600023474,16,12,24,1130,1,1,1,1,3,91,4763294,128933,410,3,2,2,0,1,3,0,0,2,0,1,0,0
201600023475,16,12,30,30,3,2,1,5,6,29,4750170,126095,410,4,2,0,0,2,1,0,0,0,0,0,99,1
201600023476,16,3,30,1800,1,1,1,1,7,107,4720900,147297,360,3,2,2,0,1,2,0,50,1,0,3,0,0
201600023477,16,5,23,1000,1,1,1,1,7,77,4723250,154019,360,3,2,2,0,1,1,0,60,1,0,3,0,0
201600023478,16,1,28,1455,1,2,1,3,1,529,4464397,115761,330,4,2,2,1,1,1,15,34,2,0,1,99,0
201600023479,16,12,27,1000,1,2,1,1,6,529,4463496,115334,330,6,0,0,0,1,1,0,96,1,0,1,99,0
201600023480,16,2,3,900,1,1,6,3,2,529,4461693,113818,330,2,2,2,0,1,1,0,100,2,5,1,99,0
201600023481,16,11,30,1650,1,1,1,1,6,529,4462744,112845,330,4,2,2,0,1,1,0,67,1,0,1,0,0
201600023482,16,2,7,1540,1,2,1,3,6,529,4464101,115596,330,4,2,2,0,1,1,0,60,1,0,1,0,0
201600023483,16,2,19,1,5,2,2,5,3,529,4453810,115219,330,3,2,2,0,1,1,0,71,2,5,1,99,0
201600023484,16,2,26,1430,1,1,1,1,6,529,4463558,115361,330,6,0,0,0,1,1,0,60,1,0,1,99,0
201600023485,16,2,17,2100,5,2,6,1,3,529,4462671,114152,330,3,2,2,0,1,2,0,70,1,0,1,99,0
201600023486,16,3,6,530,5,2,6,1,6,529,4463788,114390,330,3,1,2,0,1,3,0,71,2,0,1,99,0
201600023487,16,3,7,955,1,2,6,1,6,529,4463426,115197,330,3,2,2,0,1,2,0,0,2,5,0,0,0
201600023488,16,3,31,1815,1,2,1,1,6,529,4462233,114016,330,3,2,2,0,1,1,0,62,1,0,1,0,0
201600023489,16,4,2,1050,1,2,1,1,2,529,4463233,115271,330,4,1,1,0,1,2,0,64,1,0,1,0,0
201600023490,16,4,5,1330,1,1,1,1,4,529,4461825,112316,330,2,2,2,0,1,1,0,60,1,0,1,0,0
201600023491,16,4,27,1230,1,1,1,1,6,529,4449216,123605,330,3,2,2,0,1,1,0,60,1,0,1,99,0
201600023492,16,5,2,1555,1,2,1,1,6,529,4463765,113422,330,4,4,2,0,1,2,0,54,1,2,3,99,1
201600023493,16,5,5,30,5,1,1,1,6,529,4463338,116264,330,3,2,2,0,1,1,0,60,1,0,2,99,0
201600023494,16,5,5,850,1,2,1,1,6,9,4466247,116013,330,3,2,2,0,1,1,0,69,1,0,1,99,0
201600023495,16,5,4,1215,1,2,7,1,2,9,4465750,115080,330,4,1,1,0,1,0,0,75,1,0,0,99,0
201600023496,16,5,11,2240,4,1,1,1,6,529,4460087,118332,330,3,2,2,0,3,2,0,72,1,0,3,99,1
201600023497,16,5,17,1905,1,2,1,1,2,529,4463904,115422,330,4,2,2,0,1,1,0,58,1,0,1,3,0
201600023498,16,5,6,1900,1,2,1,1,6,529,4463888,114617,330,3,2,2,0,1,1,0,62,2,0,1,0,0
201600023499,16,6,1,910,1,2,3,1,3,529,4462036,113943,330,3,2,2,0,1,1,0,67,1,0,1,99,0
201600023500,16,5,28,1215,1,2,2,1,5,529,4463342,114173,330,3,2,2,0,1,1,0,65,2,0,1,99,0
201600023501,16,5,31,1615,1,2,1,1,6,529,4460972,113271,330,3,2,2,0,1,1,34,54,1,0,1,3,0
201600023502,16,6,7,1755,1,1,1,1,6,529,4459800,112989,330,3,2,2,0,0,0,0,77,0,0,1,0,0
201600023503,16,6,19,210,5,1,1,3,6,529,4461219,120246,330,3,2,2,0,1,1,0,60,2,0,1,99,0
201600023504,16,6,8,2215,5,2,2,1,3,9,4466093,116833,330,4,1,1,0,1,1,0,0,1,0,1,99,0
201600023505,16,6,21,1600,1,2,1,1,2,9,4465786,114762,330,4,2,2,0,0,0,0,0,0,0,1,0,0
201600023506,16,7,5,1605,1,1,1,1,6,529,4461804,112104,330,2,2,2,0,1,1,0,72,1,0,1,0,0
201600023507,16,7,8,1840,1,1,1,1,1,529,4557800,110987,330,3,2,2,0,1,1,0,60,1,0,1,99,0
201600023508,16,7,11,1045,1,1,1,1,6,529,4463809,117192,330,3,2,2,0,2,1,0,56,1,0,1,0,0
201600023509,16,7,26,1200,1,2,2,1,6,529,4461646,120155,330,3,2,2,0,0,1,0,60,1,0,0,99,0
201600023510,16,8,2,210,5,2,3,1,6,529,4462860,120239,330,3,2,2,0,1,1,0,56,0,0,1,0,0
201600023511,16,7,31,1140,1,2,1,1,6,9,4466249,116867,330,3,1,1,0,1,1,0,55,0,0,1,99,0
201600023512,16,8,1,1000,1,2,6,1,6,529,4464719,115824,330,3,2,4,0,1,3,0,120,1,5,1,0,0
201600023513,16,8,7,1145,1,1,1,1,6,9,4459836,119048,330,3,2,2,1,1,3,0,72,1,0,1,99,0
201600023514,16,8,4,1835,1,1,1,2,6,529,4463387,118865,330,3,2,2,0,2,4,0,60,1,0,1,0,0
201600023515,16,8,11,1815,1,2,6,1,6,529,4464666,115833,330,3,2,2,0,1,3,0,99,1,0,1,0,0
201600023516,16,8,14,1250,1,1,1,1,6,529,4461526,114256,330,2,2,2,0,1,1,0,36,1,0,1,99,0
201600023517,16,8,15,1640,1,2,1,1,6,9,4466291,117230,330,4,2,2,0,1,1,0,118,1,0,1,99,0
201600023518,16,8,14,1930,1,1,1,1,2,529,4457320,121808,330,3,2,2,0,1,1,0,64,1,0,1,99,0
201600023519,16,8,18,1230,1,1,1,1,1,529,4460598,120230,330,3,2,2,1,1,1,0,90,1,0,1,99,0
201600023520,16,8,11,1640,1,1,1,1,1,529,4463115,115826,330,4,2,2,0,1,0,0,34,1,0,0,99,0
201600023521,16,8,9,1215,1,2,1,1,6,9,4466270,117507,330,3,2,2,1,1,1,0,48,1,0,5,0,0
201600023522,16,8,25,1750,1,1,1,1,6,9,4459618,119602,330,3,2,2,1,1,1,0,66,1,0,1,99,0
201600023523,16,8,31,1745,1,2,3,1,6,529,4463160,114417,330,3,1,1,0,1,1,0,48,1,0,1,99,0
201600023524,16,9,8,1030,1,2,6,1,2,529,4461040,113272,330,3,2,2,0,0,0,0,0,0,5,0,0,0
201600023525,16,9,10,1250,1,2,1,1,6,529,4463383,115185,330,3,2,2,0,1,1,0,97,1,0,1,99,0
201600023526,16,9,10,1725,1,2,2,1,3,529,4463439,120246,330,3,2,2,0,1,1,0,88,1,0,1,99,0
201600023527,16,9,12,1120,1,2,1,1,6,529,4463229,114851,330,4,1,1,0,1,1,0,69,1,0,1,99,0
201600023528,16,9,10,1320,1,2,1,1,1,9,4465207,114710,330,4,1,1,0,1,1,0,62,1,0,1,99,0
201600023529,16,9,16,2040,5,2,2,1,1,529,4463920,114680,330,3,2,2,0,1,3,0,80,1,0,1,0,0
201600023530,16,9,13,1530,1,1,6,1,3,529,4461844,112538,330,2,2,2,0,1,1,0,85,1,5,1,99,0
201600023531,16,8,2,1620,1,1,2,1,3,529,4463464,115456,330,3,2,2,0,1,1,0,59,1,0,1,0,0
201600023532,16,8,8,1820,1,2,1,1,6,529,4462438,114083,330,3,2,2,0,1,1,0,65,1,0,1,0,0
201600023533,16,9,23,1745,1,2,3,1,6,9,4465252,119444,330,4,2,2,0,0,0,0,0,0,0,0,0,0
201600023534,16,9,7,1035,1,2,1,1,6,9,4465222,114626,330,4,1,1,0,1,1,0,81,1,0,1,0,0
201600023535,16,9,24,1620,1,2,1,1,7,9,4465831,114705,330,4,4,1,0,1,1,0,118,1,0,0,99,1
201600023536,16,10,6,1420,1,1,1,1,4,529,4461807,112107,330,2,2,2,0,1,1,0,86,1,0,1,99,0
201600023537,16,9,28,1700,1,2,2,1,1,9,4465665,116024,330,4,2,2,0,4,1,0,0,1,4,1,3,0
201600023538,16,10,9,1715,1,2,1,1,6,9,4465654,117619,330,4,1,1,0,2,1,0,40,1,0,1,0,0
201600023539,16,10,24,1240,1,2,2,1,3,9,4465840,115878,330,4,2,2,0,2,1,0,58,1,0,0,99,0
201600023540,16,10,26,1000,1,2,1,1,6,529,4461869,113007,330,4,2,2,1,1,1,0,66,1,0,5,0,0
201600023541,16,10,27,1257,1,2,1,1,6,529,4463308,120252,330,3,2,2,0,1,1,0,58,1,0,1,99,0
201600023542,16,10,21,1240,1,2,1,1,6,9,4466139,116841,330,4,1,1,0,1,1,0,41,1,0,1,0,0
201600023543,16,10,30,440,5,2,1,5,6,529,4463874,113751,330,3,2,2,0,2,2,0,60,1,0,3,99,0
201600023544,16,11,10,1719,2,2,1,3,6,529,4460062,117667,330,3,2,2,0,1,1,0,0,2,0,1,0,0
201600023545,16,10,30,1340,1,2,1,1,3,9,4466152,118696,330,3,1,1,1,0,0,0,0,0,0,1,0,0
201600023546,16,11,25,2350,5,2,1,2,6,529,4462752,114862,330,4,2,2,0,1,1,0,57,2,0,1,0,0
201600023547,16,11,30,1710,1,1,6,1,6,529,4461839,112549,330,2,2,2,1,1,1,0,0,0,5,1,99,0
201600023548,16,12,15,1123,1,2,2,1,6,529,4463167,114797,330,4,1,1,0,0,0,0,0,0,0,0,0,0
201600023549,16,12,24,1900,1,1,2,1,6,9,4465531,114357,330,4,2,2,0,1,1,0,69,2,0,1,0,0
201600023550,16,12,26,900,2,2,6,2,3,529,4461369,111948,330,4,2,2,0,1,1,0,80,2,0,1,0,0
201600023551,16,1,19,1045,1,2,1,8,1,191,4618800,671100,740,3,2,2,0,2,2,0,75,5,0,1,99,0
201600023552,16,2,21,1245,1,1,1,7,1,134,4619600,669000,740,3,2,2,0,2,2,0,0,2,0,1,99,0
201600023553,16,3,1,800,1,1,1,1,6,188,4620800,671000,740,3,2,2,0,3,2,0,0,5,0,1,99,0
201600023554,16,3,19,1100,1,2,1,1,6,191,4618700,671000,740,3,2,2,0,0,1,0,57,1,0,1,0,1
201600023555,16,6,17,1545,1,2,1,1,7,188,4620600,670100,740,9,2,2,0,1,3,0,0,6,0,3,99,0
201600023556,16,7,17,1815,1,2,2,1,3,191,4619900,668600,740,3,2,2,0,2,4,0,0,1,0,1,99,0
201600023557,16,8,10,1445,1,1,1,1,6,188,4621500,673700,740,3,2,2,0,2,0,0,40,1,0,3,0,1
201600023558,16,1,4,1715,4,2,3,1,6,63,4482649,56422,330,4,2,2,0,1,1,0,0,2,0,1,0,0
201600023559,16,12,30,610,3,2,1,1,6,63,4486466,55750,330,4,2,2,0,1,1,0,0,1,0,1,0,0
201600023560,16,12,28,2130,5,2,2,1,3,167,4481486,52759,330,4,2,6,0,1,1,0,90,1,0,1,0,0
201600023561,16,1,1,300,5,2,1,5,5,63,4484398,54041,330,4,3,4,0,1,1,20,60,1,0,1,0,0
201600023562,16,12,29,1035,1,2,1,5,6,63,4482940,58198,330,4,2,2,0,1,1,0,0,0,0,1,0,0
201600023563,16,12,23,2020,3,2,1,1,4,63,4486780,62517,330,4,2,2,1,1,1,0,0,2,0,1,0,0
201600023564,16,12,31,1630,1,2,1,1,6,318,4479957,63742,330,4,2,2,0,1,1,0,0,1,0,1,0,0
201600023565,16,1,4,1845,5,2,3,2,3,63,4482190,60896,330,4,1,1,0,1,1,0,0,2,0,0,0,0
201600023566,16,1,6,1150,1,2,3,1,6,63,4483620,58262,330,4,2,5,0,1,1,0,0,2,0,1,0,0
201600023567,16,1,4,1840,5,2,6,3,6,200,4487086,68743,330,4,2,2,0,1,3,0,0,2,0,1,0,0
201600023568,16,1,6,830,2,2,1,3,6,13,4485100,49794,330,4,3,2,0,1,1,0,0,2,0,0,0,0
201600023569,16,1,8,735,2,2,2,2,3,63,4484450,60614,330,4,1,1,0,1,1,0,0,2,0,0,0,0
201600023570,16,12,30,1545,1,2,1,1,2,75,4487602,59079,330,4,2,2,0,1,1,0,0,1,0,1,0,0
201600023571,16,1,5,1900,5,2,1,2,6,119,4486230,51968,330,4,2,4,0,1,1,0,0,2,0,1,0,0
201600023572,16,1,5,2025,5,2,2,2,3,281,4484520,64705,330,4,2,2,1,1,1,0,0,2,0,1,0,0
201600023573,16,12,30,1805,5,2,1,1,6,69,4485993,59241,330,4,2,2,0,1,1,0,0,1,0,1,0,0
201600023574,16,1,8,2020,5,2,1,2,3,63,4485860,55182,330,4,2,8,0,2,1,0,0,2,2,1,0,0
201600023575,16,1,8,1850,5,2,6,2,2,63,4481870,60234,330,4,2,4,0,1,2,0,0,2,0,0,0,0
201600023576,16,1,11,1025,1,2,4,6,6,63,4483930,55957,330,4,2,3,0,1,1,0,0,1,0,1,0,0
201600023577,16,1,11,2035,5,2,9,1,3,63,4482080,54147,330,4,3,6,1,1,2,0,0,2,0,1,0,0
201600023578,16,1,8,1815,4,2,6,2,6,281,4482000,64929,330,4,3,4,0,1,1,10,60,2,0,1,0,0
201600023579,16,1,3,1754,4,2,1,3,6,249,4487270,52347,330,4,2,2,0,1,1,0,60,2,0,1,0,0
201600023580,16,1,6,1925,5,2,1,2,6,318,4480904,62364,330,4,2,2,0,1,1,0,116,2,0,1,0,0
201600023581,16,1,14,2220,5,2,3,1,6,63,4487540,57202,330,4,2,2,0,1,1,0,0,1,0,0,0,0
201600023582,16,1,12,800,4,2,4,1,6,167,4484770,50599,330,4,2,2,0,1,0,0,0,2,0,1,0,0
201600023583,16,1,5,2110,5,2,3,2,3,522,4480840,58306,330,4,2,2,0,1,1,0,0,2,0,1,0,0
201600023584,16,1,15,900,1,2,4,1,6,39,4481240,55765,330,4,2,2,0,1,1,0,0,2,0,1,0,0
201600023585,16,1,15,1850,5,2,1,1,6,63,4484070,58334,330,4,2,2,0,1,1,0,0,1,0,1,0,0
201600023586,16,1,18,1415,1,2,2,2,1,63,4486570,55245,330,4,2,2,0,1,0,0,0,2,0,1,0,0
201600023587,16,1,10,610,5,2,1,3,6,119,4485836,53882,330,4,2,2,0,1,1,0,0,2,0,1,0,0
201600023588,16,1,18,800,2,2,4,3,6,63,4482015,54984,330,4,2,3,0,1,2,0,0,2,0,1,0,0
201600023589,16,1,14,1625,1,2,2,1,2,281,4485660,65327,330,4,2,3,2,1,1,0,100,2,0,1,0,0
201600023590,16,1,12,800,2,2,3,3,1,75,4487450,60941,330,4,2,2,0,1,1,0,0,2,0,1,0,0
201600023591,16,1,20,830,1,2,2,1,3,63,4485370,57635,330,4,1,1,0,1,1,0,25,2,0,1,0,0
201600023592,16,1,19,1920,5,2,2,2,6,63,4486460,56377,330,4,2,2,0,1,1,0,0,2,0,0,0,0
201600023593,16,1,16,1850,5,2,2,1,6,162,4486120,64214,330,4,2,3,0,1,1,0,0,1,0,1,0,0
201600023594,16,1,16,1540,1,2,1,1,6,281,4485121,65513,330,4,2,2,0,1,1,0,60,1,0,1,0,0
201600023595,16,1,20,1240,1,2,6,1,5,550,4477840,56997,330,4,1,2,0,1,3,0,0,1,0,0,0,1
201600023596,16,1,21,2215,5,2,3,8,3,63,4483910,58615,330,4,2,3,2,1,1,0,135,1,0,1,0,0
201600023597,16,1,18,1830,4,2,1,2,2,281,4485260,69339,330,4,2,2,0,1,1,0,70,2,0,1,0,0
201600023598,16,1,15,730,2,2,1,1,6,192,4477190,62633,330,4,2,2,0,1,1,0,74,2,0,1,0,0
201600023599,16,1,18,745,5,2,2,3,6,69,4486570,61983,330,4,2,2,0,1,1,0,0,2,0,1,0,0
201600023600,16,1,21,1250,1,2,1,8,3,63,4483210,54724,330,4,2,3,3,1,1,0,0,1,0,0,0,0
201600023601,16,1,19,1400,1,2,1,3,3,281,4482760,67128,330,4,2,2,0,1,1,0,60,2,0,1,0,0
201600023602,16,1,21,2310,5,2,2,1,3,39,4481720,54672,330,4,2,2,0,1,1,0,0,1,0,1,0,0
201600023603,16,1,23,415,5,2,1,5,3,63,4483310,56124,330,4,1,2,0,1,1,0,0,2,0,1,0,0
201600023604,16,12,12,1345,1,2,2,1,6,550,4478563,56637,330,4,2,2,0,1,1,0,0,1,0,1,0,1
201600023605,16,1,21,800,2,2,6,5,3,522,4480170,58523,330,4,2,2,0,1,1,0,0,1,0,0,0,0
201600023606,16,1,21,1040,1,2,3,1,2,63,4484527,59244,330,4,2,2,0,1,1,0,0,1,0,1,0,0
201600023607,16,1,23,610,5,2,3,1,2,119,4486560,51380,330,4,2,5,0,1,1,0,0,2,0,1,0,0
201600023608,16,1,19,1740,5,2,1,3,6,39,4480850,57383,330,4,2,2,0,1,1,0,365,2,0,1,0,0
201600023609,16,1,20,2200,4,2,6,1,6,281,4484780,70798,330,4,2,2,0,1,1,0,0,1,0,1,0,0
201600023610,16,1,20,1430,1,2,4,1,3,162,4487000,65794,330,4,2,2,0,1,1,0,77,8,0,1,0,0
201600023611,16,1,20,1005,1,2,2,1,1,550,4477868,56615,330,4,1,5,0,2,2,0,0,1,0,1,0,0
201600023612,16,1,21,1445,1,1,1,1,2,200,4489350,66898,330,4,2,2,0,1,2,0,0,1,0,1,0,0
201600023613,16,1,12,2005,5,2,3,1,3,318,4480080,67538,330,4,3,2,2,1,3,0,0,2,0,0,0,0
201600023614,16,1,18,1000,1,2,2,1,3,192,4478030,60302,330,4,3,2,0,0,1,40,70,1,0,1,0,0
201600023615,16,1,22,1705,1,2,2,3,1,192,4477430,61279,330,4,2,2,0,1,1,0,0,2,0,1,0,0
201600023616,16,1,27,1845,4,2,6,1,1,63,4482680,60124,330,4,1,6,0,1,2,0,0,1,0,1,0,0
201600023617,16,1,23,2300,5,2,4,1,1,162,4486070,65816,330,4,2,2,0,1,1,0,0,1,0,1,0,0
201600023618,16,1,26,1810,5,2,3,1,3,63,4485520,60043,330,4,2,2,0,1,1,0,36,1,0,1,0,0
201600023619,16,1,28,1720,2,2,3,2,2,63,4482620,54874,330,4,1,1,0,1,1,0,0,2,0,1,0,0
201600023620,16,1,28,1400,1,2,2,1,3,63,4485500,57446,330,4,1,3,0,1,1,0,0,1,4,1,0,0
201600023621,16,1,26,1550,1,2,1,1,3,281,4484790,68652,330,4,2,5,2,1,1,0,90,1,0,1,0,0
201600023622,16,1,31,2325,5,2,1,2,6,318,4479950,67257,330,4,1,1,0,1,2,0,45,2,0,1,0,0
201600023623,16,1,28,2300,5,2,4,1,3,63,4481349,56471,330,4,2,2,0,1,1,0,0,2,0,1,0,0
201600023624,16,1,30,2335,5,2,3,2,2,63,4482880,56356,330,4,2,2,0,1,1,0,0,2,0,0,0,0
201600023625,16,1,30,1550,1,2,2,2,3,63,4486460,56377,330,4,2,5,0,1,1,0,181,2,0,1,0,0
201600023626,16,1,29,2140,5,2,2,1,3,281,4485250,64518,330,4,2,3,0,1,1,0,0,1,0,1,0,0
201600023627,16,1,26,1712,1,2,3,1,3,39,4480560,57260,330,4,2,2,0,1,1,0,0,1,0,0,0,0
201600023628,16,2,2,815,1,2,1,1,5,63,4482610,58028,330,4,1,1,0,1,1,0,0,1,0,1,0,0
201600023629,16,1,25,735,5,2,3,1,3,281,4482660,66389,330,4,2,5,2,1,1,0,80,1,0,1,0,0
201600023630,16,2,3,1430,1,2,2,1,6,63,4483670,57065,330,4,1,1,0,1,1,0,0,1,0,1,0,0
201600023631,16,1,29,1545,1,2,1,1,2,192,4476670,61836,330,4,2,2,0,1,1,0,42,1,0,0,0,0
201600023632,16,1,29,2226,5,2,6,1,6,32,4491980,54343,330,3,3,4,0,1,1,0,0,1,0,0,0,0
201600023633,16,2,4,845,1,2,1,7,2,63,4482180,55315,330,4,2,2,0,1,1,0,0,1,0,1,0,0
201600023634,16,1,28,1900,5,2,2,2,2,318,4480470,66201,330,1,1,2,0,1,1,0,0,2,3,0,0,0
201600023635,16,2,6,320,5,2,1,5,6,63,4481447,57074,330,4,3,4,0,1,1,0,0,1,0,1,0,1
201600023636,16,2,3,1350,1,2,1,1,4,281,4482664,61980,330,4,2,6,0,1,1,10,40,1,0,1,0,0
201600023637,16,2,6,1020,1,2,2,1,3,39,4481290,56138,330,4,2,4,3,1,1,0,0,1,0,1,0,0
201600023638,16,1,28,1140,1,2,1,1,3,318,4479290,67132,330,4,2,5,1,1,1,0,275,1,0,1,0,0
201600023639,16,2,7,600,5,2,2,2,1,63,4485380,59343,330,4,2,6,0,1,1,0,0,2,0,1,0,0
201600023640,16,2,3,1710,1,2,1,1,6,281,4485016,65579,330,4,2,5,0,1,1,20,60,1,4,1,0,0
201600023641,16,2,7,530,5,2,2,3,2,63,4484020,59921,330,4,3,6,0,1,1,0,0,2,0,0,0,0
201600023642,16,2,7,2150,5,2,5,2,3,63,4485150,57398,330,4,2,2,0,1,1,0,0,2,4,1,0,0
201600023643,16,2,3,840,1,2,1,1,6,318,4478270,64808,330,4,2,2,0,1,1,0,75,2,0,1,0,0
201600023644,16,1,26,835,1,1,3,2,3,281,4486222,64510,330,4,2,2,0,1,1,0,0,2,0,1,0,0
201600023645,16,1,29,1803,1,2,3,1,5,162,4488420,63427,330,4,2,3,2,1,1,0,0,1,0,1,0,0
201600023646,16,2,6,1230,1,2,4,4,6,119,4485560,52095,330,4,2,3,0,1,1,15,95,1,0,1,0,0
201600023647,16,2,9,2102,5,2,6,2,6,63,4482310,60088,330,4,2,5,3,1,1,0,143,2,0,1,0,0
201600023648,16,2,9,2115,5,1,1,3,6,39,4482040,53927,330,1,1,1,0,1,2,0,0,2,0,1,0,0
201600023649,16,2,2,2203,5,2,2,3,3,550,4478170,56595,330,4,3,4,0,1,1,0,0,2,0,1,0,0
201600023650,16,2,9,740,1,2,3,1,6,522,4480790,60325,330,4,2,3,0,1,1,0,0,1,0,0,0,0
201600023651,16,2,5,715,2,1,1,1,1,75,4489110,58952,330,4,2,4,0,1,3,0,0,1,0,1,0,0
201600023652,16,2,8,1740,2,2,3,1,2,249,4487358,52444,330,4,2,2,0,1,1,0,60,1,0,1,3,0
201600023653,16,2,9,745,1,1,1,1,5,281,4482090,68198,330,4,2,4,0,1,0,0,90,2,0,1,0,0
201600023654,16,2,11,800,1,2,1,3,3,522,4481840,60216,330,4,3,6,2,1,1,0,0,2,0,1,0,0
201600023655,16,2,11,800,1,2,3,3,2,63,4483250,61113,330,4,2,2,0,1,1,0,0,2,0,1,0,0
201600023656,16,2,11,815,1,2,4,1,6,63,4483090,60469,330,4,2,2,0,1,1,0,0,2,0,1,0,0
201600023657,16,2,11,1813,5,1,2,2,1,63,4481290,56138,330,4,1,2,3,1,1,0,0,2,0,1,0,0
201600023658,16,2,11,2130,5,2,1,2,3,63,4485900,62925,330,4,2,4,0,1,1,0,0,2,0,1,0,0
201600023659,16,2,8,1123,1,2,1,1,1,550,4478300,56830,330,4,2,2,0,1,3,0,0,2,0,1,0,0
201600023660,16,2,12,1610,1,2,1,1,2,63,4483252,55411,330,4,3,6,0,1,1,0,0,1,2,1,0,0
201600023661,16,2,12,955,1,2,3,2,3,63,4482835,56164,330,4,2,2,0,1,1,0,0,2,0,0,0,0
201600023662,16,2,13,1800,1,2,2,1,1,63,4487451,55366,330,4,1,2,0,1,1,0,0,2,0,1,3,0
201600023663,16,2,14,1715,1,2,1,2,1,318,4478903,67498,330,4,2,2,1,1,1,0,55,2,0,1,0,0
201600023664,16,2,13,250,5,2,2,1,2,281,4484390,67355,330,1,1,1,0,2,1,0,0,2,0,0,0,0
201600023665,16,2,12,2115,5,2,3,2,1,281,4481560,63422,330,4,2,4,0,1,1,0,0,2,0,1,0,1
201600023666,16,2,6,330,5,2,3,5,6,550,4476400,56577,330,4,2,3,0,1,1,0,0,0,0,1,0,0