Num_Acc,an,mois,jour,hrmn,lum,agg,int,atm,col,com,lat,long,dep,catr,circ,nbv,vosp,prof,plan,lartpc,larrout,surf,infra,situ,env1,killed
201600023667,16,2,8,1010,1,2,2,2,3,63,4485830,56689,330,4,1,3,2,1,1,0,0,2,0,1,0,0
201600023668,16,2,7,1745,1,2,1,2,3,192,4477130,59809,330,4,2,2,0,1,1,0,0,2,0,1,0,0
201600023669,16,2,5,1740,1,2,1,1,4,192,4479000,61263,330,4,2,2,0,1,1,0,0,1,0,1,0,0
201600023670,16,2,16,1720,1,2,2,1,1,63,4484300,57317,330,4,2,1,0,1,1,0,0,1,0,1,0,0
201600023671,16,2,10,1300,1,2,2,2,6,75,4488560,61090,330,4,2,2,0,1,1,0,0,2,0,1,0,0
201600023672,16,2,10,1435,1,2,1,2,3,192,4477620,61121,330,4,2,3,0,1,1,0,0,2,0,1,0,0
201600023673,16,2,13,1545,1,2,1,3,6,119,4485560,53462,330,4,2,6,0,1,1,0,0,1,0,1,0,0
201600023674,16,2,17,2130,5,2,1,1,6,63,4485470,59274,330,4,3,4,2,1,1,70,247,1,0,1,0,0
201600023675,16,2,13,400,5,2,1,3,6,119,4485340,53819,330,4,1,8,0,1,1,0,60,2,0,1,0,0
201600023676,16,1,6,1140,1,2,1,3,4,69,4487230,59959,330,4,2,2,0,1,1,0,0,2,0,1,0,0
201600023677,16,2,15,2115,5,2,4,1,6,119,4485230,51386,330,4,2,4,0,1,1,0,0,1,0,1,0,0
201600023678,16,2,10,1925,5,2,2,1,1,318,4479250,66725,330,4,2,2,0,1,1,0,85,2,0,1,0,0
201600023679,16,2,20,1230,1,2,1,1,3,63,4484820,57604,330,4,2,6,0,1,1,0,0,1,0,1,0,0
201600023680,16,2,22,555,5,2,3,1,6,63,4484930,54486,330,4,3,8,0,1,1,0,0,1,0,0,0,0
201600023681,16,2,11,935,1,2,1,1,6,192,4478480,60952,330,4,2,2,0,1,2,0,64,2,0,1,0,0
201600023682,16,2,20,1745,2,2,1,2,6,318,4481190,61690,330,4,2,2,0,1,1,0,0,2,0,1,0,0
201600023683,16,2,16,920,1,2,6,1,3,522,4480730,58872,330,4,3,2,0,1,1,0,0,1,0,1,0,0
201600023684,16,2,22,1505,1,2,1,1,3,63,4487110,56364,330,4,2,2,0,1,1,0,133,1,0,1,0,0
201600023685,16,2,25,130,5,2,1,2,7,63,4486550,57692,330,4,3,4,0,1,1,9,190,2,0,1,0,0
201600023686,16,2,25,1927,5,2,1,1,6,63,4484230,56999,330,4,2,3,0,1,1,0,0,1,4,1,0,0
201600023687,16,2,17,1025,1,2,2,1,6,75,4488210,61143,330,4,2,2,0,1,1,0,0,1,0,1,0,0
201600023688,16,2,18,1515,1,2,3,1,3,39,4480770,54763,330,4,2,2,0,1,1,0,345,1,0,0,0,0
201600023689,16,2,22,1430,1,2,2,1,6,281,4483450,63729,330,4,2,2,0,1,1,0,0,1,0,0,0,0
201600023690,16,2,19,815,2,2,6,2,3,318,4481290,63495,330,4,2,2,0,1,1,0,40,2,0,1,0,0
201600023691,16,2,21,330,5,2,1,2,6,550,4477410,58443,330,4,3,2,0,1,1,0,0,2,0,1,0,0
201600023692,16,2,26,1810,2,2,2,1,3,63,4482300,59542,330,4,1,1,0,1,1,0,0,1,0,1,0,0
201600023693,16,2,22,1545,1,2,6,1,3,200,4485830,67766,330,4,2,2,0,1,1,0,0,1,0,0,0,0
201600023694,16,2,28,2115,5,2,1,1,6,63,4487130,56301,330,4,2,3,0,1,1,10,0,1,0,1,0,0
201600023695,16,2,27,2310,5,2,1,1,2,63,4485558,61392,330,4,2,2,0,1,1,0,0,1,0,1,0,0
201600023696,16,2,27,630,5,2,2,1,3,63,4482890,55670,330,4,1,2,2,1,1,0,0,1,0,0,0,0
201600023697,16,2,22,1715,1,2,1,1,3,249,4488608,50932,330,4,2,2,0,1,1,0,72,1,0,1,0,0
201600023698,16,2,29,1320,1,2,2,1,3,63,4482120,56582,330,4,1,1,2,1,1,0,70,1,0,1,0,0
201600023699,16,2,29,845,1,2,1,1,6,63,4482360,58201,330,4,1,1,2,1,1,0,0,1,0,1,0,0
201600023700,16,2,29,1535,1,2,6,1,3,119,4485271,52783,330,4,2,2,0,1,1,0,0,1,0,1,0,0
201600023701,16,3,1,1835,2,2,3,1,3,63,4484530,59248,330,4,2,2,0,1,1,0,0,1,0,1,0,0
201600023702,16,2,24,2250,5,2,2,1,3,522,4480680,59171,330,4,3,2,0,1,1,0,0,1,0,1,0,0
201600023703,16,2,25,1920,5,2,2,1,3,281,4485580,67106,330,4,2,2,0,1,1,0,60,1,0,1,0,0
201600023704,16,3,1,2005,5,2,2,1,5,63,4482980,56805,330,4,2,3,0,1,1,0,0,1,0,1,0,0
201600023705,16,3,2,915,1,2,1,1,4,63,4486920,56805,330,4,3,4,0,1,1,0,0,1,0,1,0,0
201600023706,16,3,2,730,1,2,4,3,3,63,4481280,56072,330,4,1,1,0,1,1,0,0,2,0,0,0,0
201600023707,16,3,3,800,1,2,2,2,3,63,4482470,58496,330,4,1,1,0,1,1,0,0,2,0,1,0,0
201600023708,16,2,29,1640,1,2,1,1,6,39,4478810,56545,330,4,2,4,0,1,1,0,0,1,0,1,0,0
201600023709,16,3,3,920,1,2,3,2,3,39,4481767,54730,330,4,0,2,0,1,1,0,110,2,0,0,0,1
201600023710,16,3,5,125,5,2,1,2,1,63,4482793,58503,330,4,2,2,0,1,1,0,74,2,0,1,0,0
201600023711,16,3,5,1715,1,2,2,1,7,63,4485670,58878,330,4,1,1,1,1,1,0,55,1,0,1,0,0
201600023712,16,3,6,1730,1,2,6,1,6,119,4486275,51288,330,4,2,2,0,1,1,0,0,1,0,4,0,0
201600023713,16,3,4,615,5,2,3,2,3,63,4483330,60175,330,4,2,2,0,1,1,0,0,2,0,0,0,0
201600023714,16,3,1,2053,5,2,6,1,7,550,4476930,54568,330,4,2,2,0,1,1,0,0,1,0,1,0,0
201600023715,16,3,2,940,1,2,1,2,2,281,4485650,65264,330,4,2,2,0,1,1,0,90,2,0,1,0,0
201600023716,16,3,3,1325,1,2,4,2,5,318,4480740,63971,330,4,2,2,0,1,1,0,0,1,0,1,0,0
201600023717,16,3,4,815,1,2,1,3,4,13,4486870,50178,330,2,2,0,0,1,1,0,0,2,0,1,0,0
201600023718,16,3,8,745,1,2,1,1,3,63,4485630,54898,330,4,2,4,1,1,1,0,0,1,0,1,0,0
201600023719,16,3,8,945,1,2,1,1,6,63,4485640,59081,330,4,2,2,0,1,1,0,0,1,0,1,0,0
201600023720,16,3,8,1740,1,2,2,1,6,69,4485810,60520,330,4,2,2,0,1,1,0,0,1,0,0,0,0
201600023721,16,3,11,150,5,2,2,1,2,63,4484750,58127,330,4,1,1,0,1,1,0,0,0,0,0,0,0
201600023722,16,3,9,1945,5,2,3,1,3,63,4487620,54488,330,4,2,2,0,1,1,0,0,2,0,0,0,0
201600023723,16,3,11,245,5,2,3,1,6,63,4483910,57967,330,4,1,1,0,1,1,0,0,1,0,1,0,0
201600023724,16,3,11,430,5,2,1,1,6,63,4482850,55336,330,4,2,4,0,1,1,0,0,1,0,1,0,0
201600023725,16,3,9,1843,5,2,4,2,1,550,4478070,55784,330,4,2,2,0,1,3,0,680,1,0,1,0,0
201600023726,16,3,11,2340,5,2,1,1,6,522,4481756,58742,330,4,1,1,0,0,0,0,30,0,0,1,0,0
201600023727,16,3,12,1425,1,2,5,1,6,63,4486290,56044,330,4,1,3,2,1,1,0,35,1,0,0,0,0
201600023728,16,3,8,1520,1,2,1,1,1,318,4475790,73554,330,4,2,5,1,1,1,0,30,1,0,1,0,0
201600023729,16,3,12,1350,1,2,1,1,6,63,4483038,57078,330,4,2,3,0,2,1,0,100,1,0,1,0,0
201600023730,16,3,4,2055,5,2,1,1,3,162,4487450,63665,330,4,2,2,0,2,1,0,60,1,2,1,0,0
201600023731,16,3,14,1630,1,2,3,1,3,63,4490680,55578,330,4,2,2,0,1,1,0,0,1,0,1,0,0
201600023732,16,3,15,1010,1,2,1,1,6,63,4483676,57724,330,4,1,1,0,1,1,0,0,1,0,1,0,0
201600023733,16,3,11,540,3,1,2,1,1,318,4479900,71008,330,4,2,2,0,1,1,0,65,1,0,1,0,0
201600023734,16,3,15,2209,5,2,2,1,3,63,4483510,57499,330,4,2,3,2,1,1,10,110,1,0,1,0,0
201600023735,16,3,16,1720,1,2,1,1,6,63,4486150,58690,330,4,3,6,2,1,1,0,0,1,0,1,0,0
201600023736,16,3,15,2020,5,2,1,1,3,522,4480840,57378,330,4,2,3,0,1,1,0,0,1,0,1,0,0
201600023737,16,3,16,2050,5,2,2,1,3,63,4484800,60548,330,4,1,1,0,1,1,0,75,1,0,1,0,0
201600023738,16,3,15,2010,5,2,3,1,6,63,4483470,56380,330,4,1,2,0,1,1,0,0,1,0,0,0,0
201600023739,16,3,17,1720,1,2,2,1,6,281,4484190,66389,330,4,3,4,2,1,1,30,30,1,0,1,0,1
201600023740,16,3,18,2040,5,2,1,1,3,119,4486150,52007,330,4,2,4,0,1,1,0,0,1,4,1,0,1
201600023741,16,3,16,2005,5,2,3,1,3,318,4480260,64306,330,4,2,2,2,1,1,0,88,1,0,1,0,0
201600023742,16,3,16,1520,1,2,1,1,3,13,4486370,49095,330,4,2,2,0,2,1,0,50,1,0,1,0,0
201600023743,16,3,20,1205,1,2,3,1,3,63,4483510,55296,330,4,1,2,0,1,1,0,0,1,0,0,0,0
201600023744,16,3,11,1240,1,2,1,1,6,192,4476510,64250,330,4,2,2,0,1,1,0,0,1,0,1,0,0
201600023745,16,3,21,2350,5,2,1,1,7,63,4482930,56002,330,4,1,2,1,0,1,6,33,1,0,1,0,0
201600023746,16,3,18,1528,1,2,3,1,6,63,4484320,58647,330,4,2,2,0,1,1,0,0,0,0,1,0,0
201600023747,16,3,18,900,1,2,1,2,6,119,4485720,53195,330,4,2,6,0,1,1,0,0,2,0,1,0,0
201600023748,16,3,18,900,1,2,2,2,3,63,4485650,57085,330,4,2,1,0,1,1,0,0,2,0,1,0,0
201600023749,16,3,23,1655,1,2,1,1,1,63,4483170,57659,330,4,2,3,0,1,1,0,0,1,0,1,0,0
201600023750,16,3,24,918,1,2,3,1,3,65,4480935,52436,330,4,1,1,1,1,1,0,0,1,0,1,0,0
201600023751,16,3,16,1420,1,2,3,1,3,119,4486138,51456,330,4,1,1,0,1,1,0,0,1,0,1,0,0
201600023752,16,3,25,950,1,2,4,2,3,63,4483880,58877,330,4,2,2,0,1,1,0,0,2,0,1,0,0
201600023753,16,3,25,2140,5,2,3,2,7,63,4483660,59888,330,4,1,2,2,1,1,0,0,2,0,0,0,0
201600023754,16,3,25,1640,1,2,3,1,6,63,4483230,61033,330,4,2,2,0,1,1,0,0,1,0,1,0,0
201600023755,16,3,26,1645,1,2,1,1,6,63,4484790,58191,330,4,1,3,0,2,1,0,0,1,0,4,0,0
201600023756,16,3,28,450,5,2,3,2,6,39,4480746,56373,330,4,2,2,0,1,1,0,52,2,0,1,0,0
201600023757,16,3,29,728,1,2,1,1,6,550,4476296,55960,330,4,3,1,0,1,1,0,0,2,0,1,0,0
201600023758,16,3,29,1330,1,2,1,1,6,63,4483620,57358,330,4,1,1,0,1,1,0,0,1,6,1,0,0
201600023759,16,3,29,1820,1,2,1,1,5,63,4485827,58812,330,4,1,2,2,1,1,0,0,1,0,1,0,0
201600023760,16,3,30,1800,1,2,1,1,6,63,4483656,57582,330,4,2,4,0,1,1,0,70,1,0,1,0,0
201600023761,16,3,23,850,1,2,1,1,6,162,4488600,63671,330,4,2,5,1,2,1,0,0,1,0,1,0,0
201600023762,16,3,31,930,1,2,1,2,6,63,4482813,56039,330,4,2,3,0,2,1,0,12,2,0,1,0,0
201600023763,16,3,30,1750,1,2,2,1,3,63,4483700,60680,330,4,1,2,3,1,1,0,70,1,0,1,0,0
201600023764,16,3,31,1415,1,2,3,3,4,63,4481270,55999,330,4,2,2,0,2,1,0,0,2,0,1,0,0
201600023765,16,1,30,120,5,2,1,1,2,63,4483990,56030,330,4,3,4,0,1,1,0,0,1,2,1,0,0
201600023766,16,4,3,40,5,2,1,8,7,63,4489115,56404,330,4,3,4,0,1,1,8,22,1,0,1,0,1
201600023767,16,4,2,1924,1,2,2,1,3,39,4479850,54147,330,4,2,2,0,1,1,0,0,1,0,1,0,0
201600023768,16,4,1,845,1,2,6,1,6,63,4482310,60088,330,4,3,3,0,1,3,0,0,1,0,1,0,0
201600023769,16,4,1,1630,1,1,1,1,3,63,4490020,55268,330,4,2,2,0,1,1,0,0,1,0,1,0,0
201600023770,16,4,3,2040,2,2,2,2,3,63,4485430,57226,330,4,1,3,0,1,1,0,0,2,0,0,0,0
201600023771,16,3,31,1500,1,2,1,1,3,63,4485370,57619,330,4,1,1,0,1,1,0,0,1,0,1,0,0
201600023772,16,4,1,2230,5,2,3,1,2,63,4483070,57186,330,4,2,4,0,1,2,0,0,1,0,1,0,0
201600023773,16,3,30,1925,1,2,2,1,3,63,4485900,63605,330,4,2,2,0,1,1,0,87,1,0,1,0,0
201600023774,16,3,28,2125,5,2,1,1,1,318,4480390,61887,330,4,2,2,1,1,1,0,70,1,0,1,0,0
201600023775,16,4,5,845,1,2,2,1,6,63,4485430,57226,330,4,2,3,0,1,1,0,0,1,0,0,0,0
201600023776,16,3,30,1745,1,2,1,1,2,281,4484070,66698,330,4,3,2,0,1,1,0,30,1,0,1,0,0
201600023777,16,3,31,745,1,2,1,1,3,522,4480760,58428,330,4,1,1,1,1,1,0,70,1,0,1,0,0
201600023778,16,4,2,1955,1,2,3,1,6,318,4480410,61174,330,4,3,4,0,1,1,0,0,1,0,0,0,0
201600023779,16,3,30,1500,1,2,6,1,3,119,4485074,51744,330,4,1,1,0,1,1,0,0,1,0,0,0,0
201600023780,16,4,6,1330,1,2,3,1,3,63,4482395,59175,330,4,1,1,0,1,1,0,0,1,0,0,0,0
201600023781,16,4,6,2115,5,2,2,1,6,63,4483330,56156,330,4,3,11,1,1,1,15,96,1,4,1,0,0
201600023782,16,3,29,1545,1,2,3,1,2,522,4481950,59811,330,4,2,2,0,1,1,0,60,1,0,1,0,0
201600023783,16,4,7,1745,1,2,2,2,3,63,4484200,58455,330,4,1,1,0,1,1,0,0,2,0,0,0,0
201600023784,16,4,4,1900,1,2,6,2,3,200,4488050,68052,330,4,2,2,0,1,1,0,0,2,0,1,0,0
201600023785,16,4,2,1328,1,2,3,1,3,550,4476300,58111,330,4,2,4,2,1,1,0,90,1,0,1,0,0
201600023786,16,4,7,2125,5,2,1,1,3,249,4486270,53014,330,4,1,10,1,1,3,0,70,1,0,1,0,0
201600023787,16,4,4,1048,1,2,1,1,3,318,4479780,61345,330,4,0,4,1,0,0,0,0,0,0,5,0,0
201600023788,16,4,7,1730,1,2,2,1,3,63,4486860,57611,330,4,1,1,0,1,1,0,0,1,0,0,0,0
201600023789,16,4,8,945,1,2,1,1,6,63,4483490,58678,330,4,3,8,1,1,1,0,0,1,0,1,0,0
201600023790,16,4,8,1705,1,2,2,1,3,63,4484530,61535,330,4,1,1,0,1,1,0,0,1,0,0,0,0
201600023791,16,4,8,1040,1,2,1,1,2,63,4484220,60750,330,4,2,4,0,1,1,0,0,1,0,1,0,0
201600023792,16,4,9,2145,5,2,1,1,6,63,4483180,57343,330,4,1,4,1,1,1,0,0,1,4,1,0,0
201600023793,16,4,9,745,1,2,1,1,6,63,4482650,55774,330,6,0,0,0,1,1,0,0,1,0,0,0,0
201600023794,16,4,11,2130,5,2,4,1,6,63,4485550,58403,330,4,2,2,0,1,1,0,101,1,0,1,0,0
201600023795,16,4,7,900,1,2,2,2,5,281,4484190,66389,330,4,3,4,2,1,1,0,0,2,0,1,0,0
201600023796,16,4,9,45,5,2,3,1,2,63,4483520,58063,330,4,0,4,0,1,1,0,0,1,0,1,0,0
201600023797,16,4,9,1136,1,2,3,3,3,63,4485340,62156,330,4,2,4,0,1,1,0,70,2,0,1,0,0
201600023798,16,4,12,1745,1,2,3,2,3,63,4484990,54427,330,4,1,1,0,1,1,0,0,2,0,1,0,0
201600023799,16,4,4,1500,1,2,1,2,3,39,4481220,57369,330,4,2,2,0,1,1,0,80,2,0,1,0,0
201600023800,16,4,12,929,1,2,6,1,3,13,4484909,49722,330,4,2,2,0,1,1,0,95,1,0,1,0,0
201600023801,16,4,8,2130,5,2,1,1,6,318,4479150,62342,330,4,2,2,0,1,1,0,0,1,0,1,0,0
201600023802,16,4,14,445,4,1,1,1,6,63,4491343,56083,330,3,2,2,0,1,1,0,70,0,2,4,0,1
201600023803,16,4,8,800,1,2,2,1,6,192,4477360,61309,330,4,1,1,0,1,2,0,66,1,0,1,0,0
201600023804,16,4,11,1829,1,2,2,1,5,281,4485610,66907,330,4,2,2,0,1,1,0,70,1,0,1,0,0
201600023805,16,4,14,822,1,2,3,1,3,63,4482130,60507,330,4,2,2,0,1,1,0,0,1,0,1,0,0
201600023806,16,4,12,1355,1,2,3,1,3,318,4480520,65359,330,4,3,4,1,1,1,0,70,1,0,0,0,0
201600023807,16,4,18,850,1,2,4,1,3,550,4476360,56034,330,4,2,2,0,1,1,0,60,1,0,0,0,0
201600023808,16,4,18,1238,1,2,2,1,2,69,4486730,57599,330,4,2,8,0,1,1,0,0,1,0,1,0,0
201600023809,16,4,15,50,5,2,1,3,7,65,4482020,51239,330,4,2,2,0,1,2,25,60,2,0,1,0,0
201600023810,16,4,12,1920,1,2,2,1,3,318,4479920,66319,330,4,2,5,0,1,1,0,70,1,0,1,0,0
201600023811,16,4,13,2255,5,2,2,1,1,281,4484720,65800,330,4,2,2,2,1,1,0,0,1,0,1,0,0
201600023812,16,4,15,1420,1,2,2,1,3,550,4476480,57075,330,4,2,2,0,1,1,5,7,1,0,1,0,0
201600023813,16,4,22,1800,1,2,4,1,2,63,4482850,56205,330,4,2,3,0,1,1,0,0,1,0,0,0,0
201600023814,16,4,24,1800,1,2,2,1,6,63,4483150,57206,330,4,1,1,0,1,1,0,0,1,0,1,0,0
201600023815,16,4,21,2220,5,2,9,1,6,318,4480000,64402,330,4,2,2,0,1,2,0,0,1,0,1,0,0
201600023816,16,4,20,1405,1,2,9,1,6,39,4479380,53442,330,4,2,2,0,2,1,0,0,1,2,1,0,0
201600023817,16,4,21,1805,1,2,2,1,3,318,4480780,63037,330,4,2,2,0,1,1,0,0,1,0,0,0,0
201600023818,16,4,21,2135,5,2,2,1,3,119,4484380,52990,330,4,3,6,0,2,1,0,0,1,0,1,0,0
201600023819,16,4,22,320,5,2,2,1,3,318,4480890,66270,330,4,3,4,1,1,1,0,0,1,0,1,0,0
201600023820,16,4,26,845,1,2,1,1,3,63,4485540,55068,330,4,2,2,1,1,1,0,0,1,0,1,0,0
201600023821,16,4,26,815,1,2,4,1,2,63,4485560,60121,330,4,2,2,0,1,1,0,0,2,0,1,0,0
201600023822,16,4,26,750,1,2,3,1,3,63,4485020,58626,330,4,1,2,2,1,1,0,0,1,0,1,0,0
201600023823,16,4,26,1705,1,2,2,1,3,63,4485620,57173,330,4,1,1,0,1,1,0,40,1,0,1,0,0
201600023824,16,4,27,1506,1,2,1,1,6,75,4488843,61703,330,4,3,2,0,1,1,0,0,1,0,1,0,1
201600023825,16,4,27,2045,1,2,3,7,6,63,4483550,56479,330,4,1,1,0,1,1,0,0,1,0,0,0,0
201600023826,16,4,25,1325,1,2,1,1,7,249,4487060,52093,330,4,3,4,0,1,1,0,0,1,4,0,3,0
201600023827,16,4,21,900,1,2,6,1,3,162,4488480,66415,330,3,3,4,0,1,1,0,95,2,0,1,0,0
201600023828,16,4,24,1540,1,2,2,1,3,281,4483340,66614,330,4,3,5,0,1,1,10,17,1,0,1,0,0
201600023829,16,4,28,1815,1,2,2,1,6,63,4486327,55985,330,4,0,1,0,1,1,0,0,1,0,0,0,0
201600023830,16,4,29,1700,1,2,4,1,3,63,4482850,56205,330,4,2,0,0,2,1,0,0,1,0,1,0,0
201600023831,16,4,25,1830,1,2,1,1,6,200,4487560,67949,330,4,2,2,0,1,1,0,0,1,0,1,0,0
201600023832,16,4,25,1840,1,2,1,1,2,192,4477981,60208,330,4,2,2,0,0,4,0,68,1,0,1,0,0
201600023833,16,4,26,1740,1,2,1,1,3,162,4487150,63407,330,4,2,4,0,1,1,0,0,1,0,1,0,0
201600023834,16,4,25,2125,5,2,1,1,1,39,4479790,55294,330,4,2,8,0,3,2,0,0,1,0,1,0,0
201600023835,16,4,14,2250,3,1,6,2,6,281,4485868,67277,330,4,2,0,0,1,1,0,0,2,0,1,0,0
201600023836,16,4,28,830,1,2,1,1,1,550,4479060,58473,330,4,2,2,0,1,1,0,0,1,0,1,0,0
201600023837,16,4,30,1555,1,2,1,1,6,13,4485780,49600,330,4,2,1,0,1,1,0,80,1,0,1,0,0
201600023838,16,5,2,1140,1,2,2,1,3,63,4483510,58610,330,4,2,6,0,1,1,0,0,1,0,1,0,0
201600023839,16,5,2,1750,1,2,1,1,3,63,4483440,55168,330,4,2,2,0,1,1,0,30,1,0,1,0,0
201600023840,16,5,3,1605,1,2,3,1,2,63,4482930,55490,330,4,3,6,0,1,2,0,0,1,0,1,0,0
201600023841,16,5,3,2230,5,2,2,1,3,63,4482310,58217,330,4,1,2,2,1,1,0,0,1,0,1,0,0
201600023842,16,5,3,2240,5,2,2,1,3,63,4482692,56926,330,4,2,2,0,1,1,0,60,1,0,1,0,0
201600023843,16,5,2,1915,1,2,3,1,6,281,4484920,65451,330,4,2,2,0,1,1,0,0,1,0,1,0,0
201600023844,16,5,4,2050,2,2,3,1,7,63,4483670,58288,330,4,2,4,0,2,1,0,0,1,0,1,0,0
201600023845,16,5,4,1905,1,2,3,1,2,63,4483710,57891,330,4,1,1,0,1,1,0,0,1,0,1,0,0
201600023846,16,5,2,1715,1,2,3,1,3,281,4483930,63357,330,4,2,2,0,1,1,0,0,1,0,1,0,0
201600023847,16,5,3,1315,1,2,2,1,6,281,4484370,64557,330,4,1,1,0,1,1,0,4,1,0,0,0,0
201600023848,16,5,2,1340,1,2,2,1,3,281,4485320,66955,330,4,2,2,0,1,1,0,40,1,0,1,0,0
201600023849,16,4,20,915,1,1,2,1,4,162,4488320,65506,330,4,2,4,0,1,1,0,96,1,0,1,0,0
201600023850,16,5,6,1658,1,2,3,1,3,63,4483563,56479,330,4,3,11,3,1,1,0,0,1,4,1,0,0
201600023851,16,5,6,1130,1,1,3,1,2,63,4484756,59776,330,4,3,7,0,1,1,10,14,1,0,1,0,0
201600023852,16,4,29,1545,1,2,2,1,3,550,4478440,58293,330,4,2,2,0,1,1,0,0,1,0,1,0,0
201600023853,16,4,25,1030,1,2,2,1,3,39,4481130,54985,330,4,1,2,0,0,0,0,0,0,0,0,0,0
201600023854,16,5,3,1740,1,2,2,1,3,162,4486340,65707,330,4,2,2,0,1,1,0,0,1,0,0,0,0
201600023855,16,5,4,1907,1,2,1,1,6,119,4485970,52378,330,4,2,0,0,1,1,27,47,1,0,1,0,0
201600023856,16,5,6,1946,1,1,2,1,6,281,4485660,65327,330,4,2,3,0,1,1,0,11,1,0,1,0,0
201600023857,16,5,10,1015,1,2,1,1,6,63,4482480,57260,330,4,2,2,0,1,1,0,83,1,0,1,0,0
201600023858,16,5,3,1625,1,1,6,1,2,167,4484170,49593,330,3,3,4,0,1,1,0,0,1,0,1,0,0
201600023859,16,5,11,330,5,2,3,2,7,63,4483450,58857,330,4,2,8,2,1,1,0,0,2,0,0,0,0
201600023860,16,5,9,820,1,2,1,2,2,281,4483460,64990,330,4,1,1,0,1,1,0,30,1,0,1,0,0
201600023861,16,5,11,1425,1,2,1,1,6,63,4484147,61109,330,4,1,1,0,1,1,0,30,1,0,1,0,0
201600023862,16,5,7,1640,1,2,1,1,6,318,4479410,62897,330,4,2,4,0,1,1,0,50,1,0,1,0,0
201600023863,16,5,6,1950,1,2,2,1,3,522,4479546,60399,330,4,3,6,0,1,1,0,0,1,0,1,0,0
201600023864,16,5,9,1450,1,2,6,3,3,281,4482440,68604,330,4,2,2,0,1,1,0,100,2,0,1,0,0
201600023865,16,5,10,1240,1,2,1,1,3,281,4483380,64075,330,4,2,2,0,1,1,0,0,1,0,1,0,0
201600023866,16,5,12,1725,1,2,3,1,6,63,4484620,57725,330,4,3,5,0,3,1,0,0,1,0,1,0,0
201600023867,16,5,13,250,5,2,2,1,6,63,4485200,57237,330,4,1,1,0,1,1,0,0,1,0,1,0,0
201600023868,16,5,4,1828,1,1,1,1,4,522,4479540,59239,330,4,2,2,0,1,1,0,0,1,0,1,0,0
201600023869,16,5,16,2350,5,2,3,1,6,63,4483240,57986,330,4,2,4,0,1,1,0,0,1,0,1,0,0
201600023870,16,5,14,1707,1,1,2,1,3,63,4484675,54922,330,4,3,1,0,1,1,0,0,1,0,1,0,0
201600023871,16,5,13,1845,1,2,3,1,6,63,4483920,58467,330,4,2,2,0,1,1,0,0,1,0,1,0,0
201600023872,16,5,13,840,1,2,2,1,3,63,4483058,60305,330,4,3,0,0,3,1,0,0,1,0,1,0,0
201600023873,16,5,15,1650,1,1,1,1,3,318,4476818,71955,330,3,2,3,0,1,1,0,0,1,0,1,0,1
201600023874,16,5,11,1650,1,1,1,1,3,192,4477410,59867,330,4,2,1,0,1,1,0,0,1,0,1,0,0
201600023875,16,5,12,810,1,2,2,1,6,75,4487390,57783,330,4,2,3,0,1,1,0,0,1,0,1,0,0
201600023876,16,5,17,1115,1,2,1,1,2,63,4481450,57125,330,4,3,2,2,1,1,0,0,1,0,1,0,0
201600023877,16,5,10,1725,1,2,2,1,1,63,4482399,54357,330,4,1,5,0,1,1,0,0,1,0,1,0,0
201600023878,16,5,13,2320,4,2,2,1,3,63,4483648,58101,330,4,3,6,0,1,1,0,0,1,0,1,0,0
201600023879,16,5,13,740,1,1,2,1,1,162,4487964,62682,330,1,1,2,0,1,1,0,0,1,3,0,0,0
201600023880,16,5,11,1955,1,1,6,1,3,167,4484340,50353,330,4,3,2,0,1,1,0,0,1,0,0,0,0
201600023881,16,5,17,1300,1,1,1,1,6,63,4487890,56555,330,6,0,0,0,1,1,0,0,1,0,5,0,0
201600023882,16,5,19,220,5,2,2,1,6,63,4482230,57111,330,4,1,1,0,1,1,0,0,1,0,1,0,0
201600023883,16,5,18,1550,1,2,3,1,3,63,4483570,56808,330,4,3,4,0,1,1,0,0,1,0,1,0,0
201600023884,16,5,12,820,1,2,1,1,4,281,4481482,66577,330,4,2,2,2,1,1,0,0,1,0,1,0,0
201600023885,16,5,17,1015,1,2,1,1,6,167,4484200,51546,330,4,2,2,0,1,1,0,60,1,0,1,3,0
201600023886,16,5,18,1845,1,2,3,1,4,63,4483330,59483,330,4,2,8,0,1,1,0,0,1,0,1,0,0
201600023887,16,5,17,1740,1,2,4,1,3,281,4484160,63951,330,4,1,1,0,1,1,0,30,1,0,1,0,0
201600023888,16,5,21,1200,1,2,3,1,3,63,4487640,55998,330,4,2,2,0,1,1,0,68,1,0,1,0,0
201600023889,16,5,20,2100,1,1,1,1,6,63,4489730,55138,330,4,2,0,0,1,1,0,0,1,0,1,0,0
201600023890,16,5,22,805,1,2,7,2,1,281,4483838,61500,330,4,3,0,0,1,1,0,0,2,0,0,0,0
201600023891,16,5,20,2115,1,2,1,1,1,63,4481870,54552,330,4,3,4,0,1,1,0,0,1,0,1,0,0
201600023892,16,5,21,2140,5,2,2,1,6,63,4485430,57226,330,4,2,2,0,1,1,0,0,1,0,1,0,0
201600023893,16,5,21,2210,5,2,6,3,2,63,4488840,56021,330,4,3,4,0,1,1,0,0,2,0,1,0,0
201600023894,16,5,23,1330,1,2,2,1,1,63,4482850,56205,330,4,2,3,0,1,1,0,0,1,0,1,0,0
201600023895,16,5,17,1030,1,2,1,1,6,522,4479060,59131,330,4,2,2,0,1,1,0,0,0,0,1,0,0
201600023896,16,5,22,2125,2,2,1,3,7,249,4486290,53020,330,4,2,5,0,2,3,0,25,2,0,1,0,0
201600023897,16,5,24,1550,1,2,4,1,2,63,4486820,57039,330,4,2,5,0,1,1,0,0,1,0,1,0,0
201600023898,16,5,24,850,1,2,2,1,3,63,4483510,58610,330,4,1,1,0,1,1,0,0,1,0,1,0,0
201600023899,16,5,24,1010,1,2,1,1,2,63,4486050,63631,330,4,3,5,2,1,1,0,0,1,0,1,0,0
201600023900,16,5,13,1130,1,2,4,1,3,63,4482570,56973,330,4,1,0,0,1,0,0,0,1,0,1,0,0