Num_Acc,an,mois,jour,hrmn,lum,agg,int,atm,col,com,lat,long,dep,catr,circ,nbv,vosp,prof,plan,lartpc,larrout,surf,infra,situ,env1,killed
201600023901,16,5,24,1830,1,2,2,1,3,63,4482680,56753,330,4,1,1,1,1,1,0,0,1,0,1,0,0
201600023902,16,5,25,1319,1,2,4,1,3,281,4483690,62110,330,4,3,3,0,1,1,0,0,1,0,1,0,0
201600023903,16,5,19,1210,1,2,2,1,3,39,4480780,55522,330,4,2,2,0,1,1,0,0,1,0,1,0,0
201600023904,16,5,23,2300,5,2,6,1,6,522,4481500,60325,330,4,2,2,0,1,1,0,0,1,0,0,0,0
201600023905,16,5,21,920,1,2,3,1,3,200,4488860,67416,330,4,2,2,0,1,1,0,96,1,0,1,0,0
201600023906,16,5,21,35,5,2,3,1,3,318,4478360,64671,330,4,2,2,0,1,1,0,0,1,0,1,0,0
201600023907,16,5,25,900,1,2,1,1,2,281,4483920,62808,330,4,2,4,0,2,1,0,0,1,0,1,0,0
201600023908,16,5,21,1305,1,1,2,1,1,318,4480080,60890,330,4,3,6,0,1,1,0,0,1,0,1,0,0
201600023909,16,5,26,820,1,2,2,2,1,63,4485600,58865,330,4,2,2,2,2,1,0,0,2,0,1,0,0
201600023910,16,5,27,1105,1,2,6,1,6,69,4486360,60646,330,4,2,2,0,1,1,0,0,1,0,1,0,1
201600023911,16,5,28,1520,1,2,1,1,6,63,4481990,57237,330,4,1,3,0,1,1,0,90,1,0,1,0,0
201600023912,16,5,24,745,1,2,4,1,2,63,4485260,62014,330,4,3,2,0,1,1,0,0,1,0,0,0,0
201600023913,16,5,28,1535,1,2,2,1,3,63,4483840,59919,330,4,1,1,0,1,1,0,0,1,0,1,0,0
201600023914,16,5,30,1320,1,2,2,1,3,63,4485090,57783,330,4,1,1,0,1,1,0,0,1,0,1,0,0
201600023915,16,5,29,959,1,2,6,1,1,249,4488140,53167,330,4,2,2,0,1,1,0,0,1,0,0,0,0
201600023916,16,5,31,2100,1,2,1,1,2,63,4486990,56669,330,4,3,8,0,1,2,0,65,1,2,1,0,0
201600023917,16,6,1,1435,1,2,1,2,3,63,4485560,56364,330,4,3,9,0,1,1,0,0,2,0,1,0,0
201600023918,16,6,1,850,1,2,2,2,2,63,4483190,57527,330,4,1,1,0,1,1,0,0,2,0,0,0,0
201600023919,16,6,3,100,5,2,1,1,6,63,4483570,60777,330,4,1,1,0,2,1,0,50,1,0,1,0,0
201600023920,16,6,2,2315,5,2,2,8,3,63,4485380,59353,330,4,3,6,2,1,1,18,174,1,0,1,0,0
201600023921,16,6,2,1700,1,2,1,1,6,63,4483000,56763,330,4,1,1,0,1,1,0,0,1,0,1,0,0
201600023922,16,5,30,1455,1,2,3,1,1,167,4482880,52930,330,4,1,1,0,1,1,0,0,1,0,0,0,0
201600023923,16,5,26,905,1,2,2,1,3,281,4482160,61885,330,4,2,2,0,1,1,0,60,2,0,1,0,0
201600023924,16,5,22,1930,1,2,3,2,3,75,4487770,59773,330,4,2,2,0,1,1,0,0,2,0,1,0,0
201600023925,16,5,25,1225,1,2,3,1,4,281,4483970,63800,330,4,2,4,2,1,1,0,60,1,0,1,0,0
201600023926,16,6,3,1020,1,2,4,1,2,69,4485964,58926,330,4,3,6,0,1,1,0,0,1,0,1,0,0
201600023927,16,6,3,1745,1,2,1,1,3,63,4484050,60063,330,4,2,1,2,1,1,0,63,1,0,1,0,0
201600023928,16,6,1,1430,1,1,6,1,2,3,4492390,53009,330,3,3,4,0,1,3,0,0,1,0,1,0,0
201600023929,16,5,24,1853,1,2,2,1,3,39,4479480,56776,330,4,2,2,0,1,1,0,110,1,0,1,0,0
201600023930,16,5,26,1645,1,2,3,1,2,162,4488450,66081,330,4,2,2,0,1,1,0,0,1,0,0,0,0
201600023931,16,5,27,1653,1,2,1,1,6,32,4491370,51149,330,4,2,2,0,1,1,0,70,1,0,1,0,0
201600023932,16,5,31,820,1,2,3,1,4,281,4481780,70119,330,4,2,2,0,1,1,0,0,1,0,0,0,0
201600023933,16,6,2,1515,1,2,1,1,7,281,4483180,64107,330,4,2,2,0,1,1,0,50,1,0,1,0,0
201600023934,16,6,2,2243,5,2,2,1,3,119,4484380,52990,330,4,2,3,0,2,1,0,0,1,0,0,0,0
201600023935,16,6,7,1900,1,2,2,1,3,63,4482013,56964,330,4,1,1,0,1,1,0,0,1,0,0,0,0
201600023936,16,6,7,1410,1,2,3,1,3,63,4482230,55058,330,4,2,2,0,1,1,0,0,1,0,1,0,0
201600023937,16,6,4,2140,1,2,1,1,1,281,4483381,66371,330,4,2,2,0,1,3,0,48,1,0,1,0,0
201600023938,16,6,4,2335,4,2,1,1,6,39,4480520,55442,330,4,2,2,0,1,1,0,0,1,0,4,0,0
201600023939,16,6,8,1805,1,2,4,1,2,63,4481396,56812,330,4,3,6,0,1,1,0,0,1,0,1,0,0
201600023940,16,5,31,745,1,2,2,1,2,318,4480440,66144,330,1,1,3,0,2,1,0,0,1,3,0,0,0
201600023941,16,6,6,1930,1,2,1,1,6,39,4481255,54964,330,4,3,2,0,1,1,0,35,1,0,1,0,0
201600023942,16,6,6,1700,1,2,1,1,2,63,4482130,58298,330,4,0,6,0,2,1,0,0,1,1,1,0,0
201600023943,16,5,13,340,5,2,1,1,7,63,4484552,61734,330,4,2,2,0,1,1,0,0,1,0,1,0,1
201600023944,16,6,8,815,1,2,1,1,2,522,4479950,59756,330,4,3,4,0,1,1,0,60,1,0,1,0,0
201600023945,16,6,12,125,5,2,3,1,3,63,4486240,57171,330,4,2,2,0,1,1,0,0,1,0,0,0,0
201600023946,16,6,11,200,5,2,1,1,6,63,4484250,54199,330,4,3,6,0,1,1,22,218,1,0,1,0,0
201600023947,16,6,9,1015,1,2,1,1,2,13,4486871,50192,330,2,3,4,0,1,1,0,0,1,0,1,0,0
201600023948,16,6,6,1623,1,2,2,1,3,39,4481150,55111,330,4,2,4,0,1,1,0,64,1,4,1,0,0
201600023949,16,6,8,2255,5,1,2,1,3,162,4487960,62689,330,1,1,1,0,2,1,0,0,1,3,1,0,0
201600023950,16,6,8,815,1,2,2,1,3,522,4481550,57904,330,4,1,1,0,1,1,0,0,1,0,1,0,0
201600023951,16,6,8,810,1,2,1,1,3,162,4488900,62650,330,4,3,2,0,1,1,0,36,1,0,1,0,0
201600023952,16,6,13,1635,1,2,2,2,6,63,4483450,58857,330,4,3,8,2,1,1,0,0,2,4,0,0,0
201600023953,16,6,14,900,1,2,2,1,3,63,4484750,54782,330,4,3,8,1,1,1,0,0,1,0,1,0,0
201600023954,16,6,7,812,1,2,6,1,3,281,4481890,65869,330,4,2,2,1,1,1,0,110,1,0,0,0,0
201600023955,16,6,10,1900,1,2,2,1,4,281,4485700,65767,330,4,2,2,0,0,0,0,0,0,0,0,0,0
201600023956,16,6,9,905,1,2,1,1,6,39,4479891,54688,330,4,2,2,0,1,1,0,600,1,0,1,0,0
201600023957,16,6,15,550,2,2,1,2,6,167,4484430,51291,330,4,3,6,0,4,1,50,60,2,0,1,0,0
201600023958,16,6,16,600,2,2,4,8,6,63,4483888,56778,330,4,2,9,0,1,1,0,0,2,0,1,0,0
201600023959,16,6,15,2320,5,2,2,2,1,281,4484360,67300,330,1,1,1,0,2,1,0,0,2,3,0,0,0
201600023960,16,6,16,1145,1,2,2,1,3,63,4482990,55600,330,4,3,6,2,1,1,0,0,1,0,1,0,0
201600023961,16,6,17,1640,1,2,3,1,3,63,4483663,56543,330,4,3,2,0,1,1,0,0,2,0,1,0,0
201600023962,16,6,18,2210,5,2,1,1,6,63,4484900,59695,330,4,3,1,0,1,1,70,24,0,0,1,0,0
201600023963,16,6,20,850,1,2,1,1,1,63,4484920,54426,330,4,2,3,0,1,1,0,0,1,0,1,0,0
201600023964,16,6,20,2115,1,2,3,1,6,63,4483475,56341,330,4,1,2,0,1,1,0,0,1,0,0,0,0
201600023965,16,6,17,900,1,2,4,2,5,281,4484710,63899,330,4,2,3,0,1,1,0,0,2,0,1,0,0
201600023966,16,6,20,1540,1,2,1,1,3,63,4483510,59890,330,4,3,6,0,1,1,0,0,1,0,1,0,0
201600023967,16,6,15,1420,1,2,2,2,3,39,4479560,56796,330,4,2,2,0,1,4,0,0,2,0,1,0,0
201600023968,16,6,16,1210,1,2,6,1,2,281,4481786,67167,330,4,2,4,0,1,3,0,0,1,0,1,0,0
201600023969,16,6,22,35,5,2,1,1,7,63,4484170,57897,330,4,0,0,3,0,0,0,0,0,6,1,0,0
201600023970,16,6,16,1650,1,2,4,2,3,522,4480790,57985,330,4,2,2,0,3,2,0,65,2,0,1,0,0
201600023971,16,6,21,2240,5,2,2,1,3,63,4483510,57499,330,4,2,3,0,1,1,0,0,1,0,1,0,0
201600023972,16,6,21,1715,1,2,1,1,3,63,4482850,59399,330,4,3,4,2,1,1,0,0,1,0,1,0,0
201600023973,16,6,21,1020,1,2,1,1,2,63,4482610,57347,330,4,1,1,0,1,1,0,50,1,0,1,0,0
201600023974,16,6,15,1900,1,2,1,1,1,39,4478794,56564,330,4,3,6,0,1,2,0,70,1,0,1,0,0
201600023975,16,6,17,1725,1,2,1,1,6,63,4483870,57686,330,4,1,1,0,1,1,0,0,2,0,1,0,0
201600023976,16,6,18,1600,1,2,1,1,3,281,4483090,66027,330,4,2,2,0,1,1,0,67,1,0,1,0,0
201600023977,16,6,23,1850,1,2,3,1,3,39,4481500,55230,330,4,2,2,0,1,1,0,0,1,0,0,0,0
201600023978,16,6,23,1930,1,2,6,1,2,63,4487720,56891,330,4,2,4,0,1,1,0,0,1,0,0,0,0
201600023979,16,6,23,1300,1,2,1,1,3,63,4483810,56330,330,4,3,6,1,1,1,0,0,1,0,1,0,0
201600023980,16,6,21,900,1,2,9,1,6,39,4481144,54855,330,4,2,2,0,1,1,0,78,1,0,1,0,0
201600023981,16,6,21,815,1,2,3,1,3,318,4479560,66782,330,4,2,2,0,1,1,0,0,1,0,1,0,0
201600023982,16,6,19,1925,1,1,1,1,2,13,4486760,49189,330,2,3,4,0,1,1,0,60,1,0,1,0,0
201600023983,16,6,24,2215,1,2,3,1,3,63,4482770,55866,330,4,2,3,0,1,1,0,237,1,0,1,0,0
201600023984,16,6,24,900,1,2,2,1,3,63,4485700,61992,330,4,2,2,0,1,1,0,0,1,0,0,0,0
201600023985,16,6,21,1830,1,2,4,1,2,550,4476327,56590,330,4,2,2,0,1,1,0,0,1,0,0,0,0
201600023986,16,6,24,2235,5,2,5,1,3,63,4484140,59933,330,4,3,6,0,1,1,20,70,1,0,1,0,0
201600023987,16,6,20,2120,1,2,2,1,3,318,4480690,62809,330,4,2,3,0,1,1,0,0,1,0,1,0,0
201600023988,16,6,27,2320,5,2,6,1,2,39,4480780,56067,330,4,3,2,0,1,1,0,110,1,0,1,0,0
201600023989,16,6,28,1640,1,2,3,1,6,318,4477908,65977,330,4,2,2,0,1,1,0,0,1,0,1,0,0
201600023990,16,6,27,820,1,2,6,1,2,119,4485940,53863,330,4,2,2,0,1,1,0,0,1,0,0,0,0
201600023991,16,6,28,1935,1,2,3,1,3,63,4483560,56854,330,4,2,4,3,2,1,0,120,1,0,1,0,0
201600023992,16,6,26,10,5,2,3,1,3,63,4481120,57389,330,4,2,2,0,1,1,0,93,1,0,1,0,0
201600023993,16,6,28,815,1,2,1,1,3,281,4481580,68129,330,4,2,2,0,1,1,0,0,1,0,1,0,0
201600023994,16,6,30,1940,1,2,2,1,3,63,4482530,56284,330,4,2,2,0,1,1,0,0,1,0,0,0,0
201600023995,16,6,29,835,1,2,1,1,6,167,4484490,51326,330,4,1,1,0,1,1,0,50,1,0,1,0,0
201600023996,16,6,23,1115,1,1,2,1,3,162,4487960,62689,330,1,1,1,0,2,1,0,0,1,3,1,0,0
201600023997,16,7,1,1255,1,2,2,1,5,63,4485593,57123,330,4,1,2,3,1,1,0,0,1,0,1,0,0
201600023998,16,7,1,1630,1,2,1,1,1,75,4488720,61019,330,4,2,2,1,1,2,0,0,1,0,1,0,0
201600023999,16,7,1,2320,5,2,4,8,3,63,4483630,55013,330,4,3,3,0,1,2,18,170,1,0,0,0,0
201600024000,16,7,4,855,1,1,1,1,7,63,4490430,55436,330,3,2,2,0,1,1,0,0,1,0,1,0,0
201600024001,16,7,1,1650,1,2,2,1,3,63,4483007,59241,330,4,1,2,0,1,1,0,0,1,0,1,0,1
201600024002,16,7,2,1130,1,2,3,2,6,63,4485390,59336,330,4,3,5,0,1,1,0,0,2,0,0,0,0
201600024003,16,7,3,10,5,2,1,1,4,63,4485130,54163,330,4,3,8,2,1,1,0,55,1,0,1,0,0
201600024004,16,7,4,2120,1,2,3,1,2,63,4485120,57420,330,4,2,5,0,1,1,0,0,1,4,1,0,0
201600024005,16,7,4,2045,1,2,2,1,3,63,4484380,58343,330,4,1,2,0,1,1,0,35,1,0,0,0,0
201600024006,16,7,5,1315,1,2,3,1,3,63,4482540,54898,330,4,2,1,0,1,1,0,0,1,0,1,0,0
201600024007,16,7,3,1800,1,2,1,1,3,192,4476430,62092,330,4,2,2,0,1,1,0,60,1,0,1,0,0
201600024008,16,7,5,1630,1,2,1,1,3,63,4488280,56469,330,6,0,0,0,1,1,0,0,1,0,1,0,0
201600024009,16,7,6,1049,1,2,1,1,6,63,4483800,57715,330,9,0,1,0,1,0,0,0,0,6,0,0,0
201600024010,16,7,6,1115,1,2,1,1,6,63,4484880,59716,330,4,3,6,2,1,1,60,256,1,0,1,0,0
201600024011,16,7,2,1840,1,2,3,1,3,63,4483250,60233,330,4,1,1,0,1,1,0,0,1,0,1,0,0
201600024012,16,7,4,2055,1,2,1,1,1,75,4488535,60817,330,4,2,2,0,1,1,0,0,1,0,1,0,0
201600024013,16,7,2,2355,5,2,1,1,6,550,4478131,56199,330,4,2,2,0,1,1,0,0,1,0,1,0,0
201600024014,16,7,4,1415,1,2,6,1,2,249,4487254,52035,330,4,2,2,0,1,1,0,0,1,0,1,0,0
201600024015,16,7,3,1205,1,2,3,1,3,281,4483934,62910,330,4,2,4,2,1,1,0,0,1,0,1,0,0
201600024016,16,7,6,1520,1,2,1,1,6,63,4484650,60474,330,4,2,2,0,1,1,0,0,1,0,1,0,0
201600024017,16,7,7,1715,1,2,2,1,2,63,4483830,59068,330,4,1,1,0,1,1,0,0,1,0,1,0,0
201600024018,16,7,10,1050,1,2,3,1,5,63,4483630,55013,330,4,0,0,0,0,0,0,0,0,0,0,0,0
201600024019,16,7,6,520,2,2,2,1,3,249,4487160,50929,330,4,1,1,0,1,1,0,0,1,0,1,0,0
201600024020,16,7,5,1805,1,1,2,1,3,192,4477787,64582,330,1,1,1,0,1,1,0,0,1,3,0,0,0
201600024021,16,7,6,2255,1,2,6,1,6,32,4490550,51737,330,4,3,4,0,1,3,0,86,1,0,1,0,0
201600024022,16,7,9,1945,1,2,2,1,3,119,4485515,53059,330,4,2,2,0,1,1,0,0,0,0,0,0,0
201600024023,16,7,9,1100,1,1,1,1,4,13,4486610,48288,330,2,3,4,0,1,1,0,0,1,0,1,0,0
201600024024,16,7,12,955,1,2,2,1,3,63,4483350,58822,330,4,2,2,0,1,1,0,100,1,0,1,0,0
201600024025,16,7,13,700,1,2,2,1,2,63,4486110,57015,330,4,2,4,0,1,1,0,0,1,0,1,0,0
201600024026,16,7,13,1330,1,2,1,1,3,63,4488280,56456,330,6,0,0,0,1,1,0,0,1,0,1,0,0
201600024027,16,7,13,1145,1,2,1,1,1,63,4485410,62514,330,4,1,1,0,1,1,0,0,1,0,0,0,0
201600024028,16,7,8,1810,1,2,2,1,3,550,4478176,56595,330,4,2,4,0,1,1,0,80,1,0,1,0,0
201600024029,16,7,4,2115,1,2,5,1,7,281,4485250,64518,330,4,2,4,0,1,2,0,0,1,0,1,0,0
201600024030,16,7,15,1440,1,2,3,1,3,63,4484110,56946,330,4,0,1,0,0,0,0,0,0,0,0,0,0
201600024031,16,7,15,1710,1,2,2,1,6,63,4484830,59764,330,4,1,3,0,1,1,0,0,0,0,1,0,0
201600024032,16,7,16,1800,1,2,4,1,6,522,4480544,57285,330,4,2,1,0,1,4,0,10,1,0,1,0,0
201600024033,16,7,12,1030,1,2,1,1,6,281,4484620,63344,330,6,0,0,0,1,1,0,30,1,0,1,0,0
201600024034,16,7,12,2014,1,2,2,1,3,318,4479000,63459,330,4,2,3,0,1,1,0,0,1,0,0,0,0
201600024035,16,7,13,1720,1,2,6,1,3,13,4484180,49620,330,3,2,2,0,3,2,0,0,1,5,1,0,0
201600024036,16,7,13,1825,1,2,1,1,3,318,4479740,68891,330,4,2,2,2,1,1,0,0,1,0,1,0,0
201600024037,16,7,19,1600,1,2,2,1,2,63,4482530,58937,330,4,3,7,0,1,1,0,0,1,0,1,0,0
201600024038,16,7,13,750,1,2,1,1,1,550,4478650,57927,330,4,2,2,0,2,2,0,0,1,0,1,0,0
201600024039,16,7,17,2030,1,2,3,1,3,192,4478884,60503,330,1,1,2,0,1,2,0,74,1,3,1,0,0
201600024040,16,7,19,845,1,1,2,1,1,63,4482850,56205,330,4,2,4,3,1,1,0,0,1,0,1,0,0
201600024041,16,7,16,30,5,2,1,1,7,550,4476270,55940,330,4,3,2,0,1,1,0,0,1,0,1,0,0
201600024042,16,7,18,930,1,2,6,1,3,249,4488140,53167,330,4,2,2,0,1,3,0,58,1,0,1,0,0
201600024043,16,7,20,1630,1,2,2,1,2,63,4482690,56923,330,4,2,4,0,1,1,0,0,1,0,0,0,0
201600024044,16,7,19,955,1,2,3,1,6,318,4480250,64463,330,4,2,5,2,1,1,0,100,1,0,1,0,0
201600024045,16,7,18,1710,1,2,4,1,6,522,4480660,57944,330,4,2,2,0,1,1,0,0,1,0,1,0,0
201600024046,16,7,23,1833,1,2,5,1,2,63,4486980,56647,330,4,3,4,0,1,1,0,0,1,0,1,0,0
201600024047,16,7,25,900,1,2,3,1,3,63,4484320,57180,330,4,2,4,2,1,1,0,0,1,0,1,0,0
201600024048,16,7,26,540,3,1,1,1,6,63,4490200,55322,330,3,2,2,0,1,3,0,0,1,0,1,0,0
201600024049,16,7,25,1520,1,2,2,1,3,63,4483210,58772,330,4,2,2,0,2,1,0,0,1,0,1,0,0
201600024050,16,7,27,150,5,2,1,1,2,63,4485110,54207,330,4,3,8,0,1,1,0,0,1,0,1,0,0
201600024051,16,7,25,1940,1,2,2,1,6,281,4485150,63424,330,4,2,2,0,1,1,0,0,1,0,1,0,0
201600024052,16,7,26,1915,1,2,2,1,3,63,4481560,55132,330,4,2,4,0,1,1,0,0,1,0,1,0,0
201600024053,16,7,18,1600,1,2,2,1,3,63,4485430,59839,330,4,2,2,0,1,1,0,60,1,0,1,0,0
201600024054,16,7,24,115,4,2,1,1,6,192,4478180,62320,330,4,3,4,2,1,3,0,315,1,0,1,0,0
201600024055,16,7,19,1740,1,1,1,1,4,75,4490210,58433,330,4,2,2,0,1,1,0,0,1,0,1,0,0
201600024056,16,7,22,35,5,2,1,1,6,550,4477341,53650,330,4,2,2,0,1,1,0,70,1,0,1,0,0
201600024057,16,7,28,2055,1,2,1,1,6,63,4485950,55845,330,4,1,1,0,1,1,0,0,1,0,1,0,0
201600024058,16,7,28,1050,1,2,4,1,6,63,4484050,58116,330,4,1,1,0,1,3,0,0,2,0,1,0,0
201600024059,16,7,29,135,5,2,3,1,3,63,4483393,55075,330,4,2,7,1,1,2,0,0,1,0,1,0,0
201600024060,16,7,27,2000,1,2,7,1,4,63,4483990,56029,330,4,3,6,1,1,1,0,30,1,4,1,0,0
201600024061,16,7,26,2045,1,2,3,1,2,281,4483220,67424,330,1,1,1,0,1,1,0,0,1,3,0,0,0
201600024062,16,8,1,1900,1,2,2,1,5,63,4487750,57625,330,4,2,2,1,1,1,0,0,1,0,0,0,0
201600024063,16,7,27,35,5,2,2,1,3,550,4478174,56602,330,4,2,3,0,1,1,0,80,1,0,1,0,0
201600024064,16,8,2,1555,1,2,1,1,6,63,4484110,56945,330,4,2,7,3,1,1,40,60,1,0,1,0,0
201600024065,16,8,1,1210,1,2,2,1,2,119,4484380,52990,330,4,3,5,0,1,1,0,0,1,0,1,0,0
201600024066,16,8,2,1840,1,2,2,1,3,63,4482650,59281,330,4,1,1,0,1,1,0,70,1,0,1,0,0
201600024067,16,8,2,1720,1,2,2,1,3,63,4483440,58876,330,4,2,5,1,1,1,0,0,1,4,1,0,0
201600024068,16,8,3,1330,1,2,4,1,2,63,4485900,58961,330,4,2,0,0,1,1,0,0,1,0,0,0,0
201600024069,16,8,1,2100,1,2,2,1,2,192,4478374,60659,330,4,2,3,2,1,1,6,70,1,0,1,0,0
201600024070,16,8,3,905,1,2,3,1,6,63,4484880,57566,330,4,2,4,1,1,1,0,0,1,0,1,0,0
201600024071,16,8,4,1540,1,2,2,2,3,63,4484270,59468,330,4,1,1,2,1,1,0,0,2,0,1,0,0
201600024072,16,7,30,1040,1,2,4,1,2,39,4481770,54728,330,4,2,2,0,1,1,0,0,1,0,0,0,0
201600024073,16,8,4,1400,1,2,1,2,2,63,4483300,56145,330,4,3,7,0,1,1,0,0,2,0,1,0,0
201600024074,16,8,2,1815,1,2,1,1,2,281,4483290,65292,330,4,2,6,0,1,1,10,70,1,0,1,0,0
201600024075,16,8,7,50,5,2,4,8,3,167,4484010,54371,330,4,2,2,0,1,1,0,0,1,0,0,0,1
201600024076,16,8,5,1440,1,2,1,1,6,63,4484380,55424,330,4,3,6,1,1,1,0,0,1,0,1,0,0
201600024077,16,8,6,535,5,2,3,1,3,63,4484010,56873,330,4,3,7,0,1,1,0,0,1,4,1,0,0
201600024078,16,8,7,1815,1,2,2,1,3,63,4484598,57667,330,4,1,1,0,1,1,0,0,1,0,1,0,0
201600024079,16,8,5,2155,5,2,5,1,3,63,4485510,57178,330,4,1,2,3,1,1,0,153,1,0,1,0,0
201600024080,16,8,3,1400,1,2,2,7,2,281,4484110,64338,330,4,2,2,3,1,1,0,0,1,0,1,0,0
201600024081,16,8,7,20,5,2,3,1,4,13,4486866,50295,330,2,1,4,0,2,4,0,0,1,3,0,0,0
201600024082,16,8,2,1110,1,2,6,1,3,318,4479610,69429,330,4,2,2,0,1,1,0,0,1,0,0,0,0
201600024083,16,8,10,100,5,2,2,1,3,63,4486600,56115,330,4,3,6,0,1,1,71,281,1,0,1,0,0
201600024084,16,8,9,1445,1,2,2,1,3,63,4486080,56111,330,4,1,1,0,1,1,0,0,1,0,1,0,0
201600024085,16,8,5,615,1,2,2,1,3,63,4482130,58277,330,4,3,5,0,1,1,0,53,1,0,1,0,0
201600024086,16,8,14,1750,1,2,1,1,6,63,4482860,55401,330,4,1,1,0,1,1,0,0,1,0,1,0,0
201600024087,16,8,13,1840,1,2,2,1,3,63,4483320,59856,330,4,2,5,2,1,1,0,0,1,0,1,0,0
201600024088,16,8,12,1200,1,2,1,1,4,63,4487730,56724,330,4,2,2,0,2,1,0,0,1,0,1,0,0
201600024089,16,8,12,1750,1,2,2,1,3,63,4487420,57187,330,4,2,3,0,1,1,0,0,1,4,1,0,0
201600024090,16,8,13,830,1,2,6,1,3,39,4479356,53521,330,4,1,4,0,1,2,0,365,1,0,0,0,0
201600024091,16,8,14,1245,1,2,3,1,3,63,4483770,55742,330,4,2,2,0,1,1,0,60,1,0,1,0,0
201600024092,16,8,15,2155,1,2,4,1,1,63,4482770,55866,330,4,2,2,0,1,1,0,0,1,0,1,0,0
201600024093,16,8,12,1220,1,2,3,1,3,63,4485040,54317,330,4,1,1,0,1,1,0,0,1,0,0,0,0
201600024094,16,8,14,1740,1,2,3,1,5,63,4483630,55013,330,4,3,5,0,1,1,0,0,1,0,1,0,0
201600024095,16,8,16,1320,1,2,2,1,3,63,4482530,61373,330,4,2,2,0,1,1,0,0,1,0,1,0,0
201600024096,16,8,16,1624,1,2,2,1,3,63,4483230,58170,330,4,1,2,2,1,1,0,0,1,0,1,0,0
201600024097,16,8,22,1,5,2,4,1,5,550,4477570,55180,330,4,2,2,0,1,2,0,0,1,0,1,0,0
201600024098,16,8,10,1245,1,2,2,1,3,192,4477850,60980,330,4,2,3,0,1,1,0,0,0,0,1,0,0
201600024099,16,8,20,420,5,2,1,8,6,63,4482920,55225,330,4,3,6,0,1,4,0,76,1,0,1,0,0
201600024100,16,8,18,35,5,2,2,1,1,281,4483934,63522,330,4,2,3,0,2,1,0,0,1,0,1,0,0
201600024101,16,8,19,1700,1,1,1,1,4,281,4484620,69214,330,4,2,2,0,1,1,0,0,1,0,1,0,0
201600024102,16,8,14,2230,3,1,4,1,2,200,4489216,67161,330,3,2,3,0,1,1,0,400,1,0,1,0,0
201600024103,16,8,22,450,5,2,2,1,6,167,4484710,51010,330,4,2,2,0,1,1,0,99,1,0,0,0,0
201600024104,16,8,12,750,1,2,2,1,3,162,4487849,64138,330,4,2,2,0,1,1,0,0,1,0,1,0,0
201600024105,16,8,25,850,1,2,2,1,3,63,4487800,57092,330,4,3,3,0,1,1,0,0,1,0,1,0,0
201600024106,16,8,25,610,5,2,2,1,3,63,4481670,56597,330,4,2,2,0,1,1,0,0,1,0,1,0,0
201600024107,16,8,20,1640,1,2,1,1,4,119,4485400,53733,330,4,3,8,0,1,1,0,500,1,0,1,0,0
201600024108,16,8,22,1115,1,2,4,1,6,318,4479742,66540,330,4,3,4,0,1,1,20,0,1,0,1,0,0
201600024109,16,8,22,1430,1,2,6,1,3,75,4487360,61718,330,4,3,2,0,1,1,0,0,1,0,1,0,0
201600024110,16,8,25,1640,1,2,1,1,2,281,4485850,66924,330,4,2,2,2,1,1,100,300,1,0,1,0,0
201600024111,16,8,28,1110,1,2,6,1,6,119,4485548,53521,330,4,2,2,0,1,1,0,0,1,0,1,0,1
201600024112,16,8,26,300,5,2,2,1,3,63,4485830,56689,330,4,1,2,2,1,1,0,0,1,0,1,0,0
201600024113,16,8,29,1706,1,2,1,1,3,63,4487136,56306,330,4,2,4,3,1,1,0,0,1,0,1,0,0
201600024114,16,8,29,2000,1,2,3,1,3,63,4485950,63136,330,4,2,0,0,1,1,0,0,1,0,0,0,0
201600024115,16,8,29,2245,5,2,9,1,1,63,4483350,58464,330,4,2,4,0,1,2,0,0,1,0,1,0,0
201600024116,16,8,29,2220,5,2,2,1,3,63,4485230,57911,330,4,1,1,0,1,1,0,0,1,0,1,0,0
201600024117,16,8,30,1710,1,2,1,1,3,63,4483960,56035,330,4,2,4,0,2,1,0,0,1,0,1,0,0
201600024118,16,8,30,1555,1,2,3,1,6,63,4484340,57765,330,4,1,1,0,1,3,36,31,1,0,1,0,0
201600024119,16,9,1,1710,1,2,1,1,6,63,4485500,57668,330,4,2,2,0,1,1,0,0,1,0,0,0,0
201600024120,16,9,1,910,1,2,1,1,1,63,4484775,61336,330,4,0,1,0,1,1,0,0,1,0,1,0,0
201600024121,16,9,1,700,1,2,1,1,2,281,4484790,70887,330,4,2,2,0,1,1,0,60,1,0,1,0,0
201600024122,16,8,28,1715,1,2,1,1,1,75,4487950,58234,330,5,0,0,0,1,1,0,0,1,0,1,0,0
201600024123,16,9,1,1430,1,2,1,1,2,281,4485700,67640,330,4,2,2,0,1,2,0,45,1,0,1,0,0
201600024124,16,8,30,1915,1,2,6,1,1,522,4479664,57953,330,4,2,2,0,1,1,0,0,1,0,2,0,0
201600024125,16,9,4,145,5,2,1,1,6,63,4484049,58081,330,4,1,2,0,1,1,188,26,1,0,1,0,0
201600024126,16,9,2,650,5,2,4,1,6,63,4483192,55934,330,4,3,7,0,1,1,0,0,0,0,0,0,0
201600024127,16,9,2,1830,1,2,1,1,3,63,4485950,55722,330,4,2,4,0,1,1,0,0,1,0,1,0,0
201600024128,16,9,3,1000,1,2,3,1,3,63,4482510,61299,330,4,2,2,0,1,1,0,80,1,0,1,0,0
201600024129,16,8,31,1220,1,2,2,1,3,522,4479620,58842,330,4,2,2,0,1,1,0,0,1,0,0,0,0
201600024130,16,9,3,1100,1,2,1,1,2,281,4481930,65597,330,4,3,2,0,1,1,0,0,1,0,1,0,0
201600024131,16,9,4,950,1,2,1,1,6,192,4478590,60336,330,6,0,0,0,1,3,0,100,1,0,0,0,0
201600024132,16,9,2,1115,1,2,4,1,6,63,4483030,57247,330,4,2,3,0,1,3,0,0,1,0,0,0,0
201600024133,16,9,4,2030,5,2,6,1,4,522,4480060,59605,330,4,3,2,0,1,3,0,0,1,0,0,0,0
201600024134,16,9,6,947,1,2,1,1,3,63,4485670,54828,330,4,2,3,0,1,1,0,0,1,0,1,0,0
201600024135,16,9,7,830,1,2,1,1,3,63,4481380,56670,330,4,3,6,0,1,1,0,0,1,0,1,0,0
201600024136,16,9,7,1100,1,2,1,1,3,63,4487730,56722,330,4,2,4,0,1,1,0,0,1,0,1,0,0