Num_Acc,an,mois,jour,hrmn,lum,agg,int,atm,col,com,lat,long,dep,catr,circ,nbv,vosp,prof,plan,lartpc,larrout,surf,infra,situ,env1,killed
201600024137,16,9,7,2345,5,2,1,1,3,63,4486030,55393,330,4,2,0,0,1,1,0,0,1,4,1,0,0
201600024138,16,9,6,900,1,1,2,1,3,69,4488020,62764,330,1,1,2,0,2,1,0,0,0,3,1,0,0
201600024139,16,9,4,1845,1,2,1,1,6,318,4479600,64855,330,4,2,0,0,1,1,0,60,1,0,1,0,0
201600024140,16,9,4,1845,1,2,1,1,4,63,4486356,58186,330,4,2,6,0,1,1,0,0,1,0,1,0,0
201600024141,16,9,9,1730,1,2,4,1,4,63,4487809,56345,330,4,1,1,0,1,3,0,0,1,0,0,0,0
201600024142,16,9,9,2145,5,2,3,1,2,63,4489074,54896,330,4,2,2,0,1,1,0,168,1,0,0,0,1
201600024143,16,9,9,1410,1,2,2,1,3,63,4487590,54845,330,4,2,5,0,1,1,0,0,1,0,1,0,0
201600024144,16,9,11,230,5,2,1,1,6,63,4482200,58417,330,4,3,4,0,1,1,0,195,1,0,1,0,0
201600024145,16,9,12,800,1,2,1,1,4,63,4483180,55463,330,4,3,8,0,1,1,0,0,1,0,1,0,0
201600024146,16,9,10,2115,5,2,4,1,3,63,4485590,61639,330,4,2,0,0,1,1,0,0,1,0,0,0,0
201600024147,16,8,13,2040,2,2,2,1,3,63,4482600,54820,330,4,2,2,0,1,1,0,96,1,0,0,0,0
201600024148,16,9,12,1417,1,2,2,1,3,63,4483774,57180,330,4,2,3,0,1,1,0,0,1,0,1,0,0
201600024149,16,9,12,1229,1,1,9,1,2,63,4482980,60733,330,4,2,7,0,1,1,0,0,1,0,1,0,0
201600024150,16,9,7,1915,1,2,2,1,3,75,4488080,61182,330,4,2,2,0,1,1,0,0,1,0,0,0,0
201600024151,16,9,9,1435,1,2,1,1,1,318,4481180,62106,330,4,2,2,0,1,1,0,50,1,0,1,0,0
201600024152,16,9,12,1810,1,2,4,1,2,249,4488330,51796,330,1,1,2,0,1,3,0,0,1,3,1,0,0
201600024153,16,9,14,830,1,2,1,1,5,63,4485700,63580,330,4,2,4,0,1,1,0,0,1,0,0,0,0
201600024154,16,9,15,555,5,2,2,1,3,63,4483495,57281,330,4,1,4,0,1,1,0,0,1,0,1,0,0
201600024155,16,9,14,1630,1,2,2,3,3,63,4484690,62915,330,4,2,4,0,1,1,0,0,2,0,1,0,0
201600024156,16,9,14,2225,1,2,3,1,3,63,4485500,58990,330,4,2,2,0,0,0,0,0,1,0,1,0,0
201600024157,16,9,14,2125,5,1,2,1,1,162,4487678,62224,330,4,2,2,0,1,1,0,0,2,0,0,0,1
201600024158,16,9,14,1540,1,2,1,1,1,63,4486696,56257,330,4,3,4,0,1,1,0,0,2,0,1,0,0
201600024159,16,9,16,1410,1,2,2,2,3,63,4482740,59239,330,4,1,1,0,1,1,0,0,2,0,0,0,0
201600024160,16,9,16,1420,1,2,1,2,2,63,4483690,56519,330,4,3,6,0,2,1,0,0,1,0,1,0,0
201600024161,16,9,12,1930,1,2,4,1,2,318,4481350,62649,330,4,2,2,0,1,1,0,0,1,0,1,0,0
201600024162,16,9,14,1630,1,2,1,2,6,13,4484990,49741,330,4,2,0,0,1,1,0,74,0,0,1,0,0
201600024163,16,9,17,2030,5,2,2,1,6,281,4482604,63761,330,4,2,2,0,1,1,0,0,1,0,1,0,0
201600024164,16,9,16,1426,1,2,5,2,3,63,4484640,54063,330,4,3,5,0,1,2,0,0,2,0,1,0,0
201600024165,16,9,18,2235,5,2,6,1,1,550,4478504,58558,330,4,2,4,0,1,1,0,0,1,0,1,0,0
201600024166,16,9,15,745,1,2,1,1,1,281,4484650,72148,330,4,2,2,0,1,1,0,0,1,0,1,0,0
201600024167,16,9,12,945,1,2,1,1,3,550,4477360,54710,330,4,2,2,0,1,1,0,95,1,0,1,0,0
201600024168,16,9,21,830,1,2,9,1,3,63,4483773,59289,330,4,1,0,0,0,1,0,0,0,0,1,0,1
201600024169,16,9,8,1720,1,2,1,1,3,162,4487480,62639,330,4,3,2,0,1,1,0,0,1,0,1,0,0
201600024170,16,9,17,430,5,2,2,8,3,281,4483594,64106,330,4,0,2,0,1,1,0,80,1,0,1,0,0
201600024171,16,9,21,2340,5,2,1,1,6,63,4485140,55836,330,4,2,2,0,1,1,0,0,1,0,1,0,0
201600024172,16,9,21,1615,1,2,1,1,6,63,4483100,57357,330,4,2,2,0,1,2,0,0,1,0,1,0,0
201600024173,16,9,21,1510,1,2,1,1,2,63,4482480,59028,330,4,2,2,0,1,1,0,0,1,0,1,0,0
201600024174,16,9,21,2155,5,2,6,1,1,63,4484520,57789,330,4,1,2,0,2,2,0,0,1,0,1,0,0
201600024175,16,9,22,1500,1,1,1,1,2,39,4481975,53871,330,1,3,6,0,1,1,0,0,1,0,1,0,0
201600024176,16,9,23,140,5,2,1,1,6,63,4484170,55737,330,4,3,8,0,1,1,0,138,1,0,1,0,0
201600024177,16,9,24,930,1,2,1,1,6,63,4483140,55696,330,4,3,5,0,1,3,0,0,1,0,1,0,0
201600024178,16,9,23,1843,1,2,1,1,3,63,4485110,56927,330,4,3,9,0,1,1,0,0,1,4,1,0,0
201600024179,16,9,16,1340,1,2,1,2,3,69,4486081,59891,330,4,2,0,0,1,1,0,0,2,0,1,0,0
201600024180,16,9,22,820,1,2,1,1,4,281,4483920,62808,330,4,2,2,0,1,1,0,0,1,0,1,0,0
201600024181,16,9,20,1740,1,2,1,1,6,522,4480790,59138,330,4,3,4,0,1,1,0,0,1,4,1,0,0
201600024182,16,9,23,840,1,2,2,1,3,63,4484020,59937,330,4,3,5,0,1,1,0,0,1,0,1,0,0
201600024183,16,9,23,1325,1,2,2,1,3,63,4483250,60233,330,4,1,1,0,1,1,0,0,1,0,0,0,0
201600024184,16,9,23,1540,1,2,4,1,3,63,4485054,60612,330,4,2,2,0,1,1,0,0,1,0,0,0,0
201600024185,16,9,23,2155,5,2,3,1,3,39,4480680,57310,330,4,0,2,0,1,1,0,0,1,0,1,0,0
201600024186,16,9,26,1730,1,2,1,1,3,63,4484910,54407,330,4,2,2,0,1,1,0,0,1,0,1,0,0
201600024187,16,9,22,1230,1,2,1,1,3,162,4488540,65619,330,4,2,2,0,1,1,0,92,1,0,1,0,0
201600024188,16,9,23,625,5,2,1,1,6,119,4486010,52975,330,4,2,6,3,0,0,0,0,0,4,0,0,0
201600024189,16,9,22,850,1,1,6,1,1,167,4484290,50382,330,4,2,2,0,1,1,0,0,1,0,0,0,0
201600024190,16,9,19,1700,1,2,3,1,3,318,4477760,64548,330,4,3,2,0,1,1,0,0,1,0,1,0,0
201600024191,16,9,27,755,1,2,3,1,3,63,4483860,55876,330,4,2,4,0,2,1,0,10,1,0,1,0,0
201600024192,16,9,27,1345,1,1,1,1,2,281,4484730,69555,330,4,2,2,0,1,1,0,30,1,0,1,0,0
201600024193,16,9,29,2125,5,2,4,1,2,63,4482352,60020,330,4,2,3,2,1,1,10,145,1,0,1,0,0
201600024194,16,9,27,755,1,2,1,1,1,167,4484520,52107,330,4,2,2,0,2,1,0,0,1,0,1,0,0
201600024195,16,9,23,1725,1,2,3,1,3,550,4478590,57450,330,4,2,2,0,1,1,0,0,1,0,1,0,0
201600024196,16,9,23,2300,5,2,1,1,2,39,4478600,56641,330,4,2,2,0,1,1,0,0,1,0,1,0,0
201600024197,16,9,29,1640,1,2,1,1,6,281,4484170,64826,330,4,2,2,0,1,1,0,30,1,0,1,0,0
201600024198,16,9,21,1838,1,2,1,1,1,522,4479420,59705,330,4,3,4,0,1,3,0,0,1,0,1,0,0
201600024199,16,10,1,2135,5,2,4,1,2,63,4483510,55139,330,4,2,2,0,0,0,0,0,0,0,0,0,0
201600024200,16,9,30,725,2,2,3,1,3,63,4485360,62191,330,4,2,2,2,2,1,0,0,1,0,1,0,0
201600024201,16,10,3,1335,1,2,1,1,3,63,4482850,59395,330,4,3,6,2,1,1,0,0,1,0,1,0,0
201600024202,16,10,1,420,5,2,2,2,2,63,4482820,56077,330,4,1,1,0,1,1,0,60,2,0,0,0,0
201600024203,16,9,21,1540,1,2,2,1,6,63,4483879,62590,330,4,2,2,0,1,1,0,60,1,0,0,0,0
201600024204,16,10,4,1800,1,2,1,1,4,63,4487080,57611,330,4,3,8,0,1,1,0,0,1,4,1,0,0
201600024205,16,10,3,840,1,2,1,1,2,281,4483520,67660,330,4,2,2,0,1,1,0,0,1,2,1,0,0
201600024206,16,10,4,2010,5,2,2,1,1,63,4483330,59874,330,4,3,6,0,1,1,0,0,1,0,0,0,0
201600024207,16,9,23,1755,1,2,3,1,3,162,4487530,64370,330,4,2,2,0,1,1,0,0,1,0,1,0,0
201600024208,16,10,4,1150,1,2,2,1,3,63,4487040,56629,330,4,3,4,0,1,1,0,0,1,0,1,0,0
201600024209,16,10,3,1830,1,2,1,1,3,281,4483273,68168,330,4,0,3,0,1,1,0,115,1,0,1,0,0
201600024210,16,9,27,2030,5,2,1,1,3,550,4478599,56639,330,4,2,2,0,1,1,0,0,1,0,1,0,0
201600024211,16,10,2,1040,1,2,3,1,2,318,4480520,65359,330,4,2,2,0,1,1,0,0,1,0,0,0,0
201600024212,16,9,30,1600,1,2,3,1,3,318,4478935,64797,330,4,3,4,0,1,1,0,0,1,0,0,0,0
201600024213,16,10,6,1545,1,2,4,1,3,63,4483890,58178,330,4,2,2,2,2,2,0,0,1,0,1,0,0
201600024214,16,10,6,930,1,2,3,1,3,63,4486570,56219,330,4,2,2,0,1,1,0,0,1,0,1,0,0
201600024215,16,10,6,1800,1,2,1,1,2,63,4487970,56282,330,4,3,8,0,1,1,0,0,1,0,1,0,0
201600024216,16,10,6,2010,1,2,1,1,2,63,4485650,61813,330,4,3,2,2,1,1,0,0,0,0,1,0,0
201600024217,16,10,4,930,1,2,4,1,2,281,4483380,66815,330,4,2,4,0,1,1,0,0,1,0,1,0,0
201600024218,16,10,3,1135,1,2,2,1,3,522,4479733,59216,330,4,2,2,1,1,1,0,0,1,0,1,0,0
201600024219,16,10,5,1036,1,2,1,1,6,522,4479740,59921,330,4,2,0,0,1,1,0,0,1,0,1,0,0
201600024220,16,10,7,1030,1,2,3,1,4,39,4481190,57375,330,4,2,2,0,1,1,0,0,1,0,0,0,0
201600024221,16,10,8,2230,5,2,1,1,7,63,4486000,57500,330,4,1,3,0,1,1,0,151,1,0,1,0,0
201600024222,16,10,7,1155,1,2,4,1,3,63,4483520,58063,330,4,1,1,0,1,1,0,0,1,0,0,0,0
201600024223,16,10,5,730,5,2,2,1,3,69,4486230,59309,330,4,2,2,0,1,1,0,123,1,0,0,0,0
201600024224,16,10,9,345,5,2,3,1,6,63,4484188,55691,330,4,1,8,0,1,1,0,0,1,0,1,0,0
201600024225,16,10,10,1538,1,2,2,1,6,318,4479568,64876,330,4,2,2,0,1,1,0,60,1,0,1,0,0
201600024226,16,10,3,745,1,2,6,1,3,39,4480760,56049,330,4,2,2,0,1,1,0,70,1,0,1,0,0
201600024227,16,10,10,1345,1,2,2,1,6,63,4484510,59187,330,4,2,2,0,1,1,0,0,1,0,1,0,0
201600024228,16,10,10,1008,1,2,2,1,3,63,4483248,60228,330,4,0,2,0,1,1,0,0,1,0,0,0,0
201600024229,16,9,27,1150,1,2,1,1,6,318,4479290,62918,330,4,2,2,0,1,1,0,0,1,0,1,0,0
201600024230,16,10,4,1110,1,2,4,1,6,550,4476344,56580,330,4,2,2,0,1,1,0,0,1,0,4,0,0
201600024231,16,10,4,945,1,2,1,1,3,200,4485990,69583,330,4,2,2,0,1,1,0,0,1,0,1,0,0
201600024232,16,10,9,1830,1,2,1,1,4,281,4481378,68985,330,4,2,2,0,1,1,0,0,1,0,1,0,0
201600024233,16,10,11,1635,1,2,3,1,1,63,4483530,56956,330,4,2,2,0,1,1,0,0,1,0,1,0,0
201600024234,16,10,12,745,2,2,2,1,3,63,4483500,57205,330,4,2,2,0,1,1,0,0,1,0,1,0,0
201600024235,16,10,13,810,1,2,2,1,3,63,4483006,58934,330,4,1,1,0,1,1,0,0,1,0,0,0,0
201600024236,16,10,5,2210,5,2,3,1,3,522,4478900,58709,330,4,2,2,0,1,1,0,60,1,0,0,0,0
201600024237,16,10,10,1758,1,2,1,1,3,281,4483400,63797,330,4,2,2,0,1,1,0,70,1,0,1,0,0
201600024238,16,10,11,1800,1,2,1,1,6,281,4482820,63885,330,4,3,4,1,0,0,0,0,0,0,5,0,0
201600024239,16,10,11,745,2,2,2,1,3,63,4484530,61552,330,4,1,1,0,1,1,0,0,1,0,0,0,0
201600024240,16,10,15,1000,1,2,2,1,3,63,4485800,58780,330,4,1,1,0,1,1,0,0,1,0,0,0,0
201600024241,16,10,15,1550,1,2,3,1,3,63,4484710,57668,330,4,3,5,0,1,1,0,0,1,0,1,0,0
201600024242,16,10,16,1915,2,2,4,1,2,63,4484460,60352,330,4,1,1,0,1,1,0,0,1,0,1,0,0
201600024243,16,10,16,2330,5,2,4,1,3,281,4482240,69083,330,4,2,2,0,2,1,0,110,1,0,1,0,0
201600024244,16,10,17,900,1,2,1,2,1,63,4482130,58298,330,4,3,2,0,1,1,0,0,1,1,1,0,0
201600024245,16,10,18,20,5,2,9,1,6,63,4484440,57460,330,4,1,0,0,1,2,0,66,1,4,4,0,0
201600024246,16,10,17,2145,5,2,3,1,3,63,4483670,56542,330,4,1,2,1,3,1,10,800,1,4,1,0,0
201600024247,16,10,18,940,1,2,2,1,6,63,4483471,57834,330,4,1,1,0,1,1,0,0,1,0,0,0,0
201600024248,16,10,18,900,1,2,3,1,3,63,4483500,57205,330,4,0,0,0,0,0,0,0,0,0,0,0,0
201600024249,16,10,15,10,5,2,4,1,3,281,4483281,65322,330,4,3,3,0,1,1,0,0,1,0,1,0,0
201600024250,16,10,14,745,1,2,1,1,6,63,4485100,60674,330,4,2,2,2,1,1,0,0,1,0,1,0,0
201600024251,16,10,14,2115,5,2,3,1,3,522,4479623,59235,330,4,2,3,0,1,1,0,0,1,0,0,3,0
201600024252,16,10,10,1100,1,2,1,1,6,200,4488111,68290,330,4,2,2,0,1,1,0,0,1,0,1,0,0
201600024253,16,10,19,1840,1,2,1,1,3,167,4483810,53274,330,4,1,1,1,1,1,0,34,1,0,1,0,0
201600024254,16,10,19,2030,5,2,3,1,2,281,4483940,63632,330,4,2,2,0,2,1,0,78,1,0,1,0,0
201600024255,16,10,14,1300,1,2,2,1,3,39,4480315,56819,330,4,2,2,0,1,1,0,0,1,0,1,0,0
201600024256,16,10,14,1530,1,1,1,1,3,75,4488600,58678,330,4,2,2,0,1,1,0,0,1,0,1,0,0
201600024257,16,10,16,142,5,2,1,1,6,119,4485462,53649,330,4,3,8,0,1,1,0,0,1,0,1,0,0
201600024258,16,10,19,1940,1,2,4,1,6,63,4481940,57227,330,4,3,2,0,1,3,0,100,1,0,1,0,0
201600024259,16,10,20,2150,5,2,2,1,3,63,4483870,58920,330,4,1,1,0,1,1,0,45,1,0,1,0,0
201600024260,16,10,20,2135,5,1,1,1,6,167,4484120,49644,330,4,2,2,0,1,2,0,0,1,0,1,0,0
201600024261,16,10,18,940,1,2,1,1,2,75,4488317,59497,330,4,2,2,0,3,1,0,70,1,0,1,0,0
201600024262,16,10,24,245,5,1,1,1,6,39,4482010,53919,330,1,3,5,0,3,3,0,100,1,0,1,0,0
201600024263,16,10,18,1220,1,2,2,1,3,281,4483264,64062,330,4,2,7,3,1,1,0,0,1,4,0,0,0
201600024264,16,10,21,1342,1,2,3,1,6,281,4481451,63481,330,4,1,1,0,1,1,0,0,1,0,1,0,0
201600024265,16,10,24,1510,1,2,3,1,6,63,4484882,59890,330,4,1,2,0,1,1,0,0,1,0,1,0,0
201600024266,16,10,19,1741,1,2,4,1,1,550,4477777,57421,330,4,2,2,0,1,1,0,0,1,0,0,0,0
201600024267,16,10,20,2050,5,2,2,1,3,522,4481490,58021,330,4,2,2,0,1,1,0,0,1,0,1,0,0
201600024268,16,10,22,2150,5,2,4,1,1,318,4480260,64312,330,4,2,2,0,1,1,0,0,1,0,1,0,0
201600024269,16,10,23,645,5,2,1,1,2,162,4487150,63402,330,4,3,2,0,2,1,0,0,1,0,1,0,0
201600024270,16,10,24,845,1,2,6,1,3,192,4477722,59296,330,4,1,2,0,1,2,0,0,2,0,1,0,0
201600024271,16,10,22,1920,5,2,1,1,3,162,4488640,63999,330,4,2,2,0,1,1,0,30,1,0,1,0,0
201600024272,16,10,21,1610,1,2,1,1,6,192,4478220,60767,330,4,3,2,0,1,1,0,0,1,0,1,0,0
201600024273,16,10,21,1405,1,2,4,1,1,192,4477390,61209,330,4,1,1,0,0,0,0,0,1,0,1,0,0
201600024274,16,10,26,2045,5,2,2,1,2,63,4482127,58274,330,4,2,5,0,1,1,0,0,1,0,0,0,0
201600024275,16,10,21,740,5,2,4,1,6,318,4479920,66319,330,4,2,4,0,1,1,0,0,1,0,0,0,0
201600024276,16,10,21,1640,1,2,2,1,6,522,4480680,59172,330,4,2,2,0,1,2,0,36,1,0,0,0,0
201600024277,16,10,25,1445,1,2,3,1,3,63,4487877,56842,330,4,2,2,0,1,1,0,0,1,0,1,0,0
201600024278,16,10,21,1740,1,2,4,1,3,75,4488810,61407,330,4,2,2,0,1,1,0,0,1,0,0,0,0
201600024279,16,10,27,845,1,2,2,1,3,63,4485210,55710,330,4,2,2,0,1,1,0,0,1,0,1,0,0
201600024280,16,10,27,1820,1,2,1,1,1,63,4485269,55592,330,4,2,2,0,1,1,0,0,1,0,1,0,0
201600024281,16,10,27,2200,5,2,2,1,3,249,4486590,51300,330,4,2,5,0,2,1,15,120,1,0,1,0,0
201600024282,16,10,28,645,5,2,2,1,2,63,4482319,58215,330,4,1,1,0,1,1,0,0,1,0,0,0,0
201600024283,16,10,28,2115,5,2,2,1,1,522,4480233,58626,330,4,1,1,0,1,1,0,67,1,0,0,0,0
201600024284,16,11,1,600,5,2,2,1,3,63,4483630,55013,330,4,3,3,0,1,2,0,0,1,0,0,0,0
201600024285,16,10,30,200,5,2,1,1,6,63,4484180,54304,330,4,2,3,0,1,1,0,0,1,0,1,0,0
201600024286,16,10,31,1021,1,2,1,1,6,63,4484090,56940,330,4,3,9,0,1,1,0,0,1,0,1,0,0
201600024287,16,10,26,1340,1,2,6,1,4,281,4485421,67722,330,4,2,2,0,1,1,0,0,1,0,1,0,0
201600024288,16,10,30,25,5,2,7,1,6,63,4482130,58277,330,4,2,5,3,1,1,0,0,1,4,1,0,0
201600024289,16,10,27,1639,1,2,2,1,3,522,4480790,60325,330,4,2,3,0,1,1,0,0,1,0,0,0,0
201600024290,16,10,28,1800,1,2,3,1,1,63,4484510,62853,330,4,2,2,0,1,1,0,0,1,0,1,0,0
201600024291,16,10,28,1810,2,2,3,1,3,63,4482050,56832,330,4,1,1,0,1,1,0,0,1,0,0,0,0
201600024292,16,11,2,915,1,2,2,1,6,63,4485240,57422,330,4,2,3,3,1,1,0,0,1,4,4,0,0
201600024293,16,11,2,1915,2,2,3,1,3,63,4485317,59406,330,4,1,1,0,1,1,0,0,1,0,0,0,0
201600024294,16,10,25,1600,1,2,3,1,3,39,4480390,54027,330,4,2,2,0,1,2,0,0,1,0,1,0,0
201600024295,16,10,26,1750,1,1,2,1,3,318,4479900,71008,330,4,2,2,0,1,0,0,0,1,0,1,0,0
201600024296,16,11,2,1857,5,2,4,1,3,281,4484850,64384,330,4,2,2,2,1,1,0,700,1,0,1,0,0
201600024297,16,11,3,2200,5,2,1,1,1,281,4483855,62194,330,4,2,2,0,1,1,0,59,1,0,1,0,0
201600024298,16,11,6,210,5,2,2,1,2,63,4482130,58286,330,4,3,4,2,1,1,0,53,1,5,1,0,0
201600024299,16,11,6,1350,1,2,4,1,3,63,4486971,56663,330,4,3,6,0,1,1,60,180,1,0,1,0,0
201600024300,16,10,27,2130,5,2,2,1,2,162,4488086,64060,330,4,2,4,0,1,1,0,785,1,0,1,0,0
201600024301,16,11,4,1715,2,2,3,1,6,63,4485028,57476,330,4,1,1,0,1,1,0,0,1,0,0,0,0
201600024302,16,11,2,1915,5,2,6,5,2,281,4485870,67288,330,4,2,2,0,1,1,0,0,1,0,0,0,0
201600024303,16,11,5,700,4,2,1,2,1,318,4478310,67505,330,4,2,2,0,1,1,0,56,1,0,1,0,0
201600024304,16,11,7,745,2,2,1,1,1,63,4481570,57245,330,4,2,2,0,1,1,0,0,1,0,1,0,0
201600024305,16,11,7,2130,5,2,2,1,3,281,4483700,62058,330,4,2,2,0,1,1,0,36,1,0,1,0,0
201600024306,16,11,2,1840,5,2,3,5,3,162,4486790,63673,330,4,3,2,0,1,1,0,0,1,0,1,0,0
201600024307,16,11,8,130,5,2,2,1,6,63,4484247,54332,330,4,2,2,0,1,1,0,0,1,0,1,0,0
201600024308,16,11,7,2015,1,2,2,1,1,63,4486240,56718,330,4,1,2,0,1,1,0,0,1,0,1,0,0
201600024309,16,11,8,1755,1,2,2,1,3,63,4484010,58101,330,4,1,1,0,1,1,0,0,2,0,0,0,0
201600024310,16,11,3,1605,1,2,2,1,3,39,4480410,55492,330,4,2,2,0,1,1,0,0,1,0,1,0,0
201600024311,16,11,13,215,5,2,4,2,1,63,4483670,56542,330,4,3,2,0,1,1,0,45,2,0,1,0,0
201600024312,16,11,9,1115,1,2,4,2,3,63,4482270,60381,330,4,2,0,0,1,1,0,0,2,0,1,0,0
201600024313,16,11,8,1810,5,2,2,2,7,281,4484171,64644,330,4,3,5,3,1,1,0,0,1,0,0,0,0
201600024314,16,11,8,810,1,2,3,1,2,249,4487770,51853,330,4,1,4,0,1,1,100,28,1,0,1,0,0
201600024315,16,11,8,1315,1,2,3,1,1,167,4482060,51970,330,4,2,2,0,1,1,0,0,8,0,1,0,0
201600024316,16,11,9,2310,5,1,1,2,6,63,4484153,54319,330,4,3,4,0,1,4,0,0,2,0,1,0,0
201600024317,16,11,9,1630,1,2,9,3,3,63,4485510,57178,330,4,0,2,3,1,1,0,0,2,0,1,0,0
201600024318,16,11,4,1727,1,2,4,1,2,281,4485670,65500,330,4,2,4,0,1,1,0,0,1,0,1,0,0
201600024319,16,11,14,810,2,2,6,1,3,63,4484834,61677,330,4,2,2,0,1,1,0,0,1,0,1,0,0
201600024320,16,11,14,605,5,2,2,1,3,63,4482820,56075,330,4,3,3,3,1,1,0,0,1,0,1,0,0
201600024321,16,11,13,420,5,2,4,2,6,63,4482879,55441,330,4,2,4,0,1,1,0,0,1,0,1,0,0
201600024322,16,11,8,830,1,2,2,1,3,281,4485620,64950,330,4,2,2,0,1,1,0,0,1,0,1,0,0
201600024323,16,11,10,340,5,2,4,3,6,550,4480551,57255,330,4,2,2,0,1,1,0,0,2,0,0,0,0
201600024324,16,11,15,1345,1,2,2,1,3,63,4483505,57512,330,4,1,3,3,1,1,0,0,1,4,0,0,0
201600024325,16,11,15,1830,5,2,1,1,4,162,4486450,66319,330,4,2,4,0,1,1,0,30,1,0,1,0,0
201600024326,16,11,10,1740,2,2,3,2,2,318,4477991,66312,330,4,2,2,0,1,1,0,0,1,0,1,0,0
201600024327,16,11,10,1150,1,2,1,1,6,281,4483879,67052,330,4,2,2,0,1,1,0,74,1,0,1,0,0
201600024328,16,11,12,1330,1,2,3,1,3,281,4483256,62790,330,4,2,2,0,1,1,0,0,1,0,1,0,0
201600024329,16,11,16,734,1,1,2,1,3,63,4482120,58287,330,4,3,4,0,1,1,0,0,1,0,1,0,0
201600024330,16,10,16,620,5,2,3,1,3,63,4488236,55088,330,4,2,2,0,1,0,0,0,1,0,0,0,0
201600024331,16,11,17,2310,5,2,3,1,3,522,4481211,58104,330,4,2,2,0,1,2,0,84,1,0,1,0,0
201600024332,16,11,14,930,1,2,1,1,1,550,4479620,57713,330,4,2,2,0,1,3,0,60,1,0,1,0,0
201600024333,16,11,17,1440,1,2,3,1,6,63,4485880,55847,330,4,1,1,0,1,1,0,0,1,0,1,0,0
201600024334,16,11,18,2115,5,2,4,2,7,63,4485250,57419,330,4,1,1,0,1,1,0,0,1,0,0,0,0
201600024335,16,11,17,755,2,2,3,1,3,318,4479880,60712,330,4,2,2,0,1,1,0,0,1,0,1,0,0
201600024336,16,11,20,2028,5,2,3,2,1,119,4485140,50809,330,4,1,2,0,2,1,0,80,2,0,0,0,0
201600024337,16,11,19,600,5,2,3,2,6,63,4481954,56230,330,4,3,2,0,1,1,0,0,2,0,1,0,0
201600024338,16,11,18,2045,5,2,2,2,3,522,4479230,58969,330,4,2,2,0,1,1,0,0,2,0,1,0,0
201600024339,16,11,21,1930,5,2,2,1,7,63,4486344,56147,330,4,2,2,0,1,1,0,0,1,0,0,0,1
201600024340,16,11,21,1020,1,2,2,1,3,63,4483870,58920,330,4,1,2,0,1,1,0,50,1,0,1,0,0
201600024341,16,11,21,1815,5,2,2,1,3,63,4486430,55848,330,4,3,4,0,1,1,0,0,1,0,1,0,0
201600024342,16,11,23,730,1,2,2,2,3,63,4485357,54172,330,4,2,2,0,1,1,0,0,2,0,0,0,0
201600024343,16,11,19,615,5,2,2,1,3,281,4483600,64108,330,4,2,5,0,1,1,0,80,2,0,1,0,0
201600024344,16,11,18,1815,5,2,2,2,1,318,4479290,64705,330,4,2,4,0,1,1,0,0,2,0,0,0,0
201600024345,16,11,21,1025,1,2,2,1,5,13,4486728,49733,330,4,2,0,0,1,1,0,0,2,0,1,0,0
201600024346,16,11,17,1800,5,2,2,2,2,69,4486240,59017,330,4,2,2,0,1,1,0,0,1,0,0,0,0
201600024347,16,11,21,825,1,2,2,2,2,119,4486230,52310,330,4,3,4,0,1,1,0,0,2,0,1,0,0
201600024348,16,11,23,1750,5,2,3,2,1,281,4486221,64513,330,4,2,2,0,0,0,0,0,0,0,0,0,0
201600024349,16,11,23,848,1,2,2,2,2,63,4483665,59879,330,4,2,2,2,1,1,0,0,2,0,0,0,0
201600024350,16,11,16,750,2,2,2,1,1,75,4488410,59916,330,4,2,2,0,1,3,0,0,1,0,1,0,0
201600024351,16,11,18,1430,1,2,3,1,1,200,4485939,67755,330,4,3,4,0,1,1,0,0,2,0,1,0,0
201600024352,16,11,18,745,2,2,4,2,3,69,4485580,60135,330,4,1,2,0,1,1,0,0,2,0,1,0,0
201600024353,16,11,24,1625,1,2,3,1,3,63,4482937,57223,330,4,2,2,0,1,1,0,80,1,0,1,0,0
201600024354,16,11,25,745,1,2,2,2,1,63,4482680,59138,330,4,3,6,0,1,1,0,0,2,0,1,0,0
201600024355,16,11,24,2120,5,2,2,1,1,63,4485096,57781,330,4,1,1,0,1,1,0,0,1,0,0,0,0
201600024356,16,11,21,1412,1,2,1,1,4,318,4479730,64163,330,4,2,4,0,1,1,0,90,1,0,1,0,0
201600024357,16,11,26,2030,5,2,2,2,1,119,4484363,53060,330,4,2,2,0,1,1,0,0,2,0,0,0,0
201600024358,16,11,22,2050,5,2,3,2,6,522,4478900,58709,330,4,2,2,0,1,1,0,60,2,0,1,0,0
201600024359,16,11,23,715,5,2,1,2,3,522,4480850,57382,330,4,2,2,0,1,0,0,0,2,0,1,0,0
201600024360,16,11,25,800,2,2,1,2,1,63,4485250,55628,330,4,2,4,0,1,1,0,0,2,0,1,0,0
201600024361,16,11,24,750,2,2,6,2,6,281,4484670,67751,330,4,2,4,0,1,1,0,0,2,0,1,0,0
201600024362,16,11,24,1805,5,2,3,1,6,318,4480620,63062,330,4,1,1,0,1,1,0,0,1,0,0,0,0
201600024363,16,11,27,1700,1,2,2,1,1,63,4483330,59857,330,4,3,7,0,1,1,0,0,1,0,0,0,0
201600024364,16,11,28,1435,1,2,2,1,2,63,4486596,56086,330,4,2,0,0,1,1,0,0,1,0,1,0,0
201600024365,16,11,18,930,1,2,2,2,3,192,4477788,64584,330,4,3,3,0,1,1,35,45,2,0,1,0,0
201600024366,16,11,23,1620,1,2,4,2,2,162,4486347,63943,330,4,2,2,0,1,1,0,0,2,0,0,0,0
201600024367,16,11,29,1755,5,2,3,1,1,63,4484510,61080,330,4,2,2,0,1,1,0,0,1,0,1,0,0
201600024368,16,11,29,1350,1,2,2,1,3,63,4481290,56138,330,4,2,2,0,1,1,0,0,1,0,0,0,0
201600024369,16,11,30,1315,1,2,3,1,6,63,4487557,57666,330,4,2,2,0,1,1,0,0,1,0,1,0,0