Num_Acc,an,mois,jour,hrmn,lum,agg,int,atm,col,com,lat,long,dep,catr,circ,nbv,vosp,prof,plan,lartpc,larrout,surf,infra,situ,env1,killed
201600024370,16,11,30,945,1,2,4,1,6,63,4482562,55728,330,4,2,2,3,1,1,0,0,1,0,1,0,0
201600024371,16,12,1,1725,1,2,1,1,3,63,4488970,55756,330,4,2,2,0,1,1,0,0,1,0,1,0,0
201600024372,16,11,28,1645,1,2,3,1,3,192,4475920,63018,330,4,2,4,2,1,2,0,0,1,0,1,0,0
201600024373,16,11,30,715,2,2,2,1,7,281,4482880,66453,330,4,2,3,0,1,1,0,80,1,0,1,0,0
201600024374,16,11,30,1200,1,2,2,1,6,249,4487980,52432,330,4,2,5,0,1,1,0,0,1,0,1,0,0
201600024375,16,11,27,1200,1,2,1,1,3,318,4479243,67103,330,4,2,2,0,1,1,0,46,1,0,1,0,0
201600024376,16,11,29,1800,1,2,3,1,3,63,4485800,57486,330,4,3,2,0,1,1,0,0,1,0,1,0,0
201600024377,16,11,26,1220,1,2,1,1,6,63,4488040,57309,330,4,2,2,0,1,2,0,0,1,0,1,0,0
201600024378,16,11,26,1200,1,2,4,1,3,162,4487640,65197,330,4,2,2,0,1,1,0,0,1,0,0,0,0
201600024379,16,11,29,755,5,2,1,1,3,522,4480150,60174,330,4,2,2,0,1,1,0,0,1,0,1,0,0
201600024380,16,11,29,2015,5,2,2,1,1,522,4481232,58748,330,4,2,2,0,1,1,0,0,1,0,1,0,0
201600024381,16,12,2,1400,1,2,2,1,3,63,4484510,59187,330,4,2,2,0,1,1,0,0,1,0,1,0,0
201600024382,16,12,3,2305,5,2,1,1,3,63,4485939,55483,330,4,3,6,0,1,1,0,0,1,0,1,0,0
201600024383,16,11,25,1745,4,2,2,2,3,281,4481530,62751,330,4,2,2,0,1,1,0,40,2,0,1,0,0
201600024384,16,12,5,1450,1,2,2,1,3,63,4484183,55553,330,4,2,2,0,1,1,0,0,1,0,0,0,0
201600024385,16,12,6,735,1,2,3,1,3,63,4486400,62010,330,4,2,2,0,1,1,0,0,1,0,1,0,0
201600024386,16,12,5,1725,5,2,3,1,5,63,4487560,57674,330,4,2,2,0,1,1,0,0,1,0,1,0,0
201600024387,16,11,30,1645,1,2,1,1,6,281,4481894,69877,330,4,2,2,0,1,1,0,0,9,0,1,0,0
201600024388,16,11,30,1935,5,2,4,1,3,318,4479550,64249,330,4,2,2,0,1,1,0,42,1,0,0,0,0
201600024389,16,12,2,1840,5,2,4,1,6,200,4486866,67157,330,4,2,2,0,1,1,0,0,1,0,1,0,0
201600024390,16,12,6,2010,5,2,9,1,2,63,4484662,53748,330,4,1,1,0,0,0,0,0,0,0,0,0,0
201600024391,16,12,2,800,1,2,4,1,3,318,4479580,67249,330,4,2,2,0,1,2,0,60,1,0,1,0,0
201600024392,16,12,1,840,1,2,3,1,6,318,4481087,62060,330,4,2,4,0,1,1,0,0,1,0,1,0,0
201600024393,16,12,6,730,2,2,1,1,3,63,4482967,59567,330,4,3,7,0,2,1,0,0,2,0,1,0,0
201600024394,16,12,7,2010,5,2,3,1,3,63,4483347,56157,330,4,1,10,0,1,1,0,0,1,0,1,0,0
201600024395,16,12,7,745,2,2,2,1,2,63,4482770,55866,330,4,2,3,0,1,1,0,0,1,0,1,0,0
201600024396,16,12,7,2215,5,1,2,1,1,162,4487670,62214,330,4,3,4,0,1,1,0,236,1,0,1,0,0
201600024397,16,12,8,1400,1,2,1,1,3,63,4486491,57464,330,4,2,4,1,1,1,0,0,1,0,1,0,0
201600024398,16,12,8,2130,5,2,2,1,6,63,4484021,59937,330,4,1,4,0,1,1,0,0,1,0,0,0,0
201600024399,16,12,8,1407,1,2,9,1,6,63,4481939,57235,330,4,1,2,0,1,1,0,0,1,0,0,0,0
201600024400,16,11,7,30,5,2,3,1,3,63,4484088,54958,330,4,2,2,0,1,1,0,137,1,0,1,0,0
201600024401,16,12,10,1910,5,2,1,1,2,63,4483902,58798,330,4,3,2,0,1,1,0,0,2,0,1,0,0
201600024402,16,11,29,725,5,2,9,1,1,281,4483450,67117,330,4,2,3,0,1,1,0,105,1,0,1,0,0
201600024403,16,12,10,1925,5,2,2,1,4,63,4481478,57288,330,4,3,7,0,1,1,0,0,1,0,1,0,0
201600024404,16,12,9,630,5,2,6,8,2,281,4484666,71950,330,4,2,4,0,1,1,0,0,1,0,1,0,0
201600024405,16,12,10,210,5,2,3,5,1,63,4482463,54997,330,4,2,0,0,1,1,0,105,1,0,1,0,0
201600024406,16,12,10,1550,1,2,1,1,2,63,4483166,57645,330,4,2,3,3,1,1,0,0,1,0,1,0,0
201600024407,16,12,12,810,1,2,3,1,2,63,4485988,61944,330,4,3,2,0,1,1,0,0,1,0,1,0,0
201600024408,16,12,9,1640,1,2,3,1,1,63,4482565,58878,330,4,1,1,0,1,1,0,0,1,0,0,0,0
201600024409,16,12,12,1145,1,2,2,1,1,63,4482120,56582,330,4,2,2,0,1,1,0,0,1,0,0,0,0
201600024410,16,12,10,1600,1,2,3,1,6,63,4484010,56890,330,4,1,1,0,1,1,0,0,1,0,0,0,0
201600024411,16,11,9,1615,1,2,2,2,3,63,4484530,61535,330,4,2,4,2,1,1,0,0,2,0,1,0,0
201600024412,16,12,10,335,5,2,4,5,6,318,4479346,60750,330,4,2,4,0,1,1,0,89,2,0,1,0,0
201600024413,16,12,11,2110,5,2,7,1,3,63,4483651,56572,330,4,3,4,0,3,1,0,79,1,4,1,0,0
201600024414,16,12,8,1235,1,2,1,1,5,119,4485752,53157,330,4,2,3,0,1,1,0,0,1,0,1,0,0
201600024415,16,12,14,1830,5,2,3,1,3,63,4482484,56650,330,4,1,1,0,1,1,0,0,1,0,0,0,0
201600024416,16,12,14,1815,5,2,4,1,3,63,4484385,56425,330,4,2,2,0,1,1,0,0,1,0,0,0,0
201600024417,16,12,3,40,5,2,2,1,3,162,4488011,62764,330,4,3,2,0,3,1,50,154,1,0,1,0,0
201600024418,16,12,13,1220,1,2,3,1,3,63,4481317,57329,330,4,2,2,0,1,1,0,0,1,0,1,0,0
201600024419,16,12,13,1730,2,2,4,1,1,281,4482238,69092,330,4,2,2,0,1,1,0,0,1,0,1,0,0
201600024420,16,12,13,1420,1,2,1,1,3,63,4488190,56390,330,6,0,0,0,1,1,0,0,1,0,1,0,0
201600024421,16,12,9,1110,1,2,1,1,1,249,4487730,51039,330,4,2,3,0,1,1,0,0,1,0,1,0,0
201600024422,16,12,9,2100,5,2,2,1,3,249,4488530,51826,330,4,3,0,0,1,1,0,34,1,0,1,0,0
201600024423,16,12,14,1510,1,2,3,1,2,63,4490680,55578,330,4,2,2,0,1,1,0,0,1,0,0,0,0
201600024424,16,12,13,1345,1,2,9,1,6,119,4485576,53217,330,4,1,2,0,1,1,0,0,1,0,0,0,0
201600024425,16,12,15,1720,5,2,2,1,3,39,4480938,57395,330,4,2,2,0,1,1,0,0,1,0,0,0,0
201600024426,16,12,12,1830,2,2,1,1,3,13,4487266,48287,330,4,2,2,0,1,1,0,53,1,0,1,0,0
201600024427,16,12,9,1800,5,2,1,1,3,162,4487810,64444,330,4,2,2,0,1,1,0,0,1,0,1,0,0
201600024428,16,2,21,500,5,2,1,1,6,63,4484410,57644,330,6,0,0,0,1,1,0,0,1,0,1,0,0
201600024429,16,12,16,1900,5,2,2,1,1,63,4485650,62961,330,4,1,2,0,1,1,0,0,1,0,1,0,0
201600024430,16,12,16,1905,1,2,3,1,6,63,4485155,59693,330,4,2,2,0,1,1,0,0,1,0,1,0,0
201600024431,16,12,17,1720,5,2,4,1,3,63,4483630,55013,330,4,3,4,0,1,1,0,0,1,0,1,0,0
201600024432,16,12,14,800,2,2,2,7,1,281,4482570,62813,330,4,2,5,0,1,1,0,0,0,0,0,0,0
201600024433,16,12,15,1300,1,2,9,1,3,281,4485251,64519,330,4,2,3,0,1,1,0,61,0,0,0,0,0
201600024434,16,12,19,1550,1,2,2,1,1,63,4481480,57263,330,4,3,7,0,1,1,0,0,1,0,1,0,0
201600024435,16,12,19,1830,5,2,2,1,3,63,4483290,58415,330,4,1,1,0,1,1,0,0,1,0,1,0,0
201600024436,16,12,16,1005,1,2,1,1,3,13,4486550,47255,330,4,2,3,0,1,1,0,0,1,0,1,0,0
201600024437,16,12,16,1800,5,1,3,1,6,249,4487473,51547,330,4,1,1,0,1,1,0,0,1,0,1,0,0
201600024438,16,12,14,1820,5,2,1,1,3,550,4477840,56997,330,4,2,4,1,1,1,0,0,1,0,1,0,0
201600024439,16,12,16,1745,5,2,1,1,2,200,4486160,69587,330,4,3,4,0,1,1,0,0,1,0,1,0,0
201600024440,16,12,20,1820,1,2,6,1,6,63,4487550,55355,330,4,3,4,0,0,0,0,0,0,0,1,0,0
201600024441,16,12,21,2140,5,2,4,2,1,63,4486480,57869,330,4,2,2,0,1,1,0,70,2,0,0,0,0
201600024442,16,12,10,1935,5,2,1,1,6,318,4478068,65126,330,4,2,0,0,1,1,0,0,1,0,1,0,0
201600024443,16,12,21,2130,5,2,6,2,2,63,4482719,60171,330,4,2,2,0,1,1,0,0,2,0,1,0,0
201600024444,16,12,22,2140,5,2,1,2,2,63,4485289,56734,330,4,3,9,0,1,1,0,90,2,0,1,0,0
201600024445,16,12,20,1700,1,2,3,1,6,119,4485230,51420,330,4,3,4,0,1,1,0,0,1,0,1,0,0
201600024446,16,12,19,1410,1,2,1,1,3,318,4479680,66170,330,4,3,5,0,1,1,0,0,1,4,1,0,0
201600024447,16,12,15,1645,2,2,2,1,6,281,4483795,61652,330,4,2,2,0,1,1,0,0,1,0,1,0,0
201600024448,16,12,22,1930,5,2,2,1,3,63,4483293,58414,330,4,1,1,0,1,1,0,0,2,0,0,0,0
201600024449,16,12,21,1445,1,2,1,1,7,550,4477365,56464,330,4,2,2,1,1,1,0,0,1,0,1,0,0
201600024450,16,12,17,10,5,2,3,1,1,75,4488820,61045,330,4,2,3,0,1,1,0,0,1,0,0,0,0
201600024451,16,12,24,16,5,2,1,1,6,63,4483211,59626,330,4,2,2,3,1,1,0,0,2,4,1,0,0
201600024452,16,12,23,1740,5,2,3,1,2,281,4485150,64448,330,4,1,1,0,1,1,0,30,1,0,1,0,0
201600024453,16,12,27,2135,5,2,9,1,3,63,4484196,58456,330,4,2,2,0,1,1,19,129,1,0,1,0,0
201600024454,16,12,21,1540,1,2,2,1,3,167,4483700,53677,330,4,2,2,0,1,1,0,0,1,0,1,0,0
201600024455,16,12,19,1645,2,2,1,1,7,39,4479445,53263,330,4,2,2,0,1,1,0,0,1,0,1,0,0
201600024456,16,12,23,2125,5,2,1,2,3,63,4484401,60914,330,4,2,2,2,1,1,0,90,2,0,1,0,0
201600024457,16,12,28,950,1,2,2,1,3,63,4485602,58863,330,4,1,1,2,1,1,0,0,1,0,0,0,0
201600024458,16,12,23,1815,5,2,2,1,7,63,4485251,61706,330,4,2,2,0,1,1,0,0,1,0,1,0,0
201600024459,16,12,23,1355,1,2,2,8,6,63,4484821,59768,330,4,1,3,3,1,1,0,0,1,0,0,0,0
201600024460,16,12,29,700,2,2,6,5,3,63,4488792,55984,330,4,2,4,0,1,3,0,0,1,0,0,0,0
201600024461,16,12,23,1330,1,2,3,1,3,63,4483071,57196,330,4,2,3,3,1,4,0,0,1,0,1,0,0
201600024462,16,9,23,1530,1,1,1,1,3,355,4713516,81253,490,3,2,2,0,1,1,0,60,1,0,1,99,0
201600024463,16,6,1,1500,1,1,2,1,1,272,4727000,273500,180,3,2,2,0,2,1,0,50,1,0,1,99,0
201600024464,16,7,20,1445,1,2,1,1,3,32,4741091,289594,180,3,2,2,0,2,1,0,80,1,0,1,99,0
201600024484,16,10,14,1245,2,2,3,3,1,161,4363330,713416,60,3,2,2,1,1,0,0,20,2,0,0,0,0
201600024485,16,10,19,745,2,2,1,1,6,161,4364272,713307,60,3,3,2,0,2,1,20,52,1,0,1,99,0
201600024486,16,10,24,1615,1,1,1,1,7,161,4365725,711688,60,3,2,2,0,1,2,0,0,1,0,3,99,0
201600024487,16,11,8,1630,1,1,1,1,5,161,4365817,710500,60,3,2,2,0,1,3,0,0,1,0,1,99,0
201600024488,16,11,19,2345,3,1,1,1,6,161,4362775,713380,60,3,2,2,2,1,1,0,0,1,0,5,99,0
201600024489,16,11,26,1650,2,2,4,1,3,44,4368428,710991,60,3,0,0,0,0,0,0,0,0,0,0,0,0
201600024490,16,11,30,2010,5,2,3,1,1,161,4364272,713307,60,3,2,2,0,1,0,0,10,1,0,0,0,0
201600024491,16,12,13,815,1,2,1,1,3,161,4364997,713070,60,3,2,2,0,1,1,0,72,1,0,1,99,0
201600024492,16,1,12,1120,1,2,1,1,6,3,4331000,347000,340,4,2,1,0,1,1,0,0,1,0,1,99,0
201600024493,16,3,26,1000,1,2,1,1,6,3,4328730,350949,340,4,1,10,0,1,1,0,110,1,0,1,0,0
201600024494,16,4,2,1815,1,2,2,2,3,3,4330000,347000,340,4,2,2,0,1,1,0,59,2,0,1,0,0
201600024495,16,6,13,1100,1,2,1,1,6,3,4329880,347840,340,4,2,1,0,1,1,22,82,1,0,4,99,0
201600024496,16,4,8,1900,1,2,1,1,2,3,4331500,347150,340,4,3,2,0,1,1,5,60,1,0,1,0,0
201600024497,16,6,19,1930,1,2,1,1,3,3,4328600,351340,340,4,3,2,0,1,1,20,70,1,6,1,99,0
201600024498,16,7,11,1825,1,2,1,1,1,3,4330770,349833,340,3,2,1,0,1,1,0,64,1,0,1,0,0
201600024499,16,7,12,1515,1,1,1,1,3,3,4329400,350310,340,3,1,1,0,1,1,0,107,1,3,1,0,0
201600024500,16,8,8,1035,1,2,1,1,3,3,4330310,347744,340,4,2,1,0,1,1,60,60,1,0,1,99,0
201600024501,16,8,28,600,2,1,1,1,3,3,4329740,347310,340,3,2,1,0,1,1,0,80,1,0,1,0,0
201600024502,16,7,7,710,1,2,1,1,6,3,4331130,347052,340,4,1,1,0,1,1,0,39,1,0,1,0,1
201600024503,16,9,15,1735,1,2,3,1,3,3,4330580,346912,340,4,2,2,0,1,1,0,50,1,0,0,0,0
201600024504,16,6,5,1620,1,1,1,1,6,3,4330470,345213,340,3,0,0,0,1,3,0,0,1,0,0,0,0
201600024505,16,9,23,2130,5,2,1,1,6,3,4328000,351000,340,4,1,1,0,1,1,0,100,1,0,1,0,0
201600024506,16,9,3,1350,1,2,1,1,3,3,4329000,351000,340,4,2,1,0,1,1,0,46,1,0,1,99,0
201600024507,16,10,6,2115,5,2,2,1,3,3,4330840,347623,340,4,2,2,0,1,1,0,83,1,0,1,0,0
201600024508,16,9,10,525,3,2,1,2,7,3,4329490,350437,340,3,1,1,0,3,3,0,50,2,3,3,99,1
201600024509,16,11,10,2035,5,2,1,1,1,3,4331050,347531,340,4,2,1,0,1,1,0,60,9,0,1,0,0
201600024510,16,11,24,1811,5,2,6,1,3,3,4330000,348000,340,4,1,1,0,1,2,0,80,1,0,1,99,0
201600024511,16,12,13,705,5,2,3,1,6,3,4331190,347200,340,4,1,0,0,1,1,0,0,1,0,1,0,1
201600024512,16,1,6,830,1,1,1,1,7,32,4330770,321212,340,3,2,2,0,2,1,80,156,0,3,3,99,1
201600024513,16,11,21,1530,1,1,1,1,7,32,4333550,322713,340,4,0,0,0,1,1,0,60,9,0,0,0,0
201600024514,16,1,9,1050,1,2,1,1,7,32,4333700,325280,340,4,0,0,0,0,0,0,0,0,0,1,0,0
201600024515,16,11,22,1730,2,1,1,1,3,32,4334580,325620,340,3,0,0,0,1,1,0,140,9,1,0,0,0
201600024516,16,1,19,1430,1,1,1,1,1,32,4335870,325029,340,3,0,0,0,1,1,20,72,9,0,0,99,0
201600024517,16,1,16,1200,1,2,6,1,3,32,4336050,324995,340,4,1,2,0,1,2,0,86,1,5,1,99,0
201600024518,16,1,29,1400,1,2,2,1,7,32,4334480,323435,340,4,2,0,0,1,1,0,100,0,5,1,3,0
201600024519,16,12,23,2150,5,1,6,1,3,32,4335339,322503,340,4,1,2,0,1,1,0,0,9,5,1,0,0
201600024520,16,1,20,1155,1,2,9,1,6,32,4334300,320915,340,4,2,2,0,2,1,0,67,1,0,0,3,0
201600024521,16,2,5,1320,1,2,1,7,7,32,4334340,323333,340,4,2,0,0,1,1,0,100,1,0,1,3,0
201600024522,16,2,13,1720,1,1,1,1,7,32,4335030,325132,340,3,0,0,0,0,1,0,71,0,0,0,0,0
201600024523,16,2,10,730,1,2,6,1,6,336,4332080,328415,340,4,0,0,0,1,1,0,66,1,0,0,0,0
201600024524,16,2,12,740,1,2,1,1,7,32,4333480,326070,340,4,2,4,0,1,1,24,120,2,0,1,3,0
201600024525,16,2,27,1945,1,1,3,1,3,32,4334310,326138,340,3,2,2,0,1,1,0,84,1,0,1,99,0
201600024526,16,3,27,520,3,1,1,5,6,32,4332380,260301,340,4,2,2,0,1,2,0,60,2,0,3,0,0
201600024527,16,3,24,1410,1,1,1,1,7,32,4337990,320294,340,3,2,2,0,1,1,0,60,1,0,1,99,0
201600024528,16,4,15,915,1,2,1,1,7,32,4333120,324488,340,4,2,4,0,2,1,24,128,1,0,1,99,0
201600024529,16,3,28,530,5,2,1,1,6,32,4335610,322185,340,4,2,2,0,1,2,0,109,1,0,1,99,0
201600024530,16,4,15,750,1,2,1,1,7,32,4336060,324964,340,4,1,2,0,1,2,0,86,1,5,1,0,0
201600024531,16,4,27,800,1,1,1,1,7,32,4336310,319123,340,3,2,2,0,1,1,0,58,1,0,1,99,0
201600024532,16,3,30,950,1,1,1,1,1,32,4336220,324516,340,3,2,0,0,2,1,0,0,9,0,1,99,1
201600024533,16,5,2,1830,1,2,1,1,7,32,4333880,321199,340,4,2,2,0,1,1,0,48,1,0,1,99,0
201600024534,16,5,10,1950,1,2,1,1,1,32,4334380,322063,340,4,2,3,0,4,1,0,90,1,0,1,99,0
201600024535,16,5,28,1610,1,2,1,1,7,32,4334730,324417,340,4,1,2,0,1,1,0,60,1,0,1,99,0
201600024536,16,5,3,1910,1,1,1,1,1,32,4338270,322552,340,3,0,0,0,2,4,0,76,1,0,0,99,1
201600024537,16,6,27,1530,1,2,1,1,7,32,4335100,322483,340,4,2,2,0,1,2,0,64,1,0,1,99,0
201600024538,16,6,29,1200,1,1,1,1,4,32,4335620,324987,340,3,2,2,0,1,1,0,78,1,0,1,99,0
201600024539,16,7,8,1339,1,2,1,1,1,336,4333140,327068,340,4,2,2,0,1,1,0,62,1,0,1,99,0
201600024540,16,6,7,1440,1,2,1,1,7,32,4334770,325691,340,4,2,1,0,0,0,0,0,0,0,1,0,0
201600024541,16,7,21,500,3,1,1,1,6,32,4333300,315322,340,3,2,4,0,1,2,126,74,1,0,1,99,0
201600024542,16,7,31,420,3,1,1,1,6,32,4331010,323371,340,3,2,2,0,1,1,0,61,1,0,1,99,1
201600024543,16,8,2,850,1,2,1,1,3,32,4333910,321078,340,4,2,3,0,1,1,0,110,1,0,1,99,0
201600024544,16,7,5,210,5,1,1,1,3,32,4333820,320634,340,3,2,0,0,1,0,0,105,0,0,1,0,0
201600024545,16,9,21,1615,1,1,1,1,5,32,4337780,329632,340,3,2,2,0,1,1,32,70,1,0,1,99,0
201600024546,16,9,30,1650,1,2,1,1,7,32,4334510,323645,340,4,2,2,0,1,3,30,89,1,0,1,99,0
201600024547,16,11,1,1000,1,2,1,1,7,32,4333360,325083,340,4,1,1,0,1,1,0,66,1,5,1,99,0
201600024548,16,10,8,1535,1,2,1,7,3,32,4335940,323495,340,4,2,0,0,1,1,0,48,1,0,1,99,0
201600024549,16,11,6,820,1,1,1,1,2,32,4334750,325379,340,9,0,0,0,1,0,0,76,1,3,0,99,0
201600024550,16,11,9,2330,5,2,1,9,1,32,4333710,321532,340,4,0,0,0,2,2,0,81,9,0,0,0,0
201600024551,16,12,14,830,1,2,1,1,2,32,4333510,327153,340,4,2,2,0,1,1,0,170,1,0,1,3,0
201600024552,16,12,14,955,1,2,1,1,7,32,4333650,325561,340,4,3,2,0,1,1,0,0,1,0,0,99,0
201600024553,16,12,17,1115,1,2,1,1,5,32,4336540,323148,340,3,2,2,0,1,1,0,118,1,0,1,99,0
201600024554,16,11,19,25,3,1,1,1,6,32,4336520,318937,340,3,0,0,0,1,3,0,0,1,0,0,0,0
201600024555,16,1,3,1640,2,2,1,1,7,172,4357979,386861,340,3,2,5,0,1,1,30,170,1,0,1,0,0
201600024556,16,1,4,1055,1,1,1,8,3,172,4363360,384352,340,3,2,6,0,1,1,0,190,2,0,1,99,0
201600024557,16,1,4,1840,5,2,2,1,3,172,4359507,384411,340,4,2,2,0,2,1,0,61,1,5,1,99,0
201600024558,16,1,4,1950,5,2,1,8,4,172,4360177,388395,340,4,1,2,0,0,0,0,0,0,0,1,0,0
201600024559,16,1,5,1607,1,2,2,1,3,172,4359320,385970,340,4,2,4,0,1,1,0,114,1,5,1,99,0
201600024560,16,1,6,1330,1,2,1,1,3,172,4359490,390543,340,3,3,5,0,1,2,0,112,1,0,1,0,0
201600024561,16,1,1,1625,1,2,1,8,5,172,4359628,387670,340,4,2,3,0,1,2,0,99,2,0,1,99,0
201600024562,16,1,10,1335,1,2,3,1,6,172,4360040,386764,340,4,2,4,0,1,1,0,120,1,0,1,0,0
201600024563,16,1,12,1750,2,2,1,1,7,172,4359160,385391,340,4,3,4,0,0,0,0,0,0,0,1,0,0
201600024564,16,1,14,635,5,2,3,1,6,172,4361690,387368,340,4,2,3,0,1,1,0,88,1,5,1,99,0
201600024565,16,1,15,1710,1,2,1,1,3,172,4362840,386118,340,4,1,1,0,2,1,0,30,1,0,4,99,0
201600024566,16,1,16,515,5,2,1,1,6,172,4359095,385728,340,4,2,4,0,1,3,10,160,1,0,1,0,0
201600024567,16,12,24,1420,1,2,3,1,3,172,4360590,389409,340,4,2,2,0,1,1,0,60,1,4,1,99,0
201600024568,16,1,16,1145,1,2,1,1,3,172,4360230,385630,340,4,2,3,0,1,1,10,70,1,0,1,99,0
201600024569,16,1,19,1135,1,2,1,1,6,172,4360740,387349,340,4,1,1,0,1,1,0,29,1,0,1,99,0
201600024570,16,1,19,1955,3,1,1,8,1,129,4358220,390890,340,3,2,2,0,1,1,0,52,1,0,1,99,0
201600024571,16,1,22,630,5,2,1,1,1,172,4359340,385994,340,4,2,4,0,2,1,0,120,1,0,1,99,0
201600024572,16,1,23,1130,1,2,3,1,3,172,4359900,386600,340,4,2,4,0,1,1,0,100,1,0,1,99,0
201600024573,16,1,23,1950,5,2,1,1,4,172,4363130,385066,340,4,1,3,0,1,1,0,920,1,0,1,99,0
201600024574,16,1,24,1535,1,1,1,1,7,198,4356670,395690,340,3,3,4,0,0,0,10,70,0,0,1,0,0
201600024575,16,1,27,1240,1,2,6,1,6,172,4361540,386948,340,4,1,2,0,1,1,0,0,1,0,1,0,0
201600024576,16,1,27,1310,1,2,1,1,7,172,4360560,385671,340,4,2,2,0,2,2,0,60,1,0,1,99,0
201600024577,16,1,28,1800,2,2,1,1,3,172,4361970,385142,340,4,2,3,0,1,1,0,90,1,0,1,0,0
201600024578,16,1,28,1830,5,2,1,1,6,172,4360010,389620,340,4,2,2,0,1,1,0,60,1,0,1,99,0
201600024579,16,1,30,1050,1,2,1,1,3,172,4362500,385099,340,4,2,2,0,1,1,0,60,1,0,1,0,0
201600024580,16,1,31,2150,5,2,1,1,6,172,4360840,393045,340,4,1,1,0,1,2,0,60,1,0,1,0,0
201600024581,16,2,1,1530,1,1,1,1,7,198,4356730,395627,340,3,2,4,0,1,2,40,120,1,0,1,99,0
201600024582,16,2,1,1105,1,2,2,1,3,172,4362380,386205,340,4,2,5,0,1,1,0,150,1,5,1,0,0
201600024583,16,12,22,1540,1,2,1,1,6,172,4361270,386670,340,4,1,2,0,1,1,0,61,1,0,1,0,0
201600024584,16,2,2,2110,5,2,3,1,3,172,4360860,384604,340,4,0,2,0,0,0,0,0,0,0,0,0,0
201600024585,16,2,2,2330,5,2,1,1,6,172,4363460,384923,340,4,1,3,0,1,1,13,87,1,0,1,0,1
201600024586,16,2,3,1015,1,2,1,1,6,172,4360790,389411,340,4,2,3,0,1,1,0,90,1,0,1,99,0
201600024587,16,2,4,1000,1,2,1,1,3,172,4362500,385100,340,4,2,2,0,1,1,0,0,1,0,1,99,0
201600024588,16,2,4,1830,5,2,2,1,3,172,4358330,388730,340,4,2,3,0,1,1,0,90,1,5,1,99,0
201600024589,16,2,5,830,1,2,3,1,3,172,4359420,389837,340,4,2,2,0,2,1,0,60,1,0,1,0,0
201600024590,16,2,8,920,1,2,1,1,6,172,4359520,383764,340,4,2,2,0,1,3,0,74,1,0,1,0,1
201600024591,16,2,8,1810,5,2,1,1,2,172,4361830,386308,340,4,1,2,0,0,0,0,80,0,0,1,0,0
201600024592,16,2,10,755,1,2,1,1,7,172,4359700,387587,340,4,2,2,0,1,1,0,90,1,2,1,99,0
201600024593,16,2,4,2200,5,2,1,1,6,129,4358690,392986,340,3,2,2,0,1,2,68,58,1,0,4,3,0
201600024594,16,2,15,920,1,2,1,1,7,172,4360960,390900,340,4,2,2,0,1,1,0,60,1,0,1,0,0
201600024595,16,2,15,1310,1,2,2,1,2,172,4359670,384481,340,4,3,2,0,1,1,0,30,1,0,1,0,0
201600024596,16,2,16,1110,1,2,1,1,7,172,4363080,382129,340,6,0,0,0,1,1,0,60,1,0,1,99,0
201600024597,16,2,19,1620,1,2,1,1,4,129,4357300,390818,340,3,2,2,0,1,1,0,60,1,0,1,99,0
201600024598,16,2,19,1700,1,2,1,1,6,172,4361154,384661,340,4,0,2,0,1,1,0,70,1,0,1,0,0
201600024599,16,2,20,1510,1,2,1,1,3,172,4361980,386541,340,4,2,4,0,1,1,0,114,1,0,1,99,0
201600024600,16,2,21,640,5,2,3,1,3,172,4362270,385453,340,4,2,4,0,1,1,0,120,1,0,1,99,0
201600024601,16,2,22,1405,1,2,1,2,2,172,4360280,386381,340,4,2,2,0,1,1,0,60,2,0,1,0,0
201600024602,16,2,22,1915,5,2,2,1,6,172,4359170,387359,340,4,0,2,0,1,1,0,60,1,0,1,0,0
201600024603,16,2,25,1135,1,2,2,1,3,172,4360014,389459,340,4,2,3,0,1,1,0,82,1,0,1,0,0
201600024604,16,2,25,1258,1,2,1,1,6,172,4362400,381150,340,4,2,4,0,1,2,0,120,1,0,0,99,0
201600024605,16,2,28,1948,5,2,1,1,6,172,4359130,389104,340,4,0,2,3,1,1,0,48,1,6,4,99,0
201600024606,16,3,2,1545,1,2,3,1,3,172,4358960,388789,340,4,2,2,0,1,1,0,55,1,0,1,99,0
201600024607,16,3,3,1540,1,2,1,1,7,172,4357690,387399,340,4,1,3,0,1,2,0,90,8,0,1,99,0
201600024608,16,3,7,915,1,2,2,1,1,172,4360370,389035,340,4,0,1,0,1,1,20,36,1,0,0,0,0
201600024609,16,3,8,1710,1,2,1,1,6,172,4360727,387976,340,9,0,0,0,1,1,0,0,1,6,4,99,0
201600024610,16,3,8,1600,1,2,1,1,2,172,4360930,383809,340,4,1,1,0,1,3,0,50,1,0,1,99,0
201600024611,16,3,8,1742,1,2,1,1,6,172,4360530,390597,340,4,2,2,0,1,1,0,60,1,0,1,99,0
201600024612,16,3,9,920,1,2,1,1,7,172,4360560,388221,340,4,0,1,3,2,1,0,0,1,2,0,0,0
201600024613,16,3,9,1705,1,2,1,2,6,172,4359120,385752,340,4,2,4,0,3,1,12,124,2,0,1,99,0
201600024614,16,3,9,1755,2,2,1,2,4,172,4361410,382168,340,4,3,5,0,1,1,20,150,2,0,1,99,0
201600024615,16,3,9,1930,5,2,1,8,3,172,4360120,386539,340,4,2,2,0,1,1,0,70,2,0,1,99,0
201600024616,16,3,10,740,1,1,1,1,2,172,4360330,390694,340,3,1,2,0,1,1,0,60,1,0,0,0,0
201600024617,16,3,11,1100,1,2,1,1,7,172,4360990,386202,340,4,2,2,3,2,1,3,66,1,0,1,99,0
201600024618,16,3,14,1755,1,2,3,1,1,172,4361670,386033,340,4,2,2,0,1,1,0,60,1,0,1,99,0