Num_Acc,an,mois,jour,hrmn,lum,agg,int,atm,col,com,lat,long,dep,catr,circ,nbv,vosp,prof,plan,lartpc,larrout,surf,infra,situ,env1,killed
201600024619,16,3,15,1256,1,2,1,1,4,172,4361130,391491,340,4,2,4,0,1,1,10,120,1,0,1,99,0
201600024620,16,3,15,1630,1,2,1,1,3,172,4360540,386484,340,4,2,2,0,1,1,0,119,1,0,1,99,0
201600024621,16,3,17,750,1,2,1,2,7,172,4360240,385406,340,3,2,2,0,1,1,0,80,2,0,1,0,0
201600024622,16,3,19,410,5,2,1,1,6,172,4360120,386570,340,4,2,0,0,1,1,0,60,1,0,1,0,0
201600024623,16,3,23,2110,5,2,6,1,2,172,4358793,386891,340,4,1,2,0,2,2,100,70,1,0,1,0,0
201600024624,16,3,24,2100,5,2,1,1,2,172,4360880,388247,340,4,1,1,0,1,3,0,35,1,1,1,0,0
201600024625,16,3,27,2000,2,2,2,1,1,172,4362690,386981,340,4,2,3,0,1,1,10,90,1,0,1,99,0
201600024626,16,3,29,850,1,2,1,1,3,172,4358940,388893,340,4,1,2,0,1,1,0,60,1,0,1,99,0
201600024627,16,3,29,1510,1,2,1,1,1,172,4362940,386341,340,4,1,1,0,1,3,0,34,1,0,1,99,0
201600024628,16,3,30,600,5,2,3,1,3,172,4361980,386546,340,4,3,0,0,1,1,15,120,1,0,1,0,0
201600024629,16,3,30,2310,5,2,1,1,6,172,4360770,384919,340,4,2,2,0,1,1,0,70,1,0,1,0,0
201600024630,16,4,1,1050,1,2,3,1,3,172,4359390,387532,340,4,2,2,0,1,1,0,70,1,5,0,99,0
201600024631,16,4,2,1510,1,1,1,2,2,198,4356260,396012,340,3,3,4,0,1,1,0,0,2,0,1,99,0
201600024632,16,4,4,810,1,2,1,2,6,172,4360010,384822,340,4,2,1,0,1,1,0,30,2,0,1,0,0
201600024633,16,4,5,2205,3,2,1,1,7,172,4359020,389964,340,4,2,0,0,1,2,0,60,2,0,3,0,0
201600024634,16,4,7,1730,1,2,1,1,4,172,4362380,381560,340,4,2,2,0,1,1,0,0,1,0,1,99,0
201600024635,16,4,10,1210,1,2,1,1,3,172,4359670,384504,340,4,3,4,0,1,1,26,150,1,0,1,99,0
201600024636,16,4,10,1700,1,1,1,1,6,198,4357170,393770,340,9,2,1,0,1,1,0,30,3,0,3,99,0
201600024637,16,4,6,2005,1,2,1,8,1,172,4360510,385955,340,4,1,1,0,2,1,0,48,1,0,1,0,0
201600024638,16,4,13,1500,1,2,1,1,4,172,4360130,386840,340,4,2,2,0,1,1,0,60,1,0,1,99,0
201600024639,16,4,13,2343,5,2,6,1,3,172,4358970,385691,340,4,1,0,0,0,0,0,0,0,0,0,0,0
201600024640,16,4,14,1735,1,2,1,1,3,172,4363640,382773,340,4,2,2,0,2,1,0,60,1,0,1,99,0
201600024641,16,4,15,745,1,2,1,1,3,172,4360530,390697,340,4,2,1,0,1,1,0,30,1,0,1,99,0
201600024642,16,4,15,1400,1,2,2,1,2,172,4361150,390079,340,4,2,2,0,1,1,0,30,1,0,1,0,0
201600024643,16,4,18,825,1,2,1,1,2,172,4360970,390792,340,4,3,4,0,1,1,50,30,1,0,1,99,0
201600024644,16,4,16,1645,1,2,1,1,7,172,4362170,390365,340,4,0,0,0,1,1,0,0,1,0,1,99,0
201600024645,16,4,10,1845,1,2,1,1,1,172,4359850,386541,340,4,2,4,0,1,1,0,0,1,0,1,99,0
201600024646,16,4,19,1445,1,2,1,1,6,172,4358840,388428,340,4,2,2,0,1,1,0,30,1,0,1,0,0
201600024647,16,4,19,1550,1,2,1,1,2,172,4358340,388744,340,4,3,1,0,1,1,10,90,1,0,1,99,0
201600024648,16,4,19,1805,1,2,3,1,3,172,4360030,387824,340,4,1,0,0,0,0,0,35,0,0,1,0,0
201600024649,16,4,22,35,5,2,1,2,3,172,4359810,390302,340,3,3,2,0,1,1,0,60,2,0,1,0,0
201600024650,16,4,22,730,1,2,1,1,1,172,4361700,384242,340,4,2,0,0,2,1,0,0,2,0,1,99,0
201600024651,16,4,25,1400,1,2,2,1,3,172,4362400,386221,340,4,0,0,0,1,1,0,0,1,0,0,0,0
201600024652,16,4,25,1350,1,2,1,1,6,172,4360840,393059,340,4,1,3,0,1,2,0,100,1,0,1,99,0
201600024653,16,4,26,1600,1,2,2,1,3,172,4361460,383567,340,4,2,4,0,1,1,0,70,1,0,1,99,0
201600024654,16,4,26,1737,1,2,3,1,1,172,4358610,385227,340,4,2,3,0,1,1,0,0,1,0,1,99,0
201600024655,16,4,26,2305,3,1,1,1,3,129,4356110,386666,340,3,2,0,0,1,1,0,57,1,0,1,0,0
201600024656,16,4,28,1145,1,2,1,1,5,172,4361900,384778,340,4,2,4,0,2,1,0,0,1,0,1,0,0
201600024657,16,4,28,1710,1,1,1,1,6,172,4361250,393019,340,4,2,4,0,1,1,65,120,1,0,1,99,0
201600024658,16,5,2,1800,1,2,1,1,3,172,4361120,385758,340,4,2,2,0,2,3,0,60,1,0,1,99,0
201600024659,16,5,3,1445,1,2,1,1,2,172,4360630,389796,340,4,2,4,0,0,0,0,0,0,0,1,0,0
201600024660,16,5,4,1920,1,2,2,1,3,172,4361560,385615,340,4,2,2,0,1,1,0,90,1,5,1,99,0
201600024661,16,5,7,1230,1,2,1,1,2,198,4355820,396399,340,3,3,3,0,1,1,0,120,1,0,1,0,0
201600024662,16,5,9,850,1,2,1,1,3,172,4359330,386642,340,4,1,1,0,2,1,0,130,2,0,1,99,0
201600024663,16,5,10,1930,2,2,1,2,7,172,4361140,383331,340,4,2,2,0,1,1,0,60,2,0,1,99,0
201600024664,16,5,11,1540,1,2,1,8,3,172,4361460,386469,340,4,2,2,1,1,1,0,68,1,0,1,99,0
201600024665,16,5,13,1830,1,2,1,2,6,172,4360700,387094,340,4,1,2,3,1,1,0,60,2,0,1,99,0
201600024666,16,5,13,1708,1,2,1,2,3,172,4359360,385994,340,4,2,4,0,2,1,0,125,2,0,1,99,0
201600024667,16,5,13,1848,1,2,1,2,6,172,4362210,384611,340,4,2,3,0,2,1,10,126,2,0,1,99,0
201600024668,16,5,14,1830,1,2,1,1,7,172,4361430,389129,340,4,2,2,0,1,1,0,100,1,0,1,99,0
201600024669,16,5,16,1950,1,2,2,1,1,172,4359320,384373,340,4,2,2,0,1,2,0,60,2,5,1,99,0
201600024670,16,5,17,1015,1,2,1,1,6,172,4362590,381310,340,4,2,4,0,1,1,0,60,1,0,1,0,0
201600024671,16,5,18,915,1,2,9,1,6,172,4359520,386775,340,4,1,2,0,1,1,0,36,1,5,1,99,0
201600024672,16,5,19,1350,1,2,1,1,2,172,4360460,391443,340,4,2,2,0,1,1,0,0,1,0,1,99,0
201600024673,16,5,19,1920,1,2,1,1,7,172,4361000,383581,340,4,2,2,0,1,1,0,60,1,0,1,99,0
201600024674,16,5,20,1830,1,2,1,1,3,172,4360210,386679,340,4,1,1,0,1,1,0,60,1,0,0,0,0
201600024675,16,5,21,150,5,2,1,1,6,172,4359540,390499,340,3,1,1,0,1,1,24,0,1,0,1,0,0
201600024676,16,5,21,1015,1,2,2,1,3,172,4362470,386724,340,4,1,1,0,1,1,0,30,1,0,1,99,0
201600024677,16,5,25,2355,5,2,3,1,3,172,4361620,384106,340,4,4,5,0,3,1,19,135,1,5,1,0,0
201600024678,16,5,25,1145,1,2,3,1,2,172,4363710,385996,340,4,2,2,0,1,2,0,64,1,0,1,0,0
201600024679,16,5,26,1015,1,2,1,1,1,172,4357680,386819,340,4,2,2,0,2,1,0,70,1,0,1,99,1
201600024680,16,5,28,2040,5,2,1,2,1,172,4361010,383540,340,4,2,2,0,1,1,0,70,2,0,1,99,0
201600024681,16,5,28,2115,5,2,1,2,3,172,4364650,384446,340,4,2,2,0,1,3,0,60,0,0,0,0,0
201600024682,16,5,29,315,5,2,1,3,6,172,4359660,390411,340,4,1,2,0,1,1,0,57,2,0,1,99,0
201600024683,16,5,29,2320,5,2,1,1,6,172,4362770,385605,340,6,0,0,0,1,0,0,60,1,0,1,0,0
201600024684,16,6,1,1810,1,2,1,8,7,172,4361700,387347,340,4,2,2,0,1,2,0,60,2,0,1,99,0
201600024685,16,6,3,740,1,1,2,1,1,172,4360150,387920,340,4,1,1,0,1,1,0,30,1,0,1,0,0
201600024686,16,6,3,940,1,2,3,1,3,172,4361330,386668,340,4,2,3,0,1,1,0,90,1,0,1,99,0
201600024687,16,6,3,1600,1,2,1,1,4,172,4357550,386983,340,4,2,2,0,1,1,0,60,1,0,1,99,0
201600024688,16,6,4,35,5,2,1,1,3,172,4358027,388111,340,3,2,3,0,1,1,0,90,1,0,1,0,0
201600024689,16,6,4,1655,1,2,2,1,3,172,4360290,385517,340,4,2,3,0,1,1,0,95,1,0,1,0,0
201600024690,16,6,6,1550,1,2,1,1,6,172,4360130,386937,340,4,2,3,0,1,1,0,100,1,0,1,99,0
201600024691,16,6,8,1145,1,2,2,1,3,172,4360720,388855,340,4,1,1,0,1,1,0,30,1,0,1,99,0
201600024692,16,6,9,900,1,2,1,1,1,172,4359530,388806,340,4,0,3,0,1,1,0,140,1,0,1,99,0
201600024693,16,6,9,1220,1,2,1,1,2,172,4361020,390531,340,4,1,1,0,2,1,0,30,1,0,0,99,0
201600024694,16,6,9,1406,1,2,1,1,6,172,4360020,390211,340,4,1,2,0,1,1,0,30,1,0,1,0,0
201600024695,16,6,9,1800,1,2,1,1,6,172,4360880,389287,340,4,1,3,0,1,1,0,66,1,0,1,99,0
201600024696,16,6,11,645,3,1,1,1,6,129,4356190,386727,340,3,2,2,0,1,1,0,50,1,0,1,99,0
201600024697,16,6,12,1430,1,2,1,1,1,172,4361020,383506,340,4,2,2,0,1,1,0,60,1,0,1,0,0
201600024698,16,6,13,1900,1,2,1,1,1,172,4360702,392344,340,4,2,2,0,1,3,0,60,2,0,1,99,0
201600024699,16,6,14,1900,1,2,3,1,1,172,4361440,386512,340,4,2,2,0,1,1,0,70,1,5,1,99,0
201600024700,16,6,15,1800,1,2,1,1,3,172,4360928,389830,340,4,2,4,0,1,1,0,120,1,0,1,99,0
201600024701,16,6,15,2330,5,2,6,2,3,172,4358910,389063,340,3,1,1,0,1,2,0,61,2,5,1,0,0
201600024702,16,5,21,1,5,2,7,1,7,129,4357050,390438,340,5,0,0,0,1,1,0,0,1,0,0,0,0
201600024703,16,6,16,1800,1,2,1,1,7,172,4361440,391479,340,4,3,5,0,1,1,19,144,1,0,1,0,1
201600024704,16,6,18,125,5,2,6,2,3,172,4363730,383089,340,3,1,1,0,1,3,0,83,2,5,1,0,0
201600024705,16,6,18,1445,1,1,1,1,2,172,4360830,382118,340,2,2,4,0,1,1,0,76,1,0,1,99,0
201600024706,16,6,24,200,5,2,3,1,7,198,4356800,395525,340,4,3,3,0,1,4,2,60,1,4,1,99,0
201600024707,16,6,24,1515,1,2,1,1,3,172,4358680,385297,340,4,2,2,0,2,1,0,60,1,0,1,0,0
201600024708,16,6,24,2040,1,2,1,1,6,172,4362250,384829,340,6,0,1,0,0,0,0,0,0,0,1,0,0
201600024709,16,6,25,2010,1,2,1,1,3,172,4358780,385406,340,3,2,2,0,1,1,14,60,1,0,1,99,0
201600024710,16,6,27,830,1,2,1,1,6,172,4361840,386355,340,4,2,2,0,1,1,0,0,1,0,1,99,0
201600024711,16,6,27,645,1,2,1,1,3,172,4360290,385524,340,4,2,2,0,1,1,0,60,1,0,1,99,0
201600024712,16,6,27,1125,1,2,1,1,6,172,4361700,387335,340,4,2,2,0,1,1,0,0,1,0,1,99,0
201600024713,16,6,28,800,1,2,9,1,3,172,4361410,391448,340,3,2,5,0,1,1,0,150,1,0,1,99,0
201600024714,16,7,1,1950,1,2,3,1,4,172,4360680,386580,340,4,2,2,0,1,1,0,60,1,0,1,99,0
201600024715,16,7,2,127,5,2,4,1,3,172,4361680,391080,340,3,2,2,0,1,1,40,233,1,5,1,0,0
201600024716,16,7,3,645,1,2,1,1,2,172,4361010,390399,340,4,3,5,0,1,1,12,170,1,0,1,99,0
201600024717,16,7,4,835,1,2,2,1,6,172,4361350,391210,340,4,2,2,0,1,1,0,60,1,5,1,0,0
201600024718,16,7,5,850,1,2,6,1,3,172,4363670,383075,340,4,1,2,1,1,2,0,60,1,0,5,99,0
201600024719,16,7,7,1555,1,2,2,1,3,172,4359960,387549,340,4,2,2,0,2,1,0,60,1,0,1,99,0
201600024720,16,7,7,2155,5,2,1,1,6,172,4360350,388877,340,4,0,1,0,2,1,0,72,0,0,0,0,0
201600024721,16,7,9,1004,1,2,1,1,3,172,4360650,392411,340,6,2,2,0,1,1,0,60,1,0,1,99,0
201600024722,16,7,9,1330,1,2,2,1,3,172,4360690,388215,340,4,1,1,0,1,1,0,60,1,0,1,99,0
201600024723,16,7,11,1630,1,2,1,1,6,198,4357040,394059,340,4,1,2,0,1,2,0,0,1,0,1,0,0
201600024724,16,7,12,1920,1,2,1,1,2,172,4362340,389219,340,4,2,4,0,1,1,0,100,1,0,0,99,0
201600024725,16,7,13,2107,5,2,6,1,6,172,4363730,383097,340,3,1,0,3,1,4,0,70,1,5,1,0,0
201600024726,16,7,15,53,5,1,1,1,4,129,4358728,389362,340,3,1,2,0,2,1,0,115,1,2,1,0,0
201600024727,16,7,18,1345,1,2,1,1,5,172,4359930,390275,340,4,1,2,0,1,1,0,60,1,0,0,99,0
201600024728,16,7,18,1940,1,2,1,1,3,172,4362400,386201,340,4,2,3,0,1,1,0,0,1,0,1,99,0
201600024729,16,7,20,525,5,2,2,1,3,172,4358910,388477,340,4,2,2,0,1,1,0,60,1,0,1,99,0
201600024730,16,7,20,1220,1,2,1,1,6,172,4359690,387847,340,4,2,2,0,1,1,0,60,1,0,0,99,0
201600024731,16,7,18,740,1,2,1,1,3,172,4361280,392211,340,4,1,2,0,1,2,0,0,1,0,1,99,0
201600024732,16,7,23,1925,1,2,3,1,6,198,4333380,357909,340,4,2,2,0,1,1,0,60,3,0,0,0,0
201600024733,16,7,25,1750,1,2,1,1,6,129,4356040,392286,340,3,2,1,0,1,3,0,60,1,0,1,99,0
201600024734,16,7,26,840,1,2,2,1,3,172,4362480,388918,340,4,2,2,0,1,1,0,60,1,0,0,0,0
201600024735,16,7,26,1535,1,2,1,1,2,172,4360340,385672,340,4,2,2,0,1,1,0,60,1,0,1,0,0
201600024736,16,7,26,1712,1,2,2,1,1,172,4363440,382253,340,4,2,4,0,2,1,10,120,1,5,1,99,0
201600024737,16,7,28,2300,5,2,3,1,3,172,4360170,386916,340,4,4,1,3,2,1,0,103,1,6,1,3,0
201600024738,16,7,29,930,1,2,9,1,2,172,4357940,386907,340,4,2,2,0,1,1,0,68,1,5,1,99,0
201600024739,16,7,30,1345,1,2,1,1,6,172,4361610,387501,340,4,2,2,0,1,1,0,66,1,0,1,3,0
201600024740,16,7,31,1350,1,2,1,1,6,172,4359271,382907,340,4,2,3,0,3,2,4,107,1,0,0,99,1
201600024741,16,8,1,1140,1,2,2,1,3,172,4358860,386084,340,4,2,2,0,2,1,0,60,1,0,1,0,0
201600024742,16,8,1,2030,1,2,2,1,3,172,4361350,390493,340,3,2,3,0,1,1,0,61,1,5,1,0,0
201600024743,16,8,2,855,1,2,1,1,3,172,4362700,387300,340,4,2,4,0,1,1,0,120,1,0,1,99,0
201600024744,16,8,2,1740,1,2,1,1,2,172,4358000,386835,340,4,2,3,0,1,1,0,120,1,0,1,99,0
201600024745,16,8,3,1505,1,2,1,1,3,172,4359760,387501,340,4,2,4,0,1,1,0,116,1,3,1,99,0
201600024746,16,8,6,1415,1,2,1,1,3,172,4360640,387214,340,4,1,2,0,1,1,0,60,1,0,1,0,0
201600024747,16,8,8,2005,1,2,1,1,3,172,4360920,390801,340,4,0,4,0,1,1,0,127,1,0,1,0,0
201600024748,16,8,11,1930,1,2,1,1,4,172,4361010,383100,340,4,2,2,0,1,1,0,60,1,0,1,99,0
201600024749,16,8,19,2020,1,2,2,1,3,172,4361380,383941,340,4,2,2,0,1,1,0,30,1,0,1,0,0
201600024750,16,8,22,20,5,2,1,1,6,172,4360860,386755,340,4,1,1,0,1,1,0,30,1,0,1,99,0
201600024751,16,8,24,1835,1,2,1,1,3,172,4357800,387581,340,4,1,1,0,1,1,0,39,1,0,1,0,0
201600024752,16,8,29,1515,1,2,1,1,3,172,4360680,392496,340,4,2,2,0,1,2,0,60,0,0,0,99,0
201600024753,16,8,30,1100,1,2,3,1,3,172,4360880,384203,340,4,2,2,0,1,1,0,60,1,0,1,0,1
201600024754,16,8,31,905,1,2,1,1,1,172,4364310,383414,340,4,2,2,0,2,1,0,120,1,0,1,99,0
201600024755,16,9,2,1525,1,2,2,1,3,172,4362610,387727,340,4,2,4,0,1,1,0,120,1,0,1,0,0
201600024756,16,9,5,1340,1,2,1,1,3,172,4358960,385611,340,4,1,2,0,1,3,0,60,1,0,1,99,0
201600024757,16,9,5,1720,1,2,1,1,2,172,4360030,386741,340,4,2,4,0,1,1,0,120,1,0,1,99,0
201600024758,16,9,7,1130,1,2,1,1,3,172,4359620,386568,340,4,2,2,0,1,1,0,60,1,0,1,99,0
201600024759,16,9,5,1800,1,2,1,1,6,172,4361470,382950,340,4,2,2,0,1,1,0,80,1,0,1,99,0
201600024760,16,9,6,752,1,2,2,1,3,172,4364180,385355,340,4,2,2,0,1,1,0,74,1,0,1,99,0
201600024761,16,9,6,1000,1,2,1,1,6,172,4359990,389572,340,4,2,2,0,1,1,0,60,1,0,0,0,0
201600024762,16,9,6,1200,1,2,1,1,3,172,4360520,388824,340,4,2,4,0,1,1,18,135,1,0,1,0,0
201600024763,16,9,8,615,5,2,2,1,5,172,4358910,388477,340,4,1,2,0,1,1,0,60,1,0,1,99,0
201600024764,16,9,9,1335,1,2,2,1,1,172,4362380,381560,340,4,2,2,0,1,1,0,63,0,0,1,0,0
201600024765,16,9,10,1420,1,2,1,1,6,172,4363490,387888,340,4,2,2,0,1,1,0,60,1,0,4,99,0
201600024766,16,9,11,1830,1,2,1,1,1,172,4363600,384447,340,4,3,4,0,1,1,15,120,1,0,1,99,0
201600024767,16,9,13,810,1,2,1,1,6,172,4361720,384247,340,4,0,0,0,2,0,0,0,1,0,1,3,0
201600024768,16,9,13,1740,1,2,1,1,6,172,4360420,387338,340,4,1,2,0,1,1,0,64,1,0,1,3,0
201600024769,16,9,15,830,1,2,1,1,4,172,4357520,385609,340,4,0,2,0,1,1,0,60,1,0,1,99,0
201600024770,16,9,16,1500,1,2,1,1,7,129,4356450,389439,340,3,2,6,0,2,3,10,180,2,0,1,99,0
201600024771,16,9,16,1750,1,2,1,1,4,172,4361530,381774,340,4,2,2,0,1,1,0,60,0,0,1,99,0
201600024772,16,9,16,1020,1,1,1,1,2,198,4356410,395866,340,3,3,2,0,1,1,10,230,1,3,1,99,0
201600024773,16,9,17,1540,1,2,2,1,5,198,4356810,395526,340,4,2,3,0,1,1,0,90,1,0,1,99,0
201600024774,16,9,18,1200,1,1,1,1,4,172,4361040,383345,340,4,2,2,0,1,1,0,60,1,0,1,99,0
201600024775,16,9,20,2050,5,2,1,1,3,172,4358910,386561,340,4,1,1,0,2,1,0,50,1,0,4,0,0
201600024776,16,9,21,1130,1,2,1,1,6,172,4363340,383029,340,4,2,2,0,1,1,0,56,1,0,1,99,0
201600024777,16,9,22,1330,1,2,1,1,3,172,4363590,383803,340,4,2,2,0,1,1,0,60,1,0,1,99,0
201600024778,16,9,22,1530,1,2,1,1,1,172,4361560,385615,340,4,2,2,0,1,1,0,60,1,0,1,0,0
201600024779,16,9,23,1643,1,2,1,1,6,172,4361460,382851,340,4,2,2,0,1,1,0,64,1,0,1,99,0
201600024780,16,9,25,445,5,2,2,1,3,172,4360150,386373,340,4,1,3,0,1,1,34,95,0,0,1,99,1
201600024781,16,9,28,1340,1,2,1,1,1,172,4362250,384540,340,4,2,2,0,1,1,0,60,1,0,1,99,0
201600024782,16,9,28,1810,1,2,1,1,3,129,4357088,383700,340,4,2,2,0,1,3,0,60,1,0,1,99,0
201600024783,16,9,23,1225,1,2,1,1,3,172,4359990,389572,340,4,2,2,0,1,1,0,66,1,4,1,99,0
201600024784,16,9,29,1622,1,2,1,1,3,172,4361480,383237,340,4,2,4,0,1,1,0,120,1,0,1,99,0
201600024785,16,10,1,135,5,2,9,1,7,172,4359540,387768,340,9,1,1,0,2,2,20,30,1,0,4,0,0
201600024786,16,10,1,2328,5,2,3,1,6,172,4360888,387906,340,4,0,1,0,2,1,0,80,1,0,1,0,0
201600024787,16,10,2,145,3,1,1,2,7,129,4356340,389402,340,3,3,4,0,1,1,10,120,2,0,1,0,0
201600024788,16,10,2,2208,5,2,1,1,3,172,4361680,384190,340,4,2,4,0,2,1,0,120,1,0,1,0,0
201600024789,16,10,5,1634,1,2,1,1,2,172,4358330,388746,340,4,2,4,0,1,1,0,120,1,0,1,99,0
201600024790,16,10,7,1215,1,2,1,1,3,172,4361030,389638,340,4,2,4,0,2,2,0,111,1,0,1,99,0
201600024791,16,10,8,700,5,2,1,1,5,172,4360981,383649,340,4,2,2,0,1,1,5,76,1,0,1,99,1
201600024792,16,10,9,210,5,2,1,1,7,129,4358050,389812,340,3,3,4,0,2,3,20,80,1,0,3,99,0
201600024793,16,10,10,1220,1,2,1,1,2,172,4361890,382238,340,4,2,2,0,1,1,0,60,1,0,1,99,0
201600024794,16,10,12,1700,1,2,1,1,3,172,4357510,386496,340,4,2,2,0,1,1,0,68,1,0,1,99,0
201600024795,16,10,12,2335,5,2,1,3,6,172,4361720,386088,340,4,2,2,0,1,1,0,70,2,0,0,0,0
201600024796,16,10,14,900,1,2,2,2,2,172,4359580,384622,340,4,3,4,0,1,1,0,30,2,5,1,3,0
201600024797,16,10,14,935,1,1,1,3,1,198,4355270,396861,340,3,1,1,0,2,0,0,30,0,3,1,0,0
201600024798,16,10,14,1115,1,2,1,2,6,172,4359350,388619,340,4,2,2,0,1,1,0,60,2,0,4,0,0
201600024799,16,10,14,2234,3,2,1,1,2,129,4358730,391640,340,3,1,2,0,1,1,80,58,1,0,1,0,0
201600024800,16,10,17,1730,1,2,1,1,3,129,4358807,389221,340,4,2,4,0,1,1,10,120,1,0,1,99,0
201600024801,16,10,18,900,1,2,1,1,2,172,4362630,387628,340,4,2,4,0,1,1,0,0,1,0,1,99,0
201600024802,16,10,18,1830,2,2,1,1,2,172,4361520,383981,340,4,2,4,0,2,1,0,120,1,0,1,99,0
201600024803,16,10,19,1930,5,2,1,1,6,172,4362620,388770,340,4,2,2,0,1,1,0,60,1,0,1,99,0
201600024804,16,10,23,1730,1,2,1,8,7,172,4361720,381997,340,4,1,2,0,1,2,0,60,2,0,1,99,0
201600024805,16,10,24,830,1,2,1,1,6,172,4361680,384047,340,4,2,2,0,1,1,0,0,1,0,1,99,0
201600024806,16,10,25,1550,1,2,1,1,2,172,4360490,392598,340,4,3,4,0,1,1,29,120,2,0,1,0,0
201600024807,16,10,25,2100,5,2,2,8,3,172,4357980,386905,340,3,2,2,0,1,1,0,61,1,5,1,0,0
201600024808,16,10,25,1825,1,2,1,1,2,172,4358700,385873,340,4,2,4,0,1,1,0,120,2,0,1,0,0
201600024809,16,10,28,2300,5,2,2,1,3,172,4363630,384795,340,3,1,0,0,1,1,0,45,1,5,1,0,0
201600024810,16,10,30,930,1,2,1,1,2,172,4359720,387554,340,4,2,3,0,1,3,0,90,0,0,1,99,0
201600024811,16,10,31,1445,1,2,1,1,6,172,4361150,382798,340,4,2,4,0,1,1,0,120,1,0,1,99,0
201600024812,16,10,31,1700,1,1,1,1,7,198,4359740,394002,340,3,3,4,0,2,1,10,120,1,0,1,99,0
201600024813,16,11,3,1415,1,2,2,1,1,172,4361990,386531,340,4,2,4,0,1,1,83,119,1,0,1,99,1
201600024814,16,11,4,1915,5,2,1,2,6,172,4362550,388871,340,4,1,1,0,1,1,0,30,2,0,4,0,0
201600024815,16,11,4,1920,5,2,1,2,3,172,4359460,386391,340,4,2,2,0,1,1,0,60,2,0,1,3,0
201600024816,16,11,5,1316,1,2,2,1,3,172,4363050,382428,340,4,2,2,0,1,1,0,50,1,0,1,99,0
201600024817,16,11,5,1815,5,2,1,1,2,172,4360500,386482,340,4,2,2,0,1,1,0,60,2,0,1,99,0
201600024818,16,11,5,2100,5,2,1,1,7,172,4361520,383998,340,4,1,1,0,1,1,20,35,1,0,1,3,0
201600024819,16,11,6,15,5,2,1,1,7,172,4360670,387814,340,4,1,1,0,1,1,0,30,1,0,1,0,0
201600024820,16,11,6,630,2,2,3,1,3,172,4361010,387729,340,4,0,1,0,2,1,0,0,1,0,1,0,0
201600024821,16,11,8,1120,1,2,9,1,1,172,4358270,385745,340,4,1,1,0,1,1,100,30,1,0,1,99,0
201600024822,16,11,8,1955,3,1,1,1,5,172,4360310,393755,340,4,2,4,0,2,1,0,0,1,0,1,99,0
201600024823,16,11,11,1045,1,2,1,1,6,172,4359410,389010,340,4,2,2,0,1,1,0,60,1,0,1,99,0
201600024824,16,11,11,1900,5,2,1,1,3,172,4361000,383554,340,4,3,2,0,1,1,0,60,1,0,1,99,0
201600024825,16,11,16,1740,5,2,1,1,3,172,4362630,388596,340,4,2,5,0,1,1,0,0,1,0,1,99,0
201600024826,16,11,17,1215,1,2,1,1,6,172,4362190,384552,340,4,2,2,0,1,1,12,58,1,0,1,99,0
201600024827,16,11,15,1630,1,2,1,8,1,172,4358910,389080,340,4,2,4,0,1,2,124,160,1,0,1,99,0
201600024828,16,11,20,1027,1,2,9,2,1,172,4357660,386000,340,4,2,0,0,2,1,0,30,1,0,1,99,0
201600024829,16,11,20,1000,1,1,1,8,6,172,4361760,386925,340,4,1,2,0,1,2,0,60,2,0,4,99,0
201600024830,16,11,21,1930,5,2,1,1,6,172,4361050,385652,340,4,2,2,0,1,3,0,50,2,0,1,99,0
201600024831,16,11,22,1410,1,2,1,8,6,172,4362670,383900,340,4,1,2,0,1,3,0,40,2,0,4,99,0
201600024832,16,11,23,1710,2,2,1,1,6,172,4358680,388927,340,4,3,4,0,1,1,10,240,1,0,1,99,0
201600024833,16,11,24,810,1,2,1,2,4,172,4361650,387438,340,4,2,2,0,1,1,0,60,2,0,1,3,0
201600024834,16,11,24,1000,1,2,1,2,6,172,4362310,386310,340,4,2,2,0,1,1,0,120,2,0,1,3,0
201600024835,16,11,27,50,5,2,1,1,4,172,4360880,385222,340,4,3,3,0,1,1,15,90,1,0,1,0,0
201600024836,16,11,27,1815,5,2,1,1,3,172,4362030,385857,340,4,2,4,0,1,1,0,120,1,0,1,99,0
201600024837,16,11,28,1320,1,2,1,1,6,172,4363370,386019,340,4,2,2,0,2,1,0,60,1,0,1,0,0
201600024838,16,11,28,1730,1,2,1,8,3,129,4358310,392083,340,4,2,2,0,1,1,0,60,1,0,0,99,0
201600024839,16,12,3,1930,5,2,1,1,5,172,4361720,382030,340,4,2,2,0,1,3,0,60,1,2,1,0,0
201600024840,16,12,4,1,5,2,2,1,3,172,4358520,388206,340,4,2,2,0,0,0,0,57,0,0,1,0,0
201600024841,16,12,4,1845,5,2,1,2,1,172,4362280,381959,340,4,2,3,0,1,1,0,85,2,0,1,99,0
201600024842,16,12,6,1100,1,2,1,1,3,172,4360830,393072,340,4,1,3,0,1,2,0,106,1,5,1,99,0
201600024843,16,12,7,1050,1,2,1,1,3,172,4364750,384296,340,3,3,2,0,1,1,0,60,1,0,1,99,0