Num_Acc,an,mois,jour,hrmn,lum,agg,int,atm,col,com,lat,long,dep,catr,circ,nbv,vosp,prof,plan,lartpc,larrout,surf,infra,situ,env1,killed
201600024844,16,12,9,105,5,2,3,1,6,172,4361150,382819,340,4,2,1,0,1,1,10,102,1,0,1,0,1
201600024845,16,12,8,1950,5,2,2,1,7,172,4358520,385999,340,4,2,6,0,2,1,28,176,1,5,1,0,0
201600024846,16,12,9,1745,5,2,1,1,6,172,4360620,387705,340,4,1,1,0,1,1,0,30,1,0,1,99,0
201600024847,16,12,10,1715,1,2,1,1,6,172,4361120,388066,340,4,2,2,0,1,1,0,60,1,0,0,0,0
201600024848,16,12,10,2040,5,2,9,1,6,129,4358170,392121,340,3,1,0,0,1,4,0,60,0,5,3,0,0
201600024849,16,12,11,955,1,2,1,1,1,172,4357520,385521,340,4,2,2,0,1,1,0,60,1,0,1,99,0
201600024850,16,12,12,915,1,2,1,1,6,172,4364230,385921,340,4,2,2,0,2,1,0,60,1,0,1,99,0
201600024851,16,12,15,2320,5,2,3,2,3,172,4362610,382487,340,3,2,1,0,2,1,0,0,2,5,1,0,0
201600024852,16,12,8,1450,1,2,1,1,7,172,4359820,384120,340,4,2,2,0,1,1,28,96,1,3,1,99,0
201600024853,16,12,16,1415,1,2,1,2,3,172,4364410,387048,340,4,2,2,0,2,2,0,60,2,0,0,0,0
201600024854,16,12,16,1810,2,2,1,1,2,172,4360700,393272,340,4,2,6,0,1,1,10,180,2,0,0,99,0
201600024855,16,12,17,1135,1,2,1,1,3,172,4359940,389099,340,4,2,4,0,1,3,0,100,1,0,1,99,0
201600024856,16,12,18,208,5,2,2,1,3,172,4360020,389456,340,4,2,2,0,1,1,0,80,1,0,1,0,0
201600024857,16,12,20,1230,1,2,1,2,3,172,4362870,387376,340,4,2,2,0,3,1,0,30,2,0,1,0,0
201600024858,16,12,20,1355,1,1,1,2,7,129,4356870,389562,340,3,3,5,0,1,1,20,179,2,0,3,99,0
201600024859,16,12,22,1400,1,2,1,1,2,172,4361880,391258,340,4,2,4,0,1,1,10,120,1,0,1,0,0
201600024860,16,12,23,1030,1,2,1,1,7,172,4362070,383687,340,4,2,2,0,1,1,0,60,1,0,1,99,0
201600024861,16,12,23,1200,1,2,1,1,3,172,4364500,385217,340,4,1,2,0,1,2,0,87,1,0,1,99,0
201600024862,16,12,29,112,5,2,1,1,6,172,4360870,388264,340,4,1,1,0,1,3,0,60,1,1,1,0,0
201600024863,16,1,13,740,2,2,1,1,2,301,4341260,368442,340,3,2,2,0,2,1,0,0,1,0,1,3,0
201600024864,16,2,7,1920,5,2,3,1,3,301,4340840,369082,340,4,1,1,0,1,1,0,0,1,0,1,0,0
201600024865,16,2,15,1715,1,1,1,1,5,108,4344500,376333,340,3,2,2,0,1,1,0,0,1,0,1,0,0
201600024866,16,2,20,2036,3,2,1,1,7,301,4340710,368752,340,4,1,1,0,2,1,0,0,1,0,1,0,0
201600024867,16,10,9,35,3,1,9,1,7,108,4342550,375033,340,3,1,1,0,2,3,0,0,1,3,1,99,0
201600024868,16,3,5,520,5,2,1,1,7,301,4340330,369693,340,4,1,1,0,0,0,0,0,0,0,0,0,1
201600024869,16,4,2,145,5,2,1,2,7,301,4340590,367713,340,4,2,2,0,2,2,0,80,2,0,0,0,0
201600024870,16,5,4,2130,5,2,7,1,2,301,4340480,370070,340,4,2,2,0,1,1,0,0,1,0,1,99,0
201600024871,16,5,7,1715,1,2,1,1,1,108,4344640,375333,340,4,2,2,0,1,1,0,0,1,0,1,99,0
201600024872,16,5,15,1822,1,1,1,1,2,301,4341450,369905,340,3,2,4,0,1,1,0,0,1,0,1,99,0
201600024873,16,5,13,2320,5,2,3,1,1,301,4340670,369604,340,4,1,2,0,2,1,0,52,1,0,1,99,0
201600024874,16,5,31,1330,1,2,1,1,3,301,4341610,371936,340,4,2,2,0,1,1,0,0,1,0,1,99,0
201600024875,16,6,8,1,3,1,1,1,7,108,4344740,379644,340,4,2,2,0,1,1,0,0,1,0,1,0,0
201600024876,16,6,10,1130,1,2,1,1,6,301,4341130,369892,340,4,2,2,0,1,1,0,0,1,0,1,99,0
201600024877,16,6,12,505,2,2,1,1,7,301,4340810,369615,340,4,1,1,0,1,1,0,0,0,0,1,0,0
201600024878,16,6,14,1420,1,2,1,1,3,301,4341300,370017,340,4,2,2,0,1,1,0,66,1,0,1,99,0
201600024879,16,6,28,1555,1,2,3,1,3,301,4340510,369391,340,4,1,1,0,1,1,0,0,1,0,1,0,0
201600024880,16,6,28,1745,1,2,1,1,6,301,4341410,367487,340,4,1,0,0,1,1,0,0,1,4,1,99,0
201600024881,16,7,10,1045,1,1,1,1,1,108,4343470,375821,340,3,2,2,0,1,1,0,73,1,0,1,99,1
201600024882,16,7,31,1435,1,2,1,1,5,301,4341730,372274,340,4,0,0,0,2,3,0,0,1,3,0,0,1
201600024883,16,8,29,1005,1,2,1,1,6,301,4340670,369610,340,4,1,2,0,1,2,0,0,1,2,1,99,0
201600024884,16,9,2,1900,1,2,1,1,7,108,4345470,374923,340,4,2,2,0,1,1,0,0,1,0,1,0,0
201600024885,16,9,6,1355,1,1,1,1,1,301,4335150,358973,340,3,2,2,0,1,1,0,0,1,0,1,99,0
201600024886,16,10,6,645,3,1,1,1,1,108,4343640,371819,340,3,2,2,0,1,1,0,0,1,0,1,99,1
201600024887,16,10,10,1500,1,1,1,1,3,108,4344010,376313,340,3,2,2,0,1,1,36,36,1,0,1,99,0
201600024888,16,10,17,715,5,2,1,1,6,301,4340870,370484,340,4,2,2,0,0,0,0,0,2,1,1,99,1
201600024889,16,11,19,1255,1,2,1,1,3,301,4340660,368552,340,4,2,2,0,1,1,0,62,1,0,1,0,0
201600024890,16,11,19,2130,3,1,1,1,1,108,4346310,376742,340,3,2,2,0,2,1,0,0,1,2,1,99,0
201600024891,16,12,9,1850,5,2,1,1,6,301,4340959,369419,340,4,2,3,0,1,1,0,80,1,0,1,0,0
201600024892,16,12,16,20,5,2,1,2,3,108,4344268,374818,340,4,2,2,0,1,1,0,60,2,0,1,0,0
201600024893,16,1,5,1757,2,2,2,2,6,150,4836260,121403,350,3,2,2,0,0,1,0,75,2,5,0,99,0
201600024894,16,1,10,1835,5,2,9,1,6,115,4835463,117825,350,6,0,0,0,2,0,0,58,2,0,1,99,0
201600024895,16,1,4,750,2,2,7,2,6,115,4835029,119536,350,4,1,2,1,2,1,0,70,2,6,1,3,0
201600024896,16,1,12,2025,5,2,6,3,3,115,4835256,119953,350,4,3,0,0,2,0,0,0,2,5,1,0,0
201600024897,16,1,6,1715,5,2,1,1,6,115,4835190,120030,350,4,0,0,0,1,1,0,0,1,0,1,0,0
201600024898,16,1,22,1850,2,2,3,5,6,115,4836088,119081,350,4,4,2,0,1,1,0,90,2,5,1,99,0
201600024899,16,2,23,1515,1,1,1,1,1,150,4834844,122871,350,2,2,2,0,2,2,0,0,1,0,1,99,1
201600024900,16,2,25,1705,1,2,1,1,6,115,4834503,118868,350,4,2,2,0,2,1,0,70,1,0,1,99,0
201600024901,16,3,15,930,1,2,1,1,2,115,4836134,119028,350,4,2,2,0,1,1,0,75,1,0,1,99,0
201600024902,16,3,19,2120,5,1,1,8,6,150,4835158,123286,350,2,3,2,0,1,1,0,36,1,0,1,99,0
201600024903,16,4,2,1430,1,2,2,1,1,115,4834564,119630,350,4,2,2,0,2,1,0,70,9,5,1,99,0
201600024904,16,4,16,1055,1,2,1,1,3,115,4835405,119513,350,4,1,1,0,2,1,0,33,1,0,1,3,0
201600024905,16,6,2,1540,1,2,6,1,6,115,4835866,119326,350,3,2,2,0,1,1,52,184,1,5,0,99,0
201600024906,16,7,3,1730,1,2,2,2,3,115,4835096,119118,350,4,1,1,0,0,1,0,38,2,0,1,99,0
201600024907,16,8,9,910,1,2,1,1,6,115,4835453,120058,350,4,3,2,0,3,1,17,108,1,5,1,99,0
201600024908,16,8,24,1840,1,2,1,1,2,115,4835492,118657,350,4,2,2,1,1,1,0,50,1,0,1,3,0
201600024909,16,9,5,1150,1,2,1,1,6,115,4836143,121101,350,4,2,2,0,1,1,0,0,1,0,1,3,0
201600024910,16,9,18,430,5,2,3,2,3,115,4836100,119050,350,4,2,2,0,1,1,0,86,2,0,0,99,0
201600024911,16,9,30,650,5,2,1,8,6,115,4836251,118908,350,4,2,2,0,1,1,0,104,1,0,1,99,0
201600024912,16,10,4,1340,1,2,1,1,6,115,4835509,119980,350,4,1,1,0,2,1,0,30,1,0,4,99,0
201600024913,16,9,28,1515,1,2,1,1,2,115,4836292,118863,350,4,3,2,0,1,1,29,96,1,0,1,99,0
201600024914,16,10,18,2120,5,2,1,1,1,115,4836377,118774,350,4,2,2,0,1,1,0,0,1,0,1,99,0
201600024915,16,11,22,1750,5,2,6,1,6,115,4834671,118768,350,4,2,2,0,2,1,0,0,1,5,1,99,0
201600024916,16,11,24,1820,5,2,4,1,6,115,4834796,119159,350,4,2,2,0,1,3,0,60,1,0,1,99,0
201600024917,16,11,29,1700,1,2,1,1,2,115,4835080,119608,350,4,0,2,2,2,1,0,0,1,0,1,99,0
201600024918,16,12,22,2000,5,2,2,1,3,115,4835096,119122,350,4,1,1,0,1,1,0,67,1,0,1,0,0
201600024919,16,12,9,1512,1,2,1,7,6,238,4811261,170150,350,4,2,1,2,1,1,0,0,1,0,1,0,0
201600024920,16,1,2,1545,1,2,1,1,6,238,4808770,167436,350,4,3,2,2,3,1,0,0,1,0,1,99,0
201600024921,16,1,3,1430,1,1,1,3,7,278,4814455,165687,350,4,2,2,0,2,4,0,0,4,0,1,99,0
201600024922,16,12,10,1805,5,2,1,1,2,238,4809707,165370,350,4,2,1,2,1,1,0,0,1,0,1,0,0
201600024923,16,1,3,1810,3,1,1,2,7,51,4811875,157425,350,4,2,2,0,3,2,0,0,2,0,1,99,0
201600024924,16,12,11,650,3,1,1,5,7,55,4807641,158682,350,3,3,2,0,1,1,0,0,1,0,3,0,0
201600024925,16,12,9,1330,1,1,1,1,3,238,4811990,172018,350,2,3,4,0,1,2,0,0,1,0,1,99,0
201600024926,16,1,4,830,2,2,2,1,3,238,4809420,168180,350,4,2,2,2,1,1,0,0,1,5,1,3,0
201600024927,16,1,5,1840,5,2,1,1,6,51,4813015,162782,350,4,2,2,0,1,1,0,0,1,0,1,99,0
201600024928,16,12,14,1418,1,2,1,1,6,55,4809491,162927,350,4,0,0,0,0,0,0,0,0,0,4,0,0
201600024929,16,12,12,1730,1,2,1,2,4,238,4811626,171522,350,4,2,1,0,1,1,0,0,2,0,1,0,0
201600024930,16,1,5,1930,5,2,3,1,6,238,4809010,169059,350,4,2,2,0,1,1,0,0,1,5,1,99,0
201600024931,16,12,13,1300,1,2,1,1,7,238,4810674,166946,350,4,2,1,0,1,1,0,0,0,0,1,0,0
201600024932,16,1,1,39,5,2,1,1,6,238,4811020,167557,350,4,1,1,2,1,1,0,30,2,0,1,99,0
201600024933,16,12,14,630,3,2,6,1,3,51,4810270,160924,350,2,0,1,0,0,0,0,0,0,0,0,0,0
201600024934,16,1,6,2015,5,2,2,2,3,238,4810980,167782,350,4,2,2,3,1,1,0,0,2,5,1,99,0
201600024935,16,12,18,2010,5,2,2,8,3,238,4811643,170970,350,4,2,1,0,0,0,0,0,0,0,1,0,0
201600024936,16,1,7,1555,1,2,1,1,6,238,4810880,171059,350,4,3,4,2,1,1,0,0,1,5,1,3,0
201600024937,16,12,19,1830,5,2,3,1,3,238,4812452,171006,350,4,2,1,0,1,1,0,0,1,0,0,0,0
201600024938,16,1,7,1700,1,2,1,1,2,238,4811610,167525,350,4,1,1,2,1,1,0,0,1,0,1,3,0
201600024939,16,12,19,1459,1,1,7,1,6,278,4813881,169750,350,6,0,0,0,1,1,0,0,1,0,0,99,0
201600024940,16,1,8,820,2,2,3,2,6,238,4812130,170087,350,4,2,2,2,1,1,0,0,2,5,1,3,0
201600024941,16,12,20,836,1,1,1,5,2,238,4811196,171855,350,2,3,4,0,1,1,0,0,8,0,1,99,0
201600024942,16,1,8,910,1,2,1,3,3,238,4810130,164966,350,4,2,2,2,1,1,0,0,2,0,1,99,0
201600024943,16,12,22,1549,1,1,1,1,2,238,4813056,171017,350,2,3,2,0,1,1,0,0,1,0,1,99,0
201600024944,16,1,8,2155,5,2,5,3,3,238,4811900,164996,350,4,2,2,0,1,1,0,0,2,5,1,99,0
201600024945,16,12,22,1850,5,2,1,1,6,238,4810269,166126,350,4,3,1,2,1,1,0,0,2,0,1,0,0
201600024946,16,1,9,1810,5,2,3,8,2,238,4811870,170463,350,4,2,2,0,1,1,0,0,2,5,1,99,0
201600024947,16,1,9,2325,3,2,1,2,6,238,4808250,164588,350,2,3,0,0,2,3,0,0,2,3,1,99,0
201600024948,16,12,23,1945,3,1,1,1,2,206,4808005,168195,350,2,3,4,0,1,1,0,0,1,0,1,99,0
201600024949,16,1,10,1335,1,2,6,1,7,51,4811152,162156,350,3,0,0,0,1,0,0,0,0,5,0,99,0
201600024950,16,12,25,1954,5,2,3,1,3,55,4808514,162731,350,4,2,1,0,1,1,0,0,1,0,1,0,0
201600024951,16,1,11,1330,1,2,6,7,6,51,4812961,159721,350,4,2,2,0,2,1,0,0,1,0,1,3,0
201600024952,16,12,26,1853,5,2,1,1,6,238,4811119,168697,350,4,1,1,0,1,1,0,0,1,0,1,99,0
201600024953,16,12,27,600,3,1,1,1,2,278,4813981,169544,350,3,3,4,0,1,2,0,0,1,0,1,99,0
201600024954,16,1,13,1110,1,2,6,1,3,238,4812770,165209,350,4,3,2,2,1,2,0,0,1,5,1,99,0
201600024955,16,12,27,1800,3,2,6,1,6,238,4810356,171208,350,4,3,2,2,1,3,0,0,1,0,1,99,0
201600024956,16,1,13,1818,5,2,1,1,3,238,4811310,164738,350,4,2,4,2,3,1,0,0,1,0,1,99,0
201600024957,16,12,30,1727,5,2,3,1,6,238,4810512,167749,350,4,2,1,0,1,1,0,0,1,0,1,99,0
201600024958,16,1,14,845,1,2,6,1,3,238,4810540,170846,350,4,2,2,2,1,2,0,0,2,5,1,99,0
201600024959,16,12,30,1810,5,2,2,1,3,238,4810859,168197,350,4,1,1,0,1,1,0,0,9,0,1,0,0
201600024960,16,1,14,1120,1,2,5,1,6,206,4807580,169557,350,2,3,0,0,1,1,0,0,1,0,1,99,0
201600024961,16,1,14,1800,5,2,2,1,7,238,4809920,165714,350,4,2,2,0,1,1,0,0,2,5,1,99,0
201600024962,16,1,14,2030,5,2,2,1,3,238,4810850,169298,350,4,2,3,2,1,1,0,0,2,5,1,99,0
201600024963,16,1,15,945,1,2,5,1,3,238,4810650,168451,350,4,2,2,1,1,1,0,0,2,5,1,3,0
201600024964,16,1,15,2235,3,1,1,8,1,278,4814412,166173,350,4,2,2,0,1,2,0,0,2,0,1,99,0
201600024965,16,1,18,2000,5,2,2,1,2,238,4809420,168180,350,4,2,2,0,1,1,0,0,1,5,1,3,0
201600024966,16,1,18,805,5,2,6,2,6,238,4809110,165076,350,4,3,2,2,1,1,0,0,2,5,1,99,0
201600024967,16,1,20,2005,5,2,2,1,3,238,4811400,164803,350,4,3,2,2,3,1,0,0,1,5,1,99,0
201600024968,16,1,21,815,4,2,2,1,6,238,4812270,168542,350,4,2,2,0,1,1,0,0,1,5,1,99,0
201600024969,16,1,21,845,1,2,6,1,6,278,4813671,169297,350,4,1,2,0,3,1,0,0,1,5,1,99,0
201600024970,16,1,21,1700,1,2,3,8,2,238,4810740,167607,350,4,1,1,0,1,1,0,0,2,5,1,3,0
201600024971,16,1,22,800,5,2,6,3,6,238,4809700,163000,350,4,2,2,0,1,1,0,0,3,5,1,99,0
201600024972,16,1,22,1245,1,2,3,1,3,238,4812800,167189,350,4,2,2,0,1,1,0,0,2,0,1,99,0
201600024973,16,1,23,1650,1,2,1,1,3,238,4810880,165406,350,4,2,2,2,1,1,0,0,1,0,5,99,0
201600024974,16,1,25,1200,1,2,6,1,3,238,4810410,165012,350,4,2,2,0,1,1,0,0,1,5,1,99,0
201600024975,16,1,26,1130,1,2,2,1,6,238,4813510,165961,350,4,3,2,2,1,1,0,0,1,5,1,99,0
201600024976,16,1,26,1400,1,2,1,1,6,238,4809190,167923,350,6,0,0,0,1,1,0,0,1,0,1,99,0
201600024977,16,1,26,2015,5,2,3,1,3,238,4811390,164586,350,4,2,2,2,2,1,0,0,1,0,1,99,0
201600024978,16,1,27,900,1,2,2,2,3,238,4808830,166760,350,4,3,2,0,1,1,0,0,2,5,1,99,0
201600024979,16,12,30,2115,5,2,1,1,6,238,4810207,165772,350,4,2,3,3,2,2,0,0,1,0,4,99,0
201600024980,16,1,29,830,1,2,3,8,3,238,4810670,165090,350,4,2,2,2,1,1,0,0,1,5,1,99,0
201600024981,16,11,21,1245,1,2,1,1,6,238,4811300,170408,350,4,2,1,0,1,1,0,0,1,0,1,0,0
201600024982,16,1,29,1830,5,2,2,1,6,238,4810740,167201,350,4,2,2,0,1,1,0,0,1,5,1,99,0
201600024983,16,1,30,1700,1,2,1,8,6,206,4808140,168099,350,4,2,2,0,1,1,0,0,1,0,1,99,0
201600024984,16,2,1,855,1,2,3,1,3,51,4813098,162115,350,4,2,2,0,1,1,0,0,1,0,1,99,0
201600024985,16,2,2,955,1,2,1,2,2,238,4811240,167594,350,4,1,1,0,1,1,0,0,2,0,1,99,0
201600024986,16,2,2,1630,1,2,2,1,6,238,4811800,168615,350,4,2,2,0,1,1,0,0,2,5,1,99,0
201600024987,16,2,2,2000,5,2,1,1,6,238,4811950,170826,350,4,2,2,2,1,1,0,0,1,0,1,99,0
201600024988,16,2,2,2045,5,2,2,1,3,238,4810850,169298,350,4,2,2,2,2,1,0,0,1,5,1,99,0
201600024989,16,2,4,1200,1,2,3,1,6,238,4809770,165937,350,4,2,2,0,2,1,0,0,2,5,1,99,0
201600024990,16,2,4,1700,1,2,3,1,6,238,4810290,166172,350,4,2,0,0,0,1,0,0,1,0,5,99,0
201600024991,16,2,5,2150,5,2,2,1,3,238,4812850,166415,350,4,3,4,1,1,1,0,0,1,5,1,99,0
201600024992,16,2,5,1415,1,2,1,1,6,55,4809034,162496,350,3,3,4,0,1,2,0,0,2,0,1,99,0
201600024993,16,2,6,1555,1,2,3,1,6,238,4810510,169594,350,4,2,2,0,1,1,0,0,1,5,1,99,0
201600024994,16,2,8,1745,1,2,1,2,4,238,4813300,170751,350,2,3,4,0,1,1,0,0,2,0,1,99,0
201600024995,16,2,12,1100,1,2,1,2,6,238,4811160,168440,350,4,1,1,2,3,3,0,0,3,0,1,99,0
201600024996,16,2,13,345,5,2,1,3,6,238,4810920,168992,350,4,2,3,3,1,1,0,0,3,0,1,99,0
201600024997,16,2,13,1440,1,1,1,2,6,278,4813907,169828,350,2,0,1,0,0,2,0,0,2,3,3,99,0
201600024998,16,2,13,1700,1,2,1,1,3,278,4813780,168710,350,6,0,0,0,1,0,0,0,0,0,1,99,0
201600024999,16,2,14,640,3,2,1,1,6,238,4808021,168078,350,2,1,1,0,1,3,0,0,2,3,1,99,0
201600025000,16,2,14,2020,5,2,5,1,3,238,4810180,168441,350,4,2,2,1,1,1,0,0,1,5,1,99,0
201600025001,16,2,15,1400,1,2,1,1,6,238,4810760,169489,350,4,1,2,2,3,2,0,0,1,2,1,99,0
201600025002,16,2,17,1115,1,2,1,1,6,238,4813050,165801,350,4,3,2,0,1,1,0,0,1,0,1,99,0
201600025003,16,2,17,1930,1,1,3,1,6,278,4815814,169757,350,3,2,2,0,0,1,0,0,2,0,1,99,0
201600025004,16,2,17,1930,5,2,3,2,6,238,4811300,168374,350,4,2,2,0,1,1,0,0,2,0,1,99,0
201600025005,16,2,18,1254,1,2,6,1,3,238,4811750,170466,350,4,2,2,0,1,1,0,0,1,5,1,99,0
201600025006,16,2,18,1820,1,2,3,1,4,238,4811970,168428,350,4,2,2,0,1,1,0,0,1,5,1,99,0
201600025007,16,2,19,920,1,2,1,1,2,238,4812580,171884,350,2,3,2,0,1,2,0,0,1,0,1,99,0
201600025008,16,2,16,1033,1,2,3,1,6,238,4809240,169152,350,4,2,2,0,1,1,0,0,1,5,1,99,0
201600025010,16,2,21,1845,2,2,5,8,3,238,4811640,167414,350,4,1,1,0,3,1,0,0,1,5,1,99,0
201600025011,16,2,23,600,3,1,1,2,7,51,4811073,158809,350,2,0,0,0,1,3,0,0,2,3,0,99,0
201600025012,16,2,23,800,2,2,1,8,2,238,4811550,165777,350,4,2,2,2,1,1,0,0,2,0,1,99,0
201600025013,16,2,23,1520,1,2,1,1,3,238,4810630,173147,350,2,3,4,3,1,1,0,0,1,0,1,99,0
201600025014,16,2,24,1240,1,2,1,3,6,55,4808810,161410,350,4,2,2,0,1,1,0,0,3,0,1,99,0
201600025015,16,2,24,1715,1,2,6,2,6,238,4809000,168226,350,4,3,2,2,1,1,0,0,2,5,1,99,0
201600025016,16,2,25,2015,5,2,5,1,3,238,4810560,166605,350,4,2,2,2,2,1,0,0,1,5,1,99,0
201600025017,16,2,26,545,5,2,1,1,6,238,4813100,167033,350,4,3,4,1,1,3,0,0,1,0,1,99,0
201600025018,16,2,27,1130,1,2,3,1,6,238,4810700,172388,350,4,3,4,3,1,1,0,0,1,5,1,99,0
201600025019,16,2,27,1800,1,2,5,1,6,238,4811930,166743,350,4,1,1,2,1,1,0,0,1,5,1,99,0
201600025020,16,2,29,1030,1,2,1,1,6,238,4812820,166133,350,4,3,4,2,1,1,0,0,1,0,1,99,0
201600025021,16,3,1,1500,1,2,1,3,6,238,4810810,168270,350,4,3,2,0,1,1,0,0,2,0,1,99,0
201600025022,16,3,2,1730,1,2,1,2,6,238,4808660,167345,350,4,2,2,0,1,1,0,0,2,0,1,99,0
201600025023,16,3,2,1810,1,2,3,2,3,51,4810229,163112,350,4,2,2,0,1,1,0,0,2,0,1,99,0
201600025024,16,3,3,1055,1,2,1,2,6,238,4811300,166616,350,4,1,1,2,3,1,0,0,2,0,1,3,0
201600025025,16,3,3,1155,1,2,2,1,3,238,4813050,165673,350,4,2,2,0,1,1,0,0,2,5,1,99,0
201600025026,16,3,3,1200,1,2,1,1,3,281,4808888,169358,350,4,2,2,0,1,1,0,0,1,0,1,99,0
201600025027,16,3,5,948,1,2,2,1,2,238,4810790,168206,350,4,3,4,0,1,1,10,40,1,5,1,99,0
201600025028,16,3,5,1930,3,1,1,1,7,51,4810715,157773,350,4,0,0,0,1,0,0,0,0,0,0,0,0
201600025029,16,3,5,1225,1,2,1,1,6,278,4813886,168514,350,6,0,0,0,1,1,0,0,1,0,0,99,0
201600025030,16,3,6,1820,1,2,2,1,3,238,4808590,167504,350,4,2,0,3,1,1,0,0,1,5,1,99,0
201600025031,16,3,7,850,1,2,6,8,6,51,4813504,162086,350,4,2,2,0,1,1,0,0,2,5,1,99,0
201600025032,16,3,7,1545,1,2,3,1,3,238,4812340,170376,350,4,2,2,2,2,2,0,0,1,5,5,99,0
201600025033,16,3,8,1330,1,2,1,1,4,238,4810710,172252,350,2,3,4,3,1,1,0,0,1,0,1,99,0
201600025034,16,3,8,1525,1,2,6,1,6,281,4808685,170726,350,3,0,0,0,1,0,0,0,1,5,0,99,0
201600025035,16,3,9,1436,1,2,1,1,6,238,4808810,167579,350,4,2,0,0,1,1,0,0,1,6,1,99,0
201600025036,16,3,10,740,2,2,6,1,3,238,4809000,168226,350,4,1,2,2,1,2,0,0,1,5,1,99,0
201600025037,16,3,10,1742,1,2,1,8,6,238,4808720,167500,350,4,3,2,2,1,1,0,0,1,0,1,99,0
201600025038,16,3,15,1210,1,2,2,1,3,238,4810040,164993,350,4,2,2,2,1,1,0,0,1,5,1,99,0
201600025039,16,3,11,130,5,2,2,1,6,238,4812300,170897,350,4,2,2,2,3,1,0,0,1,5,1,99,0
201600025040,16,3,11,2050,5,2,1,1,7,238,4810410,171297,350,6,3,4,0,1,1,0,0,1,0,1,99,0
201600025041,16,3,11,1719,1,2,2,1,2,238,4811620,166465,350,4,2,2,0,1,1,0,0,1,5,1,99,0
201600025042,16,3,12,1910,1,1,1,1,7,278,4814185,166300,350,2,3,4,0,1,1,0,0,1,0,3,99,0
201600025043,16,3,14,845,1,2,1,1,3,238,4812710,168306,350,4,2,2,2,1,1,0,0,1,0,5,99,0
201600025044,16,3,14,1340,1,2,3,1,3,238,4811760,168452,350,4,1,1,0,1,1,0,0,1,0,1,99,0
201600025045,16,3,16,1735,1,2,2,1,6,238,4810790,168206,350,4,2,2,0,1,1,0,0,1,5,1,99,0
201600025046,16,3,17,1420,1,2,1,1,2,238,4811060,166573,350,4,1,1,0,3,1,0,0,1,0,1,99,0
201600025047,16,3,20,1215,1,2,1,1,1,238,4813250,170976,350,4,2,2,0,1,1,0,0,1,0,1,3,1
201600025048,16,3,18,825,1,2,3,1,3,238,4808550,167567,350,4,2,2,0,1,3,0,0,1,0,4,99,0
201600025049,16,3,18,1255,1,2,3,1,6,238,4810450,168436,350,4,3,4,3,1,1,0,0,1,5,1,99,0
201600025050,16,3,19,1215,1,1,6,1,3,55,4807841,163239,350,3,3,4,0,1,2,0,0,1,5,1,99,0
201600025051,16,3,19,1950,1,2,2,1,2,238,4812180,166274,350,4,2,2,2,1,1,0,0,1,0,1,99,0
201600025052,16,3,20,1645,1,2,3,1,6,238,4812750,168483,350,4,3,4,2,1,1,0,0,1,5,1,99,0
201600025053,16,3,20,1920,1,2,2,1,6,238,4812140,171346,350,4,2,2,0,1,1,0,0,1,0,1,99,0
201600025054,16,3,20,715,1,1,1,1,2,281,4808979,170435,350,2,3,4,0,1,1,0,0,1,0,1,99,0
201600025055,16,3,26,1245,1,2,2,2,3,238,4811020,167420,350,4,3,2,0,1,1,0,0,2,2,1,99,0
201600025056,16,3,28,2010,1,2,2,1,3,238,4809520,163770,350,4,2,3,3,1,1,0,0,2,5,1,99,0
201600025057,16,3,30,1825,1,2,1,2,6,238,4809310,167110,350,4,2,2,0,1,1,0,0,2,0,1,99,0
201600025058,16,3,31,740,1,2,5,1,6,238,4810180,168441,350,4,3,4,1,2,1,0,0,2,2,1,99,0
201600025059,16,3,31,845,1,2,5,1,4,238,4808050,167521,350,2,3,4,0,1,1,0,0,2,0,1,99,0
201600025060,16,3,31,1730,1,2,2,1,6,238,4809970,168412,350,4,2,2,0,1,1,0,0,1,5,1,99,0
201600025061,16,4,1,730,1,2,1,1,3,238,4811050,171828,350,2,3,6,0,1,1,0,0,1,0,1,99,0
201600025062,16,4,1,1000,1,2,6,1,3,281,4808949,170599,350,3,0,0,0,1,1,0,0,1,5,1,99,0
201600025063,16,4,1,1720,1,2,1,1,6,238,4812770,165328,350,4,2,2,0,1,1,0,0,1,0,1,99,0
201600025064,16,4,1,1755,1,2,5,1,4,278,4814640,169873,350,3,3,4,0,1,1,0,0,1,0,1,99,0
201600025065,16,4,3,2125,5,2,2,1,6,238,4810510,167753,350,4,3,4,2,3,1,0,0,1,0,1,99,0
201600025066,16,4,4,30,5,2,5,1,7,206,4808050,167927,350,2,1,1,0,2,3,0,0,1,3,1,99,0
201600025067,16,4,4,1640,1,2,3,1,6,238,4810630,167900,350,4,1,2,0,1,1,0,0,2,0,1,3,0
201600025068,16,4,5,820,1,2,1,1,6,238,4812150,166049,350,4,2,2,0,1,1,0,0,1,0,1,99,0
201600025069,16,4,5,1730,1,2,3,1,4,238,4812650,166545,350,4,2,2,3,1,1,0,0,1,0,1,99,0
201600025070,16,4,7,1825,1,2,6,1,4,238,4812770,165209,350,4,1,2,2,1,1,0,0,1,5,1,99,0
201600025071,16,4,7,900,1,2,1,1,6,238,4811110,167460,350,4,1,2,2,2,1,0,0,1,0,1,99,0
201600025072,16,4,7,1530,1,2,2,1,3,281,4807840,173178,350,4,2,2,0,1,1,0,0,1,0,1,99,0
201600025073,16,4,7,1900,1,1,5,1,1,51,4810413,160500,350,2,3,0,0,1,1,0,0,1,0,1,99,0