Num_Acc,an,mois,jour,hrmn,lum,agg,int,atm,col,com,lat,long,dep,catr,circ,nbv,vosp,prof,plan,lartpc,larrout,surf,infra,situ,env1,killed
201600025074,16,4,7,1630,1,2,1,1,6,51,4811570,158237,350,4,2,2,0,1,1,0,0,1,0,1,99,0
201600025075,16,4,8,1610,1,2,1,1,7,238,4811230,169191,350,4,3,2,2,1,1,0,0,1,0,1,99,0
201600025076,16,4,9,555,5,2,3,2,6,238,4812030,166155,350,4,2,2,0,1,1,0,0,2,0,1,99,0
201600025077,16,4,10,1910,1,2,1,1,2,238,4812480,165722,350,4,2,2,0,1,1,0,0,1,0,1,99,0
201600025078,16,4,11,1650,1,2,6,1,3,51,4813650,162489,350,4,2,2,1,1,1,0,0,1,5,1,99,0
201600025079,16,4,11,1745,1,2,3,1,2,238,4811520,170278,350,4,2,2,0,1,1,0,0,1,5,1,99,0
201600025080,16,4,13,2025,1,2,1,1,6,238,4809000,168848,350,4,3,2,2,1,1,0,0,1,0,1,99,0
201600025081,16,4,14,1345,1,2,2,2,3,238,4810890,169293,350,4,3,1,0,1,1,0,0,2,6,1,99,0
201600025082,16,4,15,1635,1,2,3,1,3,238,4809130,165504,350,4,2,2,0,1,1,0,0,1,0,1,99,0
201600025083,16,4,16,1130,1,2,5,1,2,238,4810710,171897,350,2,3,0,0,1,1,0,0,1,0,1,99,0
201600025084,16,4,16,1705,1,2,1,1,2,238,4810160,172932,350,4,2,2,0,1,1,0,0,1,0,1,99,0
201600025085,16,4,16,2100,2,2,1,1,3,238,4810380,167433,350,4,2,2,2,1,1,0,0,1,0,5,99,0
201600025086,16,4,17,1425,1,2,2,1,3,238,4810350,169401,350,4,2,2,2,1,1,0,0,1,5,1,99,0
201600025087,16,4,18,800,1,2,1,1,4,51,4811010,161719,350,4,2,2,0,1,3,0,0,1,2,1,99,0
201600025088,16,4,18,820,1,2,3,1,3,238,4813310,167095,350,4,2,2,0,1,1,0,0,1,0,1,0,0
201600025089,16,4,18,830,1,2,1,1,2,238,4813200,170843,350,2,3,4,0,1,1,0,0,1,0,1,99,0
201600025090,16,4,18,1610,1,2,1,1,6,238,4811390,163927,350,4,2,1,2,1,1,0,0,1,0,1,99,0
201600025091,16,4,18,1830,1,2,3,1,1,278,4815280,169832,350,4,2,0,0,1,1,0,0,1,0,1,99,0
201600025092,16,4,18,2020,1,2,3,1,3,238,4810900,169096,350,4,2,3,3,1,1,0,0,1,0,1,99,0
201600025093,16,4,19,1500,1,2,2,1,3,238,4809450,168562,350,4,2,2,0,1,1,0,0,1,5,1,99,0
201600025094,16,4,20,650,2,1,1,1,7,51,4811650,156736,350,4,1,1,0,2,3,0,0,1,3,1,99,0
201600025095,16,4,21,730,1,2,5,1,3,238,4813850,165858,350,4,2,3,2,2,1,0,0,2,5,1,99,0
201600025096,16,4,24,2220,3,2,2,1,2,238,4812470,168517,350,4,2,2,0,1,1,0,0,1,5,1,99,0
201600025097,16,4,22,1530,1,2,2,1,3,238,4811240,167735,350,4,1,1,2,3,1,0,0,1,0,1,99,0
201600025098,16,4,22,1700,1,2,3,1,2,238,4809240,169152,350,3,2,2,0,1,1,0,0,1,5,1,3,0
201600025099,16,4,22,1620,1,2,1,1,4,238,4811100,171838,350,2,3,6,0,1,1,0,0,1,0,1,99,0
201600025100,16,4,22,1830,1,2,1,1,4,238,4813110,163757,350,4,2,2,1,1,1,0,0,1,0,1,99,0
201600025101,16,4,25,1230,1,2,1,1,6,238,4813010,163115,350,4,2,2,0,1,1,0,0,1,0,1,99,0
201600025102,16,4,25,2040,1,2,3,1,3,238,4810990,166231,350,4,1,0,2,1,1,0,0,1,5,5,99,0
201600025103,16,4,27,905,1,2,5,1,3,238,4814220,165814,350,2,3,4,0,1,1,0,0,1,3,1,99,0
201600025104,16,4,28,500,5,2,1,1,2,238,4811030,165642,350,4,1,1,2,1,1,0,0,1,0,5,99,0
201600025105,16,4,29,800,2,2,2,1,7,238,4809030,169219,350,4,2,2,0,1,1,0,0,1,5,1,99,0
201600025106,16,4,29,1705,1,2,3,2,3,238,4809140,166493,350,4,2,2,0,1,1,0,0,2,5,1,3,0
201600025107,16,4,29,1800,1,2,2,3,6,238,4809470,169024,350,4,2,2,0,1,1,0,0,3,5,1,99,0
201600025108,16,4,30,530,5,2,1,1,6,238,4812050,164486,350,4,3,2,1,1,1,0,0,1,0,1,99,0
201600025109,16,5,3,742,1,2,3,1,6,281,4808660,171169,350,4,2,2,0,1,1,0,0,1,0,4,99,0
201600025110,16,5,3,1620,1,2,1,1,7,238,4808860,168228,350,4,3,2,2,1,1,0,0,1,0,1,99,0
201600025111,16,5,4,845,1,2,1,1,3,238,4812670,163013,350,4,2,3,1,3,1,0,0,1,0,1,99,0
201600025112,16,5,4,800,1,2,3,1,6,238,4811760,168452,350,4,2,2,3,1,1,0,0,1,0,1,99,0
201600025113,16,5,4,1900,2,2,6,7,3,238,4808840,166079,350,4,3,2,2,1,1,0,0,1,5,1,99,0
201600025114,16,5,5,750,2,2,5,1,7,238,4811735,171926,350,2,1,1,0,1,3,0,0,1,3,3,99,0
201600025115,16,5,5,1820,1,2,6,1,3,281,4807428,171262,350,3,2,2,0,0,0,0,0,0,5,1,99,0
201600025116,16,5,4,1740,1,2,1,1,3,238,4814124,167599,350,2,3,4,0,1,1,0,0,1,0,1,99,0
201600025117,16,5,6,1120,1,2,1,1,2,55,4807710,163106,350,3,3,4,0,1,1,0,0,1,5,1,99,0
201600025118,16,5,8,1720,1,2,1,1,6,238,4809210,167324,350,4,3,2,2,1,1,0,0,1,0,1,99,0
201600025119,16,5,9,1135,1,2,1,1,6,238,4810510,169667,350,4,2,2,0,1,1,0,0,2,0,1,99,0
201600025120,16,5,11,1530,1,2,6,1,6,51,4811450,162855,350,4,1,1,0,1,2,0,0,1,5,1,99,0
201600025121,16,5,12,1340,1,2,1,1,6,278,4815030,169956,350,3,3,4,0,1,1,0,0,2,3,3,99,0
201600025122,16,5,12,1615,1,2,3,1,1,55,4808760,162555,350,4,2,4,0,1,1,0,0,1,0,1,99,0
201600025123,16,5,12,1840,1,2,2,1,3,238,4811200,170236,350,4,2,4,2,3,1,0,0,1,5,1,99,0
201600025124,16,5,17,1100,1,2,3,8,6,238,4809250,165097,350,4,2,2,0,1,1,0,0,1,0,1,99,0
201600025125,16,5,17,1715,1,2,1,1,6,238,4811720,168046,350,4,2,3,3,1,1,0,0,1,0,1,99,0
201600025126,16,5,18,5,3,1,1,1,7,278,4814071,169716,350,2,1,1,0,2,3,0,0,1,3,3,99,0
201600025127,16,5,18,100,5,2,6,1,6,278,4814380,168649,350,4,1,2,0,1,3,0,0,1,5,1,99,0
201600025128,16,5,19,1650,1,2,1,1,6,238,4810520,170268,350,4,2,2,2,1,1,0,0,1,0,4,99,0
201600025129,16,5,19,1730,1,2,1,1,6,238,4811410,163620,350,4,3,4,3,1,1,0,0,1,0,1,99,0
201600025130,16,5,20,840,1,2,2,1,3,238,4810510,165047,350,4,2,2,0,1,1,0,0,1,5,1,99,0
201600025131,16,5,20,1245,1,2,6,1,1,51,4812730,161360,350,3,2,2,0,1,1,0,0,1,5,1,99,0
201600025132,16,5,20,1400,1,2,2,1,3,238,4811030,165560,350,4,2,2,2,1,1,0,0,1,5,1,99,0
201600025133,16,5,22,2300,3,2,1,1,2,238,4809510,171107,350,2,3,4,0,1,1,0,0,1,0,1,99,0
201600025134,16,5,23,840,1,2,3,1,3,278,4814560,168523,350,4,1,2,2,1,1,0,0,1,0,1,99,0
201600025135,16,5,30,1015,1,2,1,1,3,238,4808890,167616,350,4,2,2,0,1,1,0,0,1,0,1,99,0
201600025136,16,5,24,1730,1,2,1,1,3,51,4811860,162070,350,3,2,2,0,1,1,0,0,1,0,1,99,0
201600025137,16,5,25,1840,1,2,6,1,2,51,4810230,161021,350,4,3,2,0,1,1,0,0,1,0,1,99,0
201600025138,16,5,28,530,3,2,1,1,6,238,4809900,171416,350,2,3,6,3,1,1,0,0,1,0,1,99,0
201600025139,16,5,28,1740,1,2,5,1,3,278,4813800,169379,350,2,3,2,0,1,1,0,0,1,3,1,99,0
201600025140,16,5,26,2100,1,2,1,1,6,238,4810500,164550,350,4,2,2,2,2,1,0,0,1,0,1,99,0
201600025141,16,5,24,1345,1,1,1,1,1,238,4809787,164315,350,4,2,0,0,1,1,0,0,1,0,1,0,0
201600025142,16,5,24,1600,1,2,3,1,3,51,4813190,163288,350,4,0,0,0,0,0,0,0,1,0,1,0,0
201600025143,16,5,28,744,1,2,1,1,2,238,4809500,169010,350,4,2,2,2,2,1,0,0,1,0,1,99,0
201600025144,16,5,27,1919,1,2,2,1,3,238,4812470,170307,350,4,3,0,1,1,1,0,0,1,5,1,99,0
201600025145,16,5,29,445,5,2,2,1,3,238,4808660,167193,350,4,2,2,0,1,1,0,0,1,5,1,99,0
201600025146,16,5,30,930,1,1,1,1,4,278,4813643,169251,350,3,3,2,0,2,1,0,0,1,1,1,99,0
201600025147,16,5,27,1810,1,2,1,1,6,55,4808770,161770,350,4,2,2,0,2,2,0,0,1,0,1,99,0
201600025148,16,5,28,1255,1,2,1,1,3,238,4810090,162876,350,4,2,2,0,1,1,0,0,1,0,1,99,0
201600025149,16,6,2,1300,1,2,2,1,3,238,4809810,165566,350,4,2,2,0,1,1,0,0,1,5,1,99,0
201600025150,16,6,1,940,1,2,2,8,6,238,4809410,163435,350,4,2,2,0,1,1,0,0,1,5,1,99,0
201600025151,16,6,3,1810,1,2,1,1,4,238,4811350,171873,350,2,3,4,0,1,1,0,0,1,0,1,99,0
201600025152,16,6,4,155,3,2,1,1,1,278,4814810,169900,350,3,3,4,0,1,1,0,0,1,0,1,99,0
201600025153,16,6,5,2100,1,2,2,1,1,238,4811730,168311,350,4,2,2,3,3,1,0,0,1,5,1,99,0
201600025154,16,6,5,2115,1,2,3,1,3,238,4812490,165704,350,4,2,2,0,1,1,0,0,1,0,1,99,0
201600025155,16,6,6,755,1,2,6,1,3,55,4809050,161570,350,4,1,1,0,1,2,0,0,1,5,1,99,0
201600025156,16,6,6,1400,1,2,2,1,3,238,4810040,164993,350,4,2,2,2,1,1,0,0,1,5,1,99,0
201600025157,16,6,7,820,1,2,2,1,3,238,4808890,167495,350,4,2,2,0,1,1,0,0,1,0,1,99,0
201600025158,16,6,7,1555,1,2,1,1,3,238,4812730,165978,350,4,2,2,0,2,3,0,0,1,0,1,99,0
201600025159,16,6,7,1715,1,2,6,1,3,238,4810540,170846,350,4,2,4,2,1,3,0,0,1,5,1,99,0
201600025160,16,6,7,1830,1,2,1,1,2,238,4808190,164756,350,2,3,4,0,1,1,0,0,1,0,1,99,0
201600025161,16,6,7,2315,5,2,2,1,3,238,4810790,167354,350,4,2,2,2,2,1,0,0,1,5,1,99,0
201600025162,16,6,8,830,1,2,1,1,6,238,4812120,171347,350,4,2,2,0,1,1,0,0,1,0,1,99,0
201600025163,16,6,8,740,1,2,5,1,6,238,4808171,167311,350,2,3,4,0,3,3,0,0,1,3,1,99,0
201600025164,16,6,8,1825,1,2,2,1,1,238,4811650,170992,350,4,3,4,1,1,1,0,0,1,5,1,99,0
201600025165,16,6,9,1840,1,2,1,1,3,51,4811520,162075,350,4,2,2,0,2,1,0,0,1,0,1,99,0
201600025166,16,6,10,840,1,2,6,1,1,238,4812430,169375,350,4,2,2,0,1,1,0,0,1,5,1,99,0
201600025167,16,6,10,1635,1,2,6,1,3,238,4809110,165076,350,4,2,2,0,1,1,0,0,1,5,1,3,0
201600025168,16,6,11,500,5,2,6,2,6,238,4811600,170518,350,4,1,2,2,1,2,0,0,2,5,1,99,0
201600025169,16,6,11,1055,1,2,5,1,6,278,4813990,169731,350,2,1,0,0,2,3,0,0,2,3,1,99,0
201600025170,16,6,11,2140,1,2,1,2,6,238,4812130,170741,350,4,2,2,2,1,1,0,0,2,0,4,99,0
201600025171,16,6,11,1120,1,2,2,3,6,238,4809520,163770,350,4,2,4,3,1,1,0,0,2,5,1,99,0
201600025172,16,6,11,1820,1,2,2,1,3,238,4810550,168464,350,4,3,2,3,1,1,0,0,2,5,1,3,0
201600025173,16,6,12,830,1,2,3,8,7,238,4809960,165173,350,4,2,2,2,1,1,0,0,2,0,1,99,0
201600025174,16,6,12,1320,1,2,1,1,6,238,4810990,167430,350,4,2,0,3,1,1,0,0,1,0,1,99,0
201600025175,16,6,12,2325,5,2,5,1,6,238,4810180,168441,350,4,2,4,1,2,1,0,0,1,5,1,99,0
201600025176,16,6,13,1450,1,2,1,3,2,51,4814020,163129,350,2,3,4,0,0,1,0,0,2,0,1,99,0
201600025177,16,6,14,920,1,2,1,1,3,238,4808960,167492,350,4,3,2,2,1,1,0,0,1,0,1,99,0
201600025178,16,6,14,930,1,2,1,1,6,238,4809360,167140,350,4,2,2,2,1,1,0,0,1,0,4,99,0
201600025179,16,6,14,1520,1,2,1,8,6,51,4815420,162449,350,3,3,4,0,2,2,0,0,2,0,1,99,0
201600025180,16,6,14,2150,2,2,1,2,6,238,4813680,170323,350,2,3,4,0,1,1,0,0,2,0,1,99,0
201600025181,16,6,14,1915,1,2,1,8,5,278,4813930,169841,350,2,3,4,0,1,1,0,0,2,3,1,99,0
201600025182,16,6,14,2110,1,2,2,3,3,238,4812760,164016,350,4,2,2,0,1,1,0,0,2,0,1,99,0
201600025183,16,6,15,1055,1,2,1,1,2,51,4812033,157234,350,2,3,4,0,1,1,0,0,1,3,1,99,0
201600025184,16,6,16,1245,1,2,1,1,4,238,4809270,163021,350,4,2,2,2,1,1,0,0,1,0,1,99,0
201600025185,16,6,16,1820,1,2,2,1,4,238,4808890,167495,350,4,3,2,2,1,1,0,0,1,5,1,99,0
201600025186,16,6,17,1235,1,2,7,1,7,238,4811560,167689,350,4,1,1,0,1,1,0,0,2,0,1,99,0
201600025187,16,6,17,2110,1,2,1,1,3,238,4812440,166552,350,4,1,1,0,1,1,0,0,1,0,1,99,0
201600025188,16,6,18,1920,1,2,3,1,3,238,4812520,166369,350,4,2,2,0,1,1,0,0,1,0,1,99,0
201600025189,16,6,18,2140,2,2,1,1,7,51,4811880,157416,350,4,2,2,0,1,2,0,0,1,5,1,99,0
201600025190,16,6,19,315,5,2,3,1,6,238,4811230,168288,350,4,1,2,2,1,1,0,0,1,0,1,99,0
201600025191,16,6,19,1400,1,2,2,1,3,238,4808370,167516,350,4,3,4,0,2,1,0,0,1,5,1,99,0
201600025192,16,6,19,1750,1,2,1,1,6,238,4810420,167246,350,4,3,4,3,1,1,0,0,1,0,1,99,0
201600025193,16,6,20,1605,1,2,1,1,2,238,4813017,171026,350,2,3,4,0,1,1,0,0,2,0,1,99,0
201600025194,16,6,20,1715,1,2,1,2,3,238,4810150,169445,350,4,2,2,2,3,2,0,0,2,0,1,99,0
201600025195,16,6,20,1919,1,1,6,2,7,51,4814120,162796,350,2,1,2,0,1,3,0,0,2,5,1,99,0
201600025196,16,6,20,1605,1,1,6,3,2,51,4814120,162796,350,3,3,2,0,1,1,0,0,2,5,1,99,0
201600025197,16,6,22,1210,1,2,3,1,6,238,4812920,166364,350,4,2,2,0,1,1,0,0,1,5,1,99,0
201600025198,16,6,23,820,1,2,1,3,6,238,4812680,168789,350,4,3,2,1,2,1,0,0,2,0,5,99,0
201600025199,16,6,22,2210,5,2,6,1,6,51,4811180,162141,350,4,2,2,0,1,1,0,0,2,5,1,99,0
201600025200,16,6,24,410,5,2,3,1,6,238,4810580,167296,350,4,2,2,0,1,1,0,0,1,5,1,99,0
201600025201,16,6,24,950,1,2,1,1,3,238,4809480,163645,350,4,2,2,2,1,1,0,0,1,0,1,99,1
201600025202,16,6,24,1000,1,2,6,1,3,238,4812120,165448,350,4,1,2,0,1,1,0,0,1,5,1,99,0
201600025203,16,6,24,1525,1,2,1,1,4,206,4807990,168400,350,2,3,4,0,1,1,0,0,1,0,2,99,0
201600025204,16,6,26,1630,1,2,2,1,6,55,4809050,162517,350,3,3,4,0,1,1,0,0,1,0,1,99,0
201600025205,16,6,27,1130,1,2,2,1,3,238,4808660,167193,350,4,2,2,0,1,1,0,0,2,5,1,99,0
201600025206,16,6,27,930,1,2,2,2,7,238,4812720,168660,350,4,3,2,1,1,1,0,0,2,5,1,99,0
201600025207,16,5,31,1750,1,2,1,1,4,238,4808260,167490,350,4,2,2,0,1,1,0,0,1,1,1,99,0
201600025208,16,6,27,1740,1,2,2,1,3,238,4809740,167516,350,4,2,2,0,1,1,0,0,2,5,1,99,0
201600025209,16,6,28,820,1,2,3,1,3,238,4810980,169850,350,4,2,2,0,1,1,0,0,1,5,1,99,0
201600025210,16,6,28,1530,1,2,1,1,6,238,4808370,167486,350,4,2,2,0,2,1,0,0,1,2,1,99,0
201600025211,16,6,28,2215,5,2,1,1,3,238,4810520,167381,350,4,2,2,0,2,1,0,0,2,0,1,99,0
201600025212,16,6,29,808,1,2,1,1,2,51,4811440,155841,350,2,3,2,3,1,1,0,0,1,0,1,99,0
201600025213,16,6,29,1000,1,2,1,1,6,238,4811230,168347,350,4,2,2,0,1,1,0,0,1,0,1,99,0
201600025214,16,6,30,20,5,2,1,1,6,238,4811270,169435,350,4,3,4,2,2,2,0,0,1,0,1,99,0
201600025215,16,6,30,1030,1,2,3,1,3,238,4811460,170675,350,4,2,2,0,1,1,0,0,1,5,1,99,0
201600025216,16,6,12,630,5,2,2,2,3,238,4811020,167420,350,4,3,4,2,2,1,0,0,2,5,1,99,0
201600025217,16,6,30,1700,1,2,3,8,5,238,4810690,172602,350,2,3,5,3,1,1,0,0,1,5,1,99,0
201600025218,16,7,1,1145,1,2,3,1,3,238,4811140,167478,350,4,1,2,2,2,1,0,0,1,0,1,99,0
201600025219,16,7,1,1700,1,2,1,1,2,238,4811207,171848,350,2,3,4,0,1,1,0,0,1,0,1,99,0
201600025220,16,7,2,1220,1,2,6,1,6,51,4811415,163400,350,3,2,2,0,2,1,0,0,1,5,1,99,0
201600025221,16,7,4,1030,1,2,1,1,6,238,4811020,166898,350,4,1,1,2,1,1,0,0,1,0,1,99,0
201600025222,16,7,4,1300,1,2,3,1,3,238,4811360,168724,350,4,1,2,2,2,2,0,0,1,5,1,99,0
201600025223,16,7,5,1350,1,2,6,1,6,51,4814120,162796,350,2,1,1,0,2,3,0,0,1,3,1,99,0
201600025224,16,7,5,1850,1,2,1,1,2,238,4809010,168968,350,4,3,2,2,1,1,0,0,1,0,1,99,0
201600025225,16,7,7,1530,1,2,6,1,6,278,4813730,168955,350,4,1,2,0,1,2,0,0,1,5,1,99,0
201600025226,16,4,15,1640,1,2,1,1,2,238,4808460,165717,350,4,3,2,2,1,1,0,0,1,0,1,99,0
201600025227,16,7,14,100,3,2,5,1,2,238,4808190,164664,350,2,3,2,0,1,1,0,0,1,3,1,99,0
201600025228,16,7,7,1615,1,2,6,1,5,51,4814084,162844,350,2,3,5,0,1,1,0,0,1,3,1,99,0
201600025229,16,7,7,1750,1,2,6,1,3,278,4814040,168660,350,4,2,2,0,1,1,0,0,1,5,1,99,0
201600025230,16,7,7,2050,1,2,2,1,3,238,4811200,170236,350,4,2,2,2,1,1,0,0,1,5,1,99,0
201600025231,16,7,8,1940,1,2,1,1,3,238,4812880,164631,350,4,2,2,2,1,1,0,0,1,0,1,99,0
201600025232,16,7,9,1250,1,2,3,1,6,238,4810750,167456,350,4,2,2,0,1,1,0,0,1,5,1,99,0
201600025233,16,7,12,1040,1,2,1,1,1,238,4812780,165058,350,4,2,2,2,1,1,0,0,1,0,1,99,0
201600025234,16,7,16,1720,1,2,2,1,3,238,4808370,167516,350,4,2,2,0,2,1,0,0,1,5,1,99,0
201600025235,16,7,17,735,1,2,1,1,6,238,4810200,165792,350,4,2,2,3,2,3,0,0,1,0,4,99,0
201600025236,16,7,13,1900,1,1,9,1,2,278,4814716,169908,350,3,3,0,0,1,1,0,0,1,0,1,99,0
201600025237,16,7,15,1630,1,2,5,1,6,238,4808280,167501,350,2,3,0,0,1,3,0,0,1,0,1,99,0
201600025238,16,7,15,2030,1,2,5,1,7,238,4808074,167064,350,2,1,1,0,1,3,0,0,1,0,1,99,0
201600025239,16,7,16,850,1,2,6,1,3,281,4808693,170750,350,3,1,3,2,1,3,0,0,1,5,1,99,0
201600025240,16,7,16,1850,1,2,2,1,3,238,4808590,167504,350,4,2,4,0,1,1,0,0,1,5,1,99,0
201600025241,16,7,17,1450,1,2,2,1,2,238,4813150,167260,350,4,3,2,1,1,1,0,0,1,5,1,99,0
201600025242,16,7,12,1710,1,2,1,1,6,238,4810960,168822,350,4,2,3,3,1,1,0,0,1,0,1,99,1
201600025243,16,7,17,1949,1,2,2,1,3,238,4808670,167501,350,4,3,4,2,1,1,0,0,1,5,1,99,0
201600025244,16,7,18,125,3,2,1,1,6,238,4810150,171580,350,2,3,4,0,1,1,0,0,1,2,3,99,0
201600025245,16,7,18,740,1,2,6,1,2,281,4808700,170744,350,4,2,2,0,1,0,0,0,1,5,1,99,0
201600025246,16,7,19,1300,1,2,3,1,3,238,4810610,166727,350,4,2,4,2,1,1,0,0,1,0,1,99,0
201600025247,16,7,19,1200,1,2,1,1,2,238,4811960,171352,350,4,2,2,0,2,1,0,0,1,0,1,99,0
201600025248,16,7,19,1919,1,2,3,1,3,238,4810770,171531,350,4,3,2,3,1,1,0,0,1,5,1,99,0
201600025249,16,7,20,830,1,2,6,1,2,238,4810630,169515,350,4,2,2,2,1,1,0,0,2,5,1,99,0
201600025250,16,7,20,1217,1,2,1,1,3,238,4811630,166712,350,4,1,1,2,1,1,0,0,1,0,5,99,0
201600025251,16,7,20,1845,1,2,6,1,1,278,4814230,166369,350,2,1,2,0,1,2,0,0,1,5,1,99,0
201600025252,16,7,21,2040,1,2,1,1,2,238,4808670,167982,350,4,2,2,0,1,1,0,0,1,0,1,99,0
201600025253,16,7,22,950,1,2,6,1,3,238,4809160,165839,350,4,3,2,2,1,1,0,0,1,5,1,99,0
201600025254,16,7,22,1215,1,2,1,1,1,238,4812920,164470,350,4,2,2,1,1,1,0,0,1,0,1,99,0
201600025255,16,7,26,830,1,2,3,1,3,238,4811630,166839,350,4,2,2,0,1,1,0,0,1,5,1,99,0
201600025256,16,7,26,1307,1,2,3,1,3,55,4808710,162167,350,4,2,2,0,1,1,0,0,1,0,0,99,0
201600025257,16,7,26,1410,1,2,1,1,3,278,4813670,169723,350,4,2,3,2,1,1,0,0,1,0,1,99,0
201600025258,16,7,26,1540,1,2,1,1,7,238,4812830,168172,350,4,3,4,1,1,1,0,0,1,0,1,99,0
201600025259,16,7,27,700,1,2,1,1,7,238,4810840,169521,350,4,1,1,0,1,1,0,0,1,0,1,99,0
201600025260,16,7,27,1150,1,2,1,1,3,238,4810290,168433,350,4,3,3,2,3,1,0,0,1,0,5,99,0
201600025261,16,8,8,1545,1,2,5,1,1,238,4810750,171646,350,2,1,1,3,1,2,0,0,1,3,1,99,0
201600025262,16,8,5,2130,1,2,1,1,6,238,4810750,169469,350,4,1,1,2,4,1,0,0,1,2,1,99,0
201600025263,16,8,19,1116,1,2,3,2,3,238,4810640,167774,350,4,3,4,2,1,1,0,0,2,5,5,99,1
201600025264,16,8,24,1730,1,2,2,1,2,238,4812790,168345,350,4,3,6,2,1,1,0,0,1,5,1,99,0
201600025265,16,8,27,1200,1,2,1,1,4,238,4808250,169736,350,2,3,6,0,2,1,0,0,1,0,1,99,0
201600025266,16,8,28,1250,1,2,3,1,6,278,4815490,168681,350,4,2,2,0,1,1,0,0,1,0,1,99,0
201600025267,16,8,19,900,1,2,6,3,3,238,4810410,165012,350,4,2,0,0,0,1,0,0,2,5,1,99,0
201600025268,16,8,28,1745,1,2,1,1,6,238,4813860,165635,350,4,2,2,0,1,2,0,0,1,0,1,99,0
201600025269,16,8,20,730,1,2,2,8,3,238,4812790,168345,350,4,3,2,2,1,1,0,0,1,5,1,99,0
201600025270,16,8,21,930,1,2,2,1,3,238,4809140,166750,350,4,3,0,2,1,1,0,0,1,5,1,99,0
201600025271,16,8,22,1445,1,2,1,1,6,238,4810230,167399,350,4,2,1,0,1,1,0,0,1,0,1,99,0
201600025272,16,7,29,1530,1,2,2,1,3,55,4808850,161980,350,3,0,0,0,1,1,0,0,1,0,1,99,0
201600025273,16,8,3,1645,1,2,1,1,2,238,4811150,171847,350,2,3,4,0,1,1,0,0,2,0,1,99,0
201600025274,16,8,31,1300,1,2,2,1,4,238,4810890,171024,350,4,3,4,2,1,1,0,0,1,5,1,3,0
201600025275,16,8,30,1550,1,2,1,1,2,238,4808540,169570,350,3,2,1,0,1,1,0,0,1,0,1,99,0
201600025276,16,8,29,1850,1,2,1,7,3,238,4813230,165268,350,4,2,2,0,1,1,0,0,1,0,1,99,0
201600025277,16,8,30,1345,1,2,1,1,1,281,4806050,173366,350,4,2,0,0,1,1,0,0,1,0,1,0,0
201600025278,16,7,29,1806,1,2,2,1,6,238,4812850,166415,350,4,3,2,2,1,1,0,0,1,5,1,99,0
201600025279,16,8,16,1504,1,2,3,1,3,238,4810140,165964,350,4,2,2,2,1,1,0,0,1,5,5,99,0
201600025280,16,8,3,1510,1,2,3,2,3,238,4812510,170021,350,4,2,2,2,1,1,0,0,2,5,1,99,0
201600025281,16,8,6,827,1,2,9,1,2,238,4810750,171646,350,2,1,2,0,4,2,0,0,1,5,1,99,0
201600025282,16,8,6,937,1,2,2,1,7,238,4812260,168419,350,4,2,2,0,1,1,0,0,1,5,1,99,0
201600025283,16,10,6,1035,1,2,2,1,3,238,4809780,166320,350,4,2,2,0,3,1,0,0,1,0,1,0,1
201600025284,16,10,3,843,1,2,3,1,6,238,4811620,166352,350,4,1,1,0,1,1,0,0,1,0,1,0,0
201600025285,16,10,9,1252,1,2,6,1,2,55,4808700,160909,350,4,2,2,0,1,1,0,0,1,0,1,0,0
201600025286,16,10,4,830,1,2,2,1,3,238,4811090,169271,350,4,2,2,0,1,1,0,0,1,0,1,0,0
201600025287,16,10,5,1431,1,2,1,1,3,238,4812060,168189,350,4,1,2,2,1,1,0,0,1,0,1,0,0
201600025288,16,10,6,1742,1,2,6,1,3,238,4812230,163874,350,4,2,2,1,0,3,0,0,1,5,1,0,0
201600025289,16,10,6,2220,5,2,3,1,3,238,4811330,169625,350,4,2,6,3,2,1,0,0,1,0,1,3,0
201600025290,16,10,6,1704,1,2,3,1,3,238,4810880,168752,350,4,2,2,0,1,1,0,0,1,0,1,0,0
201600025291,16,10,6,1735,1,2,5,1,3,278,4813977,169623,350,2,3,4,0,1,1,0,0,1,0,1,0,0
201600025292,16,10,7,954,1,2,2,1,3,238,4808370,167516,350,4,3,4,1,1,1,0,0,1,0,1,99,0
201600025293,16,10,12,1615,1,2,2,1,2,238,4812450,170982,350,4,3,4,2,1,1,0,0,1,0,1,3,0
201600025294,16,10,7,1219,1,2,2,1,3,238,4808840,166920,350,4,2,2,2,1,1,0,0,1,0,1,99,0
201600025295,16,10,7,1524,1,2,6,1,3,55,4809010,162338,350,4,1,1,0,1,1,0,0,1,5,1,0,0
201600025296,16,10,7,1610,1,2,1,1,3,238,4809140,166456,350,4,2,2,2,1,1,0,0,1,0,4,3,0
201600025297,16,10,10,1310,1,2,3,1,2,238,4812050,170845,350,4,2,2,2,2,1,0,0,1,0,1,3,0
201600025298,16,10,11,921,1,1,5,1,4,238,4807977,168457,350,2,3,2,0,1,1,0,0,1,0,1,99,0
201600025299,16,10,11,820,1,2,1,1,6,238,4811201,170237,350,4,2,2,2,1,1,0,0,1,0,1,0,0
201600025300,16,9,1,2110,3,2,1,1,6,278,4814070,170032,350,4,0,2,0,1,1,0,0,1,0,1,99,0
201600025301,16,10,12,824,1,2,6,1,3,238,4811180,164641,350,4,2,2,2,1,1,0,0,1,0,1,99,0
201600025302,16,9,2,700,4,2,1,1,6,238,4810210,168256,350,4,2,2,2,1,1,0,0,1,0,1,99,0