Num_Acc,an,mois,jour,hrmn,lum,agg,int,atm,col,com,lat,long,dep,catr,circ,nbv,vosp,prof,plan,lartpc,larrout,surf,infra,situ,env1,killed
201600025303,16,10,12,1730,1,2,1,1,6,238,4810180,167828,350,4,1,1,0,1,1,0,0,1,0,1,0,0
201600025304,16,9,2,858,1,2,5,1,2,238,4811900,164996,350,4,3,2,1,1,1,0,0,1,5,1,99,0
201600025305,16,10,12,1811,1,2,6,1,3,238,4811750,170466,350,4,2,1,2,1,1,0,0,1,0,1,3,0
201600025306,16,9,3,1155,1,2,6,1,6,281,4808700,170740,350,3,2,0,0,1,1,0,0,1,5,0,99,0
201600025307,16,10,12,1847,1,2,6,1,3,238,4809160,165839,350,4,2,2,0,1,1,0,0,1,5,1,99,0
201600025308,16,9,3,1230,1,2,1,1,6,238,4812310,171870,350,2,3,6,0,1,1,0,0,1,0,1,99,0
201600025309,16,10,13,930,1,2,1,1,3,51,4810790,161348,350,4,1,2,0,1,1,0,0,1,0,1,0,0
201600025310,16,9,4,1931,4,2,2,1,2,238,4812850,166415,350,4,3,2,1,1,1,0,0,1,5,1,99,0
201600025311,16,10,13,1900,1,2,1,1,3,238,4810980,167706,350,4,2,2,3,1,1,0,0,1,0,1,99,0
201600025312,16,9,5,1600,1,2,4,1,3,238,4808890,166073,350,4,2,2,0,1,1,0,0,1,5,1,99,0
201600025313,16,10,13,1918,5,2,1,1,6,238,4811570,168687,350,4,1,2,2,1,1,0,0,1,0,1,99,0
201600025314,16,9,5,1950,1,2,2,1,6,238,4812850,166415,350,4,3,2,2,2,1,0,0,1,5,1,99,0
201600025315,16,10,14,218,5,2,1,1,6,238,4810960,169283,350,4,2,2,2,1,1,0,0,1,0,1,99,0
201600025316,16,9,6,800,1,1,1,1,2,55,4809740,161715,350,2,3,2,0,1,1,0,0,1,0,1,0,0
201600025317,16,10,14,1010,1,2,6,1,6,238,4810182,170725,350,4,2,2,0,1,1,0,0,1,0,1,0,0
201600025318,16,9,6,1750,1,2,2,1,6,281,4808970,172185,350,4,0,0,0,0,0,0,0,1,0,1,0,0
201600025319,16,10,14,1525,1,2,1,1,3,238,4810170,172867,350,4,2,2,0,1,1,0,0,1,0,1,99,0
201600025320,16,9,3,1930,1,2,2,1,3,238,4812270,168542,350,4,2,0,0,1,1,0,0,1,5,1,3,0
201600025321,16,10,15,1623,1,2,1,2,4,238,4813370,168537,350,4,2,2,1,2,1,0,0,2,0,1,99,0
201600025322,16,10,16,1219,1,1,3,1,7,238,4808250,167471,350,2,1,1,0,3,3,0,0,2,3,3,99,0
201600025323,16,9,7,1000,1,1,1,1,4,238,4814170,164432,350,2,3,2,0,1,1,0,0,1,0,1,99,0
201600025324,16,10,17,836,1,2,1,1,3,238,4810340,167550,350,4,2,1,2,1,1,0,0,2,0,1,99,0
201600025325,16,9,7,1256,1,2,6,1,4,278,4815510,170131,350,3,3,0,0,1,1,0,0,1,0,1,0,0
201600025326,16,10,17,1430,1,2,2,8,3,238,4812960,164302,350,4,2,2,2,4,1,0,0,1,0,1,0,0
201600025327,16,10,17,2008,5,2,6,1,3,51,4812340,160168,350,4,0,1,2,1,0,0,0,1,0,0,0,0
201600025328,16,9,8,1720,1,2,2,1,3,238,4808970,168563,350,4,3,2,2,1,1,0,0,1,5,1,99,0
201600025329,16,10,18,754,5,2,3,1,3,238,4808470,166092,350,4,2,2,2,1,1,0,0,0,0,1,0,0
201600025330,16,9,8,1750,1,2,2,1,2,51,4813260,163319,350,4,2,2,0,1,1,0,0,1,0,1,0,0
201600025331,16,10,17,1805,1,2,3,1,3,238,4809920,165274,350,4,2,2,0,1,1,0,0,1,0,1,0,0
201600025332,16,9,9,1100,1,2,1,1,2,238,4812530,165608,350,4,2,2,2,1,1,0,0,1,0,1,99,0
201600025333,16,10,18,1159,1,2,2,1,6,238,4811020,168021,350,4,1,1,2,1,1,0,0,1,0,0,0,0
201600025334,16,9,10,930,1,2,2,1,3,238,4810850,169298,350,4,2,2,2,1,1,0,0,1,5,1,99,0
201600025335,16,10,19,1239,1,2,2,1,3,238,4808830,166760,350,4,3,2,0,1,1,0,0,1,0,1,0,0
201600025336,16,9,11,1146,1,2,2,1,6,238,4810740,167912,350,4,3,2,3,1,1,0,0,1,5,1,3,0
201600025337,16,10,19,1530,1,2,6,1,6,51,4810190,161032,350,3,2,2,0,1,2,0,0,1,5,3,99,0
201600025338,16,9,12,2355,3,2,6,1,6,206,4807800,166117,350,3,2,2,0,1,0,0,0,1,5,1,99,0
201600025339,16,10,19,2104,5,2,1,1,1,238,4811710,167793,350,4,2,2,3,1,1,0,0,1,0,1,0,0
201600025340,16,9,13,845,1,2,2,1,6,238,4808830,166760,350,4,2,2,0,1,1,0,0,2,5,1,99,0
201600025341,16,10,20,1710,1,2,1,1,2,238,4811110,164808,350,4,3,2,2,1,1,0,0,1,0,1,0,0
201600025342,16,9,13,837,1,2,1,8,4,281,4809300,170857,350,2,3,3,0,1,1,0,0,1,0,1,0,0
201600025343,16,10,20,1735,1,2,1,1,6,238,4808270,168249,350,4,3,2,2,1,1,0,0,1,0,4,99,0
201600025344,16,9,14,1615,1,2,5,1,3,238,4810560,166605,350,4,2,2,2,1,1,0,0,1,5,1,99,0
201600025345,16,10,21,420,3,2,1,1,6,238,4812490,170799,350,9,2,2,0,1,1,0,0,2,0,4,3,0
201600025346,16,10,21,958,1,2,6,1,4,278,4816170,168982,350,3,2,2,0,1,3,0,0,1,5,1,99,0
201600025347,16,8,22,900,1,2,3,1,6,238,4808960,164473,350,4,2,2,0,1,1,0,0,1,5,1,99,0
201600025348,16,9,16,10,4,2,1,1,6,238,4812240,170379,350,4,2,0,2,1,1,0,0,1,0,1,99,0
201600025349,16,9,15,830,1,2,1,1,4,281,4809170,169192,350,3,2,2,0,1,1,0,0,1,0,1,99,0
201600025350,16,10,3,830,1,2,3,1,3,278,4816850,171789,350,3,2,2,0,1,1,0,0,1,0,1,99,0
201600025351,16,10,25,827,1,2,1,5,3,238,4808699,163598,350,2,3,4,0,1,1,0,0,1,0,1,99,0
201600025352,16,10,26,1908,3,2,1,1,7,278,4817500,171707,350,3,3,2,0,2,1,0,0,1,0,3,99,0
201600025353,16,9,16,1140,1,2,6,1,3,55,4808260,164030,350,3,2,2,0,1,1,0,0,1,0,1,0,0
201600025354,16,10,23,1513,1,2,2,3,2,238,4813850,165858,350,4,2,2,0,3,1,0,0,2,5,1,99,0
201600025355,16,9,16,1200,1,2,5,1,2,51,4814910,161159,350,1,1,2,0,0,2,0,0,1,0,1,99,0
201600025356,16,10,23,1845,3,2,1,2,7,238,4808030,167815,350,2,3,2,0,3,1,0,0,2,0,3,99,0
201600025357,16,10,21,733,5,2,1,8,3,238,4811100,171838,350,2,3,3,0,4,1,0,0,1,0,1,99,0
201600025358,16,9,17,240,4,2,3,1,3,238,4809130,165283,350,4,3,2,2,1,1,0,0,2,0,1,0,0
201600025359,16,9,17,1240,1,2,1,1,2,238,4811990,167214,350,4,1,1,0,1,1,0,0,1,0,1,99,0
201600025360,16,10,24,739,4,2,6,2,7,278,4815590,170016,350,3,2,2,0,1,3,0,0,2,5,3,99,0
201600025361,16,10,21,915,1,2,1,8,4,238,4811170,171852,350,2,3,3,0,4,1,0,0,1,0,1,99,0
201600025362,16,9,18,750,2,2,2,2,3,238,4811460,165704,350,4,2,2,2,1,1,0,0,2,5,1,99,0
201600025363,16,10,25,2314,5,2,1,1,6,238,4809440,166844,350,4,2,2,0,1,1,0,0,2,0,1,0,0
201600025364,16,10,26,742,5,2,6,8,4,281,4808720,170717,350,3,3,4,0,1,1,0,0,2,5,1,99,0
201600025365,16,9,18,1040,1,1,5,2,6,238,4808150,167672,350,2,3,4,0,1,1,0,0,2,0,1,99,1
201600025366,16,10,27,2139,5,2,2,1,1,238,4809680,168157,350,4,2,2,0,2,1,0,0,1,5,1,99,0
201600025367,16,10,27,1743,1,2,3,1,6,238,4810510,167753,350,4,3,4,2,1,1,0,0,1,5,1,99,0
201600025368,16,9,19,735,2,2,1,1,7,238,4810600,166687,350,4,2,2,2,1,1,0,0,1,0,1,99,0
201600025369,16,9,20,857,1,2,1,1,3,238,4810529,173496,350,2,3,2,3,1,1,0,0,1,0,1,99,0
201600025370,16,10,28,29,5,2,1,1,6,238,4809890,168684,350,4,2,2,0,2,2,0,0,1,0,1,99,0
201600025371,16,10,28,1825,1,2,2,1,3,238,4810890,171024,350,4,3,4,2,1,1,0,0,1,5,1,3,0
201600025372,16,10,21,1711,1,2,1,1,3,238,4812110,168681,350,4,2,2,0,1,1,0,0,1,0,1,99,1
201600025373,16,9,21,1955,1,2,1,1,2,281,4809320,169106,350,3,2,2,2,1,1,0,0,1,0,1,99,0
201600025374,16,10,28,1840,1,2,1,1,2,238,4810820,169468,350,4,1,3,3,1,4,0,0,1,0,1,99,0
201600025375,16,9,21,1350,1,2,2,1,3,238,4808970,168563,350,4,3,2,0,1,1,0,0,1,5,1,99,0
201600025376,16,10,30,1743,1,2,2,1,6,238,4812960,164302,350,4,2,2,2,1,1,0,0,1,5,1,99,0
201600025377,16,9,21,2015,5,2,2,1,3,238,4809450,168562,350,4,2,2,0,1,1,0,0,1,5,1,99,0
201600025378,16,10,30,1857,5,2,1,1,1,238,4810910,169065,350,4,1,3,3,1,1,0,0,1,0,1,99,0
201600025379,16,9,22,1830,1,2,6,1,6,278,4813500,169355,350,4,1,2,0,0,2,0,0,1,0,1,0,0
201600025380,16,10,27,1814,1,1,1,1,6,238,4808370,164285,350,3,2,2,0,1,1,0,0,1,2,1,99,0
201600025381,16,10,25,1058,1,2,1,1,7,238,4807980,166850,350,4,2,2,0,1,1,0,0,1,0,3,99,0
201600025382,16,10,31,1412,1,2,1,1,6,238,4811230,169326,350,4,2,3,2,1,1,0,0,1,0,5,99,0
201600025383,16,9,23,1235,1,2,1,1,6,238,4812640,166408,350,4,2,2,0,1,1,0,0,1,0,1,3,0
201600025384,16,10,31,1402,1,2,1,1,7,238,4810050,168572,350,4,1,1,0,1,1,0,0,1,0,1,99,0
201600025385,16,9,23,1528,1,2,5,1,2,238,4808064,167385,350,2,3,2,0,1,1,0,0,1,0,1,99,0
201600025386,16,9,23,1835,1,2,5,1,4,238,4810750,171739,350,2,3,0,0,1,1,0,0,1,3,1,99,0
201600025387,16,11,1,1115,1,2,1,1,6,238,4811981,167387,350,4,2,1,0,1,1,0,0,1,0,1,0,0
201600025388,16,11,1,1546,1,2,1,1,6,238,4811415,163951,350,4,2,2,2,1,1,0,0,1,0,1,0,0
201600025389,16,11,2,1645,1,1,1,1,6,238,4814226,164666,350,2,3,2,0,1,1,0,0,1,0,1,99,0
201600025390,16,9,26,1458,1,2,2,1,6,238,4812850,166415,350,4,3,2,2,1,1,0,0,1,5,1,99,0
201600025391,16,11,3,856,1,1,6,7,3,278,4813623,169222,350,3,1,2,0,1,0,0,0,1,0,1,99,0
201600025392,16,9,27,1326,1,2,5,1,7,51,4811438,155980,350,2,3,0,0,0,0,0,0,1,0,1,0,0
201600025393,16,11,3,1323,1,2,3,1,7,238,4813297,166240,350,4,2,1,0,1,1,0,0,1,0,1,99,0
201600025394,16,11,4,842,1,1,1,1,4,278,4814082,168948,350,2,3,2,0,1,1,0,0,1,0,1,99,0
201600025395,16,9,28,1530,1,2,2,1,2,238,4809410,163435,350,4,2,2,2,1,1,0,0,1,5,1,99,0
201600025396,16,11,4,1511,1,2,6,8,6,238,4813203,165672,350,4,2,2,2,1,3,0,0,2,5,1,99,0
201600025397,16,11,4,646,3,1,9,2,6,281,4809103,170691,350,2,1,1,0,1,3,0,0,2,3,1,99,0
201600025398,16,9,29,231,5,2,3,2,7,238,4809830,164379,350,4,2,2,0,1,1,0,0,2,5,1,99,0
201600025399,16,11,4,1230,1,1,6,2,6,51,4810222,161021,350,3,0,3,0,1,2,0,0,2,0,1,99,0
201600025400,16,9,29,605,5,2,1,2,3,281,4807490,171686,350,4,2,2,0,1,1,0,0,2,0,1,0,0
201600025401,16,11,6,5,3,1,1,1,6,278,4817475,171705,350,3,2,2,0,1,1,0,0,2,2,1,99,0
201600025402,16,9,29,808,1,2,1,1,4,278,4816310,168039,350,3,2,2,0,1,1,0,0,2,0,1,0,0
201600025403,16,11,6,2119,4,2,4,2,7,238,4810175,166970,350,4,2,1,0,1,2,0,0,2,0,1,99,0
201600025404,16,9,29,1908,3,2,5,2,2,281,4809250,170776,350,2,3,0,0,0,0,0,0,2,0,1,0,0
201600025405,16,11,7,1529,1,1,1,1,3,51,4812746,162736,350,4,3,2,0,3,1,0,0,1,0,1,99,0
201600025406,16,9,30,1030,1,2,1,1,7,238,4811990,170833,350,4,2,2,2,1,1,0,0,1,0,1,0,0
201600025407,16,11,8,909,1,2,2,1,1,238,4811251,166619,350,4,2,2,2,3,1,0,0,1,0,1,0,0
201600025408,16,9,30,1345,1,2,1,1,3,238,4812080,163774,350,4,2,2,0,2,2,0,0,1,0,1,99,0
201600025409,16,9,6,832,1,2,1,1,7,238,4811230,169192,350,4,3,1,3,1,1,0,0,1,0,1,0,0
201600025410,16,9,28,1600,1,2,3,1,7,278,4814620,166855,350,4,2,2,0,1,1,0,0,1,0,1,0,0
201600025411,16,11,8,2345,3,1,1,2,2,278,4814161,167156,350,2,3,2,0,1,1,0,70,2,0,1,99,0
201600025412,16,11,8,1700,1,2,3,1,6,238,4812337,166006,350,4,2,2,0,1,1,0,0,1,0,1,0,0
201600025413,16,11,9,1220,1,2,1,1,6,238,4809352,166989,350,4,2,1,2,1,1,0,0,1,0,1,0,0
201600025414,16,11,9,1420,1,2,1,1,2,238,4810166,164957,350,4,2,1,2,1,1,0,0,1,0,1,0,0
201600025415,16,11,9,1728,1,1,1,2,2,238,4814084,168941,350,2,3,3,0,1,1,0,0,2,0,1,99,0
201600025416,16,11,9,1854,3,1,1,1,4,278,4815687,170374,350,3,3,2,3,1,1,0,0,2,3,1,99,0
201600025417,16,11,10,2050,3,1,1,1,2,238,4808109,166996,350,2,3,2,0,1,1,0,0,1,0,1,0,0
201600025418,16,11,10,1547,1,2,1,1,7,51,4812255,161822,350,4,2,1,0,1,2,0,0,9,0,1,0,0
201600025419,16,11,10,745,5,2,6,2,3,238,4810405,165017,350,4,2,2,2,1,1,0,0,2,5,1,99,0
201600025420,16,11,11,1940,3,1,1,1,3,278,4814162,170118,350,4,2,1,0,1,1,0,0,1,0,1,0,0
201600025421,16,11,12,1740,4,1,1,2,4,281,4806805,171383,350,3,3,2,0,1,1,0,0,2,0,1,99,0
201600025422,16,10,6,1730,1,2,1,1,6,238,4812140,171267,350,4,2,2,3,1,1,0,0,1,6,1,0,0
201600025423,16,11,11,450,3,1,1,1,6,238,4809094,162891,350,2,3,2,0,1,1,0,0,0,0,0,0,1
201600025424,16,11,12,1358,1,2,2,2,3,238,4812850,166418,350,4,2,2,3,1,1,0,0,2,5,1,99,0
201600025425,16,11,12,2252,5,2,2,2,3,238,4810917,165945,350,4,2,1,0,1,1,0,0,2,0,1,99,0
201600025426,16,11,14,750,2,2,2,1,3,238,4812842,166429,350,4,2,1,0,1,1,0,0,1,0,1,0,0
201600025427,16,11,15,1257,1,2,1,2,2,238,4811246,169336,350,4,2,2,2,1,1,0,0,2,0,1,99,0
201600025428,16,11,16,1929,5,2,3,2,3,238,4811930,170814,350,4,3,1,2,1,1,0,0,2,0,1,3,0
201600025429,16,11,17,230,5,2,1,1,6,238,4809343,166805,350,4,2,1,2,1,2,0,0,1,0,3,0,0
201600025430,16,11,17,2339,4,2,8,1,7,238,4811093,170400,350,4,2,1,2,1,1,0,0,1,0,1,99,0
201600025431,16,11,17,828,1,1,6,1,4,281,4807328,171229,350,3,3,2,0,1,1,0,0,1,0,1,0,0
201600025432,16,11,17,1354,1,2,3,1,3,238,4808773,163906,350,4,2,2,0,1,3,0,0,1,0,1,99,0
201600025433,16,11,17,1921,5,2,3,1,1,238,4811357,168724,350,4,2,1,2,2,1,0,0,1,0,1,0,0
201600025434,16,11,18,1526,1,2,1,1,6,238,4813072,164226,350,4,2,2,0,1,1,0,0,1,0,1,99,0
201600025435,16,11,19,2024,5,2,3,3,4,55,4809059,162525,350,3,3,3,1,1,2,0,0,2,5,1,99,0
201600025436,16,11,19,1846,3,1,6,2,2,206,4807661,169450,350,3,4,2,0,1,2,0,0,2,0,1,99,0
201600025437,16,11,21,1811,5,2,2,3,6,238,4812705,168658,350,4,3,2,2,2,1,0,0,2,5,1,3,0
201600025438,16,11,21,2110,5,2,1,1,3,238,4810642,167782,350,4,3,2,2,1,1,0,0,2,0,1,0,0
201600025439,16,11,21,1600,1,1,6,1,6,51,4811442,162062,350,4,0,1,0,1,3,0,0,2,0,0,99,0
201600025440,16,11,21,1401,1,1,6,2,6,51,4813991,162718,350,4,1,2,0,1,3,0,0,2,0,3,99,0
201600025441,16,11,21,700,3,1,1,1,4,238,4810593,171716,350,2,3,4,0,1,1,0,0,1,0,1,99,0
201600025442,16,11,22,912,1,1,1,7,5,55,4809237,162913,350,4,2,2,2,1,1,0,0,0,0,1,99,0
201600025443,16,11,22,1505,1,2,2,1,3,238,4809517,163756,350,4,2,2,2,1,1,0,0,1,5,1,99,0
201600025444,16,11,22,1745,3,1,1,1,3,55,4809465,162208,350,2,3,2,3,1,1,0,0,1,0,1,99,0
201600025445,16,11,23,800,1,2,1,1,4,238,4812583,169443,350,4,3,1,1,1,1,0,0,1,0,1,0,0
201600025446,16,11,24,2201,5,1,3,1,3,238,4811255,169216,350,4,2,1,2,1,2,0,0,1,0,1,99,0
201600025447,16,11,25,1936,5,2,1,1,7,238,4809117,164874,350,4,3,1,2,1,1,0,0,1,0,1,3,0
201600025448,16,11,25,1652,1,2,2,1,3,238,4811249,166625,350,4,1,1,2,1,1,0,0,1,0,1,0,0
201600025449,16,11,26,500,3,1,1,1,7,238,4814014,163386,350,2,3,4,0,1,3,0,0,1,0,1,99,0
201600025450,16,11,27,146,5,1,2,1,3,238,4811645,170969,350,4,2,2,2,1,1,0,0,1,5,1,99,0
201600025451,16,11,27,149,5,2,6,1,7,238,4813509,165198,350,4,1,1,3,1,1,0,0,1,0,1,0,0
201600025452,16,11,26,904,1,2,1,1,6,51,4812359,160138,350,4,2,1,0,1,1,0,0,1,0,1,0,0
201600025453,16,11,28,1900,3,1,1,1,4,278,4815971,170572,350,3,3,2,0,1,1,0,0,1,0,1,99,0
201600025454,16,11,28,1452,1,2,1,1,7,51,4812946,161991,350,4,2,1,0,1,1,0,0,1,0,1,99,0
201600025455,16,11,29,731,5,2,2,1,3,238,4810568,166601,350,4,0,0,0,1,1,0,0,1,5,1,99,0
201600025456,16,11,29,1434,1,2,3,1,3,51,4813091,162117,350,4,2,1,2,1,1,0,0,1,5,1,99,0
201600025457,16,11,29,1706,1,2,1,1,3,238,4810937,168453,350,4,1,2,2,1,1,0,0,9,0,1,0,0
201600025458,16,11,29,1626,1,2,6,1,6,238,4811187,164629,350,4,2,1,2,2,1,0,0,1,0,1,99,0
201600025459,16,11,29,1222,1,2,6,7,6,238,4812718,165167,350,4,3,2,0,1,1,0,0,1,0,1,99,0
201600025460,16,11,29,1520,1,2,1,1,6,238,4808614,168836,350,6,0,0,0,1,0,0,0,0,0,0,3,0
201600025461,16,11,29,1520,1,2,6,7,6,278,4814361,168967,350,4,3,1,3,2,1,0,0,1,0,1,0,0
201600025462,16,12,18,1945,5,2,2,1,3,238,4809382,167453,350,4,2,2,0,1,1,0,0,1,5,1,99,0
201600025463,16,11,30,737,5,2,1,1,2,51,4810393,163440,350,4,2,1,2,1,1,0,0,1,0,1,99,0
201600025464,16,11,30,950,1,2,3,1,6,238,4809347,166886,350,4,2,1,0,1,1,0,0,1,0,0,0,0
201600025465,16,12,3,1122,1,1,1,1,6,55,4808786,162605,350,4,2,1,0,1,1,0,0,1,0,1,0,0
201600025466,16,12,4,1507,1,2,2,1,3,238,4810995,165555,350,4,1,2,2,1,1,0,0,1,5,0,99,0
201600025467,16,12,5,1745,3,1,1,1,4,238,4811812,171999,350,2,3,2,0,2,1,0,0,1,0,1,0,0
201600025468,16,12,6,1855,5,2,3,1,6,238,4810738,167774,350,4,3,1,3,1,1,0,0,1,0,1,0,0
201600025469,16,12,7,1811,5,2,2,1,6,238,4810950,167808,350,4,1,1,0,1,1,0,0,1,0,1,99,0
201600025470,16,12,8,1408,1,2,1,1,3,238,4812979,170722,350,4,1,1,0,1,1,0,0,1,0,1,0,0
201600025471,16,12,8,1634,1,2,1,1,6,238,4812998,169567,350,4,2,1,0,1,1,0,0,1,0,1,0,0
201600025472,16,12,9,1402,1,2,2,1,3,238,4809571,163895,350,4,2,2,2,1,1,0,0,1,5,1,99,0
201600025473,16,12,9,2027,5,2,1,1,6,238,4810943,165705,350,4,2,1,0,0,0,0,0,0,0,1,0,0
201600025474,16,12,9,730,5,2,1,1,6,238,4810823,171284,350,4,3,1,3,1,1,0,0,1,0,1,0,0
201600025475,16,3,2,1220,1,2,9,1,1,288,4863832,200919,350,3,3,3,0,2,1,0,0,1,0,1,99,1
201600025476,16,3,2,1855,2,1,1,8,3,241,4861415,205071,350,4,2,2,0,1,1,0,0,2,0,1,99,0
201600025477,16,4,8,1715,1,2,1,1,3,288,4864146,200250,350,4,1,1,2,1,1,0,0,1,0,1,3,0
201600025478,16,3,25,1815,1,2,1,1,6,288,4862295,199702,350,2,1,1,0,1,1,0,0,1,0,1,99,0
201600025479,16,6,2,1625,1,2,3,1,6,288,4864494,199764,350,4,1,1,0,1,1,0,0,1,0,1,99,1
201600025480,16,5,26,1430,1,2,6,1,6,93,4862740,205941,350,3,2,2,0,2,1,0,0,1,5,1,3,0
201600025481,16,7,22,1834,1,2,2,1,1,288,4865721,197463,350,3,2,3,2,1,1,0,0,1,5,1,99,0
201600025482,16,8,25,2005,1,2,1,1,6,93,4863129,205246,350,4,2,2,0,1,1,0,0,1,0,1,99,1
201600025483,16,8,5,1930,1,2,3,1,1,288,4867075,198276,350,3,2,2,0,1,1,0,0,1,0,1,99,0
201600025485,16,9,28,1900,1,2,1,1,6,288,4865710,199799,350,3,2,2,0,1,1,0,0,1,0,1,99,0
201600025486,16,11,12,2040,5,2,1,2,2,288,4866269,198860,350,4,1,2,0,1,2,0,0,2,0,1,99,0
201600025487,16,11,18,1610,1,2,1,8,2,288,4865387,198312,350,4,2,2,0,1,1,0,0,2,0,1,99,0
201600025488,16,12,12,1910,2,2,6,1,3,44,4681820,169706,360,4,2,2,0,0,0,0,0,0,0,1,0,0
201600025489,16,12,14,1411,1,2,6,1,2,44,4681820,169701,360,4,2,2,0,1,1,0,80,1,0,1,0,0
201600025490,16,12,4,1125,1,2,1,1,6,44,4682380,168241,360,4,2,2,0,1,1,0,70,1,0,3,0,0
201600025491,16,12,5,1910,2,2,1,1,4,63,4682513,169938,360,4,1,1,0,1,1,0,0,1,0,0,99,0
201600025492,16,12,13,1440,1,2,1,1,2,44,4680640,170091,360,4,2,0,0,0,0,0,0,0,0,1,0,0
201600025493,16,12,16,1735,2,2,1,1,6,44,4680560,171168,360,4,2,1,3,1,1,0,0,1,6,1,0,0
201600025494,16,12,17,1800,2,1,1,1,3,202,4677820,164664,360,4,1,1,0,1,1,0,0,1,0,1,0,0
201600025495,16,11,23,1030,1,2,1,1,1,63,4683250,171783,360,4,2,2,0,2,1,0,0,1,0,1,0,0
201600025496,16,11,25,850,3,2,1,8,2,44,4682060,168402,360,4,2,2,0,4,1,0,0,1,0,1,0,0
201600025497,16,1,9,944,1,1,6,1,6,63,4685150,170119,360,2,1,2,0,2,2,0,0,1,5,1,99,0
201600025498,16,1,15,1600,1,2,1,1,6,44,4680540,171173,360,4,2,2,0,1,1,0,0,1,0,1,0,0
201600025501,16,1,16,1230,1,2,3,8,3,44,4680700,169595,360,4,3,4,0,1,1,0,0,2,5,1,99,0
201600025502,16,1,17,943,1,2,2,1,3,44,4680880,170489,360,4,2,4,0,1,1,0,120,1,0,1,0,0
201600025503,16,1,23,502,5,2,1,8,6,44,4680990,169435,360,4,1,2,0,1,1,0,90,1,0,1,0,0
201600025504,16,1,29,1020,1,2,1,1,3,44,4680340,169196,360,4,2,1,2,1,1,0,0,1,0,1,99,0
201600025505,16,1,25,1810,5,1,1,1,3,159,4679590,173016,360,6,0,0,0,1,1,0,0,1,0,1,99,0
201600025506,16,2,2,1220,1,2,1,1,3,44,4680810,170620,360,4,2,2,0,1,1,0,0,1,0,1,0,0
201600025507,16,2,28,625,5,2,1,1,6,44,4681940,170714,360,4,2,2,0,1,2,0,0,1,0,3,99,0
201600025508,16,2,14,1645,1,2,1,1,3,44,4680290,170546,360,4,2,2,0,1,1,0,0,1,0,1,0,0
201600025509,16,2,19,2115,5,1,1,1,6,44,4678680,168325,360,3,0,2,0,1,1,0,0,1,0,3,0,0
201600025512,16,2,26,1345,1,2,2,1,6,44,4679950,171441,360,4,0,0,0,1,1,0,0,1,5,1,0,0
201600025514,16,3,25,1115,1,2,1,1,2,44,4681090,170159,360,4,1,1,0,1,1,0,0,0,0,1,99,0
201600025515,16,4,6,1950,1,2,1,1,2,44,4682000,171191,360,4,2,1,0,0,0,0,0,0,0,1,0,0
201600025516,16,3,4,1809,1,1,1,1,4,202,4677580,164851,360,3,3,2,0,1,1,0,0,2,0,1,99,0
201600025517,16,3,13,2250,5,2,1,1,6,44,4680860,170203,360,4,2,1,0,1,1,0,0,0,0,1,0,0
201600025518,16,3,1,750,1,1,1,1,6,159,4678200,174500,360,3,2,2,0,1,1,0,0,1,0,3,99,0
201600025519,16,3,22,1620,1,2,1,1,3,63,4682900,170961,360,4,0,2,0,1,1,0,0,1,0,1,0,0
201600025520,16,3,18,1848,1,2,3,1,5,44,4681340,169463,360,4,0,1,0,1,1,0,0,1,0,1,3,0
201600025521,16,3,23,1035,1,2,2,1,3,44,4680830,170368,360,4,2,0,0,0,0,0,0,0,0,1,0,0
201600025522,16,3,18,2005,5,1,4,1,3,159,4676480,172626,360,3,2,2,0,1,0,0,0,1,0,1,0,0
201600025523,16,4,12,948,1,2,1,2,1,63,4683560,170222,360,4,0,2,0,1,1,0,0,2,0,1,0,0
201600025524,16,4,18,2005,2,2,1,1,6,44,4680870,170090,360,4,2,2,0,1,1,0,0,1,0,1,3,0
201600025525,16,4,19,815,2,2,2,1,3,159,4677950,170720,360,3,2,2,0,0,0,0,0,0,0,1,0,0
201600025526,16,5,9,1825,1,2,1,8,4,44,4681590,170893,360,4,3,2,0,1,1,0,0,2,0,1,3,0
201600025527,16,5,14,2216,5,2,1,1,6,44,4680020,169727,360,4,1,1,0,1,1,0,60,1,0,1,0,0
201600025528,16,5,12,1750,1,1,1,8,4,63,4683480,167747,360,4,2,2,0,1,1,0,0,1,0,1,99,0
201600025529,16,5,13,115,5,2,1,2,7,44,4680300,170562,360,4,2,2,0,1,1,0,0,2,0,1,99,0
201600025530,16,5,31,1345,1,2,2,8,3,44,4680760,170546,360,4,2,2,0,1,1,0,0,2,0,1,99,0
201600025531,16,5,24,1539,1,2,1,1,6,63,4682580,170194,360,4,0,1,0,1,1,0,0,1,0,1,0,0
201600025532,16,5,22,1500,1,2,1,1,3,44,4682070,168387,360,4,1,2,0,0,0,0,0,0,0,4,0,0
201600025533,16,5,17,1710,1,2,1,1,6,44,4679650,171803,360,4,2,2,0,1,1,0,0,1,0,1,3,0
201600025534,16,5,23,900,1,2,1,8,6,63,4682560,170055,360,4,2,2,0,1,2,0,0,1,0,1,0,0
201600025535,16,5,27,1725,1,2,1,1,3,202,4681760,167111,360,4,2,2,0,1,0,0,0,1,0,1,99,0
201600025536,16,6,9,1610,1,2,1,1,3,44,4681010,170554,360,4,3,4,0,1,1,0,0,1,0,1,99,0
201600025537,16,6,13,1845,1,1,1,8,3,159,4677340,173574,360,3,2,2,0,1,1,0,0,2,0,1,0,0