Num_Acc,an,mois,jour,hrmn,lum,agg,int,atm,col,com,lat,long,dep,catr,circ,nbv,vosp,prof,plan,lartpc,larrout,surf,infra,situ,env1,killed
201600025538,16,6,13,1700,1,1,2,8,3,44,4678870,169130,360,3,2,2,0,1,0,0,80,1,0,1,0,0
201600025539,16,6,4,630,2,2,1,8,6,63,4682570,170020,360,4,0,3,0,1,1,0,0,0,0,4,0,0
201600025540,16,6,12,2011,1,2,3,2,3,44,4681950,170711,360,4,0,2,0,1,1,0,0,2,0,1,0,0
201600025541,16,6,10,1735,1,2,3,1,3,63,4684160,170698,360,4,0,2,0,1,1,0,0,1,0,1,0,0
201600025542,16,6,10,811,1,2,1,1,4,44,4682710,168102,360,4,0,2,0,1,1,0,0,1,0,1,0,0
201600025543,16,6,9,1720,1,2,6,1,3,44,4681770,169703,360,4,2,2,2,2,1,0,0,1,0,1,0,0
201600025544,16,7,21,745,1,2,1,1,1,44,4681010,169061,360,4,2,2,0,1,1,0,90,1,0,1,99,1
201600025545,16,6,18,1620,1,2,2,1,6,44,4680060,171692,360,4,2,2,0,1,1,0,80,1,0,1,3,1
201600025546,16,6,26,1448,1,2,1,1,6,44,4680500,169816,360,4,2,2,0,1,1,0,0,1,0,1,99,0
201600025547,16,7,6,1320,1,1,2,1,1,202,4682490,164647,360,4,2,2,0,1,1,0,70,1,0,1,99,0
201600025548,16,6,16,1656,1,1,1,1,2,44,4678750,167409,360,3,2,2,0,1,1,0,70,1,0,1,99,0
201600025549,16,6,10,1734,1,2,1,1,2,63,4683630,170473,360,4,2,2,0,1,1,0,70,1,0,0,99,0
201600025550,16,7,9,1100,1,2,1,1,4,159,4679560,173259,360,3,2,2,0,1,1,0,0,1,0,1,99,0
201600025551,16,6,21,1235,1,2,1,8,4,44,4679370,169968,360,4,2,2,0,1,1,0,0,1,0,1,3,0
201600025552,16,7,18,1100,1,2,1,1,2,44,4681050,170037,360,4,0,2,0,1,1,0,0,1,0,1,99,0
201600025554,16,7,2,1500,1,2,1,1,3,44,4678880,169567,360,3,2,2,0,1,1,0,0,1,0,1,99,0
201600025556,16,7,6,1420,1,2,1,1,6,44,4681070,169121,360,4,2,2,0,1,1,0,0,1,0,1,0,0
201600025557,16,7,3,1112,1,2,1,8,6,44,4681270,169314,360,4,1,1,0,1,1,0,0,1,0,4,0,0
201600025558,16,7,15,1250,1,1,1,1,2,44,4679970,166976,360,4,0,2,0,1,1,0,0,1,0,1,0,0
201600025559,16,8,29,1556,1,1,6,2,6,63,4682040,173601,360,3,2,2,0,1,2,0,0,1,5,3,99,0
201600025560,16,7,16,1055,1,2,1,1,1,44,4682440,169826,360,4,2,2,0,1,3,0,80,1,2,1,0,0
201600025561,16,7,18,1256,1,2,2,1,3,63,4683460,169332,360,4,0,0,0,1,1,0,0,1,0,1,0,0
201600025562,16,7,26,1731,1,2,6,1,3,44,4678800,170369,360,3,0,2,0,1,1,0,0,1,5,1,99,0
201600025563,16,9,8,1730,1,2,1,1,2,44,4681100,168609,360,4,2,2,0,1,1,0,0,1,0,0,99,0
201600025564,16,9,7,910,1,2,6,1,2,44,4679310,171128,360,4,2,2,0,1,1,0,0,1,0,0,99,0
201600025565,16,8,4,1740,1,2,4,1,3,159,4679390,173612,360,3,0,2,0,1,1,0,0,1,5,1,99,0
201600025566,16,8,13,2035,1,2,1,1,7,44,4678560,168620,360,4,2,2,0,1,1,0,0,1,0,3,0,0
201600025567,16,8,15,2214,5,2,3,1,3,44,4680150,170319,360,4,2,2,0,2,1,0,0,1,5,1,99,0
201600025568,16,8,8,1336,1,2,1,8,4,44,4681040,168631,360,4,2,2,0,1,1,0,70,1,0,1,0,0
201600025569,16,8,3,2120,5,2,7,1,3,44,4681680,170915,360,4,2,2,0,1,1,0,0,1,5,1,3,0
201600025570,16,9,8,1420,1,2,1,1,6,44,4680590,170432,360,4,2,2,0,1,1,0,75,1,0,0,0,0
201600025571,16,9,16,1730,1,2,1,1,2,44,4680930,170350,360,4,2,2,0,1,1,0,0,2,0,1,0,0
201600025573,16,9,18,2215,5,2,2,1,3,44,4680840,169161,360,4,3,2,0,1,1,0,0,1,0,1,99,0
201600025574,16,8,23,1604,1,2,1,1,3,44,4679080,170988,360,3,2,2,0,1,1,0,80,1,0,1,0,0
201600025575,16,9,8,1115,1,1,2,1,3,159,4676350,169589,360,3,2,2,0,1,1,0,70,1,0,1,0,0
201600025576,16,9,12,828,1,2,1,1,6,44,4679640,167652,360,4,2,2,0,1,1,0,70,1,0,3,0,0
201600025577,16,9,7,910,1,2,1,1,6,44,4681810,169503,360,4,0,2,0,1,1,0,0,1,0,1,3,0
201600025578,16,9,10,1710,1,2,2,1,3,44,4680680,169426,360,4,0,2,0,3,1,0,0,1,5,1,99,0
201600025579,16,9,4,1154,1,2,1,8,6,44,4679970,169700,360,4,0,2,0,1,1,0,0,1,0,1,0,0
201600025580,16,10,13,1825,2,2,1,1,6,44,4680070,170306,360,4,2,2,0,1,1,0,0,1,0,1,3,0
201600025581,16,9,17,1610,1,2,1,1,6,44,4680400,165367,360,4,2,0,0,1,1,0,0,1,0,1,0,0
201600025582,16,9,16,610,2,2,1,1,6,44,4681010,169059,360,4,0,0,0,1,1,0,0,1,0,4,99,0
201600025583,16,9,24,1445,1,2,1,1,4,202,4678730,165856,360,3,3,2,0,0,0,0,0,0,0,1,0,0
201600025584,16,10,26,1830,2,1,1,1,6,202,4676050,163516,360,3,2,2,0,1,3,0,0,1,0,1,99,0
201600025585,16,9,27,1130,1,1,6,1,4,63,4684830,171017,360,3,2,2,0,1,1,0,0,1,0,1,99,0
201600025586,16,9,17,915,1,1,6,1,3,63,4684550,170895,360,2,2,2,0,1,1,0,0,1,0,1,0,0
201600025587,16,11,4,1745,2,2,1,2,6,44,4681820,169508,360,4,2,2,0,1,1,0,60,2,0,1,99,0
201600025588,16,11,15,825,1,2,1,1,6,44,4681960,169724,360,4,3,2,0,1,1,10,50,1,0,1,99,1
201600025589,16,10,6,1209,1,2,3,1,5,44,4680940,168276,360,4,2,2,0,1,1,0,70,1,0,1,3,0
201600025590,16,10,4,1337,1,2,3,1,3,44,4681820,171025,360,4,2,4,0,1,1,0,60,1,0,1,0,0
201600025591,16,10,6,1337,1,2,1,1,2,63,4682460,169869,360,4,2,2,0,1,0,0,70,1,0,1,0,0
201600025592,16,8,12,2200,5,1,6,1,6,63,4685164,170111,360,4,0,1,0,1,3,0,60,1,2,1,99,0
201600025593,16,10,29,645,5,1,1,1,6,44,4679520,169203,360,4,2,2,0,1,1,0,60,1,0,1,3,0
201600025594,16,11,17,1945,5,2,6,3,6,44,4681010,168784,360,4,2,1,0,1,1,0,45,2,0,1,99,0
201600025595,16,11,4,820,1,2,1,1,2,63,4682890,170967,360,4,2,2,0,1,1,0,0,1,0,1,0,0
201600025596,16,10,17,1349,1,2,1,1,7,159,4679240,173430,360,4,1,1,0,1,3,0,0,1,0,3,0,0
201600025597,16,10,21,2150,5,2,1,1,6,44,4679650,169943,360,4,2,2,0,1,1,0,0,1,0,1,0,0
201600025598,16,10,31,2102,5,2,1,1,6,63,4682850,170431,360,4,2,2,0,1,1,0,70,1,0,1,0,0
201600025599,16,12,2,940,1,2,2,1,3,44,4680420,169180,360,4,1,1,0,1,1,0,0,1,0,1,0,0
201600025600,16,12,8,1930,3,1,1,1,3,159,4679630,172951,360,4,2,2,0,1,1,0,0,1,0,1,0,0
201600025601,16,11,5,1905,2,2,2,8,3,44,4680430,169175,360,4,2,2,0,1,1,0,70,2,0,1,0,0
201600025602,16,11,7,754,2,1,1,1,6,202,4681239,165647,360,4,0,2,0,0,0,0,0,0,0,4,0,0
201600025603,16,11,8,1830,3,2,1,1,4,202,4680330,162937,360,3,2,2,0,1,1,0,80,1,0,1,0,0
201600025604,16,11,11,53,5,2,1,1,2,44,4681110,167900,360,4,2,2,0,1,1,0,80,0,0,1,0,0
201600025606,16,11,3,1547,1,2,1,1,6,63,4683420,167775,360,4,2,2,0,1,1,0,0,1,0,3,0,0
201600025607,16,12,6,800,1,2,1,1,3,44,4681050,170581,360,4,3,2,0,1,1,30,75,2,5,0,99,0
201600025608,16,11,7,1415,1,2,1,1,2,44,4679970,169680,360,4,2,2,0,1,1,0,0,1,0,1,99,0
201600025609,16,11,12,700,3,1,1,1,6,202,4674920,162556,360,3,2,2,0,1,1,0,60,1,0,3,99,0
201600025610,16,11,3,1853,2,2,1,1,7,44,4681620,168470,360,4,2,2,0,1,1,0,0,8,0,1,3,0
201600025611,16,11,4,1705,2,2,1,1,7,202,4678200,165472,360,4,3,2,0,1,1,0,0,1,0,1,0,0
201600025612,16,1,2,1945,5,2,1,1,7,261,4739734,68952,370,4,2,2,0,1,1,0,0,2,0,1,3,0
201600025614,16,1,4,1015,1,2,6,1,7,214,4742652,65520,370,4,3,4,0,1,1,0,0,2,0,1,99,0
201600025616,16,1,4,1835,5,2,1,8,7,261,4741800,69178,370,4,0,2,0,2,1,0,0,2,0,0,3,0
201600025617,16,1,4,1830,5,2,1,2,2,261,4738179,66825,370,4,2,2,0,1,1,0,0,2,0,1,0,0
201600025618,16,1,5,1140,1,2,1,1,6,261,4736073,70658,370,4,2,2,0,2,1,0,0,2,0,1,0,0
201600025619,16,1,6,2310,5,2,1,2,2,261,4739097,69540,370,4,1,3,0,1,1,0,103,2,0,1,0,0
201600025620,16,1,9,1020,1,2,1,1,5,122,4735253,66101,370,4,1,1,0,1,1,0,0,1,0,1,99,0
201600025621,16,1,9,1410,1,2,1,1,2,261,4740141,68418,370,4,3,3,0,1,1,0,0,1,0,1,0,0
201600025622,16,1,9,1545,1,2,1,1,2,261,4742431,68939,370,4,2,2,0,1,1,0,0,1,0,1,0,0
201600025623,16,1,10,1702,2,2,1,8,2,261,4739944,67535,370,4,2,4,0,1,1,0,0,2,2,1,3,0
201600025624,16,1,11,700,5,2,1,3,3,233,4739700,72929,370,3,2,2,0,1,1,0,0,2,0,1,3,0
201600025625,16,1,12,1010,1,2,6,1,3,261,4743266,68599,370,4,2,2,0,1,2,0,0,0,0,1,0,0
201600025626,16,1,12,1557,1,1,1,2,2,195,4738865,64898,370,3,3,2,0,1,1,0,120,2,2,1,0,0
201600025627,16,1,13,510,5,2,2,1,3,261,4738442,68237,370,4,1,1,0,1,1,0,0,1,0,1,99,0
201600025629,16,1,14,1330,1,2,1,1,6,261,4738657,70335,370,4,1,1,1,1,1,0,0,1,0,1,3,0
201600025630,16,1,14,2300,3,2,1,1,7,122,4737091,65405,370,3,1,2,0,1,1,0,72,2,0,1,0,0
201600025631,16,1,15,650,5,2,6,1,7,214,4741897,67370,370,4,2,2,0,1,2,0,0,7,0,1,99,0
201600025632,16,1,15,741,5,2,3,1,2,261,4740641,68892,370,4,2,2,0,1,1,0,0,7,0,1,99,0
201600025633,16,1,18,840,1,2,1,4,3,261,4738626,66769,370,4,0,2,0,1,1,0,0,2,0,4,0,0
201600025634,16,1,19,1235,1,2,1,1,6,261,4739673,69332,370,4,3,6,0,1,1,200,180,1,0,1,99,0
201600025635,16,1,20,815,1,1,1,1,2,195,4737457,65242,370,3,1,2,0,0,0,0,0,0,0,1,0,0
201600025636,16,1,20,1510,1,2,2,1,6,261,4739185,70168,370,4,1,1,0,1,1,0,0,1,0,1,99,0
201600025637,16,1,21,1105,1,2,2,1,3,261,4738403,69134,370,4,2,2,0,1,1,0,0,1,0,1,99,0
201600025638,16,1,22,135,5,2,1,1,6,261,4739718,69940,370,4,3,3,0,2,1,10,90,1,2,1,0,0
201600025640,16,1,3,2145,4,2,2,2,1,261,4738453,67683,370,4,2,2,0,1,1,0,60,2,0,0,0,0
201600025641,16,1,22,1825,5,2,1,2,6,261,4742337,68936,370,4,1,2,0,1,1,0,0,2,0,1,3,0
201600025644,16,1,25,905,1,2,1,1,3,233,4739677,71157,370,4,2,2,0,1,1,0,70,1,0,1,99,0
201600025645,16,1,25,900,1,2,1,1,6,214,4741150,67577,370,4,2,0,0,1,1,0,120,1,0,1,99,0
201600025646,16,1,27,1220,1,2,3,1,2,261,4737959,66792,370,4,2,2,0,1,1,0,0,1,0,1,99,0
201600025647,16,1,28,840,1,1,1,3,4,195,4739059,64805,370,3,3,4,0,1,1,0,0,2,0,1,99,0
201600025648,16,1,28,910,1,2,1,2,7,122,4734788,64805,370,4,2,2,1,1,1,0,0,2,0,5,99,0
201600025649,16,1,28,1620,1,2,1,1,7,195,4738963,64754,370,3,1,2,0,2,2,0,0,2,0,1,99,0
201600025650,16,1,28,1820,5,2,1,1,2,208,4735590,71939,370,4,1,2,0,1,1,0,0,2,0,1,3,0
201600025651,16,1,27,2300,5,2,1,2,6,261,4741758,70225,370,4,2,2,0,1,1,0,60,2,0,4,3,0
201600025652,16,1,28,130,5,2,1,8,7,261,4737691,68786,370,4,2,2,0,1,1,0,55,2,0,1,0,0
201600025653,16,1,29,1620,1,2,3,1,3,261,4741797,69179,370,4,2,2,0,1,1,0,70,2,0,1,0,0
201600025654,16,1,30,1412,1,2,1,2,7,261,4743670,70933,370,4,2,2,0,1,1,0,70,2,0,1,0,0
201600025655,16,1,30,1720,2,2,3,2,1,261,4741044,70662,370,4,2,2,0,2,1,0,60,2,0,1,0,0
201600025656,16,1,31,1845,5,2,6,1,6,261,4737501,71591,370,4,1,2,0,1,2,0,0,2,0,1,99,0
201600025658,16,2,3,1810,5,2,1,1,3,122,4734959,67991,370,3,2,2,0,1,1,0,0,1,0,1,3,0
201600025660,16,2,4,1815,5,2,1,1,3,208,4736848,73467,370,4,2,2,0,1,1,0,70,1,0,1,99,0
201600025661,16,2,5,1620,1,2,1,1,3,261,4739191,70179,370,4,1,1,0,1,1,0,70,1,0,1,99,0
201600025662,16,2,6,1830,5,1,1,1,6,261,4742093,68144,370,4,2,1,0,1,1,0,0,1,0,1,0,0
201600025663,16,2,6,2200,3,2,1,1,2,122,4736739,65307,370,3,2,2,0,1,1,0,64,1,0,1,0,0
201600025664,16,2,7,2045,5,2,1,2,7,122,4735039,65624,370,4,2,2,0,1,1,0,42,2,0,1,0,0
201600025665,16,2,8,1140,1,2,1,1,6,261,4741187,68503,370,4,2,2,0,1,1,0,60,1,6,1,0,0
201600025666,16,2,8,1900,5,2,1,8,6,261,4700000,67680,370,4,2,4,0,1,1,0,0,2,0,1,3,0
201600025667,16,2,10,1350,1,2,2,1,6,261,4739016,69428,370,4,1,1,0,1,1,0,0,1,0,0,0,0
201600025668,16,2,10,1425,1,2,4,1,7,261,4740876,71421,370,4,2,2,0,4,1,0,0,1,0,0,0,0
201600025669,16,2,10,1725,1,2,1,1,2,261,4743250,67361,370,4,2,2,0,1,1,0,0,1,0,1,99,0
201600025671,16,2,10,1915,5,2,9,1,3,261,4739218,70060,370,4,0,3,0,1,1,0,0,1,0,1,0,0
201600025672,16,2,10,2200,3,2,1,1,6,261,4738034,74762,370,4,2,1,0,1,1,0,65,1,0,1,0,0
201600025674,16,2,11,2049,3,1,1,1,6,261,4739000,94912,370,4,3,4,0,2,3,10,120,1,2,1,99,0
201600025675,16,2,13,50,5,2,2,1,3,261,4739125,69535,370,4,1,2,0,1,1,0,50,2,0,0,0,1
201600025677,16,2,14,1335,1,2,1,1,6,261,4738000,68927,370,4,1,1,1,1,1,0,0,1,0,1,3,0
201600025678,16,2,15,907,1,1,1,8,7,122,4731800,65905,370,3,2,2,0,0,0,0,0,0,0,3,0,0
201600025679,16,2,15,1525,1,1,2,1,3,261,4732540,67894,370,4,2,2,0,1,1,0,0,1,0,1,3,0
201600025680,16,2,15,1933,5,2,3,1,3,261,4739173,70008,370,4,1,1,1,1,1,0,0,1,0,1,3,0
201600025681,16,2,16,851,1,2,1,1,6,122,4734950,67270,370,4,3,1,0,0,1,0,0,1,3,0,99,0
201600025683,16,1,22,1945,3,2,1,1,6,122,4769885,66647,370,4,2,2,0,1,1,0,0,1,0,1,3,0
201600025684,16,1,18,1200,1,2,1,1,7,195,4722365,67564,370,3,2,4,0,1,1,0,0,1,0,1,99,0
201600025687,16,2,18,1020,1,1,1,2,6,122,4733098,68023,370,3,3,4,0,1,1,10,120,0,3,1,99,0
201600025688,16,2,19,605,5,2,1,8,3,261,4737783,67087,370,4,2,2,0,2,3,0,70,2,2,1,99,0
201600025689,16,2,19,1330,1,2,2,1,5,233,4738968,71824,370,4,2,1,0,1,1,0,0,1,0,1,0,0
201600025690,16,2,19,1430,1,2,1,1,6,214,4743406,64110,370,4,3,1,0,2,1,0,0,1,0,1,0,0
201600025691,16,2,19,2053,5,2,1,1,2,233,4738043,73071,370,4,0,3,0,1,1,0,95,1,0,1,0,0
201600025692,16,2,20,1140,1,2,1,2,2,261,4743667,70941,370,4,0,1,0,1,1,0,0,2,0,1,0,0
201600025693,16,2,20,1525,1,2,1,1,2,122,4735800,69110,370,4,2,2,0,1,1,0,0,1,0,0,3,0
201600025694,16,2,21,2200,5,2,2,2,6,261,4739747,69928,370,4,2,4,1,2,1,0,120,2,2,4,0,0
201600025695,16,2,22,1102,1,2,1,1,3,122,4734676,64783,370,4,1,2,1,1,1,0,0,1,0,0,3,0
201600025698,16,2,24,1530,1,2,1,3,1,122,4735070,65513,370,4,2,2,0,1,1,0,60,2,0,1,0,0
201600025700,16,1,18,1355,1,2,1,1,6,261,4738555,69564,370,4,2,2,0,1,1,0,60,1,4,0,99,0
201600025701,16,2,25,910,1,2,3,1,1,261,4737466,71777,370,4,2,2,0,1,1,0,70,1,0,1,99,0
201600025703,16,2,26,1602,1,2,1,1,4,261,4758967,66984,370,4,2,2,0,1,1,0,0,1,0,0,99,0
201600025704,16,2,29,750,1,2,1,1,6,122,4734756,66532,370,4,2,2,0,1,1,0,0,1,0,1,0,0
201600025705,16,2,29,715,1,1,3,1,3,122,4735000,67305,370,4,2,2,0,1,1,0,0,1,0,0,0,0
201600025707,16,3,2,1730,1,2,2,1,3,261,4742367,69310,370,4,2,2,0,1,1,0,0,2,0,1,99,0
201600025708,16,3,3,1250,1,2,6,1,3,233,4738977,72273,370,4,1,1,0,1,1,0,0,1,0,0,0,0
201600025710,16,3,5,630,5,2,1,2,6,261,4741006,72014,370,4,2,2,0,1,1,0,0,2,0,4,0,0
201600025712,16,3,5,1200,1,2,1,1,4,261,4740924,70332,370,4,1,1,0,1,1,0,0,2,0,1,0,0
201600025713,16,3,7,849,1,2,1,8,2,261,4740223,70178,370,4,2,3,0,1,1,0,90,2,2,1,99,0
201600025714,16,3,4,1210,1,2,6,2,7,261,4737379,67845,370,4,2,4,0,1,1,0,0,2,0,1,99,0
201600025715,16,3,7,1600,1,1,1,1,1,122,4730277,65902,370,3,2,2,0,1,3,0,0,1,0,1,99,0
201600025718,16,3,9,955,1,2,1,1,6,261,4738127,68412,370,4,2,2,0,1,1,0,0,2,0,1,99,0
201600025719,16,3,10,1125,1,1,1,1,7,122,4735538,64588,370,3,3,4,0,1,1,0,0,1,0,1,99,0
201600025720,16,3,10,1440,1,2,1,1,7,261,4742293,69730,370,4,2,2,0,1,1,0,0,1,0,1,0,0
201600025721,16,3,4,2000,5,2,2,2,2,261,4737721,70683,370,4,2,2,0,1,1,0,0,2,0,1,0,0
201600025722,16,3,12,620,5,2,1,1,1,233,4737936,72241,370,4,2,2,0,1,1,0,0,1,0,1,99,0
201600025723,16,3,11,1120,1,2,1,1,1,208,4715732,17852,370,4,2,2,0,1,1,0,0,1,0,1,0,0
201600025724,16,3,12,1110,1,2,1,1,6,261,4766522,17254,370,4,2,2,0,1,1,0,0,1,0,1,0,0
201600025726,16,3,13,455,5,2,6,1,3,261,4739480,70438,370,4,3,4,0,1,1,10,120,1,0,1,99,0
201600025727,16,3,15,1715,1,2,6,1,3,261,4739532,67745,370,4,3,2,0,1,1,0,0,1,0,1,0,0
201600025728,16,3,16,730,1,1,1,1,6,122,4736784,64432,370,3,2,2,0,1,2,0,0,1,0,1,99,0
201600025729,16,3,16,900,1,1,1,1,6,122,4736722,65663,370,3,2,2,0,1,1,0,0,1,0,1,99,0
201600025730,16,3,18,850,1,2,1,1,3,261,4739375,70285,370,4,3,4,0,1,1,0,0,1,0,1,0,0
201600025732,16,3,19,1520,1,2,1,1,6,261,4736834,70956,370,4,3,2,0,1,1,0,0,1,0,1,99,0
201600025734,16,3,21,1135,1,2,1,1,7,122,4735658,69840,370,4,1,2,0,1,1,0,0,1,0,1,0,0
201600025735,16,3,21,1720,1,2,1,1,1,261,4741283,70100,370,4,2,2,0,1,3,0,0,1,0,1,0,0
201600025737,16,3,25,1110,1,1,1,2,3,195,4737826,64948,370,3,3,4,0,1,1,10,120,2,0,1,0,0
201600025738,16,3,25,1950,5,2,6,1,3,214,4740618,66920,370,4,2,2,0,1,2,0,0,1,0,1,3,0
201600025739,16,4,3,1200,1,2,1,1,6,261,4742702,68376,370,4,2,2,0,1,1,0,0,1,0,1,99,0
201600025740,16,4,2,2025,1,2,2,1,3,261,4738176,69729,370,4,1,2,0,0,0,0,0,0,0,1,0,0
201600025741,16,4,3,1642,1,2,1,1,6,261,4740286,69668,370,4,2,2,0,1,1,0,0,1,0,0,3,0
201600025742,16,4,4,1928,1,2,2,1,3,261,4738759,70214,370,4,2,2,0,1,1,0,70,1,0,1,3,0
201600025743,16,4,5,1716,1,2,3,1,3,214,4742506,65329,370,4,2,2,0,1,2,0,60,1,0,1,99,0
201600025744,16,4,7,1440,1,2,4,8,2,208,4737148,71592,370,4,2,1,0,1,1,0,0,2,0,1,99,0
201600025746,16,4,8,1120,1,2,2,1,1,261,4737599,70577,370,4,2,1,0,1,1,0,0,1,0,1,0,0
201600025747,16,4,10,210,3,2,1,1,7,195,4738236,62515,370,3,2,2,0,1,1,0,60,1,0,3,0,0
201600025748,16,4,10,1145,1,2,1,1,3,261,4740600,68264,370,4,1,4,0,2,1,0,0,1,0,1,0,0
201600025749,16,4,13,2210,5,2,1,1,7,261,4741596,67799,370,4,2,2,0,1,1,0,64,1,0,4,0,0
201600025750,16,4,14,1000,1,2,7,1,6,261,4738000,69308,370,4,0,1,0,1,1,0,0,1,0,4,99,0
201600025751,16,4,14,1345,1,2,1,2,7,214,4739634,66018,370,4,2,2,0,1,1,0,0,2,0,1,0,0
201600025752,16,4,11,1215,1,2,3,1,7,261,4725648,25489,370,4,2,2,0,1,1,0,0,1,0,1,0,0
201600025753,16,4,14,1520,1,2,1,2,7,261,4739234,68805,370,4,2,2,0,1,1,0,0,2,0,0,0,0
201600025754,16,4,14,1700,1,2,2,2,3,208,4737040,71819,370,4,2,2,0,1,1,0,0,2,0,1,0,0
201600025755,16,4,15,917,1,2,1,1,3,261,4741432,70204,370,4,2,2,1,1,1,0,0,1,0,1,99,0
201600025758,16,4,16,2320,5,2,1,1,6,261,4739641,68363,370,4,3,4,0,1,1,0,45,2,0,4,0,0
201600025759,16,4,17,2145,5,2,2,8,3,261,4738215,68219,370,4,1,1,0,1,1,0,62,1,0,1,0,0
201600025763,16,4,18,1515,1,1,9,1,4,195,4738722,64811,370,3,3,2,0,1,2,0,0,1,0,1,99,0
201600025764,16,4,18,1715,1,2,1,1,6,261,4739102,68413,370,4,1,1,0,1,1,0,0,1,0,1,3,0
201600025766,16,4,19,1345,1,2,2,1,3,261,4738634,68401,370,4,1,1,0,1,1,0,0,1,0,1,99,0
201600025767,16,4,19,1530,1,2,9,1,6,261,4739154,69928,370,4,1,3,0,1,1,0,0,1,0,1,99,0
201600025769,16,3,23,845,1,2,1,1,7,261,4725482,58722,370,4,2,2,0,1,2,0,0,1,0,1,0,0
201600025770,16,4,20,1745,1,2,1,1,7,261,4739596,67703,370,4,2,3,0,2,1,0,0,1,0,1,0,0
201600025772,16,4,22,1230,1,2,2,1,3,261,4737759,68699,370,4,2,2,0,1,1,0,0,1,0,0,3,0
201600025773,16,4,23,2205,5,2,1,1,6,261,4741799,68158,370,4,2,2,0,1,1,0,70,1,0,4,0,0
201600025774,16,4,25,800,1,1,1,1,4,122,4735832,64573,370,3,3,4,0,1,1,10,120,1,0,1,99,0
201600025775,16,4,26,1648,1,2,1,1,6,261,4739174,66813,370,4,2,2,0,1,1,0,0,1,0,1,3,0
201600025776,16,4,27,1245,1,2,1,1,2,233,4737873,72042,370,4,2,2,0,1,1,0,0,1,0,1,99,0
201600025777,16,4,28,1130,1,2,1,1,3,261,4738864,70280,370,4,1,1,2,1,1,0,0,1,0,1,0,0
201600025780,16,4,29,415,5,2,1,1,7,261,4738117,69380,370,4,2,1,0,2,1,0,65,1,0,1,0,0
201600025781,16,4,30,1545,1,2,2,1,4,261,4742364,69283,370,4,2,2,0,1,1,0,0,1,0,1,99,0
201600025782,16,5,1,2025,2,2,1,1,7,261,4738802,68954,370,4,2,4,3,1,1,0,0,1,0,1,99,0
201600025783,16,4,29,1200,1,2,1,1,6,208,4736139,72069,370,4,2,3,0,2,1,0,0,1,0,0,3,0
201600025784,16,5,3,1005,1,2,1,1,3,261,4740111,68378,370,4,2,3,0,1,1,0,0,1,0,1,99,0
201600025785,16,5,3,1800,1,2,1,1,3,261,4742086,68362,370,4,3,2,0,1,1,0,0,0,0,1,0,0
201600025789,16,5,6,2045,2,2,2,1,7,233,4738728,71033,370,4,2,2,0,2,2,0,82,1,0,0,0,0
201600025790,16,5,7,1835,1,2,1,1,2,233,4739788,75095,370,4,2,2,0,1,1,0,0,1,0,1,99,0
201600025791,16,5,10,1720,1,1,1,1,3,233,4739091,72903,370,4,3,1,0,1,1,120,50,1,0,1,0,0
201600025792,16,5,10,1210,1,2,1,2,7,261,4736234,69589,370,4,1,0,0,2,2,0,0,2,0,1,3,0
201600025794,16,5,14,2105,5,2,2,1,7,261,4738397,69161,370,4,0,0,0,1,1,0,99,1,0,0,0,0
201600025795,16,5,14,1915,1,2,2,1,3,195,4738702,65926,370,4,2,2,0,1,1,0,0,1,0,1,3,0
201600025796,16,5,11,2215,5,2,1,8,1,233,4737843,71918,370,4,2,4,0,1,1,0,98,1,0,1,0,0
201600025797,16,5,16,2025,1,2,6,1,2,261,4737489,67121,370,4,1,2,0,1,2,0,60,1,5,1,99,0
201600025798,16,5,17,1040,1,2,1,1,2,261,4736542,71445,370,4,2,2,0,1,1,0,0,1,3,0,99,0
201600025799,16,5,17,2000,1,2,3,1,3,261,4737872,67744,370,4,2,2,0,1,1,0,0,1,0,1,99,0
201600025800,16,5,18,1700,1,2,1,1,2,233,4738729,71436,370,4,1,1,0,1,1,0,0,2,0,1,99,0
201600025801,16,5,18,2220,5,2,3,3,3,261,4736786,71349,370,4,2,1,0,1,1,0,48,2,0,0,0,0
201600025802,16,5,19,1210,1,2,3,1,3,122,4736302,67397,370,4,2,2,0,1,1,0,70,1,4,1,99,0
201600025803,16,5,20,850,1,2,2,1,3,261,4741886,70290,370,4,2,2,0,1,1,0,0,2,0,1,3,0
201600025805,16,5,20,1220,1,2,1,1,6,261,4739283,68785,370,4,2,0,3,1,1,0,0,2,0,4,99,0
201600025806,16,5,21,1155,1,2,2,1,3,261,4739569,68901,370,4,2,2,0,1,1,0,0,1,0,1,99,0
201600025807,16,5,21,2030,1,2,1,1,7,214,4739545,66621,370,4,2,2,0,1,1,0,0,1,0,1,3,0
201600025810,16,5,23,2100,2,1,9,1,6,261,4721536,42294,370,6,0,0,0,1,1,0,50,1,1,1,99,0
201600025813,16,5,26,640,1,1,6,1,6,122,4736738,65268,370,3,2,2,0,1,1,0,0,1,0,1,99,0
201600025814,16,5,26,1440,1,2,1,1,6,261,4739645,68484,370,4,2,4,0,1,1,0,0,1,0,1,99,0
201600025815,16,5,28,1455,1,2,1,1,6,261,4737251,69677,370,4,0,1,3,1,1,0,20,1,6,1,99,0
201600025816,16,5,29,230,3,2,1,1,1,233,4740367,76679,370,4,2,2,0,1,1,0,72,1,0,1,0,0
201600025817,16,5,30,900,1,2,1,1,2,214,4742821,65181,370,4,1,1,0,1,1,60,60,2,0,1,0,0
201600025818,16,5,31,1035,1,2,2,2,3,261,4739185,68583,370,4,1,2,2,1,1,0,70,2,0,1,99,0
201600025819,16,5,31,1217,1,2,6,3,2,261,4739462,70475,370,4,3,2,0,1,1,0,0,2,5,1,99,0