Num_Acc,an,mois,jour,hrmn,lum,agg,int,atm,col,com,lat,long,dep,catr,circ,nbv,vosp,prof,plan,lartpc,larrout,surf,infra,situ,env1,killed
201600025820,16,5,31,1400,1,2,2,2,3,261,4738521,70697,370,4,2,2,0,1,1,0,0,2,0,1,99,0
201600025822,16,6,1,145,3,1,1,1,6,195,4738994,64819,370,3,3,4,0,1,2,10,80,2,0,1,99,0
201600025823,16,6,1,535,4,2,1,2,7,261,4736295,69697,370,4,3,4,0,2,3,0,0,2,0,1,99,0
201600025824,16,6,1,1235,1,2,2,1,2,261,4739245,68571,370,4,1,1,1,1,1,0,0,2,0,1,99,0
201600025827,16,6,3,1540,1,2,6,1,7,122,4733879,65312,370,4,2,2,0,1,1,0,70,1,0,1,3,0
201600025828,16,6,5,850,1,2,1,1,7,214,4742918,64380,370,2,0,1,0,1,0,0,0,8,0,1,0,0
201600025829,16,6,5,1625,1,1,1,1,6,122,4736509,65082,370,3,3,4,0,2,1,0,0,1,0,1,99,0
201600025830,16,6,6,510,5,2,1,1,3,261,4739535,67739,370,4,0,1,0,1,0,60,60,1,0,1,0,0
201600025832,16,6,7,1512,1,2,1,7,6,261,4738755,69336,370,4,2,2,2,1,1,0,0,1,0,1,3,0
201600025835,16,6,8,1115,1,2,2,1,3,261,4131100,326000,370,4,1,3,0,0,0,0,0,0,0,0,0,0
201600025836,16,6,8,1254,1,2,1,1,3,261,4738716,69008,370,4,2,4,3,1,1,0,0,1,0,1,0,0
201600025837,16,6,8,1415,1,2,1,1,7,261,4742157,68343,370,4,3,2,0,1,1,0,0,1,0,1,0,0
201600025838,16,6,10,1715,1,2,1,1,4,261,4741462,70334,370,4,3,1,0,1,1,0,0,1,0,1,0,0
201600025839,16,6,11,55,3,2,1,8,6,195,4737827,64950,370,4,3,4,0,1,2,10,144,2,0,1,0,0
201600025840,16,6,11,925,1,2,1,8,7,214,4739784,66619,370,4,2,2,0,2,1,0,60,2,0,1,0,0
201600025841,16,6,11,2130,2,2,1,2,1,261,4740792,68153,370,4,2,2,0,2,1,28,40,2,0,1,99,0
201600025842,16,6,12,2000,1,1,3,1,1,208,4736861,73837,370,4,2,2,0,2,1,0,0,1,0,1,99,0
201600025843,16,6,13,1700,1,2,1,8,7,261,4736099,69038,370,4,2,2,0,2,1,0,0,2,0,1,0,0
201600025844,16,6,14,1345,1,2,1,1,2,122,4736770,64293,370,3,2,2,0,1,1,0,0,1,0,1,0,0
201600025845,16,6,15,20,5,2,1,2,6,261,4739257,67884,370,4,1,1,0,1,1,0,45,2,0,1,0,0
201600025846,16,6,15,1330,1,2,6,1,3,261,4738137,70675,370,4,2,2,0,1,1,0,60,1,2,1,0,0
201600025847,16,6,15,1405,1,2,1,1,7,261,4738889,69133,370,4,1,1,0,1,1,0,50,1,0,1,0,0
201600025849,16,6,3,1455,1,2,6,1,7,195,4738483,64198,370,4,2,2,0,1,1,0,50,1,0,1,0,0
201600025850,16,6,17,830,1,2,3,1,3,122,4733817,65335,370,4,2,2,0,1,1,0,60,1,0,1,3,0
201600025851,16,6,17,1445,1,1,1,1,7,122,4732458,66246,370,3,2,2,0,1,1,0,0,1,0,1,99,0
201600025852,16,6,17,1900,1,2,2,3,6,261,4739114,69538,370,4,1,1,0,1,1,0,0,2,0,1,99,0
201600025853,16,6,20,1615,1,2,1,1,6,261,4737947,69215,370,4,2,2,2,1,1,0,0,1,0,1,3,0
201600025855,16,6,22,118,5,2,3,1,3,214,4739754,66744,370,4,2,2,1,1,1,0,62,1,0,1,0,0
201600025856,16,6,22,2035,1,2,1,1,3,261,4741101,69423,370,4,2,2,0,1,1,0,60,1,0,1,99,0
201600025857,16,6,24,1550,1,2,3,1,2,122,4735926,69772,370,4,2,2,0,1,1,0,0,1,0,1,3,0
201600025858,16,6,24,2315,5,2,1,1,2,261,4742059,68370,370,4,1,1,0,1,1,0,32,1,0,1,0,0
201600025859,16,6,27,1140,1,2,1,1,6,261,4736500,68305,370,4,2,2,0,1,1,0,0,1,0,1,0,0
201600025860,16,6,29,915,1,2,2,1,6,261,4743383,67441,370,4,2,2,0,1,1,0,70,1,0,1,99,0
201600025861,16,6,29,1645,1,2,1,1,6,261,4738449,69607,370,9,2,0,3,1,1,0,0,1,0,0,3,0
201600025862,16,7,1,1015,1,2,1,1,6,122,4735105,66433,370,4,1,1,3,1,1,0,0,1,0,1,99,0
201600025863,16,7,1,1709,1,2,1,1,6,261,4739656,69247,370,4,1,1,0,1,1,0,0,1,0,1,0,0
201600025866,16,7,3,1917,1,2,6,2,7,208,4736695,72028,370,4,2,2,0,1,1,0,60,2,0,1,99,0
201600025867,16,7,3,1210,1,2,1,1,2,122,4735106,67919,370,4,1,1,2,1,1,0,0,1,0,1,3,0
201600025868,16,7,4,1525,1,1,1,1,2,122,4735170,64573,370,3,3,4,0,1,1,10,120,1,0,1,0,0
201600025870,16,7,5,1905,1,2,6,1,7,122,4734681,64708,370,4,1,1,0,1,2,0,0,1,5,1,99,0
201600025872,16,7,7,1305,1,2,1,1,3,261,4737386,69518,370,4,1,2,0,1,3,0,0,1,0,0,0,0
201600025873,16,7,7,2040,1,2,1,1,3,261,4738986,68492,370,4,0,2,0,1,1,0,0,1,0,0,3,0
201600025874,16,7,8,1640,1,2,1,1,3,214,4741700,66677,370,4,2,2,0,1,1,0,0,1,0,0,3,0
201600025876,16,7,10,145,5,2,1,1,6,261,4739766,68980,370,6,0,0,0,1,1,0,30,1,0,1,0,0
201600025877,16,7,12,240,5,2,9,1,7,261,4737673,71281,370,4,3,2,0,1,1,20,60,1,0,1,0,0
201600025879,16,7,12,1610,1,2,1,1,7,233,4738285,72163,370,4,0,1,0,1,3,0,0,1,0,1,99,0
201600025880,16,7,13,855,1,2,3,1,7,261,4740308,70486,370,4,1,1,0,2,2,0,0,1,0,1,99,0
201600025882,16,7,18,1040,1,2,6,1,3,233,4738762,72685,370,4,2,2,0,1,1,0,60,1,0,1,99,0
201600025883,16,7,18,1655,1,1,1,1,6,122,4733965,66712,370,3,1,2,0,1,3,0,0,1,0,1,99,0
201600025884,16,7,20,1120,1,2,3,1,3,261,4736846,71022,370,4,1,1,0,1,1,0,0,1,0,1,0,0
201600025885,16,7,20,1815,1,2,1,1,7,122,4734727,66365,370,4,2,2,0,2,1,0,0,1,0,1,0,0
201600025886,16,7,21,640,1,2,1,1,1,233,4737968,72376,370,4,0,0,0,1,1,0,0,1,0,0,0,0
201600025888,16,7,23,1815,1,2,2,1,7,261,4739170,66818,370,4,2,2,0,1,1,0,0,1,0,1,3,0
201600025889,16,7,24,35,5,2,2,1,3,261,4739030,68873,370,4,0,2,0,1,1,0,60,1,5,0,0,0
201600025890,16,7,24,1710,1,2,2,1,1,261,4739751,69946,370,4,2,2,0,0,0,0,0,0,0,1,0,0
201600025892,16,7,27,1728,1,2,6,1,3,214,4742007,66260,370,4,3,4,1,1,1,0,70,1,5,1,3,0
201600025893,16,8,1,2023,1,2,1,1,6,261,4738772,68989,370,4,0,6,0,1,1,0,0,0,0,1,0,0
201600025894,16,8,2,1030,1,2,1,1,7,261,4741129,68683,370,4,1,1,0,2,1,0,0,1,0,1,3,0
201600025896,16,8,3,1408,1,2,1,1,3,261,4741100,69422,370,4,2,2,0,1,1,0,60,1,0,1,99,0
201600025897,16,8,4,1045,1,2,6,2,4,261,4739462,70473,370,4,3,4,0,0,0,10,120,2,0,1,0,0
201600025898,16,8,4,1220,1,1,1,2,3,261,4736789,66082,370,4,2,2,0,1,1,0,70,2,0,1,99,0
201600025899,16,8,4,1740,1,2,1,1,2,208,4735760,72245,370,4,2,2,0,1,1,0,0,1,0,1,99,0
201600025900,16,8,5,2000,1,2,1,1,6,261,4739085,69448,370,4,3,2,0,1,1,0,0,1,0,1,99,0
201600025901,16,8,6,2140,5,2,1,1,6,233,4738941,71123,370,4,2,2,0,1,1,0,50,1,0,1,0,0
201600025902,16,8,7,640,1,2,3,1,3,261,4739717,68851,370,4,2,3,0,1,1,0,0,1,0,1,99,0
201600025903,16,8,6,1720,1,2,1,1,1,208,4736628,71758,370,4,1,2,0,1,1,0,0,1,1,1,99,0
201600025904,16,8,7,1940,1,2,9,1,6,261,4737052,70653,370,9,0,0,0,1,2,0,0,9,6,0,99,0
201600025905,16,8,9,1510,1,2,3,1,2,261,4739352,66302,370,4,3,4,0,1,1,10,120,1,0,1,99,0
201600025906,16,8,11,1130,1,2,2,1,3,195,4738426,65292,370,4,2,2,1,1,1,0,0,1,0,1,0,0
201600025907,16,8,12,745,1,2,2,1,3,261,4739157,69759,370,4,3,4,0,1,1,0,0,1,0,1,99,0
201600025908,16,8,12,1700,1,2,1,1,3,233,4738213,72980,370,4,2,2,0,1,1,0,0,1,0,1,0,0
201600025909,16,8,12,1505,1,1,1,1,7,261,4245700,67439,370,6,0,0,0,1,1,0,0,1,0,1,0,0
201600025910,16,8,12,2135,5,2,1,1,1,122,4735952,66877,370,4,2,2,3,2,2,0,49,1,0,1,0,1
201600025913,16,8,16,1145,1,2,2,1,6,261,4737886,70085,370,4,2,2,0,1,1,0,60,1,0,1,0,0
201600025914,16,8,17,1240,1,2,2,1,7,261,4740766,68156,370,4,2,2,0,2,1,0,120,1,0,1,0,0
201600025915,16,8,17,1105,1,2,1,1,2,214,4743060,64282,370,4,3,4,0,2,1,10,120,1,0,1,99,0
201600025916,16,8,18,1250,1,2,6,1,7,261,4739543,67747,370,4,1,2,0,1,2,0,0,1,0,1,0,0
201600025917,16,8,18,1745,1,2,1,1,3,233,4738716,70977,370,4,0,2,0,1,1,0,0,1,0,0,0,0
201600025918,16,8,12,2005,1,2,3,1,6,208,4736534,71835,370,4,2,1,0,2,1,0,0,1,0,1,0,0
201600025919,16,8,18,1055,1,2,1,1,2,195,4737522,65211,370,3,3,4,0,1,1,10,80,1,2,1,99,0
201600025920,16,8,20,640,2,2,1,1,6,214,4740447,67699,370,4,1,1,0,2,3,0,0,1,0,1,0,0
201600025921,16,8,20,1100,1,2,9,1,6,122,4735554,69774,370,4,2,0,0,1,1,0,6,1,0,1,99,0
201600025924,16,4,15,1229,1,2,1,1,2,261,4739303,70620,370,4,3,4,0,3,2,0,0,1,2,1,99,0
201600025926,16,8,22,1710,1,2,1,1,6,214,4742477,65719,370,6,2,0,0,1,1,0,0,1,0,1,99,0
201600025927,16,8,23,940,1,2,1,1,2,261,4723000,124000,370,4,2,1,0,1,1,40,40,1,0,1,0,0
201600025928,16,8,23,1240,1,2,2,1,6,122,4735202,68696,370,4,2,2,0,1,1,0,0,1,0,1,99,0
201600025929,16,8,23,1400,1,2,2,1,6,261,4739081,69191,370,4,3,4,0,1,1,0,0,1,0,1,99,0
201600025930,16,8,24,1205,1,2,3,1,6,261,4738514,70010,370,4,2,2,0,1,1,0,0,1,0,1,99,0
201600025931,16,8,24,1355,1,2,2,1,7,261,4738724,70540,370,4,1,0,0,1,1,0,0,1,0,0,0,0
201600025932,16,8,25,940,1,2,1,1,6,261,4736346,69898,370,4,3,0,0,2,1,0,0,1,0,1,99,0
201600025933,16,8,24,2010,1,2,1,1,6,261,4738188,70573,370,4,2,2,0,1,3,0,0,1,0,1,99,0
201600025934,16,8,25,1330,1,1,1,1,7,195,4738858,64888,370,3,1,2,0,1,1,0,0,1,3,1,99,0
201600025935,16,8,25,1515,1,2,2,1,3,261,4738700,69814,370,4,2,4,0,1,1,0,0,1,0,1,0,0
201600025938,16,9,2,1919,1,2,3,1,3,122,4140000,180000,370,4,2,2,0,0,0,0,0,0,0,1,99,0
201600025939,16,9,4,140,5,2,2,1,6,261,4739403,67804,370,4,2,2,0,1,1,0,79,1,0,1,0,0
201600025940,16,9,2,1140,1,2,1,1,6,261,4737427,72008,370,4,2,2,0,1,1,0,0,1,0,1,0,0
201600025941,16,9,5,1535,1,2,3,1,3,122,4735552,69861,370,4,2,2,0,1,1,0,0,1,0,1,99,0
201600025942,16,9,6,810,1,2,3,1,2,122,4734275,62790,370,4,2,2,0,1,1,0,0,1,0,1,99,0
201600025943,16,9,6,830,1,2,1,1,3,214,4741829,66461,370,4,1,2,1,1,1,0,50,1,0,5,0,0
201600025946,16,9,8,1015,1,2,2,1,3,208,4736528,71472,370,4,1,1,0,1,1,0,0,1,0,1,99,0
201600025949,16,9,9,945,1,2,3,1,1,261,4740943,68209,370,4,2,3,2,1,1,0,0,1,0,1,0,0
201600025950,16,9,10,1730,1,2,1,1,6,261,4738007,69574,370,4,2,2,2,1,1,0,0,1,0,1,99,0
201600025951,16,9,11,1915,1,2,1,1,7,261,4737384,69514,370,4,0,0,0,1,1,0,0,1,0,4,99,0
201600025954,16,9,15,2250,5,2,1,1,6,261,4741156,68428,370,4,2,1,0,1,1,2,50,1,0,1,0,0
201600025956,16,9,16,1620,1,2,1,3,7,122,4736016,68442,370,4,1,1,0,2,1,0,40,2,1,1,99,0
201600025957,16,9,16,1630,1,2,1,2,6,261,4741806,67787,370,4,2,2,0,1,1,0,0,2,0,1,99,0
201600025960,16,9,20,1400,1,2,6,1,3,261,4743000,68720,370,3,3,1,0,1,1,0,0,1,0,1,99,0
201600025961,16,9,22,815,1,2,1,1,6,233,4738000,74400,370,4,2,2,0,1,1,0,0,1,0,1,0,0
201600025963,16,9,24,1645,1,2,1,1,2,233,4737892,72081,370,4,2,4,0,1,1,0,0,1,0,1,99,0
201600025964,16,9,29,750,2,2,1,1,3,261,4738125,68840,370,4,2,2,2,1,1,0,60,1,0,1,99,0
201600025965,16,9,30,847,1,2,3,1,3,233,4739575,72700,370,4,3,2,1,1,1,0,0,1,0,5,0,0
201600025966,16,9,30,800,1,1,1,1,2,214,4743045,64268,370,3,0,1,0,2,1,0,0,1,0,1,99,0
201600025967,16,9,30,1730,1,2,6,2,3,233,4739213,72532,370,4,1,2,0,1,2,0,0,2,0,1,3,0
201600025968,16,10,3,1320,1,2,3,1,7,122,4734491,64937,370,3,2,2,0,1,1,0,0,1,0,1,99,0
201600025969,16,10,3,1740,1,2,3,1,7,122,4736172,67312,370,4,2,2,0,4,1,0,0,1,0,1,99,0
201600025970,16,10,4,915,1,2,6,1,7,261,4743000,70500,370,4,1,1,0,1,2,0,0,1,0,1,99,0
201600025971,16,10,4,1445,1,2,1,1,7,261,4741934,68414,370,4,2,2,0,1,1,0,0,1,0,4,99,0
201600025972,16,10,4,1940,2,2,1,1,1,233,4738984,71433,370,4,2,2,0,1,1,0,0,1,0,1,99,0
201600025973,16,10,5,745,1,1,1,1,7,208,4733899,73954,370,4,2,2,0,1,2,0,0,1,0,1,99,0
201600025974,16,10,5,950,1,2,1,1,6,195,4738371,66231,370,4,2,2,0,1,1,0,0,1,0,1,99,0
201600025975,16,10,5,1730,1,2,1,1,1,122,4733794,66473,370,4,2,2,1,1,1,0,0,1,0,5,0,0
201600025976,16,10,5,1850,1,2,1,1,6,261,4735708,70530,370,4,2,2,0,1,1,0,0,1,0,1,3,0
201600025977,16,10,6,1550,1,2,1,1,4,261,4737122,69661,370,4,3,2,3,1,1,0,0,1,2,1,99,0
201600025978,16,10,7,1108,1,2,2,1,3,261,4739240,69710,370,4,1,1,0,1,1,0,0,1,0,1,3,0
201600025979,16,10,7,1725,1,2,6,1,6,122,4733801,65777,370,3,2,2,0,1,1,0,0,1,5,4,3,0
201600025980,16,10,9,1550,1,1,6,1,7,261,4741037,72089,370,4,3,2,0,1,2,0,0,1,0,1,99,0
201600025982,16,10,10,1340,1,2,2,1,3,261,4739126,69534,370,4,3,4,0,1,1,0,0,1,0,1,99,0
201600025983,16,10,10,1358,1,2,4,1,2,195,4737970,64356,370,4,2,2,0,1,2,0,0,1,0,1,0,0
201600025984,16,10,11,1400,1,2,1,1,2,261,4737048,67700,370,4,1,2,0,1,2,0,0,1,0,1,0,0
201600025985,16,10,11,1720,1,2,2,1,4,261,4738482,71038,370,4,2,2,0,1,1,0,0,1,0,0,0,0
201600025986,16,10,11,2115,5,2,2,1,2,261,4738215,69214,370,4,3,4,3,1,1,0,120,1,0,1,0,0
201600025987,16,10,11,2225,5,2,3,1,3,261,4737835,69035,370,4,2,2,0,1,1,0,55,1,0,1,0,0
201600025988,16,10,12,1700,1,2,1,1,1,261,4738998,67006,370,4,2,2,2,1,1,0,0,1,0,1,3,0
201600025989,16,10,13,710,5,2,3,1,3,122,4734850,66120,370,3,2,2,0,1,1,0,0,1,0,1,99,0
201600025990,16,10,13,1750,2,2,3,2,2,122,4734852,66122,370,4,2,2,0,1,1,0,80,2,0,1,99,0
201600025991,16,10,14,100,5,2,6,8,6,233,4737778,71652,370,4,2,2,0,1,3,30,60,2,3,1,0,0
201600025992,16,10,14,1840,5,1,2,1,3,214,4743091,66770,370,3,2,2,0,1,1,0,60,1,0,1,99,0
201600025993,16,10,15,935,1,2,1,1,6,208,4735488,72228,370,4,3,2,0,1,1,15,70,1,0,1,99,0
201600025994,16,10,15,1930,5,2,1,1,3,261,4742859,70969,370,4,2,2,0,1,1,0,0,1,0,1,99,0
201600025995,16,10,16,2115,5,2,1,1,7,233,4738010,72639,370,4,2,2,0,1,1,75,100,1,0,1,0,0
201600025996,16,10,20,1515,1,2,1,1,7,261,4739300,68700,370,3,0,1,3,1,1,80,80,1,4,1,99,0
201600025998,16,10,19,1510,1,2,1,1,6,261,4738208,69270,370,4,2,4,3,1,1,0,0,1,0,1,99,0
201600025999,16,10,21,1530,1,2,3,1,3,208,4735951,72736,370,4,2,2,0,1,1,0,0,1,0,1,99,0
201600026000,16,10,22,1220,1,2,9,1,3,195,4738390,65884,370,4,2,2,0,1,1,0,70,1,0,1,99,0
201600026001,16,10,19,1145,1,2,3,1,3,261,4743543,69323,370,4,2,2,0,1,1,0,0,1,0,1,99,0
201600026002,16,10,24,1340,1,2,1,2,7,233,4739085,73127,370,9,0,0,3,1,1,0,0,2,0,3,3,0
201600026003,16,10,24,1355,1,2,1,2,6,261,4742211,68330,370,4,3,2,0,1,1,0,0,2,5,1,99,0
201600026004,16,10,24,1725,1,1,1,1,7,261,4737355,67882,370,4,2,2,2,1,2,0,0,2,2,1,3,0
201600026006,16,10,25,1620,1,2,3,1,3,261,4737466,71779,370,4,2,2,0,2,1,0,68,1,0,1,99,0
201600026007,16,10,25,1120,1,1,2,1,3,233,4739114,71727,370,4,2,2,0,1,1,0,0,1,0,1,3,0
201600026008,16,10,25,1020,1,2,3,1,3,122,4734859,65570,370,4,2,2,0,1,1,0,0,1,0,1,99,0
201600026009,16,10,26,805,1,1,1,1,6,261,4738895,69602,370,4,2,2,2,1,1,0,0,1,0,1,3,0
201600026013,16,10,28,930,1,2,1,1,4,261,4736400,68500,370,4,2,2,0,1,1,0,40,1,5,1,3,0
201600026014,16,10,28,1600,1,2,6,1,3,261,4741866,68378,370,4,3,2,0,1,1,0,0,1,5,1,99,0
201600026015,16,10,30,1800,5,2,1,1,7,261,4738038,69780,370,9,2,2,2,1,3,0,0,1,6,1,99,0
201600026016,16,11,1,1023,1,1,1,5,2,261,4742021,71669,370,3,3,2,0,1,1,0,0,1,0,1,99,0
201600026018,16,11,2,1745,5,2,1,1,6,261,4741848,68465,370,4,2,2,0,1,1,0,0,1,0,4,99,0
201600026019,16,11,2,2030,5,2,1,1,3,261,4738357,67697,370,4,2,2,0,1,1,0,0,1,0,1,99,0
201600026020,16,11,4,1835,1,2,1,1,6,261,4742997,70506,370,4,2,4,2,1,1,0,0,1,0,0,99,0
201600026021,16,11,5,1030,1,2,6,1,7,261,4743081,70496,370,4,2,2,0,1,3,0,0,2,0,1,99,0
201600026022,16,11,5,1545,1,2,6,1,3,214,4741528,67331,370,4,2,2,2,1,1,0,0,1,0,0,3,0
201600026023,16,11,5,1515,1,2,1,1,3,233,4738108,73392,370,4,2,2,0,1,1,0,0,1,0,1,99,0
201600026025,16,11,7,1020,1,2,2,2,1,261,4738892,67936,370,4,2,2,3,1,1,0,0,2,0,4,99,0
201600026026,16,11,7,1800,5,2,1,2,4,122,4733400,66400,370,3,2,2,0,1,1,0,40,2,0,1,99,0
201600026028,16,11,7,2050,5,2,1,3,3,261,4738200,70500,370,3,2,2,0,1,1,0,40,2,0,1,99,0
201600026029,16,11,10,1000,1,2,2,1,6,261,4739286,67859,370,4,2,2,0,1,1,0,0,2,5,1,3,0
201600026030,16,11,10,825,1,2,3,1,3,122,4734831,65969,370,4,2,2,1,1,1,0,0,2,0,1,99,0
201600026031,16,11,10,1205,1,2,1,1,4,261,4736903,67650,370,4,2,2,0,1,1,0,0,2,0,1,99,0
201600026032,16,11,12,1725,5,2,1,2,2,233,4738020,72770,370,4,2,2,0,1,1,0,0,1,0,1,99,0
201600026033,16,11,12,2115,5,2,2,2,3,208,4735521,72364,370,4,3,3,0,1,1,35,100,2,0,1,99,0
201600026036,16,11,15,1840,5,2,1,2,4,261,4738130,70191,370,4,2,2,0,1,1,0,0,2,0,1,99,0
201600026037,16,11,16,810,2,2,1,1,6,261,4742208,68349,370,4,2,2,3,1,1,0,0,2,0,1,99,0
201600026038,16,11,16,910,1,1,1,1,6,195,4738940,64696,370,3,3,4,0,1,2,0,0,2,0,1,99,0
201600026039,16,11,16,900,1,2,1,2,6,122,4734941,67351,370,4,2,2,0,1,1,0,100,2,0,3,99,0
201600026040,16,11,13,1115,1,2,1,1,6,122,4735079,66262,370,4,1,1,2,2,1,0,0,1,0,1,3,0
201600026041,16,11,16,1240,1,2,3,1,3,261,4737773,67760,370,4,2,2,0,1,1,0,0,2,0,1,99,0
201600026042,16,11,16,1320,1,2,1,1,2,261,4739185,66806,370,4,2,2,0,1,1,0,0,2,0,1,99,0
201600026043,16,11,16,2100,5,2,6,2,3,233,4739206,72534,370,4,2,2,0,1,1,30,120,2,5,1,99,0
201600026045,16,11,16,1835,5,2,1,3,6,122,4734607,64361,370,4,2,2,0,1,1,0,0,2,0,1,99,0
201600026046,16,11,17,1830,5,2,1,1,2,261,4739525,69974,370,4,2,2,2,1,1,0,0,1,0,1,3,0
201600026047,16,11,18,1810,5,2,2,2,6,261,4738359,66828,370,4,2,2,0,1,1,0,80,2,0,1,99,0
201600026048,16,11,18,2145,5,2,6,3,2,261,4737391,69506,370,4,2,2,0,1,1,0,40,2,0,1,99,0
201600026051,16,11,22,750,1,2,3,1,3,208,4736501,71643,370,4,2,2,0,1,1,0,0,1,0,1,99,0
201600026052,16,11,22,820,1,2,1,1,7,261,4737967,74497,370,4,2,2,0,1,1,0,0,1,0,1,99,0
201600026053,16,11,22,1720,1,2,1,1,6,261,4738541,69262,370,4,1,1,2,1,1,0,0,1,0,1,3,0
201600026054,16,11,23,900,1,2,2,2,3,261,4738662,69220,370,4,1,1,0,1,1,0,0,2,0,1,99,0
201600026056,16,11,28,45,5,2,3,1,6,122,4735676,69862,370,4,2,2,0,1,2,0,0,1,5,0,99,0
201600026057,16,11,28,1430,1,2,6,1,3,233,4739203,72516,370,4,2,2,0,1,1,0,0,1,5,0,3,0
201600026061,16,12,1,1000,1,2,1,1,6,233,4738970,72609,370,4,2,2,2,1,1,0,0,1,0,3,99,0
201600026062,16,12,1,2045,5,2,3,1,5,261,4739000,66700,370,3,2,2,0,1,1,40,40,1,0,1,3,0
201600026063,16,12,2,845,1,2,2,1,3,261,4739127,69763,370,4,3,5,0,1,1,200,150,1,0,1,99,0
201600026064,16,12,2,1010,1,2,1,1,7,233,4738900,72200,370,4,2,2,0,1,1,0,0,1,0,1,99,0
201600026065,16,11,29,1208,1,2,1,1,2,261,4742894,67907,370,4,2,2,0,1,1,0,0,1,0,1,99,0
201600026066,16,11,29,1110,1,2,1,1,3,233,4739004,73328,370,4,2,2,0,1,1,0,0,1,0,1,3,0
201600026067,16,12,2,1525,1,2,2,1,6,261,4739663,68596,370,4,2,1,3,1,1,0,0,1,6,1,99,0
201600026068,16,12,2,1835,5,2,2,1,1,208,4735674,73172,370,4,2,2,0,1,1,0,0,1,0,1,99,0
201600026069,16,12,2,2200,3,1,1,1,6,195,4738646,64978,370,3,3,4,0,1,3,10,216,1,0,1,99,0
201600026070,16,12,2,2025,5,2,6,1,3,261,4741881,70472,370,4,2,4,0,1,2,0,0,1,0,1,3,0
201600026071,16,12,6,1,3,2,1,8,6,122,4731018,67964,370,4,2,2,0,2,1,0,60,1,0,3,99,0
201600026072,16,12,8,1730,5,2,6,1,6,261,4741253,70057,370,4,2,2,0,1,1,0,60,1,0,0,99,0
201600026073,16,12,6,1159,1,2,6,1,6,208,4736587,71805,370,4,2,4,2,1,1,0,0,1,5,1,99,0
201600026074,16,12,6,1216,1,2,1,1,2,261,4739628,68831,370,4,2,4,0,1,1,0,0,1,0,1,3,0
201600026075,16,12,12,830,1,2,2,1,6,261,4739338,67185,370,4,2,2,0,1,1,0,0,1,0,1,3,0
201600026076,16,12,13,1930,5,2,1,1,4,261,4739500,67700,370,4,2,2,0,1,1,0,0,1,0,1,99,0
201600026077,16,12,13,2125,5,2,2,1,3,261,4736517,68367,370,4,2,2,0,1,1,0,0,1,0,0,3,0
201600026078,16,12,15,915,1,2,1,1,4,261,4737300,68900,370,4,3,5,0,1,1,0,0,1,0,1,99,0
201600026079,16,12,15,1310,1,2,1,7,6,122,4736074,68970,370,4,2,2,0,2,1,0,0,1,0,1,99,0
201600026080,16,12,15,1845,5,2,1,1,3,122,4734375,63979,370,4,2,2,0,1,1,0,0,1,0,1,99,0
201600026081,16,12,15,1920,3,2,1,1,6,261,4738849,69649,370,4,2,2,0,1,1,0,0,1,0,4,99,0
201600026082,16,12,19,2210,3,2,1,1,6,122,4734455,63427,370,4,2,2,0,1,1,0,90,1,0,3,99,0
201600026083,16,12,21,1735,3,2,1,2,2,261,4743015,68201,370,3,1,2,0,1,1,0,60,2,0,1,0,0
201600026084,16,12,21,1725,5,2,2,2,3,122,4734607,67307,370,4,2,1,0,3,1,0,0,2,0,1,99,0
201600026085,16,12,21,1845,5,2,1,2,6,122,4735113,66426,370,4,2,1,0,1,1,0,0,2,0,1,99,0
201600026086,16,12,21,1910,4,2,1,3,2,261,4738775,68763,370,4,1,1,0,1,1,0,30,2,0,1,0,0
201600026087,16,12,22,1350,1,2,1,1,3,122,4736603,65233,370,3,1,2,0,1,1,0,0,2,0,1,0,0
201600026088,16,12,22,1450,1,2,6,1,7,261,4737385,67848,370,4,2,2,2,1,2,0,0,2,0,1,3,0
201600026089,16,12,22,1150,1,2,1,8,6,261,4737693,71410,370,4,2,2,0,2,1,0,70,2,0,4,0,0
201600026090,16,12,23,1055,1,2,2,5,6,261,4742826,69683,370,4,2,1,0,1,1,0,0,2,0,1,99,0
201600026091,16,12,23,1555,1,2,1,1,2,261,4739137,68160,370,4,1,1,0,1,1,0,0,1,0,1,3,0
201600026092,16,12,23,2005,5,2,1,1,6,122,4735223,68734,370,4,3,2,2,1,1,8,104,1,0,1,99,0
201600026093,16,12,24,1125,1,2,1,1,7,261,4738373,69676,370,4,2,2,2,1,1,0,0,1,6,1,3,0
201600026094,16,12,26,708,5,2,6,2,7,261,4743000,67300,370,3,2,2,0,2,3,0,0,2,0,1,0,0
201600026095,16,12,27,1540,1,2,1,1,3,214,4740281,67083,370,4,2,2,0,1,3,0,0,1,0,1,99,0
201600026096,16,12,27,1700,2,2,4,1,2,208,4737033,71819,370,4,2,2,0,1,1,0,0,1,0,1,0,0
201600026097,16,12,28,1545,1,2,3,1,3,261,4738696,69812,370,4,3,3,2,1,1,0,0,1,5,1,3,0
201600026098,16,12,28,115,5,2,2,1,3,261,4736541,71311,370,4,3,4,0,1,1,38,136,1,2,1,0,0
201600026100,16,1,3,1640,1,1,3,1,3,53,4562334,528224,380,3,2,2,0,1,1,0,70,2,0,1,0,1
201600026104,16,4,14,2150,5,2,2,1,3,53,4558640,528119,380,4,3,0,3,1,1,0,47,1,5,1,99,0
201600026106,16,5,6,2050,2,2,1,1,2,53,4558867,526959,380,4,2,0,0,1,1,0,0,1,0,1,0,0
201600026109,16,7,18,1823,1,1,9,1,6,53,4535521,400000,380,4,4,0,0,1,3,0,60,1,5,1,99,0