Num_Acc,an,mois,jour,hrmn,lum,agg,int,atm,col,com,lat,long,dep,catr,circ,nbv,vosp,prof,plan,lartpc,larrout,surf,infra,situ,env1,killed
201600026110,16,8,1,910,1,2,1,1,6,53,4559205,529316,380,4,2,2,0,2,2,0,0,1,0,1,99,0
201600026113,16,11,4,800,1,2,2,1,3,53,4558317,526855,380,3,2,2,0,2,1,0,0,1,2,1,99,0
201600026115,16,12,9,1845,5,2,9,1,3,53,4558673,528130,380,4,1,0,0,1,1,0,0,1,0,1,99,0
201600026116,16,1,7,1900,5,2,1,2,1,185,4518880,573594,380,4,2,2,0,1,1,0,0,2,0,1,0,0
201600026117,16,1,8,1135,1,1,1,2,6,229,4520264,578209,380,2,3,2,0,2,2,0,0,2,0,1,0,0
201600026118,16,1,15,1030,1,2,3,1,3,169,4519395,567627,380,4,0,2,0,1,1,0,0,1,0,1,0,0
201600026119,16,1,17,1450,1,2,1,1,2,185,4516772,570425,380,3,1,2,0,1,3,0,0,1,0,1,0,0
201600026120,16,1,29,1800,5,2,2,1,3,185,4518870,573450,380,4,0,0,0,1,1,0,0,1,0,0,0,0
201600026121,16,2,5,2110,5,2,1,1,2,421,4516294,575263,380,3,2,2,2,2,1,0,57,1,2,1,0,0
201600026124,16,2,15,1150,1,2,1,1,6,421,4519220,576358,380,4,2,3,3,1,1,0,0,1,0,1,0,0
201600026125,16,2,13,2238,3,1,1,1,7,421,4518020,577676,380,2,3,4,0,1,1,0,0,1,0,1,0,0
201600026126,16,2,17,1930,5,2,7,1,6,185,4519637,573441,380,4,0,0,0,1,1,0,60,1,0,0,0,0
201600026127,16,2,25,1230,1,1,1,3,4,185,4518094,570240,380,1,3,2,0,1,1,0,0,2,0,1,99,0
201600026128,16,2,26,1225,1,2,3,1,3,185,4518727,572382,380,4,0,2,0,1,1,0,0,1,0,0,0,0
201600026129,16,3,1,1210,1,2,3,1,6,185,4518050,574170,380,4,0,2,2,1,1,0,62,1,0,0,3,0
201600026130,16,3,8,1438,1,2,1,2,3,185,4518680,573620,380,3,3,0,3,1,1,0,0,0,4,1,3,0
201600026131,16,3,12,920,1,2,1,1,6,185,4518067,572210,380,3,1,2,0,1,1,0,0,1,0,1,0,0
201600026132,16,3,12,1215,1,2,1,1,6,185,4518810,572341,380,3,2,2,3,1,1,0,0,1,0,1,0,0
201600026133,16,3,14,1800,2,2,1,1,6,179,4518208,579270,380,4,2,2,0,1,1,0,0,1,0,1,0,0
201600026134,16,3,15,1500,1,2,1,1,3,151,4514126,570323,380,3,3,2,3,0,0,0,0,0,0,1,0,0
201600026135,16,3,18,630,2,1,1,1,6,151,4515101,569705,380,1,3,3,0,1,1,0,0,1,0,3,0,0
201600026136,16,3,18,1530,1,2,1,1,6,151,4514382,570831,380,4,1,1,0,1,1,0,25,1,0,1,0,0
201600026137,16,3,20,1055,1,2,6,1,3,185,4519710,573640,380,4,0,0,3,0,0,0,0,0,0,0,0,0
201600026138,16,3,21,1340,1,2,1,1,6,421,4517340,575550,380,4,0,0,0,1,1,0,0,0,0,0,0,0
201600026140,16,3,25,225,5,2,1,1,6,185,4517631,572355,380,3,1,2,0,1,1,0,0,1,0,1,0,0
201600026141,16,3,29,1815,1,2,1,1,6,185,4517631,572355,380,4,2,2,0,1,1,0,0,2,0,1,0,0
201600026142,16,4,2,2030,1,2,1,1,2,516,4519247,574652,380,3,3,4,3,1,1,50,110,1,0,1,0,0
201600026143,16,4,12,1125,1,2,1,1,6,185,4517284,570767,380,4,0,1,0,2,1,0,0,1,1,4,0,0
201600026144,16,4,18,730,1,2,1,1,6,169,4520347,568525,380,4,2,2,0,1,1,0,0,1,0,1,0,0
201600026145,16,4,27,1411,1,2,1,1,4,185,4518860,570280,380,1,3,3,0,1,1,0,0,1,3,1,99,0
201600026146,16,4,29,1820,1,2,1,1,5,516,4519450,574940,380,3,3,2,3,1,1,0,0,1,0,1,99,0
201600026149,16,5,7,1935,1,2,1,1,2,421,4518588,576058,380,3,3,4,0,1,1,0,0,1,0,1,0,0
201600026150,16,5,9,2300,5,2,9,2,1,421,4517894,576171,380,4,2,0,0,1,1,0,0,2,0,1,0,0
201600026151,16,5,10,850,1,2,3,1,3,185,4518930,572103,380,4,2,2,0,1,1,0,0,2,0,1,0,0
201600026152,16,5,10,2215,5,2,1,1,6,185,4518761,572908,380,4,2,2,0,1,0,0,70,1,0,1,0,0
201600026153,16,5,15,1920,1,2,1,1,1,185,4517490,574490,380,4,2,2,2,1,1,0,120,1,0,1,3,0
201600026154,16,5,21,540,4,2,2,1,6,185,4519700,573422,380,3,0,0,0,0,0,0,0,0,0,0,0,0
201600026155,16,5,21,1725,1,2,2,1,3,151,4515691,572466,380,4,2,1,3,1,1,0,0,0,4,1,0,0
201600026156,16,5,23,745,1,2,1,2,6,185,4518258,572838,380,3,1,3,0,1,1,0,0,2,0,1,0,0
201600026157,16,5,25,545,2,2,3,1,3,185,4518188,571674,380,3,1,1,0,1,1,0,0,1,0,1,0,0
201600026158,16,5,28,215,3,1,1,1,2,185,4520478,571158,380,2,3,4,0,2,2,0,65,1,0,1,99,1
201600026159,16,5,28,1715,1,2,1,1,6,169,4519883,569219,380,4,2,2,0,1,1,0,0,1,0,1,0,0
201600026160,16,6,7,1945,1,2,1,1,6,185,4516445,572858,380,4,2,2,0,1,1,0,54,1,0,1,0,0
201600026161,16,6,8,1750,1,2,1,1,4,151,4514540,570470,380,4,3,2,3,1,1,0,0,1,0,1,0,0
201600026162,16,6,12,1630,1,2,1,1,6,185,4515930,572390,380,4,2,0,0,1,1,0,0,1,0,1,0,0
201600026164,16,6,23,415,5,2,3,1,1,185,4518591,571698,380,4,0,0,0,1,1,0,0,1,0,1,0,0
201600026165,16,6,27,1400,1,2,2,1,3,185,4518338,571055,380,3,1,1,0,1,1,0,0,1,0,0,0,0
201600026166,16,6,28,1655,1,1,1,1,6,383,4521982,567392,380,1,3,3,0,1,1,0,0,1,0,1,0,0
201600026167,16,6,29,645,1,1,1,1,6,382,4522145,567224,380,1,0,3,0,1,1,0,0,1,0,1,0,0
201600026168,16,6,29,1155,1,2,2,1,3,185,4518887,573734,380,4,1,1,0,1,1,0,0,1,0,0,0,0
201600026169,16,6,29,1605,1,2,4,1,6,185,4515860,570430,380,1,1,0,0,0,0,0,0,1,3,0,0,0
201600026171,16,7,3,1800,1,2,1,1,6,185,4518473,574338,380,4,2,2,0,1,1,0,0,1,0,1,0,0
201600026173,16,7,7,10,5,2,2,1,7,185,4518803,571919,380,3,2,3,3,1,1,0,0,1,5,1,0,0
201600026174,16,7,7,940,1,1,1,1,6,185,4520572,578449,380,2,1,1,0,2,3,0,67,1,3,1,99,0
201600026175,16,7,8,1730,1,2,2,1,4,185,4518002,570553,380,3,2,2,0,1,1,0,0,1,4,1,0,0
201600026176,16,7,8,2350,5,2,1,1,6,185,4516530,570880,380,3,2,2,0,1,1,0,0,0,2,1,99,1
201600026177,16,7,9,1030,1,1,1,1,1,179,4518749,580612,380,4,0,1,0,1,2,0,36,1,0,1,0,0
201600026178,16,7,9,2320,5,2,3,1,5,185,4517393,572515,380,4,2,2,1,1,1,0,0,1,0,1,0,0
201600026179,16,7,10,750,1,2,2,1,6,185,4518856,571121,380,4,1,0,0,0,0,0,0,1,0,0,0,0
201600026180,16,7,12,1200,1,2,1,1,6,185,4517355,551773,380,3,2,2,0,1,1,0,0,1,0,1,0,0
201600026181,16,7,21,1045,1,2,4,1,6,185,4518821,571483,380,3,1,1,0,2,1,0,0,1,0,1,0,0
201600026183,16,7,23,545,2,1,1,8,2,185,4515884,570144,380,1,1,3,0,1,1,0,99,2,0,1,0,0
201600026184,16,7,29,920,1,2,1,1,6,516,4520705,574508,380,4,2,2,0,2,1,0,0,1,0,1,0,0
201600026185,16,7,31,640,1,1,1,1,6,185,4515537,569907,380,1,3,4,0,1,1,0,0,1,0,1,0,0
201600026186,16,8,2,1730,1,2,2,1,6,421,4519365,575608,380,4,2,2,1,1,1,0,0,1,4,0,0,0
201600026187,16,8,3,1500,1,2,2,1,3,421,4516772,576227,380,3,0,0,0,1,1,0,0,1,5,0,0,0
201600026188,16,8,15,2210,5,2,2,1,6,185,4518769,572374,380,3,1,1,0,1,2,0,0,1,0,1,0,0
201600026189,16,8,16,1500,1,1,1,1,5,111,4511669,568488,380,1,3,3,0,1,1,0,100,1,0,1,0,0
201600026190,16,8,21,1940,1,2,1,1,6,185,4518345,573314,380,4,1,1,0,1,1,0,0,1,0,1,0,0
201600026191,16,8,27,100,3,1,1,1,7,423,4521512,571916,380,3,2,2,0,2,2,0,56,1,0,1,0,0
201600026192,16,9,1,1400,1,2,4,1,6,185,4518022,570363,380,1,1,0,0,0,0,0,0,1,3,0,0,0
201600026193,16,9,8,1820,1,2,2,1,6,185,4518651,573511,380,3,3,2,3,1,1,23,94,1,0,1,99,0
201600026194,16,9,9,920,1,2,5,1,4,185,4519370,571837,380,2,3,2,0,1,0,0,110,1,0,1,0,0
201600026195,16,9,11,1054,1,2,1,1,6,185,4518557,573087,380,3,1,4,0,1,1,0,0,1,0,1,0,1
201600026197,16,9,17,1205,1,1,1,2,2,185,4515178,572143,380,1,0,0,0,0,0,0,0,0,0,0,0,0
201600026198,16,9,21,1842,1,1,1,1,6,185,4515838,572432,380,6,0,0,0,0,0,0,35,0,0,0,0,0
201600026199,16,9,22,800,1,1,1,1,1,179,4516880,579678,380,3,2,2,0,1,3,0,81,2,0,1,0,0
201600026200,16,9,29,825,1,1,1,1,1,516,4519614,575293,380,4,2,1,1,2,1,0,0,1,0,5,0,0
201600026201,16,9,30,750,1,2,3,1,6,185,4518590,571502,380,4,2,2,0,1,1,0,0,1,0,1,3,0
201600026202,16,9,30,2105,5,1,1,1,6,516,4520352,577744,380,1,4,4,0,1,1,0,0,1,0,1,0,0
201600026203,16,10,6,1835,1,1,1,1,2,185,4520098,571606,380,2,2,1,3,1,2,0,35,1,0,2,0,0
201600026204,16,10,7,1040,1,2,1,1,6,151,4515914,572636,380,3,1,3,3,1,1,0,100,1,0,1,0,1
201600026205,16,10,7,1750,1,2,3,1,6,185,4517429,572946,380,4,1,1,0,1,1,0,0,1,0,1,3,0
201600026206,16,10,10,2032,5,2,2,1,6,185,4518102,572271,380,3,2,2,0,1,1,0,0,1,0,1,0,0
201600026207,16,10,12,1530,1,2,3,1,6,421,4518580,576620,380,4,0,0,0,0,0,0,0,0,0,0,0,0
201600026208,16,10,15,1930,1,2,1,1,3,151,4515108,570669,380,3,0,1,0,0,0,15,35,0,0,0,0,0
201600026209,16,10,16,615,1,2,1,1,2,185,4519249,572228,380,4,2,2,0,1,1,0,47,1,0,1,0,0
201600026210,16,10,17,1226,1,2,2,1,1,185,4519040,570431,380,3,2,2,0,1,1,0,0,2,0,1,0,0
201600026211,16,10,20,1640,1,2,1,1,2,516,4519648,575221,380,3,1,3,0,1,1,0,0,1,0,1,0,0
201600026212,16,10,22,1424,1,2,2,1,6,185,4517185,574353,380,4,0,0,0,1,1,0,0,1,0,0,0,0
201600026213,16,10,28,2020,4,1,1,1,5,185,4518027,571190,380,3,0,2,0,1,1,0,70,1,0,0,0,0
201600026214,16,10,29,2145,1,1,1,1,6,185,4518087,572217,380,3,1,2,0,1,1,0,70,1,0,1,0,0
201600026215,16,10,29,2359,4,1,1,1,2,185,4518143,570237,380,1,3,2,0,1,1,0,100,1,0,1,0,1
201600026216,16,11,4,1845,5,2,3,1,6,185,4518940,573057,380,4,1,1,1,1,1,0,53,1,0,1,0,0
201600026217,16,11,5,2240,5,2,3,2,3,185,4518946,572905,380,4,1,1,1,1,1,0,0,2,0,1,3,0
201600026218,16,11,8,750,1,2,1,8,6,185,4518826,573163,380,4,0,1,3,1,1,0,0,0,0,1,0,0
201600026219,16,11,16,1440,1,2,2,1,6,185,4517056,572762,380,3,2,2,0,1,1,0,0,1,0,1,0,0
201600026220,16,11,19,945,1,2,2,1,7,169,4519201,568548,380,3,2,1,3,1,1,0,600,1,0,1,0,0
201600026221,16,11,21,1645,1,2,2,9,6,185,4518588,571656,380,3,2,2,0,1,1,0,0,0,0,1,0,0
201600026222,16,11,24,1930,5,2,1,2,1,185,4517895,571094,380,4,2,2,0,1,3,0,100,2,0,1,0,0
201600026223,16,11,25,1750,5,1,1,1,4,516,4519747,575398,380,3,2,3,3,1,1,0,0,1,0,1,0,0
201600026224,16,11,26,620,3,1,5,2,7,185,4518311,577872,380,2,1,2,0,1,3,0,0,2,3,1,0,0
201600026225,16,12,1,740,1,2,2,1,3,185,4517052,572754,380,3,2,3,0,0,0,0,0,0,0,1,0,0
201600026226,16,12,9,820,1,1,1,1,1,185,4517380,571600,380,3,0,2,0,1,1,0,35,1,0,0,0,0
201600026227,16,12,9,1045,1,2,3,8,6,169,4519113,569596,380,3,2,2,0,1,1,0,70,1,0,1,99,0
201600026228,16,12,9,1820,5,2,1,1,4,185,4517616,570504,380,4,2,1,0,1,1,0,0,1,0,1,0,0
201600026229,16,12,10,2320,5,2,3,1,6,185,4518591,571844,380,2,1,1,0,1,1,0,0,1,0,1,0,0
201600026230,16,12,13,1910,5,1,2,1,6,185,4516948,571294,380,3,1,1,1,1,3,0,0,1,0,1,0,0
201600026231,16,12,13,830,1,2,1,1,6,185,4518426,573211,380,4,0,2,0,0,0,0,70,0,0,0,0,0
201600026232,16,12,16,1330,1,2,1,1,6,185,4518420,572370,380,3,2,2,0,1,1,0,70,0,0,1,0,0
201600026233,16,12,20,910,1,2,1,1,2,185,4518789,572231,380,3,2,2,0,1,1,0,0,1,0,1,0,0
201600026234,16,12,21,2000,4,1,1,1,6,185,4518024,570350,380,3,0,2,0,2,3,0,0,1,0,0,0,0
201600026235,16,12,22,1100,1,2,3,1,6,185,4515905,572849,380,3,2,1,3,1,1,0,40,1,0,1,0,0
201600026236,16,12,23,337,5,2,6,2,6,516,4520069,575833,380,1,0,0,0,0,0,0,0,2,0,0,0,0
201600026237,16,10,2,430,5,2,1,1,6,544,4550014,484911,380,3,2,2,0,0,0,0,0,0,0,3,0,0
201600026238,16,11,12,1755,5,1,1,2,6,544,4552682,490341,380,4,2,2,0,1,1,0,0,2,0,0,0,1
201600026239,16,1,9,2220,4,1,1,1,2,544,4552488,488404,380,3,2,2,0,1,3,0,64,2,0,1,99,0
201600026240,16,9,30,1355,1,1,2,1,5,318,4551929,491883,380,3,0,2,0,2,0,0,0,0,0,1,0,0
201600026241,16,11,17,1545,1,2,1,1,6,544,4551674,486896,380,3,0,2,0,1,0,0,0,0,0,0,0,0
201600026242,16,3,8,1820,2,2,1,1,3,544,4551063,485680,380,4,1,1,0,1,1,0,0,1,0,1,0,0
201600026243,16,10,14,808,2,2,1,3,6,544,4552913,487800,380,3,2,2,0,1,1,0,0,2,0,0,0,0
201600026244,16,3,8,1845,1,2,1,1,3,544,4558800,486572,380,2,2,2,0,2,3,0,81,1,0,0,0,0
201600026246,16,10,14,1135,1,1,1,1,1,544,4552498,488388,380,3,2,0,0,0,0,0,0,0,0,1,0,0
201600026247,16,5,25,1200,1,2,1,1,6,544,4552398,487350,380,4,0,0,0,0,0,0,0,0,0,1,0,0
201600026248,16,10,12,1540,1,1,4,1,1,318,4551000,492000,380,3,0,0,0,0,0,0,0,0,0,0,0,0
201600026250,16,4,3,1655,1,2,1,1,2,544,4552806,487342,380,3,2,3,0,1,0,0,120,0,2,1,0,0
201600026251,16,6,29,1016,1,1,1,1,3,318,4554436,492063,380,3,2,2,0,1,0,0,73,0,0,1,0,0
201600026252,16,6,5,1445,1,2,1,1,1,544,4552699,488271,380,4,2,2,0,0,0,0,0,0,0,0,0,0
201600026253,16,9,17,30,3,1,1,1,1,544,4552281,491097,380,3,2,0,0,0,0,0,0,0,0,1,0,0
201600026255,16,10,12,1250,1,2,1,1,6,544,4552836,487360,380,2,0,2,0,1,1,0,0,1,6,0,0,0
201600026256,16,1,2,1920,5,2,4,2,6,563,4536488,559075,380,3,2,0,0,0,0,0,0,1,0,0,0,0
201600026257,16,1,26,1905,5,2,1,1,2,563,4538075,557963,380,3,2,2,0,2,1,0,76,1,0,1,3,0
201600026258,16,1,27,1755,2,1,1,1,6,563,4535217,559145,380,3,2,2,0,1,1,0,0,1,0,1,0,0
201600026260,16,3,1,1205,1,2,1,1,2,563,4534975,558686,380,3,2,2,0,1,1,0,112,1,0,1,99,0
201600026261,16,3,18,1715,1,2,3,1,3,563,4536722,559461,380,4,2,2,0,2,1,0,80,1,0,1,99,0
201600026262,16,4,18,2100,5,2,1,2,2,563,4535805,559222,380,3,2,2,0,1,1,0,41,2,0,1,99,0
201600026263,16,5,13,815,1,1,1,3,4,563,4535119,556877,380,3,2,3,0,2,1,0,175,2,0,1,99,0
201600026264,16,6,6,1540,1,2,4,1,3,563,4522092,535021,380,4,1,2,0,1,1,0,56,1,0,1,0,0
201600026265,16,7,12,1100,1,2,6,2,6,563,4536177,558122,380,3,1,2,0,1,1,0,70,2,0,1,99,0
201600026267,16,9,4,1745,1,2,1,1,3,563,4536913,558441,380,3,3,2,0,2,1,50,70,1,5,1,99,0
201600026268,16,9,17,950,1,2,9,3,2,563,4536763,558963,380,3,3,4,0,2,1,0,67,2,6,0,0,0
201600026269,16,9,18,1445,1,2,1,1,5,563,4520000,535000,380,4,2,3,1,1,2,0,0,2,0,1,0,0
201600026270,16,10,4,1030,1,2,1,1,2,563,4537560,555808,380,4,3,1,0,2,1,0,0,1,0,1,99,0
201600026271,16,10,7,735,1,2,3,1,5,563,4536905,558307,380,4,1,2,0,1,1,0,0,1,0,1,0,0
201600026272,16,11,12,1000,1,2,1,1,2,563,4536000,558000,380,3,3,2,0,2,3,0,70,1,0,1,0,0
201600026274,16,11,18,635,5,2,1,1,6,563,4537000,558000,380,4,1,2,0,1,1,0,54,1,0,1,0,0
201600026275,16,12,14,1755,2,2,1,1,1,563,4537753,558148,380,4,1,2,0,2,1,0,0,1,0,1,99,0
201600026276,16,1,4,935,1,1,1,3,1,198,4710489,547383,390,3,2,2,0,2,2,0,78,2,0,1,99,1
201600026277,16,1,6,1830,3,1,1,2,6,233,4707789,546288,390,3,2,2,0,1,1,0,60,2,0,1,99,0
201600026278,16,1,20,2010,5,2,1,1,6,198,4709362,549362,390,4,2,2,0,2,1,0,0,2,0,1,0,0
201600026279,16,3,21,1420,1,1,1,1,1,198,4710560,547465,390,3,2,2,0,1,2,0,0,1,0,1,99,0
201600026280,16,3,15,1640,1,1,1,1,7,198,4707332,548663,390,6,0,0,0,1,1,0,0,1,0,0,99,0
201600026281,16,6,19,1050,1,2,1,8,6,198,4709036,549689,390,4,2,2,0,1,1,19,70,1,0,1,99,0
201600026282,16,7,15,1300,1,1,1,7,7,198,4711065,549770,390,3,2,2,0,1,1,0,0,1,0,3,0,0
201600026283,16,7,24,615,2,1,1,8,7,198,4710471,547368,390,3,2,2,0,1,2,0,0,9,0,3,99,0
201600026284,16,7,28,1855,1,2,6,1,6,150,4706473,545373,390,6,0,0,0,1,1,0,0,1,5,1,99,0
201600026285,16,9,22,1040,1,2,1,1,6,198,4707331,546837,390,4,2,2,0,1,1,0,0,1,0,4,99,1
201600026286,16,10,16,1925,2,1,1,1,2,198,4710529,547422,390,3,2,2,0,1,2,0,0,1,0,1,99,0
201600026287,16,10,19,1740,1,2,3,1,3,198,4709388,549783,390,4,2,2,0,2,1,0,0,1,0,1,99,0
201600026288,16,10,30,1735,5,2,1,1,6,198,4709097,549736,390,4,2,2,0,1,1,0,0,1,0,1,99,0
201600026289,16,11,19,2230,3,1,1,1,5,233,4707613,546062,390,3,2,2,0,1,1,0,0,1,0,1,99,0
201600026290,16,12,3,145,5,2,1,1,6,198,4708901,548139,390,4,2,2,0,1,1,0,0,1,0,4,99,1
201600026291,16,2,1,1640,1,2,2,1,3,300,4666935,554728,390,3,2,2,0,1,1,0,0,1,0,1,99,0
201600026292,16,4,14,1515,1,2,1,1,6,300,4667573,555391,390,4,1,2,0,1,2,0,68,1,0,1,99,0
201600026293,16,4,21,2100,3,1,1,1,6,362,4669089,549979,390,3,2,2,0,4,1,0,0,1,0,1,99,1
201600026294,16,7,2,925,1,2,1,1,6,362,4667522,553963,390,4,2,2,0,1,1,0,0,1,0,1,99,0
201600026295,16,7,10,1100,1,2,3,1,6,300,4668091,555791,390,4,2,2,0,1,1,0,100,1,5,1,99,0
201600026296,16,9,22,705,1,2,3,1,3,300,4667272,557601,390,3,2,2,0,1,1,0,76,1,0,1,3,0
201600026297,16,10,13,1800,2,2,1,3,6,362,4667539,553663,390,4,2,2,0,1,2,0,60,2,0,1,99,0
201600026298,16,10,14,2010,5,1,1,2,6,300,4667905,557299,390,3,2,2,0,1,1,0,0,2,0,1,99,0
201600026299,16,11,5,1825,5,2,1,3,6,300,4667435,554019,390,6,1,1,0,1,1,0,0,2,0,1,99,0
201600026300,16,11,7,1345,1,2,1,1,6,300,4667882,557024,390,4,2,2,0,1,1,0,0,1,0,1,99,0
201600026301,16,12,13,1420,1,2,1,1,6,300,4667228,556563,390,4,2,2,0,1,1,0,0,1,0,4,99,0
201600026302,16,12,3,1240,1,2,2,1,5,279,4372285,105157,400,3,0,2,0,1,1,6,86,1,0,1,0,0
201600026303,16,3,17,1315,1,1,1,1,5,279,4371788,108494,400,3,2,2,0,1,1,0,66,1,0,1,0,0
201600026304,16,2,4,550,3,1,6,1,3,88,4372417,103737,400,3,1,2,0,1,0,0,97,1,5,1,0,0
201600026305,16,5,18,845,1,2,1,1,6,279,4372475,106023,400,3,2,2,0,1,1,0,120,1,0,1,0,0
201600026306,16,4,17,1110,1,1,1,1,1,279,4371662,108195,400,3,2,2,0,1,1,0,70,1,0,1,0,0
201600026307,16,3,23,2050,5,2,3,1,3,279,4372528,106403,400,3,2,2,0,2,1,0,90,1,5,1,0,0
201600026308,16,4,21,1620,1,1,1,2,1,279,4373237,103216,400,3,2,2,0,1,1,0,110,2,0,1,0,0
201600026309,16,6,30,1330,1,2,2,1,1,279,4372395,105315,400,3,2,3,0,1,1,0,0,1,0,1,0,0
201600026310,16,7,24,1850,1,2,1,1,6,88,4371705,105346,400,3,2,2,1,1,1,0,60,1,0,1,0,0
201600026311,16,5,11,1945,1,2,1,1,7,88,4371314,105486,400,4,2,2,0,1,1,0,86,1,0,1,0,0
201600026312,16,9,3,1930,1,2,1,1,6,88,4370172,105152,400,4,0,2,0,1,1,0,0,1,0,4,0,0
201600026313,16,7,9,1555,1,2,3,1,3,88,4369503,106878,400,3,2,2,0,1,1,0,0,1,0,1,0,0
201600026314,16,10,29,1530,1,2,1,1,6,88,4371086,104985,400,4,2,2,0,2,1,0,0,1,0,1,0,0
201600026315,16,11,29,720,5,2,2,5,3,88,4369890,106570,400,4,2,2,0,1,1,0,65,0,0,1,0,0
201600026316,16,1,12,1535,1,2,1,2,4,192,4389548,49271,400,3,2,2,0,1,1,0,0,2,0,1,0,0
201600026317,16,12,24,910,1,1,1,2,6,192,4386446,48217,400,5,4,1,0,1,0,0,0,2,0,1,99,0
201600026318,16,2,2,1810,5,2,3,1,3,192,4388806,51594,400,4,2,2,0,1,1,0,0,0,0,1,0,0
201600026319,16,1,13,755,5,2,3,1,3,192,4388287,48187,400,4,2,2,0,1,1,0,0,1,0,1,0,0
201600026320,16,2,11,1555,1,2,3,8,3,192,4389297,50525,400,4,1,1,0,1,1,0,0,1,0,1,0,0
201600026321,16,2,24,1505,1,1,3,1,3,281,4385806,51752,400,4,2,2,0,1,0,0,0,1,0,1,0,0
201600026322,16,4,15,1200,1,2,1,1,6,192,4388835,50799,400,4,2,2,0,1,2,0,0,1,0,1,0,0
201600026323,16,5,16,811,1,1,6,1,7,192,4387512,46894,400,3,4,2,0,1,2,0,105,1,0,1,0,1
201600026324,16,5,27,1235,1,2,1,1,4,192,4387812,47741,400,3,2,2,0,1,1,0,0,1,0,1,0,0
201600026325,16,7,24,920,1,2,1,1,3,192,4389663,51253,400,4,2,2,0,1,1,0,0,1,0,1,0,0
201600026326,16,8,1,2050,1,2,1,1,2,192,4389308,50104,400,3,2,2,0,1,1,0,0,1,0,1,0,0
201600026327,16,8,5,810,1,2,6,7,3,192,4390280,47929,400,3,0,0,0,1,1,0,0,1,0,1,0,0
201600026328,16,8,9,1830,1,2,6,1,3,281,4386233,48552,400,3,2,2,0,1,2,0,0,1,0,1,99,0
201600026329,16,8,12,1000,1,1,1,1,3,192,4391852,48435,400,3,2,2,0,1,1,0,0,1,0,1,0,0
201600026330,16,8,19,515,5,1,1,1,6,192,4390395,48315,400,3,2,2,0,1,1,0,0,1,2,1,99,0
201600026331,16,8,31,1850,1,2,9,1,3,192,4388588,46978,400,4,2,1,1,0,0,0,0,0,0,1,0,0
201600026332,16,9,13,1125,1,2,1,1,6,192,4388950,50107,400,4,1,1,0,1,1,0,0,1,0,1,0,0
201600026333,16,11,16,1900,5,2,6,1,3,192,4388733,50019,400,3,4,2,0,1,3,0,0,1,0,1,0,0
201600026334,16,12,10,1923,5,2,1,1,6,192,4389277,46568,400,4,2,2,0,1,1,0,0,1,0,1,99,0
201600026335,16,10,17,1740,1,2,1,1,6,18,4759147,131259,410,4,2,2,0,1,1,0,0,1,0,1,99,0
201600026336,16,11,26,2122,5,2,1,1,3,18,4758994,134189,410,3,2,2,0,1,1,0,0,1,5,1,99,0
201600026337,16,1,9,920,1,2,1,1,1,18,4758238,132372,410,3,2,4,0,1,1,0,0,2,0,1,99,0
201600026338,16,1,14,1505,1,1,1,2,5,18,4759487,135273,410,3,3,4,0,2,1,0,0,2,0,1,99,0
201600026339,16,1,27,1100,1,2,1,1,6,18,4758664,133519,410,4,2,2,0,1,1,0,0,1,0,1,99,0
201600026340,16,1,28,755,5,2,1,2,6,18,4759240,130815,410,4,2,2,0,1,1,0,0,2,0,1,3,0
201600026341,16,1,29,1145,1,2,3,1,3,47,4760799,135519,410,3,2,2,2,1,1,0,0,1,5,1,99,0
201600026342,16,2,5,2120,3,1,1,1,7,295,4759658,138162,410,3,2,2,0,1,1,0,0,1,0,1,99,0
201600026343,16,1,16,1410,1,2,1,1,5,18,4756965,134052,410,3,2,2,0,1,3,0,0,1,0,1,99,1
201600026344,16,1,28,1905,5,2,3,1,1,18,4759083,134094,410,4,2,2,0,0,0,0,0,0,0,1,0,0
201600026345,16,2,10,850,1,2,1,1,6,18,4759291,133569,410,4,1,1,0,1,1,0,0,1,0,1,99,0
201600026346,16,2,12,1538,1,2,3,2,3,18,4759905,134486,410,4,2,2,0,1,1,0,0,2,0,1,99,0
201600026347,16,2,19,1540,1,1,1,1,2,18,4759584,135149,410,3,3,2,0,1,1,0,0,1,0,1,99,0
201600026348,16,2,24,1805,1,2,6,2,2,18,4761077,133816,410,3,1,1,0,1,2,0,0,2,0,1,99,0
201600026349,16,2,27,1220,1,2,1,1,6,18,4759675,133472,410,4,2,2,0,1,1,0,0,1,0,0,0,0
201600026350,16,2,27,1720,1,2,1,1,3,18,4758751,131859,410,4,2,2,0,1,1,0,0,1,0,1,99,0
201600026351,16,3,8,1031,1,1,1,1,2,18,4760990,133766,410,4,1,0,0,1,1,0,0,1,0,1,99,0
201600026352,16,3,29,1650,1,2,1,2,1,212,4757124,136139,410,4,2,2,0,1,2,0,0,1,0,1,99,0
201600026353,16,3,30,1500,1,2,1,1,1,47,4761149,135911,410,3,2,2,0,1,1,0,0,1,0,1,99,0
201600026354,16,3,31,1800,1,2,1,2,3,18,4759537,130111,410,4,2,2,0,1,1,0,0,2,0,1,99,0
201600026355,16,3,8,1209,1,2,2,1,6,18,4760649,132758,410,4,4,3,2,1,3,0,60,1,5,1,99,1
201600026356,16,4,1,1510,1,2,1,1,6,18,4758765,132560,410,4,1,1,0,1,2,0,0,1,6,1,99,0
201600026357,16,4,8,2110,5,2,1,1,7,295,4757270,137298,410,4,2,2,0,1,1,0,0,1,0,1,99,0
201600026358,16,4,11,1400,1,2,3,2,3,47,4761178,135826,410,4,2,2,0,1,1,0,0,2,0,1,0,0