Num_Acc,an,mois,jour,hrmn,lum,agg,int,atm,col,com,lat,long,dep,catr,circ,nbv,vosp,prof,plan,lartpc,larrout,surf,infra,situ,env1,killed
201600026359,16,4,14,1620,1,1,1,2,2,18,4760669,134336,410,3,3,4,0,1,1,0,0,2,2,1,99,0
201600026360,16,4,20,1510,1,2,1,1,3,18,4758057,134440,410,3,2,2,0,1,1,0,0,1,0,1,99,0
201600026361,16,4,16,1550,1,2,1,2,2,18,4757803,132113,410,3,2,2,0,1,1,0,0,2,2,1,99,0
201600026362,16,4,27,1335,1,2,6,1,3,212,4756185,137368,410,4,1,2,0,1,2,0,0,1,0,1,99,0
201600026363,16,4,28,1613,1,2,1,1,6,18,4759748,133652,410,4,1,1,0,1,1,0,0,1,0,1,99,0
201600026364,16,4,28,1640,1,2,3,1,3,18,4760066,132830,410,4,2,2,0,1,1,0,0,1,0,1,99,0
201600026365,16,5,4,800,1,2,9,1,3,18,4760751,132762,410,4,2,2,2,1,1,0,0,1,0,1,99,0
201600026366,16,4,29,2330,5,2,3,1,3,18,4758324,132086,410,4,1,0,0,1,1,0,0,1,0,1,99,0
201600026367,16,5,7,1625,1,2,1,1,3,18,4760073,131869,410,4,3,2,0,1,1,0,0,1,0,1,99,0
201600026368,16,5,11,1730,1,2,1,1,3,18,4759120,129935,410,4,2,2,0,1,1,0,0,1,0,1,99,0
201600026369,16,5,13,1355,1,1,1,2,2,47,4761138,133947,410,3,2,2,0,1,1,0,0,2,0,1,0,0
201600026370,16,5,21,1050,1,1,1,1,7,18,4756712,131276,410,4,2,1,0,1,1,0,0,1,0,0,99,0
201600026371,16,5,23,810,1,2,1,2,3,18,4759539,130112,410,4,2,2,0,1,1,0,0,2,0,1,99,0
201600026372,16,5,24,1730,1,2,6,1,2,18,4757489,132463,410,4,2,2,0,1,1,0,0,1,0,1,99,0
201600026373,16,5,20,1745,1,2,1,1,6,18,4759036,131197,410,4,2,1,0,1,1,0,0,1,0,1,99,0
201600026374,16,6,3,2130,2,2,1,1,7,295,4758198,136643,410,3,3,2,0,1,1,0,0,1,0,1,99,0
201600026375,16,6,2,1940,1,2,2,1,3,18,4758140,134310,410,4,2,2,0,1,1,0,0,1,5,1,3,0
201600026376,16,6,12,1900,1,2,1,2,2,18,4756903,133196,410,3,2,2,0,1,1,0,0,2,0,1,99,0
201600026377,16,6,13,1840,1,2,1,1,1,18,4761361,133042,410,4,2,2,0,1,1,0,0,2,0,1,99,0
201600026378,16,6,23,1325,1,1,1,1,4,18,4761541,130541,410,3,3,4,0,2,1,0,0,1,0,1,99,0
201600026379,16,6,27,1220,1,2,1,1,6,18,4757656,130029,410,4,2,2,0,1,3,0,0,1,0,4,3,0
201600026380,16,6,28,1205,1,2,2,1,3,212,4756050,136616,410,4,1,2,0,1,1,0,0,1,0,1,0,0
201600026381,16,6,15,835,1,2,1,1,6,18,4759887,132195,410,4,2,2,0,1,1,0,0,1,0,1,99,0
201600026382,16,7,20,340,3,1,1,1,7,295,4758632,136377,410,3,3,2,0,1,1,0,0,1,0,3,99,1
201600026383,16,7,25,1855,1,2,6,1,4,18,4761338,132754,410,3,0,1,0,1,1,0,0,1,5,1,99,0
201600026384,16,7,31,2100,1,2,1,1,1,18,4760052,134267,410,4,2,1,0,1,1,0,0,1,0,1,99,0
201600026385,16,8,12,1825,1,2,2,1,3,18,4760020,131965,410,4,4,2,0,1,1,0,0,1,0,1,99,0
201600026386,16,8,22,1735,1,2,1,1,4,47,4760310,134985,410,4,1,1,0,1,1,0,0,1,0,1,99,0
201600026387,16,8,24,1310,1,2,1,1,2,295,4759164,138742,410,4,2,0,0,1,1,0,0,1,0,1,99,0
201600026388,16,9,13,1730,1,1,1,1,2,18,4760305,134790,410,3,3,2,0,2,1,0,0,1,0,1,99,0
201600026389,16,9,15,800,1,2,1,2,7,18,4758206,130970,410,4,2,1,0,1,0,0,0,2,0,4,99,0
201600026390,16,9,15,1650,1,2,1,1,2,18,4759073,133755,410,4,2,2,0,1,1,0,0,1,0,1,99,0
201600026391,16,8,17,1640,1,2,1,1,1,18,4758560,130028,410,3,2,2,0,1,2,0,83,1,0,1,99,1
201600026392,16,8,28,447,3,1,1,1,2,295,4758900,136022,410,3,3,2,0,2,1,0,0,1,0,1,99,0
201600026393,16,10,6,1720,1,1,1,1,4,295,4759407,135386,410,3,3,2,0,1,1,0,0,1,2,1,99,0
201600026394,16,10,14,1025,1,2,1,1,7,18,4759973,134572,410,4,2,2,0,1,1,0,0,1,0,1,99,0
201600026395,16,10,14,908,1,2,1,1,2,18,4759237,129965,410,4,2,2,0,1,1,0,0,2,0,1,99,0
201600026396,16,10,17,700,5,2,1,1,6,18,4759888,132188,410,4,2,2,0,1,1,0,0,1,0,1,99,0
201600026397,16,10,1,1955,5,2,1,1,3,18,4758713,131550,410,4,1,2,3,1,1,0,0,1,0,1,99,0
201600026398,16,10,30,550,5,2,1,5,7,18,4758205,134374,410,4,2,2,0,1,1,0,0,1,0,1,0,0
201600026399,16,11,5,930,1,2,3,1,3,18,4759237,130628,410,4,2,2,0,1,1,0,0,1,0,1,99,0
201600026400,16,11,7,1223,1,2,1,2,7,18,4759136,133612,410,4,2,2,0,1,1,0,0,2,0,1,99,0
201600026401,16,11,10,345,3,1,1,1,7,295,4758543,136456,410,3,3,4,0,1,1,0,0,2,0,3,99,0
201600026402,16,11,23,2235,5,2,1,1,7,18,4758785,132515,410,4,2,2,0,1,2,0,0,2,0,4,0,0
201600026403,16,11,20,1200,1,2,1,1,2,18,4759647,132370,410,4,2,2,0,1,1,0,0,1,0,1,99,0
201600026404,16,12,7,930,1,2,1,1,6,47,4760825,135532,410,3,2,0,0,1,1,0,0,1,0,1,99,0
201600026405,16,12,7,1300,1,2,1,1,2,295,4757701,136531,410,3,2,2,0,1,1,0,0,1,0,1,99,0
201600026406,16,11,23,1750,5,2,1,1,6,18,4758201,130007,410,3,2,2,0,1,3,0,0,1,0,1,99,0
201600026407,16,12,1,1730,5,2,1,1,4,47,4761218,135980,410,3,2,2,0,1,1,0,0,1,0,1,0,0
201600026408,16,12,15,745,2,2,1,1,3,295,4757690,137822,410,3,2,2,0,2,4,0,0,1,0,1,99,0
201600026409,16,12,22,1350,1,2,3,2,3,295,4757759,137549,410,3,1,0,0,2,1,0,0,2,0,1,99,0
201600026410,16,12,23,1355,1,2,1,1,6,18,4758846,130425,410,4,2,2,0,1,1,0,0,1,0,1,99,0
201600026411,16,1,5,1210,1,2,2,1,3,269,4780026,105743,410,4,4,3,0,4,1,0,107,1,4,1,99,0
201600026412,16,12,23,1610,1,2,5,1,1,226,4781109,107380,410,2,1,2,0,2,1,0,0,1,0,1,99,0
201600026413,16,1,15,1600,1,2,2,1,6,269,4780420,107115,410,2,3,4,0,1,1,0,0,1,5,1,99,1
201600026414,16,1,21,1740,2,2,3,1,3,269,4780322,106102,410,4,2,2,0,1,1,0,58,1,0,1,99,0
201600026415,16,2,25,1640,1,2,1,1,6,269,4780638,106797,410,4,2,2,0,1,1,0,78,1,0,4,99,0
201600026416,16,3,16,920,1,2,3,1,6,269,4780646,106602,410,4,2,2,0,1,1,0,0,1,0,1,99,0
201600026417,16,5,5,255,4,2,1,1,6,226,4781471,107059,410,3,2,2,0,2,3,0,55,1,0,1,99,0
201600026418,16,5,10,2230,5,2,9,1,3,226,4781097,107393,410,2,1,2,0,2,1,0,73,1,5,1,99,0
201600026419,16,5,31,1600,1,1,1,2,1,269,4781112,102546,410,3,2,2,0,1,2,0,0,2,0,1,99,0
201600026420,16,6,18,20,5,2,7,2,6,269,4779161,106729,410,4,2,1,0,1,2,0,0,2,0,1,99,0
201600026421,16,6,26,1820,1,2,6,1,5,269,4780061,104736,410,4,2,2,0,0,0,0,0,0,0,1,0,0
201600026422,16,6,26,1842,1,2,3,1,3,269,4778613,107858,410,4,2,2,0,2,1,20,52,1,0,1,3,0
201600026423,16,7,7,1745,1,2,1,1,2,269,4779874,107323,410,2,2,4,0,1,1,0,0,1,0,1,99,0
201600026424,16,9,17,1955,1,2,3,1,1,269,4780169,106107,410,4,2,2,0,1,1,0,0,1,0,1,99,0
201600026425,16,10,27,1710,1,1,1,1,3,226,4783126,106699,410,4,2,2,0,1,2,0,0,1,0,1,99,0
201600026426,16,11,4,1730,1,2,1,1,2,269,4779773,106851,410,4,0,2,0,1,1,0,0,1,0,1,99,0
201600026427,16,11,6,558,3,1,1,1,6,3,4778898,110428,410,3,2,2,0,1,0,0,0,2,0,3,99,0
201600026428,16,11,28,415,3,1,1,1,6,269,4781642,104678,410,4,2,2,0,1,1,0,0,1,0,3,99,0
201600026429,16,12,31,1005,1,2,1,1,6,316,4540166,426034,420,4,2,2,0,1,1,0,0,1,6,1,0,0
201600026430,16,1,20,825,1,2,1,1,6,183,4540120,436067,420,4,2,2,0,1,1,0,55,1,0,4,0,0
201600026431,16,1,27,1800,1,2,1,1,1,44,4539443,430601,420,3,2,2,0,1,1,0,0,1,0,0,0,0
201600026432,16,1,27,1925,5,2,1,1,3,95,4538127,428228,420,4,2,2,0,2,1,0,67,1,0,1,0,1
201600026433,16,1,29,1720,1,1,3,1,1,99,4538929,426309,420,4,2,2,0,1,1,0,0,1,0,1,0,0
201600026434,16,2,5,915,1,2,1,1,6,183,4540339,436490,420,4,2,2,0,2,1,0,65,1,6,1,0,0
201600026435,16,2,12,1720,1,2,1,1,6,316,4539232,428590,420,3,2,2,0,1,1,0,72,1,0,1,0,1
201600026436,16,2,21,1315,1,1,1,1,6,183,4540458,436863,420,4,2,2,0,2,1,0,65,1,0,1,0,0
201600026437,16,3,4,1945,5,1,1,3,6,316,4540833,424581,420,3,2,2,0,1,1,0,60,2,0,1,0,0
201600026438,16,4,4,1010,1,2,1,8,1,44,4539567,432209,420,4,2,2,0,2,1,0,90,1,0,1,0,0
201600026439,16,4,7,1100,1,2,1,1,1,44,4539368,433816,420,4,2,2,0,2,2,0,60,1,0,0,0,0
201600026440,16,4,22,1055,1,2,1,1,6,44,4539632,432678,420,3,1,1,0,2,1,0,50,1,0,1,0,0
201600026441,16,5,12,1445,1,2,1,1,1,31,4540411,423434,420,3,2,2,0,2,1,0,52,1,0,1,99,0
201600026442,16,5,18,1730,1,1,3,1,3,316,4540226,426023,420,4,1,1,0,2,1,0,0,1,0,1,0,0
201600026443,16,5,29,125,5,2,1,1,6,44,4538720,432741,420,4,2,1,0,2,1,0,0,1,0,0,0,0
201600026444,16,6,7,1325,1,2,1,1,5,95,4537281,427136,420,3,2,2,0,1,3,0,0,1,0,1,0,0
201600026445,16,6,22,1415,1,1,1,1,1,31,4541452,423684,420,3,2,2,0,2,3,0,60,1,0,1,0,0
201600026446,16,7,3,2045,1,1,1,1,1,95,4540769,429390,420,3,2,2,0,2,2,0,88,1,0,1,0,0
201600026447,16,7,18,2105,1,2,1,1,6,183,4540116,436017,420,4,2,2,0,2,1,0,57,1,0,3,3,0
201600026448,16,10,4,945,1,2,1,1,6,95,4538708,428162,420,4,3,1,0,1,1,10,80,1,6,1,3,0
201600026449,16,10,23,2145,5,2,1,1,2,183,4540109,435603,420,3,2,2,0,2,1,0,60,1,0,1,0,0
201600026450,16,11,5,1725,5,2,1,2,6,95,4539151,429005,420,3,2,3,0,1,1,0,0,2,0,1,0,0
201600026451,16,11,17,1653,1,2,3,1,3,187,4604040,405356,420,4,2,2,0,0,0,0,0,0,0,1,0,0
201600026452,16,11,19,1630,1,1,1,1,1,170,4604185,412380,420,3,3,2,0,0,0,0,0,1,0,1,0,0
201600026453,16,11,23,300,5,2,9,1,6,187,4604168,407327,420,4,2,2,0,1,0,0,80,2,0,1,0,1
201600026454,16,11,25,1730,5,2,1,1,6,71,4602549,408638,420,4,0,0,0,1,0,0,0,1,0,1,99,0
201600026455,16,11,30,1450,1,2,3,1,3,187,4603850,406843,420,4,0,2,0,0,0,0,20,1,0,1,0,0
201600026456,16,12,7,1415,1,2,4,1,3,187,4610613,407702,420,4,2,2,0,0,0,0,0,0,0,1,0,0
201600026457,16,12,11,1440,1,2,1,1,1,187,4603586,407118,420,4,2,2,0,1,1,0,0,1,0,1,99,0
201600026458,16,12,13,1810,2,2,1,1,6,187,4605179,407320,420,4,2,2,0,1,1,0,0,1,0,1,99,0
201600026459,16,12,17,101,5,2,1,1,6,127,4606383,406817,420,4,0,0,0,1,1,0,0,1,0,0,0,0
201600026460,16,12,19,1810,5,2,1,2,7,184,4604159,405002,420,4,0,0,0,1,1,0,0,2,0,1,99,0
201600026461,16,12,20,1854,2,2,3,1,3,127,4606375,406938,420,4,0,2,0,0,0,0,0,0,0,1,0,0
201600026462,16,12,20,1650,2,2,1,3,7,127,4607005,406501,420,4,0,2,0,1,1,0,0,2,0,3,0,0
201600026463,16,1,3,1050,1,2,3,1,3,187,4603373,405482,420,4,2,2,0,1,1,0,100,1,0,1,99,0
201600026464,16,1,3,1830,5,2,1,2,6,187,4603616,407527,420,4,2,2,0,1,1,0,60,2,0,1,3,0
201600026465,16,1,7,1155,1,2,1,2,2,187,4605118,409110,420,4,2,2,0,1,1,0,80,2,0,0,99,0
201600026466,16,1,7,1615,1,1,1,1,7,170,4603189,418982,420,3,2,2,0,1,2,0,100,1,0,1,99,1
201600026467,16,1,8,1210,1,2,3,1,3,187,4603589,407962,420,4,2,2,1,1,1,0,50,1,0,1,99,0
201600026468,16,1,9,1550,1,2,1,1,7,127,4607295,407336,420,4,2,2,0,1,1,0,95,1,0,1,99,0
201600026469,16,1,14,1015,1,2,2,1,3,184,4604416,404059,420,4,0,2,0,1,1,0,80,1,0,1,0,0
201600026470,16,1,23,1615,1,2,2,1,3,184,4604516,403617,420,4,2,2,0,1,1,0,81,1,0,1,99,0
201600026471,16,1,28,1758,5,2,1,1,6,187,4604257,406621,420,4,2,2,0,1,1,0,80,1,0,1,3,0
201600026472,16,2,2,1355,1,1,1,1,7,170,4603705,412716,420,3,2,2,0,1,1,0,63,1,0,1,99,0
201600026473,16,2,3,1835,5,2,2,2,3,184,4604007,402853,420,4,2,2,0,4,1,0,70,0,0,1,99,0
201600026474,16,2,4,1010,1,1,1,1,7,170,4604120,415280,420,3,2,2,0,1,1,0,75,1,0,1,99,0
201600026475,16,2,4,1821,5,2,2,1,6,187,4604196,408162,420,4,2,2,0,1,1,0,66,1,0,1,0,0
201600026476,16,2,6,150,5,2,1,1,7,127,4606276,405965,420,4,3,2,0,1,1,10,94,1,0,1,99,0
201600026477,16,2,7,1625,1,2,1,1,6,184,4605519,402600,420,4,2,2,0,1,1,0,46,1,0,1,99,0
201600026478,16,2,9,1106,1,2,3,6,6,187,4604785,408248,420,4,2,2,0,1,1,0,50,1,0,1,0,0
201600026479,16,2,10,850,1,2,6,1,3,127,4605777,407221,420,3,1,2,0,1,2,80,50,1,5,1,99,0
201600026480,16,2,12,1850,5,2,2,2,1,187,4604327,406039,420,4,2,2,0,1,1,0,69,2,0,1,99,0
201600026481,16,2,16,1400,1,2,2,1,3,127,4606708,406965,420,4,2,2,0,1,1,0,53,1,0,1,99,0
201600026482,16,2,24,850,1,2,1,2,6,187,4603554,407934,420,4,2,2,1,1,1,0,50,2,0,1,99,0
201600026483,16,2,26,1405,1,2,1,1,2,184,4605030,406405,420,4,3,4,0,0,2,0,116,1,0,1,99,0
201600026484,16,2,26,1530,1,2,1,1,3,187,4603212,407512,420,4,2,2,0,1,1,0,60,1,0,1,99,0
201600026485,16,2,28,1525,1,2,6,1,7,187,4603203,406780,420,4,2,2,0,1,1,0,111,1,0,1,3,0
201600026486,16,3,3,1110,1,2,3,2,2,187,4603264,407939,420,4,2,2,0,1,1,0,60,2,2,1,99,0
201600026487,16,3,4,2015,5,2,1,2,7,187,4603610,406030,420,4,2,2,0,1,1,0,80,2,0,1,99,0
201600026488,16,3,5,1700,1,2,2,1,3,187,4604082,405802,420,4,2,2,0,1,1,0,82,1,0,1,99,0
201600026489,16,3,7,1945,5,2,2,2,3,187,4604826,406940,420,4,2,2,0,1,1,0,70,2,0,1,0,0
201600026490,16,3,8,1610,1,2,3,1,3,187,4603908,404748,420,4,2,2,0,1,1,0,80,1,0,1,99,0
201600026491,16,3,15,1035,1,2,1,1,3,127,4606781,405972,420,4,2,2,0,1,1,0,80,1,0,1,99,0
201600026492,16,3,22,1210,1,2,1,1,2,187,4603688,406616,420,4,1,2,0,1,1,0,70,1,5,1,99,0
201600026493,16,3,22,1740,1,2,2,1,3,187,4602474,405782,420,4,2,2,0,1,1,0,150,1,0,1,99,0
201600026494,16,3,23,1740,1,1,1,1,6,187,4603368,402987,420,4,2,2,0,1,1,0,80,1,0,3,99,0
201600026495,16,3,25,1141,1,2,1,1,2,187,4605107,408276,420,4,1,1,0,1,1,74,63,1,0,1,99,0
201600026496,16,3,26,1208,1,2,7,1,3,187,4603653,406770,420,4,1,3,1,1,1,0,100,1,0,1,99,0
201600026497,16,4,3,1025,1,1,1,2,1,170,4604357,412502,420,3,2,2,0,1,1,0,100,2,0,1,99,0
201600026498,16,4,10,1120,1,2,3,1,3,127,4607834,406682,420,4,2,2,0,1,1,0,100,1,0,1,0,0
201600026499,16,4,14,1355,1,2,2,1,3,187,4603939,406646,420,4,2,2,0,1,1,0,75,1,0,1,0,0
201600026500,16,4,29,1740,1,1,1,1,4,187,4603446,407495,420,4,1,2,0,1,1,0,50,1,0,1,99,0
201600026501,16,4,30,1915,2,2,2,2,5,71,4602775,408493,420,4,2,2,0,1,1,0,60,2,0,1,0,0
201600026502,16,5,3,1310,1,2,2,1,3,184,4605533,404794,420,4,2,2,0,1,1,0,70,1,0,1,99,0
201600026503,16,5,3,2113,5,2,1,1,7,184,4602773,403193,420,4,1,2,0,1,2,0,60,1,0,1,99,0
201600026504,16,5,7,1040,1,1,1,1,1,170,4604709,412237,420,4,2,2,0,1,1,0,100,1,0,1,0,0
201600026505,16,5,9,1223,1,2,2,1,3,187,4602907,405300,420,4,2,2,0,1,1,0,60,1,0,1,3,0
201600026506,16,5,18,1845,1,2,1,1,2,187,4607439,409904,420,4,2,2,0,1,3,10,140,1,0,1,99,0
201600026507,16,5,12,1345,1,2,2,1,3,187,4603192,407574,420,4,2,2,0,1,1,0,79,1,0,1,99,0
201600026508,16,5,17,830,1,2,2,1,6,187,4602470,405779,420,4,2,2,0,1,1,0,90,1,0,1,3,0
201600026509,16,5,18,1700,1,2,2,1,3,187,4604755,406889,420,4,2,2,0,1,1,0,87,1,0,1,0,0
201600026510,16,5,19,1740,1,2,2,1,3,184,4603150,404607,420,4,3,2,0,1,1,0,100,1,0,1,99,0
201600026511,16,5,20,1415,1,1,2,1,3,184,4605110,400291,420,4,2,2,0,1,1,0,50,1,0,1,99,0
201600026512,16,5,23,1650,1,2,1,2,3,187,4603415,406942,420,4,0,1,0,1,1,0,74,2,0,4,99,0
201600026513,16,5,23,1830,1,2,1,2,5,71,4602671,408553,420,4,2,2,0,1,1,0,80,2,0,1,99,0
201600026514,16,5,26,1120,1,2,6,1,3,187,4605994,407626,420,4,2,2,0,1,1,0,80,1,0,1,99,0
201600026515,16,6,6,1310,1,2,3,1,3,187,4603059,404975,420,4,1,1,0,1,3,0,60,1,0,1,99,0
201600026516,16,6,7,1230,1,2,6,1,3,184,4604913,405151,420,4,2,2,0,1,1,0,60,1,0,1,0,0
201600026517,16,6,9,1900,1,2,1,1,4,71,4602638,409202,420,4,2,2,0,1,1,0,85,1,0,1,99,0
201600026518,16,6,11,1100,1,1,2,1,3,170,4603973,409813,420,2,3,2,0,1,1,0,100,1,0,1,99,0
201600026519,16,6,13,1700,1,2,2,2,3,187,4604075,405637,420,4,2,2,0,1,1,0,75,2,0,1,99,0
201600026520,16,6,15,1220,1,2,2,2,3,187,4605584,408653,420,4,2,4,1,1,1,36,174,2,0,1,99,0
201600026521,16,6,16,1815,1,1,1,1,7,170,4603710,412623,420,3,2,2,0,1,1,0,100,1,0,1,99,0
201600026522,16,6,17,1430,1,1,1,1,1,127,4610670,407712,420,3,2,2,0,1,1,0,74,1,0,1,99,0
201600026523,16,6,22,1700,1,2,1,1,7,184,4603560,404534,420,4,3,2,0,1,1,0,72,1,0,1,99,0
201600026524,16,6,24,1550,1,2,3,1,6,187,4603454,407476,420,4,2,2,0,1,1,0,60,1,0,1,3,0
201600026525,16,6,30,2030,2,2,2,1,3,187,4603774,405525,420,4,2,2,0,1,1,0,85,1,0,1,99,0
201600026526,16,7,1,205,5,2,6,1,1,187,4602890,406557,420,4,2,2,0,1,1,0,56,1,0,1,99,0
201600026527,16,7,1,1720,1,2,1,1,4,71,4602351,409672,420,4,3,2,0,1,1,0,80,1,0,1,99,0
201600026528,16,7,4,833,1,2,1,1,6,187,4603399,407438,420,4,1,1,0,1,1,0,50,1,0,1,99,0
201600026529,16,7,7,1830,1,2,1,1,2,127,4607814,403414,420,2,3,2,0,1,1,0,100,1,0,1,0,0
201600026530,16,7,9,1950,1,1,2,1,3,187,4603866,405753,420,4,2,2,0,1,1,31,111,1,0,1,99,0
201600026531,16,7,10,2132,1,2,1,1,3,187,4603689,406612,420,4,1,1,0,1,1,0,80,1,0,1,99,0
201600026532,16,7,16,1030,1,1,2,1,6,71,4600536,409924,420,4,2,2,0,1,1,0,70,1,0,1,99,0
201600026533,16,7,18,1220,1,2,6,1,3,184,4604746,405178,420,4,2,2,0,1,2,0,80,0,0,1,99,0
201600026534,16,7,20,1820,1,2,1,1,7,187,4602769,404859,420,4,2,2,0,1,1,0,80,1,0,1,99,0
201600026535,16,7,21,1530,1,2,1,2,6,187,4603167,407015,420,4,2,2,3,1,1,0,100,2,0,1,3,0
201600026536,16,7,22,1940,1,2,1,9,6,170,4603770,417337,420,3,2,2,0,1,1,0,0,1,0,1,99,0
201600026537,16,7,29,1745,1,2,1,1,6,184,4605183,406574,420,4,2,2,0,1,1,0,104,1,0,1,99,0
201600026538,16,7,30,2110,2,2,1,1,6,170,4603269,410066,420,2,1,1,0,1,2,0,60,1,0,1,99,0
201600026539,16,8,5,1025,1,2,6,1,1,187,4603940,406808,420,4,2,2,0,1,1,0,60,1,0,1,0,0
201600026540,16,8,19,1010,1,2,2,1,3,187,4604909,407402,420,4,2,2,0,1,1,0,60,1,0,1,0,0
201600026541,16,8,27,1505,1,2,1,1,2,71,4603130,408290,420,4,2,2,0,1,1,0,80,1,0,1,99,0
201600026542,16,8,30,1800,1,2,1,1,3,187,4603628,406946,420,4,1,1,0,1,1,0,60,1,0,1,99,0
201600026543,16,8,30,1810,1,2,3,1,3,71,4602617,409298,420,4,2,2,0,1,1,0,80,1,0,1,0,0
201600026544,16,9,1,900,1,2,6,1,1,184,4604579,405597,420,4,2,2,0,1,1,0,60,1,0,1,99,0
201600026545,16,9,1,2113,1,2,1,1,7,184,4604009,405213,420,4,1,2,0,1,2,0,60,1,5,1,99,0
201600026546,16,9,2,1030,1,2,3,1,3,187,4604226,406628,420,4,2,2,1,1,1,0,90,1,0,1,0,0
201600026547,16,9,4,1855,1,2,3,1,6,187,4603798,406854,420,4,2,2,0,1,1,0,60,1,0,1,0,0
201600026548,16,9,6,1910,2,2,3,1,3,187,4603363,407887,420,3,0,2,0,0,0,0,0,0,0,1,0,0
201600026549,16,9,6,1535,1,2,3,1,3,187,4602422,406813,420,4,0,2,0,1,0,0,80,1,0,1,99,0
201600026550,16,9,8,805,1,2,7,7,6,187,4603642,406379,420,4,0,2,0,2,0,0,80,1,0,1,3,0
201600026551,16,9,10,1645,1,2,1,1,6,127,4605886,407224,420,4,0,2,0,0,1,0,80,1,0,1,0,0
201600026552,16,9,11,940,1,2,9,1,1,184,4605473,406372,420,6,0,0,0,0,0,0,0,0,0,0,0,0
201600026553,16,9,13,1010,1,2,1,1,2,187,4604226,406616,420,4,2,2,0,0,0,0,0,0,0,1,0,0
201600026554,16,9,14,1355,1,2,3,1,3,71,4602587,408619,420,4,2,2,0,1,1,0,80,1,0,1,99,0
201600026555,16,9,16,1640,1,2,1,2,2,184,4604765,405119,420,4,1,2,0,1,3,15,71,2,5,1,0,0
201600026556,16,10,4,1500,1,2,1,1,6,127,4607165,406670,420,4,0,0,0,1,1,0,0,1,0,1,0,0
201600026557,16,10,4,1140,1,2,3,1,6,187,4602899,406562,420,4,2,2,0,0,0,0,0,1,0,1,0,0
201600026558,16,10,9,1530,1,2,3,1,5,184,4605060,406670,420,4,2,2,0,1,1,0,80,1,0,1,0,0
201600026559,16,10,12,1640,1,2,3,1,3,71,4602173,409223,420,4,0,2,0,0,0,0,0,0,0,1,0,0
201600026560,16,10,12,2119,5,2,3,1,3,187,4605335,408582,420,4,0,0,0,0,3,0,0,1,0,1,0,0
201600026561,16,10,14,1625,1,2,3,3,3,127,4606551,406834,420,4,2,2,0,1,1,0,80,2,0,1,99,0
201600026562,16,10,15,1105,1,2,3,1,6,187,4603183,407163,420,4,2,2,0,1,1,0,80,1,0,1,3,0
201600026563,16,10,19,1456,1,2,7,1,4,71,4603300,407908,420,4,0,0,0,1,1,0,0,0,2,1,0,0
201600026564,16,10,19,1740,1,2,1,1,6,187,4603048,404689,420,4,2,0,0,0,0,0,0,0,0,4,99,0
201600026565,16,10,19,1936,5,2,3,1,2,187,4603265,407951,420,3,2,2,0,1,1,0,0,1,0,1,0,0
201600026566,16,10,27,1311,1,2,1,1,6,187,4603728,400635,420,4,2,2,0,1,1,0,0,1,0,1,0,0
201600026567,16,10,27,2014,5,2,6,1,1,187,4603987,405218,420,4,0,2,0,0,0,0,0,0,0,1,0,0
201600026568,16,10,29,1000,1,2,1,1,6,187,4603967,405401,420,4,2,0,0,1,1,0,0,1,0,1,0,0
201600026569,16,11,2,1445,1,2,1,1,7,187,4605435,409020,420,4,0,2,0,1,1,0,0,1,0,0,0,0
201600026570,16,11,3,805,2,2,9,5,6,184,4604971,406306,420,4,2,0,0,0,0,0,0,2,0,1,0,0
201600026571,16,11,6,1825,2,2,3,2,6,184,4605359,404974,420,4,0,2,0,1,0,0,0,2,0,3,99,0
201600026572,16,11,7,1222,1,2,1,2,6,127,4607618,406663,420,4,3,2,0,0,0,0,0,2,0,1,0,0
201600026573,16,11,4,2312,5,2,2,1,3,187,4604180,405653,420,4,3,2,0,1,1,0,0,1,0,1,99,0
201600026574,16,11,9,800,1,2,3,3,3,184,4605150,404469,420,4,2,2,0,1,1,0,0,2,0,1,3,0
201600026575,16,11,10,1820,2,2,1,2,3,170,4602572,409445,420,4,0,2,0,1,1,0,0,2,0,1,3,0
201600026576,16,11,10,1405,1,2,1,2,6,71,4601886,410231,420,2,0,1,0,1,1,0,0,2,0,0,99,0
201600026577,16,11,11,935,1,2,9,2,6,184,4603985,405211,420,4,1,1,0,1,2,0,0,2,0,1,99,0
201600026578,16,11,12,1018,1,2,1,1,1,187,4602545,408208,420,4,0,1,0,1,1,0,0,1,0,1,99,0
201600026579,16,11,16,1215,1,2,1,1,1,187,4603860,406414,420,4,2,2,0,1,1,0,0,1,0,5,99,0
201600026580,16,11,16,1853,4,2,1,1,4,71,4606289,406278,420,2,0,2,0,0,1,0,0,2,0,1,99,0
201600026581,16,12,22,1450,1,2,1,1,6,218,4544289,438324,420,4,1,1,0,1,1,0,0,1,0,1,0,0
201600026582,16,12,30,1920,3,1,1,1,4,218,4542232,436702,420,3,3,1,0,1,2,0,0,9,0,1,99,0
201600026583,16,12,28,1210,1,2,2,1,3,218,4544976,436476,420,4,2,2,0,1,1,0,0,1,0,1,0,0
201600026584,16,1,5,1130,1,2,1,1,6,218,4547205,439470,420,4,2,2,0,2,1,0,0,1,0,1,99,0
201600026585,16,1,7,2000,1,2,1,1,3,218,4541468,440195,420,4,2,3,0,1,1,0,0,1,0,1,0,0
201600026586,16,1,14,1315,1,2,1,1,6,218,4543071,439588,420,4,2,7,0,1,1,0,0,1,0,1,0,0