Num_Acc,an,mois,jour,hrmn,lum,agg,int,atm,col,com,lat,long,dep,catr,circ,nbv,vosp,prof,plan,lartpc,larrout,surf,infra,situ,env1,killed
201600026588,16,1,23,225,5,2,1,2,6,218,4542593,440275,420,4,2,2,0,2,3,0,0,2,0,1,0,0
201600026589,16,1,31,1920,5,2,3,2,3,218,4546486,439869,420,4,2,4,0,3,1,0,0,2,0,1,99,0
201600026590,16,2,12,1200,1,2,1,1,3,218,4544679,439722,420,4,2,4,0,1,1,0,0,9,0,1,99,0
201600026591,16,2,17,1025,1,2,1,1,3,218,4545443,441178,420,4,2,5,0,1,1,0,0,1,3,1,99,0
201600026592,16,2,13,2030,5,2,3,1,3,218,4542257,439185,420,4,1,1,0,2,1,0,0,1,0,0,0,0
201600026593,16,1,2,1439,1,2,2,1,3,218,4543390,442074,420,4,2,0,0,1,1,0,0,1,0,1,0,0
201600026594,16,3,12,1705,1,2,3,1,1,218,4542193,440125,420,4,2,2,0,3,1,0,0,1,0,1,0,0
201600026595,16,3,14,820,1,2,1,1,6,218,4541633,439025,420,4,1,2,0,1,1,0,0,1,0,1,0,0
201600026596,16,3,19,1215,1,2,3,1,3,218,4541136,439805,420,4,2,3,0,2,1,0,0,1,0,1,0,0
201600026597,16,1,2,1537,1,2,1,1,6,218,4544228,442077,420,6,1,2,0,1,1,0,0,1,0,1,99,0
201600026598,16,1,7,1210,1,2,1,1,7,218,4541918,442373,420,4,2,2,0,1,2,0,0,1,0,1,3,0
201600026599,16,1,15,319,5,2,1,1,7,218,4543187,439536,420,4,2,4,0,1,3,0,0,1,0,1,99,0
201600026600,16,3,11,1730,1,1,1,1,4,330,4547377,434565,420,3,3,2,0,1,1,0,0,1,0,1,99,0
201600026601,16,3,4,735,1,2,1,2,6,218,4542424,440750,420,4,3,4,0,1,1,0,0,2,0,1,3,0
201600026602,16,1,16,1121,1,2,1,8,6,275,4547148,437829,420,4,2,2,0,2,1,0,0,5,0,1,3,0
201600026603,16,1,22,1226,1,2,1,1,3,218,4545714,440522,420,4,2,2,0,2,2,0,0,1,0,1,99,0
201600026604,16,4,1,1725,1,2,3,2,6,218,4543263,438729,420,4,2,3,0,2,1,0,0,2,0,1,0,0
201600026605,16,3,1,1015,1,2,6,1,6,218,4544376,441922,420,4,1,1,0,1,2,0,0,1,5,1,99,0
201600026606,16,2,5,1329,1,2,1,1,6,218,4544173,438167,420,4,1,1,0,1,1,0,0,1,0,1,99,0
201600026607,16,2,10,1152,1,2,1,1,6,218,4544229,441393,420,4,1,1,0,2,1,0,0,1,0,1,99,0
201600026608,16,3,31,740,1,2,1,1,6,218,4541177,439752,420,4,2,2,0,2,1,0,0,1,0,4,99,0
201600026609,16,4,11,1830,1,1,1,1,4,189,4542713,435676,420,3,3,4,0,3,1,0,0,1,0,1,99,0
201600026610,16,4,12,820,1,2,1,1,6,218,4545487,440866,420,4,2,3,0,1,1,0,0,1,0,1,99,0
201600026611,16,4,14,1130,1,2,1,1,6,218,4544903,440192,420,4,1,1,0,1,3,0,0,1,0,1,99,0
201600026612,16,4,23,1,5,2,3,2,3,218,4543071,439335,420,4,1,1,0,1,1,0,0,2,0,0,0,0
201600026613,16,4,22,1745,1,2,1,1,6,218,4544252,438214,420,4,1,1,0,1,1,0,0,1,0,1,0,0
201600026614,16,2,21,1424,1,2,3,1,2,218,4540400,440122,420,4,1,1,0,2,1,0,0,1,0,1,99,0
201600026615,16,4,28,1300,1,2,3,1,3,218,4544017,438284,420,4,1,2,0,2,1,0,0,1,0,1,0,0
201600026616,16,3,6,2130,5,2,1,1,6,218,4543953,437866,420,4,2,4,0,1,1,0,0,1,0,1,99,0
201600026617,16,3,7,1535,1,2,2,1,3,218,4544515,438044,420,4,1,1,0,1,1,0,0,1,0,1,99,0
201600026618,16,4,13,1525,1,2,2,8,6,218,4542316,439871,420,4,2,2,0,2,1,0,0,1,0,1,99,0
201600026619,16,4,13,1650,1,2,3,2,1,218,4544048,443607,420,4,2,2,0,1,1,0,0,2,0,1,3,0
201600026620,16,4,12,1114,1,2,1,1,6,218,4544467,440184,420,4,0,0,0,0,0,0,0,0,0,0,0,0
201600026621,16,3,22,1720,1,2,1,1,6,218,4541215,438532,420,4,2,2,0,1,1,0,0,1,0,1,3,0
201600026622,16,4,14,900,1,1,1,1,4,305,4547748,440976,420,3,2,2,0,1,1,0,0,1,0,0,99,0
201600026623,16,3,25,1400,1,2,1,1,6,218,4541563,439507,420,4,1,1,0,0,0,0,0,0,0,1,0,0
201600026624,16,5,10,1120,1,2,1,2,4,218,4542974,438882,420,4,1,1,0,1,1,0,0,2,0,1,3,0
201600026625,16,5,15,525,5,2,1,1,6,305,4547660,442823,420,4,2,2,0,3,1,0,0,2,0,1,0,0
201600026626,16,5,20,1500,1,2,1,1,6,218,4542379,441354,420,4,2,2,0,2,2,0,0,1,0,1,99,0
201600026627,16,5,20,1655,1,2,1,1,2,218,4545440,441174,420,4,2,3,0,2,1,0,0,1,0,1,99,0
201600026628,16,5,20,1730,1,2,1,1,6,218,4543474,440619,420,4,2,2,0,2,1,0,0,1,0,1,99,0
201600026629,16,5,21,1900,1,2,1,1,1,218,4545070,439689,420,4,2,2,0,1,3,0,0,1,0,1,0,0
201600026630,16,5,27,1810,1,2,3,1,6,218,4542562,439463,420,4,2,2,0,2,1,0,0,1,0,1,0,0
201600026631,16,5,25,1020,1,2,1,1,3,218,4542122,439709,420,4,1,1,0,1,2,0,0,1,0,1,99,0
201600026632,16,5,31,1600,1,2,1,2,6,218,4542673,440347,420,4,1,1,0,1,2,0,0,2,0,1,99,0
201600026633,16,6,2,1710,1,2,1,3,6,218,4542345,439280,420,4,2,3,0,1,1,0,0,2,0,1,3,0
201600026634,16,6,6,2010,1,1,1,1,3,218,4542439,429263,420,4,2,1,0,3,1,0,0,1,0,1,99,0
201600026635,16,5,2,1539,1,2,2,1,6,218,4546485,437851,420,4,2,2,0,1,1,0,0,1,0,1,0,0
201600026636,16,5,5,1838,1,2,1,1,6,218,4542974,438882,420,4,1,1,0,1,1,0,0,1,0,1,99,0
201600026637,16,6,2,1640,1,2,1,3,6,218,4541729,441152,420,4,2,2,0,0,0,0,0,2,0,1,0,0
201600026638,16,6,12,839,1,2,1,1,6,218,4541970,439444,420,4,1,1,0,2,1,0,0,1,0,1,99,1
201600026639,16,6,10,1250,1,2,1,1,6,218,4543521,439254,420,4,1,3,0,1,1,0,0,0,0,2,0,0
201600026640,16,6,13,950,1,2,1,1,1,218,4543200,441406,420,4,1,4,0,1,1,0,0,1,0,0,0,0
201600026641,16,6,17,2100,2,2,1,1,1,218,4542044,437630,420,4,2,0,0,2,3,0,0,1,0,0,0,0
201600026642,16,6,17,1755,1,2,2,1,6,218,4544705,438498,420,4,2,2,0,1,1,0,0,1,0,1,99,0
201600026643,16,6,18,1133,1,2,2,1,3,218,4544559,438302,420,4,1,1,0,1,1,0,0,1,0,1,99,0
201600026644,16,6,22,1732,1,2,1,1,6,218,4544090,439810,420,4,1,1,0,2,1,0,0,1,0,1,99,0
201600026645,16,6,29,710,1,2,1,1,6,305,4548024,443243,420,4,2,2,0,1,1,0,0,1,0,1,0,0
201600026646,16,4,24,1810,1,1,2,1,3,218,4542396,437520,420,4,2,2,0,1,1,0,0,1,0,1,99,0
201600026647,16,6,11,1000,1,2,1,1,7,218,4544171,437898,420,4,2,4,0,1,1,0,0,1,0,1,99,0
201600026648,16,6,28,1920,1,2,1,1,3,218,4541799,440009,420,4,2,2,0,1,1,0,0,1,0,1,99,0
201600026649,16,6,21,1340,1,2,3,1,3,218,4541982,442467,420,4,2,2,0,1,1,0,0,0,0,1,3,0
201600026650,16,6,30,1820,1,2,1,1,6,218,4542966,439297,420,4,1,1,0,1,1,0,0,1,0,1,99,0
201600026651,16,7,8,905,1,2,1,1,6,218,4542397,439379,420,4,2,3,0,3,1,0,0,1,0,1,0,0
201600026652,16,7,11,1035,1,2,1,8,6,218,4541494,439564,420,4,1,2,0,2,1,0,0,2,0,1,0,0
201600026653,16,7,13,1830,1,2,3,1,3,218,4543921,440357,420,4,1,2,0,1,1,0,0,1,0,0,99,0
201600026654,16,7,22,1520,1,1,1,2,4,223,4543492,434428,420,3,1,2,0,0,0,0,0,0,0,1,0,0
201600026655,16,7,26,2300,5,2,3,1,3,218,4544884,439127,420,4,1,2,0,2,1,0,0,1,5,1,0,0
201600026656,16,7,22,950,1,1,1,1,6,330,4547231,436207,420,4,2,2,0,1,1,0,0,1,0,1,99,0
201600026657,16,7,28,2315,5,2,1,1,2,218,4541802,437971,420,4,2,2,0,2,0,0,0,1,0,1,0,0
201600026658,16,8,1,925,1,2,1,1,6,218,4544151,438360,420,4,1,1,0,1,1,0,0,1,0,1,99,0
201600026659,16,8,3,950,1,2,1,1,6,305,4547969,443001,420,4,2,2,0,1,1,0,0,1,0,4,3,0
201600026660,16,8,2,1341,1,2,1,1,2,218,4543894,439712,420,4,2,4,0,1,1,0,0,1,0,1,3,0
201600026661,16,8,6,1910,1,2,1,1,4,218,4541587,440115,420,4,2,2,0,1,1,0,0,1,0,1,0,0
201600026662,16,8,2,2116,1,2,3,1,3,218,4543915,438441,420,4,1,1,0,1,1,0,0,1,0,1,3,0
201600026663,16,8,5,1452,1,2,3,1,3,218,4543512,443718,420,4,2,2,0,1,1,0,0,1,0,1,0,0
201600026664,16,8,30,320,5,1,1,1,6,189,4543576,434691,420,4,2,2,0,0,0,0,0,1,0,1,0,0
201600026665,16,6,8,1734,1,2,2,1,3,218,4542828,439137,420,4,1,1,0,1,1,0,0,1,0,1,3,0
201600026666,16,9,1,1625,1,2,1,1,6,218,4543774,439340,420,4,1,2,0,1,1,0,0,1,0,1,3,0
201600026667,16,7,13,1545,1,2,3,1,3,218,4541866,441415,420,4,0,1,0,3,1,0,0,1,0,0,0,1
201600026668,16,7,2,1850,1,2,3,1,3,218,4542293,438963,420,4,2,2,0,2,1,0,0,1,0,1,99,0
201600026669,16,7,1,1315,1,1,1,1,7,223,4544225,434242,420,3,3,2,0,2,1,0,0,1,0,1,0,0
201600026670,16,9,3,1440,1,2,1,1,6,218,4543750,438090,420,4,3,2,0,1,1,0,0,1,0,0,99,0
201600026671,16,9,9,2245,5,2,1,1,7,218,4545545,439147,420,4,2,2,0,1,1,0,0,1,0,1,99,0
201600026672,16,9,13,1510,1,2,2,1,1,218,4545614,439178,420,4,2,2,0,1,1,0,0,1,0,0,0,0
201600026673,16,9,17,2100,5,2,1,2,3,218,4544039,442953,420,4,2,2,0,2,1,0,0,2,0,1,0,0
201600026674,16,8,15,1235,1,2,1,1,6,218,4542213,439675,420,4,2,3,0,1,1,0,0,1,0,1,0,0
201600026675,16,9,16,940,1,2,1,1,6,218,4544377,441571,420,6,0,0,0,1,1,0,0,2,0,1,99,0
201600026676,16,9,20,1315,1,2,1,1,2,218,4542050,442540,420,4,2,2,0,1,1,0,0,1,0,1,3,0
201600026677,16,9,21,1625,1,2,1,1,4,330,4547027,434509,420,3,3,1,0,1,1,0,0,1,0,1,99,0
201600026678,16,9,25,1410,1,2,1,1,7,218,4547331,439522,420,4,2,0,0,2,1,0,0,1,0,1,99,0
201600026679,16,9,24,2106,5,2,1,1,6,218,4544437,436363,420,4,2,2,0,3,1,0,0,1,0,1,0,0
201600026680,16,9,28,1800,1,2,3,1,6,218,4541727,441390,420,4,2,2,0,0,0,0,0,0,0,1,0,0
201600026681,16,8,30,1546,1,2,3,1,6,218,4542854,438231,420,4,1,2,0,1,1,0,0,1,0,1,3,0
201600026682,16,9,25,1950,5,2,1,3,1,218,4544178,443411,420,4,2,2,0,2,3,0,0,2,0,1,3,0
201600026683,16,10,5,2045,4,1,4,1,3,218,4543190,439549,420,4,2,4,0,1,1,0,0,1,0,1,0,0
201600026684,16,10,9,1304,1,2,1,1,6,218,4543586,441346,420,4,2,2,0,1,3,0,0,1,0,1,3,0
201600026685,16,10,15,1810,2,2,3,1,3,218,4543968,439979,420,4,1,1,0,2,1,0,0,1,0,1,0,0
201600026686,16,9,4,733,1,1,1,1,7,218,4545486,426593,420,4,2,2,0,1,2,0,0,1,0,3,99,0
201600026687,16,10,18,1905,5,2,1,1,3,218,4542935,440972,420,4,2,2,0,3,1,0,0,1,0,1,99,0
201600026688,16,9,12,1700,1,2,1,1,6,218,4545764,438214,420,4,3,2,0,1,1,0,0,1,0,0,99,0
201600026689,16,10,31,2105,5,2,3,1,3,218,4545363,438832,420,4,1,2,0,1,1,0,0,1,0,1,0,0
201600026690,16,10,21,1530,1,2,1,1,6,218,4544668,438209,420,4,2,4,0,2,1,0,0,1,0,1,99,0
201600026691,16,11,5,1800,5,1,2,3,3,218,4542435,429482,420,3,2,2,0,1,3,0,0,2,0,1,99,0
201600026692,16,11,6,1725,2,2,2,2,7,218,4542392,437515,420,4,2,2,0,1,1,0,0,2,0,1,99,0
201600026693,16,11,13,1130,2,2,3,8,6,218,4541697,439867,420,4,1,1,0,1,1,0,0,2,0,1,0,0
201600026694,16,11,13,1020,1,2,1,1,6,237,4545148,444726,420,4,2,2,0,1,1,0,0,1,0,1,99,0
201600026695,16,11,14,1645,2,2,3,1,6,218,4541129,439800,420,4,2,2,0,2,1,0,0,1,0,1,0,0
201600026696,16,11,11,1630,1,2,1,1,5,218,4543041,441186,420,4,0,2,0,0,1,0,0,1,0,0,99,0
201600026697,16,11,12,200,5,2,1,1,6,218,4544493,439817,420,4,1,1,0,1,1,0,0,1,0,1,0,0
201600026698,16,11,15,1210,1,2,1,1,2,275,4546872,437681,420,4,2,2,0,1,2,0,0,1,0,1,99,0
201600026699,16,11,17,1137,1,2,3,1,1,218,4544150,441417,420,4,1,1,0,2,2,0,0,1,0,1,0,1
201600026700,16,11,22,1321,1,2,3,3,6,218,4543770,438250,420,4,1,1,0,1,1,0,0,2,0,1,0,0
201600026701,16,11,29,930,1,2,9,1,2,218,4542489,439010,420,4,1,1,0,1,1,0,0,0,0,1,0,0
201600026702,16,11,16,1428,1,2,1,1,6,218,4542874,441449,420,4,2,2,0,1,1,0,0,1,0,1,0,0
201600026703,16,11,30,1015,1,2,1,1,6,218,4543998,438125,420,4,1,1,0,1,1,0,0,1,0,1,0,0
201600026704,16,11,29,1955,5,2,1,1,2,189,4541702,431089,420,4,2,2,0,1,1,0,0,1,0,1,0,0
201600026705,16,12,6,1740,2,1,3,1,4,218,4541820,440619,420,4,2,2,0,2,3,0,0,2,0,1,0,0
201600026706,16,12,6,1325,1,1,3,1,6,218,4544303,441297,420,4,2,5,0,0,0,0,0,0,0,1,0,0
201600026707,16,10,29,1540,1,2,1,1,6,218,4543224,439231,420,4,1,2,0,2,2,0,0,1,0,0,0,0
201600026708,16,12,7,1055,1,2,1,1,7,218,4546730,437810,420,4,1,3,0,1,1,0,0,9,0,0,99,1
201600026709,16,12,10,120,5,2,1,1,7,218,4541680,439333,420,4,1,2,3,1,1,0,0,0,0,0,99,1
201600026710,16,12,13,1500,1,2,1,1,6,218,4546250,438055,420,4,3,2,0,1,1,0,0,1,0,1,0,1
201600026711,16,12,17,1515,1,2,1,1,6,218,4542272,439203,420,4,1,2,0,1,1,0,0,1,0,1,0,0
201600026712,16,1,21,1950,5,2,1,1,6,186,4552617,461164,420,4,3,2,0,1,1,0,85,1,0,1,99,0
201600026713,16,12,1,1630,1,2,1,1,6,123,4551111,457805,420,4,2,2,0,1,1,0,60,1,0,0,0,0
201600026714,16,2,3,1740,1,1,1,1,3,186,4551925,459830,420,6,0,0,0,2,1,0,0,1,0,1,0,0
201600026715,16,2,10,1855,4,2,1,1,6,207,4547837,451556,420,4,2,2,0,1,1,0,67,1,0,1,99,0
201600026716,16,2,14,1140,1,1,1,1,1,259,4553682,459541,420,3,2,2,0,2,3,0,63,1,0,1,0,0
201600026717,16,3,5,1150,1,2,1,1,3,225,4553976,456667,420,3,2,2,0,1,1,0,60,0,0,0,99,0
201600026718,16,4,7,1450,1,2,1,1,6,186,4552785,461352,420,4,1,1,0,1,1,0,30,1,0,1,99,0
201600026719,16,4,7,1635,1,2,1,1,4,207,4547522,451942,420,4,1,1,0,1,1,30,140,1,0,1,99,0
201600026720,16,4,27,1450,1,2,3,1,1,225,4553398,459003,420,3,2,2,0,2,1,0,68,1,0,1,99,0
201600026721,16,5,28,30,3,1,1,1,6,259,4553591,461005,420,3,2,2,0,2,1,0,60,1,0,3,99,0
201600026722,16,6,30,1345,1,2,1,1,2,186,4552956,461263,420,4,2,2,0,2,2,0,60,1,0,1,0,0
201600026723,16,7,5,1840,1,2,1,1,4,207,4547532,450527,420,3,2,2,0,1,1,0,60,1,0,1,99,0
201600026724,16,7,9,1000,1,2,1,1,6,110,4548503,453935,420,4,2,2,0,1,1,0,0,1,0,1,99,0
201600026725,16,9,21,830,1,2,1,1,6,207,4547397,453325,420,4,1,1,0,0,0,0,0,0,0,1,0,0
201600026726,16,9,27,1545,1,2,4,1,3,207,4547509,450827,420,4,2,2,0,1,1,0,120,1,0,1,99,0
201600026727,16,10,1,1940,3,1,1,2,3,207,4547640,446872,420,3,2,2,0,2,3,0,70,2,0,1,0,0
201600026728,16,10,4,1815,1,2,1,1,2,110,4548526,454034,420,4,2,2,0,1,1,10,60,1,0,1,99,0
201600026729,16,10,4,1515,1,2,1,1,3,186,4552495,460948,420,4,1,1,0,2,2,40,60,1,0,1,0,0
201600026730,16,10,7,2130,5,2,1,1,3,207,4547983,452443,420,4,1,1,0,1,1,0,55,1,0,1,99,0
201600026733,16,1,8,1000,1,2,1,1,3,157,4504430,387990,430,3,2,3,0,1,1,0,105,1,0,1,0,0
201600026734,16,12,24,1940,5,2,1,1,6,41,4505070,392230,430,3,2,2,0,1,1,0,70,1,0,1,0,0
201600026735,16,1,29,1955,5,2,1,1,6,157,4504490,388993,430,2,1,2,0,1,1,0,70,1,0,4,0,0
201600026737,16,12,27,1645,1,2,1,1,6,41,4504960,391275,430,3,2,2,0,1,1,0,50,1,0,1,99,0
201600026738,16,2,3,1115,1,2,1,1,6,46,4505840,390868,430,3,2,2,0,1,2,0,70,2,0,1,99,0
201600026740,16,5,5,1020,1,1,6,1,3,41,4505520,390904,430,2,1,2,0,1,2,0,50,1,0,1,0,0
201600026743,16,6,27,1700,1,2,1,1,6,157,4503190,388569,430,2,2,2,0,2,1,0,70,1,0,1,99,0
201600026745,16,7,26,1340,1,2,1,1,3,157,4503960,388199,430,3,1,2,0,1,1,0,50,1,0,1,99,0
201600026747,16,8,12,655,1,2,1,1,6,157,4504690,387923,430,2,2,3,0,2,1,0,140,1,0,1,99,0
201600026748,16,9,6,1420,1,2,1,1,4,157,4504530,387983,430,2,2,3,0,2,1,0,105,1,0,1,99,0
201600026749,16,9,7,1350,1,2,1,1,6,157,4504210,388140,430,2,2,3,0,2,1,0,105,1,0,1,99,0
201600026751,16,10,11,840,1,2,1,1,6,41,4505160,391203,430,3,2,2,0,1,1,30,70,1,0,1,99,0
201600026753,16,11,7,1515,1,2,1,1,6,157,4503680,388164,430,3,1,2,0,1,1,0,70,1,0,1,0,0
201600026754,16,11,8,1550,1,2,1,1,6,157,4503940,388198,430,3,1,2,0,1,1,0,70,1,0,1,0,0
201600026755,16,12,2,1740,5,2,1,1,6,41,4504690,392697,430,3,2,2,0,1,1,0,70,1,0,1,0,0
201600026756,16,1,8,1931,5,2,1,3,6,55,4728584,239644,440,4,2,2,1,1,1,0,50,2,0,1,99,0
201600026757,16,1,14,1200,1,2,3,1,3,55,4727511,235692,440,4,2,1,0,0,0,0,0,0,0,1,0,0
201600026758,16,1,15,1528,1,1,2,3,1,132,4727962,230238,440,4,2,2,0,1,1,20,42,2,5,0,99,1
201600026759,16,2,3,2145,5,2,1,1,6,135,4727545,242806,440,4,0,1,0,1,1,0,60,1,0,1,0,0
201600026760,16,2,24,2123,5,2,1,2,6,55,4728080,240967,440,4,3,1,0,1,1,19,79,2,0,1,0,0
201600026761,16,3,5,108,5,2,1,2,6,132,4727053,235198,440,4,2,2,0,1,1,18,37,2,0,1,99,0
201600026762,16,4,1,405,4,2,1,1,6,55,4727789,237032,440,4,3,1,1,1,1,0,0,1,0,1,99,0
201600026763,16,4,2,753,1,2,1,1,6,55,4728207,241205,440,4,2,2,0,1,1,0,80,1,0,4,99,0
201600026764,16,4,14,1810,1,2,1,1,6,55,4727767,237013,440,4,2,2,2,1,1,0,0,1,0,5,99,0
201600026765,16,5,8,1250,1,2,2,1,3,132,4726439,233835,440,4,2,2,0,1,1,0,0,1,0,1,99,0
201600026766,16,5,21,1145,1,2,3,1,3,132,4716153,235301,440,4,3,2,0,1,1,0,34,1,0,1,99,0
201600026767,16,5,23,1955,1,1,1,1,1,55,4727566,232403,440,4,2,2,0,1,4,0,58,1,5,1,99,0
201600026768,16,5,27,1720,1,2,1,1,2,55,4728795,238283,440,4,2,2,0,1,1,0,50,1,0,1,99,0
201600026769,16,6,5,1823,1,2,6,1,7,55,4727957,237813,440,4,3,2,0,0,0,0,0,0,0,0,0,0
201600026770,16,6,30,1140,1,2,6,1,3,132,4725638,231729,440,3,3,0,0,1,3,0,0,1,0,1,0,0
201600026771,16,7,4,1505,1,2,2,1,3,132,4724915,231299,440,4,2,0,0,0,0,0,0,0,0,1,0,0
201600026772,16,7,16,1410,1,2,1,1,6,55,4727778,237054,440,4,1,1,0,1,1,0,0,1,0,1,99,0
201600026773,16,7,14,1140,1,2,1,1,7,55,4728177,239758,440,4,1,2,1,1,1,0,0,1,0,5,0,0
201600026774,16,8,5,1630,1,2,2,1,3,132,4726151,234134,440,4,2,2,0,1,1,0,65,1,0,1,99,0
201600026775,16,8,6,1515,1,2,1,1,3,135,4727618,242775,440,9,1,0,0,1,0,0,0,1,0,1,0,0
201600026776,16,8,13,1950,1,2,2,1,6,132,4726352,234274,440,4,2,2,0,1,1,0,75,1,0,1,0,0
201600026777,16,8,15,1850,1,2,1,1,1,135,4726764,244203,440,4,2,0,0,1,1,0,0,1,0,1,99,0
201600026778,16,8,27,2057,1,2,1,1,6,132,4726389,234130,440,4,1,1,0,1,1,0,0,1,0,1,99,0
201600026779,16,9,21,1732,1,2,1,1,6,132,4726500,234486,440,4,3,0,0,1,1,0,0,1,0,1,0,0
201600026780,16,9,23,1620,1,2,1,1,3,132,4726987,234478,440,4,1,1,0,1,1,0,0,1,0,1,0,0
201600026781,16,10,8,1428,1,2,1,1,3,135,4726731,242288,440,9,2,1,0,1,1,0,0,1,0,1,0,0
201600026782,16,11,6,1900,5,2,1,1,6,109,4721378,157575,440,4,1,0,0,2,1,0,0,1,0,1,0,0
201600026783,16,1,7,1545,1,2,1,1,3,109,4720200,157631,440,4,2,4,0,1,2,0,0,2,0,1,0,0
201600026784,16,11,22,900,1,2,1,1,6,109,4725269,155028,440,4,2,2,0,1,1,0,0,2,0,0,0,0
201600026785,16,11,24,1615,1,2,1,1,6,109,4721443,154558,440,4,0,0,0,2,1,0,0,1,0,0,0,0
201600026786,16,1,9,1345,1,2,2,1,1,190,4720260,148848,440,4,2,2,0,1,1,0,0,1,0,1,0,0
201600026787,16,11,16,725,5,2,1,3,6,109,4719671,153803,440,4,2,0,0,1,1,0,0,2,0,1,0,0
201600026788,16,11,19,1100,1,2,1,1,6,114,4724879,160064,440,4,1,0,0,1,1,0,0,1,0,0,0,0
201600026789,16,1,5,1830,5,2,1,1,6,162,4724189,159475,440,4,0,0,0,1,3,0,0,2,0,1,0,0
201600026790,16,12,29,1500,1,2,1,1,7,162,4722443,162342,440,4,2,2,0,1,3,0,0,1,0,1,0,0
201600026791,16,11,27,550,5,2,1,1,6,109,4722493,152333,440,4,2,0,0,1,1,0,0,1,0,0,0,0
201600026792,16,1,8,730,5,2,1,2,6,143,4718820,157029,440,4,2,2,0,1,1,0,78,2,0,0,0,0
201600026793,16,11,14,845,2,2,1,1,6,109,4724934,152263,440,4,2,0,0,0,0,0,0,0,0,0,0,0
201600026794,16,1,14,805,2,2,6,2,6,109,4722390,155069,440,4,2,0,0,2,1,0,0,2,0,1,0,0
201600026795,16,11,25,2013,5,2,1,2,6,109,4720758,158237,440,4,1,0,0,2,1,0,0,2,0,0,0,0
201600026796,16,1,21,1635,1,2,1,1,6,109,4723820,151626,440,9,0,0,0,1,1,0,0,9,4,0,0,0
201600026797,16,11,9,900,2,2,1,1,6,109,4720091,154455,440,4,0,0,0,1,1,0,0,1,0,0,0,0
201600026798,16,1,13,1200,1,2,1,1,7,109,4720740,153435,440,4,0,0,0,1,1,0,0,1,0,4,0,0
201600026799,16,11,7,750,1,1,1,1,6,162,4722142,164725,440,4,2,2,0,1,1,0,0,1,0,0,0,0
201600026800,16,11,16,800,2,2,6,2,6,190,4719901,151064,440,4,0,0,0,1,2,0,0,2,0,0,0,0
201600026801,16,11,20,1355,1,2,1,1,6,109,4724509,156443,440,4,2,2,0,2,4,0,0,2,0,0,0,0
201600026802,16,1,12,1710,1,2,6,1,3,109,4722070,157029,440,4,1,1,0,0,0,0,0,0,0,1,0,0
201600026803,16,11,22,800,2,2,1,8,6,109,4722431,154540,440,4,2,0,0,1,1,0,0,1,0,0,0,0
201600026804,16,8,2,1410,1,2,6,1,6,109,4720630,155653,440,4,0,1,0,1,1,0,0,0,5,1,0,0
201600026805,16,11,25,2230,5,1,1,1,6,109,4721811,158753,440,4,0,0,0,1,2,0,0,2,0,0,0,0
201600026806,16,1,29,1525,1,2,6,1,6,109,4723330,156569,440,4,2,2,0,1,1,0,0,2,0,0,0,0
201600026807,16,11,21,825,2,2,1,1,6,109,4722028,155985,440,4,1,0,0,1,1,0,0,2,0,0,0,0
201600026808,16,1,1,250,5,2,2,1,3,109,4725720,157094,440,4,2,2,0,1,1,0,0,2,0,1,0,0
201600026809,16,11,16,1815,2,2,1,1,6,162,4722040,162750,440,4,0,0,0,0,0,0,0,0,0,0,0,0
201600026810,16,2,1,2115,5,2,6,1,3,109,4720550,155468,440,4,2,2,0,1,1,0,0,1,0,1,0,0
201600026811,16,11,13,1840,3,1,1,1,4,109,4725710,154646,440,2,2,0,0,1,1,0,0,1,0,0,0,0
201600026812,16,1,15,2125,5,2,1,1,1,109,4721090,157488,440,9,2,2,0,2,1,0,0,2,0,1,0,0
201600026813,16,11,20,330,5,2,1,2,1,109,4719467,161664,440,4,2,0,0,1,2,0,0,2,0,0,0,0
201600026814,16,11,14,1837,5,2,1,1,3,109,4725444,152255,440,4,0,0,0,1,1,0,0,1,0,0,0,0
201600026815,16,11,20,1755,4,1,1,2,4,114,4726231,158295,440,4,2,0,0,1,0,0,0,2,0,0,0,0
201600026816,16,11,19,930,1,2,1,1,2,109,4725239,155316,440,4,0,0,0,0,0,0,0,0,0,0,0,0
201600026817,16,11,15,1030,1,2,3,8,6,109,4721941,154941,440,4,1,0,0,1,1,0,0,2,0,0,0,0
201600026818,16,11,9,1925,5,2,1,2,6,143,4717124,154008,440,4,2,0,0,1,1,0,0,2,0,0,0,0
201600026819,16,12,22,500,5,2,1,2,1,109,4721316,153667,440,4,1,0,0,1,3,0,0,2,0,0,0,0
201600026820,16,12,13,1750,5,2,1,1,3,109,4724360,152688,440,4,2,2,0,1,1,0,0,1,0,0,0,0
201600026821,16,12,10,1745,2,2,1,5,6,109,4723982,153089,440,4,2,0,0,1,1,0,0,9,0,0,0,0
201600026822,16,12,7,910,1,2,1,7,3,109,4723847,152672,440,4,2,0,0,2,0,0,0,1,0,0,0,0
201600026823,16,2,3,1740,1,2,1,1,6,162,4722200,163683,440,4,2,0,1,1,2,0,0,1,0,1,0,0
201600026824,16,12,22,1100,1,2,1,1,6,109,4720993,161005,440,4,3,0,0,1,1,0,0,2,0,0,0,0
201600026825,16,12,2,1509,1,2,1,1,2,109,4720600,154706,440,4,2,2,0,1,1,0,0,1,0,0,0,0
201600026826,16,12,8,805,1,1,1,1,3,114,4726489,159134,440,1,1,0,0,2,1,0,0,1,0,1,0,0