Num_Acc,an,mois,jour,hrmn,lum,agg,int,atm,col,com,lat,long,dep,catr,circ,nbv,vosp,prof,plan,lartpc,larrout,surf,infra,situ,env1,killed
201600026827,16,12,22,1820,3,2,1,2,3,162,4721842,164763,440,4,3,2,0,1,1,0,0,2,0,0,0,0
201600026828,16,12,19,2010,5,2,1,1,1,109,4721441,155026,440,4,2,2,0,1,3,0,0,1,0,0,0,0
201600026829,16,12,20,1920,3,2,1,1,3,109,4723254,148540,440,4,2,2,0,1,1,0,0,1,0,0,0,0
201600026830,16,12,8,830,1,2,1,1,3,190,4722280,147294,440,2,3,2,0,1,1,0,0,1,0,0,0,0
201600026831,16,1,30,1640,1,2,1,2,6,162,4722010,162588,440,4,3,1,3,0,0,0,0,2,0,0,0,0
201600026832,16,12,2,1550,1,1,1,1,2,162,4721099,162694,440,2,1,0,0,1,1,0,0,1,0,1,0,0
201600026833,16,2,9,2130,5,2,1,1,7,109,4725820,150544,440,4,3,2,0,1,1,50,70,2,0,1,0,0
201600026834,16,12,28,2320,5,2,3,1,6,109,4720731,156497,440,4,1,0,0,1,1,0,0,1,0,1,0,0
201600026835,16,1,25,1600,1,2,6,1,2,109,4719990,153519,440,4,3,2,0,0,0,0,0,0,5,1,0,0
201600026836,16,12,2,1600,1,2,1,1,6,114,4725065,161813,440,4,2,2,0,1,1,0,0,1,0,0,0,0
201600026837,16,1,1,2215,5,2,1,1,1,162,4721100,162903,440,4,2,2,1,1,1,0,76,2,0,1,0,0
201600026838,16,12,22,1950,2,2,1,1,6,109,4721710,156251,440,4,0,0,0,0,0,0,0,0,0,0,0,0
201600026839,16,1,31,715,5,2,1,2,6,109,4722560,152240,440,4,2,2,0,1,1,0,0,1,0,1,0,0
201600026840,16,12,22,2040,5,2,1,1,6,109,4721452,157286,440,4,0,0,0,0,0,0,0,0,0,0,0,0
201600026841,16,1,11,1325,1,2,1,1,6,109,4720730,156497,440,4,0,2,0,0,0,0,0,0,0,0,0,0
201600026842,16,12,23,100,5,2,1,1,6,109,4721970,153427,440,4,0,0,0,0,0,0,0,0,0,1,0,0
201600026843,16,1,25,115,5,2,1,9,6,109,4721390,155997,440,4,0,1,0,0,0,0,0,1,0,1,0,0
201600026844,16,12,10,150,5,2,1,5,6,109,4722749,154470,440,4,0,0,0,0,0,0,0,2,0,1,0,0
201600026845,16,1,31,1810,2,2,2,1,3,109,4722720,154257,440,4,2,2,0,1,1,0,0,2,0,1,0,0
201600026846,16,12,1,1745,5,2,1,1,6,109,4720496,153820,440,4,0,0,0,1,1,0,0,1,0,1,0,0
201600026847,16,2,1,900,1,2,1,2,3,162,4721060,162831,440,4,0,1,0,1,1,0,0,2,0,1,0,0
201600026848,16,2,6,2315,5,2,3,6,6,109,4720390,155172,440,4,2,2,0,1,1,0,0,2,5,0,0,0
201600026849,16,1,20,1625,1,2,6,1,6,114,4723930,158936,440,4,2,2,0,1,1,0,0,1,0,1,0,0
201600026850,16,1,29,1310,1,2,3,1,2,190,4718820,149510,440,4,2,2,0,1,1,0,0,1,0,1,0,0
201600026851,16,2,24,625,5,2,1,1,7,109,4721730,156256,440,4,2,2,0,1,3,0,0,1,0,1,0,0
201600026852,16,1,6,1752,3,1,1,2,6,194,4728981,165734,440,3,2,2,0,1,1,0,0,2,0,0,0,1
201600026853,16,11,23,1238,1,2,1,1,5,109,4718094,161039,440,2,2,0,0,0,0,0,0,0,0,0,0,0
201600026854,16,1,6,2110,5,2,1,2,7,109,4721750,155719,440,4,0,2,0,0,0,0,0,2,0,0,0,0
201600026855,16,1,4,1610,1,2,1,8,3,114,4724780,159590,440,9,2,0,0,1,1,0,0,0,0,1,0,0
201600026856,16,2,17,1750,1,2,1,1,6,109,4723350,153627,440,4,2,2,0,1,1,0,0,1,0,1,0,0
201600026857,16,1,17,2126,5,2,1,9,6,109,4720420,154667,440,9,2,2,0,0,0,0,0,0,0,1,0,0
201600026858,16,2,28,605,5,2,1,1,7,109,4720040,158924,440,4,3,2,0,2,1,170,340,1,0,1,0,0
201600026859,16,1,7,855,1,2,1,1,6,109,4722105,155582,440,4,3,2,0,2,1,0,0,2,0,1,0,0
201600026860,16,1,28,1150,1,2,2,1,3,143,4718600,156410,440,4,1,1,0,1,1,0,0,2,0,0,0,0
201600026861,16,1,28,1445,1,2,1,1,1,114,4725100,161361,440,4,2,2,0,2,0,0,0,1,0,0,0,0
201600026862,16,1,22,1625,1,2,1,2,6,109,4723970,157168,440,4,2,2,0,2,1,0,0,2,0,0,0,0
201600026863,16,1,12,840,2,2,1,2,6,109,4723590,152766,440,4,2,2,0,1,1,0,0,2,0,0,0,0
201600026864,16,2,15,1900,2,2,1,1,3,162,4721160,165157,440,4,2,0,0,1,0,0,0,1,0,0,0,0
201600026865,16,2,1,750,1,2,1,1,4,109,4719280,161359,440,2,0,2,0,1,1,0,0,2,0,1,0,0
201600026866,16,2,12,155,5,2,9,6,6,109,4721559,155633,440,4,2,2,1,1,1,0,0,2,0,5,0,0
201600026867,16,2,22,1805,2,2,1,8,1,162,4723970,163986,440,3,2,2,0,2,1,0,0,2,0,0,0,0
201600026868,16,2,1,810,1,2,1,1,6,109,4722000,153133,440,4,2,1,0,1,1,0,0,1,0,1,0,0
201600026869,16,2,16,1810,2,2,6,1,6,109,4723160,159229,440,4,0,0,0,2,2,0,0,1,0,1,0,0
201600026870,16,2,23,1225,1,2,1,2,3,162,4721840,164734,440,3,2,2,0,1,1,0,0,1,0,1,0,0
201600026871,16,2,26,1705,1,2,1,1,2,109,4720720,157253,440,4,0,2,0,0,0,0,0,0,0,0,0,0
201600026872,16,2,16,1515,1,2,1,1,3,109,4719190,161359,440,2,4,3,0,0,0,0,0,0,2,0,0,0
201600026873,16,2,26,1910,3,2,1,1,3,109,4722810,158014,440,4,0,2,0,2,1,0,0,1,0,1,0,0
201600026874,16,2,9,715,5,2,1,6,3,109,4719470,154637,440,4,2,2,0,1,1,0,0,2,0,1,0,0
201600026875,16,2,23,835,2,2,1,3,6,109,4719610,154223,440,9,1,1,0,1,1,0,0,2,0,0,0,0
201600026876,16,2,23,1505,1,2,9,1,6,109,4722710,151862,440,4,0,2,0,1,1,0,0,1,6,0,0,0
201600026877,16,3,1,1750,1,2,1,2,6,109,4723810,153232,440,4,1,2,0,1,1,0,0,2,0,0,0,0
201600026878,16,3,10,910,2,1,1,1,6,109,4720970,160008,440,9,0,1,0,0,0,0,0,0,0,0,0,0
201600026879,16,3,3,1010,1,2,1,1,6,114,4726180,158763,440,4,2,0,0,1,1,0,0,1,0,0,0,0
201600026880,16,3,1,1545,1,2,1,2,6,109,4721840,155100,440,4,1,2,0,1,1,0,0,2,0,1,0,0
201600026881,16,3,8,830,1,2,1,1,2,26,4729110,150138,440,4,2,2,0,1,1,0,0,1,0,0,0,0
201600026882,16,2,9,1335,1,2,2,1,3,162,4721960,165425,440,4,2,0,0,1,1,0,0,2,0,1,0,0
201600026883,16,3,11,2020,1,2,5,1,3,109,4719770,154235,440,4,2,2,0,1,1,0,0,1,0,1,0,0
201600026884,16,3,12,1805,1,2,6,1,3,162,4722707,165168,440,3,2,1,0,1,0,0,0,1,0,1,0,0
201600026885,16,3,4,2251,5,2,1,1,6,109,4722250,158095,440,4,2,2,0,1,1,0,0,2,0,1,0,0
201600026886,16,3,1,1025,1,2,1,1,1,143,4717030,153143,440,4,0,2,0,1,1,0,0,1,0,0,0,0
201600026887,16,3,14,800,1,1,1,1,3,109,4725330,154797,440,4,2,2,0,1,1,0,0,1,0,0,0,0
201600026888,16,3,25,820,1,2,1,1,3,109,4725980,155856,440,4,1,1,0,1,2,0,0,1,0,1,99,0
201600026889,16,3,3,825,1,2,1,1,6,109,4723290,156009,440,4,2,2,0,2,1,0,0,1,0,0,3,0
201600026890,16,3,25,1820,1,1,1,1,3,162,4722430,162173,440,2,2,2,0,2,1,0,0,1,0,0,0,0
201600026891,16,3,22,1435,1,2,1,1,5,109,4722810,158006,440,4,2,2,0,2,1,0,0,1,0,0,0,0
201600026892,16,3,15,830,1,2,1,1,6,162,4722500,162021,440,4,1,2,0,1,3,0,0,1,0,0,0,0
201600026893,16,3,17,805,1,1,1,1,3,109,4720770,158243,440,4,1,2,0,2,1,0,0,1,0,0,0,0
201600026894,16,2,26,720,2,2,1,1,6,109,4721320,153460,440,4,2,2,0,1,1,0,0,1,0,1,0,0
201600026895,16,3,9,2000,1,2,1,1,2,109,4723520,154941,440,4,0,1,0,0,0,0,0,0,0,0,0,0
201600026896,16,4,1,830,1,2,1,1,2,143,4717940,160482,440,2,3,2,0,1,1,0,0,1,0,0,0,0
201600026897,16,3,30,1250,1,1,1,2,4,114,4726080,161638,440,1,3,2,0,1,1,0,0,2,0,1,0,0
201600026898,16,3,13,855,1,2,1,1,6,109,4722210,154693,440,4,2,2,0,1,1,0,0,1,0,1,0,0
201600026899,16,4,1,1045,1,2,1,1,1,109,4722064,150500,440,4,2,2,3,1,1,0,0,1,0,0,0,0
201600026900,16,3,20,1300,1,2,1,1,6,109,4725290,152965,440,4,2,2,0,0,0,0,0,0,0,0,0,0
201600026901,16,3,21,1250,1,1,1,1,6,109,4720370,155177,440,4,2,2,0,0,0,0,0,0,0,0,0,0
201600026902,16,3,25,845,1,2,1,2,3,162,4721980,165427,440,4,2,2,0,1,1,0,0,2,0,0,0,0
201600026903,16,3,29,1930,1,2,1,1,6,162,4721760,161340,440,4,1,1,0,1,1,0,0,1,0,0,0,0
201600026904,16,3,17,1535,1,2,1,1,2,162,4723730,161224,440,4,2,2,0,1,1,0,0,1,0,0,0,0
201600026905,16,3,23,835,1,2,1,1,3,109,4722950,158610,440,4,2,2,0,2,1,0,0,1,0,0,0,0
201600026906,16,3,22,750,1,2,1,1,6,109,4720100,154440,440,4,2,2,0,0,0,0,0,0,0,0,0,0
201600026907,16,3,17,1,5,2,1,1,3,109,4722840,152638,440,4,2,2,0,0,0,0,0,0,0,0,0,0
201600026908,16,4,14,840,1,2,1,1,6,20,4718670,159744,440,4,1,1,0,1,3,0,0,1,0,0,0,0
201600026909,16,4,18,2020,1,2,2,1,3,109,4721900,155859,440,4,0,1,0,0,0,0,0,1,0,0,0,0
201600026910,16,4,13,1605,1,2,1,1,3,109,4721480,154599,440,4,1,2,0,0,0,0,0,0,0,0,0,0
201600026911,16,3,13,1330,1,2,1,1,7,109,4724730,156767,440,4,0,1,0,0,0,0,0,0,0,0,0,0
201600026912,16,3,15,1200,1,2,1,1,6,109,4721050,155922,440,4,0,0,0,1,1,0,0,1,0,0,0,0
201600026913,16,3,12,1915,2,2,1,1,6,109,4722120,155570,440,4,2,0,0,2,1,0,0,1,0,1,0,0
201600026914,16,3,17,645,2,2,1,1,6,162,4721960,163752,440,4,0,1,0,0,0,0,0,0,0,0,0,0
201600026915,16,4,1,1415,1,2,1,1,2,109,4721520,154705,440,4,2,1,0,1,1,0,0,1,0,0,0,0
201600026916,16,4,26,718,1,1,1,1,5,109,4724080,155764,440,4,2,2,2,2,1,0,850,1,0,1,0,0
201600026917,16,3,17,1700,1,2,1,1,1,190,4719470,150956,440,4,2,2,0,0,0,0,0,0,0,0,0,0
201600026918,16,4,25,1105,1,2,1,1,3,109,4722990,151080,440,4,2,2,0,1,0,0,0,1,0,0,0,0
201600026919,16,3,22,805,1,2,1,1,3,162,4720550,162429,440,2,2,0,0,1,1,0,0,1,0,0,0,0
201600026920,16,5,1,1445,1,2,1,1,1,114,4725836,162380,440,3,2,2,0,2,4,0,0,1,0,0,0,0
201600026921,16,4,16,1550,1,2,1,1,3,162,4723440,159199,440,4,1,1,0,1,1,0,0,1,0,0,0,0
201600026922,16,4,26,2110,1,2,1,1,3,109,4721450,157289,440,4,2,2,0,2,1,0,0,2,0,0,0,0
201600026923,16,4,23,1205,1,2,1,1,1,162,4725490,162888,440,3,0,2,0,1,1,0,0,1,0,0,0,0
201600026924,16,4,15,1755,1,2,1,1,5,109,4720700,154848,440,4,3,2,0,1,1,0,0,1,0,0,0,0
201600026925,16,5,4,1800,1,1,1,1,3,109,4722404,149994,440,4,0,0,0,1,1,0,0,0,0,0,0,0
201600026926,16,4,28,920,1,1,1,1,2,114,4725870,162612,440,1,1,2,0,1,1,0,0,1,0,0,0,0
201600026927,16,4,23,200,5,1,1,1,6,109,4721340,156283,440,9,0,1,0,2,0,0,0,1,0,0,0,0
201600026928,16,5,9,1755,1,2,1,1,3,109,4724033,157225,440,4,2,2,0,2,1,0,0,1,0,0,0,0
201600026929,16,5,16,950,1,2,1,1,3,109,4726645,151359,440,4,2,2,0,1,1,0,0,1,0,0,0,0
201600026930,16,4,13,2320,5,1,1,1,3,109,4722400,152011,440,4,0,0,0,0,0,0,0,0,0,0,0,0
201600026931,16,5,6,1915,1,2,1,1,6,109,4721317,155845,440,4,1,1,0,1,1,0,0,1,0,1,0,0
201600026932,16,4,8,1800,2,2,1,1,2,109,4719830,158827,440,4,0,0,0,0,0,0,0,0,0,0,0,0
201600026933,16,5,20,1400,1,2,1,1,7,109,4722208,158528,440,4,2,0,0,2,1,0,0,1,0,1,0,0
201600026934,16,5,4,1945,1,2,1,1,6,109,4727430,151283,440,4,1,1,0,1,1,0,0,1,0,1,0,0
201600026935,16,5,3,712,1,2,1,1,3,35,4725670,154292,440,2,3,2,0,0,0,0,0,0,0,0,0,0
201600026936,16,4,23,1844,1,2,1,1,1,162,4721210,164051,440,4,2,2,0,2,1,0,0,1,0,0,0,0
201600026937,16,5,20,930,1,1,1,2,4,162,4722895,163807,440,2,3,2,0,1,1,0,0,2,0,0,0,0
201600026938,16,4,23,905,1,2,1,1,6,109,4720640,154409,440,4,3,1,0,1,1,0,0,1,0,1,0,0
201600026939,16,4,30,407,5,2,1,2,6,109,4721060,155201,440,4,2,2,0,1,1,0,0,2,0,0,0,0
201600026940,16,4,9,950,1,2,1,1,6,109,4723980,151885,440,9,0,0,0,0,0,0,0,2,0,4,0,0
201600026941,16,4,16,2100,1,2,1,1,6,109,4720350,158848,440,4,2,2,0,1,2,0,0,1,0,0,0,0
201600026942,16,4,28,900,1,1,1,1,6,172,4725920,155632,440,2,1,1,0,1,0,0,0,1,0,0,0,0
201600026943,16,4,29,905,1,2,1,1,3,109,4720520,155510,440,4,1,0,0,1,1,0,0,1,0,1,0,0
201600026944,16,4,29,2320,5,1,1,1,6,109,4721030,161016,440,4,1,1,0,2,1,0,0,1,0,0,0,0
201600026945,16,5,3,1955,1,2,1,1,4,109,4718952,151626,440,4,3,2,0,1,1,0,0,1,0,0,0,0
201600026946,16,5,26,850,1,2,1,1,6,109,4722642,156792,440,4,2,0,0,1,1,0,0,1,0,0,0,0
201600026947,16,5,24,1915,1,1,1,1,6,109,4721520,153840,440,4,0,0,0,1,2,0,0,1,0,0,0,0
201600026948,16,5,19,1620,1,2,1,1,6,162,4724848,161945,440,4,2,0,0,1,1,0,0,1,0,0,0,0
201600026949,16,5,24,920,1,2,3,1,6,109,4723539,156927,440,4,2,0,0,1,1,0,0,1,0,0,0,0
201600026950,16,5,26,900,1,2,1,1,6,109,4722133,155560,440,4,2,2,0,2,2,0,0,1,0,0,0,0
201600026951,16,5,23,1620,1,1,1,1,2,172,4723673,148086,440,2,1,0,0,1,1,0,0,1,0,1,0,0
201600026952,16,5,21,1110,1,2,1,1,3,190,4719935,150391,440,4,1,0,0,1,1,0,0,1,4,0,0,0
201600026953,16,5,27,20,3,1,1,1,6,114,4727249,162870,440,3,2,1,0,0,0,0,0,0,0,1,0,0
201600026954,16,6,7,2336,5,2,1,1,3,162,4723041,159569,440,4,2,0,2,2,1,0,360,1,0,1,3,0
201600026955,16,6,7,1445,1,2,1,1,6,109,4711587,134493,440,4,2,1,0,2,1,0,600,1,0,1,0,0
201600026956,16,6,8,615,1,2,1,1,6,109,4722062,154856,440,4,1,0,0,1,1,0,0,1,0,1,0,0
201600026957,16,5,23,1555,1,2,1,1,6,109,4722026,154897,440,4,1,1,0,1,1,0,0,1,0,0,0,0
201600026958,16,5,11,1610,1,2,1,1,6,143,4718820,154805,440,4,2,0,0,1,1,0,0,1,0,1,0,0
201600026959,16,6,10,1910,1,2,1,1,1,109,4719632,153070,440,4,2,1,0,1,1,0,0,1,0,0,0,0
201600026960,16,6,7,800,1,2,2,1,6,109,4722774,151487,440,4,0,1,0,1,1,0,0,1,0,1,0,0
201600026961,16,6,15,1800,1,1,1,1,4,114,4726756,158881,440,2,3,2,0,1,1,0,0,2,0,1,0,0
201600026962,16,6,8,1815,1,2,1,1,1,109,4722404,149994,440,4,2,2,0,1,1,0,0,0,0,0,0,0
201600026963,16,6,23,245,4,2,1,2,7,109,4726117,150881,440,4,2,2,2,1,2,0,0,2,0,0,0,0
201600026964,16,6,18,150,3,2,1,2,2,109,4725710,154646,440,2,3,2,3,1,1,0,0,2,0,1,0,0
201600026965,16,6,16,1255,1,2,1,1,6,109,4725852,151838,440,4,2,2,0,1,1,0,0,0,0,1,0,0
201600026966,16,5,12,1615,1,1,1,1,3,143,4717481,155442,440,4,2,2,0,0,0,0,0,0,0,1,0,0
201600026967,16,6,11,1915,1,2,2,1,6,109,4720026,154650,440,4,2,1,0,1,1,0,0,1,0,1,0,0
201600026968,16,6,23,1735,1,2,1,1,6,109,4720604,160761,440,4,2,1,0,1,1,0,0,0,0,0,0,0
201600026969,16,5,28,1555,1,1,1,1,5,114,4725472,163370,440,3,2,1,0,0,0,0,0,0,0,1,0,0
201600026970,16,6,10,330,3,2,1,1,7,190,4718896,150121,440,4,2,1,0,1,1,0,0,1,0,0,0,1
201600026971,16,5,11,2135,1,2,1,1,6,109,4720273,155294,440,4,1,1,0,1,1,0,0,1,0,0,0,0
201600026972,16,6,25,2245,3,2,1,1,6,114,4725690,162201,440,2,0,1,0,0,0,0,0,0,0,0,0,0
201600026973,16,5,17,1130,1,2,1,1,6,109,4722068,154594,440,4,1,1,0,1,1,0,0,1,0,1,0,0
201600026974,16,5,24,805,1,2,1,1,6,109,4725137,154617,440,4,0,1,0,1,1,0,0,1,0,1,0,0
201600026975,16,5,25,1210,1,2,1,1,6,143,4722427,151941,440,4,2,1,0,1,1,0,0,1,0,1,0,0
201600026976,16,5,29,1300,1,2,1,2,7,114,4724905,157899,440,4,2,0,0,2,0,0,0,2,0,0,0,0
201600026977,16,5,25,2005,1,2,1,1,3,109,4717004,158473,440,2,0,1,0,2,2,0,0,2,0,0,0,0
201600026978,16,6,8,1725,1,2,1,1,1,162,4721129,165001,440,4,2,2,0,2,1,0,0,1,0,0,0,0
201600026979,16,6,11,328,3,2,1,2,6,109,4721627,155151,440,4,2,2,0,2,1,0,0,2,0,0,0,0
201600026980,16,6,13,1755,1,2,1,2,6,109,4722259,157259,440,4,2,2,0,1,1,0,0,2,0,0,0,0
201600026981,16,6,11,1115,1,1,1,1,4,114,4725755,162164,440,2,3,2,0,1,1,0,0,1,3,1,0,0
201600026982,16,6,8,1635,1,2,1,1,2,109,4719913,160988,440,4,3,2,0,2,1,0,0,1,0,0,0,0
201600026983,16,6,21,1510,1,2,1,8,6,143,4716183,154146,440,4,2,2,0,1,1,0,0,1,0,0,0,0
201600026984,16,6,17,1230,1,1,1,1,2,114,4726133,161979,440,1,3,2,0,1,1,0,0,1,0,0,0,0
201600026985,16,6,5,800,1,2,7,1,6,109,4720203,157277,440,4,0,0,0,0,0,0,0,0,0,0,0,0
201600026986,16,6,16,735,1,2,1,1,6,109,4720937,155047,440,4,0,0,3,0,0,0,0,0,0,0,0,0
201600026987,16,6,22,759,1,2,1,1,3,109,4725117,149876,440,4,1,0,0,1,1,0,0,1,0,0,0,0
201600026988,16,6,9,900,1,2,1,1,6,109,4723717,154529,440,4,2,2,0,2,1,0,0,1,0,0,0,0
201600026989,16,6,28,2300,3,2,1,1,6,162,4720945,163053,440,4,0,0,0,4,4,0,0,1,0,0,0,0
201600026990,16,6,13,1430,1,2,1,1,3,109,4720664,153401,440,4,2,2,0,1,1,0,0,1,0,0,0,0
201600026991,16,6,22,1835,1,2,1,3,6,162,4721016,161692,440,4,2,2,0,1,1,0,0,2,0,0,0,0
201600026992,16,6,24,1615,1,2,1,1,3,109,4722608,152877,440,4,2,2,0,1,1,0,0,1,0,0,0,0
201600026993,16,6,30,1845,1,2,1,1,2,109,4725179,151729,440,4,3,2,0,1,1,0,0,1,0,0,0,0
201600026994,16,6,26,250,5,2,1,1,1,109,4721792,155247,440,4,2,2,0,1,1,0,0,1,0,0,0,0
201600026995,16,6,7,1900,1,2,1,1,1,109,4721773,155549,440,4,1,0,0,0,0,0,0,0,0,0,0,0
201600026996,16,7,8,1230,1,2,1,1,6,109,4725665,155513,440,4,1,0,0,1,3,0,0,1,0,0,0,0
201600026997,16,7,11,1620,1,2,1,1,3,109,4724039,151196,440,4,2,0,3,1,1,0,0,1,0,0,0,0
201600026998,16,7,21,1945,1,2,9,1,6,109,4722540,155734,440,4,1,2,0,2,1,0,0,1,0,1,0,0
201600026999,16,8,3,240,5,2,1,1,6,109,4718657,152166,440,4,2,2,0,2,1,0,0,1,0,1,0,1
201600027000,16,7,11,1945,1,2,1,1,6,109,4722434,160177,440,4,2,2,0,1,1,0,0,1,0,0,0,0
201600027001,16,7,10,1910,1,2,1,1,6,109,4720088,154477,440,4,2,2,0,1,2,0,0,1,0,1,0,0
201600027002,16,7,19,830,1,2,1,1,3,109,4721895,154406,440,4,2,2,0,2,1,0,0,1,0,0,0,0
201600027003,16,7,24,1830,1,2,1,1,1,162,4722347,161293,440,4,2,0,0,1,1,0,0,1,0,1,0,0
201600027004,16,7,17,1810,1,2,9,1,6,162,4724019,160948,440,4,0,0,0,1,0,0,0,1,0,1,0,0
201600027005,16,7,19,1200,1,2,1,1,3,162,4722714,160871,440,4,2,2,0,0,0,0,0,0,0,0,0,0
201600027006,16,7,4,1843,1,2,1,1,3,109,4725803,152836,440,4,2,0,0,1,1,0,0,1,0,0,0,0
201600027007,16,8,11,1645,1,2,1,1,3,162,4721334,160890,440,4,2,2,0,1,1,0,0,1,0,1,0,0
201600027008,16,7,12,1330,1,2,1,2,1,190,4719717,151295,440,4,2,2,0,1,1,0,0,1,0,0,0,0
201600027009,16,7,18,725,1,2,1,1,6,109,4721693,155758,440,4,2,1,0,1,1,0,0,1,0,1,0,0
201600027010,16,7,26,1710,1,2,1,1,6,109,4725896,150819,440,4,2,1,0,1,1,0,0,1,0,1,0,0
201600027011,16,7,29,1810,1,2,1,1,3,109,4722404,149994,440,4,2,2,0,1,1,0,0,1,0,0,0,0
201600027012,16,8,16,905,1,2,1,1,6,162,4720775,161833,440,4,0,1,0,1,2,0,0,1,0,1,0,0
201600027013,16,7,2,955,1,1,1,1,7,109,4722726,150137,440,4,0,0,0,0,0,0,0,0,0,0,0,0
201600027014,16,8,10,1955,1,2,1,1,3,109,4721226,155457,440,4,2,0,0,1,1,0,0,1,0,0,0,0
201600027015,16,7,17,2143,2,2,1,1,6,109,4720651,155495,440,4,2,0,0,2,1,0,0,1,0,0,0,0
201600027016,16,7,30,1020,1,1,1,1,4,114,4726547,158706,440,2,2,0,0,1,1,0,0,1,0,1,0,0
201600027017,16,7,1,1530,1,2,1,1,6,109,4719805,152993,440,4,2,2,0,1,1,0,0,1,0,1,0,0
201600027018,16,7,11,1645,1,2,1,1,6,109,4725852,151838,440,4,3,0,0,1,1,0,0,1,0,1,0,0
201600027019,16,7,6,1730,1,2,1,1,6,114,4726542,158690,440,2,0,0,0,0,0,0,0,0,0,0,0,0
201600027020,16,7,10,1825,1,2,2,1,3,109,4720550,160643,440,4,2,0,0,1,1,0,0,1,0,1,0,0
201600027021,16,8,17,2326,5,2,1,1,6,109,4721176,155614,440,4,2,0,0,0,0,0,0,0,0,0,0,0
201600027022,16,7,25,1040,1,1,1,1,4,109,4719292,161357,440,2,3,0,0,2,1,0,0,1,0,1,0,0
201600027023,16,7,12,2245,5,2,1,1,6,162,4721944,162570,440,4,0,0,0,2,1,0,0,1,0,1,0,0
201600027024,16,7,15,1118,1,2,1,1,6,109,4726573,157354,440,4,0,0,0,0,0,0,0,0,0,1,0,0
201600027025,16,7,1,1435,1,2,1,1,6,109,4721605,154679,440,4,0,0,0,0,0,0,0,0,0,1,0,0
201600027026,16,8,12,1411,1,2,1,1,6,114,4724603,157986,440,4,0,0,0,0,0,0,0,0,0,0,0,0
201600027027,16,8,23,1455,1,2,1,1,6,109,4724808,151614,440,4,0,0,0,0,0,0,0,0,0,0,0,0
201600027028,16,9,3,1435,1,2,1,1,6,109,4721033,157198,440,4,2,0,0,1,1,0,0,0,0,0,0,0
201600027029,16,9,16,1430,1,2,1,1,1,109,4721278,155349,440,4,3,0,3,1,1,0,0,1,0,1,0,0
201600027030,16,9,1,1715,1,2,1,1,6,143,4719355,154620,440,4,0,0,0,0,0,0,0,0,0,0,0,0
201600027031,16,9,16,650,2,1,1,1,6,109,4718717,147731,440,4,0,0,0,0,0,0,0,0,0,1,0,0
201600027032,16,10,2,120,5,2,2,1,1,109,4721214,157906,440,4,2,0,2,2,1,0,0,1,0,1,0,0
201600027033,16,8,20,2040,1,1,1,1,6,162,4721406,160730,440,4,0,0,0,0,0,0,0,0,0,0,0,0
201600027034,16,9,2,1355,1,2,6,1,6,109,4724741,150390,440,4,0,0,0,1,1,0,0,1,0,0,0,0
201600027035,16,8,30,310,3,2,1,1,6,162,4723609,158740,440,4,0,0,0,0,0,0,0,0,0,0,0,0
201600027036,16,8,30,800,1,1,1,1,6,109,4724606,150291,440,4,1,0,0,1,2,0,0,1,0,0,0,0
201600027037,16,9,24,5,5,1,1,1,6,109,4722794,152730,440,4,0,0,0,0,0,0,0,0,0,0,0,0
201600027038,16,9,29,945,1,2,1,1,4,114,4726210,161258,440,1,3,2,0,1,1,0,130,1,0,1,99,0
201600027039,16,8,7,2011,1,2,1,1,6,109,4721475,157439,440,4,2,0,0,1,1,0,0,1,0,0,0,0
201600027040,16,8,20,255,5,2,1,1,7,109,4721591,154685,440,4,1,0,0,2,0,0,0,1,0,0,0,0
201600027041,16,8,2,835,1,2,1,1,6,109,4726411,157623,440,4,0,0,0,1,1,0,0,1,0,1,0,1
201600027042,16,8,23,1640,1,2,1,1,6,109,4725272,155327,440,4,2,2,0,1,1,0,0,1,0,1,0,0
201600027043,16,9,25,1940,1,2,1,1,6,162,4721329,160845,440,4,2,0,0,1,1,0,0,1,0,1,0,0
201600027044,16,8,9,1555,1,1,1,1,6,162,4723879,166327,440,2,1,1,0,1,1,0,0,9,0,0,0,0
201600027045,16,10,4,910,1,2,1,1,4,109,4727258,150970,440,4,0,0,0,1,1,0,600,1,0,1,0,0
201600027046,16,8,23,905,1,2,1,1,2,162,4724113,159844,440,4,0,2,0,1,1,0,0,1,0,0,0,0
201600027047,16,8,12,1200,1,1,1,1,3,109,4719474,161367,440,2,0,0,0,0,0,0,0,0,0,0,0,0
201600027048,16,10,18,1340,1,2,3,1,2,109,4721724,158150,440,4,2,2,0,1,1,0,0,2,0,1,0,0
201600027049,16,9,1,1725,1,2,1,1,6,109,4723877,157039,440,4,2,2,0,1,4,0,0,1,0,0,0,0
201600027050,16,10,21,258,5,2,1,1,7,109,4721298,154450,440,4,3,1,3,1,1,0,0,1,0,1,0,1
201600027051,16,9,18,1845,1,2,1,1,3,143,4717394,155870,440,4,2,0,0,1,1,0,0,1,0,0,0,0
201600027052,16,9,15,1705,1,1,1,1,6,109,4722472,155875,440,4,2,3,0,2,1,0,0,1,0,0,0,0
201600027053,16,9,12,1748,1,2,1,1,7,109,4721822,154045,440,4,2,2,0,0,0,0,0,0,0,0,0,0
201600027054,16,9,28,1005,1,2,1,1,6,109,4725292,156071,440,4,2,0,0,1,1,0,0,1,0,1,0,0
201600027056,16,10,22,5,5,2,1,1,3,109,4722243,158249,440,4,2,2,0,1,1,0,0,1,0,1,0,0
201600027057,16,9,30,1710,1,2,1,1,6,172,4724608,149974,440,2,2,2,0,1,1,0,0,1,0,1,0,0
201600027058,16,9,23,1015,1,2,1,1,6,20,4716803,157686,440,2,1,0,0,1,0,0,0,1,0,0,0,0