Num_Acc,an,mois,jour,hrmn,lum,agg,int,atm,col,com,lat,long,dep,catr,circ,nbv,vosp,prof,plan,lartpc,larrout,surf,infra,situ,env1,killed
201600027059,16,9,20,935,1,2,1,1,3,162,4723422,165422,440,4,2,2,0,2,1,0,0,1,0,0,0,0
201600027060,16,9,20,1620,1,2,1,1,3,143,4715726,154145,440,4,1,1,0,2,3,0,0,1,0,0,0,0
201600027061,16,9,28,1710,1,2,1,1,1,162,4723132,159195,440,4,2,0,0,2,1,0,0,1,0,0,0,0
201600027062,16,10,5,1315,1,2,1,1,6,109,4720602,160826,440,4,0,0,0,0,0,0,0,0,0,4,0,0
201600027063,16,10,2,1850,2,2,1,1,6,109,4721214,155861,440,4,0,0,3,0,0,0,0,0,4,0,0,0
201600027064,16,10,14,1600,1,2,1,1,6,109,4721382,156036,440,4,1,2,0,2,1,0,0,1,0,0,0,0
201600027065,16,10,7,1500,1,2,1,1,6,114,4725054,161759,440,4,3,2,0,0,0,0,0,0,0,0,0,0
201600027066,16,8,4,1900,2,2,1,1,6,109,4721883,155449,440,4,0,0,0,0,0,0,0,0,0,0,0,0
201600027067,16,9,28,815,1,2,1,1,3,109,4725732,155033,440,2,3,0,0,1,1,0,0,1,0,0,0,0
201600027068,16,11,7,2150,5,2,1,1,1,162,4722252,160892,440,4,2,2,0,0,0,0,0,0,0,1,0,0
201600027069,16,10,8,1730,1,2,1,1,6,109,4722091,155281,440,4,1,1,0,2,1,0,0,1,0,1,0,0
201600027070,16,10,3,1700,1,2,3,1,6,114,4725449,160031,440,4,2,2,0,1,0,0,0,1,0,0,0,0
201600027071,16,10,10,1015,1,2,1,1,6,109,4725379,149921,440,4,2,2,0,1,1,0,0,1,0,0,0,0
201600027072,16,9,23,1255,1,2,1,1,6,109,4724843,152134,440,4,2,0,0,1,1,0,0,1,0,0,0,0
201600027073,16,9,10,900,1,2,6,1,6,109,4724849,152141,440,4,2,0,0,0,0,0,0,0,0,1,0,0
201600027074,16,9,15,1810,1,2,1,1,3,109,4726436,157237,440,4,2,2,0,1,1,0,0,1,0,0,0,0
201600027075,16,9,24,1807,1,2,1,1,6,109,4720830,159303,440,4,2,1,0,1,1,0,0,1,0,1,0,0
201600027076,16,9,6,2020,2,2,1,1,6,109,4722724,156083,440,4,0,0,0,0,0,0,0,0,0,0,0,0
201600027077,16,9,29,850,1,2,1,1,3,109,4719977,156484,440,4,2,2,0,1,1,0,0,1,0,0,0,0
201600027078,16,9,30,50,5,2,1,1,6,109,4721022,159474,440,4,2,2,0,0,0,0,0,0,0,0,0,0
201600027079,16,9,29,820,1,2,1,1,1,190,4720423,151924,440,4,2,0,0,1,1,0,0,1,0,0,0,0
201600027080,16,9,15,1745,1,2,1,1,3,109,4721338,160242,440,4,2,2,0,1,1,0,0,1,0,1,0,0
201600027081,16,10,1,1450,1,2,1,1,6,162,4721075,162625,440,4,3,0,0,1,1,0,0,2,0,1,0,0
201600027082,16,11,24,42,5,2,1,1,6,109,4722070,154853,440,4,1,1,0,1,1,0,30,2,0,4,99,0
201600027083,16,10,8,1825,1,2,1,1,6,162,4725029,162031,440,2,3,2,0,0,0,0,0,0,0,0,0,0
201600027084,16,10,3,850,1,2,1,1,2,162,4724053,161053,440,4,0,2,0,2,3,0,0,1,0,0,0,0
201600027085,16,10,21,1830,1,2,1,1,1,109,4725447,156930,440,4,2,2,0,1,1,0,0,1,0,0,0,0
201600027086,16,10,29,1030,1,2,1,1,3,162,4723805,159774,440,4,2,2,0,1,1,0,0,1,0,0,0,0
201600027087,16,10,6,2300,5,2,1,1,3,190,4719061,148801,440,4,3,0,0,0,0,0,0,0,0,1,0,0
201600027088,16,10,19,1830,1,2,1,1,6,109,4722452,154978,440,4,2,2,0,2,1,0,0,1,0,4,0,0
201600027089,16,10,12,815,2,2,1,1,5,109,4723537,154596,440,4,2,2,0,1,1,0,0,1,0,2,0,0
201600027090,16,10,28,1110,1,2,1,1,3,109,4720614,153868,440,4,2,0,1,0,0,0,0,0,0,5,0,0
201600027091,16,10,18,1645,1,2,1,1,5,162,4723344,159019,440,4,2,2,0,1,1,0,0,1,0,0,0,0
201600027092,16,10,23,345,5,2,1,1,6,109,4720824,156582,440,4,0,0,0,0,0,0,0,0,0,0,0,0
201600027093,16,10,7,1735,1,2,1,1,6,162,4722143,160540,440,4,3,0,0,1,1,0,0,1,0,0,0,0
201600027094,16,11,14,700,5,2,1,1,1,109,4722215,155637,440,4,2,2,0,2,1,0,0,1,0,0,0,0
201600027095,16,11,4,1335,1,2,1,1,1,109,4722079,157120,440,4,2,2,0,0,0,0,0,0,0,0,0,0
201600027096,16,11,18,1950,2,2,1,1,6,109,4720126,154653,440,4,0,0,0,0,0,0,0,0,0,0,0,0
201600027097,16,11,8,1827,5,2,1,2,6,114,4725290,157633,440,4,2,2,0,2,1,0,0,1,0,0,0,0
201600027098,16,10,6,154,5,2,3,1,6,109,4720682,157917,440,4,0,0,0,0,0,0,0,0,0,0,0,0
201600027099,16,12,3,250,5,2,1,1,7,109,4722767,151560,440,4,2,2,0,1,1,0,0,7,0,0,0,1
201600027100,16,10,6,1820,1,2,1,1,1,109,4723529,154543,440,4,2,2,0,2,1,0,0,1,0,0,0,0
201600027101,16,10,16,915,1,2,1,1,6,109,4722162,155744,440,4,0,0,0,0,0,0,0,0,0,0,0,0
201600027102,16,10,31,1042,1,1,1,1,7,109,4719473,161299,440,4,0,0,0,1,1,0,0,1,0,0,0,1
201600027103,16,12,8,1650,1,2,1,1,7,109,4719008,152546,440,5,2,0,3,1,1,0,0,1,4,1,0,0
201600027104,16,10,2,2300,3,1,1,1,2,109,4726479,159100,440,1,1,0,0,4,3,0,0,1,0,0,0,0
201600027105,16,10,17,1100,1,2,1,1,6,162,4725083,162116,440,2,1,0,0,1,3,0,0,2,0,0,0,0
201600027106,16,10,6,2115,5,2,1,1,5,109,4721069,156022,440,4,0,0,0,0,0,0,0,0,0,0,0,0
201600027107,16,10,16,240,5,2,1,1,6,162,4723465,158892,440,4,2,0,0,2,1,0,0,2,0,0,0,0
201600027108,16,10,24,1930,1,2,1,1,3,109,4720906,155597,440,4,2,2,0,0,0,0,0,0,0,0,0,0
201600027109,16,11,23,1230,1,2,6,2,3,109,4718958,151933,440,4,0,0,0,1,1,0,0,2,0,0,0,0
201600027110,16,10,17,750,1,2,1,1,6,162,4723559,159608,440,4,2,2,0,0,0,0,0,0,0,0,0,0
201600027111,16,11,13,2000,3,2,1,1,5,162,4721255,162666,440,2,3,2,0,1,1,0,0,1,0,1,0,0
201600027112,16,12,15,1712,5,2,1,1,3,109,4722886,158619,440,4,2,2,0,1,1,0,80,1,0,1,0,0
201600027113,16,11,12,1819,2,2,1,1,6,109,4721404,153260,440,4,0,0,0,0,0,0,0,0,0,0,0,0
201600027114,16,12,20,1850,3,2,1,1,4,109,4722133,151073,440,4,2,1,0,1,1,0,0,1,0,1,0,0
201600027115,16,11,13,620,3,2,1,2,6,109,4721174,154346,440,4,3,0,0,2,0,0,0,2,0,0,0,0
201600027116,16,11,6,1925,1,1,4,1,1,109,4721778,155547,440,4,2,0,0,1,1,0,0,1,0,0,0,0
201600027117,16,1,3,1111,1,2,1,6,7,184,4727963,221135,440,4,2,2,0,1,1,0,0,1,0,1,99,0
201600027118,16,12,30,1855,1,2,3,1,3,184,4728422,220150,440,4,2,2,2,1,1,0,0,2,0,1,99,0
201600027119,16,1,4,1415,1,2,1,1,3,184,4726358,225887,440,3,2,2,0,1,4,0,0,2,0,1,99,0
201600027120,16,1,5,1230,1,2,1,1,1,184,4728040,225881,440,4,2,2,0,4,3,0,80,1,0,1,99,0
201600027121,16,1,6,1445,1,2,2,1,3,184,4727094,221447,440,4,2,2,0,1,1,0,0,2,0,1,99,0
201600027122,16,1,6,1920,5,2,1,3,7,184,4727027,223983,440,4,3,2,0,1,1,0,0,2,0,1,3,0
201600027123,16,1,8,1920,5,2,2,2,3,184,4727813,220854,440,4,2,2,0,1,1,0,60,2,0,1,99,0
201600027124,16,1,10,2045,3,2,1,2,2,184,4728305,227717,440,3,3,2,0,1,1,0,70,2,0,1,99,0
201600027125,16,1,16,1950,2,2,1,1,5,184,4727851,224845,440,3,2,2,0,0,0,0,0,0,0,1,0,0
201600027126,16,1,18,1810,5,2,1,2,3,184,4729352,219829,440,3,2,2,2,1,1,0,100,2,0,1,99,0
201600027127,16,1,20,715,2,2,3,1,2,184,4727869,221317,440,4,1,1,0,1,1,0,0,1,0,1,99,0
201600027128,16,1,21,2100,5,2,3,1,3,184,4728163,220928,440,4,2,2,2,1,1,0,60,1,0,1,99,0
201600027129,16,1,23,1130,1,2,1,1,3,184,4727759,221661,440,4,2,2,0,1,1,0,0,1,0,1,99,0
201600027130,16,1,26,1820,1,2,1,1,7,184,4726944,222785,440,4,2,2,0,1,1,0,0,1,0,1,99,0
201600027131,16,2,15,1640,1,2,3,1,1,184,4728423,220131,440,3,2,2,2,1,1,0,85,1,0,1,99,0
201600027132,16,2,25,1555,1,2,1,1,7,184,4727162,223291,440,4,2,2,0,1,1,0,80,1,0,1,3,0
201600027133,16,3,3,1220,1,2,1,1,4,184,4726676,225475,440,3,3,2,0,1,1,0,35,1,0,1,99,0
201600027134,16,3,19,1920,1,1,2,1,1,184,4727022,221396,440,4,2,2,0,1,1,0,0,1,0,1,0,0
201600027135,16,4,7,1730,1,2,7,1,3,184,4727841,221656,440,4,4,1,0,1,1,0,0,1,0,1,0,0
201600027136,16,4,12,1140,1,2,1,1,3,184,4727945,220254,440,4,2,2,2,1,1,0,0,1,0,1,99,0
201600027137,16,4,19,1100,1,2,1,1,5,184,4728341,224934,440,3,1,2,0,2,3,0,30,1,3,1,99,0
201600027138,16,4,23,2110,2,2,6,1,6,184,4727091,224461,440,4,3,2,0,1,3,0,100,1,0,1,99,0
201600027139,16,4,26,1650,1,1,2,1,2,184,4726286,223894,440,3,3,5,2,2,1,0,0,1,0,1,99,0
201600027140,16,4,28,750,1,2,2,1,3,184,4727337,222113,440,4,2,2,0,1,1,0,0,1,0,1,99,0
201600027141,16,5,2,1740,1,2,1,1,3,184,4726399,224409,440,4,2,2,0,1,1,0,70,1,0,1,99,0
201600027142,16,5,8,1335,1,2,1,1,3,184,4728476,220465,440,4,2,2,0,1,1,0,75,1,0,1,99,0
201600027143,16,5,11,1800,1,2,1,1,7,184,4727501,221843,440,4,2,3,0,1,1,0,90,1,0,1,3,0
201600027144,16,5,19,2125,1,2,1,1,2,184,4730122,218864,440,3,2,3,0,1,1,0,90,1,0,1,99,0
201600027145,16,5,24,1835,1,2,6,1,3,184,4725675,226837,440,3,1,3,2,1,2,0,0,1,0,1,99,0
201600027146,16,6,3,1600,1,2,2,1,3,184,4728246,223772,440,3,2,2,0,2,1,0,70,1,0,1,99,0
201600027147,16,6,3,1700,1,2,1,1,2,184,4728290,221923,440,3,2,2,0,1,1,0,100,1,0,1,99,0
201600027148,16,6,4,1600,1,2,1,1,1,184,4729496,219523,440,4,2,2,0,1,1,0,0,1,0,1,99,0
201600027149,16,6,14,1910,1,2,6,1,6,184,4725617,226884,440,4,1,3,1,1,2,0,110,1,5,1,99,0
201600027150,16,6,17,2215,1,2,1,1,2,184,4725745,222812,440,4,0,1,0,1,1,0,0,1,0,4,3,0
201600027151,16,6,21,1050,1,2,1,1,6,184,4727663,220543,440,4,2,2,0,1,1,0,0,1,0,1,99,1
201600027152,16,6,24,1822,1,2,2,1,7,184,4727769,221699,440,4,2,2,0,1,1,0,100,1,0,1,99,0
201600027153,16,6,29,1425,1,2,1,1,6,184,4728027,222851,440,4,2,2,0,1,1,0,0,1,0,0,99,0
201600027154,16,6,29,1610,1,2,1,1,1,184,4726101,225706,440,4,2,2,0,1,1,0,0,1,0,1,99,0
201600027155,16,6,30,1730,1,2,1,1,1,184,4725937,227984,440,3,2,2,1,1,4,0,0,1,0,5,0,0
201600027156,16,7,5,1455,1,2,1,1,1,184,4727823,226598,440,4,2,2,0,1,3,0,55,1,0,1,99,0
201600027157,16,7,13,1200,1,2,1,1,3,184,4727329,223170,440,4,2,2,0,1,3,0,70,1,0,1,3,0
201600027158,16,7,17,2030,1,2,2,1,3,184,4727781,221720,440,4,2,2,0,1,1,0,100,1,0,1,99,0
201600027159,16,7,22,1950,1,2,1,1,2,184,4727851,221069,440,4,2,2,0,0,0,0,0,0,0,1,0,0
201600027160,16,7,27,1435,1,2,2,1,3,184,4728276,220929,440,3,2,3,2,1,1,0,80,1,0,1,3,0
201600027161,16,8,4,2000,1,2,3,1,5,184,4729052,219957,440,3,2,3,2,1,1,0,95,1,0,1,99,0
201600027162,16,8,13,1650,1,2,1,1,2,184,4729071,223523,440,3,3,4,0,1,1,22,90,1,0,1,99,1
201600027163,16,8,22,1805,1,2,2,1,3,184,4727875,228631,440,4,2,2,0,1,1,0,60,1,0,1,99,0
201600027164,16,9,9,831,1,2,8,1,3,184,4730029,219283,440,4,2,2,0,1,1,0,110,1,4,1,99,1
201600027165,16,9,12,1700,1,2,1,1,7,184,4725644,226867,440,4,3,2,2,1,1,0,35,1,0,1,99,0
201600027166,16,9,13,1935,2,2,1,2,3,184,4729114,226267,440,3,2,2,0,1,1,0,63,1,0,1,99,0
201600027167,16,9,14,1745,1,2,1,1,4,184,4727096,224438,440,4,3,2,0,1,1,0,70,1,0,1,99,0
201600027168,16,9,22,830,1,2,2,1,3,184,4728283,221884,440,4,2,2,0,1,1,0,0,1,0,1,99,0
201600027169,16,9,26,1500,1,2,2,1,1,184,4727548,221334,440,4,3,2,0,1,1,0,0,1,0,1,99,0
201600027170,16,9,27,924,1,2,3,2,3,184,4727078,224203,440,4,3,4,3,1,1,0,0,2,0,1,99,0
201600027171,16,9,29,903,2,1,1,1,4,184,4729071,223523,440,3,3,6,0,1,1,0,0,1,3,1,0,0
201600027172,16,10,5,900,1,2,6,1,3,184,4726479,224331,440,4,2,2,0,1,1,0,0,1,0,1,0,0
201600027173,16,10,11,750,3,1,1,1,2,184,4729246,222662,440,3,3,4,0,1,1,40,105,1,0,1,99,0
201600027174,16,10,17,1545,1,2,1,1,7,184,4725758,225328,440,3,1,0,0,1,1,0,0,1,0,1,0,0
201600027175,16,10,11,840,1,2,3,1,6,184,4728678,221896,440,4,2,3,0,1,1,0,0,1,0,1,99,0
201600027176,16,10,22,620,4,2,6,1,1,184,4728970,219274,440,4,2,2,0,1,1,0,0,1,0,0,99,0
201600027177,16,10,23,1420,1,2,1,2,1,184,4728626,221106,440,4,2,2,0,1,2,0,0,1,0,1,0,0
201600027178,16,10,25,650,5,2,1,5,2,184,4727540,222079,440,4,2,2,0,2,1,0,0,2,0,1,0,0
201600027179,16,11,2,1715,1,2,1,1,4,184,4727083,224217,440,4,1,2,0,1,1,0,0,1,0,1,99,0
201600027180,16,11,9,1130,1,2,7,1,7,184,4725784,223654,440,6,0,0,0,1,1,0,0,1,0,1,0,0
201600027181,16,11,10,1805,2,2,3,1,1,184,4727892,222648,440,3,2,2,2,1,3,0,0,1,0,5,99,0
201600027182,16,11,14,745,2,2,1,1,1,184,4729273,218735,440,4,2,2,2,1,1,0,0,1,0,5,99,0
201600027183,16,11,19,1520,1,2,2,1,3,184,4727689,222751,440,3,3,2,0,1,1,0,0,1,0,1,0,0
201600027184,16,11,22,845,1,2,2,1,1,184,4728457,222272,440,4,2,2,2,1,1,0,0,1,0,1,99,0
201600027185,16,11,22,1530,1,2,2,1,3,184,4728144,222881,440,4,2,1,0,1,1,0,0,1,0,1,99,0
201600027186,16,11,28,630,5,2,1,1,3,184,4728196,220443,440,3,2,2,0,1,1,0,0,1,0,1,0,0
201600027188,16,11,30,1330,1,2,6,1,1,184,4726778,223365,440,4,3,2,1,1,1,0,0,1,5,5,99,0
201600027189,16,12,3,1825,5,2,1,1,1,184,4726768,224067,440,4,2,2,0,1,1,0,0,1,0,1,99,0
201600027190,16,12,6,750,5,2,1,1,7,184,4726216,225475,440,4,2,0,0,1,1,0,0,2,0,1,0,0
201600027191,16,12,16,912,1,2,1,1,6,184,4726348,223367,440,3,1,1,2,2,1,0,0,1,0,1,3,0
201600027192,16,12,17,2305,3,1,1,5,6,184,4729071,223523,440,3,3,2,0,1,1,0,0,1,0,1,99,0
201600027193,16,12,22,1935,1,2,2,1,6,184,4727845,221066,440,4,3,2,0,1,1,0,0,1,0,1,0,0
201600027194,16,12,27,2120,3,1,6,1,2,184,4728592,224981,440,3,3,2,0,1,1,0,0,1,5,0,99,0
201600027195,16,1,7,750,2,2,1,3,6,208,4799479,273363,450,4,2,2,0,1,1,0,70,2,0,1,99,0
201600027196,16,1,8,1832,5,2,3,1,2,4,4799925,275278,450,3,2,2,1,1,1,0,70,2,0,1,99,0
201600027197,16,1,9,640,5,2,1,2,6,4,4796868,277372,450,3,2,2,0,1,3,0,60,2,0,4,99,1
201600027198,16,1,14,1245,1,2,1,1,2,208,4798726,273257,450,3,2,2,0,1,1,0,70,1,0,1,99,0
201600027199,16,1,18,1720,2,2,1,1,2,68,4800462,272445,450,3,4,3,0,1,1,0,60,1,0,1,99,0
201600027201,16,1,26,1250,1,2,1,1,1,208,4799358,272855,450,4,2,2,0,1,1,0,60,1,0,1,3,0
201600027202,16,1,28,836,1,2,2,1,3,208,4800537,274445,450,3,2,2,0,1,1,0,60,2,0,1,99,0
201600027203,16,1,28,1355,1,1,4,2,4,4,4797579,273997,450,3,3,2,0,2,1,10,150,2,0,1,99,0
201600027204,16,1,30,1940,5,2,1,2,6,208,4799379,273235,450,3,2,2,0,1,1,0,60,2,0,4,99,0
201600027205,16,2,5,1120,1,2,2,2,3,68,4801304,273129,450,4,2,2,0,1,1,0,60,2,0,1,99,0
201600027206,16,2,5,1620,1,2,1,1,3,4,4798142,273302,450,3,2,2,0,1,1,0,60,1,0,1,99,0
201600027207,16,2,12,720,2,2,1,2,3,68,4802041,271529,450,3,2,2,0,1,1,0,50,2,0,1,99,0
201600027208,16,2,15,2155,5,2,2,1,3,208,4800666,274113,450,3,2,2,1,1,1,0,60,1,0,1,99,0
201600027209,16,2,24,1250,1,2,1,1,6,208,4799414,272851,450,3,2,2,0,1,1,0,60,1,0,4,3,0
201600027210,16,3,26,1950,2,2,2,1,3,208,4800356,274201,450,3,2,2,0,1,1,0,60,1,5,0,99,0
201600027211,16,4,2,1526,1,2,1,1,6,4,4797388,273589,450,6,0,0,0,1,1,0,0,1,0,1,99,0
201600027212,16,4,14,1615,1,2,2,8,3,208,4799436,274255,450,4,2,2,0,1,1,0,50,1,0,1,99,0
201600027213,16,4,16,1415,1,2,3,2,1,4,4797477,277979,450,4,2,2,0,1,2,0,60,2,0,1,99,0
201600027214,16,4,16,1510,1,1,1,8,6,208,4799412,274034,450,3,2,3,0,1,1,0,90,1,0,1,99,0
201600027215,16,4,17,1655,1,2,1,1,6,208,4800017,273126,450,4,2,2,0,1,1,0,50,1,0,1,99,0
201600027216,16,4,21,1450,1,1,1,1,2,338,4798094,270854,450,3,3,2,0,1,1,10,100,1,0,1,99,0
201600027217,16,5,2,1640,1,1,3,1,2,4,4798569,276944,450,4,1,2,0,1,1,0,70,1,0,1,99,0
201600027218,16,5,5,2126,5,2,3,1,1,208,4800042,274568,450,4,2,2,0,1,1,0,50,1,0,1,99,1
201600027219,16,5,7,1032,1,2,3,1,3,68,4801216,273131,450,4,2,2,0,1,1,0,60,1,0,1,99,0
201600027220,16,5,20,1120,1,2,1,1,2,4,4798411,273276,450,3,2,2,0,2,1,0,60,1,0,1,99,0
201600027221,16,5,23,820,1,2,3,2,3,208,4799867,274145,450,4,2,2,0,1,1,0,60,2,0,1,99,0
201600027222,16,5,24,1145,1,2,1,1,6,208,4799681,273443,450,4,1,1,0,1,1,0,50,1,0,1,99,0
201600027223,16,5,28,235,5,2,1,1,6,4,4798889,274698,450,5,0,0,0,1,1,0,0,1,0,4,99,0
201600027224,16,5,29,1205,1,2,2,2,6,208,4799405,273242,450,3,2,2,0,1,1,0,60,2,0,1,99,0
201600027226,16,6,9,1905,1,2,1,1,3,208,4800188,273586,450,4,2,2,0,1,1,0,60,1,0,1,99,0
201600027227,16,6,24,1203,1,2,3,2,3,4,4798568,276937,450,4,2,2,0,1,1,0,60,2,0,1,99,0
201600027228,16,6,24,1225,1,1,1,8,4,4,4796976,273494,450,4,2,2,0,2,1,0,60,1,2,1,99,0
201600027230,16,7,6,1620,1,2,1,1,6,68,4800883,274053,450,4,2,2,1,1,1,0,30,1,0,5,99,0
201600027231,16,7,7,1930,1,2,1,1,6,68,4801223,272229,450,4,2,2,0,1,1,0,50,1,0,1,99,0
201600027233,16,5,11,1200,1,2,3,1,2,338,4798890,272423,450,3,2,2,0,1,1,0,60,1,0,1,99,0
201600027235,16,7,26,1100,1,1,1,1,1,4,4798989,277849,450,3,2,2,0,1,2,0,72,1,0,1,99,1
201600027236,16,8,1,2155,5,2,1,1,1,4,4797576,274146,450,3,4,1,0,2,1,0,50,1,5,1,99,0
201600027237,16,8,2,123,5,2,2,1,3,4,4799052,276909,450,3,2,2,0,1,1,0,60,1,0,1,3,0
201600027238,16,8,4,1750,1,2,4,1,2,208,4798835,273246,450,3,2,2,0,1,1,0,50,1,0,1,99,0
201600027239,16,8,10,2240,5,2,3,1,3,4,4798932,274676,450,3,2,2,0,1,1,0,50,1,0,1,99,0
201600027241,16,8,22,812,1,2,2,1,3,68,4801305,273126,450,4,2,2,0,1,1,0,60,1,0,1,99,0
201600027242,16,8,23,550,3,2,1,1,6,68,4801064,273999,450,3,2,2,0,1,1,0,50,1,0,1,99,0
201600027243,16,8,23,1135,1,2,6,1,3,68,4800776,274046,450,3,2,2,0,1,2,0,50,1,0,1,99,0
201600027244,16,8,29,1645,1,2,1,1,6,208,4799744,274182,450,6,0,0,0,1,1,0,0,1,0,1,99,0
201600027246,16,9,9,1055,1,2,1,1,6,208,4799489,273222,450,4,1,1,0,1,2,0,30,1,0,1,99,0
201600027247,16,9,9,2252,5,2,1,1,7,338,4799062,270779,450,3,2,2,0,2,1,0,60,1,0,1,99,0
201600027249,16,9,19,420,5,2,1,8,6,208,4800715,274095,450,3,2,2,0,1,1,0,60,1,0,4,99,0
201600027250,16,9,12,1720,1,1,1,1,3,208,4799263,274535,450,3,2,2,0,1,1,0,50,1,0,1,99,0
201600027251,16,9,20,1130,1,2,1,1,6,208,4799766,273568,450,4,1,1,0,1,2,0,30,1,2,4,99,0
201600027252,16,9,20,1755,1,2,3,2,3,338,4798589,271427,450,4,2,2,0,1,1,0,50,2,0,1,99,0
201600027253,16,9,22,1850,1,2,2,1,3,208,4799799,273991,450,4,2,2,0,1,1,0,50,1,0,1,3,0
201600027254,16,9,25,1640,1,2,1,8,6,208,4799587,272254,450,4,2,2,0,2,1,0,50,2,0,1,99,0
201600027255,16,9,28,1035,1,2,1,1,6,68,4801561,273599,450,4,2,2,0,1,1,0,50,1,0,1,99,0
201600027256,16,9,28,1345,1,2,1,1,6,4,4797772,273361,450,6,0,0,0,1,2,0,0,1,0,4,99,0
201600027257,16,10,3,1300,1,2,1,1,3,208,4800679,274112,450,3,2,2,0,1,1,0,60,1,0,1,99,0
201600027258,16,10,8,1645,1,2,6,1,3,68,4801206,271901,450,3,2,2,0,1,1,0,60,1,5,1,99,0
201600027259,16,10,9,1546,1,1,1,1,6,4,4795993,275912,450,4,2,1,0,3,3,0,30,1,2,1,99,0
201600027260,16,10,11,900,1,2,1,1,1,208,4799682,272192,450,4,2,2,0,2,0,0,60,1,0,1,99,0
201600027261,16,10,17,1730,1,2,1,1,6,68,4802459,273511,450,4,2,2,0,1,1,0,50,1,0,1,99,0
201600027262,16,10,21,2120,5,2,1,1,3,68,4801575,271589,450,3,2,2,0,1,1,0,40,2,0,1,99,0
201600027263,16,10,23,1910,5,2,1,2,3,338,4799077,271006,450,3,2,2,0,1,1,0,50,2,0,1,99,0
201600027264,16,10,28,1755,1,2,1,1,6,4,4797713,273692,450,3,2,2,0,1,1,0,60,1,0,1,99,0
201600027265,16,10,28,2113,5,2,1,1,3,208,4799119,273223,450,3,2,2,0,2,1,0,60,1,0,1,99,0
201600027266,16,11,2,830,1,1,1,5,2,4,4797801,274169,450,3,3,2,0,1,1,10,100,1,0,1,99,0
201600027267,16,11,4,1100,1,2,1,1,6,208,4799797,274215,450,4,2,2,0,1,1,0,60,1,0,1,99,0
201600027269,16,9,10,1755,1,2,1,2,6,208,4799858,273377,450,4,1,1,0,1,1,0,35,1,0,1,99,0
201600027271,16,11,24,1320,1,2,1,1,3,4,4797741,273147,450,6,0,0,0,1,1,0,0,1,0,1,99,0
201600027272,16,11,30,1330,1,2,1,1,6,68,4800149,272469,450,4,2,2,0,1,1,0,50,1,0,1,99,0
201600027273,16,11,30,1730,5,2,1,1,6,208,4799982,273282,450,4,2,2,0,1,1,0,50,1,0,1,99,0
201600027274,16,11,29,1825,3,2,2,1,3,4,4799242,277086,450,4,2,1,0,1,1,0,124,1,0,1,0,0
201600027276,16,12,15,1550,1,2,1,1,6,68,4803138,274288,450,4,2,2,0,1,1,0,50,1,0,0,99,0
201600027277,16,12,19,845,1,2,1,2,6,338,4799199,270163,450,4,2,2,0,1,3,0,0,2,0,4,99,0
201600027282,16,11,22,2035,5,2,3,1,3,234,4788682,188872,450,3,2,2,0,1,1,0,50,1,0,1,99,0
201600027285,16,2,9,1910,3,2,3,1,6,234,4791113,191521,450,3,2,2,0,1,1,0,75,2,0,1,99,0
201600027287,16,1,23,26,5,2,3,2,3,147,4793525,191748,450,3,2,2,0,1,1,0,76,2,0,1,99,0
201600027288,16,1,23,2230,5,2,2,1,6,169,4792002,180714,450,4,2,2,0,1,1,0,60,1,0,1,99,0
201600027290,16,1,29,1320,1,2,1,1,6,147,4792728,191994,450,4,3,3,2,1,1,17,142,1,0,1,99,0
201600027291,16,2,6,2133,3,1,1,1,2,232,4783962,191444,450,3,3,2,0,1,1,10,140,1,0,1,99,0
201600027292,16,4,30,2355,5,2,2,1,3,234,4790549,189191,450,3,2,2,0,1,1,0,62,1,0,1,3,0
201600027293,16,4,26,1755,1,2,2,1,3,147,4792256,191427,450,3,2,2,0,1,1,0,78,1,0,1,99,0
201600027294,16,4,8,1405,1,2,1,1,3,75,4789731,185338,450,4,2,2,0,1,1,0,70,1,0,1,99,0
201600027295,16,4,14,1415,1,2,1,2,5,302,4793356,186612,450,4,2,2,0,1,3,0,70,2,0,1,99,0
201600027296,16,6,8,845,1,1,1,1,3,302,4793138,187907,450,3,3,2,0,1,1,10,140,1,0,1,99,1
201600027297,16,5,19,2050,1,2,2,1,5,285,4791114,186708,450,4,2,2,0,1,1,0,70,1,0,1,99,0
201600027298,16,7,7,2305,5,2,3,1,3,234,4788682,188872,450,3,2,2,0,1,1,0,72,1,0,1,99,1
201600027299,16,9,2,2355,5,2,3,1,3,302,4796409,188864,450,3,2,4,0,1,1,0,180,1,0,1,99,1
201600027300,16,6,22,1600,1,2,1,1,7,234,4791436,190457,450,3,3,2,0,1,3,10,120,1,0,1,0,0
201600027301,16,6,24,2240,5,2,2,1,1,147,4793771,191847,450,3,2,3,0,1,1,0,78,1,0,1,99,0
201600027302,16,6,9,1355,1,2,3,1,1,234,4788148,190345,450,3,2,2,3,1,1,0,95,1,0,1,99,0
201600027304,16,11,3,1150,1,2,3,1,6,147,4792644,191637,450,4,2,2,0,1,1,0,80,1,0,1,99,1
201600027307,16,9,3,1630,1,2,1,1,6,234,4791456,189813,450,4,2,3,0,1,1,0,70,1,0,1,99,0
201600027308,16,9,5,2125,5,2,1,1,3,234,4789997,192663,450,3,2,2,0,1,1,0,65,1,0,1,99,0
201600027309,16,12,4,2210,5,2,1,1,5,234,4788231,190027,450,3,3,2,0,2,1,10,140,1,0,1,99,1