Num_Acc,an,mois,jour,hrmn,lum,agg,int,atm,col,com,lat,long,dep,catr,circ,nbv,vosp,prof,plan,lartpc,larrout,surf,infra,situ,env1,killed
201600027310,16,9,27,1830,1,2,1,1,1,285,4790482,187603,450,4,2,2,0,1,1,0,50,1,0,1,99,0
201600027311,16,9,11,630,5,2,1,1,3,234,4787911,190797,450,3,3,2,0,1,1,10,113,1,0,1,99,0
201600027312,16,9,15,730,2,2,2,1,3,169,4793007,185451,450,4,2,2,0,1,1,0,65,1,0,1,99,0
201600027313,16,9,19,1730,1,2,3,1,4,284,4790538,198888,450,3,2,2,0,1,1,0,60,1,0,1,99,0
201600027314,16,9,22,1325,1,2,1,1,3,234,4790019,192829,450,3,2,2,0,1,1,0,60,1,0,1,99,0
201600027315,16,9,25,1030,1,2,1,1,6,234,4783212,192825,450,6,0,0,0,1,1,0,0,1,0,1,99,0
201600027316,16,9,6,1020,1,1,1,1,6,286,4789238,191794,450,3,2,2,0,1,1,0,66,1,0,1,99,0
201600027317,16,1,14,1240,1,1,1,8,6,95,4451925,135347,460,3,2,1,0,2,2,0,120,2,0,3,99,0
201600027318,16,3,2,1455,1,1,1,2,7,42,4446547,144025,460,3,2,2,0,1,1,0,0,2,0,1,99,0
201600027319,16,4,4,1030,1,2,1,1,6,42,4446176,145225,460,6,0,0,0,1,0,0,0,1,0,3,99,0
201600027320,16,4,4,1330,1,2,9,1,6,42,4446086,145528,460,3,3,0,0,0,0,0,0,0,0,1,0,0
201600027321,16,3,12,1445,1,1,1,1,7,42,4446058,148350,460,3,2,2,0,2,4,0,60,1,0,1,99,0
201600027322,16,5,21,1350,1,1,1,1,5,95,4451452,136691,460,3,2,0,0,0,0,0,0,0,0,1,0,0
201600027323,16,5,27,1730,1,2,1,1,6,42,4446194,145444,460,6,0,0,0,0,0,0,0,0,0,1,0,0
201600027324,16,6,13,1945,1,1,1,2,1,42,4449289,140428,460,3,2,2,0,1,2,0,0,2,0,1,99,0
201600027325,16,7,6,1430,1,1,1,1,6,191,4450785,139903,460,4,2,2,0,2,3,0,46,1,0,3,99,0
201600027326,16,7,9,1110,1,2,1,1,6,42,4441563,142230,460,4,0,2,0,1,2,0,46,1,0,1,0,0
201600027327,16,7,13,1350,1,2,1,1,7,42,4444451,143284,460,3,2,0,0,1,3,0,0,1,0,1,99,0
201600027328,16,8,8,1510,1,1,1,1,5,191,4449355,140141,460,3,2,2,0,1,2,0,0,1,0,1,99,0
201600027329,16,9,2,1330,1,2,1,1,1,42,4446550,142839,460,3,2,2,0,1,1,0,0,1,0,1,99,0
201600027330,16,8,29,945,1,1,4,1,2,42,4443246,144335,460,4,2,2,0,1,1,0,0,1,0,1,99,0
201600027331,16,10,3,730,2,2,2,1,3,42,4444573,143755,460,4,1,1,0,1,1,0,0,1,0,1,0,0
201600027332,16,10,25,955,1,2,1,1,6,42,4445034,144501,460,4,2,2,0,1,1,0,59,1,0,1,99,0
201600027333,16,10,30,457,5,2,1,1,1,42,4443984,144135,460,3,0,1,0,1,3,0,88,1,0,1,99,0
201600027334,16,11,25,1935,5,2,1,1,2,42,4446113,145560,460,9,2,2,0,1,1,0,60,1,0,1,99,0
201600027335,16,1,21,1825,2,2,3,5,3,201,4418600,59980,470,3,2,2,0,1,1,0,0,2,0,1,0,0
201600027336,16,2,5,1210,1,2,1,1,6,1,4420720,61559,470,4,2,2,0,1,1,0,0,1,0,1,3,0
201600027337,16,2,17,950,1,2,1,1,6,1,4420360,62463,470,3,2,2,0,1,1,0,0,1,0,1,0,0
201600027338,16,3,19,1635,1,2,1,1,6,31,4417730,63027,470,6,0,0,0,1,1,0,0,1,0,1,0,0
201600027339,16,3,19,1930,2,2,1,1,3,1,4420090,63330,470,3,2,2,0,1,1,0,0,1,0,1,0,0
201600027340,16,3,26,1750,1,2,9,1,1,31,4418000,63406,470,3,2,2,0,1,1,0,0,1,0,1,0,0
201600027341,16,4,6,1124,1,2,1,1,7,1,4421250,63640,470,3,2,2,0,2,2,0,0,1,0,1,99,0
201600027342,16,4,26,843,1,1,3,1,3,31,4417670,63541,470,3,2,2,0,1,1,0,0,1,0,1,0,0
201600027343,16,4,29,1817,1,2,1,1,6,32,4418690,66915,470,4,2,2,0,1,1,0,0,1,0,1,0,0
201600027344,16,5,3,1730,1,1,6,1,3,201,4416960,60863,470,2,1,2,0,1,2,0,0,1,0,1,99,0
201600027345,16,5,12,740,1,2,3,2,1,1,4419550,61770,470,3,2,2,0,1,1,0,0,2,0,1,0,0
201600027346,16,5,12,1031,1,2,6,1,3,1,4419080,61320,470,4,2,2,0,1,1,0,0,1,0,1,99,0
201600027347,16,5,12,1044,1,1,1,1,6,32,4418560,67328,470,6,0,0,0,1,1,0,0,1,0,1,0,0
201600027348,16,5,12,1800,1,2,1,1,6,1,4420860,62863,470,3,2,2,0,1,1,0,0,1,0,1,99,0
201600027349,16,5,13,1540,1,2,1,1,2,1,4419540,64246,470,3,2,2,0,1,1,0,0,1,5,1,99,0
201600027350,16,6,6,1732,1,2,1,1,6,1,4420400,61749,470,4,1,1,0,1,1,0,0,1,0,1,99,0
201600027351,16,6,8,1549,1,2,3,1,3,31,4418230,64764,470,4,2,2,0,1,1,0,0,1,0,1,0,0
201600027352,16,6,9,2115,1,2,3,1,3,1,4420140,61206,470,3,2,4,0,1,1,0,0,1,0,1,99,0
201600027353,16,6,12,630,2,2,1,1,3,1,4420790,61693,470,9,2,2,0,1,3,0,0,1,2,1,99,0
201600027354,16,6,14,1545,1,2,2,1,3,32,4418420,66649,470,3,2,2,0,1,1,0,0,1,0,1,99,0
201600027355,16,6,16,819,1,2,1,1,6,1,4418830,63339,470,4,2,2,0,1,1,0,0,1,0,1,99,0
201600027356,16,7,8,2153,2,2,3,1,3,1,4419960,61590,470,4,2,2,0,1,1,0,0,1,0,1,99,0
201600027357,16,7,18,1120,1,2,2,1,6,201,4418480,60330,470,3,2,2,0,1,1,0,0,1,0,1,0,0
201600027358,16,8,13,1609,1,1,1,1,1,32,4419980,69561,470,4,2,2,0,2,3,0,0,1,0,1,99,1
201600027359,16,9,7,815,1,2,1,7,3,201,4419450,60582,470,3,2,4,0,1,1,0,0,1,0,1,99,0
201600027360,16,9,20,1453,1,2,3,1,3,1,4419550,61727,470,3,2,2,0,1,1,0,0,1,0,1,99,0
201600027361,16,9,21,1621,1,2,3,1,3,31,4417750,64165,470,4,2,2,0,1,1,0,0,1,0,1,99,0
201600027362,16,9,23,1742,1,2,1,1,6,1,4420460,62537,470,3,2,2,0,1,1,0,0,1,0,1,99,0
201600027363,16,10,14,857,1,2,1,2,6,1,4420030,61729,470,4,1,1,0,1,1,0,0,2,0,1,3,0
201600027364,16,10,15,1900,1,2,3,1,3,1,4420680,63775,470,3,2,2,0,1,1,0,0,1,0,1,0,0
201600027365,16,10,17,1230,1,2,1,1,2,1,4418900,61330,470,2,2,2,0,1,1,0,0,1,0,1,99,0
201600027366,16,10,29,1415,1,1,6,1,1,201,4416960,60863,470,2,1,1,0,1,2,0,0,1,0,1,99,0
201600027367,16,11,18,1255,1,2,1,1,5,201,4419400,59952,470,3,2,2,0,1,1,0,0,2,0,1,99,0
201600027368,16,12,4,1545,1,1,1,1,3,51,4418080,68635,470,4,0,2,0,1,1,0,0,1,0,1,0,0
201600027369,16,12,16,1440,1,2,3,1,3,1,4420860,61656,470,4,2,2,0,1,1,0,0,1,0,1,99,0
201600027370,16,12,17,35,3,1,1,1,6,201,4416730,60556,470,3,2,2,0,1,1,0,0,1,0,1,99,0
201600027371,16,12,22,1605,1,2,1,2,6,1,4421050,63008,470,3,2,2,0,4,1,0,0,2,0,1,99,0
201600027372,16,1,8,1715,2,2,1,2,6,323,4440880,73605,470,3,2,2,0,1,1,10,80,2,0,1,99,0
201600027373,16,1,7,710,3,1,6,2,3,215,4437460,71418,470,2,2,2,0,4,3,0,40,2,5,1,99,0
201600027374,16,1,22,825,2,1,4,1,1,323,4443370,76716,470,3,2,2,0,2,1,0,60,1,0,1,99,0
201600027375,16,2,7,5,3,1,3,2,3,323,4440230,77615,470,3,2,2,0,1,1,0,75,2,0,1,99,0
201600027376,16,3,26,1320,1,2,1,1,7,27,4440390,68669,470,3,2,2,0,1,1,0,0,1,0,1,99,0
201600027377,16,3,31,1800,1,1,2,2,3,323,4445710,73022,470,3,2,2,0,1,1,0,68,2,5,1,99,1
201600027378,16,4,7,1555,1,2,1,1,6,323,4440950,70426,470,4,1,1,0,1,1,0,0,1,0,1,0,0
201600027379,16,5,1,1655,1,2,1,1,7,323,4440810,72330,470,3,2,2,0,1,1,0,0,1,0,1,99,0
201600027380,16,6,10,1440,1,1,1,2,6,215,4437460,67090,470,3,2,2,0,2,2,0,60,2,0,1,99,0
201600027381,16,6,17,1405,1,2,3,1,3,323,4440780,73559,470,4,2,2,0,1,1,0,70,1,0,1,99,0
201600027382,16,7,9,1250,1,2,3,1,3,323,4441210,73675,470,3,2,2,0,1,1,0,0,1,0,1,0,0
201600027383,16,9,4,1750,1,2,1,1,6,323,4441030,70873,470,4,2,2,0,2,1,0,64,1,0,1,3,0
201600027384,16,10,7,2010,5,2,1,2,1,27,4440310,67260,470,3,2,2,0,1,1,0,63,1,0,1,0,0
201600027385,16,10,10,1710,1,2,1,1,6,323,4440850,71950,470,4,2,2,0,2,1,0,32,1,0,1,3,0
201600027386,16,10,13,930,1,1,1,9,7,323,4440500,76203,470,3,2,2,0,1,1,0,75,2,0,1,99,0
201600027387,16,11,4,1635,1,2,3,2,3,27,4440390,68637,470,3,2,2,0,1,1,0,67,2,0,1,99,0
201600027388,16,11,8,2120,5,2,1,3,1,323,4440740,71860,470,3,3,2,0,1,1,28,84,2,0,1,3,0
201600027389,16,11,17,1700,1,1,1,1,4,27,4440210,65418,470,3,2,2,0,1,1,0,70,1,0,1,0,0
201600027390,16,11,21,1220,1,1,1,1,3,323,4439840,72396,470,3,0,2,0,1,1,0,0,0,0,0,0,0
201600027391,16,11,22,1725,5,2,3,3,3,323,4440880,73684,470,3,3,4,0,1,1,0,95,2,5,1,99,0
201600027392,16,12,8,1500,1,2,1,1,2,323,4439660,74235,470,3,2,2,0,1,1,0,0,1,0,1,0,0
201600027393,16,12,15,1844,5,2,1,1,6,323,4440790,74406,470,6,0,0,3,1,3,0,0,1,0,1,99,0
201600027394,16,1,9,520,3,1,9,2,3,95,4453510,349644,480,3,2,2,0,2,2,0,68,2,0,1,99,1
201600027395,16,9,7,1040,1,2,1,1,6,95,4451741,350117,480,4,2,1,0,2,2,0,33,1,0,1,0,0
201600027397,16,11,11,603,5,2,7,2,6,95,4451593,349848,480,2,1,2,0,2,3,0,70,2,0,1,99,0
201600027399,16,12,31,540,5,2,2,1,7,7,4747777,55284,490,4,2,2,0,1,1,0,60,1,0,1,0,0
201600027400,16,12,30,1106,1,2,1,1,6,7,4745033,52896,490,4,2,2,0,1,1,0,68,1,0,1,0,0
201600027401,16,1,3,1800,5,2,3,1,5,353,4745557,50722,490,4,2,2,0,1,1,0,56,2,0,1,0,0
201600027402,16,1,5,1918,5,2,1,2,6,7,4747343,58873,490,4,2,2,0,1,1,0,56,2,0,1,0,0
201600027403,16,1,6,1300,1,2,9,1,3,7,4745098,54922,490,4,3,4,0,1,1,0,130,1,0,1,0,0
201600027404,16,1,6,852,1,2,6,2,6,15,4749379,58585,490,4,2,2,0,1,1,0,60,2,0,1,0,0
201600027405,16,1,6,845,1,2,1,1,6,7,4749240,56665,490,4,2,2,3,1,1,0,60,2,0,1,0,0
201600027406,16,1,10,1328,1,2,2,1,3,7,4746692,53852,490,4,2,3,0,1,1,0,218,1,0,1,0,0
201600027407,16,1,8,1742,1,2,1,1,2,7,4747134,52031,490,4,2,4,0,1,1,0,80,1,0,1,0,0
201600027408,16,1,11,1318,1,1,1,1,2,246,4743790,50993,490,1,1,1,0,1,2,0,40,1,0,1,0,0
201600027409,16,1,12,728,5,2,2,1,3,7,4746643,55295,490,4,3,4,0,1,1,0,64,1,0,1,0,0
201600027410,16,1,16,1315,1,2,1,1,2,7,4746101,60414,490,4,0,0,0,1,1,0,52,1,0,0,0,0
201600027411,16,1,16,1846,5,2,6,1,6,15,4749552,58787,490,4,2,2,0,1,1,0,60,1,0,1,0,0
201600027412,16,1,18,1935,5,2,1,1,7,7,4746717,56503,490,4,0,2,0,1,1,0,60,1,0,4,0,0
201600027413,16,1,18,1255,1,2,1,1,6,7,4747149,51920,490,4,3,4,0,1,1,0,77,1,0,1,0,0
201600027414,16,1,19,1212,1,2,1,1,3,267,4748194,50697,490,4,2,2,0,1,1,0,70,1,0,1,0,0
201600027415,16,1,19,1340,1,2,1,1,1,7,4747551,56700,490,4,2,4,0,1,1,0,120,1,0,1,0,0
201600027416,16,1,19,2050,1,2,6,1,7,7,4747692,59889,490,4,3,2,0,1,1,0,70,1,0,1,0,0
201600027417,16,1,19,1752,1,2,1,1,6,7,4747950,58945,490,4,2,2,0,1,1,0,60,1,0,1,0,0
201600027418,16,1,20,820,2,1,1,1,6,353,4745338,51479,490,1,3,4,0,1,1,0,70,2,0,1,99,0
201600027419,16,1,20,1345,1,2,1,1,7,7,4745853,52232,490,4,2,2,0,1,1,0,52,1,0,1,0,0
201600027420,16,1,20,830,2,2,1,1,3,7,4747740,54897,490,4,2,3,0,1,1,0,95,1,0,1,0,0
201600027421,16,1,21,725,3,2,1,1,4,7,4747323,56673,490,4,2,4,0,1,1,0,118,1,0,1,0,0
201600027422,16,1,22,1634,1,2,1,1,1,7,4746169,54193,490,2,0,0,0,1,1,0,0,2,0,0,0,0
201600027423,16,1,24,1511,1,2,1,1,1,7,4747452,54679,490,2,0,0,0,1,1,0,0,1,0,1,0,0
201600027424,16,1,22,1223,1,2,1,1,1,7,4747008,53147,490,4,0,0,0,1,1,0,0,1,0,0,0,0
201600027425,16,1,22,1517,1,2,1,2,6,267,4746679,49229,490,4,2,2,0,1,1,0,0,2,0,0,0,0
201600027426,16,1,22,1705,1,2,1,1,1,7,4744349,56108,490,4,0,2,0,1,1,0,54,1,0,0,0,0
201600027427,16,1,22,1820,5,2,1,1,1,7,4746858,52271,490,4,2,2,0,1,1,0,0,1,0,0,0,0
201600027428,16,1,21,1731,1,2,1,1,5,7,4747158,57429,490,4,0,0,0,1,1,0,0,1,0,0,0,0
201600027429,16,1,13,615,3,1,1,1,6,7,4747498,55560,490,3,3,4,0,2,1,0,124,1,3,1,99,1
201600027430,16,1,21,1830,2,2,1,1,7,7,4745323,55328,490,4,2,2,0,1,1,0,70,1,0,1,0,0
201600027431,16,1,25,1840,5,2,3,1,6,7,4744846,54740,490,4,2,2,0,1,1,0,114,1,0,1,0,0
201600027432,16,1,23,1400,1,1,1,1,6,7,4746785,59519,490,4,4,2,3,1,1,0,60,1,0,1,0,0
201600027433,16,1,21,1405,1,2,2,1,1,15,4749873,58446,490,4,2,2,0,1,1,0,60,1,0,1,0,0
201600027434,16,1,25,1110,1,1,1,1,2,7,4746895,60559,490,3,3,4,0,1,1,0,76,1,0,1,99,0
201600027435,16,1,27,1124,1,2,2,1,3,7,4747992,54551,490,4,2,2,0,1,1,0,60,1,0,1,0,0
201600027436,16,1,27,925,1,1,1,1,7,15,4749721,62255,490,3,1,1,0,1,2,0,41,1,0,1,0,0
201600027437,16,1,12,1725,2,1,1,1,6,353,4744741,44902,490,3,2,2,2,1,1,0,61,2,2,1,99,1
201600027438,16,1,26,1716,1,1,1,1,2,7,4746786,56582,490,3,3,4,0,1,1,0,90,1,0,1,0,0
201600027439,16,1,28,1425,1,2,2,1,6,7,4747102,56844,490,4,2,2,0,1,1,0,80,1,0,1,0,0
201600027440,16,1,28,910,1,2,6,1,7,7,4747018,56897,490,4,1,2,0,1,1,0,61,2,0,1,0,0
201600027441,16,1,28,1425,1,2,1,1,6,7,4747487,53615,490,4,1,2,2,1,1,0,70,1,0,1,0,0
201600027442,16,1,28,1825,2,2,2,1,7,7,4746184,54159,490,4,2,2,0,1,1,0,60,1,0,1,0,0
201600027443,16,1,29,2115,5,2,2,1,3,7,4747318,55526,490,4,2,1,0,1,1,0,40,1,0,1,0,0
201600027444,16,1,29,2305,5,2,2,2,3,7,4745708,55406,490,4,2,2,0,1,1,0,60,2,0,1,0,0
201600027445,16,1,30,2115,5,2,3,2,3,353,4744435,50056,490,4,2,2,0,1,1,0,76,2,0,1,0,0
201600027446,16,1,29,1610,1,1,1,1,6,15,4749689,61053,490,4,2,4,0,1,1,0,94,1,0,1,0,0
201600027447,16,1,30,1040,2,2,2,2,6,353,4744319,48346,490,4,2,2,0,1,1,0,80,2,0,1,0,0
201600027448,16,1,29,1030,1,2,1,1,2,7,4746698,55452,490,4,3,2,0,1,1,0,56,1,0,1,0,0
201600027449,16,1,31,1108,1,1,1,1,6,7,4745711,57248,490,4,1,1,0,1,1,0,50,2,0,1,0,0
201600027450,16,1,31,500,5,2,1,2,6,7,4749086,54291,490,3,1,2,0,1,1,0,70,2,0,1,0,0
201600027451,16,2,1,1240,1,2,6,1,6,246,4743977,50238,490,4,2,2,0,1,1,0,60,1,0,1,0,0
201600027452,16,2,2,1354,1,2,1,1,2,7,4747413,55197,490,4,1,1,0,1,1,0,40,1,0,1,99,0
201600027453,16,2,2,1327,1,2,1,2,7,15,4750256,59662,490,4,2,2,0,1,1,0,60,0,0,1,0,0
201600027454,16,2,7,1546,1,2,1,1,4,353,4744284,49582,490,4,2,2,0,1,1,0,560,1,0,1,0,0
201600027455,16,2,6,1808,1,2,2,1,6,7,4747445,54691,490,4,3,4,0,1,1,0,100,1,0,1,0,0
201600027456,16,2,8,1100,1,2,1,1,6,7,4745976,53660,490,4,2,2,0,1,2,0,75,2,0,1,0,1
201600027457,16,2,10,1740,1,2,1,1,6,7,4744427,53931,490,4,0,1,0,1,1,0,62,1,0,1,0,0
201600027458,16,2,11,720,5,2,1,1,6,7,4746687,55258,490,4,2,1,3,1,1,0,24,2,0,1,0,0
201600027459,16,2,10,1615,1,1,1,1,6,7,4745220,55376,490,4,2,2,0,1,1,0,60,1,0,1,0,0
201600027460,16,2,11,1800,5,2,1,1,6,353,4744215,49415,490,4,2,2,0,1,1,0,60,1,0,1,0,0
201600027461,16,2,11,1036,1,2,1,1,6,353,4744417,49008,490,4,2,2,0,1,1,0,58,1,0,1,0,0
201600027462,16,2,14,1735,1,2,1,1,6,7,4744930,46347,490,4,2,2,0,1,1,0,60,1,0,1,0,0
201600027463,16,2,12,2100,5,2,2,1,3,7,4745311,53876,490,4,3,4,0,1,1,0,140,1,0,1,0,0
201600027464,16,2,15,1845,5,2,1,1,5,7,4748848,54448,490,4,2,4,0,1,1,0,70,1,0,1,99,0
201600027465,16,2,16,1730,1,2,1,1,6,7,4747504,54991,490,4,2,2,0,1,1,0,48,1,0,1,99,1
201600027466,16,2,15,1636,1,1,1,1,6,353,4744003,50186,490,4,2,2,0,1,1,0,70,1,0,1,0,0
201600027467,16,2,17,1027,1,2,4,1,6,7,4745309,52595,490,4,2,2,0,1,1,0,36,1,0,1,0,0
201600027468,16,2,19,940,1,2,6,1,6,7,4748884,54529,490,4,2,2,0,1,1,0,70,1,0,1,0,0
201600027469,16,2,20,2120,5,2,1,1,7,353,4744694,47158,490,3,3,2,0,1,1,0,110,9,0,1,0,0
201600027470,16,2,22,915,1,2,2,1,7,7,4747640,56640,490,4,2,2,0,1,1,0,70,2,0,1,0,0
201600027471,16,2,23,750,2,2,1,1,3,246,4743785,50707,490,4,2,3,0,1,1,0,104,1,0,1,0,0
201600027472,16,2,23,1356,1,2,1,1,6,7,4749095,55997,490,4,3,2,0,1,2,0,88,1,0,1,0,0
201600027473,16,2,23,1150,1,2,6,1,7,246,4742979,54199,490,4,2,2,0,1,1,0,60,2,0,1,0,0
201600027474,16,2,23,1120,1,2,6,1,7,7,4744851,53864,490,4,3,4,0,1,1,0,60,2,0,1,0,0
201600027475,16,2,24,747,1,2,6,1,1,7,4747719,59260,490,4,2,2,0,1,1,0,135,2,0,1,0,0
201600027476,16,2,25,840,1,2,1,1,4,7,4748842,54440,490,4,0,2,0,1,1,0,70,1,0,1,0,0
201600027477,16,2,25,1449,1,2,1,1,1,7,4746960,56132,490,4,3,2,0,1,1,0,70,1,0,1,0,0
201600027478,16,2,28,1350,1,2,5,1,6,7,4747816,54364,490,4,0,2,0,1,1,0,60,1,0,1,0,0
201600027479,16,2,28,110,5,2,2,1,2,7,4747133,54690,490,4,2,2,0,1,1,0,60,1,0,1,0,0
201600027480,16,2,26,1804,1,2,1,1,4,7,4747291,60628,490,4,2,2,0,1,1,0,80,1,0,1,0,0
201600027481,16,2,27,1530,1,2,1,1,6,7,4748572,51105,490,4,1,2,0,1,1,0,80,1,0,1,0,0
201600027482,16,2,27,1717,1,2,1,1,7,7,4746245,54313,490,4,2,2,0,1,1,0,60,1,0,1,0,0
201600027483,16,2,29,1845,2,2,1,1,2,7,4746881,55916,490,4,3,3,0,1,1,0,101,1,0,1,0,0
201600027484,16,2,29,1151,1,1,1,1,2,267,4747056,51164,490,1,3,4,0,1,1,0,124,1,0,1,99,0
201600027485,16,3,1,810,1,2,3,1,1,7,4746138,54682,490,4,1,1,0,1,1,0,60,1,0,1,0,0
201600027486,16,3,1,2040,5,2,1,1,7,7,4747115,56506,490,4,3,3,0,1,1,0,95,1,0,1,0,0
201600027487,16,3,1,2148,5,1,1,1,6,7,4747721,55375,490,3,3,4,0,1,1,0,70,1,0,1,0,0
201600027488,16,3,3,1000,1,1,1,1,1,7,4748345,54911,490,3,3,4,0,1,1,0,97,1,0,1,99,0
201600027489,16,3,4,1726,1,2,2,1,3,7,4747312,59989,490,4,3,5,0,1,1,0,111,2,0,1,0,0
201600027490,16,3,4,1855,2,2,1,2,2,7,4747757,55341,490,4,1,3,0,1,1,0,100,2,0,1,99,0
201600027491,16,3,4,1130,1,2,3,1,6,7,4745380,52217,490,4,1,1,0,1,1,0,30,1,0,1,0,0
201600027492,16,3,7,2230,5,2,3,1,6,7,4746885,53195,490,4,2,2,0,1,1,0,60,1,0,1,0,0
201600027493,16,3,7,1555,1,2,3,1,6,7,4746534,55893,490,4,2,2,0,1,1,0,70,1,0,1,0,0
201600027494,16,3,9,1738,1,2,6,1,7,246,4743006,54190,490,3,2,2,0,1,1,0,60,2,0,1,99,0
201600027495,16,3,9,1710,1,2,1,2,6,246,4743736,50705,490,4,2,2,0,1,1,0,70,2,0,1,0,0
201600027496,16,3,11,1925,2,2,1,1,2,7,4747389,57819,490,4,2,2,0,1,1,0,70,1,0,1,0,0
201600027497,16,3,13,1255,1,2,1,1,7,7,4747588,54992,490,4,2,3,3,1,1,0,101,1,0,1,0,0
201600027498,16,3,12,1900,2,2,1,1,6,7,4746243,56278,490,4,2,2,0,1,1,0,70,1,0,1,0,0
201600027499,16,3,15,1400,1,2,1,1,4,7,4747888,54273,490,4,2,2,0,1,1,0,59,1,0,1,0,0
201600027500,16,3,16,1310,1,1,6,1,6,7,4748097,57367,490,4,3,2,0,1,1,0,126,1,0,1,0,0
201600027501,16,3,16,640,2,1,1,1,7,267,4747147,50934,490,1,3,4,0,1,1,0,100,1,0,1,0,0
201600027502,16,3,19,1700,1,2,1,1,6,7,4747700,55277,490,4,1,4,0,1,1,0,98,1,0,1,0,0
201600027503,16,3,19,1707,1,2,1,1,6,353,4745791,51493,490,4,2,2,0,1,1,0,65,1,0,1,0,0
201600027504,16,3,23,1445,1,2,6,1,2,7,4747196,56718,490,4,1,2,0,1,1,0,95,1,0,1,0,0
201600027505,16,3,24,1245,1,2,6,1,6,7,4744887,57311,490,4,3,2,0,1,1,0,54,1,0,1,0,0
201600027506,16,3,25,745,1,2,6,1,6,7,4748338,57460,490,4,2,2,0,1,1,0,54,1,0,1,0,0
201600027507,16,3,25,929,1,2,1,1,7,7,4745484,55358,490,4,2,2,0,1,0,0,60,1,0,1,0,0
201600027508,16,3,25,1720,1,2,1,1,6,7,4746710,59533,490,4,1,1,0,1,1,0,60,1,0,0,0,0
201600027509,16,3,26,950,1,1,6,1,2,353,4745011,48977,490,3,2,2,0,1,1,0,60,2,0,1,0,0
201600027510,16,3,26,1245,1,1,1,1,7,267,4746419,47816,490,4,2,2,0,1,2,0,70,2,0,1,0,0
201600027511,16,3,27,1300,1,2,5,1,3,7,4747886,55055,490,4,3,3,0,1,1,0,98,1,0,1,0,0
201600027512,16,3,29,839,2,2,1,1,6,7,4748658,53254,490,4,2,2,0,1,1,0,110,1,0,1,0,0
201600027513,16,3,29,846,1,2,1,1,7,7,4745218,54201,490,4,3,2,0,1,1,0,60,1,0,1,0,0
201600027514,16,3,29,1625,1,2,2,1,3,7,4747657,55160,490,4,2,2,3,1,1,0,60,1,0,1,0,0
201600027515,16,3,29,1705,1,1,1,1,6,7,4745402,57604,490,4,2,2,0,1,3,0,60,1,0,1,0,0
201600027516,16,3,30,1035,1,2,1,1,2,7,4747894,57006,490,4,3,2,0,1,1,0,66,1,0,1,0,0
201600027517,16,3,30,1032,1,2,1,1,6,7,4746434,54759,490,4,2,2,0,1,1,0,30,1,0,4,0,0
201600027518,16,3,31,1310,1,1,1,1,6,267,4747113,51076,490,1,3,4,0,1,1,0,100,2,0,1,0,0
201600027519,16,3,31,1611,1,1,1,1,6,7,4749108,52891,490,4,3,2,0,1,1,0,65,1,0,1,0,0
201600027520,16,4,1,130,5,2,1,1,6,7,4746767,55069,490,4,1,1,0,1,1,0,38,1,0,1,0,0
201600027521,16,3,31,1800,1,2,1,1,2,7,4746960,59157,490,4,1,2,0,1,1,0,72,1,0,1,0,0
201600027522,16,4,3,1150,1,2,1,1,6,353,4745801,48246,490,4,2,2,0,1,1,0,60,1,0,0,0,0
201600027523,16,4,4,835,1,2,1,1,6,7,4748338,52656,490,4,3,5,0,1,1,0,105,1,0,1,0,0
201600027524,16,4,5,600,5,2,1,1,7,7,4745381,52163,490,4,3,4,0,1,1,0,60,1,0,1,0,0
201600027525,16,4,5,1030,1,2,2,1,3,267,4746673,49064,490,4,2,2,0,1,1,0,90,1,0,1,0,0
201600027526,16,4,7,1130,1,2,6,1,3,15,4750686,58974,490,4,2,2,0,1,1,0,70,1,0,1,0,0
201600027527,16,4,8,1255,1,2,1,2,6,7,4748353,54905,490,3,3,4,0,1,1,0,70,2,0,1,0,0
201600027528,16,4,11,1000,1,2,1,1,2,267,4746943,51016,490,4,2,2,1,1,1,0,35,2,0,1,0,0
201600027529,16,4,8,630,3,1,1,1,3,7,4745773,51734,490,1,3,4,0,1,1,0,75,1,0,1,99,0
201600027530,16,4,12,1657,1,2,1,1,6,7,4746818,56476,490,4,2,2,0,1,1,0,0,1,0,1,99,0
201600027531,16,4,13,1339,1,2,2,1,7,7,4747436,55238,490,4,1,0,0,1,1,0,0,1,0,1,0,0
201600027532,16,4,16,30,5,2,2,1,3,7,4748625,52711,490,4,2,2,0,1,1,0,106,1,0,1,0,0
201600027533,16,4,18,1657,1,2,3,1,2,7,4747383,54510,490,4,2,2,0,1,1,0,70,1,0,1,0,0
201600027534,16,4,19,1310,1,2,6,1,6,7,4746560,59507,490,4,2,2,0,1,1,0,70,1,0,1,0,0
201600027535,16,4,19,1316,1,2,2,1,6,7,4748178,57576,490,4,3,3,0,1,1,0,43,1,0,1,0,0
201600027536,16,4,22,1600,1,2,1,1,6,7,4745617,53066,490,4,2,2,0,0,0,0,0,0,0,1,0,0
201600027537,16,4,24,1900,1,2,2,1,1,7,4747437,55237,490,4,1,1,1,1,1,0,50,1,0,5,0,0
201600027538,16,4,26,1508,1,1,2,1,3,15,4750002,62216,490,3,2,2,0,1,1,0,62,1,0,1,0,0
201600027539,16,4,25,915,1,2,1,1,4,7,4746718,56700,490,3,1,1,0,1,3,0,30,1,0,1,99,0
201600027540,16,5,1,2125,3,1,1,1,7,267,4747207,50800,490,3,1,1,0,1,3,20,80,0,3,3,99,0
201600027541,16,4,21,1909,2,1,1,8,4,267,4747273,49325,490,3,3,2,0,1,1,0,120,2,0,1,99,0
201600027542,16,4,26,2048,2,2,2,1,3,7,4747445,56027,490,4,4,2,0,1,1,0,70,1,5,1,0,0
201600027543,16,4,30,730,1,2,3,1,7,7,4748760,54121,490,4,3,3,0,1,1,0,85,1,5,1,99,0
201600027544,16,5,1,2109,2,2,6,1,6,353,4744236,48338,490,4,2,2,0,1,1,0,0,2,5,1,99,0
201600027545,16,4,29,650,1,2,5,1,3,7,4744452,55133,490,3,2,4,0,1,1,10,200,1,0,1,99,1