Num_Acc,an,mois,jour,hrmn,lum,agg,int,atm,col,com,lat,long,dep,catr,circ,nbv,vosp,prof,plan,lartpc,larrout,surf,infra,situ,env1,killed
201600027546,16,4,27,1511,1,2,2,1,3,353,4744317,48347,490,4,2,2,0,1,0,0,0,1,0,1,99,0
201600027547,16,4,21,1125,1,2,1,1,6,7,4746681,55384,490,4,1,2,0,1,1,0,55,1,0,1,0,0
201600027548,16,5,3,1833,1,2,1,1,7,7,4748650,52975,490,4,0,2,0,1,0,0,0,1,0,0,0,0
201600027549,16,5,4,1105,1,2,1,1,7,7,4748274,50400,490,4,2,2,0,1,1,0,64,1,0,1,99,0
201600027550,16,5,5,1558,1,2,1,1,2,246,4741589,52322,490,4,0,2,0,0,0,0,0,0,0,1,0,0
201600027552,16,5,6,1629,1,2,1,1,7,353,4745232,51397,490,4,2,2,0,1,1,0,80,1,0,1,0,0
201600027553,16,5,6,1920,1,2,1,1,6,7,4745857,59901,490,4,0,1,0,1,0,0,38,1,0,1,99,0
201600027554,16,5,9,732,1,2,1,1,3,7,4745373,52690,490,4,2,2,0,1,1,0,68,1,0,1,99,0
201600027555,16,5,8,834,2,1,1,1,6,15,4751073,61826,490,3,3,4,0,0,0,0,0,0,0,1,99,0
201600027556,16,5,9,2333,5,2,1,2,6,15,4750265,58559,490,4,0,0,0,1,0,0,0,2,0,0,0,0
201600027557,16,4,9,931,1,2,1,2,7,7,4745957,55446,490,4,2,2,0,1,0,0,0,2,0,1,0,0
201600027558,16,5,9,931,1,2,1,2,7,7,4745909,55436,490,4,2,2,0,1,1,0,0,2,0,1,99,0
201600027559,16,5,10,2040,2,2,1,1,6,7,4745588,55853,490,4,2,2,0,1,0,0,0,1,0,1,0,0
201600027560,16,5,12,235,5,2,1,2,6,7,4747012,56200,490,3,3,4,0,1,1,0,80,2,1,1,99,0
201600027561,16,5,10,1715,1,2,1,1,2,7,4747560,54948,490,4,4,3,3,2,1,0,80,1,0,1,99,0
201600027562,16,5,12,921,1,2,1,2,2,7,4747600,55472,490,3,3,4,0,1,1,0,0,2,0,1,99,0
201600027563,16,5,11,1755,1,2,1,1,6,246,4742449,52496,490,4,0,0,0,1,0,0,0,1,0,0,0,0
201600027564,16,5,12,1625,1,2,1,1,3,353,4744856,50117,490,4,0,0,0,1,0,0,0,0,0,0,0,0
201600027565,16,5,13,835,1,2,7,1,3,7,4746585,55946,490,4,2,1,0,1,1,0,70,2,0,1,0,0
201600027566,16,5,13,1505,1,2,1,2,6,7,4745690,53334,490,4,2,2,0,1,1,0,70,2,6,1,3,0
201600027567,16,5,15,1810,1,2,1,1,2,246,4743439,52616,490,4,2,2,0,1,1,0,120,1,0,1,0,0
201600027568,16,3,4,1129,1,2,1,1,3,7,4745374,52209,490,4,0,1,0,0,0,0,0,0,0,1,0,0
201600027569,16,5,18,1830,1,2,1,1,2,7,4744946,53882,490,4,2,2,0,1,1,0,70,1,0,1,0,0
201600027570,16,5,19,1030,1,2,1,1,3,7,4747679,54712,490,4,2,0,0,1,1,0,80,1,0,1,0,0
201600027571,16,5,19,2103,2,2,1,8,1,353,4745561,50722,490,4,2,2,0,1,1,0,80,2,0,1,0,0
201600027572,16,5,19,1950,1,2,1,1,3,7,4746693,55429,490,4,2,2,0,1,1,0,70,1,0,0,0,0
201600027573,16,5,20,339,3,2,1,1,6,7,4745005,57590,490,4,0,1,0,1,2,0,70,0,0,2,0,0
201600027574,16,5,22,1140,1,1,1,2,6,7,4745476,56857,490,4,0,2,0,0,0,0,0,0,0,0,0,0
201600027575,16,5,23,835,1,2,1,1,1,7,4745976,52301,490,4,0,0,0,0,1,0,0,1,0,0,0,0
201600027576,16,5,24,1000,1,2,3,1,3,7,4748325,56973,490,4,0,2,2,1,1,0,60,1,5,5,0,0
201600027577,16,5,26,1010,1,2,1,1,2,7,4747647,53287,490,4,2,2,0,2,1,0,60,1,0,1,99,0
201600027578,16,5,26,905,1,2,1,1,3,7,4747334,59458,490,4,2,2,0,1,1,0,55,1,0,1,0,0
201600027579,16,5,26,2207,1,2,3,1,2,7,4745196,57105,490,4,0,2,0,0,0,0,0,0,0,0,0,0
201600027580,16,5,25,824,1,2,1,1,7,7,4746462,56539,490,4,0,0,0,1,0,0,0,1,0,0,0,0
201600027581,16,5,28,1926,2,2,1,3,6,7,4745812,52505,490,4,0,0,0,1,1,0,0,2,0,0,0,0
201600027582,16,5,28,1208,1,2,1,1,7,7,4749073,53217,490,4,0,0,0,1,1,0,0,1,0,0,0,0
201600027583,16,5,29,1250,1,2,1,1,7,7,4745464,56813,490,4,0,0,0,1,1,0,0,2,0,1,0,0
201600027584,16,5,28,1352,1,2,2,1,7,7,4746253,54331,490,4,0,0,0,1,1,0,0,1,0,0,0,0
201600027585,16,5,30,1245,1,2,1,1,3,7,4748831,54395,490,4,2,2,0,1,1,0,66,1,0,1,0,0
201600027586,16,5,30,1455,1,2,6,1,7,246,4744549,52685,490,4,2,2,0,1,1,0,60,1,5,1,0,0
201600027587,16,6,1,1652,1,2,1,1,3,7,4746304,53216,490,4,0,1,0,0,0,0,0,0,0,0,0,0
201600027588,16,6,3,809,1,2,1,1,7,7,4747355,54482,490,4,2,2,0,0,0,0,0,0,0,1,0,0
201600027589,16,5,6,1806,1,2,1,1,6,7,4747933,56002,490,4,2,2,0,2,1,0,74,1,0,1,0,0
201600027590,16,6,6,949,1,2,1,1,2,7,4748604,53431,490,3,2,4,0,1,1,0,120,1,0,1,0,0
201600027591,16,6,4,1156,1,2,1,1,6,7,4746882,54587,490,4,1,1,0,1,1,0,60,1,0,1,0,0
201600027592,16,6,7,657,1,2,6,1,2,15,4751257,59736,490,4,1,2,0,1,0,0,84,1,0,1,0,0
201600027593,16,6,9,2330,5,2,1,1,6,7,4746557,55097,490,4,2,2,0,1,1,10,60,1,0,1,0,0
201600027594,16,6,9,1845,1,2,1,1,6,7,4746742,53950,490,4,2,2,0,1,1,0,45,1,0,1,0,0
201600027595,16,6,13,400,5,2,1,1,7,7,4746060,55453,490,4,2,2,3,1,1,0,80,1,4,1,0,0
201600027596,16,6,10,1200,1,2,1,1,7,7,4745292,51771,490,4,2,2,0,1,1,0,80,1,0,1,0,0
201600027597,16,6,10,1607,1,2,1,1,6,7,4744413,56260,490,4,2,2,3,1,1,0,80,1,4,1,0,0
201600027598,16,6,11,855,1,2,1,2,7,7,4747092,56066,490,3,3,4,0,1,1,0,140,2,0,1,0,0
201600027599,16,6,12,802,1,2,1,3,3,7,4745122,51198,490,4,2,2,0,1,1,0,70,2,0,4,0,0
201600027600,16,6,12,1912,1,2,2,1,3,7,4748210,52216,490,4,2,4,0,1,1,0,200,1,0,1,0,0
201600027601,16,6,12,1049,1,2,1,1,6,7,4747034,56164,490,3,3,4,0,0,0,0,0,0,0,1,0,0
201600027602,16,6,10,2150,2,1,1,1,7,7,4745485,56846,490,4,2,2,0,2,1,0,80,2,0,1,99,0
201600027603,16,6,13,1238,1,2,3,1,3,246,4742959,52833,490,4,2,2,0,1,1,0,57,0,0,1,0,0
201600027604,16,6,15,1500,1,2,1,2,6,7,4748469,57136,490,4,2,2,0,1,1,0,90,2,0,1,0,0
201600027605,16,6,15,1545,1,1,6,2,7,7,4749005,56634,490,4,2,2,0,1,3,0,80,2,5,1,3,0
201600027606,16,6,8,824,1,2,1,1,6,7,4747458,54692,490,4,0,1,0,0,0,0,0,0,0,1,0,0
201600027607,16,6,16,902,1,2,2,2,3,7,4748624,51437,490,4,2,4,0,1,1,0,190,2,0,1,0,0
201600027608,16,6,16,1632,1,1,1,3,6,7,4746615,56919,490,3,4,1,0,1,3,0,0,0,0,0,99,0
201600027609,16,6,13,738,1,2,1,1,7,7,4747520,58564,490,4,0,1,0,0,0,0,0,0,0,0,0,0
201600027610,16,6,15,1725,1,2,1,1,3,7,4749297,56534,490,4,2,2,0,1,1,0,50,1,0,1,99,0
201600027611,16,6,22,1335,1,2,2,1,2,7,4747941,52132,490,4,2,4,0,1,1,0,118,2,0,1,0,0
201600027612,16,6,22,1820,1,2,1,1,7,246,4743867,53022,490,4,2,2,0,1,1,0,47,1,0,1,0,0
201600027613,16,6,15,2005,1,2,1,1,3,7,4747398,56891,490,4,0,1,0,0,0,0,0,0,0,0,0,0
201600027614,16,6,23,1920,1,2,1,1,3,7,4747339,59154,490,4,2,2,2,2,1,0,78,1,0,1,0,0
201600027615,16,6,23,1429,1,2,1,1,1,7,4745354,55772,490,4,2,2,0,1,1,0,90,1,0,1,99,0
201600027616,16,6,18,1523,1,2,1,1,3,7,4747297,54792,490,4,1,1,0,2,1,0,50,1,0,1,0,0
201600027617,16,6,25,2145,1,2,7,1,1,7,4747876,56503,490,4,3,4,0,1,1,0,60,1,5,1,99,0
201600027618,16,6,23,750,1,2,1,1,6,267,4747651,50145,490,4,0,1,0,0,0,0,0,0,0,0,0,0
201600027619,16,6,18,1123,1,1,1,1,4,15,4750898,57902,490,4,2,2,0,2,1,0,0,1,0,0,99,0
201600027620,16,6,28,1500,1,2,1,1,3,353,4744857,50117,490,4,2,2,1,1,1,0,40,1,0,1,3,0
201600027621,16,7,2,2050,1,2,1,1,3,7,4747172,53590,490,4,2,2,0,1,1,0,58,1,0,1,0,0
201600027622,16,7,2,1405,1,2,1,1,1,7,4748799,56154,490,4,2,2,0,2,2,0,60,1,0,1,0,0
201600027623,16,6,24,1745,1,1,1,1,1,267,4746751,47381,490,4,0,1,0,0,0,0,0,0,0,0,0,0
201600027624,16,7,4,905,1,2,1,1,2,7,4745984,53289,490,4,2,2,1,1,1,0,100,1,0,1,0,0
201600027625,16,7,5,2133,2,2,2,1,3,7,4747887,57013,490,4,0,2,0,0,0,0,0,0,0,1,0,0
201600027626,16,7,6,1908,1,2,2,1,1,7,4747893,57012,490,4,3,2,0,0,0,0,0,0,0,1,0,0
201600027627,16,7,5,1301,1,2,6,1,3,7,4747175,56690,490,4,1,2,0,1,2,0,82,1,0,1,0,0
201600027628,16,7,4,1612,1,2,1,1,2,7,4747174,54252,490,4,2,4,0,2,2,0,80,1,0,1,0,0
201600027629,16,7,6,1725,1,1,1,1,3,267,4748515,49810,490,1,3,3,0,1,1,0,107,1,3,1,99,0
201600027630,16,7,11,755,1,2,2,1,3,7,4744829,55030,490,4,2,2,0,1,1,0,60,1,0,1,0,0
201600027631,16,7,13,1215,1,2,1,1,2,353,4744524,50269,490,4,0,1,0,0,0,0,0,0,0,1,0,0
201600027632,16,7,8,2234,2,2,1,1,6,7,4744893,56485,490,4,0,0,0,0,0,0,0,0,0,4,0,0
201600027633,16,7,16,720,1,1,1,1,7,267,4747390,48015,490,3,2,2,0,1,1,0,105,1,0,3,99,1
201600027634,16,7,16,2016,1,2,2,1,6,7,4745191,57106,490,4,3,2,0,0,0,0,0,0,0,1,0,0
201600027635,16,7,18,1425,1,2,1,1,6,7,4747020,58858,490,4,2,2,0,1,1,0,90,1,0,1,99,0
201600027636,16,5,31,654,1,2,1,1,7,267,4747045,46000,490,4,2,2,0,0,0,0,0,0,0,1,0,0
201600027637,16,5,24,2015,1,1,1,1,7,7,4749355,54782,490,4,3,4,0,1,1,0,100,1,0,1,99,0
201600027638,16,5,28,2145,5,2,2,1,3,7,4748741,57354,490,4,2,2,0,1,1,0,60,1,0,1,99,0
201600027639,16,7,18,1246,1,2,1,1,6,7,4748298,57544,490,6,0,0,0,1,0,0,0,1,0,1,99,0
201600027640,16,7,19,1608,1,1,1,1,2,246,4747080,54884,490,4,0,0,0,0,0,0,0,0,0,0,0,0
201600027641,16,7,17,2151,2,2,1,1,3,7,4747398,56806,490,4,0,1,0,0,0,0,0,0,0,0,0,0
201600027642,16,7,18,909,1,2,1,1,6,7,4748319,57583,490,4,0,1,0,0,0,0,0,0,0,0,0,0
201600027643,16,7,19,1705,1,2,1,1,6,15,4749337,59706,490,4,0,0,0,0,0,0,0,0,0,0,0,0
201600027644,16,7,21,830,1,2,1,1,3,246,4743768,50652,490,4,0,1,0,0,0,0,0,0,0,0,0,0
201600027645,16,7,21,2035,1,2,1,1,6,7,4748210,56287,490,4,2,2,0,1,1,0,50,1,0,1,99,0
201600027646,16,7,24,1927,1,2,1,1,6,7,4744776,54250,490,4,3,1,0,1,1,24,29,1,0,1,99,0
201600027647,16,7,22,2043,1,2,1,1,6,7,4746807,54137,490,4,0,1,0,0,0,0,0,0,0,0,0,0
201600027648,16,7,23,120,5,2,1,1,3,7,4748721,53870,490,4,2,2,0,1,2,0,60,1,0,1,0,0
201600027649,16,7,23,1845,1,2,1,1,6,7,4747235,56344,490,4,0,1,0,0,0,0,0,0,0,1,0,0
201600027650,16,7,26,1530,1,2,1,1,3,7,4746783,55103,490,4,0,1,0,0,0,0,0,0,0,0,0,0
201600027651,16,7,27,935,1,2,1,1,6,15,4752051,61136,490,4,3,1,0,1,1,0,40,1,0,3,99,0
201600027652,16,7,28,1827,1,2,1,1,6,7,4747167,55395,490,4,0,0,0,0,0,0,0,0,0,0,0,0
201600027653,16,7,30,1626,1,2,1,1,7,7,4746666,55292,490,4,0,1,0,0,0,0,0,0,0,0,0,0
201600027654,16,7,30,2225,5,2,2,1,6,7,4747384,57548,490,4,2,2,0,2,1,0,68,1,0,1,0,0
201600027655,16,7,31,1850,1,2,3,1,6,7,4747520,56228,490,4,1,1,0,2,1,0,64,1,0,1,0,0
201600027656,16,8,3,255,5,2,1,1,6,7,4744523,57634,490,4,2,2,0,1,1,0,120,1,0,4,0,0
201600027657,16,8,3,1844,1,2,1,1,6,267,4747481,49558,490,4,2,2,0,1,4,0,86,1,0,1,0,0
201600027658,16,8,4,1022,1,1,1,1,6,7,4749192,54887,490,4,2,0,0,1,3,0,60,1,0,3,0,0
201600027659,16,8,5,1500,1,2,6,1,7,7,4744886,57328,490,4,2,2,0,1,0,0,91,1,0,1,99,0
201600027660,16,8,6,1740,1,2,1,1,6,7,4747277,55491,490,4,2,1,0,2,1,0,65,1,0,1,0,0
201600027661,16,6,15,2355,5,2,1,1,7,15,4750628,58908,490,4,2,2,3,1,1,0,60,2,0,1,0,0
201600027662,16,8,9,1730,1,1,1,1,2,7,4747641,55429,490,3,3,4,0,1,1,0,0,1,0,1,99,0
201600027663,16,8,11,2140,4,2,1,1,6,7,4744924,56238,490,4,1,1,0,1,1,0,35,1,0,1,0,0
201600027664,16,8,16,1551,1,2,1,1,3,7,4747390,55501,490,4,1,2,0,1,3,5,40,0,5,0,0,0
201600027665,16,8,17,1250,1,2,1,1,2,15,4750148,58447,490,4,0,0,0,1,0,0,0,1,0,0,0,0
201600027666,16,8,19,1417,1,2,1,1,3,7,4747813,58823,490,4,0,0,0,0,0,0,0,0,0,1,0,0
201600027667,16,8,19,1440,1,2,2,1,3,7,4746636,54765,490,4,2,2,0,1,1,0,64,1,5,1,0,0
201600027668,16,8,23,818,1,2,6,1,3,353,4745007,48920,490,4,0,1,0,1,0,0,0,1,0,1,0,0
201600027669,16,8,21,2125,1,2,1,1,3,7,4747344,54213,490,4,2,4,0,2,1,0,69,1,5,1,99,0
201600027670,16,8,22,819,1,2,1,1,6,7,4747355,55098,490,4,1,1,0,2,1,0,0,1,0,1,99,0
201600027671,16,8,23,1720,1,2,6,1,3,7,4748621,52229,490,4,0,1,0,1,0,0,67,1,0,1,99,0
201600027672,16,8,29,1628,1,2,1,1,6,7,4746316,54490,490,4,2,2,0,1,1,0,78,1,0,1,0,0
201600027673,16,8,30,1200,1,2,1,1,6,7,4748710,57324,490,4,0,0,0,0,0,0,0,0,0,0,0,0
201600027674,16,8,30,1530,1,1,1,1,2,7,4747671,55414,490,4,3,2,0,1,1,10,100,1,0,0,0,0
201600027675,16,8,30,1757,1,2,1,1,7,7,4728322,32373,490,4,2,0,0,1,1,0,60,1,0,1,0,0
201600027676,16,8,30,1923,1,2,6,1,6,353,4744533,47144,490,4,2,2,0,1,2,0,67,1,0,1,0,0
201600027677,16,8,30,2208,5,2,1,1,2,7,4745035,55438,490,4,2,2,0,1,1,0,80,1,0,1,0,0
201600027678,16,8,31,925,1,2,1,1,3,246,4743791,50821,490,4,2,2,0,1,1,0,86,1,0,1,99,0
201600027679,16,9,1,1900,1,2,3,1,3,7,4747178,60007,490,4,2,4,1,1,1,20,150,1,0,1,0,0
201600027680,16,9,1,1840,1,1,1,1,1,7,4746296,56511,490,4,2,2,0,2,1,22,100,1,0,1,0,0
201600027681,16,9,3,1130,1,2,1,1,6,7,4746783,55104,490,4,2,4,0,1,1,0,115,1,0,1,0,0
201600027682,16,9,3,2135,5,2,1,1,7,15,4750917,59235,490,4,2,4,0,1,1,0,182,1,0,1,0,0
201600027683,16,9,4,830,1,2,1,1,6,7,4747898,59146,490,4,2,2,0,1,1,0,80,1,0,1,0,0
201600027684,16,9,4,1225,1,2,6,1,6,7,4744873,57318,490,4,3,2,0,1,1,0,38,0,0,1,0,0
201600027685,16,9,4,2057,5,2,2,1,3,7,4744965,54765,490,4,2,2,0,1,1,0,73,1,0,1,0,0
201600027686,16,9,5,1745,1,2,1,1,2,7,4749209,57165,490,4,2,2,0,1,1,0,40,1,0,1,0,0
201600027687,16,9,5,1810,1,2,1,1,1,7,4748259,57587,490,4,2,2,0,1,1,0,68,1,0,1,0,0
201600027688,16,9,9,1220,1,2,1,1,6,7,4746213,52912,490,4,1,1,1,1,1,0,430,1,0,1,0,0
201600027689,16,9,9,800,1,2,1,1,6,7,4749244,57253,490,4,3,2,0,1,1,0,42,1,0,1,0,0
201600027690,16,9,12,105,3,1,1,1,6,267,4747386,48320,490,3,2,2,0,1,1,0,112,1,0,1,99,0
201600027691,16,9,10,15,5,2,2,1,3,7,4746796,54654,490,4,1,1,0,1,1,0,50,1,0,1,0,0
201600027692,16,9,6,735,2,2,2,1,6,7,4747350,54203,490,4,2,4,3,2,1,10,165,1,5,1,0,0
201600027693,16,9,13,5,5,2,1,1,2,7,4747591,52842,490,4,2,4,0,1,1,0,180,1,0,1,0,0
201600027694,16,9,6,1054,1,2,1,1,2,7,4745044,55385,490,4,2,0,0,1,1,0,135,1,0,1,0,0
201600027695,16,9,8,1700,1,2,1,1,2,7,4747032,55431,490,4,0,0,0,0,0,0,0,0,0,0,0,0
201600027696,16,9,14,826,1,1,3,8,3,15,4749421,59993,490,2,2,2,0,1,1,0,86,1,0,0,0,0
201600027697,16,9,14,2155,5,2,1,1,6,267,4748489,51712,490,4,0,2,0,1,1,0,70,0,0,0,0,0
201600027698,16,9,15,1520,1,2,6,1,3,7,4744974,55843,490,4,0,2,0,1,0,0,34,2,0,1,0,0
201600027699,16,9,16,914,1,2,1,1,2,7,4748728,53843,490,4,2,2,0,1,1,0,0,2,0,1,0,0
201600027700,16,9,16,1915,1,2,1,1,7,7,4746370,55213,490,4,1,1,0,1,1,0,58,1,0,1,99,0
201600027701,16,9,19,1930,1,2,1,1,2,7,4747309,55015,490,4,1,1,0,1,1,0,60,1,0,1,99,0
201600027702,16,9,19,920,1,2,1,1,3,7,4747365,58274,490,4,2,4,1,1,1,0,81,1,0,1,0,0
201600027703,16,9,20,1832,1,2,1,1,2,7,4748125,52217,490,4,3,4,0,1,1,0,70,1,0,1,0,0
201600027704,16,8,13,500,5,2,1,1,7,7,4744867,53697,490,4,2,2,0,1,1,0,130,1,0,1,0,0
201600027705,16,9,21,1842,1,2,2,1,3,7,4744655,56977,490,4,2,2,0,1,1,0,70,1,0,1,0,0
201600027706,16,9,22,2125,5,2,6,1,3,7,4744827,51151,490,4,2,2,0,1,1,0,70,1,0,1,0,0
201600027707,16,9,21,1425,1,2,6,1,6,7,4745833,54494,490,4,2,2,0,1,1,0,70,1,0,1,3,0
201600027708,16,9,21,950,1,2,1,1,6,7,4748590,55062,490,4,1,2,0,1,1,0,63,1,0,1,0,0
201600027709,16,9,21,1345,1,2,6,1,6,7,4747809,59847,490,4,0,1,0,1,1,0,55,1,0,1,0,0
201600027710,16,9,24,1520,1,1,1,1,6,267,4747288,46297,490,3,2,2,0,1,1,0,87,1,0,1,99,0
201600027711,16,9,27,815,1,2,6,1,7,7,4744849,53868,490,4,3,2,0,1,1,0,120,1,0,1,0,0
201600027712,16,9,29,1235,1,2,1,1,7,7,4746255,53224,490,4,3,2,1,1,1,0,53,1,0,5,0,0
201600027713,16,9,29,845,1,2,1,1,6,7,4745709,53332,490,4,3,2,0,1,1,0,101,1,0,1,0,0
201600027714,16,10,2,1643,1,2,2,1,3,7,4744175,57232,490,4,2,2,0,1,1,0,30,1,0,1,0,0
201600027715,16,10,1,750,2,1,3,1,6,7,4750488,56983,490,4,2,2,0,1,1,0,95,2,0,1,99,0
201600027716,16,10,2,600,5,2,6,1,6,7,4746417,53152,490,4,2,2,0,1,1,0,70,1,0,1,0,0
201600027717,16,9,30,1435,1,2,4,8,3,7,4748060,56219,490,4,2,2,0,1,1,0,70,1,0,1,0,0
201600027718,16,10,2,1847,1,2,6,1,6,7,4747015,56764,490,4,3,1,0,1,1,0,68,1,0,1,0,0
201600027719,16,9,30,2135,3,2,6,1,6,7,4745156,52701,490,4,2,2,0,1,1,0,30,2,0,1,0,0
201600027720,16,10,4,753,5,2,9,1,3,7,4747318,59983,490,4,2,2,0,2,1,0,0,1,0,1,3,0
201600027721,16,9,30,1918,5,2,1,1,6,7,4746566,60308,490,4,2,2,0,0,0,0,0,1,5,1,3,0
201600027722,16,10,3,1453,1,1,1,1,2,7,4746938,61111,490,3,3,4,0,1,1,0,0,1,0,1,0,0
201600027723,16,10,4,1335,1,2,1,1,7,7,4747003,56226,490,4,1,2,1,1,1,0,30,1,0,5,0,0
201600027724,16,10,4,1359,1,2,1,1,6,7,4747285,59993,490,4,2,2,0,2,1,0,0,1,0,0,3,0
201600027725,16,10,5,1923,1,2,2,1,3,7,4748741,57347,490,4,2,2,0,1,1,0,91,1,0,5,0,0
201600027726,16,10,6,740,2,2,1,1,2,7,4749475,56411,490,4,2,2,0,1,1,0,0,1,0,1,99,0
201600027727,16,10,6,1541,1,2,2,7,3,7,4747442,54688,490,4,3,8,0,1,1,0,160,1,0,1,0,0
201600027728,16,10,6,1230,1,2,5,1,6,7,4747067,55317,490,4,2,2,0,1,1,0,76,1,0,1,0,0
201600027729,16,10,7,1315,1,2,2,1,6,7,4749809,56525,490,4,2,2,0,1,1,0,0,1,0,1,3,0
201600027730,16,10,7,1530,1,2,1,1,6,7,4747178,54258,490,4,2,0,1,1,1,0,17,1,0,1,0,0
201600027731,16,10,9,2040,5,2,1,1,2,7,4746751,55163,490,4,1,2,0,1,1,0,70,1,0,1,0,0
201600027732,16,10,10,2005,5,2,2,1,7,7,4747637,55233,490,4,1,1,0,1,1,0,58,1,0,1,0,0
201600027733,16,10,11,920,1,2,1,1,1,7,4746912,54022,490,4,2,4,0,1,1,0,94,1,0,1,0,0
201600027734,16,10,12,1645,1,2,2,1,3,7,4744436,55156,490,4,2,2,0,1,1,0,70,1,0,1,0,0
201600027735,16,10,14,1533,1,2,1,1,2,7,4748039,55089,490,4,1,1,0,1,1,0,30,1,0,1,0,0
201600027736,16,10,14,835,2,2,1,1,7,7,4745070,55197,490,4,3,2,0,1,1,0,0,2,0,1,0,0
201600027737,16,10,15,1103,1,2,1,1,7,7,4745861,55433,490,4,3,2,3,1,1,0,68,2,0,1,0,0
201600027738,16,10,14,542,5,2,9,1,6,7,4749228,55070,490,4,2,2,0,2,1,0,0,1,0,1,3,0
201600027739,16,10,17,1245,1,2,1,1,1,7,4748596,54485,490,4,2,2,0,1,1,0,106,1,0,1,0,0
201600027740,16,10,17,1804,1,2,6,1,1,7,4747202,56703,490,4,1,3,0,1,1,0,112,1,0,1,0,0
201600027741,16,10,18,802,1,2,5,1,3,7,4747789,54604,490,4,2,2,0,1,1,0,81,1,0,1,0,0
201600027742,16,10,20,1020,1,2,1,1,2,267,4747060,51766,490,4,2,2,0,1,1,0,90,1,0,1,0,0
201600027743,16,10,21,750,1,2,6,1,3,7,4748993,56611,490,4,0,0,0,0,0,0,0,0,0,0,0,0
201600027744,16,10,23,2045,5,2,1,2,7,7,4747713,55381,490,3,3,4,0,1,1,0,73,2,2,1,99,0
201600027745,16,10,24,1505,1,1,1,2,7,267,4747330,50847,490,1,3,2,0,2,2,0,85,2,2,1,99,0
201600027746,16,10,24,1215,1,2,1,1,7,246,4743711,51454,490,4,1,1,0,0,0,0,0,0,0,0,0,0
201600027747,16,10,24,700,2,2,1,1,7,7,4747833,55548,490,4,1,4,0,0,0,10,160,0,0,1,0,0
201600027748,16,10,24,1845,2,2,2,1,3,7,4747314,54844,490,4,2,2,0,1,1,0,107,1,0,1,0,0
201600027749,16,10,25,1341,1,2,1,1,6,7,4747574,55311,490,4,0,1,3,0,0,0,0,0,0,1,0,0
201600027750,16,10,26,1608,1,2,1,1,6,7,4748071,55077,490,4,0,2,0,1,3,0,0,1,0,1,99,0
201600027751,16,10,25,1705,2,2,1,1,7,246,4744122,54228,490,4,2,2,0,1,0,0,90,1,0,3,0,0
201600027752,16,10,25,845,1,2,1,1,2,7,4744914,53875,490,4,2,4,0,1,1,0,164,1,0,1,0,0
201600027753,16,10,27,1650,1,2,6,1,6,267,4747028,51586,490,4,2,2,0,1,2,0,0,1,5,1,99,0
201600027754,16,10,28,1453,1,2,1,1,4,7,4748609,51449,490,4,2,2,0,1,1,0,0,1,0,1,0,0
201600027755,16,10,23,1837,1,2,1,1,6,267,4748031,49969,490,1,3,4,0,1,1,15,140,1,0,1,0,0
201600027756,16,10,29,407,5,1,1,1,6,7,4746956,61175,490,3,3,4,0,1,3,0,0,1,0,1,99,0
201600027757,16,10,29,1707,1,2,1,1,3,7,4748670,51492,490,4,2,0,2,1,1,0,0,1,0,1,3,0
201600027758,16,10,29,1816,2,2,1,1,6,246,4743886,48740,490,3,0,2,0,1,1,0,0,1,0,0,0,0
201600027759,16,11,2,751,2,2,1,1,3,7,4747214,56724,490,4,2,2,0,1,1,0,0,1,0,1,3,0
201600027760,16,11,2,808,2,2,1,1,6,7,4746213,53969,490,4,2,2,0,1,1,0,0,1,0,1,3,0
201600027761,16,11,2,1754,2,2,1,1,6,246,4741749,52339,490,4,2,2,0,1,1,0,0,1,0,1,0,0
201600027762,16,11,3,1405,1,2,4,1,3,7,4746472,54537,490,4,0,2,0,1,1,0,59,1,0,1,0,0
201600027763,16,11,3,1835,2,2,1,1,4,7,4745065,56050,490,4,3,2,0,1,1,0,62,1,0,1,0,0
201600027764,16,11,3,912,1,2,1,1,2,7,4744531,54692,490,4,3,4,0,1,1,0,90,1,0,1,0,0
201600027765,16,11,5,1600,1,2,1,1,6,7,4747863,56179,490,4,2,2,0,1,1,0,0,1,0,1,3,0
201600027766,16,11,5,2100,5,2,1,1,6,7,4747247,56292,490,4,2,2,0,1,1,0,0,1,0,1,3,0
201600027767,16,11,7,1801,2,2,2,1,3,7,4744779,54348,490,4,2,2,0,1,1,0,0,1,0,1,99,0
201600027768,16,11,8,1840,5,2,1,1,1,7,4746061,53271,490,4,2,2,2,1,1,0,0,1,0,5,3,0
201600027769,16,11,8,1405,1,2,1,1,2,7,4746520,59436,490,4,3,4,0,1,1,0,0,1,0,0,0,0
201600027770,16,11,8,1945,5,2,1,1,6,7,4747632,55055,490,4,2,2,1,1,1,0,0,1,0,1,99,0
201600027771,16,11,9,1524,1,2,1,1,6,7,4746592,55953,490,4,2,2,0,1,1,0,0,1,0,0,0,0
201600027772,16,11,9,1732,2,2,1,1,6,7,4744763,54306,490,4,2,0,0,1,1,0,0,1,0,1,3,0
201600027773,16,11,9,1856,5,2,2,1,3,7,4747820,54826,490,4,2,2,0,1,1,0,0,1,0,1,0,0
201600027774,16,11,12,1011,1,1,1,3,1,7,4744792,57400,490,3,2,3,0,1,1,0,87,1,0,1,0,0
201600027775,16,11,13,2358,5,2,1,1,7,7,4743583,51713,490,4,2,2,0,1,2,0,65,2,0,1,0,0
201600027776,16,11,13,730,5,1,1,1,7,7,4747406,55599,490,3,2,4,0,2,1,0,110,2,0,1,99,0
201600027777,16,11,12,1320,1,2,1,1,7,7,4745780,55423,490,4,1,1,0,1,1,0,20,2,0,1,0,0
201600027778,16,11,12,1905,5,2,2,1,7,353,4744934,50190,490,4,2,2,0,1,1,0,60,1,0,1,0,0
201600027779,16,11,14,814,1,1,1,1,4,267,4746510,51654,490,1,2,6,0,1,1,0,76,1,0,1,99,0
201600027780,16,11,14,748,2,2,1,8,6,7,4749222,55139,490,4,2,2,0,1,2,0,0,9,0,0,3,0
201600027781,16,11,14,707,5,2,1,8,6,7,4747466,58614,490,4,2,2,0,1,1,0,0,9,0,1,3,0