Num_Acc,an,mois,jour,hrmn,lum,agg,int,atm,col,com,lat,long,dep,catr,circ,nbv,vosp,prof,plan,lartpc,larrout,surf,infra,situ,env1,killed
201600028014,16,6,19,1630,1,1,2,2,2,416,4964860,171927,500,3,3,3,0,2,2,0,0,1,0,1,0,0
201600028015,16,6,16,25,5,2,2,1,7,129,4964670,164309,500,3,3,4,0,1,3,0,0,1,1,1,99,0
201600028016,16,5,27,2110,1,2,1,1,6,173,4965100,165195,500,4,2,2,0,1,1,0,0,1,0,4,0,0
201600028017,16,6,21,1400,1,2,2,1,3,129,4963460,160265,500,3,3,4,0,1,1,0,0,1,5,1,0,0
201600028018,16,6,20,1205,1,2,1,2,1,173,4965750,166924,500,3,2,3,0,1,1,0,105,2,0,1,99,0
201600028019,16,6,26,1945,1,2,1,1,7,602,4964740,159116,500,4,2,2,0,1,1,0,0,1,0,5,99,0
201600028020,16,6,28,1315,1,2,4,1,3,203,4961080,161703,500,4,2,2,0,1,1,0,0,1,5,1,99,0
201600028021,16,6,29,255,5,2,1,1,7,129,4964300,160626,500,3,2,2,0,1,1,0,0,1,0,4,99,0
201600028022,16,6,30,440,5,2,1,2,7,129,4964270,160934,500,3,2,2,0,1,1,0,0,2,0,4,99,0
201600028023,16,7,4,1520,1,2,1,1,3,129,4962850,163981,500,3,2,3,0,2,1,0,0,1,0,1,99,0
201600028024,16,7,4,2305,5,2,1,2,6,129,4963600,165234,500,3,2,2,0,1,1,0,0,2,0,1,99,0
201600028025,16,7,6,1800,1,2,2,1,2,129,4960930,160023,500,4,2,2,0,1,1,0,0,1,5,1,0,0
201600028026,16,7,6,1430,1,2,1,1,7,129,4963390,162155,500,3,3,8,3,1,1,0,0,1,0,1,99,0
201600028027,16,7,7,1810,1,2,4,1,3,129,4963610,163692,500,4,2,2,0,3,4,0,0,1,0,1,0,0
201600028028,16,7,12,1850,1,2,1,1,3,129,4963470,160289,500,4,2,2,0,1,1,0,0,1,0,1,99,0
201600028029,16,7,13,1635,1,2,2,1,3,129,4963820,162528,500,4,2,2,0,1,1,0,0,1,5,1,99,0
201600028030,16,7,13,1725,1,2,1,1,5,129,4965220,164749,500,3,3,4,0,1,1,0,0,1,0,1,99,0
201600028031,16,7,14,1605,1,2,2,1,3,602,4964640,159066,500,4,2,2,0,1,1,0,0,1,5,1,99,0
201600028032,16,7,19,1050,1,1,1,1,7,129,4962020,158157,500,2,2,3,0,2,1,0,0,0,0,3,99,1
201600028033,16,7,23,1655,1,2,3,1,1,602,4964780,159147,500,4,2,2,0,1,1,0,0,1,0,1,99,0
201600028034,16,7,23,1900,1,2,3,1,1,129,4963470,161602,500,4,2,2,0,1,1,0,39,1,0,1,99,0
201600028035,16,7,22,925,1,2,2,1,1,173,4965710,167427,500,4,2,2,0,1,1,0,0,1,0,1,99,0
201600028036,16,7,25,2050,2,2,1,1,3,129,4962670,163366,500,4,2,2,0,1,1,0,0,1,0,4,99,0
201600028037,16,7,30,1730,1,1,1,1,3,173,4965220,165315,500,4,2,2,0,1,1,0,59,1,0,1,3,0
201600028038,16,7,29,1740,1,2,6,1,7,129,4963530,159192,500,3,1,1,0,1,2,0,0,1,0,5,99,0
201600028039,16,7,30,1035,1,2,3,1,4,129,4964310,160485,500,3,2,2,0,1,1,0,0,1,0,1,99,0
201600028040,16,1,3,1000,1,2,1,1,7,602,4965210,158547,500,6,0,0,0,1,1,0,0,1,0,0,99,1
201600028041,16,1,2,420,5,2,1,1,7,129,4964330,162167,500,6,0,0,0,1,1,0,0,2,0,0,99,1
201600028042,16,8,10,1545,1,2,4,1,2,129,4963900,162159,500,4,1,3,0,1,1,0,0,1,5,1,0,0
201600028043,16,8,10,2335,5,2,6,1,7,162,4963300,156621,500,3,1,1,0,2,2,0,0,1,0,1,3,0
201600028044,16,8,17,1630,1,2,1,1,2,173,4966020,167695,500,3,2,3,0,1,1,0,106,1,0,1,0,0
201600028045,16,8,22,1015,1,2,2,1,3,129,4963880,161647,500,3,2,2,0,1,1,0,115,1,5,1,0,0
201600028046,16,8,30,800,1,2,1,1,7,602,4964400,158372,500,6,0,0,0,1,0,0,0,1,0,4,0,0
201600028047,16,8,31,1715,1,2,2,1,2,129,4964140,159296,500,4,2,2,0,1,1,0,0,1,5,1,0,0
201600028048,16,8,31,1200,1,2,4,1,2,129,4963930,165147,500,4,1,2,0,2,1,0,0,1,0,1,99,0
201600028049,16,9,4,1445,1,2,3,8,7,173,4965270,166067,500,4,2,2,0,2,1,0,55,1,0,1,3,0
201600028050,16,9,4,1315,1,2,3,8,3,129,4963920,162086,500,4,1,3,0,1,1,0,0,1,0,1,0,0
201600028051,16,9,6,1205,1,2,2,1,7,173,4965390,164910,500,3,2,2,1,1,1,0,0,1,0,5,0,0
201600028052,16,9,12,1410,1,2,1,1,7,173,4966220,168377,500,3,2,2,0,1,3,0,76,1,0,3,0,0
201600028053,16,9,14,750,2,2,1,1,2,173,4965790,166529,500,3,3,4,0,1,1,0,60,1,0,1,0,0
201600028054,16,9,14,1430,1,2,1,1,2,129,4964860,164390,500,3,3,4,0,1,1,0,0,1,0,1,99,0
201600028055,16,9,18,1835,1,2,3,1,1,129,4962620,162824,500,4,2,2,0,1,1,0,0,1,5,1,99,0
201600028056,16,9,24,1855,1,2,2,1,7,602,4963970,157039,500,4,2,2,0,1,1,0,0,1,5,1,0,0
201600028057,16,9,23,1805,1,2,1,1,3,602,4963910,157358,500,4,2,2,0,1,1,0,0,1,0,1,0,0
201600028058,16,9,28,825,1,2,1,1,1,129,4962710,162624,500,4,2,2,0,2,1,0,0,2,0,1,99,0
201600028059,16,9,28,1500,1,2,1,1,1,602,4963870,159433,500,4,2,2,0,1,1,0,71,1,0,1,3,0
201600028060,16,10,6,1135,1,2,2,1,3,602,4963510,158655,500,3,3,4,0,1,1,0,0,1,5,1,0,0
201600028061,16,10,7,1435,1,2,2,1,3,129,4963310,159883,500,4,2,2,0,4,2,0,0,1,5,1,0,0
201600028062,16,10,8,1755,1,1,1,1,7,203,4960530,159402,500,2,3,4,0,2,2,0,0,1,0,1,0,0
201600028063,16,10,7,2150,4,2,1,1,7,602,4964340,160288,500,3,2,2,0,1,1,0,0,1,0,1,99,0
201600028064,16,10,17,745,5,2,3,1,7,129,4963130,160761,500,4,2,2,0,1,1,0,0,1,0,1,3,0
201600028065,16,10,26,1345,1,2,1,1,7,602,4962930,158137,500,2,2,3,0,2,1,0,0,1,0,1,99,0
201600028066,16,10,26,1945,1,2,2,1,3,129,4963650,164947,500,3,2,3,0,1,1,0,0,1,5,1,99,0
201600028067,16,10,27,1655,1,2,1,1,3,129,4963500,160162,500,3,3,4,0,1,1,0,0,1,0,1,99,0
201600028068,16,11,2,1425,1,2,1,1,3,173,4965630,169707,500,3,2,2,0,2,1,0,80,1,0,1,0,0
201600028069,16,11,4,645,5,2,1,1,1,602,4964580,159598,500,4,4,1,0,1,1,0,35,2,0,1,0,0
201600028070,16,10,30,1910,5,2,2,1,6,129,4964500,163558,500,4,1,1,0,1,1,0,0,1,5,1,99,0
201600028071,16,11,5,1350,1,2,3,8,1,602,4965190,155669,500,3,2,2,0,1,1,0,0,1,0,1,99,0
201600028072,16,11,6,405,5,2,3,1,7,129,4963840,161082,500,4,1,1,0,1,1,0,0,1,0,4,0,0
201600028073,16,11,8,1830,3,1,1,3,2,203,4960160,159470,500,2,3,4,0,1,1,0,0,2,0,1,99,0
201600028074,16,11,9,650,5,2,6,2,7,203,4961970,161264,500,4,1,1,0,2,2,0,0,2,0,1,99,0
201600028075,16,11,12,200,5,2,1,1,6,129,4964490,164474,500,4,2,2,0,1,3,0,99,1,0,1,0,0
201600028076,16,11,11,1330,1,1,2,1,5,129,4964450,162731,500,4,2,2,0,1,1,0,0,1,5,1,99,0
201600028077,16,11,11,1950,5,2,2,1,1,129,4964450,162735,500,4,2,2,0,1,1,0,0,1,5,1,0,0
201600028078,16,11,12,1820,4,2,1,1,7,173,4965760,166778,500,3,3,4,0,1,1,0,0,1,0,1,0,0
201600028079,16,11,12,2120,5,2,3,1,3,203,4960890,160016,500,4,3,4,0,3,1,0,0,2,5,1,99,0
201600028080,16,11,16,1735,1,2,3,1,7,173,4965560,167522,500,3,2,2,0,1,1,0,55,2,0,1,0,0
201600028081,16,11,16,1955,5,2,6,1,3,129,4963460,161321,500,3,3,4,0,1,1,0,82,1,0,1,99,0
201600028082,16,11,19,420,5,2,2,1,3,129,4963910,161937,500,4,2,2,0,1,1,0,0,2,5,1,99,0
201600028083,16,11,23,1910,5,2,2,2,3,602,4964430,158156,500,4,2,2,0,1,1,0,82,2,0,1,3,0
201600028084,16,11,23,2000,5,1,1,1,7,173,4963530,166034,500,3,2,2,0,2,2,0,0,2,0,3,0,0
201600028085,16,11,25,745,3,1,1,1,7,416,4964450,173008,500,3,3,2,0,1,3,0,0,1,0,3,99,0
201600028086,16,11,26,1305,1,2,1,1,7,129,4964030,162440,500,9,0,0,0,1,1,0,100,1,0,1,99,0
201600028087,16,11,30,1225,1,2,3,1,3,129,4962840,163959,500,3,2,2,0,4,1,0,0,1,5,1,99,0
201600028088,16,11,29,1405,1,2,6,1,7,129,4963570,163070,500,4,2,2,0,3,1,0,65,1,0,1,0,0
201600028089,16,12,1,1710,3,1,1,1,4,602,4962480,158159,500,2,2,3,0,3,1,0,0,1,0,1,0,0
201600028090,16,12,3,310,5,2,6,1,6,173,4965750,166870,500,3,1,1,0,1,2,0,0,1,0,1,99,0
201600028091,16,11,14,1800,5,2,2,1,6,602,4964430,158152,500,4,2,2,0,1,1,0,0,1,5,1,3,0
201600028092,16,12,3,25,5,2,1,1,3,129,4963860,162535,500,4,2,2,0,1,1,0,0,1,0,1,99,0
201600028093,16,12,2,1815,5,2,3,1,2,129,4963580,163121,500,3,3,4,0,2,2,0,70,1,5,1,0,0
201600028094,16,12,3,1340,1,2,4,1,1,129,4963090,162190,500,4,1,1,0,1,1,0,0,1,0,1,3,0
201600028095,16,12,5,1430,1,2,2,1,1,129,4962910,164111,500,3,2,2,0,1,1,0,0,1,0,1,0,0
201600028096,16,12,5,1630,1,2,2,1,1,602,4964360,157498,500,4,2,2,0,1,1,0,0,1,5,1,0,0
201600028097,16,12,10,1640,1,2,9,1,3,203,4960200,159899,500,6,0,0,0,1,1,0,61,1,0,1,99,0
201600028098,16,12,9,630,5,2,2,1,3,203,4961200,160119,500,4,2,2,0,1,1,0,0,2,5,1,99,0
201600028099,16,12,12,1620,1,2,1,2,4,129,4964380,163570,500,4,1,1,0,1,1,0,0,2,0,1,0,0
201600028100,16,12,14,1425,1,2,1,1,2,602,4965430,157747,500,4,2,2,0,1,1,0,55,1,0,1,0,0
201600028101,16,12,16,1615,1,2,1,1,7,129,4963860,162962,500,4,1,1,0,1,1,0,0,1,0,4,3,0
201600028102,16,12,17,555,5,2,6,1,3,129,4963590,163136,500,3,2,2,0,2,0,19,61,1,5,1,0,0
201600028103,16,12,20,1415,1,2,1,1,4,203,4960690,159951,500,4,3,4,0,3,1,0,0,1,0,1,0,0
201600028104,16,12,20,1830,5,2,6,1,4,173,4966110,168510,500,3,2,2,0,1,1,0,80,1,0,1,0,0
201600028105,16,12,20,2330,5,2,3,1,1,203,4960900,160016,500,4,3,4,0,3,1,0,0,0,5,1,99,0
201600028106,16,12,24,840,2,2,1,1,6,203,4961380,160005,500,4,2,2,0,1,1,0,0,1,0,1,99,0
201600028107,16,12,29,1800,5,2,1,1,6,129,4962700,164204,500,4,2,2,0,1,1,0,55,1,0,3,99,0
201600028108,16,12,30,555,5,1,1,1,6,129,4961890,167016,500,3,2,2,0,1,1,0,0,7,0,3,99,0
201600028109,16,1,4,835,2,2,3,1,3,147,4906390,142728,500,3,2,2,0,2,1,0,64,1,5,1,0,0
201600028110,16,2,7,1220,1,2,2,6,2,147,4905040,144636,500,3,2,2,0,1,1,0,0,1,5,1,99,0
201600028111,16,4,12,1035,1,1,6,1,1,345,4906250,145093,500,3,2,3,0,1,1,0,108,1,2,1,99,0
201600028112,16,5,5,1145,1,2,6,1,3,147,4903960,144733,500,3,2,2,0,1,4,0,70,1,5,0,99,0
201600028113,16,7,16,905,1,2,1,1,6,147,4905450,143924,500,3,2,2,0,2,1,0,0,1,0,1,0,0
201600028114,16,7,13,935,1,1,1,1,2,376,4903510,144096,500,3,2,2,0,2,1,0,0,1,0,1,99,0
201600028115,16,7,26,1440,1,2,1,1,1,147,4905790,143678,500,3,2,2,0,1,2,0,70,1,0,1,99,0
201600028116,16,9,27,1750,1,1,3,2,3,147,4906250,145093,500,3,0,0,0,2,1,0,0,2,5,1,0,0
201600028117,16,10,16,955,1,2,3,1,1,147,4905080,145070,500,3,2,2,0,2,1,0,70,1,5,1,99,0
201600028118,16,12,1,1755,5,2,1,1,6,147,4906194,143453,500,4,2,1,0,1,1,110,70,1,0,1,0,0
201600028120,16,1,5,1647,1,2,1,1,6,218,4883760,159689,500,4,2,2,0,1,1,0,130,1,0,1,99,0
201600028121,16,1,13,1630,1,2,1,1,2,218,4883850,158836,500,3,2,2,0,1,1,0,90,1,0,1,0,0
201600028122,16,1,16,1940,5,2,1,1,3,532,4883390,157046,500,3,2,2,0,1,1,0,0,1,0,1,3,0
201600028123,16,1,17,710,5,2,1,1,6,218,4883580,157536,500,4,2,2,0,1,1,0,80,1,0,1,99,0
201600028124,16,2,5,850,1,2,2,1,3,218,4883650,156158,500,3,2,2,0,1,1,0,0,2,0,1,0,0
201600028125,16,2,5,1915,5,2,1,8,6,647,4883820,155038,500,6,0,0,0,1,1,0,0,1,0,1,0,0
201600028126,16,2,10,1840,5,2,1,2,6,165,4885170,156989,500,3,2,2,0,1,1,0,64,2,0,1,0,0
201600028127,16,3,5,1725,1,2,3,1,3,218,4883790,157309,500,3,2,2,0,1,1,0,0,1,0,1,0,0
201600028128,16,3,12,155,5,2,1,1,6,218,4883790,157722,500,3,2,2,0,1,1,0,58,1,0,3,0,0
201600028129,16,3,16,1215,1,2,1,1,2,218,4883600,160400,500,4,2,2,0,1,1,0,50,1,0,1,99,0
201600028130,16,5,11,817,1,1,1,1,6,218,4882420,154714,500,3,2,2,0,2,1,0,107,1,0,1,99,0
201600028131,16,5,13,1705,1,2,1,1,6,218,4883780,158823,500,3,2,2,2,2,1,0,0,1,0,5,99,0
201600028132,16,5,24,545,2,2,2,1,3,218,4883750,154669,500,3,2,2,0,2,1,0,0,1,0,1,0,0
201600028133,16,5,29,5,5,1,1,1,3,218,4883130,154834,500,3,2,2,0,1,1,0,0,1,0,1,0,0
201600028134,16,6,25,1250,1,2,3,1,6,218,4883710,159584,500,3,1,1,0,2,1,0,0,1,5,1,99,0
201600028135,16,6,28,1240,1,2,1,1,6,647,4884040,154925,500,4,0,0,0,1,1,0,0,1,6,0,99,0
201600028136,16,7,4,940,1,2,1,1,3,165,4884730,157912,500,3,2,2,0,2,1,0,0,1,0,1,99,0
201600028137,16,7,29,2000,1,1,1,1,7,218,4883300,157440,500,3,3,2,0,2,1,0,0,1,0,1,0,0
201600028138,16,8,6,1939,1,2,1,7,6,165,4883780,156710,500,3,2,2,1,1,1,0,0,1,0,1,0,0
201600028139,16,8,8,900,1,1,6,1,3,532,4882960,156712,500,3,2,2,0,2,1,0,0,1,5,1,99,0
201600028140,16,8,8,1535,1,1,1,1,1,218,4883300,157441,500,3,2,2,0,3,3,0,70,1,0,1,99,0
201600028141,16,8,12,1540,1,2,1,1,6,541,4883760,155173,500,3,2,2,0,1,1,0,72,1,0,4,99,0
201600028142,16,8,14,610,5,2,1,1,6,218,4883720,160116,500,4,1,1,0,2,2,0,42,1,0,1,99,0
201600028143,16,8,25,1345,1,2,3,1,5,165,4885030,157920,500,4,2,2,0,1,1,0,0,1,0,1,99,0
201600028144,16,8,27,1110,1,2,1,1,3,532,4879430,156518,500,3,2,2,0,1,1,0,0,1,0,4,99,0
201600028145,16,9,3,1055,1,2,3,1,3,532,4879820,156594,500,3,2,2,0,1,1,0,64,1,0,1,99,0
201600028146,16,9,10,1710,1,2,3,3,6,218,4883840,159901,500,4,1,1,0,2,1,0,41,2,5,0,99,0
201600028147,16,9,17,600,5,2,6,2,3,218,4883800,158499,500,3,1,1,0,3,2,110,80,2,5,1,0,0
201600028148,16,10,12,1700,1,2,2,1,6,218,4883810,159233,500,4,1,2,0,2,1,0,110,1,0,1,0,0
201600028149,16,10,12,1800,1,2,4,1,6,218,4883770,158929,500,3,2,2,0,0,3,0,120,1,0,1,99,0
201600028150,16,10,27,1505,1,2,6,1,6,165,4884780,157799,500,3,2,2,0,2,1,0,0,1,0,1,99,0
201600028151,16,11,2,1505,1,2,9,1,6,218,4883820,159520,500,4,1,1,0,1,2,0,0,1,0,1,99,0
201600028152,16,11,26,1845,3,1,1,8,2,532,4882080,155283,500,3,2,2,0,2,1,0,0,2,0,1,99,0
201600028153,16,12,2,204,5,1,1,5,2,532,4882690,156153,500,3,2,2,0,1,1,20,60,1,0,1,99,0
201600028154,16,12,9,805,1,2,6,5,6,218,4883770,158935,500,3,0,2,0,2,1,0,0,2,0,0,0,0
201600028155,16,12,21,1835,3,1,3,3,3,532,4882060,155263,500,3,3,2,0,4,1,0,0,2,3,1,99,0
201600028156,16,1,5,1740,5,2,1,3,6,2,4911810,110709,500,3,2,2,0,1,0,0,0,2,0,1,3,0
201600028157,16,1,15,1940,5,2,1,8,1,502,4909250,111733,500,3,2,2,0,4,1,0,68,2,0,1,0,0
201600028158,16,1,24,1230,1,2,1,2,2,538,4911670,104712,500,3,3,2,0,1,0,0,0,2,0,1,99,0
201600028159,16,2,12,1220,1,1,3,2,3,502,4910990,105509,500,3,2,3,0,1,1,0,69,2,0,1,0,0
201600028160,16,2,19,2120,3,1,1,2,1,465,4910660,114351,500,3,2,2,0,1,1,0,77,2,0,1,99,0
201600028161,16,2,27,1350,1,2,1,1,3,502,4911090,107619,500,3,1,1,0,1,1,0,0,1,0,0,99,0
201600028162,16,3,3,1700,1,1,1,1,4,2,4906548,109161,500,3,0,0,0,1,1,0,0,1,0,0,99,0
201600028163,16,3,11,1815,1,1,1,1,2,2,4906491,109007,500,3,2,2,0,1,1,0,0,1,0,1,99,0
201600028164,16,4,1,2210,5,2,6,1,7,34,4909980,108089,500,3,2,2,0,1,1,0,0,0,0,1,0,0
201600028165,16,4,12,1810,1,2,1,1,6,502,4911570,107620,500,3,2,2,0,2,1,0,70,1,0,1,99,0
201600028166,16,5,6,920,1,1,1,1,1,2,4911710,110276,500,3,2,2,0,1,1,0,0,1,0,1,99,0
201600028167,16,5,12,1155,1,2,1,2,6,502,4911840,108928,500,4,2,2,0,1,1,0,0,2,0,1,0,0
201600028168,16,5,27,340,5,2,3,1,6,502,4906430,105021,500,4,2,2,0,0,0,0,0,0,0,4,0,0
201600028169,16,6,27,1850,1,1,1,1,7,502,4905542,104373,500,4,2,2,0,1,2,0,0,1,0,1,99,0
201600028170,16,7,2,1600,1,2,6,1,2,465,4910310,111371,500,3,2,2,0,2,1,0,0,0,0,1,0,0
201600028171,16,8,10,900,1,2,6,1,1,502,4911660,110208,500,3,2,2,0,2,1,0,0,1,5,1,0,0
201600028172,16,8,11,1425,1,2,2,1,2,502,4911620,105844,500,3,2,2,0,3,1,0,0,1,0,1,0,0
201600028173,16,8,11,1710,1,2,1,1,6,2,4911690,111071,500,9,0,0,0,1,1,0,0,1,0,0,0,0
201600028174,16,8,25,1400,1,2,1,1,6,502,4911480,108787,500,3,2,2,0,2,1,0,0,1,0,1,99,0
201600028175,16,8,25,1500,1,1,3,1,3,321,4913330,106750,500,3,2,2,0,1,1,0,0,1,0,1,99,0
201600028176,16,10,4,1235,1,2,1,1,6,502,4911900,108631,500,4,2,2,0,1,1,0,0,1,0,1,0,0
201600028178,16,10,24,1350,1,2,2,1,3,502,4910990,105508,500,3,2,4,0,1,1,0,0,1,0,1,99,0
201600028179,16,10,31,1538,1,2,1,1,7,502,4911710,109904,500,3,1,2,0,1,2,0,0,1,0,0,99,1
201600028180,16,11,7,1450,1,1,1,8,7,502,4909800,106051,500,2,3,2,0,2,1,20,70,2,0,1,99,0
201600028181,16,11,11,230,5,2,1,1,6,502,4911100,108349,500,4,2,2,0,2,3,0,72,2,0,1,0,0
201600028182,16,11,18,1730,5,2,6,1,3,465,4910160,111575,500,3,2,2,0,1,1,0,0,2,0,4,99,0
201600028183,16,11,21,1800,5,2,1,2,6,502,4911090,106532,500,4,2,2,0,2,2,0,0,2,0,1,0,1
201600028184,16,11,30,1745,3,2,1,1,3,2,4911460,112763,500,3,2,2,0,1,0,0,0,1,0,1,99,0
201600028185,16,12,1,2037,5,2,1,1,7,2,4911440,109708,500,4,2,2,0,2,1,0,70,1,0,1,99,0
201600028186,16,12,5,1820,5,2,6,1,6,2,4911607,111397,500,4,2,2,0,0,1,0,0,2,0,1,0,0
201600028187,16,12,18,1835,5,1,2,5,3,502,4911110,109003,500,4,0,2,0,0,0,0,0,0,0,0,0,0
201600028188,16,12,23,2230,3,1,1,2,1,2,4910625,114444,500,3,2,2,0,1,2,0,66,2,0,1,99,0
201600028189,16,2,1,1840,5,2,3,2,3,108,4897133,436859,510,4,2,2,0,1,1,0,75,2,0,1,99,0
201600028190,16,2,9,2325,5,2,1,8,6,108,4895477,437476,510,3,3,4,0,2,1,0,123,2,0,3,99,0
201600028191,16,3,16,1640,1,2,3,1,6,108,4895530,436078,510,4,1,1,0,1,1,0,35,1,0,1,99,0
201600028192,16,3,29,1109,1,1,1,6,1,108,4897879,440686,510,4,2,1,0,2,1,0,45,9,0,1,99,1
201600028193,16,4,3,305,5,2,1,3,6,525,4892991,438506,510,4,2,2,0,1,3,0,76,2,0,3,99,0
201600028194,16,4,16,630,5,2,1,1,6,108,4894294,439285,510,4,1,1,0,2,2,0,60,1,0,1,99,0
201600028195,16,5,12,1355,1,2,1,8,3,108,4895402,435002,510,4,2,4,1,2,1,0,120,1,2,1,99,1
201600028196,16,6,1,1500,1,2,1,1,3,108,4895317,436064,510,4,2,2,3,1,1,0,99,1,0,1,99,0
201600028197,16,6,25,2100,2,2,1,1,1,108,4895467,437491,510,3,3,4,0,2,1,10,130,1,0,3,99,1
201600028198,16,7,2,2252,3,1,1,1,7,108,4896721,441459,510,3,2,2,0,2,1,0,76,1,0,3,99,0
201600028199,16,7,13,1545,1,2,2,1,3,108,4896062,436130,510,4,2,2,0,1,1,0,82,1,0,1,3,0
201600028200,16,8,6,1750,1,2,2,1,1,506,4894459,439848,510,3,2,2,0,1,1,0,68,1,0,1,99,0
201600028201,16,8,16,1550,1,2,1,1,6,108,4896891,435773,510,4,2,2,0,1,1,0,58,1,0,4,3,0
201600028202,16,8,30,1424,1,2,1,1,6,108,4895365,436642,510,4,2,2,0,1,0,0,58,1,0,1,99,0
201600028203,16,9,2,1840,1,1,6,1,7,483,4897616,429140,510,3,2,2,0,1,3,0,75,1,5,1,99,0
201600028204,16,10,5,1305,1,2,1,1,3,108,4895185,434943,510,4,1,1,0,1,1,0,46,1,0,1,99,0
201600028205,16,10,5,1645,1,2,2,1,3,108,4894539,437950,510,3,2,2,0,1,1,0,90,1,5,1,99,0
201600028206,16,10,14,1545,1,2,3,1,3,506,4894750,438325,510,4,2,2,0,1,1,0,62,1,0,1,99,0
201600028207,16,10,28,1925,1,2,2,1,3,242,4894922,433073,510,4,2,1,0,1,2,0,59,1,5,1,99,0
201600028208,16,11,30,1200,1,2,3,1,6,108,4895278,436713,510,4,2,2,0,1,1,0,87,1,0,1,99,0
201600028209,16,12,6,742,2,2,1,1,6,108,4895940,436122,510,4,2,2,0,2,1,0,60,1,0,1,3,0
201600028210,16,12,11,621,5,2,1,2,6,108,4895400,435840,510,4,2,2,0,1,2,0,90,2,0,4,3,0
201600028211,16,12,20,940,1,2,1,1,6,108,4896741,435274,510,4,2,2,0,1,1,0,80,1,0,4,99,1
201600028212,16,12,27,1825,5,2,6,1,6,108,4895745,436095,510,4,3,2,0,1,2,40,80,1,0,1,3,0
201600028213,16,1,28,2100,5,2,1,1,6,230,4902965,395401,510,4,2,2,0,1,1,0,71,2,0,1,99,0
201600028214,16,2,24,1411,1,1,1,1,6,230,4903790,394919,510,3,0,3,0,1,1,0,95,1,0,1,99,0
201600028215,16,5,5,1610,1,2,1,1,6,663,4904774,396494,510,4,2,2,0,1,1,0,52,1,0,1,99,0
201600028216,16,6,4,700,1,2,3,1,3,663,4905393,396511,510,4,2,2,0,1,1,0,70,2,0,1,99,0
201600028217,16,7,2,1404,1,1,1,1,1,30,4905300,400131,510,3,3,2,0,2,4,0,60,1,0,1,99,0
201600028218,16,7,11,105,5,2,2,1,3,230,4903822,396474,510,4,2,2,0,4,1,0,79,1,0,1,3,1
201600028219,16,7,17,17,5,2,2,1,3,230,4904474,395906,510,4,1,2,0,1,1,0,0,1,5,1,99,0
201600028220,16,9,26,726,1,1,2,1,3,390,4900987,392255,510,3,2,2,0,3,1,0,70,1,0,1,99,0
201600028221,16,10,5,1550,1,2,2,1,2,230,4903916,395273,510,4,2,2,0,1,1,0,60,1,0,1,99,0
201600028222,16,10,17,1830,1,2,3,1,6,30,4905538,399843,510,3,1,2,1,1,1,0,70,1,0,1,99,0
201600028223,16,11,7,1350,1,2,2,1,3,431,4901836,393769,510,4,2,2,0,1,1,0,61,1,0,1,99,0
201600028224,16,1,5,1750,5,2,2,2,6,454,4924601,404676,510,4,2,2,1,2,1,0,100,2,0,1,0,0
201600028225,16,1,5,1900,5,2,2,2,5,454,4923624,402625,510,4,2,3,0,1,1,0,98,2,0,1,99,0
201600028226,16,1,6,1430,1,2,1,1,6,454,4925681,403819,510,4,1,1,0,1,1,0,50,1,0,4,99,0
201600028227,16,1,7,645,5,2,1,2,2,454,4923282,406322,510,4,2,2,0,2,1,0,80,2,0,1,99,0
201600028228,16,1,8,1325,1,2,1,1,6,55,4926993,404894,510,4,2,2,0,1,1,0,60,1,0,1,3,0
201600028229,16,1,9,1030,1,2,1,2,4,454,4927794,402691,510,3,2,2,0,1,1,0,73,2,0,1,99,0
201600028230,16,1,10,1930,5,2,2,2,3,454,4924348,401557,510,4,1,1,3,2,1,0,35,2,4,0,0,0
201600028231,16,1,11,725,3,2,1,2,7,474,4928072,399916,510,4,2,2,0,1,1,0,63,2,0,1,99,0
201600028232,16,1,11,1705,2,2,1,8,6,454,4926077,403090,510,6,0,0,0,1,1,0,0,2,0,0,99,0
201600028233,16,1,12,1200,1,2,1,1,6,454,4924661,401000,510,4,2,2,0,2,1,0,70,1,0,1,99,0
201600028234,16,1,12,1600,1,2,5,1,6,454,4927738,401077,510,4,1,1,0,1,1,0,37,2,0,0,99,0
201600028235,16,1,13,1225,1,2,1,1,3,55,4928318,405661,510,4,2,2,0,1,1,0,70,1,0,1,99,0
201600028236,16,1,14,1730,5,2,1,1,6,454,4922966,400797,510,4,1,1,0,1,1,0,32,1,4,3,3,0
201600028237,16,1,18,845,1,2,1,1,6,454,4927615,402223,510,4,2,2,0,1,1,0,70,1,0,1,3,0
201600028238,16,1,18,1610,1,2,2,1,3,454,4929045,402413,510,4,2,2,0,1,1,0,63,1,0,1,99,0
201600028239,16,1,20,750,5,2,5,1,1,454,4925535,404636,510,4,2,3,0,1,1,0,120,1,0,0,99,0
201600028240,16,1,20,1700,1,2,6,1,2,454,4924180,401740,510,4,2,3,0,1,1,0,128,1,0,1,99,0
201600028241,16,1,20,1800,5,2,1,1,3,454,4925807,405607,510,4,2,3,0,1,1,0,100,1,0,1,99,0
201600028242,16,1,27,925,1,2,2,2,3,454,4925254,402233,510,4,1,0,0,1,1,0,39,2,0,0,0,0
201600028243,16,1,28,1020,1,2,1,1,1,454,4927020,402215,510,4,2,2,0,1,1,0,150,1,0,1,99,0