Num_Acc,an,mois,jour,hrmn,lum,agg,int,atm,col,com,lat,long,dep,catr,circ,nbv,vosp,prof,plan,lartpc,larrout,surf,infra,situ,env1,killed
201600028244,16,1,30,1135,1,2,1,3,1,454,4922605,402158,510,4,2,2,0,1,0,0,90,2,0,1,99,0
201600028245,16,1,30,1930,5,2,1,1,2,454,4926732,400152,510,4,2,2,0,1,1,0,75,2,0,1,99,0
201600028246,16,2,3,1615,1,2,6,2,6,172,4921610,405760,510,4,2,2,0,2,3,20,60,2,0,1,99,0
201600028247,16,2,4,652,5,2,1,1,6,454,4927209,400985,510,4,2,2,0,1,1,0,72,1,0,1,99,0
201600028248,16,2,4,1812,5,2,1,3,6,573,4924807,399650,510,4,2,2,2,2,1,0,78,2,0,1,99,1
201600028249,16,2,5,1400,1,1,1,1,4,454,4925991,400882,510,4,2,2,0,1,1,0,80,1,0,1,99,0
201600028250,16,2,5,1810,5,2,5,1,3,454,4926287,400384,510,3,2,2,0,1,1,0,70,1,0,1,99,0
201600028251,16,2,5,1225,1,2,1,1,2,454,4925913,401473,510,4,1,1,0,1,1,0,70,2,0,1,99,0
201600028252,16,2,9,1240,1,2,1,1,6,454,4926388,405750,510,4,2,3,0,1,1,0,97,2,0,4,99,0
201600028253,16,2,9,1900,5,2,1,1,3,454,4925418,401742,510,4,2,2,0,1,1,0,65,2,0,1,99,0
201600028254,16,2,10,1355,1,2,1,2,4,454,4925523,401577,510,4,2,2,0,1,1,0,65,2,0,1,99,0
201600028255,16,2,11,1040,1,2,1,1,2,454,4924457,403273,510,4,2,4,0,1,1,0,120,1,0,1,99,0
201600028256,16,2,12,1825,2,2,3,2,6,454,4927722,401606,510,3,0,2,0,2,1,0,79,2,0,1,99,0
201600028257,16,2,14,2005,5,2,1,1,2,454,4925203,402930,510,4,2,2,0,1,1,0,62,1,0,1,3,0
201600028258,16,2,13,1305,1,2,1,2,2,454,4921414,401642,510,4,3,4,0,1,1,30,140,2,0,1,99,0
201600028259,16,2,15,1235,1,2,3,1,1,454,4927886,402698,510,4,2,2,0,1,0,0,70,1,0,1,99,0
201600028260,16,2,16,1248,1,2,2,1,1,454,4922572,402055,510,4,1,2,0,1,1,0,0,1,5,1,99,0
201600028261,16,2,18,1900,5,2,1,2,6,454,4927996,402140,510,4,3,2,3,1,1,0,56,2,4,1,99,0
201600028262,16,2,19,1330,1,1,1,1,6,454,4926017,405650,510,4,2,2,0,1,1,0,56,1,0,1,99,0
201600028263,16,2,20,935,1,2,1,2,6,454,4925497,405485,510,4,2,2,0,1,1,25,72,2,0,1,99,0
201600028264,16,2,23,1220,1,2,7,1,1,454,4924390,404555,510,4,2,2,0,1,1,0,173,1,0,1,99,0
201600028265,16,2,23,1545,1,2,2,1,6,454,4925260,402229,510,4,1,1,0,1,1,0,60,1,0,1,99,0
201600028266,16,2,26,620,5,2,2,1,6,454,4924176,403601,510,4,3,2,0,3,1,0,0,1,2,1,99,0
201600028267,16,2,26,655,5,2,6,1,6,454,4923240,403310,510,4,2,2,0,2,1,0,78,1,0,1,99,0
201600028268,16,2,29,1935,1,1,2,1,2,454,4923611,402609,510,4,2,3,0,1,1,0,98,1,5,1,99,0
201600028269,16,3,2,825,1,2,2,2,6,454,4924750,403378,510,4,1,2,0,1,1,0,54,2,0,1,3,0
201600028270,16,3,3,755,1,2,1,1,2,454,4926164,402031,510,4,2,2,2,1,1,0,89,2,0,1,99,0
201600028271,16,3,5,1350,1,2,6,1,3,454,4926460,401020,510,4,1,2,0,1,2,0,138,2,0,1,99,0
201600028272,16,3,7,1210,1,2,1,1,6,454,4926432,401872,510,4,2,2,0,1,1,0,66,1,0,1,99,0
201600028273,16,3,7,1750,1,2,2,2,6,454,4927330,401471,510,4,2,2,0,1,1,0,87,2,5,1,99,0
201600028274,16,3,8,1620,1,2,3,1,3,454,4924785,404387,510,4,2,3,0,1,3,0,107,2,5,1,99,0
201600028275,16,3,10,1045,1,2,3,1,2,454,4923415,401403,510,4,2,2,1,1,1,0,57,1,0,1,99,0
201600028276,16,3,10,1330,1,2,2,1,3,454,4925726,406299,510,3,2,3,0,1,1,0,80,1,0,1,99,0
201600028277,16,3,11,1420,1,2,1,1,4,454,4925544,402336,510,4,2,2,0,1,0,0,100,1,0,1,99,0
201600028278,16,3,11,1710,1,2,1,1,2,454,4924936,402447,510,4,1,1,0,2,1,0,40,1,0,1,0,0
201600028279,16,3,12,1100,1,2,1,1,2,454,4926380,403252,510,4,1,1,2,1,1,0,56,1,0,1,99,0
201600028280,16,3,13,1430,1,1,1,1,6,454,4923382,407941,510,3,3,4,0,1,1,20,140,1,0,0,99,0
201600028281,16,3,14,1325,1,2,1,1,6,454,4922725,403286,510,4,2,2,0,1,1,0,77,1,0,1,3,0
201600028282,16,3,14,1615,1,2,6,1,2,454,4922017,402055,510,4,1,2,2,1,1,0,110,1,5,1,99,0
201600028283,16,3,16,1000,1,2,2,1,3,58,4921626,400214,510,4,2,2,0,1,1,0,55,1,0,1,99,0
201600028284,16,3,17,305,5,2,1,1,6,454,4924397,404284,510,4,2,2,0,2,1,0,70,1,0,1,99,0
201600028285,16,3,17,1115,1,2,1,1,3,454,4925692,403808,510,4,4,5,3,1,1,0,0,1,5,1,99,0
201600028286,16,3,19,2220,5,2,2,1,6,454,4927207,401260,510,4,2,2,0,1,1,0,77,1,0,1,99,0
201600028287,16,3,19,2030,5,2,3,1,1,454,4924047,403289,510,4,2,2,0,1,1,0,67,1,0,1,99,0
201600028288,16,3,24,845,1,2,2,1,6,454,4926014,404720,510,4,3,3,0,1,1,160,75,1,0,1,3,0
201600028289,16,3,24,1425,1,2,2,1,6,454,4925102,404087,510,4,2,3,0,2,1,0,0,1,0,1,99,0
201600028290,16,3,25,1020,1,1,2,1,3,58,4922145,400120,510,4,0,2,0,1,1,0,70,2,0,1,99,0
201600028291,16,3,25,1715,1,2,1,1,6,454,4927833,400422,510,9,1,1,0,2,3,0,45,2,0,3,99,0
201600028292,16,3,30,1220,1,1,3,1,3,454,4926736,402696,510,4,1,1,0,1,1,0,31,2,0,1,99,0
201600028293,16,4,1,2340,5,2,2,1,3,454,4925711,403439,510,4,1,0,0,1,1,0,60,1,0,1,99,0
201600028294,16,4,4,1730,1,2,1,1,6,454,4928108,401839,510,4,2,2,0,2,1,0,50,1,0,1,99,0
201600028295,16,4,6,900,1,2,2,1,3,454,4926691,401620,510,4,2,2,0,1,1,0,63,1,0,1,99,0
201600028296,16,4,6,1350,1,2,2,1,3,58,4921629,400204,510,4,2,2,0,1,1,0,56,1,0,1,99,0
201600028297,16,4,6,1655,1,2,2,1,1,454,4926722,405101,510,4,2,2,0,1,1,0,63,1,0,1,99,0
201600028298,16,4,11,1655,1,2,1,1,6,454,4922216,402759,510,4,2,2,0,2,2,0,65,1,0,1,99,0
201600028299,16,4,12,1115,1,1,1,1,3,454,4925683,402292,510,4,3,5,0,1,1,25,160,1,0,1,99,0
201600028300,16,4,16,1035,1,2,6,1,6,454,4925769,403878,510,4,2,4,0,1,1,0,0,1,0,1,99,0
201600028301,16,4,16,1930,1,2,1,2,6,454,4924974,402609,510,6,0,0,0,1,1,0,50,2,2,0,99,0
201600028302,16,4,14,1213,1,2,1,1,2,454,4924669,402982,510,4,2,2,0,3,3,0,65,1,0,1,99,0
201600028303,16,4,18,1855,1,2,2,1,3,454,4926386,401797,510,4,2,2,0,1,1,0,64,1,0,1,99,0
201600028304,16,4,20,1815,1,1,1,7,5,454,4921817,402684,510,4,1,2,1,1,1,0,65,1,0,1,99,0
201600028305,16,4,20,1900,1,2,6,1,2,454,4921374,401579,510,4,1,2,0,1,1,0,76,1,0,1,99,0
201600028306,16,4,18,1125,1,2,1,1,4,454,4928609,400846,510,3,2,2,1,1,1,0,100,1,0,1,99,0
201600028307,16,4,21,1500,1,2,2,1,1,454,4925933,402044,510,4,2,2,0,1,1,0,56,1,0,1,99,0
201600028308,16,4,15,1630,1,2,1,1,2,454,4926416,402719,510,4,3,2,0,1,1,100,30,1,0,1,0,0
201600028309,16,4,22,2000,1,2,2,1,3,454,4926131,401874,510,4,2,2,0,1,1,0,74,1,0,1,0,0
201600028310,16,4,23,1550,1,2,2,1,1,454,4927339,401489,510,4,2,2,0,1,1,0,109,1,0,1,99,0
201600028311,16,4,24,1900,1,2,1,1,3,454,4925524,403083,510,4,2,2,0,1,1,0,75,1,0,1,99,0
201600028312,16,4,25,900,1,2,1,2,6,454,4926210,405232,510,4,2,2,0,1,1,0,127,2,0,1,99,0
201600028313,16,4,25,900,1,2,3,1,3,454,4922399,401788,510,4,2,5,0,1,1,0,173,2,0,1,99,0
201600028314,16,4,26,1436,1,2,2,8,3,454,4926034,402229,510,4,2,2,0,1,1,0,65,2,0,1,99,0
201600028315,16,4,27,420,5,2,1,1,3,454,4926315,404070,510,4,2,2,0,2,1,0,58,1,0,1,99,0
201600028316,16,4,27,1550,1,2,1,2,6,454,4923403,399894,510,4,2,2,0,2,1,0,80,2,0,1,99,0
201600028317,16,4,27,1755,1,2,1,1,6,454,4924731,401762,510,4,2,2,0,1,1,0,75,1,0,1,99,0
201600028318,16,4,30,1935,1,2,1,1,2,454,4926993,403005,510,4,2,2,0,1,1,0,78,1,0,1,99,0
201600028319,16,5,1,1500,1,2,1,1,2,454,4923652,404232,510,4,2,2,0,1,1,0,47,1,0,1,99,0
201600028320,16,5,1,1940,1,2,1,1,6,573,4924548,400153,510,4,2,2,0,1,1,0,68,1,0,1,99,0
201600028321,16,5,1,2115,2,1,1,1,6,454,4926849,402363,510,2,3,6,0,1,1,0,90,1,0,1,99,0
201600028322,16,5,3,1550,1,2,2,1,2,454,4925141,404196,510,4,2,3,0,3,1,0,63,1,0,1,99,0
201600028323,16,5,4,1110,1,2,3,1,1,454,4922591,402926,510,4,1,1,0,1,3,0,33,1,0,1,99,0
201600028324,16,5,5,5,5,2,1,1,6,454,4925860,404270,510,4,2,3,0,1,1,0,81,1,0,1,99,0
201600028325,16,5,10,1525,1,2,3,2,3,454,4924960,404279,510,4,1,1,0,1,1,0,34,1,0,1,99,0
201600028326,16,5,10,1845,1,2,1,1,1,454,4924906,401541,510,4,2,4,0,1,1,30,120,0,0,1,99,0
201600028327,16,5,11,1800,1,2,3,1,6,454,4921097,402622,510,4,1,1,0,1,1,0,32,2,0,0,99,0
201600028328,16,5,14,1245,1,2,6,1,4,573,4925390,397465,510,4,0,2,0,1,1,0,0,1,0,1,99,0
201600028329,16,5,14,1407,1,2,1,1,2,172,4921300,404969,510,4,2,2,0,2,1,0,68,1,0,1,99,0
201600028330,16,5,15,1445,1,2,3,1,3,454,4921597,402831,510,4,2,2,0,1,1,0,83,1,0,1,99,0
201600028331,16,5,17,1615,1,2,3,1,3,454,4922215,410665,510,4,2,2,0,1,1,0,72,1,0,1,99,0
201600028332,16,5,17,1745,1,2,1,1,3,454,4926200,402623,510,4,2,2,0,2,1,0,0,1,0,1,3,0
201600028333,16,5,18,740,1,2,3,1,2,454,4922996,406114,510,4,2,2,0,2,1,0,120,1,0,0,0,0
201600028334,16,5,19,1200,1,2,7,1,3,454,4925534,403371,510,4,1,1,0,1,1,0,62,1,0,1,99,0
201600028335,16,5,19,1740,1,2,1,1,4,454,4925598,402173,510,4,2,5,0,1,1,25,187,1,5,1,99,0
201600028336,16,5,20,1720,1,2,1,1,6,454,4925290,403747,510,4,1,1,0,1,3,0,0,0,5,1,99,0
201600028337,16,5,21,2100,2,2,3,1,5,454,4924920,401656,510,4,2,2,0,1,1,0,51,1,5,1,99,0
201600028338,16,5,22,850,1,2,6,3,3,454,4924230,402461,510,4,1,1,0,1,2,0,0,2,5,1,99,0
201600028339,16,5,23,1540,1,2,1,2,3,454,4922761,402792,510,4,2,2,1,1,3,0,130,2,2,1,99,0
201600028340,16,5,25,1000,1,2,1,1,6,454,4925756,405915,510,4,2,2,0,1,1,0,55,1,0,1,99,0
201600028341,16,5,25,2240,5,2,2,1,3,454,4924911,403697,510,4,2,4,3,1,1,20,130,1,0,1,99,0
201600028342,16,5,26,815,1,2,2,1,6,454,4924749,403373,510,4,1,1,0,1,1,0,58,1,0,1,3,0
201600028343,16,5,26,1245,1,2,2,1,3,454,4925709,403439,510,4,1,1,0,1,1,0,42,1,0,1,0,0
201600028344,16,5,27,825,1,2,1,1,6,454,4927348,402663,510,3,2,2,0,1,1,0,61,1,0,1,3,0
201600028345,16,5,28,1655,1,2,1,1,6,454,4922527,400947,510,4,3,2,3,2,1,120,63,1,0,1,99,1
201600028346,16,5,28,2105,2,2,2,1,3,454,4924873,403246,510,4,1,1,0,1,1,0,32,1,0,1,99,0
201600028347,16,5,30,650,1,2,2,2,1,454,4923045,402716,510,4,2,2,0,3,1,0,100,2,0,1,99,0
201600028348,16,5,30,1345,1,2,2,3,3,454,4927206,401276,510,4,2,3,0,1,1,0,104,2,0,1,99,0
201600028349,16,5,31,915,1,2,1,2,6,454,4924592,401792,510,9,0,0,3,1,1,0,0,2,4,1,99,0
201600028350,16,5,31,1200,1,2,1,2,6,172,4922000,406388,510,4,2,4,0,1,1,0,192,2,0,1,99,0
201600028351,16,5,31,1730,1,2,1,1,2,454,4924093,405314,510,4,3,4,0,2,1,0,0,2,0,1,99,0
201600028352,16,6,3,1500,1,2,1,1,3,454,4927536,401764,510,2,2,4,3,1,1,0,162,1,0,1,99,0
201600028353,16,6,8,1110,1,1,1,1,5,454,4927653,401667,510,4,2,2,2,1,1,0,66,1,0,1,99,0
201600028354,16,6,8,1650,1,2,1,2,5,454,4924379,404995,510,4,2,4,0,2,1,20,120,2,0,1,99,0
201600028355,16,6,10,15,4,1,1,1,6,454,4921263,400920,510,4,2,2,0,1,2,0,70,1,0,1,99,0
201600028356,16,6,10,2320,5,2,2,1,3,454,4926564,402074,510,4,2,2,0,1,1,0,59,1,0,1,99,0
201600028357,16,6,14,750,1,2,1,1,4,454,4924865,404401,510,4,2,2,0,0,0,0,75,0,0,1,99,0
201600028358,16,6,20,2300,5,2,6,2,6,454,4924191,401776,510,4,1,2,0,1,2,0,67,2,0,1,99,0
201600028359,16,6,21,750,1,2,1,1,4,454,4925078,405287,510,4,2,3,0,1,1,0,103,2,5,1,99,0
201600028360,16,6,21,2232,5,2,1,2,1,454,4926245,402876,510,2,2,4,3,1,1,0,193,1,4,0,99,0
201600028361,16,6,23,930,1,2,1,1,6,454,4927723,401607,510,4,2,2,0,1,1,0,100,1,0,1,99,0
201600028362,16,6,23,2200,4,2,6,1,3,454,4923221,403332,510,4,2,2,0,1,1,0,0,1,0,1,99,0
201600028363,16,6,26,1945,1,2,2,1,6,454,4925135,404171,510,4,2,3,0,1,1,0,93,1,0,1,99,0
201600028364,16,6,27,1210,1,2,3,1,3,454,4926202,402599,510,4,1,1,0,1,1,0,38,1,0,1,3,0
201600028365,16,6,28,1315,1,2,1,1,6,454,4925965,405640,510,4,2,2,0,1,1,0,95,1,0,1,99,0
201600028366,16,6,29,1130,1,2,1,1,2,454,4927080,406914,510,4,2,3,0,1,2,0,84,8,0,1,99,0
201600028367,16,7,1,1100,1,2,9,1,6,454,4926011,406560,510,6,2,0,0,1,1,0,0,1,0,0,99,0
201600028368,16,7,2,2100,1,2,1,1,3,454,4925196,404356,510,4,2,5,0,1,3,0,99,1,0,1,99,0
201600028369,16,7,13,1745,1,2,6,1,3,454,4926752,403721,510,4,2,2,0,1,3,47,112,1,5,1,99,0
201600028370,16,7,18,2015,1,2,3,1,2,454,4923586,404745,510,4,2,2,0,1,1,0,67,1,0,1,99,0
201600028371,16,7,23,800,1,2,2,1,3,454,4925606,405546,510,4,2,2,0,1,1,0,80,1,5,1,99,0
201600028372,16,7,25,1155,1,2,1,1,6,454,4923619,404282,510,4,2,2,0,1,1,0,55,1,1,1,0,0
201600028373,16,7,30,2340,5,2,2,1,3,454,4926908,402958,510,4,2,2,0,1,1,0,56,1,0,1,99,0
201600028374,16,8,2,1620,1,1,1,2,6,454,4922804,403798,510,4,3,3,2,1,1,40,130,2,0,1,99,0
201600028375,16,8,3,2010,1,2,1,1,3,172,4921318,405084,510,3,2,3,0,2,1,0,117,1,0,1,99,0
201600028376,16,8,4,955,1,2,5,2,3,454,4924345,404359,510,4,2,2,0,1,2,0,120,1,0,1,99,0
201600028377,16,8,9,1745,1,2,6,1,6,454,4922038,402074,510,4,1,2,0,1,2,0,167,1,0,1,99,0
201600028378,16,8,10,945,1,2,1,1,2,454,4925206,403157,510,4,1,1,0,1,1,0,35,1,0,1,99,0
201600028379,16,8,12,1535,1,2,2,1,6,454,4925496,404030,510,4,2,2,0,1,1,0,68,1,5,0,99,0
201600028380,16,8,12,1747,1,2,2,1,2,454,4925742,404499,510,3,2,2,0,1,1,0,77,1,5,1,99,0
201600028381,16,8,12,1940,1,2,2,1,1,454,4925810,405609,510,2,2,3,0,1,1,0,100,1,5,1,99,0
201600028382,16,8,12,1945,1,2,2,1,3,454,4924398,402745,510,4,4,2,0,1,1,0,65,1,0,1,0,0
201600028383,16,8,15,1540,1,2,2,1,3,454,4925932,402045,510,4,2,2,0,1,1,0,70,1,0,1,99,0
201600028384,16,8,15,1650,1,2,4,1,3,454,4926251,405692,510,2,2,3,0,1,1,0,100,1,0,1,99,0
201600028385,16,8,15,1705,1,2,6,1,2,573,4925400,397446,510,1,3,2,0,1,4,0,0,1,3,1,99,0
201600028386,16,8,16,1840,1,2,1,1,6,454,4927095,401118,510,4,2,3,0,1,2,0,117,1,0,1,99,0
201600028387,16,8,17,1000,1,2,3,1,1,454,4924345,403407,510,4,2,3,0,2,1,0,95,1,5,1,99,0
201600028388,16,8,17,1335,1,2,1,1,6,454,4924691,404406,510,4,2,2,3,1,1,0,79,1,0,1,99,0
201600028389,16,8,21,1740,1,2,2,1,3,454,4927679,403014,510,4,2,2,0,1,1,0,67,1,0,1,99,0
201600028390,16,8,21,2115,2,1,1,1,1,454,4926296,405713,510,2,4,3,0,1,1,100,110,1,0,1,99,0
201600028391,16,8,24,800,1,2,1,1,6,454,4927001,401117,510,4,2,1,0,1,1,0,0,1,0,4,99,0
201600028392,16,8,24,1050,1,2,1,1,2,454,4922327,403690,510,4,2,2,0,2,3,0,70,1,0,1,99,0
201600028393,16,8,24,1350,1,2,1,1,2,454,4927631,401689,510,3,2,2,2,1,1,0,79,1,5,1,99,0
201600028394,16,8,26,902,1,2,1,1,2,454,4924252,402359,510,4,2,2,0,1,1,0,61,1,0,1,99,0
201600028395,16,8,26,1000,1,2,2,1,2,454,4924609,403085,510,4,2,3,0,1,1,0,119,1,5,1,99,0
201600028396,16,8,26,1530,1,2,2,1,3,454,4926351,405689,510,4,2,3,0,1,2,0,90,1,5,1,99,0
201600028397,16,8,27,2005,1,1,1,1,1,454,4923606,400566,510,4,2,2,3,1,1,0,63,1,4,1,99,0
201600028398,16,8,28,1950,1,2,3,1,2,454,4925595,405701,510,4,2,2,0,1,1,0,46,1,0,1,99,0
201600028399,16,8,30,1915,1,2,2,1,1,454,4926540,404260,510,4,1,1,0,1,1,0,41,1,5,1,99,0
201600028400,16,9,1,810,1,2,1,1,2,454,4925139,404179,510,4,2,3,0,2,1,0,78,1,0,1,0,0
201600028401,16,9,1,2039,5,2,1,1,2,454,4923283,400586,510,4,2,2,1,1,1,0,60,1,0,1,99,0
201600028402,16,9,2,1710,1,2,1,1,7,454,4927347,401940,510,3,3,2,3,1,1,0,85,1,4,0,99,0
201600028403,16,9,2,2045,2,2,1,1,6,454,4923142,405494,510,4,2,2,1,1,1,0,60,1,0,1,99,0
201600028404,16,9,5,920,1,2,1,2,6,454,4925889,402090,510,4,2,2,0,1,1,0,98,2,0,1,99,0
201600028405,16,9,5,1400,1,1,1,1,3,474,4928145,400486,510,4,2,2,0,1,2,0,0,2,0,1,99,0
201600028406,16,9,7,1715,1,2,2,1,6,454,4924629,401848,510,4,2,2,0,1,1,0,88,1,0,1,99,0
201600028407,16,9,8,1940,1,2,1,1,6,454,4924629,401848,510,4,2,3,0,1,1,0,92,1,0,1,99,0
201600028408,16,9,7,1830,1,2,2,1,6,454,4926720,404486,510,4,2,2,0,1,1,0,71,1,0,1,99,0
201600028409,16,9,10,815,1,2,2,1,3,454,4924629,403908,510,4,1,2,0,1,1,0,66,1,0,1,99,0
201600028410,16,9,13,1700,1,2,4,1,2,454,4924229,403085,510,4,1,2,0,2,1,0,62,1,0,1,99,0
201600028411,16,9,13,1935,1,2,3,1,3,454,4922816,403580,510,4,2,2,0,1,1,0,48,0,0,1,99,0
201600028412,16,9,14,1710,1,2,2,1,6,454,4928656,400802,510,4,0,2,0,1,1,0,68,0,0,1,99,0
201600028413,16,9,14,1845,1,2,4,1,4,454,4924290,404542,510,4,2,2,0,1,1,0,46,1,0,1,99,0
201600028414,16,9,16,1815,1,2,1,2,3,454,4923139,405492,510,4,0,1,0,2,1,0,0,2,0,0,99,0
201600028415,16,9,17,940,1,2,3,1,3,172,4922373,404779,510,3,2,2,0,1,1,0,82,1,0,1,99,0
201600028416,16,9,18,1945,2,2,2,1,3,454,4924654,405896,510,4,2,2,0,3,3,0,60,1,0,1,99,0
201600028417,16,9,19,1230,1,1,1,1,2,454,4928132,401081,510,3,3,4,0,1,1,5,100,1,0,1,99,0
201600028418,16,9,20,1300,1,2,2,1,3,454,4925190,402895,510,4,2,3,0,1,1,0,73,1,0,1,3,0
201600028419,16,9,20,1715,1,2,1,1,1,454,4926087,403456,510,2,2,4,0,1,1,0,110,1,0,1,99,0
201600028420,16,9,21,1800,1,2,1,1,3,454,4927634,402420,510,4,2,3,0,1,1,0,74,1,0,1,99,0
201600028421,16,9,21,2130,5,1,1,1,7,454,4926030,404741,510,4,2,4,3,1,1,0,120,1,0,1,99,0
201600028422,16,9,23,700,5,2,1,1,6,172,4922454,404577,510,4,2,2,0,1,1,0,79,1,0,1,99,0
201600028423,16,9,23,1405,1,2,1,1,6,454,4924600,401823,510,4,2,3,0,1,1,0,73,1,0,1,99,0
201600028424,16,9,24,1920,1,2,2,1,3,454,4926058,404818,510,4,1,1,0,1,1,0,36,1,0,1,99,0
201600028425,16,9,24,2000,2,2,1,1,6,454,4925770,403880,510,2,2,4,0,1,1,0,120,1,0,1,99,0
201600028426,16,9,26,1215,1,2,3,1,1,454,4925903,403986,510,3,2,2,0,1,1,0,60,1,0,1,99,0
201600028427,16,9,26,1300,1,2,7,1,3,454,4924091,404436,510,4,1,3,0,1,1,0,221,1,0,1,99,0
201600028428,16,9,27,2030,5,2,1,1,1,454,4924600,401823,510,4,2,3,0,1,1,0,69,1,0,1,99,0
201600028429,16,9,29,840,1,2,1,1,2,454,4926299,401654,510,4,2,2,0,1,1,0,100,1,0,1,99,0
201600028430,16,9,29,840,1,2,2,1,5,454,4922878,407116,510,4,2,2,0,1,1,0,75,1,0,1,99,0
201600028431,16,9,28,1823,1,2,1,1,6,454,4926079,404879,510,4,2,4,3,1,1,0,120,1,0,1,99,0
201600028432,16,9,29,1220,1,2,1,1,3,454,4927614,401820,510,4,2,2,0,1,1,0,110,1,0,1,3,0
201600028433,16,9,29,1800,1,2,1,1,6,454,4925520,406067,510,4,0,0,0,1,0,0,0,1,6,0,99,0
201600028434,16,10,1,1545,1,2,1,1,3,454,4925035,403453,510,4,1,1,0,2,1,0,40,1,0,1,99,0
201600028435,16,10,5,855,1,2,1,1,6,172,4921960,404242,510,4,2,4,0,2,2,0,129,1,0,1,99,0
201600028436,16,10,5,1350,1,2,3,1,1,454,4923312,401440,510,4,2,2,0,1,1,0,0,1,0,1,99,0
201600028437,16,10,5,1420,1,2,3,1,3,454,4924179,403619,510,4,1,1,2,1,1,0,6,1,0,1,99,0
201600028438,16,10,5,1820,1,2,1,1,2,454,4928225,401245,510,4,1,1,0,2,1,0,40,1,0,1,99,0
201600028439,16,10,6,1035,1,2,1,1,1,454,4926478,401050,510,4,2,3,0,1,1,0,95,1,0,1,99,0
201600028440,16,10,6,1200,1,2,1,1,3,454,4923659,404372,510,4,4,3,1,1,1,0,92,1,0,1,99,0
201600028441,16,10,6,1805,1,2,2,1,3,58,4921371,400630,510,4,2,2,0,3,1,0,63,1,0,1,99,0
201600028442,16,10,6,2055,5,2,3,1,3,454,4923800,403938,510,4,2,3,0,1,1,0,150,1,0,1,99,0
201600028443,16,10,8,1410,1,2,1,1,3,454,4925868,404284,510,4,2,3,0,1,1,0,76,1,0,1,99,0
201600028444,16,10,8,2010,5,2,2,1,6,454,4925147,402799,510,4,2,2,0,1,1,0,98,1,0,1,3,0
201600028445,16,10,10,540,5,2,1,1,2,454,4923779,406611,510,4,2,2,0,2,1,36,60,1,0,1,99,0
201600028446,16,10,10,745,1,2,2,1,3,454,4925548,404643,510,4,2,2,0,1,1,0,104,1,0,1,99,0
201600028447,16,10,10,2100,5,2,1,1,6,454,4925097,404079,510,3,2,2,0,1,1,0,60,2,0,1,99,0
201600028448,16,10,13,838,1,2,1,1,4,454,4922929,403226,510,4,3,4,0,1,1,0,140,1,0,1,99,0
201600028449,16,10,13,1830,2,2,3,8,3,454,4927195,402639,510,4,2,2,0,1,1,0,80,2,0,1,99,0
201600028450,16,10,14,1830,1,2,1,2,6,454,4926539,406105,510,4,2,4,3,2,1,0,146,2,0,1,99,0
201600028451,16,10,14,2245,5,2,2,2,6,454,4925445,402538,510,4,1,2,0,1,1,0,63,2,0,1,99,0
201600028452,16,10,15,1730,1,2,1,1,6,454,4925485,402630,510,4,2,2,0,1,1,0,73,1,0,1,3,0
201600028453,16,10,15,1825,1,2,3,1,1,573,4924780,400673,510,4,2,3,0,1,1,0,100,1,0,1,99,0
201600028454,16,10,17,840,1,2,2,1,6,454,4927746,401060,510,4,2,2,0,1,1,0,90,1,0,1,3,0
201600028455,16,10,18,1750,2,2,1,1,6,454,4922368,402779,510,4,2,2,0,1,1,0,66,1,0,1,3,0
201600028456,16,10,19,1100,1,2,1,1,6,454,4926977,406982,510,4,2,3,0,1,1,0,89,1,0,1,99,0
201600028457,16,10,19,2030,5,2,1,1,2,454,4925758,406342,510,4,2,2,0,1,3,0,90,1,0,1,99,0
201600028458,16,10,20,1815,1,2,1,2,2,454,4928431,400999,510,3,2,2,2,1,1,0,65,2,0,1,99,0
201600028459,16,10,21,1430,1,2,3,1,2,454,4924075,405267,510,4,1,2,0,3,1,0,89,1,0,1,99,0
201600028460,16,10,21,1055,1,2,1,1,3,454,4924060,404793,510,4,1,1,0,1,2,0,70,1,0,1,99,0
201600028461,16,10,26,920,1,2,1,8,2,454,4922663,403443,510,4,1,1,0,1,2,0,60,1,0,1,99,0
201600028462,16,10,26,1315,1,2,1,1,6,454,4928140,403306,510,4,2,2,0,1,1,0,72,1,0,1,99,0
201600028463,16,10,27,1550,1,2,3,1,3,454,4925517,401588,510,4,1,1,0,1,1,0,74,1,0,1,99,0
201600028464,16,10,27,1815,1,1,1,1,7,454,4927119,403648,510,4,2,2,0,1,2,0,61,1,0,1,99,0
201600028465,16,10,28,1815,2,2,1,1,6,454,4923221,402341,510,4,2,0,0,1,1,0,68,1,0,1,99,0
201600028466,16,10,28,2010,3,2,1,1,6,454,4925684,402291,510,4,3,4,0,1,1,33,153,1,0,1,99,0
201600028467,16,11,2,1820,5,2,2,1,2,454,4925498,404035,510,4,2,2,0,1,1,0,66,1,0,1,99,0
201600028468,16,11,3,1253,1,2,6,1,6,454,4922865,403720,510,3,2,2,1,1,1,45,109,1,0,1,99,0