Num_Acc,an,mois,jour,hrmn,lum,agg,int,atm,col,com,lat,long,dep,catr,circ,nbv,vosp,prof,plan,lartpc,larrout,surf,infra,situ,env1,killed
201600028469,16,11,3,1715,2,2,2,1,3,454,4926019,404716,510,4,1,2,0,1,1,0,64,1,0,1,99,0
201600028470,16,11,4,1035,1,2,6,1,3,172,4921734,405926,510,4,0,2,0,2,3,0,86,1,0,1,99,0
201600028471,16,11,4,1745,5,2,1,2,6,454,4924832,401118,510,3,2,4,0,2,1,0,140,2,0,1,99,0
201600028472,16,11,10,1325,1,2,1,1,6,454,4926071,404094,510,4,2,2,0,2,1,0,91,1,0,1,99,0
201600028473,16,11,10,1715,3,2,2,2,6,454,4926233,400974,510,3,2,2,0,1,1,0,79,2,5,1,99,0
201600028474,16,11,10,1750,5,2,1,1,6,454,4928446,402756,510,4,2,2,0,1,1,0,72,2,0,1,99,0
201600028475,16,11,13,1455,1,2,1,8,2,454,4923359,403918,510,3,2,6,0,1,1,0,200,1,0,1,99,0
201600028476,16,11,14,815,1,2,2,1,6,454,4925435,403721,510,4,1,1,0,1,1,0,54,1,0,1,3,0
201600028477,16,11,16,1530,1,2,1,2,6,454,4925071,401544,510,4,2,2,0,1,1,0,66,2,0,1,99,0
201600028478,16,11,15,1930,5,2,3,2,3,454,4923398,403978,510,3,2,6,1,1,1,0,247,2,5,1,99,0
201600028479,16,11,16,1630,2,2,1,1,4,454,4927317,406091,510,4,3,4,0,1,1,30,140,2,0,1,99,0
201600028480,16,11,16,1800,5,2,1,1,4,454,4922205,402301,510,4,3,4,1,1,1,30,140,2,0,1,99,0
201600028481,16,11,17,1612,1,2,6,1,1,454,4926481,400997,510,4,2,2,2,1,1,0,94,1,0,1,99,0
201600028482,16,11,18,1015,1,2,1,1,3,454,4928323,401104,510,4,2,2,2,2,1,0,79,1,0,1,99,0
201600028483,16,11,19,1400,1,2,1,1,3,454,4924781,404746,510,4,1,1,0,1,1,0,41,1,0,4,99,0
201600028484,16,11,20,905,1,2,2,2,6,454,4925327,405422,510,2,2,3,0,1,1,0,96,1,0,1,99,0
201600028485,16,11,22,1403,1,2,2,1,6,454,4925640,403655,510,4,2,2,0,1,1,0,59,1,0,1,99,0
201600028486,16,11,23,1910,5,2,2,8,2,454,4926928,403301,510,4,2,2,0,1,1,0,78,2,0,1,99,0
201600028487,16,11,25,940,1,2,2,1,2,454,4923976,402113,510,4,2,2,0,1,1,0,100,1,0,1,99,0
201600028488,16,11,27,1530,1,1,3,1,3,454,4923130,403428,510,4,0,4,2,1,1,0,166,1,0,1,99,0
201600028489,16,11,28,1820,5,2,2,1,3,454,4925712,403441,510,4,1,1,0,1,1,0,60,1,0,1,99,0
201600028490,16,11,29,1320,1,2,3,1,3,454,4922633,402282,510,4,0,3,0,2,1,0,120,1,0,1,99,0
201600028491,16,11,30,1355,1,2,1,1,3,454,4926212,406095,510,4,2,3,0,1,1,0,100,1,0,1,99,0
201600028492,16,11,30,1510,1,2,1,7,6,454,4926044,406599,510,6,0,0,0,1,1,0,0,1,0,0,99,0
201600028493,16,12,1,757,1,2,2,1,6,454,4924682,404420,510,4,2,2,2,1,1,0,72,1,0,1,3,0
201600028494,16,12,2,1610,1,2,2,1,3,454,4927236,402026,510,4,2,2,3,0,1,0,147,0,4,1,99,0
201600028495,16,12,2,1745,5,2,3,1,1,454,4923812,401377,510,4,2,3,0,1,1,0,94,1,0,1,99,0
201600028496,16,12,3,1340,1,2,2,1,1,454,4924825,405881,510,4,1,1,0,1,1,0,43,1,0,1,99,0
201600028497,16,12,8,2015,5,2,2,1,6,454,4925928,402040,510,4,2,2,0,1,1,0,76,1,5,1,99,0
201600028498,16,12,10,1320,1,2,9,1,6,454,4925434,406155,510,4,2,4,0,1,1,25,120,1,0,1,99,0
201600028499,16,12,10,1535,1,2,2,1,2,454,4926560,403887,510,4,2,2,0,1,1,0,73,1,0,1,99,0
201600028500,16,12,10,1415,1,2,2,1,3,454,4924609,403088,510,4,2,5,0,0,0,0,260,0,0,1,99,0
201600028501,16,12,12,1520,1,2,2,8,3,454,4925020,403880,510,4,2,3,0,1,1,0,79,1,5,1,99,0
201600028502,16,12,13,1610,1,1,2,1,3,454,4925073,402832,510,4,1,1,0,1,1,0,64,1,0,1,99,0
201600028503,16,12,13,1020,1,2,3,1,6,454,4924650,401640,510,4,2,2,0,1,1,0,72,1,5,1,99,0
201600028504,16,12,15,1900,5,2,1,1,3,454,4924830,401051,510,4,2,4,0,2,1,0,157,1,0,1,99,0
201600028505,16,12,17,2023,5,2,1,5,3,454,4924827,401090,510,4,2,4,0,2,1,0,166,2,0,1,99,0
201600028506,16,12,20,1800,5,2,3,1,5,454,4927246,401599,510,4,2,2,0,1,1,0,46,1,0,1,0,1
201600028507,16,12,22,1030,1,2,1,2,6,454,4924960,404250,510,3,2,3,0,1,1,0,97,2,0,1,99,1
201600028508,16,12,22,1215,1,2,1,2,2,454,4925927,402834,510,4,2,2,0,1,1,0,105,2,0,1,3,0
201600028509,16,12,23,1620,1,2,1,1,6,474,4925884,399506,510,4,2,2,0,2,3,0,70,1,0,1,99,0
201600028510,16,12,23,1800,5,2,1,1,4,454,4927492,405469,510,4,3,4,0,1,1,30,140,1,0,1,99,0
201600028511,16,12,14,1800,5,2,3,1,3,121,4812133,513775,520,3,2,2,0,2,1,0,0,1,0,1,99,0
201600028512,16,10,22,2000,5,2,3,1,3,121,4810693,514104,520,3,2,3,0,1,1,0,0,1,0,1,99,0
201600028513,16,11,7,1130,1,2,6,7,2,121,4811650,514033,520,3,2,1,0,1,2,0,0,1,0,1,99,0
201600028514,16,11,26,225,5,2,1,2,6,121,4810673,514943,520,4,2,2,2,1,1,0,100,2,0,1,3,0
201600028515,16,2,29,1330,1,2,2,1,3,121,4810013,514986,520,4,2,2,0,1,1,0,54,0,0,1,0,0
201600028516,16,3,20,1940,5,2,1,1,6,121,4811408,514302,520,4,1,2,0,1,1,0,58,1,0,1,99,0
201600028517,16,3,25,1445,1,2,2,2,3,121,4809869,514700,520,4,2,2,0,1,1,0,69,2,0,1,99,0
201600028518,16,4,13,1429,1,2,3,1,6,121,4811105,513980,520,4,1,1,0,1,1,0,36,1,0,0,0,0
201600028519,16,4,16,1725,1,1,1,1,6,121,4808513,510783,520,4,2,2,0,1,1,0,40,1,0,1,99,0
201600028520,16,4,20,1700,1,2,3,1,5,121,4811305,514394,520,3,1,2,0,1,1,0,101,1,0,1,99,0
201600028521,16,4,26,1350,1,2,2,2,3,121,4810447,512988,520,4,2,2,0,1,1,0,60,2,0,1,99,0
201600028522,16,4,29,1630,1,2,3,1,6,121,4809836,514519,520,3,2,3,2,1,1,0,104,1,0,1,99,0
201600028523,16,6,9,1945,1,2,2,1,6,121,4811351,514776,520,4,2,2,0,1,1,0,56,1,0,1,99,0
201600028524,16,6,9,1335,1,2,1,1,7,121,4808644,514620,520,3,2,2,2,1,1,0,106,0,0,4,99,0
201600028525,16,6,23,735,1,1,1,1,6,121,4812770,509223,520,3,2,2,0,2,2,0,56,1,0,3,99,0
201600028526,16,7,6,725,1,2,3,1,6,121,4811733,514055,520,3,2,3,0,1,3,0,89,1,0,4,99,0
201600028527,16,7,7,1240,1,2,3,1,6,121,4810797,514075,520,3,2,3,0,2,1,0,95,1,0,1,99,0
201600028528,16,7,9,1610,1,1,1,1,6,121,4811686,512136,520,3,2,3,0,2,3,0,101,1,0,1,99,0
201600028529,16,9,19,1810,1,2,3,1,2,121,4811312,514405,520,3,1,2,0,1,1,0,100,1,0,1,99,0
201600028530,16,8,24,1407,1,2,1,1,6,121,4809291,513697,520,4,2,2,2,1,1,0,100,1,0,1,99,0
201600028531,16,9,1,1240,1,2,1,1,6,121,4810000,514485,520,3,2,2,2,1,1,0,107,1,0,1,99,0
201600028532,16,9,12,1740,1,2,1,1,1,121,4811751,515500,520,3,2,2,0,2,1,0,65,1,0,1,99,0
201600028533,16,9,27,715,2,2,2,1,6,121,4809912,515324,520,4,2,2,0,1,2,0,114,1,0,1,99,0
201600028534,16,9,30,1705,1,1,1,1,6,121,4812779,519091,520,3,2,2,0,2,1,0,700,2,0,3,99,0
201600028535,16,1,31,1530,1,2,1,2,6,448,4863626,497322,520,4,0,1,0,1,2,0,0,2,5,1,99,0
201600028536,16,3,11,1430,1,2,1,1,6,448,4864552,496726,520,4,2,2,0,1,1,0,0,1,0,1,3,0
201600028537,16,3,13,1500,1,2,3,1,6,448,4864115,497109,520,4,1,0,0,1,1,0,0,1,0,4,99,0
201600028538,16,5,23,830,1,1,3,1,6,448,4863569,495671,520,4,0,2,0,2,1,0,76,1,0,0,0,0
201600028539,16,4,30,705,1,2,1,1,7,448,4862887,497164,520,4,2,2,0,1,4,0,0,1,0,3,99,0
201600028540,16,6,29,2000,1,2,1,1,1,448,4864430,497076,520,4,2,2,0,2,2,0,0,1,0,1,0,0
201600028541,16,8,17,1850,1,2,3,1,3,448,4865276,493513,520,3,1,0,0,1,1,0,0,1,5,1,99,1
201600028542,16,9,29,1855,1,2,6,1,6,448,4862714,497217,520,4,1,1,0,0,0,0,0,0,0,1,0,0
201600028543,16,1,8,1934,5,2,1,1,6,130,4806330,78023,530,4,2,2,0,2,1,0,0,1,0,1,99,0
201600028544,16,1,16,1130,1,1,1,4,3,130,4808534,79182,530,5,0,2,0,1,3,0,0,7,0,1,99,0
201600028545,16,2,3,1005,1,2,3,1,3,130,4807435,75374,530,4,2,2,0,1,1,29,95,1,5,1,99,0
201600028546,16,3,24,1215,1,2,2,1,6,130,4807559,78502,530,4,2,3,0,2,1,0,80,1,5,1,3,0
201600028547,16,4,1,1620,1,2,1,1,6,130,4805982,76335,530,4,2,2,0,1,1,0,0,1,5,1,99,0
201600028548,16,1,18,1145,1,2,1,1,6,130,4806181,75006,530,4,2,2,2,1,1,0,55,1,0,1,99,0
201600028549,16,5,4,2030,1,2,6,1,7,201,4806857,80347,530,3,1,1,0,0,0,0,0,1,0,1,99,0
201600028550,16,5,18,1240,1,2,1,1,3,130,4806701,76014,530,4,2,2,0,1,1,0,64,1,0,1,0,0
201600028551,16,6,10,1900,1,1,1,3,3,34,4804169,72007,530,3,2,2,0,2,1,0,71,2,0,1,99,1
201600028552,16,7,20,1904,1,2,9,1,3,130,4806700,76021,530,4,2,2,0,1,3,0,0,1,5,1,99,0
201600028553,16,7,9,212,3,1,1,1,6,201,4807084,84688,530,3,2,1,0,0,0,0,0,0,0,1,0,0
201600028554,16,9,8,1305,1,1,1,1,1,54,4809852,79151,530,3,2,0,0,1,1,0,63,1,0,1,0,0
201600028555,16,9,29,910,1,2,2,2,6,130,4806813,76986,530,4,1,2,3,2,0,0,0,2,5,1,0,0
201600028556,16,9,10,2015,5,2,3,1,3,130,4807161,77148,530,4,1,2,0,1,1,0,0,1,5,1,0,0
201600028557,16,10,17,1200,1,2,1,1,6,130,4805479,74374,530,4,3,0,0,2,1,0,0,1,5,1,99,0
201600028558,16,11,9,1855,3,1,2,1,6,54,4809699,82941,530,3,2,2,0,0,0,0,0,0,0,1,0,1
201600028559,16,11,16,1850,5,2,1,2,6,201,4806939,82857,530,3,3,2,0,1,1,0,0,2,0,1,99,0
201600028560,16,11,10,1825,5,2,3,1,3,130,4806476,78832,530,4,0,2,0,1,0,0,0,1,0,1,99,0
201600028561,16,11,2,755,2,2,3,1,3,130,4805430,76573,530,4,2,2,0,2,1,0,0,1,6,1,99,0
201600028562,16,11,29,800,2,2,1,1,6,130,4805621,74390,530,4,1,1,0,1,1,0,0,1,0,1,99,0
201600028563,16,12,7,745,1,2,3,1,3,130,4807122,76356,530,4,2,2,0,0,0,0,0,0,0,1,99,0
201600028567,16,5,29,630,3,1,1,1,1,36,4927717,595931,540,3,2,2,0,1,1,0,0,1,0,3,99,0
201600028569,16,5,21,1513,1,2,1,1,7,280,4922363,600801,540,3,2,2,0,2,0,0,40,1,0,1,0,0
201600028573,16,9,10,929,1,2,1,1,7,99,4925000,594000,540,4,2,2,0,1,1,0,0,1,0,1,0,0
201600028574,16,10,8,1839,2,2,1,1,5,280,4923081,600932,540,4,0,2,0,1,1,0,0,1,0,1,0,0
201600028575,16,10,30,1510,1,2,1,1,3,28,4921000,597000,540,4,2,2,0,0,0,0,0,0,0,1,0,0
201600028576,16,11,7,1510,1,2,1,1,4,280,4922000,601000,540,4,2,2,0,1,1,0,0,0,0,1,0,0
201600028577,16,11,11,1434,1,1,1,1,1,36,4929000,599000,540,3,2,2,0,2,1,0,0,2,0,1,99,0
201600028578,16,12,13,852,2,1,1,8,5,341,4926000,590000,540,2,2,2,0,1,1,0,0,2,0,1,99,0
201600028579,16,5,31,1340,1,2,6,1,6,273,4915637,588355,540,3,2,2,0,1,2,0,71,1,0,1,99,0
201600028580,16,8,13,1945,2,1,1,1,3,469,4917575,599822,540,3,2,2,0,1,2,0,85,1,0,1,99,0
201600028582,16,8,29,811,1,2,1,7,6,273,4915591,588550,540,3,2,2,0,1,1,0,63,1,0,1,0,1
201600028584,16,10,29,1120,1,1,1,1,1,51,4916890,595999,540,3,2,2,0,2,4,0,69,1,0,1,0,1
201600028585,16,12,16,1610,1,2,1,1,3,286,4917192,587765,540,3,2,1,0,1,1,0,60,1,0,1,99,0
201600028586,16,1,8,708,5,2,2,2,6,159,4862386,634959,540,4,2,2,0,1,1,0,0,2,5,0,99,0
201600028587,16,1,26,1750,2,2,3,2,6,483,4862988,629975,540,3,0,2,0,2,1,0,0,2,0,1,0,0
201600028588,16,2,9,1155,1,2,3,2,6,159,4861643,635253,540,3,0,2,0,2,1,0,0,2,0,1,0,0
201600028589,16,9,4,15,5,2,3,1,3,549,4863632,631156,540,3,2,2,0,1,1,16,127,1,0,1,99,0
201600028591,16,10,12,2110,3,1,1,1,2,382,4954918,579388,540,2,3,2,0,1,1,0,71,1,3,1,99,0
201600028592,16,10,8,400,5,1,1,1,6,493,4953084,582017,540,4,2,2,0,1,1,0,0,1,0,4,99,0
201600028593,16,10,25,830,2,1,1,1,7,254,4951538,579969,540,3,2,2,0,2,4,0,0,7,0,3,99,0
201600028595,16,12,2,1100,1,2,1,1,3,382,4955094,578842,540,2,2,3,0,2,3,0,0,2,2,1,99,0
201600028596,16,12,7,730,1,2,1,1,6,323,4952075,576061,540,4,2,2,0,1,1,0,0,1,0,1,3,0
201600028598,16,11,17,1655,1,1,1,1,6,323,4951705,576573,540,4,1,1,0,1,1,0,70,1,0,1,3,0
201600028600,16,11,19,1415,1,2,1,1,2,382,4954575,578232,540,4,2,2,0,2,1,0,130,1,0,0,99,0
201600028602,16,2,13,2105,5,1,1,1,7,382,4954800,579500,540,2,1,1,0,0,0,0,0,0,0,0,0,0
201600028609,16,4,13,1305,1,1,1,2,1,321,4690000,680000,540,4,2,1,0,3,3,0,0,2,0,1,99,0
201600028615,16,8,19,1930,1,2,1,1,3,382,4953284,576456,540,4,2,1,0,2,1,0,0,1,0,1,99,1
201600028616,16,7,19,630,1,1,1,1,2,321,4953826,580349,540,3,2,1,0,1,1,0,0,1,0,1,99,0
201600028620,16,9,18,805,1,2,1,8,6,323,4951949,576333,540,3,2,3,0,2,3,40,130,2,0,1,99,1
201600028621,16,10,15,1909,2,2,1,1,3,261,4952256,579288,540,3,2,1,0,1,1,0,0,1,0,1,0,0
201600028622,16,8,28,130,3,1,1,1,6,323,4950000,570000,540,2,1,0,0,0,0,0,0,0,0,1,0,0
201600028623,16,9,5,1130,1,2,1,1,7,382,4953798,578049,540,6,4,1,0,2,2,0,0,1,0,1,99,0
201600028625,16,11,23,1856,3,1,1,1,3,493,4952225,583348,540,3,2,2,0,1,2,0,60,2,0,1,99,0
201600028626,16,12,8,1215,1,2,1,1,4,373,4857389,652817,540,4,2,2,2,1,1,0,70,1,0,1,3,0
201600028627,16,12,14,935,1,2,2,1,5,329,4860844,648877,540,4,2,2,2,1,1,0,71,1,5,1,99,0
201600028628,16,2,19,1551,1,1,1,1,5,373,4854257,657063,540,2,3,4,0,1,1,13,72,1,0,1,99,0
201600028629,16,7,12,1735,1,2,9,1,3,329,4858189,650438,540,4,2,2,0,1,1,0,60,1,0,1,99,0
201600028630,16,9,11,258,3,2,1,1,6,116,4858313,653860,540,4,2,2,0,1,3,0,60,1,0,3,99,0
201600028631,16,9,12,1805,1,2,1,1,1,329,4859048,647646,540,4,2,2,0,1,2,0,60,1,0,1,99,0
201600028633,16,9,26,1751,1,2,1,1,7,329,4858061,651305,540,4,2,2,2,1,1,0,73,1,0,5,99,0
201600028634,16,9,30,1750,1,2,1,2,6,329,4858848,649829,540,4,2,2,0,1,1,0,0,2,0,1,99,0
201600028635,16,10,1,2229,3,2,1,1,6,281,4860793,651073,540,4,2,2,0,1,1,0,60,1,0,1,99,0
201600028636,16,10,13,1049,1,1,1,1,1,373,4855644,655398,540,2,3,4,0,1,1,20,144,1,0,1,99,0
201600028637,16,10,15,801,1,2,2,1,6,329,4859126,649080,540,4,1,1,0,1,1,0,40,2,5,1,99,0
201600028638,16,10,15,1945,1,2,1,1,6,329,4858533,648226,540,4,2,3,0,1,1,0,90,1,0,1,99,0
201600028639,16,10,17,1616,1,1,1,1,5,329,4861105,649186,540,3,2,2,0,2,2,0,70,1,0,1,99,0
201600028640,16,10,31,2228,3,1,1,1,6,373,4856885,653585,540,2,1,1,0,1,3,0,40,1,3,1,99,0
201600028641,16,11,30,1215,1,2,1,1,6,329,4858870,648654,540,4,2,2,0,1,1,0,60,1,0,1,3,0
201600028642,16,12,13,830,1,2,1,1,2,395,4869864,619271,540,4,2,2,0,1,1,0,0,1,0,1,3,0
201600028643,16,12,21,849,1,2,2,1,2,257,4865395,619768,540,4,1,2,0,1,1,0,0,1,0,1,0,0
201600028644,16,12,17,1430,1,2,1,1,2,304,4867763,614579,540,4,2,3,0,1,1,0,0,1,0,1,0,0
201600028645,16,12,28,2059,5,2,1,5,4,395,4868571,619411,540,4,1,1,0,1,1,0,0,2,0,1,0,0
201600028646,16,12,16,1650,5,2,3,1,6,547,4866697,619222,540,4,2,3,0,1,1,0,0,0,0,1,0,0
201600028647,16,12,30,830,1,2,1,5,6,395,4868513,618673,540,4,1,1,0,1,1,0,0,2,0,1,0,0
201600028650,16,1,1,1805,5,2,4,1,6,395,4868408,617627,540,4,1,1,0,1,1,0,0,1,0,1,99,0
201600028652,16,1,5,1030,1,2,2,1,6,578,4867022,615810,540,4,2,3,0,1,1,0,0,2,0,1,3,0
201600028656,16,1,4,1245,1,1,1,2,7,25,4864877,627743,540,3,2,2,0,2,2,0,0,2,0,1,99,0
201600028659,16,1,11,745,2,2,1,3,2,395,4867775,619861,540,4,2,4,3,1,1,0,0,2,0,0,0,0
201600028660,16,1,4,1600,1,1,6,7,6,439,4870622,624488,540,3,2,2,0,1,1,0,0,2,0,0,99,0
201600028661,16,1,14,27,5,2,1,1,6,547,4866300,616480,540,4,2,2,0,2,4,0,0,1,0,1,99,0
201600028664,16,1,14,1135,1,2,2,1,3,578,4810056,608523,540,4,2,3,0,2,1,0,0,2,0,1,99,0
201600028665,16,1,14,2045,5,2,3,2,3,578,4867626,615381,540,4,1,1,1,2,1,0,0,2,0,1,99,0
201600028669,16,1,15,1835,5,2,1,4,6,274,4866945,620722,540,4,2,2,0,1,1,0,0,2,0,1,99,0
201600028671,16,1,18,750,2,2,1,1,6,395,4868336,618390,540,4,2,4,3,2,1,0,0,9,0,1,99,0
201600028674,16,1,20,2045,5,2,2,5,3,526,4869424,621062,540,4,2,2,0,1,1,0,0,1,0,1,99,0
201600028677,16,1,25,1300,1,2,2,1,6,395,4869666,617459,540,4,2,2,0,1,1,0,0,1,0,1,3,0
201600028682,16,1,28,1750,5,2,1,2,6,482,4870018,620361,540,4,2,2,0,1,1,0,0,2,0,1,99,0
201600028683,16,1,29,1920,5,2,3,1,6,482,4870127,620075,540,4,1,1,0,1,1,0,0,1,0,1,0,0
201600028692,16,2,9,1800,5,2,1,3,6,547,4866094,617926,540,4,2,2,0,1,1,0,0,2,0,1,0,0
201600028693,16,1,22,1735,5,2,1,1,2,395,4868627,619490,540,4,1,2,0,1,1,0,0,1,0,1,0,0
201600028694,16,2,7,1419,1,1,1,1,6,25,4866204,625373,540,4,2,2,0,1,2,0,0,1,0,1,99,0
201600028695,16,2,14,1930,5,2,4,2,6,395,4869705,615847,540,4,2,4,0,2,1,0,0,2,0,1,99,0
201600028697,16,2,17,845,1,2,1,1,3,395,4868352,617405,540,4,1,2,0,1,1,0,0,1,0,1,99,0
201600028757,16,4,20,1944,1,2,2,1,2,257,4864753,618250,540,3,2,3,0,2,1,0,0,1,0,1,99,0
201600028812,16,4,30,1050,1,2,1,1,6,395,4870136,617649,540,4,1,2,0,1,1,0,0,1,0,1,99,1
201600028918,16,9,23,745,1,2,3,1,2,547,4866804,618750,540,4,2,2,0,1,1,0,0,1,0,1,99,0
201600028919,16,9,23,750,1,2,2,1,3,300,4865524,623209,540,4,2,3,0,1,1,0,0,1,0,1,99,0
201600028920,16,9,25,1302,1,2,2,1,1,357,4870602,613995,540,3,2,3,0,1,1,0,0,1,0,1,99,0
201600028921,16,9,25,1730,1,2,1,1,3,547,4865407,615699,540,4,2,2,0,1,1,0,0,1,0,1,99,0
201600028922,16,9,27,2100,5,2,3,1,3,304,4867962,615309,540,4,2,2,0,1,1,0,0,1,0,1,99,0
201600028923,16,9,28,1205,1,2,1,1,6,395,4868711,619553,540,4,1,3,3,2,1,0,0,1,2,1,99,0
201600028924,16,9,28,1330,1,2,2,1,2,304,4867976,614855,540,4,2,2,0,1,1,0,0,1,0,1,99,0
201600028925,16,9,28,1405,1,2,1,1,3,395,4869683,617489,540,4,2,2,0,1,1,0,0,1,0,1,99,0
201600028926,16,9,28,1945,5,2,2,1,6,395,4868276,616888,540,4,1,2,0,1,1,0,0,1,0,4,99,0
201600028927,16,9,13,1845,1,2,1,1,3,184,4870254,624239,540,3,2,2,0,1,1,0,0,1,0,1,99,0
201600028928,16,9,15,1750,1,2,2,1,2,578,4866334,615551,540,4,2,3,0,1,1,0,0,1,0,1,99,0
201600028930,16,9,29,1740,1,2,2,1,3,395,4869886,616782,540,4,1,2,0,2,1,0,0,1,0,1,99,0
201600028931,16,9,29,1800,1,2,2,7,6,395,4868767,618463,540,4,1,2,3,1,1,0,0,1,0,1,99,0
201600028932,16,9,30,1745,1,2,1,1,7,357,4870744,616664,540,4,2,3,0,1,1,0,0,1,0,1,99,0
201600028933,16,10,1,1135,1,2,2,1,3,184,4870058,622463,540,4,2,4,0,1,1,0,0,1,0,1,99,0
201600028934,16,10,2,1340,1,2,2,1,3,395,4870166,617150,540,4,1,2,0,1,1,0,0,1,0,1,99,0
201600028935,16,9,29,1645,1,2,2,1,7,395,4868428,618863,540,4,2,4,0,1,0,0,0,1,0,1,99,0
201600028936,16,10,3,950,1,2,1,1,3,300,4864071,626775,540,4,2,3,0,1,1,0,0,1,0,1,99,0
201600028937,16,10,3,1740,1,2,1,1,3,526,4869562,621378,540,4,2,2,0,1,1,0,0,1,0,4,3,0
201600028938,16,10,4,850,1,2,1,1,2,395,4867944,616171,540,4,2,2,0,1,1,0,0,1,0,1,99,0
201600028939,16,10,3,1356,1,2,2,1,3,395,4867498,617228,540,4,1,1,0,1,1,0,0,1,0,1,99,0
201600028940,16,10,5,1245,1,2,1,1,6,395,4870137,617113,540,4,1,1,0,1,1,0,0,1,0,1,99,0
201600028941,16,10,10,900,1,2,3,1,6,578,4867830,615560,540,4,2,2,0,1,1,0,0,1,0,0,0,0
201600028942,16,10,6,1705,1,2,1,1,6,395,4868928,616143,540,4,2,2,0,2,1,0,0,1,0,1,99,0
201600028943,16,10,11,744,1,2,2,1,7,547,4866140,616901,540,4,2,2,0,1,1,0,0,1,0,1,3,0
201600028944,16,10,11,1155,1,2,1,1,6,395,4867944,616686,540,4,2,3,2,1,1,0,0,1,0,1,3,0
201600028945,16,10,10,1434,1,2,2,1,6,395,4869397,617618,540,4,2,4,0,2,1,0,0,0,0,1,0,0
201600028946,16,10,11,1150,1,2,2,1,2,395,4868058,617871,540,4,1,1,3,1,1,0,0,1,0,1,99,0
201600028947,16,10,15,1050,1,2,2,1,6,395,4869017,618057,540,4,2,2,3,1,1,0,0,2,4,1,99,0
201600028948,16,10,16,1155,1,2,1,1,2,547,4866284,617255,540,4,1,2,0,1,1,0,0,1,0,1,99,0
201600028950,16,10,7,1550,1,2,1,1,2,395,4868169,616240,540,4,2,3,0,1,1,0,0,1,0,1,99,0
201600028951,16,10,18,1305,1,2,3,1,3,395,4869062,617361,540,4,1,2,2,1,1,0,0,1,2,1,99,0
201600028952,16,10,19,1735,1,2,1,1,3,395,4869722,616719,540,4,2,3,3,1,1,0,0,1,0,1,99,0
201600028953,16,10,20,950,1,2,1,1,6,304,4869762,612292,540,4,1,1,0,1,1,0,0,1,0,1,99,0
201600028954,16,10,22,445,4,2,2,1,3,257,4864808,620878,540,4,2,2,0,2,1,0,0,1,0,1,99,0
201600028955,16,10,23,645,5,2,1,1,6,395,4867135,619297,540,4,1,1,0,1,1,0,0,1,0,1,99,0
201600028956,16,10,25,1758,1,2,1,1,6,395,4869261,616836,540,4,1,1,3,1,1,0,0,1,0,1,99,0
201600028957,16,10,27,1410,1,2,1,1,3,357,4870409,613843,540,4,2,2,0,1,1,0,0,1,0,1,99,0
201600028958,16,10,22,1400,1,2,1,1,6,395,4867926,616728,540,4,2,2,0,1,0,0,0,1,0,1,3,0
201600028959,16,10,24,1920,5,2,3,3,3,482,4870057,620801,540,4,1,2,0,1,1,0,0,2,0,1,99,0
201600028960,16,10,24,1400,1,2,1,1,6,395,4868933,618514,540,4,1,1,1,1,0,0,0,1,0,1,99,0
201600028961,16,10,30,1310,1,2,1,1,4,395,4869768,618860,540,4,2,4,0,1,1,0,0,1,0,1,99,0
201600028963,16,10,30,2000,5,2,2,1,1,395,4869630,616719,540,4,2,2,3,1,1,0,0,1,0,1,99,0
201600028964,16,10,31,1420,1,2,1,1,2,339,4870746,618477,540,4,1,1,1,1,1,0,0,1,0,1,99,0
201600028965,16,11,3,710,1,2,1,1,3,395,4868351,619680,540,4,2,4,0,1,1,0,0,1,0,1,99,0
201600028966,16,11,3,2100,5,2,1,1,3,395,4867849,618563,540,4,2,2,0,1,1,0,0,1,0,1,99,0
201600028967,16,9,16,850,1,1,1,1,4,526,4868768,623401,540,4,2,2,0,1,1,0,0,1,0,1,99,0
201600028968,16,10,27,1700,1,2,1,1,6,395,4869321,617853,540,4,1,1,0,1,0,0,0,1,0,1,99,0
201600028969,16,11,4,1325,1,2,1,1,6,547,4866642,617643,540,4,2,2,0,1,1,0,0,1,0,1,99,0
201600028970,16,11,4,1815,5,2,1,1,3,578,4866931,615066,540,4,2,2,0,2,1,0,0,1,0,1,99,0
201600028971,16,11,6,830,1,2,2,2,1,578,4866823,614749,540,4,2,3,0,1,1,0,0,2,0,1,99,0
201600028972,16,11,8,2300,4,2,1,1,6,395,4869830,617822,540,4,1,1,0,1,1,0,0,1,0,4,99,0
201600028973,16,11,10,1420,1,1,4,1,5,395,4867566,619932,540,4,1,2,0,1,1,0,0,2,3,1,0,0
201600028983,16,11,17,1330,1,2,1,2,4,526,4868679,621079,540,4,2,1,0,1,1,0,0,2,0,1,0,0
201600028984,16,11,9,1435,1,2,2,1,6,395,4868863,619545,540,4,2,4,0,1,1,0,0,2,0,1,0,0
201600028985,16,11,8,1410,1,2,3,1,3,395,4868735,618364,540,4,1,1,0,1,1,0,0,1,0,1,99,0