Num_Acc,an,mois,jour,hrmn,lum,agg,int,atm,col,com,lat,long,dep,catr,circ,nbv,vosp,prof,plan,lartpc,larrout,surf,infra,situ,env1,killed
201600028986,16,11,22,1815,5,2,1,3,6,578,4865636,613174,540,4,2,2,0,1,1,0,0,2,0,1,0,0
201600028987,16,11,10,730,1,2,2,1,3,304,4868149,616119,540,4,2,2,0,2,1,0,0,2,0,1,99,0
201600028988,16,11,17,1400,1,2,1,1,3,547,4866049,615972,540,4,1,2,3,2,1,0,0,1,0,1,99,0
201600028989,16,11,14,1738,5,2,1,1,6,395,4869151,617822,540,4,1,2,0,1,0,0,0,1,0,1,3,0
201600028990,16,11,18,1240,1,2,4,1,6,395,4869099,617510,540,4,1,3,0,1,1,0,0,1,0,1,99,0
201600028991,16,11,18,1315,1,2,1,1,2,304,4867940,614232,540,4,2,5,0,1,1,0,0,1,0,1,99,0
201600028992,16,11,19,1237,1,2,1,2,4,547,4866481,618982,540,4,3,6,0,1,1,0,0,2,0,1,99,0
201600028993,16,11,21,1745,5,2,1,2,6,304,4867971,614816,540,4,2,2,0,1,1,0,0,2,0,1,99,0
201600028994,16,11,22,905,1,2,1,1,2,184,4870346,622950,540,4,2,2,0,1,1,0,0,1,0,1,99,0
201600028995,16,11,23,1600,1,1,1,1,2,265,4865184,617011,540,3,2,2,0,1,1,0,0,1,0,1,0,0
201600028996,16,11,22,930,1,2,1,1,6,395,4869224,618714,540,4,1,1,3,1,1,0,0,2,0,1,99,0
201600028997,16,11,23,1725,5,2,1,1,4,547,4866328,618870,540,4,3,4,0,1,1,0,0,1,0,1,99,0
201600028998,16,11,25,1345,1,2,1,1,6,547,4866151,618012,540,4,2,2,0,1,1,0,0,1,0,1,99,0
201600028999,16,11,25,1522,1,2,1,1,6,395,4868575,619075,540,4,2,2,0,2,1,0,0,1,0,1,99,0
201600029000,16,11,26,2345,5,1,3,1,1,25,4867019,623171,540,4,2,2,0,1,1,0,0,1,0,1,99,0
201600029001,16,11,28,2000,5,2,3,1,6,395,4867885,619741,540,4,2,2,0,2,0,0,0,1,0,1,99,0
201600029002,16,11,28,850,1,2,1,1,4,526,4869300,621081,540,4,2,3,0,1,1,0,0,1,0,1,99,0
201600029004,16,11,17,1518,1,2,1,1,6,547,4866897,616904,540,4,0,2,0,0,0,0,0,0,0,0,0,0
201600029005,16,11,23,1130,1,2,2,1,3,495,4869278,625095,540,4,2,2,0,1,1,0,0,1,0,1,99,0
201600029006,16,11,26,1005,1,2,1,1,6,395,4868936,616098,540,4,2,2,0,2,1,0,0,1,0,1,99,0
201600029007,16,11,29,1730,5,2,1,1,4,257,4865159,618426,540,4,1,1,0,2,1,0,0,1,0,1,99,0
201600029008,16,11,29,2025,5,2,1,1,3,395,4869813,618824,540,4,2,4,0,1,1,0,0,1,0,1,99,0
201600029009,16,11,29,2110,5,2,3,1,1,274,4867213,620447,540,4,2,3,0,1,1,0,0,1,0,1,99,0
201600029010,16,11,29,915,1,2,1,1,6,184,4870782,624430,540,4,2,2,0,1,1,0,0,1,0,1,99,0
201600029012,16,10,20,1405,1,2,1,1,3,300,4865983,623133,540,4,2,2,0,1,1,0,0,1,0,1,0,0
201600029013,16,12,5,1950,5,2,1,1,3,395,4868651,619988,540,4,1,2,0,1,1,0,0,1,0,1,0,0
201600029014,16,11,26,422,5,2,2,1,3,395,4869634,616719,540,4,2,3,0,2,0,0,0,1,0,1,99,0
201600029015,16,11,30,1800,5,2,1,1,3,357,4870620,616767,540,4,2,2,0,1,0,0,0,1,0,1,99,0
201600029016,16,12,7,1215,1,2,3,1,6,395,4869063,617359,540,4,1,1,0,1,1,0,0,1,0,1,99,0
201600029017,16,12,8,1237,1,1,1,1,2,25,4866178,625123,540,4,2,2,0,1,1,0,0,1,0,1,3,0
201600029018,16,12,8,1700,5,2,3,1,6,304,4869607,612689,540,4,2,2,0,1,1,0,0,1,0,1,99,0
201600029019,16,12,8,1759,5,1,1,1,2,547,4867050,619281,540,4,3,4,0,1,1,0,0,1,0,1,99,0
201600029020,16,12,10,1505,1,2,2,1,2,357,4870588,613984,540,3,2,3,0,1,1,0,0,1,0,1,99,0
201600029021,16,12,10,2005,5,1,1,1,2,304,4868579,613200,540,4,2,3,0,2,1,0,0,1,0,1,99,0
201600029022,16,12,9,755,1,2,3,1,3,395,4868476,617369,540,4,2,2,0,1,1,0,0,1,0,1,99,0
201600029027,16,12,20,1905,5,2,2,1,3,395,4869705,615833,540,4,2,2,0,2,1,0,0,1,0,0,0,0
201600029030,16,12,21,725,5,2,1,1,6,300,4865189,623449,540,4,2,2,0,0,0,0,0,0,0,0,0,0
201600029031,16,11,4,1515,1,2,1,1,1,395,4869062,620450,540,4,2,1,0,3,1,0,0,1,0,1,0,0
201600029032,16,1,23,1825,2,2,1,2,6,431,4691678,606063,540,4,2,2,3,1,1,0,80,2,0,1,0,0
201600029033,16,2,9,1820,5,2,1,1,6,431,4891626,606271,540,3,2,1,0,1,1,0,30,2,0,1,99,0
201600029034,16,2,29,1021,1,1,1,1,1,79,4887464,606145,540,3,2,2,0,1,0,35,93,1,0,1,99,0
201600029035,16,3,9,1643,1,2,4,1,6,431,4890147,605126,540,4,2,2,0,1,2,0,97,1,5,1,0,0
201600029036,16,3,12,1820,1,1,1,1,5,375,4889578,598369,540,3,0,0,0,2,4,0,74,1,0,0,99,1
201600029037,16,3,19,1545,1,2,1,1,2,431,4890695,604031,540,3,4,3,0,1,1,20,92,1,5,1,0,0
201600029038,16,4,29,1645,1,2,1,1,6,431,4890350,605630,540,3,2,1,0,2,1,0,85,1,0,1,0,0
201600029039,16,9,27,1450,1,1,1,1,6,431,4891905,607863,540,3,0,2,0,2,1,0,73,1,0,0,99,0
201600029040,16,10,8,1330,1,2,1,1,6,431,4891742,603776,540,3,1,1,0,1,0,0,50,1,5,1,0,0
201600029041,16,10,14,1605,1,2,1,1,3,431,4891877,606349,540,3,1,1,0,1,1,0,37,1,0,1,99,0
201600029042,16,10,26,1826,5,2,1,1,2,431,4890788,604620,540,4,2,2,0,1,1,0,64,1,0,1,99,0
201600029043,16,11,10,500,5,2,1,2,6,79,4888097,605343,540,3,2,2,0,1,1,0,0,2,0,4,99,0
201600029044,16,11,16,1515,1,2,1,2,4,431,4890347,604222,540,4,2,3,0,1,1,0,105,2,0,1,3,0
201600029045,16,1,14,2050,5,2,1,2,6,528,4840279,306200,540,4,0,2,0,1,1,0,90,2,0,1,99,0
201600029047,16,2,18,1645,1,2,3,1,3,528,4866200,588240,540,4,2,2,0,1,1,0,95,1,0,1,99,0
201600029048,16,4,22,2150,3,1,1,1,1,167,4868200,594230,540,3,2,3,0,1,1,0,90,1,0,1,99,0
201600029049,16,6,23,1445,1,1,1,1,3,528,4869520,592601,540,3,2,2,0,1,1,0,74,1,0,1,99,1
201600029050,16,7,7,1325,1,2,1,1,3,528,4868722,589833,540,4,2,2,0,1,3,0,57,1,0,1,99,0
201600029051,16,7,29,940,1,2,1,1,3,167,4867327,592608,540,3,2,2,0,1,1,0,80,1,0,1,99,0
201600029052,16,8,8,1150,1,2,2,1,3,528,4869638,592888,540,3,2,2,0,1,1,0,95,1,0,1,99,1
201600029054,16,9,28,1750,1,2,1,1,1,528,4868870,588847,540,4,2,2,0,2,2,0,49,1,0,1,3,0
201600029055,16,10,30,2240,3,1,1,1,6,528,4864582,586703,540,3,2,2,0,1,3,0,75,1,0,3,99,1
201600029057,16,11,28,1614,1,2,1,1,7,580,4946232,592914,540,4,2,2,0,1,1,0,0,1,0,1,99,0
201600029058,16,2,9,1630,1,1,1,8,7,96,4943794,586403,540,9,0,1,0,1,1,0,30,6,0,1,99,0
201600029059,16,11,28,1816,2,2,1,1,7,270,4949200,586654,540,4,2,2,0,1,3,0,0,1,0,1,99,0
201600029060,16,5,15,1340,1,2,3,1,7,580,4947064,593048,540,4,1,1,0,2,1,0,0,1,0,1,99,0
201600029061,16,5,23,1615,1,2,6,8,7,580,4945804,592598,540,4,2,2,0,2,1,0,60,1,0,1,99,0
201600029062,16,5,25,1522,1,1,1,1,2,149,4943959,592368,540,3,2,2,0,1,1,0,73,1,0,1,99,0
201600029063,16,6,18,122,3,1,1,8,7,525,4946790,584180,540,2,3,2,0,1,1,0,72,1,0,3,99,0
201600029064,16,8,6,1736,1,1,1,1,3,575,4947239,579185,540,3,2,2,0,3,3,0,66,1,0,1,99,0
201600029065,16,8,24,700,1,1,3,1,7,575,4947386,584800,540,3,2,2,0,1,1,0,70,1,0,1,99,0
201600029066,16,8,27,1245,1,2,1,1,2,181,4941678,590389,540,4,2,2,0,1,1,0,69,1,0,1,99,0
201600029067,16,9,1,1247,1,1,1,1,1,575,4947324,583470,540,2,3,2,0,0,0,0,0,0,0,1,0,1
201600029068,16,10,23,656,3,1,1,5,6,575,4945742,585075,540,3,2,2,0,1,1,0,57,2,0,1,99,0
201600029069,16,10,31,1654,1,1,1,1,1,575,4947377,585276,540,3,2,2,0,1,1,0,0,1,0,1,99,0
201600029070,16,11,17,1840,2,2,3,1,6,302,4874167,520775,550,3,2,2,0,1,1,0,60,1,0,0,0,0
201600029072,16,2,1,755,2,2,1,8,6,29,4877473,515676,550,3,2,2,0,1,1,0,60,2,0,1,99,0
201600029073,16,1,12,1500,1,1,3,2,3,476,4876137,518300,550,3,2,3,0,1,1,0,100,2,5,1,0,0
201600029074,16,6,10,1430,1,1,1,1,3,29,4875886,513887,550,3,2,2,0,1,1,0,73,1,0,1,99,0
201600029075,16,6,22,1425,1,2,3,1,3,29,4877001,516952,550,3,2,2,0,1,1,0,70,1,0,1,99,0
201600029076,16,7,8,1900,1,1,1,1,1,29,4875842,513779,550,3,2,2,0,1,1,0,70,1,0,1,99,0
201600029079,16,12,17,1800,2,1,1,1,1,302,4875498,519360,550,2,2,2,0,1,1,0,0,1,0,1,99,0
201600029080,16,1,11,1600,1,2,1,1,6,545,4915896,539122,550,4,2,2,0,1,3,0,60,2,0,1,3,0
201600029081,16,1,23,1535,1,2,1,1,6,545,4916500,538237,550,4,2,2,0,1,1,0,70,2,0,1,99,0
201600029082,16,2,11,1825,5,2,1,2,6,43,4917530,538010,550,3,2,2,0,1,1,0,65,2,0,1,99,0
201600029083,16,2,25,820,1,2,1,7,6,505,4916770,535532,550,3,2,2,0,1,1,0,70,1,0,1,0,0
201600029084,16,2,27,1935,5,2,3,1,3,545,4916502,538097,550,3,2,2,0,1,1,0,110,1,0,1,99,0
201600029085,16,3,4,1120,1,2,1,3,6,545,4915973,538604,550,4,1,1,0,1,1,0,34,2,0,1,99,0
201600029086,16,3,20,520,3,1,1,1,6,545,4915025,534889,550,3,2,4,0,1,1,0,150,1,0,1,99,1
201600029087,16,4,12,1745,1,2,1,1,3,505,4916869,536218,550,4,2,2,0,1,1,0,50,1,0,1,99,0
201600029088,16,4,20,1505,1,2,5,1,3,545,4916576,540661,550,3,2,2,0,1,1,0,55,1,0,0,99,0
201600029089,16,4,27,1335,1,2,3,1,3,545,4916178,538232,550,4,1,1,0,2,1,0,70,1,0,0,99,0
201600029092,16,6,26,620,1,2,6,1,6,545,4915740,539458,550,3,1,1,0,1,2,0,65,1,0,4,99,0
201600029093,16,7,15,1805,1,2,1,1,6,545,4915943,538634,550,4,2,2,0,1,1,0,81,1,6,1,99,0
201600029094,16,7,17,1930,1,2,1,1,3,545,4916002,538754,550,4,2,3,0,1,1,0,81,1,0,1,99,0
201600029095,16,7,22,840,1,1,6,1,3,545,4914428,539051,550,3,2,2,0,1,1,0,70,1,0,1,99,0
201600029096,16,9,1,1125,1,2,3,1,6,545,4915850,538680,550,4,1,1,0,1,1,0,45,1,0,1,99,0
201600029097,16,10,12,1050,1,1,1,1,6,545,4917949,542777,550,3,2,2,0,1,1,0,58,1,0,3,99,0
201600029098,16,10,19,1910,5,2,1,1,6,545,4915858,538682,550,4,2,2,0,1,1,0,75,1,0,1,99,0
201600029099,16,11,28,1735,5,2,1,1,6,545,4916770,539188,550,3,2,2,0,1,1,0,70,1,0,1,99,0
201600029100,16,12,8,1728,5,2,1,1,6,43,4917600,537976,550,3,2,2,0,1,1,0,60,1,0,1,99,0
201600029101,16,1,1,500,5,2,1,1,6,121,4774809,335805,560,9,0,0,0,0,0,0,0,0,0,1,0,0
201600029102,16,1,1,1758,1,2,1,1,6,98,4776206,333184,560,9,0,0,0,0,0,0,0,0,0,1,0,0
201600029103,16,1,2,1535,1,2,3,1,3,121,4775215,337036,560,9,0,0,0,0,0,0,0,0,0,1,0,0
201600029104,16,1,3,1705,1,1,1,3,5,121,4775662,338649,560,4,1,1,0,1,3,0,0,2,0,1,0,0
201600029105,16,1,4,1851,5,2,3,2,6,121,4774882,336558,560,9,0,0,0,0,0,0,0,2,0,1,0,0
201600029106,16,1,4,1200,1,1,1,1,6,83,4781044,324213,560,3,0,0,0,0,0,0,0,2,0,1,0,0
201600029107,16,1,6,1525,1,2,1,1,6,98,4777220,334813,560,3,2,2,0,0,0,0,0,1,0,0,0,0
201600029108,16,1,7,1744,1,2,3,1,6,83,4780744,327477,560,9,0,0,0,0,0,0,0,1,0,0,0,0
201600029109,16,1,11,615,5,2,1,2,7,121,4775456,336289,560,9,3,0,0,1,1,0,0,2,0,1,0,0
201600029110,16,1,11,931,1,2,1,1,3,162,4773388,342427,560,9,0,0,0,0,0,0,0,0,0,1,0,0
201600029111,16,1,11,1750,3,1,1,3,4,98,4777766,334513,560,4,0,0,0,0,0,0,0,2,0,1,0,0
201600029112,16,1,13,700,5,2,3,1,3,83,4780586,326006,560,3,2,0,0,2,1,0,0,1,0,1,0,0
201600029113,16,1,14,1535,1,2,9,3,6,83,4780708,326945,560,9,0,0,0,1,0,0,0,2,0,1,0,0
201600029114,16,1,15,1719,1,2,1,1,4,121,4775736,338881,560,4,2,2,0,1,1,0,0,1,0,1,0,0
201600029115,16,1,15,2030,5,2,1,5,3,98,4776970,334883,560,9,2,2,0,2,1,0,0,2,0,1,0,0
201600029116,16,1,17,1915,5,2,1,2,7,121,4774395,339166,560,9,2,2,0,2,3,0,0,2,0,1,0,0
201600029117,16,1,24,1725,1,2,1,1,2,83,4781066,325236,560,3,2,0,0,2,1,0,0,1,0,1,0,0
201600029118,16,1,25,823,5,2,2,1,3,121,4774315,338891,560,4,2,2,0,1,1,0,0,1,0,1,0,0
201600029119,16,1,25,835,1,2,3,1,3,121,4775011,335790,560,4,0,0,0,0,0,0,0,1,0,1,0,0
201600029120,16,1,27,1225,1,2,1,3,6,121,4774744,339268,560,4,2,1,0,2,1,0,0,2,0,1,0,0
201600029121,16,1,28,1830,1,2,2,1,3,83,4780481,327624,560,9,0,0,0,0,0,0,0,0,0,1,0,0
201600029122,16,1,29,1056,1,2,2,1,3,121,4774743,339272,560,9,0,0,0,2,1,0,0,2,0,1,0,0
201600029123,16,1,29,1924,5,2,1,1,6,98,4776660,333572,560,9,0,0,0,0,0,0,0,0,0,1,0,0
201600029124,16,1,31,1539,1,2,1,1,7,83,4779398,330863,560,9,0,0,0,0,0,0,0,0,0,1,0,0
201600029125,16,1,31,2056,1,1,1,1,3,162,4773956,341300,560,9,0,0,0,0,0,0,0,2,0,1,0,0
201600029126,16,2,1,2040,5,2,3,2,3,121,4775719,336869,560,4,2,1,0,2,1,0,0,2,0,1,0,0
201600029127,16,2,2,1250,1,2,1,1,6,121,4774024,336877,560,9,2,1,0,2,0,0,0,1,0,1,0,0
201600029128,16,2,2,1820,1,2,1,1,4,98,4776660,333573,560,9,3,2,0,1,1,0,0,1,0,1,0,0
201600029129,16,2,5,2004,5,2,1,1,2,121,4774920,335928,560,9,0,0,0,0,0,0,0,0,0,1,0,0
201600029130,16,2,5,2115,5,2,1,1,3,121,4775914,336877,560,3,0,0,0,0,0,0,0,0,0,1,0,0
201600029131,16,2,7,1335,1,2,1,1,6,162,4773965,343924,560,9,2,2,0,2,1,0,0,2,0,1,0,0
201600029132,16,2,8,1751,1,2,1,1,2,121,4774512,337461,560,9,0,0,0,0,0,0,0,0,0,1,0,0
201600029133,16,2,11,1815,2,2,3,2,6,121,4774439,335931,560,9,2,0,0,1,0,0,0,2,0,1,0,0
201600029134,16,2,12,1451,1,2,1,1,4,98,4777914,333609,560,9,2,1,0,1,1,0,0,2,0,1,0,0
201600029135,16,2,15,1235,1,2,1,1,6,98,4776551,334593,560,9,0,0,0,0,0,0,0,0,0,1,0,0
201600029136,16,2,15,1700,1,1,1,1,7,107,4773034,338614,560,3,3,2,0,2,2,0,0,1,0,1,0,0
201600029137,16,2,17,1125,1,2,1,1,6,98,4776416,333332,560,9,2,2,0,2,2,0,0,1,0,1,0,0
201600029138,16,2,21,1815,1,2,1,1,2,98,4777765,334515,560,9,0,0,0,0,0,0,0,0,0,1,0,0
201600029139,16,2,22,30,3,1,1,1,1,107,4772683,338377,560,3,0,0,0,0,0,0,0,0,0,1,0,0
201600029140,16,2,22,1205,1,2,1,2,6,107,4771086,338518,560,9,0,2,0,2,1,0,0,2,0,1,0,0
201600029141,16,2,24,1848,5,2,1,1,6,121,4773320,338543,560,9,2,2,0,1,0,0,0,2,0,1,0,0
201600029142,16,2,27,1014,1,2,1,1,2,121,4774345,336005,560,9,0,0,0,0,0,0,0,0,0,1,0,0
201600029143,16,2,28,2049,5,2,1,1,7,162,4772757,341400,560,9,2,2,0,1,0,0,0,1,0,1,0,0
201600029144,16,2,29,1720,1,1,1,1,7,162,4773965,345214,560,9,2,2,0,1,1,0,0,1,0,1,0,0
201600029145,16,3,1,940,1,1,6,1,3,121,4777146,340413,560,9,2,2,0,1,1,0,0,1,0,1,0,0
201600029146,16,3,3,1803,1,2,1,2,6,121,4775366,336585,560,9,2,2,0,1,1,0,0,2,0,1,0,0
201600029147,16,3,3,1826,1,2,6,2,2,121,4774131,337299,560,9,0,0,0,0,0,0,0,2,0,1,0,0
201600029148,16,3,6,1255,1,2,1,1,3,121,4775447,337565,560,9,1,1,0,1,0,0,0,1,0,1,0,0
201600029149,16,3,10,900,1,1,1,1,3,121,4775192,336521,560,9,0,0,0,0,0,0,0,0,0,1,0,0
201600029150,16,3,11,1324,1,1,1,1,1,83,4782384,324286,560,4,2,2,0,2,3,0,0,1,0,1,0,0
201600029151,16,3,12,1121,1,2,1,1,3,98,4776441,333786,560,9,0,0,0,0,0,0,0,0,0,1,0,0
201600029152,16,3,13,1220,1,1,1,1,2,121,4773785,336295,560,9,0,0,0,0,0,0,0,0,0,1,0,0
201600029153,16,3,18,1855,1,2,1,1,3,121,4774717,337657,560,9,2,0,0,2,0,0,0,1,0,1,0,0
201600029154,16,3,21,854,1,2,6,1,3,83,4779996,326014,560,9,0,0,0,0,0,0,0,1,0,1,0,0
201600029155,16,3,21,1011,1,2,6,1,3,121,4773766,339110,560,9,0,0,0,0,0,0,0,1,0,1,0,0
201600029156,16,3,21,1451,1,2,1,1,7,121,4774782,337530,560,9,2,0,0,2,1,0,0,1,0,1,0,0
201600029157,16,3,25,1433,1,1,1,1,2,83,4782030,329472,560,9,0,0,0,0,0,0,0,0,0,1,0,0
201600029158,16,3,27,1650,1,2,1,6,6,98,4778420,333961,560,9,1,2,0,1,2,0,0,1,0,1,0,0
201600029159,16,3,31,735,1,2,1,1,4,83,4780189,327887,560,9,2,0,0,2,1,0,0,1,0,1,0,0
201600029160,16,3,31,1330,1,2,1,1,7,98,4778190,334351,560,2,1,1,0,2,2,0,0,1,0,1,0,0
201600029161,16,3,31,1756,1,2,1,1,7,121,4774085,336827,560,4,2,0,0,1,1,0,0,1,0,1,0,0
201600029162,16,4,2,155,5,2,1,1,6,162,4771711,343627,560,9,2,2,0,1,1,0,0,1,0,1,0,0
201600029163,16,4,5,1820,1,2,1,1,3,98,4777555,335424,560,9,2,2,0,2,1,0,0,1,0,1,0,0
201600029164,16,4,5,1850,1,2,1,1,3,121,4774675,338145,560,9,0,0,0,0,0,0,0,0,0,1,0,0
201600029165,16,4,5,1850,1,2,1,1,3,98,4777711,334175,560,9,2,2,0,1,2,0,0,1,0,1,0,0
201600029166,16,4,5,1550,1,2,1,1,7,121,4775497,337139,560,9,0,0,0,0,0,0,0,0,0,1,0,0
201600029167,16,4,6,546,5,2,2,1,3,98,4777007,335011,560,4,0,0,0,0,0,0,0,1,0,1,0,0
201600029168,16,4,6,1619,1,2,1,1,6,121,4776517,339633,560,9,0,0,0,1,1,0,0,1,0,0,0,0
201600029169,16,4,7,735,2,2,1,1,3,121,4775735,336970,560,9,2,0,0,2,1,0,0,1,0,1,0,0
201600029170,16,4,8,1940,1,2,1,1,2,121,4775786,337442,560,4,2,2,0,1,1,0,0,1,0,1,0,0
201600029171,16,4,10,450,5,2,1,1,6,121,4775945,336952,560,4,2,2,0,1,1,0,0,1,0,1,0,0
201600029172,16,4,10,1140,1,2,1,1,6,83,4779954,329054,560,3,2,2,0,1,1,0,0,1,0,1,0,0
201600029173,16,4,8,2140,4,1,1,1,6,98,4776781,331444,560,3,2,2,0,1,2,0,0,1,0,0,0,0
201600029174,16,4,13,1700,1,2,1,1,2,98,4775028,333735,560,4,2,2,0,1,1,0,0,1,0,1,0,0
201600029175,16,4,14,1340,1,2,1,1,6,121,4773256,338033,560,4,2,2,0,1,1,0,0,1,0,0,0,0
201600029176,16,4,14,1430,1,2,1,1,2,98,4776404,336054,560,4,2,2,0,1,1,0,0,1,0,0,0,0
201600029177,16,4,15,1650,1,2,1,1,3,98,4778086,334165,560,4,2,2,0,1,1,0,0,1,0,1,0,0
201600029178,16,4,17,2030,2,2,1,1,7,121,4776387,339298,560,4,2,2,0,1,1,0,0,1,0,1,0,0
201600029179,16,4,11,1610,1,2,1,1,7,83,4780807,326618,560,9,0,0,0,0,0,0,0,0,0,1,0,0
201600029180,16,4,20,1210,1,2,1,1,3,121,4776035,339326,560,9,0,0,0,0,0,0,0,0,0,1,0,0
201600029181,16,4,20,1543,1,1,1,1,7,98,4777902,331748,560,9,2,1,0,2,2,0,0,1,0,1,0,0
201600029183,16,4,23,1113,1,2,1,1,3,107,4770996,337593,560,9,1,1,0,1,1,0,0,1,0,1,0,0
201600029184,16,4,24,1642,1,2,1,1,6,98,4776176,334543,560,9,0,0,0,0,0,0,0,1,0,1,0,0
201600029185,16,4,25,1440,1,2,2,1,3,121,4775740,336118,560,9,2,0,0,1,1,0,0,1,0,1,0,0
201600029186,16,4,26,1605,1,2,1,1,2,107,4770692,338368,560,9,0,0,0,0,0,0,0,0,0,1,0,0
201600029187,16,4,29,1805,1,2,1,2,2,121,4774482,338581,560,3,1,0,0,1,1,0,0,2,0,1,0,0
201600029188,16,4,29,1805,1,2,1,2,3,121,4775974,336641,560,3,0,0,0,0,0,0,0,2,0,1,0,0
201600029189,16,4,30,2005,1,2,1,1,1,121,4776900,340589,560,3,0,0,0,0,0,0,0,0,0,1,0,0
201600029190,16,4,30,2030,2,2,1,1,2,98,4777712,334207,560,9,2,2,0,1,1,0,0,1,0,1,0,0
201600029191,16,5,3,745,1,2,1,1,6,121,4773441,336717,560,9,2,2,0,1,1,0,0,1,0,1,0,0
201600029192,16,5,3,1620,1,2,1,1,2,83,4782031,325231,560,9,2,3,0,2,1,0,0,1,0,1,0,0
201600029193,16,5,6,1100,1,1,1,1,6,121,4776193,338909,560,4,2,2,0,1,1,0,0,1,0,1,0,0
201600029194,16,5,6,1652,1,2,2,1,3,98,4775727,333127,560,9,2,2,0,2,1,0,0,1,0,1,0,0
201600029195,16,5,7,1816,1,2,1,1,7,83,4780432,326996,560,9,0,0,0,0,0,0,0,0,0,1,0,0
201600029196,16,5,10,1650,1,2,1,1,2,121,4775845,336533,560,9,2,0,0,2,1,0,0,1,0,1,0,0
201600029197,16,5,13,1745,1,2,1,1,6,121,4774375,335816,560,9,2,0,0,1,1,0,0,1,0,1,0,0
201600029198,16,5,17,430,5,1,1,1,7,121,4773535,338535,560,9,0,0,0,0,0,0,0,0,0,1,0,0
201600029199,16,5,17,900,1,2,3,1,3,98,4776202,333943,560,9,2,2,0,1,1,0,0,1,0,1,0,0
201600029200,16,5,17,1000,1,1,1,1,3,83,4780953,325585,560,9,0,0,0,0,0,0,0,0,0,1,0,0
201600029201,16,5,20,855,1,2,1,2,2,98,4775697,334404,560,9,1,1,0,2,1,0,0,2,0,1,0,0
201600029202,16,5,20,1355,1,2,1,1,7,98,4776276,334885,560,9,1,0,0,1,0,0,0,1,0,1,0,0
201600029203,16,5,26,1700,1,2,1,1,2,121,4775734,338763,560,9,1,1,0,2,1,0,0,1,0,1,0,0
201600029204,16,5,27,1310,1,2,1,1,2,121,4774671,337785,560,9,2,0,0,2,2,0,0,1,0,1,0,0
201600029205,16,5,30,1845,1,2,2,1,3,83,4781103,326238,560,4,2,0,0,0,1,0,0,1,0,1,0,0
201600029207,16,5,31,1229,1,2,3,1,2,83,4780580,326014,560,9,2,0,0,1,1,0,0,1,0,1,0,0
201600029208,16,6,3,1843,1,2,1,1,2,121,4775175,337664,560,9,2,2,0,1,1,0,0,1,0,1,0,0
201600029209,16,6,4,1350,1,2,2,1,3,121,4774799,336070,560,9,0,0,0,0,0,0,0,1,0,1,0,0
201600029210,16,6,6,1517,1,1,1,1,3,121,4774294,338364,560,9,2,0,0,1,1,0,0,1,0,1,0,0
201600029211,16,6,6,1742,1,1,1,1,2,98,4777444,334239,560,9,2,0,0,1,1,0,0,1,0,1,0,0
201600029212,16,6,6,1910,1,2,1,1,7,121,4774626,336459,560,9,2,0,0,1,1,0,0,1,0,1,0,0
201600029213,16,6,7,1240,1,2,1,1,6,121,4776249,339116,560,9,0,0,0,0,0,0,0,1,0,1,0,0
201600029214,16,6,9,1146,1,2,1,1,6,121,4775235,336548,560,9,2,0,0,1,1,0,0,1,0,1,0,0
201600029215,16,6,9,1235,1,2,2,1,3,98,4776936,334772,560,9,2,2,0,2,1,0,0,1,0,1,0,0
201600029216,16,6,10,1818,1,1,1,3,4,83,4778748,327736,560,2,1,2,0,0,1,0,0,2,0,1,0,0
201600029217,16,6,10,2340,5,2,2,1,6,83,4779952,329053,560,9,2,0,0,1,1,0,0,2,0,1,0,0
201600029218,16,6,11,1435,1,2,1,1,1,98,4777571,335343,560,9,2,2,0,1,1,0,0,1,0,1,0,0
201600029219,16,6,13,1216,1,2,3,3,3,121,4773790,338185,560,9,1,0,0,0,0,0,0,2,0,1,0,0
201600029220,16,6,14,830,1,2,1,2,2,98,4777490,334658,560,9,2,2,0,1,1,0,0,2,0,1,0,0
201600029221,16,6,14,1445,1,2,1,1,6,83,4781054,325982,560,9,2,2,0,2,2,0,0,1,0,1,0,0
201600029222,16,6,14,1600,1,2,1,1,4,121,4775447,338371,560,9,2,2,0,1,1,0,0,1,0,1,0,0
201600029223,16,6,17,1700,1,2,2,1,3,121,4774685,336603,560,9,2,2,0,1,1,0,0,1,0,1,0,0
201600029224,16,6,18,1530,1,2,2,1,3,121,4773747,337812,560,9,2,2,0,1,1,0,0,1,0,1,0,0
201600029225,16,6,20,1855,1,2,1,1,3,121,4773597,338989,560,9,2,2,0,2,1,0,0,2,0,1,0,0
201600029226,16,6,21,850,1,2,6,2,3,98,4775944,332639,560,4,2,2,0,1,0,0,0,2,0,1,0,0
201600029227,16,6,21,2335,5,2,1,1,6,98,4775830,334595,560,9,2,2,0,1,1,0,0,2,0,1,0,0
201600029228,16,6,22,1607,1,2,1,1,6,121,4775852,336530,560,9,2,2,0,2,1,0,0,1,0,1,0,0
201600029229,16,6,23,1145,1,2,6,3,2,121,4774725,337657,560,9,2,0,0,2,3,0,0,2,0,1,0,0
201600029230,16,6,23,1550,1,2,1,3,6,98,4776605,332938,560,4,3,2,0,1,1,0,0,2,0,1,0,0
201600029231,16,6,24,845,1,2,1,1,3,121,4775718,335877,560,9,0,0,0,0,0,0,0,1,0,1,0,0
201600029232,16,6,24,1933,1,2,1,1,6,98,4775100,334057,560,9,0,0,0,0,0,0,0,0,0,1,0,0
201600029233,16,6,25,1905,1,2,2,1,3,98,4775740,334134,560,9,1,0,0,1,1,0,0,1,0,1,0,0