Num_Acc,an,mois,jour,hrmn,lum,agg,int,atm,col,com,lat,long,dep,catr,circ,nbv,vosp,prof,plan,lartpc,larrout,surf,infra,situ,env1,killed
201600029234,16,6,27,1755,1,1,1,1,4,83,4778849,327682,560,2,3,4,0,1,1,0,0,1,0,1,0,0
201600029235,16,7,2,1845,1,2,1,1,6,121,4774662,336559,560,9,0,0,0,0,0,0,0,0,0,3,0,0
201600029236,16,7,2,2230,5,2,1,1,7,121,4775991,336343,560,9,0,0,0,0,0,0,0,0,0,1,0,0
201600029237,16,7,3,1152,1,1,1,1,1,162,4773399,349323,560,3,2,2,0,1,4,0,0,1,0,1,0,0
201600029238,16,7,7,2306,5,2,1,1,6,121,4774597,336394,560,4,2,2,0,1,1,0,0,1,0,1,0,0
201600029239,16,7,8,1055,1,2,1,1,2,107,4772253,337702,560,4,2,2,0,1,1,0,0,1,0,1,99,0
201600029240,16,7,8,1250,1,2,1,1,6,121,4774682,338881,560,6,0,0,0,1,1,0,0,1,0,1,0,0
201600029241,16,7,9,1120,1,2,1,1,3,107,4773064,338605,560,3,3,4,0,4,3,0,0,1,2,1,99,0
201600029242,16,7,9,1310,1,2,1,1,7,121,4774195,335746,560,4,2,2,0,1,2,0,0,1,0,0,0,0
201600029243,16,7,10,1415,1,2,1,1,6,121,4775409,337112,560,4,2,2,0,1,1,0,0,1,2,1,0,0
201600029244,16,7,13,1625,1,2,1,1,6,98,4776661,335379,560,3,2,2,0,2,1,0,0,1,0,1,3,0
201600029245,16,7,15,1605,1,2,3,7,6,121,4774425,335934,560,4,2,2,0,1,1,0,0,1,0,0,0,0
201600029246,16,7,16,955,1,2,2,1,6,162,4773380,343271,560,4,2,2,0,1,1,0,0,1,0,1,0,0
201600029247,16,7,19,1310,1,1,2,1,5,107,4770999,340381,560,3,2,2,0,1,1,0,0,1,0,1,0,0
201600029248,16,7,20,1740,1,2,6,1,6,162,4773850,343130,560,3,2,2,0,1,1,0,0,1,0,1,0,0
201600029249,16,7,22,1950,1,2,1,1,4,98,4777453,334655,560,3,2,2,0,1,1,0,0,1,0,1,0,0
201600029250,16,7,23,2000,1,2,2,1,3,121,4774012,337522,560,4,1,1,0,1,1,0,0,1,0,1,0,0
201600029251,16,7,25,1410,1,2,1,1,2,162,4773959,341305,560,3,2,2,0,4,1,0,0,1,0,0,0,0
201600029252,16,7,26,1705,1,2,1,1,1,107,4772242,340479,560,4,2,2,0,1,1,0,0,1,0,1,0,1
201600029253,16,7,26,1850,1,2,2,1,7,121,4774521,335854,560,4,2,2,0,1,1,0,0,1,2,1,0,0
201600029254,16,7,26,1901,1,2,1,1,2,121,4774792,336478,560,4,1,2,0,1,1,0,0,1,0,1,0,0
201600029255,16,7,28,1104,1,1,1,1,6,98,4777865,334971,560,2,1,2,0,2,3,0,0,1,3,1,0,0
201600029256,16,7,29,1650,1,2,1,1,3,121,4773712,337891,560,9,2,1,0,1,3,0,0,1,0,1,0,0
201600029257,16,7,30,2010,1,2,1,8,3,83,4780047,326176,560,9,2,2,0,2,1,0,0,1,0,1,0,0
201600029258,16,7,31,700,1,2,1,1,6,121,4773610,337158,560,9,2,0,0,1,1,0,0,1,0,1,0,0
201600029259,16,8,1,800,1,2,2,1,3,98,4776172,334686,560,9,0,0,0,1,0,0,0,1,0,0,0,0
201600029260,16,8,1,1730,1,2,1,1,2,107,4770577,338476,560,9,0,0,0,1,2,0,0,1,0,1,0,0
201600029261,16,8,2,2130,1,2,2,1,3,98,4776780,335432,560,9,2,2,0,1,1,0,0,1,0,1,0,0
201600029262,16,8,3,1323,1,2,1,1,6,121,4774713,335836,560,9,2,0,0,1,1,0,0,1,0,1,0,0
201600029263,16,8,3,1200,1,2,1,1,6,121,4775002,335990,560,9,2,0,0,2,1,0,0,2,0,1,0,0
201600029264,16,8,5,307,5,2,1,1,7,121,4775786,337355,560,9,2,2,0,0,1,0,0,1,0,1,0,0
201600029265,16,8,5,1710,1,2,1,1,6,98,4776058,333756,560,9,2,0,0,1,1,0,0,1,0,1,0,0
201600029266,16,8,5,2300,5,2,1,1,7,121,4776667,337738,560,9,0,0,0,0,0,0,0,0,0,1,0,0
201600029267,16,8,8,1522,1,2,1,1,1,121,4774788,338188,560,9,2,0,0,2,1,0,0,1,0,1,0,0
201600029268,16,8,9,1737,1,1,1,1,2,98,4776614,332721,560,3,2,2,0,1,1,0,0,1,0,1,0,0
201600029269,16,8,10,835,1,2,1,1,6,121,4774511,337478,560,9,2,2,0,1,1,0,0,1,0,1,0,0
201600029270,16,8,10,1625,1,2,1,1,3,121,4774269,336827,560,9,2,2,0,1,1,0,0,1,0,1,0,0
201600029271,16,8,11,1720,1,1,1,1,7,107,4772333,338243,560,9,0,0,0,0,0,0,0,1,0,1,0,0
201600029272,16,8,12,1757,1,2,2,1,3,107,4772072,339516,560,9,2,1,0,2,2,0,0,1,0,1,0,0
201600029273,16,8,13,435,5,2,1,1,6,121,4775512,337153,560,4,3,2,0,1,1,0,0,1,2,4,0,0
201600029274,16,8,13,755,1,1,1,1,7,107,4771475,338499,560,3,0,0,0,0,0,0,0,0,0,1,0,0
201600029275,16,8,13,1610,1,2,3,1,3,121,4774517,337188,560,9,0,0,0,0,0,0,0,1,0,1,0,0
201600029276,16,8,14,1817,1,2,1,1,7,83,4780508,328350,560,9,0,0,0,0,0,0,0,1,0,1,0,0
201600029277,16,8,17,220,5,2,1,1,3,121,4775586,336581,560,9,0,0,0,1,1,0,0,1,0,1,0,0
201600029278,16,8,17,935,1,1,1,1,2,83,4782236,324414,560,3,2,2,0,1,1,0,0,1,0,1,0,0
201600029279,16,8,17,1907,1,2,1,1,3,121,4774034,336927,560,9,2,2,0,1,1,0,0,1,0,1,0,0
201600029280,16,8,20,1110,1,2,1,1,7,121,4774200,335844,560,9,0,0,0,0,0,0,0,8,0,1,0,0
201600029281,16,8,21,1530,1,2,1,1,7,121,4776589,337410,560,9,0,0,0,0,0,0,0,1,0,1,0,0
201600029282,16,8,21,1802,1,2,1,1,3,98,4776644,335659,560,3,1,2,0,1,1,0,0,1,0,1,0,0
201600029283,16,8,22,520,5,2,1,1,6,121,4773547,337464,560,9,2,2,0,1,0,0,0,1,0,4,0,0
201600029284,16,8,22,1325,1,2,1,1,3,121,4774239,336950,560,9,2,0,0,0,1,0,0,1,0,1,0,0
201600029285,16,8,26,1615,1,2,6,1,3,107,4772309,339043,560,4,2,2,0,1,1,0,0,1,0,1,0,0
201600029286,16,8,26,1738,1,2,1,1,7,98,4777766,334396,560,9,1,1,0,1,1,0,0,1,0,1,0,0
201600029287,16,8,28,705,1,1,1,1,6,98,4776193,336351,560,9,2,0,0,0,0,0,0,1,0,1,0,0
201600029288,16,8,28,2220,5,2,1,2,6,121,4775215,337067,560,9,2,3,0,2,1,0,0,2,0,1,0,0
201600029289,16,8,29,1702,1,2,1,1,6,121,4775533,336349,560,9,3,4,0,1,1,0,0,1,0,1,0,0
201600029290,16,8,29,2025,1,2,2,1,3,121,4775255,337728,560,9,2,0,0,1,1,0,0,1,0,1,0,0
201600029291,16,8,29,2025,2,2,6,1,3,121,4775991,336614,560,9,0,0,0,0,0,0,0,0,0,1,0,0
201600029292,16,8,31,1710,1,2,2,1,3,98,4778007,331077,560,9,2,0,0,2,1,0,0,1,0,1,0,0
201600029293,16,8,31,1745,1,2,1,1,3,121,4774775,335905,560,9,0,0,0,0,0,0,0,0,0,1,0,0
201600029294,16,9,2,1230,1,2,1,1,6,121,4773321,338540,560,9,3,4,0,2,1,0,0,1,0,1,0,0
201600029295,16,9,2,1130,1,2,1,1,7,98,4776247,335054,560,9,0,0,0,0,0,0,0,1,0,1,0,0
201600029296,16,9,3,140,5,2,1,1,7,121,4774487,338142,560,9,0,0,0,0,0,0,0,1,0,1,0,0
201600029297,16,9,3,1015,1,2,1,1,6,162,4773576,342871,560,9,0,0,0,0,0,0,0,1,0,1,0,0
201600029298,16,9,3,1803,1,2,1,1,6,98,4776541,334887,560,9,2,0,0,1,1,0,0,1,0,1,0,0
201600029299,16,9,5,800,1,2,1,1,1,162,4773943,341209,560,9,2,2,0,2,2,0,0,2,0,1,0,0
201600029300,16,9,7,35,4,1,1,1,7,162,4770913,344375,560,3,2,2,0,1,1,0,0,1,0,3,0,0
201600029301,16,9,7,1700,1,2,6,1,3,98,4777835,334400,560,4,1,3,0,1,2,0,0,1,0,1,0,0
201600029302,16,9,10,1704,1,1,6,2,1,98,4778457,333956,560,4,2,2,0,1,1,0,0,2,2,1,99,0
201600029303,16,9,11,1238,1,2,3,1,3,98,4776641,333466,560,3,2,2,0,1,1,0,0,1,0,1,0,0
201600029304,16,9,12,1115,1,2,1,1,3,98,4776095,334704,560,4,2,2,0,2,3,0,0,1,0,0,0,0
201600029305,16,9,15,1651,1,2,6,1,3,107,4770595,338884,560,4,2,2,0,1,1,0,0,1,0,1,0,0
201600029306,16,9,16,7,5,2,1,1,2,121,4775705,337167,560,3,3,3,2,1,1,0,0,1,0,5,0,0
201600029307,16,9,16,1430,1,2,1,1,3,121,4775067,337596,560,4,2,2,0,1,1,0,0,1,0,4,0,0
201600029308,16,9,17,1600,1,2,1,1,2,98,4776202,334108,560,4,2,2,0,1,1,0,0,1,0,1,0,0
201600029309,16,9,22,1815,1,1,1,1,4,98,4778152,334183,560,2,2,4,0,1,1,0,0,1,0,1,0,0
201600029310,16,9,28,906,1,2,3,1,3,121,4775341,336584,560,4,2,2,0,1,1,0,0,1,0,1,0,0
201600029311,16,9,11,1559,1,2,1,1,7,121,4774677,335805,560,9,0,0,0,0,0,0,0,0,0,1,0,0
201600029312,16,9,13,1628,1,2,1,1,7,121,4774861,337423,560,9,0,0,0,0,0,0,0,0,0,1,0,0
201600029313,16,9,23,1700,1,2,1,1,7,162,4773658,343249,560,9,2,0,0,0,0,0,0,0,0,1,0,0
201600029314,16,9,29,954,1,1,1,1,7,121,4774880,338748,560,3,0,0,0,0,0,0,0,0,3,1,0,0
201600029315,16,9,28,1930,1,2,1,1,7,121,4775230,335921,560,9,0,0,0,0,0,0,0,0,0,1,0,0
201600029316,16,9,22,800,1,2,1,1,7,83,4780541,325935,560,9,0,0,0,0,0,0,0,0,0,1,0,0
201600029317,16,10,1,1735,1,2,1,1,7,83,4779701,329993,560,9,0,0,0,0,0,0,0,0,0,1,0,0
201600029318,16,10,1,2050,5,2,1,1,6,121,4774603,336048,560,9,2,2,0,1,1,0,0,1,0,1,0,0
201600029319,16,10,3,1010,1,2,1,1,6,121,4775067,339374,560,4,2,2,0,1,1,0,0,1,0,1,3,0
201600029320,16,10,6,545,5,2,1,1,7,121,4776373,339944,560,4,2,2,0,1,1,0,0,1,0,1,0,0
201600029321,16,10,6,1000,1,2,2,1,4,121,4774768,337561,560,4,0,1,0,1,1,0,0,1,0,0,0,0
201600029322,16,10,6,1539,1,2,1,1,6,121,4775780,339030,560,4,0,1,1,1,1,0,0,1,0,4,0,0
201600029323,16,10,7,1730,1,2,1,1,1,121,4773699,337762,560,3,2,2,0,1,1,0,0,1,0,1,0,0
201600029324,16,10,7,1800,1,2,1,1,3,121,4775776,339022,560,4,2,3,3,2,1,0,0,1,0,1,0,0
201600029325,16,10,9,1750,1,2,1,1,2,98,4776576,335780,560,3,2,2,0,1,1,0,0,1,0,1,0,0
201600029326,16,10,8,1116,1,2,1,1,7,121,4773753,337809,560,4,2,2,0,1,1,0,0,1,0,1,0,0
201600029327,16,10,11,1442,1,2,1,1,2,121,4775183,336509,560,3,1,1,0,1,1,0,0,1,0,1,0,0
201600029328,16,10,11,2140,5,2,6,1,6,121,4775720,338773,560,4,2,2,0,1,2,0,0,1,0,1,0,0
201600029329,16,10,12,800,2,2,6,1,6,83,4779956,328760,560,4,1,1,0,1,2,0,0,1,0,0,0,0
201600029330,16,10,13,950,1,1,1,1,6,83,4778829,328328,560,2,3,4,0,1,1,0,0,1,0,1,0,0
201600029331,16,10,13,1112,1,2,1,1,6,121,4776549,339435,560,4,2,2,0,2,1,0,0,1,0,1,0,0
201600029332,16,10,14,1900,1,2,6,1,2,98,4777825,334521,560,2,1,2,0,1,1,0,0,1,0,1,0,0
201600029333,16,10,14,1850,1,2,6,1,2,162,4773000,343533,560,4,2,2,0,1,1,0,0,0,0,1,0,0
201600029334,16,10,18,735,1,2,6,1,2,98,4777846,334431,560,4,1,2,0,1,1,0,0,1,0,1,0,0
201600029335,16,10,18,840,2,2,3,2,3,121,4775207,336448,560,4,3,2,0,1,1,0,0,2,0,1,0,0
201600029336,16,10,18,1048,1,2,1,1,6,162,4773539,342746,560,4,2,2,0,1,1,0,0,1,0,1,0,0
201600029337,16,10,18,1540,1,2,1,1,3,121,4773813,338180,560,4,3,2,0,2,1,0,0,1,0,5,0,0
201600029338,16,10,19,1903,1,2,1,1,6,98,4777649,334524,560,6,0,0,0,1,0,0,0,1,0,4,0,0
201600029339,16,10,20,1758,1,1,1,1,4,83,4778914,328927,560,2,3,4,0,1,1,0,0,1,0,1,0,0
201600029340,16,10,20,1906,1,2,3,1,2,121,4776117,338628,560,4,2,2,0,1,1,0,0,1,0,1,0,0
201600029341,16,10,21,1212,1,2,1,1,6,121,4773320,337738,560,4,2,2,0,1,1,0,0,1,0,4,0,0
201600029342,16,10,21,1632,1,2,6,1,3,162,4773569,341891,560,4,1,1,0,1,1,0,0,1,0,1,0,0
201600029343,16,10,22,1603,1,2,1,1,6,162,4773694,342835,560,4,2,2,0,1,1,0,0,1,0,1,0,0
201600029344,16,10,24,1320,1,2,1,1,7,121,4775783,338764,560,4,1,1,0,1,3,0,0,1,0,1,0,0
201600029345,16,10,24,1330,1,2,3,1,3,121,4775604,337160,560,4,2,4,0,1,1,0,0,1,0,1,0,0
201600029346,16,10,27,650,5,2,2,1,3,98,4776751,335496,560,9,2,2,0,1,1,0,0,1,0,1,0,0
201600029347,16,10,28,634,5,2,1,1,7,121,4775818,337565,560,9,2,2,0,1,1,0,0,1,0,1,0,0
201600029348,16,10,28,1150,1,2,1,1,6,121,4774514,337581,560,9,2,2,0,1,1,0,0,1,0,1,0,0
201600029349,16,10,28,1943,2,1,3,1,3,162,4776297,342459,560,3,2,2,0,1,1,0,0,1,0,1,0,0
201600029350,16,10,29,2200,3,1,1,1,6,162,4773219,340485,560,3,2,2,0,1,1,0,0,1,0,3,0,0
201600029351,16,10,31,1845,5,1,1,1,1,121,4774103,335899,560,3,2,2,0,1,2,0,0,1,0,1,0,0
201600029352,16,11,1,1630,1,1,1,1,2,83,4782051,324411,560,3,2,2,0,3,1,0,0,1,0,1,0,0
201600029353,16,11,1,420,5,2,1,1,6,83,4779934,329117,560,3,2,2,0,1,1,0,0,1,0,1,0,0
201600029354,16,11,5,356,5,2,1,1,7,121,4774776,335863,560,4,2,2,0,3,1,0,0,1,0,0,0,0
201600029355,16,11,5,1640,1,2,1,1,7,162,4774047,340774,560,3,2,2,0,3,3,0,0,1,0,3,0,0
201600029356,16,11,8,1652,1,2,6,2,3,121,4774726,337642,560,4,2,2,0,2,1,0,0,2,0,1,0,0
201600029357,16,11,9,930,1,2,1,7,6,98,4776299,334904,560,4,3,2,0,1,3,0,0,2,0,1,0,0
201600029358,16,11,12,2045,5,1,6,1,6,107,4771106,339597,560,3,2,2,0,1,1,0,0,2,0,1,0,0
201600029359,16,11,12,2240,5,2,3,1,6,121,4775052,339376,560,4,2,2,0,1,1,0,0,2,0,4,0,0
201600029360,16,11,15,1220,1,2,6,8,6,121,4776373,339896,560,4,2,2,0,1,1,0,0,1,0,1,0,0
201600029361,16,11,16,809,5,2,1,8,4,98,4776621,332943,560,3,2,2,0,1,1,0,0,2,0,1,0,0
201600029362,16,11,17,1200,1,1,1,8,1,162,4772719,344818,560,4,2,2,0,1,2,0,0,2,0,1,0,0
201600029363,16,11,17,1600,1,2,1,8,4,98,4777622,334553,560,3,2,2,0,1,1,0,0,2,0,1,0,0
201600029364,16,11,19,1800,5,1,1,6,7,83,4779700,330039,560,3,1,1,0,1,2,0,0,2,0,1,0,0
201600029365,16,11,21,200,5,2,1,2,6,121,4774615,337939,560,4,2,2,0,1,1,0,0,2,0,1,0,0
201600029366,16,11,22,803,1,2,3,1,6,121,4774527,337329,560,4,2,2,0,1,1,0,0,1,0,1,0,0
201600029367,16,11,23,1459,1,2,1,1,2,121,4774143,337262,560,4,2,2,0,1,1,0,0,2,0,1,0,0
201600029368,16,11,25,1534,1,2,1,1,6,121,4776060,338449,560,3,2,2,0,1,1,0,0,1,0,1,0,0
201600029369,16,11,27,2335,5,2,1,1,6,98,4777297,334766,560,3,2,2,0,1,1,0,0,1,0,1,0,0
201600029370,16,11,29,1606,1,2,1,1,2,121,4776055,338442,560,4,2,2,0,1,1,0,0,1,0,1,0,0
201600029371,16,11,30,1610,1,2,1,1,7,121,4776030,338961,560,4,1,2,0,1,2,0,0,1,0,1,0,0
201600029372,16,12,1,1110,1,2,1,1,6,121,4774756,336519,560,4,2,2,3,2,1,0,0,1,0,1,0,0
201600029373,16,12,3,1810,5,2,6,1,7,98,4776292,332871,560,4,2,2,0,1,2,0,0,1,0,1,0,0
201600029374,16,12,3,1945,5,2,1,1,6,121,4774590,338694,560,4,2,2,0,2,1,0,0,1,0,4,0,0
201600029375,16,12,4,2000,5,2,2,1,3,98,4776510,335876,560,3,2,2,0,1,1,0,0,1,0,1,0,0
201600029376,16,12,6,1745,2,2,1,1,7,98,4776968,333729,560,4,2,2,0,1,1,0,0,1,0,1,0,0
201600029377,16,12,7,910,1,2,2,5,3,83,4782344,324662,560,9,2,2,0,2,1,0,0,2,0,1,0,0
201600029378,16,12,7,820,2,2,6,5,3,121,4774727,337643,560,4,2,2,0,1,1,0,0,2,0,1,0,0
201600029379,16,12,9,1700,1,2,1,1,3,98,4777405,334696,560,3,2,2,0,1,1,0,0,1,0,5,0,0
201600029380,16,12,13,1127,1,2,2,1,1,121,4773634,337498,560,4,2,2,0,1,1,0,0,1,0,1,0,0
201600029381,16,12,12,1655,1,2,6,1,3,121,4773946,337960,560,4,2,2,0,1,1,0,0,1,0,1,0,0
201600029382,16,12,16,1254,1,2,3,1,1,83,4780762,328889,560,9,2,2,0,2,1,0,0,1,0,1,0,0
201600029383,16,12,17,1855,5,2,1,1,6,83,4780130,327337,560,9,0,0,0,0,1,0,0,1,0,1,0,0
201600029384,16,12,21,1605,1,2,1,2,2,121,4774956,336595,560,9,3,2,0,1,1,0,0,2,0,1,0,0
201600029385,16,12,23,1300,1,1,1,1,6,98,4777416,334682,560,9,0,0,0,0,0,0,0,0,0,1,0,0
201600029386,16,12,28,1020,1,2,1,7,6,162,4773251,342320,560,4,2,2,0,4,1,0,0,1,0,1,3,0
201600029387,16,12,28,2009,5,2,2,1,3,121,4775375,336229,560,4,2,2,0,1,1,0,0,1,0,1,0,0
201600029388,16,12,30,1950,5,2,2,1,7,121,4774881,336546,560,4,2,2,0,1,1,0,0,0,0,1,0,0
201600029389,16,12,31,345,5,2,1,1,7,121,4776152,336403,560,4,2,3,0,1,1,0,0,0,0,1,0,0
201600029390,16,1,31,1830,3,1,1,1,5,274,4379060,373671,340,3,0,2,0,0,1,0,65,1,0,1,0,0
201600029391,16,4,4,800,1,1,1,2,5,42,4386070,374295,340,3,2,3,0,2,2,0,100,2,0,1,0,0
201600029392,16,8,13,1115,1,2,1,1,1,60,4376950,359588,340,3,0,0,0,0,0,0,60,0,0,0,0,1
201600029393,16,10,6,1200,1,1,1,1,6,243,4390030,375611,340,3,2,2,0,2,3,0,0,1,0,1,0,0
201600029394,16,10,12,715,2,2,1,1,3,111,4393440,371305,340,3,2,2,0,0,2,0,61,1,0,1,0,0
201600029395,16,1,1,735,5,2,1,1,6,260,4764064,276237,560,4,1,2,0,1,2,0,0,1,0,1,99,1
201600029396,16,1,18,820,5,2,1,3,3,260,4765989,276183,560,4,0,4,1,2,1,0,0,2,0,5,99,0
201600029397,16,1,18,805,5,2,6,3,2,260,4766610,277081,560,4,1,2,0,1,2,0,100,1,0,1,99,0
201600029398,16,1,19,855,5,2,1,1,6,260,4765876,275832,560,4,1,1,0,1,1,0,35,1,0,1,99,0
201600029399,16,1,15,1940,5,2,3,2,7,260,4764411,276889,560,4,2,2,0,1,1,0,72,2,0,1,99,0
201600029400,16,2,7,1142,1,1,6,2,6,260,4766201,279505,560,4,2,2,0,1,3,0,0,2,5,0,99,0
201600029401,16,2,19,2245,5,2,1,3,3,260,4767008,276997,560,3,2,3,0,1,2,0,0,1,3,1,99,0
201600029402,16,2,25,1210,1,2,1,1,2,260,4767688,276821,560,4,2,2,0,1,2,0,66,1,0,1,0,0
201600029403,16,3,22,1640,1,2,2,1,3,260,4764901,277047,560,4,2,2,0,1,1,0,0,1,0,1,0,0
201600029404,16,3,20,615,5,2,1,1,6,260,4763781,276508,560,4,2,2,0,1,1,0,62,1,0,1,99,0
201600029405,16,3,26,1115,1,1,3,2,4,260,4766846,273237,560,4,2,1,0,2,1,0,28,2,0,1,99,0
201600029406,16,4,11,1830,1,2,2,1,3,260,4766134,275711,560,4,2,2,1,1,0,0,0,1,5,1,99,0
201600029407,16,4,26,1620,1,2,2,1,6,260,4765887,275523,560,4,1,2,0,1,1,0,0,1,0,1,99,0
201600029408,16,2,20,2350,5,2,2,1,1,260,4764600,278001,560,4,2,2,0,1,1,0,0,1,0,1,3,0
201600029409,16,5,10,820,1,2,1,1,3,260,4765262,277621,560,4,2,1,0,1,1,0,57,1,0,1,3,0
201600029410,16,5,10,1720,1,2,2,1,3,260,4765162,276772,560,4,2,2,0,1,1,0,92,1,0,1,99,0
201600029411,16,5,12,1328,1,2,1,1,6,260,4766065,276414,560,4,2,2,0,1,3,0,0,1,0,1,0,0
201600029412,16,5,14,1740,1,2,1,1,3,260,4764429,277132,560,4,2,2,0,1,1,0,0,1,0,1,3,0
201600029413,16,5,17,1250,1,2,2,1,3,260,4767021,275722,560,4,2,2,0,1,1,0,0,1,0,1,99,0
201600029414,16,5,19,1325,1,2,1,1,6,260,4764899,276263,560,4,2,2,0,1,1,0,0,1,0,1,3,0
201600029415,16,5,12,1330,1,2,1,1,2,260,4764852,278029,560,4,2,2,0,1,1,0,0,1,0,1,3,0
201600029416,16,5,25,1100,1,2,3,1,3,260,4765548,277131,560,4,2,2,0,1,1,0,71,1,0,0,99,0
201600029417,16,5,25,1218,1,2,2,1,1,260,4766145,275713,560,4,2,2,0,2,1,0,0,1,5,5,99,0
201600029418,16,6,13,1422,1,2,3,1,4,260,4766544,275622,560,4,2,2,0,0,0,0,0,0,0,1,0,0
201600029419,16,6,21,1355,1,2,3,1,3,260,4766700,277355,560,4,2,2,0,1,1,0,60,1,5,1,99,0
201600029420,16,6,29,1735,1,2,6,2,4,260,4764404,274382,560,4,2,2,0,1,1,0,47,2,5,1,3,0
201600029421,16,6,30,1555,1,2,3,1,2,260,4766622,278617,560,4,2,2,0,1,1,0,0,1,0,1,99,0
201600029422,16,7,1,1830,1,2,3,1,6,260,4766124,275552,560,4,1,3,0,1,1,0,0,1,5,1,0,0
201600029423,16,7,8,1505,1,1,1,1,6,260,4763889,275124,560,4,2,2,0,1,1,0,43,1,0,1,99,0
201600029424,16,7,11,1640,1,1,1,1,7,260,4766739,273113,560,2,2,4,0,1,1,0,0,1,0,1,0,0
201600029425,16,7,16,1204,1,2,1,1,6,260,4765533,275552,560,4,2,2,0,3,2,0,111,1,0,1,99,0
201600029426,16,7,22,1737,1,2,1,1,6,260,4765722,279061,560,4,2,2,0,1,1,0,0,1,0,1,99,0
201600029427,16,7,24,1705,1,2,1,1,3,260,4763114,278061,560,4,2,2,0,1,1,0,0,1,0,1,99,0
201600029428,16,8,5,1000,1,2,4,1,3,260,4765492,275600,560,4,2,2,0,2,1,0,0,1,0,1,99,0
201600029429,16,8,13,855,1,2,1,1,3,260,4765725,279228,560,4,2,2,0,1,1,0,0,1,0,1,0,0
201600029430,16,8,16,1355,1,2,3,1,6,260,4766658,277746,560,4,2,2,0,1,1,0,0,1,0,1,99,0
201600029431,16,8,18,1805,1,2,1,1,6,260,4764810,278114,560,4,2,2,0,1,1,0,0,1,0,1,99,0
201600029432,16,8,24,1212,1,2,1,1,3,260,4765746,270724,560,4,2,2,0,2,1,0,0,1,0,1,99,0
201600029433,16,8,29,2110,5,2,1,1,3,260,4767726,276118,560,4,2,2,0,1,1,0,0,1,0,1,99,0
201600029434,16,8,27,1935,1,2,1,1,6,260,4765174,275706,560,4,2,2,0,1,1,0,0,1,0,1,99,0
201600029435,16,9,5,1705,1,2,1,1,3,260,4765407,277925,560,4,2,2,0,2,1,0,92,1,0,1,3,0
201600029436,16,9,9,750,1,2,3,1,3,260,4765433,275965,560,4,2,2,0,1,1,0,0,1,0,0,0,0
201600029437,16,9,12,1030,1,2,1,1,4,260,4766411,271919,560,2,3,4,0,3,1,0,0,1,0,1,99,1
201600029438,16,9,16,1320,1,2,1,1,3,260,4765958,277373,560,4,2,2,0,1,1,0,0,1,0,1,99,0
201600029439,16,9,18,1225,1,2,6,1,4,260,4768428,276671,560,3,2,1,0,1,3,0,44,1,5,1,99,0
201600029440,16,9,28,740,5,2,1,2,3,260,4766367,276663,560,4,2,2,0,1,1,0,0,2,0,1,99,0
201600029441,16,10,7,750,2,2,3,1,3,260,4764682,277897,560,4,2,3,0,1,1,0,0,1,0,1,3,0
201600029442,16,10,7,1845,1,2,1,1,2,260,4765981,275205,560,4,2,2,0,1,2,0,0,1,0,1,3,0
201600029443,16,10,17,2045,5,2,6,1,6,260,4763969,277655,560,4,2,2,0,0,0,0,0,0,0,1,0,0
201600029444,16,10,19,730,5,2,4,1,3,260,4765347,275763,560,4,2,2,1,1,1,0,0,2,0,1,99,0
201600029445,16,10,28,1545,1,2,1,1,6,260,4766093,275447,560,4,3,4,0,1,1,0,60,1,0,1,99,0
201600029446,16,10,28,1740,1,2,3,1,3,260,4765346,270780,560,4,2,2,0,1,1,0,70,1,0,1,0,0
201600029447,16,10,31,1220,1,2,6,1,2,260,4766502,279506,560,4,1,2,0,1,2,0,88,1,0,1,0,0
201600029448,16,11,2,940,1,2,1,1,3,260,4765423,272057,560,4,2,2,0,1,1,0,75,1,0,1,99,0
201600029449,16,11,3,1105,1,2,1,1,3,260,4765961,278911,560,4,2,2,0,1,1,0,0,1,0,1,99,0
201600029450,16,11,10,1935,5,2,1,1,3,260,4766012,278847,560,4,2,2,0,1,1,0,0,1,0,1,99,0
201600029451,16,11,15,1800,5,2,1,1,6,260,4766397,275937,560,4,2,2,0,1,1,0,0,1,0,1,0,0
201600029452,16,11,24,752,5,2,6,1,3,260,4766153,272571,560,4,1,2,0,1,2,0,84,1,0,1,0,0
201600029453,16,12,1,1450,1,2,6,1,2,260,4766699,278461,560,3,2,2,0,1,1,24,37,1,0,1,99,0
201600029454,16,12,5,2115,3,2,1,1,1,260,4765632,279113,560,4,3,2,0,1,3,0,64,1,5,1,99,0
201600029455,16,12,8,1830,4,2,1,1,3,260,4766253,278564,560,4,2,2,0,1,1,0,89,1,0,1,0,0
201600029456,16,12,12,1500,1,2,1,8,3,260,4768022,277066,560,4,2,2,0,1,1,0,68,2,0,1,99,0
201600029457,16,12,14,1405,1,2,6,1,3,260,4765347,274111,560,4,1,2,0,1,3,0,0,1,0,1,3,0
201600029458,16,12,16,1200,1,2,2,1,6,260,4765909,275437,560,4,1,1,0,1,1,0,0,1,0,1,99,0
201600029459,16,12,20,1725,2,2,1,2,3,260,4766287,275626,560,4,2,2,0,1,1,0,30,2,0,1,0,0
201600029460,16,3,11,830,1,1,1,8,6,220,4771514,42074,490,3,2,2,0,1,1,0,0,0,0,1,99,0
201600029461,16,6,26,200,3,1,3,1,6,87,4462904,5938,330,3,2,2,0,2,1,0,93,1,5,0,0,1
201600029463,16,11,17,1200,1,1,1,1,6,87,4463080,5404,330,3,2,2,0,4,2,0,48,1,2,3,99,0
201600029464,16,3,24,2150,3,1,1,1,6,253,4462000,28449,330,4,2,2,0,1,1,0,40,1,0,3,0,0