Num_Acc,an,mois,jour,hrmn,lum,agg,int,atm,col,com,lat,long,dep,catr,circ,nbv,vosp,prof,plan,lartpc,larrout,surf,infra,situ,env1,killed
201600029465,16,6,16,600,2,1,2,2,3,337,4457042,32204,330,3,2,2,0,1,1,0,60,1,0,1,0,0
201600029466,16,7,6,1830,1,1,2,1,5,98,4467520,32181,330,3,2,2,0,1,1,0,66,1,0,0,0,0
201600029467,16,8,17,1845,1,2,1,1,3,392,4459389,28300,330,4,2,2,0,1,1,0,50,1,0,1,3,0
201600029468,16,9,20,1515,1,2,1,1,6,327,4465118,35601,330,3,2,2,0,0,1,60,0,1,0,4,99,0
201600029469,16,10,14,755,2,2,1,1,6,133,4358583,143032,400,3,3,2,0,2,1,35,70,2,0,1,99,0
201600029470,16,10,22,1515,1,2,1,1,2,133,4358769,142922,400,3,2,3,3,1,1,0,75,1,0,1,99,0
201600029471,16,11,23,2250,5,2,1,3,4,36,4363185,136358,400,3,2,2,0,1,1,0,70,2,0,1,99,0
201600029472,16,12,27,1720,2,2,1,1,3,65,4363241,142958,400,4,2,2,0,1,0,2,610,1,0,0,0,0
201600029473,16,10,25,1825,5,2,1,1,6,227,4919065,690963,570,3,2,2,0,1,1,0,80,1,0,1,0,0
201600029474,16,1,15,755,5,2,1,8,6,606,4910402,670555,570,4,1,2,0,1,1,0,0,2,0,1,99,0
201600029475,16,1,23,1755,5,2,1,1,6,606,4910506,670562,570,4,2,4,0,1,1,30,137,1,0,1,99,0
201600029476,16,2,6,1900,5,2,1,1,6,606,4910090,671707,570,4,2,2,0,2,1,0,80,1,0,1,99,0
201600029477,16,2,13,1503,1,1,1,2,1,240,4909000,645000,570,3,2,2,0,1,2,0,74,2,0,1,99,0
201600029478,16,3,22,1335,1,2,1,1,7,606,4910357,670906,570,4,1,2,0,2,2,0,84,1,0,1,3,0
201600029479,16,4,28,1930,2,2,1,1,1,606,4909720,669914,570,4,2,2,0,2,3,0,0,1,0,1,0,0
201600029480,16,6,7,944,1,2,3,1,6,606,4910625,670517,570,4,1,1,0,1,1,0,75,1,0,0,3,0
201600029481,16,6,10,1600,1,2,1,1,1,240,4914798,681093,570,4,2,2,0,1,1,0,78,1,0,1,99,0
201600029482,16,6,24,1518,1,1,3,1,5,606,4909608,672227,570,3,2,2,0,1,1,0,0,1,0,1,99,0
201600029483,16,6,24,1529,1,2,6,1,6,606,4910356,670566,570,4,1,2,0,1,1,0,109,1,0,1,99,0
201600029484,16,6,29,125,5,2,1,2,2,606,4910132,670688,570,4,1,2,0,3,2,0,63,2,0,1,3,0
201600029485,16,7,29,2045,1,2,3,1,3,240,4914583,678027,570,4,2,2,0,0,0,0,0,0,0,1,0,1
201600029486,16,7,31,1357,1,2,1,1,2,606,4910638,670500,570,4,2,2,1,2,1,0,90,1,0,5,3,0
201600029487,16,9,7,1202,1,2,9,1,6,606,4910333,670555,570,9,1,1,0,1,2,0,58,1,0,1,99,0
201600029488,16,11,29,1657,2,2,1,1,3,606,4910582,671302,570,4,2,2,0,1,1,0,90,1,0,1,99,0
201600029489,16,1,18,2035,5,2,3,1,3,283,4925567,616187,570,3,2,2,0,1,1,0,60,1,0,1,99,0
201600029490,16,1,15,1307,1,2,2,1,6,591,4925617,609785,570,3,2,2,0,1,0,0,70,1,0,1,99,0
201600029491,16,2,28,714,1,1,1,1,6,591,4923841,610845,570,2,2,2,0,1,1,0,120,1,0,1,99,0
201600029492,16,4,16,1945,1,2,1,1,1,591,4924957,609331,570,4,3,1,0,1,3,30,60,2,0,1,99,0
201600029493,16,5,4,1130,1,1,1,1,1,19,4926119,612740,570,3,2,2,0,1,3,0,66,1,0,1,0,1
201600029494,16,7,21,940,1,1,6,1,6,143,4925871,608366,570,3,3,1,0,1,1,0,58,0,0,1,99,0
201600029495,16,9,13,1718,1,2,6,1,3,597,4925665,607277,570,3,3,2,0,1,3,46,119,1,0,1,99,0
201600029496,16,11,29,1725,5,2,3,1,1,143,4926125,610010,570,4,2,2,0,1,1,0,61,1,0,1,99,0
201600029497,16,12,1,830,1,2,1,1,6,283,4924658,617058,570,3,2,2,0,1,1,0,72,1,0,1,99,0
201600029498,16,12,8,1915,5,2,1,1,6,591,4925302,609453,570,4,2,1,0,1,1,40,66,1,0,1,0,0
201600029500,16,1,5,1645,1,2,3,1,6,480,4910196,615850,570,4,2,2,0,1,1,0,80,1,0,1,0,0
201600029501,16,1,7,835,1,1,1,2,6,463,4910007,620984,570,4,2,2,0,1,1,0,0,2,0,1,0,0
201600029502,16,1,11,747,1,2,3,3,6,463,4912853,614483,570,3,2,2,0,1,1,0,91,2,0,1,99,1
201600029503,16,1,11,1800,5,2,1,2,6,463,4911015,620288,570,4,1,1,0,1,1,0,30,2,0,1,0,0
201600029504,16,1,13,1600,1,2,1,3,6,751,4915787,613793,570,3,2,2,0,2,1,0,60,2,0,1,99,0
201600029505,16,1,14,830,1,2,2,1,3,487,4909479,612462,570,4,2,2,0,1,1,0,0,1,0,1,99,0
201600029506,16,1,15,835,1,1,2,1,3,480,4908911,615327,570,3,2,2,0,1,1,0,88,2,0,1,99,0
201600029507,16,1,15,1620,2,2,3,4,3,463,4911563,619055,570,2,3,2,0,1,1,0,40,2,0,1,0,0
201600029508,16,1,16,1845,5,1,3,1,6,480,4910806,616137,570,4,2,2,0,1,0,0,87,2,0,1,0,0
201600029509,16,1,22,1610,1,2,1,1,6,447,4905886,615666,570,4,2,2,0,1,1,0,53,1,0,1,0,0
201600029510,16,1,22,1900,5,2,1,2,6,751,4914102,615268,570,4,2,2,0,1,1,0,70,1,0,1,0,0
201600029511,16,1,25,1245,1,2,3,1,3,480,4908746,614094,570,4,3,2,0,1,1,0,85,1,0,1,0,0
201600029512,16,1,31,2110,5,2,3,2,3,463,4912898,616043,570,3,2,2,1,4,3,0,12,2,0,1,0,0
201600029513,16,2,10,1900,5,1,1,2,6,463,4911190,621812,570,4,2,2,0,1,1,0,66,1,0,1,0,0
201600029514,16,2,15,1625,1,2,1,1,3,463,4910416,616229,570,4,2,2,0,1,1,0,47,1,0,1,0,0
201600029515,16,2,26,2345,3,1,1,1,6,616,4913352,619651,570,3,2,2,0,1,1,0,70,1,0,1,99,1
201600029516,16,3,2,1700,1,2,1,1,3,751,4915494,615687,570,3,4,0,0,1,1,0,110,1,0,1,99,0
201600029517,16,3,3,1945,5,1,1,1,2,463,4911233,617384,570,4,1,0,0,1,1,0,166,1,0,1,99,0
201600029518,16,3,6,1345,1,2,1,1,1,463,4910968,618159,570,3,2,2,0,1,1,0,90,2,0,1,99,0
201600029519,16,3,11,1750,1,2,1,1,6,480,4910451,616277,570,3,2,2,0,1,1,0,85,1,0,1,99,0
201600029520,16,3,17,1945,5,2,3,1,3,463,4910164,617777,570,4,2,2,0,1,1,0,93,1,0,1,0,0
201600029521,16,3,20,1230,1,1,3,1,6,463,4912012,621588,570,4,2,3,0,1,1,0,108,1,0,1,0,0
201600029522,16,3,21,2035,5,1,1,1,6,463,4910444,616923,570,4,2,4,0,1,1,0,150,1,0,1,99,0
201600029523,16,3,26,1825,2,2,1,1,6,463,4910700,616504,570,4,2,2,0,1,1,0,204,1,0,0,0,0
201600029524,16,4,6,2050,1,2,1,1,1,751,4914885,616581,570,4,2,2,0,1,1,0,58,1,0,1,99,0
201600029525,16,4,8,1345,1,2,3,1,3,463,4914263,616752,570,4,1,1,0,1,1,0,0,0,0,1,0,0
201600029526,16,4,12,1947,1,2,3,1,3,463,4910026,618025,570,4,2,2,0,1,1,0,100,1,0,1,0,0
201600029527,16,4,16,1920,2,2,1,2,6,463,4911604,621964,570,4,1,1,0,1,1,0,35,0,0,1,99,0
201600029528,16,4,30,2210,5,2,4,3,3,463,4911691,618489,570,4,2,2,0,1,1,0,0,1,0,1,0,0
201600029529,16,4,30,935,1,2,3,1,6,463,4910780,622114,570,4,2,2,0,1,1,0,65,1,0,1,99,0
201600029530,16,5,7,1433,1,1,1,1,6,463,4909324,625334,570,3,2,2,0,1,1,0,66,1,0,1,99,0
201600029531,16,5,13,1525,1,2,1,1,2,463,4911563,619819,570,3,1,2,0,1,1,0,0,1,0,1,99,0
201600029532,16,5,24,1535,1,2,4,1,3,487,4909284,613023,570,3,3,2,0,1,0,0,0,1,0,1,3,0
201600029533,16,5,26,1340,1,2,1,1,6,463,4910326,617770,570,4,2,0,2,1,1,0,61,1,0,1,0,0
201600029534,16,6,1,930,1,2,3,1,1,463,4911684,618020,570,4,2,3,0,1,1,0,107,1,0,1,99,0
201600029535,16,6,1,1210,1,1,1,1,6,463,4910070,622543,570,4,2,2,0,1,1,0,0,1,0,1,0,0
201600029536,16,6,6,1705,1,2,1,1,3,412,4911175,615989,570,3,4,3,0,1,1,16,86,1,0,1,99,0
201600029537,16,6,7,1930,1,2,5,3,3,463,4911122,617651,570,4,4,3,3,1,1,0,97,2,0,1,99,0
201600029538,16,6,6,1050,1,2,6,1,3,487,4908172,610892,570,3,2,2,0,1,3,0,0,1,0,1,99,0
201600029539,16,6,9,1140,1,2,1,1,3,463,4911913,623539,570,3,0,2,0,1,1,51,40,1,0,1,0,0
201600029540,16,6,11,5,3,1,1,1,1,447,4908432,614260,570,3,2,2,0,1,1,0,75,1,0,1,0,0
201600029541,16,4,4,1715,1,2,1,1,6,463,4910425,617159,570,4,2,2,0,1,1,0,56,1,0,1,0,1
201600029542,16,6,15,1900,1,2,3,1,3,463,4910157,617693,570,4,2,2,0,1,1,0,95,1,0,1,99,0
201600029543,16,6,16,1,5,2,2,1,3,447,4907976,614984,570,4,2,2,0,1,1,0,59,1,0,1,0,0
201600029544,16,6,16,1910,1,1,1,1,6,463,4911117,622156,570,4,2,2,0,1,1,0,0,1,0,1,0,0
201600029545,16,6,22,1525,1,2,1,1,6,480,4909858,614815,570,4,2,2,0,1,1,0,9,1,0,1,0,0
201600029546,16,6,29,1030,1,2,3,1,3,463,4912607,618165,570,4,2,2,0,1,1,21,57,1,0,1,0,0
201600029547,16,6,30,1805,1,2,1,1,6,463,4911082,623078,570,4,2,2,0,1,1,0,85,1,0,1,0,0
201600029548,16,6,30,2040,1,2,2,1,3,463,4910936,617024,570,4,1,2,0,1,1,0,78,1,0,1,0,0
201600029549,16,7,18,1330,1,2,1,1,3,412,4911374,613801,570,4,2,2,0,1,1,0,69,1,0,1,0,0
201600029550,16,7,22,1900,1,1,1,1,1,463,4913095,617206,570,4,2,0,0,1,1,0,0,1,2,1,99,0
201600029551,16,7,29,1325,1,2,1,1,3,751,4915016,616482,570,4,1,1,0,1,1,0,50,1,0,1,99,0
201600029552,16,7,31,1046,1,1,4,1,3,463,4910432,616263,570,4,2,2,0,1,1,0,104,1,0,1,0,0
201600029553,16,8,4,1440,1,2,1,2,6,447,4905975,615474,570,3,2,0,0,1,1,0,64,2,0,1,0,0
201600029554,16,8,14,1640,1,2,1,1,6,463,4911369,618379,570,3,3,5,0,1,1,0,0,1,5,1,0,0
201600029555,16,8,19,1340,1,2,4,1,2,463,4912045,618390,570,4,1,1,0,2,3,0,0,0,2,1,3,0
201600029556,16,8,22,1430,1,2,2,1,3,463,4910721,617180,570,4,2,3,0,1,1,0,126,1,0,0,0,0
201600029557,16,8,25,825,1,2,2,1,6,463,4911888,620380,570,4,2,0,0,2,1,0,39,1,5,1,99,0
201600029558,16,8,26,2140,5,2,2,1,3,463,4910030,618027,570,3,4,3,0,1,1,0,0,1,0,1,99,0
201600029559,16,8,26,1010,1,2,3,1,2,463,4913188,617112,570,4,4,0,0,1,1,0,106,1,0,1,0,0
201600029560,16,9,3,1235,1,2,3,1,6,463,4910329,618757,570,4,2,0,0,1,1,0,0,1,0,1,0,0
201600029561,16,9,8,1404,1,1,1,1,6,480,4909356,615120,570,4,2,2,0,1,1,0,70,1,0,4,99,0
201600029562,16,9,12,750,1,1,4,1,3,480,4909542,611919,570,3,4,3,0,1,1,40,117,1,5,1,0,0
201600029563,16,9,17,935,1,2,3,1,6,463,4910718,616912,570,4,1,1,0,1,1,0,68,1,0,1,99,0
201600029564,16,9,18,2125,5,2,1,1,2,463,4913996,616336,570,4,3,2,0,1,1,0,0,1,0,1,0,0
201600029565,16,9,21,1640,1,1,1,1,6,447,4905654,613657,570,3,2,2,0,1,1,0,70,1,0,1,99,0
201600029566,16,9,22,123,3,2,4,1,6,463,4912526,615926,570,3,2,2,0,1,1,0,0,1,0,1,0,0
201600029567,16,9,23,1239,1,2,4,1,6,463,4911280,617716,570,4,1,0,0,1,1,0,67,1,0,1,0,0
201600029568,16,9,24,2010,4,2,1,1,6,480,4910006,614764,570,4,2,2,0,1,1,0,51,1,0,1,0,0
201600029569,16,9,29,950,1,2,1,1,6,463,4910739,617099,570,4,2,2,0,1,1,0,81,1,0,4,99,1
201600029570,16,9,29,1955,5,2,1,1,3,463,4909907,616145,570,3,2,2,0,1,1,0,98,1,0,1,99,0
201600029571,16,10,4,845,1,2,6,1,3,447,4906013,616327,570,4,2,0,0,1,3,0,0,1,5,1,0,0
201600029572,16,10,4,1820,1,2,1,7,6,463,4910758,622902,570,4,3,4,0,1,1,24,65,1,0,1,99,0
201600029573,16,10,7,1650,1,2,1,1,1,463,4913595,615890,570,3,2,2,0,2,1,0,80,1,0,1,0,0
201600029574,16,10,8,2210,5,2,1,1,1,463,4911654,622959,570,4,2,2,0,1,1,106,55,1,0,1,99,0
201600029575,16,10,10,900,1,2,1,1,6,463,4910917,616149,570,4,2,2,0,1,1,0,42,1,0,1,0,0
201600029576,16,10,31,1520,1,2,3,1,3,463,4910872,623115,570,4,2,2,0,0,0,0,0,0,0,1,0,0
201600029577,16,11,5,2150,5,2,2,2,3,463,4911336,618373,570,4,4,0,0,1,1,19,148,1,5,1,99,0
201600029578,16,11,6,530,5,2,3,1,2,463,4910203,620151,570,4,2,0,0,1,1,0,0,2,0,1,99,0
201600029579,16,11,6,1545,1,1,2,1,1,463,4916826,623417,570,4,2,2,0,1,1,0,95,1,0,1,99,0
201600029580,16,11,16,1545,1,2,1,2,6,751,4915123,615009,570,4,2,2,0,1,1,0,68,2,0,1,99,0
201600029581,16,11,17,1555,2,2,3,2,1,463,4910385,622418,570,4,2,2,0,1,1,0,69,2,0,1,99,0
201600029582,16,11,21,746,2,2,1,3,6,463,4911523,616804,570,4,1,1,3,1,1,0,30,2,0,1,99,0
201600029583,16,11,22,1000,1,2,1,1,6,463,4910706,622823,570,6,2,2,0,1,1,0,600,2,0,1,0,0
201600029584,16,11,23,1145,1,1,1,1,2,447,4904898,614023,570,3,2,2,0,1,1,0,80,2,0,1,99,0
201600029585,16,11,23,1745,5,2,1,2,6,463,4911010,619960,570,4,2,2,0,2,1,0,100,2,0,1,0,0
201600029586,16,11,25,1636,2,2,1,1,3,463,4912104,616851,570,4,4,4,3,1,1,0,63,1,0,1,3,0
201600029587,16,11,28,1545,1,2,1,1,6,545,4913335,613023,570,4,2,0,0,1,1,0,54,1,0,1,99,0
201600029588,16,11,30,1345,1,1,1,1,6,463,4911170,617120,570,4,4,3,0,1,1,63,90,1,0,1,99,0
201600029590,16,12,6,1740,5,2,1,1,6,480,4909829,616085,570,4,2,3,0,1,1,0,93,1,0,1,3,0
201600029591,16,12,9,1610,1,2,1,1,6,463,4912047,617429,570,4,1,1,0,4,3,0,0,1,0,1,99,0
201600029592,16,12,9,1725,3,1,1,1,2,463,4911616,620679,570,2,4,2,0,1,1,0,95,1,0,1,99,0
201600029593,16,12,10,600,4,2,1,1,6,463,4912665,616163,570,4,2,3,0,1,1,0,100,2,2,1,99,0
201600029594,16,12,14,605,5,2,1,1,6,463,4911484,618940,570,4,3,4,0,1,1,23,70,2,0,1,0,0
201600029595,16,12,15,1730,3,2,1,1,5,463,4911823,621797,570,2,1,2,0,1,1,0,65,1,0,1,99,0
201600029596,16,12,22,1540,1,2,2,2,3,447,4907980,614988,570,4,2,2,0,1,1,0,64,2,0,1,0,0
201600029597,16,12,23,1800,5,2,1,1,6,463,4910435,616272,570,4,2,2,0,0,0,0,104,0,0,1,0,0
201600029598,16,1,19,1725,2,2,1,5,6,630,4873497,705033,570,4,2,2,0,0,0,0,0,0,0,1,99,0
201600029599,16,3,13,1650,1,2,2,1,3,630,4873625,705261,570,4,2,3,0,1,1,0,96,1,0,1,99,0
201600029600,16,3,21,800,1,2,1,1,6,630,4873501,704756,570,3,2,3,0,1,1,0,98,1,0,1,99,0
201600029601,16,3,29,1030,1,2,2,1,3,630,4873625,705261,570,4,2,3,0,1,1,0,96,1,5,1,99,0
201600029602,16,4,12,2138,3,1,1,1,3,119,4873644,708005,570,3,2,2,0,1,1,0,96,1,0,1,99,0
201600029603,16,4,13,1800,1,2,1,1,6,630,4874235,703267,570,3,2,2,0,4,1,0,64,2,0,3,99,0
201600029604,16,4,20,1400,1,2,6,1,3,566,4874475,710397,570,4,2,2,0,1,3,15,35,1,5,1,99,0
201600029605,16,4,21,1322,1,2,2,1,3,630,4874085,707390,570,3,0,2,0,2,1,0,0,1,5,0,99,0
201600029606,16,5,8,1100,1,2,3,7,6,630,4872625,705366,570,4,2,2,0,1,1,0,50,1,5,1,99,0
201600029607,16,5,11,1400,1,2,1,1,6,630,4872008,703633,570,4,2,0,0,0,0,0,0,0,0,1,0,0
201600029608,16,5,11,1034,1,1,1,1,7,630,4872777,702680,570,4,2,2,0,1,1,0,90,1,0,1,99,0
201600029609,16,6,27,520,2,2,3,1,7,630,4874691,707107,570,3,2,2,0,1,1,0,66,1,0,1,99,0
201600029610,16,8,13,1440,1,2,3,1,6,630,4873502,704941,570,4,2,2,0,1,1,0,72,1,0,1,99,0
201600029611,16,9,16,2000,2,2,1,1,7,630,4875208,706995,570,3,2,2,0,1,1,0,60,1,0,1,0,0
201600029612,16,9,22,830,1,2,1,1,1,630,4874248,703272,570,4,2,2,0,2,1,0,62,1,0,1,99,0
201600029613,16,9,24,1949,2,2,6,1,1,566,4874271,708663,570,3,2,2,0,1,1,0,70,1,0,1,99,0
201600029614,16,10,4,1250,1,2,3,1,2,630,4874073,707414,570,4,4,2,0,1,3,0,92,1,5,1,99,0
201600029615,16,10,5,1230,1,1,1,1,2,630,4875611,707062,570,3,2,2,0,2,3,0,60,1,0,1,99,0
201600029616,16,10,7,415,3,1,1,1,7,119,4870572,707040,570,4,2,1,0,1,1,0,50,2,0,3,99,0
201600029617,16,10,22,2040,5,2,1,1,2,630,4873729,706095,570,4,2,2,0,2,1,0,108,1,0,1,0,0
201600029618,16,10,23,1445,1,2,6,1,3,566,4874355,709620,570,3,2,2,0,1,1,0,0,1,0,1,99,0
201600029619,16,11,4,1800,3,2,2,1,3,630,4873452,708191,570,2,1,1,0,2,2,0,37,1,0,1,0,0
201600029620,16,11,22,1750,5,2,1,2,4,630,4874052,707455,570,3,2,2,0,1,1,0,90,2,0,1,0,0
201600029621,16,12,5,1330,1,2,1,1,6,630,4874521,703676,570,3,2,2,0,2,1,0,58,2,0,3,0,0
201600029622,16,12,7,940,1,2,1,8,6,566,4874323,709382,570,4,2,2,0,2,1,0,70,9,2,1,99,0
201600029623,16,12,22,1630,2,2,3,2,3,630,4874540,703645,570,4,2,2,0,2,1,0,59,2,5,1,99,0
201600029624,16,12,14,1724,5,2,1,8,7,630,4873882,706659,570,4,2,2,0,2,1,0,0,2,0,0,0,0
201600029625,16,1,7,1020,1,2,1,1,5,631,4910947,707183,570,3,2,4,0,1,1,0,120,2,0,1,0,1
201600029626,16,1,27,1840,1,1,1,1,6,631,4911341,707227,570,4,1,2,0,1,1,0,67,1,0,1,0,0
201600029627,16,2,26,850,1,2,1,1,6,631,4911341,707227,570,3,1,2,0,1,0,0,67,0,0,1,0,0
201600029628,16,2,28,515,5,2,1,1,3,631,4910052,706284,570,3,2,2,0,2,1,0,72,0,0,1,0,0
201600029629,16,3,15,1140,1,2,1,1,1,631,4910213,707644,570,3,2,0,0,1,4,0,68,1,0,1,0,0
201600029632,16,1,9,2115,5,2,3,1,6,672,4935652,615677,570,4,2,2,0,1,1,0,66,1,0,1,99,0
201600029633,16,12,27,1720,5,2,1,1,1,441,4937957,617238,570,3,2,2,0,1,1,0,108,2,0,1,99,0
201600029634,16,1,11,1120,1,1,1,5,6,672,4937705,609563,570,3,3,4,0,4,3,5,148,2,0,1,99,0
201600029635,16,1,12,1820,4,2,1,2,6,672,4935352,617890,570,3,3,4,0,1,3,22,178,2,0,1,99,0
201600029636,16,1,19,755,5,2,1,1,6,672,4935969,616896,570,4,3,4,0,1,1,68,182,1,0,1,99,0
201600029637,16,1,20,1430,1,2,1,1,6,672,4936643,615314,570,4,0,1,0,1,1,0,30,1,0,1,99,0
201600029638,16,2,4,132,3,2,1,1,6,221,4931688,614178,570,3,2,2,0,1,2,0,80,1,0,1,0,1
201600029639,16,2,12,1025,1,2,1,1,6,672,4935291,615927,570,4,2,2,0,1,1,0,86,1,0,1,99,0
201600029640,16,2,13,1930,3,2,1,3,6,757,4934745,619514,570,3,2,2,0,1,1,0,89,2,0,1,99,0
201600029641,16,2,14,1400,1,2,1,1,3,221,4932373,611581,570,4,2,2,0,1,1,0,112,2,0,1,99,0
201600029642,16,2,27,925,1,2,1,1,6,672,4935789,613008,570,6,0,1,0,1,1,0,60,1,6,1,99,0
201600029643,16,2,27,1745,1,2,1,1,3,757,4935874,618957,570,3,2,2,0,1,1,0,102,1,0,1,0,0
201600029644,16,3,15,1125,1,2,1,1,3,306,4932335,604340,570,3,2,2,0,1,1,0,102,1,0,1,0,0
201600029645,16,3,17,1740,1,2,1,1,2,757,4935150,617531,570,3,2,2,0,1,1,0,112,1,0,1,99,0
201600029646,16,3,26,600,1,1,1,2,6,672,4938524,606229,570,3,3,4,0,3,2,0,142,2,0,1,99,0
201600029647,16,3,26,1825,1,2,6,1,3,672,4935631,614349,570,4,1,2,0,1,2,100,80,1,5,1,0,0
201600029648,16,3,31,2115,5,2,6,3,3,672,4935776,613660,570,4,2,2,0,1,1,0,100,2,0,1,99,0
201600029649,16,4,7,1705,1,2,1,1,6,757,4936961,620793,570,4,2,2,0,0,0,0,78,0,0,1,0,1
201600029650,16,4,18,1430,1,1,1,1,1,221,4932393,611617,570,4,2,2,0,1,1,0,100,1,0,1,99,0
201600029651,16,4,20,1201,1,2,1,1,6,672,4936130,615773,570,4,1,2,0,1,1,0,122,1,0,1,3,0
201600029652,16,5,6,1115,1,2,1,1,3,672,4935792,616936,570,4,3,4,0,1,1,0,124,1,0,1,99,0
201600029653,16,5,6,1700,1,2,1,1,2,306,4933065,605840,570,3,2,2,0,1,1,0,88,1,0,1,99,0
201600029654,16,5,12,900,1,2,1,1,1,508,4934692,605525,570,3,2,2,0,2,2,0,67,1,0,1,0,0
201600029655,16,5,16,325,5,2,1,1,6,306,4932967,606040,570,3,2,2,0,1,1,0,70,1,0,1,99,0
201600029656,16,5,21,1040,1,2,1,1,2,672,4935666,616012,570,4,2,2,0,1,2,0,0,1,1,1,0,0
201600029657,16,5,25,700,1,1,1,1,1,672,4938211,611793,570,3,2,2,0,3,3,0,70,1,0,1,99,0
201600029658,16,5,26,1410,1,2,1,1,2,221,4932866,611645,570,3,2,2,0,1,1,0,78,1,0,1,99,0
201600029659,16,6,3,2000,1,1,1,1,6,508,4934230,604706,570,3,1,2,0,2,1,0,72,2,0,1,99,0
201600029660,16,6,16,1405,1,2,6,3,3,757,4935333,617934,570,3,2,2,0,1,1,0,102,2,0,1,99,0
201600029661,16,6,17,1100,1,2,2,1,6,757,4935812,618909,570,3,2,2,0,1,1,0,128,1,0,1,99,0
201600029662,16,7,4,1640,1,2,1,1,2,306,4932604,605160,570,3,2,2,0,1,1,0,78,1,0,1,99,0
201600029663,16,7,5,1630,1,2,1,1,6,672,4935938,613341,570,4,0,1,0,1,1,0,25,1,6,0,99,0
201600029664,16,7,8,2025,1,2,1,1,5,757,4935123,618678,570,4,2,2,0,2,1,0,60,1,0,1,99,0
201600029665,16,7,24,2340,5,2,1,1,3,672,4936456,610469,570,3,2,2,0,1,1,0,102,1,0,1,99,0
201600029666,16,8,24,1052,1,2,9,1,6,306,4932953,606585,570,4,2,2,0,3,1,0,57,1,2,1,0,0
201600029667,16,8,31,740,1,2,1,1,6,672,4936253,617431,570,4,1,1,0,1,2,0,70,1,0,1,0,0
201600029668,16,9,2,920,1,2,1,1,6,306,4932972,606168,570,4,2,2,0,1,1,0,0,1,0,1,3,0
201600029669,16,9,2,1150,1,2,1,1,6,672,4936243,616366,570,4,3,4,0,1,1,38,61,1,0,1,0,0
201600029670,16,9,11,1125,1,2,1,1,6,672,4935200,613933,570,4,2,2,0,0,1,0,78,1,0,1,99,0
201600029671,16,9,16,1135,1,1,1,1,6,306,4933058,606334,570,4,2,2,0,1,1,0,85,1,0,1,0,0
201600029672,16,9,19,1150,1,2,2,1,1,221,4932670,612785,570,3,4,3,0,1,1,0,0,1,0,1,0,0
201600029673,16,9,27,1440,1,2,1,1,3,672,4937059,615106,570,4,1,1,0,1,1,0,0,1,0,1,3,0
201600029674,16,10,5,830,1,1,1,1,6,672,4936858,615186,570,4,2,1,0,4,1,0,60,1,0,1,99,1
201600029675,16,10,11,1100,1,2,2,1,6,757,4935823,618918,570,3,2,2,0,1,1,0,110,1,0,1,0,0
201600029676,16,10,15,1205,1,2,1,1,6,672,4935730,613745,570,3,3,4,0,1,1,0,124,1,0,1,0,0
201600029677,16,11,7,1920,4,2,1,1,6,672,4937003,616922,570,2,2,2,0,1,1,0,108,1,0,0,0,0
201600029678,16,11,9,920,1,2,2,2,3,672,4936136,616551,570,4,3,4,0,1,1,0,128,2,0,1,99,0
201600029679,16,11,23,710,2,2,1,1,6,12,4935855,604823,570,3,2,2,0,2,2,0,61,2,0,1,99,1
201600029680,16,11,23,1800,5,2,3,2,6,221,4931733,611657,570,3,2,2,0,1,1,0,98,2,0,1,99,0
201600029681,16,11,23,1815,3,2,1,1,6,306,4932392,605584,570,4,2,1,0,1,1,0,61,1,0,1,99,0
201600029682,16,12,2,1730,5,2,1,2,5,666,4934518,611873,570,3,2,2,0,1,1,0,79,2,0,2,99,0
201600029683,16,12,3,900,1,2,1,1,1,672,4936832,615688,570,4,4,3,0,1,1,0,97,1,0,1,3,0
201600029684,16,12,5,1700,5,2,1,1,6,306,4933025,607313,570,3,4,3,0,1,1,0,100,1,0,1,99,0
201600029685,16,12,6,1720,5,2,1,1,6,672,4935663,615656,570,4,2,2,0,1,1,0,80,1,6,0,99,0
201600029686,16,12,6,1755,5,2,1,1,6,672,4936335,616117,570,4,2,2,0,1,1,0,85,1,0,1,3,0
201600029687,16,12,7,820,1,1,1,1,6,672,4936327,611270,570,3,3,4,0,1,3,60,98,1,0,1,99,0
201600029688,16,12,12,1750,5,2,1,1,3,757,4934398,617681,570,3,1,1,0,1,2,0,87,1,0,1,99,0
201600029689,16,12,16,1715,5,2,1,1,5,221,4932605,613121,570,4,2,2,0,1,1,0,94,1,0,1,99,0
201600029690,16,12,22,1755,5,2,1,2,6,672,4935654,615560,570,4,2,2,0,1,1,0,100,2,0,1,3,0
201600029691,16,7,3,1615,1,1,1,1,6,345,4796875,266051,450,3,2,2,0,1,3,0,60,1,0,3,99,0
201600029692,16,8,5,2015,1,1,1,1,6,345,4793588,267247,450,3,2,2,0,1,2,0,56,1,0,3,99,0
201600029695,16,6,10,1400,1,2,1,1,6,308,4169773,906727,201,3,2,2,0,2,2,0,60,1,0,0,0,0
201600029697,16,11,8,1640,1,2,1,1,6,142,4170604,912555,201,3,2,2,0,1,1,0,0,1,0,1,99,0