Num_Acc,an,mois,jour,hrmn,lum,agg,int,atm,col,com,lat,long,dep,catr,circ,nbv,vosp,prof,plan,lartpc,larrout,surf,infra,situ,env1,killed
201600029698,16,12,25,115,3,1,1,1,6,142,4170803,913698,201,3,2,2,0,1,2,0,55,1,0,1,99,0
201600029699,16,7,14,730,1,1,1,1,3,27,4318171,251407,110,1,3,2,3,1,1,25,74,1,0,1,0,0
201600029700,16,7,14,1130,1,1,1,1,2,281,4325725,203287,110,1,3,2,0,1,1,20,100,1,0,1,0,0
201600029701,16,7,30,515,3,1,1,1,6,151,4319444,244603,110,1,3,2,3,1,1,116,90,1,0,1,0,1
201600029702,16,9,20,745,1,1,1,1,2,199,4320337,225765,110,1,1,2,3,0,1,50,85,1,0,1,0,0
201600029704,16,10,29,1355,1,2,1,1,2,650,4944222,635317,570,3,2,2,0,1,1,0,75,1,0,1,99,0
201600029705,16,1,23,1215,1,2,1,1,7,100,4652640,26724,860,4,2,2,0,2,2,0,104,1,5,1,0,0
201600029709,16,1,8,1305,1,2,1,2,6,194,4699764,316440,580,4,2,2,0,1,1,0,56,2,0,1,99,0
201600029711,16,1,12,955,1,2,1,1,6,194,4698928,315039,580,4,1,0,0,1,3,0,0,1,0,1,99,0
201600029713,16,1,27,1245,1,2,1,1,7,194,4698139,316442,580,4,2,0,0,1,1,0,65,1,0,1,0,0
201600029715,16,1,27,1340,1,2,1,1,1,194,4699041,316554,580,4,2,2,0,1,1,0,54,1,0,1,99,0
201600029718,16,2,11,1018,1,2,1,1,6,194,4698611,317276,580,4,2,2,0,1,1,0,160,1,0,1,0,0
201600029719,16,2,24,1120,1,2,1,2,6,194,4699242,314493,580,4,2,2,0,1,1,0,33,2,0,1,0,0
201600029720,16,3,4,1055,1,2,1,3,2,194,4698887,317477,580,4,2,2,0,1,1,0,97,2,0,1,0,0
201600029721,16,3,10,1620,1,2,1,1,7,194,4699105,316980,580,4,2,2,0,1,1,0,0,1,0,4,99,0
201600029724,16,3,17,1115,1,2,7,1,6,194,4699124,315719,580,4,2,0,0,1,1,0,0,1,0,1,99,0
201600029725,16,3,19,1115,1,2,2,1,3,194,4699409,313619,580,4,2,2,0,1,1,0,91,1,5,1,99,0
201600029726,16,3,23,1330,1,2,1,1,6,194,4699251,313550,580,4,2,0,0,1,1,0,60,1,0,1,3,0
201600029727,16,3,31,750,1,2,2,1,3,194,4699412,313629,580,4,2,2,0,1,1,0,71,1,5,1,99,0
201600029730,16,4,6,1600,1,2,1,1,2,194,4698222,315995,580,4,2,0,0,1,1,0,126,1,2,1,99,0
201600029731,16,4,15,1305,1,2,1,1,6,194,4699087,315942,580,4,1,1,0,1,1,0,60,1,0,1,99,0
201600029732,16,4,18,1720,1,2,3,1,1,194,4700426,315413,580,4,2,3,0,1,1,27,216,1,0,1,0,0
201600029733,16,4,22,1130,1,2,6,1,2,194,4697800,312497,580,4,2,2,0,1,1,0,60,1,0,0,99,0
201600029734,16,4,30,2230,5,2,1,2,6,194,4700090,315604,580,4,2,2,0,1,1,0,0,2,0,1,99,0
201600029738,16,5,17,950,1,2,6,1,2,194,4699239,314878,580,4,2,3,0,1,1,0,53,1,0,1,99,0
201600029739,16,5,29,1620,1,2,1,1,7,194,4698326,314904,580,4,2,2,0,1,1,0,50,1,0,1,0,0
201600029740,16,5,29,510,5,2,1,2,7,194,4699191,315854,580,4,2,2,0,1,1,0,60,2,0,1,0,0
201600029748,16,6,21,1604,1,2,1,1,6,194,4698891,315089,580,4,1,1,0,1,0,0,90,1,0,4,99,0
201600029749,16,7,1,1030,1,2,3,1,6,194,4699178,317072,580,4,2,2,0,1,1,0,92,1,0,1,99,0
201600029750,16,7,9,1800,1,2,3,1,2,194,4699418,315911,580,4,0,0,0,1,1,0,154,1,0,0,99,0
201600029757,16,7,27,900,1,2,3,1,1,194,4698881,312672,580,4,2,2,0,0,0,0,0,0,0,1,0,0
201600029759,16,7,7,2330,5,2,1,1,2,194,4698830,315773,580,4,1,1,0,2,1,0,0,1,0,1,99,0
201600029761,16,7,6,2215,4,2,1,1,7,194,4699340,316316,580,4,1,1,0,1,1,0,93,1,0,1,99,0
201600029764,16,8,29,2255,5,2,1,1,3,194,4699151,314938,580,4,2,2,0,1,2,0,60,1,0,1,0,0
201600029765,16,8,31,1450,1,2,1,1,7,194,4698708,312391,580,4,2,2,0,2,1,0,65,1,0,1,0,0
201600029766,16,9,1,1718,1,2,1,1,2,194,4698703,314747,580,4,2,2,0,1,1,0,60,1,0,1,0,0
201600029769,16,9,8,730,1,2,6,1,3,194,4698500,318600,580,4,2,2,0,0,0,0,0,0,0,1,0,0
201600029771,16,9,15,1740,1,2,1,1,3,194,4698376,315323,580,4,2,2,0,1,1,0,141,1,0,1,99,0
201600029773,16,9,26,1420,1,2,1,1,2,194,4698509,317603,580,4,2,2,0,0,0,0,0,0,0,1,0,0
201600029774,16,9,27,1110,1,2,1,1,7,194,4699091,316277,580,4,2,2,0,1,1,0,81,1,0,1,0,0
201600029775,16,9,27,1615,1,2,3,1,4,194,4699826,316558,580,4,2,2,0,0,0,0,0,0,0,1,0,0
201600029776,16,10,7,800,1,2,3,1,6,194,4698755,315175,580,4,1,0,0,0,0,20,60,0,0,1,0,0
201600029779,16,10,28,1715,1,2,2,1,3,194,4699253,313542,580,4,2,2,0,1,1,0,60,1,0,1,99,0
201600029780,16,11,1,1820,5,2,2,1,6,194,4699856,316460,580,4,2,2,0,1,1,0,85,1,0,1,99,0
201600029781,16,10,27,1630,1,2,1,1,6,194,4698681,316217,580,4,0,2,0,1,1,20,60,1,0,0,99,0
201600029782,16,11,7,1755,2,2,1,2,4,194,4698378,312292,580,4,2,2,0,1,1,0,75,2,0,1,0,0
201600029783,16,11,7,1815,5,2,2,3,6,194,4699100,315700,580,4,2,2,0,1,1,20,60,2,6,1,99,0
201600029784,16,11,5,1350,1,2,3,1,3,194,4699954,318870,580,4,2,2,0,0,0,0,0,0,0,1,0,0
201600029787,16,11,23,1135,1,2,1,1,3,194,4699571,312444,580,4,2,2,0,1,1,0,60,1,0,1,0,0
201600029788,16,11,29,720,2,2,6,1,3,194,4699505,316874,580,4,2,2,0,1,1,0,0,1,0,1,99,0
201600029789,16,11,30,740,1,2,1,1,6,194,4699068,315891,580,4,1,1,0,1,1,0,95,1,0,1,0,0
201600029791,16,12,8,1755,5,2,1,1,1,194,4699399,315343,580,4,2,2,0,1,1,0,60,1,0,1,3,0
201600029793,16,12,9,1925,5,2,1,1,2,194,4699454,315857,580,4,2,2,0,1,1,0,182,1,0,1,99,0
201600029794,16,12,14,1810,5,2,1,1,7,194,4699373,317384,580,4,2,2,0,1,1,0,95,1,0,4,99,0
201600029795,16,12,15,1545,1,2,3,1,3,194,4699000,317000,580,3,1,1,0,1,1,20,60,1,0,0,99,0
201600029797,16,12,22,20,5,2,3,9,2,194,4698500,320000,580,3,2,2,0,0,0,0,0,0,0,1,0,0
201600029798,16,12,25,1005,1,2,1,1,6,194,4698902,317181,580,4,2,0,0,1,1,0,60,1,0,1,0,0
201600029799,16,12,24,1740,2,2,1,1,7,194,4699157,317037,580,4,2,2,0,1,3,0,0,1,0,1,0,0
201600029800,16,12,26,2045,5,2,1,2,7,194,4699392,315341,580,4,2,2,0,1,1,0,60,2,0,1,0,0
201600029801,16,12,27,520,5,2,1,8,7,194,4698866,316388,580,4,1,1,0,1,2,0,54,1,0,1,0,0
201600029808,16,10,12,1115,1,2,1,1,6,64,4546229,476863,690,3,2,2,0,1,1,0,0,1,0,1,3,1
201600029809,16,12,20,645,1,2,1,1,6,189,4552088,486264,690,4,0,2,0,1,1,0,0,1,0,1,99,0
201600029810,16,1,2,1930,4,2,1,2,6,52,4914490,228610,950,3,2,2,0,3,1,0,0,2,0,1,99,0
201600029812,16,6,14,1930,1,2,1,1,3,487,4915640,226540,950,3,2,2,0,1,1,0,0,1,0,1,99,0
201600029813,16,9,6,1630,1,2,1,1,6,52,4913730,228280,950,3,2,2,0,1,1,0,0,1,0,1,3,0
201600029814,16,10,27,1315,1,2,8,1,6,116,4915520,232640,950,9,0,0,0,1,1,0,0,1,4,0,99,1
201600029815,16,11,28,130,3,1,6,1,6,58,4916480,229430,950,3,1,1,0,1,2,0,0,1,5,1,99,0
201600029816,16,12,9,815,2,1,1,2,3,436,4912760,225270,950,3,2,2,0,2,2,0,0,2,0,1,99,0
201600029818,16,2,12,1830,3,1,1,8,6,313,4909240,220960,950,3,2,2,0,1,1,0,0,1,0,3,99,0
201600029819,16,3,30,1900,2,1,1,2,5,313,4910580,225950,950,1,3,4,0,1,1,0,0,2,0,1,99,0
201600029820,16,4,8,1130,1,1,6,1,2,313,4911890,223140,950,3,1,2,0,1,3,0,0,1,0,1,99,0
201600029821,16,7,7,2315,5,2,7,1,6,313,4911070,221210,950,6,0,0,0,1,1,0,0,1,0,1,99,0
201600029822,16,8,26,845,1,2,7,1,6,313,4911270,221760,950,6,0,0,0,1,1,0,0,1,0,1,99,0
201600029823,16,10,14,1245,1,1,1,1,1,313,4910630,223650,950,4,1,1,0,3,2,0,0,2,0,1,99,0
201600029824,16,10,14,2045,5,2,1,2,3,313,4911280,221340,950,3,1,1,0,1,1,0,0,2,0,1,99,0
201600029831,16,1,30,1900,3,1,3,1,3,317,5070068,293250,590,3,3,2,2,1,3,0,0,1,5,1,99,1
201600029865,16,12,5,1000,1,1,3,1,3,431,5068395,281443,590,3,2,2,0,1,1,0,63,1,0,1,99,0
201600029869,16,7,3,2255,5,2,6,1,6,33,5019947,384097,590,3,2,2,0,1,3,0,0,9,5,0,3,0
201600029882,16,2,24,120,5,2,3,2,3,253,5043233,357633,590,4,2,2,0,1,1,0,65,2,0,1,0,0
201600029885,16,7,3,240,5,2,1,1,6,530,5044848,365515,590,4,2,1,0,1,0,0,0,1,0,4,0,1
201600029886,16,10,3,1650,1,2,1,1,6,253,5043210,357600,590,3,2,2,0,1,1,0,80,1,0,1,99,0
201600029890,16,11,22,1615,1,2,1,1,6,172,5032678,339931,590,4,1,1,0,1,1,0,41,1,0,1,3,0
201600029892,16,1,1,900,1,2,1,1,6,446,5035943,344517,590,3,2,2,0,1,2,0,61,1,0,1,99,1
201600029893,16,12,5,1610,1,2,1,1,1,632,5040651,340540,590,4,2,2,0,1,2,0,102,1,0,1,99,0
201600029895,16,12,11,2010,3,2,1,1,6,179,5030148,338648,590,4,2,2,0,1,1,0,60,1,0,1,99,0
201600029896,16,1,17,1920,3,2,1,1,6,205,5032956,332444,590,3,2,2,0,1,1,0,65,1,0,1,99,1
201600029897,16,2,4,1840,2,2,1,2,6,361,5031541,334411,590,4,2,2,0,1,1,0,65,2,0,1,0,0
201600029898,16,3,3,1620,1,2,1,1,6,172,5032194,337552,590,4,2,2,0,1,1,0,65,1,0,1,0,0
201600029899,16,2,20,1300,1,2,3,1,3,172,5031644,341075,590,3,1,1,0,1,1,0,50,1,0,1,0,0
201600029900,16,2,27,435,5,2,1,1,6,361,5019016,21423,590,4,2,2,0,1,1,0,60,1,0,1,0,0
201600029901,16,4,8,1745,1,2,1,1,2,361,5031277,334666,590,4,2,2,0,1,1,0,80,1,0,1,99,0
201600029902,16,4,2,1800,1,2,1,1,6,632,5036997,340958,590,3,2,2,0,1,1,0,70,1,0,1,0,0
201600029903,16,4,16,930,1,2,9,1,6,64,5036519,343191,590,6,2,2,3,1,1,0,60,1,0,1,0,0
201600029904,16,5,27,1540,1,2,9,1,6,172,5032900,340541,590,3,2,2,0,1,1,0,80,1,0,1,99,0
201600029905,16,7,18,1330,1,2,1,1,6,361,5031488,335305,590,4,2,2,0,1,1,0,60,1,0,1,0,0
201600029907,16,7,11,1610,1,2,2,1,3,179,5030322,338972,590,4,2,2,0,1,1,0,100,1,0,1,0,0
201600029908,16,7,24,2320,5,2,1,1,6,651,5033066,341619,590,4,2,2,0,1,1,0,91,1,0,1,0,0
201600029910,16,7,30,1545,1,1,1,1,6,302,5036490,344745,590,3,2,2,0,1,1,0,70,1,0,1,0,1
201600029911,16,8,28,1310,1,2,1,1,2,172,5032775,339640,590,4,2,2,0,1,1,0,70,1,0,1,99,0
201600029912,16,9,12,910,1,2,1,7,6,172,5032686,339568,590,4,1,1,0,1,1,0,55,1,0,1,0,0
201600029913,16,10,28,1515,1,2,9,1,3,504,5030758,332680,590,4,2,2,0,1,1,0,61,1,0,1,0,0
201600029914,16,10,14,1545,1,2,1,1,1,205,5031781,334265,590,4,2,2,0,1,1,0,60,1,0,1,99,0
201600029916,16,12,22,545,3,1,1,8,6,345,5033585,315944,590,3,2,2,0,1,1,0,68,2,0,3,99,0
201600029917,16,12,12,1710,3,2,3,1,3,178,5039133,313166,590,4,2,2,0,1,1,0,60,1,0,1,99,0
201600029918,16,12,7,2310,5,2,1,1,1,486,5042134,313734,590,3,3,2,0,1,3,0,79,1,0,1,99,0
201600029919,16,1,6,2030,5,2,3,8,3,234,5039811,308138,590,3,2,2,0,1,1,0,80,2,0,1,0,0
201600029920,16,1,13,1140,1,2,1,1,6,178,5036261,307833,590,3,2,4,0,1,1,0,100,1,0,1,0,0
201600029921,16,2,3,1445,1,2,1,1,6,178,5036722,308150,590,4,1,2,0,1,1,0,60,2,0,1,99,0
201600029922,16,1,29,820,2,1,1,1,3,165,5038086,302691,590,3,2,2,0,1,3,0,106,2,0,1,99,0
201600029923,16,2,16,920,1,1,1,9,6,509,5042266,310647,590,4,0,2,0,1,1,0,42,1,0,4,99,0
201600029924,16,3,11,2350,3,1,1,1,1,165,5037775,302822,590,3,2,2,0,2,1,0,0,1,0,1,99,1
201600029925,16,3,22,1950,3,1,1,1,1,170,5036219,314383,590,3,2,2,0,1,1,0,59,1,0,1,99,0
201600029926,16,2,26,1100,1,2,1,1,6,170,5035352,312536,590,3,0,2,0,1,1,10,65,1,0,0,0,0
201600029927,16,2,24,2000,5,2,2,1,3,276,5034808,314302,590,3,2,2,0,1,1,0,80,1,0,1,99,0
201600029928,16,2,24,820,1,2,1,9,6,509,5041952,310658,590,3,2,2,0,1,1,0,80,1,0,1,99,0
201600029929,16,3,9,1015,1,2,9,2,6,569,5034211,309672,590,6,1,2,0,1,1,0,62,2,0,1,0,0
201600029930,16,3,15,1900,5,2,2,1,3,8,5032697,324775,590,3,2,2,0,1,1,0,70,1,0,1,99,0
201600029931,16,3,14,1830,2,1,1,1,3,203,5035275,331794,590,3,0,2,0,1,0,0,60,1,0,1,99,0
201600029932,16,3,3,740,2,1,1,8,3,569,5038300,313205,590,3,2,1,0,1,3,135,105,2,3,1,99,0
201600029933,16,3,30,900,1,1,3,1,5,569,5037880,313161,590,4,2,2,0,1,1,0,55,1,0,1,99,0
201600029934,16,3,27,400,3,1,1,2,2,486,5042678,315149,590,3,2,2,2,1,1,0,63,2,0,1,0,1
201600029935,16,3,29,1620,1,2,9,1,6,178,5040283,312155,590,3,2,2,0,1,1,0,100,1,0,1,3,0
201600029936,16,4,6,955,1,1,6,1,6,170,5034944,312647,590,4,2,2,0,1,1,0,68,1,0,1,99,0
201600029937,16,5,5,1330,1,2,4,1,6,2,5023228,307216,590,3,2,2,0,1,1,0,70,1,0,0,99,0
201600029938,16,4,15,850,1,2,1,1,6,486,5041327,313547,590,3,2,2,0,1,1,0,72,1,0,1,99,0
201600029939,16,4,19,1655,1,2,3,1,6,574,5035375,327977,590,4,2,2,0,1,1,0,56,1,0,1,99,0
201600029940,16,4,29,1430,1,1,1,2,5,375,5041794,326797,590,3,2,2,1,1,1,0,60,2,0,1,99,0
201600029941,16,6,3,1850,1,2,3,1,6,569,5021496,306464,590,3,2,2,0,1,1,0,86,1,0,1,99,0
201600029942,16,5,16,1050,1,2,2,1,2,8,5032397,325266,590,3,2,2,0,1,1,0,68,1,0,1,3,0
201600029943,16,6,7,1345,1,2,3,1,3,178,5023424,306100,590,3,2,2,0,1,1,0,85,1,0,1,99,0
201600029944,16,6,9,1415,1,2,1,1,2,390,5021098,311580,590,3,2,2,1,1,1,0,66,1,0,1,99,0
201600029945,16,6,6,1640,1,2,3,1,3,375,5025517,315402,590,3,2,3,0,1,1,0,150,1,5,1,3,0
201600029946,16,7,14,1600,1,2,1,1,7,178,5038057,308775,590,4,3,2,2,1,2,0,53,1,2,1,99,1
201600029947,16,7,3,1830,1,2,6,1,3,178,5037913,308058,590,3,2,2,0,1,1,72,104,1,0,1,3,0
201600029948,16,5,30,1630,1,2,1,3,6,178,5023415,305122,590,3,0,0,0,1,1,0,70,3,0,0,99,0
201600029949,16,7,9,1845,1,2,1,1,2,486,5042383,314072,590,3,2,2,0,1,1,0,70,1,0,1,99,0
201600029950,16,6,25,2145,5,2,1,1,6,276,5020476,308503,590,3,2,2,0,1,1,50,60,1,0,1,99,0
201600029951,16,7,1,2240,5,2,1,8,3,574,5037161,326700,590,3,2,2,0,1,1,0,66,2,0,1,99,0
201600029952,16,7,22,1835,1,2,2,1,3,574,5037097,326772,590,4,2,2,0,1,1,0,50,1,0,1,3,0
201600029953,16,8,15,1435,1,2,3,1,3,509,5041772,309883,590,3,2,2,0,1,1,0,80,1,0,1,3,0
201600029954,16,8,27,330,5,2,1,1,7,8,5032972,324436,590,4,2,2,0,1,2,0,58,1,0,1,99,0
201600029955,16,8,16,1115,1,2,3,1,3,239,5042916,316891,590,3,2,2,0,1,1,0,60,1,0,1,99,0
201600029956,16,9,1,2330,5,2,2,1,3,178,5039077,308103,590,3,2,2,0,1,1,0,100,1,0,1,99,0
201600029957,16,8,9,1230,1,1,1,1,5,569,5035779,312198,590,3,2,2,0,1,2,0,76,1,0,1,99,0
201600029958,16,9,2,1410,1,2,3,1,6,178,5036082,307878,590,3,4,3,2,1,1,0,90,1,0,1,99,0
201600029959,16,9,12,840,1,2,1,7,6,574,5037134,326950,590,3,2,2,0,1,1,0,70,1,0,1,99,0
201600029961,16,9,12,1645,1,2,3,1,5,390,5033918,318229,590,3,3,4,3,1,1,0,135,1,0,1,99,0
201600029962,16,10,1,1010,1,2,1,1,6,178,5037652,307629,590,3,3,2,0,1,1,0,41,1,0,1,99,0
201600029963,16,9,19,935,1,2,2,1,3,574,5035846,328387,590,3,2,2,0,1,1,0,80,1,0,1,0,0
201600029964,16,10,1,2340,5,2,1,1,3,178,5036864,307848,590,4,2,2,0,1,1,0,65,1,0,1,99,0
201600029965,16,10,3,1710,1,2,1,1,6,178,5037403,308644,590,4,2,2,0,1,1,0,60,1,0,1,3,0
201600029966,16,10,14,1330,1,2,3,1,3,178,5039077,308102,590,3,2,2,0,3,1,0,80,1,0,1,99,0
201600029967,16,10,18,730,5,2,3,1,5,509,5041314,310850,590,3,2,2,1,1,1,0,72,2,0,1,99,0
201600029968,16,11,5,55,5,2,1,2,6,28,5041326,306490,590,3,2,2,0,1,1,0,68,2,0,1,0,0
201600029969,16,10,22,1955,3,1,1,1,6,569,5035302,312201,590,3,2,2,0,1,1,0,60,1,0,1,99,0
201600029970,16,11,1,920,1,2,7,1,6,629,5039363,323182,590,3,2,2,0,1,3,0,60,1,0,1,99,0
201600029971,16,10,22,1055,1,2,1,1,6,486,5041391,313570,590,3,2,2,0,1,1,0,80,1,0,1,99,0
201600029972,16,10,29,1515,1,2,2,1,3,569,5036995,310188,590,4,2,2,0,1,1,0,60,1,0,1,99,0
201600029973,16,11,19,335,5,1,1,1,6,170,5034508,311223,590,9,2,2,0,1,1,34,73,2,0,1,99,1
201600029974,16,11,12,1825,3,1,1,1,2,569,5035888,312239,590,3,2,2,0,3,1,0,68,1,2,1,99,0
201600029975,16,12,2,1815,5,2,3,2,6,456,5037742,321422,590,3,2,2,0,1,1,0,60,2,0,1,0,0
201600029976,16,1,10,1820,1,2,2,1,3,183,5102605,231786,590,3,2,2,0,1,1,0,85,2,0,1,99,0
201600029978,16,1,12,1615,1,2,1,1,6,183,5104105,238711,590,4,3,2,0,0,0,0,0,0,0,1,0,0
201600029979,16,1,21,1205,1,2,1,1,6,183,5102775,236369,590,4,1,0,0,0,0,0,0,0,0,1,0,0
201600029980,16,1,31,1635,1,2,1,1,6,183,5104050,237947,590,4,3,2,0,0,0,0,0,0,0,1,0,0
201600029981,16,2,4,1350,1,2,1,2,6,183,5102361,232761,590,3,3,2,0,2,1,15,135,2,5,1,99,0
201600029982,16,2,6,1850,3,2,6,1,3,183,5101780,233294,590,4,2,2,0,0,0,0,0,0,0,1,0,0
201600029985,16,2,16,1250,1,2,1,1,6,271,5102333,231755,590,3,1,2,0,1,0,0,0,0,0,1,0,0
201600029986,16,2,20,1625,1,2,2,1,1,183,5102380,224144,590,4,2,2,0,0,0,0,0,0,0,1,0,0
201600029988,16,2,24,1650,1,2,1,1,6,183,5103538,237250,590,4,0,0,0,0,0,0,0,0,0,1,99,0
201600029989,16,3,12,1455,1,2,1,1,6,183,5104802,238563,590,3,0,0,0,1,1,0,0,1,0,0,99,0
201600029990,16,3,18,2315,4,2,6,2,6,183,5102297,231936,590,3,3,4,0,0,3,0,76,2,0,3,99,0
201600029991,16,3,26,930,1,1,1,1,6,155,5102343,241049,590,3,3,3,0,2,2,37,37,1,3,2,99,1
201600029992,16,4,12,1455,1,2,2,1,3,183,5102036,235180,590,4,2,2,0,0,0,0,0,0,0,1,0,0
201600029993,16,4,17,1745,1,2,2,1,1,155,5101133,221065,590,4,2,0,0,0,0,0,0,0,0,1,0,0
201600029994,16,4,23,100,5,2,3,3,3,183,5103261,237852,590,4,1,0,0,1,1,0,0,2,0,1,0,0
201600029998,16,5,4,1535,1,1,1,1,2,359,5098412,220941,590,2,2,0,0,0,0,0,0,0,0,1,0,1
201600029999,16,5,3,1110,1,2,1,1,6,183,5104763,238969,590,4,0,0,0,1,1,0,90,1,0,1,99,0
201600030000,16,5,7,45,4,2,4,1,6,155,5102883,240513,590,1,0,0,0,1,3,0,0,1,0,0,0,0
201600030001,16,5,17,1900,1,2,1,1,6,540,5101430,221374,590,4,2,0,0,1,1,0,0,1,0,0,0,0
201600030002,16,5,26,1850,1,1,1,1,6,183,5102830,236830,590,4,1,0,0,1,1,0,0,1,0,4,99,0
201600030003,16,5,24,2300,3,2,2,1,3,271,5101505,230755,590,4,0,0,0,1,1,0,0,1,0,0,99,0
201600030004,16,6,2,2000,1,1,1,1,1,273,5059455,210006,590,3,2,0,0,1,1,0,68,8,0,1,99,0
201600030005,16,6,9,1925,1,2,1,1,5,155,5101277,223425,590,4,2,0,0,1,1,0,0,1,0,1,0,0
201600030007,16,6,14,750,1,2,1,2,3,183,5101459,222250,590,4,2,4,0,1,1,0,115,1,0,1,99,0
201600030008,16,6,16,2050,1,2,1,1,6,183,5104560,243073,590,3,2,2,0,1,2,0,69,1,0,3,99,1
201600030012,16,7,4,15,5,2,3,1,3,540,5101368,101367,590,4,2,1,0,0,0,0,0,0,0,1,0,0
201600030014,16,7,10,2350,5,2,2,1,6,183,5103447,238088,590,4,2,0,0,0,0,0,0,0,0,1,0,0
201600030015,16,7,15,1810,1,2,1,1,1,155,5101152,238702,590,4,2,2,0,0,0,0,0,0,0,1,0,0
201600030017,16,7,30,540,1,2,1,1,3,273,5098519,212827,590,4,2,2,0,1,1,0,0,1,0,1,0,0
201600030023,16,8,30,900,1,1,2,1,6,359,5099925,223504,590,3,3,2,0,1,1,0,0,1,5,3,99,1
201600030024,16,9,2,840,1,2,1,1,6,183,5102922,237155,590,2,1,3,0,1,1,0,100,1,0,1,0,0
201600030025,16,9,8,2300,3,1,1,1,7,183,5105280,234730,590,5,2,2,3,0,0,0,0,1,0,0,0,1
201600030028,16,9,23,1600,1,2,1,1,6,271,5101019,229002,590,3,2,2,0,1,1,0,0,1,0,1,0,0
201600030029,16,10,2,2120,3,2,1,1,7,183,5102922,237155,590,4,2,2,0,1,1,0,41,2,0,3,99,0
201600030031,16,10,4,1750,2,2,2,1,4,155,5103111,240611,590,3,2,2,0,0,0,0,0,0,0,1,0,0
201600030040,16,11,29,800,1,2,2,1,3,183,5103000,241000,590,3,2,1,0,0,0,0,0,0,0,1,0,0
201600030053,16,8,11,1510,1,1,1,2,6,104,5029631,403430,590,4,2,2,0,1,1,0,56,2,0,3,99,0
201600030056,16,1,1,305,5,2,1,1,6,350,5038090,335900,590,4,2,1,0,1,1,0,160,1,0,1,99,0
201600030057,16,10,23,1205,1,2,2,1,6,360,5061008,302063,590,4,0,0,0,0,0,0,0,0,0,0,0,0
201600030058,16,1,4,815,1,2,1,2,6,350,5063724,305148,590,4,3,2,0,1,1,10,60,2,0,1,99,0
201600030061,16,1,7,1300,1,2,2,2,3,350,5062056,62056,590,2,1,1,0,1,1,0,25,2,0,1,0,0
201600030062,16,1,9,800,5,2,2,2,3,350,5063050,303467,590,3,2,2,1,1,1,0,50,2,5,1,3,0
201600030063,16,1,9,440,5,2,1,1,2,350,5062631,304030,590,3,2,3,1,1,1,0,107,1,5,0,99,0
201600030064,16,1,10,425,5,2,2,1,3,350,5062399,304321,590,4,2,4,2,1,1,15,60,2,5,1,0,0
201600030067,16,1,11,750,5,1,3,2,3,378,5067310,309210,590,4,2,2,0,1,1,0,0,2,0,1,0,0
201600030068,16,1,8,1020,1,2,1,1,3,350,5063662,303618,590,3,2,4,0,1,1,0,0,1,2,1,99,0
201600030069,16,1,12,1850,5,1,1,8,6,410,5064203,310973,590,3,2,1,1,1,1,0,100,2,0,1,0,0
201600030070,16,1,12,950,1,2,2,7,6,386,5066579,304440,590,4,2,2,0,1,1,0,0,2,5,1,99,1
201600030071,16,1,18,850,1,2,1,9,6,378,5066224,310359,590,4,2,1,0,1,1,0,0,1,0,1,3,0
201600030072,16,1,21,220,5,2,2,1,3,350,5063151,305969,590,3,1,2,1,1,1,0,79,1,0,1,0,0
201600030073,16,1,12,1945,5,1,1,1,2,350,5063984,307919,590,4,2,2,0,1,2,0,0,1,0,0,99,0
201600030074,16,1,22,855,1,2,1,1,6,527,5066704,305103,590,3,2,2,2,1,1,0,0,1,0,1,99,1
201600030075,16,1,25,1555,1,2,1,1,6,9,5062200,312894,590,4,1,1,1,1,1,0,0,1,0,1,3,0
201600030076,16,11,23,1230,1,2,1,1,2,350,5062801,305126,590,3,2,1,0,1,1,0,0,1,0,1,0,0
201600030077,16,1,30,235,5,2,1,2,1,378,5066530,310325,590,3,3,2,0,1,3,2,70,1,1,1,99,0
201600030078,16,1,12,820,2,2,1,1,6,220,5060970,306346,590,9,1,1,0,1,1,0,0,2,0,1,99,0
201600030079,16,1,19,1600,1,2,1,1,6,350,5038180,4145,590,4,2,4,3,1,1,0,0,1,0,1,3,0
201600030080,16,1,8,1755,2,2,9,1,6,350,5037490,56,590,4,2,2,0,1,1,0,0,1,0,1,0,0
201600030081,16,1,28,1850,3,1,1,1,6,220,5035037,303370,590,3,2,2,0,1,1,0,0,1,0,3,0,0
201600030082,16,2,3,1405,1,2,1,1,6,360,5060088,304536,590,3,2,2,0,1,1,0,0,1,0,1,0,0
201600030084,16,2,18,1730,2,2,2,4,6,350,5061981,305444,590,4,3,4,2,1,1,0,0,2,0,1,3,0
201600030086,16,12,12,1835,5,2,1,3,6,527,5065918,305186,590,3,2,2,0,1,1,0,0,2,0,1,99,0
201600030088,16,12,13,930,1,1,2,2,3,9,5063000,313000,590,3,1,0,0,1,1,0,0,2,1,1,99,0
201600030090,16,2,17,2030,5,2,2,1,6,350,5063569,305959,590,4,0,0,1,1,1,0,0,1,0,1,99,0
201600030093,16,2,19,1105,1,2,1,1,1,378,5066602,307622,590,3,3,4,0,1,1,0,0,1,0,1,99,0
201600030094,16,1,30,245,5,2,2,3,3,350,5062394,304317,590,4,0,0,0,0,0,0,0,0,0,0,0,0
201600030099,16,3,7,2250,5,2,1,1,6,560,5054736,302725,590,3,2,2,0,1,1,0,90,2,0,4,0,0