Num_Acc,an,mois,jour,hrmn,lum,agg,int,atm,col,com,lat,long,dep,catr,circ,nbv,vosp,prof,plan,lartpc,larrout,surf,infra,situ,env1,killed
201600030102,16,3,3,800,1,2,2,1,6,457,5066930,297552,590,4,2,0,0,1,1,0,0,1,0,1,3,0
201600030104,16,3,13,1245,1,2,3,1,1,360,5059025,303519,590,3,4,3,0,2,1,0,0,1,5,1,99,0
201600030108,16,2,21,1750,1,2,1,1,2,350,5061922,304133,590,4,2,2,0,1,1,0,0,1,0,1,0,0
201600030109,16,3,21,1330,1,2,3,1,3,360,5060416,302805,590,3,2,5,0,1,1,0,0,1,5,1,99,0
201600030110,16,3,7,1130,1,2,1,8,3,350,5062822,305800,590,4,2,2,0,1,1,0,0,2,0,1,99,0
201600030112,16,2,15,1920,5,2,3,1,6,350,5060655,304508,590,4,2,2,0,1,2,0,0,1,0,1,0,0
201600030113,16,2,8,1855,5,2,1,3,7,648,5058750,305144,590,9,3,4,0,1,1,0,0,2,6,1,99,0
201600030114,16,4,4,1040,1,2,1,1,6,350,5060916,305994,590,3,2,4,0,1,1,0,0,1,0,1,0,0
201600030117,16,4,7,1450,1,2,2,1,1,360,5060166,303966,590,3,2,3,2,1,1,0,0,1,0,1,0,0
201600030118,16,1,27,2115,5,2,5,1,6,350,5063433,304883,590,9,2,2,1,1,1,0,0,1,0,1,0,0
201600030121,16,4,17,430,5,2,2,1,3,350,5061661,306300,590,9,1,3,0,0,0,0,0,0,0,1,0,0
201600030122,16,4,18,125,5,2,1,1,2,378,5066177,309533,590,4,1,1,0,1,1,0,49,1,0,1,0,0
201600030123,16,4,17,1800,1,2,2,1,3,410,5064647,311362,590,3,2,1,0,1,1,0,60,1,0,1,0,0
201600030124,16,4,18,850,1,2,2,1,3,350,5063216,305097,590,4,1,1,0,0,0,0,0,0,0,0,0,0
201600030126,16,4,18,1855,1,2,3,1,6,350,5062775,304175,590,4,1,2,2,1,1,0,0,1,0,0,99,0
201600030128,16,4,17,1810,1,2,1,1,6,350,5063620,305052,590,3,3,0,3,1,1,0,0,1,0,5,0,0
201600030130,16,5,5,300,5,2,2,1,6,350,5063011,305666,590,3,2,1,0,1,1,0,0,1,5,1,0,0
201600030134,16,5,25,2025,1,2,2,1,3,350,5062888,307369,590,4,2,2,0,1,1,0,0,1,0,0,3,1
201600030135,16,4,15,2020,1,1,1,1,6,350,5064286,307280,590,3,1,1,0,1,1,0,0,1,5,1,99,0
201600030136,16,5,15,650,1,2,4,1,1,507,5060011,308027,590,3,2,4,0,1,1,0,0,1,5,1,0,0
201600030137,16,4,9,1020,1,2,3,1,6,350,5062952,309005,590,4,0,0,0,1,1,0,0,1,0,0,0,0
201600030138,16,6,2,2105,5,2,1,2,2,343,5035136,950000,590,3,2,1,0,1,1,0,58,1,0,1,3,0
201600030140,16,6,9,1740,1,1,2,1,6,350,5038237,304091,590,4,0,4,0,1,1,0,0,1,0,1,0,0
201600030142,16,6,14,1220,1,2,3,2,6,350,5038323,305147,590,3,0,2,0,1,1,0,0,2,5,1,0,0
201600030143,16,5,12,1955,1,2,1,1,3,648,5057841,304952,590,3,0,2,1,1,1,0,0,1,0,0,0,0
201600030144,16,6,2,700,1,2,3,1,1,350,5038103,301114,590,4,3,0,0,1,1,0,79,1,0,1,99,0
201600030146,16,6,19,1,5,2,1,1,6,350,5037418,259428,590,9,2,2,0,1,1,0,71,1,0,1,0,1
201600030147,16,6,8,1810,1,2,3,1,1,350,5038394,259189,590,4,2,2,0,1,1,0,0,1,0,1,99,0
201600030149,16,6,23,1900,1,2,1,1,6,9,5060572,314061,590,4,0,2,0,0,0,0,0,0,0,1,0,0
201600030150,16,6,24,1515,1,2,2,1,6,360,5037011,301258,590,3,2,3,0,1,1,0,93,1,0,1,0,0
201600030154,16,6,30,2040,1,2,2,1,3,350,5037076,304348,590,4,2,0,0,1,1,0,93,1,0,1,0,0
201600030159,16,5,28,2110,1,2,3,1,6,350,5037079,302277,590,4,0,1,0,1,1,0,0,1,0,0,0,0
201600030160,16,5,27,2030,1,1,1,1,7,560,5032202,302100,590,3,2,2,0,1,1,0,80,1,0,1,0,0
201600030165,16,7,5,1625,1,2,1,1,6,410,5064566,311727,590,4,2,1,0,1,1,0,0,1,6,1,0,0
201600030166,16,7,13,1610,1,1,1,1,2,560,5054497,305505,590,3,4,6,0,2,2,0,0,1,3,1,99,0
201600030167,16,7,13,1550,1,1,1,1,3,560,5055005,304708,590,3,2,0,0,1,1,0,0,1,0,1,99,0
201600030168,16,5,13,1620,1,2,3,1,6,350,5038035,301599,590,4,2,2,0,1,1,0,0,1,0,1,0,0
201600030170,16,7,7,2255,5,2,1,1,5,350,5061780,302894,590,4,2,3,0,1,1,0,135,1,5,1,99,0
201600030171,16,8,2,1915,1,2,3,2,3,9,5061601,313181,590,3,2,0,0,4,1,0,60,2,0,1,0,0
201600030175,16,7,25,1809,1,2,3,1,3,507,5059755,309686,590,4,2,2,0,1,1,0,0,1,0,1,0,0
201600030177,16,7,8,1,5,2,3,1,3,350,5063522,305530,590,4,1,0,0,0,0,0,0,0,0,1,0,0
201600030178,16,4,28,2300,5,2,1,1,6,350,5062463,305522,590,9,0,0,0,1,1,0,0,1,0,0,0,0
201600030179,16,8,19,1045,1,2,2,1,6,350,5063936,308730,590,3,0,5,0,1,1,0,0,1,0,0,0,0
201600030180,16,8,11,1345,1,2,9,1,2,350,5038086,931000,590,3,2,0,0,1,1,0,0,1,5,1,0,0
201600030182,16,9,1,1450,1,1,1,1,6,193,5059194,301102,590,3,2,0,0,1,1,0,0,1,0,1,99,0
201600030183,16,8,6,2357,5,2,2,1,3,350,5063194,305327,590,3,1,1,1,0,0,0,0,0,0,1,0,0
201600030184,16,9,5,1530,1,2,3,1,3,350,5064113,301830,590,3,2,2,2,1,1,0,0,1,0,1,99,0
201600030185,16,9,17,2008,5,2,1,1,3,350,5062913,307547,590,4,3,2,3,1,1,0,0,1,6,1,0,0
201600030187,16,9,19,1050,1,2,2,1,3,350,5064704,300534,590,3,1,0,1,0,0,0,0,0,0,0,0,1
201600030190,16,9,7,1015,1,2,3,1,3,350,5063135,306260,590,4,1,1,2,1,1,0,0,1,0,1,0,0
201600030191,16,9,23,910,1,1,1,1,6,350,5063630,5658,590,9,0,0,0,0,0,0,0,0,0,4,0,0
201600030192,16,9,15,1400,1,2,2,1,3,350,5062304,304649,590,4,1,1,0,1,1,0,0,1,0,1,0,0
201600030194,16,9,16,1835,1,2,9,2,1,9,5063885,315401,590,4,2,2,0,1,1,0,0,2,0,1,0,0
201600030195,16,9,9,1900,1,2,1,1,2,350,5064219,309260,590,4,2,2,0,1,1,0,0,1,2,1,99,0
201600030199,16,10,7,1730,1,2,1,1,3,350,5063796,5159,590,3,0,1,3,1,1,0,0,1,0,1,0,0
201600030200,16,9,8,1125,1,2,1,1,6,350,5062445,305287,590,4,1,1,0,1,1,0,0,1,0,1,0,0
201600030201,16,10,23,740,2,2,2,1,3,350,5063720,302643,590,4,2,2,0,0,0,0,0,0,0,0,0,0
201600030205,16,9,9,15,5,2,4,1,6,350,5062450,306856,590,4,3,0,0,1,1,0,0,1,5,0,99,0
201600030207,16,10,26,5,5,2,1,1,5,350,5062662,306969,590,4,1,2,0,1,1,0,0,1,0,1,99,0
201600030212,16,10,13,1400,1,2,1,1,1,566,5062840,200000,590,4,2,2,0,1,2,0,0,1,0,1,99,0
201600030213,16,12,2,1040,1,2,3,1,3,350,5062387,306676,590,4,2,4,2,1,1,0,0,1,0,1,99,0
201600030214,16,11,24,1745,5,2,2,1,3,350,5063097,305219,590,4,1,1,0,1,1,0,0,1,0,1,0,0
201600030215,16,12,14,1035,1,2,3,1,6,378,5067499,308725,590,3,2,2,0,1,1,0,63,1,0,1,0,1
201600030217,16,12,7,2210,5,2,3,1,2,350,5061481,305279,590,9,2,2,0,1,1,0,0,1,0,1,0,0
201600030218,16,12,22,1350,1,2,6,1,3,350,5065048,298287,590,9,3,1,0,1,1,20,56,1,5,1,99,0
201600030222,16,5,29,1,3,1,1,1,7,291,5026164,389531,590,3,2,2,0,1,2,0,0,0,0,3,0,1
201600030223,16,6,14,740,1,1,1,1,2,225,5027384,392195,590,2,3,2,0,1,1,0,38,2,0,1,99,1
201600030281,16,3,10,515,5,2,1,8,6,163,5066545,314761,590,3,3,2,1,1,1,0,0,2,5,1,99,1
201600030345,16,5,31,834,1,2,2,2,3,299,5066648,317974,590,3,3,4,0,1,1,0,80,2,5,1,99,1
201600030376,16,7,17,2015,1,2,1,1,6,339,5068290,324659,590,4,2,2,0,1,2,0,0,1,0,4,3,0
201600030467,16,12,8,1400,1,2,1,1,6,526,5043250,343611,590,4,0,1,0,1,1,0,190,1,0,1,99,0
201600030473,16,1,21,1400,1,2,1,1,6,599,5073491,315706,590,4,0,2,0,1,1,0,0,1,6,1,99,0
201600030474,16,1,21,1600,1,2,1,7,6,599,5072083,315794,590,4,1,1,0,1,1,20,40,1,0,1,3,0
201600030482,16,2,11,800,1,1,1,1,1,152,5075244,301275,590,3,3,0,2,1,1,0,0,7,0,1,99,0
201600030493,16,5,8,1545,1,2,1,1,3,599,5071869,313983,590,3,1,1,0,1,1,0,0,1,0,1,99,0
201600030504,16,7,5,2130,5,2,1,1,6,421,5070011,313970,590,3,2,8,1,1,1,0,0,9,4,1,0,1
201600030528,16,11,22,910,1,2,2,1,1,599,5072752,316360,590,3,2,0,0,1,1,0,0,1,0,1,0,0
201600030529,16,11,25,1210,1,2,2,1,6,152,5076303,301092,590,3,2,0,0,1,1,0,0,1,0,1,0,0
201600030530,16,11,13,520,5,1,1,1,1,279,5077402,309116,590,3,2,0,1,1,1,0,0,1,0,1,0,0
201600030532,16,12,3,1645,1,2,1,1,6,98,5077292,306868,590,3,2,0,0,1,1,0,0,1,0,4,0,0
201600030533,16,12,6,1720,1,1,1,1,5,90,5070259,307982,590,2,2,2,0,1,1,0,0,1,0,1,0,0
201600030538,16,12,19,1915,3,2,2,1,3,599,5073055,313975,590,3,3,0,0,1,1,0,0,1,0,1,0,0
201600030539,16,12,19,1720,5,2,3,1,1,279,5076823,310323,590,2,2,0,1,1,1,0,0,1,0,1,0,0
201600030540,16,10,14,2315,5,2,1,1,2,160,5042171,366112,590,4,2,2,0,1,1,0,0,1,0,1,0,0
201600030541,16,10,9,2300,5,2,1,1,6,606,5036423,352605,590,4,2,2,0,1,1,0,0,1,0,1,99,0
201600030542,16,10,14,1700,1,2,1,1,5,606,5035799,351633,590,4,2,4,0,1,1,0,0,1,0,1,99,0
201600030543,16,1,9,1930,2,2,4,1,2,557,5032894,355927,590,3,2,2,0,1,1,0,0,1,0,1,0,0
201600030544,16,10,10,1345,1,2,3,1,6,14,5037518,351689,590,4,2,2,0,1,1,0,0,1,0,1,0,0
201600030545,16,1,14,850,1,2,1,4,6,606,5035958,351261,590,4,2,2,0,1,1,0,0,2,0,1,0,0
201600030546,16,12,3,715,5,2,1,1,6,447,5038477,359337,590,3,2,2,0,1,1,0,0,1,0,4,99,1
201600030548,16,1,14,1415,1,2,1,1,6,491,5039105,348200,590,4,2,2,0,1,3,0,0,1,0,1,0,0
201600030549,16,11,30,1630,1,2,1,1,6,112,5039587,353741,590,4,2,2,3,1,1,0,0,1,0,1,0,0
201600030550,16,2,5,1320,1,2,1,1,2,484,5040350,367377,590,4,2,2,0,1,1,0,0,0,0,1,0,0
201600030551,16,2,20,2115,5,2,1,1,6,14,5037408,350011,590,3,2,2,0,1,1,0,0,2,0,1,0,0
201600030556,16,1,19,600,5,2,3,1,1,459,5037558,346594,590,3,2,3,0,1,1,0,0,1,0,1,0,0
201600030557,16,3,13,1650,1,2,3,1,1,491,5040666,351390,590,4,2,2,0,1,1,0,0,1,0,1,0,1
201600030559,16,3,18,2000,5,2,1,1,3,491,5039941,349758,590,4,2,2,0,1,1,0,0,1,0,1,0,0
201600030560,16,3,18,2115,5,1,3,1,3,606,5036522,351661,590,4,2,2,0,1,1,0,0,1,0,1,0,0
201600030562,16,2,24,1700,2,2,1,1,3,564,5034833,348636,590,4,2,2,0,1,1,0,0,1,0,1,0,0
201600030563,16,2,15,1700,1,2,1,1,6,606,5036283,349094,590,4,0,0,0,1,1,0,0,1,0,0,0,0
201600030564,16,2,15,1820,1,2,1,1,6,479,5039663,364188,590,3,2,2,0,1,1,0,0,1,0,1,0,0
201600030565,16,3,22,800,1,1,1,1,6,544,5036930,355180,590,3,2,2,0,1,1,0,0,1,0,1,0,0
201600030566,16,2,26,1800,2,2,9,1,6,14,5037547,351322,590,4,2,2,0,1,0,0,0,1,0,4,0,0
201600030567,16,4,3,1230,1,2,3,1,2,369,5030791,347108,590,3,2,2,0,1,1,0,0,1,0,1,0,0
201600030569,16,3,22,840,1,2,1,1,3,606,5036780,354052,590,4,2,2,0,1,1,0,0,1,0,1,0,0
201600030572,16,4,6,1845,2,2,1,1,3,491,5024880,327580,590,4,2,2,0,1,1,0,0,1,0,1,0,0
201600030573,16,4,2,1840,2,2,1,1,3,447,5038825,359972,590,4,2,2,0,1,1,0,0,1,0,1,0,0
201600030574,16,2,19,2000,5,2,2,1,3,447,5036586,360962,590,4,2,2,0,1,1,0,0,1,0,1,99,1
201600030575,16,2,15,1700,1,2,1,1,6,447,5038644,360002,590,3,2,2,0,1,1,0,0,1,0,1,0,0
201600030576,16,3,24,1415,1,2,3,1,3,606,5035836,350163,590,4,2,2,0,1,1,0,0,1,0,1,0,0
201600030577,16,4,14,2345,5,2,1,1,6,491,5040074,346202,590,4,2,2,0,1,1,0,0,1,0,1,0,0
201600030579,16,3,21,1430,1,2,1,1,6,606,5036163,350747,590,3,2,2,0,1,1,0,0,1,0,1,0,0
201600030580,16,3,20,900,1,2,3,1,3,491,5038477,349061,590,3,2,2,0,1,1,0,0,1,0,1,0,1
201600030581,16,5,17,1940,1,1,3,1,3,613,5040400,362050,590,3,2,2,0,2,1,0,0,1,0,1,0,0
201600030582,16,5,19,1815,1,2,1,1,4,606,5035380,352877,590,4,2,2,0,1,1,0,0,1,0,1,0,0
201600030587,16,5,17,1720,1,2,1,1,6,606,5036141,353136,590,4,2,2,0,1,1,0,0,1,0,1,0,0
201600030588,16,5,17,1120,1,2,2,1,3,544,5036213,354138,590,4,2,2,0,1,1,0,0,1,5,1,0,0
201600030589,16,6,6,820,1,2,1,1,2,112,5039613,353288,590,6,1,1,0,0,0,0,0,0,0,0,3,0
201600030590,16,6,6,830,1,2,1,1,3,484,5040052,365863,590,3,2,2,0,1,1,0,0,0,0,1,3,0
201600030591,16,5,15,2025,2,2,1,1,6,14,5037755,349891,590,4,1,1,0,1,1,0,0,1,0,1,0,0
201600030596,16,5,4,1400,1,2,1,1,2,207,5041469,355869,590,3,2,2,3,1,1,0,0,1,4,1,0,0
201600030598,16,5,2,1850,1,2,1,1,6,475,5032277,344288,590,4,2,2,0,1,1,0,0,1,0,4,0,0
201600030602,16,6,15,1345,1,2,6,1,6,606,5035269,352222,590,4,2,5,0,1,1,0,0,1,0,1,99,0
201600030603,16,6,17,1915,1,2,6,1,6,606,5035400,352922,590,4,2,4,0,1,1,0,0,1,0,1,0,0
201600030604,16,7,12,1530,1,2,3,1,6,112,5038804,352689,590,3,2,2,0,1,1,0,0,1,0,1,99,0
201600030605,16,7,4,1950,1,2,3,1,3,606,5035885,351262,590,3,2,2,0,1,1,0,0,1,5,1,3,0
201600030606,16,8,29,1930,1,2,1,1,3,491,5037879,349553,590,3,2,2,0,1,1,0,0,1,0,1,99,0
201600030607,16,8,29,2130,2,2,6,1,3,606,5035194,352191,590,3,1,2,0,1,2,0,0,1,5,1,3,0
201600030608,16,8,22,1400,1,2,1,1,3,112,5040379,354823,590,3,2,2,0,1,1,0,0,1,0,1,99,0
201600030609,16,10,1,2330,5,2,1,1,6,557,5033666,357444,590,4,2,2,0,1,2,0,0,1,0,1,0,0
201600030610,16,8,5,1500,1,1,1,1,1,383,5035890,356230,590,3,2,2,0,1,1,0,0,1,0,1,0,0
201600030611,16,10,3,1030,1,2,4,1,1,557,5033833,357194,590,4,2,2,0,1,1,0,0,1,0,0,0,0
201600030612,16,7,29,100,5,2,1,2,6,14,5036923,351242,590,3,2,2,3,1,1,0,0,2,4,1,0,0
201600030613,16,8,25,2330,5,2,2,1,3,484,5040240,366658,590,3,2,2,0,1,1,0,0,1,0,1,99,0
201600030614,16,9,2,1355,1,2,1,1,6,606,5034870,351978,590,3,2,2,0,1,1,0,0,1,0,1,99,0
201600030615,16,9,22,1950,1,2,1,1,3,207,5042804,356884,590,3,2,2,0,1,1,0,0,1,0,1,99,0
201600030616,16,8,16,630,5,2,1,1,6,112,5039646,353687,590,4,1,1,0,1,1,0,0,1,0,1,0,0
201600030617,16,10,19,1100,1,2,1,1,6,606,5036272,352081,590,3,1,1,0,1,2,0,0,1,5,1,3,0
201600030618,16,9,15,1730,1,2,1,1,6,383,5035113,354065,590,4,2,2,0,1,1,0,0,1,5,1,0,0
201600030619,16,9,15,1800,1,2,1,1,2,383,5034781,354970,590,4,2,2,0,1,1,0,0,1,0,1,0,0
201600030620,16,10,7,1310,1,2,1,1,1,32,5033055,354666,590,4,2,2,0,1,3,0,34,1,0,1,99,1
201600030621,16,11,5,1915,3,1,1,1,5,479,5040178,363651,590,3,2,2,0,1,2,0,0,1,0,1,99,0
201600030622,16,11,9,1830,5,2,1,2,6,14,5037633,349813,590,3,2,2,0,1,1,0,0,2,0,1,99,0
201600030623,16,12,8,1755,5,2,1,1,3,447,5038768,360373,590,3,2,2,0,1,1,0,0,1,0,1,99,0
201600030624,16,12,7,1700,2,2,1,1,6,32,5033598,352005,590,3,2,2,0,1,1,0,0,1,0,1,99,0
201600030625,16,12,25,1555,1,2,2,1,3,544,5036132,356381,590,3,2,2,0,3,0,0,0,1,0,1,99,0
201600030626,16,12,28,2305,3,1,1,9,6,32,5032271,350403,590,3,2,2,0,2,1,0,0,1,0,3,99,0
201600030627,16,2,21,1445,1,2,1,1,6,177,4794023,716065,680,4,2,1,0,2,1,0,35,1,0,1,0,0
201600030628,16,6,29,1830,1,2,1,1,6,112,4790879,721290,680,4,0,0,0,1,1,0,120,1,6,1,99,0
201600030629,16,9,16,545,3,1,1,2,6,318,4796200,719900,680,3,2,0,0,0,0,0,0,0,0,0,0,0
201600030630,16,10,2,1215,1,1,1,1,7,188,4793456,708126,680,3,0,2,0,2,3,0,70,1,0,1,99,0
201600030631,16,10,4,2315,1,2,1,1,6,112,4791300,721200,680,4,2,0,0,1,1,0,0,1,0,1,3,0
201600030634,16,11,9,45,5,2,1,1,6,112,4791585,720773,680,3,2,2,0,1,2,0,65,1,0,3,99,0
201600030637,16,12,10,1700,5,2,3,1,3,112,4790201,723195,680,3,2,2,2,1,1,0,100,1,0,1,3,0
201600030638,16,9,16,2045,5,2,6,1,2,156,4790894,725665,680,3,1,1,0,1,2,0,0,1,5,1,99,0
201600030639,16,9,20,1745,1,2,9,1,2,315,4788914,725628,680,3,1,1,0,2,3,0,63,1,3,1,99,0
201600030640,16,9,22,830,1,2,3,1,7,315,4788220,723362,680,3,2,2,0,2,1,0,70,1,5,0,0,0
201600030641,16,9,24,1000,1,2,1,1,7,203,4790439,731003,680,3,2,2,0,1,1,10,70,1,0,1,99,0
201600030642,16,10,1,1545,1,2,3,2,7,156,4790220,723894,680,3,2,2,2,1,1,0,111,2,5,1,0,0
201600030643,16,10,8,30,5,2,1,1,7,43,4785671,726563,680,3,2,2,0,1,2,0,80,1,0,1,99,0
201600030644,16,10,16,1245,1,2,4,1,1,260,4788812,725222,680,3,2,2,0,1,3,0,78,1,0,1,99,0
201600030645,16,10,20,1915,1,1,4,1,1,156,4791038,726425,680,3,2,2,0,2,1,70,64,1,5,1,99,0
201600030648,16,12,7,545,5,2,1,4,6,260,4788519,728957,680,3,2,2,0,1,1,0,72,7,0,1,0,0
201600030649,16,12,15,915,1,2,1,5,7,156,4790384,725149,680,4,1,1,2,1,1,0,52,7,0,1,3,0
201600030650,16,6,3,1900,1,1,3,1,3,117,4523990,345524,430,2,2,2,0,2,4,0,70,1,0,1,0,0
201600030652,16,8,18,1700,1,1,1,1,1,52,4536680,351121,430,3,2,2,0,2,3,0,50,1,0,1,0,0
201600030654,16,5,5,1745,1,1,1,7,6,48,4533600,370458,430,3,2,2,0,2,2,0,70,1,0,1,99,1
201600030655,16,1,21,1045,1,2,6,1,3,194,4734715,174798,410,3,4,0,0,1,2,0,0,1,5,1,99,0
201600030656,16,3,2,30,3,1,1,2,6,282,4732491,178311,410,3,2,2,0,1,1,0,0,2,0,1,99,0
201600030657,16,3,2,1845,2,1,1,2,6,185,4737378,169447,410,3,2,2,0,0,1,0,0,2,0,3,99,0
201600030658,16,2,26,1500,1,2,1,1,6,194,4736155,173535,410,4,2,0,0,1,1,0,0,1,0,1,99,0
201600030659,16,5,7,1115,1,1,6,1,2,194,4736327,171198,410,3,2,0,0,1,0,0,63,1,5,1,99,0
201600030660,16,6,23,2045,1,1,3,1,3,194,4740304,171211,410,3,2,0,0,1,1,0,63,1,0,1,99,0
201600030661,16,7,1,1100,1,1,6,1,7,194,4734239,174982,410,3,2,2,0,1,3,0,0,1,0,1,99,0
201600030662,16,7,29,2345,3,1,1,5,7,282,4736299,178759,410,3,2,2,0,1,1,0,60,1,0,1,99,0
201600030663,16,11,16,1745,4,2,1,1,6,194,4735154,174527,410,4,2,2,0,1,1,0,110,1,0,1,99,0
201600030664,16,1,25,1815,3,2,1,1,6,67,4750837,145943,410,3,2,1,0,1,1,0,120,1,0,1,0,1
201600030665,16,2,10,1015,1,1,1,1,3,67,4751799,144187,410,3,2,2,0,1,2,0,57,1,0,1,99,0
201600030666,16,2,18,900,1,1,1,4,3,31,4751425,135200,410,3,2,2,0,1,2,0,58,5,0,1,0,0
201600030667,16,2,19,2145,3,1,1,1,2,32,4756264,130606,410,3,2,2,0,1,1,0,60,1,0,1,99,1
201600030668,16,8,8,1115,1,1,1,1,3,148,4764362,142793,410,3,2,2,0,1,1,0,56,1,0,1,99,0
201600030669,16,8,28,315,3,1,1,1,2,262,4757100,153300,410,3,2,2,0,1,1,0,62,1,0,1,99,0
201600030670,16,9,2,1500,1,1,1,1,1,150,4754406,143697,410,4,2,0,0,1,1,0,55,1,0,1,99,1
201600030671,16,9,2,2045,4,1,1,1,1,150,4756255,143801,410,3,2,0,0,1,1,0,60,1,0,1,99,1
201600030672,16,12,1,530,3,1,3,1,3,148,4764765,143902,410,3,2,2,0,2,1,0,0,1,0,1,99,0
201600030673,16,12,12,1300,1,1,1,1,2,147,4750876,129981,410,3,2,0,0,1,1,56,0,1,0,1,99,0
201600030674,16,12,16,1845,5,2,1,1,1,67,4751712,144763,410,4,2,2,0,1,1,0,35,1,5,1,99,0
201600030675,16,10,10,1810,1,2,2,2,1,57,4941691,207717,600,4,2,0,0,0,0,0,0,0,0,1,0,0
201600030676,16,10,10,1200,1,2,1,1,6,57,4943826,209855,600,4,2,0,0,0,0,0,0,0,0,1,0,0
201600030677,16,4,23,1210,1,2,1,1,6,57,4942730,208734,600,4,2,2,0,1,1,0,86,1,0,1,99,0
201600030678,16,1,16,1800,2,2,1,1,6,57,4944428,202197,600,6,1,0,0,1,0,0,0,1,6,4,99,0
201600030679,16,2,3,1017,1,2,1,1,6,57,4943943,205780,600,4,2,2,0,0,0,0,0,0,0,1,0,0
201600030680,16,2,5,810,1,2,1,1,6,57,4942713,208333,600,4,2,0,0,0,0,0,0,0,0,1,0,0
201600030681,16,5,21,1355,1,2,1,1,6,57,4942549,209157,600,4,0,2,0,1,3,0,0,1,0,4,99,0
201600030682,16,4,3,5,5,2,3,1,3,57,4941913,207162,600,3,0,0,0,0,0,0,0,0,0,1,0,0
201600030683,16,4,19,1145,1,2,1,1,6,57,4942360,208500,600,3,2,2,0,1,1,15,70,1,0,1,3,0
201600030684,16,7,26,1535,1,1,1,1,2,57,4944174,212794,600,3,2,2,0,1,1,0,0,1,0,1,99,1
201600030685,16,7,6,925,1,2,9,1,6,57,4942764,208833,600,4,2,1,0,0,0,0,0,0,0,0,0,0
201600030686,16,7,1,2155,5,1,1,1,6,57,4886272,228759,600,4,0,0,0,2,1,0,0,1,0,0,3,0
201600030687,16,5,28,1500,1,1,3,1,3,357,4857708,218289,220,3,2,2,0,2,2,0,61,1,5,1,99,0
201600030688,16,5,28,1700,1,2,6,1,3,103,4855367,200239,220,4,2,2,0,1,1,0,0,1,5,1,3,0
201600030689,16,6,11,430,3,1,1,2,6,14,4851012,224815,220,3,2,0,0,4,2,0,80,2,0,3,0,0
201600030690,16,7,14,1445,1,1,1,1,3,49,4856823,220877,220,3,2,2,0,2,1,0,70,1,0,1,99,0
201600030691,16,8,17,1000,1,1,6,7,2,357,4856502,218935,220,3,1,1,0,1,2,0,0,1,5,1,99,0
201600030692,16,10,13,2215,3,1,1,1,1,105,4849604,214191,220,3,2,2,0,0,1,55,0,1,0,1,99,0
201600030693,16,11,4,1330,1,2,1,3,1,209,4857836,213973,220,4,2,2,0,1,0,0,0,2,0,1,0,0
201600030694,16,11,20,100,3,1,1,6,6,190,4851780,208748,220,3,2,2,0,0,4,0,60,2,0,1,99,0
201600030695,16,11,27,515,3,1,1,1,6,237,4853723,224913,220,4,2,2,0,2,1,0,0,1,0,3,99,0
201600030696,16,1,31,1745,1,1,1,2,7,375,4862122,297439,220,4,2,2,0,1,1,0,0,2,0,1,99,0
201600030697,16,4,8,1445,1,1,6,1,3,188,4852216,287277,220,3,4,1,0,1,2,0,79,1,5,1,99,0
201600030698,16,5,14,1045,1,1,2,1,4,375,4862386,297229,220,3,2,2,0,0,1,0,79,1,5,1,99,0
201600030699,16,5,18,1430,1,1,1,1,2,356,4855858,288824,220,3,2,2,0,1,1,0,74,1,0,1,99,0
201600030700,16,6,5,1315,1,1,1,1,1,361,4859841,295286,220,3,2,2,0,1,1,0,65,1,0,1,99,0
201600030701,16,8,7,1330,1,1,3,1,3,188,4852239,287661,220,3,2,2,0,1,1,0,0,1,5,1,99,0
201600030702,16,8,22,1130,1,2,1,1,3,121,4863345,297496,220,3,2,2,0,1,1,0,60,1,0,1,0,0
201600030703,16,9,8,530,3,1,1,1,6,361,4859645,295112,220,3,2,2,0,1,1,0,58,1,0,3,99,0
201600030704,16,10,19,755,2,1,1,8,1,65,4861396,300662,220,3,2,2,0,2,3,0,66,9,0,1,99,1
201600030705,16,12,10,1730,5,2,3,8,7,372,4851965,284852,220,3,2,2,0,2,2,0,0,1,5,1,99,0
201600030706,16,1,15,710,3,1,1,9,7,665,4940814,277695,600,3,3,4,0,1,1,0,0,7,0,1,99,0
201600030707,16,1,3,1805,3,2,1,3,3,665,4941810,280362,600,3,2,2,0,1,1,0,35,2,0,1,99,0
201600030708,16,2,1,555,3,2,1,8,7,159,4942083,283191,600,4,2,2,0,1,1,0,35,2,1,1,99,0
201600030709,16,2,3,930,1,2,1,8,6,382,4942650,281722,600,3,4,3,0,1,1,0,87,2,0,1,0,0
201600030710,16,2,27,2320,4,2,1,1,6,159,4942066,282302,600,4,1,2,0,1,1,0,0,1,0,1,99,0
201600030711,16,3,11,2000,5,2,1,1,6,382,4942402,282241,600,4,2,2,0,1,1,0,0,1,0,0,0,0
201600030712,16,3,24,905,1,2,3,1,6,159,4941666,282877,600,4,1,1,0,1,1,0,0,1,0,1,99,0
201600030713,16,3,27,1410,1,1,1,1,1,665,4941722,278647,600,5,0,0,0,3,1,0,0,9,0,0,0,0
201600030714,16,4,9,545,3,2,2,1,3,159,4941661,281799,600,4,4,3,0,1,1,0,112,1,2,1,0,0
201600030715,16,4,15,2000,1,2,3,1,6,159,4942116,282236,600,3,1,1,0,1,1,0,89,1,0,1,99,0
201600030716,16,4,18,1730,1,2,2,1,5,159,4941091,283827,600,4,2,2,0,2,1,0,89,1,0,1,99,0