Num_Acc,an,mois,jour,hrmn,lum,agg,int,atm,col,com,lat,long,dep,catr,circ,nbv,vosp,prof,plan,lartpc,larrout,surf,infra,situ,env1,killed
201600030717,16,5,14,1300,1,2,1,1,6,159,4939497,280130,600,4,1,1,0,1,1,0,27,1,0,1,0,0
201600030718,16,5,20,825,1,2,1,1,6,159,4940452,281322,600,4,3,2,0,1,1,0,60,1,0,1,0,0
201600030719,16,5,24,1940,1,2,3,1,3,159,4940266,281852,600,4,2,2,0,1,1,0,61,1,0,1,0,0
201600030720,16,6,6,1640,1,2,3,1,6,159,4941247,282164,600,4,2,2,0,1,1,0,0,1,0,1,0,1
201600030721,16,7,24,1745,1,2,3,1,3,159,4940800,282238,600,4,2,2,1,2,1,0,0,1,0,1,99,0
201600030722,16,7,26,1600,1,2,3,1,6,159,4941705,282363,600,4,1,1,0,1,1,0,0,1,5,1,99,0
201600030723,16,7,27,430,3,2,6,1,3,159,4940597,281186,600,4,2,2,0,1,0,0,0,1,5,1,0,0
201600030724,16,7,30,1830,1,2,1,1,6,159,4942200,282194,600,3,2,2,0,1,1,0,72,1,0,1,99,0
201600030725,16,7,31,30,3,1,6,1,6,159,4938875,278647,600,3,3,2,0,0,0,0,0,0,0,1,0,0
201600030726,16,8,5,1940,1,1,1,1,1,159,4938513,285777,600,3,2,2,0,1,1,0,60,1,0,1,99,0
201600030727,16,8,13,1115,1,2,1,1,6,159,4940641,283791,600,4,2,2,0,1,1,0,72,1,0,1,3,1
201600030728,16,9,7,2015,1,2,1,1,3,159,4940705,280322,600,4,2,2,0,1,1,0,60,1,0,1,0,0
201600030729,16,10,1,1530,1,1,1,1,2,159,4941964,279399,600,2,3,4,0,1,1,0,104,1,0,1,99,0
201600030730,16,10,2,320,3,1,1,1,6,159,4939931,283612,600,4,2,1,0,1,1,0,45,1,0,3,0,1
201600030731,16,10,2,915,1,1,1,1,3,159,4940185,285459,600,3,2,2,0,1,1,0,70,1,0,1,0,0
201600030732,16,10,17,1800,1,1,3,1,3,159,4940050,282414,600,4,2,2,0,1,1,0,62,1,0,0,99,0
201600030733,16,10,11,1530,1,1,1,1,6,665,4940931,278416,600,6,2,1,0,1,1,0,45,1,0,1,99,0
201600030734,16,10,18,1645,1,2,3,1,3,159,4940668,281866,600,4,2,2,0,1,1,0,70,1,0,1,99,0
201600030735,16,10,14,2210,3,2,3,1,1,159,4941897,282436,600,4,1,2,0,1,1,0,60,1,0,1,0,0
201600030736,16,11,27,1445,1,2,1,1,1,159,4940488,280982,600,4,2,2,0,1,1,0,60,1,0,1,0,0
201600030737,16,11,11,2015,5,2,3,1,3,159,4941141,281839,600,3,2,2,0,1,1,0,60,1,0,0,0,0
201600030738,16,12,14,1115,1,2,6,1,6,382,4942354,282011,600,3,2,2,0,1,1,0,68,1,5,1,99,0
201600030739,16,12,27,2015,5,1,9,9,6,665,4940815,278381,600,6,1,2,0,1,1,0,88,1,0,1,99,0
201600030740,16,2,14,1900,4,2,2,1,6,463,4928371,246485,600,3,2,3,0,1,1,0,144,1,5,1,99,0
201600030741,16,3,4,2050,1,1,1,1,3,175,4926388,248694,600,3,1,2,0,1,1,0,70,2,2,1,99,0
201600030742,16,3,4,1825,1,2,3,1,5,414,4926277,242944,600,4,1,1,0,1,1,0,0,1,0,1,99,0
201600030743,16,2,22,1420,1,2,1,1,6,175,4924825,246261,600,6,2,0,0,1,0,0,0,1,0,1,99,0
201600030744,16,3,7,2030,5,2,1,1,6,463,4927361,246527,600,4,0,1,0,1,1,0,61,2,0,1,0,0
201600030745,16,3,17,1945,3,1,1,1,5,175,4924502,247755,600,3,2,2,0,1,1,0,70,1,0,1,99,1
201600030746,16,3,20,1550,1,1,1,1,7,175,4926012,249108,600,3,3,2,0,2,3,60,60,1,0,3,99,1
201600030747,16,3,11,1720,1,1,2,1,1,463,4928369,247561,600,3,2,2,0,1,1,0,42,1,3,1,99,0
201600030748,16,4,4,440,3,1,1,2,3,684,4928486,249309,600,3,2,2,0,0,0,0,0,0,0,0,0,1
201600030749,16,2,14,430,5,1,1,1,7,684,4928412,248144,600,3,3,3,0,0,3,0,31,2,3,1,99,0
201600030750,16,5,1,1745,1,2,1,1,3,684,4928824,247977,600,4,2,1,0,1,1,0,60,1,0,1,99,0
201600030751,16,5,27,1930,2,2,1,1,3,684,4929129,249685,600,4,2,2,0,1,1,0,0,1,0,1,99,0
201600030752,16,6,6,1955,1,2,1,1,3,463,4927007,246075,600,4,2,2,0,1,2,0,50,1,0,1,0,0
201600030753,16,6,10,1405,1,1,1,1,1,684,4928075,249931,600,4,2,2,0,1,1,0,72,1,0,1,0,0
201600030754,16,7,8,5,5,2,6,1,6,175,4926251,247141,600,4,3,2,0,1,0,0,0,1,0,1,0,0
201600030755,16,7,18,1610,1,1,1,1,4,175,4924477,250455,600,3,3,1,0,1,1,0,0,1,0,1,99,0
201600030756,16,7,26,1350,1,2,1,1,6,175,4926205,247197,600,4,1,1,0,1,1,0,26,1,0,1,99,0
201600030757,16,7,30,2340,5,2,2,1,3,414,4925861,243138,600,4,2,2,0,1,1,0,50,1,0,1,99,0
201600030758,16,8,15,1940,1,2,1,1,6,463,4927269,246588,600,4,2,2,0,1,1,0,32,1,0,1,0,0
201600030759,16,9,9,2040,3,2,1,1,6,175,4925791,246435,600,9,2,1,0,0,0,0,0,0,0,1,0,1
201600030760,16,9,13,740,1,2,9,1,3,175,4926463,248594,600,4,2,2,0,1,1,0,0,1,0,1,0,0
201600030761,16,9,19,1820,1,2,7,1,6,175,4926275,247336,600,9,2,3,3,1,1,20,105,1,0,1,99,0
201600030762,16,9,23,1905,1,2,1,1,6,175,4926219,246293,600,4,0,0,0,1,1,0,26,1,0,0,99,0
201600030763,16,9,29,1850,1,2,1,1,2,175,4925213,248298,600,4,2,2,0,1,1,0,80,1,0,1,99,0
201600030764,16,10,13,1720,1,2,1,2,6,175,4925214,248317,600,4,2,1,0,1,1,0,35,2,0,1,3,0
201600030765,16,10,19,1555,1,2,2,1,3,463,4927676,247346,600,4,2,2,0,1,1,0,0,1,0,1,3,0
201600030766,16,11,3,1215,1,1,1,1,1,414,4925566,245292,600,3,3,2,0,2,2,0,60,1,0,1,0,0
201600030767,16,11,8,1830,1,2,3,1,6,414,4926275,242968,600,4,0,0,0,0,0,0,0,1,0,1,0,0
201600030768,16,11,20,1839,3,2,3,3,3,414,4925980,245200,600,4,1,0,0,0,0,0,0,0,0,1,0,0
201600030769,16,12,7,837,1,2,9,9,1,414,4925580,243147,600,3,2,2,0,1,1,0,0,2,0,1,99,0
201600030771,16,5,12,2130,3,1,1,1,2,43,4399959,494194,840,3,3,4,0,4,2,0,0,1,0,1,0,1
201600030772,16,6,13,1900,1,1,1,2,1,142,4396700,497700,840,3,2,0,0,1,1,0,46,1,0,1,0,0
201600030776,16,7,26,1545,1,1,1,1,3,363,4667407,456993,710,3,2,0,0,1,1,0,65,1,0,1,99,0
201600030778,16,11,2,1015,1,1,1,8,1,87,4656011,471413,710,4,2,0,0,1,2,0,45,1,0,1,99,1
201600030780,16,1,17,500,3,1,1,1,7,511,4835200,200700,910,3,2,2,0,1,3,0,40,1,0,1,0,0
201600030781,16,12,17,1930,3,1,1,5,1,390,4832216,211799,910,3,2,2,0,1,1,0,60,2,0,1,99,0
201600030786,16,1,15,25,5,2,2,1,3,1,4842729,8942,610,4,2,2,0,1,1,0,0,1,0,1,0,0
201600030787,16,1,16,335,5,2,2,9,6,397,4842286,8103,610,3,2,2,0,1,1,0,0,7,0,3,0,0
201600030788,16,1,16,1930,5,2,2,1,6,1,4842860,8482,610,4,1,1,0,1,1,0,37,1,0,1,0,0
201600030789,16,1,16,1445,1,2,2,1,3,117,4842565,6316,610,3,2,2,0,2,1,0,0,2,0,1,0,0
201600030790,16,1,20,800,5,2,1,1,6,1,4841561,9879,610,4,2,2,0,1,2,0,0,1,0,1,3,0
201600030791,16,1,20,1750,2,2,6,2,2,1,4842436,8975,610,3,2,2,2,1,2,0,0,2,5,1,0,0
201600030792,16,1,27,755,3,1,3,1,2,111,4846464,7920,610,3,2,2,0,2,1,0,0,1,0,1,99,0
201600030793,16,2,1,1500,1,2,7,1,6,1,4843511,10547,610,6,0,0,0,1,1,0,0,1,0,0,0,1
201600030794,16,2,2,845,1,2,1,1,6,1,4843068,9504,610,4,1,1,0,1,1,0,0,2,0,1,0,0
201600030795,16,3,4,2355,5,2,6,2,3,1,4843466,11296,610,4,2,2,0,1,0,0,0,2,5,1,0,0
201600030796,16,3,8,1350,1,2,1,1,3,1,4843730,8783,610,3,2,2,0,1,1,0,0,1,0,1,0,0
201600030797,16,3,10,1735,1,2,1,1,4,1,4844038,8783,610,3,2,2,0,1,1,0,0,1,0,1,99,0
201600030798,16,3,12,1255,1,2,3,1,3,1,4842454,8966,610,4,1,1,0,1,1,0,0,1,0,1,0,0
201600030799,16,3,15,1705,1,2,1,1,4,1,4842923,9473,610,3,2,2,0,1,1,0,0,1,0,1,0,0
201600030800,16,3,29,2125,5,2,1,1,3,1,4842240,8657,610,3,2,2,2,1,1,0,0,1,0,5,0,0
201600030801,16,4,29,1100,1,2,1,1,6,1,4843423,9432,610,3,2,3,0,1,1,0,0,1,0,1,99,0
201600030802,16,5,4,1050,1,2,2,1,1,397,4842313,8090,610,3,2,2,0,1,1,0,0,1,0,1,0,0
201600030803,16,5,12,2240,3,1,1,8,6,497,4845953,10184,610,3,2,2,0,1,2,0,0,1,0,3,0,0
201600030804,16,5,24,2010,1,2,4,1,2,1,4842849,8866,610,4,2,2,0,1,1,0,0,1,0,1,0,0
201600030805,16,5,28,1150,1,2,3,1,6,143,4843908,7476,610,3,2,2,0,1,1,0,0,1,0,1,0,0
201600030806,16,6,14,1040,1,2,2,1,6,1,4843835,10262,610,3,2,3,0,1,1,0,0,1,5,1,99,0
201600030807,16,6,25,1105,1,2,6,1,3,143,4845423,8462,610,3,2,2,0,1,1,0,0,1,5,1,99,0
201600030808,16,7,2,1955,1,2,3,1,3,1,4844016,11491,610,4,2,2,0,1,1,0,0,1,0,1,0,0
201600030809,16,6,24,1210,1,2,1,1,3,1,4844302,11042,610,3,2,2,1,1,1,0,70,1,0,5,0,0
201600030810,16,7,8,1950,1,2,1,1,6,1,4843088,9035,610,4,2,2,0,1,1,0,0,1,0,1,99,0
201600030811,16,7,15,1640,1,2,6,1,3,1,4842242,8946,610,3,2,4,0,1,1,0,0,1,5,1,0,0
201600030812,16,7,28,1620,1,2,1,1,3,1,4841652,8939,610,3,2,2,1,1,1,0,0,1,0,5,0,0
201600030813,16,8,3,1815,1,2,3,8,6,77,4844842,11441,610,3,2,2,0,1,1,12,70,2,5,1,99,0
201600030814,16,8,9,1010,1,1,1,1,1,117,4846393,10299,610,3,2,2,0,1,2,0,0,1,0,1,99,1
201600030815,16,8,12,950,1,2,2,7,6,1,4843118,7912,610,4,2,2,0,1,1,0,0,1,0,1,99,0
201600030816,16,8,15,1104,1,2,6,1,3,397,4842160,7980,610,3,2,2,0,1,1,0,0,1,5,1,0,0
201600030817,16,9,11,930,1,2,6,1,3,1,4843898,8332,610,3,2,2,0,1,1,0,0,1,5,1,3,0
201600030818,16,10,21,2325,5,2,3,1,6,1,4842375,9008,610,3,3,2,0,1,1,0,0,1,0,4,0,0
201600030819,16,11,17,2010,5,2,1,2,2,1,4843955,10489,610,3,2,2,0,1,1,0,0,2,0,1,99,0
201600030820,16,12,3,1730,5,2,2,1,3,1,4843527,9159,610,3,2,3,0,1,1,0,0,1,5,1,99,0
201600030821,16,12,7,935,1,1,1,1,6,1,4843003,9159,610,4,2,2,0,1,1,0,0,1,0,4,0,0
201600030822,16,12,29,1630,1,2,1,7,6,1,4843541,9660,610,3,2,3,0,4,1,0,0,1,0,1,99,0
201600030823,16,12,31,1250,1,2,3,8,6,1,4842701,8952,610,4,2,2,0,4,1,0,0,1,0,1,0,0
201600030824,16,1,28,1845,1,2,3,1,4,6,4873815,2934,610,3,2,2,0,1,1,0,90,1,0,1,99,0
201600030825,16,3,4,1550,1,1,1,1,6,6,4873495,3856,610,3,2,4,0,1,3,0,0,1,0,1,99,0
201600030826,16,5,31,740,1,2,6,2,3,6,4874130,2148,610,3,2,2,0,1,1,80,88,2,5,1,99,0
201600030827,16,6,22,1810,1,2,1,1,6,6,4874061,2724,610,4,2,2,0,1,1,0,0,1,0,4,0,0
201600030828,16,7,7,1120,1,2,3,7,3,6,4873953,456,610,3,2,2,0,4,3,0,64,1,0,1,0,0
201600030829,16,9,10,1812,1,2,1,1,1,6,4874019,1571,610,4,2,2,0,1,3,0,90,1,0,1,99,0
201600030830,16,10,5,1615,1,2,2,1,3,6,4874471,2367,610,4,2,2,0,1,1,0,52,1,0,1,99,0
201600030831,16,10,17,1800,1,2,3,1,3,6,4874198,2203,610,4,2,2,0,1,3,0,0,1,0,1,99,0
201600030832,16,9,27,1010,1,2,6,1,3,6,4874144,2162,610,3,2,2,0,1,1,40,68,1,5,1,99,0
201600030833,16,11,16,2325,5,2,3,1,6,6,4874449,1988,610,4,1,1,0,1,1,0,40,1,0,1,99,0
201600030834,16,7,26,1625,1,1,2,1,3,6,4869678,201,610,3,2,2,0,4,1,0,70,1,0,1,99,0
201600030835,16,11,29,1505,1,2,2,7,3,6,4874024,1697,610,4,2,2,0,1,1,0,67,1,5,1,99,0
201600030836,16,11,30,1220,1,2,7,1,6,6,4874421,1759,610,4,2,2,0,1,1,0,94,1,0,1,99,0
201600030837,16,12,1,900,1,2,3,1,6,6,4875020,1353,610,3,2,2,0,1,1,0,72,1,0,4,99,0
201600030838,16,12,14,1745,5,2,6,1,6,6,4874913,1414,610,3,2,2,0,1,1,17,57,1,5,1,99,0
201600030839,16,1,7,1600,1,2,1,1,1,218,4876482,59561,610,3,2,2,0,2,1,0,60,1,0,1,0,0
201600030840,16,3,23,1615,1,2,2,1,3,169,4873189,58335,610,4,0,2,0,1,1,0,73,1,5,1,99,0
201600030841,16,5,11,1804,1,1,1,3,1,11,4876795,55447,610,3,2,3,0,2,3,0,105,2,0,1,99,1
201600030842,16,5,10,1953,1,2,2,3,3,169,4875066,57021,610,3,2,2,0,1,1,0,50,2,0,1,99,0
201600030843,16,8,27,2325,5,2,1,1,7,218,4875184,57842,610,4,2,2,0,1,1,0,0,1,0,4,99,0
201600030844,16,9,2,1540,1,2,6,1,3,169,4872989,57914,610,3,2,2,0,1,1,100,138,1,5,1,99,0
201600030845,16,11,12,1728,2,2,2,2,3,169,4874276,56410,610,3,4,3,0,1,1,0,90,2,0,1,99,0
201600030846,16,2,20,2045,3,2,1,1,6,391,4876024,57752,610,3,2,2,0,1,2,0,0,1,0,3,0,0
201600030847,16,2,9,1545,1,1,1,6,1,316,4557872,29175,160,3,2,2,0,1,1,0,57,1,0,1,99,0
201600030848,16,5,2,1945,1,1,1,1,6,150,4565595,29400,160,3,2,2,0,1,3,0,62,1,0,3,99,1
201600030849,16,2,18,1100,1,1,3,2,3,361,4594982,18139,160,3,2,2,0,1,1,0,49,2,0,1,99,0
201600030850,16,6,5,215,5,2,1,1,6,190,4600166,1452,160,3,2,2,0,1,1,0,61,1,0,3,99,0
201600030851,16,6,22,1830,1,1,1,1,7,373,4597135,5506,160,3,2,2,0,1,1,0,52,1,0,3,99,0
201600030852,16,10,8,1445,1,1,1,1,7,194,4593169,7089,160,3,2,2,0,1,3,0,46,1,0,3,99,0
201600030853,16,12,15,1630,1,1,2,1,3,409,4503051,9739,160,3,2,2,0,2,1,0,52,1,0,1,99,0
201600030857,16,6,17,700,2,2,3,2,3,373,4615833,97041,170,4,2,2,0,1,1,0,54,0,0,0,0,0
201600030858,16,8,25,800,1,1,6,1,3,194,4613549,100962,170,3,2,2,0,0,2,0,69,1,0,1,0,0
201600030859,16,10,15,1845,1,1,1,1,4,10,4611067,111539,170,4,2,2,0,1,1,0,51,1,0,1,0,0
201600030860,16,12,4,1820,3,1,1,1,1,373,4615227,94977,170,3,2,2,0,3,1,0,63,1,0,1,0,0
201600030861,16,7,23,1930,1,2,1,1,1,106,4937773,246559,600,3,1,0,0,1,2,74,81,1,5,1,99,0
201600030863,16,1,7,1900,4,2,2,8,6,41,5029046,277580,620,4,1,1,0,1,1,0,53,1,5,1,0,0
201600030864,16,12,30,1810,5,2,1,4,7,13,5026055,275861,620,4,2,0,0,1,0,0,0,7,0,1,99,0
201600030865,16,1,19,2030,5,2,1,9,3,4,5028053,276689,620,4,2,2,0,1,1,0,36,1,0,1,99,0
201600030866,16,1,17,610,3,1,1,1,6,753,5029252,279427,620,3,0,2,0,0,0,0,0,0,0,0,0,0
201600030867,16,1,16,1825,5,2,3,1,3,744,5031064,276629,620,3,2,3,0,0,0,0,0,0,0,1,0,0
201600030868,16,1,27,1700,2,1,1,2,6,753,5030848,279592,620,3,3,2,0,4,1,0,80,2,0,3,99,0
201600030869,16,2,13,1040,1,2,1,2,6,41,5029896,273177,620,4,2,1,0,1,1,0,70,2,0,1,0,0
201600030870,16,2,19,1030,1,2,3,1,3,41,5028645,276983,620,4,3,0,0,1,1,0,0,1,0,1,0,0
201600030871,16,2,28,235,3,1,1,1,6,764,5031653,277431,620,3,3,2,0,1,1,0,90,1,0,3,0,1
201600030872,16,2,28,500,5,2,1,1,6,744,5030615,276434,620,3,0,2,0,3,2,0,0,1,0,1,0,0
201600030873,16,2,5,720,5,2,1,1,6,99,5026447,278584,620,3,2,2,0,1,1,0,35,1,0,1,99,0
201600030874,16,3,11,335,5,2,1,1,6,41,5028434,278499,620,4,2,2,0,1,1,0,50,1,0,1,3,0
201600030875,16,3,8,1630,1,2,1,1,2,41,5030391,274195,620,4,0,0,0,1,2,0,0,1,0,1,0,0
201600030876,16,4,16,1055,1,2,1,3,3,263,5028129,273398,620,4,2,3,0,1,1,0,0,2,0,1,3,0
201600030877,16,4,12,1005,1,2,1,1,7,41,5029703,273442,620,4,2,2,0,1,1,0,0,1,0,1,99,0
201600030878,16,4,12,950,1,2,1,1,6,753,5030042,280091,620,3,0,2,0,1,1,0,0,1,0,1,0,0
201600030879,16,4,22,1245,1,1,1,1,6,41,5029372,276654,620,4,1,0,0,2,1,0,0,1,0,1,3,0
201600030881,16,5,14,1730,1,2,2,1,3,41,5029072,275156,620,4,2,0,2,1,1,0,90,1,0,1,0,0
201600030882,16,5,14,1625,1,2,9,1,6,41,5030039,273451,620,6,0,0,0,1,1,0,0,1,0,0,99,0
201600030883,16,5,24,1800,1,2,5,1,6,41,5029395,276959,620,4,1,2,0,2,1,0,56,1,5,1,99,0
201600030884,16,5,16,2010,1,2,1,1,3,41,5029517,278299,620,9,1,2,0,2,0,0,0,1,0,1,99,0
201600030885,16,5,13,2010,1,2,1,1,3,41,5029394,278277,620,9,1,2,0,2,0,0,0,1,0,1,99,0
201600030886,16,4,3,1830,1,1,1,1,7,744,5032311,275802,620,3,0,0,0,1,3,0,0,1,5,0,0,0
201600030887,16,6,11,1310,1,2,6,1,6,41,5029911,274450,620,3,1,2,0,1,3,0,0,1,0,1,99,0
201600030888,16,6,25,2055,2,2,2,1,6,41,5029534,277115,620,9,1,1,0,1,1,0,75,1,0,1,0,0
201600030889,16,6,19,1250,1,2,1,1,6,263,5028085,273312,620,4,2,2,0,1,1,0,0,0,0,4,99,0
201600030890,16,6,6,1500,1,2,1,1,6,41,5029678,278321,620,4,3,3,0,1,1,43,97,1,0,1,0,0
201600030891,16,6,28,2030,1,2,1,2,6,41,5029252,274909,620,9,0,0,0,0,0,0,0,2,0,1,0,0
201600030893,16,6,9,1400,1,2,1,1,3,41,5028936,278649,620,9,2,2,0,1,1,0,0,1,0,1,0,0
201600030894,16,8,12,1430,1,2,2,1,3,41,5029632,274486,620,4,1,1,0,1,4,0,0,1,0,1,0,0
201600030895,16,8,22,1855,1,2,1,7,6,263,5029242,273827,620,9,2,2,0,0,0,0,0,0,0,1,0,0
201600030896,16,9,1,815,1,1,6,1,7,99,5025488,278937,620,3,2,2,0,1,1,0,0,1,5,1,99,0
201600030897,16,6,10,1115,1,2,3,1,6,41,5029725,273834,620,4,2,0,0,1,2,0,0,1,5,4,99,0
201600030898,16,9,24,1848,2,2,2,1,1,13,5025745,275423,620,4,2,2,0,1,1,0,0,1,0,1,99,0
201600030899,16,10,5,1840,1,2,1,1,6,41,5029138,274757,620,4,2,2,0,0,0,0,0,0,0,1,0,0
201600030900,16,10,7,1110,1,2,1,1,7,744,5031707,276605,620,4,2,2,0,1,1,0,0,1,0,4,99,0
201600030901,16,10,20,2050,3,1,1,2,6,753,5030811,280018,620,3,3,2,0,2,1,60,80,2,0,1,99,0
201600030902,16,10,6,1700,1,2,1,1,6,41,5027809,278488,620,4,2,2,0,1,1,0,0,1,0,1,99,0
201600030903,16,10,12,1315,1,2,1,1,6,41,5029381,278262,620,4,3,2,0,2,1,20,70,1,0,1,99,0
201600030904,16,11,13,1050,1,1,1,8,6,764,5030634,278409,620,3,1,2,0,1,2,0,0,1,0,1,99,0
201600030905,16,11,23,1355,1,2,6,1,3,41,5028406,278560,620,4,2,2,0,1,1,0,0,1,5,1,3,0
201600030906,16,12,1,1830,1,2,1,1,6,753,5030041,280028,620,3,2,2,0,1,1,0,0,1,0,1,0,0
201600030907,16,9,8,1815,1,2,2,1,3,41,5028311,278657,620,4,2,2,0,1,1,0,0,1,5,1,99,0
201600030908,16,12,29,950,1,2,1,5,2,13,5025568,275894,620,4,2,2,0,2,1,0,41,7,0,1,3,0
201600030909,16,2,4,1920,3,1,1,2,6,516,5057588,249372,620,3,2,2,0,1,1,0,72,2,0,3,99,0
201600030910,16,3,17,1510,1,1,1,1,3,516,5056914,245597,620,3,2,2,0,1,1,0,73,1,0,1,99,0
201600030911,16,3,31,1340,1,2,1,1,6,217,5050491,245083,620,4,2,2,0,1,1,0,0,1,0,1,3,0
201600030912,16,4,8,2015,1,2,1,1,3,48,5051861,245755,620,4,2,2,0,3,1,0,60,1,0,1,99,0
201600030913,16,5,20,2215,5,2,3,1,3,48,5050152,247910,620,4,2,2,0,1,1,0,53,1,0,1,0,0
201600030914,16,5,22,1045,1,2,2,2,3,217,5030295,226226,620,3,0,0,0,0,0,0,0,0,0,0,0,0
201600030915,16,7,5,1755,1,1,1,1,1,516,5056973,246968,620,3,2,2,0,1,1,0,0,1,0,1,99,0
201600030916,16,7,6,1740,1,2,2,1,3,48,5051466,248481,620,4,2,2,0,1,1,0,60,1,0,1,0,0
201600030917,16,7,31,1545,1,2,1,1,6,217,5050158,244869,620,3,2,2,0,1,1,0,72,1,0,4,0,0
201600030918,16,10,20,1134,1,2,1,1,6,217,5051311,244691,620,3,3,0,0,1,1,0,0,1,0,4,99,0
201600030919,16,11,18,2115,5,2,1,2,3,516,5056850,247653,620,4,2,2,0,1,1,0,60,2,0,1,0,0
201600030920,16,11,25,1720,2,2,1,1,3,48,5050001,248448,620,4,2,2,0,1,3,0,0,1,0,1,99,0
201600030921,16,12,21,1905,5,2,1,2,6,188,5052510,245670,620,3,2,2,0,1,1,0,80,2,0,1,99,1
201600030922,16,1,15,2305,5,2,1,1,7,65,5040963,284638,620,4,2,1,0,1,1,0,480,1,0,0,0,0
201600030923,16,2,7,1500,1,2,1,8,6,724,5040343,292375,620,4,0,2,0,1,2,0,0,2,0,1,99,0
201600030924,16,12,28,1250,1,2,1,9,6,65,5040565,284176,620,4,2,2,0,1,1,0,0,7,5,4,99,0
201600030925,16,3,2,1915,5,2,1,4,6,570,5040738,288331,620,4,2,1,0,1,1,0,68,2,0,1,99,0
201600030926,16,3,22,810,1,2,1,1,6,65,5041018,285544,620,3,2,2,0,1,1,0,80,1,0,1,99,0
201600030927,16,7,22,2220,3,1,1,1,6,277,5038348,292439,620,3,2,2,0,1,0,0,60,1,0,1,0,0
201600030929,16,8,19,1915,1,2,2,1,3,570,5041747,287991,620,4,2,2,0,1,1,0,35,1,0,1,99,0
201600030930,16,8,25,900,1,2,6,1,3,724,5038757,291712,620,3,1,1,0,0,0,0,0,0,0,1,0,0
201600030932,16,11,17,840,1,2,3,8,3,570,5040691,288142,620,3,2,2,0,1,1,0,0,2,0,1,3,0
201600030933,16,1,6,130,5,2,1,2,6,119,5051375,264858,620,3,2,2,0,0,2,0,100,2,0,1,0,0
201600030934,16,1,6,1905,5,2,3,1,6,132,5052203,287230,620,3,2,2,0,1,1,0,80,1,5,1,0,0
201600030935,16,1,10,1620,1,2,3,1,2,132,5052316,287342,620,3,2,2,0,1,1,0,50,1,0,1,99,0
201600030936,16,2,13,1900,5,2,1,2,6,401,5050828,280197,620,3,2,2,0,1,1,0,55,2,0,1,0,1
201600030937,16,1,11,1830,5,2,1,1,6,119,5052759,264445,620,4,2,2,0,1,1,0,70,1,0,1,99,0
201600030938,16,1,30,400,5,2,1,2,6,34,5050816,272416,620,4,0,2,0,1,2,0,40,2,0,0,0,0
201600030939,16,1,18,1530,1,2,1,1,3,480,5051299,268223,620,3,2,2,0,1,1,0,74,1,0,1,99,0
201600030940,16,3,2,2005,3,1,1,8,1,846,5048747,276871,620,3,2,2,0,1,2,0,66,2,0,1,0,1
201600030941,16,2,1,2055,3,2,1,1,6,119,5052581,262929,620,3,2,2,1,0,0,0,0,0,0,5,0,0
201600030942,16,2,9,1600,1,2,6,8,3,119,5052400,264042,620,4,1,5,0,1,0,0,70,2,0,1,0,0
201600030943,16,2,20,1545,1,2,1,3,6,126,5053369,268627,620,3,2,2,0,1,2,0,62,2,0,4,99,1
201600030944,16,2,28,1800,1,2,6,1,6,848,5050824,263454,620,3,2,2,0,1,1,50,120,1,0,1,99,0
201600030945,16,2,28,1500,1,2,1,1,6,51,5050872,279079,620,3,2,2,0,1,1,0,95,1,0,1,3,0
201600030946,16,4,10,1700,1,2,1,1,1,132,5052120,287069,620,3,2,2,0,1,1,0,54,1,0,1,3,0
201600030947,16,4,13,1655,1,2,6,1,3,51,5052073,279373,620,3,1,2,0,1,2,0,90,1,5,0,99,0
201600030948,16,5,2,1740,1,2,1,1,3,119,5052271,265930,620,3,2,2,0,1,1,0,119,1,0,1,0,0
201600030949,16,5,24,1230,1,2,1,1,6,119,5052080,265319,620,4,0,0,0,1,3,26,74,1,0,1,3,0
201600030950,16,5,5,1500,1,1,1,1,4,126,5055115,267665,620,3,2,2,0,1,1,0,100,1,0,1,99,0
201600030951,16,5,16,15,5,2,1,1,7,310,5055068,267256,620,3,2,2,0,1,3,0,61,1,0,3,99,0
201600030952,16,6,20,1205,1,1,1,1,3,35,5054213,262383,620,4,2,2,0,1,1,0,80,1,0,1,99,0
201600030953,16,6,14,1610,1,2,1,1,1,126,5054492,265878,620,3,2,2,0,1,1,0,61,1,0,1,0,0
201600030954,16,6,18,1425,1,2,1,1,3,126,5052030,267511,620,4,2,2,0,1,1,0,66,1,0,1,99,0
201600030955,16,6,26,130,5,2,3,1,3,119,5051881,264468,620,4,2,2,0,1,1,0,60,1,0,1,0,0
201600030956,16,8,17,1550,1,2,1,1,6,126,5052941,269216,620,4,1,1,0,1,1,0,35,1,0,1,0,0
201600030957,16,9,12,1725,1,2,1,1,6,276,5050579,280850,620,3,2,2,1,1,1,0,70,1,0,1,0,0
201600030958,16,9,22,1800,1,2,6,1,3,119,5052710,263274,620,4,0,1,0,0,0,0,60,0,0,1,0,0
201600030959,16,8,17,815,1,1,1,1,3,310,5054172,265060,620,3,2,2,0,1,1,0,64,1,0,1,99,0
201600030960,16,9,24,530,5,2,1,1,6,119,5052503,263359,620,3,3,2,0,1,1,800,0,1,0,1,0,0
201600030961,16,9,30,1210,1,2,9,1,6,119,5052563,264948,620,3,2,2,0,1,1,0,116,0,0,1,0,0
201600030962,16,10,15,2035,3,1,1,1,7,863,5053501,278225,620,3,2,2,0,0,0,0,60,0,0,3,0,0
201600030963,16,9,14,2235,5,2,1,1,1,35,5053974,262695,620,4,2,2,0,1,3,0,80,1,0,1,99,0
201600030964,16,10,15,1135,1,2,1,1,3,200,5051015,273156,620,3,2,2,0,0,0,0,60,0,0,1,0,0
201600030965,16,10,8,105,5,2,5,1,3,126,5051982,267829,620,3,2,2,0,1,1,0,120,1,0,1,99,0