Num_Acc,an,mois,jour,hrmn,lum,agg,int,atm,col,com,lat,long,dep,catr,circ,nbv,vosp,prof,plan,lartpc,larrout,surf,infra,situ,env1,killed
201600030966,16,10,5,845,1,2,1,7,7,119,5052857,264100,620,4,0,2,0,1,1,0,63,1,0,0,0,0
201600030967,16,10,4,1320,1,1,2,1,3,350,5051252,261143,620,3,2,4,0,1,2,40,180,1,0,1,0,0
201600030968,16,11,5,1045,1,2,1,1,1,119,5052285,265831,620,4,2,2,0,1,1,0,88,0,0,1,99,0
201600030969,16,11,18,1740,3,2,1,1,6,863,5054212,278804,620,3,2,2,0,1,1,0,71,0,0,1,0,0
201600030970,16,11,10,740,2,2,3,1,6,119,5052816,264211,620,3,2,2,0,1,1,0,100,1,0,1,3,0
201600030971,16,11,17,1745,5,2,1,1,7,330,5054683,275099,620,3,2,2,0,1,1,0,55,6,0,4,0,0
201600030972,16,11,21,1405,1,2,3,1,3,119,5052972,264758,620,4,2,2,0,1,1,0,60,1,5,1,0,0
201600030973,16,1,27,1615,1,2,1,3,6,758,5072559,162428,620,4,0,2,0,2,1,0,88,2,0,1,99,0
201600030974,16,2,10,1500,1,1,1,1,7,894,5076761,164199,620,3,2,2,0,2,1,0,150,1,5,1,99,0
201600030975,16,2,25,1910,3,2,1,1,3,160,5072032,159920,620,4,2,1,0,1,1,0,0,1,6,1,0,0
201600030976,16,2,28,2200,5,2,3,1,1,160,5072875,160182,620,4,2,2,0,1,1,0,120,1,0,1,0,0
201600030977,16,3,27,2200,5,2,1,1,3,160,5071903,161494,620,3,2,0,0,2,1,0,0,1,0,1,0,0
201600030978,16,4,1,150,5,2,1,1,7,160,5071891,159776,620,4,1,2,0,2,1,0,0,1,0,1,0,0
201600030979,16,4,18,1200,1,2,1,1,6,160,5072850,160886,620,4,1,1,0,1,1,0,80,1,0,1,99,0
201600030980,16,6,5,510,2,1,4,1,7,160,5074261,161264,620,3,0,0,0,0,0,0,0,0,0,0,0,1
201600030981,16,5,31,1745,1,1,1,2,1,893,5079833,161421,620,3,2,2,0,1,3,0,70,2,0,1,99,0
201600030982,16,7,7,2125,1,2,3,1,3,160,5072678,162065,620,4,2,1,0,1,1,0,0,1,0,1,0,0
201600030984,16,7,16,410,5,2,1,1,1,160,5073710,159460,620,3,2,2,0,2,2,0,0,1,0,1,0,0
201600030985,16,9,6,2145,5,2,4,1,3,160,5071818,159156,620,3,2,2,0,1,1,0,60,1,0,1,99,0
201600030986,16,9,7,1140,1,1,3,1,3,643,5068600,161051,620,3,2,1,0,1,1,0,0,1,0,1,99,0
201600030988,16,10,7,740,2,2,2,1,6,758,5073745,162258,620,4,2,3,0,1,3,0,118,1,5,1,3,0
201600030989,16,11,12,1750,5,2,1,2,6,160,5073096,161947,620,9,2,2,0,1,0,0,0,2,0,1,3,0
201600030990,16,11,20,1750,5,2,1,1,7,667,5071452,158735,620,4,0,1,0,3,3,0,60,1,0,1,0,0
201600030991,16,12,15,1510,1,2,1,7,3,758,5072689,168122,620,4,2,2,0,1,3,0,0,1,0,1,99,0
201600030992,16,12,17,1725,2,2,1,1,6,160,5073782,161757,620,4,2,2,0,1,1,0,0,1,0,1,99,0
201600030993,16,12,22,1900,5,2,1,1,6,667,5070886,157875,620,6,0,0,0,1,1,0,125,1,0,1,99,1
201600030994,16,12,22,1140,1,2,1,1,6,160,5071403,161408,620,4,2,2,0,2,1,0,120,1,6,1,99,1
201600030995,16,3,30,1640,1,2,1,1,6,178,5048925,256199,620,3,2,2,0,1,1,0,93,1,0,1,99,0
201600030996,16,4,16,2220,3,1,1,9,3,270,5046552,251388,620,3,2,0,0,2,2,0,70,2,0,1,99,1
201600030997,16,4,30,2330,5,2,1,1,6,178,5048175,255116,620,3,2,2,0,2,1,0,90,1,0,1,99,0
201600030998,16,5,18,1545,1,2,1,8,6,178,5048330,255474,620,3,2,2,0,1,1,0,110,1,0,1,0,0
201600030999,16,5,18,1805,1,1,1,2,1,178,5049456,253999,620,3,2,2,0,1,1,0,76,2,0,1,99,0
201600031000,16,6,6,2150,1,2,1,1,1,178,5048300,252147,620,4,4,1,0,1,1,0,50,9,0,1,0,0
201600031001,16,6,24,1925,1,2,2,1,6,178,5047083,255838,620,4,2,2,0,1,1,0,0,1,0,1,99,0
201600031002,16,7,10,2040,1,1,1,1,5,457,5045648,254157,620,3,2,2,0,1,1,0,70,1,0,1,0,0
201600031003,16,7,12,1650,1,2,1,1,5,457,5045463,253724,620,3,2,2,0,2,1,0,80,1,0,1,99,0
201600031004,16,7,22,130,5,2,1,1,6,178,5049138,254706,620,4,2,2,0,1,1,0,54,1,0,4,99,0
201600031005,16,7,31,2050,1,2,1,1,6,178,5048505,254118,620,4,0,2,0,1,1,0,65,1,0,4,0,0
201600031006,16,8,20,1625,1,2,1,2,3,270,5047138,250406,620,4,2,2,0,2,1,0,58,2,0,1,3,0
201600031007,16,8,29,1645,1,2,2,1,3,457,5045030,252499,620,4,2,2,0,2,1,0,65,1,0,0,99,0
201600031008,16,9,7,1855,1,2,1,1,6,178,5048532,254598,620,4,2,2,0,1,4,0,60,1,0,1,99,0
201600031009,16,9,26,645,5,2,1,1,3,178,5047763,252978,620,3,2,3,0,1,1,0,76,1,0,1,0,0
201600031010,16,10,2,410,3,1,1,1,1,457,5045720,254112,620,3,2,2,0,1,1,0,60,2,0,1,99,0
201600031011,16,8,4,1855,1,1,9,1,5,457,5048023,248373,620,3,2,3,0,1,1,0,115,1,3,1,99,0
201600031012,16,10,15,1130,1,1,3,1,3,270,5047520,252450,620,3,2,1,0,2,0,0,63,1,0,1,0,0
201600031013,16,11,2,1315,1,1,1,1,7,445,5048826,260201,620,3,2,2,0,1,1,0,74,1,0,1,99,0
201600031014,16,11,3,710,2,2,1,1,3,270,5047345,252067,620,3,3,2,0,1,1,12,45,1,2,1,99,0
201600031015,16,12,14,1930,3,2,1,1,6,400,5047526,258702,620,4,2,2,0,1,2,0,77,1,0,1,99,0
201600031016,16,12,27,750,2,2,1,1,6,193,5094642,189493,620,4,3,2,0,1,1,20,100,1,0,1,0,0
201600031017,16,1,6,1550,1,2,7,1,6,193,5095809,185549,620,4,1,1,0,1,2,0,0,1,0,1,0,0
201600031018,16,1,7,1750,5,2,1,1,6,193,5094565,186180,620,4,2,1,0,1,1,0,0,1,0,1,0,0
201600031019,16,2,3,930,1,2,6,1,3,193,5095222,183195,620,3,1,2,0,0,0,0,0,0,0,0,0,0
201600031020,16,1,23,2145,5,2,1,2,3,193,5094715,184926,620,4,2,1,0,1,1,0,75,2,0,1,0,0
201600031021,16,2,9,745,2,2,1,3,6,193,5095044,186900,620,4,3,1,0,0,0,0,0,2,0,1,0,0
201600031023,16,3,31,1920,2,2,1,1,3,193,5096187,183881,620,4,2,1,0,0,0,0,0,0,0,1,0,0
201600031024,16,2,18,2015,5,2,3,1,3,193,5095307,183643,620,4,2,3,2,1,1,0,120,1,0,1,0,0
201600031025,16,2,2,1755,5,2,1,1,6,193,5094600,186057,620,4,3,2,0,1,0,0,0,1,0,1,0,0
201600031027,16,3,5,10,5,2,9,1,6,244,5092669,190346,620,3,2,2,0,1,1,0,0,1,0,1,99,0
201600031028,16,4,8,2215,5,2,1,1,6,193,5095208,185914,620,4,1,1,0,1,1,0,0,1,0,0,99,0
201600031029,16,6,10,2315,4,2,2,1,6,193,5094747,189708,620,4,2,2,0,1,1,0,0,1,5,1,0,0
201600031030,16,6,22,1355,1,2,2,1,3,193,5095467,185977,620,4,2,2,0,1,1,0,0,1,5,1,0,0
201600031031,16,5,1,1150,1,2,2,1,3,193,5094480,184796,620,4,2,2,0,1,1,0,0,1,0,1,3,0
201600031032,16,5,10,1630,1,2,2,1,1,193,5095751,189784,620,4,2,2,0,1,1,0,0,1,5,1,99,0
201600031033,16,6,21,2115,1,2,1,1,6,548,5094845,194036,620,3,2,2,0,1,1,0,0,1,0,1,0,0
201600031035,16,7,24,1550,1,1,1,1,7,774,5093477,172578,620,3,2,1,0,2,1,0,70,1,0,0,99,0
201600031037,16,6,30,1700,1,1,9,1,3,193,5093120,189587,620,3,0,0,0,0,0,0,0,0,0,0,0,0
201600031038,16,6,24,1145,1,1,1,1,1,193,5093305,190131,620,3,2,2,0,1,1,0,0,1,0,1,0,0
201600031039,16,9,19,1600,1,2,6,1,6,193,5094559,185372,620,4,1,2,0,1,0,0,0,1,5,4,99,0
201600031040,16,8,6,1905,1,1,1,1,2,774,5093414,172484,620,3,2,2,0,2,1,0,50,1,0,1,99,0
201600031041,16,9,27,1830,1,2,1,1,6,193,5094668,182454,620,4,1,1,0,1,1,0,120,1,0,1,0,0
201600031045,16,11,28,1545,1,2,6,7,6,193,5094595,183750,620,4,3,2,0,1,3,0,56,1,5,1,99,0
201600031046,16,11,4,1550,1,2,1,3,6,193,5094643,184214,620,4,2,3,0,2,1,0,0,2,0,1,3,0
201600031047,16,12,10,1600,1,2,1,1,6,193,5095227,185289,620,4,2,1,0,1,1,0,90,1,0,1,0,0
201600031048,16,1,4,1630,1,2,1,1,6,250,5045560,294802,620,4,2,2,0,1,1,0,83,1,0,1,3,0
201600031049,16,11,8,2100,5,2,1,1,1,771,5041980,287262,620,3,2,2,0,1,1,0,0,0,0,1,99,0
201600031050,16,12,10,1225,1,1,1,1,6,573,5049082,289911,620,3,2,2,0,1,1,0,60,1,0,1,99,0
201600031051,16,11,4,1745,5,2,1,1,6,19,5042671,271143,620,4,2,2,0,1,3,0,80,2,0,1,99,0
201600031052,16,1,5,2115,5,2,3,1,3,628,5042438,288386,620,4,2,2,0,1,1,0,0,1,0,1,99,0
201600031053,16,12,3,1550,1,2,1,1,6,510,5042001,279798,620,4,2,2,0,1,1,0,0,1,0,1,0,0
201600031054,16,12,14,2110,2,2,1,1,2,895,5049471,285189,620,4,2,2,0,1,1,0,0,1,0,1,0,0
201600031055,16,12,17,1530,1,2,2,8,3,510,5042122,276141,620,4,2,2,0,1,1,0,50,2,0,1,0,0
201600031056,16,1,12,820,2,2,1,1,6,215,5049127,294616,620,4,2,2,0,1,1,0,62,2,0,1,3,0
201600031057,16,11,28,900,1,2,1,1,6,413,5044264,290636,620,4,2,2,0,1,1,13,62,1,0,1,0,0
201600031058,16,11,25,2110,5,1,2,1,3,249,5040622,301734,620,4,2,2,0,1,1,0,90,1,0,1,3,0
201600031059,16,12,17,2205,5,1,6,1,6,427,5039395,298156,620,3,2,2,0,1,1,0,0,1,2,1,99,0
201600031060,16,1,5,1720,2,2,3,1,3,587,5043697,292872,620,4,2,2,0,1,1,0,0,1,0,1,0,0
201600031061,16,12,13,1200,1,2,1,1,2,510,5042898,279197,620,4,2,1,0,1,1,0,80,1,0,1,99,0
201600031062,16,1,13,655,5,2,3,1,3,498,5043477,281852,620,4,3,2,0,0,1,0,0,2,0,1,99,0
201600031063,16,1,13,1040,1,2,9,1,6,427,5042039,294758,620,3,2,2,0,1,1,0,0,1,0,1,0,0
201600031064,16,2,10,730,2,2,3,1,3,637,5046850,299041,620,4,2,3,0,1,1,0,116,1,5,1,0,0
201600031065,16,2,17,940,1,2,4,1,6,413,5044613,290516,620,3,2,3,0,1,1,0,84,1,0,1,0,0
201600031066,16,12,10,2320,5,2,1,1,6,351,5042492,289328,620,4,2,2,0,1,1,0,61,1,0,4,0,0
201600031067,16,2,8,1950,2,1,1,2,3,274,5043017,295339,620,3,2,2,0,1,1,0,0,2,3,1,99,0
201600031068,16,11,29,900,1,2,1,7,6,907,5048509,299827,620,4,2,2,0,1,1,0,61,1,0,1,0,0
201600031069,16,1,20,1330,1,2,1,1,7,510,5042100,277897,620,4,2,2,0,1,1,0,0,1,0,1,0,0
201600031070,16,11,11,1900,3,2,1,1,6,215,5048947,295149,620,4,0,1,0,1,1,0,40,1,0,0,0,0
201600031071,16,3,1,856,1,2,1,2,6,498,5044527,283522,620,6,0,0,0,1,0,0,0,2,0,1,0,1
201600031072,16,11,22,1620,1,2,6,1,6,510,5042210,276520,620,4,1,1,0,1,3,0,100,1,5,1,0,0
201600031073,16,12,10,1230,1,2,1,1,3,427,5041460,296834,620,4,2,2,0,1,1,0,0,1,0,1,99,0
201600031074,16,1,8,1225,1,2,1,1,3,351,5042282,290656,620,4,2,2,0,1,1,0,0,1,0,1,0,0
201600031075,16,1,21,910,1,2,1,1,1,133,5041527,290733,620,3,2,2,0,1,1,0,0,2,0,1,0,0
201600031076,16,12,6,2100,5,2,3,1,6,895,5048707,284864,620,4,2,2,0,1,1,0,0,1,0,4,0,0
201600031077,16,3,3,2130,3,1,1,1,7,250,5044964,295797,620,3,2,2,0,1,2,0,60,1,0,1,99,0
201600031078,16,1,28,1725,1,2,1,1,6,427,5042636,294400,620,4,2,2,0,1,1,0,0,1,0,1,0,0
201600031079,16,2,11,130,5,1,9,1,6,274,5044179,299855,620,3,2,2,0,1,0,0,0,2,0,1,0,0
201600031080,16,2,2,930,1,2,1,1,6,510,5042722,277453,620,4,2,2,0,1,1,0,70,2,0,1,0,0
201600031081,16,1,31,1930,5,2,1,1,1,895,5049430,285080,620,4,2,2,0,1,1,0,0,1,0,1,0,0
201600031082,16,1,27,1610,1,2,1,1,6,510,5042557,279682,620,3,4,4,0,1,1,0,110,1,6,1,99,0
201600031083,16,1,12,1500,1,2,1,1,3,186,5044169,274377,620,4,2,2,0,1,1,0,0,1,0,1,0,0
201600031084,16,1,20,1430,1,2,1,1,6,510,5041879,278111,620,4,2,2,0,1,1,0,0,1,0,1,0,0
201600031085,16,2,10,1850,2,2,1,1,6,510,5042227,277794,620,4,2,2,0,1,1,0,0,1,0,1,0,0
201600031086,16,3,10,1740,1,2,3,1,2,907,5048605,300480,620,4,2,2,0,1,1,0,80,1,0,1,0,0
201600031087,16,3,5,1030,1,2,3,1,6,250,5045823,294604,620,4,1,1,0,1,1,0,41,1,0,1,0,0
201600031088,16,2,17,2030,5,2,2,1,3,427,5042636,294152,620,4,2,2,0,1,1,0,0,1,0,1,0,0
201600031089,16,2,14,950,1,2,1,2,6,133,5041197,290333,620,4,2,2,0,1,1,0,0,2,0,4,0,0
201600031090,16,2,8,2205,3,1,1,1,3,274,5043755,297275,620,3,2,2,0,1,1,0,70,2,0,1,99,1
201600031091,16,2,11,2025,5,2,1,1,2,427,5038969,296952,620,3,2,2,0,1,1,0,0,1,0,1,99,0
201600031092,16,2,24,1030,1,2,6,1,6,510,5041809,276990,620,3,1,2,0,2,1,0,0,1,5,1,3,0
201600031093,16,2,15,1900,5,2,1,1,6,628,5042547,286214,620,4,2,0,0,1,1,0,0,1,0,1,99,0
201600031094,16,3,14,1410,1,2,1,1,3,19,5042962,270659,620,3,2,0,0,1,3,25,85,1,0,1,0,0
201600031095,16,3,10,1800,1,2,3,1,3,498,5042375,283569,620,4,2,2,0,1,1,0,60,1,5,1,99,0
201600031096,16,4,7,1055,1,2,1,1,6,498,5043712,284336,620,3,2,2,0,1,1,0,0,1,0,4,0,0
201600031097,16,3,22,1900,1,1,1,1,1,65,5041054,285516,620,3,2,2,0,1,1,0,0,1,0,1,99,0
201600031098,16,4,9,1930,1,2,2,2,3,907,5047711,301172,620,3,2,2,0,1,1,0,77,2,0,0,0,0
201600031099,16,3,16,1300,1,2,1,1,6,510,5042872,277375,620,4,2,2,0,1,1,0,90,1,0,1,0,0
201600031100,16,4,1,1000,1,2,3,1,3,498,5045244,281750,620,3,2,2,0,1,1,31,64,1,0,1,0,0
201600031101,16,1,16,2250,5,1,1,1,7,510,5043396,275238,620,3,1,0,0,1,1,0,0,1,0,1,0,0
201600031102,16,1,17,1645,1,2,1,1,7,186,5045301,272903,620,4,2,2,0,0,0,0,0,0,0,0,0,0
201600031103,16,3,24,1630,1,2,1,1,2,427,5041541,294641,620,3,2,2,0,1,1,0,0,1,4,1,0,0
201600031104,16,3,9,750,1,1,2,1,3,413,5045194,290538,620,4,2,2,0,1,1,0,95,1,0,1,0,0
201600031105,16,2,24,1115,1,2,1,1,3,427,5041794,297072,620,4,2,3,0,1,1,0,0,1,0,1,0,0
201600031106,16,3,12,1510,1,1,9,1,3,427,5043224,295433,620,3,4,3,0,1,1,0,0,1,0,1,0,0
201600031107,16,5,1,930,1,2,1,1,3,510,5041666,276666,620,3,2,2,0,1,1,0,0,1,0,1,0,0
201600031108,16,5,1,2010,1,2,2,1,1,215,5048602,295202,620,4,2,3,0,1,1,0,100,1,0,1,0,0
201600031109,16,2,2,1230,1,2,1,1,3,510,5041450,278049,620,4,2,2,0,1,1,0,0,1,0,1,0,0
201600031110,16,2,17,1555,1,2,1,1,6,133,5042350,291517,620,3,2,2,0,1,1,0,80,1,0,1,99,0
201600031111,16,2,19,1900,1,2,1,8,6,427,5041711,294708,620,4,2,2,0,2,1,0,0,2,0,1,99,0
201600031112,16,3,2,1830,5,2,1,2,3,351,5042261,289963,620,4,2,2,0,1,1,0,0,2,0,1,99,0
201600031113,16,3,19,1540,1,2,1,1,3,249,5041052,300022,620,4,2,3,0,1,1,0,110,1,0,1,99,0
201600031114,16,4,3,1010,1,2,3,1,3,563,5047572,272608,620,3,2,2,0,1,1,0,60,1,0,0,0,0
201600031115,16,2,22,1700,1,2,3,2,3,637,5047033,299616,620,4,2,2,0,1,3,0,45,2,0,1,0,0
201600031116,16,4,9,1800,1,2,3,1,3,33,5045997,289110,620,3,2,2,0,1,1,73,111,1,0,1,0,0
201600031117,16,2,26,1545,1,2,1,1,3,528,5046099,281558,620,3,2,0,0,1,1,0,0,1,0,1,0,0
201600031118,16,5,5,10,5,2,1,1,6,510,5041999,277186,620,4,2,2,0,1,1,0,0,1,0,1,99,0
201600031119,16,3,19,1740,1,2,1,1,3,842,5046196,282392,620,4,0,0,0,1,1,0,0,1,0,0,0,0
201600031120,16,5,21,1930,1,2,3,1,3,250,5045369,294038,620,3,2,2,0,1,1,0,66,1,0,1,0,0
201600031121,16,5,16,2135,5,2,1,1,6,895,5049725,285975,620,4,0,2,0,1,1,0,35,1,0,1,0,0
201600031122,16,5,1,1445,1,2,3,1,3,291,5042183,280241,620,4,2,2,0,1,1,0,64,1,0,1,0,0
201600031123,16,3,25,2315,3,1,1,1,3,587,5043226,292208,620,3,2,2,0,1,2,0,0,1,3,1,99,0
201600031124,16,5,10,820,1,2,2,1,3,637,5047261,301613,620,4,2,2,0,1,1,0,200,1,0,1,0,0
201600031125,16,5,12,1250,1,2,1,1,3,528,5046734,281336,620,3,2,2,0,1,1,0,0,1,0,1,0,0
201600031126,16,5,28,1200,1,1,1,1,3,510,5042576,279294,620,3,2,0,0,1,1,0,0,1,0,1,0,0
201600031127,16,4,15,1600,1,2,1,1,3,386,5044875,274263,620,4,2,2,0,1,1,0,0,1,0,0,0,0
201600031128,16,3,19,1520,1,2,1,1,6,510,5041188,278238,620,4,2,2,0,1,1,0,0,1,0,1,0,0
201600031129,16,4,25,945,1,2,1,1,5,215,5049936,294597,620,3,2,2,0,0,0,0,80,0,0,0,0,0
201600031130,16,4,16,1650,1,1,3,1,3,510,5043700,275019,620,3,2,0,0,2,1,0,0,2,2,1,99,0
201600031131,16,5,7,1730,1,2,1,1,2,498,5025571,250095,620,4,1,0,0,1,1,0,60,1,0,1,99,0
201600031132,16,5,8,1330,1,2,1,1,6,895,5029174,250394,620,4,2,1,0,1,1,0,32,1,0,1,0,0
201600031133,16,5,13,1715,1,1,1,1,1,274,5027053,258383,620,4,2,2,0,1,2,0,80,1,2,1,3,0
201600031134,16,6,11,1800,1,2,1,1,1,215,5048329,296210,620,3,2,0,0,1,1,0,65,1,0,1,0,0
201600031135,16,5,16,1320,1,2,6,1,6,19,5042629,271175,620,3,2,2,0,1,1,0,0,1,5,1,99,0
201600031136,16,6,22,1850,1,2,1,1,3,215,5050319,294471,620,3,2,2,0,1,0,0,80,1,0,1,0,0
201600031137,16,7,1,1925,1,1,1,1,1,427,5039644,296386,620,3,2,2,0,1,2,0,0,2,0,1,99,0
201600031138,16,6,27,620,1,2,2,1,3,498,5042893,283591,620,4,4,3,0,1,1,0,110,1,5,1,99,0
201600031139,16,5,24,1830,1,2,3,1,3,498,5043868,283415,620,4,2,2,0,1,1,0,69,1,0,1,0,0
201600031140,16,6,17,1950,1,2,1,2,1,427,5042130,294143,620,4,2,2,0,1,1,0,0,2,0,1,0,0
201600031141,16,6,24,1230,1,2,1,1,6,427,5042052,296034,620,4,2,2,0,3,1,0,67,1,1,1,3,0
201600031142,16,6,27,1740,1,2,1,1,6,498,5042837,283862,620,4,2,2,0,1,0,0,45,1,0,1,0,0
201600031143,16,6,30,945,1,2,2,2,3,771,5042051,285316,620,4,0,2,0,1,1,0,40,2,0,0,0,0
201600031144,16,7,25,2330,5,2,2,1,6,563,5046640,274391,620,3,2,2,0,1,1,0,0,1,0,3,0,1
201600031145,16,6,26,2150,1,2,1,1,6,427,5041762,294507,620,4,4,3,0,1,1,0,0,1,0,1,0,0
201600031146,16,7,3,1520,1,1,1,1,3,427,5041936,294694,620,4,1,1,0,1,3,0,0,0,0,1,0,0
201600031147,16,7,23,1715,1,2,1,1,6,497,5043458,306955,620,4,2,2,0,1,1,0,0,1,0,4,0,0
201600031148,16,7,2,2045,1,1,3,1,3,215,5049058,294650,620,4,2,2,0,1,1,0,60,1,0,1,0,0
201600031149,16,7,4,1600,1,2,1,1,3,637,5047186,299352,620,4,2,2,0,1,1,0,60,1,0,1,99,0
201600031150,16,7,22,1600,1,2,9,1,3,573,5049555,290166,620,4,2,0,0,0,0,0,0,0,0,1,0,0
201600031151,16,7,31,1600,1,2,1,1,6,510,5042216,278130,620,3,2,2,0,1,1,0,27,1,0,1,0,0
201600031152,16,7,12,1545,1,2,1,1,7,498,5042824,283684,620,4,2,0,0,1,1,0,0,1,0,0,0,0
201600031153,16,8,11,1840,1,2,1,1,6,291,5041895,281899,620,6,2,0,0,1,1,0,64,1,0,1,99,1
201600031154,16,7,23,2320,5,2,2,1,3,771,5041836,288433,620,4,2,2,0,1,1,0,0,1,0,1,99,0
201600031155,16,7,29,1800,1,2,2,1,3,186,5044755,272369,620,4,2,2,0,1,1,0,0,1,0,1,0,0
201600031156,16,7,16,1900,1,1,1,1,1,215,5049120,298730,620,3,2,3,0,1,1,0,133,1,0,1,0,0
201600031157,16,8,16,1200,1,2,1,1,2,186,5044172,272686,620,4,2,2,0,1,1,0,60,1,0,0,0,0
201600031158,16,8,5,2020,2,2,1,1,2,842,5045938,284261,620,4,2,2,0,1,1,0,0,1,5,1,99,0
201600031159,16,7,25,1630,1,2,3,1,1,250,5045759,294688,620,3,2,2,0,1,1,0,68,1,0,1,0,0
201600031160,16,6,19,1700,1,2,1,1,1,33,5045766,287448,620,4,2,2,0,1,1,0,61,1,0,1,99,0
201600031161,16,8,1,1710,1,1,1,1,3,510,5042160,276971,620,3,2,0,0,1,1,0,0,1,0,1,0,0
201600031162,16,8,10,920,1,2,1,1,6,427,5042046,294795,620,3,1,2,0,1,1,0,0,1,0,1,99,0
201600031163,16,8,21,2300,5,2,1,1,1,427,5041964,293419,620,4,2,0,0,1,1,0,0,1,0,1,0,0
201600031164,16,8,18,1630,1,2,1,1,6,498,5044412,282813,620,4,2,2,0,1,1,0,0,1,0,4,99,1
201600031165,16,8,29,2000,1,2,1,1,1,32,5041334,274949,620,3,2,2,0,1,1,0,73,1,0,1,0,0
201600031166,16,8,27,2230,1,2,1,1,3,464,5048972,280901,620,3,2,2,0,1,1,0,0,1,0,1,0,0
201600031167,16,9,23,1955,1,2,1,1,3,19,5042589,271246,620,3,2,2,0,1,1,0,0,1,0,1,0,0
201600031168,16,8,27,1405,1,2,2,1,3,628,5042354,288838,620,4,0,2,0,1,1,0,37,1,5,1,0,0
201600031169,16,8,26,1450,1,2,1,1,6,186,5045685,272123,620,3,2,2,0,1,1,0,60,1,0,1,99,0
201600031170,16,8,29,1530,1,2,2,1,3,386,5045098,274743,620,4,1,1,0,1,1,0,39,1,0,1,0,0
201600031171,16,8,16,1955,1,2,1,1,6,133,5041353,291310,620,4,2,2,0,1,1,0,0,1,0,1,99,0
201600031172,16,8,26,1025,1,2,4,1,3,427,5042478,294392,620,3,2,2,0,1,3,0,0,1,0,1,99,0
201600031173,16,10,1,1715,1,2,2,8,1,498,5044035,279169,620,4,2,2,0,1,1,0,59,1,0,1,0,0
201600031174,16,9,13,1205,1,2,1,1,3,510,5042407,278125,620,3,1,2,0,1,1,0,60,1,5,1,0,0
201600031175,16,9,1,1900,1,2,1,1,6,895,5048874,285202,620,4,2,2,0,1,2,0,60,1,0,1,99,0
201600031176,16,8,21,1215,1,2,3,1,3,413,5044952,291022,620,4,2,2,0,1,1,0,60,1,0,0,0,0
201600031177,16,10,12,1212,1,2,1,1,6,510,5043316,278096,620,4,2,2,0,1,1,0,760,1,0,1,0,0
201600031178,16,9,14,1200,1,1,1,1,2,528,5045377,278592,620,3,0,0,0,1,1,0,70,1,0,0,0,0
201600031179,16,9,20,1850,1,2,1,1,2,498,5044430,281973,620,4,2,2,0,1,1,0,74,1,0,1,99,0
201600031180,16,10,7,1910,2,2,2,1,2,413,5044368,289603,620,4,0,2,0,1,1,0,0,1,0,1,0,0
201600031181,16,9,3,950,1,2,9,1,6,427,5042186,294775,620,4,1,2,0,1,3,0,0,1,0,1,0,0
201600031182,16,10,13,1510,1,2,2,1,5,628,5042883,287655,620,4,2,2,0,1,1,0,64,1,0,1,0,0
201600031183,16,9,4,1215,1,2,9,1,6,413,5044543,290120,620,4,2,2,0,2,2,0,70,1,0,1,0,0
201600031184,16,9,11,555,2,2,2,1,3,427,5042447,295849,620,3,2,2,0,1,1,0,0,1,0,1,99,0
201600031185,16,9,29,1735,1,2,3,1,3,19,5042506,271373,620,3,0,2,0,2,1,0,64,1,5,1,0,0
201600031186,16,10,12,1100,1,2,3,2,3,528,5044981,279884,620,4,2,1,0,1,1,0,68,2,0,1,0,0
201600031187,16,10,11,1650,1,2,1,1,6,587,5042304,293560,620,4,2,2,0,1,1,0,0,1,0,1,0,0
201600031188,16,10,12,1105,1,2,1,2,3,351,5041987,289410,620,4,2,2,1,1,1,0,124,2,0,5,0,0
201600031189,16,11,5,1230,1,2,6,1,3,427,5042566,295367,620,4,0,2,0,1,2,0,0,1,0,1,0,0
201600031190,16,10,4,1750,1,2,1,1,6,250,5045308,294474,620,3,2,2,0,1,1,0,80,1,0,1,3,0
201600031191,16,11,8,1930,5,2,9,1,3,498,5042713,283012,620,4,2,2,0,1,1,0,75,1,0,1,0,0
201600031192,16,10,12,1000,1,2,2,2,3,498,5042857,283471,620,4,2,2,0,1,1,0,0,2,6,1,99,0
201600031193,16,10,30,1000,1,2,6,1,2,510,5043445,279189,620,4,2,2,0,0,0,0,86,1,5,1,0,0
201600031194,16,10,21,850,1,1,1,5,6,842,5046326,283162,620,4,0,2,0,0,2,0,70,2,0,3,99,0
201600031195,16,11,1,15,5,2,2,1,1,498,5042734,281509,620,4,2,2,0,1,1,0,0,1,0,1,0,0
201600031196,16,11,23,1535,1,2,3,1,6,498,5043204,282855,620,4,1,1,0,1,1,0,57,2,5,1,0,0
201600031197,16,11,8,1320,1,2,1,1,3,510,5042946,275892,620,4,2,2,0,1,1,0,0,1,0,1,0,0
201600031198,16,10,6,1725,1,2,1,1,7,523,5043778,286218,620,4,2,2,0,1,1,0,0,1,0,1,0,0
201600031199,16,11,27,1515,1,2,2,1,3,842,5046137,285646,620,4,2,2,0,1,1,0,68,1,5,1,99,1
201600031200,16,11,4,1725,2,1,1,2,3,510,5043701,275025,620,3,3,3,0,1,1,33,37,2,2,1,99,0
201600031201,16,11,9,335,5,2,6,2,6,133,5041975,290614,620,3,2,2,0,1,1,0,0,1,0,1,0,0
201600031202,16,11,24,1550,1,2,1,1,7,291,5041775,281964,620,4,2,2,0,0,0,0,0,0,0,1,0,0