Num_Acc,an,mois,jour,hrmn,lum,agg,int,atm,col,com,lat,long,dep,catr,circ,nbv,vosp,prof,plan,lartpc,larrout,surf,infra,situ,env1,killed
201600031203,16,9,23,2020,4,2,6,1,6,510,5042290,277740,620,3,2,2,0,1,1,0,0,1,5,1,99,0
201600031204,16,9,27,830,1,2,1,1,1,215,5047998,295118,620,3,2,2,2,1,1,0,32,1,0,5,0,0
201600031205,16,10,15,850,1,1,1,1,6,842,5046102,281563,620,3,2,2,0,1,1,0,70,0,5,1,99,0
201600031206,16,11,15,730,1,1,1,1,6,427,5042046,294863,620,4,1,2,0,1,1,0,0,1,0,1,0,0
201600031207,16,12,12,1730,2,2,3,2,3,427,5042294,294550,620,4,4,3,0,1,1,0,0,2,0,1,0,0
201600031208,16,10,28,1630,1,2,1,1,6,186,5044829,271672,620,3,2,2,0,1,1,0,0,1,0,1,99,0
201600031210,16,1,26,800,1,2,1,1,6,555,5050510,251204,620,4,2,2,0,1,1,0,76,2,0,1,0,0
201600031211,16,2,19,1900,5,2,1,2,6,194,5048220,247539,620,3,0,2,0,1,1,10,32,2,0,1,0,0
201600031212,16,2,22,1950,2,2,3,2,1,555,5050724,250685,620,4,2,2,0,2,1,0,62,2,0,1,0,0
201600031213,16,4,3,1045,1,2,1,1,6,194,5048448,248043,620,4,2,2,0,0,0,0,0,0,0,0,0,0
201600031214,16,4,15,1645,1,2,2,1,3,194,5049381,248113,620,9,2,1,0,1,1,0,0,1,5,1,0,0
201600031215,16,8,27,1806,1,2,1,1,5,194,5048423,247270,620,3,2,2,0,2,3,0,50,1,0,1,99,0
201600031216,16,9,8,1410,1,2,3,1,3,224,5054103,256193,620,3,2,2,1,1,1,0,91,1,5,1,99,0
201600031217,16,9,28,1220,1,2,3,1,1,224,5053822,256648,620,4,2,2,1,1,1,0,0,1,1,1,0,0
201600031218,16,10,23,340,5,2,1,1,6,489,5051491,253375,620,3,2,2,0,1,1,0,65,1,0,1,3,0
201600031219,16,11,28,1850,5,2,3,1,3,194,5048150,247638,620,3,2,2,0,1,1,0,74,1,2,1,99,0
201600031220,16,12,16,800,1,1,1,1,1,555,5049946,252059,620,4,0,2,0,3,0,0,36,0,0,0,0,0
201600031221,16,3,17,820,1,2,6,1,6,83,5045332,261599,620,4,2,2,0,1,1,0,0,0,5,0,0,0
201600031222,16,4,10,1600,1,2,1,7,6,737,5044589,267763,620,3,2,2,0,1,2,0,35,1,0,1,99,0
201600031223,16,5,4,1840,1,2,2,1,3,737,5045133,268708,620,3,2,2,0,1,1,0,0,1,0,1,99,0
201600031224,16,8,26,740,1,1,1,1,1,456,5048253,262434,620,3,2,2,0,0,0,0,0,0,0,1,0,0
201600031225,16,10,14,1635,1,2,1,1,6,737,5045003,268496,620,3,2,2,0,1,1,18,65,1,6,1,3,0
201600031226,16,11,18,1110,1,2,1,1,6,617,5047914,266422,620,3,2,2,0,2,4,0,88,1,0,1,0,0
201600031227,16,11,28,1610,1,2,1,1,6,83,5045728,262249,620,4,2,2,0,1,1,0,59,1,0,1,3,0
201600031228,16,8,27,1145,1,2,1,1,2,617,5047917,266434,620,3,2,2,0,1,0,0,0,1,0,1,3,0
201600031229,16,12,18,1625,1,2,1,1,6,617,5046434,267543,620,3,2,2,0,1,1,0,100,1,0,1,99,0
201600031230,16,5,15,1315,1,2,1,1,7,765,5078711,225146,620,3,2,2,0,1,1,0,0,1,0,3,0,0
201600031231,16,5,24,2140,3,1,1,1,2,40,5071422,230613,620,3,3,2,0,1,1,0,0,1,0,1,99,0
201600031232,16,6,17,1050,1,2,1,3,6,765,5075166,225581,620,4,2,0,0,2,1,0,0,2,6,1,99,0
201600031233,16,6,14,1744,1,2,3,1,3,765,5074576,225261,620,4,2,2,0,2,1,0,0,1,0,1,99,1
201600031234,16,12,17,1945,5,2,6,1,3,525,5074078,227196,620,4,0,0,0,0,0,0,0,0,0,1,0,0
201600031235,16,1,30,2345,5,2,6,8,7,826,5051739,158955,620,9,4,2,0,1,2,86,146,1,5,1,99,1
201600031236,16,2,8,800,2,2,2,2,3,826,5052286,158781,620,4,2,2,0,1,1,0,56,2,0,1,0,0
201600031237,16,2,12,2220,5,2,1,1,6,826,5052624,159769,620,4,2,2,0,1,1,0,63,1,0,1,99,0
201600031238,16,2,25,1805,1,2,1,1,3,826,5031054,135461,620,4,1,1,0,1,1,0,60,1,0,1,3,0
201600031239,16,3,8,1150,1,2,1,1,6,826,5052255,158862,620,4,1,1,0,3,2,0,0,1,0,0,99,0
201600031240,16,5,1,1510,1,2,6,1,7,826,5051410,160806,620,4,2,2,0,1,1,0,53,1,0,1,99,0
201600031241,16,5,5,1800,1,2,2,1,3,826,5031338,135051,620,4,1,1,0,1,1,0,60,1,0,1,99,0
201600031242,16,6,3,2315,5,2,2,1,3,826,5052060,158265,620,4,1,1,0,1,1,0,59,1,0,1,99,0
201600031243,16,7,4,1240,1,2,1,1,6,261,5048590,160960,620,3,2,1,0,1,1,0,0,1,5,0,99,0
201600031244,16,7,17,1640,1,2,2,1,3,826,5051829,158275,620,4,1,1,0,1,1,0,0,1,0,1,99,0
201600031245,16,7,19,2128,2,2,1,1,1,826,5051947,161014,620,4,2,1,0,1,2,0,58,1,0,1,99,0
201600031246,16,8,18,325,5,2,1,1,7,826,5052615,159407,620,4,2,1,0,1,2,0,70,1,0,3,99,0
201600031247,16,9,9,1710,1,2,1,1,6,826,5051934,159392,620,4,2,0,0,1,1,0,0,1,0,1,99,0
201600031248,16,9,9,1755,1,2,2,1,6,826,5052335,158400,620,4,1,1,0,1,1,0,0,1,0,1,99,0
201600031249,16,10,2,835,1,2,1,1,6,826,5052622,159239,620,4,2,2,0,1,1,0,68,1,0,3,0,0
201600031250,16,10,10,1425,1,2,2,8,3,826,5051731,161018,620,4,2,0,0,0,0,0,0,0,0,1,0,0
201600031251,16,1,30,1900,1,1,1,1,6,113,4576911,308360,630,4,2,2,0,1,3,0,70,0,0,1,0,0
201600031252,16,9,9,1730,1,2,1,1,6,113,4578128,307087,630,4,2,2,0,1,1,0,0,1,0,1,0,0
201600031253,16,1,23,2045,5,2,1,9,3,113,4578529,308772,630,4,0,0,0,0,0,0,0,2,0,0,0,0
201600031254,16,12,29,1815,5,2,1,1,6,113,4576271,309959,630,4,2,2,0,1,1,0,0,1,0,1,0,0
201600031255,16,2,5,1900,5,2,6,1,3,113,4576410,312590,630,3,0,0,0,0,0,0,0,1,0,0,0,0
201600031256,16,10,1,2215,5,2,9,1,3,113,4578716,308458,630,4,2,2,0,0,0,0,0,1,5,1,0,0
201600031257,16,1,19,730,5,2,2,8,6,113,4576470,309779,630,4,2,2,0,1,1,0,0,2,0,1,0,0
201600031258,16,10,3,1355,1,2,1,1,2,113,4576084,309213,630,3,3,4,0,1,1,0,0,1,0,1,0,0
201600031259,16,3,1,1950,5,2,2,1,3,113,4580990,310922,630,3,3,3,0,1,1,0,0,1,5,1,0,0
201600031260,16,11,1,600,5,2,1,1,6,75,4577939,306816,630,3,1,2,0,1,2,0,81,1,0,0,0,1
201600031261,16,11,29,1100,1,2,1,1,6,113,4576390,311565,630,3,3,2,0,1,1,0,0,1,0,1,99,0
201600031262,16,3,29,1145,1,2,9,1,3,113,4576570,308650,630,4,2,2,0,0,1,0,0,1,5,1,3,0
201600031263,16,4,23,955,1,2,6,1,6,32,4574930,308800,630,4,2,2,0,2,1,0,0,1,5,1,0,1
201600031264,16,10,4,2300,5,2,2,1,3,113,4577916,309593,630,4,1,2,0,1,0,0,100,0,0,1,0,0
201600031265,16,4,23,1500,1,2,1,1,6,113,4580490,310790,630,4,4,2,0,1,1,0,0,1,0,3,0,0
201600031266,16,5,17,1825,1,1,9,1,3,113,4575960,314216,630,3,1,3,0,1,1,0,0,1,0,1,99,0
201600031267,16,10,6,1045,1,2,1,1,6,113,4578400,309900,630,4,2,2,0,1,1,0,32,1,0,1,99,0
201600031268,16,5,20,1545,1,1,1,1,1,113,4580912,313160,630,3,2,2,0,1,1,0,0,1,0,1,0,0
201600031269,16,5,6,2227,5,2,1,1,1,113,4578998,307850,630,4,2,2,0,2,1,0,0,1,0,1,0,0
201600031270,16,5,27,110,5,2,2,1,3,113,4576940,309005,630,4,1,1,0,1,1,0,34,1,0,1,0,0
201600031271,16,5,21,2045,1,2,1,1,6,113,4579529,310210,630,4,1,1,0,1,1,0,0,0,0,1,0,0
201600031272,16,6,14,915,1,2,1,8,6,113,4576200,309990,630,4,2,2,0,1,1,0,86,1,0,1,0,1
201600031273,16,6,30,900,1,2,4,1,6,113,4578670,309160,630,4,0,0,0,1,1,0,0,1,5,0,0,0
201600031274,16,7,12,1905,1,2,1,1,6,113,4577952,309765,630,4,1,1,0,2,1,0,30,1,0,1,0,1
201600031275,16,7,18,805,1,2,1,1,2,113,4578597,306429,630,3,2,0,0,2,1,0,70,1,0,1,0,0
201600031276,16,6,2,1545,1,2,1,1,6,113,4579703,310720,630,4,2,2,0,0,0,0,0,0,0,1,0,0
201600031277,16,7,28,1120,1,2,2,7,3,113,4578969,311792,630,3,2,2,0,1,1,0,0,1,5,0,0,0
201600031278,16,8,7,515,5,1,1,1,2,113,4579447,310155,630,3,3,4,0,1,1,50,140,1,0,1,0,0
201600031279,16,6,11,50,5,2,1,1,6,113,4577450,311960,630,3,3,2,0,2,1,0,0,1,0,1,0,1
201600031280,16,6,22,528,5,2,2,1,3,113,4578075,310926,630,4,2,2,0,1,1,0,0,1,5,1,0,0
201600031281,16,6,27,1535,1,2,1,1,6,113,4577839,309606,630,4,1,2,0,1,1,0,0,1,0,1,0,1
201600031282,16,8,6,100,3,2,3,1,1,113,4578814,308347,630,4,2,2,0,1,1,0,0,1,0,1,0,0
201600031283,16,8,27,1035,1,1,1,1,6,308,4575284,304209,630,3,2,2,0,2,4,0,0,0,0,1,0,0
201600031284,16,10,18,1500,1,2,1,1,2,113,4577383,308808,630,4,2,4,0,4,1,0,140,1,0,1,0,0
201600031285,16,2,1,746,5,2,1,1,6,113,4578890,310870,630,9,0,0,3,1,1,0,0,9,0,0,3,1
201600031286,16,11,28,915,1,2,1,8,6,113,4578540,306460,630,4,2,2,0,2,1,0,70,1,0,1,0,0
201600031287,16,9,13,1300,1,2,1,1,6,113,4577620,309048,630,4,2,3,3,2,1,0,0,1,0,1,3,0
201600031288,16,11,21,1850,3,2,2,3,3,113,4576730,310460,630,4,2,2,0,1,1,0,0,0,0,1,0,0
201600031289,16,12,5,1750,5,2,1,1,3,113,4577690,307590,630,4,2,2,0,2,1,0,70,1,0,0,0,0
201600031290,16,12,16,820,1,2,2,1,1,14,4575270,311140,630,3,2,0,0,1,1,0,100,1,0,1,0,0
201600031291,16,12,24,140,5,2,1,1,1,32,4574820,307720,630,4,2,2,0,2,1,0,70,1,0,1,0,0
201600031292,16,1,23,2130,3,1,1,1,4,69,4571054,319834,630,3,2,2,0,4,3,0,71,1,0,1,99,1
201600031293,16,2,3,1915,2,2,2,1,2,193,4577670,318034,630,3,2,2,0,1,1,0,79,1,3,1,99,0
201600031294,16,2,26,1645,1,2,6,1,6,124,4573158,320458,630,4,1,1,0,1,1,0,60,1,0,1,99,0
201600031295,16,4,5,1830,2,2,6,1,6,193,4577202,318350,630,4,2,2,0,1,1,0,68,1,0,1,99,0
201600031296,16,4,26,1740,1,2,2,1,7,124,4574339,316742,630,4,2,3,0,1,1,0,127,1,0,1,99,0
201600031297,16,6,14,1525,1,2,2,1,2,124,4573165,320457,630,4,1,1,0,1,3,0,0,1,0,1,99,0
201600031298,16,6,4,1425,1,2,1,1,6,124,4573541,319291,630,3,2,2,0,2,1,0,74,1,0,1,99,0
201600031299,16,7,23,1920,1,2,3,1,2,124,4573150,318299,630,3,2,2,0,1,1,0,0,1,0,0,99,0
201600031300,16,7,1,1715,1,1,2,1,3,193,4577200,320820,630,3,2,4,0,0,0,0,0,0,0,1,0,0
201600031301,16,11,5,1640,1,1,1,3,3,193,4578109,321034,630,3,2,2,0,1,2,24,106,2,0,1,99,0
201600031302,16,11,20,1155,1,2,1,1,3,193,4577374,318471,630,4,2,2,0,1,3,0,61,1,0,1,99,0
201600031303,16,3,15,1200,1,2,3,1,3,63,4583130,308968,630,3,3,2,0,1,1,10,28,1,0,1,99,0
201600031304,16,4,9,2120,5,2,2,1,6,63,4583370,308740,630,3,2,2,0,1,1,0,0,1,0,3,99,0
201600031305,16,4,18,1930,1,2,3,1,3,63,4583890,310499,630,4,2,2,0,1,1,0,31,1,0,1,99,0
201600031306,16,7,19,1850,1,1,9,1,2,63,4583032,309921,630,3,3,2,0,1,1,0,0,1,0,1,99,1
201600031307,16,8,4,1515,1,2,1,3,6,19,4580290,316690,630,3,2,2,0,1,1,0,69,2,0,4,99,0
201600031308,16,10,10,715,3,2,1,1,6,164,4582110,315530,630,3,2,2,0,0,0,0,0,0,0,1,0,0
201600031309,16,10,13,1700,1,2,1,1,3,164,4584090,314810,630,3,2,2,0,1,1,0,0,1,0,1,3,0
201600031310,16,11,21,1510,1,1,3,1,3,164,4584180,315690,630,3,2,2,0,2,1,0,78,1,0,1,99,0
201600031311,16,1,29,1930,5,2,2,1,3,300,4589425,311794,630,3,2,3,0,1,1,54,85,1,5,1,99,0
201600031312,16,3,3,845,1,1,3,2,5,245,4588347,308180,630,3,2,2,0,1,3,0,75,2,0,1,99,0
201600031313,16,4,12,835,1,2,2,1,3,300,4589091,311033,630,3,1,1,0,1,1,0,100,1,5,1,99,1
201600031314,16,5,4,2120,2,1,3,1,3,212,4588178,309594,630,3,2,3,0,1,2,0,106,1,5,1,99,0
201600031315,16,5,3,1540,1,1,1,1,6,300,4591322,314280,630,3,2,0,0,1,1,0,75,1,0,1,99,0
201600031316,16,6,29,1230,1,2,6,1,3,245,4589112,308136,630,3,2,2,0,1,1,12,75,1,5,1,99,0
201600031317,16,7,27,1500,1,2,6,1,6,245,4588983,307458,630,3,2,3,0,1,3,0,115,1,5,1,99,0
201600031318,16,8,3,1920,1,2,1,1,2,300,4588690,312700,630,4,2,2,1,1,1,0,55,1,0,1,3,0
201600031319,16,10,16,805,1,1,1,1,1,300,4592127,313797,630,3,2,2,0,2,1,0,72,1,0,1,0,1
201600031320,16,11,11,1900,3,1,1,1,5,300,4591636,313419,630,3,2,2,0,1,1,0,73,1,0,1,99,1
201600031321,16,12,19,1835,5,2,1,2,1,103,4590586,305883,630,3,2,2,1,1,3,0,64,0,0,1,99,0
201600031322,16,1,5,1550,1,2,6,2,7,102,4347887,145556,640,4,2,2,0,1,1,0,60,2,5,1,99,0
201600031323,16,1,6,840,2,2,3,3,3,102,4349156,149102,640,4,2,2,0,1,1,0,80,2,0,1,99,0
201600031324,16,1,6,1645,1,2,1,1,7,24,4351607,150152,640,4,2,2,0,1,1,0,0,2,0,1,99,0
201600031325,16,1,6,1950,5,2,1,3,6,102,4349874,148195,640,4,2,4,0,2,1,0,90,2,2,1,99,0
201600031326,16,1,8,905,1,2,1,1,6,102,4350428,144676,640,3,2,3,0,3,3,0,110,1,0,3,99,0
201600031327,16,1,11,1015,1,2,1,1,6,102,4349415,148304,640,4,2,2,0,1,1,0,80,1,0,1,99,0
201600031328,16,1,14,1635,1,2,1,3,7,24,4348317,151098,640,4,2,2,0,1,1,0,70,2,0,1,3,0
201600031329,16,1,16,305,5,2,1,3,7,102,4348579,147248,640,4,3,4,0,4,4,10,170,2,2,1,99,0
201600031330,16,1,20,2145,5,2,1,1,2,102,4348720,146883,640,4,2,2,0,4,2,0,80,1,5,1,99,0
201600031331,16,1,25,1730,1,2,1,1,5,102,4349828,149319,640,4,0,4,0,1,3,0,150,1,0,1,99,0
201600031332,16,1,28,1045,1,2,1,1,6,102,4351230,143243,640,5,0,0,0,1,1,0,150,1,0,0,99,0
201600031333,16,2,7,235,5,2,1,3,7,102,4348830,147728,640,4,2,2,0,1,1,0,80,2,0,1,99,0
201600031334,16,2,12,1420,1,2,1,3,4,102,4350650,144540,640,3,2,2,0,1,1,0,80,2,0,1,99,0
201600031335,16,3,1,2200,5,2,1,1,7,24,4350283,149431,640,4,2,2,0,1,1,0,80,1,0,1,0,0
201600031336,16,3,4,2220,5,2,1,3,7,102,4349421,148333,640,4,2,2,0,1,1,0,60,2,0,1,99,0
201600031337,16,3,5,305,5,2,4,2,6,102,4350196,148087,640,4,2,2,0,1,1,0,80,2,5,1,99,0
201600031338,16,3,17,1450,1,2,3,1,3,24,4348241,150376,640,4,2,2,0,1,1,0,60,1,0,1,99,0
201600031339,16,3,25,935,1,2,3,8,3,102,4350833,148648,640,4,2,2,0,1,1,0,70,2,0,1,99,0
201600031340,16,3,26,1830,1,2,1,1,7,102,4346621,149621,640,4,2,2,0,2,1,0,100,1,0,1,99,0
201600031341,16,4,6,430,5,2,1,1,7,102,4349635,147226,640,4,1,1,0,1,1,0,35,1,0,1,99,0
201600031342,16,4,6,750,1,2,1,1,7,24,4346388,151477,640,4,2,2,0,1,0,0,70,1,0,1,99,0
201600031343,16,4,12,1800,1,2,1,8,6,102,4350246,145230,640,5,0,0,3,1,1,0,0,1,6,0,99,0
201600031344,16,4,13,1805,1,2,1,1,7,102,4350152,145661,640,4,2,2,0,2,4,0,80,1,0,1,99,0
201600031345,16,4,14,1450,1,2,6,8,3,102,4350454,144663,640,3,3,2,0,1,3,0,70,1,5,1,99,0
201600031346,16,4,18,1220,1,2,1,1,3,140,4352777,147092,640,3,2,2,0,1,1,0,80,1,0,1,99,0
201600031347,16,4,20,1720,1,2,1,2,6,102,4348999,148214,640,4,3,6,3,1,1,30,240,2,0,1,3,0
201600031348,16,5,2,940,1,2,1,1,2,102,4350358,146755,640,3,2,3,0,1,1,0,150,1,0,1,99,0
201600031349,16,5,2,1200,1,2,1,1,7,24,4347438,150031,640,4,1,1,0,1,4,0,60,1,5,1,99,0
201600031350,16,5,2,1645,1,2,1,1,2,24,4348737,153642,640,4,2,4,0,1,1,0,140,1,5,1,99,0
201600031351,16,5,2,2145,3,2,3,1,3,24,4349504,153335,640,4,2,2,0,1,1,0,70,1,5,1,99,0
201600031352,16,5,7,1010,1,2,6,8,7,24,4348450,151815,640,4,2,2,0,2,1,0,70,2,0,1,99,0
201600031353,16,5,7,2215,3,2,6,1,7,140,4353518,147825,640,4,1,1,0,2,2,0,70,1,5,1,99,0
201600031354,16,5,8,920,1,2,1,8,2,24,4346488,152860,640,4,2,2,0,1,1,0,70,1,0,1,99,0
201600031355,16,5,12,1645,1,2,6,1,2,24,4349840,149380,640,3,3,2,0,2,1,0,70,1,0,1,99,0
201600031356,16,5,14,1625,1,2,1,1,1,140,4352095,146444,640,3,2,2,0,2,3,0,100,1,0,1,99,0
201600031357,16,5,16,1955,1,2,1,1,3,24,4349466,154331,640,4,2,2,0,1,1,0,70,1,0,1,99,0
201600031358,16,5,20,825,1,2,3,1,1,24,4347887,150482,640,4,2,2,0,1,1,0,80,1,5,1,99,0
201600031359,16,5,23,1400,1,2,3,1,3,102,4348392,149939,640,3,2,4,3,2,1,10,150,1,5,1,99,0
201600031360,16,5,24,900,1,2,1,8,6,102,4348750,148410,640,3,3,4,0,2,1,10,70,1,0,1,0,0
201600031361,16,5,28,30,5,2,1,2,3,102,4348600,147456,640,3,3,4,0,1,1,5,120,2,2,1,99,0
201600031362,16,5,28,1540,1,2,1,2,2,102,4348509,149443,640,3,3,4,0,1,1,0,150,2,0,1,99,0
201600031363,16,6,4,200,5,2,1,1,7,24,4348010,152350,640,4,2,2,0,0,0,0,0,1,0,1,0,0
201600031364,16,6,4,850,1,2,6,1,7,102,4349690,148328,640,4,2,2,0,1,1,0,80,1,5,1,99,0
201600031365,16,6,19,135,5,2,1,1,6,102,4349434,146776,640,4,2,3,0,1,1,0,120,1,0,1,3,0
201600031366,16,6,19,445,5,2,1,1,6,24,4348276,152874,640,4,2,2,0,1,1,0,80,1,0,1,99,0
201600031367,16,6,21,1927,1,2,1,1,2,24,4348305,150330,640,3,3,4,0,1,1,0,160,1,0,1,99,0
201600031368,16,6,21,1950,1,2,1,1,2,102,4350209,147840,640,4,1,2,0,1,4,200,160,1,5,1,99,0
201600031369,16,6,30,915,1,2,6,1,2,102,4350005,146683,640,4,1,1,0,1,2,0,50,1,0,1,99,0
201600031370,16,7,2,1305,1,2,6,1,7,102,4347838,149285,640,4,1,2,0,1,2,0,100,1,5,1,99,0
201600031371,16,7,4,1726,1,2,1,1,3,102,4350359,147768,640,3,2,3,0,1,1,0,160,1,0,1,99,0
201600031372,16,7,6,2000,1,2,3,1,7,24,4348345,151105,640,4,2,2,0,1,1,0,60,1,0,1,3,0
201600031373,16,7,7,855,1,2,1,1,7,24,4348954,151222,640,4,2,2,0,1,2,0,70,1,0,1,99,0
201600031374,16,7,9,2110,2,2,1,1,6,102,4347017,149235,640,4,3,4,0,2,1,30,93,1,0,3,99,0
201600031375,16,7,13,1700,1,2,1,1,6,24,4349339,151940,640,6,0,0,0,1,1,0,80,1,6,1,99,0
201600031376,16,7,13,1700,1,2,1,1,3,102,4349230,145320,640,4,2,2,0,1,0,0,70,0,0,0,0,0
201600031377,16,7,14,450,2,2,1,1,1,24,4352500,150829,640,4,2,2,0,0,0,0,0,0,0,0,0,0
201600031378,16,7,16,1900,1,2,3,1,2,102,4348392,149936,640,3,3,4,3,3,1,20,180,1,5,1,99,0
201600031379,16,7,17,25,5,2,6,1,7,24,4348326,150259,640,3,1,1,0,1,2,0,70,1,5,1,99,0
201600031380,16,7,18,1730,1,2,1,1,1,24,4349905,153964,640,4,2,2,0,2,4,0,70,1,0,1,99,0
201600031381,16,7,18,2205,2,2,1,1,6,24,4349637,151476,640,4,2,2,0,1,1,0,80,1,0,1,99,0
201600031382,16,7,19,1550,1,2,1,1,6,24,4348144,151074,640,3,2,4,3,1,1,15,160,1,0,1,0,0
201600031383,16,7,26,1930,1,2,3,1,1,24,4347760,150434,640,4,2,2,0,1,1,0,70,1,5,1,99,0
201600031384,16,7,28,1116,1,2,1,1,2,102,4349619,148543,640,4,3,4,0,1,1,20,160,1,0,1,99,0
201600031385,16,7,28,1805,1,2,1,1,7,102,4349976,145846,640,4,2,2,0,4,1,0,80,1,0,1,99,0
201600031386,16,7,28,1911,1,2,1,1,2,102,4349689,148327,640,4,2,2,0,4,1,0,70,1,1,1,99,0
201600031387,16,7,31,2345,5,2,1,1,6,102,4348735,148493,640,3,3,4,3,1,1,10,130,1,0,1,99,0
201600031388,16,8,1,1505,1,2,1,1,3,24,4348557,151950,640,4,2,2,0,1,1,0,70,1,5,1,99,0
201600031389,16,8,1,2240,5,2,1,1,1,24,4348445,151160,640,4,2,2,0,1,3,0,70,1,0,1,3,0
201600031390,16,8,2,1520,1,2,3,1,3,24,4348347,151110,640,4,2,2,0,1,1,0,70,1,5,1,3,0
201600031391,16,8,3,745,1,2,6,1,3,24,4347760,152408,640,3,2,2,0,1,1,0,70,1,5,1,99,0
201600031392,16,8,4,1137,1,2,1,1,3,24,4351592,152417,640,4,2,2,0,1,1,0,70,1,0,1,99,0
201600031393,16,8,4,1710,1,1,1,1,3,24,4348915,149974,640,4,3,4,0,1,1,0,160,1,5,1,99,0
201600031394,16,8,11,40,5,2,1,1,7,140,4351258,148715,640,3,2,2,0,1,1,0,80,1,0,3,99,0
201600031395,16,8,12,2140,2,2,1,1,7,102,4349891,148164,640,4,1,2,0,1,4,0,150,8,5,1,99,0
201600031396,16,8,23,945,1,2,3,1,3,24,4350824,152224,640,4,2,2,0,1,1,0,67,1,0,1,99,1
201600031397,16,8,24,35,3,2,1,1,6,140,4352280,149040,640,3,0,2,0,0,0,0,80,0,0,0,0,0
201600031398,16,8,25,2020,1,2,1,1,6,24,4350360,153600,640,4,2,2,0,0,0,0,0,0,0,1,0,0
201600031399,16,8,26,1430,1,2,1,1,5,102,4350022,147975,640,4,1,2,0,1,1,0,80,1,0,1,99,0
201600031400,16,8,29,1707,1,2,2,1,6,102,4349520,148550,640,4,0,2,0,0,0,0,0,0,0,0,0,0
201600031401,16,9,2,1910,1,2,2,1,3,102,4349340,147573,640,4,0,2,0,0,0,0,0,0,0,0,0,0
201600031402,16,9,3,1740,1,2,2,1,6,24,4348880,151931,640,4,0,2,0,0,0,0,0,0,0,0,0,0
201600031403,16,9,6,1020,1,2,1,1,3,102,4346600,149480,640,3,1,2,0,1,2,0,160,1,0,1,99,0
201600031404,16,9,6,1225,1,2,1,1,6,24,4348790,153360,640,4,0,2,0,0,0,0,0,0,0,0,0,0
201600031405,16,9,12,1625,1,2,6,1,2,102,4349918,148176,640,3,3,2,0,1,1,0,80,1,0,1,0,0
201600031406,16,9,16,200,5,2,1,2,6,24,4348010,152118,640,4,2,2,0,1,1,0,80,2,0,3,99,0
201600031407,16,9,16,1515,1,2,6,2,7,102,4350200,147870,640,4,2,2,0,1,1,0,80,2,0,0,0,0
201600031408,16,9,18,1450,1,2,1,1,6,24,4348975,149752,640,6,0,0,0,1,4,0,0,1,0,1,99,0
201600031409,16,9,21,730,2,2,3,1,1,102,4349140,146930,640,4,2,2,0,1,1,0,100,1,0,0,99,0
201600031410,16,9,21,1430,1,2,3,1,3,102,4349815,149078,640,3,2,4,0,0,0,0,0,0,0,1,0,0
201600031411,16,9,30,1335,1,2,1,1,6,102,4349096,147773,640,4,1,1,0,1,1,0,35,1,0,1,99,0
201600031412,16,10,10,2205,5,2,1,1,7,102,4347466,148995,640,4,3,4,0,2,4,30,140,1,0,1,99,0
201600031413,16,10,12,1800,1,2,1,1,3,24,4348656,149947,640,6,0,0,0,1,1,0,60,2,0,1,99,0
201600031414,16,10,15,1205,1,2,1,1,6,102,4349661,148713,640,4,1,1,0,1,1,0,50,1,0,1,99,0
201600031415,16,10,17,1805,1,2,1,1,2,102,4348622,148943,640,3,3,4,3,2,1,20,160,1,0,1,99,0
201600031416,16,10,18,715,2,2,1,1,3,102,4348145,147931,640,4,2,2,0,3,1,0,75,1,0,1,99,0
201600031417,16,10,19,755,5,2,3,1,3,24,4350395,149522,640,4,2,2,0,1,1,0,105,1,5,1,99,0
201600031418,16,10,30,245,5,2,1,1,6,102,4347244,149030,640,4,3,4,0,1,3,30,80,1,0,3,99,0
201600031419,16,11,7,730,2,2,1,2,6,102,4348413,147669,640,4,2,2,0,1,1,0,80,2,0,1,3,0
201600031420,16,11,8,1125,1,2,1,2,6,102,4349570,147983,640,4,2,5,0,1,1,0,150,2,0,1,99,0
201600031421,16,11,11,1211,1,2,3,2,3,24,4349355,154550,640,4,2,2,0,1,1,0,60,2,0,1,99,0
201600031422,16,11,14,1800,2,2,1,8,3,102,4347828,148158,640,4,2,2,0,2,1,0,70,1,0,1,3,0
201600031423,16,11,21,1420,1,2,1,8,7,24,4348610,150160,640,9,1,1,0,1,1,0,300,2,0,1,99,0
201600031424,16,12,2,1400,1,2,1,1,7,24,4349985,154015,640,4,2,2,0,2,4,0,70,1,0,1,99,0
201600031425,16,12,2,1840,5,2,1,1,3,102,4349718,148286,640,4,2,2,1,2,1,0,30,1,0,5,99,0
201600031426,16,12,3,1645,1,2,1,1,3,24,4348728,150079,640,4,3,3,0,1,1,20,105,1,0,1,99,0
201600031427,16,12,6,1740,2,2,1,1,5,102,4350378,144661,640,3,2,3,0,1,1,0,120,1,0,1,99,0
201600031428,16,12,7,1030,1,2,1,1,2,102,4349599,147262,640,4,1,1,0,1,1,0,55,1,0,1,99,0
201600031429,16,12,14,400,5,2,1,1,7,24,4350015,149730,640,4,2,2,0,1,4,0,75,1,5,1,99,0
201600031430,16,12,16,1155,1,2,1,1,5,102,4349369,148144,640,4,2,2,0,1,1,0,70,1,0,1,99,0