Num_Acc,an,mois,jour,hrmn,lum,agg,int,atm,col,com,lat,long,dep,catr,circ,nbv,vosp,prof,plan,lartpc,larrout,surf,infra,situ,env1,killed
201600031431,16,12,18,1550,1,2,3,1,3,102,4349425,146773,640,4,1,1,0,1,1,0,35,1,5,1,3,0
201600031432,16,12,23,655,5,2,2,2,3,102,4349236,148686,640,4,2,2,0,1,1,0,80,2,0,1,99,0
201600031433,16,12,29,1455,1,2,2,1,3,24,4348840,152841,640,4,2,2,0,1,1,0,80,1,0,1,99,0
201600031434,16,1,23,1000,1,2,6,1,7,125,4343149,159794,640,3,1,1,0,1,2,100,102,2,0,1,0,0
201600031435,16,2,21,1720,1,2,1,1,3,122,4346570,153698,640,6,0,0,0,1,1,40,141,1,0,0,0,0
201600031436,16,2,27,2120,5,2,1,1,7,125,4344070,158708,640,3,2,3,3,2,1,0,96,2,0,1,0,0
201600031437,16,3,3,1330,1,2,1,1,6,122,4346005,153843,640,4,2,2,0,1,1,0,68,2,0,1,0,0
201600031438,16,3,19,1910,1,2,1,2,2,122,4348110,155874,640,4,2,2,0,2,1,0,59,2,0,1,0,0
201600031439,16,3,25,800,1,2,1,1,6,122,4348189,155791,640,4,1,1,0,2,1,0,30,1,0,1,0,0
201600031440,16,3,26,1805,1,2,1,1,2,125,4344681,157886,640,3,2,2,0,1,1,0,95,1,0,1,0,0
201600031441,16,3,27,900,1,2,1,8,7,125,4343778,159143,640,3,2,2,0,4,2,0,110,2,0,1,0,0
201600031442,16,3,27,1330,1,2,1,1,6,122,4348325,155985,640,6,0,0,0,1,1,0,0,1,0,0,0,0
201600031443,16,4,2,2050,2,2,1,1,7,122,4345774,155015,640,4,1,1,0,0,1,0,43,1,0,1,0,0
201600031444,16,5,1,100,5,2,1,1,6,122,4347908,155383,640,4,2,2,0,2,2,0,78,1,0,1,0,0
201600031445,16,5,4,1550,1,2,1,1,6,122,4346705,157156,640,4,2,2,0,2,1,0,88,1,0,1,0,0
201600031446,16,5,7,2035,1,2,1,1,6,122,4347468,155770,640,4,1,1,0,1,1,0,53,1,0,1,99,0
201600031447,16,5,30,515,5,1,1,2,7,122,4349232,154948,640,4,2,2,0,1,1,0,53,2,0,1,99,0
201600031448,16,6,1,1445,1,2,1,1,2,122,4347015,154929,640,4,1,1,0,1,1,0,63,1,0,1,0,0
201600031449,16,6,2,1250,1,2,1,8,1,122,4344811,154435,640,4,2,2,0,2,1,0,56,2,0,1,99,0
201600031450,16,6,3,1115,1,2,3,1,3,122,4347595,155249,640,4,2,2,0,1,1,0,73,1,0,1,99,0
201600031451,16,6,4,1145,1,2,1,1,6,122,4348424,155573,640,4,2,2,0,1,1,0,62,1,0,1,0,0
201600031452,16,6,9,1550,1,2,1,1,3,122,4348107,154075,640,4,0,2,0,1,1,0,80,1,0,1,0,0
201600031453,16,6,11,910,1,2,1,1,6,122,4348382,155878,640,4,1,1,0,2,3,0,63,1,0,1,0,0
201600031454,16,6,12,855,1,2,1,1,1,122,4345004,155981,640,3,2,3,0,1,1,0,125,1,0,1,99,0
201600031455,16,6,14,1830,1,2,1,2,3,125,4344478,158403,640,3,2,5,2,1,1,0,108,2,0,1,0,0
201600031456,16,6,18,1550,1,2,2,8,3,122,4348103,153522,640,4,1,1,0,1,1,0,60,0,5,1,99,0
201600031457,16,6,24,1625,1,2,1,1,6,122,4347542,155304,640,4,0,2,0,1,1,0,0,1,0,1,0,0
201600031458,16,6,29,1040,1,2,1,1,7,122,4347857,156350,640,4,1,1,0,1,1,0,0,1,0,1,0,0
201600031459,16,7,2,2325,5,2,1,1,3,122,4349219,155055,640,4,2,2,0,1,1,0,0,1,0,1,99,0
201600031460,16,7,3,500,5,2,1,1,6,122,4348455,154996,640,4,1,1,0,1,1,0,0,1,0,4,0,0
201600031461,16,7,4,45,5,2,1,1,3,122,4348216,156726,640,4,2,2,0,0,0,0,0,0,0,1,0,0
201600031462,16,7,5,15,5,2,1,2,7,122,4366149,155001,640,4,2,3,0,2,1,0,94,2,0,1,3,0
201600031463,16,7,13,1735,1,2,1,1,1,125,4344579,155297,640,4,0,0,0,1,1,0,0,1,0,1,0,0
201600031464,16,7,15,1744,1,2,1,1,6,122,4348156,155827,640,4,0,0,0,1,1,0,0,1,0,0,0,0
201600031465,16,7,15,2030,1,2,1,1,3,122,4346097,154664,640,4,2,2,3,2,1,57,30,1,0,1,0,0
201600031466,16,7,17,1250,1,2,3,1,3,122,4346328,156264,640,4,2,2,0,2,1,0,60,1,0,1,0,0
201600031467,16,7,25,610,5,2,1,1,6,122,4346703,157116,640,4,2,0,0,0,0,0,0,0,0,1,0,0
201600031468,16,7,27,1200,1,2,1,1,6,122,4348125,156001,640,4,2,0,0,1,1,0,0,1,0,0,0,0
201600031469,16,7,28,1630,1,2,1,1,3,122,4348048,156554,640,4,2,0,0,1,1,0,0,1,0,0,0,0
201600031470,16,7,29,1600,1,2,1,1,3,122,4346796,153977,640,3,1,2,0,1,2,0,0,1,0,1,99,0
201600031471,16,7,30,1240,1,2,1,1,2,125,4345104,157456,640,4,2,2,0,2,2,0,119,1,0,1,99,0
201600031472,16,7,30,1855,1,2,1,1,7,122,4346822,153949,640,3,2,4,0,1,1,0,70,1,0,1,99,0
201600031473,16,8,6,1115,1,2,1,1,3,125,4344589,344589,640,3,2,2,0,1,1,0,93,1,0,1,0,0
201600031474,16,8,12,2120,2,2,1,1,3,122,4348522,155627,640,4,2,2,0,2,1,0,0,1,0,1,0,0
201600031475,16,8,13,1930,1,2,1,1,1,125,4345542,157327,640,3,2,3,3,2,3,0,90,1,0,1,0,0
201600031476,16,8,17,20,5,2,1,1,3,122,4349106,154480,640,4,2,2,0,1,1,0,124,1,0,1,0,0
201600031477,16,8,21,1915,1,2,1,1,1,125,4342508,158427,640,3,2,2,0,2,3,0,45,1,0,1,99,0
201600031478,16,8,18,430,5,2,1,1,6,125,4342665,160370,640,3,2,2,0,2,4,0,79,1,0,1,0,1
201600031479,16,8,19,1100,1,2,1,1,3,122,4346960,156946,640,4,1,1,0,2,1,0,77,1,0,1,99,0
201600031480,16,8,26,1040,1,2,1,1,6,122,4346592,153841,640,4,1,1,0,3,1,0,28,1,0,1,99,0
201600031481,16,9,3,1200,1,2,1,1,6,122,4346028,147573,640,4,2,0,0,1,1,0,90,1,6,1,0,0
201600031482,16,9,4,207,4,2,1,1,6,122,4346326,156267,640,4,2,2,0,2,2,0,61,1,0,1,0,0
201600031483,16,9,21,740,2,2,1,1,3,122,4346230,155247,640,4,2,2,0,1,1,0,70,1,0,1,3,0
201600031484,16,9,24,1540,1,2,1,1,3,125,4345013,156814,640,3,2,2,0,1,1,0,88,1,0,1,0,0
201600031485,16,9,30,1555,1,2,1,1,2,122,4346963,154366,640,4,2,2,0,1,1,18,143,1,0,1,0,0
201600031486,16,10,4,1010,1,2,1,1,3,122,4346902,155812,640,4,2,2,0,1,1,0,70,1,0,1,99,0
201600031487,16,10,8,1630,1,2,1,1,3,125,4345077,156390,640,3,2,3,3,1,1,0,115,1,0,1,0,0
201600031488,16,10,13,2130,5,2,1,1,3,122,4347810,154860,640,4,2,2,0,0,0,0,65,2,0,1,0,0
201600031489,16,10,22,525,5,2,1,1,6,122,4348487,155362,640,4,1,1,0,1,1,0,0,1,0,1,0,1
201600031490,16,10,22,2040,3,2,1,1,7,122,4346489,153530,640,6,0,0,0,2,1,0,38,1,0,0,99,0
201600031491,16,11,11,1005,1,2,1,3,3,125,4344199,158550,640,3,2,2,0,2,2,0,109,2,0,1,0,0
201600031492,16,11,14,1650,1,2,1,1,6,122,4347227,155031,640,4,2,2,0,1,1,0,66,0,0,1,99,0
201600031493,16,11,23,130,5,2,1,3,6,122,4347842,155551,640,4,2,2,0,1,1,0,70,2,0,1,99,0
201600031494,16,12,23,1120,1,2,1,1,7,122,4347525,154548,640,4,0,0,0,1,1,0,74,2,0,1,0,0
201600031495,16,12,27,35,3,2,1,5,7,125,4345041,157515,640,4,3,0,0,3,1,7,62,1,0,1,0,0
201600031496,16,1,1,2130,5,2,1,1,3,129,4331418,37770,640,4,2,2,0,1,1,0,120,1,0,1,0,0
201600031497,16,1,3,2009,5,2,1,1,3,132,4329160,35837,640,4,2,2,0,1,2,0,81,1,0,1,0,0
201600031498,16,1,4,1929,5,2,1,2,4,445,4330280,36192,640,4,2,2,1,1,1,0,60,2,0,1,0,0
201600031499,16,1,4,2005,5,2,2,2,3,445,4329598,37865,640,4,2,1,0,2,1,0,64,2,0,1,0,0
201600031500,16,1,4,2025,5,2,1,2,2,445,4329913,36284,640,4,2,2,0,1,1,0,98,2,0,1,0,0
201600031501,16,1,4,2135,5,2,6,2,2,445,4331868,79840,640,3,1,2,0,1,1,0,130,2,0,1,0,0
201600031502,16,1,5,746,5,2,1,2,6,445,4330185,35778,640,4,2,2,0,1,1,0,61,2,0,1,0,0
201600031503,16,1,5,1810,5,2,2,2,3,445,4332483,35743,640,4,2,2,0,1,1,0,116,2,0,1,0,0
201600031504,16,1,8,757,2,2,3,1,6,445,4331139,36890,640,4,2,2,0,1,1,0,89,1,0,0,3,0
201600031505,16,1,8,926,1,2,3,1,3,348,4331601,40873,640,4,2,2,0,1,1,0,187,1,0,1,0,0
201600031506,16,1,8,1130,1,2,7,1,6,445,4330010,36919,640,4,4,2,0,1,1,0,90,1,0,1,0,0
201600031507,16,1,8,1220,1,2,1,1,3,445,4330648,37627,640,4,1,2,0,1,1,0,165,1,0,1,0,0
201600031508,16,1,9,1818,5,2,1,1,4,348,4331367,41747,640,4,4,3,0,1,1,0,141,1,0,1,0,0
201600031509,16,1,12,1409,1,2,1,1,2,445,4331699,33063,640,4,2,2,0,1,1,0,130,1,0,1,0,0
201600031510,16,1,12,1453,1,2,1,1,2,445,4332292,31484,640,3,2,2,0,1,1,30,110,1,0,1,0,0
201600031511,16,1,13,725,2,2,8,1,3,284,4326161,38803,640,4,2,1,3,1,1,0,50,1,4,1,99,0
201600031512,16,1,16,1935,5,2,1,1,1,445,4332657,32686,640,3,0,2,0,1,1,0,110,2,0,1,3,0
201600031513,16,1,17,1145,1,2,6,1,2,348,4333872,37987,640,3,1,2,0,1,2,0,0,1,5,0,0,0
201600031514,16,1,18,1155,1,2,5,1,3,445,4331919,36751,640,4,2,2,0,1,1,0,127,1,0,1,0,0
201600031515,16,1,18,1950,5,2,1,2,6,445,4330252,36089,640,4,2,2,0,1,1,0,0,2,0,1,0,0
201600031516,16,1,21,1055,1,2,1,1,2,445,4330194,35892,640,4,2,1,0,1,1,0,30,1,0,1,0,0
201600031517,16,1,22,1915,5,2,1,1,3,335,4331764,43197,640,4,2,2,0,1,1,0,0,1,0,1,0,0
201600031518,16,1,24,1425,1,2,2,1,3,445,4333532,37970,640,4,2,2,0,1,1,0,0,1,0,1,99,0
201600031519,16,1,25,825,1,2,1,1,4,445,4333508,36092,640,3,2,2,0,1,1,0,0,1,0,1,0,0
201600031520,16,1,25,1320,1,2,1,1,6,132,4330865,32576,640,4,2,3,0,1,1,0,78,1,0,1,0,0
201600031521,16,1,26,1827,2,2,1,1,3,445,4330844,33777,640,4,2,2,0,1,1,0,80,1,0,1,0,0
201600031522,16,1,31,1630,1,2,2,2,3,269,4329921,30068,640,4,2,2,0,1,1,0,58,2,5,1,0,0
201600031523,16,1,31,2045,5,2,1,2,2,445,4329244,36366,640,4,2,2,0,0,0,0,0,2,0,1,0,0
201600031524,16,2,1,1650,1,2,1,1,6,445,4330620,33435,640,4,1,1,0,1,1,0,0,2,6,1,0,0
201600031525,16,2,3,1635,1,2,1,1,6,445,4330550,35397,640,4,2,2,0,1,1,0,82,1,0,1,0,0
201600031526,16,2,4,615,5,2,1,1,1,445,4329490,36294,640,4,1,1,0,1,1,0,0,1,0,1,0,0
201600031527,16,2,4,1805,2,2,1,1,2,445,4328780,38021,640,4,2,2,0,1,1,0,0,1,0,1,0,0
201600031528,16,2,4,1923,5,2,6,1,3,445,4331650,37475,640,4,2,2,0,0,0,0,0,0,0,1,0,0
201600031529,16,2,7,1905,5,2,1,1,3,445,4332480,35751,640,4,2,5,0,1,1,0,45,1,0,1,0,0
201600031530,16,2,8,1250,1,2,1,1,3,445,4329460,36511,640,4,2,2,0,1,1,0,0,1,0,1,0,0
201600031531,16,2,8,1530,1,2,2,1,3,335,4333380,42404,640,4,2,2,0,1,1,0,0,1,0,1,0,0
201600031532,16,2,9,1455,1,2,1,3,3,445,4329270,36258,640,4,2,2,0,0,0,0,87,2,0,1,0,0
201600031533,16,2,9,2000,5,2,1,2,2,129,4330350,37973,640,4,2,2,0,1,1,0,72,2,0,1,0,0
201600031534,16,2,10,1230,1,2,1,8,6,445,4331120,37208,640,4,2,2,0,1,1,0,0,2,0,1,3,0
201600031535,16,2,10,1448,1,2,1,2,2,348,4330940,40956,640,4,2,2,0,0,0,0,93,2,0,1,0,0
201600031536,16,2,11,1833,2,2,1,2,6,445,4329600,37857,640,4,2,3,0,1,1,0,115,1,0,1,0,0
201600031537,16,2,12,1405,1,2,1,2,2,348,4331280,41569,640,4,2,2,0,1,1,0,96,2,0,1,0,0
201600031538,16,2,13,600,5,2,1,3,6,129,4329810,38885,640,4,3,2,0,1,1,0,0,2,0,1,0,0
201600031539,16,2,14,1900,5,2,3,2,3,445,4330520,35140,640,4,2,2,0,1,1,0,0,2,5,1,0,0
201600031540,16,2,15,1900,5,2,6,1,3,445,4331790,37836,640,4,2,2,0,1,1,0,0,0,5,1,0,0
201600031541,16,2,18,15,5,2,2,1,6,445,4330450,36807,640,4,1,3,0,0,0,0,0,0,0,1,0,0
201600031542,16,2,18,225,5,2,1,2,2,445,4330260,35233,640,4,2,4,0,1,1,0,157,2,0,1,0,0
201600031543,16,2,18,1840,2,2,6,2,2,445,4331110,36327,640,4,3,2,0,1,1,0,0,2,5,1,0,0
201600031544,16,2,20,2150,5,2,2,1,1,445,4332140,36041,640,4,2,2,0,1,1,0,100,1,5,1,0,0
201600031545,16,2,23,1705,1,2,1,2,6,445,4328590,38888,640,4,2,2,0,1,1,0,76,2,0,1,0,0
201600031546,16,2,24,630,2,2,6,1,2,445,4332980,35574,640,4,1,2,0,1,2,0,0,2,5,1,99,0
201600031547,16,2,26,1740,1,2,1,1,3,445,4330040,36039,640,4,2,2,0,1,1,0,40,2,0,1,0,0
201600031548,16,2,27,2140,5,2,6,2,3,445,4330420,35658,640,4,1,2,0,1,2,0,0,2,0,1,0,0
201600031549,16,2,29,1340,1,2,1,1,6,445,4332460,34282,640,4,2,2,0,1,0,0,80,1,0,0,0,0
201600031550,16,2,29,1910,5,2,1,1,2,348,4333050,38526,640,3,2,2,0,1,1,0,75,1,5,1,99,0
201600031551,16,3,3,2150,5,2,1,2,6,445,4330146,35788,640,4,2,2,0,1,1,0,115,2,0,4,0,0
201600031552,16,3,4,1630,1,2,1,2,6,284,4328542,38840,640,6,0,0,0,1,1,0,0,2,0,1,0,0
201600031553,16,3,4,1905,5,2,2,3,6,445,4329603,37858,640,4,1,1,0,2,1,0,0,2,0,1,0,0
201600031554,16,3,4,2115,4,2,1,2,4,269,4329815,30319,640,3,2,2,0,1,1,0,0,2,0,1,0,0
201600031555,16,3,6,950,1,2,3,1,3,445,4330482,37057,640,4,2,2,0,1,1,0,0,1,0,1,0,0
201600031556,16,3,7,1420,1,2,3,8,3,445,4330205,36074,640,4,1,1,0,1,1,0,0,2,0,1,0,0
201600031557,16,3,7,1550,1,2,9,2,6,445,4332604,34829,640,6,0,0,0,1,1,15,109,2,0,1,0,0
201600031558,16,3,7,1830,2,2,1,2,6,445,4330819,37580,640,4,2,2,0,1,1,20,74,2,0,1,0,0
201600031559,16,3,10,1225,1,2,1,1,2,284,4326202,39022,640,2,2,2,0,1,1,0,72,1,0,1,0,0
201600031560,16,3,10,1825,2,2,1,1,2,284,4329566,38717,640,4,3,2,0,1,1,8,56,1,2,1,0,0
201600031561,16,3,11,1655,1,2,2,1,5,445,4330937,36394,640,4,2,3,0,1,1,0,0,2,5,1,0,0
201600031562,16,3,12,1400,1,2,1,1,7,335,4335007,38636,640,3,2,2,0,1,1,0,60,1,0,0,99,0
201600031563,16,3,12,1605,1,2,3,1,3,445,4330052,36032,640,4,2,2,0,1,1,0,0,1,0,1,0,0
201600031564,16,3,14,2015,5,2,1,1,3,445,4332033,36806,640,4,2,2,0,1,1,0,104,1,0,1,0,0
201600031565,16,3,15,1600,1,2,1,1,6,445,4330607,36706,640,4,1,3,3,1,2,0,107,1,0,1,0,0
201600031566,16,3,17,750,1,2,3,1,1,445,4330340,36429,640,4,2,2,0,1,1,0,75,1,0,1,0,0
201600031567,16,3,17,1450,1,2,1,1,2,445,4331539,36148,640,4,3,2,0,1,1,0,0,1,0,1,0,0
201600031568,16,3,18,930,1,2,1,1,2,269,4329777,30176,640,3,2,3,0,1,1,0,103,1,0,1,0,0
201600031569,16,3,21,740,1,2,1,1,3,445,4330321,36337,640,4,2,2,0,1,1,0,84,1,0,1,0,0
201600031570,16,3,23,1820,1,2,1,1,2,445,4332635,37406,640,4,2,2,0,1,1,0,84,1,0,1,0,0
201600031571,16,3,24,1645,1,2,1,1,6,445,4330647,37627,640,4,2,3,3,1,1,0,121,1,0,1,0,0
201600031572,16,3,31,918,1,2,1,2,3,445,4330852,36401,640,4,1,3,3,1,1,36,90,2,0,1,0,0
201600031573,16,4,1,1355,1,2,1,1,2,348,4334354,37978,640,3,2,2,0,1,1,0,0,1,5,1,0,0
201600031574,16,4,2,1511,1,2,6,1,3,445,4332146,35916,640,4,1,2,0,1,2,0,0,1,0,1,0,0
201600031575,16,4,5,2155,4,2,1,2,2,284,4329414,38696,640,4,3,2,1,1,1,0,0,2,0,1,0,0
201600031576,16,4,6,1435,1,2,1,1,2,335,4332835,43816,640,4,2,2,0,1,1,0,63,1,0,1,0,0
201600031577,16,4,7,2100,5,2,1,1,1,129,4330901,38561,640,4,2,2,0,1,1,0,88,2,0,1,0,0
201600031578,16,4,8,1355,1,2,1,1,2,445,4330294,36251,640,4,2,2,2,1,1,0,165,1,0,1,0,0
201600031579,16,4,10,1710,1,1,1,1,3,445,4329840,37930,640,4,2,2,0,1,1,0,130,1,0,1,0,0
201600031580,16,4,11,950,1,2,1,1,3,335,4332298,42007,640,4,2,2,0,1,1,0,60,1,0,1,0,0
201600031581,16,4,11,1740,1,2,1,1,1,348,4330786,40636,640,4,2,2,0,1,1,0,118,1,0,1,0,0
201600031582,16,4,12,1537,1,2,1,1,6,445,4330316,34937,640,4,2,2,0,1,1,0,0,1,0,1,0,0
201600031583,16,4,12,1740,1,2,1,1,6,445,4330607,33512,640,4,2,2,0,1,1,10,137,1,0,1,0,0
201600031584,16,4,14,1515,1,2,1,1,2,348,4332454,38771,640,4,2,2,0,1,1,0,110,1,0,1,0,0
201600031585,16,4,15,1712,1,2,1,1,5,445,4329689,36396,640,4,1,2,3,1,1,0,70,1,0,1,3,0
201600031586,16,4,15,1900,1,1,1,1,1,348,4332205,39561,640,3,2,2,0,1,1,0,109,1,0,1,99,0
201600031587,16,4,16,1430,1,2,2,1,1,348,4330977,42381,640,4,2,4,0,1,1,0,107,1,0,1,0,0
201600031588,16,4,17,2130,1,2,1,1,1,445,4333029,35526,640,3,2,2,0,1,1,0,0,1,0,1,0,0
201600031589,16,4,18,1405,1,2,1,1,3,284,4329193,40707,640,3,2,2,0,1,1,0,76,1,0,1,0,0
201600031590,16,4,19,1735,1,2,1,1,1,269,4329484,30734,640,3,2,2,0,1,1,0,0,1,0,1,0,0
201600031591,16,4,22,1750,1,2,1,1,4,269,4329920,30688,640,3,2,2,0,1,1,0,50,1,0,1,0,0
201600031592,16,4,22,1930,1,2,1,1,3,445,4330395,36609,640,4,2,2,0,1,1,0,60,1,0,1,0,0
201600031593,16,4,23,1745,1,2,1,2,2,445,4331637,37475,640,4,4,2,0,1,0,0,58,2,0,0,0,0
201600031594,16,4,24,1045,1,2,6,1,3,445,4331634,37479,640,4,2,1,0,1,1,0,0,1,0,1,0,0
201600031595,16,4,24,1725,1,1,1,1,6,335,4333727,46036,640,3,2,2,0,1,1,0,120,1,0,1,0,0
201600031596,16,4,28,810,1,2,1,1,1,373,4328064,35473,640,4,2,2,0,0,0,0,0,0,0,1,0,0
201600031597,16,5,2,1100,1,2,1,1,6,445,4329926,36796,640,4,1,1,0,1,1,0,82,1,0,0,0,0
201600031598,16,5,4,1645,1,2,1,1,3,445,4332190,37910,640,4,2,2,0,1,1,0,0,1,0,1,0,0
201600031599,16,5,4,1900,2,2,1,1,3,132,4330263,31904,640,4,2,2,0,1,1,0,0,1,0,0,0,0
201600031600,16,5,6,1730,1,1,1,1,3,284,4325586,39993,640,4,2,2,0,2,4,0,0,1,0,1,0,0
201600031601,16,5,7,2230,5,1,6,1,3,335,4332049,43369,640,4,2,2,0,1,1,0,140,1,0,1,0,0
201600031602,16,5,10,816,1,1,1,1,6,445,4330050,35773,640,4,1,2,0,1,1,0,0,1,0,4,0,0
201600031603,16,5,10,1035,1,2,1,1,2,132,4329616,33557,640,4,1,1,0,1,1,0,0,1,0,1,0,0
201600031604,16,5,11,2100,1,2,1,1,3,445,4329777,36511,640,4,1,1,0,1,1,0,0,1,0,1,0,0
201600031605,16,5,12,1045,1,2,1,1,2,445,4329237,37230,640,4,2,3,0,1,1,0,108,1,0,1,0,0
201600031606,16,5,12,1045,1,2,1,1,6,445,4331135,36948,640,4,1,1,0,1,1,0,0,1,0,1,3,0
201600031607,16,5,12,1819,1,1,1,1,3,335,4331711,42965,640,4,0,4,0,1,1,0,140,1,0,0,0,0
201600031608,16,5,17,1710,1,2,1,1,3,445,4331835,35777,640,6,0,0,0,1,1,0,94,1,0,1,0,0
201600031609,16,5,18,2055,5,2,3,1,3,445,4332610,33820,640,4,2,2,0,1,1,0,73,1,0,1,0,0
201600031610,16,5,19,1610,1,2,2,1,3,445,4330439,36755,640,4,1,2,0,1,1,0,0,1,5,1,99,0
201600031611,16,5,20,1235,1,2,1,1,2,445,4331418,37041,640,4,2,2,0,0,0,0,0,0,0,1,0,0
201600031612,16,5,20,2230,5,2,3,1,3,445,4329883,37487,640,4,1,2,0,1,1,0,0,1,0,1,0,0
201600031613,16,5,21,1350,1,2,1,1,3,445,4330124,37535,640,4,2,2,0,1,1,0,0,1,0,0,0,0
201600031614,16,5,22,1810,2,2,3,2,1,348,4332270,37931,640,4,2,2,0,1,1,30,94,2,0,1,0,0
201600031615,16,5,23,1350,1,2,6,2,3,445,4330668,33377,640,4,2,2,0,1,1,0,50,2,0,1,0,0
201600031616,16,5,24,825,1,2,1,1,4,269,4329829,30332,640,3,2,2,0,1,1,0,105,1,0,1,99,0
201600031617,16,5,24,1300,1,2,1,1,2,445,4329246,37265,640,4,2,2,0,1,1,0,107,1,0,1,99,0
201600031618,16,5,27,1235,1,2,1,1,3,445,4331730,37829,640,4,2,2,0,1,1,0,0,1,0,1,0,0
201600031619,16,5,27,1635,1,2,1,1,6,348,4331100,41255,640,4,2,2,0,1,1,0,71,1,0,1,0,0
201600031620,16,5,28,1610,1,2,1,1,4,335,4333574,43486,640,4,2,2,0,1,1,0,0,1,0,1,0,0
201600031621,16,5,30,1323,1,2,1,1,3,445,4330043,36519,640,4,2,2,0,1,1,91,130,2,0,0,0,0
201600031622,16,5,31,1720,1,2,6,1,3,335,4331819,42462,640,4,1,2,0,1,2,0,0,1,5,1,0,0
201600031623,16,6,1,825,1,2,1,1,1,269,4329952,31536,640,4,2,2,0,1,2,0,68,1,0,1,0,0
201600031624,16,6,1,1400,1,2,1,1,3,445,4330630,33378,640,4,2,2,0,0,0,0,0,0,0,1,0,0
201600031625,16,6,1,2210,5,2,3,1,6,445,4329984,37500,640,4,2,2,0,1,1,0,45,1,0,1,0,0
201600031626,16,6,2,1720,1,1,1,1,2,335,4334484,42047,640,3,2,2,0,1,1,0,60,1,0,1,0,0
201600031627,16,6,3,1600,1,2,6,1,2,348,4332254,39943,640,3,1,1,0,1,1,0,0,1,5,1,0,0
201600031628,16,6,4,1453,1,2,6,1,1,445,4331880,35976,640,4,2,2,0,1,1,0,77,1,0,1,0,0
201600031629,16,6,4,1625,1,1,1,1,4,335,4332805,44394,640,4,2,2,0,1,1,0,40,1,0,1,0,0
201600031630,16,6,7,850,1,1,1,1,1,132,4328579,34855,640,4,2,2,0,1,1,0,0,1,0,1,0,0
201600031631,16,6,8,1410,1,2,1,1,2,132,4330385,31630,640,4,2,2,0,1,1,0,67,1,0,1,0,0
201600031632,16,6,10,1540,1,2,1,2,5,348,4334502,37982,640,3,2,2,0,1,1,0,0,2,0,1,0,0
201600031633,16,6,11,1750,1,1,1,1,3,269,4329994,30916,640,4,3,2,0,1,1,20,31,1,0,0,99,0
201600031634,16,6,14,1725,1,2,1,1,3,445,4331000,37693,640,4,2,2,0,1,1,0,0,1,0,1,0,0
201600031635,16,6,16,818,1,2,1,1,1,445,4331999,36782,640,4,2,2,0,1,1,0,90,1,0,1,0,0
201600031636,16,6,17,1300,1,1,1,1,3,348,4331713,39474,640,3,1,2,0,1,1,0,108,1,0,1,0,0
201600031637,16,6,18,1305,1,2,1,8,3,445,4331558,37793,640,4,2,2,0,1,1,0,101,2,0,1,0,0
201600031638,16,6,20,1210,1,2,1,1,1,445,4331512,37564,640,4,2,2,0,1,1,0,0,1,0,1,0,0
201600031639,16,6,20,1758,1,2,1,1,6,445,4330878,36423,640,4,1,3,0,1,1,0,58,1,0,1,0,0
201600031640,16,6,21,1414,1,2,1,1,6,445,4330407,37767,640,4,2,2,0,1,1,0,0,1,0,1,0,0
201600031641,16,6,21,1842,1,2,1,1,3,373,4327631,35123,640,3,2,2,0,1,1,0,63,1,0,1,0,0
201600031642,16,6,22,1140,1,2,1,1,6,445,4329551,36774,640,4,1,1,0,1,1,0,0,1,0,1,0,0
201600031643,16,6,23,1640,1,2,1,1,3,335,4331870,42495,640,4,1,2,0,1,2,0,105,1,0,1,0,0
201600031644,16,6,24,1450,1,2,1,1,3,129,4329832,38926,640,4,2,3,0,1,1,0,0,1,5,1,0,0
201600031645,16,6,26,1345,1,2,1,1,2,348,4331891,40104,640,4,2,2,0,1,1,0,60,1,0,1,0,0
201600031646,16,6,29,1925,1,1,1,1,1,269,4329871,30503,640,3,3,2,0,1,1,0,0,1,0,1,0,0
201600031647,16,7,1,1135,1,2,6,1,3,445,4329623,37863,640,4,2,3,0,1,1,0,50,1,0,1,0,0
201600031648,16,7,1,1745,1,2,1,1,2,348,4332015,39141,640,4,2,2,0,1,1,0,0,1,0,1,0,0
201600031649,16,7,5,1645,1,2,1,1,6,445,4330059,37510,640,4,2,2,0,1,1,15,100,1,0,1,0,0
201600031650,16,7,5,1806,1,2,1,1,5,129,4330354,40343,640,3,2,2,0,1,1,0,76,1,0,1,0,0
201600031651,16,7,8,1610,1,2,1,1,6,445,4331653,37816,640,4,2,2,0,1,1,0,0,1,0,1,0,0
201600031652,16,7,10,1815,1,2,1,1,6,445,4330739,37652,640,4,2,3,0,1,1,0,127,1,0,1,0,0
201600031653,16,7,11,755,1,2,1,1,7,335,4332445,41480,640,4,2,2,0,4,2,0,49,2,0,1,99,0
201600031654,16,5,25,950,1,2,2,1,6,132,4328929,35460,640,4,2,2,0,1,1,0,0,1,0,1,0,1
201600031655,16,7,5,920,1,2,1,1,1,445,4329898,36995,640,4,1,1,0,1,1,0,46,1,0,1,99,0
201600031656,16,7,11,1250,1,2,2,1,3,348,4333510,37975,640,4,2,3,0,1,1,0,0,1,0,1,0,0
201600031657,16,7,16,1915,1,1,1,1,4,445,4333941,37979,640,3,2,2,0,1,1,0,78,1,0,1,0,0
201600031658,16,7,21,615,2,2,3,1,3,445,4332466,35683,640,4,2,2,0,1,1,0,0,1,5,1,0,0
201600031659,16,7,21,2145,2,2,1,1,6,284,4327259,38868,640,2,2,2,0,1,1,0,108,1,0,1,0,1
201600031660,16,7,22,1720,1,1,1,1,2,129,4330289,37960,640,4,2,2,0,1,1,0,75,1,0,1,0,0