Num_Acc,an,mois,jour,hrmn,lum,agg,int,atm,col,com,lat,long,dep,catr,circ,nbv,vosp,prof,plan,lartpc,larrout,surf,infra,situ,env1,killed
201600031661,16,7,25,1510,1,2,1,1,1,445,4331099,35014,640,4,2,2,0,1,1,0,0,1,0,1,0,0
201600031662,16,7,26,1345,1,2,2,1,5,129,4331182,37732,640,4,2,2,0,1,1,0,76,1,5,1,0,0
201600031663,16,7,26,1651,1,2,1,1,3,445,4331418,33323,640,4,2,3,0,1,1,0,110,1,0,1,0,0
201600031664,16,7,26,1755,1,2,1,1,1,445,4330486,35233,640,4,2,2,0,1,1,0,97,1,0,1,0,0
201600031665,16,7,23,1325,1,2,1,1,6,445,4330254,35244,640,4,2,4,0,1,1,0,150,1,0,1,0,1
201600031666,16,7,27,1900,1,2,1,1,3,129,4331227,38635,640,4,2,2,0,1,2,0,131,1,0,1,0,0
201600031667,16,7,27,1950,1,2,1,1,3,348,4330984,42393,640,4,2,4,0,1,0,0,135,0,0,1,0,0
201600031668,16,7,30,1115,1,2,1,1,4,335,4332499,43813,640,4,2,2,0,1,1,0,60,1,0,1,0,0
201600031669,16,7,31,2235,5,2,1,1,2,445,4333542,37975,640,4,2,3,0,1,1,0,182,1,0,1,0,0
201600031670,16,8,1,1415,1,2,1,1,6,445,4331850,34546,640,4,2,2,0,1,1,0,95,1,0,1,0,0
201600031671,16,8,1,1800,1,2,1,1,3,335,4333235,45824,640,4,2,2,0,1,1,0,32,1,0,1,0,0
201600031672,16,8,4,2240,5,2,1,2,2,445,4329642,37863,640,4,1,1,0,2,1,0,62,2,0,1,0,0
201600031673,16,8,7,130,5,2,1,1,6,284,4328247,38735,640,4,0,2,0,1,2,0,0,1,0,4,0,0
201600031674,16,8,8,1820,1,2,3,1,3,445,4330247,37556,640,4,2,2,0,1,1,0,118,1,0,1,0,0
201600031675,16,8,9,745,1,2,1,2,6,445,4331870,35966,640,4,0,2,0,1,3,0,0,2,0,1,0,0
201600031676,16,8,10,1010,1,2,3,1,6,445,4329618,35350,640,4,2,2,0,1,1,0,0,1,0,1,0,0
201600031677,16,8,13,1200,1,2,1,1,4,445,4330689,37637,640,4,2,2,0,1,1,0,102,1,0,1,0,0
201600031678,16,8,16,1650,1,2,3,1,3,445,4330174,37757,640,4,1,1,0,1,1,0,85,1,0,1,0,0
201600031679,16,8,19,845,1,2,6,1,3,129,4330714,39882,640,3,2,2,0,1,2,0,102,1,0,5,0,0
201600031680,16,8,19,2100,2,2,2,1,3,445,4332480,35744,640,4,2,0,0,1,1,0,0,1,5,1,0,0
201600031681,16,8,21,125,5,2,1,1,3,445,4330812,37658,640,4,0,2,0,1,1,0,0,1,0,0,0,0
201600031682,16,8,22,1544,1,2,2,1,1,129,4331228,38636,640,4,2,2,0,0,0,0,45,1,0,1,0,0
201600031683,16,8,23,1815,1,2,2,1,3,348,4332081,37903,640,4,2,3,0,1,1,0,90,1,0,1,0,0
201600031684,16,8,26,1940,1,2,3,1,3,348,4332928,37962,640,4,2,3,0,1,1,0,49,1,0,1,0,0
201600031685,16,8,30,800,1,2,1,1,3,348,4333870,38523,640,3,2,2,0,1,1,0,0,1,0,1,0,0
201600031686,16,8,31,1500,1,2,2,1,3,445,4330486,37062,640,4,2,2,0,1,1,0,0,1,0,1,0,0
201600031687,16,9,1,1820,1,2,1,1,3,348,4330893,40865,640,4,2,2,0,1,1,0,0,1,0,1,0,0
201600031688,16,9,2,955,1,1,2,1,3,269,4329808,30275,640,3,2,2,0,1,1,0,126,1,0,1,0,0
201600031689,16,9,3,1755,1,2,2,1,3,445,4330267,35205,640,4,2,2,0,1,1,0,0,1,0,1,0,0
201600031690,16,9,5,1151,1,2,1,1,6,284,4328458,38754,640,4,2,2,1,1,1,0,105,1,0,1,0,0
201600031691,16,9,6,1200,1,2,1,1,6,445,4330680,33446,640,4,2,2,0,1,1,0,82,1,0,1,0,0
201600031692,16,9,7,730,1,2,1,1,3,445,4330238,35338,640,4,2,3,0,1,1,0,150,1,0,1,99,0
201600031693,16,9,10,2310,5,2,1,1,3,445,4330991,37693,640,4,2,2,0,1,1,0,73,1,0,1,0,0
201600031694,16,9,13,1120,1,2,1,1,3,348,4330918,40910,640,4,2,2,0,1,1,0,0,1,0,1,0,0
201600031695,16,9,14,1040,1,2,6,1,2,445,4330771,33851,640,4,1,1,0,1,2,0,65,1,0,1,0,0
201600031696,16,9,14,1535,1,2,3,1,5,445,4329318,36125,640,4,2,2,0,1,1,0,87,1,0,1,0,0
201600031697,16,9,15,1315,1,2,1,1,6,445,4331591,35680,640,4,2,2,0,1,1,0,87,1,0,1,0,0
201600031698,16,9,15,1610,1,1,1,1,4,348,4331440,41899,640,4,2,2,0,1,1,0,0,1,0,0,0,0
201600031699,16,9,20,1240,1,2,1,1,2,445,4330896,34265,640,4,2,2,0,1,1,0,75,1,0,1,0,0
201600031700,16,9,21,905,1,2,6,1,3,445,4332142,35865,640,4,4,2,0,1,2,0,95,1,0,1,0,0
201600031701,16,9,21,1345,1,2,1,1,6,445,4329700,36640,640,4,2,2,0,0,0,0,0,0,0,1,0,0
201600031702,16,9,21,1630,1,2,1,1,5,348,4330867,40835,640,4,2,3,0,1,1,0,156,1,0,1,0,0
201600031703,16,9,22,1015,1,2,1,1,6,445,4329590,37648,640,4,1,2,0,2,1,0,50,1,0,1,0,0
201600031704,16,9,23,1921,1,2,3,1,3,445,4330603,35669,640,4,2,2,0,1,1,0,67,1,0,0,0,0
201600031705,16,9,23,2000,1,1,1,1,3,335,4333288,45285,640,4,2,2,0,1,1,0,0,1,0,1,0,0
201600031706,16,9,28,1230,1,2,6,1,1,237,4328829,37649,640,3,1,1,0,1,3,0,100,1,0,1,0,0
201600031707,16,9,28,1110,1,1,3,1,6,445,4329934,37134,640,4,2,2,0,1,1,0,0,1,0,1,0,0
201600031708,16,9,29,1615,1,2,3,1,3,445,4333113,37964,640,4,2,2,0,1,1,0,0,1,0,1,0,0
201600031709,16,9,30,955,1,2,2,1,3,129,4330287,39561,640,4,2,2,0,1,1,0,65,1,0,1,0,0
201600031710,16,9,30,1255,1,2,1,1,6,445,4333158,36048,640,4,0,2,0,1,1,0,53,1,0,1,0,0
201600031711,16,10,5,1230,1,2,1,1,4,445,4330790,34589,640,4,2,2,0,1,1,0,81,1,0,1,0,0
201600031712,16,10,7,240,5,2,1,1,2,445,4331113,32367,640,4,2,3,0,1,1,0,154,0,0,1,0,0
201600031713,16,10,6,1636,1,2,2,1,3,129,4330280,39569,640,4,2,2,0,1,1,0,113,1,0,1,0,0
201600031714,16,10,7,1510,1,2,1,1,2,445,4812991,40138,640,4,1,2,0,1,1,0,80,1,0,1,0,0
201600031715,16,10,11,2043,5,1,3,1,3,445,4330370,35572,640,4,2,2,0,1,1,0,30,1,0,1,0,0
201600031716,16,10,12,854,1,2,1,1,1,445,4330585,34984,640,4,2,2,0,1,1,0,68,1,0,1,0,0
201600031717,16,10,12,1225,1,2,3,1,6,284,4328463,38756,640,4,2,2,0,1,1,0,0,1,0,1,3,0
201600031718,16,10,12,1310,1,2,3,1,1,445,4331681,36826,640,4,2,2,0,1,1,25,91,1,0,1,3,0
201600031719,16,10,12,2040,4,2,9,1,3,348,4332877,38301,640,4,1,2,0,1,2,0,0,2,5,1,0,0
201600031720,16,10,15,1720,1,2,1,1,2,284,4326722,38950,640,2,2,2,0,0,0,0,50,0,0,1,0,0
201600031721,16,10,14,842,1,2,1,1,6,445,4331617,36151,640,4,1,2,0,1,1,0,80,1,0,1,0,0
201600031722,16,10,18,1250,1,1,1,1,2,284,4328878,40216,640,4,2,2,0,1,1,0,70,1,0,1,0,0
201600031723,16,10,18,1913,2,2,1,1,3,335,4331808,43287,640,6,0,0,0,1,1,0,0,1,0,0,99,0
201600031724,16,10,19,1255,1,2,3,1,3,335,4332465,42219,640,4,2,2,0,1,1,0,64,1,0,1,0,0
201600031725,16,10,19,1503,1,1,1,1,2,445,4331391,37023,640,4,2,2,0,1,1,74,106,1,0,1,0,0
201600031726,16,10,19,1535,1,2,1,1,2,445,4330623,37623,640,4,2,2,0,1,1,0,36,1,0,1,0,0
201600031727,16,10,21,1435,1,2,1,1,2,445,4329870,37485,640,4,1,2,0,1,1,0,95,1,5,1,0,0
201600031728,16,10,23,950,1,2,1,1,6,445,4330423,37761,640,4,2,2,0,1,1,0,108,1,0,1,0,0
201600031729,16,10,26,1000,1,2,3,1,3,445,4331177,37540,640,4,2,2,0,1,1,0,72,1,0,1,0,0
201600031730,16,10,27,1505,1,2,1,1,1,445,4331523,36165,640,4,2,2,0,1,1,0,0,1,0,0,0,0
201600031731,16,10,27,1535,1,2,1,1,3,445,4331322,37066,640,4,2,2,0,1,1,0,70,1,0,1,0,0
201600031732,16,10,30,1140,1,2,1,1,3,348,4330863,40826,640,4,2,3,0,1,1,0,0,1,5,1,0,0
201600031733,16,10,31,1740,1,2,1,1,3,129,4330109,39453,640,4,2,3,0,1,1,0,95,1,0,1,0,0
201600031734,16,10,31,1850,5,2,1,1,4,129,4331304,37749,640,4,2,2,0,1,1,0,0,1,0,1,0,0
201600031735,16,11,2,1925,5,2,1,1,1,129,4329960,39161,640,4,2,2,0,1,1,0,120,1,0,1,0,0
201600031736,16,11,4,1215,1,2,1,2,2,445,4331588,33197,640,4,2,2,0,1,1,0,112,2,0,1,0,0
201600031737,16,11,5,610,5,2,2,3,3,132,4330669,32749,640,4,2,2,0,2,1,0,100,2,0,1,0,0
201600031738,16,11,5,1250,1,2,3,3,3,445,4333141,36156,640,4,2,2,0,1,1,0,91,2,0,1,0,0
201600031739,16,11,5,1825,5,2,1,3,2,445,4330510,37602,640,4,2,2,0,1,1,0,112,2,0,1,0,0
201600031740,16,11,5,1853,4,1,1,3,1,284,4329036,40396,640,3,2,2,0,1,1,0,120,2,0,1,0,0
201600031741,16,11,5,2015,5,2,9,1,1,445,4331819,37824,640,4,1,1,0,1,3,0,83,1,0,1,0,0
201600031742,16,11,9,1250,1,2,1,1,1,129,4330114,39448,640,4,2,2,0,1,1,25,90,1,0,1,0,0
201600031743,16,11,9,1355,1,2,1,2,3,445,4330241,35333,640,4,2,2,1,1,1,0,0,2,0,1,0,0
201600031744,16,11,11,1203,1,2,1,1,3,445,4330860,36391,640,4,3,2,0,1,1,0,10,1,0,1,0,0
201600031745,16,11,12,1800,2,1,1,1,2,269,4329357,32620,640,3,0,2,0,1,1,0,35,1,0,0,0,0
201600031746,16,11,12,2003,5,2,2,2,3,445,4330337,36177,640,4,2,2,0,1,1,0,0,2,0,1,0,0
201600031747,16,11,13,321,5,1,1,1,3,445,4330864,36392,640,4,1,2,3,1,1,36,103,1,0,1,0,0
201600031748,16,11,14,1215,1,2,2,1,1,445,4332455,37956,640,4,2,3,0,1,1,0,194,1,0,1,0,0
201600031749,16,11,14,1510,1,2,1,1,6,445,4331055,36410,640,4,2,1,0,1,1,0,58,1,0,1,0,0
201600031750,16,11,15,740,5,2,1,1,3,445,4329880,35285,640,4,2,2,0,1,1,0,0,1,0,1,0,0
201600031751,16,11,15,850,1,2,3,1,3,445,4329217,37826,640,4,2,2,0,1,1,0,0,1,0,1,0,0
201600031752,16,11,16,1000,1,2,1,1,6,445,4331950,37880,640,4,2,2,3,1,1,0,0,1,0,1,0,0
201600031753,16,11,17,2020,5,2,2,1,1,445,4329428,35908,640,4,2,2,0,2,2,0,91,1,0,1,0,0
201600031754,16,11,18,1720,2,2,1,1,2,269,4328690,32550,640,3,2,3,0,2,1,0,72,1,0,1,0,0
201600031755,16,11,19,1840,5,2,3,1,3,445,4333405,37387,640,4,2,2,0,1,1,0,0,1,0,1,0,0
201600031756,16,11,21,755,1,1,2,1,3,348,4333909,39519,640,3,2,2,0,1,1,0,80,1,0,1,0,0
201600031757,16,11,22,1910,4,2,1,3,6,445,4329297,37806,640,4,2,2,0,1,1,0,0,2,0,1,0,0
201600031758,16,11,22,2039,5,2,2,2,3,445,4330280,37352,640,4,2,2,0,1,1,0,70,2,0,1,0,0
201600031759,16,11,23,1910,1,2,1,3,6,445,4333281,36644,640,6,0,0,0,1,1,0,0,2,0,1,0,0
201600031760,16,11,23,2000,5,2,1,2,2,335,4333317,45333,640,4,2,2,0,1,1,0,80,2,0,1,0,0
201600031761,16,11,23,1130,1,2,1,1,3,445,4329671,36352,640,4,1,1,0,1,1,0,0,1,0,1,3,0
201600031762,16,11,24,1933,5,2,2,1,1,445,4330242,36046,640,4,2,2,0,1,1,0,0,1,0,1,0,0
201600031763,16,11,29,1440,1,2,2,1,3,445,4331488,37783,640,4,2,2,0,1,1,0,117,1,0,1,0,0
201600031764,16,11,29,1735,1,2,1,1,3,445,4331583,35931,640,4,1,1,0,1,3,0,60,1,0,0,0,0
201600031765,16,11,30,1245,1,2,1,1,5,348,4332228,37924,640,4,2,3,0,1,1,0,118,1,0,1,0,0
201600031766,16,11,30,1650,1,2,1,1,2,129,4331368,37779,640,4,2,3,0,1,1,0,54,0,0,1,0,0
201600031767,16,12,1,1010,1,2,1,1,2,445,4330342,37835,640,4,2,2,0,1,1,0,111,1,0,1,0,0
201600031768,16,12,1,1700,1,1,1,1,2,269,4330144,31460,640,4,2,2,0,1,1,17,87,1,0,1,0,0
201600031769,16,12,2,1550,1,2,3,1,3,445,4333544,37971,640,4,2,3,0,1,1,0,0,1,0,1,0,0
201600031770,16,12,2,1613,1,2,1,1,2,445,4330731,35524,640,4,2,3,1,1,1,0,120,1,0,1,0,0
201600031771,16,12,2,1710,1,2,1,7,2,445,4331292,32005,640,4,2,2,1,1,1,0,76,1,0,1,0,0
201600031772,16,12,3,1635,1,2,1,1,2,445,4329189,36934,640,6,0,0,3,1,1,6,37,1,0,1,0,0
201600031773,16,12,5,1805,5,2,2,1,6,445,4329883,35192,640,4,2,2,0,1,1,0,88,1,0,1,3,0
201600031774,16,12,7,120,5,2,2,1,3,445,4329928,36331,640,4,1,1,0,1,1,0,75,1,0,1,0,0
201600031775,16,12,7,1845,1,2,1,1,4,269,4330198,31693,640,4,2,2,0,1,1,0,30,1,0,1,0,0
201600031776,16,12,8,750,2,1,1,1,3,129,4330611,40038,640,3,2,2,0,1,1,0,44,1,0,1,0,0
201600031777,16,12,9,935,1,2,1,7,5,445,4331736,37689,640,4,2,2,0,1,1,0,77,1,0,1,0,0
201600031778,16,12,9,1820,2,2,3,1,1,445,4331875,34602,640,4,2,2,0,1,1,0,0,1,0,1,0,0
201600031779,16,12,11,1628,1,2,6,1,3,284,4328768,39067,640,4,2,2,0,1,1,0,119,1,0,1,0,0
201600031780,16,12,12,1355,1,2,2,1,6,445,4329979,37959,640,4,2,2,0,1,1,26,130,1,0,1,0,0
201600031781,16,12,13,913,1,2,1,1,3,445,4331144,36451,640,4,3,2,0,1,1,0,0,1,0,1,0,0
201600031782,16,12,13,1435,1,2,1,7,3,335,4331709,42967,640,4,2,4,0,1,1,0,131,1,0,1,0,0
201600031783,16,12,13,2025,5,2,1,1,2,445,4330064,36186,640,4,2,2,0,1,1,0,0,1,0,1,0,0
201600031784,16,12,14,1625,1,2,1,1,2,284,4328306,38711,640,4,2,2,0,1,2,0,108,1,0,1,0,0
201600031785,16,12,14,1806,2,2,1,1,3,445,4330362,35221,640,4,2,2,0,1,1,0,103,1,0,1,0,0
201600031786,16,12,15,928,1,2,1,1,2,269,4329804,30249,640,3,2,3,0,1,1,0,107,1,0,1,0,0
201600031787,16,12,17,1050,1,2,2,1,6,445,4331112,35401,640,4,2,2,0,1,1,0,69,1,5,1,0,0
201600031788,16,12,18,1025,1,2,3,1,3,445,4329223,37824,640,4,1,1,0,1,1,0,40,1,0,1,0,0
201600031789,16,12,19,1910,5,2,1,1,3,445,4331613,36152,640,4,2,4,0,1,1,30,60,1,0,1,0,0
201600031790,16,12,21,1900,1,2,1,1,2,445,4333144,36154,640,4,2,2,0,1,1,0,0,1,0,1,0,0
201600031791,16,12,21,2050,5,2,2,1,3,445,4330425,37992,640,4,2,2,0,2,1,0,36,1,0,1,0,0
201600031792,16,12,22,900,1,2,1,1,3,445,4330608,33604,640,4,2,2,0,1,1,0,133,1,0,1,0,0
201600031793,16,12,22,1230,1,1,1,1,4,129,4329875,39012,640,4,2,3,0,1,1,0,0,2,0,1,0,0
201600031794,16,12,23,1635,1,2,2,2,3,445,4330114,38360,640,4,2,3,0,1,1,0,0,2,0,1,0,0
201600031795,16,12,27,1649,2,2,1,1,3,445,4331019,34681,640,4,2,2,0,1,1,0,72,1,0,1,0,0
201600031796,16,12,27,1953,5,2,1,1,6,445,4330347,36437,640,4,2,2,0,1,1,0,90,1,0,1,0,0
201600031797,16,1,8,1030,1,2,1,1,2,545,4336195,170991,640,3,2,2,0,1,1,0,0,1,0,1,99,0
201600031798,16,1,20,1030,1,1,1,1,1,260,4337422,176042,640,3,2,2,0,2,1,0,0,1,0,1,0,0
201600031800,16,2,7,1,5,2,1,3,6,260,4335770,177649,640,3,2,2,0,2,2,0,90,3,0,1,99,0
201600031801,16,2,11,816,2,2,1,2,6,260,4336100,177459,640,3,2,2,0,1,1,0,0,2,0,1,3,0
201600031802,16,2,12,1355,1,1,1,1,2,545,4336190,171749,640,3,2,2,0,1,1,0,0,2,0,1,99,0
201600031803,16,2,18,1349,1,2,1,3,4,249,4341247,161776,640,3,2,2,0,2,1,0,60,2,0,1,0,0
201600031804,16,2,20,2200,5,1,2,1,3,545,4336090,170013,640,3,2,2,0,1,1,0,91,1,0,1,0,0
201600031805,16,2,29,2130,5,1,1,1,1,260,4336410,177063,640,3,2,2,0,1,1,0,90,1,0,1,3,0
201600031806,16,3,4,1625,1,2,1,1,2,260,4321139,146483,640,3,2,0,0,1,1,0,60,1,0,1,3,0
201600031807,16,3,8,1620,1,1,1,1,3,483,4340086,163283,640,4,2,1,0,1,2,0,118,1,0,1,99,0
201600031808,16,3,22,1750,1,2,1,1,3,545,4336126,170267,640,3,2,2,0,1,1,0,0,1,0,1,0,0
201600031809,16,3,26,1305,1,2,1,1,1,260,4337039,175509,640,4,2,2,0,1,3,0,0,1,0,1,0,0
201600031810,16,3,11,1400,1,1,1,8,7,483,4338802,166010,640,6,0,0,0,1,0,0,0,1,0,0,0,0
201600031811,16,3,30,1214,1,2,1,1,3,260,4336677,175868,640,4,0,2,0,1,1,0,0,1,0,1,0,0
201600031812,16,4,3,1205,1,2,1,1,3,483,4338636,166213,640,4,3,4,0,1,1,0,0,1,0,1,0,0
201600031813,16,4,7,755,1,2,1,1,4,260,4334962,176928,640,4,2,2,0,2,1,0,60,1,0,1,0,0
201600031814,16,4,20,1152,1,1,1,1,3,260,4337560,176259,640,3,2,1,0,1,1,0,0,1,0,1,0,0
201600031815,16,4,24,1049,1,1,1,1,3,483,4338687,162040,640,3,2,1,0,1,2,0,0,1,0,1,99,0
201600031816,16,4,25,1820,1,2,1,1,3,545,4334878,171409,640,4,2,2,0,2,3,0,0,1,0,1,0,0
201600031817,16,4,28,1315,1,1,1,1,2,249,4342126,160536,640,3,2,1,0,2,2,0,0,1,0,1,0,0
201600031818,16,4,28,1730,1,1,1,1,3,189,4338147,166466,640,3,2,1,0,1,1,0,0,1,0,0,0,0
201600031819,16,4,29,920,1,1,1,1,2,189,4338312,166676,640,3,2,1,0,1,1,0,0,1,0,1,0,0
201600031820,16,4,27,1025,1,2,1,8,6,260,4335806,177440,640,4,1,1,0,0,0,0,0,1,0,0,0,0
201600031821,16,4,30,735,2,1,1,2,1,260,4335687,177634,640,4,2,2,0,3,2,0,0,2,2,0,0,0
201600031822,16,5,6,1310,1,2,1,1,3,260,4336729,175021,640,4,2,2,0,0,0,0,0,1,0,0,0,0
201600031823,16,5,7,1203,1,1,1,8,5,189,4338288,166761,640,3,2,3,0,1,1,0,0,2,0,1,0,0
201600031824,16,5,7,1335,1,1,1,2,2,483,4337553,163784,640,3,2,2,0,1,1,0,0,2,0,1,0,0
201600031825,16,5,10,1900,1,2,1,1,4,483,4339527,164799,640,3,2,2,0,1,1,0,100,0,0,1,0,0
201600031826,16,5,20,1610,1,2,1,1,2,483,4340260,163518,640,3,2,2,0,1,1,0,0,1,0,1,0,0
201600031827,16,5,21,1245,1,2,1,1,2,483,4345803,149958,640,3,2,2,0,1,0,0,0,1,0,1,0,0
201600031828,16,5,23,1845,1,1,1,1,5,545,4335637,174482,640,4,2,2,0,0,0,0,0,1,0,0,0,0
201600031829,16,5,27,1915,1,1,1,2,4,260,4334970,178428,640,3,2,2,0,1,1,0,0,2,2,1,0,0
201600031830,16,5,28,1800,1,2,1,3,3,189,4338946,168266,640,3,2,2,0,1,1,0,0,1,0,1,0,0
201600031831,16,5,28,2225,5,2,1,1,3,260,4336530,176840,640,4,0,1,0,0,0,0,0,1,0,0,0,0
201600031832,16,5,29,2300,5,2,1,1,3,189,4338462,166642,640,3,1,1,0,1,3,0,0,1,0,1,99,0
201600031833,16,6,7,830,1,2,1,1,1,483,4339264,165265,640,3,2,2,0,1,1,0,0,1,0,1,99,0
201600031834,16,6,7,1255,1,2,1,1,6,483,4338310,165605,640,6,0,0,0,1,1,0,0,1,0,1,99,1
201600031835,16,6,8,1345,1,2,1,1,4,545,4336163,171895,640,3,2,2,0,0,0,0,0,0,0,0,0,0
201600031836,16,6,8,1730,1,2,1,1,6,260,4334961,177549,640,3,2,1,0,1,1,0,0,1,0,1,99,0
201600031837,16,6,8,1835,1,2,1,1,3,260,4337310,177386,640,3,2,2,0,1,1,0,0,1,0,1,99,0
201600031838,16,6,9,840,1,1,1,1,3,260,4335660,177432,640,4,2,2,0,1,1,0,0,1,0,1,0,0
201600031839,16,6,9,2225,3,1,1,1,6,545,4335200,173880,640,3,2,2,0,3,4,0,89,1,0,1,99,1
201600031840,16,6,10,1530,1,1,1,8,1,260,4336506,176032,640,3,2,2,0,1,1,0,0,1,0,1,0,0
201600031841,16,6,10,1730,1,1,1,2,3,483,4339240,165311,640,3,2,2,0,1,1,0,0,2,0,1,99,0
201600031842,16,6,11,2220,5,1,1,1,1,189,4338809,167659,640,3,2,2,0,1,1,0,0,1,0,1,0,0
201600031843,16,6,16,1040,1,2,1,1,6,483,4338697,166126,640,4,1,1,0,1,1,0,0,1,0,0,99,0
201600031844,16,6,17,1030,1,2,1,1,6,483,4338638,166259,640,4,0,2,0,1,1,0,0,1,0,0,99,0
201600031845,16,6,21,937,1,2,1,1,6,483,4339181,165510,640,4,1,1,0,3,3,0,0,1,0,1,3,0
201600031846,16,6,25,2100,1,1,1,1,3,260,4337045,175509,640,4,0,0,0,1,1,0,0,1,0,0,0,0
201600031847,16,6,28,825,1,1,1,1,2,545,4336142,171982,640,3,0,2,0,0,0,0,0,0,0,0,0,0
201600031848,16,7,5,1700,1,2,1,1,3,483,4339666,164541,640,3,2,2,0,1,1,0,0,1,0,1,0,0
201600031849,16,7,6,1210,1,2,3,1,1,260,4336876,177114,640,3,2,0,0,1,1,0,0,0,0,1,0,0
201600031850,16,7,12,1530,1,1,1,1,1,483,4341183,161148,640,3,2,2,0,1,2,0,0,1,0,1,99,0
201600031851,16,7,12,2110,1,2,1,1,1,260,4336841,177184,640,4,2,2,0,1,1,0,0,1,0,1,0,0
201600031852,16,7,15,1930,1,2,1,1,1,260,4337115,177587,640,4,2,0,0,1,1,0,0,1,0,1,0,0
201600031853,16,7,14,230,5,2,1,1,3,260,4336839,176441,640,4,2,2,0,0,0,0,0,0,0,0,0,0
201600031854,16,7,17,1209,1,2,1,1,3,260,4335402,177987,640,3,2,2,0,1,1,0,0,1,0,1,0,0
201600031855,16,7,23,1055,1,2,1,1,6,483,4340025,163927,640,3,3,2,0,1,1,0,0,0,0,1,0,0
201600031856,16,7,25,1250,1,2,1,1,3,483,4339925,139234,640,4,2,2,0,1,0,0,60,1,0,1,0,0
201600031857,16,7,26,1733,1,1,1,1,2,249,4341843,160781,640,3,2,2,0,1,1,0,0,1,0,0,0,0
201600031858,16,7,27,2310,3,1,1,1,3,545,4335525,173673,640,3,2,2,0,1,1,0,0,1,0,0,0,0
201600031859,16,7,31,1623,1,1,1,1,1,545,4333518,168987,640,3,2,2,0,2,2,0,0,1,0,1,0,0
201600031860,16,7,31,1835,1,2,1,1,3,260,4335864,177610,640,3,2,2,0,1,1,0,0,1,0,1,0,0
201600031861,16,8,1,1459,1,2,1,1,2,260,4337270,174823,640,3,2,2,0,1,3,0,0,1,0,0,0,0
201600031862,16,8,4,25,5,1,1,1,1,249,4341660,161020,640,3,2,2,0,1,1,0,0,1,0,1,0,0
201600031863,16,8,6,1820,1,2,1,1,1,483,4340160,159983,640,3,2,2,0,1,2,0,0,1,0,1,0,0
201600031864,16,8,14,1920,1,2,1,1,6,260,4337500,176388,640,4,2,2,0,1,1,0,0,1,0,1,0,0
201600031865,16,8,17,1725,1,2,1,1,2,249,4341660,161020,640,3,2,2,0,2,0,0,0,1,0,1,0,0
201600031866,16,8,18,1125,1,2,1,1,2,189,4337760,165903,640,3,2,2,0,1,1,0,0,1,0,1,0,0
201600031867,16,8,18,1030,1,2,1,1,4,189,4337770,167289,640,3,2,2,0,0,0,0,0,0,0,1,0,0
201600031868,16,8,19,1035,1,2,1,1,6,260,4335580,177307,640,4,1,1,0,0,0,0,0,0,0,1,0,0
201600031869,16,8,22,1145,1,1,1,1,3,483,4340750,162660,640,3,2,1,0,1,1,0,0,1,0,1,99,0
201600031870,16,8,22,1145,1,2,1,1,3,260,4336740,177032,640,3,2,2,0,1,1,0,0,1,0,1,0,0
201600031871,16,8,22,1920,1,2,1,1,6,260,4337400,176742,640,4,1,1,0,1,1,0,0,1,0,1,0,0
201600031872,16,8,29,1435,1,2,1,1,6,483,4338740,166284,640,4,1,1,0,1,1,0,0,1,0,1,0,0
201600031873,16,8,29,1745,1,2,1,1,2,260,4335880,177219,640,4,2,2,0,1,2,0,0,1,0,1,0,0
201600031874,16,8,30,1115,1,1,1,1,3,483,4339940,164064,640,3,2,2,0,0,0,0,0,0,0,0,0,0
201600031875,16,9,2,1234,1,2,1,1,5,483,4338970,165384,640,3,0,0,0,2,1,0,0,1,0,1,99,0
201600031876,16,9,3,1350,1,2,1,1,2,483,4338606,166102,640,3,1,2,0,1,2,0,0,1,0,1,99,0
201600031877,16,9,11,605,3,2,1,1,1,249,4342103,160592,640,3,2,2,0,2,1,0,0,1,0,1,0,0
201600031878,16,9,21,114,5,2,1,1,2,249,4342121,160536,640,3,2,2,0,1,1,0,0,1,0,1,99,0
201600031879,16,9,25,1045,1,1,1,1,1,545,4335630,169106,640,3,2,0,0,2,4,0,0,1,0,0,99,0
201600031880,16,9,28,1850,2,1,1,1,1,545,4335542,169075,640,3,2,1,0,2,2,0,0,1,0,1,99,0
201600031881,16,9,30,1000,1,2,1,1,2,260,4335010,178120,640,4,2,2,0,0,0,0,0,1,0,1,99,0
201600031882,16,10,5,1300,1,1,1,1,1,483,4337764,163777,640,3,2,2,0,1,1,0,0,0,0,0,0,0
201600031883,16,10,8,2140,5,2,1,1,5,483,4341128,161978,640,3,2,0,0,0,0,0,0,0,0,1,0,0
201600031884,16,10,10,1710,1,2,1,1,6,483,4337680,163770,640,3,2,0,1,1,1,0,0,1,0,5,99,0
201600031885,16,10,12,1250,1,2,1,1,1,189,4338130,166290,640,4,2,0,0,0,0,0,0,1,0,1,0,0
201600031886,16,10,13,644,5,2,1,8,3,483,4339640,164580,640,3,2,2,0,1,1,0,0,2,0,1,99,0
201600031887,16,10,13,1730,1,2,1,8,6,189,4337520,166010,640,4,2,1,0,0,0,0,0,2,0,1,99,0
201600031888,16,10,14,1530,1,2,1,1,1,545,4336680,174610,640,3,2,1,0,2,1,0,0,1,0,1,99,0
201600031889,16,10,22,1530,1,2,1,1,7,260,4335250,176850,640,4,0,1,0,1,1,0,0,1,0,1,99,0
201600031890,16,10,23,1600,1,2,1,1,4,483,4339640,164590,640,3,2,2,0,1,1,0,0,1,0,1,99,0
201600031891,16,10,25,1145,1,2,1,1,1,545,4332820,168720,640,3,2,2,0,2,2,0,0,1,0,1,99,0