Num_Acc,an,mois,jour,hrmn,lum,agg,int,atm,col,com,lat,long,dep,catr,circ,nbv,vosp,prof,plan,lartpc,larrout,surf,infra,situ,env1,killed
201600031892,16,11,14,810,1,2,1,1,2,545,4336869,168480,640,3,2,2,0,1,1,0,0,1,0,0,0,0
201600031893,16,10,25,2020,5,2,1,1,3,483,4323296,139172,640,3,1,1,0,1,2,0,0,1,5,1,0,0
201600031894,16,10,29,1920,1,1,1,1,2,483,4341411,161370,640,3,2,2,0,2,1,0,0,1,0,1,99,0
201600031895,16,11,14,1505,1,2,1,1,6,260,4335975,177559,640,3,2,2,0,1,1,0,0,1,0,1,3,0
201600031896,16,11,14,1735,1,2,1,1,3,483,4338609,166123,640,3,2,2,0,1,1,0,0,1,0,1,99,0
201600031897,16,11,16,1450,1,2,1,1,2,483,4339963,164027,640,3,1,1,0,1,3,0,0,1,0,1,99,0
201600031898,16,11,18,1300,1,2,1,8,7,545,4334641,175094,640,3,2,1,0,2,1,0,0,2,0,1,99,0
201600031899,16,11,26,1516,1,2,1,1,3,483,4338003,164000,640,3,2,2,0,1,1,0,0,2,0,1,0,0
201600031900,16,12,6,1134,1,2,1,1,1,483,4338469,166130,640,4,1,1,1,1,1,0,0,1,0,1,3,0
201600031901,16,12,8,800,1,2,1,1,6,483,4338782,166377,640,4,2,2,0,1,1,0,0,1,0,1,0,0
201600031902,16,12,10,2000,5,2,1,1,2,483,4339322,165164,640,3,2,2,0,1,1,0,0,1,0,0,0,0
201600031903,16,12,13,1720,2,1,1,1,2,545,4333771,169088,640,3,2,1,0,1,2,0,0,1,0,0,0,0
201600031904,16,12,13,2005,5,2,1,1,6,483,4339950,164030,640,3,2,2,0,1,1,0,0,1,0,1,99,0
201600031905,16,12,15,1615,1,2,1,7,6,189,4338400,167310,640,4,2,1,0,2,1,0,0,1,0,1,99,0
201600031906,16,12,21,1900,3,2,1,3,3,545,4337476,167870,640,3,4,5,0,1,1,0,0,2,0,1,0,0
201600031907,16,12,24,1330,1,2,1,1,3,483,4339934,164083,640,3,2,2,0,1,2,0,0,1,5,1,0,0
201600031908,16,1,5,810,4,2,1,1,6,286,4308650,4605,650,4,2,1,0,1,1,0,53,2,6,1,3,0
201600031909,16,1,18,745,5,2,1,2,2,286,4310270,4332,650,3,2,1,0,1,1,15,80,2,6,1,99,0
201600031910,16,1,18,948,1,2,1,3,6,286,4309180,4075,650,3,2,1,0,1,1,0,111,2,6,1,99,1
201600031911,16,2,2,745,1,2,1,1,3,286,4310100,4471,650,3,2,2,0,2,1,0,74,1,0,1,0,0
201600031912,16,2,12,1410,1,2,3,3,6,286,4309590,4463,650,4,1,1,0,1,1,0,36,2,0,1,3,0
201600031913,16,3,5,1700,1,2,1,3,3,286,4309408,4619,650,4,2,3,0,1,1,0,87,2,0,1,99,0
201600031914,16,3,7,1555,1,2,3,2,3,286,4310870,2849,650,4,2,2,0,1,0,0,0,2,0,1,3,0
201600031915,16,3,7,1725,1,2,1,2,6,286,4308740,4310,650,3,2,2,0,1,1,15,80,2,0,1,99,0
201600031916,16,3,11,1645,1,2,9,1,6,286,4309350,4742,650,4,0,3,0,1,1,0,82,1,0,1,0,0
201600031917,16,5,9,1145,1,2,1,1,6,286,4310921,6337,650,4,2,0,3,1,0,0,0,1,6,1,0,0
201600031918,16,5,11,745,2,1,1,1,1,2,4312837,2761,650,2,2,2,0,1,1,0,0,1,0,1,0,0
201600031919,16,5,20,1710,1,2,1,1,6,286,4309697,4566,650,4,2,2,0,1,0,0,0,1,0,1,3,0
201600031920,16,6,20,1500,1,2,1,1,2,286,4309563,4635,650,4,2,2,0,1,1,0,0,1,0,1,99,0
201600031921,16,8,6,450,3,2,1,1,7,286,4310710,2762,650,4,2,2,0,4,4,0,0,1,0,4,3,0
201600031922,16,8,22,2145,5,1,3,1,1,286,4311630,3286,650,2,2,3,0,1,1,0,40,1,0,1,99,0
201600031923,16,8,19,800,1,1,3,1,6,286,4311603,3285,650,2,2,2,0,4,1,0,110,1,0,1,99,0
201600031924,16,9,6,1745,1,2,1,1,6,286,4310110,4465,650,3,2,3,0,1,1,0,0,1,0,1,99,0
201600031925,16,9,17,1155,1,2,1,1,2,286,4311090,3696,650,2,3,4,0,1,1,0,0,2,0,1,99,0
201600031926,16,9,22,1415,1,2,1,1,6,286,4309570,5544,650,4,1,1,0,1,1,0,0,1,0,1,99,0
201600031927,16,9,29,1210,1,2,3,1,3,286,4309701,4520,650,4,1,1,0,1,1,0,0,1,0,1,0,0
201600031928,16,10,13,1955,5,2,1,2,6,286,4310922,3806,650,2,3,4,0,1,1,0,0,2,0,3,99,0
201600031929,16,10,27,1605,1,2,1,1,6,286,4309226,4574,650,4,2,0,0,1,0,0,0,1,0,0,0,0
201600031930,16,11,8,1532,1,2,4,2,6,286,4308968,4615,650,4,2,2,0,1,1,0,0,2,0,0,99,0
201600031931,16,1,4,1140,1,2,6,1,3,417,4322400,9416,650,3,0,0,0,1,3,0,0,2,0,1,0,0
201600031932,16,1,12,810,5,2,2,2,3,440,4322960,5181,650,4,1,1,0,1,1,0,0,2,0,1,0,0
201600031933,16,1,27,1125,1,2,1,1,5,47,4323480,9243,650,2,0,2,0,1,1,0,0,1,0,1,0,0
201600031934,16,1,31,1925,2,2,1,2,1,440,4322660,8932,650,2,3,2,0,1,1,0,0,2,0,1,0,0
201600031935,16,2,10,1350,1,2,6,2,3,47,4324640,8956,650,3,2,2,0,1,0,0,0,1,0,1,0,0
201600031936,16,2,19,1625,1,2,1,1,6,100,4325610,4641,650,3,2,2,0,1,1,0,0,1,0,1,0,0
201600031937,16,2,20,1900,1,2,3,1,6,440,4324495,7842,650,3,2,2,0,1,1,0,93,1,0,1,99,0
201600031938,16,2,29,1715,1,2,1,1,6,440,4322950,7633,650,4,2,2,0,1,1,0,0,1,0,1,99,0
201600031939,16,3,10,830,1,2,2,1,3,440,4323460,8410,650,3,2,3,0,1,1,0,0,2,5,1,99,0
201600031940,16,3,19,1455,1,2,1,1,3,417,4322410,10169,650,3,3,1,0,0,0,0,0,0,0,1,0,0
201600031941,16,3,24,2120,5,2,2,1,1,440,4324930,6533,650,3,0,0,0,1,1,0,0,0,0,0,0,0
201600031942,16,3,29,1800,1,2,1,1,2,47,4324230,9671,650,4,2,2,0,1,1,0,60,1,0,1,0,0
201600031943,16,3,29,1850,1,2,3,1,3,440,4324190,6178,650,4,2,2,0,1,1,0,75,1,0,1,0,0
201600031944,16,4,16,1715,1,2,1,2,6,440,4323110,8459,650,4,1,1,0,1,0,0,0,2,0,1,99,0
201600031945,16,4,19,740,1,2,1,1,3,417,4322920,9156,650,2,3,4,0,1,1,0,0,1,2,1,99,0
201600031946,16,5,6,1815,1,2,1,1,2,331,4321010,4724,650,3,4,0,3,1,1,0,40,1,0,1,99,0
201600031947,16,5,24,1930,1,2,1,1,6,417,4323190,9329,650,2,2,2,0,1,1,0,0,1,0,1,0,0
201600031948,16,5,29,150,5,2,3,1,7,433,4321110,9797,650,4,2,2,0,1,1,0,0,1,0,1,0,0
201600031949,16,6,4,1350,1,2,1,1,6,440,4322540,6947,650,4,2,2,0,1,1,0,0,1,0,1,0,0
201600031950,16,6,7,2150,2,2,1,1,3,47,4324300,9553,650,2,0,0,0,1,1,0,0,1,0,0,0,0
201600031951,16,6,21,2010,1,2,2,1,3,417,4323260,9665,650,4,2,0,0,1,1,0,58,1,0,1,0,0
201600031952,16,6,22,910,1,2,1,1,2,417,4322290,10294,650,3,1,1,0,1,1,15,36,1,0,1,0,1
201600031953,16,6,27,2130,1,2,1,1,2,440,4323190,8113,650,4,1,1,0,1,1,0,0,1,0,1,99,0
201600031954,16,7,3,2330,5,2,1,1,4,440,4323300,7323,650,4,1,1,0,1,1,0,0,1,0,1,0,0
201600031955,16,7,8,1615,1,1,3,1,3,226,4324340,1162,650,3,2,1,0,1,1,0,70,1,0,1,0,0
201600031956,16,7,11,910,1,2,3,1,3,440,4322850,7500,650,4,2,2,0,1,1,0,0,1,0,1,0,0
201600031957,16,7,29,100,3,2,1,1,6,440,4323680,5290,650,3,2,0,0,1,1,0,0,1,0,1,99,0
201600031958,16,7,30,1745,1,1,1,1,2,226,4323950,2721,650,3,2,2,0,1,1,0,0,1,0,0,0,0
201600031959,16,8,10,940,1,2,1,1,6,440,4323040,7468,650,4,1,1,3,1,1,0,0,1,0,1,99,0
201600031960,16,8,13,2100,2,2,2,1,3,100,4325642,4643,650,3,2,2,0,1,1,0,0,1,0,1,0,0
201600031961,16,8,23,1800,1,2,6,1,3,440,4322845,7573,650,4,1,1,0,1,2,0,0,1,0,1,0,1
201600031962,16,9,9,2140,5,2,1,1,5,440,4322190,8476,650,4,2,2,0,1,1,0,0,1,0,1,99,0
201600031963,16,9,12,45,5,2,2,1,3,440,4322898,8114,650,4,2,2,0,1,1,0,0,1,0,0,0,0
201600031964,16,9,12,1135,1,2,1,1,6,440,4323950,6956,650,3,2,2,0,1,1,0,0,1,0,1,0,0
201600031965,16,9,18,1055,1,1,1,1,5,417,4321340,11083,650,3,2,2,0,1,1,0,0,1,0,0,0,0
201600031966,16,9,30,1845,1,2,3,1,3,440,4323300,8635,650,3,1,1,0,4,1,0,50,1,0,1,99,0
201600031967,16,10,6,1835,1,2,1,1,6,417,4323310,9204,650,2,0,2,0,1,1,0,0,1,0,1,99,0
201600031968,16,10,7,1641,1,2,1,1,3,440,4323055,8774,650,3,3,2,0,0,0,0,0,0,0,1,0,0
201600031969,16,10,17,803,1,2,1,1,1,440,4322670,6138,650,4,2,0,0,1,3,0,0,1,0,1,0,0
201600031970,16,10,17,1219,1,2,1,1,1,417,4323210,9309,650,2,0,0,0,1,1,0,0,1,0,0,0,0
201600031971,16,10,18,1205,1,2,2,1,3,440,4323344,7767,650,4,1,2,0,1,1,0,0,1,0,1,0,0
201600031972,16,10,31,1440,1,2,1,1,6,440,4322697,7892,650,4,2,2,0,1,1,0,0,1,0,1,99,0
201600031973,16,10,31,1425,1,2,1,1,6,440,4322312,9160,650,3,1,0,0,1,2,0,0,1,0,1,99,0
201600031974,16,11,3,1425,1,2,1,1,6,440,4323180,8575,650,4,2,0,0,1,1,0,0,1,0,1,99,0
201600031975,16,11,26,15,5,2,1,1,2,440,4323950,6871,650,3,2,2,0,1,1,0,0,1,0,1,99,0
201600031976,16,12,1,1350,1,2,1,1,6,440,4322890,7002,650,4,0,0,0,0,0,0,0,0,0,0,0,0
201600031977,16,12,1,1520,1,2,1,1,3,440,4323700,5613,650,3,2,0,0,1,1,0,0,1,0,1,0,0
201600031978,16,12,5,1530,1,2,1,1,6,440,4322730,7497,650,4,2,1,0,1,2,0,87,1,0,1,99,0
201600031979,16,12,13,1915,5,2,1,1,6,440,4323860,8684,650,3,2,2,0,1,1,0,0,1,0,1,99,0
201600031980,16,12,14,1300,1,1,1,1,3,433,4320399,9923,650,3,2,0,0,1,1,0,0,1,0,1,99,0
201600031981,16,12,15,1200,1,2,1,1,6,440,4322180,7806,650,4,2,2,0,1,1,0,0,1,0,1,3,0
201600031982,16,12,15,2135,5,2,2,1,3,440,4324930,6533,650,3,2,3,3,1,1,0,0,1,0,1,0,0
201600031983,16,12,26,1635,1,2,3,1,3,47,4323390,9632,650,3,2,0,0,1,1,0,0,1,0,1,0,0
201600031984,16,6,12,1945,1,1,1,1,3,79,4315402,139632,90,3,2,0,0,1,3,0,65,1,0,1,0,0
201600031985,16,6,27,1845,1,1,1,1,6,181,4309107,137789,90,3,2,2,0,1,1,0,65,1,0,1,0,0
201600031986,16,9,17,1915,1,1,1,8,6,61,4311768,135702,90,3,2,0,0,0,1,0,60,1,0,3,99,0
201600031987,16,9,28,915,1,1,1,1,2,123,4317820,125015,90,3,2,0,0,1,1,0,65,1,0,1,0,0
201600031988,16,10,28,700,5,2,1,5,3,202,4306484,148740,90,3,2,0,0,1,1,0,55,1,0,1,99,1
201600031989,16,1,6,743,2,2,1,1,6,136,4270118,289011,660,4,2,3,0,1,1,0,100,1,0,1,0,0
201600031990,16,1,6,825,1,2,2,1,3,136,4269183,288540,660,4,2,3,0,1,1,0,80,1,0,1,0,0
201600031991,16,1,7,1700,1,1,1,1,3,136,4268865,289508,660,4,0,1,0,1,1,0,70,1,0,1,99,0
201600031992,16,1,8,1520,1,2,1,1,6,136,4272309,288373,660,4,2,1,0,1,1,0,70,1,0,1,99,0
201600031993,16,1,9,1629,1,2,2,1,3,136,4269159,288270,660,4,2,2,0,1,1,0,100,1,0,0,3,0
201600031994,16,1,14,844,1,2,2,1,3,136,4268901,288817,660,4,2,2,0,1,1,0,80,1,0,1,0,0
201600031995,16,1,19,1205,1,2,1,2,6,136,4269383,291380,660,4,2,1,0,1,1,0,80,2,0,1,99,0
201600031997,16,1,20,1900,5,2,1,1,3,136,4271344,290560,660,4,1,1,0,1,2,0,70,1,0,1,99,0
201600031998,16,1,22,1700,1,1,1,1,3,136,4267537,290821,660,4,2,1,0,1,1,0,70,1,0,1,99,0
201600031999,16,1,22,943,1,1,1,1,1,136,4266507,292152,660,4,2,2,0,1,2,0,100,1,3,1,0,0
201600032000,16,1,29,2040,5,2,2,1,3,136,4269880,287781,660,4,2,4,0,1,1,0,100,1,4,1,0,0
201600032001,16,2,2,1320,1,1,1,1,6,136,4265899,287566,660,4,0,1,0,1,1,0,70,1,0,1,0,0
201600032002,16,2,3,20,5,2,1,1,3,136,4269922,288067,660,4,2,2,0,1,1,0,100,1,0,1,0,0
201600032003,16,2,4,920,1,2,6,1,3,136,4269033,287269,660,4,2,2,0,1,2,0,100,1,2,1,0,0
201600032004,16,2,4,1610,1,2,2,1,6,136,4270101,289235,660,4,1,1,0,1,1,0,60,1,0,1,99,0
201600032006,16,2,10,2150,5,2,1,1,6,136,4272333,288962,660,4,2,1,0,1,1,0,80,1,0,1,99,0
201600032008,16,2,14,1910,5,1,1,3,6,136,4270153,288579,660,3,3,1,0,1,1,5,120,2,2,1,99,0
201600032009,16,2,18,1815,1,1,1,1,3,136,4271413,288882,660,4,2,2,0,1,1,0,70,1,0,1,0,0
201600032010,16,2,22,1820,1,2,2,1,3,136,4270770,289606,660,4,1,1,0,1,1,0,70,1,0,0,0,0
201600032011,16,2,23,1827,1,2,1,1,6,136,4269122,288188,660,4,2,2,0,1,1,0,70,1,0,1,0,0
201600032013,16,3,1,1130,1,2,1,1,6,136,4268500,290266,660,4,2,2,0,1,1,0,70,1,0,1,0,0
201600032014,16,3,7,930,1,2,1,1,2,136,4267574,284144,660,4,2,0,0,1,1,0,80,1,0,1,0,0
201600032015,16,3,3,2250,5,2,1,1,3,136,4271277,289759,660,4,2,2,0,1,1,0,80,1,0,1,0,0
201600032016,16,3,11,1243,1,2,1,1,3,136,4269415,285079,660,3,2,2,0,1,2,0,100,1,3,1,0,0
201600032017,16,3,12,1000,1,2,1,1,3,136,4268865,289500,660,4,2,2,0,1,2,0,100,1,0,1,0,0
201600032018,16,3,14,935,1,1,1,1,2,136,4268814,287442,660,4,2,2,0,1,1,0,100,1,0,1,0,0
201600032019,16,3,15,1400,1,2,1,1,6,136,4270095,289240,660,4,2,1,3,1,1,0,90,2,0,1,99,0
201600032020,16,3,16,1400,1,2,1,1,6,136,4269759,289054,660,4,1,1,0,1,1,0,50,1,0,1,99,0
201600032021,16,3,20,645,2,1,1,1,2,136,4270727,290944,660,9,1,1,0,1,1,5,80,2,0,1,99,0
201600032022,16,3,21,1620,1,2,1,1,6,136,4269931,288863,660,4,2,3,3,1,1,0,100,1,0,1,0,0
201600032023,16,3,24,320,5,2,1,1,7,136,4267948,289866,660,4,2,2,0,1,1,0,100,1,0,1,0,1
201600032024,16,3,26,158,3,1,1,1,7,136,4268713,287030,660,4,2,2,0,1,1,0,100,1,0,1,0,0
201600032025,16,3,26,2100,3,2,1,1,7,136,4268305,288194,660,4,2,2,0,1,1,0,100,1,0,1,0,1
201600032026,16,4,6,920,1,2,1,1,6,136,4269826,288904,660,4,2,1,0,1,1,0,70,1,0,1,99,0
201600032027,16,4,8,900,1,2,1,1,6,136,4269302,290928,660,4,2,0,0,1,1,0,80,1,0,1,3,0
201600032028,16,4,7,1730,1,2,1,1,6,136,4269420,291026,660,4,2,2,1,1,0,0,80,1,0,1,0,0
201600032029,16,4,8,1535,1,1,1,1,5,136,4269661,288805,660,4,2,4,0,1,1,0,150,1,0,1,3,0
201600032030,16,4,10,1932,1,2,1,1,6,136,4268799,290408,660,4,2,4,0,1,1,0,100,1,0,1,0,0
201600032031,16,4,14,826,1,1,6,1,3,136,4272910,288898,660,4,2,2,0,1,2,0,100,1,0,1,0,0
201600032032,16,4,15,1705,1,2,1,1,3,136,4268850,287566,660,4,3,2,0,1,1,0,150,1,2,1,99,0
201600032033,16,4,25,1630,1,2,1,1,6,136,4266857,289736,660,4,2,1,0,1,1,0,70,1,0,1,99,0
201600032034,16,4,28,1200,1,2,1,1,6,136,4269168,289343,660,3,0,1,0,2,1,0,0,1,0,1,99,0
201600032035,16,4,28,1445,1,2,1,1,6,136,4269473,288912,660,4,2,1,0,1,1,0,90,1,0,4,0,0
201600032036,16,5,4,1455,1,2,1,1,3,136,4270429,289733,660,4,2,2,0,1,1,0,100,1,5,1,0,0
201600032037,16,5,7,1411,1,2,1,1,3,136,4270466,288594,660,4,2,2,0,1,1,0,80,1,0,1,0,0
201600032038,16,5,8,1435,1,1,1,1,1,136,4269942,291672,660,4,1,2,0,1,2,0,50,1,0,1,0,0
201600032039,16,5,10,1715,1,2,1,2,6,136,4269628,287824,660,4,2,0,0,1,1,0,90,2,0,1,99,0
201600032040,16,5,10,1650,1,2,1,2,6,136,4269378,288521,660,4,2,0,0,1,1,0,70,2,0,1,99,0
201600032041,16,5,14,1900,1,2,1,1,3,136,4269647,290350,660,4,0,2,0,1,1,0,100,1,0,1,3,0
201600032042,16,5,18,1530,1,1,1,1,3,136,4267407,288751,660,3,3,4,0,0,2,0,100,1,5,1,0,0
201600032043,16,5,23,840,1,2,1,1,1,136,4269159,288267,660,4,2,2,0,1,1,0,100,1,0,1,3,0
201600032044,16,5,25,1710,1,1,1,1,1,136,4266341,286822,660,4,2,2,0,1,3,0,70,1,3,1,0,0
201600032045,16,5,25,955,1,2,1,1,6,136,4270409,290267,660,4,0,2,0,1,0,0,70,1,0,1,99,0
201600032046,16,5,26,1400,1,2,1,1,6,136,4268823,288310,660,4,2,2,0,1,1,0,80,1,0,1,3,0
201600032047,16,6,1,944,1,2,3,1,3,136,4270971,289046,660,4,0,2,0,1,1,0,60,1,0,0,0,0
201600032048,16,6,1,1150,1,2,1,1,6,136,4268615,288201,660,4,2,2,0,1,1,0,100,1,0,1,3,0
201600032049,16,6,8,950,1,1,1,1,2,136,4268784,285341,660,3,2,1,0,1,1,0,90,1,0,1,99,0
201600032050,16,6,8,1100,1,2,1,1,6,136,4269000,290211,660,4,3,1,0,1,1,0,90,1,0,1,99,0
201600032052,16,6,8,2000,1,1,1,1,6,136,4266942,288354,660,6,0,0,0,1,1,0,70,1,0,1,99,0
201600032053,16,6,14,840,1,2,2,1,6,136,4268637,287283,660,4,2,0,0,1,1,0,80,1,0,1,99,0
201600032054,16,6,15,2200,5,2,2,1,3,136,4269861,288736,660,4,2,1,0,1,1,0,120,2,0,1,99,0
201600032055,16,6,18,1300,1,2,1,1,3,136,4270223,290278,660,4,2,2,0,1,1,0,80,1,0,0,0,0
201600032056,16,6,18,2030,2,2,1,1,2,136,4268913,289328,660,4,0,2,0,1,1,0,80,1,0,0,0,0
201600032057,16,6,18,2350,5,2,2,1,3,136,4269314,291529,660,4,2,2,0,1,1,0,80,1,0,0,0,0
201600032058,16,6,20,1545,1,2,1,1,2,136,4268392,286430,660,4,2,1,0,1,1,0,80,1,0,1,99,0
201600032059,16,6,25,1130,1,1,1,1,2,136,4267407,288751,660,3,1,1,0,2,1,0,70,1,1,1,99,0
201600032060,16,6,25,1715,1,2,1,1,2,136,4270107,289251,660,4,0,1,0,1,1,0,80,1,0,1,99,0
201600032061,16,6,28,1700,1,2,2,1,3,136,4268634,290365,660,4,2,1,0,1,1,0,60,1,0,1,99,0
201600032063,16,6,30,930,1,2,1,1,6,136,4269492,290309,660,4,2,1,0,1,1,0,80,1,0,1,99,0
201600032064,16,7,12,1715,1,2,1,1,6,136,4268779,287304,660,4,2,1,0,1,1,0,70,1,0,1,0,0
201600032065,16,7,20,830,1,2,1,1,2,136,4268199,291029,660,4,2,1,0,1,1,0,80,1,0,1,99,0
201600032067,16,7,26,1700,1,2,1,1,3,136,4271767,289067,660,4,0,2,0,1,1,0,80,1,0,1,0,0
201600032068,16,8,4,1630,1,2,1,1,6,136,4268813,290033,660,4,2,2,0,1,1,0,100,1,0,1,0,0
201600032069,16,8,5,1915,1,2,1,1,6,136,4270310,288675,660,4,0,2,0,1,0,0,100,1,0,1,0,0
201600032070,16,8,6,2033,2,2,1,1,2,136,4269591,288552,660,4,2,2,0,1,1,0,100,1,0,1,99,0
201600032071,16,8,10,1645,1,1,1,1,5,136,4266938,289672,660,3,2,2,0,1,1,0,100,1,0,1,0,0
201600032072,16,8,16,1640,1,2,1,1,6,136,4269570,289710,660,4,2,1,0,1,1,0,80,1,0,1,0,0
201600032073,16,8,16,1715,1,1,1,1,2,136,4267770,288158,660,3,2,2,0,1,1,0,200,1,1,1,0,0
201600032074,16,8,19,525,3,1,1,1,2,136,4269990,291764,660,3,3,1,0,1,1,0,70,1,0,1,99,0
201600032075,16,8,23,735,1,1,1,1,7,136,4271031,289948,660,4,0,1,0,1,1,0,70,1,0,1,99,0
201600032076,16,8,25,1250,1,1,1,1,2,136,4267980,287953,660,3,3,1,0,1,1,0,80,1,0,1,99,0
201600032077,16,8,27,2110,5,2,1,1,3,136,4271022,289038,660,4,2,2,0,1,1,0,100,1,0,0,0,0
201600032078,16,8,29,1715,1,2,1,1,3,136,4268079,288170,660,4,0,2,0,1,1,0,100,1,0,1,0,0
201600032079,16,9,2,1915,1,2,1,1,6,136,4272471,288727,660,4,2,1,0,1,1,0,70,1,0,1,99,0
201600032080,16,9,6,845,1,2,1,1,6,136,4268629,290670,660,4,1,1,1,1,2,0,80,1,0,1,0,0
201600032081,16,9,8,1018,1,2,1,1,6,136,4270149,289077,660,4,2,2,0,1,1,0,100,1,0,1,0,0
201600032082,16,9,11,820,1,2,1,1,6,136,4268701,290262,660,4,2,1,0,1,1,0,70,1,0,1,99,0
201600032083,16,9,11,2100,5,2,1,1,6,136,4269642,290725,660,4,2,1,0,1,1,0,80,1,0,1,99,0
201600032085,16,9,12,940,1,2,1,1,6,136,4268820,290027,660,4,2,1,0,1,1,0,80,1,0,1,99,0
201600032086,16,9,13,1815,1,2,1,1,6,136,4268884,288564,660,4,2,1,0,1,1,0,80,1,0,1,3,0
201600032087,16,9,14,1510,1,1,1,1,6,136,4269236,288228,660,4,2,1,0,1,1,0,80,1,0,1,99,0
201600032088,16,9,15,1830,1,1,1,1,6,136,4267902,289203,660,6,0,0,0,1,1,0,90,1,0,1,99,0
201600032089,16,9,19,1115,1,2,1,1,3,136,4270875,289097,660,4,2,2,0,1,1,0,80,1,0,1,0,0
201600032090,16,9,20,1200,1,2,1,1,6,136,4270518,289006,660,4,2,2,0,1,1,0,80,1,0,1,0,0
201600032091,16,9,24,2248,5,2,1,1,6,136,4269719,287248,660,4,2,2,0,1,1,0,80,1,0,1,0,0
201600032092,16,9,25,1910,2,2,1,1,2,136,4270732,290916,660,3,0,2,0,1,1,0,80,1,1,1,0,0
201600032093,16,9,25,1340,1,2,2,1,3,136,4270413,288704,660,4,2,2,0,1,1,0,0,1,0,1,0,0
201600032094,16,9,29,1630,1,2,1,1,6,136,4268245,291448,660,4,2,1,0,1,1,0,70,1,0,1,99,0
201600032095,16,9,30,1150,1,2,1,1,6,136,4270152,289430,660,4,2,4,0,1,1,0,100,1,0,1,0,0
201600032096,16,9,30,1740,1,2,1,1,6,136,4270908,288568,660,4,2,1,0,1,1,0,80,1,0,1,99,0
201600032097,16,10,5,1229,1,2,1,1,3,136,4269122,290776,660,4,0,3,1,1,1,0,100,1,0,5,3,0
201600032098,16,10,7,1440,1,2,2,1,6,136,4269357,288973,660,4,0,1,0,1,1,0,60,1,0,0,99,0
201600032099,16,10,7,1500,1,2,1,1,6,136,4273402,288677,660,4,2,1,0,1,1,0,90,1,0,1,99,0
201600032100,16,10,10,1700,1,1,1,1,6,136,4272860,289610,660,4,2,0,0,1,1,0,90,1,0,1,99,0
201600032101,16,10,11,1700,1,2,1,1,2,136,4269018,289189,660,4,2,1,0,1,1,0,80,1,0,1,99,0
201600032102,16,10,12,1810,1,2,2,1,3,136,4272180,288211,660,4,0,1,0,1,1,0,50,0,0,0,0,0
201600032104,16,10,19,1946,1,2,1,1,3,136,4268861,289494,660,4,1,2,0,1,2,0,50,1,0,1,0,0
201600032105,16,10,21,754,1,2,1,1,3,136,4269073,289111,660,4,2,2,0,1,1,0,80,1,0,1,0,0
201600032106,16,10,19,1845,1,2,1,1,6,136,4270027,288968,660,4,2,3,0,1,1,0,0,1,0,4,0,0
201600032107,16,10,25,1747,1,2,2,1,3,136,4268365,290836,660,4,2,2,0,1,1,0,50,1,0,1,0,0
201600032108,16,10,26,1900,2,2,1,1,3,136,4270535,290179,660,4,2,2,0,1,2,0,100,1,2,1,0,0
201600032109,16,10,28,1125,1,2,9,1,6,136,4271107,288453,660,4,0,1,0,1,1,0,0,1,0,0,0,0
201600032110,16,10,30,51,5,2,2,1,3,136,4271330,289520,660,4,0,2,0,1,1,0,100,1,0,1,0,0
201600032112,16,10,29,1720,1,2,1,1,6,136,4271210,289056,660,4,2,1,0,1,1,0,70,1,0,1,99,0
201600032114,16,10,31,1030,1,2,1,1,6,136,4269730,287801,660,4,2,0,0,2,1,0,100,1,0,1,99,0
201600032115,16,11,3,1750,2,2,1,1,6,136,4270797,290276,660,4,2,1,0,1,1,0,80,0,0,1,0,0
201600032116,16,11,4,1110,1,2,1,1,2,136,4268718,290605,660,4,3,1,0,1,1,0,70,1,0,1,99,0
201600032117,16,11,4,1830,1,2,1,1,6,136,4268902,287318,660,4,2,0,0,2,1,0,70,1,0,1,0,0
201600032119,16,11,10,730,1,2,1,1,6,136,4271806,287872,660,4,2,1,0,1,1,0,80,1,0,1,99,0
201600032120,16,11,12,1735,1,2,1,1,6,136,4268554,287485,660,4,2,1,0,1,1,0,90,1,0,1,99,0
201600032121,16,11,16,1625,1,2,1,1,6,136,4269838,290462,660,4,2,2,0,1,1,0,100,1,0,1,0,0
201600032122,16,11,17,1910,3,2,1,1,6,136,4270659,289483,660,4,2,1,0,1,1,0,80,1,0,1,0,0
201600032123,16,11,17,1400,1,2,1,1,6,136,4269200,290592,660,4,0,2,0,1,1,0,100,1,0,1,0,0
201600032124,16,11,19,900,1,2,1,1,6,136,4268143,291045,660,4,3,4,3,1,1,0,150,1,0,1,0,0
201600032125,16,11,22,800,2,2,1,2,6,136,4269537,290227,660,4,2,1,0,1,1,0,80,2,0,1,99,0
201600032126,16,11,22,1900,2,1,1,2,3,136,4266150,292233,660,4,2,2,0,1,4,0,80,1,0,1,0,0
201600032127,16,11,24,720,1,2,1,1,2,136,4269793,290431,660,4,2,3,0,1,1,0,100,1,0,1,0,0
201600032128,16,11,24,2009,5,2,1,1,1,136,4270500,288270,660,4,2,2,0,1,2,0,100,1,0,1,0,0
201600032129,16,11,24,1645,1,1,1,1,6,136,4270727,290944,660,4,3,1,0,1,1,0,60,1,0,1,99,0
201600032130,16,12,6,940,1,2,3,1,3,136,4269736,287798,660,4,2,2,0,1,1,0,100,1,0,1,0,0
201600032131,16,12,6,1526,1,2,1,1,6,136,4269400,287240,660,4,2,3,0,1,1,0,100,1,0,1,3,0
201600032133,16,12,7,1225,1,2,1,1,2,136,4268280,290657,660,4,2,2,0,1,1,0,100,1,0,1,0,0