Num_Acc,an,mois,jour,hrmn,lum,agg,int,atm,col,com,lat,long,dep,catr,circ,nbv,vosp,prof,plan,lartpc,larrout,surf,infra,situ,env1,killed
201600032134,16,12,8,1846,2,2,1,1,6,136,4267900,285008,660,4,2,2,0,2,1,0,100,1,0,1,0,0
201600032135,16,12,10,358,5,2,1,1,3,136,4268818,289684,660,4,2,2,0,1,1,0,100,1,0,1,0,0
201600032136,16,12,14,1011,1,2,1,1,6,136,4269612,289830,660,4,2,2,0,1,1,0,100,1,0,1,0,0
201600032137,16,12,14,1124,1,2,1,1,2,136,4269183,288155,660,4,0,1,0,1,1,0,50,0,0,1,0,0
201600032138,16,12,13,1000,1,2,1,1,6,136,4268677,290700,660,4,1,1,0,1,1,0,50,1,0,1,0,0
201600032141,16,12,18,1750,1,1,1,1,2,136,4269069,290122,660,4,2,2,0,1,1,0,100,1,0,1,0,0
201600032143,16,12,19,1520,1,2,1,1,3,136,4269051,288550,660,4,2,2,0,1,1,0,100,1,0,1,0,0
201600032144,16,12,22,1330,1,2,1,1,6,136,4271416,288898,660,4,2,2,0,1,1,0,50,1,0,1,0,0
201600032145,16,12,23,1815,3,2,1,1,6,136,4269793,290431,660,4,3,4,0,1,1,0,150,1,0,1,0,0
201600032146,16,12,23,1940,5,2,1,1,3,136,4269045,286272,660,4,2,2,0,1,1,0,100,1,0,1,0,0
201600032147,16,10,10,1545,1,1,1,1,7,82,4793518,509850,520,3,2,1,0,2,1,0,0,1,0,1,99,0
201600032152,16,10,20,1715,1,2,1,1,5,54,4375779,732052,60,3,2,2,0,1,1,0,70,1,0,1,3,0
201600032153,16,11,18,1030,1,1,1,1,3,114,4373668,729032,60,4,2,2,0,2,4,0,0,1,0,1,99,0
201600032154,16,11,28,845,1,1,1,1,3,31,4377078,731294,60,3,2,2,0,1,1,0,35,1,0,1,99,0
201600032155,16,12,16,1650,2,1,1,1,3,149,4373320,729470,60,3,2,2,0,1,1,0,72,1,0,1,99,0
201600032156,16,12,28,1530,1,2,6,1,6,149,4374120,731134,60,4,0,2,0,1,0,0,10,1,0,0,0,0
201600032163,16,2,10,730,3,1,1,2,2,223,4657490,109885,850,3,2,0,0,1,1,0,0,2,0,1,0,0
201600032164,16,5,13,615,1,1,1,2,2,223,4656901,111080,850,1,3,3,3,1,1,15,70,2,0,1,0,0
201600032165,16,9,19,815,1,1,1,1,1,248,4660092,95709,850,4,0,0,0,1,2,0,20,1,0,1,0,0
201600032166,16,10,16,2200,3,1,1,1,5,149,4643993,110058,850,3,3,0,0,3,1,0,0,1,0,1,0,0
201600032167,16,10,25,700,2,1,1,1,3,168,4639120,66360,850,1,1,2,3,0,1,20,60,1,0,1,0,0
201600032168,16,12,13,1800,3,1,2,1,3,59,4664997,75393,850,3,2,2,0,2,1,0,80,1,0,1,99,0
201600032174,16,10,13,1940,2,1,9,2,6,126,4992903,164025,800,1,1,1,0,2,0,7,323,1,0,0,0,0
201600032175,16,11,25,650,3,1,1,1,4,262,5008241,189345,800,1,3,4,0,1,2,6,70,1,0,1,99,1
201600032176,16,12,1,920,1,1,1,1,1,836,5008619,177914,800,1,3,4,0,1,1,6,72,7,0,1,99,0
201600032177,16,12,23,2010,3,1,1,1,6,767,4996729,166224,800,1,1,4,0,1,1,8,72,2,0,2,99,0
201600032178,16,12,30,1410,1,1,1,1,6,76,5004439,176078,800,1,3,4,0,1,1,6,72,1,0,3,99,0
201600032179,16,7,20,415,3,1,1,1,6,728,4948205,100843,760,1,1,0,0,0,4,0,0,1,0,1,0,0
201600032180,16,12,12,1310,1,1,1,2,6,517,4953227,121079,760,1,3,4,0,1,1,23,76,2,0,0,99,0
201600032182,16,4,23,2200,3,1,1,3,7,416,4593717,553172,10,3,2,2,0,2,3,0,0,2,0,1,99,1
201600032185,16,12,17,1945,3,1,1,5,7,89,4596019,531755,10,3,0,0,0,1,0,0,0,1,0,0,99,0
201600032197,16,8,28,2245,5,1,1,1,6,15,4257803,284693,660,6,0,0,0,1,0,0,0,1,0,1,99,0
201600032202,16,9,21,715,2,1,3,1,3,294,4856056,492368,520,3,2,0,0,1,1,0,0,1,0,1,0,0
201600032203,16,11,21,1730,3,1,1,3,1,294,4856311,492232,520,3,0,2,0,1,1,0,0,2,0,1,0,1
201600032204,16,12,13,2100,3,1,1,1,6,479,4842256,484094,520,3,2,0,0,1,1,0,68,1,0,3,99,0
201600032205,16,1,2,1530,1,2,1,2,3,229,4903010,236530,950,4,2,2,0,1,1,0,0,2,0,1,99,0
201600032206,16,2,27,1130,1,1,1,1,6,163,4737348,617948,250,3,2,2,0,1,1,0,60,1,0,3,0,0
201600032207,16,6,27,1400,1,2,1,1,5,528,4705353,587932,250,2,0,0,0,1,1,0,0,1,0,1,0,0
201600032208,16,7,4,1615,1,1,1,1,5,466,4719386,585138,250,3,2,2,0,1,1,0,72,1,0,1,0,1
201600032209,16,7,12,1430,1,1,1,1,1,36,4719800,597877,250,2,2,2,0,2,3,0,67,1,0,1,0,0
201600032210,16,7,25,930,1,1,1,1,1,147,4722800,590400,250,3,3,2,0,4,0,0,0,1,0,1,0,0
201600032211,16,11,14,1230,1,1,2,1,3,375,4716600,608300,250,4,2,0,0,1,1,0,45,1,5,1,0,0
201600032245,16,2,5,2115,5,2,1,8,6,92,4693240,60530,860,3,2,2,0,1,1,0,0,1,0,4,0,0
201600032248,16,1,21,15,3,2,1,1,6,128,4680241,30039,860,3,2,2,0,0,1,0,0,1,0,1,99,0
201600032259,16,1,4,1700,1,2,6,1,6,425,4539719,478069,380,3,2,2,0,1,1,5,60,1,5,1,3,0
201600032263,16,6,10,1515,1,1,2,1,3,157,4550880,497337,380,3,2,2,0,1,1,0,75,1,0,0,99,1
201600032265,16,7,4,30,3,1,2,1,2,238,4550100,501138,380,3,0,0,0,0,0,0,0,0,0,0,0,1
201600032270,16,9,21,1345,1,2,3,1,1,425,4540046,476035,380,4,2,2,0,1,1,0,60,1,0,1,99,0
201600032271,16,9,23,1900,5,2,1,1,2,19,4542467,481733,380,2,2,2,0,2,1,0,0,1,0,1,0,0
201600032272,16,9,28,1715,1,1,1,1,1,131,4545591,484468,380,3,2,2,0,0,1,0,45,1,0,1,99,0
201600032280,16,8,23,2045,3,1,1,1,1,72,4348782,635019,830,4,2,0,0,0,1,0,32,1,0,1,99,0
201600032282,16,4,24,1245,1,1,1,1,7,104,4517300,43641,240,3,1,0,0,0,0,0,0,0,0,0,0,0
201600032283,16,7,3,1400,1,1,1,1,6,205,4508920,51908,240,4,0,1,0,1,1,0,30,0,0,3,99,0
201600032284,16,7,14,1900,1,1,3,1,3,10,4518430,60904,240,3,2,2,0,1,1,64,0,1,0,1,99,0
201600032285,16,7,18,1030,1,1,1,7,3,562,4507530,49345,240,4,2,0,0,2,3,0,0,1,0,1,0,0
201600032286,16,5,8,2345,3,1,9,2,6,33,4337114,518451,130,3,2,0,0,1,1,0,170,2,2,3,0,1
201600032287,16,4,8,1550,1,2,1,1,2,462,4826688,744758,670,4,2,2,0,2,1,0,41,1,0,1,99,0
201600032300,16,1,2,1115,1,2,3,2,6,482,4857790,770399,670,4,2,2,1,1,1,0,80,2,0,1,0,1
201600032301,16,12,30,1840,5,2,2,5,1,482,4859699,777685,670,4,2,3,0,1,2,40,270,2,5,1,99,0
201600032303,16,12,31,1440,1,2,1,1,6,482,4855769,774789,670,4,0,2,2,1,1,0,68,1,0,1,0,0
201600032304,16,12,31,1415,1,2,1,1,6,482,4858156,773606,670,4,2,2,3,1,1,0,40,1,0,0,0,0
201600032305,16,1,4,1745,5,2,1,1,6,482,4854978,775286,670,4,2,4,1,1,1,0,60,1,0,1,0,0
201600032306,16,1,6,1930,5,2,9,2,3,204,4862601,770212,670,4,2,2,0,0,3,0,60,2,0,1,0,0
201600032307,16,1,8,1832,5,2,2,1,3,447,4859056,774248,670,4,2,2,0,1,1,0,90,1,0,0,0,0
201600032308,16,1,12,1620,1,2,1,1,3,43,4861272,775156,670,4,2,2,0,1,1,0,105,2,0,1,0,0
201600032309,16,1,9,1100,1,2,1,2,3,482,4855834,773392,670,4,2,2,1,1,1,0,70,2,0,1,0,0
201600032310,16,1,15,1005,1,2,1,4,6,482,4859045,769702,670,4,1,1,0,1,1,0,60,1,0,1,0,0
201600032311,16,1,15,1610,1,2,1,1,6,482,4858374,777490,670,4,2,3,0,1,1,0,140,2,0,1,0,0
201600032313,16,1,16,1340,1,2,1,1,6,482,4858163,774361,670,4,1,1,3,1,1,0,90,1,6,1,0,0
201600032314,16,1,16,1652,5,2,1,1,6,482,4858022,774734,670,4,3,2,3,1,1,70,29,1,0,1,0,0
201600032315,16,1,16,1725,5,2,1,1,6,482,4856512,770697,670,4,3,3,0,1,1,0,100,1,0,0,0,0
201600032316,16,1,17,1400,1,2,3,1,6,482,4858603,775327,670,4,4,0,0,1,1,0,150,1,0,1,0,0
201600032318,16,1,18,1603,1,2,3,1,6,43,4861440,775915,670,4,2,2,1,1,3,0,120,1,0,1,3,0
201600032319,16,1,21,2130,5,2,1,1,1,482,4860022,775664,670,4,3,3,3,1,1,100,88,1,4,1,0,0
201600032320,16,1,22,400,5,2,1,1,2,218,4853510,772449,670,4,2,2,1,1,1,0,63,1,0,1,0,0
201600032323,16,1,23,1525,1,2,2,1,3,482,4858094,770749,670,4,2,2,0,1,1,0,120,2,0,1,0,0
201600032324,16,1,23,1916,5,2,1,8,4,447,4860072,775405,670,4,3,4,0,1,1,40,100,2,0,0,0,0
201600032325,16,1,25,1620,1,2,4,1,6,218,4852364,772142,670,4,2,2,1,1,3,0,100,0,0,1,0,0
201600032326,16,1,28,1100,1,2,1,1,4,218,4852241,770681,670,4,2,2,1,1,3,0,70,2,0,1,0,0
201600032327,16,1,28,1945,5,2,2,2,6,482,4854632,776557,670,4,3,2,0,1,1,10,50,2,0,1,0,0
201600032328,16,1,30,1820,5,2,1,2,6,482,4861071,778103,670,4,2,3,0,1,1,0,100,2,0,1,0,0
201600032329,16,2,1,750,1,1,2,1,3,482,4853599,777108,670,4,2,3,0,1,1,0,100,1,0,0,0,0
201600032330,16,2,2,1015,1,2,1,1,6,482,4857859,775235,670,4,4,1,1,1,1,0,80,1,0,1,0,0
201600032331,16,2,2,1335,1,2,1,1,6,204,4863852,778150,670,4,2,2,1,1,3,0,50,1,2,5,0,0
201600032332,16,2,3,820,1,2,1,1,6,482,4858999,776835,670,4,0,2,0,1,1,0,85,1,0,0,0,0
201600032333,16,2,3,1415,1,1,1,1,6,204,4862204,776305,670,4,2,2,1,1,1,0,80,2,0,0,0,0
201600032334,16,2,4,720,2,2,2,1,6,218,4853725,772742,670,4,2,3,0,1,1,0,120,1,0,0,0,0
201600032335,16,2,4,1000,1,2,1,1,3,482,4858973,775060,670,4,2,5,0,1,1,0,190,2,0,1,0,0
201600032336,16,2,4,1805,5,2,2,2,3,447,4860890,774469,670,4,1,1,0,1,1,0,60,2,0,1,0,0
201600032337,16,1,4,2120,5,2,2,1,3,447,4860844,771801,670,4,0,3,0,1,1,0,90,2,0,0,0,0
201600032338,16,2,4,2120,5,2,2,1,3,447,4860844,771801,670,4,0,3,0,1,1,0,90,2,0,0,0,0
201600032339,16,2,6,1630,1,2,3,1,3,482,4855120,773746,670,4,2,3,1,1,1,0,50,1,0,1,0,0
201600032340,16,2,6,1815,5,2,1,1,6,218,4852639,171778,670,4,0,2,1,1,1,0,60,1,0,0,0,0
201600032341,16,2,7,2115,5,2,1,1,6,482,4859183,770685,670,4,3,2,3,1,1,0,75,1,0,4,0,0
201600032342,16,2,8,30,3,1,1,1,6,267,4855541,767039,670,4,0,2,0,1,3,0,52,9,0,1,0,0
201600032343,16,2,8,1730,2,2,1,3,6,447,4860520,774761,670,4,0,2,0,1,1,10,70,2,0,0,0,0
201600032344,16,2,10,1355,1,2,4,1,3,482,4858235,775720,670,4,2,2,0,1,1,0,236,1,0,1,0,0
201600032345,16,2,11,1345,1,2,1,1,1,482,4858790,777362,670,4,3,1,2,1,1,0,40,1,0,1,0,0
201600032346,16,2,11,2015,5,2,1,1,6,482,4858639,776034,670,4,1,2,1,1,1,0,78,1,0,1,0,0
201600032347,16,2,12,531,5,2,1,1,6,482,4858587,777566,670,4,3,0,0,1,1,78,120,1,0,1,0,1
201600032348,16,2,12,645,5,2,1,1,1,482,4858454,771463,670,4,3,2,1,1,1,0,90,2,0,5,0,0
201600032349,16,2,12,1805,5,2,1,2,3,482,4857520,775369,670,4,2,4,0,1,1,0,150,1,0,1,0,0
201600032350,16,2,13,640,5,2,2,1,3,482,4857530,775464,670,4,4,5,0,1,1,0,0,2,0,0,0,0
201600032351,16,2,15,2120,5,2,1,1,6,482,4857966,773222,670,4,1,2,1,1,1,0,45,1,0,1,0,1
201600032352,16,2,17,715,1,2,3,1,3,482,4858057,772766,670,4,2,2,1,1,1,0,59,1,0,1,0,0
201600032353,16,2,20,1900,5,2,2,2,2,482,4858683,776124,670,4,0,2,0,1,1,0,80,2,0,0,0,0
201600032354,16,2,21,1555,1,2,1,1,6,482,4855492,773407,670,4,2,2,1,1,1,0,165,1,0,1,0,0
201600032355,16,2,22,1615,1,2,3,1,3,482,4860413,771252,670,4,2,2,0,1,1,0,80,0,0,0,0,0
201600032356,16,2,23,1015,1,2,1,3,2,482,4858678,776135,670,4,2,4,0,1,0,23,131,2,0,1,0,0
201600032357,16,2,23,1320,1,2,2,2,3,482,4858200,775426,670,4,1,1,0,1,1,0,35,2,0,1,0,0
201600032358,16,2,24,1020,1,2,1,1,2,482,4854907,774987,670,4,2,2,1,1,1,41,0,1,0,1,0,0
201600032359,16,2,26,1400,1,2,2,1,3,482,4855759,775102,670,4,2,2,0,1,1,0,60,1,0,1,0,0
201600032360,16,2,27,1015,1,2,1,1,6,482,4858250,775736,670,4,1,1,0,1,1,0,80,1,0,1,0,0
201600032361,16,2,27,715,2,2,3,1,3,482,4856231,774581,670,4,2,2,0,1,1,0,80,1,0,1,0,0
201600032362,16,3,1,1205,1,2,1,1,6,43,4861696,775391,670,4,2,2,0,1,1,0,70,1,0,1,3,0
201600032363,16,3,1,1510,1,2,2,1,3,482,4857062,777579,670,4,3,4,1,1,1,0,16,1,0,1,0,0
201600032364,16,2,26,740,1,2,1,1,6,482,4857062,777579,670,4,2,2,1,1,0,0,70,1,0,1,0,0
201600032365,16,3,3,1635,1,2,1,1,3,482,4857416,777125,670,4,2,3,0,1,0,0,80,2,0,1,0,0
201600032366,16,3,5,1336,1,2,2,1,6,482,4855552,773748,670,4,2,3,0,1,1,0,100,1,0,1,0,0
201600032367,16,3,5,2315,5,2,1,2,6,447,4859896,775275,670,4,0,2,1,1,3,0,42,2,0,0,0,0
201600032368,16,3,7,46,5,2,2,1,6,204,4862648,776959,670,4,2,2,0,1,1,0,40,1,0,1,0,0
201600032369,16,3,7,1340,1,2,1,1,6,482,4856267,770007,670,4,2,3,1,1,1,0,141,1,0,1,0,0
201600032370,16,3,7,1715,1,2,1,1,4,218,4851339,770790,670,4,2,2,0,1,1,0,120,1,0,1,0,0
201600032371,16,3,8,1315,1,2,1,1,3,482,4855879,779159,670,4,2,2,0,1,1,0,75,1,0,1,0,0
201600032372,16,3,9,740,1,2,1,7,6,482,4859581,772211,670,4,2,2,1,1,1,0,60,1,0,1,0,0
201600032373,16,3,9,802,1,2,1,1,6,482,4858778,775701,670,4,2,2,0,1,1,0,60,1,0,1,0,0
201600032374,16,3,9,1620,1,2,1,1,3,482,4859059,778259,670,4,0,3,0,2,1,0,100,1,0,1,0,0
201600032375,16,3,10,1340,1,2,1,1,6,482,4860320,778632,670,4,2,2,0,1,1,20,88,1,0,1,0,0
201600032376,16,3,10,1500,1,2,1,1,3,482,4855616,774639,670,4,3,6,1,1,1,96,127,1,0,1,0,0
201600032378,16,3,11,1735,1,2,1,1,3,482,4858900,774218,670,4,1,4,0,1,1,50,71,0,0,1,0,0
201600032379,16,3,11,2040,5,2,1,1,1,482,4856552,770252,670,4,2,2,0,1,1,0,82,1,0,1,0,0
201600032380,16,3,13,450,5,2,1,1,6,218,4853777,772847,670,4,2,2,0,2,2,45,32,1,0,4,0,0
201600032381,16,3,13,1900,5,2,2,1,2,482,4857048,776546,670,4,2,2,0,1,1,0,60,1,0,0,99,0
201600032382,16,3,14,1620,1,2,3,1,3,218,4852026,773077,670,4,2,2,0,1,1,0,65,1,0,1,0,0
201600032383,16,3,15,1620,1,2,1,2,6,482,4858969,778087,670,4,2,2,0,1,1,0,60,1,0,0,0,0
201600032384,16,3,16,1030,1,2,1,1,4,482,4857787,776260,670,4,2,3,0,1,1,0,134,1,0,1,0,0
201600032385,16,3,16,1706,1,2,1,1,6,482,4856834,775742,670,4,2,2,1,1,1,0,70,1,0,5,0,0
201600032386,16,3,18,1431,1,2,1,1,2,365,4853536,770925,670,4,2,2,0,1,2,0,64,1,0,1,0,0
201600032387,16,3,19,200,5,2,1,1,6,482,4860336,778392,670,4,2,2,0,1,2,0,73,1,0,1,99,0
201600032388,16,3,20,30,5,2,2,1,6,43,4861522,772601,670,3,1,1,0,1,1,0,93,1,0,1,99,0
201600032389,16,3,21,1330,1,2,3,1,6,447,4860923,776563,670,4,1,1,0,1,1,0,61,1,0,0,0,0
201600032391,16,3,23,1550,1,2,1,1,6,267,4854900,768495,670,4,2,2,0,1,1,0,70,1,0,1,0,0
201600032392,16,3,23,1650,1,2,1,1,6,267,4855229,768380,670,4,2,2,0,1,3,0,78,1,0,1,0,0
201600032393,16,3,29,1400,1,2,1,1,3,482,4858102,769713,670,4,2,1,0,1,1,0,99,1,0,1,0,0
201600032394,16,3,29,2320,5,2,1,1,7,482,4857422,778463,670,4,3,2,0,1,1,0,120,1,0,1,0,0
201600032395,16,3,30,730,1,2,1,1,3,447,4856204,769984,670,4,2,3,0,1,1,0,102,2,0,1,0,0
201600032396,16,3,30,825,1,2,2,2,3,482,4860102,771480,670,4,2,2,0,1,1,0,96,2,0,1,0,0
201600032397,16,3,30,1230,1,2,1,2,4,482,4858638,777112,670,4,2,2,0,1,1,0,108,2,0,1,0,0
201600032398,16,3,30,1515,1,2,1,1,6,482,4855417,774501,670,4,3,2,0,1,1,80,60,2,4,1,3,0
201600032400,16,3,31,1515,1,2,1,1,7,43,4861537,776718,670,4,3,1,0,1,1,40,60,1,0,1,99,0
201600032401,16,3,31,2045,4,2,2,1,1,482,4856616,776474,670,4,2,2,0,1,1,0,81,1,0,1,99,0
201600032402,16,4,2,1440,1,1,1,1,6,267,4856031,769261,670,4,2,2,0,1,1,130,100,1,0,1,0,0
201600032403,16,4,2,1828,1,2,1,1,6,447,4861288,776725,670,4,3,4,1,1,1,0,40,1,0,1,0,0
201600032404,16,4,3,1840,1,2,1,1,2,482,4854118,775856,670,4,2,2,1,1,1,0,60,1,0,1,0,0
201600032405,16,4,5,5,5,2,2,1,3,447,4861062,773388,670,4,2,4,3,1,1,0,130,2,0,1,0,0
201600032406,16,4,5,1510,1,2,3,2,6,482,4873950,773950,670,4,1,2,0,1,3,0,100,2,0,1,0,0
201600032407,16,4,6,1420,1,2,1,1,3,482,4859148,771154,670,4,0,3,1,1,1,0,100,1,0,1,0,0
201600032408,16,4,9,1510,1,2,1,1,6,447,4860667,773650,670,4,2,2,0,1,1,0,103,1,0,1,0,0
201600032409,16,4,9,1620,1,2,1,1,3,482,4859725,771508,670,4,2,3,0,1,1,0,86,1,0,1,0,0
201600032410,16,4,9,1920,1,2,1,1,1,482,4857120,857120,670,4,3,3,1,1,1,0,69,1,0,5,0,0
201600032411,16,4,10,1550,1,2,1,1,3,43,4861474,773486,670,4,2,2,0,1,1,0,80,1,0,1,0,0
201600032412,16,4,11,820,1,2,2,1,3,482,4859701,777679,670,4,2,5,1,1,0,93,163,1,0,0,0,0
201600032413,16,4,11,1150,1,2,2,1,6,482,4858779,775780,670,4,2,2,0,1,1,0,60,1,0,1,0,0
201600032414,16,4,11,1435,1,2,3,1,3,267,4856173,768160,670,4,3,2,1,1,1,6,68,1,0,1,0,0
201600032415,16,4,13,840,1,2,3,1,1,218,4852104,772579,670,4,0,2,0,1,1,0,0,2,0,0,0,0
201600032416,16,4,13,2000,1,2,1,1,3,482,4854617,775129,670,4,2,2,0,1,0,0,50,1,0,1,0,0
201600032417,16,4,14,830,1,2,1,1,3,447,4860117,774427,670,4,2,2,2,1,1,0,0,0,0,1,0,0
201600032418,16,4,14,2125,5,2,1,1,1,482,4856513,773470,670,4,2,2,0,1,1,0,70,0,0,1,0,0
201600032419,16,4,15,1900,1,2,1,1,1,447,4861279,773906,670,4,0,2,0,1,1,0,70,1,0,0,0,0
201600032420,16,4,15,1955,1,2,1,1,3,365,4854835,770916,670,4,1,2,0,1,1,0,60,1,0,1,0,0
201600032421,16,4,18,1210,1,2,1,1,6,482,4856798,770996,670,4,2,2,0,1,1,0,70,1,0,1,0,0
201600032422,16,4,19,1125,1,2,1,1,6,482,4857676,775213,670,4,3,4,0,1,1,0,70,1,0,1,0,0
201600032423,16,4,19,1725,1,2,1,1,2,482,4857405,774325,670,4,2,3,1,1,1,0,170,1,0,1,0,0
201600032424,16,4,19,1950,1,2,1,1,3,447,4860765,773091,670,4,2,2,0,1,1,0,120,1,0,1,0,0
201600032425,16,4,20,1435,1,2,2,1,3,482,4854560,776924,670,4,2,2,0,1,1,0,50,1,0,1,0,0
201600032426,16,4,20,1630,1,2,1,1,6,482,4857523,775345,670,4,3,4,1,1,1,10,160,1,0,1,0,0
201600032427,16,4,21,1700,1,2,1,1,3,482,4857772,775107,670,4,2,2,0,1,1,0,75,1,0,1,0,0
201600032428,16,4,21,2000,2,2,2,1,2,447,4860449,774738,670,4,2,3,0,1,1,0,100,1,0,0,0,0
201600032429,16,4,22,1440,1,2,3,1,3,482,4859168,770359,670,4,1,3,3,1,1,0,120,1,0,1,0,0
201600032430,16,4,22,1720,1,2,3,1,3,482,4856720,776254,670,4,2,2,0,1,1,0,70,1,0,0,0,0
201600032432,16,4,24,522,4,2,1,1,3,482,4857197,749827,670,4,1,1,0,1,4,0,65,1,1,1,99,0
201600032434,16,4,24,2025,1,1,1,1,3,482,4857152,777038,670,4,3,5,2,1,0,128,155,1,0,1,0,0
201600032435,16,4,26,1215,1,2,1,8,6,482,4857719,775829,670,4,2,2,0,1,1,0,88,2,0,1,3,0
201600032436,16,4,27,1720,1,2,3,1,3,482,4857333,771874,670,4,2,4,3,1,1,0,125,1,0,1,0,0
201600032437,16,4,28,800,1,2,1,2,2,447,4859823,774181,670,4,2,3,0,1,1,0,80,2,0,1,0,0
201600032438,16,4,28,805,1,2,1,2,2,447,4860821,775002,670,4,2,2,0,1,1,0,50,2,0,1,0,0
201600032439,16,4,28,2000,2,2,1,1,6,447,4860490,775104,670,4,1,1,1,1,1,0,31,1,0,1,0,0
201600032440,16,5,3,800,1,2,1,1,3,218,4854259,773605,670,4,3,5,0,1,1,0,0,1,0,1,0,0
201600032441,16,5,3,830,1,1,2,1,1,482,4859371,775817,670,4,1,1,1,1,1,0,35,0,0,1,0,0
201600032442,16,5,4,1731,1,2,1,1,1,482,4858680,773914,670,4,2,2,0,1,1,0,85,1,0,1,0,0
201600032443,16,5,6,1700,1,2,3,1,3,482,4858752,771777,670,4,2,2,0,1,1,0,90,1,0,0,0,0
201600032444,16,5,6,2137,5,2,2,1,3,482,4856553,775946,670,4,2,3,0,1,1,0,90,1,0,1,0,0
201600032445,16,5,9,900,1,2,1,1,3,482,4856901,775701,670,4,2,2,0,1,1,0,100,1,0,1,0,0
201600032446,16,5,9,1840,1,2,2,1,6,482,4857519,773554,670,4,2,4,0,1,1,0,120,1,0,1,0,0
201600032447,16,5,10,1320,1,2,1,1,2,482,4856953,771071,670,4,2,3,1,1,1,14,68,2,0,1,0,0
201600032448,16,5,11,1435,1,2,1,1,6,482,4858706,776658,670,4,3,4,3,1,1,20,120,1,0,1,0,0
201600032449,16,5,11,1525,1,2,1,1,3,447,4861073,773945,670,4,2,2,0,1,1,0,60,1,0,0,0,0
201600032450,16,5,13,1210,1,2,1,1,6,482,4856376,770469,670,4,2,3,1,1,1,0,70,1,0,1,0,0
201600032451,16,5,14,450,5,2,1,1,2,482,4857211,771428,670,4,2,3,0,1,0,0,101,1,0,1,0,0
201600032452,16,5,16,1415,1,1,1,1,7,365,4855882,772010,670,4,2,1,0,1,1,0,30,6,0,1,0,0
201600032453,16,5,16,1645,1,2,1,2,1,447,4861000,774070,670,4,2,2,0,1,3,0,60,2,0,1,0,0
201600032454,16,5,16,1800,1,2,1,2,6,482,4860070,770946,670,4,2,2,0,1,1,0,60,2,0,1,0,0
201600032455,16,5,16,1701,1,2,2,1,3,482,4857768,770391,670,4,2,2,1,1,1,0,122,2,0,1,0,0
201600032456,16,5,17,825,1,2,1,1,2,482,4860201,778262,670,4,2,2,0,1,1,0,66,1,0,1,0,0
201600032457,16,5,19,747,1,2,3,1,3,482,4855434,776372,670,4,2,2,1,1,1,0,60,1,0,1,0,0
201600032458,16,5,19,1010,1,2,3,1,3,482,4858072,774935,670,4,0,1,3,1,1,0,50,1,6,1,0,0
201600032459,16,5,19,1720,1,2,1,1,6,43,4861515,775140,670,4,1,1,0,1,1,0,30,1,0,1,0,0
201600032460,16,5,20,2054,1,2,1,1,6,482,4856972,776238,670,4,3,4,1,1,1,93,60,1,0,1,0,0
201600032461,16,5,21,1324,1,2,2,1,3,482,4857045,777574,670,4,3,3,1,1,1,0,86,1,0,1,0,0
201600032462,16,5,22,1725,1,2,1,1,6,482,4857461,776637,670,4,2,3,1,1,1,0,101,1,0,1,0,0
201600032464,16,5,23,1140,1,2,2,2,3,365,4853778,769514,670,4,2,2,1,1,1,0,80,2,0,1,0,0
201600032465,16,5,24,1210,1,2,2,1,6,482,4858460,775144,670,4,2,2,2,1,1,0,50,1,0,1,0,0
201600032466,16,5,24,2330,5,2,2,1,3,482,4852487,777785,670,4,3,4,1,1,1,30,100,1,0,1,0,0
201600032467,16,5,25,810,1,2,3,1,1,43,4861621,773348,670,4,2,2,0,1,1,0,72,1,0,1,0,0
201600032468,16,5,25,1215,1,2,1,1,3,482,4859931,772456,670,4,0,4,1,1,1,32,37,1,0,1,0,0
201600032469,16,5,26,1930,1,2,3,1,3,204,4862007,775358,670,4,2,2,0,1,1,0,50,1,0,1,0,0
201600032470,16,5,27,1215,1,2,1,1,1,267,4856389,768989,670,4,0,0,0,0,0,0,0,0,0,0,0,0
201600032471,16,5,27,1429,1,2,2,1,1,482,4857935,771430,670,4,2,3,1,1,1,0,120,1,0,1,0,0
201600032473,16,5,27,1735,1,2,1,1,6,482,4857905,770018,670,4,2,2,1,1,1,0,94,1,0,1,0,0
201600032474,16,5,28,1740,1,2,1,1,6,482,4859767,769955,670,4,2,2,0,2,1,0,56,1,0,0,0,0
201600032475,16,5,28,1935,1,2,1,4,6,482,4856601,776728,670,4,2,2,0,1,1,0,62,2,0,1,0,0
201600032476,16,5,30,1155,1,2,1,3,3,482,4852462,778140,670,4,2,2,0,1,4,0,70,2,0,1,0,0
201600032477,16,5,30,1620,1,1,1,1,6,267,4855993,762072,670,4,2,2,0,2,1,0,60,2,0,0,0,0
201600032478,16,5,31,920,1,2,1,1,3,218,4852419,772142,670,4,0,1,0,1,1,0,59,1,0,1,0,0
201600032479,16,6,1,2030,2,2,1,1,6,482,4858792,774984,670,4,2,2,0,1,1,0,60,1,0,1,0,0
201600032481,16,6,2,1830,1,2,3,1,6,482,4848591,776210,670,4,2,2,0,1,1,0,68,1,0,0,0,0
201600032482,16,6,3,2206,5,2,1,2,6,482,4858671,775464,670,4,3,2,0,1,1,16,30,1,0,1,0,0
201600032483,16,6,3,2225,5,2,3,2,3,482,4857325,775550,670,4,2,4,1,1,1,0,81,2,0,1,0,0