Num_Acc,an,mois,jour,hrmn,lum,agg,int,atm,col,com,lat,long,dep,catr,circ,nbv,vosp,prof,plan,lartpc,larrout,surf,infra,situ,env1,killed
201600032484,16,6,5,1645,1,2,1,1,6,482,4858373,771873,670,4,2,2,0,1,1,0,60,1,0,0,0,0
201600032485,16,6,6,715,1,2,1,1,5,482,4855643,779706,670,4,2,2,0,1,3,0,80,1,2,1,0,0
201600032486,16,6,7,705,1,2,2,1,3,482,4857549,779074,670,4,2,4,1,1,3,0,130,1,0,1,0,0
201600032487,16,6,7,715,1,1,1,1,2,482,4854812,779197,670,4,2,2,0,1,3,0,100,1,0,1,0,0
201600032488,16,6,8,1915,1,2,1,1,3,482,4858338,769504,670,4,2,2,0,1,1,0,70,1,0,1,0,0
201600032489,16,6,8,1935,1,2,1,1,6,482,4857474,775619,670,4,0,1,1,1,1,0,0,1,0,5,0,0
201600032490,16,6,10,1340,1,2,1,1,3,482,4858518,775094,670,4,1,1,0,1,1,0,35,1,0,1,0,0
201600032491,16,6,10,1745,1,1,2,1,3,204,4862330,777140,670,4,2,4,0,1,1,0,112,1,0,1,0,0
201600032492,16,6,10,1755,1,1,1,1,7,482,4857414,774675,670,4,2,4,1,1,1,0,100,1,0,1,0,0
201600032493,16,6,10,1930,1,2,2,1,3,482,4859185,775308,670,4,2,2,0,1,1,0,50,1,0,1,0,0
201600032494,16,6,11,1410,1,2,3,1,3,482,4857126,777216,670,4,2,2,0,3,1,0,55,1,0,1,0,0
201600032495,16,6,14,910,1,2,2,1,6,43,4861621,773235,670,4,2,2,0,1,1,0,130,1,0,1,0,0
201600032496,16,6,15,1210,1,2,1,2,3,482,4856128,775170,670,4,2,2,0,1,1,0,94,1,0,1,0,0
201600032497,16,6,16,825,1,2,1,2,4,482,4855077,775116,670,4,2,2,2,1,1,0,126,2,0,1,0,0
201600032498,16,6,18,1715,1,2,1,1,2,482,4860622,777793,670,4,2,2,0,1,1,0,60,1,0,1,0,0
201600032499,16,6,18,2230,5,2,2,2,3,482,4854338,777212,670,4,2,2,0,1,1,0,67,2,0,1,0,0
201600032500,16,6,19,245,4,2,2,1,3,482,4857179,777023,670,4,2,2,0,1,1,0,60,1,0,1,0,0
201600032501,16,6,19,1325,1,2,1,1,1,482,4859913,777785,670,4,2,2,0,1,3,0,60,1,0,1,0,0
201600032502,16,6,19,1510,1,2,1,1,2,482,4858434,773439,670,4,2,2,0,1,1,0,60,1,0,1,0,0
201600032504,16,6,20,1010,1,2,3,1,3,447,4860963,776515,670,4,3,4,2,1,1,60,100,1,0,1,0,0
201600032505,16,6,20,1635,1,2,3,1,3,482,4858749,770019,670,4,2,2,0,1,1,0,63,1,0,1,0,0
201600032506,16,6,21,830,1,2,1,1,6,447,4859728,774173,670,4,3,2,0,1,1,40,60,1,0,1,0,0
201600032508,16,6,22,1233,1,2,1,1,6,482,4857416,777138,670,4,2,2,0,1,1,0,75,1,0,1,0,0
201600032509,16,6,23,1220,1,2,1,1,6,482,4853780,776976,670,4,2,2,0,1,3,0,65,1,0,1,0,0
201600032510,16,6,23,1800,1,2,1,1,4,482,4857703,772579,670,4,2,2,1,1,1,0,61,1,0,1,99,0
201600032511,16,6,26,1905,1,2,1,1,3,43,4861276,773542,670,4,2,2,0,1,1,0,52,1,0,1,0,0
201600032512,16,6,28,1830,1,2,1,1,6,482,4857862,775993,670,4,2,3,0,1,1,0,120,1,0,4,0,0
201600032513,16,6,29,845,1,2,3,1,1,43,4861079,776649,670,4,3,2,1,1,1,40,40,1,0,1,0,0
201600032516,16,6,30,830,1,1,3,1,6,482,4856266,769489,670,4,2,2,0,1,1,0,50,1,0,1,0,0
201600032517,16,6,30,2110,1,2,2,1,3,482,4858861,773956,670,4,1,2,1,1,1,0,160,1,0,1,0,0
201600032518,16,7,1,658,1,2,1,1,5,482,4857649,771314,670,4,2,2,0,1,1,0,80,1,0,1,0,0
201600032519,16,7,1,1840,1,2,3,1,3,482,4861189,777856,670,4,2,2,0,1,1,0,60,1,0,1,0,0
201600032520,16,7,1,2055,1,2,3,1,3,482,4856806,775753,670,4,2,2,1,1,1,0,66,1,0,1,0,0
201600032521,16,7,1,2250,3,2,1,1,6,218,4851213,771271,670,4,2,2,0,1,1,0,60,1,0,1,0,0
201600032522,16,7,2,1515,1,2,1,1,6,482,4857959,776384,670,4,2,2,0,1,1,0,60,1,0,1,0,0
201600032523,16,7,2,1930,1,2,1,1,1,447,4860668,772648,670,4,2,2,3,2,4,0,30,1,2,4,0,0
201600032524,16,7,6,921,1,2,1,1,2,447,4860468,775824,670,4,3,4,3,1,1,60,60,1,0,1,0,0
201600032525,16,7,7,1620,1,2,2,1,3,482,4857758,775304,670,4,2,2,3,1,3,0,76,1,0,1,0,0
201600032527,16,7,10,1830,1,2,1,1,6,482,4855180,774329,670,4,3,3,3,1,1,60,100,1,4,1,0,0
201600032528,16,7,11,1515,1,2,2,2,3,482,4852456,778102,670,4,3,2,1,2,1,20,180,2,0,1,0,0
201600032529,16,7,13,1825,1,2,1,8,6,447,4860769,774505,670,4,2,2,0,1,1,0,50,1,0,1,0,0
201600032530,16,7,14,25,5,2,1,1,2,482,4860817,777893,670,4,2,3,0,1,1,0,100,1,0,1,0,0
201600032531,16,7,16,115,5,2,1,1,3,482,4858822,775379,670,4,1,2,0,1,2,0,70,1,0,1,0,0
201600032532,16,7,17,1220,1,2,1,1,6,365,4854863,771055,670,4,2,2,0,1,1,0,70,1,0,1,0,0
201600032533,16,7,19,1405,1,2,1,1,3,482,4856315,776224,670,4,2,2,0,1,1,0,120,1,0,1,0,0
201600032534,16,7,19,1905,1,2,4,1,3,267,4855431,768123,670,4,2,2,0,1,3,0,60,1,0,1,0,0
201600032535,16,7,20,400,2,2,1,1,6,447,4859945,774272,670,4,2,2,1,1,1,0,64,1,0,1,0,0
201600032536,16,7,20,840,1,2,3,1,3,482,4858278,776345,670,4,2,3,0,1,1,0,100,1,0,1,0,0
201600032537,16,7,22,1200,1,2,2,1,3,218,4854320,773628,670,4,3,2,0,1,1,30,70,1,0,1,0,0
201600032539,16,7,25,1820,1,2,1,1,3,482,4857452,774258,670,4,2,2,1,1,1,0,63,1,0,0,0,0
201600032540,16,7,26,1700,1,2,1,1,4,482,4857848,773217,670,4,2,3,0,1,1,0,100,1,0,0,0,0
201600032541,16,7,27,1645,1,2,2,1,3,482,4857724,775167,670,4,2,2,0,1,1,0,76,0,0,1,0,0
201600032542,16,7,29,1655,1,2,1,1,6,482,4856066,776215,670,4,2,2,0,1,1,0,62,1,0,1,0,0
201600032543,16,7,30,1920,1,2,2,1,3,218,4852104,772579,670,4,0,2,0,1,1,0,75,1,0,0,0,0
201600032544,16,7,30,1410,1,2,3,1,3,482,4856649,772184,670,4,2,2,0,1,1,0,75,1,0,1,0,0
201600032545,16,7,31,1610,1,2,1,1,6,482,4858685,773846,670,4,3,2,1,1,1,40,80,2,0,5,0,0
201600032546,16,7,31,1955,1,2,2,1,1,447,4860924,774464,670,4,2,0,0,1,1,0,80,0,0,0,0,0
201600032547,16,8,1,930,1,2,2,1,2,218,4854300,773656,670,4,2,4,0,1,1,20,70,1,0,1,0,0
201600032548,16,8,2,1910,1,2,2,2,3,482,4857846,773120,670,4,3,6,0,1,1,0,168,2,0,1,0,0
201600032549,16,8,3,740,1,2,1,1,3,482,4855510,773607,670,4,2,2,0,1,1,0,40,1,0,1,0,0
201600032550,16,8,4,1850,1,1,1,2,3,482,4859252,773282,670,4,2,2,0,1,1,10,90,2,0,1,0,0
201600032551,16,8,6,400,5,2,1,1,6,447,4860023,774353,670,4,3,2,1,1,1,10,70,1,0,1,0,0
201600032552,16,8,6,1140,1,2,3,1,3,482,4856554,776817,670,4,2,2,0,1,1,0,40,1,0,0,0,0
201600032553,16,8,7,722,1,2,6,1,6,365,4853097,769142,670,4,1,2,1,1,3,0,40,1,0,1,0,0
201600032554,16,8,10,1220,1,2,1,1,3,218,4853046,771260,670,4,2,2,1,1,1,0,60,1,0,1,0,0
201600032555,16,8,10,1610,1,2,1,1,6,218,4853125,772977,670,4,2,2,1,1,1,0,0,1,0,5,0,0
201600032556,16,8,12,2030,2,2,1,1,6,482,4854919,775359,670,4,2,2,1,1,1,0,120,1,0,1,0,0
201600032557,16,8,13,13,5,2,1,1,3,482,4856352,770416,670,4,2,2,0,1,1,0,0,1,0,0,0,0
201600032558,16,8,13,1855,1,2,3,1,3,482,4856305,775804,670,4,2,2,0,1,1,0,55,1,0,1,0,0
201600032559,16,8,13,2015,2,2,1,1,1,482,4856366,777841,670,4,2,2,0,1,1,0,89,1,0,1,0,0
201600032560,16,8,14,1250,1,2,1,1,3,482,4858676,776143,670,4,2,4,0,1,0,10,131,1,0,1,0,0
201600032561,16,8,17,1010,1,2,2,1,3,482,4859899,779096,670,4,2,2,1,1,1,0,80,1,0,5,0,0
201600032562,16,8,17,2120,3,2,1,1,1,218,4850961,772711,670,4,2,2,1,1,1,0,0,1,0,5,0,0
201600032563,16,8,18,1130,1,2,2,1,3,447,4860995,774351,670,4,1,1,0,1,1,0,80,1,0,1,0,0
201600032565,16,8,19,2225,5,2,2,1,3,482,4855593,775187,670,4,2,2,0,1,1,0,68,1,0,1,0,0
201600032566,16,8,23,1937,1,2,1,1,3,482,4858683,776101,670,4,2,4,0,1,1,0,160,1,0,1,0,0
201600032567,16,8,25,1430,1,2,1,1,3,482,4857037,773797,670,4,2,2,1,1,1,0,80,1,0,1,0,0
201600032568,16,8,25,1700,1,2,1,1,3,482,4858411,775880,670,4,2,3,0,1,1,0,82,1,0,1,0,0
201600032569,16,8,25,1705,1,2,1,1,3,482,4859224,776998,670,4,2,2,0,1,1,0,81,1,0,1,0,0
201600032570,16,8,25,2120,5,2,2,1,3,482,4857451,776720,670,4,3,4,0,1,1,0,112,1,0,1,0,0
201600032571,16,8,26,910,1,2,1,1,6,482,4858529,775042,670,4,1,1,0,1,1,0,40,1,2,0,3,0
201600032572,16,8,26,1630,1,2,2,1,3,482,4856397,775435,670,4,1,1,0,1,1,0,40,1,0,1,0,0
201600032573,16,8,26,1920,1,2,1,1,3,218,4853160,770757,670,4,2,2,0,1,1,38,85,1,0,1,0,0
201600032574,16,8,27,1040,1,2,1,1,6,482,4856444,770675,670,4,2,2,0,1,1,0,50,1,0,0,0,0
201600032576,16,8,28,1845,1,2,2,1,3,482,4858209,771491,670,4,2,2,0,1,1,0,59,1,0,1,0,0
201600032578,16,8,29,1035,1,2,1,1,6,482,4859077,769245,670,4,1,1,0,1,1,0,60,1,0,1,0,0
201600032580,16,8,30,1920,1,2,1,1,6,482,4857750,776537,670,4,2,2,0,1,1,0,60,1,0,1,0,0
201600032581,16,8,31,2250,5,2,2,1,3,365,4853916,771024,670,4,2,2,0,1,1,0,60,1,0,1,0,0
201600032582,16,9,1,1530,1,2,1,1,1,482,4856562,773491,670,4,2,1,1,1,1,0,0,1,0,5,99,0
201600032583,16,9,1,2015,1,2,2,1,3,267,4855411,768442,670,4,2,5,0,1,1,0,50,1,0,1,99,0
201600032584,16,9,2,830,1,2,1,1,6,482,4856957,776318,670,4,2,2,0,1,1,0,50,1,0,1,0,0
201600032585,16,9,3,1540,1,2,1,1,1,482,4856768,770906,670,4,2,2,0,1,1,0,110,1,0,1,0,0
201600032586,16,9,3,2015,5,2,1,1,3,482,4859040,774313,670,4,3,4,0,1,1,38,128,1,0,0,0,0
201600032587,16,9,3,2300,5,2,3,1,3,447,4857745,773312,670,4,2,2,0,1,1,0,50,1,0,1,0,0
201600032588,16,9,4,1156,1,2,3,1,3,218,4854021,773363,670,4,2,2,0,1,1,0,40,1,0,1,0,0
201600032589,16,9,4,2330,5,2,2,1,3,482,4853597,771031,670,4,2,2,0,0,1,0,70,1,0,0,0,0
201600032590,16,9,5,1630,1,1,1,1,3,482,4856301,769830,670,4,2,2,0,1,3,30,70,1,0,4,0,0
201600032591,16,9,6,745,1,2,1,1,6,43,4861462,773613,670,4,2,2,0,1,1,15,60,1,0,1,3,0
201600032592,16,9,8,740,1,2,1,1,6,482,4856687,770838,670,4,3,2,1,1,1,31,70,1,0,1,0,0
201600032593,16,9,8,1635,1,2,3,1,3,482,4857819,770642,670,4,2,3,1,1,1,0,116,1,0,1,0,0
201600032594,16,9,8,1700,1,2,2,1,3,482,4853845,776649,670,4,2,2,0,1,1,0,50,1,0,1,0,0
201600032595,16,9,9,1007,1,2,1,1,6,482,4859367,775861,670,4,1,4,1,1,1,0,38,1,0,1,0,0
201600032596,16,9,9,1905,1,2,1,1,2,482,4856785,775760,670,4,2,2,1,1,1,0,60,1,0,5,0,0
201600032597,16,9,11,1626,1,2,3,1,6,447,4860692,774909,670,4,2,2,0,1,1,0,98,0,0,1,0,0
201600032598,16,9,11,10,5,2,2,1,3,482,4861308,777277,670,4,2,2,0,0,0,0,0,0,0,1,0,0
201600032599,16,9,12,845,1,2,2,1,3,482,4859096,774624,670,4,2,6,0,1,1,100,240,1,0,1,0,0
201600032600,16,9,12,850,1,2,1,1,3,218,4854219,773892,670,4,2,4,0,1,1,0,100,1,0,1,0,0
201600032601,16,9,12,1430,1,2,1,1,3,482,4854158,776693,670,4,2,2,0,1,1,0,63,1,0,1,0,0
201600032602,16,9,12,1524,1,2,3,1,3,482,4858815,775881,670,4,2,2,0,1,1,0,90,1,0,0,0,0
201600032603,16,9,12,1600,1,2,1,1,6,482,4856942,776356,670,4,3,4,3,1,1,40,48,1,0,1,0,0
201600032604,16,9,12,1700,1,2,1,1,3,482,4857167,771303,670,4,2,3,0,1,1,0,100,1,0,1,0,0
201600032605,16,9,12,2055,5,2,1,1,6,365,4854267,770186,670,4,2,2,0,1,3,0,45,1,0,1,0,0
201600032606,16,9,13,1645,1,2,1,1,1,218,4854441,773913,670,4,1,2,0,1,1,0,0,1,0,1,99,0
201600032607,16,9,13,1827,1,2,1,1,6,482,4859168,776273,670,4,2,3,0,1,1,0,112,1,0,1,0,0
201600032608,16,9,14,750,1,2,1,1,6,482,4856763,776328,670,4,0,2,0,1,1,0,60,1,0,0,0,0
201600032609,16,9,15,1300,1,2,1,1,6,482,4858153,774849,670,4,1,1,1,1,1,0,35,1,0,1,0,0
201600032610,16,9,17,517,5,2,2,1,3,482,4857172,777026,670,4,3,5,0,1,1,128,157,1,0,0,0,1
201600032611,16,9,18,1351,1,2,2,2,2,482,4856495,770619,670,4,2,3,0,1,1,0,30,2,0,1,0,0
201600032613,16,9,20,720,1,2,3,1,3,482,4857213,776723,670,4,2,2,0,1,0,0,71,1,0,1,0,0
201600032614,16,9,20,730,2,2,2,1,3,482,4857153,777015,670,4,2,3,0,1,1,0,90,1,0,1,0,0
201600032615,16,9,20,815,1,2,2,1,3,482,4855851,774863,670,4,3,4,3,1,1,30,136,1,0,1,0,0
201600032616,16,9,21,1400,1,2,1,1,4,447,4860229,775603,670,4,3,4,1,1,1,0,22,1,0,1,0,0
201600032617,16,9,21,1645,1,2,2,1,3,482,4856245,773035,670,4,2,2,0,1,1,0,80,1,0,1,0,0
201600032618,16,9,22,1115,1,2,2,1,3,482,4860233,770844,670,4,2,4,0,1,1,0,90,1,0,1,0,0
201600032619,16,9,22,1640,1,2,1,1,6,482,4859159,772070,670,4,1,2,0,1,1,0,70,1,0,1,0,0
201600032620,16,9,23,740,1,2,1,1,6,482,4859354,770273,670,4,3,5,1,1,1,30,165,1,0,1,0,0
201600032621,16,9,23,2100,5,2,1,1,3,43,4861315,775172,670,4,2,2,0,1,1,0,52,1,0,1,0,0
201600032622,16,9,26,1250,1,2,2,1,3,218,4854317,773625,670,4,2,2,0,1,1,0,160,1,0,1,0,0
201600032624,16,9,28,745,1,2,1,1,2,482,4857716,775837,670,4,2,2,0,1,1,0,85,1,0,1,0,0
201600032625,16,9,28,700,2,2,2,1,3,447,4862171,776995,670,4,3,6,1,1,1,30,100,1,0,4,0,0
201600032626,16,9,29,30,5,2,3,1,5,482,4857906,773492,670,4,1,2,0,1,1,0,63,1,0,0,0,0
201600032627,16,9,29,815,1,2,3,1,3,43,4861439,775914,670,4,2,3,1,1,1,0,60,1,0,1,0,0
201600032628,16,9,29,830,1,2,2,1,3,482,4857423,777119,670,4,2,4,0,1,1,0,111,1,0,1,0,0
201600032629,16,9,29,1106,1,2,2,1,6,482,4856846,775147,670,4,0,2,1,1,1,0,63,1,0,1,0,0
201600032630,16,9,29,1730,1,2,1,1,2,482,4856727,770881,670,4,2,2,0,1,1,0,103,1,0,1,0,0
201600032631,16,9,30,1450,1,2,2,1,3,447,4860401,775036,670,4,2,2,1,1,1,0,80,1,0,1,0,0
201600032632,16,9,30,1717,1,2,3,1,3,482,4859531,772784,670,4,3,4,1,1,2,0,0,1,0,1,0,0
201600032633,16,9,30,1825,1,2,1,1,3,482,4857405,778504,670,4,2,2,1,1,1,0,100,1,0,1,0,0
201600032634,16,10,1,1015,1,2,2,2,1,482,4857949,773097,670,4,1,1,0,1,1,0,110,2,0,1,0,0
201600032635,16,10,1,1335,1,2,1,1,1,482,4855649,777437,670,4,1,2,1,1,1,0,64,2,0,1,0,0
201600032636,16,10,3,1500,1,2,1,1,6,482,4857285,775668,670,4,2,2,0,1,1,0,67,1,0,1,0,0
201600032637,16,10,3,1620,1,2,1,1,3,482,4857876,771101,670,4,2,2,1,1,1,0,60,1,0,1,0,0
201600032638,16,10,3,2110,5,2,1,1,6,482,4858220,774162,670,4,1,1,0,1,1,0,85,1,0,1,0,0
201600032639,16,10,4,1305,1,2,1,1,2,482,4860035,775390,670,4,3,8,0,1,1,20,120,1,0,1,0,0
201600032640,16,10,5,1800,1,2,2,1,3,482,4855368,774471,670,4,2,0,0,1,1,0,60,1,0,1,0,0
201600032641,16,10,6,1230,1,1,1,1,3,482,4857765,777817,670,4,2,2,2,1,1,0,18,1,0,1,0,0
201600032642,16,10,6,1545,1,2,1,1,6,482,4858802,773887,670,4,1,3,0,1,1,0,100,1,0,0,0,0
201600032643,16,10,6,1720,1,2,1,1,4,482,4857885,771152,670,4,2,2,1,1,1,0,50,1,0,1,0,0
201600032644,16,10,6,1945,1,2,3,1,3,204,4862371,773292,670,4,2,2,0,1,1,0,76,1,0,1,0,0
201600032645,16,10,8,450,5,2,6,1,6,482,4854431,778889,670,4,2,2,0,1,1,0,100,1,0,0,0,0
201600032646,16,10,8,1645,1,2,2,1,3,482,4855290,774861,670,4,2,2,0,1,1,0,80,1,0,1,0,0
201600032647,16,10,9,330,5,2,1,1,7,218,4853124,771396,670,4,2,2,0,1,1,0,60,1,0,1,0,0
201600032648,16,10,10,755,1,2,1,1,6,482,4858782,775353,670,4,0,1,0,1,1,0,27,1,0,0,0,0
201600032649,16,10,10,1230,1,2,2,1,6,482,4858437,774433,670,4,2,2,0,1,1,0,50,1,0,1,0,0
201600032650,16,10,10,1330,1,2,1,1,6,482,4859955,771247,670,4,2,2,0,1,1,0,65,1,0,1,3,0
201600032651,16,10,11,800,1,2,1,1,6,482,4856895,771031,670,4,2,2,0,1,1,0,86,1,0,1,0,0
201600032652,16,10,11,1215,1,1,2,1,6,482,4856905,776544,670,4,2,0,3,1,1,0,120,1,0,1,0,0
201600032653,16,10,11,1955,3,2,1,1,1,218,4854108,774208,670,4,2,2,0,1,1,0,98,1,0,1,0,0
201600032654,16,10,12,1335,1,2,1,1,6,482,4859062,770040,670,4,3,4,1,1,1,50,100,1,0,4,0,0
201600032655,16,10,13,1505,1,2,4,1,2,482,4857789,778383,670,4,1,1,0,3,3,0,60,1,0,0,0,0
201600032656,16,10,14,1315,1,2,2,1,1,218,4852224,772172,670,4,2,2,0,1,1,0,40,1,0,1,0,0
201600032657,16,10,14,1338,1,2,1,1,6,482,4858828,774350,670,4,1,1,0,1,1,0,45,1,0,1,0,0
201600032658,16,10,14,1655,1,2,1,1,3,482,4854978,773418,670,4,2,2,1,1,1,0,80,1,0,1,0,0
201600032659,16,10,15,835,1,2,2,1,6,482,4858834,775586,670,4,1,2,0,1,1,0,0,1,0,1,0,0
201600032660,16,10,15,1200,1,2,1,1,3,204,4862467,775435,670,4,2,2,0,1,1,0,60,1,0,1,0,0
201600032661,16,10,15,1230,1,2,1,1,3,482,4857714,776889,670,4,1,1,1,1,1,0,50,1,0,0,0,0
201600032662,16,10,16,542,5,2,2,1,3,447,4860025,775381,670,4,3,6,0,1,1,20,180,1,0,1,0,0
201600032663,16,10,17,1040,1,2,2,1,3,482,4859027,775468,670,4,2,2,0,1,1,0,80,1,0,1,0,0
201600032664,16,10,18,1750,1,2,1,1,6,267,4854844,768289,670,4,2,2,0,1,1,0,80,1,0,1,0,0
201600032665,16,10,21,1225,1,2,3,1,3,482,4857907,773490,670,4,1,1,0,1,1,0,0,1,0,0,0,0
201600032666,16,10,22,2030,5,2,1,1,3,482,4858171,770253,670,4,2,2,0,1,1,0,64,1,0,1,0,0
201600032667,16,10,23,2035,5,2,2,1,3,482,4856134,775153,670,4,3,2,1,1,1,0,80,2,0,1,0,0
201600032668,16,10,25,1948,1,2,2,1,3,447,4861008,774741,670,4,2,2,0,1,1,0,0,1,0,1,0,0
201600032669,16,10,27,1758,2,2,3,1,3,482,4855503,776827,670,4,2,2,0,1,1,36,100,1,0,1,0,0
201600032670,16,10,27,1930,1,2,1,1,6,482,4858449,776948,670,4,2,4,0,1,1,0,68,1,0,1,0,0
201600032671,16,10,28,1959,1,2,2,1,3,482,4858745,773866,670,4,2,3,2,1,1,0,80,1,0,5,0,0
201600032673,16,10,28,2100,1,2,1,1,2,482,4858772,775816,670,4,2,4,0,1,1,0,140,1,0,1,0,0
201600032674,16,10,31,355,5,2,2,1,3,218,4854305,773637,670,4,3,7,3,1,1,130,90,1,0,1,0,0
201600032675,16,10,31,1457,1,2,2,1,3,482,4857216,771420,670,4,2,2,0,1,0,0,0,1,0,0,0,0
201600032676,16,10,31,1535,1,2,1,1,6,482,4857272,771620,670,4,2,3,3,1,1,0,80,1,0,0,0,0
201600032677,16,11,2,1040,1,2,2,1,3,482,4854883,774150,670,4,2,5,2,1,1,0,75,1,0,1,0,0
201600032678,16,11,3,1930,5,2,3,1,3,482,4856050,775097,670,4,3,3,2,1,1,0,60,1,0,1,99,0
201600032679,16,11,3,2010,5,2,1,1,5,482,4859794,777591,670,4,2,3,0,1,1,0,120,1,0,1,99,0
201600032680,16,11,7,845,1,2,1,1,1,218,4852932,773401,670,4,2,2,1,1,1,0,60,1,0,1,0,0
201600032681,16,11,7,1630,1,2,1,1,2,482,4856975,778152,670,4,2,2,1,1,3,0,97,1,0,0,0,0
201600032682,16,11,8,1730,5,2,1,8,3,482,4859683,774142,670,4,3,2,1,1,3,32,35,2,0,1,0,0
201600032683,16,11,9,1905,5,2,1,2,3,482,4857113,777346,670,4,3,4,1,1,1,0,140,2,0,1,0,0
201600032684,16,11,10,1520,1,2,2,1,3,482,4857452,773793,670,4,2,4,0,1,1,0,120,1,0,1,3,0
201600032685,16,11,11,1830,5,2,1,2,6,482,4854624,776566,670,4,2,2,1,1,1,0,47,1,0,1,0,0
201600032686,16,11,13,1230,1,2,1,1,3,482,4859676,774255,670,4,1,2,0,1,1,0,100,1,0,1,0,0
201600032687,16,11,14,1215,1,2,3,1,3,365,4855342,769332,670,4,2,2,0,1,1,0,0,1,0,1,0,0
201600032688,16,11,14,1225,1,2,1,1,4,482,4857200,773673,670,4,2,2,1,1,1,0,60,1,0,1,0,0
201600032689,16,11,16,910,1,2,1,1,3,482,4858193,776305,670,4,0,0,0,1,1,0,120,2,0,1,0,0
201600032690,16,11,16,1200,1,2,2,2,3,482,4858464,776869,670,4,1,1,1,1,1,0,60,2,0,1,0,0
201600032691,16,11,16,1315,1,2,1,1,6,482,4857266,774311,670,4,2,2,0,1,1,0,63,1,0,0,0,0
201600032692,16,11,17,1320,1,2,1,1,3,482,4856960,775109,670,4,2,3,1,1,1,0,142,2,0,4,0,0
201600032693,16,11,17,1730,5,2,1,1,6,482,4858002,775029,670,4,0,1,1,1,1,0,37,1,0,4,0,0
201600032694,16,11,17,1900,5,2,1,1,6,482,4858186,775856,670,4,2,2,1,1,1,0,82,0,0,1,0,0
201600032695,16,11,17,2240,5,2,3,1,3,482,4855530,773354,670,4,3,3,1,1,1,0,120,1,0,1,0,0
201600032696,16,11,19,910,1,2,2,1,3,43,4861412,776052,670,4,2,2,1,1,1,0,100,1,0,1,0,0
201600032697,16,11,19,1710,1,2,1,1,6,482,4855376,774456,670,4,3,4,3,1,1,60,55,1,0,1,0,0
201600032698,16,11,21,2255,5,2,1,1,3,218,4853198,771641,670,4,2,2,1,1,1,0,62,1,0,1,0,0
201600032699,16,11,23,1415,1,2,1,1,5,218,4854161,774038,670,4,2,4,0,1,1,0,152,1,0,1,0,0
201600032700,16,11,23,1615,5,2,3,1,3,447,4860534,773705,670,4,2,2,0,1,1,0,93,1,0,1,0,0
201600032701,16,11,23,1700,5,2,1,1,3,218,4852979,772555,670,4,2,3,1,1,1,0,90,1,0,1,0,0
201600032702,16,11,24,1140,1,2,1,1,6,482,4856630,775865,670,4,2,2,0,1,3,0,65,1,0,1,0,0
201600032703,16,11,23,1215,1,2,3,1,3,218,4852982,772529,670,4,2,2,1,1,1,0,0,1,0,1,3,0
201600032704,16,11,24,1415,1,1,1,1,4,482,4860028,775431,670,4,3,4,0,1,1,20,134,1,0,1,0,0
201600032705,16,11,25,905,1,2,1,1,3,482,4858732,775954,670,4,2,4,0,1,1,0,152,1,0,1,0,0
201600032707,16,11,25,1610,2,2,1,1,1,482,4856376,770469,670,4,2,2,1,1,3,0,70,1,0,1,0,0
201600032708,16,11,25,1800,1,2,1,1,5,482,4855473,773353,670,4,3,6,1,1,1,0,90,1,0,1,99,0
201600032709,16,11,25,2245,5,2,1,1,3,43,4861170,775131,670,4,2,1,0,1,1,0,65,1,0,1,0,0
201600032710,16,11,27,640,5,2,1,2,6,482,4857930,774110,670,4,2,2,0,1,1,0,145,2,0,1,0,0
201600032711,16,11,28,330,5,2,1,1,3,482,4856589,770323,670,4,2,2,0,1,3,0,50,1,0,1,0,0
201600032712,16,11,29,1525,1,2,1,1,6,482,4860191,770245,670,4,2,2,0,1,1,0,61,1,0,1,0,0
201600032713,16,11,29,1735,5,2,2,1,3,218,4851451,771211,670,4,1,1,0,1,1,0,80,1,0,0,0,0
201600032714,16,12,1,1835,5,2,3,1,3,482,4856993,773542,670,4,2,4,1,1,1,0,100,1,0,1,0,0
201600032715,16,12,2,550,5,2,1,1,6,482,4856595,770657,670,4,2,2,0,2,3,0,105,1,0,0,0,0
201600032716,16,12,2,1340,1,2,1,1,6,447,4860950,775590,670,4,2,2,0,1,1,0,66,1,0,1,3,0
201600032717,16,12,3,928,1,2,1,1,6,447,4860669,774926,670,4,2,3,0,1,1,0,78,1,0,1,3,0
201600032718,16,12,3,1100,1,2,1,1,5,482,4857069,774174,670,4,3,3,0,2,1,0,130,1,3,1,99,0
201600032719,16,12,3,1130,1,2,2,1,3,482,4857952,773075,670,4,3,6,0,1,1,50,120,1,0,0,0,0
201600032720,16,12,4,1715,5,2,1,1,2,482,4858054,772765,670,4,2,6,0,1,1,0,60,1,0,1,0,0
201600032721,16,12,5,1830,5,2,3,1,3,43,4861137,775108,670,4,1,1,0,1,0,0,23,1,0,1,0,0
201600032722,16,12,6,900,1,2,5,1,3,482,4858953,775159,670,4,2,3,0,1,1,0,120,1,0,1,0,0
201600032723,16,12,7,805,1,2,2,5,6,482,4858611,776745,670,4,1,1,0,1,1,0,80,2,0,1,0,0