Num_Acc,an,mois,jour,hrmn,lum,agg,int,atm,col,com,lat,long,dep,catr,circ,nbv,vosp,prof,plan,lartpc,larrout,surf,infra,situ,env1,killed
201600032724,16,12,7,855,1,2,2,1,3,482,4857462,774981,670,4,2,5,0,1,1,0,0,1,0,1,0,0
201600032725,16,12,7,2155,5,1,2,5,3,218,4853177,772261,670,4,2,2,0,1,1,0,100,1,0,1,0,0
201600032726,16,12,8,1235,1,2,1,1,6,218,4854451,773877,670,4,1,1,0,1,1,0,80,1,0,1,99,0
201600032727,16,12,8,1355,1,2,1,1,2,482,4857452,772634,670,4,2,4,0,1,1,0,234,1,0,1,0,0
201600032728,16,12,10,1050,1,2,1,1,2,482,4856267,775281,670,4,3,4,0,1,1,60,130,1,0,1,0,0
201600032729,16,12,10,1230,1,1,1,1,6,447,4860600,773637,670,4,1,1,0,1,1,0,30,1,0,1,0,0
201600032730,16,12,11,2015,5,2,2,1,3,43,4861418,775207,670,4,2,2,0,1,1,0,80,1,0,1,0,0
201600032731,16,12,12,1825,5,2,1,1,1,482,4857532,775750,670,4,2,5,0,1,1,0,150,1,0,0,0,0
201600032733,16,12,13,750,1,2,1,1,1,482,4857739,772803,670,4,2,2,1,1,1,0,30,1,0,1,0,0
201600032734,16,12,13,1615,2,2,1,1,6,482,4856886,773554,670,4,2,3,0,1,1,0,100,1,0,0,0,0
201600032735,16,12,14,830,1,2,1,2,6,482,4858707,773776,670,4,2,6,3,1,1,28,91,2,1,1,3,0
201600032736,16,12,14,1345,1,2,1,1,2,447,4860507,775777,670,4,2,2,0,1,1,0,83,1,0,1,0,0
201600032737,16,12,16,1215,1,2,1,1,6,482,4856489,771953,670,4,2,2,0,1,1,0,66,0,0,4,0,0
201600032738,16,12,16,2013,5,2,1,1,6,482,4858456,773646,670,4,2,2,0,1,1,0,60,1,0,1,0,0
201600032739,16,12,17,2113,5,1,1,1,6,482,4858000,771886,670,4,2,3,0,1,1,0,150,2,0,1,0,0
201600032740,16,12,19,1430,1,2,1,1,6,43,4861538,776420,670,4,2,2,0,1,1,0,70,1,0,1,0,0
201600032741,16,12,20,135,5,2,2,1,1,482,4856948,776317,670,4,2,2,0,1,1,0,60,1,0,1,0,0
201600032742,16,12,20,2200,5,2,1,1,6,482,4858983,778659,670,4,2,2,0,1,2,0,80,0,2,1,0,0
201600032743,16,12,21,1555,2,2,1,1,3,218,4852476,772154,670,4,3,2,0,1,1,0,0,1,0,1,0,0
201600032744,16,12,22,50,5,2,1,1,6,482,4859425,780288,670,4,2,2,0,1,1,0,0,1,0,1,0,0
201600032745,16,12,23,1930,4,2,1,1,1,267,4855543,767920,670,4,2,2,0,1,1,0,130,1,0,1,99,0
201600032746,16,12,24,1030,1,2,1,1,6,482,4856645,772062,670,6,2,0,0,1,1,0,70,1,0,0,0,0
201600032747,16,12,24,1555,2,2,1,1,1,447,4861017,776631,670,4,2,2,1,2,3,0,37,2,2,1,99,0
201600032748,16,12,24,1720,5,2,1,1,6,482,4858436,773613,670,4,2,2,0,1,2,0,50,1,0,1,99,0
201600032749,16,12,28,1205,1,2,3,1,1,482,4855002,775795,670,4,2,2,1,1,1,0,80,1,0,1,99,0
201600032750,16,12,29,1310,1,2,3,1,3,482,4858203,771366,670,4,2,2,0,1,1,0,170,1,0,1,0,0
201600032753,16,1,11,900,1,1,9,8,3,204,4857584,241081,910,3,2,2,0,1,1,0,0,2,5,1,0,0
201600032754,16,5,26,2000,1,2,1,1,6,340,4860235,241477,910,4,2,2,0,1,3,0,91,1,0,1,0,0
201600032755,16,8,26,715,1,1,1,1,2,648,4856504,236248,910,3,2,2,0,2,1,0,0,1,0,1,99,0
201600032756,16,12,17,845,1,1,1,1,4,648,4856402,234323,910,3,2,2,0,1,1,0,110,1,0,1,99,0
201600032757,16,12,7,1745,3,1,1,1,3,648,4856840,236417,910,3,2,2,0,1,1,0,0,1,0,0,0,0
201600032758,16,12,10,1230,1,1,6,5,6,340,4859978,243538,910,3,2,2,0,1,2,80,0,2,5,3,99,0
201600032759,16,12,27,2045,3,1,1,1,6,340,4858809,242865,910,3,2,2,0,1,1,0,65,1,0,1,99,0
201600032760,16,6,6,2230,2,1,1,1,7,336,5056451,227242,620,3,2,2,0,1,1,0,53,1,0,1,0,0
201600032761,16,1,16,1630,1,1,1,1,1,897,5064581,209215,620,3,2,2,0,1,1,0,70,1,0,1,99,0
201600032762,16,2,12,1400,1,2,1,1,6,905,5074930,215209,620,4,2,0,0,1,1,0,50,1,0,1,99,0
201600032763,16,2,22,2145,3,1,1,2,6,656,5068494,220134,620,3,2,2,0,2,1,0,0,2,0,3,0,0
201600032764,16,8,20,1400,1,2,1,1,2,534,5070809,212670,620,4,2,2,0,2,1,0,70,1,0,1,99,0
201600032765,16,8,20,1730,1,1,1,1,6,656,5069197,222548,620,3,2,2,0,1,3,0,70,1,0,3,99,0
201600032766,16,9,7,845,1,1,2,1,3,837,5065733,204664,620,3,2,2,0,1,1,0,70,1,0,1,0,0
201600032767,16,11,26,1645,1,1,1,1,1,8,5073732,208106,620,3,2,0,0,1,3,0,61,1,0,1,99,1
201600032768,16,12,2,1745,3,1,6,1,2,794,5072019,216628,620,3,1,1,0,0,1,194,46,2,5,1,0,0
201600032769,16,12,5,829,1,2,3,1,3,66,4808320,735000,680,4,2,2,0,2,1,0,0,1,0,5,0,0
201600032770,16,1,14,1850,5,2,3,1,6,66,4807086,733506,680,3,2,3,2,1,1,0,140,1,0,1,99,0
201600032771,16,1,19,1445,1,2,2,1,6,66,4808091,734682,680,4,2,3,2,1,1,0,130,1,0,1,99,0
201600032772,16,1,23,1100,1,2,2,1,2,66,4807823,733276,680,3,3,4,1,1,1,120,230,1,0,0,99,0
201600032773,16,2,29,1648,1,2,1,1,6,66,4808177,734466,680,4,2,2,2,1,1,0,70,1,0,1,0,0
201600032774,16,2,25,1830,2,2,1,1,3,66,4807294,736611,680,3,3,4,2,1,1,10,145,1,0,1,99,0
201600032775,16,3,4,1908,5,2,1,3,6,66,4807208,733792,680,3,2,4,0,1,1,0,140,2,0,1,0,0
201600032776,16,4,3,745,1,2,6,1,6,66,4807461,734386,680,3,2,2,0,0,0,0,0,0,0,0,0,0
201600032777,16,4,4,710,1,1,6,1,3,66,4809229,734891,680,3,3,4,2,2,1,26,68,1,2,1,0,0
201600032778,16,4,8,1530,1,2,5,1,3,66,4807421,735258,680,4,1,1,0,1,1,0,55,1,0,1,99,0
201600032779,16,4,28,1550,1,2,1,1,2,66,4808442,734368,680,3,2,2,2,1,1,0,70,1,0,1,3,0
201600032780,16,4,29,1209,1,2,1,1,6,66,4808369,735332,680,4,1,2,0,1,1,0,85,1,0,4,99,0
201600032781,16,3,31,2200,5,2,3,1,3,66,4807991,737778,680,3,2,3,2,1,1,0,100,1,0,1,0,0
201600032782,16,5,23,1934,2,2,4,2,3,66,4808291,736299,680,3,3,4,2,1,1,10,160,2,0,1,99,0
201600032783,16,5,4,1438,1,2,2,1,3,66,4808355,736582,680,3,2,2,2,1,1,0,120,1,0,1,0,0
201600032784,16,4,5,1030,1,2,1,3,6,66,4808062,733495,680,4,2,2,2,1,1,0,100,2,0,1,99,0
201600032785,16,6,10,1400,1,2,3,1,2,66,4807084,736580,680,3,3,4,2,1,1,20,160,1,0,0,0,0
201600032786,16,6,1,1656,1,2,1,1,6,66,4808093,734222,680,4,2,2,0,1,1,0,63,1,0,1,0,0
201600032787,16,7,7,2034,2,2,2,7,6,66,4808301,736089,680,4,1,2,2,1,1,0,89,1,0,1,3,0
201600032788,16,7,19,1115,1,2,2,1,6,66,4807480,736341,680,4,2,2,0,1,1,0,80,1,0,0,99,0
201600032789,16,7,20,2103,1,2,2,1,3,66,4808144,737325,680,3,1,3,0,1,1,0,118,1,0,0,0,0
201600032790,16,7,19,925,1,2,6,1,3,66,4809435,736182,680,4,3,4,1,1,1,10,140,1,0,1,99,0
201600032791,16,8,2,1148,1,2,1,1,6,66,4807083,735137,680,4,2,3,0,1,1,0,110,1,0,1,3,0
201600032792,16,8,12,1543,1,2,2,1,6,66,4806759,734410,680,3,2,2,2,1,1,0,120,1,0,1,99,0
201600032793,16,9,1,1340,1,2,2,1,6,66,4808001,734647,680,4,2,2,0,1,1,0,60,1,0,1,3,0
201600032794,16,9,12,1949,2,2,1,1,6,66,4807794,736125,680,4,2,0,0,1,1,0,44,1,6,1,99,0
201600032796,16,10,10,1006,1,2,3,1,3,66,4808345,735057,680,3,2,2,2,2,2,0,95,1,0,5,3,0
201600032800,16,11,3,910,1,2,2,1,3,66,4807032,735341,680,4,2,4,2,1,1,0,100,1,5,1,0,0
201600032801,16,11,14,803,2,2,2,1,3,66,4807978,733745,680,4,2,3,2,1,1,0,110,1,0,1,99,0
201600032804,16,11,22,1015,1,1,1,1,6,66,4813908,745946,680,2,2,2,0,1,2,0,51,1,0,1,0,0
201600032805,16,11,12,1535,1,1,1,1,6,66,4807338,733902,680,5,1,1,0,1,2,0,40,1,0,1,0,0
201600032807,16,1,8,1837,5,2,1,2,6,224,4773638,729347,680,4,2,2,0,2,1,0,170,2,0,1,0,0
201600032808,16,1,16,10,5,2,3,1,3,224,4774516,732649,680,4,2,2,2,1,3,0,130,1,0,1,0,0
201600032809,16,1,25,1110,1,2,2,1,1,224,4776047,732629,680,4,2,2,0,1,1,0,85,1,0,1,0,0
201600032810,16,2,13,1900,5,2,1,2,6,271,4774741,735879,680,3,2,2,2,1,1,22,100,2,0,1,0,0
201600032811,16,2,19,1304,1,2,3,1,3,224,4775688,732303,680,4,2,2,0,1,1,0,66,1,0,1,0,0
201600032812,16,2,26,2055,5,2,1,1,3,224,4754500,719464,680,4,0,1,1,1,1,0,69,1,0,1,99,0
201600032814,16,3,8,2020,5,2,2,1,6,224,4774929,732265,680,4,2,2,0,1,1,0,56,2,0,1,99,0
201600032815,16,3,11,1630,1,2,2,1,6,224,4775658,733538,680,4,1,8,0,1,1,0,80,1,0,0,99,0
201600032816,16,3,22,1710,1,2,1,1,6,224,4775248,731087,680,4,2,2,0,1,1,0,78,1,0,1,3,0
201600032817,16,4,25,146,3,1,1,1,7,224,4775659,730002,680,1,0,5,0,1,1,84,175,1,0,1,0,0
201600032819,16,4,26,1730,1,2,3,2,3,224,4777139,732700,680,3,2,2,2,1,1,0,85,2,0,1,99,0
201600032820,16,5,11,2300,5,2,2,1,3,224,4775338,734425,680,4,0,2,0,1,1,0,85,1,0,0,99,0
201600032821,16,5,17,741,1,2,1,1,7,224,4774600,732950,680,4,2,2,0,1,1,0,69,1,0,1,0,0
201600032822,16,5,20,800,1,2,3,1,3,224,4745094,718404,680,4,0,2,0,1,1,0,0,1,0,0,3,0
201600032823,16,5,31,2223,5,2,1,1,6,224,4775813,735141,680,9,0,0,3,1,1,0,29,1,6,0,99,0
201600032824,16,6,4,2255,5,2,6,1,6,224,4774350,733422,680,4,0,3,0,1,1,0,0,1,0,0,99,0
201600032825,16,6,23,1054,1,2,1,1,7,224,4774280,733561,680,9,2,0,0,1,1,0,102,1,0,1,0,0
201600032826,16,6,23,955,1,2,2,1,3,224,4774325,734158,680,4,1,2,0,1,1,0,74,1,0,0,0,0
201600032827,16,6,28,1710,1,2,1,1,6,224,4777911,733913,680,4,0,0,0,1,1,0,0,1,0,0,99,0
201600032828,16,6,29,1919,1,2,1,1,5,224,4776467,732391,680,4,2,2,0,2,1,40,40,1,5,1,99,0
201600032829,16,6,30,815,1,2,2,1,3,224,4774322,731053,680,4,3,0,3,1,1,0,0,1,0,1,0,0
201600032830,16,7,5,600,1,1,1,1,4,195,4774789,727785,680,1,0,2,0,1,1,0,0,1,0,0,0,0
201600032831,16,6,30,1920,1,2,1,1,1,224,4774357,730878,680,4,2,2,0,2,1,0,0,1,0,4,0,0
201600032833,16,8,6,1125,1,2,1,1,7,224,4775166,732919,680,4,1,1,0,1,1,0,0,1,0,1,99,0
201600032835,16,9,22,452,5,2,2,1,3,224,4774303,732466,680,4,2,3,0,1,1,0,0,1,0,1,99,0
201600032837,16,10,13,748,1,2,3,1,3,224,4775481,735913,680,4,2,2,0,1,1,0,0,1,5,1,0,0
201600032838,16,10,19,2016,5,2,2,1,1,224,4777334,732898,680,4,2,2,0,0,0,0,0,0,0,1,0,0
201600032842,16,4,2,945,1,2,1,1,6,297,4758692,756277,680,3,2,3,0,1,1,0,120,1,0,1,0,0
201600032843,16,4,26,1755,1,2,1,2,3,297,4759852,755163,680,3,2,2,2,1,1,0,128,2,0,1,99,0
201600032844,16,5,3,1618,1,2,1,1,6,297,4758457,756504,680,3,2,2,0,1,1,0,88,1,0,1,0,0
201600032845,16,6,5,1700,1,2,1,1,2,297,4759939,754852,680,4,2,2,0,1,2,0,68,1,0,4,99,0
201600032846,16,5,9,945,1,2,3,1,3,297,4757717,754981,680,3,2,2,0,1,1,0,94,1,0,1,0,0
201600032847,16,8,13,1830,1,2,1,1,6,297,4760626,754154,680,6,0,0,0,1,1,0,50,1,0,1,0,0
201600032848,16,8,23,1110,1,2,2,1,1,297,4758635,756611,680,9,2,2,0,1,1,0,30,1,0,1,0,0
201600032849,16,9,22,2200,3,2,3,1,6,149,4759477,758814,680,4,2,2,0,1,2,0,65,1,0,3,99,0
201600032850,16,11,9,745,2,2,1,1,6,297,4759350,755549,680,3,2,2,0,1,1,30,500,1,5,1,99,0
201600032851,16,11,10,1700,5,2,1,2,6,297,4758658,756315,680,3,2,3,0,1,1,0,100,2,0,1,99,0
201600032852,16,3,18,1410,1,2,6,1,3,297,4760416,753036,680,4,1,1,0,1,2,0,70,1,5,1,99,0
201600032853,16,3,11,2040,5,2,3,1,3,166,4777781,731851,680,3,2,2,2,1,1,0,116,1,0,1,99,0
201600032854,16,6,23,2055,1,2,2,1,6,376,4780978,733746,680,3,2,2,2,1,1,0,125,1,5,0,99,0
201600032855,16,7,21,1010,1,2,1,1,6,166,4779427,733108,680,4,2,2,0,1,1,0,70,1,0,4,0,0
201600032856,16,9,25,850,1,1,1,1,3,376,4780678,730220,680,3,3,4,0,1,1,25,140,1,0,1,0,0
201600032859,16,7,8,2055,1,2,1,1,7,378,4582000,519000,10,4,2,2,0,1,2,0,60,1,0,1,99,0
201600032863,16,9,5,2245,3,1,1,2,6,434,4599184,512744,10,3,2,2,0,1,1,0,60,1,0,3,99,1
201600032865,16,12,15,1930,3,2,1,1,6,450,4592361,522409,10,4,2,1,0,1,1,0,40,2,0,1,0,0
201600032870,16,7,16,1715,1,2,1,1,6,262,4586217,505446,10,3,2,2,0,1,0,0,52,1,0,3,99,0
201600032872,16,9,20,2000,5,2,6,1,3,333,4592582,495089,10,3,1,1,0,1,2,0,42,1,5,1,99,0
201600032873,16,10,10,1845,2,1,1,1,1,424,4588906,496975,10,3,2,0,0,1,1,0,60,1,0,1,99,0
201600032874,16,10,18,1745,1,1,1,1,2,383,4610327,513471,10,3,2,2,0,2,1,0,74,1,0,1,0,0
201600032875,16,11,6,1530,1,1,1,1,6,261,4595721,495336,10,4,2,0,0,1,2,0,0,2,0,3,0,0
201600032877,16,12,8,720,2,1,4,4,3,443,4601466,505068,10,3,0,0,0,0,0,0,60,7,0,1,0,0
201600032878,16,12,14,845,1,1,1,5,1,424,4587507,498108,10,3,2,0,0,2,1,0,61,2,0,1,99,0
201600032880,16,1,7,1915,5,2,3,8,3,91,4558302,477683,690,3,2,0,0,1,0,0,102,0,0,1,0,0
201600032882,16,1,16,1210,1,2,1,1,5,91,4558389,477656,690,3,2,2,0,1,0,23,100,1,0,1,99,0
201600032883,16,1,21,650,3,1,1,1,6,91,4557950,473387,690,3,2,2,0,1,2,0,71,9,0,3,99,0
201600032884,16,1,24,1600,1,2,1,1,1,91,4559217,476834,690,4,2,2,0,1,1,0,52,1,2,1,3,0
201600032888,16,3,22,845,1,2,3,1,3,91,4559638,476666,690,2,2,2,0,1,2,7,100,1,5,1,99,0
201600032889,16,4,8,1735,1,2,1,1,2,91,4559508,476958,690,3,2,1,0,1,1,0,88,1,0,1,0,0
201600032891,16,5,8,1547,1,2,1,1,2,91,4558890,477091,690,3,2,0,1,1,1,0,109,1,6,1,99,0
201600032892,16,5,8,1645,1,2,1,1,1,96,4536028,446247,690,4,2,2,0,1,3,0,78,1,0,1,0,0
201600032893,16,5,28,2240,5,2,1,1,6,91,4534035,447472,690,4,2,2,0,1,1,18,64,1,0,1,3,0
201600032895,16,6,11,215,4,1,1,1,6,91,4557916,472516,690,3,0,1,0,1,0,0,0,1,0,3,99,0
201600032896,16,6,18,10,5,1,1,1,7,91,4558347,476605,690,4,0,0,0,2,3,0,0,0,0,0,0,0
201600032897,16,7,5,1830,1,2,3,1,6,91,4560391,476327,690,4,2,2,0,3,3,0,90,1,0,0,0,0
201600032900,16,8,16,1800,1,2,1,1,6,91,4557652,478905,690,3,2,2,0,1,1,0,101,1,0,4,0,0
201600032902,16,8,23,1630,1,1,1,1,3,91,4557675,475016,690,3,2,2,0,2,4,0,63,1,0,1,99,0
201600032903,16,9,1,655,1,2,2,1,3,91,4560191,477022,690,3,1,1,0,1,1,0,73,1,5,1,99,0
201600032904,16,9,6,545,5,2,1,2,6,91,4535129,523900,690,4,2,3,0,1,1,0,90,2,0,1,99,0
201600032909,16,9,28,1930,1,2,1,1,6,96,4561053,479702,690,3,2,2,1,1,1,0,80,1,0,1,99,1
201600032912,16,11,3,835,1,2,1,1,6,91,4557727,472211,690,3,3,1,0,1,0,0,72,1,0,3,99,0
201600032915,16,11,25,1910,5,2,1,1,6,91,4558918,477091,690,4,3,4,0,1,1,0,0,1,0,1,99,0
201600032916,16,11,26,1800,5,2,3,1,3,91,4558317,474350,690,3,2,1,0,1,1,60,60,2,5,1,99,0
201600032918,16,12,11,1830,2,1,1,1,3,91,4558459,474117,690,3,2,2,0,2,1,0,86,1,0,1,99,0
201600032920,16,4,9,400,5,2,1,1,6,264,4500000,400000,690,4,2,2,0,1,1,0,61,1,0,1,0,0
201600032921,16,4,19,1735,1,2,1,1,6,92,4598686,470541,690,3,2,1,0,1,1,0,65,1,0,1,0,0
201600032925,16,7,26,1945,1,1,1,1,6,264,4598419,472027,690,4,2,4,3,1,1,0,30,1,0,1,99,0
201600032928,16,9,17,530,5,2,1,8,6,264,4320000,310000,690,3,2,4,0,2,1,0,150,2,0,1,99,0
201600032930,16,10,15,830,2,1,1,1,3,92,4597928,468543,690,3,2,2,0,1,2,0,0,2,0,1,99,1
201600032933,16,12,2,815,2,2,3,5,3,264,4597431,474787,690,4,2,2,0,1,1,0,51,1,0,1,99,1
201600032934,16,12,12,1830,5,2,2,1,1,264,4598241,471910,690,4,2,2,0,1,1,0,66,1,0,1,99,0
201600032935,16,12,9,1230,1,2,1,1,6,264,4599888,471638,690,4,2,2,0,1,1,0,93,1,0,1,99,0
201600032936,16,12,20,2338,3,1,1,8,6,13,4601872,468244,690,3,2,2,0,4,3,60,30,2,0,1,0,1
201600032938,16,12,23,1230,1,1,2,1,6,290,4569541,494235,690,4,2,2,0,1,1,0,57,1,0,1,0,0
201600032939,16,1,13,855,1,2,2,1,1,271,4572547,497052,690,3,0,2,0,0,0,0,0,0,0,1,0,0
201600032942,16,1,14,2200,5,2,2,8,4,290,4571111,490220,690,3,2,4,0,1,1,0,185,2,5,0,99,0
201600032943,16,1,25,1730,1,2,1,1,6,266,4577408,490245,690,4,2,2,0,1,1,0,79,1,0,1,0,0
201600032945,16,1,27,745,5,2,1,1,6,266,4578296,488069,690,4,2,2,0,1,1,0,70,1,0,1,3,0
201600032946,16,1,28,822,1,2,1,1,6,275,4546000,456000,690,4,2,2,0,1,1,0,71,1,0,1,3,0
201600032947,16,1,29,2045,5,2,2,1,5,282,4577545,499182,690,4,0,2,0,1,1,0,48,1,0,1,99,0
201600032950,16,2,1,2110,3,2,1,1,6,275,4577131,496101,690,4,2,2,0,2,3,0,103,1,0,0,99,0
201600032951,16,2,5,925,1,2,2,1,2,275,4576666,495000,690,3,2,2,0,1,1,0,100,1,0,0,0,0
201600032952,16,2,10,2120,5,2,9,2,6,266,4576030,490041,690,4,2,2,0,1,1,0,85,2,0,1,0,0
201600032955,16,2,13,1445,1,2,4,1,6,256,4578677,492061,690,4,2,0,0,1,1,0,0,1,0,1,99,0
201600032956,16,2,13,1412,1,1,2,2,3,290,4858114,259245,690,4,2,2,0,1,1,0,50,1,0,1,99,0
201600032957,16,1,25,1420,1,2,1,1,6,266,4576366,487183,690,4,2,2,0,0,0,0,0,0,0,1,0,0
201600032958,16,2,17,2030,5,1,1,1,6,271,4573125,497638,690,3,2,2,0,1,2,0,82,1,0,3,99,0
201600032959,16,2,18,1750,1,2,2,1,3,266,4577522,488022,690,4,1,1,1,1,1,0,47,1,6,1,3,0
201600032960,16,2,15,1540,1,2,1,1,4,290,4569400,494600,690,4,1,2,2,2,1,0,30,1,0,1,0,0
201600032961,16,2,22,1100,1,2,2,1,3,266,4575536,488736,690,4,1,1,0,1,1,0,0,1,0,1,0,0
201600032962,16,2,22,1850,5,1,1,2,1,282,4576666,498333,690,3,3,2,0,1,0,0,0,2,0,1,99,0
201600032963,16,2,22,2010,5,2,1,2,6,29,4574455,493102,690,4,3,2,0,1,1,10,74,2,0,4,99,0
201600032966,16,2,28,700,2,2,1,1,7,266,4578581,487321,690,2,3,2,0,1,1,0,0,1,0,1,99,0
201600032967,16,3,2,1700,1,2,1,2,6,271,4574227,494294,690,4,1,2,0,1,3,0,80,2,0,1,99,0
201600032970,16,3,3,1300,1,1,2,2,3,266,4576662,490253,690,4,1,1,0,1,1,0,0,2,5,1,0,0
201600032972,16,2,3,1130,1,2,1,1,6,29,4575800,490867,690,3,0,0,0,0,0,0,0,1,3,0,0,0
201600032974,16,2,29,943,1,2,1,1,3,29,4573200,488849,690,4,0,3,0,1,1,0,0,1,5,1,99,0
201600032975,16,3,8,350,5,2,1,1,6,266,4576833,490533,690,4,0,4,0,2,3,0,67,1,2,3,0,0
201600032976,16,3,8,1645,1,2,1,1,6,29,4574005,489747,690,5,4,1,3,1,0,0,0,1,0,0,99,0
201600032977,16,3,9,1620,1,2,2,2,6,266,4577522,488019,690,4,1,1,1,0,0,0,0,2,0,1,0,0
201600032978,16,3,9,1730,1,2,2,2,3,266,4576180,488474,690,4,2,2,0,1,1,0,0,2,0,1,0,0
201600032979,16,2,27,1100,1,2,1,1,3,256,4576166,493694,690,9,2,2,2,1,1,0,80,1,0,5,99,0
201600032980,16,3,11,1310,1,1,1,1,6,256,4578322,492380,690,4,2,2,0,1,1,0,78,1,0,1,0,0
201600032981,16,3,15,950,1,2,1,1,6,266,4578252,487123,690,4,2,2,0,1,1,0,58,1,6,1,3,0
201600032982,16,3,15,1501,1,2,1,1,6,266,4577640,486728,690,4,2,4,3,1,1,0,0,1,4,1,99,0
201600032983,16,3,15,2000,5,2,1,1,5,282,4577663,499808,690,4,2,2,0,1,1,0,67,1,0,1,0,0
201600032984,16,3,4,2020,5,2,1,3,5,275,4577963,494675,690,4,2,1,0,1,1,0,68,2,0,1,99,0
201600032985,16,3,19,1400,1,2,2,1,6,290,4568419,494763,690,4,2,2,2,1,3,0,0,1,0,1,99,0
201600032986,16,3,22,1820,1,2,3,1,5,282,4577325,500450,690,4,2,2,0,1,1,0,63,1,0,0,0,0
201600032987,16,3,24,840,1,2,1,1,6,266,4575983,489574,690,4,2,2,0,1,1,0,0,1,0,1,0,0
201600032989,16,3,29,840,1,2,9,1,1,266,4578172,488685,690,4,2,4,3,1,1,0,0,1,0,1,99,0
201600032991,16,4,1,1154,1,2,1,1,3,282,4576666,498333,690,4,2,3,0,1,1,0,142,1,0,1,99,0
201600032993,16,4,6,1310,1,2,2,1,5,256,4546429,550830,690,4,2,0,0,1,1,0,0,1,5,1,3,0
201600032994,16,4,8,725,1,2,2,1,1,290,4570827,491808,690,4,2,2,0,1,1,20,160,1,0,1,99,0
201600032996,16,4,11,330,5,2,1,1,6,266,4577308,486658,690,4,2,2,0,1,1,0,68,1,0,3,0,1
201600032998,16,4,13,1825,1,2,1,1,3,266,4576041,488069,690,4,2,2,0,1,1,0,78,1,0,1,0,0
201600032999,16,4,14,1230,1,2,1,1,3,266,4575030,491117,690,4,2,4,3,1,1,0,0,1,0,1,0,0
201600033000,16,4,14,2155,5,2,2,1,3,256,4577677,491536,690,4,2,2,1,1,1,0,100,1,0,1,0,0
201600033001,16,4,17,330,5,2,1,1,6,290,4570600,499075,690,3,3,2,0,1,1,0,0,1,0,4,0,0
201600033003,16,4,17,1703,1,2,2,2,3,29,4573066,491727,690,4,2,0,0,0,0,0,130,2,5,1,0,0
201600033004,16,4,17,1832,1,2,3,1,3,290,4570075,493569,690,4,0,0,0,1,1,0,0,1,0,0,0,0
201600033005,16,4,18,1340,1,2,2,8,3,290,4570747,490769,690,3,2,8,0,1,1,30,260,1,0,1,99,0
201600033007,16,4,22,1630,1,2,9,1,3,290,4541103,562780,690,4,0,2,0,1,1,0,0,1,0,1,99,0
201600033009,16,4,28,2038,1,2,1,1,6,256,4578716,492513,690,4,2,2,0,1,1,0,60,1,0,1,0,0
201600033010,16,4,27,1101,1,2,2,1,3,256,4576694,493261,690,4,2,4,0,1,1,26,116,1,5,1,99,0
201600033012,16,4,27,2008,1,1,1,1,6,29,4572720,490150,690,6,0,0,0,1,1,0,0,1,0,1,0,0
201600033013,16,5,3,715,1,2,2,1,6,266,4546170,451420,690,4,2,2,0,1,1,0,0,1,0,1,99,0
201600033015,16,5,6,1400,1,2,3,1,3,256,4546375,454529,690,4,2,2,0,1,1,0,0,1,0,1,99,0
201600033017,16,5,9,1515,1,2,3,2,3,282,4546191,500582,690,4,2,2,0,1,1,0,84,2,0,1,0,0
201600033018,16,4,30,120,5,2,2,1,1,266,4577080,486033,690,4,2,2,0,1,0,0,0,1,0,0,99,0
201600033021,16,5,13,850,1,2,2,3,6,275,4545502,457221,690,4,2,2,0,1,1,0,0,2,0,1,3,0
201600033022,16,5,13,1420,1,2,2,2,5,266,4574926,491424,690,3,2,2,0,0,0,0,71,0,0,1,0,0
201600033023,16,5,13,1410,1,2,3,8,3,256,4546436,454563,690,4,1,0,0,1,1,0,0,2,0,1,99,0
201600033024,16,5,7,1845,1,2,2,1,3,256,4545490,456006,690,4,2,2,1,1,1,0,53,1,5,1,99,0
201600033026,16,5,14,535,5,2,1,8,6,275,4546000,457000,690,3,2,2,0,1,1,0,70,1,0,1,99,0
201600033027,16,5,10,1825,1,2,9,1,6,256,4546373,455141,690,4,2,2,0,1,1,0,40,1,0,1,99,0
201600033029,16,5,24,510,5,2,1,1,6,256,4547007,455081,690,4,2,2,0,1,1,0,64,1,0,4,3,0
201600033030,16,5,19,720,1,2,2,1,3,256,4545492,455596,690,4,3,2,0,1,1,44,60,1,0,1,99,0
201600033031,16,5,26,900,1,2,2,1,6,256,4546397,455060,690,4,2,2,3,1,1,0,0,1,0,1,3,0
201600033032,16,5,27,1205,1,2,1,1,6,266,4545467,452379,690,4,2,2,3,1,1,0,98,1,0,1,0,0
201600033033,16,5,27,2330,5,2,1,1,6,266,4545523,454439,690,4,2,1,0,1,1,0,40,1,0,1,99,0
201600033034,16,5,30,830,1,2,2,1,3,256,4546423,455451,690,4,2,0,0,1,1,0,72,2,0,1,3,0
201600033035,16,4,28,1515,1,2,2,1,3,266,4575816,489333,690,4,0,2,0,0,0,0,0,0,0,1,0,0
201600033036,16,5,12,945,1,2,2,1,3,29,4543480,453285,690,4,3,6,0,1,1,0,0,1,0,1,0,0
201600033037,16,5,31,1600,1,2,3,8,6,256,4546118,454533,690,4,2,2,0,1,1,0,84,2,0,1,99,0
201600033038,16,6,1,2320,5,2,4,1,3,266,4577077,486711,690,4,2,4,1,1,0,0,160,1,0,1,99,0