Num_Acc,an,mois,jour,hrmn,lum,agg,int,atm,col,com,lat,long,dep,catr,circ,nbv,vosp,prof,plan,lartpc,larrout,surf,infra,situ,env1,killed
201600033040,16,6,2,1330,1,2,6,3,6,256,4578858,490663,690,4,1,2,0,1,3,0,0,2,5,1,99,0
201600033041,16,6,2,1858,1,2,2,1,3,266,4577116,489366,690,4,2,2,0,1,1,0,0,2,0,1,99,0
201600033042,16,6,2,2300,5,2,1,2,6,266,4578097,490163,690,4,2,2,0,1,1,0,63,2,0,0,0,0
201600033043,16,5,26,1615,1,2,2,1,3,290,4542566,457429,690,2,3,4,1,1,1,0,0,1,0,1,99,0
201600033044,16,6,1,1656,1,1,2,1,3,290,4571197,492044,690,4,2,2,1,0,0,0,0,0,0,1,0,0
201600033045,16,6,5,1450,1,2,2,1,6,266,4576469,488044,690,4,2,2,3,1,1,0,0,1,0,1,99,0
201600033047,16,6,6,910,1,2,3,1,6,290,4568794,493819,690,4,2,1,0,1,1,0,72,1,0,1,0,1
201600033048,16,6,6,1405,1,2,5,1,3,266,4576980,488988,690,4,0,2,0,1,1,0,29,1,0,1,99,0
201600033049,16,6,7,750,1,2,6,1,3,256,4577236,493386,690,4,2,4,0,2,1,47,140,1,2,1,99,0
201600033052,16,6,10,1450,1,2,2,1,1,266,4576732,487385,690,4,2,2,0,1,1,0,0,1,0,1,0,0
201600033054,16,6,11,2240,5,2,5,1,3,256,4577255,491222,690,4,2,2,0,1,1,0,0,1,0,0,99,0
201600033055,16,6,5,1600,1,2,1,1,1,290,4569461,494030,690,4,2,2,0,1,1,0,160,1,0,1,3,0
201600033056,16,6,13,1515,1,2,1,2,1,266,4576688,489608,690,4,1,1,0,1,1,0,0,2,0,1,0,0
201600033057,16,6,11,2005,1,2,1,1,6,256,4578013,491419,690,4,2,2,0,1,1,0,68,1,0,1,3,0
201600033061,16,6,6,2030,2,2,9,1,6,29,4574613,491747,690,4,2,0,0,1,1,0,57,1,0,0,0,0
201600033062,16,6,19,2030,1,1,3,1,2,271,4574005,495291,690,3,2,3,1,1,1,0,105,1,0,1,0,0
201600033063,16,6,19,1920,1,2,1,2,6,282,4577002,498605,690,3,2,3,0,1,1,0,105,2,0,1,99,0
201600033065,16,6,21,1345,1,2,1,1,6,266,4577883,489191,690,4,2,2,0,1,1,0,0,1,0,1,99,0
201600033066,16,6,22,615,2,2,1,1,6,266,4576944,489511,690,4,1,2,1,1,1,0,0,1,0,1,99,0
201600033068,16,6,23,2045,1,2,3,1,3,29,4574838,491994,690,4,2,4,0,1,1,0,120,1,0,1,0,0
201600033071,16,6,25,2245,3,2,1,1,6,256,4577780,492713,690,4,2,2,0,1,1,0,70,1,0,1,0,0
201600033073,16,6,13,1910,1,2,3,2,1,290,4572058,492272,690,4,1,1,0,2,3,0,47,2,0,1,99,0
201600033074,16,6,15,1210,1,2,1,1,3,290,4572116,493363,690,3,2,3,0,1,0,0,0,0,2,1,99,0
201600033075,16,6,26,1710,1,2,3,1,6,275,4575766,497111,690,4,2,2,0,2,3,0,70,1,0,1,0,0
201600033080,16,7,6,1935,1,1,2,1,2,290,4570802,491822,690,4,3,4,0,1,1,35,60,1,0,1,99,0
201600033081,16,7,8,2105,1,2,1,1,7,275,4577075,498341,690,4,1,1,0,2,1,38,33,1,0,1,99,0
201600033083,16,7,14,110,5,2,2,1,3,266,4576661,490252,690,4,1,1,0,2,1,0,0,1,0,1,0,0
201600033084,16,7,14,1400,1,2,6,1,6,290,4570888,493913,690,4,3,2,1,1,3,0,0,1,6,1,99,0
201600033085,16,7,14,1615,1,2,1,8,6,266,4576533,487777,690,4,1,1,0,0,1,0,0,2,0,1,0,0
201600033088,16,7,16,1655,1,2,1,1,6,266,4576205,488058,690,4,1,2,3,1,1,0,0,1,0,1,99,0
201600033091,16,7,20,40,5,2,1,1,6,266,4578536,487283,690,4,3,4,0,1,1,50,60,1,0,1,3,1
201600033092,16,7,19,1755,1,2,3,1,3,282,4577661,499144,690,3,2,2,0,1,1,0,80,1,0,1,0,0
201600033093,16,7,20,1855,1,2,1,1,2,266,4576530,490230,690,4,1,2,0,1,1,0,100,1,0,1,99,0
201600033094,16,7,23,1420,1,2,3,1,3,275,4546000,456000,690,3,2,2,0,1,1,0,85,1,0,1,99,0
201600033095,16,7,27,2005,1,2,1,1,6,256,4574850,491958,690,3,2,4,0,1,1,0,120,1,0,1,0,1
201600033096,16,7,27,2030,1,2,1,1,6,290,4568591,494669,690,3,3,0,0,1,1,0,0,1,0,1,0,0
201600033099,16,7,31,1435,1,2,2,1,3,266,4576955,487950,690,4,1,1,0,1,1,0,0,1,0,1,99,0
201600033100,16,8,1,1810,1,2,1,1,1,266,4516103,452456,690,4,2,3,0,1,1,0,0,1,0,1,0,0
201600033102,16,7,30,850,1,2,2,1,3,256,4576363,493311,690,4,2,2,0,1,1,0,70,1,4,1,99,0
201600033104,16,8,5,1730,1,2,1,1,1,256,4545416,555360,690,4,2,0,0,1,1,0,58,1,0,1,99,0
201600033105,16,8,8,1710,1,2,2,1,3,266,4545363,250600,690,4,2,0,0,1,1,0,0,1,0,1,0,0
201600033106,16,8,9,910,1,2,1,1,6,266,4578280,489019,690,4,2,4,3,1,1,0,0,1,0,1,0,0
201600033107,16,7,19,915,1,2,3,7,3,282,4576666,498333,690,3,2,2,0,1,1,0,90,1,0,1,99,0
201600033108,16,8,10,1530,1,2,1,1,3,266,4577785,489210,690,4,2,2,0,1,1,0,60,1,0,1,0,0
201600033109,16,8,9,1850,1,2,1,1,6,275,4576841,493961,690,3,2,2,0,1,1,0,0,1,0,4,99,0
201600033110,16,7,29,900,1,2,1,1,3,266,4577280,485777,690,4,2,2,0,1,1,0,58,1,0,1,0,0
201600033111,16,8,16,1730,1,2,4,1,1,290,4570466,489594,690,4,2,2,0,1,1,0,104,1,0,1,99,0
201600033112,16,8,7,1130,1,2,6,1,6,275,4576666,496666,690,4,2,2,0,1,1,40,130,1,0,1,3,0
201600033113,16,8,23,1820,1,2,1,1,2,290,4572036,494105,690,3,2,4,0,1,2,0,143,1,0,3,0,1
201600033114,16,8,22,1120,1,2,1,1,6,256,4545417,455027,690,4,2,1,0,1,1,0,0,1,0,1,0,0
201600033115,16,8,26,1000,1,2,1,1,3,266,4577508,488033,690,4,1,0,2,1,1,0,32,1,0,1,0,1
201600033116,16,8,27,550,5,2,8,1,6,282,4577330,498988,690,4,2,1,0,1,3,0,66,1,4,1,99,0
201600033118,16,8,2,1020,1,2,3,1,6,266,4545499,452007,690,4,1,1,0,1,1,0,61,1,5,1,99,0
201600033120,16,9,1,2010,5,2,3,1,3,271,4545302,458340,690,4,2,2,0,1,1,0,64,1,0,1,0,0
201600033121,16,9,4,1515,1,2,2,1,1,256,4546017,555880,690,4,3,2,0,1,1,52,120,1,5,1,99,0
201600033122,16,9,4,200,5,2,2,1,3,290,4542013,442130,690,3,3,6,3,1,1,20,194,1,0,1,99,0
201600033123,16,9,6,810,1,2,1,1,6,256,4547040,555800,690,4,2,2,0,1,1,0,87,1,0,1,99,0
201600033125,16,9,12,1010,1,2,2,1,5,266,4577272,486194,690,4,3,4,1,1,1,33,124,1,0,1,0,0
201600033126,16,9,13,610,1,2,1,1,3,29,4572786,491597,690,4,2,2,0,1,1,0,155,1,0,4,99,0
201600033127,16,9,13,1715,1,2,1,1,6,29,4573722,489808,690,4,2,0,3,1,0,0,60,1,4,0,99,0
201600033128,16,9,13,2000,2,2,3,1,3,271,4574855,497833,690,4,1,1,0,1,0,0,38,1,0,0,0,0
201600033130,16,9,16,1500,1,1,2,1,3,290,4570483,491544,690,4,2,2,0,1,1,0,0,1,0,1,0,0
201600033131,16,9,16,2100,5,2,2,2,3,266,4577873,488023,690,4,3,0,0,1,1,0,0,2,0,1,0,0
201600033132,16,9,20,1045,1,2,1,1,3,266,4576113,488414,690,4,1,2,3,1,1,0,0,1,0,1,99,0
201600033133,16,9,22,1600,1,2,2,1,1,256,4578676,492133,690,4,2,2,0,1,1,0,0,1,5,1,99,0
201600033135,16,9,24,1230,1,2,2,1,3,275,4577000,496000,690,4,2,2,0,1,1,0,73,1,0,1,99,1
201600033137,16,9,27,830,1,2,1,1,2,290,4570845,490623,690,3,2,2,0,1,1,0,248,1,0,1,99,0
201600033139,16,9,28,1525,1,2,3,1,6,266,4577645,486626,690,4,0,0,0,1,1,0,50,1,0,0,0,0
201600033141,16,9,29,1425,1,2,1,1,3,266,4576039,490199,690,4,2,2,0,1,1,0,141,1,0,1,0,0
201600033142,16,9,30,1730,1,2,3,1,3,290,4570450,498177,690,4,2,0,0,1,1,0,0,1,0,0,99,0
201600033143,16,9,27,2010,5,2,2,1,3,29,4572831,492457,690,4,2,2,0,1,1,0,100,1,5,1,3,0
201600033144,16,10,3,1620,1,1,1,1,3,266,4577077,487039,690,4,2,3,0,1,1,0,0,1,0,1,0,0
201600033145,16,10,4,1350,1,2,1,1,6,266,4575368,490421,690,4,1,1,0,0,0,0,0,0,0,4,0,0
201600033146,16,9,24,1025,1,2,1,1,6,290,4598403,498403,690,6,0,0,0,1,1,0,0,1,0,1,0,0
201600033147,16,9,3,1930,1,2,1,1,6,29,4574401,493218,690,4,2,1,0,1,1,0,0,1,0,1,99,0
201600033148,16,10,7,730,1,1,1,1,6,256,4575673,492126,690,4,2,2,0,1,1,0,53,1,0,1,3,0
201600033149,16,10,1,250,5,2,1,1,2,266,4578543,487391,690,3,1,2,0,0,0,51,62,1,0,1,99,0
201600033150,16,9,19,1800,1,2,5,1,6,266,4577829,487926,690,4,2,2,0,0,0,0,0,0,0,0,0,0
201600033153,16,10,11,2245,5,2,9,1,6,256,4576520,492340,690,4,3,4,0,1,1,23,60,1,5,1,99,0
201600033154,16,10,5,1230,1,2,2,1,3,266,4576955,486721,690,4,1,1,0,1,1,0,73,1,0,1,99,0
201600033155,16,10,13,745,2,2,1,3,6,271,4573872,496475,690,4,2,2,0,1,1,0,74,2,0,1,0,0
201600033156,16,8,31,1250,1,2,1,1,6,266,4575564,488930,690,4,0,0,0,0,0,0,0,0,0,0,0,0
201600033157,16,10,13,1050,1,2,3,2,6,266,4569222,488131,690,4,0,0,0,0,0,0,0,0,0,0,0,0
201600033158,16,10,15,1810,1,2,1,1,3,275,4576000,495000,690,4,2,2,0,1,1,0,90,1,0,1,99,0
201600033159,16,10,2,1015,1,2,3,1,2,266,4577509,486761,690,4,1,1,0,1,0,0,0,1,0,1,99,0
201600033161,16,10,17,2220,4,2,1,1,2,266,4576903,490568,690,4,0,4,0,3,1,0,120,1,2,1,99,0
201600033162,16,10,18,1425,1,2,2,1,3,266,4577286,485885,690,4,2,4,0,1,1,0,0,1,0,0,99,0
201600033163,16,10,18,1800,1,2,3,1,3,266,4577872,489200,690,4,2,2,0,1,1,0,0,1,0,1,99,0
201600033164,16,10,20,1120,1,2,3,1,3,275,4576866,494875,690,4,4,1,0,1,1,0,52,1,0,1,0,0
201600033166,16,10,24,1740,1,2,1,1,6,266,4577486,489352,690,4,2,2,0,1,1,0,0,1,0,1,99,0
201600033167,16,10,27,1850,2,2,1,1,6,266,4576347,490956,690,4,4,0,3,1,0,0,0,1,0,1,0,0
201600033169,16,10,29,1900,5,2,2,1,3,266,4577931,487921,690,4,2,2,0,1,1,0,60,1,0,1,99,0
201600033170,16,10,30,1255,1,2,4,1,3,256,4578230,494252,690,4,2,1,0,1,3,0,0,1,0,1,99,0
201600033171,16,10,29,1600,1,2,1,1,6,275,4577080,495744,690,3,2,0,0,1,1,0,0,1,0,1,99,0
201600033174,16,10,27,1215,1,2,1,1,6,266,4575988,487588,690,4,2,2,0,1,1,0,62,1,0,1,99,0
201600033175,16,11,4,1345,1,1,6,1,3,266,4577954,487508,690,4,2,2,0,1,1,0,75,1,0,5,0,1
201600033177,16,11,10,1615,1,2,1,2,6,290,4569769,493005,690,4,1,1,0,0,0,0,0,0,0,0,0,0
201600033178,16,11,10,2150,5,2,2,2,3,266,4575817,488513,690,4,2,3,0,1,1,0,0,2,5,1,0,0
201600033179,16,11,3,1415,1,2,6,1,7,29,4574586,490441,690,3,2,2,0,1,0,0,80,1,5,1,99,0
201600033180,16,11,12,1430,1,2,1,1,6,256,4578786,490402,690,5,2,2,0,1,1,0,57,1,0,1,99,0
201600033181,16,11,13,500,5,2,2,1,2,266,4576613,489746,690,4,2,2,0,1,1,0,0,1,0,1,0,0
201600033184,16,11,16,1800,5,2,1,1,6,290,4571263,495603,690,4,2,2,2,1,3,0,0,1,5,1,99,0
201600033185,16,11,10,1500,1,2,2,2,3,290,4570641,493492,690,4,4,1,3,1,2,0,0,2,4,1,3,0
201600033186,16,11,19,1005,1,2,6,1,3,271,4574092,496293,690,2,2,1,0,0,0,0,49,2,0,1,0,0
201600033187,16,11,20,1720,5,2,1,1,6,256,4577658,492459,690,5,0,0,0,1,1,0,0,1,6,0,0,0
201600033188,16,11,25,1020,1,2,1,8,6,290,4571489,496422,690,2,2,4,0,1,1,0,66,2,0,1,99,0
201600033189,16,11,25,1444,1,2,3,1,4,256,4576332,493184,690,3,2,2,0,1,1,0,60,1,0,1,99,0
201600033191,16,11,29,1220,1,2,2,1,3,256,4577851,491648,690,3,2,5,3,1,1,0,0,1,5,1,99,0
201600033192,16,12,1,750,1,2,3,5,1,266,4578720,488162,690,4,2,2,0,1,1,0,0,1,0,1,0,0
201600033193,16,12,3,1340,1,2,1,1,6,266,4578058,489233,690,4,2,2,0,0,0,0,0,0,0,4,0,0
201600033194,16,11,30,1110,1,2,1,1,3,290,4568723,493884,690,4,2,2,0,1,1,0,0,1,0,1,0,0
201600033195,16,12,1,740,1,2,1,5,4,266,4578501,486840,690,4,3,4,0,1,1,0,0,1,0,1,99,0
201600033197,16,12,12,715,2,2,2,1,6,266,4577602,488429,690,4,1,1,0,1,1,0,0,1,0,1,99,0
201600033198,16,12,12,820,1,2,2,1,3,29,4574703,490471,690,4,2,2,0,1,1,0,71,1,0,1,99,0
201600033199,16,12,14,1715,5,2,1,1,2,266,4578190,485991,690,4,2,4,3,1,1,0,217,1,0,1,99,0
201600033200,16,12,15,1400,1,2,1,1,3,290,4571540,496264,690,3,3,1,0,0,0,20,144,0,0,1,0,0
201600033203,16,10,30,1535,1,2,2,1,3,290,4571158,490228,690,4,2,2,1,0,0,0,0,0,0,1,0,0
201600033204,16,12,16,1845,5,2,1,1,1,266,4576000,489000,690,4,2,2,0,1,1,0,0,0,0,1,0,0
201600033205,16,12,16,2025,5,2,1,1,5,290,4568719,493857,690,4,2,2,0,1,3,0,0,1,0,1,3,0
201600033206,16,12,18,550,5,1,6,5,7,282,4509570,109030,690,3,2,2,0,0,0,0,156,0,0,3,0,0
201600033207,16,12,15,1010,1,2,2,1,3,290,4571572,496176,690,3,2,4,0,1,1,20,70,1,0,1,99,0
201600033209,16,11,24,630,5,2,2,3,1,266,4576095,488476,690,4,1,1,0,1,1,0,0,2,0,1,0,0
201600033210,16,12,19,850,2,2,1,2,1,275,4519750,711430,690,4,2,2,0,1,1,0,72,2,0,1,0,0
201600033211,16,12,19,1245,1,2,9,2,1,266,4577536,486480,690,4,2,0,0,1,1,0,0,2,0,1,0,0
201600033212,16,12,21,1435,1,2,1,1,1,275,4578000,495000,690,2,2,2,0,1,1,0,76,1,0,1,99,0
201600033213,16,12,22,1905,5,2,1,1,6,266,4578159,488646,690,4,2,4,0,1,1,0,0,1,0,1,99,0
201600033215,16,12,21,1730,1,2,1,1,2,29,4574595,492658,690,4,2,4,3,1,1,0,120,1,0,1,99,0
201600033217,16,12,21,1845,5,2,3,1,5,29,4574100,491900,690,3,2,2,0,1,1,0,90,1,0,1,0,0
201600033218,16,12,28,1155,1,2,1,1,3,290,4571477,490571,690,4,2,4,0,1,1,0,136,1,0,1,0,0
201600033219,16,12,16,1800,5,2,3,1,1,256,4578857,491043,690,4,0,2,0,1,1,40,90,1,0,1,99,0
201600033222,16,6,21,100,5,2,1,1,7,276,4171133,879833,201,3,2,0,0,1,1,0,59,1,0,1,0,1
201600033223,16,4,12,1600,1,1,1,1,1,557,4879520,457663,510,2,2,2,0,3,1,0,80,1,0,1,99,1
201600033224,16,5,7,1830,1,1,1,1,4,195,4876289,458589,510,2,2,2,0,1,1,0,73,1,0,1,99,0
201600033225,16,6,7,1000,1,1,3,1,5,649,4872282,459252,510,3,2,2,0,1,1,0,100,1,0,1,99,0
201600033226,16,7,3,1530,1,1,1,1,6,649,4874900,459500,510,2,2,2,0,2,1,0,110,1,0,1,99,0
201600033227,16,7,19,915,1,1,1,1,5,270,4862304,457155,510,3,2,2,0,3,1,0,76,1,0,1,99,1
201600033228,16,8,7,1945,1,1,6,7,6,649,4872873,458930,510,3,2,4,1,1,1,40,100,1,5,1,99,0
201600033229,16,8,25,1045,1,2,1,1,6,649,4872554,458567,510,4,1,1,0,1,1,0,52,1,0,1,99,0
201600033230,16,9,17,1445,1,1,1,1,6,598,4870613,465843,510,2,2,1,0,1,1,0,178,1,0,1,99,0
201600033231,16,9,24,915,1,2,1,1,2,262,4869621,457784,510,3,2,2,0,1,1,0,58,1,0,1,99,0
201600033232,16,10,1,1645,1,2,1,1,4,195,4876516,458427,510,2,2,3,0,2,3,0,168,1,0,1,99,0
201600033233,16,10,12,1730,1,1,1,1,1,16,4859288,469610,510,3,2,2,0,1,2,0,62,1,0,1,99,1
201600033234,16,12,26,1245,1,1,1,2,2,270,4861510,456757,510,3,2,2,0,1,1,0,76,2,0,1,99,0
201600033235,16,1,1,515,3,1,1,1,7,436,4503450,26734,240,3,2,2,0,0,3,0,0,1,0,3,0,0
201600033236,16,8,1,1000,1,1,3,1,3,299,4502660,37201,240,3,2,2,0,0,1,0,60,1,0,1,0,0
201600033237,16,10,29,800,1,1,1,1,1,462,4504610,36775,240,3,2,2,0,1,1,5,58,1,0,1,99,1
201600033240,16,7,30,1515,1,1,1,1,6,27,4210884,892911,201,3,2,2,0,1,0,0,0,0,0,3,99,0
201600033244,16,9,29,830,1,2,3,2,6,177,4777715,300527,560,4,1,0,0,1,2,0,34,2,0,1,3,0
201600033245,16,2,24,810,1,2,3,5,1,285,4757331,675515,700,4,2,2,0,1,1,0,0,1,5,1,99,0
201600033246,16,4,9,1610,1,2,1,1,5,285,4758211,677011,700,3,2,2,1,1,1,0,102,1,0,5,0,0
201600033247,16,5,25,1845,1,2,1,1,6,285,4757565,674432,700,3,2,2,0,2,3,10,10,1,0,1,0,0
201600033248,16,9,2,1850,1,2,3,1,3,285,4758049,677097,700,4,2,2,0,1,1,0,80,1,0,1,99,0
201600033249,16,9,24,1510,1,2,9,1,3,285,4756834,676017,700,4,2,2,0,1,1,0,0,0,0,1,0,0
201600033253,16,1,4,1550,1,2,1,1,6,550,4763105,616500,700,4,2,2,0,2,3,0,0,1,0,1,99,0
201600033254,16,1,8,2005,5,2,3,1,6,378,4761158,615905,700,4,2,2,0,1,1,0,97,2,0,1,99,0
201600033255,16,1,18,1050,1,2,2,1,6,550,4761585,615274,700,2,2,2,0,1,1,0,68,1,5,1,99,0
201600033256,16,1,31,1805,5,2,1,2,6,550,4762683,614277,700,4,2,2,0,3,1,0,78,2,0,1,99,0
201600033257,16,4,30,2100,5,2,2,2,3,550,4761793,615813,700,4,2,2,0,1,1,0,85,2,5,1,99,0
201600033258,16,6,22,1330,1,1,1,1,3,261,4762363,619673,700,2,2,2,0,1,1,0,80,1,0,1,99,0
201600033259,16,9,4,1030,1,2,1,1,7,550,4762253,615838,700,2,1,1,0,1,1,0,33,1,0,1,99,0
201600033260,16,10,29,1030,1,1,1,1,3,261,4762365,619950,700,3,1,1,0,2,3,0,47,1,3,1,99,0
201600033261,16,11,7,755,2,2,1,1,7,550,4761601,616149,700,4,2,2,0,1,1,0,79,2,0,1,99,0
201600033262,16,12,1,1645,2,2,2,1,3,550,4762169,616982,700,3,2,2,0,4,1,0,80,1,5,1,99,0
201600033263,16,7,18,1845,1,2,1,7,7,148,4336860,315409,340,3,2,0,0,1,1,0,60,1,0,1,99,0
201600033264,16,8,28,1400,1,1,1,1,1,69,4338030,312321,340,3,2,2,0,1,1,0,110,1,0,1,99,1
201600033265,16,9,8,1700,1,2,1,1,6,69,4338990,310259,340,4,1,1,0,0,1,0,60,1,0,1,3,0
201600033266,16,7,27,915,1,1,1,1,6,178,4590180,142057,870,3,2,0,0,0,1,0,0,1,0,1,0,0
201600033267,16,11,2,1130,1,1,1,1,7,16,4599730,151042,870,3,2,2,0,2,3,0,49,1,0,3,0,0
201600033268,16,11,9,1700,1,1,1,8,6,2,4598030,141805,870,4,2,2,0,0,1,0,48,2,0,1,0,0
201600033269,16,12,19,1000,1,2,1,1,6,125,4590470,131597,870,9,2,2,0,1,3,0,50,1,0,3,0,0
201600033270,16,6,1,1100,1,1,1,1,5,189,4171881,883667,201,3,2,2,0,1,3,0,56,1,0,1,0,0
201600033271,16,7,1,1200,1,2,1,1,1,249,4167599,891000,201,2,2,2,0,2,1,0,70,1,5,1,0,0
201600033273,16,8,16,1630,1,1,1,1,7,272,4154100,885900,201,3,2,2,0,1,2,0,60,1,0,3,0,0
201600033274,16,8,20,1315,1,2,1,1,5,249,4167100,892100,201,2,2,2,0,2,0,0,0,1,0,1,99,0
201600033276,16,9,28,1515,1,2,1,1,1,249,4167213,890945,201,2,2,3,3,2,1,25,82,1,5,1,0,0
201600033277,16,10,5,1600,1,1,1,1,7,189,4169258,891450,201,2,2,2,0,1,3,0,60,1,0,1,99,0
201600033278,16,10,11,740,2,1,1,8,1,272,4157072,900675,201,3,2,2,0,2,1,0,60,2,0,1,99,0
201600033279,16,11,3,1300,1,2,1,1,6,249,4168172,891739,201,2,2,2,0,3,1,0,72,1,0,3,99,1
201600033280,16,11,25,850,1,2,1,2,6,272,4162006,896589,201,2,2,2,0,2,3,0,70,2,0,1,99,0
201600033281,16,9,21,1530,1,2,1,1,1,596,5034505,195061,620,3,2,2,0,0,3,0,0,1,0,1,0,0
201600033282,16,10,1,1500,1,2,9,1,3,661,5038404,198291,620,3,2,2,0,1,0,0,0,1,0,1,0,0
201600033283,16,10,8,2245,3,1,1,1,6,787,5049455,188290,620,3,2,2,0,0,3,0,0,1,0,3,0,0
201600033284,16,10,20,1530,1,1,1,2,6,822,5027546,200355,620,3,2,0,0,0,0,0,0,2,0,0,3,1
201600033285,16,12,1,1400,1,2,1,1,3,447,5037700,203900,620,4,2,0,0,1,1,0,70,1,0,1,0,0
201600033286,16,11,2,1600,1,1,3,1,3,277,4398910,224631,810,3,2,2,0,3,3,7,310,1,0,1,0,0
201600033289,16,10,31,1700,3,1,1,1,7,145,4966642,504456,80,3,2,2,0,1,1,0,60,1,0,3,99,0
201600033290,16,11,19,1800,3,1,9,1,3,174,4872978,494831,80,3,2,0,0,2,1,0,0,1,0,1,99,0
201600033292,16,11,2,1745,2,1,1,1,5,563,4848100,612900,540,3,2,2,0,3,1,30,64,1,0,1,99,1
201600033293,16,11,3,1530,1,1,1,1,6,434,4844100,612600,540,3,2,0,0,1,2,35,70,1,0,0,99,1
201600033294,16,1,4,820,1,2,1,1,6,76,4678377,484857,710,4,2,2,0,1,1,0,0,1,0,1,99,0
201600033295,16,1,7,730,5,2,1,3,6,76,4678650,486361,710,4,2,2,0,1,1,0,72,2,0,1,3,0
201600033296,16,1,12,1610,1,2,1,2,6,76,4677925,485008,710,4,1,1,0,1,1,0,0,2,0,4,0,0
201600033297,16,1,7,1155,1,2,1,3,6,76,4679792,484956,710,4,2,2,0,1,1,0,0,1,0,1,99,0
201600033298,16,1,8,1820,3,1,1,2,1,475,4673986,481002,710,3,0,2,0,1,1,0,0,2,0,1,99,0
201600033299,16,1,25,1810,2,2,2,1,3,76,4679600,485430,710,4,2,2,0,1,1,0,0,1,0,1,99,0
201600033300,16,2,5,2015,5,1,2,1,3,76,4678627,483741,710,4,2,2,0,0,0,0,0,0,0,1,0,0
201600033301,16,2,12,1845,5,2,1,2,6,81,4681688,483963,710,4,2,2,0,3,1,0,130,2,0,1,0,0
201600033303,16,4,5,1335,1,2,2,2,6,475,4676338,483966,710,4,2,2,0,1,1,0,0,2,0,1,0,0
201600033304,16,5,6,1550,1,2,1,1,5,445,4678281,491077,710,4,2,2,0,1,2,0,76,1,0,1,99,0
201600033305,16,5,12,1830,1,1,1,8,6,76,4676980,483940,710,4,3,2,0,1,1,0,70,1,0,1,99,0
201600033306,16,6,8,1215,1,2,3,1,3,76,4678048,484156,710,4,2,2,0,0,0,0,0,0,0,1,0,0
201600033307,16,6,15,1705,1,2,1,1,6,76,4680129,487157,710,4,2,2,0,1,1,0,40,1,0,1,99,0
201600033308,16,7,18,2110,1,2,1,1,6,445,4677815,487090,710,4,2,2,0,1,1,0,0,1,0,1,0,0
201600033309,16,6,29,1405,1,1,1,1,1,81,4681586,482750,710,3,2,2,0,1,1,0,74,1,0,1,99,1
201600033310,16,7,20,1015,1,1,9,1,2,445,4676141,486783,710,3,2,2,0,1,2,0,97,1,3,1,0,0
201600033311,16,8,3,1900,1,2,1,1,6,445,4678666,490166,710,4,2,2,0,1,1,0,0,1,0,1,99,0
201600033312,16,8,6,1945,1,2,1,1,3,81,4681802,483869,710,4,2,2,0,1,1,0,65,1,0,1,99,0
201600033313,16,8,18,1650,1,2,1,1,3,445,4677250,486947,710,4,3,2,0,1,1,30,124,1,0,1,99,0
201600033314,16,8,13,2025,1,1,1,1,3,76,4677363,485938,710,6,0,0,0,1,1,0,0,1,0,1,99,0
201600033315,16,8,22,1540,1,1,1,1,1,475,4676805,483908,710,4,2,2,0,1,3,0,0,1,0,1,99,0
201600033316,16,9,5,1040,1,1,1,1,3,475,4677428,484212,710,4,2,2,0,2,1,0,0,1,0,1,99,0
201600033317,16,10,6,805,1,2,1,1,6,76,4678220,485315,710,4,1,1,0,1,1,0,90,1,0,0,99,0
201600033318,16,10,15,730,2,2,1,2,6,76,4679039,483212,710,4,2,2,0,2,1,0,89,2,0,4,0,0
201600033319,16,10,31,1530,1,1,1,1,5,76,4677754,483397,710,4,2,2,0,1,3,0,70,1,0,1,99,0
201600033320,16,11,26,915,1,2,1,1,6,76,4678459,485275,710,4,1,2,0,2,1,0,91,1,0,1,99,0
201600033321,16,6,14,1625,1,2,9,1,3,309,4678982,440011,710,4,2,2,0,0,0,0,0,0,0,1,0,0
201600033322,16,12,1,645,5,2,1,5,6,153,4679812,445563,710,4,2,2,0,2,1,0,0,1,0,1,99,0
201600033323,16,6,24,1115,1,2,2,1,3,153,4680573,442789,710,4,3,2,0,1,1,0,0,1,0,4,99,0
201600033324,16,12,10,1600,1,2,9,7,3,59,4680991,447281,710,4,2,2,0,1,1,0,0,1,0,1,99,0
201600033325,16,12,21,1910,5,2,1,5,6,59,4681696,448036,710,3,2,2,0,1,1,0,0,2,0,1,99,0
201600033326,16,6,25,610,1,2,9,1,1,309,4678341,439019,710,3,2,2,0,1,3,0,0,2,0,1,99,0
201600033327,16,8,8,145,5,2,1,1,6,153,4679585,443434,710,4,1,2,0,1,2,0,0,1,0,1,99,0
201600033328,16,12,23,2035,3,2,9,1,2,153,4680619,441998,710,4,2,2,0,1,1,0,0,1,0,1,99,0
201600033329,16,7,7,1430,1,2,1,1,6,153,4680660,442817,710,4,2,2,0,1,1,0,0,1,0,1,99,0
201600033330,16,12,25,750,5,2,2,1,3,153,4680119,444494,710,3,2,3,0,1,1,0,0,1,0,1,99,0
201600033331,16,8,28,1450,1,1,1,1,6,540,4677586,442285,710,3,2,2,0,1,1,0,0,1,0,1,99,0
201600033332,16,9,2,1620,1,2,2,1,3,153,4680279,445001,710,4,1,1,0,1,1,0,0,1,0,1,99,0