Num_Acc,an,mois,jour,hrmn,lum,agg,int,atm,col,com,lat,long,dep,catr,circ,nbv,vosp,prof,plan,lartpc,larrout,surf,infra,situ,env1,killed
201600033333,16,10,3,1605,1,2,3,1,3,153,4679984,445838,710,4,2,3,0,2,1,0,0,1,0,1,99,0
201600033334,16,10,10,1800,1,2,1,1,6,153,4680322,441903,710,4,2,2,0,1,1,0,0,1,0,1,99,0
201600033335,16,10,17,1440,1,1,1,8,1,309,4678242,439067,710,4,2,0,0,1,3,0,0,2,0,1,99,0
201600033336,16,11,5,1800,3,1,3,8,3,540,4675935,446459,710,3,2,3,0,3,1,0,0,2,5,1,99,0
201600033337,16,11,5,2050,3,1,6,2,6,540,4675505,444067,710,4,2,2,0,1,3,0,0,2,5,1,99,0
201600033338,16,11,8,1710,1,2,3,2,3,153,4679390,442108,710,4,2,2,0,2,1,0,0,2,0,1,99,0
201600033339,16,11,16,1730,5,2,1,1,1,59,4680490,447407,710,4,2,2,0,1,2,0,0,1,0,1,99,0
201600033340,16,11,18,1640,1,1,1,1,1,153,4681445,443168,710,4,0,2,0,1,3,0,0,2,0,1,99,0
201600033341,16,1,14,1045,1,1,9,1,6,153,4680563,442789,710,4,3,2,0,1,1,0,0,1,0,1,99,0
201600033342,16,1,19,1615,1,2,2,8,3,153,4678655,443257,710,4,3,4,0,1,1,0,0,2,5,1,99,0
201600033343,16,2,1,745,5,2,2,2,6,153,4681170,444851,710,4,2,2,0,1,1,0,0,2,0,1,99,0
201600033344,16,2,21,1800,1,1,1,1,1,59,4679328,449148,710,4,2,2,0,3,1,0,0,1,0,1,99,0
201600033345,16,3,13,1800,1,2,1,1,6,153,4679324,442496,710,4,2,2,0,1,3,0,0,1,0,1,0,0
201600033346,16,3,22,1820,1,2,1,1,6,153,4679288,441785,710,4,2,2,0,1,1,0,0,1,0,1,99,0
201600033347,16,4,12,1655,1,2,1,8,1,540,4676250,445988,710,3,2,3,0,2,1,0,0,2,0,1,99,0
201600033348,16,4,13,805,1,2,9,8,1,540,4678843,444570,710,4,2,3,0,1,1,0,0,1,0,1,99,0
201600033349,16,4,19,2055,1,2,9,1,6,59,4680681,446272,710,4,0,2,0,1,1,0,0,1,0,1,99,0
201600033350,16,4,21,1630,1,1,2,1,1,540,4676687,444922,710,4,2,2,0,2,1,0,0,1,0,1,99,0
201600033351,16,11,11,1850,3,1,1,1,5,177,4820597,174807,350,3,2,2,0,1,1,0,63,1,0,1,99,0
201600033352,16,11,20,1700,2,1,2,8,3,94,4835117,177945,350,3,2,2,0,1,3,0,25,1,5,1,99,1
201600033353,16,12,1,1800,5,2,2,1,3,180,4828509,193550,350,3,2,2,0,1,0,6,615,1,0,1,99,0
201600033354,16,12,27,1345,1,1,1,1,7,195,4829782,164559,350,3,2,2,0,1,2,0,30,1,0,3,99,0
201600033356,16,3,22,1450,1,2,1,1,6,270,4631863,482056,710,3,2,2,0,1,1,0,73,1,0,1,0,0
201600033357,16,3,25,955,1,1,2,2,3,105,4629958,478208,710,3,2,3,0,1,1,0,0,2,0,1,99,0
201600033358,16,4,10,1755,1,2,2,7,6,270,4631044,482779,710,3,2,2,0,2,1,0,72,1,0,1,0,1
201600033359,16,4,13,1725,1,2,1,1,6,105,4630893,480725,710,3,2,2,0,1,1,0,0,1,0,1,0,0
201600033360,16,4,15,1505,1,2,1,1,6,270,4630692,482938,710,4,0,0,0,0,0,0,0,0,0,0,0,0
201600033361,16,5,13,1750,1,2,1,8,6,270,4629642,482033,710,3,2,2,0,1,1,0,80,2,0,1,99,0
201600033362,16,7,13,1845,1,2,3,1,3,105,4631098,481158,710,4,2,2,0,1,1,0,0,1,0,1,99,0
201600033363,16,9,5,1220,1,1,2,1,3,270,4630535,483562,710,3,2,5,0,0,0,0,0,0,0,1,0,0
201600033364,16,9,8,1500,1,2,1,1,3,270,4630059,482944,710,3,2,4,0,1,1,0,0,1,0,1,3,0
201600033365,16,10,11,1628,1,2,3,1,3,105,4630664,480104,710,3,2,3,0,1,1,0,0,1,0,0,99,0
201600033366,16,10,5,1230,1,1,1,1,3,69,4421810,58879,470,3,3,3,0,1,1,0,0,1,0,1,0,1
201600033367,16,9,6,1330,1,1,1,1,1,146,4443100,65501,470,3,2,2,0,1,1,2,62,1,0,1,0,1
201600033368,16,9,24,945,1,2,1,7,6,324,4463570,74172,470,3,2,2,0,1,3,0,58,1,0,1,0,0
201600033369,16,10,17,2000,3,1,1,1,6,219,4465650,76689,470,3,2,2,0,1,3,0,34,2,0,1,0,0
201600033370,16,10,22,1730,1,1,1,1,7,152,4459650,61365,470,2,2,2,0,1,1,0,40,1,0,3,0,0
201600033371,16,12,12,1845,2,1,1,1,7,141,4457460,77936,470,4,2,2,0,1,2,0,47,1,0,3,0,0
201600033372,16,3,3,2005,3,1,1,1,7,306,4667752,434583,710,2,3,4,0,1,1,0,0,2,0,1,0,1
201600033373,16,5,23,1740,1,2,1,8,6,40,4668658,439058,710,3,2,2,0,0,0,0,0,0,0,1,0,0
201600033374,16,6,10,1725,1,2,1,1,1,306,4668414,437559,710,4,2,2,0,1,1,31,35,1,0,1,0,0
201600033375,16,6,23,1950,1,2,1,1,3,306,4667029,437318,710,4,2,2,0,1,1,0,69,1,0,1,99,1
201600033376,16,7,23,1705,1,2,1,1,1,499,4666469,428904,710,3,2,2,0,2,1,0,70,1,0,1,99,0
201600033377,16,8,24,935,1,2,1,1,3,486,4664447,435325,710,3,2,0,0,2,1,0,70,1,0,1,0,0
201600033378,16,11,24,2045,5,2,1,1,6,306,4666342,434960,710,4,2,2,0,1,3,0,0,2,0,4,0,0
201600033379,16,12,9,915,1,2,1,1,6,306,4669035,435713,710,4,2,2,0,1,1,0,78,1,0,1,99,0
201600033380,16,12,10,1100,1,2,1,1,7,40,4669515,439156,710,3,0,2,0,2,1,0,83,1,0,1,99,0
201600033381,16,12,17,2030,5,2,1,9,6,40,4668552,439045,710,4,2,3,0,1,2,0,31,2,0,3,99,1
201600033382,16,2,11,1750,1,2,3,1,3,181,4797926,20867,720,4,1,1,0,1,1,0,54,1,0,0,99,0
201600033383,16,2,11,1330,1,2,1,7,6,95,4802542,20438,720,4,2,2,0,1,2,0,0,1,0,0,99,0
201600033384,16,2,20,540,5,2,2,2,3,181,4800510,19389,720,4,2,2,3,2,1,0,0,2,4,1,99,0
201600033387,16,4,26,800,1,2,1,1,6,181,4801319,19886,720,4,2,2,2,1,1,0,76,2,0,0,0,1
201600033388,16,5,4,1530,1,2,1,1,6,181,4800982,23324,720,4,2,2,0,2,3,0,0,1,0,4,99,0
201600033389,16,5,4,1700,1,2,3,1,3,181,4796472,20934,720,4,2,2,0,1,1,0,0,1,0,1,3,0
201600033390,16,5,9,900,1,2,6,1,6,181,4801574,20229,720,3,2,2,0,2,1,0,0,1,0,1,0,0
201600033391,16,5,26,1835,1,2,2,1,6,181,4798136,21801,720,4,3,5,0,1,1,0,0,1,0,1,0,0
201600033392,16,7,6,110,5,2,1,1,7,181,4802819,18014,720,4,4,4,0,1,2,0,46,1,0,1,0,0
201600033393,16,7,19,850,1,2,1,1,6,181,4799462,19107,720,4,2,2,0,1,1,0,66,1,0,1,0,0
201600033394,16,7,29,1800,1,2,1,1,6,181,4801797,21797,720,4,3,2,2,1,1,0,0,1,4,1,0,0
201600033395,16,8,16,5,5,2,1,1,6,181,4801199,20738,720,4,2,2,0,2,1,0,0,1,0,4,0,0
201600033396,16,10,16,655,5,2,1,1,6,181,4799492,20344,720,4,3,3,2,1,3,0,0,1,0,1,3,0
201600033397,16,10,17,2100,5,2,1,1,6,181,4798031,21638,720,3,3,4,0,1,1,0,0,1,0,1,0,0
201600033399,16,11,4,1930,5,2,1,2,6,181,4797886,20513,720,4,3,4,0,1,1,0,0,2,0,1,0,0
201600033400,16,11,16,1900,5,2,1,2,6,181,4799728,23578,720,4,2,2,0,1,2,0,0,2,0,0,0,0
201600033401,16,11,17,1445,1,2,1,2,1,181,4800213,117890,720,4,2,2,0,1,2,0,0,2,0,1,99,0
201600033402,16,11,17,1915,3,1,1,2,4,181,4801673,14405,720,4,2,2,0,1,1,0,0,2,0,1,0,0
201600033403,16,11,19,1700,1,2,2,1,3,181,4796909,19985,720,4,2,2,0,1,1,0,0,1,0,1,3,0
201600033404,16,11,21,1400,1,2,1,1,2,181,4796422,22102,720,4,2,3,0,2,1,0,0,2,4,1,0,0
201600033405,16,11,22,810,1,1,1,1,2,181,4800039,17276,720,4,3,4,0,1,1,0,0,1,0,1,0,0
201600033406,16,11,30,1250,1,2,3,1,6,181,4798252,21262,720,4,2,2,0,1,1,0,0,1,0,1,0,0
201600033407,16,12,1,650,5,2,1,1,7,181,4797181,20528,720,4,3,4,0,2,3,0,0,1,5,1,0,0
201600033408,16,12,1,1305,1,2,2,1,3,181,4800590,19214,720,4,3,4,2,1,1,0,0,1,4,1,0,0
201600033409,16,12,1,2000,5,2,1,1,6,181,4797156,21079,720,4,2,2,0,1,1,0,0,1,0,1,3,0
201600033410,16,12,11,1425,1,2,1,5,6,181,4799496,22393,720,4,3,4,0,1,1,0,0,2,0,1,99,0
201600033411,16,12,18,1800,5,2,1,5,3,181,4797507,21530,720,4,3,2,2,1,1,0,0,1,4,5,99,0
201600033413,16,2,2,1830,5,2,1,1,6,8,4569093,591037,730,4,3,2,0,1,1,15,70,1,0,1,99,0
201600033414,16,4,6,1505,1,2,1,1,6,8,4568833,590967,730,3,3,2,2,1,1,20,100,1,0,1,99,0
201600033415,16,6,22,935,1,2,1,1,6,8,4568992,591975,730,3,2,2,0,2,2,0,65,1,0,1,0,0
201600033416,16,7,9,740,1,2,4,1,1,8,4568521,592263,730,4,2,2,0,2,3,0,65,1,0,1,0,0
201600033418,16,2,25,1455,1,2,3,2,6,11,4567340,638507,730,3,2,2,0,1,1,0,75,2,0,1,0,0
201600033419,16,9,15,830,1,2,2,2,6,11,4567341,639034,730,4,2,2,0,1,1,0,89,1,0,1,0,0
201600033420,16,9,28,1205,1,2,1,1,1,11,4566000,638063,730,4,2,1,0,1,1,0,63,1,0,1,99,0
201600033421,16,10,14,1115,1,2,2,3,3,11,4565915,637093,730,4,2,2,0,1,1,0,163,2,5,1,0,0
201600033422,16,9,25,1000,1,2,1,1,6,11,4566010,636867,730,4,3,4,2,1,1,10,180,1,0,5,99,0
201600033423,16,1,30,36,3,1,1,1,5,65,4559108,589851,730,2,3,6,0,1,1,20,210,1,0,1,99,0
201600033424,16,2,5,1520,1,2,1,1,2,31,4557250,594451,730,4,0,1,0,0,0,0,0,0,0,1,0,0
201600033425,16,3,2,1900,5,2,1,2,6,65,4556293,590819,730,4,2,2,2,1,1,0,80,2,0,1,0,1
201600033426,16,12,8,1855,3,1,1,1,6,65,4559016,588864,730,3,2,2,0,1,1,0,0,1,0,1,99,0
201600033427,16,4,28,1404,1,2,2,1,6,65,4556293,590819,730,4,2,2,2,1,1,0,110,1,5,1,99,1
201600033429,16,3,4,2020,1,2,1,1,6,87,4556717,589292,730,3,2,2,2,1,1,0,90,2,6,1,3,0
201600033430,16,3,26,1025,1,1,1,1,5,65,4559107,589833,730,2,3,6,0,1,1,25,210,1,0,1,99,0
201600033431,16,10,3,1910,1,2,1,1,1,65,4557664,591463,730,4,0,2,0,1,1,0,70,1,0,1,99,0
201600033432,16,8,7,1240,1,1,4,1,3,65,4556757,593775,730,4,2,3,0,2,1,0,90,1,5,1,99,1
201600033433,16,9,8,30,5,1,1,1,2,222,4557341,595716,730,4,2,3,3,1,1,0,100,1,0,1,99,0
201600033434,16,11,1,610,3,1,1,1,6,65,4559284,589616,730,2,3,6,0,1,1,25,240,1,0,1,0,1
201600033435,16,11,13,600,3,1,1,1,1,222,4559900,596747,730,3,2,0,0,1,1,0,72,1,0,1,99,0
201600033437,16,9,7,930,1,2,1,1,3,31,4556960,593968,730,2,3,6,0,1,1,15,210,1,0,1,99,0
201600033438,16,12,2,1820,5,1,1,1,6,31,4557123,594843,730,3,2,2,0,1,1,0,65,1,0,1,99,0
201600033439,16,12,24,645,5,1,6,1,6,65,4560168,591402,730,3,2,2,0,1,1,0,72,1,0,1,99,1
201600033440,16,1,8,700,5,2,1,2,6,10,4592205,612186,740,4,2,2,0,1,1,0,139,2,0,1,0,0
201600033441,16,2,5,1720,1,1,3,1,1,10,4553259,60830,740,3,2,2,0,1,2,0,0,1,0,1,0,0
201600033442,16,1,11,1820,5,2,1,2,6,10,4591675,612288,740,4,2,1,0,1,1,0,79,1,0,1,0,0
201600033443,16,1,26,1823,3,2,1,1,6,10,4590688,613966,740,4,2,2,0,1,1,0,77,1,0,1,99,0
201600033444,16,3,10,1315,1,2,6,1,6,10,4590580,612605,740,4,1,2,0,1,1,0,60,1,5,1,3,0
201600033445,16,3,23,1215,1,2,4,1,6,93,4590341,610624,740,4,0,2,0,1,1,0,0,1,0,1,0,0
201600033447,16,5,20,235,3,2,1,1,1,93,4590080,608866,740,3,1,1,0,2,2,0,30,1,0,1,0,0
201600033448,16,5,4,2030,2,2,1,1,2,93,4590411,609822,740,4,2,2,0,2,1,34,34,1,0,1,99,0
201600033449,16,6,18,2020,2,2,3,2,5,10,4591188,612786,740,4,2,3,0,1,1,0,67,2,0,1,0,0
201600033451,16,6,22,256,5,2,3,1,3,10,4553412,607083,740,4,2,2,0,1,1,0,56,1,0,1,0,0
201600033452,16,7,4,1630,1,2,1,1,6,93,4589413,610658,740,3,2,2,2,2,1,0,89,1,0,1,0,1
201600033454,16,8,5,710,1,2,6,1,3,10,4590611,611444,740,4,4,2,0,1,1,0,0,1,5,1,0,0
201600033455,16,8,6,1650,1,2,1,1,2,10,4588852,614361,740,4,2,2,0,1,3,0,0,1,0,1,99,0
201600033456,16,8,22,1650,1,2,1,7,6,10,4590708,613475,740,4,0,2,1,1,1,45,0,0,0,1,99,0
201600033457,16,9,1,2245,5,2,1,1,3,10,4590197,612380,740,4,4,2,0,1,1,0,0,1,0,1,0,0
201600033458,16,9,8,1735,1,2,1,1,3,10,4588475,611716,740,4,2,2,0,1,1,0,90,1,0,1,0,0
201600033459,16,9,12,1645,1,2,1,1,6,10,4590255,612177,740,4,3,2,3,2,1,0,59,1,0,1,0,0
201600033460,16,11,9,1405,1,2,1,1,5,10,4591006,612600,740,4,2,2,0,1,1,0,112,1,0,1,0,0
201600033461,16,11,10,1810,5,2,4,2,6,10,4590455,613107,740,4,2,2,2,1,1,0,64,2,0,1,0,0
201600033462,16,11,26,1200,1,2,6,1,6,10,4591481,612965,740,4,3,2,0,1,1,0,0,1,5,0,0,0
201600033463,16,12,1,1815,5,2,1,1,6,10,4590145,612071,740,4,0,2,0,1,1,0,70,1,0,1,0,0
201600033464,16,12,12,1730,5,2,1,1,6,10,4503060,613300,740,4,2,2,0,1,1,0,0,1,0,1,0,0
201600033465,16,11,26,1010,1,2,1,1,6,12,4619283,623404,740,9,1,1,3,1,1,0,0,1,6,1,0,0
201600033466,16,12,29,1700,2,2,1,1,7,12,4620075,624005,740,4,1,2,0,1,1,0,0,1,0,3,99,0
201600033467,16,12,19,300,1,2,1,1,3,12,4619560,626120,740,3,2,2,0,1,1,0,0,1,0,1,0,0
201600033468,16,1,23,1750,2,2,1,1,6,133,4618372,621152,740,3,2,2,0,3,1,0,0,1,0,1,99,0
201600033469,16,2,17,1620,1,2,1,1,6,12,4619083,623594,740,4,2,2,0,1,1,0,0,1,0,1,99,0
201600033470,16,1,28,1310,1,2,1,1,6,12,4619277,622777,740,3,2,2,0,1,1,0,91,1,0,1,0,0
201600033472,16,4,22,1745,1,2,3,1,3,12,4618861,624305,740,3,2,2,0,1,1,0,0,1,0,1,0,0
201600033473,16,4,30,1250,1,2,1,2,2,133,4611303,612368,740,3,0,2,0,1,1,0,0,2,0,0,99,0
201600033474,16,5,9,950,1,2,1,1,6,12,4618936,624322,740,4,3,2,0,1,1,0,0,1,0,1,3,0
201600033476,16,8,3,1050,1,2,2,1,6,12,4619527,624333,740,3,2,2,0,1,1,0,0,1,0,0,3,0
201600033479,16,8,11,1320,1,2,3,1,6,12,4619227,623422,740,4,1,0,0,1,1,0,0,1,0,1,0,0
201600033480,16,10,11,1615,1,2,3,1,6,12,4618750,624833,740,4,2,0,0,2,1,0,100,1,0,1,0,1
201600033482,16,11,13,1950,3,2,1,2,1,118,4617917,622680,740,3,2,2,0,1,3,0,0,2,0,1,99,0
201600033483,16,12,13,625,5,2,1,1,3,12,4617669,624016,740,4,2,2,0,2,1,0,0,2,0,1,99,0
201600033484,16,12,16,1145,1,2,3,1,6,12,4618261,624372,740,4,2,2,0,1,1,0,0,1,0,1,0,0
201600033485,16,1,7,1930,5,2,1,2,6,218,4639494,654301,740,3,2,2,0,1,1,0,0,2,0,1,99,0
201600033486,16,1,9,27,3,1,1,3,6,281,4634691,645288,740,3,3,2,0,2,2,5,40,4,2,1,99,0
201600033487,16,1,11,1852,3,2,1,3,6,119,4640006,658673,740,4,2,2,0,4,1,0,64,2,6,1,0,0
201600033488,16,1,23,1835,4,1,1,1,1,218,4638385,651324,740,3,2,2,0,1,1,0,60,1,0,1,99,0
201600033489,16,2,21,1750,1,2,1,1,1,13,4635041,643436,740,3,2,2,0,1,1,0,70,1,0,1,99,0
201600033491,16,2,25,2037,5,2,6,2,6,281,4622260,628517,740,4,1,1,0,1,2,110,65,2,5,1,99,0
201600033492,16,3,18,118,5,2,1,1,6,119,4639969,660425,740,4,2,2,0,2,2,0,60,1,0,1,0,1
201600033493,16,3,22,1940,2,2,1,1,6,281,4638080,649383,740,4,2,2,0,0,0,0,0,0,0,1,0,0
201600033494,16,5,9,820,1,2,1,1,1,218,4638466,655550,740,3,2,2,0,2,1,0,0,1,0,1,0,0
201600033495,16,5,9,1317,1,2,1,1,6,281,4636755,648325,740,4,2,2,0,0,0,0,0,1,0,1,3,0
201600033496,16,5,13,845,1,2,1,3,6,13,4626060,626060,740,3,2,2,0,1,1,33,80,2,0,1,99,1
201600033497,16,6,15,1440,1,2,2,1,7,281,4622176,628417,740,4,1,1,0,3,2,0,38,1,0,1,0,0
201600033499,16,7,9,810,1,2,1,1,2,218,4639491,654294,740,3,2,2,0,1,1,0,0,1,0,1,0,0
201600033500,16,7,19,1545,1,2,1,1,6,281,4623123,629032,740,4,2,2,0,0,0,0,0,1,0,0,0,0
201600033501,16,7,30,1140,1,2,6,1,3,218,4638747,654382,740,3,1,1,0,0,0,0,0,0,0,0,0,0
201600033503,16,9,30,940,1,2,1,1,3,218,4639206,653329,740,3,2,2,0,1,1,0,0,1,0,1,99,0
201600033504,16,10,3,1555,1,2,3,1,3,119,4639601,657014,740,4,2,2,0,2,1,0,0,1,5,1,0,0
201600033505,16,10,6,320,5,1,1,1,6,218,4639611,655916,740,3,2,2,0,1,1,0,0,1,0,3,0,1
201600033506,16,10,17,2025,5,2,1,2,3,281,4636629,647073,740,4,2,1,0,1,1,0,0,2,0,1,99,0
201600033507,16,10,15,1120,1,1,2,1,3,218,4638949,652406,740,4,1,1,0,1,2,0,80,1,0,1,99,0
201600033508,16,10,28,1920,5,2,1,1,1,281,4636334,649891,740,4,2,2,0,2,2,0,0,1,0,1,99,0
201600033509,16,10,29,1735,1,2,1,1,6,281,4637200,648050,740,4,1,1,0,1,1,0,0,1,0,1,0,0
201600033510,16,11,19,640,3,1,1,2,6,281,4636067,648918,740,3,1,2,0,1,1,0,90,2,0,1,99,1
201600033511,16,12,11,1830,2,2,1,1,7,281,4636738,647973,740,4,2,1,0,1,1,0,0,1,0,1,0,1
201600033512,16,12,14,735,5,2,3,1,5,281,4638382,650854,740,4,2,2,0,1,1,0,67,1,5,1,0,0
201600033513,16,12,19,331,5,2,3,2,6,200,4639547,659707,740,4,2,1,0,1,1,0,60,2,0,1,0,0
201600033514,16,1,15,1940,3,1,1,8,6,384,4953252,54569,760,3,2,2,0,2,1,0,51,2,0,3,0,1
201600033515,16,6,20,700,2,1,4,2,6,382,4958732,53377,760,3,2,3,0,1,2,0,105,2,0,3,0,0
201600033516,16,6,30,2000,1,1,1,1,1,576,4956025,44772,760,3,2,2,0,2,3,0,64,2,0,1,0,1
201600033517,16,7,31,2115,1,2,1,1,7,114,4957378,47274,760,4,2,2,0,1,2,0,30,1,0,1,99,0
201600033518,16,1,7,750,5,2,1,3,3,217,4991000,107000,760,3,2,0,0,2,1,0,96,2,0,1,99,0
201600033519,16,1,7,1330,1,2,4,1,3,217,4991758,107422,760,3,2,3,0,2,1,0,99,1,0,1,0,0
201600033520,16,1,9,1330,1,2,1,1,7,565,4987194,106630,760,3,2,2,0,2,3,0,70,2,0,1,99,0
201600033521,16,1,12,2115,3,1,3,6,3,565,4988892,108400,760,3,0,2,0,0,0,0,0,0,0,1,0,0
201600033522,16,3,1,1915,5,2,6,2,3,217,4992527,110098,760,4,2,2,0,2,1,0,0,1,5,0,0,0
201600033523,16,1,16,1935,3,1,1,1,2,565,4987809,109489,760,3,2,2,0,1,1,0,60,1,0,1,99,0
201600033524,16,1,21,849,1,2,1,1,6,565,4987108,106980,760,2,2,2,0,0,0,0,70,0,0,1,3,0
201600033525,16,1,24,2215,3,1,1,2,6,26,4988013,114830,760,3,2,2,0,2,1,0,67,2,0,3,99,0
201600033526,16,2,2,1440,1,1,1,1,1,414,4990101,113019,760,3,2,2,0,1,0,0,60,2,0,1,99,0
201600033527,16,2,1,1940,5,1,3,2,6,545,4990185,111855,760,3,2,2,0,1,2,0,106,2,5,3,99,0
201600033528,16,3,14,1750,1,1,1,1,4,26,4987451,111273,760,3,2,2,0,1,1,0,62,1,0,1,0,0
201600033529,16,3,20,225,3,1,1,1,6,217,4991425,110400,760,3,3,2,0,2,1,10,70,1,0,1,0,0
201600033530,16,3,31,940,1,2,3,8,6,26,4988055,113000,760,3,0,2,0,1,2,0,73,2,0,0,0,0
201600033531,16,3,31,835,1,2,2,8,6,349,4990163,105191,760,3,2,2,0,0,1,0,0,2,5,0,0,0
201600033532,16,4,12,945,1,2,4,1,6,217,4992372,108126,760,3,1,3,0,1,3,0,0,1,0,1,99,0
201600033533,16,4,8,1900,1,1,1,1,6,26,4988258,114749,760,3,2,2,0,2,1,0,64,1,0,0,99,0
201600033534,16,4,8,2310,3,1,1,1,6,707,4985781,107865,760,3,2,2,0,2,2,0,46,9,0,1,99,0
201600033535,16,4,10,1635,1,1,2,1,3,565,4988273,109027,760,3,2,2,0,1,1,0,0,1,0,1,99,0
201600033536,16,4,18,1727,1,2,1,1,4,545,4990858,108752,760,3,2,2,0,1,1,0,68,1,0,1,99,0
201600033537,16,4,22,1905,1,2,3,1,6,217,4992729,108648,760,3,2,2,0,1,1,0,0,1,5,0,3,0
201600033538,16,4,23,1725,1,2,3,1,3,217,4992990,108106,760,4,2,3,0,1,1,34,184,1,0,1,99,0
201600033539,16,4,23,1715,1,2,1,1,6,217,4992883,110053,760,6,0,0,0,1,1,0,0,1,0,1,99,0
201600033540,16,4,28,1235,1,2,2,1,3,217,4992454,110375,760,4,2,2,0,1,1,0,0,1,5,1,0,0
201600033541,16,5,7,1140,1,1,1,1,7,565,4988634,108663,760,3,2,2,0,1,1,0,67,1,0,1,99,0
201600033542,16,5,13,1035,1,2,4,1,4,217,4991461,107484,760,3,2,4,0,1,1,0,140,1,5,1,99,0
201600033543,16,5,17,820,1,2,1,1,2,26,4988628,112291,760,3,2,2,2,2,1,0,68,1,0,1,99,0
201600033544,16,5,20,1335,1,2,1,1,1,217,4990598,108335,760,9,0,0,0,1,0,0,0,1,6,0,3,0
201600033545,16,6,8,1750,1,2,1,1,6,217,4993028,109743,760,4,2,2,0,1,1,0,53,1,0,1,99,0
201600033546,16,6,17,1717,1,2,1,1,3,217,4992566,109943,760,4,2,2,0,3,1,0,0,1,0,1,99,0
201600033547,16,7,1,1555,1,2,3,1,3,707,4985261,110162,760,3,2,2,0,1,1,0,42,0,0,1,99,0
201600033548,16,6,17,1625,1,2,1,1,6,217,4992141,107335,760,3,0,3,0,2,1,0,0,1,0,4,0,0
201600033549,16,6,19,1840,1,2,1,1,6,217,4992347,107523,760,3,2,4,0,1,1,60,60,1,0,1,99,0
201600033550,16,7,1,540,5,2,2,1,3,217,4992725,108597,760,3,2,0,0,1,1,0,0,1,0,1,0,0
201600033551,16,8,1,540,5,2,3,1,3,217,4992725,108597,760,3,2,2,0,1,1,0,84,1,0,1,99,0
201600033552,16,7,23,5,5,2,1,1,7,217,4992220,108219,760,4,1,2,0,1,1,0,0,1,0,1,99,0
201600033553,16,8,30,1905,1,2,1,1,6,26,4987821,112920,760,3,2,2,0,1,1,0,0,1,0,1,99,0
201600033554,16,9,5,1340,1,1,1,2,5,545,4990806,110120,760,3,2,2,0,1,2,0,740,2,0,1,99,0
201600033555,16,9,5,1445,1,1,3,2,2,545,4990156,111889,760,3,2,2,0,1,1,0,64,2,5,1,99,0
201600033556,16,9,11,1520,1,1,1,1,3,217,4991365,109134,760,3,3,6,0,1,1,5,70,1,0,1,99,0
201600033557,16,10,12,715,5,2,1,1,6,26,4988579,112349,760,3,2,2,0,1,1,0,72,1,0,1,99,0
201600033558,16,9,24,810,1,1,1,1,6,26,4987881,112043,760,3,2,2,0,2,1,0,77,1,0,3,99,0
201600033559,16,10,2,625,5,2,1,1,7,26,4988966,111928,760,3,2,2,0,1,1,0,69,2,0,1,99,0
201600033560,16,10,12,1745,1,2,1,1,3,545,4990437,109319,760,3,2,2,0,1,1,0,0,1,0,1,0,0
201600033561,16,10,12,1105,1,2,6,1,1,26,4988276,114196,760,3,2,2,0,1,1,0,0,1,5,1,0,0
201600033562,16,10,17,730,5,2,6,1,6,217,4991076,107497,760,3,3,4,0,2,3,0,0,2,5,1,0,0
201600033563,16,10,23,154,3,1,4,5,4,26,4987653,111927,760,3,2,2,0,2,3,0,76,2,0,1,0,0
201600033564,16,11,1,1645,1,2,1,1,1,217,4992680,107959,760,4,3,4,0,1,1,0,0,1,0,1,99,0
201600033565,16,11,8,850,1,2,1,1,2,217,4991866,107400,760,3,2,3,0,2,1,0,0,1,0,1,0,0
201600033566,16,11,9,805,2,2,1,2,3,545,4990133,109906,760,3,2,2,0,1,1,0,0,2,0,4,0,0
201600033567,16,11,10,1305,1,2,1,2,2,545,4989965,112017,760,3,2,2,0,1,3,0,34,2,0,1,0,0
201600033568,16,11,10,1900,5,2,4,1,6,217,4991516,107475,760,3,2,3,0,1,1,0,131,1,5,1,0,0
201600033569,16,12,2,1655,2,2,4,1,3,217,4992216,107008,760,3,2,2,0,3,1,0,73,1,0,1,3,0
201600033570,16,12,6,1615,1,2,2,1,3,217,4990946,106591,760,4,2,2,0,1,1,0,0,1,0,1,99,0
201600033571,16,12,17,1900,5,1,1,5,5,545,4991183,109738,760,3,2,2,0,1,1,0,68,2,0,1,99,1
201600033572,16,12,21,1750,5,2,3,2,3,217,4991324,108205,760,4,2,2,0,1,1,0,0,2,0,1,0,0
201600033573,16,1,2,1135,1,2,1,1,6,259,4975186,39744,760,4,2,2,0,1,1,0,35,1,0,1,99,0
201600033574,16,1,2,1715,5,2,6,2,3,259,4975075,40363,760,3,1,2,0,1,2,7,40,2,5,1,99,0
201600033575,16,4,2,1100,1,2,1,1,6,259,4976097,36605,760,4,2,2,0,1,1,0,60,1,0,1,99,0
201600033576,16,7,13,800,1,1,1,1,7,600,4973569,29813,760,3,2,2,0,1,1,0,52,1,0,3,99,0
201600033577,16,8,18,920,1,2,1,1,6,259,4976196,37857,760,3,2,2,0,1,1,0,0,1,0,1,0,0
201600033578,16,9,13,1135,1,2,3,1,3,259,4975858,37578,760,4,2,2,0,2,1,0,110,1,0,1,99,0
201600033579,16,10,16,2000,5,2,1,2,6,259,4975498,38088,760,4,2,2,0,2,1,0,0,2,0,3,99,0
201600033580,16,10,10,720,3,1,1,8,3,259,4976642,40467,760,3,0,2,0,3,4,0,64,2,0,1,99,0