Num_Acc,an,mois,jour,hrmn,lum,agg,int,atm,col,com,lat,long,dep,catr,circ,nbv,vosp,prof,plan,lartpc,larrout,surf,infra,situ,env1,killed
201600033581,16,12,2,1411,1,1,1,1,3,259,4974657,41043,760,3,2,2,0,2,4,0,0,1,0,1,99,0
201600033582,16,12,2,1842,5,2,3,8,3,259,4976008,36948,760,3,2,2,0,1,1,0,0,1,0,1,99,0
201600033583,16,1,3,2320,4,2,2,3,6,447,4954298,18178,760,4,2,2,0,1,1,0,95,2,0,0,0,0
201600033584,16,12,31,935,1,2,1,1,6,351,4950129,14889,760,3,2,2,2,1,1,0,75,2,0,1,0,0
201600033585,16,11,30,855,1,2,1,1,6,351,4948984,9763,760,4,2,2,0,1,1,0,59,1,0,1,99,0
201600033586,16,1,4,838,1,2,1,1,7,351,4950251,16846,760,4,2,2,1,1,1,0,0,1,0,1,0,0
201600033587,16,1,9,55,5,1,1,1,2,305,4948664,20982,760,6,0,0,0,1,1,0,70,0,0,1,0,0
201600033588,16,1,9,655,5,2,1,1,1,351,4949094,12978,760,4,2,2,0,1,1,0,55,1,0,1,99,0
201600033589,16,1,11,830,5,2,3,2,6,351,4951734,9734,760,4,1,1,0,1,1,0,55,2,0,1,0,0
201600033590,16,1,14,2045,5,2,2,1,3,351,4951932,10907,760,4,2,2,0,1,1,0,52,1,0,0,0,0
201600033591,16,1,16,1805,5,2,3,1,6,270,4953655,14582,760,4,1,1,0,1,1,0,71,1,0,1,99,0
201600033592,16,1,15,1330,1,2,3,1,3,351,4950316,10600,760,3,2,2,0,1,1,0,78,2,0,1,99,0
201600033593,16,1,19,1220,1,2,3,1,2,351,4950801,12810,760,4,2,2,0,2,1,0,70,1,0,1,0,0
201600033594,16,1,20,2335,5,1,1,1,7,305,4951228,21676,760,3,3,5,0,1,1,0,0,0,0,1,0,0
201600033595,16,1,20,1345,1,2,1,1,6,351,4952889,10334,760,3,2,2,0,1,1,0,0,1,0,1,0,0
201600033596,16,1,22,750,2,2,1,2,2,351,4950417,10960,760,4,2,2,0,1,1,0,113,2,0,1,0,0
201600033597,16,1,22,1950,5,2,1,1,6,351,4949193,12481,760,4,3,6,0,1,1,39,84,2,0,1,99,0
201600033598,16,1,25,1830,5,2,2,1,3,351,4949584,11901,760,4,2,2,0,1,1,0,72,2,0,1,0,0
201600033599,16,1,26,900,1,2,1,1,5,351,4951817,11172,760,4,2,2,0,1,1,0,52,2,0,1,0,1
201600033600,16,1,29,1215,1,2,2,1,6,351,4949542,9954,760,4,2,2,0,1,1,0,90,1,0,1,0,0
201600033601,16,1,31,1200,1,2,1,1,7,351,4947958,11992,760,5,2,2,0,1,1,38,128,2,0,1,99,0
201600033602,16,1,28,1750,1,2,3,1,3,351,4950010,13255,760,4,1,1,0,1,1,0,47,1,0,0,0,0
201600033603,16,1,27,1910,5,2,2,3,1,351,4949874,10712,760,4,2,3,0,2,2,0,0,2,0,1,0,0
201600033604,16,1,30,1650,1,2,1,1,7,351,4951468,10739,760,4,1,1,0,1,1,0,0,2,0,1,0,0
201600033605,16,2,1,1710,1,2,1,2,3,351,4950053,10788,760,4,2,2,0,1,1,0,100,2,0,1,3,0
201600033606,16,2,4,1825,5,2,2,1,6,351,4950245,17249,760,3,2,2,0,1,1,0,142,2,0,1,99,0
201600033607,16,2,3,1315,1,2,3,2,2,351,4949275,12424,760,4,2,2,0,1,1,0,0,2,5,0,0,0
201600033608,16,2,7,245,5,2,3,2,1,351,4949832,14834,760,4,2,2,0,4,4,0,210,2,2,1,99,0
201600033609,16,2,6,445,5,1,1,1,3,351,4949902,16090,760,4,3,4,1,1,1,0,167,1,0,0,0,0
201600033610,16,2,10,1330,1,2,2,3,3,351,4949880,13727,760,4,1,1,0,1,1,0,68,2,0,1,0,0
201600033611,16,2,14,1400,1,2,4,1,1,351,4951596,12493,760,4,2,2,0,0,1,0,0,2,0,0,0,0
201600033612,16,2,13,545,5,2,2,2,6,351,4949247,12417,760,4,3,5,0,1,1,41,144,2,0,0,0,0
201600033613,16,2,14,350,5,2,1,1,6,351,4952202,16345,760,3,2,2,0,1,1,0,70,2,0,1,0,0
201600033614,16,2,15,1620,1,2,3,1,6,351,4949833,10530,760,4,2,2,0,2,0,0,0,0,0,0,0,0
201600033615,16,2,11,1625,1,2,2,1,5,351,4949330,11207,760,4,3,3,3,1,1,0,120,1,5,0,0,0
201600033616,16,2,12,1345,1,1,1,2,3,270,4953069,14339,760,3,3,4,0,1,1,0,75,2,0,1,0,0
201600033617,16,2,16,820,1,2,3,1,7,305,4950641,23877,760,4,2,2,0,1,1,0,55,7,0,0,0,0
201600033618,16,2,19,1625,1,1,1,1,1,481,4955290,11144,760,3,2,2,0,4,1,0,74,1,0,1,99,0
201600033619,16,2,23,1910,3,1,1,1,6,447,4953511,19725,760,3,3,4,0,2,1,0,140,1,0,1,0,0
201600033620,16,2,23,1335,1,2,1,1,1,351,4949727,12909,760,4,2,2,0,1,1,0,88,1,0,1,0,0
201600033621,16,2,23,1705,1,2,1,1,6,351,4949363,15144,760,6,0,0,0,1,1,0,0,1,0,1,0,0
201600033622,16,2,22,1845,5,2,2,2,6,351,4951104,11993,760,4,2,3,0,1,1,0,114,2,0,1,0,0
201600033623,16,2,24,2110,5,2,2,1,6,351,4949963,12293,760,4,2,2,0,1,1,0,69,1,0,1,0,0
201600033624,16,2,25,1045,1,1,2,1,5,351,4950174,19322,760,3,1,3,0,4,2,0,106,1,0,1,99,1
201600033625,16,2,25,635,5,2,6,1,6,351,4950178,16261,760,4,2,2,0,1,1,0,69,1,0,0,0,0
201600033626,16,3,1,2310,5,2,3,1,6,351,4950263,15289,760,4,2,2,0,4,1,0,68,2,0,0,0,0
201600033627,16,3,4,1400,1,1,1,1,2,351,4950148,19285,760,3,1,3,0,2,2,0,142,1,0,1,0,0
201600033628,16,3,1,745,1,2,3,1,3,351,4949742,13263,760,4,2,2,1,1,1,0,63,1,0,1,0,0
201600033629,16,3,5,600,5,2,1,1,6,351,4949181,13455,760,4,2,2,0,1,1,0,157,1,0,1,0,0
201600033630,16,3,6,1525,1,1,1,1,6,305,4948660,20639,760,6,0,0,0,1,1,0,0,1,0,1,0,0
201600033631,16,3,11,850,1,2,1,1,6,351,4950068,8849,760,4,2,2,0,2,1,0,118,1,0,4,99,0
201600033632,16,3,12,529,3,1,1,5,7,270,4953068,14310,760,3,2,4,0,1,1,0,160,1,0,1,0,0
201600033633,16,3,14,1710,1,2,2,1,3,351,4949486,11119,760,4,1,2,1,1,1,0,55,1,0,5,99,0
201600033634,16,3,15,1740,1,2,2,1,6,447,4954804,19164,760,3,1,1,0,1,1,0,54,1,0,1,0,0
201600033635,16,3,20,1910,5,1,1,1,7,351,4951333,12466,760,4,3,4,2,1,1,0,0,1,0,1,0,0
201600033636,16,3,19,1135,1,2,2,1,2,351,4952949,10697,760,3,3,3,0,1,1,0,0,1,5,1,0,0
201600033637,16,3,25,1735,1,2,1,1,4,351,4951988,11514,760,4,3,4,2,1,1,0,55,1,0,1,0,0
201600033638,16,3,27,620,3,2,1,1,6,351,4949193,13490,760,4,2,2,0,1,1,0,150,1,0,1,99,0
201600033639,16,3,25,1800,1,2,2,1,3,351,4948902,13964,760,4,2,2,2,1,1,0,128,1,0,1,0,0
201600033640,16,3,27,2100,2,2,3,1,7,351,4950095,9099,760,3,2,3,0,4,2,0,145,1,0,1,0,0
201600033641,16,3,31,1820,1,2,2,1,6,447,4954333,19257,760,3,1,1,0,1,1,82,110,1,0,1,99,0
201600033642,16,4,3,650,2,1,1,5,7,447,4956458,15852,760,3,2,2,0,1,4,0,0,2,0,1,0,0
201600033643,16,4,2,1550,1,1,1,2,6,481,4953730,11218,760,4,2,2,0,1,1,0,48,2,0,1,0,0
201600033644,16,4,4,1950,3,1,1,1,6,481,4953280,11252,760,3,3,4,0,1,2,0,64,2,0,3,0,0
201600033645,16,4,5,1130,1,2,2,1,6,351,4949851,11786,760,4,2,2,0,2,1,0,0,1,0,0,0,0
201600033646,16,4,9,2250,5,2,1,1,6,351,4949404,17410,760,3,2,2,0,1,1,0,124,1,0,4,0,0
201600033647,16,4,11,650,2,1,1,2,6,341,4951736,19176,760,4,0,2,0,1,1,0,40,2,0,1,0,0
201600033648,16,4,15,1720,1,2,3,1,6,351,4950030,13558,760,4,2,2,0,1,1,0,0,1,5,0,0,1
201600033649,16,4,20,1050,1,2,1,1,6,351,4950222,15999,760,3,2,2,0,1,1,0,60,0,0,1,99,0
201600033650,16,4,21,1125,1,1,1,1,7,351,4952517,15980,760,3,3,4,0,1,1,0,0,1,0,1,0,0
201600033651,16,4,23,1950,1,2,3,1,6,351,4951069,11016,760,4,2,2,0,1,1,0,51,1,0,1,3,0
201600033652,16,4,25,1335,1,2,3,1,7,351,4952231,15726,760,3,2,2,0,1,1,0,89,1,0,1,0,0
201600033653,16,4,25,1320,1,2,2,1,6,351,4949988,12980,760,4,2,3,0,1,1,0,0,1,5,0,0,0
201600033654,16,4,29,110,5,2,2,1,6,351,4949412,13863,760,4,2,2,0,1,1,0,164,1,0,0,0,0
201600033655,16,4,27,1545,1,2,1,1,2,351,4949162,12567,760,4,3,4,0,1,1,40,83,1,0,1,99,0
201600033656,16,4,29,1500,1,2,1,2,7,351,4949744,12784,760,4,2,4,2,1,1,0,117,2,0,1,3,0
201600033657,16,5,2,1110,1,2,1,1,6,351,4950020,11080,760,4,2,3,0,2,1,0,85,1,0,1,0,0
201600033658,16,5,2,1630,1,2,2,1,3,351,4951554,17187,760,4,2,2,0,1,1,0,0,1,0,0,0,0
201600033659,16,5,4,710,1,2,3,1,6,351,4950101,18087,760,4,2,2,0,1,1,0,0,1,0,0,0,0
201600033660,16,5,4,1815,1,2,1,1,6,447,4954547,18676,760,4,2,2,0,1,1,0,52,1,0,1,0,0
201600033661,16,5,4,1650,1,2,3,1,6,351,4952208,15731,760,3,2,2,0,1,1,0,88,1,0,4,0,0
201600033662,16,5,4,1440,1,2,3,1,6,351,4951557,15478,760,3,2,2,2,1,1,15,100,1,0,1,0,0
201600033663,16,5,9,2236,5,2,1,1,1,351,4948729,11599,760,5,2,2,0,1,3,0,88,2,0,1,99,0
201600033664,16,5,10,1135,1,2,1,1,7,552,4951322,7730,760,4,2,2,0,2,1,0,58,1,0,1,99,0
201600033665,16,5,13,1445,1,2,3,1,2,447,4953207,18019,760,3,2,2,0,1,1,0,61,1,0,1,0,0
201600033666,16,5,17,800,1,2,3,1,3,351,4948943,15457,760,3,2,2,0,1,1,0,78,1,0,1,0,0
201600033667,16,5,14,1855,1,2,1,1,2,351,4950151,15109,760,3,2,2,2,1,1,0,64,1,0,1,0,0
201600033668,16,5,18,630,1,1,1,1,5,341,4952208,18589,760,3,3,4,0,2,3,0,72,1,0,1,0,1
201600033669,16,5,6,420,5,2,1,1,6,351,4949192,14704,760,4,2,2,2,1,1,0,60,1,0,0,0,0
201600033670,16,5,17,1157,1,2,2,1,6,351,4949683,11027,760,4,2,4,0,1,1,0,0,1,5,0,0,0
201600033671,16,5,17,1800,1,2,2,1,3,341,4950215,20193,760,4,2,2,0,1,1,0,50,1,0,1,0,0
201600033672,16,5,19,1750,1,2,1,1,7,351,4949541,12942,760,6,0,0,0,1,1,0,0,1,0,0,0,0
201600033673,16,5,28,1505,1,2,1,1,6,351,4949562,10790,760,4,2,2,0,1,1,0,80,1,0,0,0,0
201600033674,16,6,1,1705,1,1,1,1,1,341,4952078,19439,760,3,2,2,0,1,3,0,128,1,0,1,99,0
201600033675,16,6,3,2325,5,2,1,1,1,351,4951033,11872,760,4,2,2,0,1,1,0,79,1,0,1,99,0
201600033676,16,6,5,1815,1,2,2,1,7,351,4949607,12084,760,4,1,1,0,1,1,0,78,1,0,1,99,0
201600033677,16,6,3,2000,1,2,1,1,3,351,4949896,18766,760,3,2,2,0,1,1,0,76,1,0,1,0,0
201600033678,16,6,6,1745,1,2,4,1,2,351,4950342,17958,760,4,1,1,0,2,1,0,31,1,0,1,99,0
201600033679,16,6,12,1200,1,2,2,1,3,351,4951116,15342,760,4,2,2,0,1,1,0,59,2,0,1,0,0
201600033680,16,6,12,800,1,2,1,1,2,351,4949839,12853,760,4,2,4,0,1,1,0,71,1,0,1,3,0
201600033681,16,6,11,1731,1,2,1,1,6,447,4952802,18365,760,6,0,0,0,2,0,0,0,1,0,1,0,0
201600033682,16,6,15,1620,1,2,4,1,3,447,4955067,17461,760,3,2,2,0,2,2,0,0,1,5,0,3,0
201600033683,16,6,18,330,5,2,1,1,7,552,4950699,7028,760,4,1,1,0,1,1,0,28,0,0,1,0,0
201600033684,16,6,17,2000,1,2,1,1,6,351,4949744,9235,760,4,3,4,0,1,1,28,53,1,0,1,99,0
201600033685,16,6,16,1655,1,2,2,1,3,351,4949331,11855,760,4,1,1,0,1,1,0,77,1,0,1,99,0
201600033686,16,6,18,1545,1,2,1,1,7,351,4949670,13520,760,4,1,1,0,1,1,0,0,1,0,1,0,0
201600033687,16,6,17,750,1,2,2,1,6,351,4950911,14676,760,4,2,2,3,1,1,0,62,1,0,0,0,0
201600033688,16,6,22,1140,1,2,2,1,3,351,4949416,11651,760,4,1,1,1,1,1,0,27,1,0,1,0,0
201600033689,16,6,24,1420,1,2,1,1,7,351,4946050,19341,760,5,2,2,0,1,3,0,90,1,0,1,99,0
201600033690,16,6,25,150,5,2,1,1,7,351,4948957,15541,760,3,2,2,2,1,1,11,69,1,0,1,99,0
201600033691,16,6,20,815,1,2,2,1,1,351,4949624,14690,760,4,2,7,0,1,1,20,210,2,5,1,0,0
201600033692,16,7,2,2005,1,2,3,1,3,351,4951400,12644,760,4,2,2,0,1,1,0,55,1,0,0,0,0
201600033693,16,7,10,1445,1,2,3,1,7,351,4949731,10351,760,4,2,2,0,1,1,0,113,1,0,1,99,0
201600033694,16,7,15,50,5,2,2,1,6,351,4949587,12667,760,4,3,4,3,1,1,0,58,1,5,1,0,0
201600033695,16,7,15,2210,5,2,1,1,6,351,4951438,17205,760,4,2,2,0,1,1,0,0,1,0,1,99,0
201600033696,16,7,17,1920,1,1,1,1,6,351,4947659,17512,760,5,2,2,0,1,1,0,91,1,2,1,99,0
201600033697,16,7,17,40,5,2,2,1,2,351,4952170,15896,760,4,2,2,0,1,1,0,52,1,0,0,0,0
201600033698,16,7,18,2000,1,2,3,1,3,351,4949515,9621,760,4,3,4,0,1,1,17,55,1,0,1,99,0
201600033699,16,7,21,1530,1,2,2,1,1,351,4948547,10390,760,4,2,2,0,1,1,0,79,1,0,1,99,0
201600033700,16,7,22,1635,1,1,1,1,6,447,4955189,16891,760,3,2,2,0,2,1,0,66,1,0,3,0,0
201600033701,16,7,31,910,1,2,2,1,6,351,4949350,9790,760,4,3,2,3,1,1,0,70,1,4,0,0,0
201600033702,16,6,9,1710,1,2,1,1,5,351,4950411,12986,760,4,2,4,0,1,1,0,116,1,0,1,0,0
201600033703,16,8,2,805,1,2,6,2,2,447,4953482,17857,760,3,2,3,0,0,0,0,0,2,5,0,0,0
201600033704,16,8,2,1710,1,2,1,2,1,351,4951737,9701,760,4,2,2,0,1,1,0,80,2,0,1,0,0
201600033705,16,8,4,2355,5,2,1,1,5,351,4950229,18283,760,4,2,2,0,1,1,0,114,1,0,1,0,0
201600033706,16,8,8,150,5,2,3,1,6,305,4952226,21927,760,3,2,2,0,1,1,0,0,1,0,1,0,0
201600033707,16,8,8,1905,1,2,4,1,6,351,4950350,17958,760,4,1,1,0,2,1,0,68,1,0,0,0,0
201600033708,16,8,5,1955,1,2,2,1,3,351,4949243,13961,760,4,2,2,0,1,1,0,60,1,0,1,0,0
201600033709,16,8,10,2320,5,2,2,1,3,351,4949776,13746,760,4,2,2,0,1,1,0,60,1,0,1,0,0
201600033710,16,8,11,2025,1,2,3,1,6,351,4948949,9775,760,4,2,2,0,1,1,0,0,1,0,0,0,0
201600033711,16,8,18,210,5,1,2,2,6,351,4948169,15432,760,4,2,3,0,1,1,0,0,2,5,0,0,0
201600033712,16,8,19,228,5,1,1,1,6,270,4953066,14105,760,3,2,2,0,1,0,0,0,1,0,1,0,0
201600033713,16,8,19,1500,1,2,2,2,3,351,4948920,10815,760,4,2,2,0,1,1,0,82,2,0,1,0,0
201600033714,16,8,23,15,5,2,2,1,3,351,4951091,12023,760,4,1,1,0,3,1,0,0,1,5,1,0,0
201600033715,16,8,22,1855,1,2,1,1,1,305,4950351,21323,760,4,2,2,0,2,1,0,53,1,0,1,0,0
201600033716,16,8,24,815,1,2,2,1,3,351,4950476,16870,760,4,2,3,0,1,1,0,120,1,5,1,0,0
201600033717,16,8,18,1000,1,2,6,1,6,351,4950571,10130,760,3,2,2,0,2,1,0,60,1,5,0,0,0
201600033718,16,8,28,1200,1,2,3,1,3,552,4950455,8581,760,4,2,2,0,2,2,0,52,1,0,1,0,0
201600033719,16,8,27,1950,1,2,2,1,1,341,4950517,20411,760,4,2,2,0,1,1,0,49,1,0,1,3,0
201600033720,16,8,30,1130,1,1,1,1,1,351,4949225,16741,760,3,2,2,0,1,1,27,110,1,0,1,99,0
201600033721,16,8,26,1410,1,2,3,1,3,351,4950047,10687,760,4,2,2,0,2,1,0,29,1,0,0,0,0
201600033722,16,8,29,1840,1,1,6,1,3,481,4953132,10825,760,3,3,4,0,1,1,0,0,1,0,1,0,0
201600033723,16,9,2,1120,1,2,4,1,6,552,4950749,8364,760,3,2,3,0,2,3,0,69,1,5,1,0,0
201600033724,16,9,2,805,1,2,1,1,6,447,4954511,19175,760,4,1,1,0,1,2,0,0,1,0,1,0,0
201600033725,16,9,3,20,5,2,1,1,6,341,4950471,20038,760,3,2,2,0,1,1,0,137,1,0,1,99,0
201600033726,16,9,2,1510,1,2,1,1,7,351,4950015,11075,760,4,2,3,0,2,1,0,85,1,0,1,99,0
201600033727,16,9,4,2130,5,1,6,1,6,481,4953010,10348,760,3,2,2,0,1,1,0,0,1,5,1,0,0
201600033728,16,9,4,2140,3,1,1,1,6,270,4953119,14205,760,3,3,4,0,1,1,0,101,1,0,1,99,0
201600033729,16,9,5,1505,1,2,2,1,3,351,4952429,9686,760,3,2,2,0,1,1,0,0,1,0,1,0,0
201600033730,16,9,8,1345,1,1,6,1,2,481,4953166,10350,760,3,2,2,0,1,1,0,69,1,0,1,99,0
201600033731,16,9,10,915,1,1,1,1,6,351,4952474,16795,760,9,2,2,0,2,3,0,52,1,0,1,99,0
201600033732,16,9,9,835,1,2,3,1,6,351,4949317,15138,760,4,1,1,0,1,1,0,0,1,0,0,0,0
201600033733,16,9,10,1000,1,1,1,1,6,305,4948683,20973,760,6,0,0,0,1,1,0,0,1,0,1,0,0
201600033734,16,9,12,721,1,2,1,1,6,351,4950978,14219,760,3,2,2,0,1,1,0,68,1,0,1,99,0
201600033735,16,9,9,1405,1,2,3,1,6,351,4948860,13444,760,4,3,4,0,1,1,0,140,1,0,0,0,0
201600033736,16,9,10,430,5,1,1,1,1,305,4949910,20517,760,2,2,2,0,2,3,0,0,1,0,1,0,0
201600033737,16,9,13,1335,1,2,2,1,3,351,4951655,15612,760,3,2,5,1,1,1,0,12,1,5,1,0,0
201600033738,16,9,1,1340,1,2,2,1,3,351,4950086,14437,760,4,2,2,0,1,1,0,101,1,0,1,3,0
201600033739,16,9,15,1225,1,1,1,1,6,351,4951793,19223,760,3,3,3,0,1,1,0,93,1,0,1,99,0
201600033740,16,9,15,1720,1,2,4,1,5,341,4951897,19375,760,3,2,2,0,1,2,0,700,1,0,1,0,0
201600033741,16,9,18,425,5,2,4,1,6,351,4949149,12585,760,4,3,5,0,1,1,0,0,1,0,1,0,1
201600033742,16,9,19,2224,5,2,1,2,7,341,4950770,20473,760,4,2,2,0,1,1,0,46,2,0,1,99,0
201600033743,16,9,17,1855,1,2,6,2,6,351,4949134,13303,760,4,3,4,0,1,1,0,160,2,5,1,0,0
201600033744,16,9,21,1050,1,2,4,1,3,552,4951378,7588,760,3,2,2,0,2,3,0,73,1,0,1,0,0
201600033745,16,10,1,1800,1,2,1,1,6,351,4949514,11019,760,4,2,2,0,1,1,0,59,1,0,1,0,0
201600033746,16,10,4,1838,1,1,1,1,6,305,4948777,20110,760,5,3,2,0,1,1,0,70,1,0,1,0,0
201600033747,16,10,4,2030,5,2,1,1,6,351,4950003,16016,760,4,2,2,0,1,1,48,144,1,0,1,0,0
201600033748,16,10,4,1620,1,1,1,1,1,305,4951684,20742,760,3,3,4,0,2,2,0,96,1,0,1,99,0
201600033749,16,10,4,1315,1,2,1,1,2,351,4950110,9016,760,3,2,2,0,1,1,0,92,1,0,1,3,0
201600033750,16,10,6,1845,1,1,3,1,3,351,4950009,17169,760,4,3,7,0,1,1,24,64,1,5,1,99,0
201600033751,16,10,8,710,5,2,2,1,3,351,4950477,16875,760,4,2,3,2,2,1,0,102,1,5,0,0,0
201600033752,16,10,13,1610,1,2,2,1,6,351,4949024,14217,760,4,2,2,0,1,1,0,0,1,5,0,3,0
201600033753,16,10,14,1910,2,2,3,1,3,351,4949235,12989,760,4,2,2,0,1,1,0,0,1,5,0,0,0
201600033754,16,10,24,1618,1,2,1,1,2,351,4950113,8798,760,4,2,2,1,1,1,0,118,1,0,1,99,0
201600033755,16,10,27,1800,1,2,1,1,6,351,4949658,9322,760,4,2,2,0,1,1,0,70,1,0,1,0,0
201600033756,16,10,30,1120,1,1,1,1,7,447,4954308,22299,760,3,3,4,0,1,1,0,110,1,0,1,0,0
201600033757,16,11,3,810,1,1,2,1,3,481,4955997,11477,760,3,2,2,0,1,1,0,78,1,0,1,0,0
201600033758,16,11,6,340,5,2,2,1,3,351,4950001,13002,760,4,2,4,3,1,1,0,0,1,5,1,0,0
201600033759,16,11,7,740,1,2,1,2,6,341,4951353,19774,760,3,2,2,0,1,1,0,74,2,0,1,3,0
201600033760,16,11,9,1735,1,2,4,3,7,270,4952556,15374,760,4,2,2,0,1,1,0,0,2,5,0,0,0
201600033761,16,11,13,630,5,2,3,1,6,341,4951328,19805,760,3,2,2,0,1,1,0,68,1,0,4,0,0
201600033762,16,11,14,1545,1,2,3,1,6,447,4954438,19341,760,4,1,1,0,1,1,0,0,1,0,1,0,0
201600033763,16,11,16,1210,1,2,2,1,3,351,4950490,14834,760,4,2,2,0,1,1,0,59,2,0,1,0,0
201600033764,16,11,19,1500,1,1,4,1,2,341,4952006,19153,760,3,1,1,0,1,2,0,0,1,0,1,0,0
201600033765,16,11,20,1925,5,2,2,2,6,351,4951054,10241,760,3,2,2,0,1,1,0,59,2,0,4,0,0
201600033766,16,11,26,1330,1,2,3,1,1,351,4949000,10301,760,4,2,2,0,1,1,0,85,1,0,0,0,0
201600033767,16,11,28,1955,5,2,3,1,7,351,4950427,13106,760,4,2,2,0,2,3,0,161,1,5,0,0,0
201600033768,16,11,28,745,2,2,1,1,3,351,4950391,12688,760,4,2,4,0,1,1,0,110,1,0,1,99,0
201600033769,16,11,30,730,2,2,6,1,7,447,4953482,17858,760,3,1,2,0,1,2,0,83,7,0,1,0,0
201600033770,16,12,2,1106,1,1,1,1,6,270,4953088,14260,760,3,3,4,0,2,3,0,80,2,0,1,99,0
201600033771,16,12,6,940,1,2,1,1,6,351,4951640,11905,760,6,0,0,0,1,1,0,0,1,0,1,0,0
201600033772,16,12,6,715,2,2,1,1,7,341,4951064,18962,760,4,1,1,0,1,1,0,50,8,0,1,0,0
201600033773,16,12,4,1330,1,2,2,1,3,351,4949665,13426,760,4,1,1,0,1,1,0,37,1,0,1,99,0
201600033774,16,12,10,1745,5,2,3,1,6,351,4950100,18066,760,4,2,2,1,1,1,0,148,1,0,1,0,0
201600033775,16,12,10,600,5,2,6,1,6,351,4949580,17904,760,3,2,2,0,1,1,33,59,2,0,1,99,0
201600033776,16,12,16,1210,1,2,3,1,3,351,4950829,11037,760,4,2,2,0,1,1,0,0,1,0,1,99,0
201600033777,16,12,16,747,5,2,1,1,3,351,4949285,14197,760,4,2,2,0,1,1,0,82,1,0,1,0,0
201600033778,16,12,21,1800,5,2,2,2,6,351,4949265,9937,760,4,2,2,0,1,1,0,53,2,0,1,0,0
201600033779,16,12,21,1935,5,2,1,2,6,351,4950923,12277,760,4,2,2,0,1,1,0,49,2,0,1,99,0
201600033780,16,12,22,1255,1,1,4,1,1,351,4946908,18085,760,5,2,2,0,1,3,0,122,2,0,1,0,0
201600033781,16,12,22,1800,5,2,3,1,3,552,4950621,8447,760,3,2,2,0,1,1,0,61,1,0,1,0,0
201600033782,16,12,24,2005,5,2,1,1,1,351,4951296,8983,760,4,2,2,0,1,1,0,81,1,0,1,0,0
201600033783,16,12,12,815,2,2,1,2,3,351,4948864,15111,760,3,2,3,0,1,1,0,99,2,0,1,99,0
201600033784,16,11,29,1830,5,2,1,1,3,351,4950248,16904,760,3,2,2,2,1,1,0,73,1,0,1,0,0
201600033785,16,12,29,1200,1,2,1,1,7,351,4952198,16370,760,3,2,2,0,1,1,0,70,7,0,1,0,0
201600033786,16,12,26,1420,1,2,4,1,3,540,4943538,110422,760,4,3,7,3,1,1,0,0,1,0,0,0,0
201600033787,16,12,29,650,5,2,3,1,6,575,4939861,106297,760,3,3,3,0,1,1,0,0,1,5,0,0,0
201600033788,16,12,22,520,5,2,1,2,6,484,4934866,109513,760,3,2,2,0,1,1,0,60,2,0,1,0,0
201600033789,16,3,18,1350,1,2,2,1,3,575,4939858,106605,760,4,2,2,0,1,1,0,0,1,0,0,0,0
201600033790,16,11,5,600,5,1,6,2,6,484,4934582,107694,760,3,2,2,0,0,0,0,0,2,5,0,0,0
201600033791,16,11,18,1120,1,2,3,1,6,103,4942423,112288,760,3,2,3,0,1,1,0,95,2,5,1,0,0
201600033792,16,11,21,805,2,2,3,1,6,540,4942090,107364,760,4,2,2,0,1,1,0,0,1,0,0,0,0
201600033793,16,12,20,2000,5,2,3,1,3,540,4944017,108464,760,4,1,3,3,1,1,0,150,1,0,1,99,0
201600033794,16,1,9,900,1,2,2,1,5,540,4944102,108256,760,3,3,6,0,1,1,0,0,1,0,1,99,0
201600033795,16,1,16,510,5,2,1,1,6,540,4944382,111280,760,3,3,4,0,2,3,28,104,2,0,1,0,1
201600033796,16,12,28,1155,1,2,1,9,1,599,4943516,114749,760,3,2,2,0,1,1,0,0,0,0,1,99,0
201600033797,16,12,9,1400,1,2,2,1,3,319,4936711,101080,760,3,2,3,0,4,1,0,90,1,5,1,0,0
201600033798,16,1,23,1905,5,2,1,1,3,322,4941235,104746,760,4,2,2,0,1,1,0,0,1,0,1,0,0
201600033799,16,1,27,1550,1,2,2,2,3,322,4941869,103152,760,3,2,2,0,1,1,0,80,2,0,1,0,0
201600033800,16,1,7,750,5,2,3,2,6,540,4944137,108696,760,4,2,2,3,1,1,0,0,2,5,1,0,0
201600033801,16,1,11,430,5,2,4,1,3,540,4944963,105018,760,3,2,7,3,1,1,0,250,2,5,1,0,0
201600033802,16,1,14,1320,1,2,1,2,6,498,4942731,106643,760,4,1,1,0,1,1,0,30,2,0,1,0,0
201600033803,16,1,14,1850,5,2,2,3,3,540,4945279,105654,760,3,2,3,0,2,1,0,90,2,5,1,0,0
201600033804,16,1,18,2015,3,1,1,1,1,410,4948721,102610,760,3,2,2,0,2,2,0,87,1,0,1,0,0
201600033805,16,2,2,825,1,2,4,1,6,322,4941418,105093,760,3,3,2,0,1,1,0,0,2,5,0,0,0
201600033806,16,1,22,950,1,2,4,2,4,540,4942914,109899,760,3,1,1,0,2,3,0,0,2,3,0,0,0
201600033807,16,2,11,1040,1,2,2,7,6,231,4928742,100825,760,4,1,1,0,1,1,0,0,1,0,0,0,0
201600033808,16,1,25,625,4,1,1,1,1,5,4939228,112363,760,3,2,2,0,1,1,0,70,1,0,1,0,0
201600033809,16,2,5,720,5,2,1,2,6,103,4942614,112205,760,4,1,1,0,2,1,0,0,2,0,1,0,0
201600033810,16,2,10,700,5,2,3,1,3,410,4948194,103650,760,3,2,2,0,2,0,0,0,2,5,0,0,0
201600033811,16,1,19,1820,2,1,6,1,2,391,4934180,92911,760,1,1,2,0,0,0,0,0,1,3,0,0,0