Num_Acc,an,mois,jour,hrmn,lum,agg,int,atm,col,com,lat,long,dep,catr,circ,nbv,vosp,prof,plan,lartpc,larrout,surf,infra,situ,env1,killed
201600033812,16,2,10,1130,1,2,1,1,6,429,4941131,114041,760,3,2,2,0,1,1,0,0,2,0,1,0,0
201600033813,16,2,20,308,5,2,1,1,6,157,4946226,104185,760,3,2,2,0,1,1,0,80,2,0,4,0,0
201600033814,16,2,25,1720,1,2,3,1,1,575,4938809,108152,760,4,2,2,0,2,1,0,0,1,0,1,0,0
201600033815,16,2,25,1655,1,2,6,1,6,540,4946149,113194,760,3,3,2,0,3,3,0,0,1,5,1,0,0
201600033816,16,2,10,947,1,2,3,2,6,497,4939416,102362,760,3,2,3,0,1,1,0,90,2,5,1,0,0
201600033817,16,2,22,1515,1,2,1,3,3,410,4947454,103809,760,4,2,2,0,2,1,0,30,2,0,1,0,0
201600033818,16,3,1,1520,1,2,2,2,3,540,4943402,108220,760,4,1,1,0,1,1,0,0,1,0,0,0,0
201600033819,16,3,5,2310,3,1,1,2,2,319,4934392,101037,760,2,3,2,0,1,1,0,60,2,3,3,99,0
201600033820,16,2,16,740,2,2,3,9,5,157,4944996,103511,760,3,2,2,0,1,1,0,0,7,5,0,0,0
201600033821,16,2,25,740,1,2,1,1,6,540,4942789,108013,760,4,2,2,0,1,1,0,70,1,0,1,3,0
201600033822,16,3,10,1,3,1,1,2,2,728,4947799,101709,760,1,3,4,0,3,1,0,70,2,0,1,99,0
201600033823,16,3,11,1,5,2,3,1,3,681,4942138,110657,760,3,3,4,0,1,1,25,70,1,5,1,0,0
201600033824,16,3,14,715,1,2,3,1,2,681,4940277,111069,760,3,3,4,0,1,1,0,0,1,5,1,0,0
201600033825,16,3,8,1740,1,2,1,1,6,451,4946285,106632,760,4,2,2,0,1,1,0,71,1,0,1,0,1
201600033826,16,3,13,920,1,2,6,1,6,322,4940644,104119,760,4,2,2,0,1,1,0,0,1,5,0,0,0
201600033827,16,3,11,1950,5,2,1,1,6,322,4939360,105938,760,3,2,4,0,1,1,0,0,1,0,5,99,0
201600033828,16,3,16,840,1,2,2,1,3,540,4943253,108944,760,4,2,2,0,1,1,0,60,1,0,1,0,0
201600033829,16,3,1,1100,1,2,2,2,6,540,4944391,109622,760,4,1,1,0,2,1,0,0,2,6,0,0,0
201600033830,16,3,15,1740,1,1,3,1,3,575,4939393,111155,760,3,3,5,0,1,1,0,30,1,5,1,0,0
201600033831,16,3,16,1336,1,1,2,1,3,319,4936710,101094,760,3,2,5,0,1,1,0,90,1,5,1,99,0
201600033832,16,3,16,830,1,2,1,1,7,322,4940531,104835,760,6,0,0,0,1,1,0,0,1,0,0,0,0
201600033833,16,3,16,1700,1,2,2,1,3,165,4928283,102258,760,3,1,1,0,1,1,0,78,1,0,1,0,0
201600033834,16,3,14,1320,1,2,3,1,6,540,4944980,113843,760,4,2,2,0,1,1,0,0,1,0,0,3,0
201600033835,16,3,19,220,5,2,1,1,2,157,4946376,104092,760,3,0,2,0,1,2,0,60,1,0,1,0,1
201600033836,16,3,19,235,5,1,1,1,6,474,4949931,104047,760,3,2,2,0,1,1,0,0,1,0,1,0,0
201600033837,16,3,23,10,5,2,1,1,6,681,4941505,109274,760,4,2,2,0,1,1,0,60,1,0,1,3,0
201600033838,16,3,10,1650,1,2,1,1,6,429,4940678,114000,760,4,1,1,0,0,1,0,28,1,0,0,3,0
201600033839,16,3,15,1120,1,2,2,1,2,540,4943435,108941,760,3,3,4,0,1,1,70,90,1,5,1,0,0
201600033840,16,3,24,2000,5,2,2,1,3,540,4942913,109189,760,4,2,2,0,1,1,0,0,1,0,1,0,0
201600033841,16,3,26,40,5,2,3,1,6,540,4942812,109459,760,4,2,2,0,1,1,0,0,1,5,0,0,0
201600033842,16,3,28,2150,5,2,3,2,3,451,4946940,107696,760,4,2,2,0,1,2,220,50,1,5,1,0,0
201600033843,16,3,27,605,5,2,2,1,5,540,4944089,108238,760,3,2,5,0,2,1,0,0,0,5,1,0,0
201600033844,16,3,29,1230,1,2,3,1,3,540,4945488,109605,760,4,1,1,0,3,1,0,0,1,0,1,0,0
201600033845,16,3,25,1635,1,2,1,1,3,429,4941599,113391,760,3,0,2,0,1,0,0,60,1,0,1,0,0
201600033846,16,3,31,1045,1,2,2,2,6,319,4935894,100972,760,3,2,2,0,0,1,0,25,2,0,1,0,0
201600033847,16,4,3,1310,1,2,3,1,1,575,4938110,110937,760,4,2,2,0,1,1,0,0,1,0,1,0,0
201600033848,16,4,3,650,3,1,1,2,1,231,4928727,96730,760,3,2,2,0,2,2,0,69,2,0,1,0,0
201600033849,16,4,1,1620,1,2,2,1,4,540,4943902,108028,760,2,2,7,0,1,1,0,0,1,5,1,0,0
201600033850,16,4,5,745,1,2,1,1,3,103,4942786,111777,760,3,2,4,3,2,1,0,120,1,0,1,0,0
201600033851,16,4,5,2145,5,2,2,1,3,540,4944892,108921,760,4,1,1,0,0,0,0,0,0,0,0,0,0
201600033852,16,4,8,500,5,2,5,1,3,540,4944450,112877,760,4,2,2,0,2,1,0,32,2,0,1,0,0
201600033853,16,4,6,1200,1,2,4,1,3,95,4946050,112897,760,4,1,1,0,1,1,0,0,1,0,0,0,0
201600033854,16,4,13,1020,1,2,2,1,3,681,4941717,109558,760,4,2,2,0,1,1,0,0,1,0,0,0,0
201600033855,16,3,31,1805,1,2,1,1,6,410,4947780,103658,760,3,2,2,0,1,1,0,70,1,0,1,3,0
201600033856,16,4,18,840,1,2,2,1,2,575,4938814,108744,760,4,2,2,0,2,1,0,0,1,5,0,0,0
201600033857,16,4,6,1340,1,2,1,2,6,216,4947448,105013,760,4,2,2,0,1,1,0,0,2,0,1,0,0
201600033858,16,4,13,1735,1,2,1,1,6,498,4942465,106696,760,4,2,2,0,1,1,0,40,1,0,1,0,0
201600033859,16,4,20,815,1,1,1,1,3,322,4939187,104032,760,2,3,4,0,1,1,20,60,1,0,1,99,0
201600033860,16,4,21,1645,1,2,3,1,6,410,4947641,104304,760,3,2,2,0,1,1,0,0,1,0,1,0,0
201600033861,16,4,14,1445,1,2,3,1,3,231,4928347,100555,760,4,2,2,0,2,1,0,0,1,0,0,0,0
201600033862,16,4,24,1610,1,2,2,1,6,231,4929038,101113,760,4,2,2,0,1,1,0,0,1,0,0,0,1
201600033863,16,4,27,1625,1,2,4,1,3,231,4928044,100760,760,3,2,2,0,2,1,0,87,1,2,1,3,0
201600033864,16,3,21,925,1,2,3,1,6,540,4944653,109812,760,4,1,1,0,2,1,0,30,1,0,1,0,0
201600033865,16,3,29,1335,1,2,1,1,3,540,4944620,110558,760,4,2,5,0,2,3,0,100,1,0,1,0,0
201600033866,16,4,5,2300,5,2,2,1,2,497,4938813,102288,760,3,2,3,0,1,1,0,0,1,5,1,0,0
201600033867,16,4,2,1130,1,2,3,1,6,157,4945121,104657,760,3,2,2,0,0,0,0,80,1,0,1,0,0
201600033868,16,5,2,1630,1,2,1,1,6,561,4930313,101566,760,3,3,2,0,1,1,35,35,1,0,1,99,0
201600033869,16,4,28,1640,1,2,4,1,6,5,4940857,112208,760,4,2,2,0,2,2,0,0,1,0,0,0,0
201600033870,16,5,2,830,1,2,1,1,6,540,4944268,108996,760,4,1,1,2,1,1,0,0,1,0,1,99,0
201600033871,16,4,30,610,1,2,3,1,6,540,4943826,109144,760,4,3,4,3,1,1,0,0,2,0,1,0,0
201600033872,16,4,28,1300,1,2,4,1,3,540,4944180,110092,760,4,1,1,0,1,1,0,0,1,0,0,0,0
201600033873,16,5,6,1840,1,2,2,1,3,497,4938574,102125,760,3,1,1,0,1,1,0,40,1,0,1,0,0
201600033874,16,5,11,1645,1,2,3,3,3,157,4944504,104193,760,3,2,2,0,2,2,0,0,2,5,1,0,0
201600033875,16,5,12,930,1,2,1,1,6,410,4947808,104728,760,3,2,2,3,1,1,0,30,1,0,1,0,0
201600033876,16,5,9,845,1,2,3,1,2,540,4943276,108278,760,4,2,2,0,1,1,0,0,1,0,0,0,0
201600033877,16,5,9,1852,1,2,6,1,2,575,4938519,107111,760,4,1,1,0,1,3,0,85,1,5,1,0,0
201600033878,16,5,20,1925,1,2,2,1,3,231,4928389,101236,760,4,2,2,0,1,1,18,61,1,0,1,0,0
201600033879,16,5,22,315,5,2,2,2,3,561,4930119,101213,760,3,2,2,0,1,1,0,138,2,0,1,0,0
201600033880,16,5,12,1800,1,2,1,2,6,540,4944214,107854,760,2,1,2,0,2,3,0,60,2,3,1,99,0
201600033881,16,5,13,1710,1,2,1,1,5,451,4946361,108549,760,4,2,2,0,2,1,0,60,1,0,1,99,0
201600033882,16,5,10,1740,1,1,1,1,2,322,4940707,103674,760,2,3,5,0,1,1,0,0,1,0,1,0,0
201600033883,16,5,10,1935,1,2,1,3,1,429,4941068,114126,760,3,2,2,0,1,1,0,120,2,0,1,0,0
201600033884,16,5,13,1130,1,2,1,1,4,540,4944083,108263,760,4,1,2,0,2,1,0,55,1,1,1,0,0
201600033885,16,4,30,1830,1,2,1,1,6,540,4943773,109160,760,4,1,1,0,1,1,0,25,1,2,1,0,0
201600033886,16,5,29,1015,1,2,1,1,2,705,4932763,107447,760,4,2,2,0,1,1,0,55,1,0,1,0,0
201600033887,16,5,22,1400,1,1,1,2,1,366,4952234,103455,760,3,2,2,0,1,2,0,0,2,2,1,0,0
201600033888,16,6,1,120,5,2,2,2,3,681,4942147,110661,760,3,3,4,0,1,1,0,74,2,5,1,0,0
201600033889,16,5,30,1620,1,2,1,1,6,410,4947700,103664,760,3,2,2,0,1,1,0,70,1,0,1,0,0
201600033890,16,5,25,835,1,2,3,1,6,540,4944743,114020,760,4,2,2,0,1,2,0,0,1,0,0,0,0
201600033891,16,5,27,2245,5,2,1,1,2,540,4944218,110483,760,4,1,1,2,1,1,0,0,1,0,5,0,0
201600033892,16,5,28,1820,1,2,5,3,6,540,4944718,109341,760,3,3,4,0,2,1,0,80,2,5,1,0,0
201600033893,16,5,25,1130,1,2,1,1,6,322,4942064,104243,760,4,2,2,0,1,1,0,68,1,0,1,0,0
201600033894,16,5,20,750,1,1,1,1,2,322,4940298,103370,760,2,3,4,0,1,1,0,70,2,0,1,99,0
201600033895,16,6,6,340,5,2,1,1,6,540,4946106,113258,760,3,2,2,0,0,0,0,0,0,0,1,0,0
201600033896,16,6,8,1630,1,2,1,1,6,319,4934811,102108,760,3,2,2,0,2,1,0,0,1,0,1,0,0
201600033897,16,6,11,702,1,2,2,1,6,540,4942106,107924,760,4,2,2,0,0,1,0,0,1,0,0,0,1
201600033898,16,6,12,1725,1,2,1,3,6,540,4944330,113031,760,3,2,2,0,2,2,0,60,2,0,3,0,0
201600033899,16,6,10,850,1,2,1,1,4,540,4944000,108091,760,2,2,7,0,1,1,0,0,1,0,1,0,0
201600033900,16,6,1,1300,1,2,2,1,6,540,4944396,109173,760,4,1,1,0,1,1,0,0,1,0,0,0,0
201600033901,16,5,31,925,1,2,2,1,5,575,4938097,110538,760,4,2,2,0,1,1,0,0,1,0,1,0,0
201600033902,16,6,16,1700,1,2,2,1,2,540,4943220,107895,760,4,2,2,0,1,1,0,0,1,5,0,0,0
201600033903,16,6,22,1820,1,2,1,1,2,681,4942072,109337,760,3,2,2,0,1,1,0,0,1,0,1,0,0
201600033904,16,6,21,715,1,2,2,3,1,640,4928344,103821,760,4,2,2,0,1,1,0,0,2,0,0,0,0
201600033905,16,6,17,1735,1,2,1,1,6,212,4943998,114243,760,3,2,2,0,1,1,0,60,1,0,4,0,0
201600033906,16,6,26,2148,2,2,2,1,3,540,4944377,112254,760,4,2,2,0,2,1,0,0,0,0,0,0,0
201600033907,16,5,23,2225,5,2,5,1,6,540,4944843,109959,760,3,2,3,3,2,1,0,0,1,5,0,0,0
201600033908,16,5,30,510,5,2,3,1,6,540,4944379,108772,760,4,1,2,0,1,1,0,0,2,0,0,0,0
201600033909,16,5,31,1815,1,2,1,1,1,366,4951042,103289,760,3,2,2,0,1,3,0,60,2,0,1,99,0
201600033910,16,6,18,1640,1,2,3,1,3,212,4944325,114873,760,4,1,1,0,1,1,0,0,1,0,1,0,0
201600033911,16,6,29,615,1,2,1,1,3,429,4941351,113736,760,3,2,2,0,2,1,0,40,1,0,1,0,0
201600033912,16,6,2,1655,1,1,1,1,2,484,4934653,107733,760,3,3,4,0,1,1,0,70,1,0,1,99,0
201600033913,16,6,28,2235,5,2,1,1,6,540,4943535,110353,760,4,3,5,3,2,1,24,0,1,0,1,0,1
201600033914,16,4,30,1944,1,2,1,1,6,575,4939714,106720,760,4,2,2,0,1,1,0,0,1,0,0,0,0
201600033915,16,7,8,1040,1,2,1,1,6,561,4930243,101377,760,3,2,2,1,1,1,35,35,1,0,1,0,0
201600033916,16,7,8,1000,1,2,1,1,2,540,4944319,108479,760,3,0,5,0,2,1,0,0,1,0,0,0,0
201600033917,16,7,9,1900,1,2,1,1,6,575,4938619,111008,760,3,3,4,0,1,1,0,0,1,0,1,0,0
201600033918,16,7,11,500,5,2,2,1,3,540,4943461,107644,760,2,3,7,0,1,1,14,154,1,5,1,0,0
201600033919,16,7,19,800,1,2,2,1,3,108,4946985,111999,760,3,2,3,0,1,1,0,0,1,5,1,0,0
201600033920,16,7,24,1740,1,2,2,1,3,540,4945430,113880,760,4,2,2,0,1,1,0,0,1,0,4,0,0
201600033921,16,5,4,1245,1,2,1,1,6,575,4937935,111097,760,3,3,4,0,1,1,0,70,1,0,1,0,1
201600033922,16,6,13,830,1,2,1,1,6,540,4943066,108621,760,4,2,2,0,1,1,0,60,1,0,1,0,0
201600033923,16,6,15,835,1,2,1,1,6,575,4939452,107157,760,4,2,2,0,1,1,0,60,1,0,1,0,0
201600033924,16,6,27,1400,1,2,1,1,3,540,4944400,109551,760,4,2,2,2,1,1,0,60,1,0,5,0,0
201600033925,16,6,28,1220,1,2,1,1,2,540,4943608,110136,760,4,3,6,0,1,1,0,93,1,0,1,0,0
201600033926,16,8,2,715,1,2,1,2,5,682,4932049,113367,760,3,2,1,0,1,1,0,49,2,0,1,0,1
201600033927,16,11,25,1000,1,1,1,1,2,157,4946451,103904,760,1,3,4,0,3,1,50,95,1,0,1,99,0
201600033928,16,7,25,1510,1,2,2,1,3,540,4945279,105657,760,3,2,2,0,2,1,0,27,1,5,1,0,0
201600033929,16,7,9,1810,1,2,1,1,6,498,4942764,106737,760,4,1,1,0,1,1,0,36,1,0,1,0,0
201600033930,16,7,2,240,5,2,1,1,6,681,4940271,110329,760,3,2,2,0,1,1,0,85,1,0,1,99,0
201600033931,16,7,11,1550,1,2,1,1,6,366,4951086,103891,760,3,2,2,0,1,1,0,60,1,0,1,0,0
201600033932,16,6,13,1900,1,2,1,1,1,540,4944343,113159,760,3,2,2,0,2,3,0,90,2,0,1,0,0
201600033933,16,5,11,1630,1,2,6,1,6,322,4941569,104259,760,6,0,0,0,0,1,0,0,1,0,1,0,0
201600033934,16,5,27,2050,1,2,6,1,6,410,4947377,102949,760,3,1,1,0,2,3,0,40,1,0,1,0,0
201600033935,16,7,8,1755,1,2,1,1,2,540,4944765,109402,760,4,1,3,0,1,1,20,220,1,0,1,0,0
201600033936,16,5,30,1310,1,1,1,1,2,575,4938014,106344,760,3,3,4,0,1,1,0,60,1,0,1,0,0
201600033937,16,6,4,1210,1,2,6,1,6,498,4942332,106160,760,4,2,2,2,1,1,0,0,1,5,0,0,0
201600033938,16,6,7,640,1,2,2,1,3,540,4942707,108350,760,4,2,2,0,1,1,0,60,1,5,1,0,0
201600033939,16,6,9,1700,1,2,2,1,6,540,4942560,107371,760,4,2,2,0,1,1,0,0,1,0,0,0,0
201600033940,16,6,24,25,5,2,2,1,2,498,4941684,107021,760,3,3,4,0,1,1,0,0,1,5,1,0,0
201600033941,16,8,2,1420,1,2,1,1,6,108,4947368,112416,760,3,2,2,0,1,1,0,102,1,0,1,0,0
201600033942,16,8,7,301,5,2,2,1,3,540,4943589,113433,760,2,1,2,0,1,1,0,0,1,0,1,0,0
201600033943,16,7,29,1540,1,2,1,1,6,157,4945377,105163,760,4,2,2,0,1,1,0,0,1,0,1,0,0
201600033944,16,8,2,1220,1,2,1,2,3,212,4945711,114411,760,2,3,2,0,2,1,15,70,2,0,1,0,0
201600033945,16,8,22,1100,1,1,1,1,6,540,4942554,110581,760,3,1,3,0,1,2,0,0,1,0,1,0,0
201600033946,16,8,19,2355,5,1,4,1,6,540,4943008,110094,760,3,1,1,0,2,3,0,40,0,3,1,99,0
201600033947,16,8,3,1600,1,2,3,1,3,681,4940288,111072,760,3,3,2,0,1,1,0,40,1,5,1,0,0
201600033948,16,8,9,2000,1,2,1,1,6,319,4935572,100630,760,3,2,2,0,1,1,0,0,1,0,1,0,0
201600033949,16,8,20,2025,1,2,3,1,6,540,4945122,107033,760,4,2,2,0,2,0,0,0,1,5,0,0,0
201600033950,16,8,8,1730,1,2,1,1,6,157,4945802,104480,760,6,0,0,0,0,1,0,0,1,0,1,0,0
201600033951,16,8,22,1830,1,2,2,1,6,681,4941826,109710,760,3,2,3,1,1,1,0,90,1,0,1,0,0
201600033952,16,7,27,1830,1,2,2,1,3,484,4935441,109436,760,4,2,3,0,1,1,0,0,1,5,1,0,0
201600033953,16,8,7,1630,1,2,1,1,6,540,4943857,109028,760,4,3,3,0,1,1,0,100,1,0,1,0,0
201600033954,16,8,23,930,1,2,2,1,3,498,4942281,106719,760,3,3,4,0,1,1,0,0,1,5,1,0,0
201600033955,16,8,12,1745,1,2,3,1,3,540,4944841,114213,760,4,2,2,0,1,1,0,0,1,0,0,0,0
201600033956,16,7,25,1835,1,2,3,1,6,451,4946225,106994,760,4,2,2,0,1,1,0,0,2,0,0,0,0
201600033957,16,8,26,2325,5,1,2,1,6,575,4938103,111002,760,3,3,5,0,1,1,0,0,1,5,1,99,1
201600033958,16,8,29,905,1,2,1,1,1,212,4944415,115309,760,2,2,2,0,2,2,0,0,1,0,1,0,0
201600033959,16,7,18,1920,1,2,1,1,1,681,4940685,109491,760,3,2,2,0,1,1,0,80,1,0,1,0,0
201600033960,16,7,22,2300,5,2,2,1,3,540,4945247,112005,760,4,2,2,0,1,1,0,0,1,0,0,0,0
201600033961,16,8,30,1540,1,2,2,1,6,575,4938087,110643,760,4,2,2,0,1,1,0,0,1,5,0,0,0
201600033962,16,7,25,1837,1,2,2,1,6,540,4945053,105931,760,3,1,2,0,1,1,27,110,1,0,1,0,0
201600033963,16,7,23,130,5,2,2,1,6,540,4942587,108268,760,4,2,2,0,1,1,0,0,1,5,0,0,0
201600033964,16,9,2,1220,1,2,1,1,6,540,4943528,108992,760,4,2,2,1,1,1,0,0,1,0,1,0,0
201600033965,16,7,18,1525,1,2,2,1,1,322,4941981,102475,760,3,2,3,0,1,1,0,0,1,5,0,99,0
201600033966,16,9,5,1250,1,2,1,2,6,402,4951982,103848,760,3,2,2,0,1,1,0,60,2,0,1,0,0
201600033967,16,9,6,1615,1,2,4,1,6,322,4939855,106263,760,3,3,4,0,1,1,19,31,1,5,1,0,0
201600033968,16,9,7,2040,3,2,1,1,6,497,4937877,104846,760,2,1,2,0,2,1,0,38,1,0,1,0,0
201600033969,16,9,10,810,1,2,3,1,2,540,4944364,108497,760,3,2,5,0,2,1,0,0,1,5,1,0,0
201600033970,16,8,25,1200,1,2,3,1,6,212,4944050,114538,760,3,2,3,0,1,1,0,60,1,5,1,3,0
201600033971,16,8,30,1050,1,1,1,1,2,681,4941005,110877,760,3,3,4,0,1,1,0,60,1,0,1,99,0
201600033972,16,9,12,2115,5,2,1,1,6,540,4944648,108257,760,4,1,1,0,1,1,0,0,1,0,1,0,0
201600033973,16,9,12,1840,1,2,1,1,4,540,4944104,108155,760,9,1,5,0,1,1,0,119,1,0,1,0,0
201600033974,16,9,12,1725,1,2,3,1,6,540,4943681,112082,760,3,2,2,0,1,2,0,0,1,0,1,0,0
201600033975,16,9,6,2110,5,2,2,1,1,540,4943644,106445,760,4,2,2,0,1,1,0,0,1,0,0,0,0
201600033976,16,9,7,850,1,2,2,1,3,231,4929079,100820,760,4,2,2,0,1,1,0,0,1,0,0,99,0
201600033977,16,9,10,2240,5,2,2,1,3,231,4928712,101879,760,4,2,2,0,1,1,0,102,1,0,0,0,0
201600033978,16,9,14,2247,5,2,4,1,6,540,4944218,107815,760,2,1,1,0,2,3,0,0,1,3,1,0,1
201600033979,16,8,5,620,1,2,1,1,6,540,4943568,108677,760,4,2,3,0,1,1,0,0,1,0,1,99,0
201600033980,16,7,24,2130,1,2,1,1,6,540,4943494,109439,760,5,2,2,0,1,1,0,0,1,0,0,99,1
201600033981,16,12,2,2235,5,2,6,1,3,540,4943466,107149,760,2,1,2,0,1,3,0,0,2,5,1,99,0
201600033982,16,9,20,725,1,2,2,1,3,178,4931440,103552,760,4,2,2,0,1,1,0,74,1,0,1,99,0
201600033983,16,9,15,1000,1,2,1,2,6,681,4940729,107609,760,4,2,2,0,1,1,0,0,2,0,4,0,0
201600033984,16,9,23,2230,5,2,3,1,3,681,4940563,108754,760,4,2,2,0,0,1,0,0,1,0,0,3,0
201600033985,16,9,19,1235,1,2,3,1,3,498,4941430,107152,760,3,2,4,0,1,1,0,0,1,5,1,0,0
201600033986,16,9,21,800,1,2,3,1,3,410,4948564,104157,760,3,2,2,0,1,1,0,76,1,0,1,0,0
201600033987,16,9,18,1850,1,2,1,1,7,451,4946002,106883,760,4,2,2,0,1,2,0,70,1,0,1,0,1
201600033988,16,8,31,1140,1,1,1,1,2,540,4945164,105635,760,1,3,4,0,1,1,0,60,1,2,1,0,0
201600033989,16,10,4,230,5,1,1,1,6,157,4944904,104730,760,3,2,4,0,2,1,0,0,1,0,1,99,0
201600033990,16,10,4,1710,1,2,1,1,6,540,4943287,109004,760,4,1,1,3,1,1,0,60,1,0,1,0,0
201600033991,16,9,20,2355,5,2,2,1,3,540,4945086,106637,760,4,2,2,3,2,1,0,0,1,5,1,0,0
201600033992,16,9,7,1220,1,2,1,1,2,410,4948176,103478,760,4,1,1,0,3,1,0,0,1,0,1,0,0
201600033993,16,9,8,1700,1,2,1,1,6,108,4947335,112376,760,3,2,2,0,1,1,0,60,1,0,1,0,0
201600033994,16,10,6,810,1,1,1,1,4,497,4938071,105091,760,2,1,2,0,1,1,0,60,1,0,1,0,0
201600033995,16,9,14,950,1,2,1,1,6,540,4944129,109794,760,4,2,2,0,2,1,0,60,1,0,1,0,0
201600033996,16,10,9,1830,1,2,1,1,1,474,4948497,104688,760,4,2,2,0,4,3,0,60,1,0,1,0,0
201600033997,16,10,6,1120,1,2,1,1,6,540,4944836,109389,760,4,1,2,0,1,3,0,60,1,0,1,0,0
201600033998,16,10,8,1950,5,2,2,1,3,178,4930611,102567,760,3,2,2,0,1,1,0,0,1,5,1,0,0
201600033999,16,10,1,1225,1,1,6,1,6,540,4943489,107207,760,2,3,4,0,1,1,0,0,1,5,1,0,0
201600034000,16,10,3,1115,1,2,2,1,6,497,4938820,102298,760,3,2,3,0,1,1,0,0,1,5,0,0,0
201600034001,16,10,12,1400,1,2,1,1,6,498,4942655,106208,760,3,2,2,0,1,1,0,0,1,0,1,0,0
201600034002,16,10,14,1210,1,2,2,1,6,540,4943224,107876,760,4,2,2,0,1,1,0,0,1,5,0,0,0
201600034003,16,10,14,2215,5,2,2,1,3,540,4942626,107511,760,4,2,2,0,1,1,0,0,1,0,0,0,0
201600034004,16,10,15,605,3,1,1,1,2,157,4946449,103906,760,1,1,2,0,2,1,0,0,1,0,1,0,0
201600034005,16,10,20,1700,1,1,1,3,6,497,4938012,104837,760,2,1,1,0,2,1,0,48,2,3,1,0,1
201600034006,16,10,18,1920,5,2,1,3,6,484,4934469,109497,760,4,2,2,0,1,3,0,0,2,0,1,0,0
201600034007,16,10,21,450,5,2,2,1,6,540,4944100,108224,760,3,2,7,0,2,1,0,0,1,5,0,0,0
201600034008,16,10,13,1150,1,2,1,1,6,402,4952878,104109,760,3,2,2,0,2,1,20,60,1,0,1,3,0
201600034009,16,10,20,2035,5,2,3,1,3,540,4943792,107928,760,4,2,2,0,1,1,0,0,1,5,0,0,0
201600034010,16,10,25,2005,5,2,5,1,3,540,4944727,109374,760,3,3,4,0,1,1,0,0,1,5,1,99,0
201600034011,16,11,1,950,1,2,2,1,3,540,4945004,110389,760,4,2,2,0,2,1,0,40,1,5,1,0,0
201600034012,16,11,8,1610,1,2,5,1,3,498,4942285,106717,760,3,2,4,0,2,1,10,120,1,5,1,0,0
201600034013,16,11,3,1420,1,2,3,1,3,681,4942385,109376,760,4,2,2,0,1,1,0,80,1,0,1,0,0
201600034014,16,11,6,5,5,2,2,1,2,681,4941063,107885,760,3,2,3,0,1,1,0,0,2,5,0,0,0
201600034015,16,11,9,1925,1,1,1,3,3,681,4941980,110736,760,3,3,4,0,1,1,0,0,2,0,1,99,0
201600034016,16,11,7,740,2,2,1,2,3,540,4944267,107647,760,4,1,4,0,1,1,0,140,2,0,1,0,0
201600034017,16,11,15,900,1,2,2,2,6,681,4941073,107896,760,3,2,3,0,1,1,0,0,2,5,0,0,0
201600034018,16,11,10,2210,5,2,2,2,4,681,4942048,109185,760,4,1,1,0,1,1,0,0,2,0,0,0,0
201600034019,16,11,11,1620,1,2,3,1,7,540,4944487,106772,760,4,2,2,0,1,1,0,0,1,0,0,0,0
201600034020,16,11,17,1930,5,2,1,2,4,216,4947674,104783,760,3,2,3,3,1,1,0,100,2,0,1,0,0
201600034021,16,11,7,1525,1,1,1,1,6,540,4942994,109951,760,3,1,2,0,2,3,0,0,1,3,1,0,0
201600034022,16,11,14,940,1,1,1,1,3,540,4945444,105253,760,1,3,4,0,2,1,0,30,1,2,1,99,0
201600034023,16,10,30,1630,1,2,1,1,2,540,4944202,106521,760,2,2,3,0,1,1,0,104,1,2,1,99,0
201600034024,16,11,18,2140,5,2,2,1,3,157,4944840,103040,760,4,2,2,0,1,1,0,0,1,0,1,0,0
201600034025,16,11,18,440,5,2,1,2,6,540,4944584,107205,760,3,1,4,0,1,1,0,100,2,0,1,0,0
201600034026,16,11,2,1000,1,2,2,1,6,540,4944625,107113,760,3,1,5,0,1,1,0,0,1,5,1,0,0
201600034027,16,11,21,700,3,1,1,2,6,457,4934126,94898,760,3,2,3,0,2,3,0,96,2,0,3,99,0
201600034028,16,11,7,30,3,1,1,3,1,157,4944413,103999,760,3,2,3,0,2,1,0,38,2,0,1,0,0
201600034029,16,11,21,1130,1,2,3,2,3,681,4942018,110187,760,4,2,2,0,1,1,0,0,2,2,1,0,0
201600034030,16,11,24,650,3,2,1,1,6,178,4930844,103684,760,3,3,4,0,1,1,0,69,2,0,1,0,0
201600034031,16,11,25,324,5,1,1,1,6,540,4942528,110572,760,3,3,4,0,1,3,0,102,1,0,3,99,0
201600034032,16,11,22,1630,1,2,1,1,1,216,4947005,105355,760,4,2,2,0,2,3,0,60,1,0,1,0,0
201600034033,16,11,27,1952,5,2,2,1,6,231,4929014,100289,760,4,2,2,0,1,1,0,0,1,5,0,0,0
201600034034,16,11,24,1930,5,2,4,3,3,410,4946760,103110,760,3,2,2,0,2,2,0,90,2,5,1,0,0
201600034035,16,11,25,1230,1,2,1,1,2,322,4941404,104522,760,3,3,4,0,1,1,47,61,1,0,1,0,0
201600034036,16,11,13,225,5,1,6,1,7,391,4934158,92828,760,1,1,1,0,1,1,0,0,1,3,0,0,0
201600034037,16,12,3,1949,5,2,3,1,3,231,4928704,101498,760,4,2,2,0,1,1,0,50,1,0,0,0,0
201600034038,16,12,3,1530,1,2,3,1,6,484,4935540,109521,760,4,2,2,0,1,1,0,0,1,0,0,0,0
201600034039,16,11,22,1936,5,2,2,1,3,540,4945085,106637,760,4,2,2,3,2,2,0,90,1,5,1,99,0
201600034040,16,12,23,1905,5,2,1,1,2,540,4943427,108137,760,4,2,2,0,1,1,0,0,1,0,1,99,0