Num_Acc,an,mois,jour,hrmn,lum,agg,int,atm,col,com,lat,long,dep,catr,circ,nbv,vosp,prof,plan,lartpc,larrout,surf,infra,situ,env1,killed
201600034041,16,12,11,1520,1,2,2,1,3,540,4943974,110243,760,4,1,1,0,1,1,0,0,1,0,1,0,0
201600034042,16,11,15,1915,5,1,6,1,6,95,4946705,113482,760,3,2,2,0,1,1,0,60,1,5,1,99,0
201600034043,16,12,14,1310,1,2,3,1,6,540,4944411,108718,760,4,1,1,0,1,1,0,0,2,0,0,0,0
201600034044,16,12,19,245,5,2,3,1,6,157,4944521,104172,760,3,2,2,0,2,1,0,0,1,5,0,0,0
201600034045,16,12,16,1735,5,1,4,1,2,322,4940307,103386,760,2,3,4,0,2,1,10,40,1,0,1,0,0
201600034046,16,12,12,1830,5,2,2,1,3,681,4940917,111456,760,4,2,2,0,1,1,0,0,1,0,1,0,0
201600034047,16,12,13,1740,5,2,3,1,6,366,4950918,103372,760,3,2,2,0,1,1,0,73,1,0,1,0,0
201600034048,16,12,19,1510,1,2,2,1,2,165,4928749,102740,760,3,2,3,0,1,1,0,0,1,0,1,3,0
201600034049,16,12,13,1520,1,1,1,1,3,540,4945226,105550,760,1,3,4,0,2,1,0,80,2,2,1,99,0
201600034050,16,12,15,2100,5,2,2,1,3,540,4941924,107585,760,4,2,2,0,2,1,0,0,0,0,0,0,0
201600034051,16,11,24,30,5,2,1,1,6,681,4941436,109838,760,3,2,2,0,1,1,0,98,2,0,1,99,0
201600034052,16,2,13,2220,5,2,1,3,6,108,4887634,260369,770,3,1,2,0,1,1,0,0,2,3,3,99,0
201600034053,16,1,26,845,1,2,1,1,7,108,4886693,257530,770,3,2,0,0,2,1,0,60,2,0,1,0,0
201600034054,16,3,14,1050,1,2,6,1,6,108,4888676,258526,770,3,2,1,0,2,2,0,40,1,0,1,99,0
201600034055,16,5,1,1100,1,2,1,1,6,108,4887527,257869,770,4,0,1,0,1,1,0,60,1,0,1,0,0
201600034056,16,5,15,2255,5,2,1,1,3,108,4887825,260795,770,3,1,2,0,1,0,20,60,0,0,1,0,0
201600034057,16,5,14,1310,1,2,1,1,6,108,4887475,258206,770,4,2,2,0,1,1,0,0,1,0,1,99,0
201600034058,16,7,6,2055,1,2,1,1,6,108,4889876,259710,770,4,0,1,0,1,1,0,0,1,0,1,99,0
201600034059,16,7,23,2120,1,2,1,1,6,108,4890340,259094,770,4,0,2,0,1,1,0,0,1,0,4,0,0
201600034060,16,9,1,2110,5,2,1,1,6,108,4887450,258174,770,4,0,2,0,1,1,0,0,1,0,1,99,0
201600034061,16,9,19,1525,1,2,1,1,6,108,4887420,258748,770,4,2,1,3,1,1,0,60,1,0,1,99,0
201600034062,16,10,17,1750,1,2,1,1,6,108,4887500,258314,770,4,2,2,0,1,1,0,0,1,0,1,0,0
201600034063,16,10,19,2100,5,2,1,2,6,108,4887050,258843,770,3,1,2,0,1,1,0,0,2,0,1,99,0
201600034064,16,8,20,1730,1,2,1,1,6,108,4888920,260033,770,3,2,2,0,1,3,0,0,1,0,1,0,0
201600034065,16,1,30,1315,1,1,1,3,1,111,4885760,276863,770,4,2,1,0,1,1,0,41,2,0,1,0,0
201600034066,16,2,25,1610,1,2,1,1,3,307,4886009,276283,770,4,2,2,0,1,2,0,0,1,0,1,99,0
201600034067,16,2,12,745,2,2,1,8,7,132,4889279,279458,770,3,2,2,0,2,1,0,0,1,0,1,99,0
201600034068,16,5,27,1135,1,1,1,1,6,18,4884851,280837,770,3,1,3,0,1,1,0,100,1,3,1,99,0
201600034069,16,6,23,1305,1,1,1,1,1,132,4886390,279091,770,4,2,2,0,1,0,0,0,1,0,1,99,0
201600034070,16,10,9,1830,1,2,1,1,2,18,4885440,282831,770,4,2,2,0,1,1,0,60,1,0,1,3,0
201600034071,16,10,14,500,5,2,3,1,3,18,4884828,281070,770,3,2,4,0,1,1,0,75,1,5,1,99,0
201600034072,16,1,7,855,5,2,1,3,6,131,4880828,308299,770,3,2,2,0,1,1,5,60,2,0,1,99,0
201600034073,16,1,20,1650,1,1,1,1,4,433,4879646,307330,770,3,2,2,0,1,1,0,0,1,0,1,0,0
201600034074,16,4,2,420,4,2,1,1,2,320,4882550,303747,770,3,2,2,0,1,1,0,55,1,0,1,99,0
201600034075,16,4,18,10,3,2,1,1,7,281,4876607,303427,770,3,2,2,0,4,1,0,70,1,0,3,99,0
201600034076,16,4,21,2125,5,2,2,1,3,320,4882639,303531,770,3,2,1,0,2,1,0,60,1,5,1,0,0
201600034077,16,5,1,2330,3,1,1,1,6,28,4874687,307321,770,3,2,2,0,1,3,0,50,1,0,3,99,0
201600034078,16,5,5,2200,3,2,1,1,7,42,4883002,312752,770,4,2,2,0,1,1,0,60,1,0,4,99,0
201600034079,16,6,10,1110,1,2,1,1,6,131,4880894,308577,770,4,2,2,0,1,1,0,59,1,0,1,99,1
201600034080,16,6,25,300,5,2,1,1,6,320,4881991,304905,770,3,2,2,0,1,1,0,70,1,0,3,99,0
201600034081,16,6,26,715,1,2,1,1,3,131,4880566,308435,770,3,2,2,0,1,1,0,0,1,0,1,0,0
201600034082,16,7,27,1300,1,1,1,1,2,281,4877231,304371,770,3,2,2,0,1,1,0,65,1,0,1,0,0
201600034083,16,9,28,900,1,1,9,1,3,42,4883204,314183,770,3,2,2,0,1,1,0,55,1,0,1,99,0
201600034084,16,10,22,725,3,1,1,5,1,13,4883519,308744,770,3,2,2,0,1,1,0,60,2,0,1,99,0
201600034085,16,10,22,1115,1,1,3,5,2,70,4878787,315660,770,3,2,2,0,1,1,0,60,1,0,1,99,0
201600034086,16,10,24,1725,1,2,3,1,2,42,4881693,311666,770,3,2,2,0,2,1,0,60,2,0,1,99,0
201600034087,16,11,12,650,3,1,1,5,1,70,4879328,311100,770,3,2,2,0,3,1,0,0,1,0,1,99,0
201600034088,16,12,13,1830,3,1,1,1,6,320,4883141,301297,770,3,2,2,0,1,1,0,65,1,0,1,99,0
201600034089,16,12,31,1920,5,2,1,1,6,320,4882244,303763,770,3,1,1,0,2,1,0,0,1,0,1,99,0
201600034090,16,1,24,1040,1,1,6,1,3,186,4843354,274011,770,3,2,2,0,1,1,0,0,1,5,1,99,0
201600034091,16,1,27,1500,1,1,1,1,2,186,4838600,276430,770,3,2,4,0,1,1,0,0,1,0,1,99,0
201600034092,16,1,30,1155,1,1,1,2,3,186,4839694,269604,770,3,3,4,0,1,1,43,71,2,0,1,99,0
201600034093,16,2,7,2015,3,1,2,1,3,186,4837655,273963,770,3,2,2,0,1,1,0,0,1,5,1,99,0
201600034094,16,2,9,820,1,1,3,2,3,186,4839622,272719,770,3,3,5,0,1,1,20,170,2,5,1,99,0
201600034095,16,2,12,835,1,1,6,1,3,186,4840839,268702,770,3,2,2,0,1,1,0,0,2,5,0,99,0
201600034096,16,2,22,2230,5,2,7,2,6,14,4840747,272119,770,4,2,2,0,1,1,0,50,2,0,4,0,0
201600034097,16,3,7,735,1,1,1,1,2,186,4848058,266995,770,3,3,2,0,4,1,0,0,1,0,1,99,0
201600034098,16,3,13,330,3,1,1,1,6,186,4837163,272588,770,3,2,2,0,1,1,0,59,1,0,3,99,1
201600034099,16,4,3,1630,1,1,6,1,3,186,4844396,271839,770,3,2,2,0,1,1,0,0,1,0,1,99,0
201600034100,16,4,12,1150,1,1,3,1,3,186,4839662,271058,770,3,2,5,0,1,1,43,150,2,5,1,99,0
201600034101,16,4,27,1520,1,1,1,1,6,186,4840572,263895,770,3,2,2,0,1,3,0,58,0,0,3,99,0
201600034102,16,4,29,1205,1,2,1,1,6,186,4841083,270501,770,4,2,2,0,1,1,0,68,1,0,1,99,0
201600034103,16,5,8,115,3,1,6,1,6,186,4836506,265982,770,3,2,2,0,1,1,170,79,1,5,0,99,1
201600034104,16,5,9,1015,1,2,1,1,3,186,4839900,268729,770,4,2,2,3,1,1,0,0,1,0,1,3,0
201600034105,16,5,10,1225,1,1,1,1,6,186,4843748,269153,770,3,2,2,0,1,2,0,0,2,0,1,99,0
201600034106,16,5,18,755,1,1,1,1,3,186,4847337,266729,770,3,2,2,0,1,1,0,0,1,0,1,99,0
201600034107,16,5,19,1415,1,1,2,1,3,186,4837267,264327,770,3,2,2,0,1,1,0,0,2,5,1,99,0
201600034108,16,6,8,1515,1,2,1,1,6,186,4840606,270228,770,4,2,2,0,1,1,0,0,1,0,1,99,0
201600034109,16,6,11,1240,1,1,1,8,3,186,4848641,266246,770,3,2,2,0,1,1,0,0,1,0,1,99,0
201600034110,16,6,18,1505,1,1,1,8,3,186,4847895,274419,770,3,2,2,0,1,3,0,60,2,0,1,99,0
201600034111,16,6,25,1035,1,1,1,1,1,186,4847356,266728,770,3,2,2,0,1,1,0,84,1,0,1,99,0
201600034112,16,6,26,1515,1,1,2,1,4,186,4841360,264418,770,3,2,2,0,1,1,0,0,1,5,0,99,1
201600034113,16,6,27,1900,1,2,1,1,6,14,4841519,271939,770,3,2,2,0,1,1,0,0,1,0,1,99,0
201600034114,16,7,28,1710,1,1,1,1,2,186,4839347,268227,770,3,2,2,0,1,1,0,109,1,0,1,99,0
201600034115,16,7,30,1430,1,1,1,1,6,186,4837528,263723,770,3,2,2,0,1,2,0,55,1,0,1,99,0
201600034116,16,8,22,1810,1,2,3,1,6,186,4840469,270087,770,4,2,2,0,1,1,0,0,1,0,1,99,0
201600034117,16,9,4,1950,2,1,1,1,6,186,4837407,273271,770,3,2,2,0,1,1,0,0,2,0,1,99,1
201600034118,16,9,4,2010,3,1,4,8,6,186,4837558,263658,770,3,2,2,0,1,3,0,0,2,0,1,99,0
201600034119,16,9,14,1040,1,1,2,1,3,186,4848084,266694,770,3,2,2,0,1,1,0,50,1,0,1,99,0
201600034120,16,9,15,1115,1,1,1,1,6,186,4845544,267099,770,3,2,3,0,2,2,0,127,2,0,3,99,0
201600034121,16,9,19,1050,1,1,1,1,1,186,4840578,263896,770,3,2,2,0,1,4,0,61,1,0,1,99,0
201600034122,16,10,10,1230,1,2,1,1,6,14,4841492,272006,770,6,0,0,3,1,1,0,0,1,0,0,0,0
201600034123,16,10,18,1950,3,1,6,3,6,186,4843361,274057,770,3,2,2,0,2,1,0,0,2,0,0,0,0
201600034124,16,11,4,1730,3,1,6,1,2,441,4842955,274455,770,3,2,2,0,2,2,0,0,2,5,0,99,0
201600034125,16,11,6,1915,5,1,4,1,1,186,4848371,266597,770,3,2,2,0,1,1,0,0,2,5,0,99,0
201600034126,16,9,28,2050,5,1,1,1,6,186,4840527,268988,770,3,2,2,0,1,1,0,79,1,0,1,99,0
201600034127,16,11,9,950,1,1,4,3,5,186,4848373,266590,770,3,2,2,0,1,1,0,0,2,5,0,99,0
201600034128,16,12,18,100,3,1,1,5,7,186,4839665,270680,770,3,3,4,0,1,1,45,79,2,0,3,99,0
201600034129,16,1,11,1020,1,1,1,2,6,372,4887992,266786,770,3,1,0,0,1,2,0,0,2,2,1,99,0
201600034130,16,1,21,1840,5,2,1,1,6,243,4887820,271523,770,4,2,2,0,2,1,0,0,1,0,1,99,0
201600034131,16,2,2,1530,1,2,1,2,6,243,4887829,269842,770,4,2,1,0,1,1,0,0,2,0,1,99,0
201600034132,16,2,3,1035,1,2,1,1,6,58,4883968,272108,770,4,0,0,0,1,0,0,0,1,0,4,3,0
201600034133,16,2,9,810,2,2,1,2,6,243,4887441,272382,770,3,2,0,0,1,1,0,0,2,0,1,99,0
201600034134,16,2,16,740,1,2,1,1,6,464,4888550,272548,770,4,2,0,0,0,0,0,0,0,0,1,0,0
201600034135,16,2,23,1150,1,1,1,1,6,209,4885444,269356,770,3,2,2,0,2,1,0,0,2,0,3,0,0
201600034136,16,2,26,920,1,1,2,1,5,438,4886116,266494,770,3,0,3,0,1,1,20,111,1,5,1,99,0
201600034137,16,3,4,1135,1,1,3,1,4,237,4884622,277343,770,3,2,2,0,1,1,0,0,2,5,1,99,0
201600034138,16,3,26,1610,1,2,1,1,1,243,4887530,269303,770,4,2,2,0,1,1,0,0,1,0,1,0,0
201600034139,16,3,27,1640,1,2,1,1,1,181,4882823,269921,770,4,2,0,3,1,0,0,0,1,0,1,0,0
201600034140,16,4,14,1800,1,2,4,1,6,464,4888225,270372,770,3,2,2,0,1,2,0,0,1,0,1,0,0
201600034141,16,5,8,2050,2,1,1,1,6,243,4887012,272945,770,3,0,1,0,0,0,0,0,0,0,0,0,0
201600034142,16,5,17,1220,1,1,3,1,2,85,4887001,273144,770,3,2,2,0,1,1,0,50,1,0,1,99,0
201600034143,16,5,21,920,1,2,3,1,2,59,4884988,267557,770,3,2,2,0,1,1,0,0,1,0,1,99,0
201600034144,16,5,21,1440,1,2,1,1,1,464,4888504,270605,770,3,2,2,0,2,1,0,60,1,0,1,0,0
201600034145,16,6,6,1705,1,2,1,1,4,438,4887210,268488,770,3,2,2,0,1,1,0,0,1,0,1,99,0
201600034146,16,6,9,825,1,2,2,1,6,243,4887337,270627,770,3,2,2,0,1,1,0,0,1,5,1,3,0
201600034147,16,6,10,1735,1,2,4,1,6,464,4888447,270717,770,3,2,2,0,2,2,0,0,1,0,1,99,0
201600034148,16,6,13,1645,1,2,6,1,2,58,4884180,272069,770,4,1,1,0,1,1,0,0,2,0,1,99,0
201600034149,16,6,23,800,1,1,6,1,3,58,4885002,273416,770,3,2,2,0,1,1,0,0,1,5,1,99,0
201600034150,16,7,8,1205,1,2,1,1,4,85,4886000,274916,770,3,2,4,0,1,1,0,0,1,0,1,99,0
201600034151,16,7,9,1910,1,2,1,1,3,58,4883541,270586,770,3,2,2,0,1,1,0,0,1,0,1,99,0
201600034152,16,7,18,1340,1,1,1,1,5,438,4886688,267535,770,3,3,2,0,1,1,0,0,1,0,1,99,0
201600034153,16,7,23,1520,1,2,3,1,6,243,4886687,270616,770,3,2,2,0,3,2,0,45,1,5,0,99,0
201600034154,16,8,5,2005,1,2,1,1,3,58,4883840,270981,770,4,2,0,0,1,1,0,0,1,0,1,0,0
201600034155,16,8,8,920,1,2,9,1,6,438,4886460,267650,770,3,2,2,0,1,1,0,0,1,0,1,99,0
201600034156,16,8,13,1410,1,2,3,1,3,221,4885475,270461,770,3,2,2,0,1,1,0,0,1,0,1,99,0
201600034157,16,9,3,455,5,2,1,1,6,464,4889819,271699,770,3,2,2,0,1,2,0,60,1,0,3,99,1
201600034158,16,9,6,1405,1,1,1,1,1,372,4888167,265600,770,3,2,2,0,1,1,0,0,1,0,1,99,0
201600034159,16,10,3,1840,1,2,1,7,6,58,4883770,270887,770,4,2,1,0,1,1,0,0,1,0,1,0,0
201600034160,16,10,11,1230,1,1,1,1,6,209,4885510,269746,770,3,2,2,0,1,1,0,0,1,0,1,99,0
201600034161,16,10,12,1215,1,2,1,1,6,243,4887680,270600,770,4,1,0,0,2,1,0,0,1,0,0,0,0
201600034162,16,11,10,1950,5,2,1,3,6,58,4883590,270572,770,3,2,2,0,1,1,0,0,2,0,1,99,0
201600034163,16,11,21,1730,5,2,1,2,6,58,4883750,270719,770,4,1,0,0,1,1,0,0,2,0,1,99,0
201600034164,16,11,27,1728,5,2,2,1,5,58,4883780,270996,770,4,2,0,0,1,1,0,0,1,5,1,99,0
201600034165,16,12,4,1245,1,2,1,1,6,209,4885720,268944,770,4,2,2,0,2,1,0,0,1,0,1,99,0
201600034166,16,11,19,2220,5,2,9,1,3,372,4888169,270382,770,3,2,2,0,2,1,0,0,1,0,1,99,0
201600034167,16,12,5,740,2,2,1,1,6,155,4888550,274713,770,4,2,2,0,2,1,0,0,1,0,1,99,0
201600034168,16,12,12,1715,5,2,1,2,6,58,4883190,271731,770,4,2,2,0,1,1,0,50,2,0,1,99,0
201600034169,16,12,13,1135,1,1,1,2,3,209,4886282,270242,770,3,2,2,0,2,3,0,50,2,0,1,99,0
201600034170,16,12,28,1300,1,2,9,1,3,243,4887380,271549,770,4,2,2,0,1,1,0,60,1,0,1,3,0
201600034171,16,11,7,1712,5,2,4,1,6,475,4895773,294678,770,3,2,3,0,1,1,0,0,2,5,1,99,0
201600034172,16,3,12,2100,5,2,1,1,3,284,4895174,287969,770,3,3,4,0,1,1,0,0,1,0,1,99,0
201600034173,16,3,17,1710,1,2,2,1,3,284,4895623,288841,770,4,2,2,0,1,1,0,57,1,0,1,99,0
201600034174,16,4,30,820,1,1,1,2,1,335,4895902,282880,770,2,3,3,0,1,1,0,143,2,0,1,99,1
201600034175,16,5,21,515,2,1,1,1,5,335,4895833,284132,770,2,2,3,0,2,1,0,0,1,0,1,99,0
201600034176,16,11,18,730,2,2,7,2,6,284,4895743,287620,770,3,2,4,0,1,1,0,120,2,2,1,3,0
201600034177,16,11,19,1535,1,1,6,8,1,358,4897853,286201,770,2,2,2,0,1,3,0,0,2,5,1,99,1
201600034178,16,11,15,1740,3,1,9,2,5,358,4899179,286444,770,2,2,2,0,2,1,0,0,2,3,1,99,0
201600034179,16,12,15,840,1,1,1,1,4,276,4892270,288040,770,3,1,2,0,1,1,0,0,1,0,1,99,0
201600034180,16,1,14,1850,3,1,1,2,6,39,4852582,259957,770,3,2,2,0,1,1,0,60,2,0,1,99,1
201600034181,16,12,20,1520,1,2,1,1,6,407,4853824,253824,770,3,2,2,0,1,1,0,0,1,0,1,3,0
201600034182,16,2,2,1550,1,2,2,1,6,288,4853062,265518,770,3,2,0,0,1,0,0,0,1,0,1,0,0
201600034183,16,2,6,720,5,1,1,1,6,518,4850433,260494,770,3,2,2,0,1,1,0,76,1,0,3,99,0
201600034184,16,2,8,1645,1,2,1,6,6,288,4854147,268023,770,4,2,0,0,1,1,0,59,2,0,1,0,0
201600034185,16,2,12,2200,3,1,1,1,1,487,4853585,270679,770,3,2,2,0,1,1,0,75,2,0,1,99,0
201600034186,16,2,14,2245,3,1,3,1,3,394,4856522,267441,770,3,2,2,0,1,1,0,0,0,0,1,99,1
201600034187,16,2,16,1825,2,2,1,1,6,288,4853508,265954,770,3,1,4,0,2,1,0,0,1,2,1,99,0
201600034188,16,2,19,1855,5,2,6,2,6,378,4852461,255889,770,3,2,2,0,1,1,0,0,2,5,0,99,0
201600034189,16,2,25,400,3,1,1,2,6,389,4851429,265624,770,3,2,2,0,1,1,0,111,2,0,3,99,1
201600034190,16,3,3,1645,1,1,1,1,1,40,4851341,256826,770,3,2,2,0,1,1,0,37,1,0,1,99,1
201600034191,16,3,17,1705,1,2,1,1,6,285,4854125,262775,770,4,2,2,0,1,1,0,59,1,0,1,99,0
201600034192,16,3,21,2053,3,1,1,1,3,39,4853748,255238,770,3,2,2,0,1,1,0,64,1,0,1,0,0
201600034193,16,3,22,1109,1,1,1,1,5,269,4854166,268428,770,3,2,2,0,1,1,0,0,1,0,1,99,0
201600034194,16,4,10,2040,2,1,1,1,1,518,4850521,261042,770,3,2,0,0,1,2,0,70,0,0,1,99,0
201600034195,16,4,15,640,5,1,6,1,3,288,4855293,264307,770,3,1,2,0,1,3,0,67,1,0,1,0,0
201600034196,16,4,15,1900,1,2,6,1,3,96,4848362,269621,770,3,2,2,0,1,0,0,0,1,0,1,99,0
201600034197,16,5,22,1720,1,1,1,2,7,39,4852876,260514,770,3,2,2,0,1,2,0,58,2,0,3,99,0
201600034198,16,6,3,1640,1,2,3,8,6,288,4854269,267847,770,4,2,3,0,1,1,0,89,2,0,1,99,0
201600034199,16,6,6,1810,1,2,2,1,6,288,4853266,265886,770,3,1,2,0,1,1,0,77,1,5,1,3,0
201600034200,16,6,10,1635,1,2,1,1,6,288,4854488,265805,770,4,2,2,0,1,1,0,49,1,0,1,3,0
201600034201,16,6,13,1135,1,2,2,1,3,288,4852997,265783,770,4,0,2,0,1,1,0,55,1,5,1,99,0
201600034202,16,6,23,1915,1,1,9,1,3,269,4856840,271298,770,3,2,2,0,1,1,0,46,1,0,1,99,0
201600034203,16,6,25,1410,1,2,4,1,6,288,4853229,265836,770,3,1,2,0,1,2,0,0,1,0,4,3,0
201600034204,16,6,30,1745,1,2,3,1,3,288,4852722,265361,770,3,2,3,0,1,1,0,0,1,5,0,99,0
201600034205,16,8,23,1110,1,2,4,1,1,152,4850969,259969,770,3,2,3,0,1,1,0,0,1,5,1,99,0
201600034206,16,8,23,950,1,1,6,1,3,285,4854870,263974,770,3,1,3,0,1,2,0,0,1,5,1,3,0
201600034207,16,8,31,1730,1,1,4,1,3,152,4850964,259969,770,3,2,3,0,1,1,0,0,1,5,1,99,0
201600034208,16,9,12,1625,1,2,9,1,2,288,4855290,266491,770,3,2,4,0,1,1,0,0,1,3,1,99,0
201600034209,16,9,24,1450,1,2,3,1,6,152,4851506,262137,770,3,2,2,0,2,2,0,68,1,0,1,99,1
201600034210,16,9,27,1750,1,2,2,1,6,288,4852928,265460,770,3,2,6,0,1,1,0,172,1,5,0,99,0
201600034211,16,9,30,1730,1,2,3,2,1,152,4851962,264574,770,3,2,2,0,1,1,0,0,2,5,1,3,0
201600034212,16,9,30,1955,3,2,1,2,1,269,4854390,268501,770,9,2,0,0,0,0,0,0,2,0,1,0,0
201600034213,16,10,3,805,1,1,2,1,3,306,4859737,269214,770,3,2,2,0,1,1,0,48,1,5,1,99,0
201600034214,16,10,3,1805,2,2,3,1,6,285,4854510,264716,770,4,0,0,0,0,0,0,0,0,0,0,0,0
201600034215,16,11,10,2300,3,1,1,2,1,288,4855192,266991,770,3,2,3,0,1,1,0,132,2,0,1,99,0
201600034216,16,11,17,725,5,2,4,9,3,288,4853853,265406,770,3,2,2,0,1,3,0,0,2,5,1,99,0
201600034217,16,11,28,1625,1,2,2,1,6,288,4853960,265980,770,4,1,1,0,1,1,0,0,1,5,1,99,0
201600034218,16,12,8,1530,1,2,3,1,6,288,4853598,266002,770,3,1,4,0,1,1,20,120,1,0,1,3,0
201600034219,16,12,13,830,1,2,6,2,6,288,4853970,266482,770,4,1,0,0,0,0,0,0,1,0,1,0,0
201600034220,16,12,20,1549,1,2,6,1,6,152,4851505,264077,770,3,2,2,0,1,0,0,0,1,5,0,99,0
201600034221,16,1,2,2230,5,2,1,1,1,445,4860171,257504,770,4,2,2,0,1,2,0,0,2,0,3,3,0
201600034222,16,12,20,1500,1,1,1,1,7,326,4857512,252732,770,4,2,2,0,1,1,0,0,1,0,1,0,1
201600034223,16,10,12,825,1,2,1,1,6,445,4859720,258267,770,4,2,2,0,1,1,0,0,1,0,1,0,0
201600034224,16,2,3,737,3,2,6,2,6,445,4860379,255924,770,3,3,2,0,1,1,62,67,2,0,1,99,0
201600034225,16,1,21,1533,1,2,6,1,7,445,4859522,258276,770,4,0,0,0,1,3,0,60,1,0,1,0,0
201600034226,16,2,24,1615,1,2,6,2,6,445,4859481,258299,770,4,1,1,0,2,1,0,58,2,0,1,0,0
201600034227,16,4,7,1432,1,1,1,2,1,495,4857389,261945,770,3,2,2,0,1,1,34,108,1,0,1,99,0
201600034228,16,4,19,1905,1,2,3,1,3,445,4859331,258111,770,4,0,2,0,1,0,0,0,1,0,1,0,0
201600034229,16,5,9,1050,1,2,2,1,3,53,4868817,260371,770,3,2,2,0,1,1,0,40,1,0,1,99,0
201600034230,16,5,13,1700,1,1,1,8,6,114,4873701,270136,770,3,2,2,0,1,1,0,40,2,2,1,99,1
201600034231,16,5,15,1137,1,2,1,8,6,122,4866503,255791,770,4,2,2,0,1,1,0,20,1,0,4,99,0
201600034232,16,5,9,2120,2,2,6,1,6,122,4866464,256355,770,3,0,2,0,1,1,50,50,1,5,4,99,0
201600034233,16,4,11,1330,1,2,1,1,6,122,4866005,255835,770,3,2,2,0,1,1,0,0,1,0,1,3,0
201600034234,16,5,14,1735,1,1,1,1,2,384,4859926,258983,770,3,2,3,0,1,1,0,0,1,0,1,0,0
201600034235,16,6,6,1935,1,2,1,1,3,450,4871300,258837,770,4,2,2,0,1,1,0,20,1,0,1,0,0
201600034236,16,6,23,1550,1,2,3,1,6,445,4858316,257986,770,4,2,2,0,1,1,0,0,1,0,1,99,0
201600034237,16,6,24,815,1,1,1,8,6,251,4861811,255468,770,3,1,2,0,1,1,0,0,1,2,1,99,0
201600034238,16,6,28,1531,1,1,2,1,1,495,4857430,265124,770,3,2,2,0,1,3,0,0,1,0,1,99,0
201600034239,16,6,29,1950,1,2,6,1,6,53,4869330,261746,770,4,0,0,0,1,0,0,0,1,0,1,99,0
201600034240,16,8,2,804,1,2,6,2,2,445,4859691,258741,770,3,2,2,0,1,1,0,54,2,5,1,99,0
201600034241,16,8,2,1300,1,1,1,1,6,53,4867266,258767,770,3,2,2,0,2,1,0,0,1,0,3,99,0
201600034242,16,8,8,1527,1,2,1,1,6,445,4860340,256737,770,4,2,2,0,1,1,0,0,1,6,1,3,0
201600034243,16,8,13,950,1,2,3,7,7,296,4862738,259223,770,4,2,2,0,1,1,0,40,1,0,1,99,0
201600034244,16,8,22,1210,1,1,3,1,4,251,4863860,254401,770,4,0,0,0,0,0,0,0,0,0,0,0,0
201600034245,16,8,25,1930,1,1,2,1,1,114,4873743,270144,770,3,2,2,0,1,1,0,0,1,5,0,99,0
201600034246,16,8,31,1730,1,2,1,1,1,495,4856039,263471,770,3,2,2,1,1,1,0,0,1,0,5,99,0
201600034247,16,9,4,2000,2,2,1,2,6,251,4861343,255153,770,4,2,2,0,1,1,0,145,2,0,1,99,0
201600034248,16,9,5,1915,1,2,3,2,2,53,4867901,259480,770,3,2,2,0,2,3,0,40,2,0,1,99,0
201600034249,16,9,21,1705,1,2,1,1,6,445,4860003,256197,770,3,3,2,0,1,1,0,0,1,0,1,0,0
201600034250,16,9,21,1645,1,1,2,1,5,114,4873743,270143,770,3,2,2,0,1,1,0,0,1,5,0,99,0
201600034251,16,9,29,1720,1,2,3,7,3,445,4860150,257348,770,4,2,2,0,1,1,0,0,1,0,1,3,0
201600034252,16,10,27,2125,3,1,1,1,1,114,4873078,268317,770,3,2,2,0,1,1,0,62,1,0,1,99,0
201600034253,16,11,10,1957,5,1,1,3,6,445,4860480,256902,770,4,0,1,0,1,1,16,28,2,5,1,99,0
201600034254,16,12,8,1828,5,2,1,1,6,251,4863440,255271,770,4,2,2,0,1,1,0,70,1,0,1,99,0
201600034255,16,12,20,1740,2,2,2,1,6,445,4860020,257854,770,4,2,0,0,1,1,0,0,1,0,1,0,0
201600034256,16,12,25,1735,3,1,6,1,7,296,4862169,260237,770,3,2,2,0,1,1,0,0,1,5,3,99,0
201600034257,16,12,28,118,3,1,1,1,6,495,4855413,262796,770,3,3,2,0,1,1,0,83,2,0,3,99,0
201600034258,16,1,2,1335,1,1,1,1,1,61,4837630,298795,770,3,2,2,0,1,3,0,60,1,0,1,99,0
201600034259,16,12,9,1743,3,1,1,5,3,133,4841144,306798,770,3,2,2,0,1,3,0,0,1,0,1,99,0
201600034260,16,4,3,1525,1,2,6,1,6,305,4837786,295646,770,3,2,2,0,1,1,0,0,1,5,0,99,0
201600034261,16,3,11,1955,5,2,1,1,7,305,4838791,295749,770,4,1,1,0,1,1,0,0,2,0,3,3,1
201600034262,16,4,7,2014,1,2,6,1,7,305,4839253,296645,770,3,2,2,0,2,1,0,0,1,5,1,99,0
201600034263,16,6,9,2330,3,1,1,1,2,172,4836071,296833,770,3,4,4,0,2,1,0,135,1,5,1,99,0
201600034264,16,7,8,1205,1,1,1,1,2,482,4837021,295748,770,3,2,2,0,1,1,0,0,1,0,1,0,0
201600034265,16,7,6,2315,3,1,1,1,2,54,4835568,299254,770,3,2,3,0,1,1,0,105,1,0,1,99,0
201600034266,16,7,17,1150,1,1,3,1,3,210,4836130,288859,770,3,2,2,0,1,1,0,0,1,5,1,99,0
201600034267,16,9,26,2025,3,1,1,1,2,194,4839862,294484,770,3,2,2,0,1,1,0,0,1,0,1,99,1