Num_Acc,an,mois,jour,hrmn,lum,agg,int,atm,col,com,lat,long,dep,catr,circ,nbv,vosp,prof,plan,lartpc,larrout,surf,infra,situ,env1,killed
201600034268,16,9,12,1650,1,2,3,1,3,305,4839820,295607,770,4,1,1,0,1,2,0,0,1,6,1,99,0
201600034269,16,12,17,1035,1,1,1,2,3,210,4836140,287176,770,3,0,4,0,2,1,0,148,2,0,1,99,0
201600034270,16,1,4,730,5,2,5,8,6,316,4837373,281459,770,3,2,0,0,1,1,0,56,2,5,1,3,0
201600034271,16,3,9,1315,1,1,3,2,3,316,4836197,286294,770,3,2,3,0,1,1,0,0,2,0,1,0,0
201600034272,16,5,4,1715,1,2,1,1,6,491,4839002,278375,770,3,2,2,0,1,1,0,50,1,0,3,99,0
201600034273,16,5,21,1410,1,1,1,1,6,316,4837541,281149,770,6,0,0,0,1,0,0,0,1,0,0,99,0
201600034274,16,6,30,1515,1,1,2,1,3,494,4841865,287906,770,3,2,2,0,1,1,0,68,1,0,1,99,0
201600034275,16,9,15,755,1,1,1,2,5,316,4836663,280317,770,3,3,3,0,1,1,0,114,2,0,1,99,0
201600034276,16,10,15,640,5,2,1,2,6,79,4840878,279824,770,3,2,2,0,2,3,0,0,2,0,3,99,0
201600034277,16,10,29,1230,1,1,1,8,7,316,4836527,284953,770,3,2,2,0,1,1,0,113,1,0,3,99,0
201600034278,16,2,26,1455,1,2,5,1,6,458,4818162,273689,770,3,2,2,0,1,3,0,0,1,5,4,99,0
201600034279,16,3,2,1905,5,2,2,9,6,333,4826723,269503,770,3,2,2,0,1,1,0,78,2,6,1,99,0
201600034280,16,3,10,1856,1,2,4,1,7,48,4833975,270008,770,4,2,1,0,1,1,0,0,1,0,1,0,0
201600034281,16,5,7,1845,1,2,6,1,6,333,4826583,271498,770,3,2,2,0,1,1,0,0,1,5,1,99,0
201600034282,16,8,11,1315,1,2,1,1,6,333,4826700,271434,770,3,2,2,0,1,1,0,35,1,0,1,99,0
201600034283,16,6,22,940,1,2,8,1,3,431,4826680,268648,770,3,2,2,0,1,1,30,30,1,4,1,0,1
201600034284,16,9,27,715,2,2,2,1,1,333,4826921,269921,770,3,2,3,0,2,1,0,97,1,0,1,0,0
201600034285,16,10,26,20,3,1,1,5,6,216,4831757,267563,770,3,2,1,0,2,3,0,40,2,2,1,99,0
201600034286,16,11,29,2028,5,1,1,1,5,16,4822590,271217,770,3,2,4,0,1,1,0,0,1,5,1,99,0
201600034287,16,1,8,1230,1,2,1,1,6,83,4883933,260286,770,4,2,2,0,4,1,0,0,1,0,1,99,0
201600034288,16,1,8,1935,5,2,2,2,3,468,4884969,264409,770,4,4,3,0,1,1,0,0,2,5,1,99,0
201600034289,16,1,8,2015,5,2,2,2,6,468,4884620,264646,770,3,4,5,0,1,1,0,0,2,5,1,99,0
201600034290,16,1,13,1100,1,2,3,1,2,337,4884372,261539,770,4,0,0,0,1,1,0,0,0,5,1,99,0
201600034291,16,1,20,1830,5,2,1,1,7,468,4883875,265683,770,3,3,4,0,2,1,0,0,2,0,1,99,0
201600034292,16,1,22,1145,1,1,1,1,1,121,4883013,268591,770,3,2,2,0,2,3,0,0,2,0,1,99,0
201600034293,16,1,26,1735,5,2,3,1,1,258,4883931,262467,770,3,4,3,0,1,1,0,0,2,5,1,99,0
201600034294,16,2,8,1830,5,2,1,1,6,258,4883305,263280,770,4,2,2,0,1,1,0,0,1,0,1,99,0
201600034295,16,2,17,1230,1,2,3,1,6,468,4883491,265947,770,3,2,2,0,1,1,0,0,1,5,1,3,0
201600034296,16,2,28,410,3,1,1,1,3,121,4882719,267102,770,3,2,0,0,1,1,0,0,1,0,1,99,0
201600034297,16,3,9,1,5,2,1,1,1,468,4885080,265583,770,4,2,2,0,1,1,0,0,1,0,1,99,0
201600034298,16,3,21,935,1,2,3,1,3,337,4884386,262336,770,6,0,0,0,1,1,0,0,1,0,1,99,0
201600034299,16,3,23,1745,1,2,3,1,7,337,4883975,261789,770,4,2,2,0,1,2,0,0,1,0,1,99,0
201600034300,16,3,26,1150,1,1,1,1,6,169,4881536,261013,770,4,2,2,0,1,1,0,0,1,0,3,99,0
201600034301,16,3,29,1625,1,2,3,2,6,83,4884533,258580,770,4,2,2,0,1,1,0,0,2,5,1,3,0
201600034302,16,4,17,700,2,1,6,1,7,121,4882682,268115,770,3,1,2,0,1,3,0,0,2,5,1,99,0
201600034303,16,4,20,1648,1,2,1,1,6,468,4885361,263722,770,4,2,2,0,1,1,0,0,1,0,4,3,0
201600034304,16,4,29,2135,3,1,1,1,5,83,4884784,262465,770,3,3,4,0,1,1,0,0,2,0,1,99,0
201600034305,16,5,21,2145,5,2,1,2,7,169,4880827,262377,770,4,2,2,0,1,1,0,0,2,0,1,99,0
201600034306,16,5,22,1815,1,1,6,2,6,121,4882730,268005,770,3,2,2,0,1,1,0,0,2,5,1,99,0
201600034307,16,6,3,1720,1,2,1,1,5,337,4884360,261540,770,4,2,1,0,1,1,0,0,2,0,1,99,0
201600034308,16,6,8,1225,1,2,2,1,1,83,4886060,259030,770,4,2,2,0,1,1,0,0,1,0,2,99,0
201600034309,16,6,11,2055,2,1,1,1,1,121,4881724,268952,770,3,2,2,0,1,1,0,0,0,0,1,99,0
201600034310,16,6,26,1930,1,2,1,1,7,258,4883880,262670,770,3,2,4,0,1,3,0,0,1,0,1,99,0
201600034311,16,6,24,2030,1,2,3,1,3,337,4885520,262500,770,4,2,2,0,1,1,0,0,1,0,1,99,0
201600034312,16,7,29,1225,1,2,2,1,3,121,4883493,267757,770,6,0,0,0,1,1,0,0,1,5,1,99,0
201600034313,16,8,4,2220,5,2,2,1,5,83,4885511,258025,770,4,2,2,0,1,1,0,0,1,0,1,99,0
201600034314,16,8,1,2030,1,2,1,1,6,121,4884071,266851,770,4,2,2,0,1,1,0,0,1,0,1,99,0
201600034315,16,8,5,1420,1,2,2,1,3,337,4884705,261719,770,4,3,2,0,1,1,0,0,1,5,1,99,0
201600034316,16,8,14,245,5,2,6,1,7,83,4884058,258438,770,4,2,2,0,1,1,0,0,1,5,1,99,0
201600034317,16,9,6,2120,5,2,6,1,3,83,4885016,258538,770,4,0,3,0,1,1,0,0,1,5,1,99,0
201600034318,16,9,11,900,1,2,2,1,1,468,4884427,264939,770,3,3,4,0,1,1,0,0,1,0,1,3,0
201600034319,16,9,17,1940,2,2,3,1,7,337,4883894,262615,770,3,1,2,0,1,3,0,0,1,3,0,99,0
201600034320,16,10,6,1920,5,2,3,1,6,83,4884810,258550,770,4,2,2,0,1,1,0,0,1,5,1,99,0
201600034321,16,10,22,1930,3,1,3,1,5,468,4886036,265972,770,3,2,2,0,1,1,0,0,0,0,1,99,0
201600034322,16,11,21,1750,5,2,2,1,6,83,4883911,258940,770,4,2,2,0,1,1,0,0,1,5,1,3,0
201600034323,16,11,26,1440,1,2,1,1,5,83,4884472,260135,770,3,2,2,0,1,0,0,0,1,0,1,99,0
201600034324,16,11,28,1115,1,2,3,7,6,83,4885048,258242,770,4,2,2,0,1,1,0,0,1,0,1,99,0
201600034325,16,11,28,1610,1,2,1,1,1,83,4885052,257917,770,4,2,2,0,1,3,0,0,1,0,1,99,0
201600034326,16,12,5,915,1,2,2,1,3,468,4884977,263814,770,4,2,0,0,2,1,0,0,1,5,1,3,0
201600034327,16,12,7,315,3,1,3,1,7,121,4882750,266855,770,3,2,2,0,1,1,0,0,1,5,1,99,0
201600034328,16,12,11,1500,1,2,1,1,1,83,4885417,257739,770,4,2,2,0,2,3,0,0,1,0,1,99,0
201600034329,16,12,19,1925,5,2,2,1,6,468,4884714,265202,770,3,4,3,0,1,1,0,0,1,5,0,99,0
201600034330,16,12,9,2205,3,1,1,1,2,83,4884854,259343,770,3,3,4,0,1,1,0,0,1,0,1,99,0
201600034331,16,12,28,1715,2,2,2,1,3,83,4884993,257700,770,3,3,4,0,1,1,0,0,1,5,1,99,0
201600034332,16,1,5,820,2,2,1,2,6,249,4874409,261218,770,4,2,2,0,1,0,0,30,2,0,1,99,0
201600034333,16,1,12,1935,1,1,3,1,1,114,4873586,270528,770,3,0,0,0,2,2,0,0,1,5,0,0,0
201600034334,16,1,25,1550,1,2,5,1,3,215,4873738,271295,770,3,2,2,0,1,1,0,0,1,0,1,99,0
201600034335,16,2,6,945,1,2,1,1,3,373,4877650,260700,770,6,0,0,0,1,0,0,0,1,5,1,99,0
201600034336,16,2,12,1615,1,2,3,2,6,390,4879402,266214,770,4,2,2,0,1,1,0,0,2,0,1,3,0
201600034337,16,2,15,1850,5,2,3,2,6,390,4879398,266227,770,4,2,2,0,1,1,0,0,2,5,1,3,0
201600034338,16,3,13,1105,1,2,2,1,6,373,4880408,261643,770,4,1,1,0,1,1,0,0,1,0,1,99,0
201600034339,16,3,29,2100,3,2,6,1,1,390,4878968,264209,770,3,2,2,0,1,1,0,0,1,5,0,99,0
201600034340,16,4,4,20,5,2,1,2,1,390,4880394,263025,770,4,2,2,0,4,3,0,0,2,0,1,99,0
201600034341,16,3,25,910,1,2,3,3,1,390,4879850,264342,770,4,0,1,0,1,3,0,0,2,0,1,99,0
201600034342,16,4,21,2205,5,2,6,1,7,373,4880470,262171,770,3,3,1,0,1,3,0,0,1,5,1,99,0
201600034343,16,4,21,1905,1,2,1,1,6,215,4873564,273351,770,4,2,2,0,1,1,0,40,1,0,1,99,0
201600034344,16,5,1,1630,1,2,2,1,3,350,4877160,268795,770,4,2,0,0,1,1,0,0,1,0,1,99,0
201600034345,16,5,3,1000,1,2,1,1,1,373,4878822,261264,770,4,2,1,0,1,1,0,85,1,0,1,99,0
201600034346,16,5,1,1830,1,1,1,1,3,350,4876761,264701,770,2,1,0,0,1,1,0,0,1,3,1,99,0
201600034347,16,5,10,1345,1,2,3,2,2,373,4877779,260678,770,4,2,3,0,1,1,0,0,2,0,1,99,0
201600034348,16,5,24,1950,1,2,1,1,1,390,4879700,266193,770,4,2,2,0,1,2,0,0,1,0,1,0,0
201600034349,16,5,27,815,1,1,1,1,2,215,4873319,271841,770,2,3,2,0,1,1,10,25,1,0,1,99,0
201600034350,16,5,31,1400,1,2,3,2,3,373,4878964,261475,770,4,2,2,0,1,1,0,0,2,0,1,0,0
201600034351,16,6,4,1610,1,2,1,1,3,215,4874201,273521,770,3,2,2,0,1,1,0,0,1,0,1,99,0
201600034352,16,6,8,1830,1,2,1,1,2,373,4880382,261595,770,4,1,1,0,1,1,0,0,1,0,0,99,0
201600034353,16,6,8,1500,1,1,1,1,1,350,4877770,270911,770,3,2,2,0,1,1,0,70,1,0,1,99,1
201600034354,16,6,10,1735,1,2,1,1,6,390,4879875,264816,770,4,2,2,0,1,1,0,0,1,0,1,3,0
201600034355,16,6,20,900,1,1,1,2,2,373,4877279,261820,770,2,1,2,0,1,1,0,0,2,0,1,99,0
201600034356,16,7,4,1605,1,2,1,1,6,373,4879088,260399,770,4,2,2,0,1,1,0,0,1,0,1,3,0
201600034357,16,6,26,1720,1,2,2,1,3,373,4879486,260454,770,4,2,2,0,1,1,0,0,1,5,1,0,0
201600034358,16,7,1,1405,1,2,1,1,3,373,4877790,260559,770,4,2,2,0,1,1,0,80,1,0,1,3,0
201600034359,16,7,16,1735,1,1,1,1,5,350,4875953,270567,770,3,2,2,0,1,1,0,0,1,0,1,99,0
201600034360,16,8,1,1750,1,2,1,1,7,373,4877780,260497,770,4,2,2,0,1,1,0,0,1,0,0,3,0
201600034361,16,8,4,2330,3,1,1,2,2,215,4873350,271328,770,2,3,2,0,2,1,0,0,2,0,1,0,0
201600034362,16,8,9,1020,1,1,1,1,6,390,4878037,265928,770,3,0,0,0,1,2,0,0,1,0,3,0,0
201600034363,16,8,26,1415,1,1,1,1,2,249,4876950,263657,770,2,3,2,0,1,0,0,0,0,0,1,0,0
201600034364,16,9,5,1725,1,1,1,2,1,374,4879601,272411,770,3,2,2,0,1,3,0,0,2,0,1,99,1
201600034365,16,9,12,1630,1,2,1,1,6,390,4879230,266337,770,4,0,2,0,1,1,0,60,1,0,1,3,0
201600034366,16,9,13,1155,1,2,3,1,6,373,4878650,260219,770,4,0,2,0,2,1,0,0,1,0,0,99,0
201600034368,16,9,21,545,3,1,1,1,5,374,4878690,271243,770,3,2,2,0,0,0,0,30,0,0,1,0,0
201600034369,16,9,26,730,3,1,1,1,6,374,4878339,271016,770,3,2,2,0,1,2,0,0,1,0,1,99,0
201600034370,16,9,28,1305,1,2,1,1,6,215,4873860,274394,770,4,2,0,0,1,0,0,0,1,0,0,3,0
201600034371,16,9,30,2050,3,1,1,2,7,249,4875110,261199,770,9,2,2,0,1,3,0,0,2,0,0,99,0
201600034372,16,10,1,2020,3,1,1,2,6,374,4879623,272473,770,3,2,2,0,1,2,0,30,2,0,3,99,1
201600034373,16,10,6,1650,1,1,1,1,1,215,4875308,271985,770,3,0,2,0,1,1,0,35,1,0,1,99,0
201600034374,16,10,11,2200,3,1,1,1,6,350,4876794,270728,770,3,2,2,0,1,1,0,73,1,0,1,99,1
201600034375,16,9,23,1825,1,2,1,1,6,373,4880430,261666,770,4,1,2,0,1,1,0,0,1,0,1,0,0
201600034376,16,10,21,1625,1,2,1,1,4,373,4880360,261531,770,4,1,0,0,1,1,0,0,1,0,1,0,0
201600034377,16,10,15,1530,1,2,1,1,3,373,4877790,260515,770,4,2,1,0,1,1,0,0,1,0,1,0,0
201600034378,16,10,24,1335,1,1,1,2,1,350,4875568,270835,770,3,2,2,0,1,1,0,60,2,0,1,99,0
201600034379,16,10,29,2010,5,2,6,1,7,390,4879391,264629,770,3,2,2,0,1,1,0,0,1,5,0,99,0
201600034380,16,11,25,2135,5,2,1,1,1,373,4878730,261147,770,4,2,2,0,1,1,0,0,1,0,1,99,0
201600034381,16,12,4,1300,1,2,1,1,3,373,4880670,261532,770,4,2,2,0,1,1,0,60,1,0,1,0,0
201600034383,16,12,8,1900,5,2,6,1,6,215,4874222,273500,770,3,2,2,0,1,1,0,25,2,5,0,99,0
201600034384,16,12,9,1947,3,1,1,1,5,350,4877475,270858,770,3,2,2,0,1,1,0,25,2,0,1,99,0
201600034385,16,12,13,1955,5,2,1,1,3,350,4876340,267669,770,4,2,0,0,1,1,0,0,1,0,1,3,0
201600034386,16,12,14,1000,1,2,1,1,6,350,4876705,266915,770,4,1,2,0,1,1,0,35,1,0,1,3,0
201600034387,16,12,25,1940,3,1,1,1,1,350,4876503,270672,770,3,2,2,0,1,1,0,66,1,0,1,99,0
201600034388,16,12,28,805,3,1,1,1,6,350,4875750,267036,770,2,0,2,0,0,0,0,0,0,0,1,0,0
201600034389,16,1,22,1507,1,2,1,2,7,379,4856083,329588,770,4,2,2,0,1,1,0,50,2,0,1,0,0
201600034390,16,3,5,2150,5,2,2,1,3,404,4854016,326643,770,3,0,2,0,1,0,0,0,1,0,0,0,0
201600034391,16,3,11,1120,1,2,3,1,6,404,4853196,326109,770,3,3,2,0,1,1,0,0,1,5,1,99,0
201600034392,16,5,7,2050,1,2,4,1,3,379,4855855,329282,770,4,2,2,0,1,1,0,0,1,5,1,0,0
201600034393,16,5,22,30,5,2,1,1,6,260,4851880,324616,770,4,2,2,0,1,3,0,0,1,0,1,0,0
201600034394,16,6,7,1225,1,1,3,1,3,368,4854842,328245,770,3,2,2,0,2,1,0,0,1,5,1,99,0
201600034395,16,6,8,2020,1,1,1,1,1,459,4853502,336409,770,3,2,2,0,1,1,0,0,1,0,1,99,0
201600034396,16,6,11,1010,1,1,1,2,7,459,4854106,334638,770,3,2,2,0,1,1,0,0,2,0,1,0,0
201600034397,16,6,11,1055,1,1,4,1,5,379,4856831,326232,770,3,2,2,0,3,1,0,0,2,0,1,99,0
201600034398,16,8,11,940,1,1,1,1,6,404,4853710,325164,770,4,0,1,0,0,0,0,0,0,0,1,0,0
201600034399,16,8,28,1905,1,1,1,1,6,418,4853461,322792,770,3,2,2,0,2,4,0,45,1,0,3,3,0
201600034400,16,10,3,500,5,1,3,1,3,459,4855146,331955,770,3,2,2,0,1,1,0,113,1,5,0,99,0
201600034401,16,10,23,1605,1,2,1,3,7,404,4852526,324876,770,3,2,2,0,1,1,0,135,2,0,1,99,0
201600034402,16,11,11,910,1,2,1,1,5,459,4854007,334827,770,3,2,2,0,1,1,0,0,2,0,1,3,0
201600034403,16,11,12,1030,1,2,3,1,6,379,4856340,330007,770,4,2,1,0,1,1,0,0,2,6,1,99,0
201600034404,16,1,12,1930,3,1,6,2,5,123,4899711,264475,770,2,1,2,0,1,0,0,0,2,5,0,99,0
201600034405,16,2,6,1920,5,2,1,1,3,118,4894193,266644,770,3,2,3,0,1,2,0,150,1,0,1,99,0
201600034407,16,3,7,1625,1,2,1,1,3,514,4895160,262409,770,4,0,1,0,0,0,0,0,0,0,0,0,0
201600034408,16,3,21,30,5,2,2,1,3,514,4894591,261031,770,4,1,1,0,0,0,0,0,0,0,1,0,0
201600034409,16,3,29,1300,1,2,3,1,6,294,4896213,259747,770,4,2,2,0,1,1,0,60,1,5,1,3,0
201600034410,16,4,19,2315,5,2,2,1,6,514,4894840,261197,770,4,0,0,0,1,0,0,48,1,0,0,0,0
201600034411,16,4,21,1915,1,2,1,1,1,118,4894034,268464,770,4,2,1,0,1,2,0,47,1,0,1,0,0
201600034412,16,4,3,1635,1,1,1,1,3,294,4897463,261841,770,3,2,2,0,1,3,0,74,0,0,1,99,0
201600034414,16,6,7,810,1,1,3,1,3,294,4898284,260763,770,3,2,2,0,1,2,0,0,1,5,1,99,0
201600034415,16,7,30,50,3,1,1,1,2,462,4902380,266643,770,2,0,2,0,1,0,0,0,1,0,2,99,0
201600034416,16,8,11,1035,1,2,1,1,6,294,4896036,260131,770,4,2,2,0,1,1,0,0,1,0,1,0,0
201600034417,16,10,30,750,1,1,1,1,2,294,4898207,259788,770,2,3,2,0,1,1,0,93,1,0,1,99,0
201600034418,16,10,12,2315,5,1,6,1,3,294,4897448,261298,770,3,2,2,0,2,0,0,0,1,5,1,99,0
201600034419,16,11,2,1840,5,2,3,1,6,514,4893910,260770,770,3,2,2,0,1,1,0,0,1,5,1,99,0
201600034420,16,11,1,630,3,1,1,1,4,462,4902045,266303,770,2,3,4,0,1,1,0,72,1,0,1,99,0
201600034422,16,12,8,1715,5,1,4,1,1,118,4894192,266641,770,3,2,3,0,2,2,0,0,1,3,1,99,0
201600034423,16,12,14,2030,5,1,2,1,3,291,4901841,258389,770,2,2,2,0,1,1,0,0,1,5,1,99,0
201600034426,16,12,11,1610,1,2,2,1,3,498,4855343,225426,780,4,2,0,0,1,1,0,90,9,0,1,99,0
201600034427,16,1,5,830,2,2,1,1,6,498,4893394,204036,780,4,1,2,0,1,1,0,0,1,0,1,0,0
201600034428,16,10,14,750,2,1,1,1,7,123,4856469,213575,780,3,2,2,0,1,1,0,40,2,0,1,99,0
201600034429,16,1,9,130,3,2,4,1,3,624,4897969,200388,780,3,2,2,0,1,1,0,0,1,0,1,0,0
201600034430,16,12,15,1825,5,2,1,1,3,624,4857320,247130,780,3,2,2,0,1,1,0,82,1,0,1,0,0
201600034433,16,12,21,1050,1,1,1,1,6,672,4893257,199070,780,4,2,2,0,1,0,0,0,1,0,4,0,0
201600034435,16,1,22,815,2,1,2,1,3,384,4895052,197903,780,3,2,3,0,1,1,30,108,2,5,1,99,0
201600034436,16,2,2,2030,5,2,2,1,6,498,4893341,205011,780,3,2,2,0,1,1,0,0,1,0,1,0,0
201600034437,16,1,8,1523,1,2,1,1,6,498,4892396,205283,780,5,2,2,0,2,1,0,52,1,0,1,0,0
201600034438,16,1,27,1822,5,2,1,1,6,643,4897459,199579,780,4,0,2,0,1,1,0,70,1,0,1,0,0
201600034440,16,1,25,830,1,2,2,1,6,498,4892997,204388,780,4,1,3,0,1,1,0,75,1,5,1,99,0
201600034444,16,2,5,1245,1,2,3,1,6,642,4898573,197095,780,4,1,1,0,1,0,0,0,1,0,1,99,0
201600034445,16,2,16,2100,3,1,1,1,6,5,4898202,208612,780,2,3,2,0,1,1,114,114,1,3,1,0,1
201600034446,16,3,3,1810,2,2,2,1,3,498,4893308,204555,780,3,1,1,0,1,1,0,68,1,0,1,99,0
201600034448,16,3,12,220,5,2,3,1,6,498,4893397,205338,780,3,2,2,0,0,0,0,0,0,0,1,0,0
201600034449,16,3,10,1145,1,2,2,1,3,498,4892240,203564,780,4,2,2,0,0,0,0,72,1,0,0,0,0
201600034450,16,2,3,810,1,1,1,1,5,672,4210000,60000,780,3,2,2,0,1,1,0,90,2,0,1,0,0
201600034454,16,4,27,1955,1,2,2,1,3,498,4893717,205499,780,3,0,0,0,1,1,0,72,1,0,0,99,0
201600034455,16,4,14,1310,1,2,2,1,3,123,4894772,203750,780,3,2,0,0,1,1,0,60,1,5,1,99,0
201600034460,16,4,9,1814,1,2,1,2,5,498,4891843,200694,780,3,3,4,0,1,1,0,0,2,0,1,99,0
201600034461,16,5,26,2055,1,2,1,1,7,123,4895058,204410,780,3,2,2,0,1,3,0,80,1,0,3,0,0
201600034462,16,6,5,2150,3,2,6,1,1,498,4854511,201189,780,4,2,1,0,1,0,0,109,1,5,1,99,0
201600034463,16,5,4,1225,1,2,1,1,6,498,4892290,202809,780,4,2,1,0,1,1,0,56,1,0,1,3,0
201600034465,16,6,25,1236,1,1,1,1,7,624,4899536,202405,780,4,2,2,0,1,1,0,30,1,0,3,99,0
201600034469,16,6,9,2010,1,2,1,1,1,642,4898372,198372,780,4,2,2,0,1,4,0,60,1,0,0,0,0
201600034472,16,7,19,1610,1,2,1,1,6,498,4892133,202142,780,4,2,2,0,1,1,0,70,1,0,1,99,0
201600034474,16,8,19,1515,1,2,1,1,1,498,4855480,213504,780,3,2,2,0,0,0,0,0,0,0,1,0,0
201600034476,16,8,27,1505,1,1,1,1,6,624,4902721,206250,780,4,0,0,0,0,0,0,0,0,0,0,99,0
201600034477,16,7,28,2111,1,2,1,1,3,123,4856309,213278,780,4,2,2,0,1,1,0,0,1,0,1,99,0
201600034478,16,7,11,1755,1,2,1,1,6,498,4855574,230226,780,4,0,2,3,1,1,0,0,1,0,1,99,0
201600034479,16,8,10,205,5,2,1,1,6,498,4855594,221948,780,4,0,0,0,1,0,0,0,1,0,0,0,0
201600034480,16,8,13,1410,1,2,2,1,3,123,4856366,214705,780,3,0,5,0,1,1,15,159,1,5,0,99,0
201600034483,16,11,1,1215,1,2,6,1,3,643,4897633,198163,780,3,1,1,0,1,0,0,90,1,5,1,0,0
201600034484,16,10,25,924,1,2,1,1,5,498,4855411,223295,780,3,2,2,0,1,1,0,76,1,0,1,99,0
201600034485,16,9,27,832,1,2,2,1,3,642,4897047,195711,780,4,2,2,0,0,0,0,58,1,0,1,0,0
201600034486,16,9,30,1115,1,2,1,1,6,498,4855132,215203,780,3,0,2,0,1,1,0,78,1,0,0,0,0
201600034488,16,11,20,1150,1,2,1,1,6,498,4855553,231844,780,4,2,2,0,1,1,0,61,1,0,1,99,0
201600034489,16,11,13,1310,1,2,1,1,6,498,4855537,223842,780,4,1,1,0,1,1,0,0,1,0,1,3,0
201600034490,16,12,13,1800,5,2,2,1,6,498,4855477,221301,780,3,2,2,0,1,1,0,0,1,0,1,99,1
201600034491,16,11,30,2150,5,2,1,1,6,123,4856582,221862,780,4,2,2,0,1,1,0,62,1,0,1,99,0
201600034492,16,11,30,1956,5,2,9,1,3,643,4897797,199611,780,3,2,3,0,1,1,0,120,1,5,1,99,0
201600034494,16,1,12,1815,5,2,2,1,6,423,4800000,200000,780,4,2,5,0,1,1,0,0,1,5,1,0,0
201600034498,16,3,29,1600,1,2,1,1,6,621,4877691,198440,780,4,2,0,0,1,1,0,0,1,0,1,0,0
201600034509,16,6,29,1242,1,2,1,1,2,621,4875660,198029,780,4,2,0,0,1,1,0,0,1,0,1,0,0
201600034529,16,1,8,30,5,2,1,1,6,402,4895669,179991,780,3,2,1,0,2,4,0,45,1,0,1,99,0
201600034530,16,1,24,1355,1,1,1,8,6,362,4898022,169600,780,3,1,2,0,2,3,0,40,2,3,1,0,0
201600034531,16,1,24,1535,1,2,2,1,3,361,4899686,167650,780,3,4,5,2,1,1,0,205,1,0,1,99,0
201600034532,16,1,27,810,1,2,3,8,7,335,4899041,176216,780,3,4,3,0,1,1,0,0,2,0,1,99,0
201600034533,16,1,28,825,1,2,1,2,3,267,4897816,180830,780,4,2,2,0,2,1,0,60,2,0,1,99,0
201600034534,16,2,16,1650,1,2,1,1,6,354,4897847,169344,780,3,2,2,0,2,2,20,70,1,0,1,99,1
201600034535,16,2,20,1555,1,2,2,1,3,335,4899319,174269,780,4,4,2,0,2,1,0,89,1,0,1,99,0
201600034536,16,2,29,1725,1,2,1,1,6,361,4899202,170397,780,3,3,3,0,1,1,0,0,1,0,1,99,0
201600034537,16,5,6,1755,1,1,1,1,3,267,4897344,180780,780,3,2,2,0,1,1,0,80,1,0,1,99,1
201600034538,16,6,10,2350,5,2,1,8,6,361,4859273,143116,780,4,1,2,0,4,1,0,0,2,0,1,99,0
201600034539,16,6,28,1545,1,2,1,1,6,402,4857401,148274,780,3,2,3,1,1,1,15,130,1,0,1,99,0
201600034540,16,7,7,805,1,2,2,1,3,335,4859431,143542,780,4,2,2,0,1,1,0,50,1,0,1,99,0
201600034541,16,7,7,1215,1,2,1,1,6,361,4900143,141019,780,4,2,2,0,1,1,0,0,1,0,1,3,0
201600034542,16,7,12,305,5,2,1,1,7,362,4858491,143127,780,3,1,1,0,2,2,0,71,1,5,1,99,0
201600034543,16,7,15,1800,1,2,1,1,3,267,4858288,148105,780,3,2,1,0,1,1,0,108,1,0,1,99,0
201600034544,16,7,22,415,5,2,1,1,7,354,4896633,167966,780,3,2,2,0,1,2,0,74,1,0,1,3,0
201600034545,16,7,23,2055,1,2,1,1,2,118,4898213,167677,780,3,2,3,0,1,1,0,0,1,0,1,99,0
201600034546,16,8,30,2320,5,2,1,1,7,501,4897547,176694,780,3,2,2,0,1,1,0,88,1,0,1,99,0
201600034547,16,9,3,1835,1,2,1,1,1,118,4898466,167386,780,4,2,3,0,1,1,0,0,1,0,1,99,0
201600034548,16,9,11,1335,1,1,1,1,6,314,4898877,178022,780,3,2,2,0,4,1,0,70,1,0,3,99,0
201600034549,16,9,15,1620,1,2,1,2,3,361,4899255,169544,780,4,2,2,3,1,1,5,65,2,0,1,99,0
201600034550,16,9,29,1015,1,2,1,1,7,402,4892780,178944,780,4,2,2,0,1,3,0,60,1,0,1,99,0
201600034551,16,10,13,725,5,2,1,1,3,362,4898241,172408,780,3,2,2,0,2,1,0,0,1,0,1,99,0
201600034552,16,10,19,810,1,2,1,1,6,362,4858708,143171,780,4,2,2,0,2,1,0,0,1,0,1,3,0
201600034553,16,10,26,1855,5,2,3,1,3,267,4898791,180416,780,3,4,3,0,1,1,0,0,1,0,1,99,0
201600034554,16,11,17,1645,5,2,1,2,6,361,4898980,171258,780,4,2,3,0,1,1,0,0,2,0,1,99,0
201600034555,16,11,20,2110,5,2,1,2,2,361,4898941,171016,780,4,2,3,0,1,1,0,0,2,0,1,99,0
201600034556,16,12,12,1645,5,2,1,8,6,361,4899844,167688,780,4,3,8,3,1,1,10,110,2,0,1,3,0
201600034557,16,12,14,1900,3,2,1,1,1,335,4898611,173183,780,3,2,2,0,1,2,0,110,1,2,1,99,1
201600034558,16,12,15,1325,1,2,1,1,1,335,4903107,142384,780,3,2,2,0,1,1,0,65,1,0,1,99,0
201600034559,16,12,26,2210,5,2,2,1,3,361,4899313,170380,780,4,2,2,0,1,1,0,0,1,0,1,99,1
201600034603,16,10,6,1620,1,1,1,1,1,674,4882000,202500,780,4,2,2,0,1,1,0,0,1,0,1,99,0
201600034606,16,9,29,755,1,2,6,1,6,165,4882100,197000,780,4,2,2,0,1,1,0,0,1,0,1,99,0