Num_Acc,an,mois,jour,hrmn,lum,agg,int,atm,col,com,lat,long,dep,catr,circ,nbv,vosp,prof,plan,lartpc,larrout,surf,infra,situ,env1,killed
201600034630,16,4,6,1030,1,1,1,1,6,269,4863519,115416,780,3,2,2,0,1,1,0,46,1,0,1,99,0
201600034631,16,3,22,1015,1,2,1,1,6,486,4868601,184775,780,3,2,2,0,1,1,0,0,1,0,1,0,0
201600034635,16,6,19,34,3,1,1,1,6,486,4870745,186944,780,3,2,2,1,2,1,0,35,1,0,1,99,1
201600034637,16,7,8,1405,1,2,1,1,6,517,4864005,182654,780,3,2,1,0,2,1,0,35,1,0,1,0,0
201600034641,16,8,16,1330,1,1,1,1,7,517,4866721,183768,780,2,3,5,0,1,1,25,106,1,0,3,99,0
201600034642,16,8,25,1610,1,1,1,1,6,220,4870030,193180,780,3,2,2,0,1,4,0,0,1,0,3,99,0
201600034643,16,9,10,1415,1,2,1,1,3,517,4862954,182977,780,3,2,2,0,1,1,0,70,1,0,1,99,0
201600034645,16,9,20,810,1,2,5,1,6,517,4864271,183011,780,3,2,1,0,1,3,0,86,1,2,1,99,1
201600034653,16,11,1,1800,2,2,3,1,3,146,4891011,213952,780,4,0,2,0,0,0,0,0,0,0,0,0,0
201600034664,16,3,23,1545,1,2,1,1,4,502,4887972,210861,780,2,3,1,0,1,2,0,0,1,5,1,0,0
201600034669,16,8,3,1010,1,2,2,1,3,367,4888725,207779,780,3,3,4,0,2,1,55,120,1,5,1,99,1
201600034681,16,11,22,1128,1,1,2,1,3,224,4887078,207391,780,3,2,0,0,1,1,0,61,1,5,1,0,0
201600034683,16,1,14,1710,1,2,1,1,6,586,4994086,216600,780,3,3,4,0,2,1,0,60,1,0,4,99,0
201600034684,16,1,27,745,5,2,1,2,6,586,4894545,217346,780,4,1,2,0,2,1,0,58,2,0,1,0,0
201600034687,16,2,25,2300,5,2,1,1,6,586,4894327,216142,780,3,2,6,0,1,1,5,179,1,0,0,99,0
201600034689,16,4,29,1740,1,2,1,1,5,311,4892639,219313,780,3,2,1,0,1,1,0,92,1,0,1,99,0
201600034690,16,5,19,1229,1,2,3,2,3,586,4893913,215832,780,3,2,2,0,1,1,0,59,2,0,1,0,0
201600034691,16,4,26,1930,1,2,2,1,3,586,4893392,219139,780,4,2,2,0,1,1,0,86,1,0,1,0,0
201600034693,16,3,8,835,1,2,1,1,6,586,4994546,217343,780,4,1,2,0,1,1,0,0,1,0,1,99,0
201600034695,16,6,10,1725,1,2,3,7,7,586,4893282,216429,780,4,2,2,0,1,1,10,34,1,0,0,0,0
201600034696,16,7,6,1910,1,2,3,1,6,586,4894261,219752,780,4,2,2,0,0,0,0,0,0,0,1,0,0
201600034697,16,6,3,1650,1,2,1,1,6,586,4893978,215268,780,4,0,2,0,1,1,0,34,1,0,1,99,0
201600034700,16,6,24,1750,1,2,3,1,3,586,4892550,215794,780,4,2,2,0,0,0,0,0,0,5,1,0,0
201600034705,16,3,16,1620,1,2,1,1,6,586,4893374,215104,780,3,2,2,0,1,1,0,0,1,0,4,99,0
201600034706,16,9,5,930,1,2,2,2,2,311,4893655,218346,780,4,2,2,0,1,1,0,109,2,0,1,0,0
201600034707,16,9,13,1800,1,2,1,1,2,586,4895025,217888,780,4,2,2,0,1,1,0,0,1,0,1,0,0
201600034708,16,9,18,1640,1,2,1,1,6,124,4891000,217695,780,3,2,2,0,2,1,0,0,1,0,4,0,0
201600034709,16,9,17,1816,1,2,3,1,3,586,4894063,217449,780,4,1,1,0,1,1,0,70,1,0,1,99,0
201600034710,16,10,18,1900,5,2,1,2,6,586,4893758,217208,780,3,2,3,0,1,1,0,0,2,0,1,99,0
201600034711,16,11,8,830,2,2,1,1,6,586,4894483,217547,780,4,1,1,0,3,1,0,77,1,0,1,0,0
201600034713,16,11,17,910,1,2,2,1,3,586,4893911,217402,780,4,2,2,0,1,1,0,49,1,0,1,99,0
201600034717,16,12,1,1720,2,2,2,1,6,586,4893830,217052,780,3,3,5,0,1,1,0,161,1,0,1,99,0
201600034718,16,12,3,1145,1,2,3,1,6,586,4894036,217058,780,3,3,4,0,1,1,0,124,1,0,1,0,0
201600034723,16,1,7,1340,1,2,2,1,3,646,4885661,235222,780,3,2,4,0,1,1,0,0,9,0,1,3,0
201600034725,16,12,9,1320,1,2,1,1,6,158,4882788,212627,780,4,1,1,0,1,2,0,0,1,5,1,99,0
201600034726,16,11,9,905,1,2,1,2,3,646,4880149,212918,780,4,3,4,0,1,1,0,0,2,0,1,99,0
201600034727,16,1,11,1925,5,2,3,1,3,646,4879159,214546,780,4,2,2,0,0,0,0,0,0,0,1,0,0
201600034728,16,12,7,1651,1,2,8,1,6,343,4886272,228759,780,5,0,2,0,2,2,0,0,1,4,0,99,1
201600034730,16,1,25,1705,1,2,1,2,1,343,4876258,215260,780,3,2,2,0,1,3,0,0,2,0,1,99,0
201600034731,16,1,29,930,1,2,3,1,6,158,4882724,213047,780,4,2,2,0,0,0,0,0,0,5,1,0,0
201600034732,16,1,29,705,2,2,3,1,1,158,4882705,212312,780,4,2,2,0,1,1,0,0,1,0,0,3,0
201600034733,16,3,7,855,1,2,2,2,6,646,4881390,213682,780,4,2,2,0,1,1,0,0,2,0,1,99,0
201600034734,16,3,9,745,1,2,2,1,6,646,4880661,214959,780,4,2,2,0,2,1,0,0,2,0,1,3,0
201600034735,16,3,13,2130,3,2,2,1,1,646,4880140,213012,780,4,2,2,0,1,1,0,0,1,0,1,3,0
201600034737,16,3,21,844,1,2,1,1,7,646,4878242,212009,780,4,0,2,3,1,1,0,0,1,0,1,99,0
201600034738,16,3,29,1005,1,2,3,1,6,646,4883850,218597,780,4,1,1,0,1,1,0,0,1,0,0,99,0
201600034739,16,3,27,1310,1,2,1,1,6,646,4881190,212618,780,4,1,1,0,1,1,0,0,1,0,1,99,0
201600034740,16,4,2,1950,1,2,3,2,1,92,4885774,213487,780,4,2,1,0,1,1,0,60,2,5,1,99,0
201600034741,16,1,20,2020,5,2,3,1,3,640,4878302,218472,780,4,2,2,0,1,1,0,80,1,0,1,99,0
201600034742,16,1,20,1830,5,2,1,1,6,686,4880472,217974,780,3,2,2,0,1,1,0,120,1,0,1,99,0
201600034743,16,4,24,2130,2,2,9,1,4,640,4846473,211445,780,4,3,2,0,1,1,0,0,1,0,1,99,0
201600034744,16,4,14,1725,1,2,1,2,2,117,4876340,212039,780,4,1,1,0,1,1,0,0,2,5,1,99,0
201600034745,16,4,19,1750,1,2,2,1,1,646,4879672,212710,780,4,2,2,0,1,1,0,0,1,5,1,99,0
201600034746,16,5,3,1630,1,2,1,1,3,646,4885660,235222,780,3,2,1,0,2,3,0,0,1,0,1,99,0
201600034747,16,5,4,2145,3,2,1,1,6,646,4878742,210454,780,3,0,2,0,2,2,0,80,1,0,3,99,1
201600034748,16,5,7,1935,1,2,1,1,3,158,4882101,212713,780,4,2,0,0,1,1,0,0,1,0,1,99,0
201600034749,16,5,10,1600,1,2,2,2,6,646,4880810,213219,780,4,2,1,0,1,1,0,0,2,0,1,99,0
201600034750,16,5,12,1740,1,2,1,2,6,646,4879315,214389,780,4,0,1,0,1,1,0,0,2,0,1,99,0
201600034751,16,5,25,919,1,2,2,1,3,646,4880254,211251,780,3,1,1,0,1,1,0,0,1,5,1,99,0
201600034752,16,5,8,1640,1,2,1,1,3,126,4885661,235222,780,4,2,2,0,2,1,0,80,1,0,1,99,0
201600034755,16,6,10,1055,1,2,1,1,4,117,4876626,212863,780,3,1,1,0,1,1,0,0,1,0,1,99,0
201600034756,16,6,11,1715,1,2,1,1,3,646,4881343,213617,780,4,0,1,0,1,0,0,0,1,0,1,99,0
201600034761,16,7,11,1820,1,2,1,1,6,646,4879310,215128,780,4,2,1,0,1,1,0,0,0,0,1,99,0
201600034762,16,7,22,2135,1,2,1,1,3,646,4880179,213473,780,3,2,4,0,1,1,0,0,1,0,1,99,0
201600034763,16,8,17,1110,1,2,2,1,6,646,4881141,212930,780,4,1,1,0,1,1,0,0,1,0,1,99,0
201600034764,16,8,23,2052,1,2,1,1,6,158,4882435,211765,780,4,1,1,0,1,1,0,0,1,0,1,99,1
201600034765,16,6,12,1535,1,2,1,1,2,640,4878075,220733,780,4,1,2,0,1,1,0,40,1,0,1,0,0
201600034766,16,1,5,30,5,2,3,1,2,686,4880402,217272,780,3,2,2,0,1,1,0,40,2,0,0,0,0
201600034768,16,10,5,1250,1,2,1,1,6,646,4880417,213036,780,4,2,2,0,1,1,0,0,1,0,1,99,0
201600034769,16,9,7,1720,1,2,2,1,1,646,4879494,215559,780,4,2,2,0,1,1,0,0,1,0,1,99,0
201600034770,16,9,7,1,5,2,2,1,3,646,4880603,215007,780,3,2,2,0,1,1,0,0,1,0,1,99,0
201600034771,16,11,2,1300,1,2,4,1,1,646,4880635,215791,780,4,2,1,0,1,2,0,0,1,0,1,99,0
201600034772,16,11,3,1220,1,1,1,1,3,646,4879037,211819,780,4,2,2,0,1,1,0,0,1,3,1,99,0
201600034773,16,11,4,1225,1,2,1,1,3,646,4880204,210481,780,3,1,2,0,1,1,0,0,2,0,1,99,0
201600034774,16,11,9,2155,5,2,1,3,6,646,4886272,258759,780,4,2,2,0,2,1,0,0,2,0,1,99,0
201600034775,16,11,25,1530,1,2,1,1,6,640,4878464,221541,780,4,2,2,0,1,1,0,0,1,0,1,99,0
201600034776,16,11,26,1833,3,2,1,1,3,646,4878416,212211,780,4,1,1,0,1,0,0,0,1,0,1,3,0
201600034777,16,11,28,1400,1,2,1,1,3,646,4883800,212270,780,4,2,1,0,1,1,0,0,1,0,1,99,0
201600034778,16,12,2,1300,1,2,2,1,6,646,4881155,212618,780,4,1,1,0,1,1,0,0,1,0,1,99,0
201600034779,16,12,2,1320,1,2,1,1,3,646,4879282,213675,780,4,2,1,0,2,2,0,0,1,0,1,99,0
201600034783,16,10,28,1810,2,2,7,1,6,646,4851000,217000,780,3,0,1,0,1,0,0,0,1,0,1,99,0
201600034784,16,11,30,2110,5,2,1,1,3,646,4848170,281000,780,4,2,2,0,1,1,0,0,1,0,1,99,0
201600034786,16,12,9,1800,5,2,2,1,3,191,4634206,44350,790,3,2,2,0,1,1,0,90,1,0,1,99,0
201600034787,16,12,18,2055,5,2,1,1,6,191,4631643,46806,790,4,2,2,0,1,1,0,75,1,0,1,99,0
201600034788,16,1,5,1734,2,2,1,8,3,191,4633372,42063,790,4,2,2,0,1,1,0,120,2,0,1,99,0
201600034789,16,12,27,1900,5,2,1,1,6,191,4633594,40818,790,4,2,2,0,1,1,0,60,1,0,1,99,0
201600034790,16,1,19,1925,3,2,1,1,2,191,4633627,49955,790,4,2,2,0,1,2,0,60,1,0,1,99,0
201600034791,16,1,21,1355,1,2,1,1,1,191,4635024,51627,790,3,2,2,0,1,1,0,70,1,0,1,99,0
201600034792,16,1,28,1555,1,1,1,2,2,191,4632457,45820,790,4,2,2,1,2,1,0,93,2,0,1,99,0
201600034793,16,2,16,1250,1,2,1,1,6,191,4632052,46563,790,4,2,2,0,1,1,0,90,1,0,1,99,0
201600034794,16,2,26,1150,1,2,1,1,3,191,4631321,45502,790,4,2,2,0,1,1,0,110,1,0,1,99,0
201600034795,16,2,28,1155,1,2,1,1,6,191,4632246,46265,790,4,1,1,0,1,1,0,85,1,0,1,0,0
201600034796,16,2,29,1805,1,2,1,1,6,191,4633101,46874,790,4,2,2,0,1,1,0,150,1,0,1,3,0
201600034797,16,3,1,850,1,2,1,1,6,191,4633112,42025,790,4,2,2,0,1,1,0,100,1,0,1,3,0
201600034798,16,3,4,1430,1,2,4,2,7,191,4632943,44357,790,4,1,1,0,1,1,0,45,1,0,1,99,0
201600034799,16,3,8,1455,1,2,2,1,2,191,4634157,47464,790,3,2,3,0,1,1,0,145,1,0,1,99,0
201600034800,16,3,16,530,5,2,1,1,6,191,4631914,48758,790,4,2,2,0,1,1,0,130,1,0,1,99,0
201600034801,16,3,17,755,1,2,6,1,3,191,4634212,45250,790,4,2,2,0,2,1,0,195,1,0,1,99,0
201600034802,16,3,30,1150,1,2,1,1,4,191,4629690,47218,790,3,2,2,0,1,1,0,120,1,0,1,99,0
201600034803,16,4,2,1005,1,2,1,1,3,191,4633674,46396,790,3,3,2,0,2,2,20,170,1,0,1,99,0
201600034804,16,4,8,2335,5,2,1,1,6,191,4632496,46805,790,3,2,2,1,2,1,0,90,1,2,1,99,0
201600034805,16,5,30,1220,1,2,2,8,3,191,4631503,47442,790,3,2,5,0,1,1,0,200,2,0,1,99,0
201600034806,16,6,20,915,1,2,3,1,3,191,4631619,46973,790,4,2,2,0,1,1,0,125,1,0,1,99,0
201600034807,16,7,2,1450,1,2,1,8,3,191,4633505,46528,790,3,3,2,0,1,2,0,170,1,0,1,99,0
201600034808,16,7,4,1230,1,2,2,8,5,191,4631613,46883,790,4,2,2,0,1,1,0,125,1,0,1,99,0
201600034809,16,8,21,620,5,2,5,1,7,191,4632792,45932,790,4,1,1,0,1,1,0,35,1,0,1,0,0
201600034810,16,8,21,715,2,2,3,1,3,191,4634638,50554,790,3,2,2,0,3,1,0,70,1,0,1,99,0
201600034811,16,8,22,1650,1,2,1,1,6,81,4634632,37573,790,3,2,2,0,1,1,0,80,1,0,1,99,0
201600034812,16,9,2,1430,1,2,1,1,6,191,4632600,45230,790,4,2,2,3,2,1,0,250,1,0,1,99,0
201600034813,16,9,11,1025,1,1,1,1,1,81,4635412,35337,790,4,2,2,0,3,3,0,60,1,0,1,99,0
201600034814,16,9,20,855,1,2,1,1,2,81,4634718,35786,790,3,3,4,0,4,1,0,200,1,0,1,99,0
201600034815,16,9,21,855,1,2,1,1,3,191,4633426,47188,790,3,2,2,1,1,1,0,60,1,0,1,99,0
201600034816,16,9,23,1840,1,2,2,1,6,191,4631840,51110,790,4,2,2,0,1,1,0,60,1,0,1,0,0
201600034817,16,9,24,1330,1,2,1,1,1,191,4632033,45394,790,4,2,2,0,2,3,10,90,1,0,1,99,0
201600034818,16,9,27,1610,1,2,3,1,3,191,4633087,47053,790,3,2,2,1,1,1,0,80,1,0,1,99,0
201600034819,16,9,25,1510,1,2,1,1,1,191,4631545,41046,790,4,1,1,0,1,1,0,60,1,0,1,99,0
201600034820,16,10,24,2015,5,2,3,1,3,191,4632975,44274,790,4,2,4,0,1,1,0,120,1,0,1,99,0
201600034821,16,10,21,2000,5,2,1,1,6,81,4636059,37410,790,3,2,2,0,1,4,0,60,1,0,1,99,1
201600034822,16,12,2,1830,5,2,1,1,3,81,4634094,39536,790,4,3,2,0,1,1,0,70,1,0,1,99,0
201600034823,16,1,14,805,3,2,2,2,3,329,4697573,21629,790,3,2,2,0,0,0,0,0,2,0,1,0,0
201600034824,16,1,13,2120,5,2,3,1,3,329,4698588,22750,790,3,2,2,0,1,1,0,0,1,0,1,99,0
201600034825,16,1,28,1210,1,2,1,2,6,329,4699234,21328,790,3,2,4,0,1,1,0,138,2,0,1,3,0
201600034826,16,1,29,1005,1,2,2,1,6,329,4697875,21647,790,4,2,2,0,0,1,0,0,1,5,1,0,0
201600034827,16,2,8,905,1,2,1,6,1,329,4697825,21731,790,3,1,1,0,1,1,6,36,2,0,1,0,0
201600034828,16,3,12,1705,1,1,1,1,1,300,4699740,20822,790,9,2,0,0,1,1,0,0,1,0,1,99,0
201600034829,16,3,17,1325,1,2,1,1,6,329,4697611,21411,790,4,1,0,0,1,1,0,0,1,0,1,3,0
201600034830,16,3,27,1745,1,1,1,1,1,329,4698244,22021,790,3,2,2,0,1,1,0,80,1,0,1,99,0
201600034831,16,4,8,1150,1,2,1,1,7,329,4697592,19831,790,3,2,2,0,0,4,17,31,1,0,1,99,0
201600034832,16,4,10,315,3,2,3,1,7,329,4698289,19887,790,3,2,2,0,1,1,0,0,1,0,1,0,0
201600034833,16,6,3,1213,1,2,7,8,6,329,4697845,21179,790,6,0,0,0,1,0,0,0,1,0,0,3,0
201600034834,16,6,21,1130,1,1,2,1,7,259,4695339,21533,790,3,2,2,0,1,1,0,0,1,0,3,99,0
201600034835,16,7,1,2025,1,2,3,1,6,259,4697076,21216,790,3,2,2,0,2,2,0,72,1,0,4,99,0
201600034836,16,7,9,2034,1,1,9,1,3,259,4694085,23867,790,3,2,2,0,3,1,0,60,1,0,1,99,0
201600034837,16,7,11,1615,1,2,3,1,3,329,4698971,22205,790,4,2,2,0,1,1,0,73,1,0,1,99,0
201600034838,16,7,15,1740,1,1,2,1,1,259,4695383,21519,790,3,2,2,0,1,1,0,0,1,5,1,99,0
201600034839,16,7,16,1535,1,2,1,1,3,329,4698722,21081,790,4,2,2,0,1,1,0,0,1,0,4,0,0
201600034840,16,7,21,1050,1,2,9,1,3,329,4697720,20732,790,4,2,2,0,2,1,0,0,1,5,1,99,0
201600034841,16,8,24,1819,1,2,2,1,3,329,4697581,21629,790,4,2,2,0,1,3,0,70,1,0,1,99,0
201600034842,16,8,29,1000,1,2,6,2,3,329,4697937,19859,790,3,2,2,0,1,1,0,0,2,0,1,0,0
201600034843,16,9,2,1000,1,2,1,1,6,329,4698170,21340,790,4,2,2,0,2,1,0,0,1,0,1,0,0
201600034844,16,9,11,1425,1,2,1,1,7,329,4698355,21212,790,4,2,2,0,0,0,0,0,0,0,1,0,0
201600034847,16,9,29,35,5,2,2,1,3,329,4698560,22705,790,3,2,2,0,1,1,0,75,1,0,1,99,0
201600034848,16,10,21,1810,1,1,2,1,7,329,4697784,18069,790,4,0,0,0,1,1,0,0,0,0,0,0,0
201600034849,16,10,29,1612,1,2,3,1,3,329,4699672,20705,790,3,2,2,0,1,1,0,75,1,0,1,99,0
201600034850,16,11,23,1700,2,1,2,8,7,259,4695380,21487,790,3,2,2,0,1,1,0,0,1,5,0,99,0
201600034851,16,12,15,2150,5,2,3,8,7,329,4697854,20324,790,4,2,1,0,1,1,0,0,2,0,1,99,0
201600034852,16,1,24,1058,1,2,1,1,6,1,5010399,182767,800,4,2,2,0,1,1,0,0,1,0,1,99,0
201600034853,16,4,1,1720,1,2,9,1,6,1,5010169,185585,800,3,3,2,2,1,1,20,35,1,6,5,99,0
201600034854,16,5,18,1510,1,2,6,2,3,1,5010421,184308,800,4,3,2,0,1,1,0,155,2,5,1,3,0
201600034855,16,5,25,1450,1,1,1,1,6,1,5010935,183084,800,4,2,2,0,1,1,0,0,1,0,1,0,0
201600034856,16,6,7,1600,1,2,1,1,6,1,5010309,185257,800,3,3,1,0,1,1,0,36,1,0,1,99,0
201600034857,16,8,7,2115,1,2,9,1,6,1,5010388,184046,800,4,1,2,0,1,1,20,100,1,0,1,0,0
201600034858,16,8,15,1015,1,2,1,1,6,1,5010570,182714,800,4,1,1,0,0,0,0,0,0,0,4,0,0
201600034859,16,9,6,1555,1,2,1,1,6,1,5010544,184007,800,4,3,2,0,1,1,0,70,1,0,1,3,0
201600034860,16,9,29,730,1,2,1,1,3,1,5010644,180150,800,4,2,2,0,1,1,0,90,1,0,1,99,0
201600034861,16,10,10,1325,1,2,1,1,6,1,5009841,183805,800,4,2,2,0,0,0,0,0,0,0,3,0,0
201600034862,16,10,28,1157,1,2,1,1,6,1,5010011,183297,800,4,2,2,0,0,0,0,0,0,0,1,0,0
201600034863,16,12,2,230,5,2,1,1,6,1,5011042,183872,800,3,2,2,3,1,3,20,48,1,5,4,99,0
201600034864,16,11,26,1720,5,1,9,1,3,1,5010117,184768,800,4,2,2,0,1,1,0,0,1,0,1,3,0
201600034865,16,12,23,1830,5,2,1,1,6,21,4991675,229884,800,4,2,2,0,1,0,0,0,1,0,1,0,0
201600034866,16,12,24,404,3,1,1,2,7,21,4988402,225779,800,4,2,1,0,1,1,0,0,2,0,1,0,0
201600034867,16,1,2,1410,1,1,3,2,5,131,4985729,238161,800,3,2,2,0,2,1,0,0,2,0,1,0,0
201600034869,16,1,2,1750,2,2,1,2,2,21,4987763,228287,800,4,2,4,0,1,1,0,0,2,0,1,0,0
201600034870,16,1,5,1945,5,2,1,1,7,21,4989189,229203,800,4,3,4,0,1,1,0,0,1,0,1,0,0
201600034871,16,1,7,900,1,2,3,1,7,21,4987075,233316,800,4,2,2,0,1,1,0,0,2,0,1,0,0
201600034872,16,1,7,1450,1,2,1,1,7,632,4987670,225735,800,4,2,2,0,2,3,0,0,0,0,1,0,0
201600034873,16,1,11,1430,1,2,1,2,4,632,4987625,225600,800,3,2,2,0,2,1,0,0,2,0,1,0,0
201600034874,16,1,11,1335,1,2,1,2,1,724,4986092,222932,800,3,2,2,0,1,1,0,0,2,0,1,0,0
201600034875,16,1,12,1835,5,2,1,2,7,21,4989524,229341,800,4,2,4,0,1,1,0,0,2,0,1,0,0
201600034876,16,1,12,1510,1,2,1,2,2,21,4987883,230282,800,4,2,3,0,1,1,0,0,2,0,1,0,0
201600034877,16,1,12,1635,1,2,1,2,7,21,4988521,228885,800,4,1,1,0,1,1,0,0,2,0,1,0,0
201600034878,16,1,15,1235,1,1,1,1,2,164,4992113,236944,800,3,2,2,0,1,1,0,0,1,0,1,0,0
201600034879,16,1,17,1530,1,2,1,1,7,21,4988798,231571,800,4,1,1,0,2,2,0,0,1,0,4,0,0
201600034880,16,1,22,800,3,1,6,1,3,261,4986016,227498,800,3,2,2,2,1,2,0,0,1,0,1,0,0
201600034881,16,1,20,1055,1,2,1,7,7,21,4990756,231893,800,6,0,0,0,1,1,0,0,1,0,1,0,0
201600034882,16,1,25,1420,1,2,1,1,3,164,4989950,234121,800,4,2,2,0,1,1,0,0,1,0,1,0,0
201600034883,16,1,29,850,1,2,1,1,7,21,4992809,226759,800,4,2,2,0,1,1,0,0,1,0,1,0,0
201600034884,16,1,29,1730,1,2,1,1,2,674,4990112,233994,800,4,2,2,0,1,1,0,0,1,0,1,0,0
201600034885,16,1,30,1450,1,2,1,3,4,21,4989193,229211,800,4,2,4,0,1,1,0,0,2,0,1,0,0
201600034886,16,2,1,1935,5,2,1,2,1,21,4990183,229427,800,4,2,2,0,1,1,0,0,1,0,1,0,0
201600034887,16,2,4,1255,1,1,1,1,1,21,4992550,225596,800,3,2,2,0,1,2,0,0,2,0,1,0,0
201600034888,16,2,4,1340,1,2,1,1,7,21,4988840,231245,800,4,2,3,0,1,1,0,0,1,0,1,0,0
201600034889,16,2,5,1830,5,2,1,1,7,21,4990714,230198,800,4,3,4,0,2,1,0,0,2,0,1,0,0
201600034890,16,2,8,1315,1,2,1,1,3,21,4990085,229877,800,4,2,4,0,1,1,0,0,2,0,1,0,0
201600034891,16,2,9,1315,1,2,3,2,7,21,4988694,230706,800,4,2,2,0,2,1,0,0,2,0,1,0,0
201600034892,16,2,9,1825,5,2,3,2,3,21,4989392,231162,800,4,2,2,0,1,1,0,0,2,0,1,0,0
201600034893,16,2,17,2350,5,2,1,1,6,21,4989875,229547,800,4,2,2,0,1,1,0,0,1,0,1,0,1
201600034894,16,2,19,2320,5,2,2,1,3,725,4987051,224251,800,3,2,2,0,1,1,0,0,1,0,1,0,0
201600034895,16,1,19,1825,2,2,1,1,6,21,4991060,230942,800,4,2,2,0,1,1,0,0,1,0,1,0,0
201600034896,16,2,23,1925,2,2,1,2,6,21,4989476,229181,800,4,2,2,0,1,1,0,0,2,0,1,0,0
201600034897,16,2,25,750,1,2,9,1,7,164,4988701,234398,800,4,1,2,0,2,1,0,45,2,0,1,0,0
201600034898,16,2,26,1230,1,2,1,1,6,21,4988923,231042,800,4,2,2,3,1,1,0,0,1,0,1,0,0
201600034899,16,2,27,2245,5,2,1,1,3,21,4988283,232634,800,4,2,2,0,1,1,0,0,1,0,1,0,0
201600034900,16,2,29,750,1,2,1,1,3,21,4988524,226711,800,4,2,2,0,1,1,0,0,1,0,1,0,0
201600034901,16,2,29,1430,1,2,1,1,6,21,4991153,231631,800,4,2,2,0,1,1,0,0,1,0,1,0,0
201600034902,16,3,5,2010,5,2,1,1,7,21,4989292,229554,800,4,2,2,0,1,1,0,0,1,0,1,0,0
201600034903,16,3,10,2320,5,2,1,1,7,21,4989730,227061,800,4,2,2,0,1,1,0,0,1,0,1,0,0
201600034904,16,3,15,1430,1,2,1,1,7,21,4989839,231201,800,4,3,4,0,2,1,0,0,1,0,1,0,0
201600034905,16,3,15,1530,1,2,2,1,3,21,4988953,230705,800,4,2,2,0,1,1,0,0,1,0,1,0,0
201600034906,16,3,16,1853,1,2,1,1,3,21,4991156,225217,800,3,2,2,0,1,1,0,0,1,0,1,0,0
201600034907,16,3,16,815,1,2,3,1,3,21,4989124,231188,800,4,2,2,0,1,1,0,0,1,0,1,0,0
201600034908,16,3,17,1405,1,2,1,1,2,21,4989668,229439,800,4,1,5,0,1,1,0,0,1,0,1,0,0
201600034909,16,3,23,1055,1,2,1,1,7,21,4988917,229512,800,4,1,1,0,1,1,0,0,1,0,1,0,0
201600034910,16,3,30,855,1,2,1,1,3,21,4988646,230354,800,4,2,2,0,2,1,0,0,1,0,1,0,0
201600034911,16,5,19,910,1,2,1,7,6,256,4991412,223396,800,3,2,2,0,1,1,0,0,2,0,1,0,0
201600034912,16,4,2,1335,1,2,1,1,4,674,4990899,232629,800,4,2,4,0,1,1,0,0,1,0,1,0,0
201600034913,16,4,6,535,5,2,2,1,3,21,4988374,228225,800,4,2,5,0,1,1,0,0,1,0,1,0,0
201600034914,16,4,16,2115,5,2,2,1,3,21,4991059,231120,800,4,2,2,0,1,1,0,0,1,0,1,0,0
201600034915,16,4,8,1615,1,2,1,1,3,21,4991160,224830,800,3,2,2,0,1,1,0,0,1,0,1,0,0
201600034916,16,4,12,1835,1,2,1,1,6,21,4988774,229394,800,4,1,1,0,1,1,0,0,1,0,1,0,0
201600034917,16,4,13,1345,1,2,9,1,3,21,4992014,230468,800,4,3,6,0,1,1,0,0,1,0,1,0,1
201600034918,16,4,19,840,1,1,1,1,4,164,4990128,235293,800,4,2,2,0,1,1,0,0,1,0,1,0,0
201600034919,16,4,20,1440,1,2,1,1,7,21,4989479,229334,800,4,2,4,0,1,1,0,0,1,0,1,0,0
201600034920,16,4,20,1640,1,2,1,1,7,21,4988388,229467,800,4,2,2,0,2,1,0,0,1,0,1,0,0
201600034921,16,4,26,1010,1,2,1,1,2,21,4990750,226596,800,3,2,2,0,1,1,0,0,1,0,1,0,0
201600034922,16,4,29,1930,1,2,1,2,6,21,4991165,230712,800,4,2,2,0,1,1,0,0,2,0,1,0,0
201600034923,16,5,15,620,2,2,6,1,7,21,4989000,229033,800,4,1,3,0,1,2,0,0,1,0,4,0,0
201600034924,16,5,1,1215,1,2,6,1,1,632,4987670,225672,800,3,2,2,0,1,1,0,0,1,0,1,0,0
201600034925,16,5,6,2155,5,2,2,1,6,21,4988102,231336,800,4,0,0,0,0,0,0,0,0,0,0,0,0
201600034926,16,5,7,630,2,2,2,1,3,164,4992074,236799,800,3,2,2,0,1,1,0,0,1,0,1,0,0
201600034927,16,5,7,1500,1,2,1,1,2,21,4987788,233973,800,4,2,0,0,0,1,0,0,1,0,1,0,0
201600034928,16,5,11,1335,1,2,1,1,3,21,4989940,229514,800,4,2,2,0,1,1,0,0,1,0,1,0,0
201600034929,16,5,11,1735,1,2,3,1,3,21,4989814,230074,800,4,2,2,0,1,1,0,0,1,0,0,0,0
201600034930,16,5,13,1430,1,2,2,1,3,21,4988060,233182,800,4,2,2,0,1,0,0,0,0,0,0,0,0
201600034931,16,5,16,2005,1,2,9,1,3,21,4988144,228475,800,4,2,2,0,0,1,0,0,1,0,0,0,0
201600034932,16,5,16,1855,1,2,1,1,3,21,4987073,233327,800,4,2,2,0,0,1,0,0,1,0,0,0,0
201600034933,16,5,18,1720,1,1,1,3,7,160,4985714,233661,800,4,0,1,0,0,1,0,0,2,0,0,0,0
201600034934,16,5,5,1,5,2,2,1,3,489,4987321,235073,800,4,0,0,0,0,0,0,0,0,0,0,0,0
201600034935,16,5,20,1620,1,2,1,1,4,725,4987091,226047,800,4,2,2,0,1,1,0,0,1,0,0,0,0
201600034936,16,5,25,950,1,2,6,1,3,21,4987541,228171,800,4,2,2,0,1,1,0,0,1,0,1,0,0