Num_Acc,an,mois,jour,hrmn,lum,agg,int,atm,col,com,lat,long,dep,catr,circ,nbv,vosp,prof,plan,lartpc,larrout,surf,infra,situ,env1,killed
201600034937,16,5,26,700,1,2,1,1,6,21,4988216,228477,800,4,1,1,0,1,1,0,0,1,0,1,0,0
201600034938,16,5,27,854,1,2,1,1,3,21,4988794,231379,800,4,2,0,0,1,1,0,0,1,0,1,0,0
201600034939,16,5,28,2030,1,2,1,1,6,21,4989690,226908,800,4,0,0,0,0,0,0,0,0,0,0,0,0
201600034940,16,6,4,1620,1,1,1,1,6,674,4991266,233722,800,6,0,0,0,1,1,0,0,1,0,1,0,0
201600034941,16,6,6,725,1,2,3,1,3,489,4986771,235689,800,4,2,2,0,1,1,0,0,1,0,1,0,0
201600034942,16,6,6,2235,5,2,1,2,6,21,4989065,229008,800,4,3,0,0,1,1,0,0,2,6,1,0,0
201600034943,16,6,9,1550,1,2,3,1,3,21,4987488,227422,800,4,2,2,0,1,1,0,0,1,0,1,0,0
201600034944,16,6,9,1905,1,1,1,1,1,256,4991056,222197,800,4,2,2,0,2,2,0,0,1,0,1,0,1
201600034945,16,6,7,1940,1,2,1,1,6,131,4984893,239235,800,3,2,2,0,1,1,0,0,1,0,1,0,0
201600034946,16,6,11,1120,1,1,1,1,1,261,4983902,226934,800,3,2,2,0,1,1,0,0,1,0,1,0,0
201600034947,16,6,18,1200,1,2,1,1,3,21,4987560,228183,800,4,3,0,0,0,1,0,0,0,0,1,0,0
201600034948,16,6,24,1534,1,2,2,1,3,160,4986167,234155,800,4,0,2,0,0,1,0,0,1,0,1,0,0
201600034949,16,6,27,830,1,2,1,1,4,21,4988021,231045,800,4,2,2,3,1,1,0,0,1,0,1,0,0
201600034950,16,6,28,1945,1,2,6,1,3,21,4990734,230212,800,4,2,2,0,0,0,0,0,0,0,1,0,0
201600034951,16,7,7,2036,1,2,4,1,3,21,4990197,229999,800,4,2,2,0,1,1,0,0,1,0,1,0,0
201600034952,16,7,7,1750,1,2,1,1,6,21,4988880,228983,800,4,2,2,0,0,1,0,0,1,0,1,0,0
201600034953,16,7,13,2330,5,2,1,1,7,21,4989515,230717,800,4,2,2,0,1,1,0,0,1,0,0,0,0
201600034954,16,7,18,730,1,1,1,1,3,21,4986182,230916,800,3,2,2,0,1,2,0,0,1,0,1,0,0
201600034955,16,7,22,1450,1,1,1,1,6,21,4986782,233507,800,4,2,2,0,1,1,0,0,1,0,1,0,0
201600034956,16,7,26,2310,5,2,1,1,3,21,4987723,228258,800,4,2,2,0,1,1,0,0,0,0,1,0,0
201600034957,16,7,27,900,1,2,1,1,7,725,4986992,225364,800,6,0,0,0,1,0,0,0,0,0,0,0,0
201600034958,16,8,5,1740,1,2,1,1,4,21,4990311,231651,800,4,2,1,0,1,0,0,0,1,0,1,0,0
201600034959,16,8,1,1505,1,2,1,1,3,21,4989534,230624,800,4,2,1,0,0,1,0,0,1,0,1,0,1
201600034960,16,8,17,2015,1,2,3,1,3,21,4989415,229287,800,4,2,2,0,1,1,0,0,1,0,1,0,0
201600034961,16,8,19,2250,5,2,3,2,7,21,4994198,227971,800,3,2,2,0,0,1,0,0,2,0,1,0,0
201600034962,16,8,21,1725,1,2,3,1,3,21,4991169,230262,800,4,2,2,0,1,1,0,0,1,0,1,0,0
201600034963,16,8,24,1747,1,2,3,1,3,21,4988920,230555,800,4,3,2,0,1,1,0,0,1,0,1,0,0
201600034964,16,8,27,1830,1,2,3,1,3,21,4990127,228408,800,4,2,2,0,1,1,0,0,1,0,1,0,0
201600034965,16,8,31,1925,1,2,1,1,2,21,4988901,228105,800,4,2,2,0,1,1,0,0,1,0,1,0,0
201600034966,16,8,30,845,1,2,1,7,6,21,4991039,230823,800,4,2,2,0,1,1,0,0,1,0,1,0,0
201600034967,16,9,1,1345,1,2,3,1,6,21,4987886,230275,800,4,2,2,0,1,1,0,0,1,0,1,0,0
201600034968,16,9,3,1755,1,2,1,1,3,21,4989682,229463,800,4,3,2,0,1,1,0,0,1,0,1,0,0
201600034969,16,9,4,1543,1,2,2,1,3,21,4991303,225482,800,4,3,2,0,0,0,0,0,0,0,1,0,0
201600034970,16,9,9,830,1,1,1,1,4,131,4986038,238292,800,3,1,1,0,1,1,0,0,1,0,1,0,0
201600034971,16,9,14,1020,1,2,6,1,6,21,4988642,227916,800,4,2,2,0,1,0,0,0,1,0,1,0,0
201600034972,16,9,14,1830,1,2,1,1,3,21,4990480,226505,800,4,2,2,0,1,1,0,0,1,0,1,0,0
201600034973,16,9,17,1830,1,2,1,1,7,21,4991157,231579,800,4,2,2,0,0,2,0,0,1,0,1,0,0
201600034974,16,9,20,835,1,2,1,1,2,21,4991042,225724,800,3,2,2,0,1,1,0,0,1,0,1,0,0
201600034975,16,9,20,1010,1,2,1,1,3,21,4990603,227026,800,3,2,2,2,1,1,0,0,1,0,1,0,0
201600034976,16,9,28,1450,1,2,1,1,6,21,4991060,231639,800,4,2,2,0,0,1,0,0,1,0,1,0,0
201600034977,16,10,3,1715,1,2,1,1,2,725,4986564,224047,800,4,2,2,0,1,1,0,0,1,0,1,0,0
201600034978,16,10,3,1930,2,2,1,1,2,21,4988287,229402,800,4,2,2,0,0,1,0,0,1,0,1,0,0
201600034979,16,10,5,802,1,2,1,1,6,21,4988925,228137,800,4,2,2,3,1,1,0,0,1,0,1,0,0
201600034980,16,10,8,1335,1,2,3,1,3,21,4988317,231521,800,4,1,2,0,1,1,0,0,1,0,1,0,0
201600034981,16,10,11,1650,1,2,1,1,6,21,4993366,227295,800,3,2,2,0,2,1,0,0,1,0,1,0,0
201600034982,16,10,14,1735,1,2,1,2,6,21,4988240,228489,800,4,1,1,0,0,1,0,0,2,0,1,0,0
201600034983,16,10,14,1600,1,2,1,1,6,21,4990756,230280,800,4,3,2,0,1,1,0,0,1,0,1,0,0
201600034984,16,10,17,1740,1,2,1,1,3,21,4988794,231379,800,4,2,2,3,1,1,0,0,1,0,1,0,0
201600034985,16,10,22,100,5,2,1,1,6,674,4989844,233098,800,4,1,1,0,1,0,0,0,2,0,1,0,0
201600034986,16,10,30,1315,1,2,1,1,6,21,4987280,229302,800,4,2,2,0,1,1,0,0,1,0,1,0,0
201600034987,16,11,3,1830,5,2,3,1,3,21,4989679,228304,800,4,3,2,0,1,1,0,0,1,0,1,0,0
201600034988,16,11,7,1826,5,2,1,2,3,21,4987693,234305,800,4,2,2,0,0,1,0,0,2,0,1,0,0
201600034989,16,11,9,753,2,2,1,3,6,21,4990483,230662,800,4,3,2,0,0,1,0,0,2,0,1,0,0
201600034990,16,11,10,925,1,1,1,1,2,160,4986159,234135,800,4,2,2,0,1,1,0,0,2,0,1,0,0
201600034991,16,11,15,1115,1,2,2,2,3,21,4988407,228209,800,4,2,2,0,1,1,0,0,2,0,1,0,0
201600034992,16,11,16,827,2,2,1,2,6,21,4987290,231275,800,4,2,2,0,1,1,0,0,2,0,1,0,0
201600034993,16,11,18,1605,1,2,1,2,2,21,4988957,230711,800,4,4,2,0,1,1,0,0,2,0,1,0,0
201600034994,16,11,19,1315,1,2,1,1,3,21,4987475,226578,800,4,3,2,0,1,1,0,0,1,0,1,0,0
201600034995,16,11,21,1947,5,2,2,2,3,725,4987140,225733,800,3,1,2,0,1,1,0,0,2,0,1,0,0
201600034996,16,9,12,200,3,1,1,1,6,131,4983619,240162,800,3,2,2,0,1,2,0,0,1,0,1,0,0
201600034997,16,11,23,1510,1,2,2,1,3,21,4989676,230044,800,4,1,1,0,1,1,0,0,2,0,1,0,0
201600034998,16,11,25,1850,3,1,1,1,3,702,4984696,231212,800,3,2,2,0,2,2,0,0,1,0,1,0,0
201600034999,16,11,29,1050,1,1,1,1,3,21,4989366,229291,800,4,2,3,0,1,1,0,0,1,0,1,0,0
201600035000,16,11,30,820,1,2,1,2,6,21,4988046,227674,800,4,2,2,0,1,3,0,0,7,0,1,0,0
201600035001,16,12,1,2050,5,2,1,1,3,21,4991095,225594,800,3,3,1,0,1,1,0,0,1,0,1,0,0
201600035002,16,12,3,30,5,2,2,1,3,21,4989399,229295,800,4,2,2,0,1,1,0,0,1,0,1,0,0
201600035004,16,12,6,1825,5,2,3,1,3,21,4990800,226449,800,3,3,1,0,0,0,0,0,0,0,1,0,0
201600035005,16,12,7,1130,1,2,1,1,3,21,4987907,230514,800,4,0,0,0,1,1,0,0,1,0,0,0,0
201600035006,16,12,10,310,5,2,1,1,6,21,4988270,231950,800,4,2,2,0,1,1,0,0,2,0,1,0,0
201600035007,16,12,9,1438,1,2,1,1,2,21,4990066,228214,800,4,2,2,0,1,1,0,0,1,0,1,0,0
201600035008,16,12,9,2245,5,2,1,1,2,256,4991410,223409,800,3,3,2,0,1,1,0,0,1,0,1,0,0
201600035009,16,12,17,300,5,2,1,1,6,21,4990132,227061,800,4,2,1,0,0,1,0,0,1,0,1,0,0
201600035010,16,12,17,310,5,2,1,1,6,21,4989345,230250,800,3,2,2,0,1,1,0,0,1,0,1,0,0
201600035011,16,12,19,756,2,2,6,1,3,21,4990688,231800,800,4,2,2,0,0,0,0,0,0,0,1,0,0
201600035012,16,12,20,1315,1,2,1,1,6,21,4989713,229496,800,4,2,1,0,0,1,0,0,1,0,1,0,1
201600035013,16,12,21,830,1,2,1,1,6,21,4991168,230203,800,4,2,2,0,1,1,0,0,1,0,1,0,0
201600035014,16,12,21,1635,1,2,1,1,6,21,4989116,230627,800,4,2,1,0,1,1,0,0,2,0,1,0,0
201600035017,16,8,22,2345,3,1,1,1,1,18,4395230,223139,810,3,2,2,0,1,1,0,66,1,0,1,0,1
201600035018,16,9,30,1130,1,1,3,1,5,4,4392750,219984,810,3,2,2,0,1,1,0,94,1,0,1,0,0
201600035019,16,10,12,1340,1,2,1,1,3,4,4393340,214641,810,4,2,2,0,1,1,0,0,1,0,1,0,0
201600035020,16,11,10,730,2,1,2,8,3,4,4390960,219743,810,3,2,1,0,3,1,0,500,2,0,1,0,0
201600035023,16,7,6,1555,1,2,1,1,6,60,4404980,215612,810,4,0,2,0,1,1,0,60,1,0,1,99,0
201600035024,16,1,16,1140,1,1,2,1,3,65,4363470,218472,810,3,2,2,0,1,1,0,60,1,0,1,99,0
201600035025,16,1,18,936,1,1,1,8,3,65,4365710,221886,810,3,2,2,0,2,3,0,70,8,0,1,99,0
201600035026,16,2,6,30,3,1,1,1,1,65,4357150,225672,810,2,2,2,0,1,1,0,72,1,0,1,99,0
201600035027,16,2,17,1015,1,1,1,1,5,65,4364880,221800,810,3,2,2,0,1,3,0,80,1,0,1,99,0
201600035030,16,7,3,1250,1,1,1,1,5,65,4361570,219753,810,3,2,2,0,1,1,0,65,1,0,1,0,0
201600035031,16,7,9,2250,3,1,1,1,1,65,4356480,227297,810,2,2,2,0,1,2,0,73,1,0,1,99,1
201600035032,16,8,11,1420,1,1,1,1,7,65,4359730,231772,810,3,2,2,0,2,4,0,50,1,0,3,99,0
201600035034,16,12,15,1300,1,2,1,1,7,65,4360890,224541,810,4,1,1,0,1,1,0,40,1,0,4,3,0
201600035035,16,12,24,145,3,1,1,5,1,65,4357150,225661,810,2,0,0,0,1,1,0,72,1,2,1,0,1
201600035036,16,2,20,1800,1,1,1,1,7,163,4347420,237035,810,3,2,2,0,2,2,0,0,1,0,1,99,0
201600035037,16,5,21,2240,4,2,1,1,7,21,4350830,237308,810,2,2,3,0,1,1,0,94,1,0,1,99,0
201600035038,16,5,12,1950,1,2,1,1,6,163,4349000,236612,810,3,2,2,0,3,1,0,70,1,0,1,99,0
201600035039,16,5,21,1715,1,1,1,1,6,163,4346350,235414,810,3,2,2,0,2,2,0,0,1,0,1,99,0
201600035040,16,6,2,1545,1,2,1,1,6,163,4350710,237825,810,3,2,1,0,1,1,0,128,1,0,1,99,0
201600035041,16,8,18,1415,1,1,1,1,6,163,4343860,233312,810,3,2,2,0,2,1,0,70,1,0,1,99,0
201600035042,16,9,3,1555,1,2,1,1,3,36,4349810,239041,810,3,2,2,0,1,1,0,65,1,0,1,99,0
201600035043,16,9,27,755,1,2,9,1,3,163,4349400,236803,810,4,2,2,0,1,1,0,83,1,0,1,99,0
201600035044,16,11,25,1700,2,2,1,1,3,163,4350360,238311,810,4,2,2,0,1,1,0,60,1,0,1,3,0
201600035045,16,11,27,800,1,2,1,1,6,21,4350680,236253,810,4,2,2,0,1,1,0,60,1,0,1,99,0
201600035046,16,11,18,1730,2,2,1,2,6,63,4349730,237566,810,3,2,2,0,1,1,0,0,2,0,1,99,0
201600035047,16,1,4,805,2,2,1,1,6,33,4404232,110489,820,3,2,2,0,1,1,0,60,2,6,1,99,0
201600035048,16,2,13,1105,1,2,3,1,6,33,4404079,110933,820,3,2,2,0,1,1,0,70,1,0,0,99,0
201600035049,16,3,24,1030,1,2,1,1,6,33,4403887,111095,820,6,0,0,0,1,1,0,0,1,0,0,99,0
201600035050,16,6,28,1820,1,2,6,1,3,33,4403692,111102,820,3,2,2,0,1,1,0,83,1,5,0,0,0
201600035051,16,7,1,1940,1,1,3,1,7,33,4406480,111113,820,3,2,2,0,1,3,11,110,1,5,1,0,0
201600035052,16,8,12,1500,1,2,2,1,3,33,4403830,110789,820,4,1,1,0,1,1,0,0,1,5,1,0,0
201600035054,16,9,29,850,1,2,2,1,6,33,4403601,110985,820,3,2,2,0,1,2,37,141,1,0,1,0,1
201600035055,16,12,1,800,2,1,1,5,5,33,4407916,111333,820,3,2,2,0,1,2,0,105,0,0,1,0,0
201600035056,16,12,6,1339,1,1,1,1,1,33,4402674,108737,820,3,2,2,0,1,1,0,66,1,0,1,0,1
201600035057,16,12,20,745,3,1,3,5,1,33,4403006,114138,820,3,2,2,0,2,2,0,0,1,0,0,0,1
201600035058,16,11,10,1255,1,2,6,2,7,121,4403327,137498,820,4,1,1,0,1,0,0,0,2,0,1,99,0
201600035059,16,11,19,1025,1,2,7,1,6,121,4401688,135370,820,4,1,1,0,1,0,0,0,1,6,1,99,0
201600035060,16,11,25,1540,1,2,1,1,6,121,4404670,141181,820,4,2,2,0,1,1,0,0,1,0,3,99,0
201600035061,16,1,9,1900,5,2,1,1,6,121,4401425,134723,820,4,1,1,0,1,1,0,0,1,0,1,99,0
201600035062,16,1,26,930,1,2,6,1,6,121,4401178,137237,820,4,1,2,0,1,3,0,0,1,0,1,99,0
201600035063,16,12,11,2130,3,1,1,1,6,121,4403329,141719,820,4,2,2,0,1,0,0,0,1,0,3,99,0
201600035064,16,12,15,2305,3,1,1,1,6,121,4397979,129037,820,4,2,2,0,1,1,0,0,1,0,3,99,0
201600035066,16,2,9,1855,5,2,3,1,3,121,4403993,131443,820,4,2,2,0,1,1,0,0,1,0,1,99,0
201600035067,16,2,12,1330,1,2,1,1,1,121,4401837,133247,820,4,2,2,0,1,2,0,0,1,0,1,99,0
201600035068,16,12,27,1300,1,2,1,1,6,121,4401814,136315,820,4,2,4,0,1,1,0,0,1,0,1,99,0
201600035071,16,3,1,1935,5,2,3,1,3,121,4403794,135691,820,4,2,2,0,1,1,0,0,1,0,1,99,0
201600035072,16,2,15,1315,1,2,1,1,3,121,4403857,137094,820,4,2,2,0,1,1,0,0,1,0,1,3,0
201600035073,16,2,19,1830,2,2,1,1,6,121,4402241,135878,820,4,2,3,0,1,1,0,0,1,0,1,99,0
201600035074,16,2,20,1515,1,1,1,1,2,121,4401648,130839,820,3,2,2,0,1,1,0,0,1,0,1,99,0
201600035075,16,3,11,1640,1,2,1,1,6,121,4401539,136605,820,4,2,2,0,1,1,0,0,1,0,1,3,0
201600035076,16,3,20,2215,5,2,2,1,3,121,4403731,136463,820,4,2,3,0,1,1,0,0,1,5,1,99,0
201600035077,16,4,28,1420,1,2,2,1,3,121,4403653,136816,820,4,2,3,0,1,1,0,0,1,0,1,99,0
201600035078,16,5,3,1945,1,2,3,1,3,121,4400861,134462,820,4,1,2,0,1,1,0,0,1,0,1,99,0
201600035079,16,5,7,1755,1,2,3,1,3,121,4401201,135386,820,4,2,2,0,1,3,0,0,1,0,1,99,0
201600035080,16,5,4,1220,1,1,3,1,1,121,4405642,140430,820,4,2,3,0,1,1,0,0,1,0,1,99,0
201600035081,16,5,20,1530,1,2,1,1,6,121,4401768,135471,820,4,0,0,3,1,1,0,0,1,6,1,0,0
201600035082,16,5,17,1819,1,1,3,1,3,121,4403655,133989,820,4,2,2,0,1,4,0,0,1,0,1,3,0
201600035083,16,5,27,1615,1,2,1,7,6,121,4401480,134175,820,4,2,2,0,1,1,0,0,1,0,1,99,0
201600035084,16,5,28,1000,1,2,1,1,3,121,4401076,133706,820,4,2,2,0,1,1,0,0,1,0,1,99,0
201600035085,16,6,7,500,5,2,2,1,3,121,4401258,134692,820,4,2,3,0,1,1,0,0,1,5,0,99,0
201600035086,16,6,4,2015,1,2,3,1,3,121,4403691,137969,820,4,2,3,0,1,1,0,0,1,0,1,99,0
201600035087,16,6,23,1445,1,1,2,1,3,121,4398925,130903,820,3,2,2,0,1,1,0,0,1,0,1,99,0
201600035088,16,7,4,30,3,1,1,1,6,121,4400555,133903,820,4,2,2,0,1,1,0,0,1,0,1,99,0
201600035089,16,7,12,1040,1,2,3,1,6,121,4401814,137072,820,4,2,2,0,1,2,0,0,1,0,1,99,0
201600035090,16,8,23,1725,1,2,3,1,3,121,4402601,136612,820,4,2,2,0,1,1,0,0,1,0,1,99,0
201600035091,16,8,19,1630,1,2,1,1,7,121,4402749,138788,820,1,2,4,0,1,1,0,0,1,0,1,99,0
201600035092,16,8,21,1145,1,1,1,1,3,121,4402085,136058,820,4,2,2,0,1,1,0,0,1,0,1,99,0
201600035094,16,8,29,1345,1,2,1,1,1,121,4403553,135734,820,4,2,2,0,1,1,0,0,1,0,1,99,0
201600035095,16,9,6,1620,1,2,1,1,6,121,4401138,136225,820,4,1,2,0,1,1,0,0,1,0,1,3,0
201600035096,16,9,9,800,1,2,1,1,6,121,4401542,135722,820,4,2,2,0,1,1,0,0,1,0,1,3,0
201600035097,16,9,27,1100,1,2,3,1,3,121,4402758,136797,820,4,2,3,0,1,1,0,0,1,0,1,99,0
201600035098,16,10,3,1130,1,2,6,1,3,121,4403471,135714,820,4,2,2,0,1,1,0,0,1,0,1,99,0
201600035099,16,10,4,1535,1,1,2,1,3,121,4404113,142150,820,3,0,2,0,1,1,0,0,1,0,1,99,0
201600035100,16,10,14,745,2,2,1,1,6,121,4401668,134471,820,4,2,2,0,1,1,0,0,1,0,1,99,0
201600035101,16,10,26,2230,5,2,2,1,3,121,4401840,136296,820,4,2,2,0,1,1,0,0,1,0,1,99,0
201600035102,16,1,21,900,1,1,1,1,4,141,4351040,648034,830,4,3,2,0,1,1,23,58,1,0,1,99,0
201600035103,16,1,24,1500,1,2,3,1,3,50,4353338,646964,830,4,2,2,0,1,1,0,60,1,0,1,99,0
201600035104,16,2,3,1130,1,2,1,1,6,50,4353941,646321,830,4,2,2,0,2,0,0,60,1,0,1,0,0
201600035105,16,3,22,1905,1,1,1,1,1,50,4353286,647153,830,4,2,0,0,2,1,0,0,1,0,1,0,0
201600035106,16,4,10,1005,1,1,1,1,6,50,4353689,645340,830,4,2,2,3,1,1,0,0,1,0,1,0,1
201600035107,16,3,29,1355,1,2,3,1,3,50,4353342,646973,830,4,2,2,0,0,0,0,0,0,0,1,0,0
201600035108,16,4,14,1900,1,1,9,1,3,50,4355519,643188,830,3,0,2,0,1,1,0,30,1,0,1,99,0
201600035109,16,4,20,1055,1,2,1,1,1,50,4354068,647531,830,4,2,2,0,2,1,0,0,1,0,1,99,0
201600035110,16,4,21,1755,1,2,1,1,6,141,4350495,648656,830,3,0,0,0,0,0,0,0,0,0,0,0,0
201600035112,16,5,7,1730,1,2,1,1,2,141,4350950,648095,830,3,3,4,0,1,1,0,50,1,0,1,99,0
201600035113,16,5,18,1555,1,2,6,1,6,50,4353155,647392,830,4,2,2,0,1,1,0,79,1,0,1,99,0
201600035115,16,6,3,1430,1,1,1,1,2,50,4352084,647292,830,4,3,4,0,2,1,0,0,1,0,1,99,0
201600035116,16,7,12,1730,1,2,2,1,1,50,4353383,647762,830,4,2,2,0,0,0,0,0,1,0,1,0,0
201600035118,16,7,28,1335,1,2,6,1,3,50,4353674,645338,830,4,2,2,0,1,3,0,0,1,5,1,0,0
201600035119,16,7,26,1550,1,1,1,1,6,50,4353920,644893,830,4,1,2,0,1,2,0,0,1,5,1,99,0
201600035120,16,8,9,905,1,2,3,1,3,50,4353644,646031,830,4,2,3,0,1,1,0,88,1,0,1,0,0
201600035121,16,8,23,1325,1,2,1,1,1,141,4350909,648141,830,4,2,2,0,1,1,0,0,1,0,1,99,0
201600035123,16,9,5,1845,1,1,6,1,3,50,4353191,644922,830,4,1,1,0,1,2,0,0,1,0,1,99,0
201600035124,16,10,20,1510,1,2,1,1,6,50,4351882,647785,830,4,2,2,0,1,1,0,57,1,0,1,99,0
201600035125,16,11,1,1406,1,2,1,1,5,50,4352997,645623,830,4,2,2,0,2,3,0,0,1,0,1,99,0
201600035126,16,11,23,1225,1,2,1,1,6,50,4353966,645778,830,4,0,0,0,1,1,0,0,1,0,0,3,0
201600035127,16,11,28,1600,1,2,1,1,6,50,4353088,647497,830,4,2,2,0,1,1,0,0,1,0,1,0,1
201600035128,16,12,12,1615,1,2,3,1,3,50,4352932,647785,830,4,2,2,0,2,1,0,0,1,0,0,3,0
201600035130,16,5,8,200,5,2,1,1,6,61,4344194,672333,830,3,2,2,0,1,0,0,70,1,0,1,0,0
201600035131,16,5,25,1630,1,2,1,1,2,61,4343179,673354,830,4,1,1,0,1,1,0,50,1,0,1,99,0
201600035132,16,6,11,1446,1,2,1,1,6,118,4342770,677184,830,3,2,0,0,1,1,0,0,1,0,1,0,1
201600035133,16,6,24,1650,1,2,1,1,1,118,4343308,680695,830,4,2,2,0,2,2,0,40,1,0,1,99,0
201600035134,16,6,29,1419,1,2,1,1,1,61,4344386,675006,830,4,2,2,0,1,4,0,70,1,0,1,3,0
201600035136,16,8,4,1830,1,2,1,1,3,118,4343386,677950,830,4,0,0,0,0,0,0,0,0,0,0,0,0
201600035139,16,9,2,1510,1,2,1,1,6,61,4340030,672988,830,3,2,1,0,0,0,0,0,0,0,1,0,0
201600035141,16,9,24,1625,1,2,1,1,3,61,4343783,675413,830,3,0,2,0,1,1,0,0,1,0,1,0,0
201600035142,16,9,30,2145,5,2,3,1,3,61,4343682,674047,830,4,2,2,0,1,1,0,62,1,0,1,99,0
201600035143,16,10,8,1440,1,2,1,1,6,61,4338555,672277,830,3,2,2,0,1,1,12,64,1,0,1,99,1
201600035144,16,10,11,1100,1,2,1,1,6,118,4342285,676943,830,4,1,1,0,2,1,0,24,1,0,1,99,0
201600035146,16,10,28,1645,1,2,3,1,3,61,4343767,673177,830,4,2,2,0,1,1,0,60,0,0,1,0,0
201600035147,16,11,11,1815,3,1,1,1,1,61,4352238,689431,830,3,2,2,0,0,0,0,0,0,0,1,0,1
201600035149,16,11,25,1620,1,2,8,7,6,61,4342442,673553,830,4,2,2,0,1,1,0,0,1,0,1,99,0
201600035150,16,1,15,1600,2,2,1,1,6,69,4311600,613141,830,4,3,2,0,1,1,0,0,1,0,1,99,0
201600035151,16,1,30,1420,1,1,1,1,3,34,4310304,605602,830,3,2,2,0,1,1,0,60,1,0,1,0,1
201600035152,16,1,30,1839,3,1,1,1,7,69,4312772,620819,830,3,3,2,0,1,1,0,80,1,0,3,0,0
201600035153,16,2,5,1125,1,2,6,1,6,69,4311643,613228,830,4,0,0,0,0,0,0,0,0,0,0,0,0
201600035154,16,2,4,1600,1,1,1,1,5,69,4312910,615962,830,3,2,2,0,1,0,0,0,1,0,1,0,0
201600035155,16,2,8,1358,1,2,1,1,6,69,4311334,612821,830,4,1,0,0,1,1,0,70,1,5,1,99,0
201600035156,16,2,12,1750,1,2,1,8,5,69,4310976,612333,830,4,1,1,0,1,1,0,80,2,0,1,99,0
201600035157,16,3,8,300,5,2,1,1,6,69,4311950,614182,830,4,2,2,0,0,0,0,0,0,0,4,0,0
201600035158,16,4,24,1640,1,2,1,1,2,69,4308016,612311,830,3,2,2,0,1,0,0,71,1,0,1,99,0
201600035159,16,4,30,1217,1,2,1,1,6,69,4310942,612450,830,4,2,1,0,1,1,0,70,1,0,1,99,0
201600035160,16,5,6,925,1,1,1,1,6,69,4302810,615559,830,3,1,1,0,2,0,0,0,1,0,1,0,1
201600035161,16,5,14,1359,1,2,3,1,2,69,4310022,617042,830,3,2,2,0,1,1,0,33,1,0,1,99,1
201600035162,16,5,14,1000,1,2,9,1,7,69,4310941,612877,830,4,2,0,0,1,1,10,85,1,0,0,0,0
201600035163,16,5,16,2215,3,1,1,1,6,69,4316830,611850,830,3,0,0,0,1,1,0,64,1,0,0,99,0
201600035164,16,5,13,1130,1,2,1,1,5,69,4308010,612802,830,4,2,2,0,1,1,0,74,1,0,1,0,0
201600035165,16,5,21,605,1,1,1,1,5,69,4308909,612875,830,3,2,2,0,1,2,0,60,1,0,1,99,0
201600035166,16,6,11,2125,2,1,1,1,7,69,4311490,609622,830,3,2,2,0,1,1,0,67,1,0,3,99,1
201600035167,16,6,11,1000,1,1,1,1,3,69,4304476,613452,830,4,2,2,0,1,1,0,0,1,0,1,99,0
201600035168,16,6,12,610,1,2,1,1,1,69,4312657,615217,830,4,2,1,0,1,1,0,64,1,0,1,99,0
201600035169,16,6,24,115,5,1,6,1,6,69,4304791,614644,830,3,0,2,0,1,4,0,58,1,5,0,99,0
201600035170,16,6,26,35,5,2,1,1,2,69,4309503,602305,830,4,2,0,0,1,1,0,116,1,0,1,99,0
201600035171,16,7,6,2210,3,1,1,1,2,69,4318141,611888,830,3,0,2,0,1,1,0,80,1,0,0,99,0
201600035173,16,7,13,520,3,2,1,1,1,69,4308269,615008,830,2,2,1,0,1,1,0,50,1,0,1,0,0
201600035174,16,7,14,2355,3,1,1,1,1,69,4315727,612833,830,3,2,2,0,0,0,0,0,0,0,1,0,0
201600035175,16,7,29,1225,1,1,1,1,1,69,4309039,612925,830,3,2,2,0,1,1,0,0,1,0,1,99,0
201600035176,16,8,16,2050,3,2,1,1,1,69,4307694,612680,830,4,2,2,0,1,1,0,54,1,0,0,99,0
201600035177,16,8,16,1610,1,2,6,1,3,69,4311333,612336,830,4,1,3,0,1,2,0,120,1,0,1,99,0
201600035178,16,8,21,30,5,1,1,1,5,34,4310883,604675,830,3,2,0,0,0,0,0,0,0,0,1,0,0
201600035179,16,8,21,1850,1,1,1,1,4,34,4310383,605472,830,3,2,2,0,1,1,0,66,1,0,1,0,0
201600035180,16,8,28,310,5,1,1,1,6,34,4310872,604697,830,3,2,2,0,1,3,0,98,1,5,1,0,0
201600035181,16,9,4,1815,1,1,1,1,3,69,4308202,614277,830,4,3,3,0,1,2,33,123,1,0,1,0,0
201600035182,16,9,6,1800,1,2,1,1,6,69,4312079,613191,830,4,1,2,0,2,1,0,60,1,0,1,99,0
201600035183,16,9,19,1845,1,1,1,1,3,69,4308785,612877,830,3,2,1,0,1,1,0,0,1,0,1,0,0
201600035186,16,10,1,2210,5,2,8,1,3,69,4311341,612922,830,4,3,3,0,1,1,0,110,0,0,1,99,0
201600035187,16,10,1,300,5,2,7,1,7,69,4311765,612662,830,4,1,1,0,0,0,0,0,0,0,1,0,0
201600035188,16,10,18,1220,1,2,1,1,2,69,4308417,615242,830,3,2,1,0,1,1,0,70,1,0,1,0,0
201600035189,16,10,23,1550,1,2,1,2,6,69,4311557,615302,830,4,2,2,0,1,1,0,25,2,0,1,0,0
201600035190,16,10,27,1410,1,2,3,1,3,69,4311187,611375,830,4,4,3,0,1,1,0,0,1,0,1,99,0
201600035191,16,10,19,1225,1,2,1,1,5,69,4311534,613337,830,4,2,2,0,1,1,0,70,1,0,1,3,0
201600035192,16,10,27,1105,1,2,1,1,6,69,4308164,615379,830,4,2,1,0,1,1,0,93,1,0,1,99,0
201600035193,16,11,9,1700,2,2,1,1,2,69,4310677,612765,830,4,2,0,0,1,2,20,80,1,0,1,3,0
201600035194,16,11,19,1900,3,1,1,1,7,34,4308460,611087,830,3,2,2,0,2,1,24,35,1,5,0,0,0