Num_Acc,an,mois,jour,hrmn,lum,agg,int,atm,col,com,lat,long,dep,catr,circ,nbv,vosp,prof,plan,lartpc,larrout,surf,infra,situ,env1,killed
201600035195,16,10,3,1650,1,2,2,1,1,69,4308242,612834,830,4,2,2,0,2,1,46,126,1,0,1,0,1
201600035196,16,11,25,915,1,2,6,2,6,69,4309051,612930,830,3,2,0,0,1,1,0,0,2,0,1,99,0
201600035197,16,12,4,720,5,2,1,1,2,69,4311358,613000,830,4,3,3,0,1,1,0,114,1,0,1,0,0
201600035200,16,12,19,1915,3,1,1,6,6,69,4310800,618000,830,3,2,2,0,1,1,0,70,2,0,1,99,0
201600035201,16,12,23,620,5,1,1,1,2,69,4305144,614677,830,3,2,2,0,1,1,0,68,1,0,1,0,0
201600035202,16,1,5,1255,1,2,1,1,6,129,4309331,583209,830,4,2,1,0,1,1,6,40,1,0,1,99,0
201600035203,16,1,8,1850,5,2,3,1,3,129,4308738,582661,830,3,2,2,0,1,1,0,0,1,5,1,99,0
201600035204,16,1,4,1550,1,2,1,1,6,123,4312547,580483,830,4,2,2,0,1,1,0,60,1,0,1,99,0
201600035205,16,1,10,315,5,2,6,1,6,129,4309824,582814,830,3,2,2,1,1,1,15,68,1,0,1,0,0
201600035206,16,1,21,1530,1,2,1,1,2,129,4310804,582596,830,4,2,1,0,1,1,0,0,1,0,1,99,0
201600035207,16,1,19,925,1,2,1,8,2,129,4310728,582094,830,4,2,2,0,2,1,0,70,1,0,1,0,0
201600035208,16,1,31,2110,5,2,2,1,3,129,4309223,584112,830,4,1,1,0,1,1,0,30,1,5,1,99,0
201600035210,16,2,17,755,1,2,1,1,2,129,4310405,581857,830,4,2,1,0,1,1,0,56,1,0,1,99,0
201600035211,16,3,5,2220,5,2,1,1,3,129,4310609,581851,830,4,2,2,0,1,3,0,60,1,0,1,0,0
201600035212,16,3,9,1905,5,2,1,1,3,9,4314891,574994,830,3,2,2,0,3,1,0,66,1,0,1,99,0
201600035213,16,3,18,1810,1,1,1,1,1,123,4312325,582261,830,3,2,2,0,2,1,45,35,1,0,1,0,0
201600035214,16,3,17,1035,1,2,1,1,6,9,4313602,575341,830,4,1,1,0,2,2,0,32,1,0,1,99,0
201600035215,16,3,15,1220,1,2,1,1,6,129,4309179,584313,830,4,1,1,0,1,1,0,0,0,0,0,0,0
201600035216,16,4,1,1300,1,2,1,8,3,123,4311837,579348,830,4,2,1,0,1,1,0,28,1,0,1,99,0
201600035217,16,4,13,1635,1,2,1,1,2,123,4312490,578859,830,4,2,1,0,2,1,0,35,1,0,1,99,0
201600035218,16,4,11,1800,1,1,6,1,1,129,4309761,585124,830,3,2,2,0,2,2,0,0,1,0,1,0,0
201600035220,16,5,10,825,1,2,1,1,3,9,4313721,575229,830,3,2,2,0,2,1,0,60,1,0,1,99,0
201600035221,16,5,26,840,1,2,6,1,3,9,4313699,576027,830,4,1,2,0,1,1,0,75,1,0,1,0,0
201600035224,16,6,10,1225,1,2,1,1,3,129,4310461,581775,830,3,2,2,0,1,1,0,62,1,0,5,0,0
201600035225,16,6,17,835,1,2,2,1,3,129,4309625,583129,830,3,2,2,0,1,1,16,67,1,5,1,99,0
201600035226,16,6,18,505,5,2,1,1,6,123,4313789,581360,830,4,2,2,0,1,1,0,45,1,0,1,99,0
201600035227,16,6,19,1800,1,2,1,1,4,123,4313994,577638,830,4,2,2,0,4,1,0,60,1,0,1,0,0
201600035228,16,7,9,2140,3,2,1,1,1,9,4315490,574296,830,3,2,2,0,2,1,0,100,1,0,1,0,0
201600035229,16,7,8,1735,1,2,1,7,6,123,4311861,580984,830,4,3,2,0,1,1,20,70,1,0,1,99,0
201600035230,16,7,12,1615,1,2,1,1,6,123,4312853,578150,830,4,2,2,0,1,1,0,50,1,0,1,0,0
201600035231,16,7,19,1825,1,2,1,1,5,129,4311805,584730,830,3,2,2,0,3,3,0,80,1,0,1,99,0
201600035232,16,7,20,950,1,2,1,1,6,123,4311930,581156,830,3,2,2,0,1,2,8,85,1,0,1,99,1
201600035233,16,7,30,1520,1,2,1,1,3,123,4313073,578186,830,3,2,1,0,1,1,0,60,1,0,1,0,1
201600035234,16,8,3,1110,1,2,3,1,3,129,4309866,582052,830,4,2,2,0,2,1,0,0,1,0,1,99,0
201600035235,16,8,6,755,1,2,1,1,6,9,4313594,575412,830,4,2,1,3,1,1,0,70,1,6,1,99,0
201600035236,16,8,12,745,1,2,6,1,3,129,4309458,584694,830,4,1,2,0,1,2,0,81,1,0,1,0,0
201600035237,16,8,13,1600,1,2,1,1,5,123,4313815,577405,830,3,2,2,0,2,1,0,0,1,0,1,99,0
201600035238,16,8,17,2335,5,2,1,1,6,123,4313622,581247,830,4,1,0,0,1,1,0,0,1,0,1,0,0
201600035239,16,8,22,1255,1,2,1,1,3,129,4310766,581877,830,3,2,2,0,1,1,0,38,1,0,1,0,0
201600035240,16,8,20,1950,1,2,1,1,2,129,4308825,580998,830,4,2,1,0,1,1,0,69,1,0,1,0,0
201600035241,16,8,29,1555,1,2,1,1,5,129,4310097,582376,830,3,2,1,0,1,1,0,60,1,0,1,0,0
201600035242,16,8,31,1810,1,2,1,1,2,123,4311862,581008,830,3,3,2,0,1,1,23,40,1,0,1,0,0
201600035243,16,8,31,825,1,2,3,1,3,129,4308860,585246,830,3,2,2,0,1,1,0,68,1,0,1,99,0
201600035244,16,9,1,1210,1,2,1,1,2,9,4314633,576569,830,3,2,2,0,0,1,0,76,1,0,1,0,0
201600035245,16,9,20,1010,1,1,1,1,1,123,4314152,577963,830,4,2,2,0,2,3,0,0,1,0,1,99,0
201600035246,16,9,20,1505,1,2,1,1,2,129,4309573,582850,830,4,2,2,0,1,1,0,0,1,0,1,3,0
201600035247,16,9,22,2000,5,2,9,1,5,129,4308879,581026,830,3,2,2,0,1,1,0,65,1,0,1,99,0
201600035248,16,9,23,1825,1,2,1,1,2,129,4311093,581353,830,4,1,1,0,1,1,0,44,1,0,1,0,0
201600035249,16,9,23,1930,2,2,1,1,6,129,4310221,581226,830,4,2,2,0,2,1,0,0,1,0,1,99,0
201600035250,16,9,28,1215,1,2,1,1,6,129,4311007,581285,830,3,1,2,0,1,1,0,0,1,0,1,0,0
201600035251,16,9,28,1605,1,2,6,1,3,129,4310658,581434,830,3,2,2,0,4,0,0,0,1,5,1,99,0
201600035252,16,10,2,130,5,2,1,1,6,129,4310232,581100,830,4,2,2,1,1,1,0,70,1,0,3,0,0
201600035253,16,10,2,210,5,2,1,1,6,129,4309595,581265,830,4,0,2,0,1,1,0,70,1,0,1,0,0
201600035254,16,10,7,1715,1,2,1,1,6,123,4312046,580840,830,4,3,2,2,1,1,0,0,1,5,1,0,0
201600035255,16,10,8,2350,5,2,1,1,4,129,4311546,580849,830,4,3,2,0,1,1,20,35,1,0,1,0,0
201600035256,16,10,26,1745,1,2,1,1,6,129,4309601,583124,830,3,2,2,1,1,1,0,60,1,0,5,99,0
201600035257,16,11,19,1750,5,2,1,1,3,129,4308200,583000,830,4,2,2,0,2,1,0,40,1,0,1,0,0
201600035258,16,11,22,1800,5,2,1,1,6,129,4310473,581760,830,3,0,2,0,1,1,0,60,1,0,1,99,0
201600035259,16,11,28,1115,1,2,1,1,6,129,4309800,582100,830,4,2,2,0,1,1,0,0,1,0,1,3,0
201600035260,16,12,2,1410,1,2,3,1,3,129,4309610,583124,830,3,2,2,0,1,1,0,32,1,0,1,99,0
201600035261,16,12,4,1325,1,2,2,1,2,129,4310015,581198,830,3,2,2,0,3,1,0,0,1,0,1,0,0
201600035262,16,12,5,1730,5,2,1,1,3,129,4309323,583228,830,3,2,2,0,1,1,0,0,1,0,1,99,0
201600035263,16,12,6,1830,5,2,1,1,6,123,4311798,580805,830,4,2,2,0,1,1,0,65,1,0,1,99,0
201600035264,16,12,9,1725,5,2,1,1,3,123,4312045,581416,830,3,2,2,0,1,1,0,83,1,0,1,99,0
201600035265,16,12,12,740,1,2,1,1,6,129,4309791,582663,830,4,2,1,0,1,1,0,182,1,0,1,3,0
201600035266,16,1,10,1500,1,2,1,1,6,126,4308272,589511,830,4,2,0,0,1,1,0,0,1,0,1,0,0
201600035267,16,1,7,2025,5,2,2,1,3,126,4310983,587055,830,4,2,1,0,1,1,0,0,1,0,1,3,0
201600035268,16,2,17,1700,1,2,1,1,3,126,4311335,588358,830,3,2,2,0,1,3,0,0,1,0,1,0,0
201600035269,16,2,24,1525,1,2,1,1,6,126,4310407,585374,830,3,2,2,0,1,3,0,0,1,5,1,0,0
201600035270,16,4,12,1610,1,2,1,1,3,126,4308926,588142,830,4,2,3,0,2,1,13,98,1,0,1,0,0
201600035271,16,4,18,1950,1,2,3,1,3,126,4310759,587704,830,4,3,2,0,1,1,0,0,1,5,1,99,0
201600035272,16,5,5,1420,1,2,1,1,6,126,4310259,587702,830,4,1,0,0,0,0,0,0,0,0,0,0,0
201600035273,16,5,23,1015,1,2,1,1,3,126,4308112,588588,830,4,2,2,0,1,1,0,60,1,0,1,0,0
201600035274,16,5,21,1832,1,1,1,1,4,126,4312834,584448,830,3,2,0,0,1,1,0,45,1,0,1,0,0
201600035275,16,6,7,2247,5,2,1,1,1,126,4309280,590375,830,4,2,2,0,1,3,0,49,1,0,1,99,0
201600035276,16,6,25,1120,1,2,1,1,6,126,4310782,586298,830,4,3,2,0,0,0,0,0,0,0,1,0,0
201600035277,16,6,24,1545,1,2,1,1,3,126,4311039,587883,830,4,0,5,1,1,1,0,0,1,0,0,99,0
201600035278,16,7,28,2250,5,2,9,1,3,126,4310571,586781,830,4,2,0,0,1,1,0,0,1,0,1,0,0
201600035279,16,8,20,1430,1,2,1,1,3,126,4310452,587884,830,4,1,2,0,1,1,0,0,1,0,1,0,0
201600035281,16,11,4,1335,1,2,1,1,5,126,4309813,585380,830,4,2,0,0,1,1,0,26,1,0,1,0,0
201600035282,16,11,4,1615,1,2,1,1,6,126,4310036,588237,830,4,0,1,0,1,0,0,60,1,0,1,99,0
201600035283,16,11,25,1700,1,2,1,1,6,126,4311329,585770,830,6,0,0,0,1,1,0,0,1,0,1,99,0
201600035284,16,11,30,1400,1,2,1,1,3,126,4308858,589888,830,4,2,0,0,1,1,0,62,1,0,1,99,0
201600035285,16,1,8,1730,2,2,2,1,3,62,4311308,598016,830,4,4,1,0,0,0,0,0,0,0,1,0,0
201600035286,16,1,11,2042,5,2,6,1,3,137,4312797,590700,830,4,1,2,0,1,2,0,0,1,5,1,3,0
201600035287,16,1,13,1145,1,2,1,1,3,62,4314271,603727,830,3,2,2,0,1,1,0,0,1,0,1,99,0
201600035288,16,1,14,2130,5,1,1,2,6,90,4312311,587446,830,4,1,2,0,2,2,0,0,2,0,3,0,0
201600035289,16,1,20,2010,5,2,1,1,3,137,4312169,592930,830,4,1,3,3,1,1,0,30,1,0,1,0,0
201600035290,16,1,20,1920,5,2,3,1,3,137,4312557,595806,830,4,2,2,0,1,1,0,0,1,0,1,0,0
201600035291,16,1,22,2250,5,2,1,1,4,62,4313127,601663,830,4,1,3,0,1,1,0,90,1,0,1,0,0
201600035292,16,1,27,1500,1,2,1,1,6,137,4315926,591822,830,2,2,2,0,1,1,0,0,1,0,4,99,0
201600035293,16,1,29,900,1,2,1,1,6,137,4312682,596107,830,4,4,2,0,0,0,0,35,1,0,1,0,0
201600035294,16,2,4,1340,1,2,1,1,6,137,4316055,592309,830,9,0,0,0,1,1,0,0,1,0,1,0,0
201600035295,16,2,5,1030,1,1,1,1,1,137,4316185,592509,830,3,2,2,0,1,1,0,60,1,0,1,99,0
201600035296,16,2,13,1030,1,1,1,8,6,137,4313125,590032,830,4,2,1,0,1,2,0,80,2,0,1,99,1
201600035297,16,2,13,1620,1,2,1,1,6,137,4313765,589503,830,4,2,2,0,2,1,0,68,9,0,1,99,0
201600035298,16,2,17,940,1,2,1,1,6,62,4312440,600920,830,4,0,3,0,1,1,0,0,1,5,1,99,0
201600035299,16,2,26,745,1,2,3,1,3,137,4311991,593283,830,4,1,1,0,1,1,0,0,1,0,1,0,0
201600035300,16,2,27,855,1,1,3,3,1,137,4316250,594963,830,3,2,2,0,2,2,0,0,2,0,1,0,0
201600035301,16,2,27,1600,1,2,2,3,3,137,4312897,590972,830,4,2,2,0,1,1,0,0,2,0,1,0,0
201600035302,16,3,1,1555,1,2,9,1,6,19,4311530,630555,830,3,3,2,0,0,0,0,0,0,0,1,3,0
201600035303,16,3,5,1910,5,2,1,1,7,137,4313722,588277,830,4,3,0,0,2,1,0,60,1,0,1,99,0
201600035304,16,3,8,1400,1,2,1,1,6,137,4312772,591822,830,4,2,2,3,1,1,0,64,1,0,1,99,0
201600035305,16,3,12,1100,1,2,2,1,6,137,4312517,593100,830,2,2,6,0,1,1,0,170,1,6,1,99,0
201600035306,16,3,15,1810,1,2,1,1,3,137,4312802,595490,830,3,1,1,0,1,1,0,60,1,0,1,99,0
201600035307,16,3,15,1820,1,2,1,1,6,62,4313574,602264,830,4,0,0,0,1,1,0,0,1,6,0,0,0
201600035308,16,3,16,1810,1,1,1,3,6,62,4311752,600309,830,4,2,2,0,2,0,0,61,2,0,1,0,1
201600035309,16,3,18,1030,1,2,1,1,3,98,4362891,615450,830,3,2,1,0,1,3,0,0,1,5,1,99,0
201600035310,16,3,19,2110,3,1,1,1,6,137,4316538,593792,830,3,3,2,0,2,3,0,0,9,5,1,0,0
201600035311,16,3,21,755,1,2,3,1,3,137,4311377,595788,830,4,2,2,0,4,1,0,0,1,0,1,3,0
201600035312,16,3,22,1710,1,2,1,1,6,137,4312719,590311,830,4,2,3,0,1,1,0,100,1,0,1,99,0
201600035313,16,3,25,1015,1,2,1,1,3,62,4313292,604217,830,3,2,2,0,1,1,0,100,1,0,1,99,0
201600035314,16,3,29,56,5,2,1,1,6,137,4312541,589786,830,4,1,2,0,1,3,0,60,2,3,3,99,0
201600035315,16,3,29,1600,1,2,9,1,6,90,4313773,584929,830,4,1,1,0,2,1,0,40,1,0,1,99,0
201600035316,16,4,6,1620,1,1,1,1,6,90,4312872,584386,830,3,2,2,0,1,3,0,0,1,0,1,99,0
201600035317,16,4,9,200,5,2,1,1,6,137,4312365,594926,830,4,0,2,0,1,1,0,50,1,0,3,0,0
201600035318,16,4,9,1455,1,1,1,1,6,98,4310852,600967,830,4,0,2,0,1,1,15,60,1,0,1,3,0
201600035319,16,4,9,2052,5,2,6,1,3,90,4312705,587794,830,3,1,1,0,1,3,15,34,1,0,1,0,0
201600035320,16,4,10,1000,1,2,1,1,6,137,4313083,593794,830,4,2,2,0,3,1,0,80,1,0,1,99,0
201600035321,16,4,11,1235,1,2,2,1,3,137,4312097,594764,830,4,2,2,0,0,0,0,60,0,0,1,0,0
201600035322,16,4,12,1425,1,2,1,1,6,137,4312775,592230,830,4,1,4,0,1,0,0,125,1,0,1,0,0
201600035323,16,4,27,435,5,2,1,1,2,137,4312700,593202,830,4,1,2,0,1,1,0,0,1,0,1,3,1
201600035325,16,4,29,715,1,2,1,1,6,62,4312030,600708,830,4,2,1,0,1,1,0,50,1,0,0,0,0
201600035326,16,5,2,1655,1,1,1,1,6,137,4311719,598104,830,4,0,2,0,4,2,36,73,1,0,1,99,0
201600035327,16,5,3,750,1,2,2,1,3,137,4312900,590219,830,2,2,2,1,1,1,0,34,1,5,1,99,0
201600035328,16,5,4,930,1,2,1,7,3,137,4312372,596969,830,4,0,0,0,1,2,0,79,1,0,1,0,0
201600035329,16,5,9,1155,1,1,2,1,1,137,4312930,595752,830,4,0,0,0,2,1,0,0,1,0,0,0,0
201600035331,16,5,16,1825,1,1,1,1,3,144,4313975,600488,830,4,2,2,0,1,1,12,85,1,0,1,0,0
201600035332,16,5,17,1230,1,1,1,1,2,90,4313508,585502,830,2,2,2,0,2,1,0,70,1,0,1,99,0
201600035333,16,5,17,1335,1,2,9,1,6,137,4312367,594979,830,4,2,2,0,1,1,0,60,1,0,1,0,0
201600035334,16,5,20,2030,1,1,3,1,3,137,4312816,591686,830,4,1,1,0,2,1,0,40,1,0,1,0,0
201600035335,16,5,22,1200,1,2,1,1,6,137,4312835,590856,830,4,1,1,0,1,1,0,0,1,0,1,0,1
201600035336,16,5,23,1135,1,2,1,1,3,137,4314403,590661,830,4,2,2,0,2,1,0,57,1,0,1,0,0
201600035337,16,5,24,1000,1,2,1,1,1,62,4313283,601788,830,9,3,2,0,1,1,0,0,1,0,1,3,0
201600035338,16,6,1,2055,2,2,3,1,3,137,4312840,590460,830,9,2,1,0,1,1,0,113,1,0,1,0,0
201600035339,16,6,4,2010,1,1,1,1,3,137,4312750,590555,830,4,3,3,1,1,1,0,120,1,0,1,0,0
201600035340,16,6,6,1100,1,2,1,1,6,137,4313213,588200,830,4,1,0,0,2,0,0,30,1,5,1,0,0
201600035341,16,6,8,1615,1,2,4,1,3,137,4312908,592405,830,4,4,4,0,1,1,0,124,1,6,1,99,0
201600035342,16,6,9,2110,2,2,2,1,3,137,4312183,595561,830,4,1,2,0,1,1,0,50,1,0,1,99,0
201600035343,16,6,10,2020,1,1,1,1,3,98,4310933,600016,830,4,0,2,0,1,0,0,40,1,5,0,3,0
201600035344,16,6,13,2255,5,2,3,1,3,137,4312834,590931,830,4,1,0,0,1,1,0,60,1,0,0,0,0
201600035345,16,6,13,1830,1,2,3,7,3,137,4315104,596952,830,3,0,1,0,3,3,0,90,1,0,1,0,0
201600035346,16,6,15,2330,5,2,2,1,3,137,4312440,592618,830,4,2,2,0,1,1,0,0,1,0,1,0,0
201600035347,16,6,16,1620,1,2,3,8,3,137,4312587,594814,830,4,2,2,0,2,1,0,50,2,0,1,99,0
201600035348,16,6,16,2010,1,2,1,1,6,98,4310803,603083,830,3,0,1,0,1,3,10,38,1,0,1,0,0
201600035349,16,6,16,2320,5,2,1,1,3,137,4312666,589472,830,4,2,1,0,1,2,0,33,1,0,1,0,0
201600035350,16,6,20,1120,1,2,1,1,6,137,4311915,595019,830,4,0,2,0,1,1,0,80,1,5,0,99,0
201600035351,16,6,21,710,1,2,1,1,3,137,4311758,598119,830,3,3,1,0,1,1,0,0,1,5,1,99,0
201600035352,16,6,21,1544,1,2,9,1,3,137,4312888,598138,830,4,1,2,0,1,1,0,120,1,0,1,0,0
201600035353,16,6,22,1630,1,2,1,1,4,62,4313800,603083,830,4,1,1,0,1,1,0,0,1,0,1,0,0
201600035354,16,6,23,2010,1,2,1,7,3,144,4313780,601508,830,4,3,0,0,1,1,0,0,1,0,1,0,0
201600035355,16,6,26,1525,1,2,1,1,6,62,4312227,600486,830,4,2,1,0,1,1,0,50,1,6,1,99,0
201600035356,16,7,2,1050,1,1,1,1,6,90,4313408,587400,830,3,3,2,0,0,3,0,60,1,0,1,99,0
201600035357,16,7,6,2109,2,2,1,1,3,137,4312382,595289,830,3,2,2,0,1,1,0,0,1,0,1,0,0
201600035358,16,6,27,1850,1,1,1,1,3,90,4312100,589026,830,4,1,2,0,1,2,0,0,1,0,1,99,0
201600035359,16,7,8,1745,1,2,1,1,3,137,4312016,588791,830,4,3,1,0,1,1,0,124,1,0,1,0,0
201600035360,16,5,10,1630,1,2,1,1,6,137,4313845,591562,830,4,2,2,0,3,2,0,0,1,0,1,0,1
201600035361,16,7,22,1830,1,2,1,1,6,137,4311805,593569,830,4,1,1,0,1,1,0,35,1,0,0,3,0
201600035362,16,7,22,1730,1,1,1,1,3,137,4312727,597747,830,4,0,1,0,1,1,35,35,1,0,0,0,0
201600035363,16,7,24,1020,1,1,1,1,6,137,4311802,593916,830,4,2,1,0,1,1,0,0,1,0,1,3,0
201600035364,16,7,26,1035,1,2,1,1,6,137,4312820,590563,830,4,2,1,0,1,1,0,0,1,0,1,0,0
201600035365,16,7,26,2312,5,2,1,1,6,62,4313742,603761,830,4,0,1,0,1,1,0,60,1,0,0,0,0
201600035366,16,7,28,2000,1,2,1,1,6,137,4312468,593375,830,4,2,6,3,1,1,0,0,1,0,1,99,0
201600035367,16,7,29,1945,1,2,3,1,3,137,4311450,593911,830,2,1,2,0,0,0,0,0,0,0,0,0,0
201600035368,16,8,8,1010,1,2,1,1,3,137,4312822,592460,830,4,2,2,0,1,1,0,60,1,0,1,3,0
201600035369,16,8,9,1840,1,1,1,1,3,62,4310808,598405,830,4,2,2,0,1,1,0,0,1,0,1,0,0
201600035370,16,8,16,1345,1,1,1,1,7,62,4315086,603777,830,3,0,2,0,1,0,35,35,0,0,0,0,0
201600035371,16,8,3,1100,1,2,1,1,6,137,4311270,594185,830,9,2,3,0,1,1,0,80,1,0,1,99,0
201600035372,16,8,18,1715,1,1,1,1,2,137,4312808,592277,830,4,1,2,0,1,1,0,70,1,0,1,0,0
201600035373,16,8,18,2150,5,2,2,1,5,137,4312783,592233,830,4,1,2,0,1,1,0,125,1,0,1,0,0
201600035374,16,8,20,1225,1,2,3,1,6,98,4310241,603158,830,4,0,2,0,2,0,0,0,1,0,0,99,0
201600035375,16,8,21,1240,1,2,1,1,6,137,4312713,597722,830,4,2,2,0,1,1,0,70,1,0,1,0,0
201600035376,16,8,10,700,1,2,1,1,3,137,4312338,598194,830,4,0,1,0,0,0,0,50,0,0,0,0,0
201600035377,16,8,25,2030,1,2,1,1,2,144,4313865,599408,830,4,0,2,0,1,1,0,50,1,0,1,99,0
201600035378,16,8,26,1050,1,2,1,1,6,144,4313738,598258,830,4,1,1,0,2,2,0,25,1,0,1,99,0
201600035379,16,8,31,1100,1,2,1,1,3,62,4314211,603658,830,2,3,2,0,1,3,0,30,0,0,0,0,0
201600035380,16,8,31,1645,1,2,1,1,1,137,4314222,590027,830,3,2,2,0,2,3,0,50,1,0,1,0,0
201600035381,16,9,1,735,2,2,1,7,3,62,4311308,599330,830,4,2,2,0,2,1,0,30,1,0,1,99,0
201600035382,16,9,1,815,1,2,3,1,6,62,4312239,601231,830,4,2,2,0,1,3,10,90,1,0,1,3,0
201600035383,16,8,31,1000,1,2,1,1,2,137,4312680,592055,830,4,1,3,0,1,1,0,0,1,0,1,0,0
201600035384,16,9,2,1005,1,2,6,1,2,144,4313855,600226,830,4,2,2,0,1,1,0,60,1,0,1,99,0
201600035385,16,9,3,2025,5,2,1,1,3,90,4313503,584643,830,4,1,1,0,1,2,0,70,1,0,1,99,0
201600035386,16,9,6,1300,1,2,1,1,2,137,4312031,595097,830,4,1,2,0,1,2,0,60,1,0,1,0,0
201600035387,16,9,7,1545,1,2,1,1,6,137,4312305,594736,830,4,2,1,0,1,1,0,70,1,0,1,0,0
201600035388,16,9,10,1120,1,2,1,1,6,137,4311241,593371,830,4,2,1,0,1,1,0,80,1,0,1,0,0
201600035389,16,9,11,2030,5,2,3,1,3,137,4311720,598131,830,4,1,2,0,1,1,0,0,1,5,1,0,0
201600035390,16,9,12,1745,1,2,1,1,3,137,4313139,589411,830,6,0,0,0,2,2,0,60,1,0,1,99,0
201600035391,16,9,13,725,1,2,1,1,3,137,4312111,594091,830,4,1,3,0,1,3,0,100,1,5,1,0,0
201600035392,16,9,15,1655,1,2,7,1,3,137,4311916,594983,830,4,2,1,0,1,1,0,50,0,0,1,99,0
201600035393,16,9,15,1655,1,2,1,1,6,137,4311416,593951,830,4,2,2,0,1,1,20,50,1,0,1,0,0
201600035394,16,9,16,1810,1,1,1,1,4,90,4312580,587833,830,4,0,2,0,1,1,0,0,1,2,1,99,0
201600035395,16,9,16,2020,5,2,1,1,3,137,4313469,594417,830,4,2,1,0,1,1,0,50,1,0,1,99,0
201600035396,16,9,18,1130,1,2,6,1,6,98,4310878,604746,830,3,1,1,0,1,1,0,0,1,0,1,99,0
201600035397,16,9,21,720,1,2,1,1,6,137,4312597,592722,830,4,3,0,3,1,1,0,180,1,0,1,3,0
201600035398,16,9,21,1500,1,1,1,1,3,137,4310962,596780,830,4,0,2,0,1,1,0,60,1,0,1,99,0
201600035399,16,9,23,1615,1,2,1,1,6,137,4311410,593948,830,4,2,4,0,1,1,25,125,1,0,1,0,0
201600035400,16,9,23,2130,5,2,1,1,6,90,4312018,588155,830,4,2,2,0,2,3,0,50,1,0,1,0,0
201600035401,16,9,25,2030,5,1,1,1,6,103,4316568,592308,830,3,0,0,0,0,0,0,0,0,0,1,0,0
201600035402,16,9,27,1715,1,1,1,8,3,137,4311956,595136,830,4,0,1,0,1,1,0,0,2,0,1,99,0
201600035403,16,9,28,1915,2,2,3,1,3,144,4314231,598411,830,3,2,0,0,1,1,0,72,1,0,1,0,0
201600035404,16,10,1,1800,1,2,1,1,6,90,4312847,584442,830,3,3,2,0,1,1,20,40,0,0,1,99,0
201600035405,16,10,1,2025,5,2,1,1,1,137,4312853,591408,830,4,2,2,0,1,1,0,0,1,0,1,0,0
201600035406,16,10,2,205,5,2,1,1,2,137,4312605,592670,830,4,2,6,0,1,1,0,0,1,0,1,0,0
201600035407,16,10,4,655,2,2,1,1,3,137,4311026,597334,830,4,2,2,0,2,4,25,40,1,0,1,99,0
201600035408,16,10,5,1815,1,2,1,1,2,137,4313929,588545,830,4,3,2,0,2,1,0,35,1,0,1,3,0
201600035409,16,9,29,1845,1,1,1,1,6,137,4312783,590616,830,4,2,1,0,1,1,0,0,1,0,1,0,0
201600035410,16,10,7,2220,5,1,2,1,3,137,4312905,591284,830,4,0,0,0,0,0,0,0,0,0,0,0,0
201600035411,16,10,10,800,1,2,1,1,6,137,4311228,593391,830,4,2,1,0,1,1,15,50,1,5,1,99,0
201600035412,16,10,10,1445,1,2,1,1,2,137,4311869,597981,830,3,2,3,0,1,1,0,89,1,0,1,99,0
201600035413,16,10,11,1620,1,2,1,1,3,137,4312203,594019,830,4,0,5,0,1,2,0,25,1,0,1,0,0
201600035414,16,10,12,1615,1,1,1,1,3,90,4312577,583021,830,3,2,2,0,1,1,0,70,1,0,1,99,0
201600035415,16,10,11,2015,5,2,1,1,7,137,4312814,590786,830,4,2,2,0,1,1,0,140,1,0,1,0,0
201600035416,16,10,12,1745,1,2,1,8,3,137,4312099,594724,830,4,2,2,0,1,1,0,0,1,0,1,0,0
201600035417,16,10,20,905,1,2,1,1,3,137,4312606,593698,830,4,0,2,0,1,2,0,0,1,0,1,0,0
201600035418,16,10,20,1150,1,2,1,1,3,144,4313238,598771,830,4,2,1,0,2,1,0,30,1,0,1,99,0
201600035419,16,10,18,1250,1,2,1,1,3,137,4312909,598432,830,4,0,1,0,1,0,0,110,1,0,1,0,0
201600035420,16,10,20,1900,2,2,1,1,6,137,4311745,593648,830,4,2,2,0,1,1,0,0,1,0,0,3,0
201600035421,16,10,21,1550,1,2,1,1,5,62,4312709,600704,830,4,1,0,0,1,1,0,60,1,5,1,99,0
201600035422,16,10,22,300,5,2,3,1,3,137,4312820,590600,830,4,0,2,0,0,0,0,0,0,0,1,0,0
201600035423,16,10,26,1630,1,2,1,1,3,62,4314944,603722,830,3,2,2,0,1,2,0,0,1,0,1,0,0
201600035424,16,10,27,2015,1,2,1,1,1,137,4311419,598064,830,4,2,2,0,2,1,0,50,1,0,1,99,0
201600035425,16,11,3,1612,1,2,1,1,6,62,4312824,600899,830,4,0,2,0,0,0,0,0,0,0,1,0,0
201600035426,16,11,4,1500,1,1,1,1,5,137,4313405,595819,830,3,0,2,0,1,1,0,80,1,0,1,99,0
201600035427,16,11,4,1845,5,2,1,3,1,137,4312570,597284,830,4,2,2,3,1,1,0,0,2,0,1,0,0
201600035428,16,11,5,2120,5,2,1,1,6,137,4312550,593040,830,9,0,0,0,0,0,0,0,1,6,4,0,0
201600035429,16,11,9,1627,1,2,3,8,3,62,4314111,603009,830,4,2,2,0,1,1,0,120,0,0,1,0,0
201600035430,16,11,10,1600,1,2,1,1,3,62,4313620,603545,830,3,2,2,0,1,1,0,50,1,0,1,99,0
201600035431,16,11,12,1850,5,2,1,1,6,137,4312500,592884,830,4,1,1,0,2,1,0,0,1,0,1,99,0