Num_Acc,an,mois,jour,hrmn,lum,agg,int,atm,col,com,lat,long,dep,catr,circ,nbv,vosp,prof,plan,lartpc,larrout,surf,infra,situ,env1,killed
201600035432,16,11,11,1150,1,2,1,1,3,137,4312856,591139,830,4,0,1,0,0,0,0,50,0,0,0,0,0
201600035433,16,11,16,820,5,1,1,1,1,137,4315861,595583,830,3,3,2,0,0,0,0,0,0,0,1,0,0
201600035435,16,11,16,1725,5,2,1,1,6,90,4313797,584851,830,3,1,2,0,1,1,0,0,1,0,1,0,0
201600035436,16,11,10,1740,5,2,1,1,3,137,4312895,589517,830,4,2,2,1,1,1,0,30,1,0,1,0,0
201600035437,16,11,18,645,5,2,3,1,3,137,4312378,595150,830,4,1,1,0,1,1,0,0,1,0,1,99,0
201600035438,16,11,21,1300,1,2,1,3,3,137,4312643,592487,830,4,2,6,0,1,0,0,180,2,0,1,0,0
201600035439,16,11,23,1355,1,2,1,1,3,137,4313118,593201,830,4,2,3,0,2,1,0,93,1,0,1,99,0
201600035440,16,11,23,1840,5,2,1,2,6,137,4313688,590773,830,4,2,0,0,1,1,0,0,1,0,1,0,0
201600035441,16,11,26,1820,2,2,1,1,1,144,4313889,599472,830,4,2,2,0,1,1,0,130,1,0,1,99,0
201600035442,16,11,26,2235,5,2,6,1,2,137,4311773,593570,830,4,1,0,0,1,1,0,0,1,5,1,99,0
201600035443,16,11,27,1705,5,2,2,1,3,137,4312033,594886,830,4,1,4,3,1,0,0,138,1,5,1,99,0
201600035444,16,11,28,1300,1,2,1,1,3,137,4312050,594120,830,4,1,1,0,0,0,0,0,0,0,1,0,0
201600035445,16,11,28,1915,3,1,1,1,6,137,4314250,591260,830,3,1,1,0,2,1,0,51,1,6,1,3,0
201600035446,16,11,30,1850,5,2,1,1,3,144,4314433,598286,830,3,2,3,0,1,1,0,100,1,5,1,0,0
201600035447,16,12,1,2215,5,2,4,1,3,137,4312386,592787,830,4,2,1,0,1,1,0,30,1,0,1,0,0
201600035448,16,12,2,1030,1,1,1,1,6,137,4312935,596824,830,3,0,0,0,0,0,0,0,0,0,0,0,0
201600035449,16,12,2,1706,2,2,2,1,3,137,4312191,595566,830,4,4,4,1,1,1,0,0,1,2,1,99,0
201600035450,16,12,3,1145,1,2,1,1,6,137,4312399,593653,830,4,3,3,3,1,1,10,90,1,5,1,99,1
201600035451,16,12,3,1755,4,2,1,1,1,137,4312898,598240,830,4,0,4,0,1,1,0,120,1,0,1,0,0
201600035452,16,12,4,1620,1,2,1,1,3,144,4313785,601563,830,4,2,2,0,2,1,0,70,1,0,1,3,0
201600035453,16,12,10,25,5,2,2,1,3,137,4312346,594812,830,4,2,2,0,1,0,0,30,1,0,1,0,0
201600035454,16,12,13,820,1,1,1,1,6,137,4313946,588799,830,3,2,2,0,1,1,0,62,1,0,1,3,0
201600035455,16,12,18,1645,2,1,1,1,1,137,4311651,594589,830,4,2,2,0,1,1,0,80,1,0,1,0,0
201600035457,16,12,22,1210,1,2,3,1,6,137,4312816,590605,830,4,2,2,0,1,1,0,117,1,0,1,0,0
201600035458,16,12,26,1450,1,2,6,1,4,137,4312630,592550,830,4,3,4,3,1,1,0,0,1,0,1,3,0
201600035459,16,12,28,935,1,2,1,1,6,137,4310715,593643,830,4,2,2,0,1,0,0,74,1,0,1,0,0
201600035460,16,12,29,1415,1,2,1,1,6,137,4312516,593079,830,4,2,6,3,1,1,0,186,1,0,1,0,0
201600035461,16,11,2,1305,1,2,1,1,1,7,4392957,479903,840,4,2,2,0,1,1,0,0,1,0,1,99,0
201600035462,16,1,4,1455,1,2,1,1,3,7,4392661,480427,840,4,2,2,2,1,1,0,60,1,0,1,99,0
201600035463,16,10,8,856,1,2,1,1,6,11,4395822,477490,300,3,2,2,2,2,1,10,60,1,0,1,0,0
201600035464,16,1,21,1835,2,2,1,1,3,7,4395359,481185,840,4,2,2,0,1,1,30,60,1,0,1,0,0
201600035468,16,10,27,1140,1,1,3,1,3,7,4393262,487022,840,3,2,2,2,1,1,0,60,1,0,1,0,0
201600035469,16,2,17,1835,2,1,3,1,1,7,4394855,486975,840,3,2,2,0,1,1,0,69,1,0,1,0,1
201600035471,16,11,23,1020,1,2,1,1,5,7,4394842,482034,840,4,2,0,2,0,0,0,0,0,0,1,0,0
201600035473,16,12,22,725,5,2,3,1,6,7,4394385,481488,840,2,2,4,0,1,1,0,0,1,0,1,99,0
201600035474,16,1,29,720,5,2,1,1,3,351,4397038,479575,300,3,2,3,0,1,2,10,75,1,0,1,99,0
201600035475,16,12,28,1940,5,1,2,1,3,7,4393399,483156,840,2,2,4,0,1,1,0,0,1,5,1,99,0
201600035476,16,12,23,15,5,2,1,1,3,7,4393850,482268,840,2,2,2,0,1,1,0,0,1,0,1,99,0
201600035477,16,3,11,1500,1,1,1,1,2,11,4395144,475876,300,2,3,4,0,2,2,10,70,1,0,1,99,0
201600035478,16,3,6,1935,5,2,1,1,6,7,4393022,482472,840,4,3,4,0,1,2,20,100,1,0,1,0,0
201600035479,16,3,3,1050,1,2,3,1,3,7,4395293,488123,840,3,2,2,0,1,1,0,70,1,0,1,99,0
201600035480,16,4,23,1320,1,2,2,1,3,7,4392961,482030,840,4,3,4,0,1,1,35,140,1,5,1,0,0
201600035481,16,4,1,1130,1,2,1,3,6,7,4394836,484336,840,4,2,2,0,1,0,0,97,3,0,1,0,0
201600035482,16,5,4,1715,1,2,1,1,5,7,4394175,479202,840,4,2,3,0,1,1,0,70,1,0,1,99,0
201600035483,16,6,2,1200,1,2,2,1,6,7,4393363,480355,840,4,2,2,2,1,1,0,66,1,0,1,0,0
201600035484,16,6,5,2015,1,2,1,1,6,7,4393652,481836,840,4,2,2,0,1,1,30,30,1,0,3,99,0
201600035485,16,6,3,2205,3,1,1,1,6,11,4394963,476913,300,3,3,4,0,1,2,20,120,1,3,1,0,0
201600035486,16,6,9,725,1,2,2,1,3,7,4393168,480970,840,2,2,2,2,1,1,0,60,1,0,1,0,0
201600035487,16,4,20,1928,1,1,4,1,2,351,4397877,480164,300,3,2,2,0,3,1,0,25,1,0,1,0,0
201600035488,16,6,28,1220,1,2,1,1,3,351,4397659,477309,300,4,0,2,0,1,1,30,30,1,0,1,0,0
201600035489,16,6,9,110,5,2,1,1,7,7,4393358,482363,840,4,2,2,2,1,1,0,60,1,0,1,99,0
201600035490,16,7,22,605,5,2,2,2,3,7,4395036,480216,840,4,1,1,2,3,1,0,30,2,5,1,0,0
201600035491,16,8,23,628,2,2,5,1,2,7,4393222,482933,840,3,2,2,0,1,1,0,0,1,5,1,99,1
201600035492,16,6,3,1330,1,2,1,1,6,7,4394741,479980,840,2,1,2,2,1,1,0,60,1,0,1,99,0
201600035493,16,6,8,1615,1,2,5,1,3,7,4393408,483127,840,2,1,3,0,1,1,0,0,1,0,1,0,0
201600035494,16,9,6,1040,1,1,1,1,6,7,4392080,486363,840,2,3,4,0,1,1,0,57,1,0,1,99,0
201600035495,16,12,14,1400,1,2,3,1,3,351,4396966,478034,300,4,2,2,0,2,1,0,0,1,0,1,0,0
201600035497,16,9,21,1400,1,1,1,1,2,7,4391072,488330,840,2,1,2,0,1,1,0,0,1,0,1,3,0
201600035498,16,10,22,2045,5,2,1,3,6,7,4394399,481911,840,3,2,3,0,1,1,0,0,2,6,1,99,0
201600035499,16,11,16,135,3,1,1,1,6,7,4391634,482871,840,4,2,2,0,1,3,0,40,1,0,3,99,0
201600035501,16,7,6,1805,1,1,1,1,3,7,4395269,479575,840,4,2,3,0,1,1,0,0,1,0,1,99,0
201600035502,16,7,10,30,5,1,9,1,3,7,4392072,486180,840,2,1,3,0,1,1,0,0,1,3,1,99,0
201600035505,16,7,29,2010,2,2,2,1,6,7,4394386,481487,840,2,2,4,0,1,1,0,0,1,0,1,99,0
201600035506,16,12,1,1720,1,2,3,1,3,7,4393150,481697,840,4,2,2,0,1,1,0,0,1,0,0,3,0
201600035507,16,9,9,1710,1,2,3,1,1,7,4396881,482573,840,4,2,1,0,1,2,0,50,1,5,1,0,0
201600035508,16,11,4,1835,5,2,1,2,1,7,4393223,477336,840,4,2,2,0,1,2,0,50,1,0,1,99,0
201600035510,16,9,28,1735,1,2,5,1,3,7,4393218,482950,840,4,2,2,0,1,1,0,50,1,5,1,0,0
201600035511,16,11,15,1530,1,1,1,1,3,31,4407000,505000,840,3,2,0,0,1,0,0,0,1,0,1,99,0
201600035512,16,11,21,1040,1,2,1,2,6,31,4405510,504000,840,4,1,1,0,1,1,0,60,2,0,1,99,1
201600035513,16,3,9,1705,1,1,6,1,3,80,4402666,496738,840,3,1,3,0,1,0,0,120,1,5,1,99,0
201600035514,16,1,1,2010,3,1,1,1,5,80,4404475,498266,840,3,1,2,0,1,1,0,75,2,0,1,0,1
201600035515,16,5,14,1800,1,1,2,1,3,80,4401252,500925,840,3,2,2,0,1,0,0,720,1,0,1,99,0
201600035516,16,2,11,1010,1,1,3,1,3,31,4405886,506986,840,3,2,2,0,1,1,0,62,1,0,1,0,0
201600035517,16,3,31,1825,1,1,1,1,7,80,4405069,497938,840,3,2,0,0,1,1,0,62,1,0,1,0,0
201600035518,16,3,21,740,1,2,3,1,6,31,4405147,504655,840,4,1,2,0,1,1,0,0,1,0,1,0,0
201600035519,16,6,21,1205,1,1,1,1,3,80,4401020,500234,840,3,2,1,0,1,1,0,68,1,0,1,99,0
201600035520,16,6,11,1634,1,2,1,1,7,31,4403348,503253,840,4,2,1,0,3,1,11,61,1,0,1,99,0
201600035521,16,6,8,1610,1,2,1,1,6,31,4403212,503128,840,4,2,1,0,1,1,0,81,1,0,1,99,0
201600035522,16,8,20,1410,1,1,1,1,1,31,4404868,506566,840,4,2,0,0,1,1,0,49,1,0,1,99,0
201600035524,16,9,6,1340,1,2,1,1,6,31,4404907,504790,840,4,2,2,0,1,1,0,78,1,0,1,0,0
201600035525,16,7,4,1900,1,2,4,1,1,31,4405510,503321,840,4,2,0,0,1,1,0,0,1,0,1,0,0
201600035529,16,1,13,2050,3,1,1,1,2,35,4388381,499484,840,3,2,2,0,1,1,0,50,1,0,1,99,0
201600035531,16,6,9,1800,1,2,1,1,6,35,4383492,503788,840,4,2,2,0,1,1,0,50,1,0,1,99,0
201600035532,16,7,14,530,2,2,1,1,3,35,4385116,502276,840,3,2,2,0,1,2,0,50,1,0,1,3,0
201600035537,16,1,2,1740,1,2,1,2,6,87,4413494,481726,840,4,2,2,0,1,1,0,87,2,0,1,3,0
201600035538,16,1,17,1550,1,2,1,1,3,87,4412840,482070,840,2,2,2,0,1,1,0,92,1,0,1,99,0
201600035540,16,1,21,1710,1,1,2,1,3,87,4410693,482021,840,3,2,2,0,2,1,0,54,1,0,1,99,0
201600035541,16,5,9,1610,1,2,1,1,6,87,4412805,479694,840,4,2,2,0,1,1,0,90,1,0,1,3,0
201600035542,16,5,11,840,1,2,1,2,6,87,4413979,480801,840,4,2,2,0,1,1,0,64,1,0,1,99,0
201600035544,16,6,20,1720,1,2,1,1,3,87,4414309,480445,840,2,3,2,0,1,1,0,64,1,0,1,99,0
201600035545,16,6,23,1725,1,2,1,1,4,87,4411980,483409,840,2,2,3,0,2,1,0,112,1,0,1,99,0
201600035546,16,8,21,1535,1,2,1,1,3,87,4413242,481441,840,2,2,2,0,1,1,0,87,1,0,1,99,0
201600035553,16,10,26,1710,2,2,1,1,2,191,4668313,142233,850,3,0,0,0,1,2,0,45,1,5,0,0,0
201600035554,16,1,5,1040,1,2,1,1,6,191,4667293,142778,850,4,2,2,0,1,1,0,65,1,0,1,0,0
201600035555,16,11,21,815,5,2,3,1,3,191,4665831,144814,850,4,2,2,0,1,1,0,70,2,5,1,0,0
201600035556,16,12,12,800,5,1,9,9,3,191,4668231,144978,850,4,2,2,0,1,1,0,70,2,0,1,99,0
201600035557,16,1,24,1125,1,2,1,1,6,191,4666549,144797,850,3,2,2,0,1,1,0,55,0,0,1,0,0
201600035558,16,1,16,1345,1,1,1,1,6,191,4662625,137570,850,3,0,1,0,1,1,0,68,1,0,0,0,0
201600035559,16,2,17,1600,1,2,1,1,6,191,4666895,143378,850,4,0,1,0,1,1,0,65,1,0,1,0,0
201600035560,16,3,5,1540,1,2,3,1,7,191,4641035,126237,850,4,0,1,0,1,1,0,0,1,0,1,0,0
201600035561,16,3,3,1155,1,2,1,1,2,191,4666613,144514,850,4,4,2,3,1,1,0,100,1,5,1,3,1
201600035562,16,4,13,1600,1,2,1,1,6,191,4666918,143003,850,4,1,1,0,1,1,0,0,1,0,1,0,0
201600035563,16,5,3,753,1,2,1,1,6,191,4667289,143194,850,4,1,1,0,1,1,0,70,1,0,1,0,0
201600035564,16,5,6,1715,1,2,6,1,6,191,4667041,140740,850,4,2,0,0,1,1,0,55,1,5,1,0,0
201600035565,16,8,3,355,5,2,7,1,3,191,4666980,142756,850,4,1,1,0,1,1,0,35,1,6,1,3,0
201600035566,16,9,4,2130,3,1,1,1,1,191,4669819,144210,850,3,2,2,0,1,1,0,45,1,0,1,0,0
201600035567,16,9,18,1955,1,1,1,1,6,191,4668032,144050,850,4,2,0,0,1,1,0,62,1,0,1,0,0
201600035568,16,9,15,755,2,1,3,1,5,191,4666239,138247,850,3,4,1,0,1,1,0,81,1,0,1,3,0
201600035569,16,9,20,1740,1,2,1,1,6,191,4666669,143111,850,4,0,1,0,1,1,0,0,1,0,1,3,0
201600035570,16,9,23,1345,1,2,1,1,2,191,4668076,143331,850,3,2,0,0,2,1,0,0,1,0,1,99,0
201600035571,16,10,27,1230,1,2,1,7,1,191,4666068,140187,850,3,0,2,0,3,1,0,101,1,0,1,3,0
201600035572,16,10,10,1700,1,2,3,1,6,191,4666712,143050,850,3,2,3,0,2,1,0,200,1,0,1,99,0
201600035573,16,11,4,750,2,2,2,1,3,191,4665891,143442,850,4,2,2,0,1,1,0,0,1,0,1,3,0
201600035574,16,10,31,1330,1,2,6,1,3,191,4669027,142908,850,3,1,0,0,1,3,0,150,1,0,1,99,0
201600035575,16,12,22,2235,5,2,2,1,3,60,4649955,176850,850,4,2,2,0,1,1,0,0,1,0,1,99,0
201600035576,16,11,2,1700,2,2,3,1,1,194,4649600,180893,850,4,2,2,0,0,0,0,0,1,0,1,0,0
201600035577,16,10,5,1545,1,2,1,1,7,194,4650259,179958,850,6,0,0,3,1,1,0,0,1,0,4,0,0
201600035578,16,1,7,1805,5,2,6,2,3,60,4649969,175649,850,4,1,1,1,1,3,0,0,2,5,1,99,0
201600035579,16,11,4,1525,1,2,1,1,6,194,4649096,177389,850,4,1,1,0,1,1,0,0,1,0,1,99,0
201600035580,16,1,20,735,5,2,4,1,6,194,4650290,177792,850,3,2,2,2,1,1,0,0,1,0,1,3,0
201600035581,16,11,21,1630,1,1,1,1,6,166,4651907,175730,850,4,2,2,0,1,1,0,0,1,0,1,99,0
201600035582,16,1,8,1630,1,1,2,1,3,166,4652569,173843,850,3,2,2,0,1,1,0,0,2,0,1,99,0
201600035583,16,1,27,1450,1,2,6,1,3,60,4649017,173935,850,4,2,2,0,1,1,0,0,1,0,0,3,0
201600035584,16,1,14,1800,5,2,2,1,3,194,4650690,177736,850,3,4,2,0,1,1,0,0,1,5,1,3,0
201600035585,16,3,26,1350,1,1,1,1,3,194,4649781,177712,850,3,3,4,0,2,1,0,0,1,5,1,3,0
201600035586,16,3,5,1635,1,2,1,1,7,194,4650084,178563,850,4,2,2,0,1,0,0,0,1,0,1,99,0
201600035587,16,4,23,1545,1,2,3,1,6,166,4652428,177501,850,3,2,2,0,1,1,0,0,1,0,1,99,0
201600035588,16,1,22,1945,5,2,2,2,7,194,4649325,176220,850,4,2,2,0,1,1,0,0,2,0,1,99,0
201600035589,16,2,19,2030,3,1,1,2,6,60,4651443,171621,850,3,3,2,0,1,2,0,0,2,0,1,99,0
201600035590,16,5,10,1535,1,2,6,1,3,166,4651442,178993,850,3,3,4,2,1,0,0,0,1,5,1,99,0
201600035591,16,5,14,1620,1,2,1,1,2,60,4651079,170308,850,3,2,2,0,1,1,0,0,1,0,1,99,0
201600035592,16,4,12,2035,1,2,1,1,6,166,4651578,176458,850,3,0,0,0,1,2,0,0,1,0,0,99,1
201600035593,16,3,16,1555,1,2,6,1,6,194,4650525,178765,850,4,2,0,0,1,1,0,0,1,0,1,99,0
201600035594,16,5,14,1625,1,2,1,1,6,166,4651380,177681,850,6,0,0,0,1,1,0,0,1,0,1,0,0
201600035595,16,5,4,610,5,2,6,1,3,194,4650517,178949,850,3,1,2,0,1,2,0,0,1,0,1,99,0
201600035596,16,4,18,800,1,1,1,1,3,60,4648528,170573,850,3,3,2,0,1,1,0,0,1,0,1,0,0
201600035597,16,5,15,2250,5,2,1,1,6,194,4649783,177945,850,4,1,1,0,1,1,0,0,1,0,1,0,0
201600035598,16,6,7,1125,1,2,3,1,6,194,4649742,178423,850,4,1,0,0,1,2,0,0,1,0,1,3,0
201600035599,16,6,17,1045,1,2,1,1,2,60,4649077,174969,850,4,2,2,2,0,0,0,0,0,0,1,0,1
201600035600,16,5,26,100,5,2,1,1,6,60,4650068,175120,850,4,1,1,0,1,2,0,0,1,0,1,99,0
201600035601,16,6,15,2000,1,2,9,1,3,166,4651380,177876,850,4,2,2,0,1,1,0,0,1,0,1,99,0
201600035602,16,8,12,1800,1,2,1,1,6,194,4649803,177853,850,4,1,1,2,1,1,0,0,1,0,1,3,0
201600035603,16,7,28,2345,5,2,1,1,6,194,4649776,178398,850,4,2,2,0,2,2,0,0,1,0,1,99,0
201600035604,16,7,18,110,3,1,1,1,6,166,4658711,182879,850,3,4,2,0,1,3,0,0,1,0,1,99,0
201600035605,16,7,18,1410,1,2,6,1,6,194,4649045,177275,850,3,2,2,0,1,1,0,0,1,0,5,99,0
201600035606,16,9,11,1835,1,2,1,1,1,166,4650941,176877,850,3,2,2,2,1,1,0,0,1,0,1,99,0
201600035607,16,9,14,1245,1,2,1,1,6,194,4650319,178476,850,4,2,2,0,1,1,0,0,1,0,1,99,0
201600035608,16,9,30,2225,5,1,1,2,6,166,4654261,179869,850,3,2,2,0,1,1,0,0,2,0,1,99,0
201600035609,16,7,22,2340,5,2,1,1,6,194,4649223,177381,850,3,2,2,0,1,1,0,0,1,0,1,99,0
201600035610,16,7,5,1050,1,2,1,1,6,194,4649967,177997,850,4,4,3,0,1,1,0,0,1,5,1,99,0
201600035611,16,8,24,1120,1,2,1,1,6,194,4649875,178334,850,4,3,2,3,1,1,0,0,1,0,1,99,0
201600035612,16,9,3,2230,3,1,1,1,6,60,4651202,169499,850,3,2,2,0,1,1,0,0,1,0,1,99,0
201600035613,16,9,12,1645,1,1,6,1,6,166,4651732,174819,850,3,3,4,0,0,0,0,0,0,0,0,0,0
201600035614,16,10,5,1200,1,2,6,1,3,166,4651942,176519,850,4,2,2,0,1,2,0,0,1,5,1,3,0
201600035615,16,10,18,900,1,2,1,1,1,60,4649152,174977,850,4,2,2,0,1,1,0,0,1,0,1,99,1
201600035616,16,11,13,1510,1,2,1,1,6,194,4649617,179632,850,4,2,2,0,1,1,0,0,1,0,1,99,0
201600035617,16,10,21,2105,3,1,1,1,5,60,4650425,175873,850,4,2,2,0,1,3,0,0,1,0,1,99,0
201600035618,16,10,30,1730,2,2,6,1,6,194,4650527,179035,850,4,0,0,0,1,1,0,0,1,5,0,99,0
201600035619,16,11,4,1530,1,2,6,1,6,166,4653010,179376,850,3,2,2,0,1,3,0,0,1,5,1,99,0
201600035620,16,11,11,1930,3,1,1,1,6,60,4648240,171952,850,4,2,2,0,4,1,0,0,1,0,1,99,0
201600035621,16,11,4,1835,5,2,2,2,1,166,4650941,176877,850,3,2,2,0,1,1,0,0,2,5,1,99,0
201600035622,16,11,23,500,3,1,9,2,6,166,4652791,173550,850,3,3,4,0,1,1,0,0,2,3,1,99,0
201600035623,16,1,7,1200,1,2,1,1,6,66,4682103,54537,860,4,2,2,0,1,1,0,0,2,0,1,3,0
201600035624,16,1,13,815,3,1,1,1,7,66,4684408,53448,860,3,2,2,0,1,1,0,0,1,0,1,99,0
201600035625,16,1,26,600,3,1,1,1,7,66,4681857,56698,860,3,2,2,0,2,4,0,0,1,0,1,99,0
201600035626,16,12,30,2240,5,2,1,1,3,66,4681830,53154,860,4,2,2,0,1,1,0,0,1,0,1,3,0
201600035628,16,2,3,1500,1,2,1,1,4,66,4683635,55368,860,3,2,4,0,2,1,0,0,1,0,1,99,0
201600035629,16,2,11,1405,1,1,1,1,6,66,4681807,56689,860,3,2,2,0,2,2,0,0,1,0,3,99,0
201600035630,16,2,18,1550,1,2,1,2,7,66,4680812,54315,860,3,2,2,0,1,1,0,0,2,0,1,99,0
201600035631,16,3,12,950,1,1,1,1,6,66,4682006,58154,860,3,2,2,0,1,3,0,0,1,0,1,99,0
201600035632,16,3,15,1220,1,2,2,1,6,66,4681579,53472,860,4,1,1,0,1,1,0,0,1,0,0,99,0
201600035633,16,3,17,1830,1,1,1,1,3,66,4678643,54750,860,3,1,2,0,1,2,0,0,1,0,1,99,0
201600035634,16,3,26,1720,1,2,1,1,1,66,4679720,53160,860,6,0,0,0,1,1,0,0,1,0,1,99,0
201600035635,16,4,3,1515,1,2,1,1,6,66,4682458,52968,860,3,3,4,0,1,1,0,0,1,0,1,99,0
201600035636,16,4,5,1430,1,2,1,1,6,66,4681460,53410,860,4,1,1,0,1,1,0,0,1,0,1,99,0
201600035637,16,4,6,930,1,2,2,1,3,66,4683313,53446,860,4,2,2,0,1,1,0,0,1,0,1,99,0
201600035638,16,4,8,1525,1,2,1,1,2,66,4683660,53602,860,3,2,3,0,1,1,0,0,1,2,1,99,0
201600035639,16,4,12,1425,1,2,1,1,2,66,4681811,55346,860,3,2,2,1,2,1,0,0,1,0,1,99,0
201600035640,16,4,19,1735,1,1,1,1,5,66,4680429,59927,860,3,2,2,0,2,3,0,0,1,0,1,99,0
201600035641,16,4,20,2310,5,2,3,1,6,66,4682684,55272,860,4,2,2,0,1,3,0,0,1,0,4,3,0
201600035642,16,5,11,735,1,1,1,1,4,66,4682246,54452,860,3,2,2,1,2,1,0,0,1,0,1,3,0
201600035643,16,5,13,1700,1,2,6,2,3,66,4680219,54557,860,3,2,2,1,2,1,0,0,2,5,0,3,0
201600035644,16,5,25,1137,1,2,1,1,2,66,4678341,52721,860,3,2,2,0,1,1,0,0,1,2,1,99,0
201600035645,16,6,2,1140,1,2,1,2,6,66,4681346,53949,860,4,2,2,0,1,1,0,0,2,0,1,99,0
201600035646,16,6,6,1220,1,2,1,1,6,66,4681772,54600,860,4,1,1,0,1,1,0,0,1,0,1,99,0
201600035647,16,6,15,1510,1,1,1,2,4,66,4682030,55510,860,3,2,2,1,1,1,0,0,2,0,1,99,0
201600035648,16,6,20,1505,1,2,1,1,1,66,4679955,53715,860,3,2,2,1,2,3,0,0,1,2,5,99,0
201600035649,16,6,22,1505,1,2,6,1,1,66,4680225,54563,860,3,2,2,0,0,0,0,0,0,0,1,0,0
201600035650,16,6,27,1805,1,2,2,2,3,66,4680490,51768,860,3,2,2,0,2,1,0,0,1,0,1,99,0
201600035651,16,6,30,530,3,2,1,1,6,66,4681982,55450,860,4,2,2,0,1,1,0,0,1,0,1,99,0
201600035652,16,7,8,1810,1,2,3,1,3,66,4679982,53009,860,4,2,2,0,1,1,0,0,1,0,1,99,0
201600035653,16,8,3,1713,1,2,3,1,1,66,4682194,54423,860,3,2,2,1,1,1,0,0,1,0,1,99,0
201600035654,16,8,10,1545,1,1,1,1,3,66,4682077,58559,860,3,2,2,0,1,1,0,0,1,0,1,99,0
201600035655,16,8,18,710,1,1,1,3,7,66,4680992,58109,860,3,2,2,0,1,1,0,0,2,0,3,99,0
201600035656,16,8,21,1524,1,2,2,1,1,66,4680098,53981,860,3,2,2,1,1,1,0,0,1,5,1,99,0
201600035657,16,8,22,927,1,2,1,1,2,66,4681967,51787,860,3,2,2,0,2,1,0,0,1,0,1,99,0
201600035658,16,9,16,925,1,2,1,1,6,66,4681645,54313,860,4,2,2,0,1,0,0,0,1,0,1,0,0
201600035659,16,9,21,840,1,2,1,1,6,66,4681449,53458,860,4,1,1,0,1,1,0,0,1,0,1,3,0
201600035660,16,9,25,2025,5,2,1,1,6,66,4682215,52979,860,3,2,4,0,1,1,0,0,1,0,1,99,0
201600035661,16,10,8,1930,2,2,1,1,7,66,4678954,53723,860,4,2,2,0,1,3,0,0,1,0,1,99,0
201600035662,16,10,10,1215,1,2,1,1,1,66,4679876,53133,860,4,2,2,0,1,2,0,0,1,0,1,0,0
201600035663,16,10,12,930,1,2,3,1,3,66,4681505,54736,860,4,2,2,0,2,1,0,0,1,0,1,99,0
201600035664,16,10,13,1738,1,2,1,2,6,66,4681361,53252,860,4,2,2,0,1,1,0,0,2,0,1,99,0
201600035665,16,10,13,1743,1,2,1,2,7,66,4681345,56922,860,3,1,2,0,2,3,0,0,2,0,1,99,0
201600035666,16,10,21,1815,2,2,1,1,6,66,4681687,53794,860,4,1,1,0,1,3,0,0,1,0,1,99,0
201600035667,16,10,26,749,5,2,1,1,6,66,4681874,54885,860,4,2,2,0,1,1,0,0,1,1,1,0,0
201600035668,16,10,27,758,3,1,2,5,3,66,4681167,57362,860,3,2,2,0,1,1,0,0,2,0,1,0,0
201600035669,16,10,29,1125,1,2,1,1,6,66,4681838,52524,860,5,2,2,0,1,1,0,0,1,0,0,99,0
201600035670,16,10,29,1235,1,2,6,1,5,66,4680065,52761,860,3,2,2,1,1,2,0,0,1,5,1,99,0
201600035671,16,10,30,1805,2,2,2,1,3,66,4681481,53365,860,4,2,2,0,1,1,0,0,1,0,1,99,0
201600035672,16,11,4,1139,1,2,3,1,3,66,4682286,55777,860,3,2,2,1,1,1,0,0,1,0,1,99,0
201600035673,16,11,14,902,1,2,1,1,6,66,4681954,51156,860,3,2,2,0,1,1,0,0,1,0,1,0,0
201600035674,16,11,29,1038,1,2,3,7,6,66,4682651,56251,860,3,1,1,0,2,1,0,0,1,3,1,99,0
201600035675,16,11,30,1258,1,2,1,1,3,66,4681310,54069,860,4,1,1,0,1,1,0,0,1,0,1,99,0
201600035676,16,12,2,931,1,2,1,1,6,66,4681495,54740,860,4,2,2,0,1,1,0,0,1,0,4,99,0
201600035677,16,12,2,1000,1,2,1,1,3,66,4684856,54751,860,4,2,2,0,1,1,0,0,1,0,1,99,0
201600035678,16,12,5,824,3,2,6,8,1,66,4679884,56154,860,3,1,1,0,1,2,0,0,1,0,1,99,0
201600035679,16,12,7,856,3,2,1,1,4,66,4680726,56598,860,3,2,2,0,1,1,0,0,1,5,1,99,0
201600035680,16,12,7,1019,1,2,2,1,3,66,4679808,53457,860,3,2,4,0,0,0,0,0,0,0,1,0,0
201600035681,16,12,11,31,3,2,2,2,3,66,4681800,52800,860,3,2,5,0,1,1,0,0,2,5,1,0,0
201600035682,16,12,12,731,5,2,3,2,5,66,4682194,52985,860,3,2,4,0,1,1,0,0,2,0,1,99,0
201600035683,16,12,22,2000,5,2,1,1,1,66,4683692,53967,860,3,2,3,0,1,1,0,0,2,5,1,99,0
201600035684,16,12,23,1600,1,2,6,1,6,66,4678610,54667,860,3,1,1,0,1,3,0,0,1,5,1,0,0
201600035686,16,1,1,435,5,2,1,5,2,194,4658511,35088,860,4,2,2,0,1,1,24,70,2,0,1,0,0
201600035687,16,1,3,605,3,1,1,2,6,194,4658305,41725,860,3,2,2,0,2,3,0,70,2,0,1,0,0
201600035688,16,1,5,1810,3,1,3,3,4,214,4654554,38703,860,3,2,2,0,1,1,0,70,2,0,1,99,0
201600035689,16,1,6,1015,1,2,3,1,6,194,4658990,35210,860,3,3,4,0,1,1,80,220,1,0,1,99,0
201600035690,16,1,7,1925,3,1,1,1,1,157,4656941,39888,860,2,3,4,0,1,1,0,140,1,0,1,99,0
201600035691,16,1,9,722,4,2,1,1,6,194,4658327,32999,860,4,2,2,0,3,2,0,94,1,0,4,99,0
201600035692,16,1,9,1620,1,2,1,1,4,194,4655390,30617,860,3,2,6,0,1,1,0,210,1,0,1,0,0