Num_Acc,an,mois,jour,hrmn,lum,agg,int,atm,col,com,lat,long,dep,catr,circ,nbv,vosp,prof,plan,lartpc,larrout,surf,infra,situ,env1,killed
201600035693,16,1,11,1600,1,2,2,1,4,194,4660270,32684,860,3,3,4,0,1,1,0,140,2,0,1,99,0
201600035694,16,1,14,915,1,2,2,2,3,194,4658030,34726,860,4,2,2,0,2,1,0,60,2,0,1,0,0
201600035695,16,1,18,2030,5,2,1,2,2,194,4658494,38163,860,4,2,2,0,1,1,0,70,2,0,1,0,0
201600035696,16,1,23,1630,1,2,1,1,6,214,4655489,32700,860,4,2,2,0,1,2,0,70,1,0,4,99,0
201600035697,16,1,29,2140,5,2,3,1,3,194,4657653,34524,860,4,2,2,2,1,1,0,140,1,0,1,3,0
201600035698,16,2,3,1045,1,2,3,1,3,194,4658800,36337,860,3,0,4,2,1,1,60,200,1,0,1,3,0
201600035699,16,2,4,2055,5,2,1,1,3,194,4656273,31632,860,4,2,2,2,1,1,18,64,1,0,1,0,0
201600035700,16,2,5,1710,1,1,6,1,3,194,4661366,34882,860,3,2,2,0,1,2,0,0,1,5,1,99,0
201600035701,16,2,5,1900,5,2,2,1,3,194,4656710,35987,860,4,3,2,2,1,1,20,120,1,5,1,99,0
201600035702,16,2,7,2140,5,2,2,1,3,194,4658558,36611,860,3,3,4,2,1,1,0,140,1,0,1,0,0
201600035704,16,2,12,600,3,2,1,3,6,157,4656735,38992,860,4,2,2,0,1,1,0,120,2,0,1,0,0
201600035705,16,2,12,1555,1,2,3,2,2,194,4659041,36086,860,4,2,2,2,1,1,0,70,2,0,1,0,0
201600035706,16,2,12,1825,2,2,1,2,6,194,4657808,32777,860,4,2,1,0,2,1,0,68,2,0,1,99,0
201600035708,16,2,15,1900,5,2,1,1,6,194,4659033,38665,860,4,2,2,0,3,2,0,70,0,0,1,0,0
201600035709,16,2,16,1905,5,2,1,1,6,194,4656812,38666,860,4,2,2,2,1,1,0,140,1,0,1,3,0
201600035710,16,2,16,2000,1,2,2,1,3,194,4659761,32666,860,4,2,2,0,1,1,0,100,1,5,1,99,0
201600035711,16,2,17,2015,3,2,1,1,6,214,4654711,34120,860,4,2,2,0,3,2,0,70,1,0,3,99,0
201600035712,16,2,19,1120,1,2,1,1,2,194,4656947,32252,860,4,2,2,2,1,1,0,70,1,0,1,0,0
201600035713,16,2,19,1910,5,2,1,2,1,194,4656069,38652,860,4,2,2,0,1,1,0,70,2,0,1,0,0
201600035714,16,2,22,1200,1,2,2,1,1,194,4658572,36622,860,3,3,6,0,1,1,50,250,1,5,1,0,0
201600035715,16,2,24,1410,1,2,1,2,2,194,4661236,34275,860,4,2,2,0,1,1,0,70,2,0,1,99,0
201600035716,16,2,25,1150,1,2,2,1,6,194,4659313,34825,860,4,2,2,0,2,1,0,70,1,0,1,99,0
201600035717,16,2,27,2215,3,2,1,1,2,157,4654197,41705,860,2,2,2,0,1,1,0,70,1,0,1,99,0
201600035718,16,2,26,1400,1,2,1,1,2,194,4658722,33977,860,4,3,4,2,1,1,0,140,1,0,1,99,0
201600035719,16,2,28,2105,1,2,1,1,6,194,4658402,36330,860,4,2,2,0,3,1,0,60,1,0,1,0,0
201600035720,16,2,27,220,5,2,1,1,6,194,4659011,36561,860,4,2,1,1,1,3,0,60,1,0,1,3,0
201600035721,16,2,29,1700,1,2,2,1,6,194,4657211,37033,860,3,3,6,3,1,1,60,270,1,5,1,99,0
201600035722,16,2,29,1400,1,2,1,1,2,194,4657500,35486,860,4,2,2,0,2,1,0,70,1,0,1,99,0
201600035723,16,3,1,1120,1,2,1,1,7,158,4663786,30227,860,3,2,2,0,1,1,0,70,1,0,1,0,0
201600035724,16,3,2,745,1,2,1,2,3,194,4660519,34461,860,4,2,2,0,1,1,0,80,2,0,1,0,0
201600035725,16,3,4,705,3,1,1,3,6,41,4661461,37177,860,2,3,4,0,1,1,10,150,2,0,1,99,0
201600035726,16,3,4,800,2,2,7,2,6,194,4658952,35655,860,6,0,0,0,1,1,0,0,2,0,1,0,0
201600035727,16,3,4,2125,5,2,4,8,3,194,4659188,35050,860,3,2,4,0,1,1,0,60,2,0,0,0,0
201600035728,16,3,5,1050,1,2,3,8,6,194,4658736,33022,860,4,2,2,0,1,1,0,70,2,0,1,99,0
201600035729,16,3,5,1445,1,2,3,1,3,194,4658550,33316,860,4,2,2,1,1,1,0,100,1,0,1,99,0
201600035730,16,3,5,1240,1,1,1,1,6,157,4656410,39920,860,3,1,2,0,1,3,0,70,1,2,1,99,0
201600035731,16,3,5,2020,5,2,2,1,3,214,4656290,34400,860,3,3,5,0,3,1,0,0,1,5,1,99,0
201600035732,16,3,7,1310,1,2,1,1,6,194,4656830,38580,860,4,3,2,2,1,1,0,140,1,0,1,0,0
201600035733,16,3,7,1515,1,2,1,1,1,194,4655322,30969,860,3,2,5,0,1,1,0,240,1,0,1,3,0
201600035734,16,3,7,2115,5,2,3,1,1,194,4657783,33119,860,4,2,3,3,2,1,0,100,1,5,1,99,0
201600035735,16,3,9,920,1,2,2,1,2,194,4655425,30694,860,3,2,4,0,1,1,0,140,2,5,1,99,0
201600035736,16,3,18,1135,1,2,2,1,3,194,4659261,32870,860,4,2,2,0,1,1,0,60,1,0,0,0,0
201600035737,16,3,22,215,3,1,1,1,1,158,4663297,29008,860,2,2,2,0,1,2,0,70,1,0,1,99,0
201600035738,16,3,23,950,1,2,3,1,2,214,4656416,35216,860,3,3,4,0,1,0,0,140,1,0,1,99,0
201600035739,16,3,23,1750,1,2,1,1,5,194,4657541,32938,860,4,2,3,3,3,1,0,90,1,0,1,99,0
201600035740,16,3,23,1720,1,2,3,1,3,214,4654994,33905,860,4,2,2,0,1,2,0,90,1,0,1,99,0
201600035741,16,3,24,1405,2,2,1,1,6,194,4657638,35316,860,4,2,2,0,1,1,0,70,1,0,1,99,0
201600035742,16,3,24,825,1,2,1,1,5,214,4655783,36911,860,3,2,2,0,3,1,0,60,1,0,0,0,0
201600035743,16,3,29,1415,1,1,1,1,3,157,4654580,42763,860,3,2,2,0,1,1,0,70,1,0,1,99,0
201600035744,16,3,30,2210,5,2,1,1,6,194,4658780,38066,860,4,2,2,0,1,1,0,70,1,0,1,0,0
201600035745,16,4,2,1915,1,2,2,1,1,194,4658210,36860,860,4,2,2,0,2,1,0,90,1,0,1,3,0
201600035746,16,4,6,1240,1,2,2,1,1,194,4657797,35102,860,4,3,4,0,1,1,0,140,1,5,1,99,0
201600035747,16,4,7,1015,1,1,1,1,3,194,4657613,37500,860,4,3,2,0,1,1,0,30,1,0,1,0,0
201600035748,16,4,7,945,1,2,3,1,3,194,4657955,34897,860,4,2,2,0,2,1,0,0,1,0,1,99,0
201600035749,16,4,11,1755,1,2,3,1,1,214,4655569,37119,860,3,2,2,0,1,1,0,70,1,0,1,0,0
201600035750,16,4,14,2235,5,2,1,2,6,194,4655227,30441,860,4,2,5,0,1,1,0,175,2,0,1,99,1
201600035751,16,4,17,1450,1,2,1,1,3,194,4658308,33477,860,4,2,4,0,1,1,0,130,1,1,1,99,0
201600035752,16,4,18,1435,1,2,1,1,6,194,4657713,35361,860,4,2,2,2,2,3,0,74,1,0,1,3,0
201600035753,16,4,21,1410,1,2,2,1,3,194,4655647,30416,860,3,3,4,0,1,1,9,152,1,5,1,99,0
201600035754,16,4,24,310,4,1,1,1,6,158,4661936,33397,860,2,3,4,0,1,1,10,140,1,0,1,99,0
201600035755,16,4,23,1800,1,2,1,2,4,194,4657391,33413,860,4,2,2,0,1,1,0,70,2,0,1,99,0
201600035756,16,4,26,745,1,2,1,1,2,194,4657730,34836,860,4,2,2,0,1,1,0,70,1,0,1,99,0
201600035758,16,5,2,1750,1,2,1,1,6,194,4657847,33163,860,4,2,4,3,1,1,0,128,1,0,1,99,0
201600035759,16,5,5,215,3,2,1,1,1,41,4660370,37820,860,4,2,2,0,1,1,0,60,1,0,1,99,0
201600035760,16,5,7,750,1,2,2,1,3,214,4656497,35669,860,3,3,4,3,1,1,30,240,1,5,1,99,0
201600035761,16,5,10,1810,1,1,1,1,6,194,4658333,41727,860,3,2,2,0,2,3,0,70,1,0,1,99,0
201600035763,16,5,12,1730,1,2,1,2,6,194,4657280,33941,860,4,2,2,0,1,1,0,70,2,0,1,99,0
201600035764,16,5,12,2230,3,1,1,3,6,214,4655327,35236,860,3,2,2,0,2,2,0,70,2,0,1,99,0
201600035765,16,5,15,1600,1,2,2,1,7,194,4658949,35720,860,3,3,6,3,1,1,40,220,1,5,1,3,0
201600035766,16,5,15,2245,5,2,1,1,6,194,4658941,35719,860,4,1,1,0,1,1,0,60,1,0,1,99,0
201600035767,16,5,19,1645,1,2,2,1,2,194,4634545,22050,860,3,3,5,3,1,1,0,160,1,5,1,3,0
201600035768,16,5,20,1550,1,2,1,1,2,194,4657540,32890,860,4,2,3,3,3,1,0,100,1,0,1,99,0
201600035769,16,5,20,1935,1,1,1,1,1,133,4631481,19159,860,3,2,2,0,2,4,0,70,1,0,1,99,0
201600035770,16,5,21,1735,1,2,1,1,3,194,4658370,33600,860,4,2,2,2,1,1,0,70,1,0,4,99,0
201600035771,16,5,21,1140,1,1,2,1,2,194,4659960,32140,860,3,0,4,0,1,1,0,160,1,0,1,99,0
201600035772,16,5,26,810,1,2,1,1,1,194,4657720,32550,860,4,2,2,0,3,1,0,70,1,0,1,99,0
201600035773,16,5,26,2320,5,2,2,1,3,194,4656730,36580,860,3,2,4,2,0,0,0,140,0,0,1,0,0
201600035774,16,5,27,2210,5,2,1,1,6,194,4656640,33790,860,4,2,2,0,1,1,0,70,1,0,1,99,0
201600035775,16,5,28,830,1,1,3,1,3,214,4655920,35020,860,3,2,2,0,2,4,0,70,2,0,1,99,0
201600035776,16,6,1,810,1,2,3,2,6,158,4661600,31160,860,4,2,2,0,1,1,0,70,2,0,1,99,0
201600035777,16,6,4,1500,1,2,1,1,6,194,4657920,35200,860,4,2,2,2,0,3,0,70,0,0,1,99,0
201600035778,16,6,5,1100,1,2,1,1,1,27,4658010,28230,860,4,2,2,0,2,3,0,54,1,0,1,99,0
201600035779,16,6,7,1630,1,2,1,1,6,194,4656700,35920,860,6,0,0,0,1,1,0,0,1,0,1,99,0
201600035780,16,6,8,1210,1,2,1,1,1,194,4658300,33060,860,4,2,2,0,2,2,0,70,1,0,1,99,0
201600035781,16,6,9,1740,1,2,1,1,6,194,4659160,34030,860,4,0,3,0,1,1,0,100,1,2,1,99,0
201600035782,16,6,13,1340,1,2,1,2,1,158,4663170,32160,860,4,2,2,0,2,2,0,70,2,0,1,0,0
201600035783,16,6,13,1000,1,2,1,1,1,194,4656430,31360,860,4,2,2,0,1,1,0,0,2,0,1,99,0
201600035784,16,6,13,1750,1,2,2,2,6,194,4658690,34250,860,4,1,1,0,1,0,0,50,2,0,1,0,0
201600035785,16,6,14,615,2,2,3,1,3,194,4656290,31060,860,4,2,2,0,1,1,0,70,1,0,1,0,0
201600035786,16,6,16,1445,1,2,1,3,4,194,4656110,37850,860,4,2,2,0,1,1,0,70,2,0,1,3,0
201600035787,16,6,20,1030,1,2,1,1,6,194,4657620,37350,860,4,3,4,3,1,1,40,180,1,0,1,99,0
201600035789,16,6,23,810,1,1,2,1,3,158,4662041,32075,860,4,2,2,0,1,1,0,70,1,0,1,0,0
201600035790,16,6,23,1920,1,2,1,1,1,41,4659660,34380,860,4,2,2,0,2,1,0,70,1,0,1,99,0
201600035791,16,6,27,2140,2,2,2,1,1,194,4655640,30420,860,3,3,4,0,1,1,8,148,1,5,1,99,0
201600035792,16,6,29,1750,1,2,3,1,3,194,4657250,32740,860,4,3,4,3,1,1,0,140,1,0,1,99,0
201600035793,16,6,29,1800,1,2,3,1,2,194,4657250,32740,860,4,3,2,2,1,1,0,140,1,0,1,99,0
201600035794,16,7,2,900,1,2,2,1,3,194,4659050,34358,860,4,2,4,0,1,1,10,140,1,5,1,99,0
201600035795,16,7,2,1745,1,2,2,1,3,194,4659961,32136,860,3,4,2,0,1,1,0,0,1,5,1,0,0
201600035796,16,7,3,2310,5,2,1,1,7,194,4656433,31369,860,4,2,2,0,1,1,0,70,1,0,1,99,0
201600035797,16,7,4,1500,1,2,2,1,6,194,4658244,36491,860,3,3,6,3,1,1,60,260,1,5,1,3,0
201600035798,16,7,4,1700,1,1,1,1,6,157,4652541,44394,860,2,2,2,0,1,1,0,70,1,0,1,99,0
201600035799,16,7,8,400,5,2,1,1,6,194,4656625,31897,860,4,2,2,2,1,1,25,107,1,0,1,99,0
201600035800,16,7,10,1545,1,1,1,1,4,157,4654861,40602,860,2,2,2,0,1,1,0,0,1,0,1,99,0
201600035801,16,7,11,15,5,2,6,1,6,194,4657261,35872,860,4,2,0,0,1,1,0,70,1,0,1,99,0
201600035802,16,7,11,1550,1,2,1,1,4,194,4656644,35701,860,4,2,2,0,1,1,0,80,1,0,1,99,0
201600035803,16,7,11,1645,1,2,3,1,6,194,4656722,35968,860,4,2,2,2,1,1,0,80,1,0,1,99,0
201600035804,16,7,13,835,1,2,2,1,6,194,4657819,35091,860,4,2,4,2,1,1,0,170,1,0,1,0,0
201600035805,16,7,16,1555,1,2,1,1,3,194,4657566,33794,860,4,1,1,0,1,1,0,50,1,0,1,0,0
201600035806,16,7,16,1620,1,2,1,1,5,194,4658566,33772,860,4,2,2,0,1,1,0,113,1,0,1,0,0
201600035807,16,7,18,1720,1,2,1,1,4,194,4659644,32730,860,4,2,2,2,1,1,0,70,1,0,0,0,0
201600035808,16,7,19,1115,1,2,3,1,1,194,4658500,33033,860,4,2,2,2,2,1,0,70,1,0,0,0,0
201600035809,16,7,20,1430,1,2,3,1,3,194,4659020,36890,860,4,2,2,0,1,1,0,80,1,0,1,99,0
201600035810,16,7,24,2025,1,2,2,1,3,194,4658211,36791,860,3,3,5,3,1,1,80,260,1,5,1,3,0
201600035811,16,7,26,820,1,2,3,1,3,133,4650669,27836,860,4,2,0,0,1,1,0,0,1,5,0,99,0
201600035812,16,7,27,1430,1,2,3,1,2,194,4656910,36912,860,3,3,6,3,1,1,80,220,1,5,1,3,0
201600035813,16,7,27,1720,1,1,1,1,4,158,4661836,35752,860,2,3,4,0,1,1,20,200,1,0,1,99,0
201600035814,16,7,28,1605,1,2,2,1,3,194,4658936,35980,860,3,3,4,2,1,1,80,220,1,5,1,99,0
201600035815,16,7,28,2155,2,1,1,1,7,133,4650660,32490,860,3,0,0,0,2,4,0,69,1,0,0,99,0
201600035816,16,7,29,1900,1,2,1,1,1,194,4657358,32830,860,4,2,2,0,2,3,0,70,1,0,1,0,0
201600035817,16,7,30,140,5,2,1,1,6,194,4659672,32844,860,4,2,2,0,1,1,0,70,1,0,1,0,0
201600035818,16,8,4,900,1,1,1,2,6,133,4651719,34130,860,3,2,2,0,2,3,0,70,2,2,1,99,0
201600035819,16,8,5,1450,1,2,1,1,3,41,4659844,35380,860,4,2,2,0,1,1,0,0,1,0,1,99,0
201600035820,16,8,8,2110,2,2,1,1,1,194,4657713,35413,860,4,2,2,2,2,3,0,70,1,0,1,3,0
201600035821,16,8,11,1605,1,2,1,1,2,194,4657990,32460,860,4,2,2,0,2,1,0,70,1,0,1,99,0
201600035822,16,8,16,40,3,1,1,1,6,158,4663211,29222,860,2,1,1,0,1,1,0,40,1,3,1,99,1
201600035823,16,8,17,1615,1,2,1,1,2,194,4658841,34805,860,4,3,4,0,1,1,10,150,1,0,1,0,0
201600035824,16,8,17,1630,1,2,2,1,1,194,4659119,35552,860,4,2,2,0,1,1,0,70,1,0,1,0,0
201600035825,16,8,18,1835,1,2,2,1,1,194,4659375,33475,860,4,2,2,0,1,1,0,70,1,0,1,0,0
201600035826,16,8,20,1055,1,2,1,1,1,194,4658175,33394,860,4,2,2,0,3,2,0,80,1,0,1,99,0
201600035827,16,8,28,1140,1,2,2,1,3,194,4658566,36619,860,3,3,0,0,1,1,0,0,1,5,1,99,0
201600035828,16,8,31,1545,1,2,3,1,3,194,4657597,37630,860,4,3,3,0,1,1,10,110,1,5,1,0,0
201600035829,16,9,2,2120,5,2,2,1,2,194,4658575,36591,860,3,3,4,2,1,1,50,200,1,0,1,99,0
201600035830,16,9,3,1315,1,2,1,1,2,194,4658341,33522,860,4,2,2,0,1,1,0,0,1,0,1,0,0
201600035831,16,9,4,1430,1,2,6,1,3,194,4657250,35897,860,4,2,2,0,1,2,0,70,1,0,1,0,0
201600035832,16,9,6,1215,1,2,1,1,1,194,4657522,33605,860,4,2,2,0,3,1,0,70,1,0,1,99,0
201600035833,16,9,7,145,5,2,3,1,6,194,4658591,35041,860,4,3,5,0,1,1,16,220,1,5,1,99,0
201600035834,16,9,7,2150,5,2,3,1,6,194,4657655,33375,860,4,1,1,0,1,1,0,36,1,0,1,99,0
201600035835,16,9,8,815,1,2,9,1,3,194,4658916,37013,860,4,2,0,0,1,1,0,50,1,0,1,99,0
201600035836,16,9,10,2220,5,2,5,1,3,194,4656577,31694,860,4,2,2,0,1,1,0,70,1,0,1,0,0
201600035837,16,9,12,755,1,2,3,1,1,194,4660166,31602,860,3,2,2,0,1,1,30,134,1,0,1,99,0
201600035838,16,9,16,2115,1,2,2,1,7,194,4659319,35583,860,4,2,2,0,1,1,0,70,1,0,1,99,0
201600035840,16,9,22,940,1,2,1,1,2,194,4659650,32734,860,4,2,2,0,1,1,0,70,1,0,1,99,0
201600035841,16,9,22,2020,5,1,2,1,3,194,4656898,35402,860,4,2,2,1,1,1,0,70,1,0,1,99,0
201600035842,16,9,26,1800,1,2,1,1,2,194,4657510,37138,860,3,1,2,0,1,2,0,70,1,0,1,0,0
201600035843,16,9,26,1300,1,2,1,1,6,41,4659726,37057,860,4,2,2,0,1,1,0,60,1,0,1,99,0
201600035844,16,9,29,1220,1,2,1,1,3,41,4659916,35454,860,4,2,2,0,1,1,0,70,1,0,1,0,0
201600035845,16,9,29,1400,1,2,3,1,3,194,4657784,33126,860,4,3,4,0,1,1,0,140,1,0,1,99,0
201600035846,16,10,2,1450,1,2,2,1,3,194,4659122,35555,860,4,2,2,0,1,1,0,70,1,0,0,99,0
201600035848,16,10,3,730,2,2,1,1,6,194,4658972,32555,860,4,2,2,0,1,1,0,60,1,0,1,99,0
201600035849,16,10,6,1345,1,2,2,1,3,194,4658707,37445,860,4,0,0,0,0,0,0,70,0,0,1,0,0
201600035850,16,10,6,1835,1,2,1,1,6,41,4659953,35646,860,4,2,2,0,1,1,0,70,1,0,1,99,0
201600035851,16,10,7,300,3,1,1,1,6,133,4650882,27804,860,2,3,4,0,1,1,0,146,2,0,1,99,0
201600035852,16,10,7,550,5,2,1,1,3,194,4658569,33774,860,4,2,3,3,1,1,0,90,1,0,1,99,0
201600035853,16,10,7,1745,1,1,1,1,3,194,4659750,38972,860,3,2,2,0,1,1,0,70,1,0,1,99,0
201600035856,16,10,10,935,1,2,3,1,2,214,4656416,35250,860,3,3,4,2,1,1,0,140,1,0,1,99,0
201600035857,16,10,10,1730,1,2,1,1,6,194,4657012,36054,860,4,2,2,0,1,1,0,70,1,0,1,99,0
201600035858,16,10,13,1320,1,2,2,1,3,194,4655642,30422,860,3,3,4,0,1,1,0,140,1,5,1,99,0
201600035859,16,10,11,1245,1,2,1,1,6,194,4657070,37598,860,4,2,2,0,1,1,0,70,1,0,1,0,0
201600035860,16,10,15,2045,3,1,1,1,7,133,4651833,30861,860,4,2,1,0,1,3,0,60,1,0,1,0,0
201600035861,16,10,17,820,2,2,6,3,3,157,4655355,39938,860,3,3,4,0,1,1,0,140,2,5,1,99,0
201600035863,16,10,22,1635,1,2,2,1,5,194,4658566,36624,860,3,3,4,0,0,0,0,0,0,0,1,0,0
201600035864,16,10,21,1710,1,2,6,1,2,194,4656381,36566,860,3,2,2,0,1,1,0,120,1,0,1,99,0
201600035865,16,10,27,810,2,2,1,5,4,194,4658434,33242,860,4,2,2,0,2,1,0,70,2,0,1,99,0
201600035866,16,10,30,956,1,2,2,1,3,194,4655459,30694,860,3,2,5,0,1,1,0,210,1,0,1,99,0
201600035868,16,11,3,1830,5,2,1,1,2,194,4658642,33814,860,4,2,3,3,1,1,0,90,1,0,1,99,0
201600035869,16,11,4,1730,2,2,1,1,6,194,4657716,34741,860,4,2,2,2,1,1,0,140,1,0,0,99,0
201600035870,16,11,8,1745,2,2,1,1,4,194,4658585,33768,860,4,2,3,3,1,1,0,90,1,0,1,99,0
201600035871,16,11,8,1645,1,2,2,1,1,194,4656926,36930,860,3,3,4,3,1,1,35,140,1,0,1,3,0
201600035872,16,11,10,800,2,1,1,2,2,158,4661811,30919,860,3,3,4,0,1,1,0,140,1,3,1,99,0
201600035873,16,11,11,930,1,2,1,1,6,214,4655513,34966,860,3,2,2,0,1,3,0,60,2,0,1,0,0
201600035875,16,11,14,2000,5,2,1,1,6,194,4659420,33518,860,4,2,2,0,1,1,0,70,1,0,1,0,0
201600035876,16,11,15,1730,2,2,6,1,3,41,4659356,36317,860,4,2,2,0,1,1,0,70,1,0,1,99,0
201600035877,16,11,16,1435,1,2,2,1,3,194,4658758,34888,860,4,1,3,0,1,1,0,90,1,0,1,99,0
201600035878,16,11,16,1903,5,2,3,1,3,194,4657695,36603,860,4,2,2,0,1,1,0,60,1,0,1,0,0
201600035879,16,11,17,750,5,2,1,2,6,194,4658691,34964,860,4,3,4,3,1,2,0,78,2,0,0,0,0
201600035880,16,11,18,1030,1,1,1,1,4,41,4661480,36491,860,2,3,6,0,1,1,0,180,2,0,1,99,0
201600035881,16,11,21,1525,1,1,1,1,5,194,4657638,37055,860,3,3,4,0,1,1,0,220,2,0,1,0,0
201600035882,16,11,21,1450,1,2,1,1,4,194,4656455,35440,860,3,3,6,3,1,1,0,160,1,0,1,99,0
201600035883,16,11,23,1240,1,2,1,2,6,157,4656437,40083,860,3,1,2,0,2,2,0,70,2,0,1,99,0
201600035884,16,11,26,1930,5,2,2,1,3,194,4658936,35979,860,3,3,4,1,1,1,80,120,1,0,1,99,0
201600035885,16,11,25,1835,3,2,1,1,6,194,4657666,34666,860,4,2,2,2,1,1,0,80,1,0,1,99,0
201600035886,16,11,27,1530,1,2,1,1,1,194,4657326,33217,860,4,2,2,0,1,1,0,60,1,0,1,0,0
201600035887,16,11,28,2125,5,2,2,1,3,194,4657194,37055,860,3,3,5,3,1,1,0,200,1,0,1,99,0
201600035888,16,11,28,1815,3,2,2,1,6,214,4655462,33417,860,3,3,4,0,2,1,0,140,1,5,1,99,0
201600035889,16,12,1,50,5,2,1,1,6,194,4656627,31871,860,4,3,2,1,1,1,10,90,1,0,1,99,0
201600035890,16,12,2,830,1,2,1,1,6,158,4662369,30904,860,3,2,2,0,2,2,0,70,2,0,1,99,0
201600035891,16,12,4,1120,1,2,2,1,3,194,4659081,32922,860,4,2,2,0,1,1,0,80,1,0,1,99,0
201600035892,16,12,3,1920,1,2,1,1,3,214,4656436,35659,860,3,2,3,0,1,1,0,90,1,0,1,99,0
201600035893,16,12,5,810,1,2,1,1,1,194,4658842,34128,860,4,2,2,0,1,1,0,70,1,0,1,99,0
201600035894,16,12,7,741,2,2,1,1,1,214,4656282,34399,860,3,3,5,0,1,1,0,110,1,0,1,99,0
201600035895,16,12,7,1735,1,2,1,1,3,194,4657508,32900,860,4,2,3,3,2,3,0,90,1,0,1,99,0
201600035896,16,12,9,730,5,2,2,1,3,194,4659756,32679,860,4,2,4,1,1,1,20,100,1,0,1,99,0
201600035897,16,12,9,1500,1,2,1,1,6,214,4656276,35993,860,4,2,2,0,1,1,0,90,1,0,1,99,0
201600035898,16,12,12,1620,1,2,1,1,6,194,4658903,33938,860,4,2,4,3,1,1,0,140,1,0,1,99,0
201600035899,16,12,12,1945,3,1,1,1,1,158,4663799,28799,860,2,2,2,0,1,3,0,0,1,0,1,99,0
201600035900,16,12,14,1930,5,2,6,1,3,194,4657250,35898,860,4,2,2,0,1,0,0,80,1,0,1,99,0
201600035901,16,12,15,35,5,2,1,1,6,194,4657747,34186,860,4,1,1,0,2,2,0,35,0,0,4,99,0
201600035902,16,12,15,1530,1,2,3,1,3,194,4656861,37333,860,4,2,3,0,1,1,0,90,1,0,1,99,0
201600035903,16,12,21,1905,5,2,2,2,3,194,4659223,34707,860,3,2,3,0,1,1,0,100,2,0,1,99,0
201600035904,16,12,22,800,2,2,2,2,3,194,4657105,36992,860,3,2,4,0,1,1,30,170,2,0,1,99,0
201600035905,16,12,22,1555,1,1,6,2,2,158,4662269,35257,860,3,2,4,0,1,1,0,140,2,0,1,99,0
201600035906,16,12,23,745,5,2,6,2,3,194,4658540,33292,860,4,2,2,0,2,3,0,70,2,0,1,0,0
201600035907,16,12,26,1210,1,1,1,1,7,214,4655424,35161,860,3,3,2,0,2,2,0,70,2,0,1,99,0
201600035908,16,12,27,1943,5,2,1,1,3,194,4659584,33059,860,4,2,2,0,1,1,0,70,1,0,1,0,0
201600035909,16,12,30,1749,2,2,3,1,3,85,4582470,123459,870,4,2,2,0,1,1,0,60,1,0,1,99,0
201600035910,16,1,4,1809,2,2,3,3,5,85,4588040,128169,870,4,2,2,0,1,1,0,60,2,0,1,99,0
201600035911,16,1,2,1310,1,1,1,2,5,65,4579540,129914,870,1,3,4,0,0,1,10,120,2,0,1,99,0
201600035916,16,11,19,52,5,2,1,2,6,85,4582985,125638,870,4,1,1,0,1,1,0,30,2,0,1,99,0
201600035917,16,12,30,29,5,2,1,1,6,85,4581360,122861,870,4,3,2,0,1,3,0,60,1,0,1,0,0
201600035919,16,1,8,808,5,2,1,2,5,85,4582170,125594,870,4,2,2,0,1,1,0,60,2,0,1,99,0
201600035920,16,1,7,1606,1,1,1,2,6,75,4578440,119132,870,2,2,2,0,1,1,0,60,2,0,1,99,0
201600035924,16,12,24,118,3,1,1,1,6,85,4585100,119232,870,4,2,2,0,0,3,0,60,1,0,1,0,0
201600035926,16,12,25,1658,1,2,1,1,6,85,4584310,125918,870,4,2,2,0,2,1,0,60,1,0,1,99,0
201600035928,16,12,24,933,1,2,1,1,6,85,4581470,126964,870,4,2,2,0,2,3,0,60,2,0,1,3,0
201600035930,16,12,23,1823,3,1,1,1,1,48,4578830,126120,870,4,2,2,0,1,3,0,30,1,1,1,99,0
201600035937,16,1,22,1722,1,2,1,1,6,85,4583300,127517,870,2,3,5,0,0,1,20,150,1,0,1,0,0
201600035938,16,1,23,910,1,1,1,1,6,85,4589580,130450,870,3,2,2,0,0,2,0,60,2,0,1,0,0
201600035941,16,1,27,1842,1,1,3,1,3,65,4579830,129560,870,1,1,1,0,1,1,0,30,1,0,1,0,0
201600035944,16,1,30,1547,1,1,1,3,4,85,4589640,129228,870,1,3,6,0,4,1,10,180,2,0,1,99,0
201600035949,16,2,4,1750,1,2,9,3,6,85,4586000,128737,870,3,3,4,0,0,1,10,120,2,0,1,0,0
201600035957,16,2,12,1812,1,2,1,1,6,85,4583460,122363,870,3,3,4,0,0,1,10,120,2,0,1,0,0
201600035962,16,2,23,1214,1,2,1,1,6,50,4585740,124405,870,3,2,2,0,2,3,0,60,1,0,1,99,0
201600035963,16,2,25,1455,1,1,1,2,1,75,4580510,123654,870,2,2,2,0,1,1,0,60,2,0,1,99,0
201600035965,16,2,27,1452,1,1,3,2,3,85,4585040,129882,870,3,3,4,0,0,1,30,120,2,0,1,0,0
201600035969,16,3,1,2025,5,2,3,1,3,85,4586420,129054,870,3,2,5,0,1,1,0,150,1,0,1,0,0
201600035970,16,3,2,815,1,1,1,2,4,65,4581740,129494,870,1,3,5,0,1,3,0,150,2,0,1,99,0
201600035971,16,3,6,602,5,1,1,1,2,85,4586130,127292,870,4,3,4,0,1,1,0,120,1,0,1,99,0
201600035972,16,3,1,2136,4,1,1,2,2,85,4587280,128781,870,1,3,4,0,0,1,10,120,2,0,1,0,0