Num_Acc,an,mois,jour,hrmn,lum,agg,int,atm,col,com,lat,long,dep,catr,circ,nbv,vosp,prof,plan,lartpc,larrout,surf,infra,situ,env1,killed
201600035973,16,3,6,1039,1,2,9,1,3,75,4580940,122663,870,4,2,2,0,1,1,0,60,2,0,1,0,0
201600035974,16,3,8,1000,1,2,1,1,6,85,4585520,128832,870,4,2,2,0,1,1,0,60,1,0,1,99,0
201600035975,16,3,8,818,1,2,3,1,3,85,4584120,123044,870,4,2,2,0,0,2,0,60,1,0,1,0,0
201600035976,16,3,8,1921,2,2,1,1,6,85,4582660,125752,870,4,2,2,0,4,1,0,60,2,0,1,3,0
201600035977,16,3,9,835,1,1,1,2,2,85,4589100,127942,870,2,2,3,0,1,1,0,90,2,0,1,0,0
201600035978,16,3,10,1726,1,2,3,1,3,48,4579750,123752,870,3,2,2,0,1,1,0,60,1,0,1,0,0
201600035979,16,3,12,1826,1,1,1,1,2,50,4587960,120250,870,3,2,2,0,1,1,0,60,1,0,1,0,0
201600035980,16,3,11,1833,1,2,1,1,6,85,4584780,124545,870,4,2,4,0,0,1,0,120,1,0,1,0,0
201600035981,16,3,12,2311,5,2,1,1,6,85,4590730,129747,870,3,2,2,0,1,1,0,60,1,0,1,0,0
201600035982,16,3,13,737,2,2,1,1,6,48,4578180,122432,870,3,2,2,0,1,0,0,60,1,0,1,0,0
201600035983,16,3,14,1614,1,2,1,1,6,50,4587690,124333,870,4,2,2,0,1,1,0,60,1,0,1,99,0
201600035984,16,3,16,826,1,2,1,1,6,85,4582480,122883,870,4,2,2,0,0,1,0,60,1,0,1,0,0
201600035985,16,3,17,513,5,2,2,1,3,85,4582110,126289,870,2,3,5,0,1,1,0,150,1,0,1,99,0
201600035986,16,3,17,2030,5,2,2,1,3,85,4583170,126249,870,4,2,4,0,1,1,0,120,1,0,1,3,0
201600035987,16,3,18,2000,2,2,3,1,2,85,4580710,125436,870,3,2,2,0,1,1,0,60,1,0,1,99,0
201600035988,16,3,17,2106,5,2,1,2,7,85,4583960,125789,870,4,2,2,0,1,1,0,60,2,0,1,0,0
201600035989,16,3,22,1812,1,2,1,1,4,85,4585150,127070,870,4,2,2,0,2,1,0,60,1,0,1,0,0
201600035990,16,3,17,1835,1,2,1,3,6,65,4580420,132725,870,4,2,2,0,0,1,0,60,2,0,1,0,0
201600035991,16,3,20,1924,2,2,3,1,3,85,4581760,127428,870,4,2,2,0,1,1,0,60,1,0,1,0,0
201600035992,16,3,23,1615,1,2,1,1,3,85,4588210,127992,870,4,2,2,0,0,1,0,80,1,0,1,0,0
201600035993,16,3,24,1104,1,2,1,1,6,85,4582950,126286,870,4,2,4,0,1,1,0,120,1,0,1,3,0
201600035994,16,3,25,2249,5,2,1,1,6,85,4582990,125483,870,4,4,2,0,1,1,0,60,1,0,1,99,0
201600035995,16,3,26,1639,1,1,1,1,6,48,4578020,122152,870,3,2,2,0,1,2,0,60,1,0,1,99,0
201600035996,16,3,30,1306,1,2,3,1,6,85,4583500,122684,870,4,2,2,0,1,1,0,60,1,0,1,3,0
201600035997,16,3,29,1332,1,1,1,1,1,85,4586640,116558,870,2,2,2,0,1,1,0,60,1,0,1,99,0
201600035998,16,3,24,1724,1,2,2,1,6,85,4583450,122601,870,3,3,4,0,2,1,50,120,1,0,1,0,0
201600035999,16,3,30,1012,1,2,1,1,6,85,4583170,126324,870,4,1,1,0,1,1,0,50,1,0,1,0,0
201600036000,16,4,1,1325,1,2,1,1,3,75,4581070,121872,870,4,1,1,0,1,1,0,30,1,0,1,99,0
201600036001,16,4,1,1708,1,1,1,1,2,50,4587130,125597,870,4,2,2,0,1,1,0,60,1,0,1,99,0
201600036002,16,3,31,1953,1,2,2,3,3,85,4582130,125164,870,4,2,2,0,1,1,0,60,2,0,1,0,0
201600036003,16,4,7,1255,1,2,2,1,3,85,4582360,125121,870,4,2,2,0,1,1,0,60,1,0,1,99,0
201600036004,16,4,8,1920,1,1,1,1,6,85,4582140,120022,870,3,2,2,0,0,3,0,60,1,0,1,0,0
201600036005,16,4,9,1742,1,2,3,1,3,85,4583080,124478,870,4,2,2,0,0,1,0,60,1,0,1,0,0
201600036006,16,4,12,909,1,1,1,1,6,50,4588960,117841,870,3,2,2,0,1,1,0,60,2,0,1,0,0
201600036007,16,4,8,2030,2,2,1,1,7,85,4584530,126033,870,4,2,2,0,2,1,0,60,2,0,1,0,0
201600036008,16,4,15,1150,1,2,1,1,3,85,4585120,124461,870,3,2,2,0,1,1,0,60,1,0,1,99,0
201600036009,16,4,15,1003,1,1,1,2,6,65,4578690,133047,870,4,2,2,0,1,1,0,60,2,0,1,99,0
201600036010,16,4,16,2044,2,2,3,2,3,85,4582950,126084,870,4,2,2,0,1,1,0,60,2,0,1,99,0
201600036011,16,4,17,959,1,2,1,2,3,85,4583580,125275,870,4,2,2,0,1,1,0,60,2,0,1,0,0
201600036012,16,4,16,1819,1,1,1,2,2,85,4589120,128179,870,2,2,2,0,1,1,0,60,2,0,1,99,0
201600036013,16,4,19,216,5,2,1,1,6,85,4581870,123392,870,4,3,4,0,1,3,0,120,1,0,1,3,0
201600036014,16,4,21,429,5,2,1,1,6,85,4582770,122661,870,4,3,6,0,1,3,0,180,1,0,1,99,0
201600036015,16,4,22,1304,1,2,2,2,1,85,4582110,126292,870,2,3,5,0,1,1,0,150,2,0,1,99,0
201600036016,16,4,22,2309,5,2,2,2,3,85,4582730,128451,870,3,2,4,0,2,1,0,120,1,0,1,0,0
201600036017,16,4,26,1840,1,2,1,1,2,85,4582100,126309,870,4,3,4,0,0,1,20,120,1,0,1,0,0
201600036018,16,4,26,852,1,2,1,2,7,85,4583440,122609,870,4,3,6,0,1,1,50,180,2,0,1,0,0
201600036019,16,4,25,1758,1,2,2,1,2,85,4583760,125268,870,4,2,2,0,2,2,0,60,1,0,0,99,0
201600036020,16,4,29,1345,1,2,3,1,3,114,4583730,130716,870,4,2,2,0,1,1,0,60,1,0,1,99,0
201600036021,16,5,1,235,5,2,1,1,6,85,4581710,122632,870,4,2,2,0,0,1,0,70,1,0,1,0,0
201600036022,16,5,1,1744,1,2,3,1,3,85,4582830,124920,870,4,2,2,0,1,1,0,60,1,0,1,3,0
201600036023,16,5,2,1558,1,1,1,1,6,85,4591500,128232,870,4,2,2,0,0,2,0,60,1,0,1,0,0
201600036024,16,5,3,1827,1,2,1,1,1,85,4582500,124917,870,4,1,1,0,1,1,0,30,1,0,1,99,0
201600036025,16,5,4,813,1,2,1,1,6,85,4582400,126015,870,4,2,2,0,1,1,0,60,1,0,1,99,0
201600036026,16,5,4,1830,1,2,1,1,6,85,4582530,127254,870,3,2,4,0,1,1,0,120,2,0,1,99,0
201600036027,16,5,5,2224,5,2,1,1,3,85,4583130,124022,870,4,2,2,0,1,1,0,60,1,0,1,99,0
201600036028,16,5,7,1150,1,2,1,1,6,85,4583610,124952,870,4,1,1,0,2,1,0,30,1,0,1,0,0
201600036029,16,5,6,912,1,2,1,1,6,85,4581780,122319,870,4,2,2,0,1,1,0,60,1,0,1,99,0
201600036030,16,5,11,1226,1,2,1,2,2,85,4584750,124460,870,4,3,4,0,1,1,50,120,2,0,1,0,0
201600036031,16,5,12,1613,1,1,1,1,6,85,4583990,125720,870,4,2,2,0,1,1,0,60,1,0,1,99,0
201600036032,16,5,16,1835,1,2,3,1,3,85,4584250,124299,870,4,2,2,0,1,1,0,60,1,0,1,99,0
201600036033,16,5,18,2255,3,1,1,2,6,50,4585670,124488,870,3,2,2,0,2,3,0,60,2,0,1,99,0
201600036035,16,5,19,1423,1,2,1,1,2,85,4584270,125482,870,4,2,2,0,1,1,0,60,1,0,1,99,0
201600036036,16,5,19,840,1,2,1,2,2,85,4582100,126318,870,4,3,5,0,1,3,0,150,2,2,1,99,0
201600036037,16,5,18,1935,1,2,1,2,6,85,4582400,125471,870,4,2,2,0,1,2,0,60,2,0,1,99,0
201600036038,16,5,21,1434,1,1,3,1,3,65,4581620,130855,870,3,2,3,0,0,0,0,0,0,0,1,0,0
201600036039,16,5,13,1608,1,2,2,2,6,85,4583190,126246,870,4,2,3,0,0,1,0,100,2,0,1,0,0
201600036040,16,5,26,1123,1,2,1,2,6,85,4581810,122307,870,6,0,0,0,0,1,0,30,2,0,1,0,0
201600036041,16,5,18,1618,1,1,1,1,2,75,4579320,122064,870,2,2,2,0,1,1,0,60,1,0,1,99,0
201600036042,16,5,19,724,2,1,1,2,4,50,4585650,124558,870,3,2,0,0,2,3,0,60,8,0,1,99,0
201600036043,16,5,26,1259,1,2,1,1,2,85,4586340,127438,870,4,2,4,0,1,1,0,120,1,0,1,99,0
201600036044,16,5,27,810,1,2,6,1,3,85,4581060,125708,870,3,2,2,0,1,1,0,60,1,0,1,99,0
201600036046,16,5,30,814,1,2,1,2,6,50,4586750,123811,870,3,4,3,0,1,1,0,90,2,0,1,99,0
201600036047,16,5,27,1553,1,1,1,1,6,85,4589800,129493,870,3,2,2,0,0,1,0,60,1,0,1,0,0
201600036048,16,5,31,748,2,2,6,3,6,50,4589070,123360,870,3,1,1,0,1,3,0,30,2,0,1,99,0
201600036049,16,6,1,952,1,2,1,3,6,85,4587820,128373,870,4,2,2,0,1,3,0,60,2,0,1,99,0
201600036051,16,6,2,752,1,2,1,2,2,85,4582210,127116,870,4,2,2,0,0,1,0,60,2,0,1,0,0
201600036052,16,6,1,1316,1,2,3,2,1,85,4585250,125515,870,4,3,4,0,1,1,0,120,2,0,1,99,0
201600036053,16,6,2,1002,1,2,1,2,6,85,4581710,125246,870,2,1,1,0,1,2,0,30,2,2,1,0,0
201600036054,16,6,3,918,1,2,3,1,3,85,4586470,128968,870,4,2,2,0,1,1,0,60,1,0,1,0,0
201600036055,16,6,3,1741,1,2,1,1,6,85,4583170,127338,870,2,3,5,0,1,1,0,140,1,0,1,0,0
201600036056,16,6,4,1500,1,2,3,1,3,85,4587670,129548,870,4,2,2,0,1,1,0,60,1,0,1,0,0
201600036057,16,6,4,2047,1,2,3,1,3,85,4583460,126427,870,4,2,2,0,0,1,0,90,1,0,1,0,0
201600036058,16,6,6,2210,5,2,1,1,3,85,4583360,124773,870,4,2,3,0,0,1,0,92,1,0,1,0,0
201600036059,16,6,7,1522,1,2,1,1,6,85,4585100,128428,870,4,2,2,0,0,1,0,60,1,0,1,0,0
201600036060,16,6,10,1603,1,1,1,1,3,107,4589220,117808,870,3,2,2,0,0,1,0,60,1,0,1,0,0
201600036061,16,6,9,915,1,2,1,1,6,85,4581970,126456,870,4,2,3,0,1,1,0,90,1,2,1,99,0
201600036063,16,6,13,1714,1,2,3,2,5,85,4584660,124343,870,4,2,2,0,1,1,0,80,2,0,1,0,0
201600036064,16,6,13,2103,1,2,6,2,6,85,4581860,126420,870,3,1,2,0,1,2,0,60,2,0,1,0,0
201600036065,16,6,13,1906,1,2,1,1,1,85,4581030,125777,870,4,3,4,0,0,1,5,120,2,0,1,0,0
201600036067,16,6,15,1201,1,2,1,1,6,85,4582740,125964,870,4,2,3,0,2,1,0,100,1,0,1,0,0
201600036068,16,6,15,1750,1,2,2,1,3,85,4584030,125909,870,4,1,1,0,1,1,0,30,1,0,1,0,0
201600036069,16,6,17,750,1,2,1,1,3,85,4582970,126251,870,4,2,3,0,1,1,0,90,1,0,1,0,0
201600036070,16,6,13,1940,1,1,1,2,3,85,4580370,127851,870,4,1,2,0,1,2,0,60,2,0,1,0,0
201600036072,16,6,20,820,1,2,1,1,3,85,4583880,126543,870,4,2,1,0,2,1,0,60,1,0,1,99,0
201600036073,16,6,22,1855,1,1,1,1,2,85,4590760,127267,870,3,2,2,0,1,1,0,60,1,0,1,99,0
201600036074,16,6,24,1204,1,1,1,3,6,65,4579180,130259,870,1,3,4,0,1,1,0,120,2,0,1,99,0
201600036075,16,6,22,1705,1,1,1,1,6,75,4578740,121312,870,2,2,2,0,0,1,0,60,1,0,1,0,0
201600036076,16,6,23,2324,5,2,1,1,6,85,4587100,117809,870,3,2,2,0,0,1,0,60,1,0,1,0,0
201600036077,16,6,24,2302,5,2,2,3,3,85,4584600,124560,870,4,2,2,0,0,1,0,60,2,0,1,0,0
201600036078,16,6,28,2305,5,1,3,1,6,85,4585040,129881,870,3,2,2,0,2,1,0,60,1,0,1,99,0
201600036079,16,6,30,1439,1,2,1,1,2,85,4582950,126979,870,2,3,4,0,1,1,0,120,1,0,1,99,0
201600036080,16,7,3,2117,1,1,1,1,1,114,4584130,131385,870,3,2,2,0,1,2,0,60,1,0,1,99,0
201600036081,16,6,30,855,1,2,3,1,3,85,4583830,125403,870,4,1,1,0,1,1,0,30,1,0,1,99,0
201600036082,16,7,6,1724,1,2,2,1,6,85,4582860,125612,870,4,1,1,0,1,1,0,30,1,0,1,0,0
201600036083,16,6,30,1734,1,2,1,1,3,85,4582610,128023,870,3,2,2,0,1,1,0,80,1,0,1,0,0
201600036084,16,7,8,1912,1,2,1,1,6,85,4582620,126719,870,4,2,4,0,2,1,0,120,1,0,1,99,0
201600036085,16,7,7,1446,1,2,2,1,3,85,4586910,126823,870,4,2,6,0,2,1,0,180,1,0,1,0,0
201600036086,16,7,9,2233,5,2,1,1,6,48,4579110,123531,870,4,2,2,0,2,2,0,60,1,0,1,3,0
201600036087,16,7,7,1221,1,2,2,1,6,85,4583170,126249,870,4,2,5,0,1,1,0,150,1,0,0,99,0
201600036088,16,7,9,1232,1,2,1,1,2,85,4581340,124106,870,4,2,2,0,2,1,0,60,1,0,1,0,0
201600036089,16,7,11,1816,1,2,1,1,6,85,4581850,124565,870,4,2,2,0,1,1,0,60,1,0,1,99,0
201600036090,16,7,10,1935,1,2,1,1,6,85,4583510,126059,870,4,2,2,0,1,1,0,60,1,0,1,0,0
201600036091,16,7,12,855,1,2,2,1,3,85,4584810,124536,870,4,1,2,0,1,0,0,60,1,0,1,0,0
201600036092,16,5,27,950,1,2,2,1,5,85,4585660,125068,870,4,2,2,0,0,1,0,60,1,0,1,0,0
201600036093,16,7,18,1511,1,2,1,1,6,65,4581810,129458,870,3,1,2,0,1,3,0,60,1,5,4,99,0
201600036094,16,7,17,1345,1,2,1,1,1,65,4580930,129940,870,4,2,2,0,1,1,0,60,1,0,1,99,0
201600036095,16,7,16,1607,1,2,3,1,3,85,4585170,127261,870,4,2,2,0,1,1,0,60,1,0,1,99,0
201600036096,16,7,20,1110,1,2,3,1,6,85,4584490,125387,870,4,3,4,0,1,1,0,120,2,0,1,99,0
201600036097,16,7,21,2222,5,2,2,1,6,85,4583300,125597,870,4,1,2,0,1,3,0,60,1,0,1,99,0
201600036098,16,7,22,1255,1,2,2,1,3,50,4587280,123713,870,4,2,2,0,1,1,0,60,1,0,1,99,0
201600036099,16,7,22,1729,1,2,1,1,6,113,4585980,131594,870,3,2,2,0,1,1,0,60,1,0,1,99,0
201600036100,16,7,25,1050,1,1,1,1,6,85,4588670,126716,870,3,2,2,0,1,2,0,60,1,0,1,99,0
201600036101,16,7,25,1745,1,2,1,1,2,113,4586480,132392,870,3,3,2,0,1,1,0,60,1,0,1,0,0
201600036102,16,7,26,1040,1,1,1,1,2,85,4591340,129340,870,1,3,4,0,1,1,0,120,1,0,1,99,0
201600036103,16,7,25,2215,5,2,1,1,6,85,4582080,123840,870,4,2,2,0,2,1,0,10,1,0,5,99,1
201600036104,16,7,28,58,5,2,3,1,3,85,4582120,126296,870,4,3,4,0,2,1,0,120,1,0,1,99,0
201600036105,16,7,26,1807,1,2,1,1,6,85,4581110,127444,870,4,2,2,0,1,1,0,60,1,0,1,99,0
201600036106,16,7,29,833,1,2,3,1,3,85,4582360,125121,870,4,2,2,0,2,1,0,60,1,0,1,99,0
201600036107,16,7,21,602,5,2,1,1,6,85,4584480,123168,870,4,2,2,0,1,3,0,60,1,0,1,99,0
201600036108,16,8,1,1714,1,2,1,1,2,85,4582550,125760,870,4,2,2,0,2,1,0,60,1,0,1,99,0
201600036109,16,8,1,1412,1,2,3,1,3,85,4585230,125246,870,4,2,2,0,2,1,0,60,1,0,1,3,0
201600036110,16,8,5,1536,1,2,1,1,2,85,4583250,125542,870,4,2,3,0,4,1,0,90,1,0,1,0,0
201600036111,16,8,5,1533,1,2,1,1,3,85,4582280,127465,870,4,2,2,0,0,1,0,60,1,0,1,0,0
201600036112,16,8,6,1941,1,2,1,1,4,65,4581290,133099,870,3,2,2,0,1,1,0,60,1,0,1,0,0
201600036113,16,8,6,1928,1,2,1,1,6,85,4584260,124573,870,4,2,2,0,1,1,0,60,1,0,1,0,0
201600036114,16,8,11,154,5,2,7,1,6,85,4583020,124950,870,4,1,2,0,0,2,0,30,1,0,1,0,0
201600036115,16,8,11,850,1,1,1,1,1,50,4588130,118145,870,2,2,2,0,1,2,0,70,1,0,1,99,1
201600036116,16,8,13,105,5,1,1,1,6,65,4579900,129581,870,3,2,2,0,2,2,0,60,1,0,1,0,0
201600036117,16,8,15,1833,1,1,1,1,6,85,4591850,129707,870,1,3,4,0,0,1,10,120,1,0,2,0,0
201600036118,16,8,12,1727,1,2,1,1,6,50,4586620,123804,870,3,2,2,0,1,1,0,60,1,0,1,99,0
201600036119,16,8,13,832,1,2,3,1,3,85,4583940,124499,870,4,2,2,0,1,1,0,60,1,0,1,99,0
201600036120,16,8,16,1525,1,1,1,1,3,85,4592270,130175,870,3,2,2,0,1,1,0,60,1,0,1,99,0
201600036121,16,8,19,140,3,1,1,1,6,75,4579460,120361,870,3,2,2,0,1,3,0,60,1,0,1,99,0
201600036122,16,8,19,1953,1,2,1,1,1,85,4581500,125787,870,3,2,2,0,1,3,0,52,1,0,1,99,0
201600036123,16,8,22,1735,1,2,1,1,6,85,4581970,122532,870,4,2,2,0,1,1,0,60,1,0,1,99,0
201600036124,16,8,22,1731,1,1,1,1,5,65,4580450,129711,870,1,3,4,0,2,1,0,120,1,0,1,99,0
201600036125,16,8,20,2005,1,2,2,1,3,85,4582390,123914,870,4,2,3,0,0,1,0,90,1,0,1,0,0
201600036126,16,8,23,1921,1,2,1,1,6,114,4582750,129188,870,4,2,2,0,0,0,0,0,0,0,1,0,0
201600036127,16,8,23,2009,1,2,1,1,6,85,4585540,128356,870,4,2,2,0,0,1,0,90,1,0,1,0,0
201600036128,16,8,26,23,5,1,3,1,6,65,4578440,131146,870,3,2,2,0,1,1,0,60,1,0,1,99,0
201600036129,16,8,30,850,1,2,3,1,3,85,4583970,122576,870,4,2,2,0,1,3,0,60,1,0,1,99,0
201600036130,16,8,30,1045,1,1,3,1,3,85,4584860,125856,870,4,2,2,0,1,1,0,60,1,0,1,0,0
201600036131,16,8,31,629,5,2,1,1,1,65,4580220,127899,870,3,2,2,0,2,3,0,60,1,0,1,99,0
201600036132,16,9,1,1742,1,2,1,1,1,85,4584840,123613,870,4,2,2,0,2,3,0,60,1,0,1,99,0
201600036133,16,9,1,2151,5,1,3,1,6,48,4578480,123347,870,3,2,2,0,1,1,0,60,1,0,1,99,0
201600036134,16,9,1,1739,1,2,1,1,6,85,4582770,125833,870,4,2,4,0,2,1,0,120,1,0,1,3,0
201600036135,16,8,22,1710,1,2,1,1,6,85,4583900,125826,870,4,2,2,0,1,1,0,60,1,0,1,99,0
201600036136,16,9,6,1521,1,2,1,1,3,85,4583350,126981,870,4,3,4,0,2,1,0,120,1,0,1,3,0
201600036137,16,9,7,1705,1,2,3,1,3,85,4583310,124853,870,4,2,2,0,1,1,0,60,1,0,1,99,0
201600036138,16,9,8,1713,1,2,3,1,3,85,4583530,127171,870,4,2,2,0,2,1,0,60,1,0,1,99,0
201600036139,16,9,4,2034,5,2,3,1,6,85,4583370,124398,870,4,1,1,0,0,1,0,30,1,0,1,0,0
201600036140,16,9,7,1535,1,2,1,1,2,85,4586100,127404,870,4,3,4,0,2,1,0,30,1,0,1,0,0
201600036141,16,9,8,1340,1,2,2,1,3,85,4582230,123980,870,4,2,2,0,0,1,0,60,1,0,1,3,0
201600036142,16,9,10,2049,5,2,1,1,4,85,4583450,122562,870,3,3,4,0,1,1,0,120,1,0,1,99,0
201600036143,16,9,16,1320,1,2,1,2,3,85,4582550,127147,870,3,2,4,0,1,1,0,120,2,0,1,99,0
201600036144,16,9,18,1446,1,2,1,2,2,85,4583320,127521,870,2,3,4,0,1,1,0,120,2,0,1,99,0
201600036145,16,9,16,1653,1,2,1,2,4,85,4583610,127830,870,2,3,4,0,1,3,0,60,2,0,1,0,0
201600036146,16,9,16,1321,1,2,1,1,6,85,4581880,126549,870,4,3,4,0,2,1,5,120,2,0,1,0,0
201600036147,16,9,16,1728,1,2,2,1,3,85,4582180,123070,870,4,1,1,0,1,1,0,30,1,0,1,0,0
201600036149,16,9,15,1819,1,2,1,1,6,85,4582940,124519,870,4,2,2,0,1,1,0,60,1,0,1,3,0
201600036150,16,9,21,1730,1,2,2,1,6,85,4583450,122601,870,3,3,4,0,2,1,50,120,1,0,1,0,0
201600036151,16,9,22,1240,1,2,1,1,3,85,4583260,126020,870,4,2,3,3,1,1,0,90,1,0,1,99,0
201600036152,16,9,30,1853,1,1,1,2,6,50,4585650,124551,870,3,2,2,0,2,2,0,60,2,0,1,99,0
201600036153,16,10,1,1040,1,2,1,2,6,113,4586780,132425,870,3,2,2,0,1,2,0,60,2,0,1,99,0
201600036154,16,9,30,821,1,2,2,1,3,85,4583310,124853,870,4,2,2,0,0,1,0,60,1,0,1,0,0
201600036155,16,9,27,2140,3,1,1,1,2,85,4584200,117977,870,3,3,4,0,0,1,10,120,1,0,1,99,0
201600036156,16,10,5,748,2,2,1,1,6,85,4584280,124568,870,4,2,2,0,1,1,0,60,1,0,1,0,0
201600036157,16,10,4,2012,4,2,1,1,6,85,4581810,123399,870,4,3,4,0,1,1,10,120,1,0,1,0,0
201600036158,16,10,5,49,5,2,1,1,6,85,4581780,125428,870,2,3,4,0,1,1,30,120,1,0,4,0,0
201600036159,16,10,4,1247,1,1,1,1,6,85,4584900,127695,870,1,3,4,0,1,1,0,120,1,3,1,99,0
201600036160,16,10,6,1655,1,2,2,1,3,85,4584930,122970,870,4,2,2,0,1,1,0,60,1,0,1,99,0
201600036161,16,10,10,849,1,1,1,1,2,50,4587890,122949,870,3,2,2,0,1,1,0,60,1,0,1,99,0
201600036162,16,10,8,1719,1,2,1,1,2,114,4582940,129697,870,3,2,2,0,1,1,0,30,1,0,1,99,0
201600036163,16,10,10,846,1,1,1,1,6,85,4583520,126066,870,4,3,2,0,1,1,0,60,1,0,1,99,0
201600036164,16,10,11,1655,1,2,1,1,3,85,4583150,126165,870,4,2,2,0,1,1,0,60,1,0,1,3,0
201600036165,16,10,17,829,1,2,1,2,4,85,4581460,127001,870,4,2,2,0,2,1,0,30,2,0,1,0,0
201600036166,16,10,17,1212,1,1,1,3,6,85,4585650,124520,870,3,2,2,0,2,4,0,60,2,0,1,99,0
201600036167,16,10,17,1134,1,2,1,2,3,85,4581830,129322,870,3,3,3,0,1,3,0,90,2,0,1,99,0
201600036168,16,10,17,1351,1,2,1,2,2,50,4587480,123788,870,3,2,2,0,1,1,0,60,2,0,1,99,0
201600036169,16,10,17,1047,1,2,3,2,3,114,4583060,128927,870,4,2,2,0,2,1,0,60,2,0,1,99,0
201600036170,16,10,14,1538,1,1,1,2,6,65,4579360,129519,870,3,2,2,0,1,2,0,60,2,0,1,99,0
201600036171,16,10,18,2029,5,2,1,1,3,85,4582810,128213,870,4,2,2,0,2,3,0,60,1,0,1,99,0
201600036172,16,10,19,1612,1,1,3,1,3,50,4587680,124388,870,4,2,2,0,1,1,0,60,1,0,1,99,0
201600036173,16,10,1,1620,1,2,1,1,4,85,4585540,126690,870,4,3,8,0,0,1,10,240,1,0,1,0,0
201600036174,16,10,20,953,1,2,3,1,3,65,4581330,133581,870,3,2,2,0,1,3,0,60,1,0,1,99,0
201600036175,16,10,14,752,5,2,2,1,3,85,4582490,127477,870,3,2,3,0,1,1,0,90,1,0,1,0,0
201600036176,16,10,19,2049,5,1,3,1,1,85,4584500,124562,870,4,2,3,3,0,0,0,0,0,0,1,0,0
201600036177,16,10,21,744,5,2,9,1,3,85,4584520,123989,870,4,2,2,0,2,1,0,60,1,0,1,99,0
201600036178,16,10,18,1620,1,2,1,1,6,85,4586840,127839,870,4,2,4,0,1,1,0,120,1,0,1,99,0
201600036179,16,10,20,731,5,2,1,5,6,114,4582740,129223,870,3,2,2,0,1,3,0,60,1,0,1,99,0
201600036180,16,10,23,1602,1,1,1,1,4,85,4585260,127598,870,1,3,4,0,2,1,0,120,1,0,1,99,0
201600036181,16,10,18,1535,1,2,2,1,5,85,4582130,124017,870,4,2,2,0,1,1,0,60,1,0,1,99,0
201600036182,16,10,24,1657,1,2,1,2,6,114,4582650,128646,870,3,2,2,0,2,1,0,60,2,0,1,99,0
201600036183,16,10,24,1517,1,2,1,2,6,85,4583270,119699,870,4,2,2,0,2,3,0,60,2,0,1,99,0
201600036184,16,10,26,1405,1,2,1,1,6,85,4582970,124946,870,4,2,2,0,2,1,0,60,1,0,1,3,0
201600036185,16,10,28,1736,1,2,1,1,2,85,4586640,127031,870,4,3,2,0,2,1,30,60,1,0,1,0,0
201600036186,16,10,29,853,1,2,2,1,3,85,4583220,125828,870,4,2,2,0,1,1,0,60,1,6,1,99,0
201600036187,16,10,29,1429,1,2,1,1,6,85,4581480,126818,870,6,0,0,0,1,1,0,60,1,0,1,0,0
201600036188,16,10,29,1555,1,1,3,1,3,85,4588920,127134,870,4,2,2,0,1,1,0,60,1,0,1,0,0
201600036189,16,11,1,1635,1,1,1,1,6,85,4582820,128162,870,1,1,1,0,0,1,0,30,1,0,1,0,0
201600036190,16,11,2,750,1,1,1,1,2,85,4582630,128442,870,1,3,4,0,0,1,10,120,0,0,1,0,0
201600036191,16,11,4,2019,5,2,3,2,1,85,4583760,125268,870,4,2,2,0,1,1,0,60,2,0,1,99,0
201600036192,16,11,8,1210,1,2,1,1,2,85,4581780,125263,870,4,3,4,0,1,1,60,120,1,0,1,0,0
201600036193,16,11,9,810,1,2,1,2,5,85,4582480,124809,870,4,2,2,0,1,1,0,60,2,0,1,99,0
201600036194,16,11,10,624,3,1,1,1,6,85,4585240,127608,870,1,1,2,0,2,1,0,60,2,0,1,99,0
201600036195,16,11,15,1030,1,2,1,1,6,85,4582350,122260,870,4,2,3,0,1,1,0,90,1,0,1,0,0
201600036196,16,11,14,1825,5,2,1,2,6,85,4583240,125849,870,4,2,3,3,1,1,0,90,2,0,1,99,0
201600036197,16,11,6,1850,3,1,1,2,1,85,4590270,129646,870,3,2,2,0,1,1,0,60,2,0,1,99,0
201600036198,16,11,12,1915,5,2,1,2,1,85,4582110,125585,870,4,2,2,0,2,1,0,60,2,0,1,99,0
201600036199,16,11,16,1002,1,2,2,2,1,85,4582110,126293,870,2,3,4,0,1,1,0,120,2,0,1,99,0
201600036200,16,11,17,1745,2,2,1,2,6,85,4584350,123163,870,4,2,2,0,1,1,0,60,2,0,1,99,0
201600036201,16,11,16,1508,1,2,1,2,6,85,4582810,122668,870,4,3,4,0,1,2,0,120,2,0,1,99,0
201600036202,16,11,16,1237,1,2,3,2,6,85,4582860,125612,870,4,2,2,0,2,1,0,60,2,0,1,99,0
201600036203,16,11,10,1149,1,2,1,2,6,65,4581830,129369,870,3,3,3,0,1,1,0,90,2,2,1,99,0
201600036204,16,11,21,1348,1,2,2,1,6,85,4583970,123447,870,4,2,2,0,1,1,0,60,1,0,1,99,0
201600036205,16,11,16,1012,1,1,3,1,5,75,4579930,122748,870,2,2,2,0,0,0,0,0,0,0,1,0,0
201600036206,16,11,17,1743,2,2,1,2,3,114,4582930,130191,870,4,2,1,0,1,1,0,90,2,0,1,0,0
201600036207,16,11,17,1813,5,2,1,2,6,50,4587740,123941,870,4,2,2,0,1,1,0,60,2,0,1,0,0
201600036208,16,11,22,1849,5,2,1,2,6,85,4583220,123359,870,4,2,2,0,1,1,0,60,2,0,1,99,0