Num_Acc,an,mois,jour,hrmn,lum,agg,int,atm,col,com,lat,long,dep,catr,circ,nbv,vosp,prof,plan,lartpc,larrout,surf,infra,situ,env1,killed
201600036209,16,11,19,2027,5,2,3,1,3,85,4583270,125870,870,4,2,2,3,1,1,0,60,1,0,1,99,0
201600036210,16,11,16,1310,1,2,3,2,1,85,4582470,123459,870,4,2,2,0,1,1,0,60,2,0,1,99,0
201600036211,16,11,24,1752,2,1,1,2,6,85,4581290,123326,870,4,2,2,0,1,1,0,60,2,0,1,99,0
201600036212,16,11,24,1537,1,2,1,1,6,85,4583620,122679,870,4,2,3,0,1,1,0,90,1,0,1,0,0
201600036213,16,11,24,2010,5,1,1,1,2,85,4589370,129359,870,1,1,2,0,2,1,0,60,1,0,1,0,0
201600036214,16,11,25,1241,1,2,1,1,6,85,4583530,122149,870,4,2,1,0,2,2,0,30,2,0,1,99,0
201600036215,16,11,26,1428,1,2,1,1,6,85,4584720,125522,870,4,2,2,0,2,1,0,60,1,0,1,99,0
201600036216,16,11,28,1952,3,1,1,1,6,48,4577370,122317,870,3,2,2,0,1,1,0,60,1,0,1,99,0
201600036217,16,11,10,1916,5,2,4,2,1,114,4584020,130447,870,3,2,2,0,1,1,0,60,2,0,1,99,0
201600036218,16,11,20,1525,1,2,1,1,3,85,4582780,125812,870,4,2,4,0,2,1,0,120,1,0,1,3,0
201600036219,16,12,3,1900,5,2,4,1,6,85,4582480,127580,870,3,2,3,0,1,1,0,90,1,0,1,99,0
201600036220,16,12,2,1500,1,2,1,1,4,85,4581870,126561,870,4,3,5,0,2,1,10,150,1,0,1,0,0
201600036221,16,11,28,1639,1,2,1,1,6,85,4580980,123589,870,4,2,2,0,1,1,0,60,1,0,1,99,0
201600036222,16,12,3,852,1,2,1,1,6,85,4585260,125941,870,4,3,4,0,1,1,0,120,1,0,1,99,0
201600036223,16,12,7,1811,2,2,3,1,2,85,4583560,124426,870,4,2,3,0,1,1,0,90,1,0,1,99,0
201600036224,16,12,10,1331,1,2,1,1,6,114,4582970,130702,870,4,2,2,0,1,1,0,60,1,0,1,99,0
201600036225,16,12,8,737,5,1,3,1,3,65,4581830,129301,870,3,2,3,0,1,1,0,90,1,0,1,0,0
201600036226,16,12,14,1540,1,2,3,1,3,85,4583580,126274,870,4,2,2,0,1,1,0,60,1,5,1,99,0
201600036227,16,12,14,1523,1,2,1,1,2,85,4581460,123097,870,4,3,3,0,1,1,0,60,1,0,1,99,0
201600036228,16,12,14,1735,1,2,1,1,3,85,4587440,127033,870,4,3,3,0,1,1,0,90,1,0,1,99,0
201600036229,16,12,16,1805,2,1,1,2,6,85,4588370,129122,870,1,3,6,0,1,3,0,180,2,0,1,99,0
201600036230,16,12,16,1451,1,2,1,1,6,85,4584400,122962,870,4,2,2,0,1,1,0,60,1,0,1,3,0
201600036231,16,11,10,1521,1,2,3,1,3,85,4585480,127372,870,4,2,2,0,1,1,0,60,1,0,1,3,0
201600036232,16,11,30,1308,1,1,1,1,6,114,4583870,130992,870,3,2,3,3,1,1,0,90,1,0,1,99,0
201600036233,16,12,20,958,1,2,1,1,6,85,4588130,129486,870,4,2,2,0,1,1,0,60,1,0,1,99,0
201600036234,16,9,18,2036,5,2,3,1,3,85,4584570,127117,870,4,2,2,0,1,1,0,60,1,0,1,99,0
201600036235,16,12,23,1310,1,1,1,2,6,85,4587870,129941,870,4,2,2,0,1,3,0,60,2,0,1,3,0
201600036236,16,12,27,831,2,1,1,1,2,85,4587100,128765,870,1,3,4,0,0,1,10,120,1,0,1,0,0
201600036237,16,12,27,955,1,2,1,1,6,85,4584080,123402,870,4,2,2,0,1,1,30,70,1,0,1,0,0
201600036238,16,12,27,1225,1,2,1,1,6,85,4581420,127879,870,4,2,2,0,1,1,0,60,1,0,1,0,0
201600036239,16,12,28,1922,5,2,1,1,6,85,4581880,125183,870,4,1,2,0,2,1,0,60,1,0,1,0,0
201600036240,16,1,23,1010,1,1,1,1,6,160,4818497,647812,880,3,2,2,0,1,1,0,92,2,0,3,0,0
201600036241,16,1,30,1401,1,2,6,8,6,160,4817492,643398,880,4,2,2,0,1,1,0,78,1,0,1,0,1
201600036242,16,3,9,900,1,2,1,1,6,160,4817262,644796,880,3,1,1,0,1,1,0,58,1,0,1,0,0
201600036243,16,3,12,1555,1,2,1,1,6,87,4817282,643404,880,3,2,2,0,3,1,0,65,1,0,1,0,0
201600036244,16,3,20,1610,1,2,1,1,1,160,4814878,644786,880,4,2,1,0,2,3,0,49,1,0,1,99,0
201600036245,16,3,21,1115,1,2,2,1,6,160,4818609,645241,880,4,2,2,0,2,1,0,60,1,0,1,99,0
201600036246,16,3,23,1815,1,2,3,1,3,209,4819055,643313,880,3,2,2,0,1,1,0,102,1,0,1,99,0
201600036247,16,4,8,332,3,1,1,8,6,160,4820426,645972,880,6,0,0,0,1,1,0,0,2,0,0,99,0
201600036248,16,5,7,1725,1,2,6,1,7,160,4816449,644907,880,3,2,2,0,1,1,0,0,1,0,1,3,0
201600036249,16,5,26,105,3,2,1,1,6,160,4817594,644809,880,4,1,1,0,1,1,0,40,1,6,1,99,1
201600036250,16,6,6,955,1,2,1,1,2,160,4818159,644709,880,3,2,2,0,1,1,0,95,1,0,1,99,0
201600036251,16,6,24,755,1,1,1,1,7,160,4817352,645359,880,4,2,2,0,1,2,0,61,1,0,3,0,0
201600036252,16,7,16,2305,3,1,1,1,7,160,4817654,650288,880,3,2,2,0,1,1,0,57,1,0,3,99,0
201600036253,16,7,30,1455,1,2,1,1,6,160,4819305,645321,880,3,2,4,0,1,1,30,70,1,0,1,99,0
201600036254,16,9,22,1855,1,1,1,1,6,160,4814575,647019,880,3,2,2,0,1,1,0,54,9,0,3,99,1
201600036255,16,9,24,2130,5,2,1,1,6,160,4816787,644999,880,3,2,2,0,1,1,0,71,1,0,1,0,0
201600036256,16,10,1,2214,5,2,1,1,6,160,4818950,643824,880,4,2,2,0,0,0,0,0,0,0,1,0,0
201600036257,16,10,14,2040,5,2,2,1,2,160,4819525,646058,880,3,1,2,0,1,1,0,89,2,0,1,0,0
201600036258,16,11,25,1020,1,2,2,1,6,160,4817496,644922,880,4,2,2,0,1,1,0,0,1,0,1,3,1
201600036259,16,12,10,1850,5,2,1,1,6,160,4817683,645505,880,3,2,2,0,2,0,0,60,1,0,1,0,0
201600036260,16,12,16,727,5,2,1,1,6,87,4816680,643426,880,3,2,2,0,3,1,0,58,1,0,1,3,0
201600036261,16,8,18,2256,5,2,1,1,6,415,4800902,661447,880,3,2,2,0,1,1,0,0,2,2,3,99,0
201600036262,16,9,24,1924,1,2,3,1,1,415,4801177,660886,880,4,2,2,0,1,1,0,33,1,0,1,99,0
201600036263,16,10,24,1750,1,1,1,8,2,409,4801256,664778,880,3,2,2,0,0,0,0,74,0,0,1,0,0
201600036264,16,1,7,2120,5,2,1,2,6,413,4828367,694630,880,3,0,2,0,1,1,0,66,2,0,1,0,0
201600036265,16,1,13,738,2,2,1,2,6,413,4828444,694667,880,4,2,2,0,1,1,0,100,2,0,1,3,0
201600036267,16,2,6,1130,1,2,3,1,7,413,4828155,695151,880,4,2,0,0,1,1,0,100,1,0,1,0,0
201600036268,16,3,17,1445,1,2,1,1,3,413,4829041,694209,880,4,2,0,0,1,1,0,80,1,0,1,0,0
201600036269,16,3,19,2045,5,2,1,1,6,413,4828875,694838,880,4,2,2,0,1,1,0,70,1,0,1,0,0
201600036271,16,5,28,1810,1,2,2,1,5,413,4828869,694397,880,4,2,2,0,1,1,0,70,1,0,1,0,0
201600036272,16,5,14,1300,1,1,1,1,7,463,4827316,689755,880,3,2,2,0,2,3,0,0,1,0,1,0,0
201600036273,16,6,19,1815,1,2,1,1,6,413,4828346,695290,880,4,0,1,0,1,1,0,50,0,0,1,0,0
201600036274,16,6,26,1649,1,2,1,1,1,413,4829981,692789,880,4,2,2,0,1,1,0,90,1,0,1,99,0
201600036275,16,7,4,30,5,2,2,1,3,413,4828343,695291,880,4,2,0,0,0,0,0,0,0,0,0,0,0
201600036276,16,7,9,1908,1,2,1,1,2,413,4828431,695367,880,4,2,2,2,1,1,0,60,1,0,1,0,0
201600036277,16,7,15,1835,1,2,1,1,6,424,4827699,697486,880,3,2,2,0,1,1,30,100,1,0,0,0,0
201600036278,16,7,18,1123,1,2,1,1,6,424,4826995,697486,880,3,2,2,0,1,2,0,110,1,0,1,0,0
201600036279,16,7,14,1050,1,1,1,3,7,413,4831552,696632,880,4,0,2,0,0,0,0,0,0,0,0,0,0
201600036280,16,9,6,1853,1,1,2,1,3,413,4827744,695313,880,3,2,2,0,0,0,0,81,0,0,1,0,0
201600036281,16,9,1,1830,1,2,1,1,4,413,4829138,692833,880,4,2,1,0,1,1,30,30,1,0,1,0,0
201600036282,16,9,28,1716,1,1,1,1,6,463,4827500,686583,880,3,2,2,0,2,2,0,69,1,0,0,0,0
201600036283,16,10,1,2102,5,2,1,1,3,413,4828994,694689,880,4,2,1,0,1,1,0,70,2,0,1,99,0
201600036284,16,10,10,1535,1,2,1,1,3,413,4828256,696503,880,4,0,2,0,1,1,0,0,1,0,1,99,0
201600036285,16,11,19,250,5,2,1,2,6,413,4831260,692031,880,3,2,2,0,4,2,0,65,2,0,3,99,0
201600036286,16,12,7,1500,1,2,6,1,3,424,4827450,696612,880,3,2,2,0,1,1,0,35,1,0,1,0,0
201600036287,16,12,3,2320,5,2,1,1,6,463,4824957,690240,880,4,0,1,0,1,2,0,54,1,0,1,99,0
201600036288,16,12,6,1925,5,2,1,1,2,413,4828038,695163,880,4,2,2,0,1,1,20,83,2,0,1,3,0
201600036289,16,2,1,1915,5,2,1,1,3,24,4779808,355729,890,4,2,2,0,2,1,0,80,2,0,1,99,0
201600036290,16,3,2,1220,1,1,1,2,3,346,4780072,352075,890,3,2,2,0,1,1,0,72,2,0,1,99,0
201600036291,16,3,23,735,1,2,2,1,2,24,4779227,356744,890,3,3,4,3,1,1,35,120,0,0,1,99,0
201600036292,16,5,22,1140,1,1,1,2,1,24,4774650,358619,890,3,2,2,0,1,3,0,0,2,0,1,99,0
201600036293,16,6,5,1440,1,2,1,1,6,24,4777945,357475,890,3,2,2,0,1,1,0,70,1,0,1,99,1
201600036294,16,6,16,2010,1,2,2,1,3,24,4780493,357149,890,4,2,2,0,1,1,0,0,1,0,1,3,0
201600036295,16,7,4,1040,1,1,1,1,1,24,4776702,355094,890,2,2,2,0,1,1,0,79,1,0,1,0,1
201600036296,16,8,17,1740,1,2,1,1,6,24,4781194,356119,890,3,0,2,0,1,1,0,85,1,0,1,0,0
201600036297,16,7,22,1655,1,2,1,1,6,24,4779628,357997,890,4,1,3,0,1,1,0,91,1,0,1,99,1
201600036298,16,7,23,1430,1,1,3,1,2,263,4783919,359941,890,2,2,2,0,1,1,0,70,1,0,1,99,1
201600036299,16,8,24,1840,1,2,2,1,2,24,4779328,357784,890,2,2,2,0,1,2,0,76,1,0,1,0,0
201600036300,16,11,18,920,1,2,4,1,6,24,4779614,358553,890,4,2,2,0,1,1,0,95,2,0,1,0,1
201600036301,16,11,29,950,1,1,1,1,2,24,4781476,355774,890,4,2,2,0,1,1,0,60,1,0,1,99,0
201600036302,16,12,3,1625,1,2,1,1,6,24,4782473,358799,890,2,2,2,0,1,1,0,70,1,0,1,3,1
201600036303,16,1,21,916,1,2,9,1,2,387,4819906,328404,890,4,1,1,0,1,2,0,25,1,0,1,0,0
201600036304,16,1,27,740,3,2,2,1,3,387,4820177,329774,890,4,2,3,0,1,1,0,89,1,0,1,3,0
201600036305,16,2,4,930,1,1,3,2,4,354,4821240,326426,890,3,2,2,0,1,1,0,105,2,2,1,99,0
201600036306,16,10,30,235,5,2,1,1,6,387,4820266,329561,890,4,2,2,0,1,1,0,67,2,0,4,99,0
201600036307,16,3,24,1305,1,2,1,1,3,387,4820507,329461,890,4,2,2,1,0,0,0,0,0,0,1,0,0
201600036308,16,3,30,1325,1,2,6,2,6,387,4820116,328227,890,4,1,1,0,1,1,0,60,2,0,1,0,0
201600036309,16,5,4,940,1,2,1,1,4,387,4819424,330041,890,4,2,2,0,1,1,0,80,1,0,1,0,0
201600036310,16,5,8,910,1,2,9,1,2,287,4817910,325817,890,3,1,2,0,1,3,0,84,1,0,1,0,0
201600036311,16,5,9,1650,1,2,1,1,3,338,4821578,327842,890,4,2,2,0,1,1,0,58,1,0,1,3,0
201600036312,16,4,29,800,1,2,1,7,6,287,4817938,324951,890,4,2,2,0,1,1,0,45,1,0,1,99,0
201600036314,16,5,27,2010,1,2,1,1,6,387,4820211,327534,890,4,2,2,0,1,1,0,134,2,0,1,0,0
201600036315,16,5,29,1315,1,2,1,1,2,354,4820632,326505,890,3,2,2,0,1,1,0,35,1,0,1,0,0
201600036316,16,5,31,1300,1,2,3,2,3,342,4822898,326556,890,3,2,2,0,1,1,0,102,2,0,1,0,0
201600036317,16,6,3,840,1,2,1,2,7,387,4819892,327671,890,4,1,2,0,1,1,0,62,2,0,1,99,0
201600036318,16,12,10,625,5,2,4,1,6,342,4821553,327514,890,3,4,3,0,1,1,0,170,1,0,3,99,0
201600036319,16,6,10,1730,1,2,2,1,3,387,4818724,330492,890,3,2,2,0,1,1,0,38,1,0,1,0,0
201600036320,16,6,16,1855,1,2,2,1,3,338,4821579,328668,890,3,2,3,0,1,1,0,83,1,0,1,99,1
201600036321,16,6,28,1910,1,1,1,1,6,338,4822440,329015,890,3,1,1,0,3,1,0,43,0,0,3,99,0
201600036322,16,6,27,135,5,2,2,1,6,387,4820500,328496,890,3,2,2,0,0,0,21,61,0,0,0,0,0
201600036323,16,6,19,2205,5,2,1,1,7,387,4819977,328800,890,4,1,1,0,1,1,0,61,1,0,1,3,0
201600036324,16,7,4,1600,1,2,1,1,6,387,4819201,328121,890,4,0,0,0,1,1,0,50,1,0,1,99,0
201600036325,16,7,4,740,1,1,1,1,7,387,4817460,329338,890,3,1,1,0,1,3,0,32,2,0,3,99,0
201600036326,16,6,17,1335,1,2,2,1,6,387,4820076,330426,890,4,2,2,0,1,1,0,90,0,0,1,3,0
201600036327,16,7,9,2100,2,2,1,1,4,342,4823097,326399,890,3,2,2,0,1,1,0,67,1,0,1,0,0
201600036328,16,7,8,800,1,2,1,1,2,387,4818006,328988,890,3,2,2,0,1,1,0,80,1,0,1,99,0
201600036329,16,7,9,1100,1,2,2,1,6,387,4819933,328705,890,4,1,1,0,1,1,0,57,1,0,1,3,0
201600036330,16,7,18,1150,1,2,1,1,3,387,4819504,330940,890,4,2,2,0,1,1,0,0,1,0,1,99,0
201600036331,16,8,5,1134,1,2,1,1,1,387,4820187,329751,890,4,2,2,0,1,1,0,86,1,0,1,0,0
201600036332,16,8,16,1115,1,2,1,1,4,387,4819571,328769,890,4,1,2,0,1,1,0,60,1,0,1,0,0
201600036333,16,9,6,930,1,2,1,2,3,387,4820175,328434,890,3,0,2,0,1,1,0,59,2,0,1,0,0
201600036334,16,9,8,1130,1,2,1,1,6,287,4819076,326357,890,3,2,2,0,1,2,0,63,1,1,0,99,1
201600036335,16,9,19,1710,1,1,1,1,7,342,4823108,326389,890,3,2,2,0,1,1,0,70,1,0,1,99,0
201600036336,16,9,16,1630,1,2,5,1,3,387,4819404,330070,890,4,4,5,0,1,1,0,177,1,5,1,99,0
201600036337,16,9,18,1310,1,2,1,1,7,387,4820102,328226,890,4,1,1,0,1,3,0,0,9,0,1,0,0
201600036338,16,9,26,1300,1,1,2,1,3,387,4819500,331408,890,4,2,2,0,1,1,0,0,1,0,1,99,0
201600036339,16,10,2,510,5,2,1,1,2,387,4820755,328530,890,3,2,1,0,1,1,0,61,1,0,1,0,0
201600036340,16,9,30,1610,1,2,2,1,3,387,4820498,328494,890,3,2,2,0,1,1,0,61,1,5,1,99,0
201600036341,16,10,12,900,1,2,1,1,2,387,4819198,330840,890,4,3,1,0,1,1,0,73,1,0,1,99,0
201600036342,16,10,24,1800,2,1,2,3,4,387,4818879,331018,890,3,2,2,0,2,3,0,0,2,3,1,99,0
201600036343,16,10,15,1715,1,2,3,1,6,387,4819844,330759,890,4,2,1,0,1,1,0,61,1,0,1,0,0
201600036344,16,10,26,1010,1,1,2,1,1,387,4817826,328042,890,4,2,2,0,1,1,0,43,2,0,1,99,0
201600036345,16,11,5,1835,5,2,1,1,4,387,4820499,328510,890,4,4,3,0,1,0,0,89,1,0,1,0,0
201600036346,16,11,4,1310,1,2,1,1,2,387,4820135,328420,890,3,2,2,0,1,1,0,57,1,5,1,3,0
201600036347,16,10,31,1835,5,2,2,1,6,387,4820426,329201,890,4,2,3,0,1,1,0,93,1,5,1,99,0
201600036348,16,11,11,2115,5,2,3,1,3,387,4819768,327399,890,4,2,2,0,1,1,0,83,1,0,1,99,0
201600036349,16,11,16,1225,1,2,1,2,1,387,4819574,329569,890,4,4,3,0,1,1,0,136,2,5,1,99,0
201600036350,16,11,25,820,1,2,1,1,6,387,4819442,328358,890,4,2,2,0,1,1,0,95,1,6,1,0,0
201600036351,16,11,13,225,5,2,1,8,2,387,4820545,327761,890,4,3,2,0,1,0,60,85,2,5,1,99,0
201600036352,16,12,2,900,1,1,3,1,3,387,4821238,326429,890,3,2,2,0,1,1,0,70,1,0,1,99,0
201600036353,16,11,18,530,1,1,1,1,6,287,4818947,326106,890,4,2,2,0,2,1,0,0,2,0,1,3,0
201600036356,16,1,8,1427,1,1,1,3,7,29,4764855,681445,900,3,2,2,0,1,2,0,0,2,0,1,99,0
201600036362,16,1,15,945,1,2,1,1,6,10,4764047,686461,900,4,3,2,0,2,1,0,80,2,0,1,3,0
201600036365,16,1,19,1711,3,1,1,4,7,1,4760950,684097,900,3,2,2,0,2,2,0,0,5,0,3,0,0
201600036373,16,3,9,1156,1,2,1,1,3,10,4762961,684294,900,4,2,4,0,1,1,0,0,1,0,1,0,0
201600036374,16,3,10,829,1,2,1,1,4,75,4765561,686241,900,4,2,2,0,1,1,0,0,1,0,1,0,0
201600036379,16,3,19,1619,1,2,1,1,6,10,4763458,685347,900,4,2,2,3,2,1,0,0,1,0,1,0,0
201600036380,16,3,21,1053,1,2,1,1,6,8,4762055,683447,900,6,1,0,0,1,1,0,0,1,0,1,99,0
201600036398,16,5,31,1554,1,2,6,3,1,8,4761094,682816,900,3,0,0,0,1,1,0,0,2,0,0,0,0
201600036418,16,12,8,1618,1,2,1,1,6,10,4764559,685542,900,3,2,0,0,1,1,0,90,1,0,1,99,0
201600036421,16,1,1,1300,1,2,1,1,6,347,4865861,228531,910,3,2,2,0,1,1,0,0,1,0,3,0,0
201600036422,16,1,12,1435,1,2,1,1,1,339,4860626,225007,910,2,3,2,0,1,1,0,0,1,0,1,0,0
201600036423,16,1,12,1610,1,2,1,1,6,103,4860636,230529,910,3,2,2,0,1,1,0,0,1,0,1,0,0
201600036424,16,1,13,115,5,2,1,2,6,339,4863025,226997,910,4,2,2,0,1,1,0,0,2,0,4,0,0
201600036425,16,1,16,840,1,1,1,9,6,457,4857641,227874,910,3,3,2,0,1,1,0,0,7,0,1,0,0
201600036426,16,1,22,1255,1,2,1,3,2,339,4863006,226337,910,2,3,2,0,2,1,0,0,2,0,1,0,0
201600036427,16,1,23,1815,5,2,1,2,2,339,4860633,225025,910,2,3,4,0,1,1,0,0,2,0,1,0,0
201600036428,16,1,26,1415,1,2,3,1,3,552,4859387,226185,910,4,2,2,0,1,1,0,0,1,0,1,0,0
201600036429,16,1,26,1915,3,1,1,1,6,103,4859144,230920,910,3,3,4,0,1,1,0,0,8,0,1,0,0
201600036430,16,1,29,1505,1,2,3,1,6,103,4861552,230493,910,4,2,2,0,1,1,0,0,1,0,1,0,0
201600036431,16,1,30,1810,5,2,3,2,2,347,4865472,227382,910,2,2,2,0,1,1,0,0,2,0,1,0,0
201600036432,16,1,31,1518,1,2,1,1,3,425,4863954,226454,910,3,2,2,0,1,1,0,0,2,0,4,0,0
201600036433,16,2,1,2015,3,1,1,2,6,457,4857521,226321,910,3,3,2,0,1,0,0,0,2,0,1,0,0
201600036434,16,2,4,810,1,2,1,1,3,21,4859081,225677,910,3,3,2,0,1,1,0,0,1,0,0,0,0
201600036436,16,2,6,1745,1,2,1,1,6,552,4859310,226595,910,4,1,1,0,1,1,0,0,1,0,1,0,0
201600036437,16,2,7,220,5,1,1,2,4,552,4860685,225046,910,2,3,2,0,1,1,0,0,2,0,1,99,0
201600036438,16,2,11,1700,1,2,4,1,6,552,4860618,225584,910,4,2,2,0,1,1,0,0,1,0,1,0,0
201600036439,16,2,12,1500,1,2,1,2,6,21,4858950,224515,910,3,2,2,0,2,1,0,0,2,0,1,0,0
201600036440,16,2,19,1025,1,2,1,1,6,103,4860898,230511,910,4,1,2,0,1,1,0,0,1,0,1,0,0
201600036441,16,2,19,1115,1,2,1,1,2,425,4864459,226130,910,4,1,1,0,1,1,0,0,1,0,3,0,0
201600036442,16,2,19,2150,5,2,1,1,7,425,4864963,227589,910,3,2,2,0,1,3,0,0,1,0,1,0,0
201600036443,16,2,20,1150,1,2,1,2,6,21,4859938,224142,910,3,3,2,0,1,1,0,0,2,0,1,0,0
201600036444,16,2,23,1925,3,1,1,1,2,552,4860226,224767,910,2,3,2,0,1,1,0,0,1,0,1,0,0
201600036445,16,2,24,750,1,2,1,1,3,347,4863749,229586,910,4,2,2,0,1,1,0,0,1,0,1,0,0
201600036446,16,2,26,1345,1,2,1,1,3,552,4859500,225887,910,4,2,2,0,1,1,0,0,1,0,1,0,0
201600036447,16,3,1,1308,1,2,1,2,3,21,4858830,224999,910,4,1,1,0,1,1,0,0,2,0,1,0,0
201600036448,16,3,3,1955,3,2,1,1,7,552,4861189,224821,910,4,2,2,0,1,1,0,0,1,0,1,0,0
201600036449,16,3,7,810,1,1,1,1,3,103,4862435,229762,910,4,2,2,0,1,1,0,0,1,0,0,0,0
201600036450,16,3,8,1039,1,2,1,1,6,103,4860848,231627,910,3,2,2,0,1,3,0,0,1,0,0,0,0
201600036451,16,3,10,1700,1,2,1,1,2,103,4858948,230148,910,4,2,2,0,1,1,0,0,1,0,1,0,0
201600036452,16,3,11,30,4,2,1,1,6,552,4859484,225723,910,4,2,2,0,1,1,0,0,1,0,1,0,0
201600036453,16,3,12,1110,1,2,2,1,2,425,4864788,226648,910,3,2,2,0,2,1,0,0,1,0,1,0,0
201600036454,16,3,23,1940,5,2,1,1,2,103,4861086,227973,910,4,2,2,0,3,1,0,0,1,0,1,0,0
201600036455,16,3,25,745,1,2,1,1,7,21,4859253,224490,910,3,2,2,0,0,1,0,0,2,0,1,0,0
201600036456,16,3,26,1015,1,2,1,1,6,552,4860685,225046,910,2,3,2,0,3,1,0,0,1,0,1,0,0
201600036457,16,3,30,850,1,1,1,2,4,552,4860685,225046,910,2,3,4,0,1,1,0,0,2,0,1,0,0
201600036458,16,3,30,1710,1,2,1,1,6,103,4859573,230369,910,4,2,2,0,1,1,0,0,1,0,0,0,0
201600036459,16,4,5,1900,1,2,1,1,6,552,4859190,226870,910,4,2,2,0,1,1,0,0,1,0,1,0,0
201600036461,16,4,14,840,1,2,1,1,5,425,4864008,226823,910,2,3,4,0,2,1,0,0,1,0,1,0,0
201600036462,16,4,16,1610,1,2,1,1,2,339,4863008,226485,910,4,2,2,0,4,1,0,0,1,0,1,0,0
201600036463,16,4,18,1040,1,2,1,1,2,21,4858530,224100,910,4,2,2,0,2,1,0,0,1,0,1,0,0
201600036465,16,4,28,830,1,2,1,1,1,21,4858692,225221,910,3,2,2,0,2,1,0,0,1,0,0,0,0
201600036467,16,5,2,1240,1,2,1,1,2,333,4861487,225855,910,4,2,2,0,1,1,0,0,1,0,1,0,0
201600036468,16,5,5,1040,1,2,2,1,3,103,4860077,229656,910,3,2,2,0,1,1,0,0,1,0,1,0,0
201600036469,16,5,8,1510,1,2,3,1,1,425,4863975,226644,910,3,1,1,0,1,1,0,0,1,0,0,0,0
201600036471,16,5,11,1730,1,2,1,2,2,103,4858537,229947,910,4,1,1,0,1,1,0,0,2,0,1,0,0
201600036472,16,5,12,1315,1,2,1,1,3,103,4861439,230985,910,4,2,2,0,2,1,0,0,1,0,1,0,0
201600036473,16,5,14,2340,5,2,1,1,3,103,4862414,229773,910,3,3,2,0,1,1,0,0,1,0,1,0,0
201600036475,16,5,17,37,5,1,1,1,3,425,4864483,226998,910,2,3,4,0,2,1,0,0,1,0,1,0,0
201600036476,16,5,20,1045,1,2,1,1,6,103,4860590,230440,910,4,2,2,0,1,1,0,0,1,0,1,0,0
201600036477,16,5,20,1810,1,2,2,1,6,21,4858753,225158,910,3,2,2,0,1,1,0,0,1,0,1,0,0
201600036478,16,5,24,1605,1,2,1,1,6,339,4863269,226920,910,4,1,1,0,1,1,0,0,1,0,1,0,0
201600036479,16,5,26,1359,1,2,1,1,6,21,4859356,224168,910,2,3,4,0,1,1,0,0,1,0,1,0,0
201600036480,16,6,1,845,1,2,1,2,6,103,4860017,229500,910,3,2,2,0,1,1,0,0,2,0,1,0,0
201600036481,16,6,3,1925,1,2,1,1,3,21,4859356,224168,910,3,3,2,0,2,1,0,0,1,0,1,0,0
201600036482,16,6,5,2010,1,2,1,1,2,339,4862568,226175,910,2,3,4,0,2,1,0,0,1,0,1,0,0
201600036483,16,6,7,1328,1,2,1,1,7,103,4860462,232168,910,3,2,2,0,1,2,0,0,1,0,0,0,0
201600036484,16,6,8,940,1,2,1,1,6,103,4860462,232168,910,3,3,4,0,1,1,0,0,1,0,0,0,0
201600036485,16,6,8,1955,1,2,1,1,3,552,4859255,226139,910,3,3,2,0,1,1,0,0,1,0,1,0,0
201600036486,16,6,9,1825,1,1,1,1,7,457,4857714,228597,910,3,2,2,0,1,1,0,0,1,0,0,0,0
201600036487,16,6,9,2000,1,2,1,1,3,339,4863107,226377,910,2,3,4,0,1,1,0,0,1,0,1,0,0
201600036488,16,6,13,1420,1,2,1,2,2,425,4863998,226978,910,4,1,2,0,1,1,0,0,2,0,1,0,0
201600036489,16,6,20,825,1,2,1,2,4,339,4863006,226330,910,2,3,4,0,4,1,0,0,2,0,1,0,0
201600036490,16,6,23,2140,1,1,1,1,3,339,4862736,226228,910,2,3,4,0,1,1,0,0,1,0,0,0,0
201600036491,16,6,24,2040,1,1,1,1,3,457,4857610,226656,910,3,3,2,0,1,2,0,0,1,0,0,0,0
201600036492,16,6,25,2000,1,1,1,1,2,339,4862861,226276,910,2,3,4,0,1,1,0,0,1,0,1,0,0
201600036493,16,6,27,845,1,2,3,2,3,103,4861784,230112,910,3,2,2,0,1,1,0,0,2,0,1,0,0
201600036494,16,7,5,1800,1,2,1,1,2,425,4864562,227437,910,4,2,2,0,1,1,0,0,1,0,1,0,0
201600036496,16,7,8,45,5,2,3,1,3,552,4859684,225661,910,4,2,2,0,1,1,0,0,1,0,0,0,0
201600036497,16,7,10,215,3,2,2,1,3,103,4860251,229546,910,4,2,2,0,1,1,0,0,1,0,1,0,0
201600036498,16,7,21,945,1,2,1,1,7,103,4858799,230388,910,4,2,2,0,1,0,0,0,1,0,2,0,0
201600036499,16,7,28,1500,1,2,1,1,6,103,4858788,230506,910,4,2,2,0,1,1,0,0,1,0,1,0,0
201600036500,16,8,2,805,1,2,1,2,3,347,4865527,227415,910,3,3,4,0,1,1,0,0,2,0,1,0,0
201600036501,16,8,3,1755,1,2,1,1,2,21,4858952,224866,910,4,1,1,0,2,1,0,0,1,0,1,0,0
201600036502,16,8,5,1335,1,2,1,1,6,103,4861854,230919,910,3,2,2,0,1,1,0,0,1,0,1,0,0
201600036503,16,8,9,1700,1,2,1,1,5,425,4864473,227003,910,2,3,2,0,1,1,0,0,1,0,1,0,0
201600036504,16,8,13,1415,1,2,3,1,1,425,4864156,225133,910,4,2,2,0,1,1,0,0,1,0,1,0,0