Num_Acc,an,mois,jour,hrmn,lum,agg,int,atm,col,com,lat,long,dep,catr,circ,nbv,vosp,prof,plan,lartpc,larrout,surf,infra,situ,env1,killed
201600036505,16,8,22,650,1,2,1,1,7,103,4862414,229773,910,3,1,2,0,1,2,0,0,1,0,1,0,0
201600036506,16,8,22,1102,1,1,4,1,3,347,4864435,228167,910,3,2,2,0,1,1,0,0,1,0,1,0,0
201600036507,16,8,29,1640,1,2,1,2,4,552,4860633,225025,910,2,3,4,0,1,1,0,0,2,0,1,0,0
201600036508,16,9,7,1110,1,2,1,1,6,103,4860846,230534,910,4,2,2,0,1,1,0,0,1,0,1,0,0
201600036509,16,9,13,808,1,2,3,1,3,333,4862001,226129,910,4,2,2,0,1,1,0,0,1,0,1,0,0
201600036510,16,9,13,1035,1,1,1,1,6,103,4859555,231209,910,3,3,4,0,1,3,0,0,1,5,1,99,0
201600036511,16,9,13,1820,1,2,1,1,3,425,4864483,226998,910,2,3,2,0,1,1,0,0,1,0,1,0,0
201600036512,16,9,26,915,1,2,1,1,3,347,4864815,228371,910,4,2,2,0,2,1,0,0,1,0,1,0,0
201600036513,16,9,26,1815,1,1,6,1,7,21,4859792,224527,910,2,1,1,0,1,1,0,0,1,3,1,0,0
201600036514,16,9,30,2145,5,2,1,2,6,21,4858223,224289,910,3,3,2,0,2,1,0,0,2,0,1,0,0
201600036515,16,10,1,1010,1,2,4,1,6,103,4860342,231188,910,4,2,2,0,1,1,0,0,1,0,1,0,0
201600036516,16,10,2,2016,3,1,1,1,5,457,4857631,227901,910,3,3,4,0,1,1,0,0,1,0,1,0,0
201600036517,16,10,11,650,5,2,1,2,4,339,4862448,226146,910,2,1,1,0,1,3,0,0,2,3,1,99,0
201600036518,16,10,12,755,1,2,1,1,6,425,4864697,227083,910,2,3,4,0,1,1,0,0,1,0,1,0,0
201600036519,16,10,15,2010,5,1,2,1,2,347,4863527,228564,910,3,2,2,0,2,1,0,0,1,0,0,0,0
201600036520,16,10,16,1300,1,2,1,1,1,347,4864568,227871,910,3,2,2,0,1,1,0,0,1,0,1,0,0
201600036521,16,10,19,900,1,1,1,1,5,425,4864839,227364,910,3,2,2,0,2,1,0,0,1,0,1,0,0
201600036522,16,10,23,1156,1,1,6,1,3,103,4860862,231269,910,3,3,2,2,1,1,0,0,1,5,1,0,0
201600036523,16,10,25,735,3,1,1,5,3,21,4859174,223978,910,2,3,4,0,1,1,0,0,1,0,1,0,0
201600036524,16,11,4,1535,1,1,3,2,3,339,4862612,226251,910,2,1,1,0,2,1,0,0,2,3,1,0,0
201600036525,16,11,5,20,3,2,1,2,6,339,4861736,225265,910,4,2,2,0,1,1,0,0,2,2,1,0,0
201600036526,16,10,29,1542,1,1,1,2,7,457,4857494,226238,910,3,3,4,0,1,1,0,0,2,0,1,99,0
201600036527,16,11,7,729,2,2,1,1,6,339,4863149,226668,910,4,2,2,0,1,1,0,0,2,0,1,0,0
201600036528,16,11,8,836,1,1,1,1,3,103,4860584,232284,910,3,3,4,0,1,1,0,0,1,0,1,99,0
201600036529,16,11,10,2210,5,2,1,1,6,103,4859812,230418,910,4,2,2,0,1,1,0,0,1,0,1,0,0
201600036530,16,11,11,1331,1,2,1,1,4,425,4864028,226669,910,4,2,2,0,1,1,0,0,1,0,1,0,0
201600036531,16,11,13,1640,1,2,1,2,2,425,4864866,227152,910,3,2,2,0,2,1,0,0,2,2,1,0,0
201600036532,16,11,19,1140,1,2,1,1,6,21,4858847,224564,910,3,2,2,0,1,1,0,0,1,0,1,0,0
201600036533,16,11,21,724,5,1,1,2,2,552,4860213,224770,910,2,3,4,0,1,1,0,0,2,0,1,99,0
201600036534,16,11,25,2015,5,2,3,1,2,347,4862925,228925,910,4,1,1,0,1,1,0,0,1,0,1,0,0
201600036535,16,11,26,130,3,2,3,1,7,103,4857772,228791,910,3,3,2,0,1,1,0,0,1,0,1,0,0
201600036536,16,11,28,2119,3,1,6,1,3,457,4857380,225852,910,3,1,1,0,1,2,0,0,1,0,1,0,0
201600036537,16,11,29,1145,1,2,1,1,6,103,4860846,230532,910,4,1,2,0,1,1,0,0,1,0,1,0,0
201600036538,16,11,30,1130,1,2,1,1,4,339,4863714,226705,910,2,3,4,0,3,1,0,0,1,0,1,0,0
201600036539,16,12,3,1415,1,2,1,1,6,425,4864993,227532,910,4,2,2,0,1,1,0,0,1,0,4,0,0
201600036540,16,12,7,1800,5,1,1,1,4,552,4860322,224819,910,2,3,4,0,1,1,0,0,1,0,1,0,0
201600036541,16,12,9,1116,1,2,1,1,1,103,4861759,230823,910,4,2,2,0,2,1,0,0,1,0,1,0,0
201600036542,16,12,14,1656,1,2,1,1,3,103,4860364,230584,910,4,2,2,0,1,1,0,0,1,0,0,0,0
201600036543,16,12,15,1826,3,1,1,2,7,339,4862489,225967,910,2,1,1,0,1,2,0,0,2,3,1,0,0
201600036544,16,12,15,1955,5,2,2,2,1,103,4860484,229982,910,3,2,2,0,1,1,0,0,2,0,1,0,0
201600036545,16,12,16,1715,2,2,1,1,6,425,4864007,227148,910,4,1,1,0,3,1,0,0,1,0,1,0,0
201600036546,16,12,18,740,3,2,1,1,1,103,4860319,231956,910,3,3,2,0,1,1,0,0,1,0,1,0,0
201600036547,16,12,21,1220,1,1,1,1,6,21,4859064,223826,910,2,3,4,0,1,1,0,0,1,0,1,99,1
201600036548,16,12,26,1158,1,2,1,2,2,552,4861747,230794,910,3,2,2,0,1,1,0,0,2,0,1,0,0
201600036549,16,12,29,1745,2,2,1,1,2,103,4859930,230435,910,4,2,2,0,1,1,0,0,1,0,1,0,0
201600036550,16,12,29,2045,5,2,1,1,6,425,4864947,226986,910,3,2,2,0,3,3,0,0,1,5,1,0,0
201600036551,16,12,23,1158,1,2,1,1,6,103,4858741,230012,910,6,0,0,0,1,1,0,0,1,0,1,0,0
201600036552,16,10,20,200,5,2,2,1,2,479,4870854,237137,910,2,2,4,0,1,1,0,0,1,0,1,99,0
201600036553,16,10,14,1805,2,2,2,2,3,27,4871021,238901,910,4,1,1,0,1,1,0,0,2,0,1,99,0
201600036554,16,10,30,1450,1,2,2,1,3,479,4871017,238893,910,2,3,3,0,1,1,0,0,1,0,1,99,0
201600036555,16,7,10,1920,1,2,2,1,3,27,4871606,237106,910,2,3,3,0,1,1,0,0,1,0,1,99,0
201600036556,16,9,29,735,5,2,1,1,2,27,4870966,237147,910,2,2,3,0,1,1,0,0,1,0,1,99,0
201600036557,16,12,11,2030,5,2,1,1,6,27,4870795,237960,910,3,2,2,0,1,1,0,0,1,0,4,99,1
201600036558,16,10,9,15,5,2,1,1,2,114,4867970,249477,910,2,3,4,0,1,1,200,200,1,0,1,99,0
201600036559,16,1,8,1535,1,2,2,1,3,514,4867250,253111,910,4,2,2,0,1,1,0,100,1,0,1,99,0
201600036560,16,1,11,715,5,2,1,2,6,114,4869996,250450,910,4,2,2,0,3,1,0,75,2,5,1,99,0
201600036561,16,1,12,805,5,2,1,1,6,114,4868986,249541,910,3,4,3,0,1,1,0,110,2,5,1,99,0
201600036562,16,1,23,1335,1,2,1,1,5,114,4869205,250038,910,3,2,2,0,3,2,0,60,2,5,1,99,0
201600036563,16,1,28,1030,1,2,1,1,5,114,4869697,249755,910,3,2,2,0,1,1,0,70,1,0,1,0,0
201600036564,16,2,3,815,1,2,1,1,6,114,4870722,252541,910,3,2,2,0,1,1,0,70,1,0,1,99,0
201600036565,16,12,20,2010,5,2,6,1,5,114,4868859,250361,910,4,2,2,0,1,1,0,0,1,0,1,99,0
201600036566,16,2,8,2145,5,1,1,2,6,97,4868226,253130,910,3,3,4,0,3,1,150,150,2,0,1,99,0
201600036567,16,2,11,915,1,1,2,1,3,514,4867213,253247,910,4,2,2,0,1,1,150,150,1,0,1,0,0
201600036568,16,2,11,920,1,2,1,1,2,114,4868305,249027,910,2,3,4,0,1,1,200,200,1,0,1,99,0
201600036569,16,2,19,1140,1,2,1,1,4,114,4869655,250608,910,3,2,2,0,1,1,0,60,1,0,1,0,0
201600036570,16,3,2,520,5,1,1,1,2,114,4867819,249647,910,2,3,4,0,1,1,15,70,2,0,1,99,0
201600036571,16,3,3,445,5,2,1,1,1,97,4869127,252552,910,3,2,2,0,1,1,0,108,2,0,1,0,0
201600036572,16,3,4,1305,1,2,1,1,2,114,4867805,249583,910,2,3,4,0,1,1,200,200,1,0,1,99,0
201600036573,16,3,8,1640,1,2,1,1,2,514,4867830,252747,910,3,1,2,0,1,2,0,70,1,5,1,3,0
201600036574,16,3,17,820,1,1,1,1,6,97,4869301,253458,910,4,2,2,0,1,1,0,35,1,0,1,0,0
201600036575,16,3,28,1420,1,2,1,1,2,114,4867836,249602,910,2,3,5,0,1,1,0,160,1,0,1,99,0
201600036576,16,4,5,1700,1,2,1,1,1,114,4842260,231299,910,3,2,2,0,1,1,0,70,1,0,1,99,0
201600036577,16,4,18,1730,1,2,3,1,3,114,4868631,249250,910,3,2,2,0,1,1,0,70,1,0,1,0,0
201600036578,16,4,26,1515,1,2,7,1,3,114,4868094,249313,910,2,3,4,0,1,1,0,70,1,5,1,99,0
201600036579,16,3,28,2220,5,2,1,1,2,114,4867749,249694,910,2,3,4,0,1,1,100,200,1,0,1,99,0
201600036580,16,5,3,1110,1,2,1,1,2,514,4867841,252754,910,3,3,2,0,1,1,200,200,1,0,1,99,0
201600036581,16,5,3,1340,1,2,1,1,2,114,4867805,249638,910,2,2,4,0,1,1,200,200,1,0,1,99,0
201600036582,16,5,5,1200,1,2,1,1,6,114,4868513,250125,910,4,2,2,0,1,1,0,70,1,0,1,99,0
201600036583,16,5,10,1740,1,2,1,2,6,97,4867836,252747,910,3,3,4,0,1,1,10,150,2,5,1,3,0
201600036584,16,5,12,1420,1,2,6,1,7,514,4868298,253808,910,3,1,2,0,2,2,0,70,0,0,1,99,0
201600036585,16,5,13,1850,1,2,1,1,6,114,4869875,250628,910,4,2,2,0,1,1,0,70,1,0,1,99,0
201600036586,16,5,14,1320,1,1,1,1,3,97,4868859,252562,910,3,2,2,0,2,1,0,150,1,0,1,99,0
201600036587,16,5,17,1815,1,2,1,1,6,114,4869722,250638,910,3,2,2,0,3,1,150,150,1,0,1,99,0
201600036588,16,5,19,1635,1,1,1,1,6,114,4869228,249508,910,4,2,2,0,1,1,0,8,1,0,4,3,0
201600036589,16,5,23,755,1,2,1,3,2,114,4869625,249883,910,3,3,2,0,1,1,8,35,2,0,1,99,0
201600036590,16,2,10,2015,1,1,1,1,6,114,4868407,248912,910,2,3,4,0,1,1,200,200,1,0,3,99,0
201600036591,16,5,28,2000,1,2,1,3,6,114,4868541,249788,910,4,2,2,0,1,1,0,70,2,0,1,99,0
201600036592,16,5,30,1820,1,1,5,1,3,114,4868466,249288,910,4,2,2,0,1,1,0,70,2,5,1,99,0
201600036593,16,6,3,1830,1,2,2,2,3,114,4868534,249163,910,3,2,2,0,1,1,100,100,2,0,1,99,0
201600036594,16,6,7,1020,1,2,1,1,4,114,4869750,249661,910,3,2,2,0,1,1,0,70,1,0,1,99,0
201600036595,16,6,8,2130,1,2,1,1,2,514,4867916,252500,910,4,2,2,0,1,1,0,70,1,0,1,3,0
201600036596,16,6,10,2110,1,1,1,1,5,114,4867663,249838,910,2,3,4,0,1,1,0,70,1,0,1,99,0
201600036597,16,6,11,1755,1,2,1,3,6,215,4869777,252455,910,4,2,2,0,1,1,0,100,2,6,1,99,0
201600036598,16,6,11,2155,2,2,2,8,3,114,4868491,250316,910,4,2,2,0,1,1,0,70,2,0,1,0,0
201600036599,16,6,17,2230,2,2,7,2,2,114,4868383,248930,910,2,1,1,0,1,1,0,70,2,3,1,99,0
201600036600,16,6,16,1255,1,2,6,1,2,114,4869472,250194,910,3,1,1,0,1,2,150,150,1,0,1,3,0
201600036601,16,6,16,1520,1,2,1,1,6,114,4869888,250583,910,4,2,2,3,1,1,100,100,1,0,1,99,0
201600036602,16,6,19,1650,1,2,1,1,6,97,4868361,253444,910,3,3,2,0,2,1,200,200,1,0,1,99,0
201600036603,16,6,25,2330,5,2,1,1,6,114,4870472,251361,910,3,1,1,0,2,1,0,40,1,0,1,99,0
201600036604,16,6,26,1920,1,1,1,1,3,514,4866916,250777,910,2,3,4,0,1,1,10,150,1,0,1,99,0
201600036605,16,6,27,35,5,2,1,1,6,114,4870138,250638,910,4,1,1,0,2,1,0,40,1,0,1,99,0
201600036606,16,6,28,2130,1,2,2,1,3,114,4868750,249694,910,4,1,1,0,1,1,0,40,1,0,1,99,0
201600036607,16,7,2,200,5,2,1,2,3,114,4868157,249236,910,2,3,5,0,1,1,0,200,2,5,1,99,0
201600036608,16,7,7,850,1,2,1,1,4,114,4868361,248944,910,2,3,4,0,1,1,0,130,1,0,1,0,0
201600036609,16,7,9,850,1,1,1,1,6,114,4870984,252238,910,4,2,2,0,2,3,0,70,1,0,1,0,0
201600036610,16,7,29,940,1,2,1,2,2,114,4868320,249033,910,2,3,4,0,1,1,0,70,2,0,1,99,0
201600036611,16,4,27,1135,1,1,6,1,1,97,4868307,253235,910,3,3,2,0,1,1,200,200,1,0,0,99,0
201600036612,16,9,7,1840,1,1,1,1,3,97,4868210,253114,910,3,3,4,3,3,1,200,200,1,0,1,99,0
201600036613,16,9,14,1315,1,1,1,1,2,114,4870710,251525,910,4,2,2,0,1,1,150,150,1,0,1,0,0
201600036614,16,9,14,1635,1,1,1,1,2,114,4868951,249533,910,3,2,2,0,1,1,150,150,1,0,1,99,0
201600036615,16,9,14,1810,1,2,1,1,1,97,4868427,252999,910,3,2,2,0,1,1,200,200,1,0,1,3,0
201600036616,16,9,20,740,1,2,1,1,6,97,4869200,253400,910,3,2,2,0,2,1,0,70,1,0,1,3,0
201600036617,16,9,24,2140,5,2,1,1,2,514,4867524,253562,910,3,2,2,0,1,1,0,60,1,0,1,99,0
201600036618,16,9,25,1545,1,2,1,2,2,114,4868157,249236,910,2,3,4,0,1,1,20,160,2,5,1,99,0
201600036619,16,9,26,1915,1,2,6,1,1,215,4869764,251950,910,3,3,2,0,3,1,0,60,2,0,1,99,0
201600036620,16,10,3,1755,1,2,1,1,6,114,4868687,249294,910,3,2,2,0,1,1,200,200,1,0,1,99,0
201600036621,16,10,2,1600,1,2,1,1,1,215,4869906,252284,910,4,2,2,0,1,3,0,70,1,0,1,0,0
201600036622,16,9,22,1915,1,2,1,1,6,215,4869811,252502,910,4,2,2,0,1,1,0,70,1,0,1,0,0
201600036623,16,10,8,15,3,2,1,1,2,114,4867838,249627,910,2,3,4,0,1,1,200,200,1,0,1,99,0
201600036624,16,9,1,1110,1,2,1,1,7,631,4868047,255823,910,4,1,1,0,2,3,100,100,1,0,1,99,0
201600036625,16,10,12,1035,1,1,1,1,1,514,4866103,251719,910,2,3,4,0,1,1,15,160,1,0,1,0,0
201600036626,16,11,20,2010,5,2,3,2,3,114,4869645,249830,910,3,2,2,0,1,1,200,200,2,0,1,0,0
201600036627,16,11,21,1740,5,2,1,1,2,114,4869608,249912,910,3,3,2,0,1,1,200,200,2,0,1,99,0
201600036628,16,11,22,1025,1,2,1,1,3,114,4869608,249912,910,3,3,2,0,1,1,150,150,1,0,1,3,0
201600036629,16,11,26,945,1,2,1,8,6,114,4869869,250232,910,4,1,1,0,2,2,100,100,2,0,1,0,0
201600036630,16,12,5,1800,5,1,6,1,2,514,4866090,251843,910,2,1,1,0,1,2,150,10,1,0,1,99,0
201600036631,16,12,14,1130,1,2,1,1,6,514,4868140,253323,910,4,2,2,0,1,1,0,60,1,0,1,99,0
201600036632,16,10,20,2005,5,2,3,1,5,215,4868530,251454,910,4,2,2,0,1,1,0,70,1,0,1,99,0
201600036633,16,9,13,810,2,2,1,1,3,114,4869400,249000,910,4,1,2,0,1,1,150,150,1,0,1,3,0
201600036634,16,12,30,1110,1,1,2,1,3,514,4867760,252846,910,4,2,2,0,1,1,0,150,1,0,1,99,0
201600036635,16,12,5,805,2,2,1,1,3,174,4860756,246493,910,2,4,3,0,3,1,0,0,1,0,1,99,0
201600036636,16,2,15,1430,1,2,1,1,6,174,4861486,248436,910,3,2,2,0,1,2,0,0,1,0,1,0,0
201600036637,16,1,1,1230,1,1,1,1,6,174,4861677,245867,910,4,2,2,0,2,1,0,0,1,0,1,99,0
201600036638,16,1,8,1940,5,2,3,1,5,174,4858292,247619,910,2,2,2,0,1,1,0,0,1,0,1,99,0
201600036639,16,1,26,915,1,1,1,1,6,174,4860652,246882,910,6,0,0,0,1,1,0,0,1,0,0,99,0
201600036640,16,1,4,935,1,2,1,1,1,174,4861681,246895,910,4,3,2,0,2,3,0,0,1,2,1,99,0
201600036641,16,8,2,938,1,2,2,2,6,174,4860344,246844,910,2,2,2,0,1,1,0,73,2,0,1,0,0
201600036642,16,5,17,1745,1,2,1,1,3,174,4858932,247162,910,4,2,2,0,1,1,0,0,1,0,1,0,0
201600036643,16,9,10,2240,3,2,6,1,6,174,4861574,245689,910,2,1,1,0,1,2,0,0,1,3,0,0,0
201600036644,16,1,4,835,1,2,1,1,6,657,4870236,242020,910,4,2,2,0,1,1,0,70,1,0,1,99,0
201600036645,16,1,7,1855,5,2,2,1,3,657,4870325,243452,910,4,2,2,0,1,1,0,0,2,0,1,0,0
201600036646,16,1,8,110,5,2,1,1,6,657,4870741,241364,910,4,2,2,0,4,2,0,50,2,0,4,0,0
201600036647,16,1,9,950,1,2,3,1,2,657,4870662,241144,910,4,2,2,0,1,1,0,0,2,0,0,0,0
201600036648,16,1,18,1525,1,2,2,1,3,657,4869797,243961,910,4,2,2,0,1,1,0,0,1,0,1,0,0
201600036649,16,1,26,2130,5,2,2,8,6,657,4869870,243898,910,4,2,2,0,1,1,0,68,1,0,4,99,0
201600036650,16,1,29,845,1,2,1,1,6,657,4870413,241818,910,4,2,2,0,1,1,0,0,1,0,1,0,0
201600036651,16,1,30,1125,1,2,2,1,1,201,4867415,241203,910,3,2,2,0,1,1,0,0,1,0,0,0,0
201600036652,16,2,4,715,3,2,1,8,6,201,4867588,241174,910,5,1,1,0,0,2,0,0,1,0,1,0,1
201600036653,16,2,14,1750,1,2,2,2,3,657,4870702,242602,910,4,2,2,0,1,1,0,0,2,0,1,99,0
201600036654,16,2,19,2135,5,2,1,1,6,201,4868792,242107,910,4,2,2,0,1,1,0,100,1,0,3,0,0
201600036655,16,2,20,1150,1,2,5,1,1,657,4869920,241728,910,3,2,2,0,1,2,0,0,1,0,1,0,0
201600036656,16,3,1,1327,1,2,2,2,2,201,4866280,241760,910,3,2,2,0,1,1,0,0,2,0,1,99,0
201600036657,16,3,4,1400,1,1,1,1,3,201,4868827,243486,910,3,2,2,0,1,2,0,0,1,0,1,0,0
201600036658,16,3,5,1940,5,1,1,1,2,657,4869582,244110,910,4,2,2,0,1,1,0,0,1,0,1,99,0
201600036659,16,3,8,1458,1,2,1,1,5,201,4869531,241446,910,3,2,2,0,1,1,0,50,1,0,1,99,0
201600036660,16,3,12,900,1,2,4,7,3,201,4868577,241122,910,4,2,2,0,1,2,0,0,1,0,1,99,0
201600036661,16,3,19,1315,1,2,1,1,6,201,4868612,240784,910,3,2,3,0,1,1,0,0,1,0,1,99,0
201600036662,16,3,20,1000,1,2,1,1,6,657,4870250,242861,910,3,3,2,0,1,1,12,50,1,0,1,99,0
201600036663,16,3,28,1635,1,2,1,8,6,201,4868515,240235,910,9,0,0,3,2,1,0,0,2,6,4,99,0
201600036664,16,4,1,1820,1,2,5,1,3,657,4869797,243972,910,4,2,2,0,1,1,0,0,1,5,1,99,0
201600036665,16,4,2,1355,1,2,3,1,3,657,4870605,243575,910,4,2,2,0,1,1,0,0,1,0,1,99,0
201600036666,16,4,2,1430,1,2,1,1,6,657,4870294,242972,910,3,3,2,0,1,1,0,0,1,0,1,0,0
201600036667,16,4,5,1330,1,2,1,1,6,657,4870363,242180,910,4,2,2,0,1,1,0,50,1,0,1,3,0
201600036668,16,4,6,1524,1,2,1,1,6,201,4867908,241020,910,3,2,2,0,1,1,0,0,1,0,1,99,0
201600036669,16,4,10,1725,1,2,9,1,4,201,4868819,239192,910,3,1,2,0,1,1,0,0,1,0,0,0,0
201600036670,16,4,10,2000,1,2,1,1,2,657,4870235,242731,910,3,2,4,0,1,1,0,0,1,0,1,0,0
201600036671,16,4,12,800,1,2,3,1,3,201,4866405,242147,910,2,2,2,0,1,1,0,50,1,0,1,99,0
201600036672,16,4,18,910,1,2,1,7,6,201,4868575,241113,910,4,2,2,0,1,3,0,0,1,0,1,0,0
201600036673,16,4,23,1425,1,2,1,1,2,201,4868711,239924,910,3,2,3,0,2,1,0,150,1,0,1,99,0
201600036674,16,5,10,1850,1,2,1,2,3,657,4870105,242266,910,3,3,2,0,1,1,0,0,2,0,1,0,0
201600036675,16,5,14,2010,1,2,7,1,1,201,4868733,240919,910,3,2,2,0,1,1,0,0,1,0,1,0,0
201600036676,16,5,24,1150,1,2,1,1,6,657,4869648,243197,910,4,2,2,0,1,1,0,0,1,0,4,0,0
201600036677,16,5,29,1455,1,2,1,2,1,201,4866269,242336,910,3,2,3,0,2,1,0,0,2,0,1,0,0
201600036678,16,6,8,1110,1,2,1,1,6,657,4869154,242994,910,4,2,2,0,1,1,0,70,1,0,1,99,0
201600036679,16,6,10,1830,1,2,1,1,6,201,4868130,240359,910,4,2,2,0,1,1,0,0,1,0,1,0,0
201600036680,16,6,14,2305,5,2,2,1,5,201,4867413,241203,910,3,2,3,0,2,1,0,117,1,0,0,0,0
201600036681,16,6,18,1350,1,2,2,1,6,201,4868607,240891,910,3,2,2,0,1,1,0,0,1,0,1,0,0
201600036682,16,6,22,25,5,2,1,1,6,201,4866069,242783,910,3,2,2,0,1,1,0,0,1,0,1,0,0
201600036683,16,6,28,750,1,2,6,1,3,657,4870363,241331,910,3,2,2,0,1,1,0,0,1,0,1,0,0
201600036684,16,7,9,2040,2,2,1,1,3,201,4868447,241724,910,4,2,2,0,2,1,0,0,1,0,1,0,0
201600036685,16,7,9,2020,1,2,1,7,6,657,4870411,242836,910,4,2,2,0,2,1,0,0,1,0,1,0,1
201600036686,16,7,10,1510,1,2,1,1,3,657,4869680,243436,910,4,2,2,0,1,1,0,0,1,0,1,0,0
201600036687,16,7,10,1555,1,2,1,7,4,201,4868902,241027,910,3,2,2,0,1,1,0,0,1,0,1,0,0
201600036688,16,7,15,1030,1,2,1,1,7,201,4868488,243447,910,3,2,2,0,1,3,0,0,1,0,1,99,0
201600036689,16,7,18,1030,1,1,1,1,6,201,4869498,241430,910,3,2,2,0,1,1,0,0,1,0,1,0,0
201600036690,16,7,19,1155,1,2,1,1,6,657,4870767,241384,910,4,1,1,0,2,2,0,0,1,0,1,0,0
201600036691,16,7,20,1710,1,2,1,1,2,201,4867744,241071,910,3,2,2,0,1,1,0,0,1,0,1,0,0
201600036692,16,7,27,1930,1,2,1,1,3,201,4868675,240261,910,3,2,3,0,2,1,0,0,1,0,1,0,0
201600036693,16,7,28,2105,1,2,2,1,2,657,4870503,242141,910,4,2,2,0,1,1,0,68,1,0,1,0,0
201600036694,16,8,19,1855,1,2,1,1,6,201,4868891,243059,910,4,2,2,0,2,3,0,0,1,0,4,3,0
201600036695,16,8,31,1600,1,2,1,1,6,201,4868718,242003,910,4,2,2,0,1,1,0,0,1,0,1,0,0
201600036696,16,8,31,1937,1,2,2,1,3,657,4869447,243379,910,4,2,2,0,1,1,0,0,1,0,1,99,0
201600036697,16,9,3,1815,1,2,6,1,3,657,4868910,243643,910,3,2,2,0,1,1,0,0,1,0,1,0,0
201600036698,16,9,19,1,3,2,1,1,6,657,4871707,243823,910,4,1,1,0,1,2,0,49,1,0,1,99,1
201600036699,16,9,27,1810,1,2,3,1,3,201,4868308,240810,910,3,2,2,0,1,1,0,0,1,0,0,99,0
201600036700,16,10,14,1900,5,2,6,2,3,657,4870300,244003,910,4,2,2,0,1,1,50,50,2,5,1,3,0
201600036701,16,10,15,505,5,2,1,2,6,201,4866721,241681,910,3,2,2,0,1,3,0,0,2,0,1,0,0
201600036702,16,10,21,1355,1,2,2,1,3,657,4869694,243369,910,4,2,2,0,1,1,0,0,1,0,1,99,0
201600036703,16,11,17,1240,1,2,3,1,6,201,4868610,240869,910,3,2,2,0,1,1,0,0,1,0,1,0,0
201600036704,16,11,23,105,5,2,1,2,7,201,4868526,240853,910,3,2,2,0,1,1,0,0,2,0,1,0,0
201600036705,16,11,24,815,1,2,2,1,3,201,4868647,241910,910,4,2,2,0,1,3,0,0,1,0,1,0,0
201600036706,16,11,25,830,1,2,1,8,3,201,4868258,240669,910,4,2,2,0,1,1,0,0,1,0,1,0,0
201600036707,16,11,25,1915,5,2,2,1,3,201,4868125,242820,910,3,2,2,0,1,3,0,0,1,0,1,99,0
201600036708,16,12,2,805,1,2,1,1,6,657,4870638,242230,910,4,2,2,0,1,1,0,0,1,0,1,0,0
201600036709,16,12,9,940,1,2,4,1,3,201,4868646,240416,910,3,2,3,0,2,1,0,0,1,0,1,0,0
201600036710,16,12,16,1400,1,2,1,1,2,657,4869874,242180,910,4,2,2,0,1,1,0,0,1,5,1,99,0
201600036711,16,1,7,700,3,2,1,2,2,223,4843403,217102,910,3,3,2,0,1,1,0,0,2,0,1,99,0
201600036712,16,1,8,2255,5,2,1,1,6,223,4843424,216068,910,6,0,0,0,1,1,0,0,0,0,0,0,0
201600036713,16,1,8,835,1,2,1,1,7,223,4843697,214616,910,4,2,2,0,1,1,0,0,1,0,1,3,0
201600036714,16,1,8,1405,1,2,1,1,1,433,4840898,220993,910,3,2,2,0,1,1,0,0,1,0,0,99,0
201600036715,16,1,9,1605,1,1,1,1,7,433,4844012,217846,910,4,2,2,0,1,1,0,0,1,0,1,99,0
201600036716,16,1,12,1345,1,2,1,1,1,223,4843561,215035,910,4,2,2,0,1,1,0,0,1,0,1,0,0
201600036717,16,1,13,740,3,1,1,1,6,433,4842354,222579,910,4,2,2,0,1,1,0,100,1,0,1,99,0
201600036718,16,1,16,910,1,1,1,1,7,469,4841021,217872,910,3,2,2,0,1,1,0,0,7,0,1,99,0
201600036719,16,1,16,955,1,1,1,1,1,469,4840006,217475,910,3,2,2,0,1,1,0,0,7,0,1,99,0
201600036720,16,1,29,1525,1,2,1,1,6,223,4843751,216525,910,4,2,2,0,1,1,0,0,1,0,4,99,0
201600036721,16,1,31,2235,5,2,1,1,5,223,4844027,215533,910,3,2,2,0,2,1,0,0,2,0,1,99,0
201600036722,16,2,7,1305,1,1,1,1,1,109,4845841,213375,910,3,2,2,0,1,2,0,0,1,0,1,0,0
201600036723,16,2,9,1400,1,2,7,1,6,223,4843652,215953,910,4,2,2,0,1,1,0,0,1,0,1,99,0
201600036724,16,2,14,1400,1,1,1,1,3,433,4843478,219847,910,3,2,2,0,2,1,0,88,2,0,1,99,1
201600036725,16,2,16,1855,1,2,1,1,2,223,4843390,217120,910,3,2,2,0,1,1,0,0,1,0,1,0,0
201600036726,16,2,25,615,5,2,3,9,3,223,4843700,216330,910,3,2,3,0,1,1,0,0,7,5,1,0,0
201600036727,16,2,25,923,1,2,1,1,1,223,4843099,214770,910,4,2,2,0,2,3,0,0,1,0,1,99,0
201600036728,16,2,29,1030,1,1,1,1,6,223,4842108,217857,910,3,2,2,0,1,1,0,0,0,0,3,0,0
201600036729,16,2,29,1545,1,2,1,1,2,223,4843290,215560,910,4,2,2,0,1,1,0,0,1,0,1,99,0
201600036730,16,2,29,1610,1,2,1,1,6,223,4845106,217138,910,3,2,2,0,1,1,0,0,1,2,0,99,0
201600036731,16,3,3,1615,1,1,6,1,3,433,4845852,217709,910,2,2,4,0,1,2,0,0,1,5,1,0,0
201600036732,16,3,5,1,3,1,1,2,6,433,4846217,217964,910,2,3,4,0,1,1,0,0,2,0,1,99,0