Num_Acc,an,mois,jour,hrmn,lum,agg,int,atm,col,com,lat,long,dep,catr,circ,nbv,vosp,prof,plan,lartpc,larrout,surf,infra,situ,env1,killed
201600036733,16,3,5,315,3,1,1,1,6,433,4847245,218715,910,2,3,4,0,1,1,0,0,1,0,3,0,0
201600036734,16,3,5,1610,1,2,1,1,6,223,4843724,214444,910,4,2,2,0,1,1,0,0,1,0,1,99,0
201600036735,16,3,12,1905,5,1,1,1,2,433,4844954,217462,910,2,3,4,0,1,3,0,0,1,5,1,99,0
201600036736,16,3,18,1900,2,2,1,1,6,223,4843292,215010,910,4,2,2,0,2,2,0,0,1,0,1,99,0
201600036737,16,3,19,1420,1,2,1,1,6,223,4843355,215308,910,4,2,2,0,1,1,0,0,1,0,1,0,0
201600036738,16,3,20,1600,1,1,1,1,6,223,4841514,213874,910,4,2,2,0,1,1,0,0,9,0,0,99,0
201600036740,16,3,25,820,1,1,1,1,6,223,4843360,215325,910,4,1,2,0,1,1,0,0,1,0,1,99,0
201600036741,16,4,3,1035,1,2,1,1,2,223,4843957,216519,910,4,2,2,0,2,3,0,0,1,0,1,0,0
201600036742,16,4,3,1215,1,2,2,1,6,223,4842660,213900,910,4,2,2,0,1,1,0,0,1,0,1,0,0
201600036743,16,4,5,1810,1,2,1,1,7,223,4843547,214274,910,4,2,2,0,1,1,0,0,1,0,1,0,0
201600036744,16,4,5,1529,1,2,1,1,6,223,4843145,216077,910,4,2,2,0,1,1,0,0,1,0,4,3,0
201600036745,16,4,9,2140,5,2,1,2,1,223,4844011,215568,910,3,2,2,0,2,1,0,0,2,0,1,99,0
201600036746,16,4,16,1125,1,2,1,1,6,223,4843271,217099,910,4,2,2,0,1,4,0,0,1,0,1,99,0
201600036747,16,4,18,1513,1,2,3,1,1,223,4843279,217570,910,3,2,3,0,2,2,0,0,1,0,1,99,0
201600036748,16,4,19,1435,1,1,1,1,7,223,4841828,213200,910,2,3,4,0,1,1,0,0,1,0,3,99,0
201600036749,16,4,28,1744,1,1,2,1,3,223,4842233,217908,910,3,2,2,0,2,1,0,0,1,5,1,99,0
201600036750,16,5,1,1400,1,2,1,1,6,223,4843311,215989,910,4,2,2,0,1,1,0,0,1,0,4,3,0
201600036751,16,5,1,1715,1,1,1,1,7,433,4844218,218091,910,9,0,0,0,0,0,0,0,1,0,0,99,0
201600036753,16,5,15,1500,1,2,1,1,6,223,4843371,215507,910,4,2,2,0,2,1,0,0,1,0,1,3,0
201600036754,16,5,16,2110,5,2,1,1,2,223,4843405,215419,910,4,1,1,0,1,1,0,0,1,0,1,3,0
201600036755,16,5,19,1209,1,2,1,1,2,223,4842991,215784,910,4,2,2,0,1,1,0,0,1,0,1,99,0
201600036756,16,5,23,530,3,1,1,2,3,223,4840229,212140,910,2,3,4,0,1,1,0,0,3,0,1,99,0
201600036757,16,5,23,1750,1,2,6,2,7,223,4843704,216347,910,3,1,2,0,1,2,0,0,2,5,1,99,0
201600036758,16,5,28,1700,1,2,1,2,7,223,4842994,215785,910,4,2,2,0,1,1,0,0,2,0,1,0,0
201600036759,16,5,31,1030,1,1,6,2,7,223,4842608,215372,910,3,2,2,0,1,1,0,0,3,0,3,99,0
201600036760,16,6,2,812,1,1,1,1,5,109,4845557,214646,910,3,2,2,0,1,1,0,0,1,0,1,99,0
201600036761,16,6,4,2120,2,2,1,1,6,223,4843815,214093,910,4,2,2,0,1,1,0,0,1,0,1,99,0
201600036762,16,6,9,1715,1,1,1,1,7,223,4842406,214141,910,2,2,4,0,1,1,0,0,1,0,3,99,0
201600036763,16,6,10,830,1,1,6,1,1,433,4845854,217707,910,2,2,4,0,1,3,0,0,1,5,1,0,0
201600036764,16,6,12,1145,1,2,1,1,6,223,4842994,215785,910,4,2,2,0,1,1,0,0,1,0,1,99,0
201600036765,16,6,14,1245,1,1,1,1,7,433,4843657,220363,910,3,2,2,0,1,1,0,0,1,0,3,99,0
201600036766,16,6,15,1340,1,2,6,1,3,223,4843099,215719,910,4,1,1,0,1,2,0,0,1,5,1,3,0
201600036767,16,6,21,1810,1,1,2,1,3,223,4842226,217927,910,3,2,2,0,2,1,0,0,1,5,1,99,0
201600036768,16,6,25,2235,3,1,1,1,2,223,4841321,212917,910,2,2,4,0,2,1,0,0,1,0,1,99,0
201600036769,16,6,26,2210,2,2,1,3,6,223,4842074,213212,910,4,2,2,0,1,1,0,110,2,0,1,99,0
201600036770,16,7,9,1900,1,2,1,1,6,223,4843504,215187,910,4,2,2,0,1,1,0,0,1,0,1,99,0
201600036771,16,7,11,1810,1,2,1,1,2,223,4843522,213683,910,4,2,2,0,2,1,0,0,1,0,1,99,0
201600036772,16,7,12,220,5,2,9,1,6,433,4845083,217245,910,3,2,2,0,1,3,0,0,1,0,0,0,0
201600036773,16,7,22,800,1,2,3,1,3,223,4843168,215147,910,4,2,2,0,1,1,0,0,1,0,1,0,0
201600036774,16,7,24,1650,1,2,1,1,6,109,4845827,213574,910,3,2,2,0,1,2,0,0,1,0,4,99,0
201600036775,16,7,25,1515,1,2,1,1,6,109,4845751,213948,910,3,2,2,0,1,3,0,0,1,5,0,99,0
201600036776,16,8,2,1835,1,2,1,1,7,109,4845484,213758,910,4,2,2,0,1,1,0,0,1,0,1,99,0
201600036777,16,8,5,1630,1,2,1,1,2,433,4840865,221298,910,4,2,2,0,1,1,0,0,1,0,0,0,0
201600036778,16,8,27,1445,1,2,1,1,3,223,4843404,217094,910,3,2,3,0,1,1,0,0,1,0,1,99,0
201600036779,16,8,28,920,1,1,2,1,3,223,4842242,217922,910,3,2,2,0,2,1,0,0,1,5,1,99,0
201600036780,16,9,6,815,1,2,1,1,5,223,4843282,217942,910,4,2,2,0,1,1,0,0,1,0,1,99,0
201600036781,16,9,14,1450,1,2,1,1,7,223,4842391,214238,910,4,2,2,0,1,1,0,0,1,0,1,99,0
201600036782,16,9,22,1610,1,2,6,1,2,433,4845851,217720,910,2,1,2,0,1,2,0,0,1,0,1,99,0
201600036783,16,9,24,1405,1,2,1,2,1,109,4845731,213735,910,3,2,2,0,1,1,0,0,2,0,1,99,0
201600036784,16,9,28,905,1,2,1,1,4,223,4844023,215534,910,3,2,2,0,1,3,0,0,1,0,1,0,0
201600036785,16,9,29,1945,1,2,1,1,3,223,4843191,217010,910,4,2,2,0,1,1,0,0,1,0,1,0,0
201600036786,16,9,29,2250,5,2,1,1,6,433,4845457,219124,910,3,2,2,0,1,2,0,60,1,0,1,99,0
201600036787,16,10,5,1800,1,2,1,1,2,223,4842750,214229,910,4,2,2,0,1,1,0,0,1,0,1,99,0
201600036788,16,10,9,1355,1,2,6,1,3,223,4843084,215717,910,4,1,1,0,1,2,0,0,1,0,1,3,0
201600036789,16,10,19,1645,1,1,1,1,1,223,4841235,220156,910,3,2,2,0,1,1,0,0,1,0,1,0,0
201600036790,16,10,23,1245,1,2,2,1,1,223,4842211,217920,910,3,2,2,0,2,1,0,0,1,5,1,99,0
201600036791,16,10,29,1700,1,2,1,1,3,223,4843300,216223,910,4,1,1,0,1,1,0,0,1,0,1,0,0
201600036792,16,11,3,2230,3,1,1,1,3,223,4838609,209901,910,2,3,4,0,1,1,0,0,1,0,1,0,0
201600036793,16,11,10,1555,1,2,6,2,3,223,4843735,213639,910,4,2,2,0,1,1,0,0,2,0,1,0,0
201600036794,16,11,12,1410,1,2,4,2,3,223,4843152,214864,910,4,1,1,0,2,1,0,0,2,0,0,0,0
201600036795,16,11,16,1600,1,1,1,1,3,223,4842055,213429,910,2,3,4,0,1,1,0,0,1,0,1,99,0
201600036799,16,12,4,2345,5,2,1,1,7,223,4843271,215117,910,4,1,2,0,1,1,0,0,1,0,1,3,0
201600036800,16,12,7,1015,1,2,1,1,6,223,4844048,215485,910,3,2,2,0,2,1,0,0,1,0,1,99,0
201600036801,16,12,10,1425,1,2,6,1,2,223,4843703,216345,910,3,1,1,0,1,2,0,0,1,5,0,99,0
201600036802,16,12,14,1245,1,2,1,1,6,223,4843520,214771,910,4,2,2,0,1,1,0,0,1,0,1,3,0
201600036803,16,12,28,1720,1,2,1,1,6,223,4844027,215533,910,3,2,2,0,1,1,0,0,1,0,1,99,0
201600036804,16,12,29,1619,1,1,1,1,6,228,4862400,244600,910,2,3,4,0,1,1,0,0,1,0,1,99,0
201600036805,16,2,3,2215,5,2,1,1,6,521,4864536,240202,910,4,2,2,0,1,2,0,0,1,0,1,0,0
201600036806,16,3,30,1715,1,1,1,1,4,228,4863234,243759,910,2,3,4,0,1,1,0,0,1,0,1,0,0
201600036807,16,8,23,1910,1,2,1,1,6,228,4863470,243179,910,4,2,2,0,1,1,0,0,1,6,1,99,0
201600036809,16,1,15,1700,1,2,1,1,6,286,4865448,237898,910,4,2,2,0,1,1,0,0,1,0,1,0,0
201600036810,16,3,1,1020,1,2,1,2,6,434,4864579,235099,910,4,2,2,0,1,1,0,0,1,6,1,99,0
201600036811,16,3,8,825,1,2,1,1,2,326,4868670,238568,910,4,2,2,0,1,1,0,0,1,0,1,99,0
201600036812,16,2,27,2110,5,2,1,1,6,687,4867803,238299,910,2,2,6,0,2,1,0,0,1,1,1,99,0
201600036813,16,2,15,1653,1,2,1,1,6,326,4869648,235514,910,4,2,2,0,1,1,0,0,1,0,1,0,0
201600036814,16,3,29,830,1,2,1,1,6,687,4865310,236932,910,4,2,2,0,1,1,0,0,1,0,1,0,0
201600036815,16,4,1,1635,1,2,1,1,6,687,4868129,237897,910,2,3,4,0,2,1,0,0,1,0,1,0,0
201600036816,16,5,22,2135,5,2,2,2,3,687,4866175,236282,910,4,2,2,0,1,1,0,0,2,0,0,99,0
201600036817,16,6,24,1500,1,2,1,1,1,326,4869521,238016,910,3,2,2,0,1,1,0,0,1,0,1,0,0
201600036818,16,4,6,40,5,2,1,1,2,326,4868891,237121,910,2,2,4,0,3,1,0,0,1,0,1,0,0
201600036819,16,4,9,2120,5,2,1,1,6,687,4867392,236959,910,4,2,2,0,1,1,0,0,1,0,1,0,0
201600036820,16,9,13,2230,3,1,1,1,1,286,4865492,239724,910,3,2,2,0,1,1,0,0,1,0,1,99,1
201600036821,16,9,2,955,1,2,1,1,1,286,4865799,239917,910,3,2,2,0,1,1,0,0,1,0,1,0,0
201600036822,16,9,28,1705,1,2,1,1,6,326,4869186,237857,910,3,2,2,0,1,1,800,79,1,0,1,99,0
201600036823,16,12,11,1110,1,2,1,1,6,286,4865437,237906,910,4,2,2,0,1,1,0,0,1,0,1,0,0
201600036825,16,1,2,1725,3,2,1,2,1,161,4871245,230625,910,3,2,2,1,1,1,0,0,2,0,1,99,0
201600036826,16,1,6,1150,1,2,1,1,6,345,4868974,228879,910,3,1,1,0,2,1,0,40,1,0,1,0,0
201600036827,16,1,14,1440,1,2,6,2,3,161,4870823,231007,910,3,1,3,0,1,2,0,0,2,0,1,0,0
201600036828,16,1,22,1358,1,2,7,2,3,161,4869446,231085,910,4,2,2,0,2,1,0,68,2,0,1,99,0
201600036829,16,1,25,1200,1,2,2,1,4,161,4871508,229890,910,3,2,2,0,1,1,0,0,1,5,1,99,0
201600036830,16,1,26,1655,1,2,3,8,3,345,4869303,229491,910,3,2,2,0,1,1,0,70,0,0,1,99,0
201600036831,16,1,27,930,1,2,1,2,6,345,4869603,228987,910,4,2,2,0,1,1,0,0,2,6,1,99,0
201600036832,16,2,5,830,1,2,1,1,2,345,4869590,229888,910,4,2,2,0,1,1,0,0,1,0,1,3,0
201600036833,16,2,9,2015,5,1,1,3,6,345,4869597,228989,910,4,2,2,0,1,1,0,0,2,0,1,99,0
201600036845,16,5,4,938,1,1,1,1,6,161,4871289,230404,910,3,3,2,0,1,1,0,75,1,0,1,0,0
201600036846,16,5,9,1610,1,2,2,1,3,161,4869972,231217,910,1,1,1,0,2,1,0,40,1,2,1,99,0
201600036847,16,5,10,1920,1,2,1,2,6,161,4870555,231439,910,4,2,2,3,1,1,0,0,2,0,4,0,0
201600036848,16,5,10,1630,1,2,1,2,3,161,4870099,231598,910,6,0,0,0,1,1,0,0,2,0,1,99,0
201600036849,16,5,12,1625,1,2,1,1,6,161,4870304,232110,910,3,2,3,0,1,1,0,0,1,0,0,0,0
201600036850,16,5,18,1740,1,2,1,2,3,345,4869348,229314,910,3,2,2,0,2,1,0,70,2,0,1,0,0
201600036851,16,5,22,1105,1,2,1,3,6,345,4869010,229667,910,4,2,2,0,1,4,0,0,2,0,1,99,0
201600036852,16,5,23,1215,1,2,1,3,6,161,4871187,230032,910,4,2,2,0,1,1,0,0,2,0,1,99,0
201600036853,16,5,31,755,1,1,1,2,1,161,4871361,231816,910,3,2,2,0,2,4,0,0,2,0,1,99,0
201600036854,16,5,31,1455,1,2,1,2,4,161,4870688,229711,910,3,2,2,0,2,1,0,0,2,0,1,99,0
201600036855,16,6,10,550,1,2,6,1,3,345,4869671,228960,910,4,2,2,0,1,1,0,0,1,5,1,0,0
201600036856,16,6,29,1330,1,1,1,1,2,345,4868068,231416,910,3,2,2,0,2,1,38,38,1,0,1,0,0
201600036857,16,7,2,1350,1,2,2,1,6,345,4868556,230680,910,3,2,2,0,1,1,0,0,1,0,1,99,0
201600036858,16,7,5,2040,1,2,1,1,6,161,4870241,232086,910,4,2,2,0,1,1,0,35,1,0,1,0,0
201600036859,16,7,11,20,5,2,1,1,4,161,4870601,231352,910,4,2,2,0,1,1,0,74,1,0,1,0,0
201600036861,16,7,13,725,1,1,1,1,7,161,4871750,232223,910,4,2,2,0,1,1,0,0,1,0,1,0,0
201600036862,16,7,20,950,1,2,1,1,3,345,4869307,229120,910,4,1,1,0,1,1,0,0,1,0,1,0,0
201600036863,16,9,13,915,1,2,1,1,5,345,4868014,231510,910,3,2,2,0,2,1,0,50,1,0,1,0,0
201600036864,16,9,18,2208,3,1,1,1,1,161,4871230,230690,910,3,2,2,1,1,1,0,0,1,0,1,99,0
201600036865,16,9,21,5,5,2,2,1,3,161,4869946,231564,910,4,2,3,0,2,1,0,0,1,0,1,0,0
201600036866,16,8,21,1945,2,2,3,1,3,345,4869304,229484,910,3,2,2,0,1,1,0,35,1,0,1,0,0
201600036867,16,10,1,1245,1,2,2,1,3,161,4870062,231496,910,4,1,1,0,1,1,0,0,1,0,0,0,0
201600036868,16,10,28,840,1,2,1,1,2,161,4869956,231180,910,3,4,2,0,1,3,0,0,1,3,1,0,0
201600036869,16,1,10,1300,1,2,1,2,3,377,4872890,225816,910,4,2,2,0,2,1,0,30,2,0,1,99,0
201600036870,16,1,15,1240,1,1,1,1,6,377,4872461,227350,910,6,0,0,0,0,0,0,0,0,0,0,0,0
201600036871,16,1,22,740,5,2,1,1,6,377,4873010,224934,910,3,2,2,0,1,3,0,0,1,0,1,0,0
201600036872,16,2,3,1715,1,2,6,8,3,377,4873249,226590,910,3,1,1,0,1,3,0,0,1,0,1,99,0
201600036873,16,2,6,1610,1,1,3,1,3,689,4874072,233374,910,3,2,2,0,1,1,0,0,1,5,1,99,0
201600036874,16,2,9,745,1,2,1,3,6,689,4872706,232311,910,3,2,2,0,1,2,0,0,2,5,1,0,0
201600036875,16,2,18,1440,1,2,6,2,3,377,4873014,226029,910,3,2,2,0,1,3,0,0,2,5,1,99,0
201600036877,16,4,11,915,1,2,6,2,3,377,4872621,224618,910,3,2,2,0,1,1,120,120,2,0,1,99,0
201600036878,16,4,18,1750,1,2,1,1,6,377,4872939,228484,910,4,2,2,0,1,1,0,0,1,0,1,99,0
201600036879,16,4,29,1919,1,1,1,1,6,477,4871427,224992,910,4,2,2,0,1,1,0,0,1,0,1,0,0
201600036880,16,5,4,1125,1,2,1,1,6,377,4873543,226233,910,4,1,1,0,1,1,0,0,1,0,1,0,0
201600036881,16,5,8,1500,1,1,1,1,2,377,4872482,228450,910,3,3,4,0,1,1,30,60,1,0,1,99,0
201600036882,16,5,12,1845,1,2,1,2,6,377,4872679,227776,910,3,3,4,0,1,1,0,0,2,1,1,99,0
201600036883,16,5,17,1937,1,1,1,1,3,689,4872691,232194,910,3,2,0,2,1,1,0,0,1,0,0,99,0
201600036884,16,5,19,1535,1,2,2,1,3,377,4872166,228495,910,3,2,2,0,1,1,0,60,1,5,1,99,0
201600036885,16,6,6,1620,1,2,1,8,6,377,4872890,227502,910,3,2,2,0,1,1,0,0,1,0,4,99,0
201600036886,16,6,10,1020,1,2,1,1,6,377,4873587,229111,910,4,1,1,0,1,1,0,60,1,0,1,0,0
201600036887,16,6,21,933,1,2,1,1,4,377,4872759,226445,910,4,2,2,0,1,1,0,0,1,0,1,0,0
201600036888,16,7,28,1745,1,2,1,1,1,377,4873609,229147,910,4,2,2,0,1,1,0,0,1,0,1,99,0
201600036889,16,8,9,1750,1,2,1,1,6,377,4872217,226286,910,4,1,1,0,1,1,0,0,1,6,1,99,0
201600036890,16,9,5,850,1,2,3,2,3,377,4873396,225910,910,4,2,2,2,1,1,0,0,2,0,1,0,0
201600036891,16,9,8,1935,1,2,1,1,6,377,4873216,228486,910,4,2,2,0,1,1,0,0,1,0,1,99,0
201600036892,16,9,24,1740,1,1,1,1,3,377,4873020,230202,910,4,2,2,0,1,1,0,71,1,0,1,99,0
201600036893,16,9,26,820,1,1,1,1,3,377,4872103,230205,910,4,2,2,1,1,1,0,24,1,0,5,99,0
201600036894,16,9,30,955,1,2,3,1,6,377,4872798,226500,910,4,2,2,0,1,1,0,0,1,0,1,99,0
201600036895,16,10,4,800,1,2,2,1,3,377,4873451,229275,910,4,2,2,0,1,1,0,0,1,0,1,99,0
201600036896,16,11,7,1455,1,2,1,2,6,377,4873183,228672,910,4,2,2,0,1,1,18,55,2,0,1,99,0
201600036897,16,11,19,835,1,2,1,1,3,377,4873471,229371,910,4,2,2,0,1,1,0,0,1,5,1,3,0
201600036898,16,11,23,1715,5,2,1,1,4,377,4872724,224562,910,3,2,2,0,1,1,0,0,6,0,1,99,0
201600036899,16,11,26,1140,1,2,1,1,6,377,4873140,229042,910,4,2,2,0,1,1,0,0,1,0,1,99,0
201600036900,16,11,27,1905,5,2,1,1,2,377,4872873,227028,910,3,3,3,0,1,1,0,0,1,0,1,0,0
201600036901,16,12,3,1520,1,2,1,1,6,377,4872810,223672,910,4,2,2,0,1,1,0,0,1,0,1,0,0
201600036902,16,12,9,1800,3,1,1,1,1,689,4872713,232282,910,3,3,2,0,1,1,0,0,1,0,1,99,0
201600036903,16,12,13,1345,1,2,6,8,6,689,4873391,233531,910,3,2,2,1,1,3,0,0,3,5,3,99,0
201600036904,16,12,14,840,1,2,9,1,6,689,4874331,231878,910,4,2,2,0,1,2,0,0,1,6,1,99,0
201600036905,16,12,22,720,2,2,1,3,6,377,4873616,229154,910,3,2,2,0,1,1,0,0,2,0,1,0,0
201600036906,16,12,27,1040,1,2,1,1,1,377,4871944,227924,910,4,2,2,0,1,1,0,0,1,0,1,0,0
201600036908,16,12,20,1830,1,2,1,1,2,421,4871248,244277,910,3,2,2,0,1,1,0,0,1,0,1,99,0
201600036909,16,1,11,2130,5,2,1,1,2,191,4872202,245005,910,3,2,2,0,1,1,0,90,1,0,1,99,0
201600036910,16,1,17,2315,4,2,1,1,6,691,4871483,247470,910,3,2,2,0,1,1,0,0,1,0,1,99,0
201600036911,16,1,18,1230,1,2,1,1,3,421,4870254,246649,910,3,2,2,0,1,1,0,0,1,0,1,0,0
201600036912,16,1,7,1845,2,2,1,1,3,191,4872143,245042,910,3,2,2,0,1,1,30,30,1,0,0,99,0
201600036913,16,1,20,830,5,2,1,1,3,421,4871295,244295,910,3,2,2,0,1,1,0,0,1,5,1,99,0
201600036914,16,1,7,2355,5,2,6,1,6,191,4872152,246913,910,3,1,1,0,1,2,30,30,1,0,1,3,0
201600036915,16,1,21,1225,1,2,1,1,2,191,4872093,245101,910,3,2,2,0,1,1,0,0,1,0,1,99,0
201600036916,16,1,4,1745,2,2,1,1,2,421,4870636,246201,910,3,2,2,0,1,1,0,0,1,0,1,0,0
201600036917,16,1,26,820,5,2,1,1,6,421,4871290,245140,910,4,2,2,0,1,2,30,30,1,0,1,3,0
201600036918,16,1,25,1140,1,2,1,1,2,191,4871992,245210,910,3,3,2,0,1,1,30,30,1,0,1,0,0
201600036919,16,1,14,2340,5,2,1,1,6,421,4870583,245394,910,4,2,2,0,1,1,0,80,2,0,4,3,0
201600036920,16,2,29,1215,1,1,1,1,2,421,4872075,244317,910,2,3,4,0,1,1,0,0,1,3,1,99,0
201600036921,16,3,1,1540,1,2,1,1,6,691,4871695,250068,910,3,2,2,0,2,1,0,0,2,0,1,0,0
201600036922,16,3,14,2000,5,2,1,1,6,691,4871872,249130,910,4,2,2,0,2,4,0,70,1,0,4,0,0
201600036923,16,3,7,625,5,2,1,1,2,421,4870102,246613,910,3,2,2,1,1,1,30,30,1,0,1,3,0
201600036924,16,1,31,1830,5,2,3,1,6,691,4870711,247983,910,3,2,2,0,1,1,0,100,1,0,1,99,0
201600036925,16,2,2,1725,1,2,1,1,6,421,4870716,247280,910,3,2,2,0,1,1,0,90,1,0,1,99,0
201600036926,16,4,13,1850,1,2,1,1,2,421,4869849,247057,910,3,2,2,0,1,1,0,110,1,0,1,99,0
201600036927,16,4,26,1710,1,1,1,2,5,421,4868980,246584,910,2,3,4,0,1,1,0,0,2,0,1,99,0
201600036928,16,4,28,2200,3,1,1,1,2,421,4869363,244826,910,2,3,4,0,1,2,0,0,1,0,1,99,0
201600036929,16,4,21,1910,1,2,3,1,3,421,4870730,244097,910,3,2,2,0,1,1,0,0,1,0,1,99,0
201600036930,16,5,4,1830,1,2,1,1,2,691,4868952,248186,910,3,1,2,0,0,1,0,80,1,2,1,0,0
201600036931,16,4,3,1130,1,2,6,1,2,421,4843098,226290,910,6,0,0,0,1,1,0,70,1,0,1,99,0
201600036932,16,4,6,120,4,1,1,1,6,421,4842354,226299,910,2,3,4,0,1,1,0,100,1,0,3,99,0
201600036933,16,5,6,2000,2,2,1,1,2,691,4871805,249500,910,4,2,2,0,1,1,0,70,1,0,1,99,0
201600036934,16,5,9,1605,1,2,1,1,6,191,4871484,246326,910,4,2,2,0,1,1,0,50,1,0,4,99,0
201600036935,16,5,16,1720,1,2,3,1,3,691,4869348,247777,910,3,2,2,0,1,1,0,0,1,0,1,99,0
201600036936,16,5,27,1720,1,2,1,1,6,421,4870421,244678,910,4,2,2,0,2,1,0,100,1,0,1,99,0
201600036937,16,6,3,1010,1,1,1,1,4,421,4869340,244842,910,2,3,4,0,1,3,0,0,2,0,1,99,0
201600036938,16,6,3,1105,1,2,1,2,4,421,4871216,244957,910,3,2,2,0,1,1,0,0,2,0,1,99,0
201600036939,16,6,13,1320,1,2,4,1,3,421,4870472,247159,910,4,2,2,0,1,1,0,0,1,0,1,99,0
201600036940,16,6,18,115,3,1,1,1,2,421,4868942,247630,910,2,3,4,0,1,1,0,120,1,0,1,99,0
201600036941,16,6,18,1930,1,1,1,1,6,421,4869487,244680,910,2,1,2,0,1,1,0,120,2,0,1,99,0
201600036942,16,6,22,425,1,1,1,1,2,421,4868957,246872,910,2,3,4,0,1,1,0,0,2,0,1,99,0
201600036943,16,7,3,1450,1,2,6,1,2,691,4873002,249952,910,3,2,2,0,1,1,0,0,1,0,0,0,0
201600036944,16,7,8,5,5,2,1,1,4,421,4870586,245745,910,3,2,2,0,1,1,0,0,1,0,1,99,0
201600036945,16,5,20,1945,1,1,1,1,2,421,4868805,248305,910,2,3,4,0,1,1,0,120,1,0,1,99,0
201600036946,16,6,17,2225,5,2,2,1,3,691,4872207,250126,910,4,2,2,0,1,1,0,0,1,0,1,0,0
201600036947,16,7,22,540,2,2,1,1,6,421,4868379,248953,910,2,3,4,0,1,1,0,0,1,0,1,99,0
201600036948,16,7,22,1840,1,2,6,1,6,691,4871077,248848,910,3,2,2,0,1,1,0,0,1,0,1,99,0
201600036949,16,7,24,1700,1,2,6,1,6,421,4871192,244369,910,3,2,2,0,1,1,0,0,1,0,4,99,0
201600036950,16,8,1,925,1,2,1,1,6,421,4870381,246113,910,3,2,2,0,1,1,0,150,1,0,1,99,0
201600036951,16,8,4,2300,5,2,1,1,6,691,4871692,249021,910,4,1,1,0,2,1,0,40,1,0,1,3,0
201600036952,16,5,21,1700,1,2,1,1,1,421,4870222,245361,910,4,2,2,0,1,1,0,80,1,0,1,99,0
201600036953,16,5,22,610,5,1,1,1,2,421,4868928,247761,910,2,3,4,0,1,1,0,120,1,0,1,99,0
201600036954,16,5,26,930,1,2,1,1,7,421,4870972,246388,910,3,2,2,0,1,1,0,60,1,0,1,99,0
201600036955,16,6,19,1900,1,2,2,1,6,421,4871192,244996,910,3,2,2,0,1,1,0,0,1,0,1,99,0
201600036956,16,7,9,1715,1,2,3,1,3,421,4869898,246978,910,3,1,1,1,1,1,0,0,1,0,5,99,0
201600036957,16,8,26,1605,1,2,5,1,4,421,4871015,244179,910,3,2,2,0,1,1,0,0,1,0,1,99,0
201600036958,16,8,10,1330,1,2,3,1,3,421,4870424,244831,910,4,2,2,0,3,1,0,100,1,0,1,3,0
201600036959,16,8,28,1050,1,2,1,1,2,421,4870405,244368,910,2,3,4,0,1,1,0,120,1,0,1,99,0
201600036960,16,9,3,1150,1,2,1,1,2,691,4870611,249611,910,3,2,2,1,1,1,0,100,1,0,1,99,0
201600036961,16,9,5,810,1,2,1,2,1,691,4870083,248500,910,3,2,2,0,1,1,0,90,2,0,1,3,0
201600036962,16,9,6,1655,1,1,1,1,5,421,4869305,247805,910,2,3,4,0,1,1,0,200,1,0,1,99,0
201600036963,16,9,7,1310,1,2,1,1,2,421,4869843,247061,910,3,2,2,0,1,1,0,110,1,0,1,99,0
201600036964,16,9,10,1750,1,2,1,1,2,691,4870852,249475,910,3,3,2,0,1,1,0,0,1,0,1,0,0
201600036965,16,9,12,1645,1,2,2,1,3,691,4871110,248618,910,4,2,2,1,1,1,0,0,1,0,1,99,0
201600036966,16,9,13,1100,1,2,1,1,2,691,4869166,248000,910,3,2,2,1,1,1,0,80,1,0,1,99,0
201600036967,16,9,19,1805,1,2,6,1,6,421,4870328,246703,910,3,2,2,0,1,1,0,0,1,0,0,3,0
201600036968,16,9,20,1715,1,2,1,1,6,191,4871330,246356,910,3,3,3,0,1,1,0,0,1,0,1,99,0
201600036969,16,9,20,2140,3,1,1,1,2,421,4869006,246235,910,2,3,4,0,1,1,0,0,1,0,1,0,0
201600036970,16,9,22,810,1,2,6,1,6,691,4871077,248848,910,3,2,2,0,1,1,0,0,1,0,1,99,0
201600036971,16,9,28,1245,1,2,1,1,6,191,4872247,246658,910,3,2,2,0,1,1,0,150,1,0,1,3,0
201600036972,16,9,30,2155,5,2,1,2,6,421,4870328,244120,910,4,2,2,0,2,1,0,0,2,0,1,99,0
201600036973,16,8,30,730,1,2,1,1,6,691,4870519,248243,910,4,2,2,0,2,1,0,0,1,0,4,99,0
201600036974,16,10,14,1900,2,2,6,2,3,421,4870316,244002,910,4,2,2,0,1,1,0,80,2,0,1,99,0
201600036975,16,10,31,1520,1,1,1,1,2,421,4871850,244290,910,2,3,3,0,1,1,0,0,1,0,1,99,0
201600036976,16,10,31,2015,5,2,1,1,6,421,4870265,244019,910,4,2,2,0,1,1,0,0,1,0,1,99,0
201600036977,16,11,6,1600,1,1,1,1,2,421,4869830,244428,910,2,3,4,0,1,1,0,120,1,0,1,99,0
201600036978,16,11,16,900,1,1,1,1,3,691,4873183,250872,910,3,2,2,0,1,1,0,150,1,0,1,99,0
201600036979,16,11,24,1335,1,2,3,1,3,691,4871743,251058,910,4,2,2,0,1,1,0,0,1,0,1,99,0
201600036980,16,11,26,720,1,2,1,1,4,421,4870703,245542,910,3,2,2,0,1,1,0,110,1,0,1,3,0
201600036981,16,11,30,1310,1,2,1,1,6,691,4871515,249001,910,3,2,2,0,1,1,0,0,1,0,1,0,0