Num_Acc,an,mois,jour,hrmn,lum,agg,int,atm,col,com,lat,long,dep,catr,circ,nbv,vosp,prof,plan,lartpc,larrout,surf,infra,situ,env1,killed
201600036982,16,10,15,800,1,2,3,1,3,691,4872118,249764,910,4,2,2,0,1,1,0,0,1,0,1,99,0
201600036983,16,12,6,1520,1,2,1,1,6,691,4870867,248841,910,4,2,2,0,1,1,0,120,1,0,1,99,0
201600036984,16,12,7,955,1,1,1,1,2,421,4869039,245823,910,2,3,4,0,1,1,0,150,1,0,1,99,0
201600036985,16,12,7,755,1,2,1,1,2,421,4870418,244686,910,4,2,2,0,2,1,0,100,1,0,1,99,0
201600036986,16,12,8,1805,2,2,1,1,3,691,4870088,248399,910,3,2,2,1,1,1,0,90,1,0,1,3,0
201600036987,16,12,12,825,2,2,1,2,6,421,4871555,244321,910,3,2,2,0,1,1,0,0,2,0,1,99,0
201600036988,16,11,12,1830,1,1,6,1,3,421,4871949,244196,910,6,0,0,0,1,1,0,0,1,0,1,99,0
201600036989,16,12,17,525,5,1,1,1,2,421,4871708,244269,910,2,3,4,0,1,1,0,0,1,0,1,99,0
201600036990,16,1,9,1240,1,1,6,8,3,692,4867638,219385,910,3,2,2,0,1,3,0,0,1,5,1,99,0
201600036991,16,1,10,1000,1,2,3,8,3,692,4868325,217514,910,4,2,2,0,1,1,0,70,2,0,1,99,0
201600036992,16,1,6,600,5,2,2,2,3,477,4871424,225830,910,3,2,4,0,1,1,0,0,2,0,1,99,0
201600036993,16,1,13,1430,1,2,2,1,1,477,4872592,222451,910,4,2,2,0,2,1,0,70,1,0,1,99,0
201600036994,16,1,26,1400,1,1,1,1,4,692,4867509,218189,910,3,1,3,0,1,2,0,0,1,3,1,99,0
201600036995,16,2,3,1722,1,2,1,1,3,645,4875108,227721,910,4,2,2,0,1,1,0,50,1,0,1,0,0
201600036996,16,2,24,950,1,2,1,1,6,692,4868270,216688,910,4,2,2,0,1,1,25,25,1,6,1,0,0
201600036997,16,3,1,1500,1,2,2,2,3,477,4871327,219217,910,3,2,2,0,1,1,0,70,9,0,1,99,0
201600036998,16,3,2,2325,5,2,1,1,6,477,4870988,224329,910,3,2,2,0,1,1,15,50,1,0,0,0,0
201600036999,16,3,12,1220,1,1,4,1,2,363,4866771,219680,910,3,1,2,0,1,1,60,60,1,3,1,99,0
201600037000,16,3,15,1230,1,2,1,7,6,477,4871895,226067,910,4,2,2,0,1,1,0,0,1,0,1,0,0
201600037001,16,3,27,1450,1,2,3,2,3,692,4868434,219960,910,3,2,4,0,1,1,0,80,2,0,1,99,0
201600037002,16,3,30,1310,1,2,3,2,1,692,4868529,220103,910,4,2,2,0,1,1,0,0,2,0,1,99,0
201600037003,16,4,6,1550,1,1,1,1,3,477,4871902,222132,910,3,2,2,0,1,1,0,0,1,0,1,0,0
201600037004,16,4,7,1230,1,2,1,1,6,692,4868651,220128,910,4,2,2,0,1,3,0,0,1,0,1,0,0
201600037005,16,4,19,1650,1,2,1,1,4,64,4875242,221473,910,4,2,2,0,1,0,35,35,1,0,1,99,0
201600037006,16,4,23,1420,1,2,1,1,1,471,4871175,218350,910,3,2,3,0,2,1,0,0,1,0,1,99,0
201600037007,16,4,26,1935,1,1,1,2,1,477,4871630,221833,910,4,2,2,0,1,3,0,50,2,0,1,3,0
201600037008,16,4,29,940,1,2,2,1,3,312,4873709,222329,910,3,2,3,0,2,1,10,30,1,5,1,99,0
201600037009,16,5,5,2242,5,2,6,1,3,645,4875010,227208,910,4,2,2,0,1,1,0,0,1,0,1,0,0
201600037010,16,5,8,130,4,2,1,1,6,477,4871029,221944,910,4,2,2,0,1,2,0,50,1,0,1,3,0
201600037011,16,4,13,1615,1,1,1,2,4,122,4869522,217181,910,3,2,2,0,1,1,0,0,2,0,1,99,0
201600037012,16,5,16,1142,1,1,2,1,3,471,4871051,217643,910,4,2,4,3,1,1,0,86,1,5,0,99,1
201600037013,16,5,26,810,1,1,1,1,2,692,4867883,219973,910,3,2,2,0,1,1,0,0,1,0,1,99,0
201600037014,16,5,31,835,1,2,6,3,6,122,4869235,216047,910,3,2,2,0,1,1,30,30,2,0,1,3,0
201600037015,16,5,31,919,1,1,1,2,6,692,4868040,219936,910,4,2,2,0,1,1,0,0,2,0,1,99,0
201600037016,16,5,31,1250,1,2,2,2,3,477,4872259,225356,910,3,2,2,0,1,1,0,70,2,5,1,99,0
201600037017,16,5,17,1015,1,2,3,1,3,471,4871073,217640,910,4,2,2,3,1,1,0,0,1,0,1,0,0
201600037018,16,6,4,1945,1,1,9,1,3,692,4867440,217750,910,3,1,3,0,1,3,50,50,1,3,1,99,0
201600037019,16,5,26,1607,1,2,1,1,1,477,4871855,224181,910,3,2,2,0,1,1,0,0,1,0,1,99,0
201600037020,16,6,12,2020,1,1,6,1,6,692,4867883,219973,910,3,1,2,0,1,1,0,0,2,0,1,0,0
201600037021,16,6,14,1230,1,2,1,1,3,477,4871340,225752,910,4,2,2,0,1,4,0,80,1,0,1,99,0
201600037022,16,6,25,2230,5,2,1,1,6,477,4871457,224897,910,4,2,2,0,2,3,0,0,1,0,1,0,0
201600037023,16,6,29,1600,1,2,1,1,3,471,4868551,218466,910,4,2,2,0,1,3,0,0,1,0,1,3,0
201600037024,16,7,22,1830,1,1,1,1,4,692,4867521,218726,910,3,3,4,0,0,0,0,0,0,0,1,0,0
201600037025,16,7,26,1000,1,2,3,1,3,477,4871702,225214,910,3,3,2,0,1,1,0,0,1,0,0,0,0
201600037026,16,7,27,900,1,2,3,1,6,645,4874723,226562,910,4,1,1,0,2,1,0,40,1,0,1,99,0
201600037027,16,7,27,750,1,2,6,1,3,645,4874423,226683,910,4,1,1,0,1,2,0,0,1,0,1,99,0
201600037028,16,7,7,1925,1,2,1,1,6,692,4868279,216571,910,4,2,2,0,1,1,0,30,1,0,1,99,0
201600037029,16,7,8,1645,1,2,1,1,3,477,4870841,225633,910,4,3,2,0,1,1,0,0,1,0,1,0,0
201600037030,16,9,4,1313,1,2,1,2,3,692,4867778,217099,910,6,0,0,0,1,1,0,35,1,0,0,99,0
201600037031,16,9,4,2055,2,2,3,1,6,645,4875439,226719,910,4,2,2,0,1,1,0,0,1,0,1,0,0
201600037032,16,9,15,955,1,2,3,2,3,645,4874219,226216,910,4,2,2,0,1,1,0,0,2,0,1,0,0
201600037033,16,9,22,1315,1,2,1,1,6,692,4868443,219743,910,5,2,2,0,1,1,0,0,1,0,1,99,0
201600037034,16,9,23,2150,4,2,6,1,6,312,4873663,223643,910,3,1,1,0,1,2,0,0,1,0,1,99,0
201600037035,16,9,28,1310,1,2,2,1,6,645,4874259,226309,910,4,2,2,0,1,1,0,0,1,5,1,3,0
201600037036,16,10,4,1000,1,1,1,1,3,692,4867871,219957,910,3,3,2,0,1,1,0,0,1,0,1,99,0
201600037037,16,10,5,1830,1,1,1,1,3,477,4871492,219766,910,4,2,2,3,1,1,0,0,1,0,1,0,0
201600037038,16,10,8,2255,5,2,1,1,6,692,4867915,219100,910,2,2,2,0,1,1,0,70,1,0,1,99,0
201600037039,16,10,10,1855,1,2,3,2,2,64,4875173,221610,910,4,2,2,0,1,1,0,0,2,0,1,0,0
201600037040,16,10,13,706,2,2,1,1,3,312,4873458,223898,910,3,2,2,0,2,1,0,0,1,0,1,3,0
201600037041,16,9,7,1015,1,2,1,1,3,477,4871047,224390,910,3,2,2,0,1,1,0,0,1,0,1,99,0
201600037042,16,10,14,1107,1,2,1,1,3,477,4870575,221947,910,4,2,2,0,1,1,0,0,1,0,1,0,0
201600037043,16,10,18,755,1,2,1,1,4,477,4871135,225690,910,4,2,2,0,2,1,0,0,2,0,1,99,0
201600037044,16,10,22,1800,1,2,1,1,3,122,4868844,215315,910,4,2,2,0,4,3,0,70,1,0,1,99,0
201600037045,16,10,27,1645,1,2,3,1,2,692,4867863,219123,910,3,2,2,0,1,1,0,70,1,5,1,99,0
201600037046,16,10,30,1509,1,2,2,1,3,477,4871040,224168,910,4,1,1,0,1,1,0,0,1,0,1,0,0
201600037047,16,10,30,1758,5,2,1,1,2,477,4870974,225419,910,4,2,2,0,1,1,0,60,1,0,1,99,0
201600037048,16,10,31,1155,1,2,1,1,6,692,4867549,217106,910,6,0,0,0,1,1,0,50,1,0,1,99,0
201600037049,16,11,1,320,5,2,1,1,6,312,4873717,222426,910,3,3,2,0,1,4,20,40,1,0,1,99,0
201600037050,16,11,7,915,1,2,1,2,6,477,4870365,223746,910,4,2,2,0,2,1,0,0,2,0,3,3,0
201600037051,16,11,13,1740,5,2,4,8,6,122,4869575,215466,910,4,2,2,0,2,1,0,0,2,0,1,0,0
201600037052,16,11,17,1437,1,2,1,1,2,477,4870949,225448,910,4,2,2,0,1,1,0,0,2,5,1,99,0
201600037053,16,11,18,1250,1,2,2,1,1,477,4871808,224995,910,3,2,3,3,1,1,0,0,1,0,0,0,0
201600037054,16,11,22,1358,1,2,1,1,6,477,4871861,223116,910,3,2,4,0,1,2,0,0,1,0,1,99,0
201600037055,16,11,25,1650,2,2,1,1,6,692,4868340,217481,910,6,0,0,0,0,0,0,0,0,0,4,0,0
201600037056,16,11,28,1840,2,2,1,1,5,645,4875130,227778,910,3,2,2,1,1,1,0,0,1,0,1,0,0
201600037057,16,11,30,1136,1,2,6,1,2,645,4875210,227242,910,4,1,1,0,1,1,0,0,1,0,1,99,0
201600037058,16,12,6,850,1,2,2,1,2,692,4868426,220086,910,3,2,2,0,1,1,0,0,1,0,1,0,0
201600037059,16,12,8,1833,5,2,1,1,2,122,4869139,215875,910,3,2,2,0,1,1,0,70,1,0,1,0,0
201600037060,16,12,13,1215,1,1,1,1,2,645,4875025,226586,910,4,1,1,0,1,1,0,0,1,0,1,0,0
201600037061,16,12,17,2030,5,2,1,1,7,477,4871293,224094,910,4,1,1,0,2,1,0,0,1,0,1,0,0
201600037062,16,10,25,2005,5,2,2,1,3,477,4871112,224775,910,4,2,2,0,1,1,0,0,1,0,1,99,0
201600037063,16,1,16,1745,1,2,2,1,1,549,4863456,234377,910,3,2,2,0,1,1,0,0,1,0,1,0,0
201600037064,16,2,10,855,1,1,3,6,3,570,4862906,229712,910,3,2,3,0,1,1,0,0,2,0,0,99,0
201600037065,16,2,11,1310,1,2,1,1,2,549,4864356,233429,910,3,2,4,0,1,1,0,0,1,0,1,99,0
201600037066,16,3,21,1415,1,2,2,1,3,549,4864835,233073,910,4,2,2,0,1,1,0,0,1,0,1,99,0
201600037067,16,3,30,2130,5,2,1,2,6,570,4863522,232036,910,4,2,2,0,1,1,0,0,2,0,1,0,0
201600037068,16,4,21,1815,1,2,1,1,3,667,4866574,233746,910,3,2,2,0,2,1,0,0,1,0,1,99,0
201600037069,16,5,12,1920,1,2,6,2,3,549,4862956,234029,910,3,1,1,0,1,3,0,0,1,0,1,0,0
201600037070,16,5,16,1000,1,2,2,1,3,549,4864580,232702,910,4,2,2,0,1,1,0,0,1,0,1,99,0
201600037071,16,5,18,1905,1,2,2,2,3,549,4864923,233123,910,4,2,2,0,1,1,0,0,2,5,1,99,0
201600037072,16,6,11,630,1,2,1,2,6,549,4864485,233477,910,3,1,2,0,1,2,0,0,2,0,1,99,0
201600037073,16,6,14,1625,1,2,6,1,5,667,4866163,234097,910,3,2,2,0,2,1,0,0,1,0,1,99,0
201600037074,16,7,7,2340,5,2,1,1,5,549,4864888,232137,910,4,2,2,0,1,1,0,0,1,0,1,0,0
201600037075,16,7,10,1725,1,2,2,1,3,216,4867500,231847,910,4,2,2,0,1,1,0,0,1,0,0,0,0
201600037076,16,9,20,1120,1,2,1,1,5,549,4862941,234025,910,3,3,2,0,1,1,0,0,1,0,0,0,0
201600037077,16,9,27,950,1,2,6,1,6,549,4863742,233293,910,3,1,1,0,1,3,0,0,1,0,0,0,0
201600037078,16,10,6,1910,1,2,1,1,5,549,4864154,233355,910,3,2,2,0,1,1,0,0,1,0,1,99,0
201600037079,16,11,3,1930,5,2,1,1,6,570,4863609,231983,910,4,2,2,0,1,1,0,0,1,0,1,0,0
201600037080,16,11,5,1315,1,2,1,1,6,549,4862344,234366,910,4,2,2,0,1,1,0,0,1,0,1,0,0
201600037081,16,11,9,1215,1,2,1,2,1,570,4862330,231318,910,4,2,2,0,1,1,0,0,2,0,1,0,0
201600037082,16,8,8,450,5,1,1,1,6,685,4866160,230795,910,3,2,2,0,1,3,0,0,2,0,3,99,0
201600037083,16,12,11,1040,1,1,1,7,6,549,4863736,234550,910,4,2,2,0,1,1,0,0,2,5,1,99,0
201600037084,16,12,12,640,5,2,3,1,6,549,4863169,233727,910,3,2,2,1,1,1,0,0,1,0,1,99,0
201600037085,16,12,16,750,2,2,1,1,1,549,4863460,234435,910,3,3,2,0,1,1,0,0,1,0,1,3,0
201600037086,16,12,18,1449,1,2,1,1,6,549,4863711,234426,910,4,2,2,0,1,1,0,0,1,0,1,3,0
201600037087,16,12,20,1209,1,2,3,1,6,549,4864183,234635,910,4,2,2,0,2,1,0,0,1,0,1,0,1
201600037088,16,12,21,1755,3,2,3,1,1,570,4862278,231791,910,4,2,2,0,1,1,0,0,1,0,1,99,0
201600037089,16,12,22,825,2,2,3,3,1,549,4865685,231795,910,3,2,2,0,1,1,0,0,2,0,1,99,0
201600037090,16,12,25,1240,1,2,1,1,6,570,4863400,232483,910,4,2,2,0,1,1,0,0,1,0,1,99,0
201600037091,16,1,24,1650,1,1,6,1,4,432,4870000,235000,910,3,2,2,0,1,2,0,0,1,0,1,99,0
201600037092,16,2,2,810,1,2,4,1,3,589,4870000,233000,910,3,2,2,0,1,2,0,0,1,0,1,3,0
201600037093,16,2,5,30,5,2,2,1,3,589,4867675,234998,910,3,2,2,0,2,1,0,0,2,0,1,99,0
201600037094,16,10,12,1140,1,2,2,1,3,432,4870018,232559,910,4,2,2,0,1,1,0,0,1,0,1,0,0
201600037095,16,2,20,840,1,2,1,1,6,589,4868333,235000,910,3,2,2,0,1,1,0,0,2,0,1,3,0
201600037096,16,12,7,2015,5,2,2,1,2,589,4870538,234616,910,4,2,2,0,1,1,0,0,1,0,1,99,0
201600037097,16,12,7,1820,5,2,2,1,1,589,4868613,234040,910,4,2,2,0,1,1,0,0,1,0,1,99,0
201600037098,16,12,20,1045,1,2,1,1,3,589,4868059,234292,910,3,2,2,0,1,1,0,0,1,0,1,99,0
201600037099,16,12,31,740,5,2,1,5,6,589,4867890,235829,910,3,2,2,0,1,1,0,0,1,0,0,99,0
201600037100,16,12,21,815,5,2,1,1,3,589,4869315,236507,910,3,2,2,0,1,1,0,0,1,0,1,99,0
201600037101,16,12,24,820,5,2,2,1,3,589,4868089,234250,910,3,2,2,0,1,1,0,0,1,0,1,99,0
201600037102,16,11,4,1839,2,2,2,3,3,589,4867684,234984,910,4,2,2,0,2,1,0,0,2,0,1,99,0
201600037103,16,11,28,1635,2,2,1,1,6,432,4870623,233534,910,4,2,2,0,1,1,0,0,1,0,0,99,0
201600037104,16,3,4,415,5,2,2,2,3,589,4867922,234351,910,4,2,2,0,1,1,0,0,2,0,1,0,0
201600037105,16,3,25,1555,1,2,1,1,3,432,4870672,233368,910,4,1,1,2,1,1,0,80,1,0,1,3,0
201600037106,16,4,14,1240,1,2,3,1,3,432,4870310,233952,910,3,2,2,0,1,1,0,0,1,0,1,99,0
201600037107,16,5,18,2000,1,2,6,2,3,432,4870685,233329,910,3,1,1,0,1,2,0,0,2,0,1,0,0
201600037108,16,5,19,2215,5,2,1,1,3,432,4870659,233231,910,3,2,2,0,1,1,0,0,1,0,1,0,0
201600037109,16,1,8,1719,2,2,2,1,3,432,4870000,232700,910,4,2,2,0,1,1,0,0,1,0,1,99,0
201600037110,16,1,26,945,1,2,1,1,3,589,4869194,235236,910,4,2,2,0,1,1,0,0,1,0,1,99,0
201600037111,16,1,28,815,4,2,3,1,6,589,4867983,234426,910,4,1,2,0,1,1,0,0,1,0,1,0,0
201600037112,16,6,15,25,5,2,2,1,3,589,4868195,234334,910,3,2,2,0,1,1,0,0,1,0,1,99,0
201600037113,16,2,8,1345,1,2,1,2,3,589,4868333,233333,910,4,2,2,0,1,1,0,0,2,0,1,0,0
201600037114,16,2,11,1245,1,2,1,1,4,589,4868527,234602,910,3,2,2,0,1,3,0,0,2,0,1,99,0
201600037115,16,2,25,1720,2,2,4,1,3,589,4868333,233333,910,4,2,2,0,0,1,0,0,1,0,0,0,0
201600037116,16,4,22,45,5,2,1,1,7,432,4869369,232300,910,4,2,2,0,1,1,0,0,1,0,1,99,0
201600037117,16,5,7,1520,1,2,3,1,3,589,4867982,234429,910,3,2,2,0,1,1,0,0,1,0,1,99,0
201600037118,16,7,20,300,5,2,1,1,6,589,4869392,235621,910,4,2,2,0,1,2,0,0,1,0,3,0,0
201600037119,16,8,25,1800,1,2,1,1,3,589,4867997,234416,910,3,2,2,0,1,1,0,62,1,0,1,0,0
201600037120,16,8,22,1835,1,2,4,1,3,589,4867507,233547,910,3,2,2,0,1,1,0,0,1,0,1,99,0
201600037121,16,5,26,835,1,1,4,1,3,589,4867837,234701,910,3,2,2,0,2,1,0,0,1,5,1,0,0
201600037122,16,6,17,755,1,2,1,1,6,589,4868871,235898,910,3,2,2,0,1,1,0,0,1,0,1,0,0
201600037123,16,6,10,830,1,2,3,1,3,432,4870570,233379,910,3,2,2,0,1,1,0,0,1,0,1,0,0
201600037124,16,6,9,1940,1,2,1,1,1,589,4868827,235191,910,4,2,2,0,1,1,0,0,1,0,1,0,0
201600037125,16,7,13,1835,1,2,1,1,6,589,4868203,234319,910,3,3,2,0,1,1,0,0,1,5,0,0,0
201600037126,16,7,26,1630,1,2,1,1,2,589,4868333,235000,910,4,2,2,0,1,1,0,0,1,0,1,0,0
201600037127,16,8,12,1455,1,2,2,1,3,589,4868073,234268,910,3,2,2,0,1,1,0,0,1,5,1,0,0
201600037128,16,9,30,2140,5,2,1,2,6,589,4867449,234663,910,4,2,2,0,1,1,0,0,2,0,1,0,0
201600037129,16,10,6,1350,1,2,1,1,6,432,4870128,233477,910,4,2,2,0,1,1,0,0,1,0,1,0,0
201600037130,16,11,8,1325,1,2,2,8,1,432,4870486,233326,910,4,2,2,0,1,1,0,0,1,0,1,0,0
201600037131,16,11,15,2155,5,2,1,2,2,589,4867834,234709,910,3,2,2,0,3,1,0,0,2,0,1,99,0
201600037132,16,11,20,131,5,2,1,2,6,432,4870720,232931,910,3,2,2,0,1,1,0,0,2,0,1,99,0
201600037133,16,12,2,240,3,1,1,9,6,432,4870906,235136,910,3,2,2,0,1,1,0,0,1,0,1,99,0
201600041871,16,1,7,1240,1,2,1,1,4,22,4876460,241646,940,3,2,2,1,1,1,0,60,1,0,1,99,0
201600041872,16,1,22,1810,5,2,2,2,6,2,4881450,241193,940,3,2,4,0,2,1,0,100,2,0,1,99,0
201600041873,16,1,25,910,1,2,2,1,3,2,4879980,242622,940,3,2,2,0,2,1,0,100,1,0,1,99,0
201600041874,16,1,28,925,1,2,3,2,6,2,4878680,242583,940,4,2,2,0,1,1,0,0,2,0,1,3,0
201600041875,16,1,31,1830,5,2,2,2,3,2,4879630,242876,940,4,2,2,0,3,1,0,70,2,0,1,99,0
201600041876,16,2,1,1830,5,2,1,1,3,2,4878130,241911,940,3,2,2,0,1,1,0,90,1,0,1,99,0
201600041877,16,2,12,930,1,2,1,2,2,2,4881460,241456,940,3,3,4,0,2,1,0,57,2,2,1,99,0
201600041878,16,2,25,1015,1,2,3,1,1,2,4880570,241083,940,3,2,2,0,1,1,0,86,1,0,1,99,0
201600041879,16,2,26,20,5,2,3,1,6,2,4880860,242003,940,4,1,1,0,1,1,0,52,1,0,1,99,0
201600041880,16,3,15,800,1,2,3,1,6,2,4879310,242555,940,4,2,2,0,1,1,0,0,1,0,4,99,0
201600041881,16,3,15,1300,1,2,1,1,4,2,4878340,242053,940,3,2,2,0,1,1,0,80,1,0,1,99,0
201600041882,16,4,1,1800,1,2,2,1,6,2,4879990,242725,940,3,2,3,0,2,1,0,120,1,0,1,99,0
201600041883,16,4,5,1940,1,2,1,1,6,2,4879730,241875,940,3,2,2,0,1,1,0,36,1,0,1,99,0
201600041921,16,10,15,100,3,1,1,2,6,4,4875630,250468,940,2,3,2,0,2,3,0,0,2,0,1,99,0
201600041923,16,10,17,1600,1,1,1,2,2,75,4873530,251957,940,2,3,4,0,1,1,0,0,2,0,1,99,0
201600041924,16,10,21,601,5,2,3,2,3,47,4870780,255591,940,3,2,2,0,1,1,0,0,2,0,1,99,1
201600041925,16,10,23,2040,3,2,1,3,6,4,4875600,250475,940,2,3,2,0,2,3,0,120,2,0,1,99,0
201600041928,16,10,27,1220,1,2,3,1,3,75,4873440,252044,940,2,3,4,0,1,1,0,60,1,0,1,99,0
201600041932,16,1,2,1000,1,2,1,1,2,71,4877520,251103,940,3,2,2,0,1,1,0,60,1,0,1,99,0
201600041933,16,1,4,600,5,2,1,2,3,4,4876010,249892,940,2,3,4,0,1,1,0,100,2,0,1,99,0
201600041934,16,11,4,2147,5,2,3,3,3,75,4872750,253101,940,3,2,2,0,1,1,0,30,2,0,1,99,0
201600041936,16,1,6,1300,1,2,4,1,6,71,4877210,251959,940,3,2,4,0,2,1,0,0,1,0,1,99,0
201600041938,16,1,8,846,2,2,3,1,6,56,4869380,255715,940,3,2,2,0,1,1,0,62,1,0,1,99,0
201600041939,16,1,8,1000,1,2,6,1,6,44,4875140,249047,940,3,2,2,0,1,1,0,61,1,0,1,99,0
201600041940,16,1,8,2030,5,2,3,1,3,75,4872750,253101,940,2,2,4,0,1,3,20,120,1,0,1,99,0
201600041941,16,9,1,915,1,1,1,1,4,11,4876250,249522,940,2,3,4,0,1,1,0,0,1,0,1,99,0
201600041942,16,1,9,830,2,2,3,1,6,4,4875110,251022,940,4,2,2,0,2,1,0,50,1,0,1,3,0
201600041943,16,4,1,2120,5,2,1,9,7,4,4875520,250649,940,3,2,3,0,1,3,0,30,8,0,1,99,0
201600041945,16,1,10,1840,3,2,1,8,6,4,4875560,250493,940,2,3,4,0,2,3,0,120,2,0,1,99,0
201600041948,16,11,12,1650,2,2,1,2,3,4,4875600,250475,940,2,3,2,0,1,3,0,0,2,0,1,99,0
201600041949,16,1,13,1600,1,2,2,1,2,48,4872750,253934,940,2,3,4,0,2,1,0,0,1,0,1,99,0
201600041950,16,1,14,1105,1,2,1,2,2,4,4875300,250657,940,2,2,4,0,2,1,10,160,2,0,1,99,0
201600041951,16,1,15,658,5,2,1,1,6,47,4870570,253155,940,3,2,2,0,1,1,10,50,1,0,4,99,0
201600041953,16,1,17,1950,5,2,1,1,6,44,4874920,247577,940,3,2,2,0,1,1,50,25,1,0,1,99,0
201600041954,16,1,18,1245,1,1,2,1,3,4,4875750,250492,940,4,2,2,0,1,1,0,0,1,0,1,99,0
201600041956,16,1,21,1317,1,2,2,1,3,71,4877530,251521,940,3,2,3,0,2,1,0,0,1,0,1,99,0
201600041957,16,5,25,1450,1,2,2,1,7,4,4874880,251285,940,3,2,2,0,2,1,0,30,1,0,1,99,0
201600041958,16,1,27,1900,5,2,3,1,5,71,4876260,252013,940,4,2,2,0,1,1,0,0,1,0,1,99,0
201600041960,16,1,28,110,5,2,1,2,6,75,4873600,251896,940,2,3,4,0,1,4,15,50,2,0,3,99,0
201600041961,16,1,28,2050,5,2,1,1,3,4,4875130,251770,940,3,2,2,0,1,1,0,0,1,0,1,3,0
201600041962,16,1,29,1400,1,2,3,1,1,71,4877600,252217,940,4,2,2,0,1,1,0,60,1,0,1,99,0
201600041963,16,11,30,1415,1,2,3,1,1,75,4872750,253101,940,2,3,4,0,1,1,0,0,1,5,1,99,0
201600041964,16,1,31,1255,1,1,1,2,6,4,4875640,250466,940,2,1,2,0,2,3,0,60,2,0,1,99,0
201600041965,16,3,1,320,5,2,2,1,6,44,4874480,251175,940,2,3,4,0,2,1,0,0,1,0,1,3,1
201600041966,16,3,2,1810,1,2,3,2,2,71,4877150,252500,940,3,2,2,0,1,1,0,0,2,0,1,99,0
201600041967,16,3,10,1940,5,2,1,1,6,44,4875430,247775,940,4,2,2,0,1,1,0,124,1,0,1,99,0
201600041968,16,4,23,48,5,2,1,1,7,4,4875320,250656,940,2,2,4,0,2,1,0,0,1,0,1,99,0
201600041969,16,2,1,740,1,2,3,1,6,44,4874670,248875,940,4,2,2,0,2,1,0,100,1,0,1,99,0
201600041970,16,2,1,1330,1,2,1,1,2,44,4874610,251070,940,2,3,4,0,1,1,3,64,1,0,1,3,0
201600041971,16,12,2,1625,2,2,3,1,2,70,4871670,257202,940,2,2,2,0,1,1,0,0,1,0,1,99,0
201600041972,16,2,2,2110,5,2,2,8,3,44,4874480,251175,940,2,3,4,0,2,1,0,98,2,5,1,3,0
201600041975,16,2,5,2030,3,1,1,1,3,44,4875290,247464,940,4,2,2,0,2,1,30,30,1,2,1,99,0
201600041977,16,2,6,1615,1,2,2,1,1,44,4875390,248507,940,3,2,2,0,1,1,0,80,1,0,1,99,0
201600041978,16,12,6,2130,3,2,1,1,6,4,4875780,250388,940,2,1,2,0,1,1,0,60,1,0,1,99,0
201600041979,16,12,8,702,5,1,3,1,1,75,4872750,253101,940,2,3,5,0,1,1,15,40,2,0,1,99,0
201600041981,16,2,9,840,1,2,1,2,3,71,4878000,251786,940,4,2,2,0,1,1,0,0,2,0,1,99,0
201600041984,16,12,9,1240,1,1,1,1,6,4,4875660,250461,940,2,1,2,0,1,3,0,70,2,0,1,99,0
201600041985,16,2,10,850,1,2,1,1,3,44,4874260,249805,940,3,2,2,0,1,1,0,60,1,0,1,3,0
201600041987,16,12,11,1330,1,2,3,8,3,75,4872750,253101,940,2,2,5,0,1,1,30,200,2,0,1,99,0
201600041990,16,2,16,1600,1,2,1,1,6,75,4872100,253335,940,3,2,2,0,1,1,0,0,1,0,1,3,0
201600041993,16,12,18,1430,1,1,3,5,5,75,4873440,252044,940,2,3,5,0,1,1,10,90,2,0,1,99,0
201600041997,16,2,24,715,1,2,2,8,3,71,4875900,253009,940,3,2,2,0,1,1,0,60,1,5,1,3,0
201600041999,16,4,25,1610,1,2,3,1,3,44,4874670,248875,940,4,2,2,0,1,1,0,45,1,0,1,99,0
201600042000,16,5,1,1110,1,2,3,1,2,75,4873130,252392,940,2,3,4,0,1,1,0,0,1,0,1,99,0
201600042002,16,3,1,1145,1,2,6,2,3,71,4876350,253620,940,3,2,1,0,1,1,0,0,2,0,1,3,0
201600042003,16,3,3,900,1,2,3,1,2,71,4877570,251110,940,3,2,2,0,1,1,0,70,1,0,1,99,0
201600042004,16,3,22,800,1,2,1,1,3,44,4873590,249596,940,3,2,2,0,1,1,0,0,1,0,1,99,0
201600042005,16,3,17,1630,1,2,1,1,4,70,4872140,256360,940,2,2,2,0,1,1,0,40,1,0,1,99,0
201600042006,16,3,21,1930,3,2,1,1,2,4,4874760,250960,940,2,2,4,0,2,1,0,0,1,0,1,99,0
201600042007,16,3,28,2225,5,2,4,2,3,44,4874970,248020,940,3,2,2,0,1,3,0,50,2,0,1,99,0
201600042008,16,3,29,900,1,2,1,1,7,4,4876080,249743,940,2,3,4,0,1,1,0,70,1,0,1,99,0
201600042009,16,3,29,1615,1,2,1,8,6,71,4877440,252536,940,4,2,2,0,2,1,0,45,1,0,1,3,0
201600042010,16,4,1,800,1,2,4,9,4,71,4877230,252856,940,3,2,2,0,2,1,0,0,1,0,1,99,0
201600042011,16,3,24,1500,1,2,1,1,4,4,4875050,250762,940,2,2,4,0,2,1,0,0,1,0,1,99,0
201600042012,16,4,5,755,1,2,2,1,3,75,4872220,252907,940,4,2,2,0,1,1,0,0,1,0,1,99,0
201600042014,16,4,7,140,5,2,3,1,6,71,4877040,250677,940,4,2,2,0,2,2,0,0,1,0,1,99,0
201600042015,16,4,8,1425,1,2,1,1,6,44,4874810,248116,940,4,1,1,0,1,1,0,4,1,0,1,3,0