Num_Acc,an,mois,jour,hrmn,lum,agg,int,atm,col,com,lat,long,dep,catr,circ,nbv,vosp,prof,plan,lartpc,larrout,surf,infra,situ,env1,killed
201600042016,16,4,8,1630,1,2,1,1,2,70,4872220,256227,940,2,2,2,0,1,1,0,0,1,0,1,99,0
201600042017,16,11,4,1540,1,1,1,2,1,48,4872760,254059,940,2,2,2,0,2,1,0,0,2,0,1,99,0
201600042019,16,4,13,855,1,2,1,9,6,4,4875600,250477,940,2,3,2,0,1,3,0,0,2,0,1,99,0
201600042020,16,4,15,2045,5,2,1,1,6,44,4875470,249566,940,4,2,2,0,1,1,0,40,1,0,1,99,0
201600042021,16,4,16,1610,1,2,3,2,2,44,4874130,247731,940,3,2,3,0,1,1,10,95,2,5,1,99,0
201600042022,16,4,17,920,1,2,6,1,3,44,4874230,249130,940,3,1,1,0,1,2,0,50,1,0,1,99,0
201600042023,16,4,24,2045,2,2,1,8,7,4,4875060,250449,940,4,2,2,0,1,1,0,60,1,0,1,99,0
201600042024,16,4,27,1345,1,2,1,1,6,47,4870750,255553,940,3,2,2,0,1,1,30,30,1,0,1,99,0
201600042025,16,4,28,1450,1,2,1,1,6,70,4871590,257333,940,2,3,4,0,1,1,0,0,1,0,1,99,0
201600042026,16,4,29,800,1,2,1,1,2,44,4874870,247704,940,4,2,2,0,1,1,0,62,1,0,1,99,0
201600042027,16,4,30,1745,1,2,1,2,6,71,4877360,249834,940,4,2,2,0,1,1,0,250,2,6,1,99,0
201600042028,16,2,15,900,1,2,2,1,3,44,4874480,251175,940,2,3,4,0,1,1,0,0,1,0,1,3,0
201600042029,16,5,4,1830,1,2,3,7,6,44,4875190,248753,940,3,2,2,0,1,1,0,72,1,0,1,99,0
201600042031,16,5,7,840,1,2,1,1,5,48,4872780,254895,940,2,2,2,0,1,1,0,50,1,0,1,99,0
201600042032,16,9,25,450,3,1,1,1,6,4,4875620,250471,940,2,3,4,0,2,3,50,100,1,1,1,99,0
201600042033,16,5,9,420,5,2,1,8,6,44,4874560,251111,940,2,3,4,0,1,1,0,0,2,5,1,3,0
201600042034,16,5,11,732,1,2,2,5,5,48,4872750,253934,940,2,3,3,0,2,1,0,0,2,0,1,99,0
201600042035,16,5,12,745,1,2,3,1,6,47,4870000,254835,940,3,2,2,0,1,1,0,50,1,0,1,99,0
201600042036,16,5,12,1700,1,2,1,3,6,70,4871660,257223,940,2,2,2,0,1,1,0,60,2,0,1,99,0
201600042037,16,5,24,840,1,2,3,1,3,71,4877630,251127,940,3,2,2,0,1,1,0,0,1,0,1,99,0
201600042038,16,5,25,730,1,2,3,1,6,75,4873440,252044,940,2,3,4,0,1,1,0,0,1,5,1,99,0
201600042039,16,5,26,920,1,2,1,1,4,71,4877380,250577,940,3,3,4,0,1,1,0,0,1,0,1,99,0
201600042040,16,5,30,935,1,2,1,3,2,4,4873780,251761,940,2,0,4,0,1,1,0,50,2,0,1,99,0
201600042041,16,5,30,1500,1,2,1,3,6,71,4876970,250813,940,3,2,2,0,1,1,0,0,3,0,1,99,0
201600042042,16,5,31,1510,1,2,1,3,7,71,4877330,250285,940,3,2,1,0,1,3,0,40,2,0,1,99,0
201600042050,16,12,6,1715,5,2,4,1,7,4,4875440,250600,940,2,2,4,0,1,3,0,30,1,0,1,99,0
201600042051,16,6,15,1715,1,2,1,1,4,4,4876020,249844,940,2,3,3,0,1,1,0,0,1,0,1,99,0
201600042052,16,6,17,1930,1,1,1,3,5,70,4872560,255625,940,3,2,2,0,1,1,0,0,1,0,1,99,0
201600042057,16,7,11,555,1,2,1,1,2,4,4875000,250793,940,2,2,4,0,2,1,0,59,1,0,1,99,1
201600042061,16,12,6,2110,3,2,1,1,6,4,4875720,250434,940,2,1,2,0,1,1,0,60,1,0,1,99,0
201600042063,16,12,10,1545,1,2,1,1,3,4,4876080,249748,940,2,3,4,0,1,1,0,0,1,0,1,99,0
201600042069,16,9,2,1115,1,1,3,1,3,75,4873130,252392,940,2,2,4,0,1,1,0,0,1,0,1,99,0
201600042072,16,9,19,940,1,2,3,2,3,70,4871670,257202,940,2,2,2,0,1,1,0,30,2,0,1,99,0
201600042080,16,1,1,1700,5,2,1,1,2,17,4882690,250727,940,3,1,1,0,2,1,0,0,1,0,1,99,0
201600042081,16,1,6,1330,1,2,2,1,1,17,4881960,248570,940,3,2,2,0,1,1,0,0,1,0,1,99,0
201600042082,16,1,7,1030,1,2,1,1,6,17,4882410,251015,940,3,2,2,0,1,1,0,0,1,0,4,99,0
201600042083,16,1,11,130,5,2,1,1,3,17,4881470,250767,940,3,2,2,0,1,1,0,0,1,0,1,99,0
201600042084,16,1,11,1730,5,2,1,1,2,17,4881070,252038,940,3,2,2,0,2,1,0,0,1,0,1,99,0
201600042085,16,1,13,1030,1,2,1,1,2,17,4882720,250824,940,3,1,2,0,1,1,0,0,1,0,1,99,0
201600042086,16,1,15,1100,1,2,1,1,6,17,4881310,254018,940,4,2,1,0,1,1,0,0,1,0,1,3,0
201600042087,16,1,19,1955,5,2,1,1,6,17,4881670,248204,940,3,2,2,0,1,1,0,0,1,0,1,99,0
201600042088,16,1,20,820,1,2,4,1,3,17,4881170,253644,940,3,2,2,1,1,1,0,0,1,0,1,99,0
201600042089,16,1,23,1940,5,2,1,1,2,17,4881330,252882,940,3,2,1,0,1,1,0,0,1,0,1,99,0
201600042090,16,1,29,1825,5,2,6,1,6,17,4881620,251225,940,3,3,4,0,2,1,0,0,1,0,1,99,0
201600042091,16,1,31,1435,1,2,1,1,2,17,4882150,251078,940,4,2,2,0,1,1,0,0,1,0,1,99,0
201600042092,16,2,4,2240,5,2,2,1,3,17,4881930,251473,940,4,2,2,0,1,1,0,0,1,0,1,99,0
201600042093,16,2,8,620,1,2,1,1,6,17,4881240,250984,940,3,1,3,0,1,1,0,0,1,0,1,99,0
201600042094,16,2,9,745,1,2,2,1,6,17,4882000,248249,940,3,2,2,0,1,1,0,0,1,0,1,99,0
201600042095,16,2,14,750,1,2,6,1,3,17,4881170,253644,940,3,2,2,0,2,1,0,0,1,0,1,99,0
201600042096,16,2,29,1140,1,2,4,1,6,17,4881110,254599,940,4,2,2,0,1,1,0,0,1,0,4,99,0
201600042097,16,2,15,1305,1,2,3,1,3,17,4882470,250001,940,3,2,2,0,1,1,0,0,1,0,1,99,0
201600042098,16,2,22,1755,1,2,3,2,3,17,4881120,251872,940,3,2,2,0,1,1,0,0,2,0,1,99,0
201600042099,16,2,23,1150,1,2,3,1,3,17,4881880,248989,940,3,2,2,0,1,1,0,0,1,0,1,99,0
201600042100,16,2,26,1505,1,2,1,1,6,17,4882420,251013,940,3,2,2,0,4,1,0,0,1,0,4,99,0
201600042101,16,2,26,1540,1,1,2,1,6,17,4881930,252699,940,4,1,1,0,1,1,0,0,1,0,1,99,0
201600042102,16,2,29,1230,1,2,3,1,3,17,4881880,252347,940,4,3,1,0,1,1,0,0,1,0,1,99,0
201600042103,16,3,8,1800,1,2,2,1,3,17,4881220,253390,940,3,2,1,0,1,1,0,0,1,0,1,99,0
201600042104,16,3,9,635,2,2,1,1,3,17,4882160,251075,940,3,2,2,0,1,1,0,0,1,0,1,99,0
201600042105,16,3,11,1725,1,2,2,1,3,17,4881750,255512,940,4,2,2,0,1,1,0,0,1,0,1,99,0
201600042106,16,3,13,2230,5,2,3,1,5,17,4882000,248225,940,3,2,2,0,1,1,0,0,1,1,1,99,0
201600042107,16,3,17,930,1,2,1,1,2,17,4882710,251898,940,3,2,2,0,1,1,0,0,1,0,1,99,0
201600042108,16,3,22,1845,2,2,1,1,2,17,4881040,253647,940,3,2,2,0,1,1,0,0,1,0,1,99,0
201600042109,16,3,25,835,1,2,3,2,6,17,4882470,251001,940,3,2,2,0,1,1,0,0,2,0,1,99,0
201600042110,16,3,29,910,1,2,3,1,3,17,4882520,250164,940,3,2,4,0,1,1,0,0,1,0,1,99,0
201600042111,16,4,2,1450,1,2,2,1,1,17,4881930,252699,940,4,2,2,0,1,1,0,0,1,0,1,99,0
201600042112,16,4,6,610,1,1,2,1,3,17,4883070,249322,940,1,3,8,0,3,3,0,0,1,3,1,99,0
201600042113,16,4,8,1020,1,2,2,1,2,17,4880630,253002,940,3,2,2,0,1,1,0,0,1,0,1,99,0
201600042114,16,4,8,1630,1,2,3,1,6,17,4881790,249403,940,3,2,2,0,1,1,0,0,1,0,1,3,0
201600042115,16,4,10,600,2,2,1,1,6,17,4883040,249315,940,4,2,2,0,0,1,150,100,1,0,1,99,0
201600042116,16,4,14,2115,5,2,1,2,6,17,4882520,251084,940,4,2,2,0,1,1,0,0,2,4,1,99,0
201600042117,16,4,16,1550,1,2,6,1,3,17,4881810,255838,940,4,1,1,0,1,1,0,0,1,0,1,99,0
201600042118,16,4,26,1505,1,2,1,1,6,17,4881870,248886,940,4,1,1,0,1,1,0,0,1,0,1,99,0
201600042119,16,4,27,1715,1,2,3,1,1,17,4882080,251095,940,3,2,2,0,1,1,0,0,1,0,1,99,0
201600042120,16,4,28,820,1,2,2,1,3,17,4882350,251027,940,3,2,2,0,1,1,0,0,1,0,1,99,0
201600042121,16,5,2,1900,2,2,1,1,7,17,4881240,250984,940,4,2,2,0,1,1,0,0,1,0,1,99,0
201600042122,16,5,4,1615,1,2,2,1,6,17,4881150,251049,940,4,1,1,0,1,1,0,0,1,0,1,99,0
201600042123,16,5,4,1740,1,2,1,1,2,17,4881320,251258,940,3,2,2,0,1,1,0,0,1,0,1,99,0
201600042124,16,5,6,720,1,2,3,1,2,17,4881930,248736,940,3,2,2,0,1,1,0,0,1,0,1,99,0
201600042125,16,5,6,1905,1,2,1,1,6,17,4880800,254204,940,4,1,1,0,1,1,0,0,1,0,1,99,0
201600042126,16,3,18,1930,2,2,3,1,2,17,4882410,249799,940,3,2,2,0,1,1,0,0,1,0,1,99,0
201600042127,16,5,11,745,2,2,1,1,2,17,4881750,251172,940,3,2,2,0,1,1,0,0,1,0,1,99,0
201600042128,16,5,11,1730,1,2,1,1,1,17,4881360,252716,940,4,2,2,0,1,1,0,0,1,0,1,99,0
201600042129,16,5,18,1710,2,2,1,1,2,17,4881640,250094,940,3,2,2,0,1,1,0,0,1,0,1,99,0
201600042130,16,5,16,2225,5,2,3,1,3,17,4881550,250481,940,3,2,3,0,1,1,0,0,1,0,1,99,0
201600042131,16,5,23,1220,1,2,6,3,6,17,4881700,252749,940,4,2,4,0,2,1,0,0,2,0,1,99,0
201600042132,16,5,31,915,1,2,1,1,6,17,4881980,251200,940,4,2,2,0,1,1,0,0,1,0,1,99,0
201600042133,16,5,31,730,1,2,1,3,1,17,4882630,252268,940,3,2,2,0,1,3,0,0,2,0,1,99,0
201600042134,16,5,31,2055,5,2,2,2,3,17,4882030,250330,940,4,2,2,0,1,1,0,0,2,0,1,99,0
201600042147,16,7,9,555,1,1,2,1,1,17,4883060,249313,940,2,2,6,0,1,1,0,0,1,2,1,99,0
201600042163,16,8,11,108,5,2,2,1,3,17,4882230,249182,940,4,2,4,0,1,1,0,150,1,0,1,99,1
201600042184,16,10,20,2135,5,2,2,1,2,17,4883050,249321,940,1,2,4,0,1,1,0,0,1,3,1,99,0
201600042191,16,11,13,800,1,2,2,1,5,17,4883000,249311,940,2,2,4,0,1,1,0,0,2,0,1,99,0
201600042203,16,1,5,1240,1,2,1,2,1,17,4881510,252190,940,3,3,2,0,2,1,0,0,2,0,1,99,0
201600042205,16,1,5,915,1,2,2,2,3,69,4881500,246302,940,3,2,2,0,1,1,0,0,2,0,1,99,0
201600042206,16,3,14,2338,3,2,2,1,6,18,4882180,239975,940,3,2,2,0,1,1,0,0,1,0,1,99,0
201600042207,16,1,22,652,5,2,3,1,3,18,4882870,240254,940,3,2,4,0,1,1,0,42,1,5,1,3,0
201600042208,16,1,28,1645,1,2,1,1,3,18,4881750,241328,940,4,2,1,0,2,1,0,42,1,0,1,99,0
201600042209,16,2,2,1940,5,2,1,8,6,18,4882670,240558,940,3,2,2,0,1,1,0,110,2,0,1,99,0
201600042210,16,2,3,1825,2,2,1,2,3,69,4881520,246255,940,3,2,3,0,2,1,0,0,2,0,1,99,0
201600042211,16,2,12,815,1,2,1,2,1,18,4881870,240984,940,3,2,3,0,1,1,120,100,2,0,1,3,0
201600042212,16,2,12,1540,1,2,1,8,3,69,4881810,243126,940,3,2,2,0,1,1,0,58,2,0,1,3,0
201600042213,16,2,22,1845,5,2,1,2,6,18,4882330,241093,940,3,2,2,0,1,1,0,100,2,0,1,99,0
201600042214,16,2,26,1850,5,2,3,1,6,18,4882360,240432,940,3,2,3,0,1,1,0,0,1,2,1,99,0
201600042215,16,3,4,1155,1,2,4,1,6,18,4882260,240308,940,3,1,2,0,1,1,0,123,1,0,1,3,0
201600042216,16,3,5,840,1,2,3,2,2,69,4881840,241955,940,3,0,2,0,2,1,0,0,2,0,1,99,0
201600042217,16,3,13,900,1,2,3,1,2,18,4882060,240246,940,3,2,2,0,0,1,0,0,1,0,1,99,0
201600042218,16,3,14,1525,1,2,4,1,6,18,4882360,240432,940,4,1,1,0,2,1,0,0,1,0,1,3,0
201600042219,16,3,29,1345,1,2,2,1,3,18,4882410,241993,940,3,3,1,0,1,1,0,40,1,0,1,99,0
201600042220,16,3,31,925,1,2,1,2,3,18,4881990,240481,940,3,2,2,0,1,1,0,0,2,0,1,3,0
201600042221,16,4,11,1550,1,2,4,2,7,18,4882450,241789,940,4,1,1,0,0,1,0,0,2,0,1,99,0
201600042222,16,4,13,1240,1,2,1,1,3,18,4882820,240525,940,4,2,2,0,1,1,94,55,1,0,1,99,0
201600042223,16,4,20,925,1,2,1,1,2,18,4882780,240388,940,4,2,4,0,1,1,220,108,1,0,1,99,0
201600042224,16,4,24,530,5,2,3,1,3,18,4882480,241503,940,4,2,2,0,1,1,80,80,1,0,1,99,0
201600042225,16,5,4,730,1,2,1,1,3,69,4881780,242141,940,3,2,2,0,1,1,0,60,1,0,1,99,0
201600042226,16,5,5,1040,1,2,2,1,3,69,4882410,241993,940,3,2,3,0,1,1,0,130,1,0,1,3,0
201600042227,16,5,11,1310,1,2,1,2,3,18,4882300,239642,940,3,3,4,0,1,1,0,85,2,0,1,99,0
201600042228,16,5,18,630,2,2,1,1,3,18,4881960,240624,940,3,2,3,0,1,1,0,100,1,0,1,3,0
201600042229,16,5,19,2015,1,2,2,1,3,18,4882780,240402,940,3,2,4,0,1,1,0,150,1,0,1,99,1
201600042230,16,5,20,820,1,2,3,1,6,18,4882380,240460,940,3,3,3,0,1,1,0,0,1,0,1,3,0
201600042264,16,12,26,1730,5,2,3,1,6,18,4882100,241459,940,3,1,3,0,1,1,0,0,1,0,1,99,1
201600042266,16,1,4,955,1,2,3,1,6,79,4882730,254000,940,3,1,2,0,1,1,0,51,1,0,1,3,0
201600042267,16,1,7,725,5,2,2,3,3,59,4880840,257754,940,4,2,2,0,1,1,0,65,2,0,1,99,0
201600042268,16,1,7,2135,5,2,2,1,3,55,4878720,253244,940,4,2,2,0,1,1,0,38,1,0,1,99,0
201600042269,16,1,9,505,3,1,3,1,6,53,4877680,255106,940,3,2,2,0,1,1,62,62,1,0,1,99,0
201600042270,16,1,10,1950,5,2,3,2,6,19,4880090,254808,940,3,3,1,0,1,1,0,62,2,0,1,3,0
201600042271,16,1,18,1140,1,2,5,1,2,79,4882910,253935,940,3,1,1,0,1,1,0,49,1,0,1,3,0
201600042272,16,1,18,1820,5,2,2,1,6,79,4882870,254106,940,4,2,2,0,1,1,0,0,1,0,1,99,0
201600042273,16,1,19,1945,5,1,1,1,2,79,4882230,254078,940,3,2,2,0,2,1,0,0,1,0,1,99,0
201600042274,16,2,5,1815,5,2,3,2,6,55,4878610,252993,940,4,1,1,0,1,1,0,0,2,0,1,99,0
201600042275,16,2,8,1850,5,2,6,9,1,79,4883260,255204,940,4,2,2,0,1,1,0,0,1,0,1,99,0
201600042276,16,2,11,1000,1,2,3,1,2,19,4879250,252615,940,3,2,2,0,3,1,0,60,1,5,1,99,0
201600042277,16,2,18,1525,1,1,1,2,6,55,4879350,255356,940,6,0,0,0,1,1,0,0,2,0,1,99,0
201600042278,16,2,19,1705,1,2,2,1,3,59,4880510,257228,940,3,2,2,0,1,1,0,70,1,0,1,99,0
201600042279,16,2,22,1940,5,2,2,2,3,79,4882960,255122,940,4,2,2,0,1,1,0,80,2,0,1,3,0
201600042280,16,2,29,815,1,2,3,1,2,79,4882090,255598,940,4,2,2,0,1,1,0,66,1,0,1,3,0
201600042281,16,3,1,1630,1,2,4,3,6,79,4883120,253510,940,3,2,2,0,1,1,0,100,2,0,1,99,0
201600042282,16,3,2,1530,1,2,1,1,4,79,4882730,252927,940,3,2,3,0,1,1,0,100,1,0,1,99,0
201600042283,16,3,6,905,1,2,1,1,6,79,4882580,254036,940,3,2,2,0,1,1,0,0,1,0,1,99,0
201600042284,16,3,16,825,1,2,3,1,3,55,4878090,251446,940,3,2,2,0,2,1,0,0,1,0,1,99,0
201600042285,16,3,17,1715,1,2,3,1,3,55,4878740,254425,940,3,2,2,0,1,1,0,72,1,0,1,99,0
201600042286,16,3,22,800,1,2,3,1,3,19,4879700,253357,940,3,2,2,0,1,1,0,60,1,0,1,3,0
201600042287,16,3,25,625,2,2,1,2,6,79,4883240,254293,940,3,2,2,0,1,1,0,60,2,0,1,3,0
201600042288,16,3,25,1115,1,2,2,2,2,55,4879680,254805,940,3,3,2,0,1,1,15,80,2,5,1,99,0
201600042289,16,4,4,1200,1,2,3,1,3,19,4879750,254738,940,3,2,2,0,1,1,0,120,2,0,1,99,0
201600042290,16,4,5,755,1,2,3,1,1,53,4877070,254388,940,3,2,2,0,1,1,0,61,1,0,1,99,0
201600042291,16,4,9,1750,1,2,4,2,1,55,4878080,252588,940,3,2,2,0,1,1,0,100,2,0,1,99,0
201600042292,16,4,22,1745,1,2,1,1,2,55,4879680,254833,940,3,2,2,0,1,1,0,80,1,0,1,99,0
201600042293,16,4,29,440,5,2,6,1,3,55,4879200,255507,940,3,2,2,0,1,1,0,92,1,5,1,99,0
201600042294,16,5,1,1910,1,2,1,1,6,79,4882610,256069,940,4,2,2,0,1,3,0,54,1,0,1,99,0
201600042295,16,5,12,1435,1,2,2,8,3,59,4880120,258717,940,4,2,2,0,1,1,0,62,1,0,1,99,0
201600042296,16,5,14,1830,2,2,1,1,4,79,4883270,253458,940,4,2,2,0,3,1,0,68,1,2,1,99,0
201600042297,16,5,18,1500,1,2,2,8,3,60,4879270,256738,940,4,2,2,1,1,1,0,0,1,0,5,99,0
201600042298,16,5,19,845,1,2,2,2,3,55,4878090,251956,940,3,2,2,0,2,1,0,0,2,0,1,99,0
201600042299,16,5,28,1830,1,2,1,1,6,60,4878570,258369,940,4,2,2,0,1,1,0,60,1,0,1,99,0
201600042300,16,5,30,1215,1,2,1,2,2,19,4880120,254847,940,3,2,2,1,1,1,0,91,2,2,1,3,0
201600042358,16,12,14,2230,5,2,4,1,3,55,4879540,255017,940,3,2,4,0,1,1,0,105,1,0,1,99,1
201600042367,16,1,18,900,1,2,3,1,3,54,4875070,241342,940,3,3,2,0,1,1,10,40,1,0,1,3,0
201600042368,16,4,28,1710,1,2,4,7,3,54,4874670,238617,940,3,2,4,0,1,1,0,150,1,0,1,99,0
201600042369,16,2,11,1220,1,2,2,1,3,22,4876690,240390,940,3,2,5,0,1,1,0,132,1,0,1,99,0
201600042371,16,4,15,2230,5,1,3,1,6,22,4876540,240933,940,4,1,2,0,1,1,0,45,1,6,1,99,0
201600042374,16,1,18,2055,5,2,3,1,3,22,4876940,240219,940,3,2,2,0,1,1,0,0,1,0,1,3,0
201600042377,16,1,20,1925,3,2,1,1,6,22,4876460,240652,940,3,3,2,0,2,1,0,60,1,0,1,99,0
201600042378,16,5,14,2000,2,2,2,1,2,22,4875760,240998,940,3,2,2,0,1,1,0,0,1,0,1,99,0
201600042379,16,1,21,1300,1,2,3,1,6,22,4876240,240668,940,3,1,3,0,1,1,0,0,1,5,1,3,0
201600042381,16,9,18,2100,5,1,1,1,6,22,4877350,240819,940,1,3,3,0,2,1,0,0,1,3,3,99,0
201600042382,16,5,20,1400,1,2,1,1,2,22,4876150,240336,940,3,3,4,0,0,0,0,0,1,0,1,99,0
201600042383,16,5,20,1440,1,2,3,1,3,22,4877060,240141,940,3,3,4,0,1,1,10,65,1,5,1,99,0
201600042387,16,1,27,2135,5,2,3,1,3,22,4877010,242541,940,3,1,2,0,1,1,0,0,1,0,1,99,0
201600042389,16,1,29,1515,1,2,1,8,6,22,4876520,240838,940,4,2,2,0,1,1,0,61,1,0,1,3,0
201600042392,16,2,2,1935,4,2,3,2,3,54,4875110,240607,940,3,2,2,0,1,1,0,90,2,5,1,99,0
201600042394,16,2,4,1630,1,2,2,2,3,54,4874490,240004,940,3,0,2,0,3,1,0,100,2,0,1,99,0
201600042395,16,5,31,730,2,2,1,3,5,22,4875940,242272,940,3,2,2,0,1,1,0,60,2,0,1,3,0
201600042404,16,2,10,1750,5,2,3,1,6,54,4874960,241841,940,4,2,2,0,1,1,0,0,1,0,1,99,0
201600042405,16,10,6,1930,3,1,3,1,4,73,4877350,239951,940,1,3,6,0,2,1,30,30,1,0,1,99,0
201600042407,16,2,15,1210,1,2,3,1,6,22,4875960,240864,940,3,1,2,0,1,1,0,0,1,0,1,3,0
201600042418,16,2,22,2040,5,2,1,2,6,22,4875470,241451,940,4,2,2,0,1,1,0,25,1,0,1,99,0
201600042421,16,2,26,1910,5,2,3,1,3,22,4875800,240956,940,3,3,4,0,1,1,29,70,1,0,1,99,0
201600042429,16,3,8,2240,5,2,3,1,3,22,4876640,240431,940,3,3,2,0,1,1,35,110,1,0,1,99,0
201600042431,16,3,9,1555,1,2,2,8,6,54,4874940,240653,940,3,2,2,0,1,1,0,0,2,0,1,3,0
201600042436,16,3,15,845,1,2,1,1,2,22,4876950,242270,940,3,1,2,0,1,1,0,60,1,0,1,99,0
201600042437,16,3,15,1740,1,2,1,1,2,22,4876330,241051,940,4,2,2,1,1,1,0,60,1,0,1,99,0
201600042440,16,3,18,2020,5,2,2,1,6,22,4876930,242225,940,3,3,4,0,1,1,0,61,1,6,1,99,0
201600042442,16,3,22,1955,5,2,1,1,3,73,4877180,240064,940,3,2,4,0,1,1,0,120,1,0,1,99,0
201600042445,16,3,25,1905,5,2,1,1,3,22,4876210,240242,940,3,1,1,0,1,0,50,35,1,0,1,99,0
201600042448,16,3,29,1810,1,2,3,2,6,22,4876300,241228,940,4,2,2,0,2,1,0,70,2,6,1,99,0
201600042452,16,12,12,2130,5,2,1,2,6,54,4874960,241275,940,3,2,2,0,1,1,5,70,2,0,1,3,1
201600042454,16,4,6,2035,5,2,5,2,3,22,4876440,240546,940,3,2,2,0,1,2,0,0,2,5,1,99,0
201600042456,16,4,7,1925,1,2,3,2,6,22,4875920,242298,940,3,2,2,0,1,1,0,61,2,0,1,99,0
201600042459,16,4,9,1355,1,2,1,1,6,22,4876470,240542,940,3,3,4,0,1,1,0,0,1,0,1,99,0
201600042473,16,8,20,1900,1,2,2,1,5,54,4874480,239451,940,3,2,2,0,2,1,0,0,1,0,1,3,1
201600042475,16,4,22,1715,1,2,1,2,6,54,4875080,241862,940,4,2,2,0,1,3,0,90,2,0,1,99,0
201600042477,16,4,24,1355,1,2,3,1,1,54,4875250,241661,940,4,2,2,0,1,1,0,0,1,0,1,99,0
201600042479,16,4,26,1520,1,2,3,8,6,22,4876840,241956,940,3,1,2,0,1,1,0,60,1,0,1,99,0
201600042481,16,1,3,1630,1,2,1,2,6,28,4877740,244172,940,3,3,4,0,1,1,60,60,2,0,1,99,0
201600042482,16,1,3,1915,5,2,6,2,3,28,4877460,243934,940,2,3,4,0,1,0,60,60,2,5,1,99,0
201600042483,16,1,4,700,2,2,2,1,2,28,4877320,243494,940,3,2,4,0,1,1,0,120,2,0,1,99,0
201600042484,16,1,7,900,1,2,3,2,6,28,4876990,246307,940,4,2,2,0,1,1,0,60,2,0,1,99,0
201600042485,16,1,14,1625,1,2,1,1,5,11,4875840,248156,940,3,3,4,0,1,1,30,60,1,0,1,99,0
201600042486,16,1,14,1845,5,2,6,1,3,28,4876690,247224,940,3,4,2,0,1,3,60,60,1,0,1,99,0
201600042487,16,1,14,135,5,2,3,1,6,28,4876870,245400,940,4,2,2,0,1,1,0,0,1,0,1,99,0
201600042488,16,1,24,20,5,2,3,1,2,28,4879390,245618,940,4,2,2,0,1,1,0,0,1,0,1,99,0
201600042489,16,1,25,815,1,2,3,1,6,28,4879070,244563,940,4,2,2,0,1,1,0,0,1,0,1,99,0
201600042490,16,1,25,1235,1,2,6,1,5,11,4876890,248721,940,3,1,3,0,1,3,0,60,1,0,1,3,0
201600042491,16,1,27,750,2,2,3,1,6,28,4879690,245700,940,3,2,4,0,1,1,60,60,1,0,1,99,0
201600042492,16,1,31,1530,1,2,2,2,3,28,4879740,246428,940,3,3,4,0,1,1,120,120,2,5,1,99,0
201600042493,16,1,31,115,5,2,2,2,3,28,4879160,246199,940,4,2,4,0,1,1,120,120,2,0,1,99,0
201600042494,16,2,3,800,1,2,3,2,3,11,4877580,248012,940,3,2,2,0,1,1,0,0,2,0,1,3,0
201600042495,16,2,3,1625,1,2,1,2,3,28,4880340,246172,940,4,2,2,0,1,1,0,0,2,0,1,99,0
201600042496,16,2,5,1420,1,1,3,1,3,28,4877510,247186,940,4,2,2,0,1,1,0,60,1,0,1,3,0
201600042497,16,2,6,1740,2,1,1,1,6,28,4878050,245650,940,6,0,0,0,1,1,60,60,1,0,1,99,0
201600042498,16,2,9,1655,1,2,2,1,6,28,4879040,245300,940,3,2,2,3,1,1,0,60,1,0,1,3,0
201600042499,16,2,9,1530,1,1,1,2,6,28,4877950,244347,940,3,2,2,0,1,1,0,60,2,0,1,99,0
201600042500,16,2,10,2105,5,2,6,1,6,28,4878490,245142,940,3,3,4,0,1,1,0,120,1,0,1,99,0
201600042501,16,2,12,1520,1,2,1,2,4,28,4878080,244475,940,3,3,2,0,1,1,0,0,2,0,1,99,0
201600042502,16,2,12,2350,3,2,2,1,3,28,4878260,246076,940,4,2,2,0,1,1,0,0,1,0,1,99,0
201600042503,16,2,15,1900,5,1,1,1,5,28,4878960,245116,940,3,2,4,0,1,1,0,60,1,0,1,99,0
201600042504,16,2,16,1000,1,2,3,1,3,28,4878010,246553,940,4,2,2,0,1,1,0,60,1,0,1,99,0
201600042505,16,2,18,1750,2,2,1,2,3,11,4876040,248845,940,2,3,3,0,1,1,120,120,2,5,1,99,0
201600042506,16,2,19,1205,1,2,1,1,6,28,4879980,244744,940,3,2,2,0,1,1,0,60,1,0,1,99,0
201600042507,16,2,20,1430,1,2,1,1,6,74,4876620,245603,940,2,3,2,0,1,1,0,60,1,0,1,99,0
201600042508,16,2,23,805,1,2,2,1,3,28,4879530,245905,940,3,2,2,0,1,1,0,60,1,0,1,3,0
201600042509,16,2,24,1710,1,2,1,1,2,28,4878610,245614,940,4,3,3,0,2,1,90,90,1,0,1,99,0
201600042510,16,2,28,1630,1,2,1,1,6,28,4878240,244507,940,4,2,2,0,1,1,0,0,1,0,1,99,0
201600042511,16,3,1,1855,1,2,2,2,3,28,4879640,245763,940,3,2,2,0,1,1,0,60,2,0,1,99,0
201600042512,16,3,2,1230,1,2,1,1,2,28,4879380,244784,940,4,2,2,0,1,1,0,60,1,0,1,99,0
201600042513,16,3,11,555,5,2,1,1,7,11,4876330,249398,940,3,3,2,0,1,3,120,60,1,0,1,99,0
201600042514,16,3,11,1530,1,2,1,1,2,28,4878110,244495,940,3,3,4,0,1,1,60,60,1,0,1,99,0
201600042515,16,3,22,820,1,2,1,1,3,28,4876470,246968,940,4,2,2,0,1,1,0,60,1,0,1,99,0
201600042516,16,3,26,1255,1,2,2,1,2,28,4878020,243777,940,2,3,6,0,1,1,0,60,1,0,1,99,0
201600042517,16,3,24,1820,1,2,3,1,3,28,4878260,246076,940,4,2,2,0,1,1,0,60,1,0,1,3,0