Num_Acc,an,mois,jour,hrmn,lum,agg,int,atm,col,com,lat,long,dep,catr,circ,nbv,vosp,prof,plan,lartpc,larrout,surf,infra,situ,env1,killed
201600042518,16,3,29,1820,1,1,1,2,2,28,4876200,247353,940,3,3,4,0,1,1,0,60,1,0,1,99,0
201600042519,16,4,1,1000,1,2,6,1,3,28,4877410,243957,940,2,3,4,0,1,2,60,60,1,5,1,99,0
201600042520,16,4,1,1730,1,2,1,1,3,11,4876700,248923,940,3,2,4,0,1,1,120,120,1,0,1,99,0
201600042521,16,4,1,710,1,2,3,1,3,28,4878870,245158,940,3,2,4,0,2,1,120,120,1,0,1,99,0
201600042522,16,4,5,1135,1,2,1,1,2,28,4878130,243749,940,2,3,6,0,1,1,0,0,1,0,1,99,0
201600042523,16,4,6,1420,1,2,1,1,2,28,4878930,246624,940,4,3,4,0,1,1,60,120,1,0,1,99,0
201600042524,16,4,7,615,5,2,4,1,6,28,4878340,245963,940,3,3,4,0,1,1,0,0,1,0,1,3,0
201600042525,16,4,10,1139,1,2,6,1,2,28,4877410,243957,940,2,3,4,0,1,1,60,60,1,0,1,99,0
201600042526,16,4,10,705,1,2,2,1,2,11,4876270,247965,940,3,2,2,0,1,1,0,60,1,0,1,99,0
201600042527,16,4,13,1554,1,2,2,1,6,28,4877790,246676,940,4,2,2,0,1,1,0,0,1,0,1,99,0
201600042528,16,4,12,1554,1,2,1,1,6,28,4878010,245507,940,4,2,2,0,1,1,0,0,1,0,1,99,0
201600042529,16,4,14,740,1,2,1,1,6,28,4879780,246461,940,3,2,2,0,1,1,0,60,1,0,1,99,0
201600042530,16,4,16,1240,1,2,1,1,2,28,4877790,246638,940,4,2,2,0,2,1,0,60,1,0,1,99,0
201600042531,16,4,17,1615,1,2,1,1,6,28,4877300,243439,940,3,3,4,3,1,1,0,0,1,0,1,99,1
201600042532,16,4,27,1430,1,2,3,2,4,28,4878880,246615,940,4,1,1,0,1,1,0,60,2,0,1,99,0
201600042533,16,4,29,1811,1,2,1,1,3,11,4877340,249401,940,3,2,2,0,1,1,0,60,1,0,1,99,0
201600042534,16,4,29,2015,1,2,1,1,3,28,4879440,246018,940,3,2,2,0,1,1,0,60,1,0,1,3,0
201600042535,16,4,30,2245,3,2,1,1,7,28,4878610,245589,940,4,1,2,0,1,1,0,60,1,0,1,99,0
201600042536,16,4,30,915,1,2,1,1,4,28,4878180,244540,940,3,2,2,0,1,1,0,60,1,0,1,3,0
201600042537,16,5,2,1245,1,2,1,1,6,28,4876630,247405,940,3,3,2,0,1,1,60,60,1,0,1,99,0
201600042538,16,5,4,1800,1,2,1,1,6,28,4877250,243922,940,6,0,0,0,1,1,60,60,1,0,1,99,0
201600042539,16,5,4,905,1,2,1,1,6,28,4878430,245205,940,3,2,2,0,1,1,0,60,1,0,1,99,0
201600042540,16,5,6,1640,1,2,1,1,2,28,4879690,246392,940,3,3,4,0,1,1,120,120,1,0,1,99,0
201600042541,16,5,10,2100,2,2,3,1,6,28,4877290,246956,940,4,2,2,0,1,1,60,60,1,0,1,99,0
201600042542,16,5,13,900,1,2,1,1,6,28,4878330,244664,940,3,2,2,0,1,1,60,60,1,0,1,3,0
201600042543,16,5,19,1500,1,2,1,1,4,28,4878580,246992,940,3,2,2,0,1,1,60,60,1,0,1,99,0
201600042544,16,5,24,1345,1,2,2,1,6,28,4879580,244773,940,4,3,4,0,1,1,0,0,1,0,1,3,0
201600042545,16,5,3,1425,1,2,1,1,6,28,4878150,246623,940,4,2,2,0,1,1,0,0,1,0,1,99,0
201600042546,16,5,26,840,1,2,1,1,6,28,4878190,246848,940,4,2,2,0,1,1,60,60,1,0,1,3,0
201600042547,16,5,26,1000,1,2,3,1,3,28,4879070,244579,940,4,3,4,0,1,1,60,60,1,0,1,99,0
201600042548,16,5,25,1725,1,2,1,1,2,28,4876220,247476,940,3,3,2,0,1,1,60,60,1,0,1,99,0
201600042571,16,7,1,2205,5,1,1,1,6,44,4875760,247234,940,2,0,2,0,1,3,0,60,1,0,1,99,0
201600042575,16,7,8,1010,1,2,1,1,6,28,4877950,243793,940,2,3,4,0,1,0,60,120,2,0,1,99,0
201600042578,16,7,10,1,5,2,2,1,2,28,4878020,243770,940,2,3,4,0,1,1,60,60,1,0,1,99,0
201600042587,16,7,22,2230,1,2,3,1,2,28,4877320,243494,940,3,3,4,0,1,1,0,120,1,0,1,99,0
201600042594,16,8,8,1657,1,1,2,1,2,28,4878020,243777,940,2,0,4,0,0,0,10,120,1,0,1,99,0
201600042600,16,8,23,1350,1,2,6,1,6,28,4877430,243879,940,3,1,3,0,0,0,0,30,1,0,1,99,0
201600042610,16,9,5,2330,5,2,1,1,6,28,4877260,243964,940,2,2,0,0,2,3,0,0,2,3,1,99,0
201600042611,16,9,7,915,1,2,1,1,3,28,4877330,243523,940,3,2,6,3,1,1,0,0,1,0,1,99,0
201600042613,16,9,10,1439,1,2,6,1,6,28,4877430,243879,940,2,3,4,0,1,1,0,0,1,0,1,99,0
201600042616,16,9,19,1518,1,1,6,1,3,28,4877460,243934,940,2,2,4,0,1,1,0,60,1,0,1,99,0
201600042626,16,10,3,1200,1,2,4,1,4,28,4878150,243743,940,1,3,4,0,1,1,0,0,1,3,1,99,0
201600042645,16,10,29,1440,1,1,6,1,3,28,4877420,243968,940,2,3,4,0,1,2,0,0,1,0,1,99,0
201600042653,16,11,7,1600,1,2,1,1,6,11,4876150,249625,940,2,3,4,0,1,1,0,0,1,0,1,99,0
201600042669,16,11,29,715,1,2,1,1,3,28,4877030,244026,940,2,3,4,0,0,0,0,0,1,0,1,99,0
201600042672,16,12,2,2140,5,1,1,1,2,28,4877200,243982,940,2,3,4,0,1,1,0,60,1,0,1,99,0
201600042692,16,1,9,1630,1,2,2,1,6,33,4885390,247115,940,3,2,2,0,1,1,0,0,1,0,1,99,0
201600042693,16,1,9,1700,1,2,2,1,2,33,4884870,247781,940,3,2,2,0,1,1,0,0,1,0,1,99,0
201600042694,16,1,9,2255,5,2,2,3,3,33,4885270,246782,940,3,2,2,0,2,1,0,55,2,0,1,99,0
201600042695,16,1,12,1845,5,2,1,8,1,33,4885290,248275,940,6,0,0,3,1,0,0,0,1,0,1,99,0
201600042696,16,1,14,1700,2,2,2,8,6,33,4885830,248020,940,4,2,2,0,1,1,0,0,2,0,1,3,0
201600042697,16,1,15,930,1,2,3,1,3,33,4884820,248386,940,4,2,2,0,2,1,0,0,2,0,1,99,0
201600042698,16,1,17,1905,5,2,2,1,3,33,4885270,246782,940,3,2,2,0,2,1,0,0,1,0,1,99,0
201600042699,16,1,18,930,1,2,2,1,3,33,4885020,246091,940,4,1,1,0,1,1,0,0,1,0,1,3,0
201600042700,16,1,18,1310,1,2,4,1,6,33,4885970,248068,940,3,2,2,0,1,1,0,0,1,0,1,99,0
201600042701,16,1,27,2140,5,2,1,1,6,33,4884800,246394,940,3,1,1,0,1,1,0,0,1,0,1,99,0
201600042702,16,1,31,1300,1,2,1,2,6,33,4884440,246226,940,4,2,2,0,1,1,0,0,2,0,1,99,0
201600042703,16,2,8,1,5,2,3,1,1,33,4884610,245139,940,4,2,2,0,1,1,0,0,1,0,1,99,0
201600042704,16,2,9,1830,5,2,1,3,3,33,4885640,249221,940,3,3,2,0,1,1,10,35,2,0,1,99,0
201600042705,16,3,1,1430,1,2,3,2,2,33,4885390,249347,940,4,2,1,0,1,1,0,0,2,0,1,99,0
201600042706,16,3,9,930,1,2,2,2,3,33,4884940,246499,940,4,2,1,0,1,1,0,0,2,0,1,99,0
201600042707,16,3,12,1835,1,2,3,1,3,33,4885380,245317,940,4,2,2,0,2,1,0,0,1,0,1,99,0
201600042708,16,3,14,1130,1,2,1,1,3,33,4885950,249419,940,4,2,2,0,1,1,0,0,1,0,1,99,0
201600042709,16,3,22,2220,5,2,2,1,3,33,4884360,246616,940,3,2,3,0,1,1,0,79,1,0,1,99,0
201600042710,16,3,29,1240,1,2,1,1,3,33,4885370,249357,940,3,3,4,0,1,1,0,0,1,0,1,99,0
201600042711,16,3,30,1120,1,2,2,2,3,33,4884440,245708,940,4,2,2,0,1,1,0,0,2,0,1,99,0
201600042712,16,4,7,2140,5,2,6,1,3,33,4885390,249347,940,3,1,2,0,1,1,0,0,1,0,1,3,0
201600042713,16,4,15,2230,5,2,1,8,2,33,4886000,249016,940,3,3,2,0,1,1,0,92,1,0,1,99,0
201600042714,16,4,30,1615,1,2,2,2,6,33,4884530,245116,940,4,2,2,0,2,1,0,0,1,0,1,99,0
201600042715,16,5,24,915,1,2,1,1,3,33,4885240,248704,940,3,3,4,0,2,1,0,60,1,0,1,99,0
201600042716,16,5,28,1920,1,2,2,1,6,33,4885300,245766,940,3,2,2,0,2,1,0,0,1,0,1,99,0
201600042717,16,5,30,1640,1,2,3,3,6,33,4885360,247509,940,3,2,2,0,2,1,0,0,2,0,1,3,0
201600042719,16,6,12,20,5,2,2,1,6,33,4885910,249087,940,1,3,4,0,1,1,0,0,1,3,1,99,1
201600042749,16,1,1,710,5,2,3,1,2,3,4880960,232648,940,3,2,2,0,1,1,0,0,2,0,1,99,0
201600042750,16,1,2,1150,1,2,4,1,2,43,4881550,235644,940,1,3,4,0,2,1,0,0,1,3,1,99,0
201600042751,16,1,2,2255,5,2,1,1,2,3,4880310,232457,940,3,1,3,0,1,1,0,0,1,0,1,99,0
201600042752,16,1,3,130,5,2,1,1,6,43,4881310,236134,940,3,2,2,0,1,1,0,0,1,0,3,99,0
201600042753,16,1,4,830,1,2,3,2,6,37,4881190,234682,940,4,2,2,0,1,1,0,0,2,0,1,3,0
201600042754,16,1,9,10,5,2,1,5,1,37,4881270,235177,940,3,1,1,0,2,1,0,0,1,0,1,99,0
201600042755,16,1,10,540,5,2,2,8,3,76,4880700,236322,940,3,2,4,0,1,1,0,55,2,5,1,99,0
201600042756,16,1,12,1515,1,2,1,1,2,76,4878210,236702,940,3,1,2,0,1,1,0,0,1,0,1,99,0
201600042757,16,1,14,900,1,2,4,2,6,76,4878770,236280,940,4,2,2,0,1,1,0,0,2,0,1,99,0
201600042758,16,1,15,1750,5,2,3,1,6,16,4879270,232973,940,3,2,2,0,1,1,0,0,1,0,1,3,0
201600042759,16,1,15,1840,5,2,1,1,3,43,4881130,236177,940,3,2,6,0,2,1,0,0,1,0,1,99,0
201600042760,16,1,19,810,1,2,3,2,6,16,4879450,233125,940,3,2,2,0,2,1,0,0,2,0,1,3,0
201600042761,16,1,19,1900,5,2,2,1,3,37,4881420,234976,940,3,2,2,0,1,1,0,0,1,0,1,99,0
201600042762,16,1,19,1958,5,2,3,1,6,76,4878030,236981,940,4,2,2,0,1,1,0,0,1,0,1,99,1
201600042763,16,1,21,910,1,2,1,4,7,76,4878850,235876,940,3,3,2,0,1,1,0,0,5,0,1,99,0
201600042764,16,1,21,1030,1,2,2,1,6,76,4879490,236637,940,3,2,2,0,1,1,0,0,1,0,1,3,0
201600042765,16,1,23,1645,1,2,3,1,6,76,4878600,236334,940,4,1,1,0,1,1,0,0,1,0,1,99,0
201600042766,16,1,25,405,5,2,2,1,3,76,4878860,237528,940,3,2,3,0,2,1,0,92,1,0,1,99,0
201600042767,16,1,26,100,5,2,1,1,3,76,4879170,236954,940,3,2,4,0,1,1,0,136,1,0,1,99,0
201600042768,16,1,26,1415,1,2,3,1,3,76,4879150,236946,940,4,2,2,0,1,1,0,0,1,0,1,3,0
201600042769,16,1,29,900,1,2,1,1,6,16,4878990,232631,940,3,3,1,1,1,1,0,0,1,0,5,3,0
201600042770,16,1,30,2230,5,2,3,1,2,16,4878690,232957,940,3,2,2,0,1,1,0,0,1,0,1,99,0
201600042771,16,2,2,930,1,2,3,1,6,76,4878460,237115,940,4,2,2,0,1,1,0,0,1,0,1,99,0
201600042772,16,2,5,800,1,2,3,1,6,16,4879450,232120,940,3,3,6,0,2,1,0,0,1,0,1,99,0
201600042773,16,2,6,1210,1,2,2,1,3,76,4879120,236951,940,3,3,2,0,1,1,0,0,1,0,1,3,0
201600042774,16,2,10,1400,1,1,3,1,6,76,4878330,235489,940,4,2,2,0,1,1,0,0,1,0,1,99,0
201600042775,16,2,11,2040,5,2,3,1,3,43,4881510,236073,940,3,2,4,0,1,1,0,100,1,0,1,99,0
201600042776,16,2,11,2145,5,2,2,1,1,37,4881660,233512,940,3,2,2,0,1,1,0,40,1,0,1,99,0
201600042777,16,2,12,1000,1,2,1,7,6,76,4879480,236381,940,3,3,1,0,1,1,0,0,2,0,1,99,0
201600042778,16,2,14,100,5,2,2,2,2,76,4879500,235434,940,3,2,2,0,1,1,0,0,2,5,1,99,0
201600042779,16,2,14,920,1,2,3,1,6,43,4881280,235704,940,4,1,1,0,1,2,0,100,1,5,1,99,0
201600042780,16,2,15,1505,1,2,1,1,5,76,4878910,235397,940,4,2,2,0,1,1,0,0,1,0,1,99,0
201600042781,16,2,16,800,1,2,2,1,6,76,4878860,237528,940,3,2,2,0,1,1,0,0,1,0,1,99,0
201600042782,16,2,17,900,1,2,1,1,6,43,4881020,236281,940,3,2,2,0,1,1,0,0,1,0,1,99,0
201600042783,16,2,20,1105,1,2,2,2,6,3,4880440,233814,940,3,2,2,0,4,1,0,25,2,0,1,99,0
201600042784,16,2,20,1340,1,2,1,2,6,43,4881040,236202,940,3,2,4,0,1,1,0,0,2,0,1,99,0
201600042785,16,2,20,1510,1,2,3,1,1,76,4879280,236936,940,3,2,4,1,1,1,0,0,1,0,4,99,0
201600042786,16,2,21,625,5,2,2,2,3,3,4880440,233814,940,3,2,2,0,4,1,0,0,2,0,1,99,0
201600042787,16,2,23,35,5,2,1,2,3,43,4880720,236304,940,3,2,2,0,1,1,0,0,2,0,1,99,0
201600042788,16,2,25,900,1,2,2,1,6,3,4879950,234407,940,3,1,2,0,2,1,0,0,1,0,1,3,0
201600042789,16,3,3,900,1,2,1,8,3,43,4880730,235426,940,3,2,2,0,1,1,0,0,2,0,1,99,0
201600042790,16,2,27,2215,4,2,3,1,6,37,4881310,235362,940,3,1,1,0,2,1,0,0,1,0,1,99,0
201600042791,16,3,3,1545,1,1,3,1,6,76,4878640,236111,940,4,2,2,0,1,1,0,0,1,0,1,3,0
201600042792,16,3,4,215,5,2,1,3,3,3,4880650,232591,940,3,1,4,0,1,1,0,0,2,0,1,99,0
201600042793,16,3,5,1130,1,2,1,1,6,3,4880880,232651,940,3,1,4,0,1,2,0,120,1,0,4,99,0
201600042794,16,3,7,2100,5,2,2,2,3,76,4880560,236364,940,3,3,5,0,1,1,0,0,2,0,1,99,0
201600042795,16,3,9,915,1,2,2,3,3,16,4879640,232391,940,4,1,1,0,1,1,0,0,2,0,1,99,0
201600042796,16,3,11,900,1,2,1,1,2,43,4880970,236122,940,3,3,2,0,4,1,0,0,1,0,1,99,0
201600042797,16,3,11,1015,1,2,3,1,7,3,4879960,233151,940,3,2,2,0,2,3,0,0,1,0,1,99,0
201600042798,16,3,16,1500,1,2,3,1,6,37,4881060,234781,940,4,1,1,0,2,1,0,40,1,0,4,3,0
201600042799,16,3,17,1600,1,2,1,1,1,37,4881640,234077,940,3,2,2,0,1,1,0,0,1,0,1,99,0
201600042800,16,3,23,820,1,2,3,1,3,76,4878850,236436,940,3,2,2,0,1,1,0,0,1,0,1,99,0
201600042801,16,3,23,1500,1,2,1,1,6,16,4878640,234041,940,4,2,2,0,2,1,0,0,1,0,1,99,0
201600042802,16,3,25,1300,1,2,1,2,3,37,4881360,234735,940,3,1,2,0,1,1,0,0,2,0,1,99,0
201600042803,16,4,3,230,5,2,1,8,3,76,4880500,236382,940,3,2,4,0,1,1,0,60,2,0,1,3,0
201600042804,16,4,6,1830,1,2,1,3,6,76,4879800,236602,940,3,2,2,0,2,1,0,0,2,0,1,3,0
201600042805,16,4,11,1825,1,1,1,1,3,3,4880280,232442,940,3,3,3,0,1,1,0,0,1,0,1,99,0
201600042806,16,4,13,850,1,2,2,1,2,3,4880090,233336,940,3,2,2,0,1,1,0,0,1,0,1,99,0
201600042807,16,4,13,800,1,2,3,1,3,16,4879080,231990,940,3,3,4,0,1,1,0,0,1,0,1,99,0
201600042808,16,4,15,1435,1,2,1,2,3,43,4881190,236159,940,3,2,4,0,1,1,0,0,2,0,1,99,0
201600042809,16,4,16,1930,2,2,8,1,3,76,4878460,236709,940,3,2,2,0,1,1,0,0,1,0,1,99,0
201600042810,16,4,17,1620,1,1,1,1,2,43,4881600,236382,940,4,2,2,0,1,1,0,0,1,0,1,99,0
201600042811,16,4,19,1520,1,2,3,1,6,16,4880150,232393,940,3,2,2,0,1,1,0,0,1,0,1,99,0
201600042812,16,4,21,1425,1,2,3,1,3,3,4880150,232393,940,3,3,3,0,1,1,0,0,1,0,1,99,0
201600042813,16,4,23,1630,1,2,1,1,4,43,4880720,236318,940,3,1,2,0,1,1,0,0,1,0,1,99,0
201600042814,16,4,26,2130,5,2,2,2,5,76,4878850,236164,940,3,2,2,0,1,1,0,0,2,0,1,99,0
201600042815,16,4,27,2330,5,2,2,1,3,76,4879600,236857,940,3,2,2,0,1,1,0,0,1,0,1,99,0
201600042816,16,4,28,1300,1,2,1,1,6,76,4879110,236901,940,4,1,1,0,1,1,0,0,1,0,1,99,0
201600042817,16,4,29,1745,1,2,1,1,3,43,4880930,236238,940,3,2,2,0,1,1,0,0,1,0,1,99,0
201600042818,16,5,6,1910,1,2,3,1,3,16,4878850,233257,940,3,2,2,0,2,1,20,90,1,0,1,99,0
201600042819,16,5,8,2120,5,2,1,1,2,76,4878860,237411,940,3,2,2,0,1,1,0,60,1,0,1,99,0
201600042820,16,5,9,1738,1,2,3,1,1,76,4878700,235258,940,3,2,2,0,1,1,0,0,1,0,1,99,0
201600042821,16,5,10,1100,1,2,3,1,1,3,4880580,232558,940,3,2,3,0,1,1,0,0,1,0,1,99,0
201600042822,16,5,12,845,1,2,1,1,6,3,4880510,233696,940,3,2,2,0,1,1,0,0,1,0,1,99,0
201600042823,16,5,15,715,1,2,1,1,3,43,4881100,235081,940,3,1,1,0,1,1,0,35,1,0,1,99,0
201600042824,16,5,17,1030,1,2,3,1,6,16,4878770,233253,940,3,2,2,0,1,1,0,0,1,0,1,99,0
201600042825,16,5,18,1735,1,2,3,3,3,16,4879580,232523,940,3,2,2,0,2,1,0,0,2,0,1,99,0
201600042826,16,5,20,1145,1,2,3,1,6,16,4878900,233174,940,3,2,2,1,1,1,0,0,1,0,1,99,0
201600042827,16,5,25,700,1,2,2,1,3,16,4878680,233735,940,3,2,2,0,2,1,0,0,1,0,1,99,0
201600042828,16,5,25,745,1,2,1,1,3,16,4879970,232386,940,3,2,2,0,1,1,0,0,1,0,5,3,0
201600042829,16,5,26,1054,1,2,2,1,3,76,4880560,236364,940,3,2,4,0,1,1,0,0,1,0,1,99,0
201600042830,16,5,26,1730,1,2,2,1,3,16,4879000,232258,940,4,2,2,0,1,1,0,0,1,0,1,99,0
201600042831,16,5,28,1700,1,2,2,2,3,76,4878740,235420,940,4,2,2,0,1,1,0,0,2,0,1,99,0
201600042832,16,5,29,930,1,2,1,8,3,43,4881480,236245,940,3,1,1,0,1,1,0,40,2,0,1,99,0
201600042875,16,9,1,1015,1,2,1,1,6,76,4879780,234792,940,3,2,1,0,1,1,0,0,1,0,1,99,1
201600042940,16,2,5,1950,5,2,1,1,6,37,4881370,234052,940,4,1,2,0,1,1,0,0,1,0,1,99,0
201600042943,16,4,7,10,5,2,1,1,7,43,4881070,235043,940,3,2,5,0,1,1,0,0,1,0,1,99,0
201600042945,16,5,19,730,1,2,2,2,6,76,4880580,236360,940,3,2,4,0,1,1,0,58,2,0,1,99,1
201600042946,16,5,11,1615,1,2,3,2,2,76,4878270,236213,940,4,2,1,0,1,1,0,0,2,0,1,99,0
201600042947,16,5,21,2100,5,2,1,1,6,76,4878010,235530,940,4,2,2,0,1,1,0,50,1,0,1,99,0
201600042950,16,1,3,1420,1,1,1,2,6,73,4875360,237654,940,2,3,4,0,2,3,0,0,2,0,1,99,0
201600042951,16,1,4,1245,1,2,3,1,6,65,4874900,235125,940,4,2,2,0,1,2,0,0,1,0,1,99,0
201600042952,16,1,10,2240,5,2,1,2,6,21,4877200,234339,940,3,2,2,0,1,1,0,30,2,0,1,99,0
201600042953,16,1,11,1000,1,2,1,2,6,73,4875630,237429,940,4,2,3,0,1,1,0,0,2,0,1,99,0
201600042954,16,1,20,1610,1,2,1,1,2,21,4877250,236013,940,4,1,1,0,1,1,0,0,1,0,1,99,0
201600042955,16,1,20,1815,5,1,1,1,2,65,4875000,236879,940,3,1,1,0,1,2,20,40,1,0,1,99,0
201600042956,16,1,21,1505,1,2,3,1,6,73,4875230,239901,940,4,2,2,0,1,1,0,0,1,0,1,3,0
201600042957,16,1,24,2330,5,2,2,1,6,54,4875230,238742,940,3,2,2,0,1,1,0,0,1,0,1,99,0
201600042958,16,1,26,540,5,2,1,1,3,21,4876120,235227,940,4,1,2,0,1,1,0,0,1,0,1,99,0
201600042959,16,1,26,1840,5,2,3,1,6,65,4874450,235888,940,4,2,2,0,1,1,0,0,1,0,1,99,0
201600042960,16,1,27,800,2,2,3,3,6,34,4875750,232090,940,3,2,2,0,2,1,0,0,2,0,1,3,0
201600042961,16,1,28,1545,1,2,1,1,6,21,4877150,236059,940,3,2,2,0,1,1,0,0,1,0,1,99,0
201600042962,16,2,7,1400,1,2,3,1,3,34,4875530,231340,940,3,2,2,0,1,1,0,0,1,0,1,99,0
201600042963,16,2,8,1340,1,2,1,3,6,21,4877480,235585,940,4,1,1,0,1,1,0,0,2,0,1,3,1
201600042964,16,2,9,1045,1,2,3,2,3,65,4874450,235888,940,4,2,1,0,1,1,0,0,2,0,1,99,0
201600042965,16,2,13,610,5,1,1,2,7,44,4874860,247682,940,4,1,1,0,1,2,0,0,2,0,3,99,0
201600042966,16,2,14,1730,2,2,1,1,6,73,4875640,238419,940,4,1,1,0,1,3,0,0,1,0,1,99,0
201600042967,16,2,14,1850,5,2,1,1,3,38,4878340,234541,940,3,3,2,0,1,3,0,0,1,0,1,99,0
201600042968,16,2,15,950,1,2,1,1,6,21,4876490,235841,940,3,2,2,0,1,3,0,0,1,0,1,99,0
201600042969,16,2,16,1515,1,2,3,1,3,73,4875580,236883,940,3,3,4,0,1,1,0,0,1,0,1,99,0
201600042970,16,2,18,1000,1,2,1,1,3,21,4876770,234860,940,4,2,2,0,1,1,0,0,1,0,1,99,0
201600042971,16,2,18,2310,5,2,1,1,6,21,4876680,233560,940,4,2,2,0,1,1,0,0,1,0,4,99,0
201600042972,16,2,20,2000,5,2,2,1,3,73,4875930,239663,940,3,3,6,3,4,1,0,0,1,0,1,3,0
201600042973,16,3,1,620,5,2,2,1,3,73,4876390,236824,940,3,1,1,0,1,1,0,0,1,0,1,99,0
201600042974,16,3,3,1200,1,2,3,1,3,73,4876660,239057,940,4,1,1,0,1,1,0,0,1,0,1,99,0
201600042975,16,3,4,650,5,2,4,3,6,65,4875810,236065,940,4,1,1,0,1,1,0,0,2,0,1,99,0
201600042976,16,3,5,700,1,2,6,2,6,38,4877110,234986,940,3,2,1,0,1,3,0,0,2,5,1,99,0
201600042977,16,3,5,1630,1,2,3,1,6,38,4877900,233544,940,3,2,2,0,1,1,0,0,1,0,3,99,0
201600042978,16,3,6,1800,5,2,1,1,3,73,4875730,238817,940,4,2,2,0,1,1,0,0,1,1,1,99,0
201600042979,16,3,7,2015,5,2,3,1,3,73,4876720,238050,940,3,2,2,0,1,1,0,0,1,0,1,99,0
201600042980,16,3,8,805,1,2,2,1,6,34,4875580,230990,940,4,1,1,0,1,1,0,0,1,0,1,99,0
201600042981,16,3,8,1215,1,1,2,1,3,21,4876240,235275,940,4,1,1,0,1,1,0,0,1,0,1,99,0
201600042982,16,3,8,1520,1,2,1,1,6,73,4876380,239650,940,3,2,2,0,1,1,0,30,1,0,4,99,0
201600042983,16,3,10,1250,1,2,1,1,6,65,4874650,235547,940,4,2,2,0,1,1,0,0,1,0,1,99,0
201600042984,16,3,11,750,1,2,3,1,2,38,4877540,235307,940,4,2,2,0,1,1,0,0,1,0,1,3,0
201600042985,16,3,11,1130,1,2,3,1,3,34,4875930,233273,940,4,2,2,0,1,1,0,0,1,0,1,99,0
201600042986,16,3,11,1615,1,2,1,1,6,38,4878310,233948,940,3,2,2,0,1,1,0,0,1,0,1,99,0
201600042987,16,3,13,10,5,2,1,1,6,21,4877640,236730,940,3,2,2,0,1,1,0,0,1,0,1,99,0
201600042988,16,3,15,1300,1,2,1,1,3,73,4875630,237168,940,6,0,0,0,1,0,0,0,1,0,1,99,0
201600042989,16,3,19,1220,1,1,2,1,3,65,4875300,236011,940,1,3,2,0,1,1,0,0,1,3,1,99,0
201600042990,16,3,22,700,1,2,1,1,3,73,4875210,237022,940,3,2,1,0,1,1,0,0,1,0,1,99,0
201600042991,16,3,23,920,1,2,3,1,6,21,4875800,236466,940,4,2,2,0,1,1,0,0,1,0,1,99,0
201600042992,16,3,23,1610,1,2,1,1,6,73,4875610,237443,940,4,2,2,0,1,1,0,0,1,0,1,99,0
201600042993,16,3,24,1530,1,2,3,1,1,73,4876630,238733,940,3,2,2,0,1,1,0,0,1,0,1,99,0
201600042994,16,3,25,1335,1,2,3,2,2,65,4874500,236028,940,3,3,2,0,1,1,0,0,2,0,1,99,0
201600042995,16,3,25,2200,5,2,1,1,3,34,4875690,232250,940,4,2,2,0,1,3,0,0,1,0,1,99,0
201600042996,16,3,28,1250,1,2,6,2,3,34,4875710,232880,940,3,3,2,0,1,1,0,0,2,0,1,99,0
201600042997,16,3,30,1315,1,2,6,2,2,21,4876950,233742,940,4,3,2,0,1,0,0,0,2,5,1,99,0
201600042998,16,4,1,940,1,1,1,1,3,73,4875400,236930,940,2,3,4,0,1,1,0,0,1,0,1,99,0
201600042999,16,4,4,10,5,1,1,1,6,65,4874730,236759,940,3,3,2,0,1,1,80,80,1,0,4,99,0
201600043000,16,4,7,855,1,2,3,1,3,65,4874500,236028,940,3,1,2,0,1,1,0,0,1,0,1,99,0
201600043001,16,4,11,1215,1,2,2,2,2,73,4875830,239291,940,3,1,1,0,2,1,0,0,2,0,1,99,0
201600043002,16,4,12,810,1,1,1,1,6,21,4876030,235313,940,4,1,1,0,1,1,0,0,1,0,1,99,0
201600043003,16,4,16,1140,1,2,3,1,2,21,4876950,233757,940,3,3,2,0,1,1,0,0,1,0,1,99,0
201600043004,16,4,16,1900,1,2,2,1,6,34,4875000,232128,940,4,2,2,0,1,1,0,0,1,0,1,99,0
201600043005,16,4,27,1625,1,2,1,1,3,38,4878230,234372,940,3,2,2,0,1,1,0,0,1,0,1,99,0
201600043006,16,4,28,2200,5,2,1,1,6,38,4877600,234254,940,4,2,2,0,1,1,0,0,1,0,4,99,0
201600043007,16,5,1,2130,2,2,3,1,4,73,4876320,236825,940,3,3,2,0,1,1,0,0,1,0,1,99,0
201600043008,16,5,2,710,1,2,2,1,6,21,4876310,234873,940,4,1,2,0,1,1,0,0,1,0,1,99,0
201600043009,16,5,3,845,1,2,1,1,6,65,4875940,235584,940,4,1,1,0,1,1,0,0,1,0,1,99,1
201600043010,16,5,4,1345,1,2,1,1,3,73,4875910,239556,940,3,1,2,0,1,1,0,0,1,0,1,99,0
201600043011,16,5,5,2350,5,2,2,1,6,34,4875870,232427,940,3,3,4,0,2,1,0,0,0,0,1,99,1
201600043012,16,5,9,430,2,1,1,2,1,65,4875390,236521,940,2,3,4,0,1,1,0,0,2,0,1,99,0
201600043013,16,5,12,1115,1,2,2,8,6,73,4876390,236824,940,3,3,4,0,1,1,0,0,1,0,1,99,0
201600043014,16,5,12,2100,3,2,2,2,3,38,4877630,233996,940,3,3,4,0,1,1,0,153,2,0,1,3,0
201600043015,16,5,15,2230,5,1,3,1,3,34,4875540,231349,940,3,2,2,0,1,1,0,0,1,0,1,99,0
201600043016,16,5,17,1815,1,2,2,1,3,65,4874720,236754,940,3,3,2,0,1,1,0,0,1,0,1,99,0
201600043017,16,5,17,2210,5,2,1,1,7,38,4877760,232931,940,4,2,1,0,1,1,0,0,1,0,1,3,0