Num_Acc,an,mois,jour,hrmn,lum,agg,int,atm,col,com,lat,long,dep,catr,circ,nbv,vosp,prof,plan,lartpc,larrout,surf,infra,situ,env1,killed
201600043019,16,5,19,1045,1,2,1,2,3,81,4877640,236730,940,3,1,2,0,1,1,0,0,2,0,5,99,0
201600043020,16,5,22,1930,1,1,1,2,6,73,4875210,237022,940,3,2,2,0,1,2,0,0,2,0,4,99,0
201600043021,16,5,25,50,5,1,1,1,4,65,4875380,236279,940,2,3,4,0,1,1,0,0,1,0,1,99,0
201600043022,16,5,26,1545,1,2,2,1,3,73,4876390,236824,940,3,3,4,0,1,1,0,0,1,0,1,99,0
201600043023,16,5,30,815,1,2,1,2,2,21,4877050,236327,940,3,2,2,0,1,1,0,0,2,0,1,99,0
201600043024,16,5,31,1000,1,2,1,3,3,38,4877600,233009,940,3,2,1,0,2,1,0,0,2,0,1,99,0
201600043025,16,5,31,1240,1,1,3,3,1,65,4874240,235360,940,4,2,3,0,1,1,0,0,2,5,1,99,0
201600043026,16,5,31,1730,1,2,3,2,6,73,4876170,239095,940,4,2,2,0,1,1,0,0,2,0,1,99,0
201600043035,16,6,9,1300,1,1,1,1,2,73,4875400,237086,940,2,3,3,0,1,1,0,0,1,0,1,99,0
201600043045,16,6,15,1930,1,1,1,1,4,73,4875360,237923,940,2,3,4,0,1,1,0,0,1,0,1,99,0
201600043047,16,6,16,1900,1,2,1,1,5,73,4875390,237250,940,2,3,4,0,1,1,0,0,1,0,1,99,0
201600043065,16,7,8,2340,5,1,1,1,3,73,4875350,237439,940,2,3,4,0,1,1,0,0,1,0,1,99,0
201600043081,16,7,23,1000,1,1,1,1,2,73,4875360,237778,940,2,3,4,0,1,1,0,0,1,0,1,99,0
201600043082,16,7,25,2000,1,1,1,1,2,73,4875370,237377,940,2,3,4,0,1,1,0,0,1,0,1,99,0
201600043085,16,8,1,1330,1,2,1,1,3,54,4874610,237183,940,3,2,2,0,1,1,0,63,1,0,1,99,1
201600043094,16,8,29,1118,1,2,3,1,6,34,4875930,233108,940,3,2,4,0,1,1,0,0,1,0,1,99,1
201600043103,16,9,8,730,1,2,1,1,2,65,4875540,234411,940,2,3,4,0,1,1,0,0,1,0,1,99,0
201600043120,16,10,15,545,5,1,1,8,6,65,4875380,235796,940,2,3,2,0,1,1,0,0,2,0,1,99,1
201600043122,16,10,16,115,5,1,2,1,2,73,4875570,238526,940,3,2,2,0,1,1,60,60,1,0,1,99,0
201600043147,16,11,11,700,5,2,1,1,6,73,4875360,237624,940,2,3,1,0,2,3,0,0,2,3,1,99,0
201600043154,16,11,23,500,4,1,1,9,7,73,4875360,237666,940,2,3,0,0,2,3,0,0,9,3,1,99,0
201600043175,16,1,6,1345,1,2,1,1,2,41,4880720,239087,940,4,1,1,0,1,1,0,60,1,0,1,99,0
201600043176,16,3,21,1337,1,2,4,1,7,41,4880820,237013,940,4,2,2,0,1,1,0,0,1,0,1,99,0
201600043178,16,1,14,750,5,2,1,3,6,41,4881200,238677,940,3,1,1,0,1,1,40,60,2,0,1,99,0
201600043180,16,1,17,1910,5,2,2,1,3,41,4881650,240364,940,3,1,2,0,1,1,0,50,1,0,1,99,0
201600043183,16,1,21,1620,1,2,1,1,2,41,4881460,240671,940,3,1,6,0,1,2,0,0,1,0,1,99,0
201600043191,16,2,3,1815,2,2,3,2,3,41,4881520,237563,940,3,2,2,0,1,1,0,0,2,0,1,99,0
201600043193,16,3,15,1420,1,2,2,1,2,41,4882140,239036,940,3,2,2,0,1,1,0,0,1,5,1,99,0
201600043194,16,2,11,2000,5,2,2,1,3,41,4881760,239862,940,3,1,2,0,1,1,0,80,1,0,1,99,0
201600043195,16,2,12,1215,1,2,3,2,3,41,4881710,238195,940,3,2,3,0,1,1,0,100,2,0,1,99,0
201600043197,16,2,15,1110,1,2,1,1,2,41,4880200,237896,940,3,1,2,0,1,1,0,0,1,0,1,99,0
201600043199,16,2,17,930,1,2,3,1,3,41,4881440,238414,940,3,2,2,0,1,1,0,130,1,0,1,99,0
201600043200,16,2,19,835,1,2,6,1,3,41,4881460,240209,940,4,4,1,0,1,0,0,71,1,5,1,99,0
201600043201,16,2,23,745,2,2,3,2,6,41,4880930,238645,940,4,2,2,0,1,1,0,150,2,0,1,3,0
201600043202,16,2,24,1140,1,2,2,1,3,41,4880900,237329,940,3,2,2,0,1,1,0,0,1,0,1,99,0
201600043203,16,4,20,1040,1,2,1,1,1,41,4881720,240569,940,3,2,2,0,1,1,0,0,1,0,1,99,0
201600043207,16,3,1,2020,5,2,3,2,2,41,4882450,238703,940,4,2,2,0,1,1,0,0,2,0,1,99,0
201600043208,16,3,2,620,5,2,3,2,6,41,4880940,239043,940,3,1,2,0,1,2,0,60,8,0,1,99,0
201600043211,16,3,6,830,1,2,6,1,6,41,4881460,240209,940,3,2,2,0,1,1,0,0,1,0,1,99,0
201600043212,16,5,21,1245,1,2,1,1,1,41,4882270,238899,940,4,2,2,0,1,1,0,25,1,0,1,99,0
201600043213,16,3,12,1510,1,2,4,1,1,41,4882130,239428,940,3,2,2,0,1,1,0,60,1,0,1,99,0
201600043215,16,3,14,1725,1,2,1,1,3,41,4881970,238004,940,3,2,2,0,1,1,72,35,1,0,1,99,0
201600043217,16,3,15,2130,5,2,1,1,6,41,4881210,238738,940,4,2,2,0,1,1,0,0,1,0,1,99,0
201600043222,16,3,19,608,5,2,2,8,3,41,4881760,238157,940,3,2,2,0,1,1,0,100,1,5,1,99,0
201600043230,16,4,3,15,5,2,3,2,6,41,4881170,238476,940,3,2,2,0,1,1,0,0,2,0,1,99,0
201600043233,16,4,8,1405,1,2,2,1,3,41,4882060,239553,940,3,2,1,0,1,1,0,0,1,0,1,99,0
201600043236,16,4,11,1740,1,2,3,2,3,41,4880890,237912,940,4,2,2,0,1,1,0,0,2,0,1,99,0
201600043239,16,4,15,1650,1,2,2,8,6,41,4880690,237516,940,3,2,6,3,1,1,0,66,1,5,1,99,0
201600043245,16,4,27,25,5,2,3,1,6,41,4881330,238834,940,3,3,1,0,1,1,0,30,1,0,3,99,0
201600043246,16,4,27,2115,5,2,2,1,7,41,4881730,236691,940,3,2,4,0,1,1,0,0,1,0,1,99,0
201600043247,16,5,1,2145,5,2,1,1,3,41,4880290,239680,940,3,2,3,0,1,1,0,90,1,0,1,3,0
201600043253,16,5,11,1930,1,2,3,1,1,41,4881460,240712,940,3,2,2,0,1,1,22,100,2,5,1,99,0
201600043254,16,5,12,1950,2,2,2,2,6,41,4882050,239522,940,3,2,2,0,1,1,0,0,2,0,1,99,0
201600043256,16,5,20,2000,2,2,2,1,6,41,4881240,238634,940,3,2,2,0,1,1,0,0,1,0,1,3,0
201600043257,16,5,21,1000,1,2,6,1,3,41,4880530,238881,940,3,1,1,0,1,1,0,57,1,0,1,3,0
201600043258,16,5,22,1610,1,2,3,2,3,41,4880890,237912,940,4,2,2,0,1,1,0,0,2,0,1,99,0
201600043259,16,5,22,1715,1,2,1,2,3,41,4881290,237038,940,3,2,4,0,1,1,10,40,2,0,1,99,0
201600043260,16,5,23,1300,1,2,2,2,6,41,4881670,239535,940,3,1,2,0,1,1,0,25,2,0,1,3,0
201600043261,16,5,26,1915,1,2,2,1,3,41,4880810,237398,940,3,1,2,0,1,1,0,70,1,0,1,99,0
201600043262,16,5,27,1228,1,2,2,1,6,41,4880620,239065,940,4,2,2,0,2,2,0,0,1,0,1,99,0
201600043277,16,2,19,1820,5,2,1,1,2,46,4880440,244343,940,3,2,2,0,1,1,0,0,1,0,1,99,0
201600043278,16,1,4,840,1,2,3,1,2,46,4880890,243324,940,4,2,2,0,1,1,0,0,1,0,1,99,0
201600043279,16,2,3,1930,5,2,3,2,2,46,4881570,242575,940,4,2,2,0,1,1,0,0,2,0,1,3,0
201600043283,16,3,4,1650,1,2,2,1,3,46,4881530,241997,940,3,2,4,0,1,1,0,0,1,0,1,99,1
201600043284,16,2,23,1950,1,2,1,1,2,46,4881270,242767,940,3,2,2,0,1,1,0,0,1,0,1,3,0
201600043287,16,3,25,1725,1,2,1,1,2,46,4879360,243433,940,3,2,2,0,1,1,0,0,1,0,1,3,0
201600043292,16,2,27,1500,1,2,4,1,3,46,4880710,242547,940,3,2,2,0,1,1,0,0,1,0,1,99,0
201600043293,16,5,4,1635,1,2,2,1,3,46,4881030,242349,940,3,2,2,0,1,1,0,0,1,0,1,99,0
201600043297,16,3,16,950,1,2,2,1,2,46,4881000,244005,940,4,2,2,0,1,1,0,0,1,0,1,99,0
201600043299,16,2,27,550,5,2,1,1,6,46,4881550,244177,940,4,2,2,0,1,1,0,0,1,0,1,99,0
201600043300,16,5,4,1355,1,2,2,1,3,46,4881530,241997,940,3,2,4,0,1,1,0,0,1,0,1,3,0
201600043304,16,1,12,1900,5,2,1,1,6,46,4881460,242261,940,3,3,4,0,1,1,0,0,1,0,1,99,0
201600043307,16,5,26,1800,1,2,2,1,6,46,4880280,243397,940,3,0,2,0,1,1,0,0,1,0,1,99,0
201600043309,16,5,28,1415,1,2,1,2,6,46,4880860,242451,940,3,2,2,0,1,1,0,0,2,0,1,3,0
201600043319,16,4,28,1220,1,2,3,1,6,46,4880930,243682,940,4,2,2,0,1,1,0,0,1,0,1,99,0
201600043321,16,1,21,805,1,2,3,1,6,46,4880890,243324,940,4,2,2,0,1,1,0,0,1,0,1,3,0
201600043322,16,4,28,1820,1,2,3,1,1,46,4881340,244671,940,4,2,2,0,1,1,0,0,1,0,1,99,0
201600043324,16,3,24,1800,1,2,2,1,2,46,4879990,243748,940,4,2,2,0,1,1,0,0,1,0,1,99,0
201600043327,16,1,28,845,1,2,2,2,6,46,4880860,245077,940,3,2,2,0,1,1,0,0,2,0,1,99,0
201600043328,16,1,7,1820,5,2,3,1,3,46,4880580,244792,940,4,2,2,0,1,1,0,0,1,0,1,99,0
201600043329,16,2,1,745,5,2,3,2,3,46,4880200,243749,940,4,2,2,0,1,1,0,0,1,0,4,3,0
201600043331,16,3,7,1850,2,2,1,2,3,46,4880890,245784,940,4,2,2,0,1,1,0,0,2,0,1,99,0
201600043335,16,5,13,1805,1,2,1,2,3,46,4880440,244035,940,4,2,2,0,1,1,0,0,2,0,1,99,0
201600043341,16,5,17,1400,1,2,3,1,3,46,4880440,244341,940,3,2,4,0,1,1,0,0,1,0,1,99,0
201600043346,16,2,8,1810,5,2,1,3,6,46,4881500,242410,940,4,2,2,0,1,1,0,0,2,0,1,99,0
201600043348,16,5,18,1650,1,2,1,2,7,46,4880040,243448,940,4,2,2,0,1,1,0,0,1,0,1,99,0
201600043349,16,3,31,620,2,2,1,2,2,46,4880820,244949,940,3,2,2,0,1,1,0,0,2,0,1,3,0
201600043350,16,5,20,905,1,2,3,2,6,46,4880180,243239,940,3,2,2,0,1,1,0,0,2,0,1,99,0
201600043351,16,5,4,1710,1,2,3,1,3,46,4880550,243144,940,3,2,4,0,1,2,0,0,1,0,1,99,0
201600043352,16,5,20,1855,1,2,3,1,3,46,4879560,243379,940,3,2,4,0,1,1,0,0,1,0,1,99,0
201600043355,16,2,11,710,1,2,2,1,3,46,4881110,245277,940,4,2,2,0,1,1,0,0,2,0,1,99,0
201600043356,16,4,1,1805,1,2,3,1,3,46,4880230,243484,940,3,2,2,0,1,1,0,0,1,0,1,99,0
201600043357,16,2,13,1700,1,2,1,2,3,46,4880830,242472,940,3,2,2,0,1,1,0,0,2,0,1,99,0
201600043362,16,5,26,900,1,2,3,1,3,46,4880910,245810,940,4,2,2,0,1,1,0,0,1,0,1,99,0
201600043364,16,5,27,1350,1,2,1,1,2,46,4881260,245439,940,4,2,2,0,1,1,0,0,1,0,1,99,0
201600043369,16,5,30,1100,1,2,1,2,3,46,4880470,243839,940,3,2,2,0,1,1,0,0,2,0,1,99,0
201600043376,16,4,2,1230,1,2,1,1,3,42,4881610,247220,940,3,2,2,0,1,1,0,0,1,0,1,99,0
201600043377,16,1,5,800,2,2,2,2,3,15,4884710,252624,940,4,2,1,0,1,1,0,72,2,0,1,99,0
201600043378,16,1,9,2335,5,2,2,3,3,52,4884130,248278,940,3,2,2,0,2,1,0,0,2,0,1,99,0
201600043379,16,1,11,1500,1,2,1,1,3,15,4883270,252770,940,4,2,2,0,1,1,0,51,2,0,1,99,0
201600043380,16,5,28,1210,1,2,3,1,3,58,4884880,250869,940,3,2,2,0,2,1,0,90,1,0,1,99,0
201600043381,16,1,12,2000,5,2,1,2,4,52,4883180,249316,940,2,2,5,0,1,1,0,166,2,2,1,99,0
201600043384,16,1,21,800,1,2,3,8,6,58,4884920,249601,940,3,1,2,0,1,1,15,60,1,5,1,99,0
201600043385,16,1,21,1655,2,2,3,2,1,52,4884520,248917,940,3,2,3,0,2,1,0,120,2,0,1,99,0
201600043387,16,1,27,600,5,2,2,1,6,58,4883720,251099,940,3,2,2,0,1,1,0,68,1,0,1,99,0
201600043388,16,3,2,1640,1,2,2,3,6,42,4882020,246727,940,3,2,4,3,2,1,0,120,2,5,1,99,0
201600043389,16,1,27,1700,1,2,1,2,6,52,4884500,248882,940,3,2,2,0,1,1,0,0,2,0,1,99,0
201600043393,16,1,30,620,3,2,3,8,2,58,4885080,250313,940,3,3,2,0,1,1,0,65,2,0,1,99,0
201600043394,16,1,30,1710,1,2,1,1,5,15,4883100,253179,940,4,2,3,0,1,2,0,110,1,0,1,99,0
201600043396,16,3,17,1545,1,2,6,1,2,15,4883410,251869,940,3,2,2,0,1,1,0,0,1,0,1,99,0
201600043398,16,2,2,1800,1,2,1,2,3,42,4881550,246397,940,3,2,4,0,0,1,21,109,2,0,1,3,0
201600043400,16,2,4,2120,5,2,2,1,6,58,4883250,250883,940,4,2,2,0,1,1,0,0,1,0,1,3,0
201600043403,16,2,10,1725,1,2,1,1,6,58,4884410,250230,940,3,2,2,0,1,1,0,0,1,0,1,99,0
201600043407,16,2,24,750,1,2,1,1,1,58,4884740,249286,940,3,2,2,0,2,1,0,0,1,0,1,99,0
201600043410,16,5,11,2130,5,2,3,1,3,52,4884010,248098,940,3,2,2,0,2,1,0,66,1,0,1,3,0
201600043412,16,5,20,40,5,2,2,1,3,42,4882040,247427,940,3,2,2,3,1,1,0,0,1,5,1,99,0
201600043414,16,3,4,845,1,1,3,2,3,15,4882880,252564,940,3,2,2,0,1,1,0,126,2,0,1,3,0
201600043417,16,3,8,1615,1,2,5,1,3,58,4883720,251099,940,3,2,2,0,2,1,0,70,1,0,1,99,0
201600043419,16,3,11,1705,1,2,3,1,6,52,4883820,248563,940,4,2,2,0,1,1,0,55,1,0,1,99,0
201600043421,16,3,12,1610,1,2,3,1,1,52,4883570,247537,940,3,2,2,0,1,1,0,113,1,0,1,99,0
201600043423,16,3,17,1815,1,2,2,1,2,42,4882020,246727,940,3,2,4,0,1,1,0,160,1,0,1,99,0
201600043424,16,3,18,740,1,2,2,1,6,52,4883820,248595,940,4,2,2,0,2,1,0,70,1,0,1,3,0
201600043429,16,3,23,1430,1,2,3,1,2,58,4884210,250138,940,3,2,1,0,1,1,0,77,1,0,1,99,0
201600043430,16,10,8,1420,1,2,1,1,2,52,4883250,249310,940,2,3,6,0,1,1,0,50,1,2,1,99,0
201600043434,16,3,30,1745,1,2,1,2,4,42,4881240,245952,940,3,2,2,0,1,1,0,54,2,2,1,99,0
201600043442,16,4,1,2205,5,2,3,1,3,52,4883960,248154,940,4,2,2,0,1,1,0,66,1,0,1,3,0
201600043447,16,4,9,1200,1,2,1,1,3,42,4881610,246908,940,3,1,3,0,1,1,0,126,1,0,1,99,0
201600043450,16,4,15,1750,1,2,3,1,3,42,4881540,247348,940,3,1,1,0,1,1,0,90,1,0,1,99,0
201600043451,16,4,19,1645,1,2,2,1,3,58,4885130,251081,940,3,2,2,0,1,1,0,110,1,0,1,99,0
201600043452,16,4,19,1745,1,2,4,1,6,42,4882020,246981,940,3,2,2,0,1,1,0,0,1,0,1,99,0
201600043453,16,5,5,835,1,2,1,1,3,58,4883630,249668,940,4,2,2,0,2,1,0,70,1,0,1,99,0
201600043454,16,5,6,850,1,2,1,1,6,42,4881770,246672,940,3,1,3,0,1,1,0,122,1,6,1,99,0
201600043456,16,5,17,1410,1,2,1,1,3,58,4883490,251379,940,3,2,2,0,1,1,0,67,1,0,1,99,0
201600043457,16,5,18,1216,1,2,3,1,6,52,4883960,246998,940,3,2,2,0,1,1,0,52,1,0,1,3,0
201600043458,16,5,19,1210,1,2,2,2,6,42,4881980,246439,940,3,3,6,0,3,1,0,78,2,6,1,99,0
201600043460,16,5,23,1745,1,2,3,2,1,52,4884190,248377,940,3,2,2,0,1,1,0,100,2,0,1,99,0
201600043461,16,5,24,1735,1,2,3,1,2,42,4881540,247348,940,3,2,2,0,1,1,13,71,1,0,1,99,0
201600043462,16,5,25,1620,1,2,3,1,6,52,4884420,248786,940,4,2,2,0,1,1,0,60,1,0,1,99,0
201600043468,16,5,31,1450,1,2,1,2,3,52,4884460,248809,940,3,2,4,0,2,1,0,117,2,0,1,99,0
201600043488,16,11,7,1030,1,2,2,2,3,52,4883550,249405,940,2,3,4,0,2,1,25,60,2,5,1,99,0
201600043496,16,1,7,710,5,2,1,2,6,68,4880210,247822,940,4,1,1,0,1,1,20,50,2,0,1,99,0
201600043497,16,1,15,805,1,2,6,1,6,68,4880530,248394,940,4,2,2,0,1,1,0,0,1,0,1,99,0
201600043498,16,1,15,1810,5,2,3,1,3,68,4880880,250943,940,3,1,1,3,1,1,0,0,1,0,1,99,0
201600043499,16,1,15,1950,5,2,3,1,3,68,4879670,250588,940,3,2,2,0,1,1,0,0,1,0,1,99,0
201600043500,16,1,17,1825,5,2,2,1,3,68,4879700,251597,940,3,2,2,0,1,1,0,0,1,0,1,99,0
201600043501,16,1,19,1505,1,2,2,1,3,68,4880640,247142,940,3,2,4,3,1,1,0,0,1,0,1,99,0
201600043502,16,1,27,1210,1,2,2,1,6,68,4880590,247293,940,3,2,2,0,1,1,0,0,1,0,1,99,0
201600043503,16,1,30,1732,5,2,4,1,6,68,4880980,247118,940,3,2,2,0,1,1,0,0,1,0,1,3,0
201600043504,16,2,2,1020,1,2,2,1,3,68,4880180,247584,940,4,2,2,0,1,1,0,60,1,0,1,3,0
201600043505,16,2,2,1705,1,2,2,2,2,68,4880840,247134,940,3,2,4,0,1,1,0,60,2,0,1,99,0
201600043506,16,2,5,845,1,2,2,1,6,68,4880220,249207,940,3,2,2,0,1,1,0,0,1,0,1,99,0
201600043507,16,2,8,1710,5,2,3,2,6,68,4881100,248194,940,4,1,1,0,1,1,0,55,2,0,1,99,0
201600043508,16,2,12,1330,1,2,2,2,6,68,4880110,247906,940,4,2,2,0,1,1,0,70,2,0,1,3,0
201600043509,16,2,15,920,1,2,1,1,3,68,4879920,249932,940,3,2,2,0,1,1,0,0,1,0,1,99,0
201600043510,16,2,16,905,1,2,2,1,3,68,4881200,247478,940,4,2,2,0,1,1,0,0,1,0,1,3,0
201600043511,16,2,16,1305,1,2,3,1,3,68,4879790,249418,940,3,2,2,0,1,1,0,0,1,0,1,99,0
201600043512,16,3,3,1440,1,2,2,1,6,68,4879670,250588,940,3,2,2,0,1,1,0,0,1,0,1,3,0
201600043513,16,3,12,1600,1,2,2,1,3,68,4879410,250736,940,4,2,2,0,1,1,0,0,1,0,1,99,0
201600043514,16,1,2,1820,5,2,2,2,6,68,4879380,249232,940,4,2,2,0,1,1,0,0,2,0,1,99,0
201600043515,16,3,14,850,1,2,2,1,2,68,4879210,249709,940,3,2,2,0,1,1,0,0,1,0,1,3,0
201600043516,16,3,18,1000,1,2,3,1,2,68,4880130,249452,940,3,2,2,0,1,1,0,0,1,0,1,99,0
201600043517,16,3,18,1105,1,2,2,1,3,68,4880820,247609,940,3,1,1,0,2,1,0,60,1,0,1,3,0
201600043518,16,3,22,1740,1,2,4,1,3,68,4880680,247777,940,3,2,2,0,1,1,0,0,1,0,1,99,0
201600043519,16,3,23,1740,1,2,3,1,1,68,4878920,249122,940,4,1,1,0,1,1,0,0,1,0,1,99,0
201600043520,16,3,24,1735,1,2,2,1,2,68,4879120,247459,940,4,1,1,0,1,1,0,60,1,0,1,99,0
201600043521,16,3,30,945,1,2,1,2,4,68,4880020,250495,940,3,2,2,0,1,1,0,0,2,0,1,99,0
201600043522,16,4,5,1010,1,2,5,1,6,68,4879820,248006,940,3,2,2,0,1,1,0,0,1,6,1,99,0
201600043523,16,4,5,1550,1,2,2,1,6,68,4879220,251777,940,3,2,2,0,1,1,0,0,1,0,1,99,0
201600043524,16,4,6,1740,1,2,1,1,2,68,4879790,250268,940,3,2,2,0,1,1,0,0,1,0,1,99,0
201600043525,16,4,14,1100,1,2,2,1,3,68,4878790,250264,940,4,1,1,0,1,1,0,60,1,0,1,99,0
201600043526,16,4,15,1725,1,2,2,1,6,68,4880950,250969,940,3,2,2,0,1,1,0,0,1,0,1,99,0
201600043527,16,4,22,1140,1,2,2,1,3,68,4880210,248172,940,4,2,2,0,1,1,0,60,1,0,1,99,0
201600043528,16,5,6,1230,1,2,3,1,1,68,4878910,249833,940,4,2,2,0,1,1,0,0,1,0,1,99,0
201600043529,16,5,8,440,5,2,2,1,6,68,4880760,250910,940,3,1,1,0,1,1,0,0,1,0,3,99,0
201600043530,16,5,7,1144,1,2,3,1,3,68,4879990,250906,940,4,2,1,0,1,1,0,0,1,0,1,99,0
201600043531,16,5,9,1426,1,2,1,1,1,68,4880800,250539,940,4,3,1,0,3,2,0,0,1,0,1,99,0
201600043532,16,5,26,1740,1,2,2,1,3,68,4880390,250823,940,3,2,2,0,2,1,0,0,1,0,1,99,0
201600043533,16,5,31,1305,1,2,1,2,3,68,4879730,248139,940,4,2,2,0,1,1,0,60,2,0,1,99,0
201600043534,16,5,31,1600,1,2,3,3,6,68,4879690,248581,940,4,1,1,0,1,1,0,53,2,0,1,99,0
201600043596,16,1,14,845,2,2,1,2,3,68,4880120,247002,940,4,2,2,0,1,1,0,50,2,0,1,99,0
201600043597,16,3,10,1920,5,2,2,2,3,68,4878760,249524,940,3,2,1,0,1,1,0,0,2,0,1,99,0
201600043598,16,3,15,600,5,2,2,1,3,68,4879800,249172,940,3,2,1,0,1,1,0,0,1,0,1,99,0
201600043599,16,3,21,2215,5,2,2,1,3,68,4878960,251608,940,4,2,2,0,0,0,0,0,1,0,1,3,0
201600043600,16,3,23,2010,5,2,3,1,1,68,4881180,247879,940,3,2,2,0,2,1,0,0,1,0,1,99,0
201600043601,16,3,30,1315,1,2,1,2,2,68,4880660,247878,940,3,2,2,0,2,0,0,0,2,5,1,3,0
201600043602,16,4,4,1740,1,2,3,1,2,68,4880700,247658,940,3,2,2,0,1,1,0,0,1,0,1,99,0
201600043603,16,4,26,1825,1,2,1,1,6,68,4878490,248562,940,4,1,1,1,1,1,0,0,1,0,5,99,0
201600043616,16,1,1,350,5,2,1,1,6,78,4875400,244890,940,3,3,2,0,1,1,15,60,1,0,1,3,0
201600043617,16,1,2,1550,1,2,2,2,3,78,4873110,244682,940,2,2,4,0,1,1,0,0,1,0,1,99,0
201600043618,16,1,7,835,1,2,2,2,6,77,4873230,240871,940,3,2,2,0,2,1,0,0,2,0,1,99,0
201600043619,16,1,7,1710,1,2,1,8,6,77,4872960,244238,940,4,2,2,0,1,1,0,60,2,0,1,99,0
201600043620,16,1,8,1550,1,2,1,1,6,74,4876870,245011,940,3,2,2,0,1,2,0,0,1,0,4,99,0
201600043621,16,1,12,1610,1,2,2,1,3,74,4874720,246191,940,3,2,2,0,3,1,0,0,1,0,1,99,0
201600043622,16,1,17,710,5,2,1,1,1,78,4874350,245907,940,3,2,2,0,1,1,0,72,2,0,1,99,0
201600043624,16,1,18,730,5,2,1,8,1,74,4874590,246861,940,4,2,2,1,1,3,0,0,1,0,5,99,0
201600043625,16,7,6,1840,1,2,2,1,3,78,4872450,244508,940,2,2,4,0,1,2,0,0,1,5,1,99,0
201600043626,16,7,13,910,1,2,1,1,6,78,4873090,244684,940,2,2,4,0,1,1,0,0,1,0,3,99,0
201600043627,16,1,19,1755,5,2,1,1,5,74,4876490,244177,940,2,3,2,0,1,1,0,0,1,0,1,99,0
201600043628,16,1,19,2055,5,2,1,1,3,78,4872310,244379,940,2,3,4,0,1,1,8,70,1,0,1,99,0
201600043630,16,1,28,815,1,2,4,2,3,77,4872820,243468,940,3,1,2,0,1,1,0,35,2,0,1,99,0
201600043631,16,1,28,1810,5,2,2,1,6,78,4874070,245490,940,4,2,2,0,0,1,0,0,1,0,1,3,0
201600043632,16,1,29,2215,5,2,2,2,3,78,4873920,245276,940,4,2,2,0,1,1,0,60,2,0,1,99,0
201600043633,16,1,30,2035,5,2,1,2,2,78,4872930,245002,940,4,1,2,0,1,1,10,150,2,0,1,99,0
201600043634,16,12,16,700,2,2,1,1,5,77,4873190,240588,940,3,2,2,0,1,1,0,45,1,0,1,99,0
201600043635,16,2,3,1845,5,2,3,8,6,77,4873090,242493,940,3,2,2,0,1,1,0,0,2,0,1,99,0
201600043636,16,2,6,1640,1,2,1,1,3,78,4875680,244381,940,2,3,4,0,1,1,0,0,1,0,1,99,0
201600043637,16,2,10,1245,1,2,1,1,3,78,4875420,244455,940,2,3,4,0,1,1,80,136,1,0,1,99,0
201600043638,16,2,11,1915,5,2,1,2,7,78,4875030,244823,940,4,2,2,0,1,1,0,75,2,0,1,99,0
201600043639,16,2,13,1,5,2,1,2,6,78,4875720,244357,940,2,3,4,0,1,1,10,150,2,0,1,99,0
201600043640,16,2,15,745,1,2,6,1,7,78,4874280,245454,940,4,1,1,0,1,1,0,30,1,0,1,99,0
201600043641,16,2,20,2000,5,2,1,1,6,78,4873200,245714,940,4,1,1,0,1,1,0,40,1,0,1,99,0
201600043642,16,2,22,1035,1,2,2,1,2,74,4874720,246191,940,3,2,2,0,1,1,0,0,1,0,1,99,0
201600043643,16,2,24,1307,1,2,1,1,6,74,4875460,246813,940,6,0,1,3,1,1,0,45,1,0,1,99,0
201600043644,16,2,24,1815,5,2,1,2,4,78,4873540,245122,940,4,2,2,0,1,1,30,60,2,0,1,99,0
201600043645,16,2,26,1750,2,2,1,1,3,74,4875890,245140,940,3,2,2,0,1,1,0,0,1,0,1,99,0
201600043646,16,3,9,845,1,2,2,3,6,74,4874530,246393,940,3,2,2,0,2,1,0,51,2,0,1,99,1
201600043647,16,3,11,1620,1,2,3,1,6,74,4874680,246758,940,4,2,2,0,1,1,0,60,1,0,1,3,0
201600043648,16,3,13,510,5,2,3,1,2,78,4873900,244667,940,2,3,5,0,1,1,8,150,1,0,1,99,0
201600043649,16,3,16,715,1,2,1,1,2,78,4875260,244500,940,2,3,4,0,1,1,0,0,1,0,1,99,0
201600043650,16,3,17,1850,2,2,1,1,6,78,4873030,244686,940,2,2,4,0,1,1,0,80,1,0,1,99,0
201600043651,16,3,23,2030,5,2,1,1,6,78,4873080,244684,940,2,2,4,0,0,1,0,45,1,0,1,99,0
201600043652,16,3,24,1150,1,2,1,1,5,78,4872220,244326,940,2,3,4,0,1,4,15,60,1,0,1,99,0
201600043653,16,3,28,1135,1,2,3,1,2,74,4876370,244213,940,4,1,1,0,1,1,0,0,1,0,1,99,0
201600043654,16,3,28,2015,5,2,2,1,3,74,4876650,244469,940,4,1,1,0,1,1,0,0,1,0,1,99,0
201600043655,16,3,31,1200,1,2,1,3,2,77,4873100,241805,940,3,2,2,0,1,1,0,25,2,0,1,99,0
201600043656,16,4,1,2345,5,2,1,1,4,78,4872730,245089,940,3,3,2,0,1,1,20,30,1,0,1,3,0
201600043657,16,4,2,2300,3,2,1,2,3,78,4873040,244686,940,2,2,0,0,1,1,0,0,2,0,1,99,0
201600043658,16,4,3,1615,1,2,1,1,3,78,4872700,244602,940,4,1,1,0,1,1,70,30,1,0,1,99,0
201600043659,16,4,7,1910,1,2,1,2,6,78,4873030,244769,940,4,1,1,0,1,1,0,50,2,0,1,99,0
201600043660,16,4,8,1630,1,2,1,1,6,77,4873200,243166,940,4,2,2,0,1,1,0,0,1,0,1,99,0
201600043661,16,4,9,1425,1,2,1,2,1,74,4876820,244991,940,4,2,2,0,1,3,0,60,8,0,1,99,0