Num_Acc,an,mois,jour,hrmn,lum,agg,int,atm,col,com,lat,long,dep,catr,circ,nbv,vosp,prof,plan,lartpc,larrout,surf,infra,situ,env1,killed
201600043662,16,4,25,650,2,2,3,2,3,78,4872760,244561,940,2,3,4,0,2,1,0,160,2,2,1,99,0
201600043663,16,4,11,1500,1,2,1,1,6,74,4876500,244175,940,2,3,4,0,1,1,0,0,1,0,1,99,0
201600043664,16,4,10,1205,1,2,3,1,6,74,4874610,246841,940,4,2,2,0,1,1,0,0,1,0,1,99,0
201600043665,16,4,15,920,1,2,1,1,3,74,4875300,245440,940,3,2,2,0,1,2,0,0,1,0,1,99,0
201600043666,16,4,19,1245,1,2,3,1,1,77,4872880,240625,940,3,2,2,0,1,1,0,0,1,0,1,99,0
201600043667,16,4,20,1900,1,2,1,1,7,77,4874200,243021,940,4,2,2,0,1,1,0,55,1,0,3,99,0
201600043668,16,4,24,1655,1,2,1,2,2,74,4875270,245441,940,4,2,2,0,0,1,0,0,2,0,1,99,0
201600043669,16,4,25,920,1,2,2,1,3,77,4873250,241824,940,4,2,2,0,1,1,0,0,1,0,1,99,0
201600043670,16,4,25,1830,1,2,1,2,5,74,4876420,244197,940,2,3,4,0,1,1,0,140,1,0,1,99,0
201600043671,16,4,27,1900,1,2,2,2,3,1,4872480,243025,940,3,1,1,0,1,1,0,60,1,0,1,99,0
201600043672,16,4,30,1540,1,2,1,2,3,78,4872700,244499,940,2,3,4,0,1,0,0,0,2,0,1,99,0
201600043673,16,5,2,740,1,2,6,1,6,74,4875280,245455,940,3,2,2,0,1,1,0,0,1,0,1,99,0
201600043674,16,5,2,1800,1,2,1,1,2,78,4875450,242876,940,3,2,2,0,1,1,0,60,1,0,1,99,0
201600043675,16,5,4,1815,1,2,2,1,2,78,4874020,245696,940,4,1,1,0,1,1,0,0,1,0,1,99,0
201600043676,16,5,8,845,1,2,1,1,3,77,4873720,242390,940,4,2,2,0,1,1,0,60,1,0,1,99,0
201600043677,16,5,9,1630,1,2,2,1,6,77,4873680,242164,940,4,1,1,0,1,1,0,0,1,0,1,99,0
201600043678,16,5,10,1210,1,2,3,2,7,1,4872450,242707,940,4,2,2,0,1,1,0,0,2,0,1,99,0
201600043679,16,5,14,1330,1,2,2,1,6,77,4873810,242551,940,4,1,1,0,2,1,0,0,1,0,1,99,0
201600043680,16,5,13,2318,5,2,3,1,6,78,4873330,245174,940,3,2,2,0,1,1,0,50,1,0,1,99,0
201600043681,16,5,16,655,1,2,3,1,3,78,4874590,244647,940,2,3,4,0,1,1,10,65,1,0,1,99,0
201600043682,16,5,24,850,1,2,3,1,3,74,4876470,244182,940,2,3,4,0,1,1,0,60,1,0,1,99,0
201600043683,16,5,27,2135,5,2,1,1,6,78,4873200,244792,940,4,1,2,0,1,1,0,50,1,0,4,3,0
201600043684,16,6,5,1950,1,2,3,1,6,78,4872410,244478,940,2,3,4,0,1,1,0,0,1,6,1,99,0
201600043685,16,6,9,1930,1,2,1,1,6,78,4873030,244686,940,2,2,4,3,1,1,0,0,1,0,4,99,0
201600043687,16,6,12,1040,1,2,1,1,6,78,4873040,244686,940,2,2,4,0,1,1,0,80,1,0,1,99,0
201600043688,16,6,12,1950,1,2,3,3,4,78,4872760,244546,940,2,2,4,0,1,1,0,0,2,0,1,99,0
201600043690,16,6,16,810,1,2,3,1,2,78,4876040,244276,940,2,3,6,0,1,1,0,50,1,0,1,99,0
201600043691,16,6,29,345,5,2,3,1,3,78,4872760,244546,940,2,2,6,0,3,1,0,0,2,0,1,99,0
201600043692,16,6,16,1920,1,2,4,1,3,78,4875140,244534,940,2,3,4,0,1,1,0,0,1,0,1,99,0
201600043693,16,6,17,835,1,2,2,1,2,78,4873560,244665,940,2,3,4,0,1,1,0,80,1,0,1,99,0
201600043696,16,6,20,2200,5,2,1,2,3,78,4873160,244683,940,2,2,4,0,1,1,0,0,2,0,1,99,0
201600043699,16,6,26,1905,1,2,1,1,2,74,4876660,244121,940,2,3,4,0,1,1,20,80,1,0,1,99,0
201600043700,16,6,27,1830,1,2,1,1,6,78,4873090,244684,940,2,2,2,0,1,1,0,0,1,0,3,99,0
201600043705,16,7,5,1715,1,2,3,1,6,78,4873560,244680,940,2,3,5,0,1,1,0,150,1,0,1,99,0
201600043706,16,7,5,2105,1,2,3,1,3,78,4874640,244656,940,2,2,4,0,1,1,20,120,1,0,1,99,0
201600043708,16,7,9,745,1,2,1,1,6,78,4873040,244686,940,2,2,4,0,1,1,0,0,1,0,1,99,0
201600043712,16,7,16,925,1,2,1,1,2,77,4873200,240589,940,3,2,1,0,0,1,0,30,1,0,1,99,0
201600043715,16,7,23,105,5,2,1,1,6,78,4873030,244686,940,2,2,5,0,1,1,0,150,1,0,1,99,1
201600043716,16,7,23,1130,1,2,2,7,6,78,4872890,244720,940,4,2,4,0,1,3,0,0,1,0,1,99,0
201600043720,16,7,29,1910,1,2,4,1,6,78,4872970,244687,940,2,2,4,0,2,1,0,0,1,0,1,99,0
201600043724,16,8,10,1440,1,2,4,1,2,78,4875140,244534,940,2,3,4,0,1,1,100,80,1,0,1,99,0
201600043729,16,4,9,705,2,2,2,1,3,78,4873990,245262,940,4,2,2,0,1,1,0,30,1,0,1,99,0
201600043730,16,8,20,2240,5,2,1,1,2,78,4873330,244687,940,2,2,4,0,1,1,0,0,1,0,1,99,0
201600043731,16,8,20,2230,5,2,1,1,2,78,4873340,244687,940,2,3,2,0,1,1,0,60,1,0,1,0,0
201600043733,16,8,25,1700,1,2,4,1,1,78,4875520,244426,940,2,3,6,0,1,1,0,0,1,0,1,99,0
201600043735,16,9,3,1810,1,2,3,7,3,78,4873560,244680,940,2,3,6,0,1,1,0,0,1,0,1,99,0
201600043737,16,9,5,720,2,2,1,2,6,74,4875920,245115,940,4,2,2,0,0,0,0,0,2,0,1,0,0
201600043738,16,9,7,1725,1,2,1,1,5,78,4872640,244466,940,2,3,4,0,1,1,0,0,1,0,1,99,0
201600043746,16,9,27,1800,1,2,3,1,3,78,4872970,244687,940,2,2,4,0,2,1,0,0,1,0,1,99,0
201600043749,16,10,6,2030,5,2,3,1,6,78,4874410,244670,940,2,3,4,0,1,1,0,0,1,0,1,99,0
201600043751,16,10,10,1430,1,2,3,1,2,74,4876360,244198,940,2,3,4,0,1,1,20,120,1,0,1,99,0
201600043752,16,10,14,2111,5,2,1,3,2,78,4873030,244686,940,2,2,4,0,4,3,0,180,2,0,1,99,0
201600043753,16,10,15,1630,1,2,3,1,1,78,4872760,244561,940,2,2,5,0,3,1,0,0,1,2,1,99,0
201600043754,16,10,16,2240,5,2,3,1,2,78,4873900,244684,940,2,3,4,1,1,1,0,125,1,0,1,99,0
201600043755,16,10,17,1820,2,2,1,1,7,78,4873180,244683,940,2,2,5,3,1,1,0,0,1,0,1,99,0
201600043756,16,10,17,735,2,2,1,8,3,74,4876250,244227,940,2,3,4,0,1,1,0,0,1,0,1,0,0
201600043758,16,10,23,345,5,2,1,1,6,78,4873830,244683,940,2,3,0,0,1,0,8,100,1,0,1,99,0
201600043759,16,10,23,2115,5,2,2,2,4,78,4873560,244665,940,2,3,4,0,1,1,10,60,2,0,1,99,0
201600043763,16,11,9,905,1,2,1,2,3,78,4873170,244683,940,2,2,4,0,1,1,0,113,2,0,1,99,0
201600043765,16,11,12,545,5,2,1,1,6,78,4873030,244687,940,2,2,4,0,1,1,0,0,1,0,1,99,0
201600043767,16,11,17,2000,5,2,2,2,2,78,4872450,244508,940,2,2,0,0,1,1,0,0,2,0,1,99,0
201600043773,16,11,30,2015,5,2,3,1,3,78,4872760,244561,940,2,2,4,0,1,1,0,60,1,0,1,99,0
201600043780,16,12,7,2355,5,2,1,1,5,74,4877020,244344,940,3,2,2,0,2,4,0,60,1,0,1,99,0
201600043781,16,12,8,1605,1,2,1,1,4,78,4874130,244664,940,2,3,4,0,1,1,0,60,1,0,1,99,0
201600043783,16,5,27,850,1,2,1,1,6,1,4872670,243132,940,4,2,2,0,1,1,0,30,1,0,1,99,0
201600043784,16,12,14,1035,1,2,1,1,6,78,4873010,244688,940,2,2,4,0,1,1,0,44,1,0,1,99,0
201600043785,16,12,16,1810,5,2,3,1,2,74,4876360,244198,940,2,2,4,0,1,1,0,0,1,0,1,99,0
201600043786,16,12,21,1715,2,2,2,1,7,78,4873560,244680,940,2,3,4,0,1,1,0,44,1,0,1,99,0
201600043789,16,12,27,1410,1,2,1,1,1,74,4876910,244938,940,3,2,2,0,1,1,0,0,1,0,1,99,0
201600043790,16,12,30,1005,1,2,4,5,6,78,4874640,244656,940,2,1,1,0,1,1,0,0,2,0,1,99,0
201600043791,16,1,3,10,5,2,3,1,3,67,4884500,241757,940,3,2,2,0,1,1,0,97,1,0,1,99,0
201600043792,16,1,10,1945,5,2,1,8,6,67,4884440,242204,940,3,2,2,0,1,1,0,0,2,0,1,99,0
201600043793,16,1,11,1630,1,2,2,1,6,80,4884830,243706,940,3,2,3,0,1,1,0,0,1,0,1,99,0
201600043794,16,1,20,745,2,2,3,1,1,67,4884440,242180,940,3,2,2,0,1,1,0,0,1,0,1,99,0
201600043795,16,1,21,720,5,2,3,9,3,67,4884360,241890,940,4,2,2,0,1,1,0,0,7,0,1,99,0
201600043796,16,2,4,1005,1,2,1,2,3,67,4884160,242751,940,4,2,2,0,1,1,0,0,2,0,1,99,0
201600043797,16,1,28,830,1,2,4,1,7,80,4884860,243253,940,4,2,2,0,1,1,0,0,2,0,1,99,0
201600043798,16,2,2,1421,1,2,1,2,6,80,4884850,245447,940,3,1,1,0,1,1,0,0,2,0,1,99,0
201600043799,16,2,16,1730,1,2,4,1,3,80,4884710,242148,940,4,1,1,0,1,1,0,0,1,0,1,99,0
201600043800,16,2,12,1605,1,2,1,2,6,67,4883970,241893,940,4,1,1,0,1,1,0,0,2,0,4,3,0
201600043801,16,2,25,2150,5,2,2,1,3,80,4884860,243253,940,3,2,2,0,1,1,0,98,1,0,1,99,0
201600043802,16,3,4,1120,1,2,2,2,6,80,4884980,245430,940,4,2,2,0,1,1,0,0,2,0,1,3,0
201600043803,16,3,5,2315,5,2,1,1,2,67,4884660,241694,940,3,2,3,0,1,1,0,0,1,0,1,99,0
201600043804,16,3,7,320,5,2,2,1,6,67,4883890,241748,940,3,2,2,0,1,1,0,0,1,0,4,99,0
201600043805,16,3,9,1815,1,2,2,2,6,80,4884520,243155,940,3,2,4,0,1,1,0,0,2,0,1,3,0
201600043806,16,3,14,1625,1,2,2,1,6,80,4884700,242778,940,4,1,1,0,2,1,0,0,1,0,1,3,0
201600043807,16,3,16,30,5,2,2,1,3,67,4884490,242094,940,3,2,2,0,1,1,0,0,1,0,1,99,0
201600043808,16,3,31,905,1,2,3,3,7,67,4884360,242279,940,4,2,2,0,1,1,0,0,2,0,1,99,0
201600043809,16,4,1,1615,1,2,1,1,2,67,4883380,241545,940,4,2,2,0,1,1,0,0,1,0,1,99,0
201600043810,16,4,2,2355,5,2,3,3,6,80,4884530,243061,940,3,3,4,0,1,1,0,0,2,0,1,99,0
201600043811,16,4,5,1730,1,2,1,1,2,67,4884290,241763,940,3,2,4,0,1,1,0,0,1,0,1,99,0
201600043812,16,4,19,1805,1,2,2,1,6,67,4884350,241993,940,4,1,2,0,1,1,0,0,1,0,1,3,0
201600043813,16,4,25,1320,1,2,2,8,6,80,4884830,243706,940,3,2,3,0,1,1,0,0,1,0,1,99,0
201600043814,16,5,15,2143,5,2,3,1,6,80,4884520,243155,940,3,2,2,0,1,1,0,150,1,0,1,99,0
201600043815,16,5,23,1130,1,2,4,3,6,67,4884080,241756,940,3,2,2,0,1,1,0,63,2,0,4,99,0
201600043858,16,1,4,1915,2,2,2,1,3,81,4879170,239818,940,4,1,4,0,1,1,0,70,1,0,1,99,0
201600043859,16,1,9,1440,1,2,3,1,2,81,4879940,240087,940,3,2,2,0,1,1,0,70,1,0,1,99,0
201600043860,16,1,11,1900,5,2,1,1,2,81,4878960,240555,940,3,1,1,0,1,1,25,60,1,0,1,99,0
201600043861,16,1,16,1900,5,2,3,1,6,81,4878610,239188,940,3,2,2,0,1,1,0,0,1,0,1,99,0
201600043862,16,1,9,940,1,2,3,1,3,81,4879580,239997,940,4,1,1,0,1,1,0,0,1,0,1,99,0
201600043863,16,1,23,1200,1,2,6,2,3,81,4879200,238651,940,3,1,1,0,2,1,0,0,2,0,1,3,0
201600043864,16,1,26,730,5,2,2,1,2,81,4879600,239808,940,3,2,2,0,1,1,0,75,1,0,1,3,0
201600043865,16,1,30,1230,1,2,2,3,3,81,4878200,239933,940,4,2,2,0,1,1,0,0,2,0,1,3,0
201600043866,16,1,31,630,4,1,1,1,2,81,4877340,240315,940,1,3,6,0,2,1,0,30,2,3,1,99,0
201600043867,16,2,1,755,1,2,3,1,3,81,4879020,239147,940,3,2,4,0,2,1,0,130,1,0,1,99,0
201600043868,16,2,1,1215,1,2,3,1,2,81,4879550,240005,940,4,2,2,0,1,1,0,56,1,0,1,99,0
201600043869,16,2,2,1805,5,2,2,2,3,81,4879880,238252,940,4,2,2,0,1,1,0,0,2,0,1,99,0
201600043870,16,2,4,950,1,2,2,2,3,81,4879260,238877,940,3,1,2,0,2,1,20,60,2,0,1,99,0
201600043871,16,2,4,1520,1,2,5,9,3,81,4879300,239552,940,3,4,2,0,2,1,0,0,2,0,1,99,0
201600043872,16,2,15,1725,1,2,1,1,1,81,4878510,237394,940,4,2,1,0,1,1,0,60,1,0,1,99,0
201600043873,16,2,17,630,5,2,2,1,6,81,4878600,239159,940,3,1,2,0,1,2,0,0,1,0,1,99,0
201600043874,16,2,17,1435,1,2,2,1,3,81,4878280,239427,940,3,1,2,0,1,1,0,89,1,0,1,99,0
201600043875,16,2,20,620,5,2,1,2,6,81,4877270,236917,940,4,2,2,0,1,1,0,115,2,0,1,99,0
201600043876,16,2,22,2000,5,2,2,2,3,81,4879880,240038,940,3,1,2,0,1,1,0,0,2,0,1,99,0
201600043877,16,2,29,1035,1,2,1,1,6,81,4879770,238218,940,3,1,2,0,1,1,0,0,1,0,1,99,0
201600043878,16,3,1,1830,5,2,3,3,6,81,4880250,240353,940,3,2,2,0,1,1,0,60,2,0,1,99,0
201600043879,16,3,3,1310,1,2,1,1,3,81,4879590,241192,940,3,2,2,0,1,1,0,80,1,0,1,99,0
201600043880,16,3,3,2045,5,2,2,1,3,81,4878990,238430,940,4,2,2,0,2,1,0,0,1,0,1,99,0
201600043881,16,3,4,650,5,2,1,3,2,81,4877700,239721,940,3,2,2,0,1,1,0,113,2,0,1,3,0
201600043882,16,3,6,650,2,2,1,2,6,81,4879210,238594,940,3,1,2,0,1,1,0,95,2,5,1,3,0
201600043883,16,3,6,700,2,2,1,2,7,81,4879930,241409,940,3,2,2,0,1,1,0,0,2,0,1,99,0
201600043884,16,3,16,1205,1,2,2,1,3,81,4879880,240038,940,3,2,2,0,1,1,0,71,1,0,1,99,0
201600043885,16,3,16,1715,1,2,2,1,6,81,4879070,239275,940,3,2,2,0,1,1,0,0,1,0,1,99,0
201600043886,16,3,18,20,5,2,1,1,7,81,4879570,240000,940,4,2,2,0,1,1,0,0,1,0,1,99,0
201600043887,16,3,18,1830,1,2,2,1,3,81,4879860,238188,940,4,4,3,0,1,1,0,0,1,0,1,99,0
201600043888,16,3,25,810,2,2,2,2,6,81,4879300,240119,940,4,2,2,0,1,1,0,72,2,0,1,99,0
201600043889,16,3,29,630,5,2,2,1,1,81,4878250,239325,940,4,2,2,0,2,1,0,58,1,0,1,3,0
201600043890,16,4,7,1100,1,2,1,1,6,81,4879060,239100,940,4,1,1,0,1,1,0,50,1,0,1,99,0
201600043891,16,4,7,2330,5,2,3,1,2,81,4879150,238263,940,3,2,2,0,2,1,0,30,1,0,1,99,0
201600043892,16,4,8,1550,1,2,2,1,6,81,4878730,240671,940,3,2,2,0,1,1,0,20,1,0,1,99,0
201600043893,16,4,11,1635,1,2,1,1,6,81,4879860,237410,940,4,2,2,0,2,1,0,0,1,0,4,3,0
201600043894,16,4,13,1715,1,2,3,8,6,81,4878360,239639,940,4,1,1,0,1,1,0,30,2,0,1,3,0
201600043895,16,4,14,1225,1,2,3,1,4,81,4878690,238652,940,4,2,2,0,1,1,0,0,1,0,1,99,0
201600043896,16,4,16,1640,1,2,3,1,3,81,4879600,239808,940,3,2,2,0,1,1,0,70,1,5,1,99,0
201600043897,16,4,17,1240,1,2,4,2,6,81,4879370,239507,940,4,1,0,0,1,1,0,0,2,0,1,99,0
201600043898,16,4,23,1540,1,2,1,8,6,81,4878840,239000,940,3,3,6,0,1,1,0,0,1,0,4,99,0
201600043899,16,4,27,2230,5,2,3,1,1,81,4879340,239737,940,3,2,2,0,1,1,0,50,1,0,1,99,0
201600043900,16,4,28,2020,2,2,1,1,7,81,4879200,238484,940,3,2,2,0,2,1,0,0,1,0,1,99,0
201600043901,16,4,29,105,5,2,1,1,2,81,4878010,239553,940,3,2,4,0,1,1,0,120,1,0,1,99,0
201600043902,16,4,30,1835,1,2,1,1,2,81,4879370,239613,940,3,2,2,0,1,1,0,121,1,0,1,3,0
201600043903,16,5,3,830,1,2,1,1,6,81,4878860,237596,940,3,2,3,0,2,1,0,90,1,0,1,99,0
201600043904,16,5,7,2130,5,2,3,1,3,81,4878890,238629,940,4,2,2,3,2,1,0,52,1,0,1,99,0
201600043905,16,5,11,1715,1,2,3,8,2,81,4879590,239348,940,4,1,1,0,1,1,0,0,1,0,1,3,0
201600043906,16,5,13,510,5,2,1,2,6,81,4878240,241717,940,3,3,2,0,1,1,0,0,2,0,1,99,0
201600043907,16,5,15,1850,1,2,2,1,3,81,4879410,240055,940,3,2,2,0,1,1,0,107,1,0,1,99,0
201600043908,16,5,20,1630,1,2,3,1,6,81,4880500,240831,940,3,1,1,0,1,1,0,50,1,0,1,99,0
201600043909,16,5,23,40,5,2,3,2,3,81,4879170,240181,940,4,2,2,0,1,1,0,0,2,0,1,99,0
201600043910,16,5,23,35,5,2,2,2,3,81,4879730,241219,940,4,1,1,0,1,1,0,71,2,0,1,99,0
201600043911,16,5,28,1115,1,2,3,1,3,81,4878660,237689,940,4,3,2,0,1,1,0,70,1,0,1,99,0
201600043912,16,5,31,1210,1,2,1,2,6,81,4878480,237646,940,4,2,2,0,1,1,0,55,2,0,1,3,0
201600043947,16,9,9,455,3,2,1,1,3,81,4877440,240355,940,1,3,3,0,2,1,0,120,1,3,1,99,0
201600043973,16,11,7,1325,1,1,1,2,2,81,4877360,240438,940,1,3,6,0,2,1,0,120,2,3,1,99,0
201600043996,16,1,2,130,5,2,3,2,3,18,4894130,221230,950,4,2,2,0,1,1,0,0,2,0,1,3,1
201600043997,16,1,2,1825,3,2,3,2,6,18,4896220,224560,950,4,2,1,0,1,1,0,0,2,0,1,99,0
201600043998,16,1,5,1825,2,2,3,1,3,18,4894150,220980,950,4,2,2,0,1,1,0,0,1,0,1,3,0
201600043999,16,1,9,1600,1,1,1,1,2,176,4898310,220320,950,3,2,2,0,1,1,0,0,1,0,1,99,0
201600044000,16,1,14,725,5,2,1,1,3,18,4894960,220610,950,3,2,2,0,1,1,0,0,1,0,1,99,0
201600044001,16,1,15,639,5,2,1,1,4,18,4894290,220660,950,3,3,2,0,1,1,0,0,1,0,1,99,0
201600044002,16,1,16,33,5,2,1,1,6,18,4893870,221490,950,4,2,2,0,1,2,0,0,1,0,1,99,0
201600044003,16,1,19,2015,5,2,1,1,6,176,4896810,220460,950,3,2,2,0,1,1,0,0,1,0,1,3,0
201600044004,16,1,18,805,2,2,1,1,6,18,4895240,220570,950,3,2,2,0,1,1,0,0,1,0,1,99,0
201600044005,16,1,25,1225,1,2,3,1,3,18,4894270,225240,950,3,2,4,0,1,1,0,0,1,0,1,3,0
201600044006,16,1,25,815,2,2,1,1,6,18,4894680,220620,950,3,2,2,0,1,1,0,0,1,0,1,99,0
201600044007,16,1,28,705,5,2,1,2,3,63,4892360,221770,950,3,3,3,0,2,1,0,0,2,0,1,99,0
201600044008,16,1,28,910,1,2,1,1,6,18,4894970,225360,950,3,2,2,0,1,1,0,0,2,0,1,99,0
201600044009,16,2,4,2040,5,2,2,1,3,18,4894540,224970,950,3,2,4,0,1,1,0,0,1,0,1,99,0
201600044010,16,2,10,1225,1,2,1,1,6,18,4894710,220620,950,3,2,2,0,1,1,0,0,1,0,1,99,0
201600044011,16,2,11,1125,1,2,1,1,6,176,4896670,219850,950,3,2,2,0,1,4,0,0,1,0,1,99,0
201600044012,16,2,9,2002,5,2,1,1,6,63,4892330,221770,950,3,3,2,3,1,1,0,0,1,0,1,99,0
201600044013,16,2,19,1605,1,1,1,1,3,18,4893950,225130,950,3,3,4,0,1,1,0,0,1,0,1,99,0
201600044014,16,2,25,930,1,2,4,1,2,63,4892680,222760,950,3,3,4,0,1,1,0,0,1,0,1,99,0
201600044015,16,3,1,1600,1,2,1,2,6,18,4894310,224840,950,4,1,1,0,1,1,0,0,2,0,1,3,0
201600044016,16,2,28,1500,1,2,1,1,4,18,4893860,224510,950,3,2,2,0,1,2,0,0,1,0,1,99,0
201600044017,16,3,5,20,5,2,1,2,6,18,4894010,223730,950,4,2,2,0,1,3,0,0,2,0,4,99,0
201600044018,16,3,8,1150,1,2,1,1,3,63,4892190,222010,950,3,1,2,0,2,3,0,0,1,0,1,99,0
201600044019,16,3,13,1815,1,2,2,1,3,18,4894160,224443,950,3,3,4,0,1,1,0,0,1,0,1,99,0
201600044020,16,3,18,2235,3,2,2,1,3,18,4894680,223820,950,3,3,4,0,1,1,0,0,1,5,1,99,0
201600044021,16,4,1,1825,1,2,1,1,6,18,4894650,223030,950,4,1,1,0,1,1,0,30,1,0,1,3,0
201600044022,16,4,12,1300,1,2,6,1,4,176,4895930,220350,950,3,2,2,0,1,1,0,0,1,5,1,99,0
201600044023,16,4,19,1200,1,2,1,1,6,18,4895280,225390,950,3,3,2,0,2,1,0,0,1,0,1,99,1
201600044024,16,4,30,1620,1,2,3,1,3,18,4895050,222430,950,4,2,2,0,1,1,0,0,1,0,1,3,0
201600044025,16,5,2,1315,1,2,2,1,3,18,4895250,224350,950,3,2,2,0,1,1,0,0,1,0,1,99,0
201600044026,16,5,10,2220,5,2,2,8,3,18,4894930,223980,950,4,1,1,0,1,1,0,0,2,0,1,99,0
201600044027,16,5,13,1510,1,2,4,1,3,18,4895810,222880,950,3,2,2,0,1,1,0,0,1,0,1,99,0
201600044028,16,5,17,1820,1,2,1,1,6,257,4897990,218110,950,4,1,1,0,1,1,0,0,1,0,1,99,0
201600044029,16,5,22,2015,1,2,3,1,5,18,4893990,222750,950,4,1,1,0,1,2,0,0,2,0,1,3,0
201600044030,16,5,20,1800,1,2,3,2,3,63,4892320,221190,950,3,3,4,0,1,1,0,0,1,0,1,99,0
201600044031,16,5,24,1325,1,2,1,1,2,63,4893680,220710,950,3,2,2,0,1,1,0,0,1,0,1,99,0
201600044032,16,5,23,1205,1,2,1,8,1,18,4894880,225590,950,4,2,2,1,2,3,0,0,2,2,1,99,0
201600044033,16,6,5,620,1,2,2,2,3,18,4895480,224230,950,3,2,2,0,1,1,0,0,2,0,1,99,0
201600044034,16,6,7,1505,1,2,3,1,3,18,4894950,225350,950,3,2,2,0,1,1,0,0,1,0,1,99,0
201600044035,16,6,5,2350,5,2,4,1,3,176,4896160,220210,950,3,2,2,0,1,1,0,0,1,0,1,99,0
201600044036,16,6,19,2055,1,2,1,1,2,18,4894420,225090,950,3,2,4,0,2,1,0,0,1,0,1,99,0
201600044037,16,6,16,1015,1,2,2,1,4,176,4897260,219040,950,3,2,2,0,1,1,0,0,1,0,1,99,0
201600044038,16,6,26,1925,1,2,1,1,1,18,4894970,225360,950,3,2,2,0,1,1,0,0,1,0,1,99,0
201600044039,16,6,28,1255,1,2,2,1,4,18,4894090,221680,950,4,2,2,0,1,1,0,0,1,0,1,99,0
201600044040,16,6,30,1414,1,2,1,1,4,18,4894310,225190,950,3,2,2,0,1,1,0,0,1,0,1,99,0
201600044041,16,6,28,1755,1,2,1,1,2,176,4896190,220190,950,3,2,2,0,1,1,0,0,1,0,1,99,0
201600044042,16,7,1,2030,1,2,1,1,3,18,4895130,225370,950,3,2,2,0,1,1,0,0,1,0,1,99,0
201600044043,16,6,24,1900,1,2,2,1,3,18,4893980,224860,950,4,1,1,0,1,1,0,0,1,0,1,99,0
201600044044,16,7,7,705,1,2,2,1,3,18,4894160,223450,950,4,2,2,0,1,1,0,0,1,0,4,99,0
201600044045,16,7,9,1015,1,2,2,1,3,18,4893970,223070,950,4,2,2,0,1,1,0,0,1,0,1,99,0
201600044046,16,7,6,1050,1,2,1,1,3,63,4893150,221160,950,3,2,2,0,1,1,0,0,1,0,1,99,0
201600044047,16,7,12,1600,1,2,1,1,6,63,4892560,221130,950,3,2,2,3,1,1,0,0,1,0,1,99,0
201600044048,16,7,20,2340,5,1,1,1,3,18,4895560,227570,950,3,3,4,0,1,1,0,0,1,2,1,99,0
201600044049,16,7,22,1105,1,2,1,1,2,176,4896960,219210,950,4,1,1,0,1,1,0,0,1,0,1,99,0
201600044050,16,7,24,1705,1,2,1,1,6,18,4895450,223050,950,4,3,2,0,1,1,0,0,1,0,1,3,0
201600044051,16,8,6,735,2,2,2,1,6,18,4894250,221680,950,4,2,1,0,2,1,0,0,1,0,1,99,0
201600044052,16,7,29,1340,1,2,2,1,6,18,4894470,225190,950,4,1,1,0,1,1,0,0,1,0,1,99,0
201600044053,16,8,21,100,5,1,1,1,2,18,4895040,227670,950,3,3,4,0,1,1,0,0,1,0,1,99,0
201600044054,16,8,26,1055,1,2,1,1,2,63,4892740,221290,950,4,1,1,1,1,1,0,0,1,0,1,99,0
201600044055,16,8,20,1335,1,1,1,1,2,18,4894290,225720,950,3,3,4,0,1,1,0,0,1,0,1,99,0
201600044056,16,9,2,1715,1,2,1,1,6,18,4894890,220620,950,6,0,0,3,1,1,0,0,1,0,1,0,0
201600044057,16,9,2,2210,5,2,3,1,3,18,4895310,225410,950,3,2,2,0,2,1,0,0,1,0,1,99,0
201600044058,16,9,5,1230,1,2,1,3,4,18,4893950,225120,950,3,3,4,0,1,1,0,0,2,0,1,99,0
201600044059,16,9,19,900,1,2,2,2,6,18,4895690,223470,950,4,2,2,0,1,1,0,0,2,0,1,99,0
201600044060,16,9,13,1715,1,2,2,1,6,18,4893540,223870,950,3,2,3,3,1,1,0,0,1,0,1,99,0
201600044061,16,9,21,1400,1,2,4,1,3,18,4895210,226720,950,3,2,2,0,2,1,0,0,1,0,1,99,0
201600044062,16,9,24,104,5,2,2,1,3,18,4894610,224780,950,3,2,2,0,1,1,0,0,1,0,1,99,0
201600044063,16,9,20,1015,1,2,3,1,3,63,4892830,221470,950,3,2,3,0,1,1,0,0,1,0,1,99,0
201600044064,16,9,25,450,5,2,3,1,6,63,4891720,221110,950,4,2,2,0,1,1,0,0,1,0,1,99,0
201600044065,16,9,24,1405,1,2,1,1,3,176,4897740,219760,950,4,2,2,0,1,1,0,0,1,0,1,99,0
201600044066,16,9,24,1945,5,2,4,1,3,18,4895030,226270,950,3,2,2,0,1,1,0,0,1,0,1,99,0
201600044067,16,10,3,2135,5,2,1,1,3,176,4897120,219230,950,3,2,2,0,1,1,0,0,1,0,1,99,0
201600044068,16,9,22,720,1,2,3,1,3,18,4893680,223960,950,4,2,2,0,1,1,0,0,1,0,1,99,0
201600044069,16,10,3,1135,1,2,3,1,3,18,4896010,222590,950,3,2,2,0,1,1,0,0,1,0,1,99,0
201600044070,16,9,27,1418,1,2,6,1,2,176,4895920,220340,950,3,2,2,0,1,2,0,0,1,5,1,99,0
201600044071,16,10,4,2000,5,2,1,1,3,18,4893730,224050,950,4,2,2,0,1,1,0,0,1,0,1,0,0
201600044072,16,10,6,2030,5,2,1,1,6,63,4892352,221015,950,3,3,4,0,1,1,0,0,1,0,1,99,0
201600044073,16,10,7,1355,1,2,6,1,6,176,4895920,220340,950,3,1,1,0,1,1,0,0,1,0,1,99,0