Num_Acc,an,mois,jour,hrmn,lum,agg,int,atm,col,com,lat,long,dep,catr,circ,nbv,vosp,prof,plan,lartpc,larrout,surf,infra,situ,env1,killed
201600044074,16,10,1,2350,5,2,2,1,3,18,4894420,225090,950,3,2,4,0,1,1,0,0,1,0,1,99,0
201600044075,16,10,10,735,2,2,2,1,1,18,4895600,228020,950,3,2,2,0,2,1,0,0,1,0,1,0,0
201600044076,16,10,14,1700,1,2,1,2,6,18,4894580,225350,950,4,1,1,0,1,1,0,0,2,0,1,99,0
201600044077,16,10,8,845,2,2,3,1,3,18,4895090,222150,950,4,2,3,1,1,1,0,0,1,0,1,99,0
201600044078,16,10,17,1119,1,2,1,1,3,176,4896560,220980,950,3,2,2,0,1,1,0,0,1,0,1,99,0
201600044079,16,10,12,917,1,2,2,1,3,18,4896590,223360,950,3,2,2,0,2,1,0,0,1,0,1,99,0
201600044080,16,10,23,2030,5,2,1,2,2,176,4897760,220010,950,4,1,2,0,2,3,0,0,1,0,1,99,0
201600044081,16,10,24,920,1,2,2,2,5,18,4894210,225290,950,3,2,4,0,1,1,0,0,2,5,1,99,0
201600044082,16,10,23,1900,5,2,1,2,6,18,4895260,221490,950,4,2,4,0,1,1,0,0,2,0,1,99,0
201600044083,16,10,26,1449,1,2,2,1,3,18,4894370,221830,950,4,2,2,0,1,1,0,0,1,0,1,99,0
201600044084,16,11,2,1855,5,2,1,1,2,63,4892390,220610,950,3,2,2,0,1,1,0,0,1,0,1,99,0
201600044085,16,10,26,820,1,2,1,1,5,18,4894260,225260,950,3,2,4,0,2,1,0,0,1,0,1,99,0
201600044086,16,11,4,1500,1,2,2,1,3,18,4894490,222870,950,4,1,1,0,1,1,0,0,1,0,1,3,0
201600044087,16,11,7,1720,2,2,1,2,6,18,4894529,224886,950,4,1,1,0,1,1,0,0,1,0,1,3,0
201600044088,16,11,10,1850,5,2,4,3,6,18,4894350,222890,950,4,2,2,0,1,1,0,0,2,0,1,99,0
201600044089,16,11,12,1821,5,2,1,2,6,18,4894590,220630,950,3,2,2,0,1,1,0,0,2,0,1,99,0
201600044090,16,11,3,2115,4,2,2,1,3,63,4893910,220680,950,3,2,2,0,1,1,0,0,1,0,1,99,0
201600044091,16,11,15,755,1,2,1,2,3,176,4895290,220550,950,3,2,2,0,1,1,0,0,2,0,1,99,0
201600044092,16,11,16,1700,2,2,2,1,3,63,4893420,220910,950,3,2,2,0,1,1,0,0,1,0,1,99,0
201600044093,16,11,20,720,5,2,2,2,3,63,4892280,221780,950,3,2,4,0,1,1,0,0,2,5,0,99,0
201600044094,16,11,17,1749,2,2,1,1,3,257,4896180,218160,950,4,2,2,0,1,1,0,0,1,0,1,99,0
201600044095,16,11,10,1945,5,2,1,2,6,18,4895060,223030,950,4,2,2,0,1,1,0,0,2,0,1,99,0
201600044096,16,11,17,1330,1,2,3,1,3,18,4894330,224890,950,4,1,1,0,1,1,0,0,1,0,1,3,0
201600044097,16,11,29,351,5,2,1,1,5,18,4893820,223590,950,4,2,2,0,2,1,0,0,1,0,1,3,0
201600044098,16,11,29,1935,5,2,1,1,1,63,4892920,222640,950,4,2,2,0,1,1,0,0,1,0,1,99,0
201600044099,16,11,20,1845,5,2,2,1,6,63,4892630,221310,950,3,2,2,0,1,1,0,0,1,0,1,99,0
201600044100,16,12,2,1825,5,2,2,1,6,176,4896890,219040,950,4,2,2,0,1,1,0,0,1,5,1,99,0
201600044101,16,12,4,1510,1,2,3,1,3,63,4892820,221480,950,3,2,4,0,1,1,0,0,1,0,1,99,0
201600044102,16,12,11,1820,5,2,3,1,3,63,4892550,221110,950,3,2,2,3,1,1,0,0,1,0,1,99,0
201600044103,16,12,11,1645,1,2,1,1,6,18,4894580,223180,950,4,1,1,0,1,1,0,0,1,0,1,3,0
201600044104,16,12,16,1915,5,2,7,1,2,18,4895490,228630,950,4,1,1,2,1,1,0,0,1,0,1,99,0
201600044105,16,12,19,1732,1,2,1,1,2,18,4893490,224280,950,3,3,4,0,1,1,0,0,1,0,1,99,0
201600044106,16,12,18,1830,5,2,1,2,6,63,4892360,221760,950,3,3,4,0,1,1,0,0,2,0,1,99,0
201600044107,16,12,21,1534,1,2,1,1,6,18,4894730,225030,950,4,2,4,0,1,1,0,0,1,0,1,99,0
201600044108,16,12,24,55,5,2,2,2,3,18,4894170,223450,950,4,1,1,0,1,1,0,0,2,0,1,99,0
201600044109,16,12,16,1705,2,2,3,1,3,176,4897390,218850,950,3,2,2,0,1,1,0,0,1,0,1,99,0
201600044110,16,12,29,815,2,2,2,1,6,63,4893270,220550,950,4,2,2,0,1,1,0,0,1,0,1,3,0
201600044111,16,1,21,110,3,1,2,9,2,218,4902430,210380,950,2,3,4,0,1,1,0,0,7,5,1,99,0
201600044112,16,1,31,1120,1,2,1,1,6,476,4905060,207490,950,4,2,2,0,1,1,0,0,2,0,1,99,0
201600044113,16,1,31,1555,1,2,1,2,1,488,4901750,215180,950,3,2,2,0,1,1,0,0,2,0,1,99,0
201600044114,16,2,13,2040,5,2,1,2,2,127,4904280,207189,950,4,3,4,0,1,1,0,0,2,5,1,99,0
201600044115,16,4,13,2204,5,2,1,1,1,323,4901150,203260,950,4,2,2,0,1,1,0,0,1,0,1,3,0
201600044116,16,4,18,840,1,2,1,1,3,127,4905270,202060,950,4,2,2,0,1,1,0,0,1,0,1,99,0
201600044117,16,4,26,2105,2,2,1,2,6,218,4902350,211410,950,4,2,2,0,1,1,0,0,2,0,4,99,0
201600044118,16,5,8,200,5,2,1,1,2,450,4901540,207450,950,3,3,3,0,1,2,0,0,1,5,1,99,0
201600044119,16,5,21,1710,1,2,3,1,3,306,4900530,219290,950,3,2,2,0,1,1,0,0,1,0,1,99,0
201600044120,16,5,15,2240,5,2,1,1,6,488,4901380,215820,950,3,3,4,0,1,1,0,0,1,0,1,99,0
201600044121,16,5,29,1930,1,2,1,1,5,127,4904760,205220,950,4,2,2,0,1,1,0,0,2,0,1,99,0
201600044122,16,6,14,1745,1,2,1,1,3,127,4902820,208219,950,4,2,2,0,1,1,0,0,1,0,1,99,0
201600044123,16,6,18,1842,1,2,1,1,5,500,4904480,207666,950,3,3,2,0,1,1,0,0,1,0,1,99,0
201600044124,16,7,4,1825,1,2,1,1,6,218,4901790,210030,950,4,2,2,0,1,1,0,0,1,0,1,99,0
201600044125,16,7,14,307,5,2,3,1,3,510,4905540,202539,950,4,3,3,0,1,1,0,0,1,0,1,99,0
201600044126,16,7,12,1820,1,2,1,1,3,637,4903450,201880,950,4,2,2,0,1,1,0,0,1,0,1,99,0
201600044127,16,7,23,1805,1,2,1,1,6,306,4899290,217140,950,4,2,1,0,2,1,0,0,1,0,1,99,0
201600044128,16,8,10,1715,1,2,1,1,3,306,4899060,216220,950,4,2,2,0,1,1,0,0,1,0,1,99,0
201600044129,16,8,17,1725,1,2,1,1,6,476,4906170,206389,950,3,2,2,0,1,1,0,0,1,0,1,99,0
201600044130,16,8,18,1940,1,2,1,1,3,500,4905580,210470,950,3,2,1,0,1,1,0,0,1,0,1,0,0
201600044131,16,8,22,1747,1,2,3,1,3,500,4904720,208130,950,3,2,2,0,1,1,0,0,1,0,1,0,0
201600044132,16,8,24,1525,1,2,1,1,3,127,4904310,207270,950,3,2,2,0,1,1,0,0,1,0,1,99,0
201600044133,16,9,7,220,3,2,1,5,6,127,4903020,206990,950,4,3,5,0,1,1,0,0,1,0,1,99,1
201600044134,16,9,29,1045,1,2,2,1,3,127,4905510,201549,950,3,2,2,0,1,1,0,0,1,5,1,99,0
201600044135,16,9,27,820,1,2,1,1,6,500,4905140,210020,950,3,2,2,0,2,1,0,0,1,0,1,99,0
201600044136,16,9,25,1825,1,2,1,1,1,488,4901840,215670,950,4,2,2,0,1,1,0,0,1,0,1,99,0
201600044137,16,10,21,225,3,1,1,2,6,127,4903890,208610,950,1,3,4,0,1,1,0,0,2,0,1,99,1
201600044138,16,11,2,1755,4,1,1,1,3,488,4900890,216810,950,3,2,2,0,1,1,0,0,1,0,1,99,0
201600044139,16,11,10,1650,2,2,1,2,6,127,4905290,201840,950,4,2,2,0,1,1,0,0,2,0,1,99,0
201600044140,16,11,16,2310,5,2,1,2,6,218,4901860,208639,950,4,2,2,0,1,1,0,0,2,0,4,99,0
201600044141,16,11,19,2230,5,2,1,1,3,572,4904640,211280,950,4,2,2,0,1,1,0,0,1,0,1,99,0
201600044142,16,11,20,1820,5,2,2,3,6,127,4903190,208809,950,4,2,2,0,1,1,0,0,2,0,1,99,0
201600044143,16,11,14,1650,2,2,1,1,3,218,4902390,211170,950,4,2,2,0,1,1,0,0,1,0,1,99,0
201600044144,16,11,21,1750,2,2,1,1,1,306,4899610,215130,950,4,2,2,0,1,1,0,0,1,0,1,99,0
201600044145,16,12,7,1445,1,2,1,1,6,127,4904310,207249,950,3,3,4,0,1,1,0,0,1,0,1,99,0
201600044146,16,12,8,2035,5,1,1,1,1,306,4900230,218560,950,3,2,2,0,1,1,0,0,1,0,1,99,0
201600044147,16,12,9,1035,1,1,1,1,6,476,4907160,208380,950,3,3,4,0,1,1,0,0,8,0,1,99,0
201600044148,16,12,11,1000,1,1,1,1,3,510,4905880,201110,950,4,2,2,0,1,1,0,0,1,0,1,99,0
201600044149,16,3,29,20,5,2,1,1,6,323,4901480,202579,950,4,3,2,0,1,1,0,0,1,0,1,99,0
201600044150,16,1,2,1935,5,2,3,2,3,427,4897590,235190,950,3,2,2,0,1,1,0,0,2,0,1,99,0
201600044151,16,1,8,1435,1,1,1,1,2,288,4898360,236210,950,3,3,2,0,1,1,0,0,1,0,1,99,0
201600044152,16,1,16,100,5,2,3,1,1,197,4897140,231120,950,3,2,2,0,1,1,0,0,1,0,1,99,0
201600044153,16,1,26,800,2,2,1,1,6,197,4895930,232210,950,4,2,1,0,1,3,0,0,2,0,1,3,0
201600044154,16,1,26,2320,5,2,1,1,6,427,4896190,233270,950,3,2,2,0,1,1,0,0,1,0,1,99,0
201600044155,16,2,26,2000,5,2,1,1,3,288,4897820,234410,950,4,2,2,0,1,1,0,0,1,0,1,99,0
201600044156,16,1,8,805,1,2,1,1,6,598,4899010,229560,950,4,2,2,0,1,1,0,0,1,0,1,99,0
201600044157,16,12,27,1210,1,2,1,1,6,197,4897110,233010,950,4,2,1,0,1,1,0,0,1,0,4,99,0
201600044158,16,1,30,1830,5,2,1,1,3,598,4899130,229920,950,3,2,2,0,1,1,0,0,2,0,1,3,0
201600044159,16,2,2,1500,1,2,1,3,3,428,4897570,231710,950,3,2,2,0,2,1,0,0,2,0,1,99,0
201600044160,16,2,4,1615,1,2,2,2,6,210,4896570,230050,950,3,2,2,0,1,1,0,0,2,0,1,99,1
201600044161,16,2,11,855,1,2,2,1,3,428,4897910,231130,950,4,2,2,0,1,1,0,0,1,0,1,99,0
201600044162,16,2,11,1800,2,2,1,1,2,428,4898810,231870,950,4,1,1,0,2,1,0,0,1,0,1,99,0
201600044163,16,2,14,602,5,2,3,1,6,555,4897420,229520,950,4,2,2,0,1,1,0,0,2,0,1,3,0
201600044164,16,2,12,1248,1,2,2,2,3,428,4897690,231090,950,4,2,2,0,1,1,0,0,2,0,1,99,0
201600044165,16,2,20,1955,5,2,1,1,6,428,4897230,231330,950,4,1,1,0,1,1,0,0,1,0,1,99,0
201600044166,16,2,21,1450,1,2,1,1,2,555,4896570,228110,950,3,2,2,0,1,1,0,0,1,1,1,0,0
201600044167,16,2,27,1130,1,1,1,1,1,14,4901320,231180,950,3,2,2,0,1,1,0,0,1,0,1,99,0
201600044168,16,2,29,1443,1,2,1,1,2,428,4899320,233280,950,3,2,2,0,1,1,0,0,1,0,1,99,0
201600044169,16,3,1,1540,1,2,1,2,2,598,4898430,229480,950,3,2,2,0,1,1,0,0,2,0,1,99,0
201600044170,16,2,9,1115,1,2,1,1,6,598,4898520,229970,950,4,2,2,0,1,1,0,0,2,0,0,99,0
201600044171,16,3,13,1845,1,2,1,1,2,428,4897560,231490,950,3,2,2,0,1,1,0,0,1,0,1,99,0
201600044172,16,3,9,1930,5,2,3,1,3,369,4899730,229060,950,4,2,2,0,1,1,0,0,1,0,1,3,0
201600044173,16,3,18,1430,1,2,1,1,1,210,4896970,230580,950,4,1,1,0,1,1,0,0,1,0,1,3,0
201600044174,16,3,8,855,1,2,1,1,2,197,4897560,232810,950,3,2,2,0,1,1,0,0,1,0,1,99,0
201600044175,16,3,25,1653,1,2,1,1,6,427,4897490,233920,950,3,2,2,0,1,1,0,0,1,0,1,99,0
201600044176,16,3,27,1635,1,2,2,8,3,427,4897380,234910,950,3,2,2,0,1,1,0,0,1,0,1,99,0
201600044177,16,3,30,1515,1,2,1,2,6,210,4896940,231090,950,4,1,1,0,1,2,0,0,2,0,1,99,0
201600044178,16,3,31,1810,1,2,1,3,2,598,4899440,230430,950,3,2,2,0,1,1,0,0,2,0,1,3,0
201600044179,16,4,5,1720,1,2,1,7,1,428,4898290,232810,950,4,1,1,0,2,1,0,0,1,0,1,99,0
201600044180,16,4,11,1730,1,2,1,2,2,428,4899340,232060,950,4,2,2,0,1,1,0,0,2,0,1,99,0
201600044181,16,4,18,1140,1,2,1,1,2,428,4900370,231850,950,3,2,2,0,1,1,0,0,1,0,1,99,0
201600044182,16,4,24,1640,1,2,3,1,6,197,4896740,232870,950,4,2,2,0,1,0,0,0,2,2,1,3,0
201600044183,16,4,29,735,1,2,1,1,4,288,4898270,236260,950,3,3,2,0,2,1,0,0,1,0,1,99,0
201600044184,16,5,8,522,5,2,2,1,3,210,4897140,230460,950,4,1,1,0,1,1,0,0,1,0,1,99,0
201600044185,16,5,9,1100,1,2,3,1,3,598,4898210,229290,950,3,3,2,0,1,1,0,0,1,0,1,99,0
201600044186,16,5,14,1315,1,2,1,1,3,598,4898110,229390,950,4,2,2,0,1,1,0,0,1,0,1,99,0
201600044187,16,5,20,1110,1,2,1,1,6,598,4898650,229620,950,3,3,3,0,2,1,0,0,1,0,1,99,0
201600044188,16,5,24,1930,1,2,2,1,2,210,4896420,231340,950,4,2,2,0,1,1,0,0,1,0,1,99,0
201600044189,16,5,30,805,1,2,1,2,2,197,4896260,232340,950,3,2,2,0,2,1,0,0,2,2,1,99,0
201600044190,16,5,31,1120,1,2,1,3,3,428,4897540,231690,950,3,2,2,0,1,1,0,0,2,0,1,99,0
201600044191,16,5,30,1940,1,2,1,1,3,288,4898690,235590,950,4,1,1,0,1,1,0,0,1,0,1,99,0
201600044192,16,6,4,258,5,2,1,1,6,288,4898710,234370,950,3,1,1,0,1,2,0,0,1,0,1,99,0
201600044193,16,6,18,1655,1,2,1,1,2,598,4898360,229410,950,3,3,2,0,1,1,0,0,1,0,1,99,0
201600044194,16,6,19,2020,1,2,1,1,5,428,4899220,231410,950,3,2,2,0,2,1,0,0,1,0,1,99,0
201600044195,16,6,23,1630,1,2,1,1,6,288,4897890,236410,950,3,3,4,0,1,1,0,0,1,0,1,99,0
201600044196,16,7,3,1755,1,2,6,2,7,555,4897380,227430,950,3,2,2,0,1,1,0,0,2,0,1,99,0
201600044197,16,7,8,110,5,2,1,1,6,598,4898310,230170,950,4,2,2,0,1,1,0,0,1,0,1,99,0
201600044198,16,7,9,1230,1,2,1,1,4,427,4897220,234260,950,3,1,1,0,1,1,0,0,1,0,1,3,0
201600044199,16,7,10,1619,1,2,1,1,6,427,4895910,232910,950,3,2,2,0,1,3,0,0,1,2,1,99,0
201600044200,16,7,15,1115,1,2,3,1,3,427,4897090,234720,950,4,2,2,0,1,1,0,0,1,0,1,0,0
201600044201,16,7,20,1040,1,2,1,1,3,197,4896560,231930,950,3,2,2,0,1,1,0,0,1,0,1,3,0
201600044202,16,7,24,945,1,2,2,1,2,197,4896690,231760,950,3,2,2,0,1,1,0,0,1,0,1,99,0
201600044203,16,5,21,1200,1,2,1,1,6,210,4897210,230770,950,4,1,1,0,1,1,0,0,1,0,1,99,0
201600044204,16,8,31,1055,1,2,1,1,2,428,4898180,231510,950,4,2,2,0,1,1,0,0,1,0,0,0,0
201600044205,16,9,6,15,5,2,2,8,1,427,4897380,234910,950,3,2,2,0,2,1,0,0,2,5,1,99,0
201600044206,16,9,6,940,1,2,7,2,6,197,4896530,232930,950,4,2,1,0,1,3,0,0,2,0,1,99,0
201600044207,16,9,6,830,1,2,2,8,3,555,4897390,227430,950,3,2,2,0,1,1,0,0,1,5,1,99,0
201600044208,16,9,7,1655,1,2,1,1,1,427,4897710,236480,950,3,3,4,0,2,1,0,0,1,0,1,99,0
201600044209,16,9,15,1730,1,2,1,1,2,427,4896870,234590,950,4,2,2,0,1,1,0,0,1,0,1,99,0
201600044210,16,9,21,1915,1,2,1,1,6,555,4897480,273330,950,3,3,2,0,1,1,0,0,1,0,1,3,0
201600044211,16,9,24,1510,1,2,1,1,1,428,4898390,231820,950,4,2,2,0,2,3,0,0,1,0,1,3,0
201600044212,16,9,26,1830,1,2,1,1,6,197,4897570,232740,950,3,1,2,0,1,1,0,0,1,0,1,3,0
201600044213,16,9,27,1510,1,2,3,1,3,210,4896290,231130,950,4,1,1,0,1,1,0,0,1,0,1,99,0
201600044214,16,9,30,1200,1,2,1,1,1,428,4899790,231820,950,4,2,2,0,2,3,0,0,1,0,1,99,0
201600044215,16,10,3,1500,1,2,1,1,6,197,4895900,232650,950,4,2,1,0,1,0,0,0,1,0,1,99,0
201600044216,16,10,4,820,1,2,1,1,6,598,4899440,229420,950,4,2,2,0,1,1,0,0,1,0,1,3,0
201600044217,16,10,5,1705,1,2,1,1,6,197,4896740,231820,950,4,2,2,0,1,1,0,0,1,0,1,99,0
201600044218,16,10,1,1905,1,2,1,1,2,427,4897630,235290,950,3,2,2,0,1,1,0,0,1,0,1,99,0
201600044219,16,10,10,1750,1,2,3,8,3,555,4896640,227750,950,3,3,4,0,1,1,0,0,2,0,1,99,0
201600044220,16,10,11,33,5,2,2,1,3,427,4897510,234390,950,3,1,1,0,1,1,0,0,1,0,1,99,0
201600044221,16,10,15,2130,3,2,3,1,6,427,4896220,233010,950,4,1,1,0,1,1,0,0,1,0,1,99,0
201600044222,16,10,17,910,1,2,1,2,3,598,4898280,230010,950,3,2,2,0,1,1,0,0,2,0,1,99,0
201600044223,16,10,19,1340,1,2,1,1,6,598,4898690,229820,950,4,1,1,0,1,1,0,0,1,0,1,3,0
201600044224,16,10,22,1320,1,2,1,1,3,598,4898510,229540,950,3,2,2,0,1,1,0,0,1,0,1,0,0
201600044225,16,10,24,1405,1,2,3,2,5,428,4897410,231130,950,3,2,2,0,1,1,0,0,2,0,1,99,0
201600044226,16,10,31,1810,5,2,1,1,2,598,4898470,229850,950,3,2,2,0,1,1,0,0,1,0,1,99,0
201600044227,16,11,2,1300,1,2,1,1,6,427,4895910,232910,950,3,2,2,0,2,1,0,0,1,0,1,99,0
201600044228,16,11,2,1705,1,2,1,1,6,197,4896750,231730,950,3,2,2,0,1,1,0,0,1,0,1,3,0
201600044229,16,11,3,905,1,2,3,1,6,598,4898580,230290,950,4,1,1,0,1,1,0,0,1,0,1,99,0
201600044230,16,11,6,1250,1,2,1,1,2,428,4898330,232580,950,3,2,0,0,2,1,0,0,1,0,1,99,0
201600044231,16,11,17,1830,2,2,2,1,3,428,4897810,230820,950,4,2,2,0,1,1,0,0,1,0,1,99,0
201600044232,16,11,21,1800,5,2,1,1,1,555,4896450,228720,950,3,3,4,0,1,1,0,0,1,0,1,99,0
201600044233,16,11,23,1030,1,2,1,1,2,598,4898170,229270,950,3,2,2,0,1,1,0,0,2,0,1,99,0
201600044234,16,11,19,1500,1,2,1,1,2,197,4896060,232620,950,3,2,2,0,1,1,0,0,1,0,1,99,0
201600044235,16,11,30,1235,1,2,1,1,2,197,4897990,231750,950,3,2,2,0,2,1,0,0,1,0,1,99,0
201600044236,16,12,5,540,5,2,3,1,3,428,4899280,232810,950,3,3,2,0,1,1,0,0,1,0,1,99,0
201600044237,16,12,7,1740,5,2,1,1,6,555,4896810,228490,950,3,3,2,0,1,1,0,0,1,6,1,99,0
201600044238,16,12,9,2300,5,2,1,1,2,555,4896630,229220,950,4,2,2,0,1,1,0,0,1,0,1,99,0
201600044239,16,12,12,1705,2,2,1,2,6,555,4897320,228970,950,3,2,2,0,1,1,0,0,2,0,1,99,0
201600044240,16,12,14,1105,1,2,1,1,3,427,4897630,234460,950,3,1,1,0,1,1,0,0,1,0,1,3,0
201600044241,16,12,15,915,1,2,1,1,3,210,4896790,230590,950,4,2,2,0,2,1,0,0,1,0,1,0,0
201600044242,16,12,15,1815,5,2,3,1,6,197,4897220,232310,950,4,1,1,0,1,1,0,0,1,0,0,99,0
201600044243,16,12,17,1705,5,2,1,5,1,598,4898480,229840,950,3,2,2,0,1,1,0,0,1,0,1,99,0
201600044244,16,12,29,20,5,2,3,1,3,598,4898210,229290,950,3,2,2,0,1,1,0,0,1,0,1,99,0
201600044245,16,12,29,720,2,2,1,1,3,427,4897420,234650,950,4,1,1,0,1,1,0,0,1,0,1,0,0
201600044246,16,12,26,20,5,2,1,1,3,598,4899340,230030,950,3,2,2,0,3,1,0,0,1,0,1,99,0
201600044247,16,12,28,1750,5,2,1,1,6,555,4896880,228610,950,4,2,2,0,1,1,0,0,1,0,1,99,0
201600044248,16,1,2,1830,5,2,1,2,2,252,4898720,221550,950,3,2,2,0,1,1,0,0,2,0,1,99,0
201600044249,16,1,6,815,2,2,1,2,6,219,4899180,224790,950,3,2,1,0,1,1,0,0,2,0,1,99,0
201600044250,16,1,6,830,1,2,1,1,2,582,4897350,225330,950,3,2,2,0,1,1,0,0,1,0,1,3,0
201600044251,16,1,6,1610,1,2,1,8,6,582,4897230,225610,950,3,1,1,0,1,1,0,0,2,0,1,99,0
201600044252,16,1,7,825,2,2,1,3,6,219,4899120,225990,950,4,2,1,2,1,2,0,0,4,0,1,99,0
201600044253,16,1,14,1130,1,2,1,1,6,219,4899110,226320,950,4,2,2,0,1,1,0,0,1,0,4,99,0
201600044254,16,1,15,845,1,2,1,1,3,582,4897060,226320,950,3,2,1,0,1,1,0,0,1,0,1,99,0
201600044255,16,1,15,805,2,2,1,8,6,60,4904020,220940,950,3,2,2,0,1,1,0,0,2,0,1,3,0
201600044256,16,1,14,1925,5,2,1,1,6,563,4900810,224850,950,4,2,2,0,1,1,0,0,1,0,1,99,0
201600044257,16,1,9,1735,1,1,1,1,1,60,4904390,218050,950,4,2,2,0,1,1,0,0,1,0,1,99,0
201600044258,16,1,19,1855,5,2,1,1,6,51,4900950,219710,950,4,2,2,0,1,1,0,0,1,0,1,99,0
201600044259,16,1,21,1625,1,2,1,1,6,203,4899780,226820,950,3,2,2,0,1,1,0,0,1,0,1,3,0
201600044260,16,1,15,2020,5,2,1,1,3,607,4902310,223290,950,4,1,1,0,1,1,0,0,1,0,1,99,0
201600044261,16,1,5,1724,5,2,1,1,3,51,4901070,220130,950,3,2,2,0,1,1,0,0,2,0,1,99,0
201600044262,16,1,26,827,1,2,1,2,2,219,4898030,226180,950,4,2,2,0,1,1,0,0,2,0,1,99,0
201600044263,16,1,28,930,1,2,1,1,2,203,4899450,228650,950,4,1,1,0,1,1,0,0,1,0,1,99,0
201600044264,16,1,29,1900,5,2,1,2,3,51,4900890,219880,950,3,2,2,0,1,1,0,0,2,0,1,99,0
201600044265,16,1,30,1837,5,2,1,1,2,252,4898720,223690,950,3,2,2,0,2,1,0,0,2,6,0,0,0
201600044266,16,1,31,1555,1,2,1,2,4,607,4901673,221883,950,3,3,4,0,1,1,0,0,2,0,1,99,0
201600044267,16,2,3,1730,1,2,3,2,6,252,4899120,223860,950,4,2,1,0,1,1,0,0,2,0,1,99,0
201600044268,16,2,4,705,5,2,3,1,1,219,4899430,225010,950,3,2,2,0,1,1,0,0,1,0,1,3,0
201600044269,16,2,4,845,1,2,1,1,6,426,4900460,227930,950,4,2,2,0,1,1,0,0,1,0,1,99,0
201600044270,16,2,6,1615,1,2,1,1,6,574,4901770,226330,950,3,2,2,0,2,4,0,0,1,0,1,99,0
201600044271,16,2,13,1230,1,2,1,8,6,203,4899990,226940,950,4,2,2,0,1,1,0,0,2,0,1,99,0
201600044272,16,2,14,1230,1,2,6,1,3,607,4901530,222110,950,4,1,2,0,1,1,0,0,1,5,1,99,0
201600044273,16,2,15,610,5,2,2,1,3,51,4901530,219420,950,4,2,2,0,1,1,0,0,1,0,1,3,0
201600044274,16,2,15,1805,5,2,1,2,6,607,4901320,220570,950,3,2,2,0,1,1,0,0,2,0,4,99,0
201600044275,16,2,17,2100,5,2,1,1,4,203,4899610,227260,950,3,2,2,0,1,1,0,0,1,0,1,99,0
201600044276,16,2,18,2025,5,2,2,8,3,607,4902230,220870,950,4,2,2,0,1,1,0,0,2,0,1,99,0
201600044277,16,2,25,2045,5,2,4,1,6,582,4896960,223370,950,4,1,1,0,2,1,0,0,1,0,1,3,0
201600044278,16,2,26,1825,2,2,1,1,6,252,4899630,223260,950,4,1,1,0,1,1,0,0,1,0,1,99,0
201600044279,16,2,29,1800,1,2,2,1,3,252,4898890,223060,950,4,2,2,0,1,1,0,0,1,0,1,3,0
201600044280,16,3,3,1110,1,2,2,1,2,607,4900510,220990,950,3,2,2,0,1,1,0,0,1,0,1,99,0
201600044281,16,3,14,1130,1,2,1,1,1,607,4902170,220780,950,4,2,2,0,1,1,0,0,1,0,1,3,0
201600044282,16,3,14,1205,1,2,1,1,6,574,4899990,225960,950,4,1,1,0,1,1,0,0,1,0,1,99,0
201600044283,16,3,17,1535,1,2,3,1,3,219,4899390,224420,950,4,2,2,0,1,1,0,0,1,0,1,99,0
201600044284,16,3,19,1040,1,2,2,1,5,574,4900620,225860,950,3,2,2,0,1,1,0,0,1,0,1,99,0
201600044285,16,3,23,1300,1,2,1,1,3,491,4899570,223910,950,4,2,2,0,1,1,0,0,1,0,1,99,0
201600044286,16,3,29,1650,1,2,2,1,5,252,4898850,223030,950,3,2,2,0,1,1,0,0,1,0,1,3,0
201600044287,16,3,31,2240,5,2,1,8,6,607,4900540,220990,950,3,2,2,0,1,3,0,0,2,0,1,99,0
201600044288,16,4,1,703,1,2,1,1,6,210,4897360,230550,950,4,1,1,0,1,1,0,0,1,0,1,99,0
201600044289,16,4,1,750,2,2,1,1,4,203,4898850,227410,950,3,2,2,0,2,1,0,0,1,0,1,99,0
201600044290,16,4,4,815,1,2,1,1,3,607,4901960,221840,950,4,2,2,1,1,1,0,0,2,0,5,99,0
201600044291,16,4,7,1645,1,2,1,1,1,203,4899860,227920,950,4,2,2,0,1,1,0,0,1,0,1,99,0
201600044292,16,4,14,2030,2,2,1,3,3,491,4899870,224534,950,3,3,3,0,1,1,0,0,2,0,1,99,0
201600044293,16,4,16,1050,1,2,3,1,3,203,4899390,226830,950,3,3,2,0,1,1,0,0,1,0,1,99,0
201600044294,16,4,19,1905,1,2,1,1,2,203,4900260,228030,950,3,2,2,0,1,1,0,0,1,0,1,3,0
201600044295,16,4,21,1530,1,2,3,1,1,203,4899230,228470,950,3,2,4,0,1,1,0,0,1,0,1,99,0
201600044296,16,4,24,1910,1,2,2,1,3,203,4899477,227780,950,3,2,2,0,1,1,0,0,1,0,1,99,0
201600044297,16,4,29,1145,1,2,1,1,2,252,4898520,223880,950,3,3,3,0,2,1,0,0,1,0,1,99,0
201600044298,16,5,1,1630,1,2,1,1,3,60,4904050,220910,950,3,2,2,0,1,1,0,0,1,5,1,99,0
201600044299,16,5,12,1320,1,2,1,1,3,582,4896720,226220,950,3,2,2,0,1,1,0,0,1,0,1,99,0
201600044300,16,5,16,1215,1,2,3,1,6,252,4898190,222930,950,4,2,1,0,2,1,0,0,1,0,1,3,0
201600044301,16,5,19,820,1,2,1,2,1,203,4900420,227930,950,3,2,2,0,2,1,0,0,2,0,1,99,0
201600044302,16,5,23,1018,1,2,1,3,6,424,4899280,219770,950,3,3,4,0,1,1,0,0,2,0,1,99,0