Num_Acc,an,mois,jour,hrmn,lum,agg,int,atm,col,com,lat,long,dep,catr,circ,nbv,vosp,prof,plan,lartpc,larrout,surf,infra,situ,env1,killed
201600044303,16,5,25,1525,1,2,6,1,3,219,4899010,225620,950,3,2,2,0,1,1,0,0,1,5,1,99,0
201600044304,16,5,26,1700,1,2,1,1,4,219,4899870,225310,950,3,2,2,0,1,1,0,0,1,0,1,99,0
201600044305,16,5,27,1000,1,2,1,1,3,219,4899770,224780,950,3,3,2,0,1,1,0,0,1,0,1,99,0
201600044306,16,5,27,845,1,2,6,1,3,219,4897720,227130,950,3,2,2,0,1,1,0,0,1,0,1,99,0
201600044307,16,5,27,1610,1,2,1,1,6,252,4898570,222810,950,4,2,1,0,1,1,0,0,1,0,1,99,0
201600044308,16,5,27,1740,1,2,3,1,3,219,4899940,225260,950,3,2,2,0,1,1,0,0,1,0,1,99,0
201600044309,16,5,27,1900,1,2,6,1,3,252,4900090,222280,950,4,2,2,0,1,1,0,0,1,0,1,99,0
201600044310,16,6,4,2315,5,2,1,2,3,252,4898420,224090,950,3,2,2,0,1,1,0,0,2,2,1,99,0
201600044311,16,6,7,1020,1,2,1,1,1,582,4897410,223660,950,3,2,2,0,2,1,0,0,1,0,1,99,0
201600044312,16,6,7,1415,1,2,1,1,2,607,4901950,220820,950,4,2,2,0,1,1,0,0,1,0,1,3,0
201600044313,16,6,7,1820,1,2,1,1,6,252,4898510,222990,950,4,2,2,0,1,1,0,0,1,0,1,99,0
201600044314,16,6,8,900,1,2,1,1,3,607,4902540,218810,950,4,2,2,0,1,1,0,0,1,0,1,99,0
201600044315,16,6,8,1400,1,2,1,1,3,252,4898480,223970,950,3,2,2,0,1,1,0,0,1,0,1,99,0
201600044316,16,6,10,1135,1,2,1,1,2,424,4899130,220110,950,3,3,4,0,1,1,0,0,1,0,1,99,0
201600044317,16,6,13,1830,1,2,1,1,2,426,4901590,228850,950,3,2,2,0,1,1,0,0,1,0,1,99,0
201600044318,16,6,20,945,1,2,1,3,6,219,4898310,226060,950,4,2,2,0,1,1,0,0,2,0,1,99,1
201600044319,16,6,23,930,1,2,2,1,2,491,4900189,221984,950,3,2,2,0,0,0,0,0,0,0,1,0,0
201600044320,16,6,26,1420,1,2,1,1,6,219,4899180,226150,950,3,3,2,0,2,1,0,0,1,2,3,99,0
201600044321,16,7,6,1820,1,2,1,1,6,607,4901130,220640,950,4,1,1,0,1,1,0,0,1,0,1,3,0
201600044322,16,7,6,1812,1,2,1,1,6,424,4900630,219460,950,3,2,2,0,1,1,0,0,1,0,1,99,0
201600044323,16,7,18,1930,1,2,2,1,3,607,4901350,220610,950,3,2,2,0,1,1,0,0,1,0,1,99,0
201600044324,16,7,20,1900,1,2,1,1,6,252,4898940,222910,950,3,2,2,0,1,2,0,0,1,0,1,99,0
201600044325,16,7,25,1410,1,2,1,1,2,219,4899150,225190,950,4,1,2,0,1,1,0,0,1,0,1,99,0
201600044326,16,6,27,1715,1,2,1,1,3,426,4901190,228570,950,3,2,2,0,1,1,0,0,1,0,1,99,0
201600044327,16,7,28,1800,1,2,1,1,3,219,4898290,225440,950,4,2,2,0,1,1,0,0,1,0,1,3,0
201600044328,16,8,1,2000,1,2,1,1,3,252,4899780,222370,950,4,2,1,0,1,1,0,0,1,0,1,99,0
201600044329,16,8,2,700,1,2,1,2,3,491,4899930,224370,950,3,3,3,0,1,1,0,0,2,0,1,99,0
201600044330,16,7,25,1530,1,1,1,1,6,252,4897989,222230,950,4,2,1,0,1,1,0,0,1,0,1,99,0
201600044331,16,8,15,205,5,2,1,1,6,219,4898560,224690,950,3,3,4,0,1,1,0,0,1,0,1,99,0
201600044332,16,8,16,1940,1,2,3,1,3,607,4901590,220890,950,3,2,2,0,1,1,0,0,1,0,1,99,0
201600044333,16,8,18,1755,1,2,1,1,6,574,4900910,226630,950,3,2,2,0,1,1,0,0,1,0,4,3,0
201600044334,16,8,22,1730,1,2,1,1,6,252,4898740,221330,950,3,2,2,0,2,1,0,0,1,0,1,99,0
201600044335,16,8,27,2310,5,1,2,1,6,219,4899150,225840,950,3,2,2,0,1,1,0,0,1,0,1,99,0
201600044336,16,9,5,1715,1,2,1,2,6,219,4899460,225640,950,3,2,2,0,1,1,0,0,2,0,1,3,0
201600044338,16,9,12,1905,1,2,1,1,6,582,4897190,225430,950,4,1,1,0,1,1,0,0,1,0,1,99,0
201600044339,16,9,17,1725,1,2,2,1,6,607,4902640,222460,950,3,1,1,0,1,1,0,0,1,0,1,99,0
201600044340,16,9,20,1200,1,2,1,1,6,426,4900610,228310,950,3,1,2,0,1,1,0,0,1,0,1,3,0
201600044341,16,9,24,1005,1,2,1,1,1,582,4896890,226010,950,4,2,2,0,1,1,0,0,1,0,1,99,0
201600044342,16,9,24,1125,1,2,1,1,2,219,4898920,225880,950,3,2,2,0,1,3,0,0,1,0,1,99,0
201600044343,16,9,28,2245,5,2,1,1,4,203,4899330,228210,950,3,3,2,0,1,1,0,0,1,0,1,99,0
201600044344,16,9,30,650,5,2,1,1,2,424,4900150,220360,950,4,2,2,0,1,1,0,0,1,0,1,99,0
201600044345,16,10,1,1105,1,2,1,1,3,203,4898210,227170,950,4,2,2,0,1,1,0,0,1,0,1,99,0
201600044346,16,9,19,2010,5,2,6,1,6,607,4901120,221020,950,4,1,1,0,1,1,0,0,1,0,1,99,0
201600044347,16,10,2,1600,1,2,1,1,4,252,4898560,223810,950,3,3,2,0,1,0,0,0,1,0,1,99,0
201600044348,16,10,4,1530,1,2,1,1,1,607,4901360,220620,950,3,2,2,0,1,1,0,0,1,0,1,99,0
201600044349,16,10,4,1620,1,2,1,1,3,51,4901020,219440,950,4,2,2,0,1,1,0,0,1,0,1,99,0
201600044350,16,10,5,1645,1,2,1,1,2,203,4899650,227130,950,3,2,2,0,1,1,0,0,1,0,1,99,0
201600044351,16,10,12,810,1,2,6,1,3,219,4898040,225310,950,3,2,2,0,1,1,0,0,1,0,1,3,0
201600044352,16,10,19,1640,1,2,2,2,3,607,4901360,220610,950,3,2,2,0,1,1,0,0,2,0,1,99,0
201600044353,16,10,23,2110,5,2,2,2,6,607,4902640,222460,950,3,1,1,0,1,1,0,0,2,0,1,3,0
201600044354,16,10,23,1945,5,2,2,3,3,219,4899640,225230,950,3,2,2,0,1,1,0,0,2,0,1,99,0
201600044355,16,11,2,1815,5,2,1,1,4,203,4899220,228520,950,3,2,2,0,1,1,0,0,1,0,1,99,0
201600044356,16,11,2,1715,2,2,1,1,1,51,4901760,218570,950,4,2,2,0,1,1,0,0,1,0,1,99,0
201600044357,16,11,5,1925,3,1,1,8,6,574,4902490,226840,950,4,2,2,0,1,1,0,0,2,0,3,99,0
201600044358,16,11,13,38,5,2,1,3,6,219,4898560,224690,950,3,3,4,0,1,1,0,0,2,0,4,99,0
201600044359,16,11,17,920,1,2,1,1,6,203,4899630,227650,950,3,2,2,0,1,1,0,0,1,0,1,0,0
201600044360,16,11,19,1940,5,2,1,1,3,424,4898690,218180,950,3,2,2,0,1,1,0,0,1,0,1,99,0
201600044361,16,11,21,1800,5,2,1,1,3,491,4899980,224260,950,3,3,2,0,1,1,0,0,1,0,1,99,0
201600044362,16,11,28,1015,1,2,1,1,6,607,4902660,222570,950,6,0,0,0,2,1,0,0,1,0,0,3,0
201600044363,16,12,4,1935,5,2,1,1,6,607,4900870,220790,950,4,2,2,0,1,1,0,0,1,0,1,3,0
201600044364,16,12,7,1745,5,2,2,1,3,607,4902410,221560,950,3,2,2,0,1,1,0,0,1,0,1,99,0
201600044365,16,12,5,1405,1,1,4,1,5,252,4898450,224070,950,1,1,1,0,1,1,0,0,1,3,1,99,1
201600044366,16,12,15,1152,1,2,1,1,6,563,4900810,224920,950,4,2,2,0,1,1,0,0,1,0,1,99,0
201600044367,16,12,23,1215,1,2,2,1,3,252,4899910,221910,950,4,2,2,0,1,1,0,0,1,0,1,99,0
201600044368,16,12,27,2034,5,2,1,8,1,582,4896910,225150,950,4,2,2,0,2,2,0,0,8,0,1,99,0
201600044369,16,12,30,1100,1,2,1,1,1,582,4897710,224310,950,3,2,2,0,1,1,0,0,1,0,1,99,0
201600044370,16,1,5,650,5,2,1,1,6,19,4897960,242310,950,3,2,2,0,1,1,0,0,1,0,1,99,0
201600044371,16,1,28,1800,5,2,1,1,1,280,4902580,245550,950,4,3,2,0,1,1,0,0,1,0,1,99,0
201600044372,16,4,8,2300,5,2,1,1,3,280,4901860,246660,950,3,2,2,0,2,3,0,0,1,0,1,99,1
201600044373,16,5,17,1420,1,2,1,1,1,88,4897280,242770,950,4,2,2,0,1,1,0,0,1,0,1,99,0
201600044374,16,7,6,2330,5,2,2,1,6,280,4903230,246990,950,4,2,2,0,1,1,0,0,1,0,1,3,0
201600044375,16,7,11,1015,1,2,1,1,6,277,4898310,245760,950,3,2,2,0,1,1,0,0,1,0,1,99,0
201600044376,16,7,29,2215,5,2,2,1,2,280,4903780,247360,950,4,2,2,0,2,1,0,0,1,0,1,3,0
201600044377,16,8,8,1850,1,2,1,1,6,280,4903150,247590,950,4,2,2,0,1,1,0,0,1,0,1,99,0
201600044378,16,8,16,130,4,2,1,1,6,277,4898530,243870,950,3,3,3,0,1,1,0,0,1,0,1,99,0
201600044379,16,10,6,210,3,1,1,1,6,277,4896390,245180,950,3,3,4,0,1,1,0,0,1,5,1,99,0
201600044380,16,10,14,2110,5,2,1,3,6,280,4903530,245680,950,4,2,2,0,1,1,0,0,2,0,1,3,0
201600044381,16,12,26,330,5,1,1,2,7,277,4898760,247320,950,3,3,4,0,1,1,0,0,2,0,1,0,0
201600044382,16,1,2,1910,3,2,1,1,6,424,4898990,218180,950,3,2,2,0,1,1,0,0,1,0,1,3,0
201600044383,16,2,25,1340,1,2,1,1,6,306,4899820,218650,950,3,3,3,0,1,1,0,0,1,0,4,99,0
201600044384,16,1,26,1440,1,2,1,1,1,257,4898310,217390,950,4,2,2,0,2,1,0,0,1,0,1,99,0
201600044385,16,4,11,1735,1,2,2,1,6,306,4900440,214610,950,3,3,4,0,1,1,0,0,1,0,1,99,0
201600044386,16,1,4,930,1,2,1,1,4,527,4901020,255320,950,4,1,2,0,1,1,0,0,3,0,1,99,0
201600044387,16,1,11,1445,1,1,1,2,6,527,4900950,253910,950,4,1,2,0,2,3,0,0,2,0,1,99,0
201600044388,16,1,7,1135,1,1,1,1,4,527,4900940,253910,950,4,1,1,0,1,2,0,0,1,0,1,99,0
201600044389,16,4,8,809,1,2,1,8,2,527,4900560,253590,950,4,1,2,0,1,1,0,0,2,0,1,99,0
201600044390,16,7,5,1905,1,1,1,8,2,527,4900880,253990,950,4,1,2,0,1,1,0,0,1,0,1,99,0
201600044391,16,2,28,1145,1,1,1,1,4,291,4900500,257911,770,9,1,2,0,2,1,0,35,1,0,1,0,0
201600044392,16,1,1,1315,1,1,1,1,6,527,4901120,254190,950,4,1,1,0,1,2,0,0,1,0,1,99,0
201600044393,16,9,27,1700,1,2,3,1,3,527,4900980,253210,950,4,2,2,0,1,1,0,0,1,0,1,3,0
201600044394,16,10,2,1650,1,1,1,1,7,294,4899261,261989,770,3,2,2,0,1,2,0,140,1,0,3,99,1
201600044395,16,7,29,1310,1,2,1,1,4,527,4900640,254340,950,4,1,1,0,1,1,0,0,1,0,1,99,0
201600044396,16,1,23,1102,1,1,1,1,7,527,4900950,253910,950,4,1,2,0,0,1,0,0,2,0,1,99,0
201600044397,16,3,30,1051,1,2,1,8,6,527,4900940,253910,950,4,2,3,0,1,1,0,0,2,0,0,99,0
201600044398,16,4,22,1415,1,1,1,8,6,527,4901020,255320,950,4,1,2,0,1,1,0,0,1,0,1,99,0
201600044399,16,2,17,1130,2,1,1,1,7,212,4902910,256310,950,4,2,2,0,1,1,0,0,1,0,3,99,0
201600044400,16,6,17,250,5,2,1,1,6,527,4900940,255090,950,4,2,2,0,1,1,0,0,1,0,1,99,0
201600044401,16,2,4,1730,5,1,2,2,2,291,4901199,257555,770,9,2,2,0,1,2,0,0,2,5,1,0,0
201600044402,16,9,28,1209,1,1,1,1,6,527,4900560,253590,950,4,2,2,0,1,2,0,0,9,0,1,99,0
201600044403,16,8,24,1315,1,1,3,1,3,527,4900980,253220,950,4,1,1,0,1,1,0,0,1,0,1,99,0
201600044404,16,6,29,825,1,2,1,1,4,527,4900560,253590,950,4,1,2,0,1,1,0,0,1,0,1,99,0
201600044405,16,8,29,815,1,1,1,1,2,527,4900310,252980,950,4,1,1,0,1,3,0,0,1,0,1,99,0
201600044406,16,8,30,1735,1,1,1,1,4,527,4901220,252260,950,4,3,2,0,1,1,0,0,1,0,1,99,0
201600044407,16,1,8,2237,3,1,1,1,3,539,4898770,236060,950,3,3,4,0,2,1,0,0,1,0,1,99,0
201600044408,16,1,8,1845,3,2,1,1,6,585,4898040,237820,950,4,2,2,0,1,1,0,0,1,0,1,99,0
201600044409,16,1,19,217,5,2,1,1,6,268,4896860,241160,950,3,2,2,0,1,1,0,0,1,0,1,3,0
201600044410,16,1,15,1000,2,2,3,2,1,539,4899570,235730,950,3,2,2,0,1,1,0,0,2,0,1,99,0
201600044411,16,1,25,1140,1,2,1,1,2,268,4897140,240190,950,3,3,4,0,1,1,0,0,1,0,1,3,0
201600044412,16,2,5,2136,5,2,1,1,6,268,4896010,239950,950,3,3,2,0,1,1,0,0,2,0,1,99,0
201600044413,16,2,1,1825,5,2,1,1,6,680,4900080,240890,950,3,2,2,0,1,1,0,0,1,0,1,99,0
201600044414,16,1,31,2010,5,2,1,2,6,585,4900510,237450,950,4,2,2,0,2,1,0,0,2,0,1,3,0
201600044415,16,2,11,1900,5,2,1,1,6,268,4897120,239520,950,3,3,2,0,1,1,0,0,1,0,1,99,0
201600044416,16,2,11,1645,1,2,1,1,6,680,4900810,240170,950,3,2,2,0,1,1,0,0,1,0,1,99,0
201600044417,16,2,14,1630,1,2,3,1,3,680,4900870,239980,950,4,2,2,0,2,1,0,0,1,0,4,99,0
201600044418,16,2,1,420,5,2,3,1,5,680,4900990,240270,950,3,2,2,0,1,1,0,0,1,0,1,99,0
201600044419,16,2,21,2050,5,1,2,1,5,205,4902290,238660,950,3,2,4,0,2,1,0,0,1,0,1,99,0
201600044420,16,2,22,2355,5,2,1,3,6,268,4897520,238910,950,4,2,2,0,1,1,0,0,2,0,1,99,0
201600044421,16,2,1,950,1,2,1,1,6,680,4900620,239910,950,4,2,2,0,1,1,0,0,1,0,1,3,0
201600044422,16,2,28,1725,1,2,1,1,7,268,4897420,241720,950,4,3,4,0,1,1,0,0,1,0,1,99,0
201600044423,16,2,28,2320,3,1,1,1,3,539,4899150,236030,950,3,3,4,0,1,1,0,0,1,0,1,99,0
201600044424,16,3,1,915,1,2,1,1,6,268,4897220,240090,950,3,3,4,0,1,1,0,0,1,0,1,99,0
201600044425,16,3,1,1950,1,2,1,1,6,585,4899180,236840,950,3,3,3,0,1,1,0,0,1,0,0,3,0
201600044426,16,3,3,1815,1,2,1,1,6,585,4899010,236970,950,4,1,1,0,2,1,0,0,1,0,0,3,0
201600044427,16,3,8,1145,1,2,1,1,1,680,4901110,240330,950,3,3,2,0,1,3,0,0,1,0,1,99,0
201600044428,16,3,17,1735,1,2,3,1,5,585,4899390,238190,950,4,2,2,0,1,1,0,0,1,0,1,3,0
201600044429,16,3,22,2140,5,2,3,1,3,539,4900480,235790,950,4,2,2,0,1,1,0,0,1,0,1,99,0
201600044430,16,3,24,5,5,2,1,1,6,585,4897530,237540,950,4,1,1,0,1,1,0,0,1,0,1,3,0
201600044431,16,3,4,1745,1,2,1,1,6,585,4898810,239130,950,4,2,2,0,1,1,0,0,1,0,1,99,0
201600044432,16,4,6,1700,1,2,1,1,6,268,4896780,240270,950,4,1,1,0,1,1,0,0,1,0,1,99,0
201600044433,16,4,6,1840,1,1,1,1,4,539,4899410,233760,950,3,2,2,0,2,1,0,0,2,0,1,99,0
201600044434,16,4,20,1710,1,2,1,1,6,680,4900410,238640,950,4,2,2,0,1,1,0,0,1,0,1,99,0
201600044435,16,4,25,2045,1,2,1,2,6,585,4897910,237160,950,4,2,2,0,1,1,0,0,2,0,2,99,0
201600044436,16,4,27,1600,1,2,1,4,2,680,4900920,240230,950,3,3,2,0,1,1,0,0,2,0,1,99,0
201600044437,16,5,13,2025,1,2,1,1,6,680,4900420,239210,950,4,2,2,0,1,1,0,0,1,0,1,3,0
201600044438,16,5,17,1125,1,2,1,1,6,268,4897230,240090,950,3,3,4,0,1,1,0,0,1,0,1,99,0
201600044439,16,5,1,1950,1,2,3,1,6,268,4897320,239030,950,4,2,2,0,2,1,0,0,1,0,1,99,0
201600044440,16,5,13,1630,1,2,1,2,4,585,4897710,236480,950,3,3,4,0,1,1,0,0,2,0,1,99,0
201600044441,16,5,26,1350,1,2,1,1,3,680,4900160,240630,950,3,0,2,0,1,1,0,0,1,0,1,3,0
201600044442,16,5,26,2015,2,2,1,1,6,539,4900380,235340,950,4,2,2,0,1,1,0,0,1,0,1,99,0
201600044443,16,6,2,215,5,2,3,2,6,585,4898010,237420,950,4,2,2,0,2,1,0,0,2,0,1,99,0
201600044444,16,6,5,1710,1,2,1,1,6,680,4900390,241310,950,4,2,2,0,1,1,0,0,1,0,1,3,0
201600044445,16,6,6,2010,1,2,1,1,3,680,4900040,241450,950,4,1,1,0,1,1,0,0,1,0,1,99,0
201600044446,16,3,23,1430,1,2,1,1,6,585,4897610,238040,950,4,2,2,0,1,1,0,0,1,0,1,3,0
201600044447,16,6,11,2130,2,2,2,1,1,539,4899580,236120,950,4,2,2,0,1,1,0,0,1,0,1,99,0
201600044448,16,6,16,2340,5,2,1,1,3,585,4898110,237590,950,4,2,2,0,1,1,0,0,1,0,1,99,0
201600044449,16,6,17,2150,2,2,2,3,3,268,4897610,239450,950,3,3,4,0,1,1,0,0,2,0,1,99,0
201600044450,16,6,19,1725,1,2,1,1,6,585,4898770,238170,950,3,3,2,0,1,1,0,0,1,0,1,99,1
201600044451,16,5,24,825,1,2,1,8,2,585,4899240,236720,950,3,2,2,0,1,1,0,0,1,0,1,99,0
201600044452,16,6,8,1850,1,2,1,1,1,680,4900520,238220,950,4,2,2,0,1,1,0,0,1,0,1,99,0
201600044453,16,4,23,1300,1,2,1,1,3,680,4899870,240740,950,4,2,2,0,1,1,0,0,1,0,1,99,0
201600044454,16,7,8,30,5,2,1,1,1,585,4898730,227930,950,3,2,4,0,1,1,0,0,1,2,1,99,0
201600044455,16,7,8,1630,1,2,1,1,4,585,4898790,237870,950,3,2,4,0,1,1,0,0,1,0,1,99,0
201600044456,16,7,11,1835,1,1,1,1,1,680,4902410,241010,950,4,2,2,0,1,1,0,0,1,0,1,99,0
201600044457,16,7,13,1450,1,2,6,8,3,680,4900190,238530,950,3,2,2,0,1,1,0,0,1,0,1,99,0
201600044458,16,7,23,2215,5,2,3,1,3,680,4899980,238990,950,3,3,2,1,1,1,0,0,1,0,1,99,0
201600044459,16,7,23,1645,1,2,1,1,1,539,4899560,235240,950,3,3,2,0,1,1,0,0,1,0,1,99,0
201600044460,16,7,28,50,5,2,5,1,1,585,4899370,236940,950,4,2,2,0,1,1,0,0,1,0,1,99,0
201600044461,16,7,27,1740,1,1,1,1,7,539,4900040,235960,950,3,3,4,0,1,1,0,0,1,0,1,99,0
201600044462,16,8,4,2355,5,2,1,1,6,268,4896440,241140,950,3,2,2,0,1,1,0,0,1,0,1,99,0
201600044463,16,8,11,915,1,2,1,1,6,268,4897140,240190,950,3,3,4,0,1,1,0,0,1,6,1,99,0
201600044464,16,8,12,205,5,2,1,1,6,680,4900050,240970,950,3,2,2,0,1,1,0,0,1,0,1,99,0
201600044465,16,8,14,1732,1,2,1,1,6,585,4898040,238810,950,3,2,4,3,2,1,0,0,1,0,1,99,0
201600044466,16,8,17,1515,1,2,1,1,3,585,4898490,237020,950,4,2,1,0,1,1,0,0,1,0,1,3,0
201600044467,16,8,15,1455,1,2,3,1,3,585,4897220,237570,950,4,2,2,0,1,1,0,0,1,0,1,99,0
201600044468,16,8,17,830,1,2,1,1,2,680,4900770,240150,950,3,2,2,0,1,1,0,0,1,0,4,99,0
201600044469,16,9,4,1600,1,2,1,1,6,585,4899350,238260,950,4,2,2,0,1,1,0,0,1,0,3,3,0
201600044470,16,9,7,825,1,2,1,1,6,539,4899410,235790,950,3,2,2,0,1,1,0,0,1,0,1,99,0
201600044471,16,9,7,1150,1,2,1,1,6,680,4900060,240950,950,3,2,2,0,1,1,0,0,1,0,1,99,0
201600044472,16,9,7,1750,1,2,1,1,6,585,4898060,238660,950,4,2,2,0,1,1,0,0,1,0,1,99,0
201600044473,16,9,10,915,1,2,2,1,5,585,4899420,236970,950,4,1,1,0,1,1,0,0,1,0,1,99,0
201600044474,16,9,10,1444,1,2,2,1,6,268,4897180,239110,950,4,2,2,0,1,1,0,0,1,0,1,99,0
201600044475,16,9,9,1420,1,2,1,1,4,585,4898950,237590,950,3,3,4,0,1,0,0,0,1,0,1,99,0
201600044476,16,9,18,125,5,2,1,1,2,585,4900310,238160,950,4,2,2,0,1,1,0,0,1,0,1,99,0
201600044477,16,9,19,1525,1,2,1,1,6,268,4897570,239780,950,4,2,1,0,1,1,0,0,1,0,1,99,0
201600044478,16,9,18,2035,5,2,1,1,6,268,4897520,238910,950,4,2,2,0,1,1,0,0,1,0,1,99,0
201600044479,16,9,24,1900,1,2,1,1,6,680,4899910,241390,950,3,2,2,0,1,1,0,0,1,0,1,99,0
201600044480,16,9,4,1220,1,2,1,1,6,585,4897990,237190,950,4,2,2,0,1,1,0,0,1,0,1,99,0
201600044481,16,9,2,1955,1,2,1,1,2,539,4900750,235160,950,4,3,2,0,2,1,0,0,1,0,1,99,0
201600044482,16,10,5,1630,1,2,1,1,6,585,4898110,237630,950,4,2,2,0,1,1,0,0,1,0,1,3,0
201600044483,16,10,5,1645,1,2,1,1,6,268,4896720,239810,950,4,2,2,0,1,1,0,0,1,0,1,3,0
201600044484,16,10,5,2045,5,2,2,1,3,539,4899150,236030,950,3,3,2,0,1,1,0,0,1,0,1,99,0
201600044485,16,10,10,1310,1,2,1,1,2,268,4897040,239430,950,3,2,2,0,1,1,0,0,1,0,1,99,0
201600044486,16,10,12,605,5,2,1,1,6,680,4900790,239810,950,4,2,2,0,1,1,0,0,2,0,1,3,0
201600044487,16,10,17,835,1,2,1,1,1,585,4900530,237870,950,4,2,2,0,1,1,0,0,1,0,1,99,0
201600044488,16,10,16,1230,1,2,1,1,6,585,4897910,238150,950,4,1,1,0,1,1,0,0,1,0,4,99,0
201600044489,16,10,13,1630,1,2,1,1,6,680,4900790,240160,950,3,2,2,0,1,1,0,0,1,0,1,3,0
201600044490,16,10,22,1440,1,2,2,1,3,680,4901010,238390,950,3,3,2,0,2,1,0,0,1,0,1,99,0
201600044491,16,10,27,1419,1,2,1,1,6,585,4897780,237030,950,4,3,2,0,1,1,0,0,1,0,1,99,0
201600044492,16,11,3,550,5,2,1,1,6,680,4900530,240030,950,3,2,3,0,1,1,0,0,1,0,4,0,0
201600044493,16,11,3,1905,5,2,1,1,6,585,4898520,239590,950,3,2,2,0,1,2,0,0,1,0,4,99,0
201600044494,16,11,5,2250,5,2,3,1,3,585,4898420,238720,950,3,2,4,0,1,1,0,0,2,0,1,99,0
201600044495,16,11,6,2110,5,2,1,1,6,680,4900060,239320,950,3,3,3,0,1,1,0,0,1,0,1,99,0
201600044496,16,10,4,1240,1,2,1,1,2,585,4898230,238880,950,3,3,2,0,1,1,0,0,1,0,1,99,0
201600044497,16,11,10,1840,3,2,1,1,6,585,4897960,236870,950,3,3,4,0,1,1,0,0,2,0,1,99,0
201600044498,16,11,5,1520,1,2,6,2,7,268,4896070,240130,950,3,1,2,0,1,3,0,0,2,5,1,99,0
201600044499,16,11,13,45,5,2,6,2,6,680,4899960,239740,950,3,3,4,0,1,1,0,0,2,0,1,3,0
201600044500,16,11,19,1422,1,2,1,1,3,680,4900190,240450,950,3,3,2,2,1,1,0,0,1,0,1,99,0
201600044501,16,11,20,1915,5,2,1,2,3,680,4900020,239470,950,3,3,2,0,1,1,0,0,2,0,1,99,0
201600044502,16,11,21,1735,1,2,1,1,4,680,4900130,240690,950,3,3,2,0,1,1,0,0,1,0,1,99,0
201600044503,16,11,19,1125,1,2,1,1,5,539,4900120,235510,950,3,2,2,0,2,1,0,0,1,0,1,99,0
201600044504,16,11,13,2010,5,2,2,1,1,585,4897840,237130,950,4,2,1,0,1,1,0,0,1,0,1,99,0
201600044505,16,11,29,1410,1,2,1,1,6,585,4897450,237630,950,4,3,2,0,1,1,0,0,1,0,0,3,0
201600044506,16,11,30,2120,5,2,2,1,3,539,4899590,235070,950,3,2,2,0,1,1,0,0,1,0,1,3,0
201600044507,16,12,2,2000,3,1,1,1,2,268,4896090,224147,950,3,2,2,0,1,1,0,0,1,0,1,99,0
201600044508,16,12,6,1155,1,2,1,1,6,585,4897590,238240,950,4,2,2,0,1,1,0,0,1,0,1,99,0
201600044509,16,12,7,2150,5,2,1,1,7,585,4898760,238140,950,3,3,4,0,1,4,0,0,1,0,1,99,0
201600044510,16,12,11,1335,1,2,1,1,6,539,4899810,236830,950,4,1,1,0,2,1,0,0,1,0,1,3,0
201600044511,16,12,13,1720,2,2,1,1,6,585,4899410,237980,950,4,1,1,0,1,1,0,0,1,0,1,3,0
201600044512,16,12,23,1045,1,2,1,1,6,585,4898901,237810,950,4,3,2,0,2,1,0,0,1,1,1,99,0
201600044513,16,12,27,1350,1,1,1,1,5,4,4193856,880414,201,2,2,2,0,1,0,0,86,1,0,1,0,0
201600044514,16,1,6,1140,1,2,9,2,3,4,4193326,875464,201,2,1,2,0,1,2,0,0,2,0,1,0,1
201600044515,16,12,30,1108,1,2,1,1,3,4,4193839,875444,201,2,2,2,0,1,1,0,64,1,0,0,0,0
201600044516,16,1,24,430,5,2,1,1,1,4,4192728,873959,201,4,2,3,0,1,2,0,90,1,0,1,99,0
201600044518,16,2,26,115,5,2,2,1,3,4,4193402,875086,201,2,1,3,0,1,1,0,60,1,0,1,3,0
201600044520,16,3,1,550,5,2,3,1,3,4,4191911,873679,201,2,2,4,0,1,1,0,110,1,0,1,99,0
201600044521,16,3,9,730,1,2,3,1,3,4,4191202,872265,201,3,2,2,0,1,1,0,60,1,0,1,0,0
201600044522,16,3,29,1318,1,2,1,1,2,4,4194290,875260,201,4,2,2,0,1,1,0,0,1,0,1,0,0
201600044523,16,4,3,450,5,2,1,1,6,4,4193738,893738,201,4,2,0,0,2,0,0,0,0,0,4,0,0
201600044524,16,4,3,2205,5,2,2,1,3,4,4193225,874060,201,2,1,3,0,1,1,0,90,1,0,1,0,0
201600044525,16,4,15,1115,1,2,1,1,5,4,4194026,874430,201,4,2,2,0,2,1,0,70,1,0,1,0,0
201600044526,16,4,21,1000,1,2,1,1,6,4,4192839,873878,201,2,2,3,0,1,1,0,0,1,0,1,0,1
201600044527,16,4,29,2220,5,2,1,1,6,4,4192655,873838,201,2,2,3,0,1,1,0,95,1,0,1,0,0
201600044528,16,5,4,2120,5,2,3,1,3,4,4191289,872566,201,3,2,3,0,1,1,0,90,1,0,1,0,0
201600044529,16,5,14,300,5,2,9,3,2,4,4192089,873947,201,4,1,2,0,1,1,0,0,1,0,1,0,0
201600044530,16,5,19,1250,1,2,1,1,1,4,4193209,873757,201,4,2,2,0,2,1,0,0,1,0,1,0,0
201600044531,16,5,23,1300,1,2,3,6,3,4,4192591,873440,201,4,2,2,0,2,1,0,79,1,0,1,3,0
201600044532,16,5,24,1100,1,2,1,1,3,4,4194033,875067,201,4,3,2,0,2,1,0,59,1,0,1,0,0
201600044533,16,6,2,910,1,1,1,1,6,4,4193159,873987,201,2,1,3,0,1,1,0,101,1,0,1,0,0
201600044534,16,6,5,1630,1,2,3,1,3,4,4191820,873442,201,4,2,3,0,1,1,0,76,1,0,1,0,0