Num_Acc,an,mois,jour,hrmn,lum,agg,int,atm,col,com,lat,long,dep,catr,circ,nbv,vosp,prof,plan,lartpc,larrout,surf,infra,situ,env1,killed
201600044535,16,6,8,1845,1,1,1,1,3,4,4193109,880199,201,2,1,2,0,1,2,0,0,1,0,1,0,0
201600044536,16,6,26,240,5,2,6,1,3,4,4193412,875067,201,2,1,3,0,1,1,0,0,1,0,1,0,0
201600044537,16,6,26,1350,1,2,1,1,5,4,4192718,873950,201,4,0,3,0,1,1,0,0,1,0,1,0,0
201600044538,16,6,26,410,5,2,1,1,7,4,4190934,871998,201,3,2,2,0,1,3,0,50,1,0,1,99,0
201600044539,16,6,28,225,5,2,6,1,6,4,4192673,873886,201,4,0,2,0,1,2,0,135,1,0,1,99,0
201600044540,16,7,8,1430,1,1,1,1,3,4,4194473,875699,201,4,2,2,0,1,1,0,74,1,0,1,99,0
201600044542,16,7,22,1758,1,2,1,1,3,4,4194486,875728,201,4,2,2,0,1,1,0,80,1,0,1,0,0
201600044543,16,7,26,1011,1,2,1,1,6,4,4193717,873789,201,6,0,0,0,1,0,0,0,0,0,0,0,0
201600044544,16,7,28,1940,1,2,1,1,6,4,4194225,874637,201,6,0,0,0,1,0,0,0,1,0,0,0,0
201600044545,16,8,5,1216,1,2,1,1,6,4,4191336,872768,201,3,2,2,0,1,1,0,0,1,0,1,0,0
201600044546,16,8,25,1950,1,2,1,1,2,4,4193046,873888,201,4,1,1,0,2,1,0,105,1,0,1,99,0
201600044547,16,8,29,812,1,1,1,1,7,4,4192456,881018,201,2,3,2,0,1,3,0,95,1,0,1,99,1
201600044548,16,9,7,1225,1,2,1,1,3,4,4193803,874016,201,4,2,1,0,1,1,0,73,1,0,1,0,0
201600044549,16,10,18,250,5,2,1,1,6,4,4192484,873793,201,2,2,2,0,0,0,0,0,0,0,1,0,0
201600044550,16,10,25,1809,2,2,1,8,6,4,4195223,877952,201,2,2,2,0,1,1,0,76,1,0,1,0,0
201600044551,16,11,11,108,5,2,1,1,6,4,4191670,873206,201,3,2,2,0,1,1,0,90,1,0,0,0,0
201600044552,16,11,16,935,1,2,1,1,4,4,4194665,876136,201,2,2,2,0,1,1,0,0,1,0,1,0,0
201600044553,16,11,19,2145,5,2,3,1,3,4,4192886,873871,201,2,1,3,0,1,1,0,0,1,0,1,0,0
201600044554,16,11,22,755,1,2,3,1,3,4,4193538,873629,201,3,2,2,0,0,0,0,0,0,0,0,0,0
201600044555,16,11,23,450,5,2,1,1,3,4,4195043,877208,201,2,2,2,0,0,0,0,0,0,0,1,0,0
201600044556,16,9,19,2217,5,2,6,1,6,4,4194227,874991,201,4,2,2,0,1,1,0,0,1,0,1,0,0
201600044557,16,12,2,435,5,1,1,1,6,4,4193110,880219,201,2,3,4,0,1,1,0,84,1,5,3,0,0
201600044558,16,12,2,1705,5,2,1,1,3,4,4191776,873166,201,4,2,2,0,2,1,0,0,1,0,0,0,0
201600044559,16,12,3,1045,1,2,1,1,2,4,4195044,877211,201,2,3,2,0,1,1,0,0,1,5,0,0,0
201600044560,16,12,3,2135,5,2,2,1,3,4,4192889,873747,201,4,2,2,0,1,1,0,0,1,0,0,0,0
201600044561,16,12,5,840,1,2,1,1,6,4,4192072,873866,201,3,1,1,0,1,1,0,0,1,0,0,0,0
201600044562,16,12,9,220,5,2,2,1,3,4,4191389,872874,201,3,2,2,0,1,1,0,80,1,5,1,0,0
201600044563,16,12,9,1825,5,2,1,1,5,4,4194985,877611,201,3,2,2,0,1,1,0,150,0,1,1,99,0
201600044565,16,12,11,910,1,2,2,2,3,4,4192607,873708,201,4,2,2,0,1,1,0,31,2,0,1,0,0
201600044566,16,12,27,925,1,2,1,1,3,4,4194498,875882,201,3,2,2,0,1,1,0,85,1,0,1,0,0
201600044567,16,12,14,1540,1,2,1,1,2,4,4194350,875396,201,4,2,2,0,1,1,0,0,1,0,0,0,0
201600044568,16,12,16,1050,1,2,1,1,6,4,4193093,873959,201,2,1,3,0,1,1,0,0,1,0,0,0,0
201600044569,16,12,18,2130,5,2,1,1,3,4,4193285,873739,201,4,2,2,0,0,0,0,0,0,0,0,0,0
201600044570,16,12,21,1415,1,2,1,1,2,4,4193296,873780,201,4,2,2,0,1,0,0,114,1,0,0,0,0
201600044571,16,12,22,255,5,2,1,1,6,4,4194232,873516,201,3,2,2,0,1,3,0,0,1,0,0,0,0
201600044572,16,12,17,635,5,2,1,1,3,4,4191525,873036,201,3,2,2,0,1,1,0,0,1,0,0,0,0
201600044575,16,1,3,2020,5,1,1,1,6,73,4876760,237870,940,1,3,6,0,1,1,15,210,2,0,1,99,0
201600044576,16,1,4,700,5,1,1,8,2,28,4877620,242958,940,1,3,6,0,1,1,0,210,2,0,1,99,0
201600044577,16,1,4,1820,3,1,1,1,2,69,4881720,242643,940,1,3,5,0,1,1,15,105,1,0,1,99,0
201600044580,16,1,7,1000,1,1,1,2,3,17,4882970,249792,940,1,3,0,0,2,1,0,0,2,1,1,99,0
201600044584,16,1,8,900,1,1,1,1,2,17,4882860,247721,940,1,3,5,0,1,1,0,0,1,0,1,99,0
201600044585,16,1,9,1330,1,1,1,1,4,33,4885510,248848,940,1,3,2,0,1,1,20,70,1,0,1,99,0
201600044586,16,1,9,1730,3,1,1,1,4,33,4885000,249029,940,1,3,4,0,1,1,200,140,1,1,1,99,0
201600044588,16,1,11,750,3,1,1,2,2,28,4877630,243091,940,1,3,3,0,1,1,20,90,2,0,1,99,0
201600044590,16,1,12,1900,3,1,1,1,7,69,4881690,245286,940,1,3,2,0,3,2,0,0,1,2,1,99,0
201600044591,16,1,10,1550,1,1,1,1,3,69,4881740,242930,940,1,3,5,0,1,1,20,175,1,0,1,99,0
201600044592,16,1,13,2000,3,1,1,1,3,17,4882710,252418,940,1,3,4,0,0,0,0,0,1,0,1,99,0
201600044594,16,1,14,945,1,1,1,2,2,73,4875860,238373,940,1,3,3,0,1,1,0,0,2,0,1,99,0
201600044595,16,1,15,545,3,1,1,1,2,18,4882290,239617,940,1,3,5,0,1,1,0,0,1,0,1,99,0
201600044596,16,1,15,1450,1,1,1,1,4,28,4878790,244032,940,1,3,3,0,1,1,15,35,1,0,1,99,0
201600044597,16,1,15,1840,3,1,1,1,2,18,4882480,239301,940,1,3,4,0,1,1,15,140,1,0,1,99,0
201600044598,16,1,16,850,1,1,1,1,2,17,4883020,249515,940,1,3,4,0,1,1,20,120,2,1,1,99,0
201600044599,16,1,17,1820,5,1,1,1,2,17,4882700,251136,940,1,3,4,0,1,1,25,120,1,1,1,99,0
201600044602,16,1,20,2315,5,1,1,1,6,17,4882650,251660,940,1,3,4,0,1,1,15,35,1,1,1,99,0
201600044603,16,1,24,500,3,1,1,1,5,79,4883580,253972,940,1,3,6,0,1,1,35,15,2,0,1,99,0
201600044604,16,1,26,750,3,1,1,1,4,51,4883577,256276,930,1,1,3,0,1,1,0,0,1,0,1,99,0
201600044606,16,1,26,1400,1,1,1,1,2,58,4883690,249399,940,1,3,3,0,1,1,0,105,1,1,1,99,0
201600044608,16,1,28,1635,1,1,1,1,3,28,4878030,244149,940,2,3,2,0,1,1,35,70,1,0,1,99,0
201600044609,16,1,29,1530,1,1,1,1,3,69,4881650,245348,940,1,3,2,0,2,2,0,0,1,0,1,99,0
201600044610,16,1,30,630,5,1,1,1,5,17,4882650,251831,940,1,3,4,0,1,1,0,140,1,1,1,99,0
201600044611,16,1,31,510,2,1,1,1,6,73,4875600,238338,940,1,3,3,0,1,2,25,105,2,0,1,99,0
201600044616,16,2,1,810,2,1,1,1,3,28,4877720,243955,940,1,3,2,0,1,2,35,70,1,0,1,99,0
201600044617,16,2,1,1925,5,1,1,1,3,65,4875390,235365,940,1,3,4,0,1,1,30,140,2,0,1,99,0
201600044619,16,2,2,1910,3,1,1,2,3,28,4879480,244243,940,1,3,4,0,1,1,0,140,2,0,1,99,0
201600044620,16,2,3,505,3,1,1,1,6,18,4881730,241706,940,1,3,1,0,2,2,0,35,2,3,1,99,0
201600044621,16,2,4,830,1,1,1,2,3,79,4883580,253972,940,1,3,10,0,1,1,30,350,2,0,1,99,0
201600044622,16,2,5,1130,1,1,1,2,5,28,4878880,244048,940,1,3,2,0,1,3,35,30,2,0,1,99,0
201600044623,16,2,7,800,1,1,1,1,6,46,4881250,244880,940,1,3,4,0,1,3,35,140,2,0,1,99,0
201600044627,16,2,8,1610,1,1,1,8,2,69,4881680,244600,940,1,3,6,0,3,1,20,210,2,0,1,99,0
201600044628,16,2,8,1930,5,1,1,1,7,69,4881650,245015,940,1,3,6,0,1,1,20,210,2,0,1,99,0
201600044629,16,2,9,1445,1,1,1,1,7,81,4877380,240211,940,1,3,3,0,1,1,15,105,1,0,1,99,0
201600044631,16,2,10,330,3,1,1,1,3,81,4877420,240643,940,1,3,3,0,1,3,15,105,2,0,1,99,0
201600044632,16,2,10,745,2,1,1,1,7,69,4881740,242363,940,1,3,5,0,1,1,15,175,2,0,1,99,0
201600044633,16,2,10,1110,1,1,1,1,4,22,4877570,241353,940,1,3,3,0,1,1,15,105,1,0,1,99,0
201600044634,16,2,12,1645,1,1,1,2,6,17,4882720,252431,940,1,3,4,0,1,3,0,0,2,0,1,99,0
201600044635,16,2,13,350,5,1,1,1,2,69,4881750,242088,940,1,3,5,0,1,3,20,175,1,0,1,99,0
201600044636,16,2,13,2300,5,1,1,2,7,73,4876910,237944,940,1,3,3,0,1,3,15,210,2,1,1,99,0
201600044638,16,2,14,105,5,1,1,2,2,73,4876810,237869,940,1,3,3,0,1,2,20,110,2,0,1,99,0
201600044641,16,2,15,2045,5,1,1,1,3,28,4880170,244739,940,1,3,4,0,1,1,20,135,1,0,1,99,0
201600044644,16,2,16,1320,1,1,1,1,5,28,4880020,244624,940,1,3,4,0,1,1,35,140,1,0,1,99,0
201600044645,16,2,16,2015,5,1,1,1,5,18,4882280,239595,940,1,3,5,0,1,1,35,175,1,0,1,99,0
201600044646,16,2,16,2140,3,1,1,1,3,51,4883555,256527,930,1,3,4,0,1,1,15,280,1,0,1,0,0
201600044648,16,2,19,730,2,1,1,1,2,17,4882650,251832,940,1,3,4,0,0,0,0,0,1,0,1,99,0
201600044649,16,2,19,855,1,1,1,1,2,18,4881770,241525,940,1,3,4,0,1,1,0,0,1,0,1,99,0
201600044650,16,2,19,940,1,1,1,1,2,18,4881750,241528,940,1,3,5,0,1,1,0,0,1,0,1,99,0
201600044652,16,2,20,1815,1,1,1,1,4,52,4883910,249333,940,1,3,0,0,1,1,0,90,1,1,1,99,0
201600044653,16,2,22,57,3,1,1,1,2,74,4876240,246676,940,2,3,2,0,1,1,15,70,1,0,1,99,0
201600044655,16,2,23,45,5,1,1,2,6,17,4883070,248960,940,1,3,2,0,1,3,15,70,2,1,1,99,0
201600044657,16,2,18,1300,1,1,1,1,2,28,4877600,242871,940,1,3,3,0,1,1,20,105,1,0,1,99,0
201600044659,16,2,27,1515,1,1,1,1,4,52,4884170,249270,940,1,3,3,0,1,1,25,105,1,1,1,99,0
201600044660,16,2,28,125,5,1,1,1,3,18,4882040,240181,940,1,3,4,0,1,1,25,140,1,0,1,99,0
201600044661,16,2,28,1945,1,1,1,1,2,69,4881750,244339,940,1,3,3,0,1,1,25,90,1,3,1,99,0
201600044662,16,3,1,915,1,1,1,1,5,17,4882760,250725,940,1,3,5,0,1,1,15,35,1,1,1,99,0
201600044663,16,3,1,1635,1,1,1,1,4,42,4882840,247563,940,1,3,5,0,1,1,0,0,1,0,1,99,0
201600044664,16,3,2,730,1,1,1,2,6,18,4881740,241634,940,1,3,2,0,1,2,0,0,2,3,1,99,0
201600044665,16,3,2,840,1,1,1,1,2,52,4884180,249269,940,1,3,3,0,1,0,0,0,2,1,1,99,0
201600044669,16,3,4,1100,1,1,1,1,5,42,4882640,246622,940,1,3,3,0,1,3,20,210,2,0,1,99,0
201600044670,16,3,5,1113,1,1,1,4,6,69,4881690,245069,940,1,3,2,0,1,1,0,0,2,3,1,99,0
201600044672,16,3,5,2340,5,1,1,1,5,33,4885620,248807,940,1,3,2,0,1,1,20,85,1,0,1,99,0
201600044673,16,3,7,120,3,1,1,2,6,169,4882340,261512,770,2,1,2,0,1,3,15,70,2,0,1,0,0
201600044675,16,3,9,955,1,1,1,3,3,52,4883890,249376,940,1,3,3,0,1,1,0,0,2,1,1,99,0
201600044678,16,3,10,550,2,1,1,1,5,28,4879400,244200,940,1,3,3,0,1,1,15,105,2,0,1,99,0
201600044679,16,3,10,2115,5,1,1,1,5,17,4882820,250293,940,1,3,4,0,1,1,20,140,1,0,1,99,0
201600044680,16,3,11,1415,1,1,1,1,2,17,4882790,250451,940,1,3,3,0,1,1,25,35,1,0,1,99,0
201600044681,16,3,11,1725,1,1,1,1,4,52,4882660,246632,940,1,3,4,0,1,2,25,140,1,0,1,99,0
201600044682,16,3,12,1730,1,1,1,1,7,33,4885120,248963,940,1,3,2,0,2,1,0,30,1,3,1,99,0
201600044683,16,3,12,2030,3,1,1,1,5,73,4876980,238044,940,1,3,3,0,1,2,0,0,1,0,1,99,0
201600044685,16,3,13,1300,1,1,1,1,2,52,4884610,249173,940,1,3,3,0,1,1,0,30,1,1,1,99,0
201600044687,16,3,14,640,1,1,1,1,4,42,4882850,247566,940,1,3,4,0,1,1,0,30,1,0,1,99,0
201600044692,16,3,18,1900,1,1,1,1,3,28,4879230,244128,940,1,3,4,0,1,1,0,0,1,0,1,99,0
201600044693,16,3,19,620,3,1,1,1,2,18,4882180,239837,940,1,3,4,0,1,1,15,140,1,0,1,99,0
201600044695,16,3,23,705,1,1,1,1,3,73,4877080,238691,940,1,3,3,0,1,1,15,105,1,1,1,99,0
201600044696,16,3,23,845,1,1,1,1,2,73,4875380,236951,940,1,3,2,0,1,1,15,70,1,0,1,99,0
201600044698,16,3,24,830,1,1,1,1,2,73,4875380,236957,940,1,3,2,0,1,1,15,35,1,0,1,99,0
201600044699,16,3,24,1740,1,1,1,1,4,51,4883579,256005,930,1,3,3,0,1,1,0,0,1,0,0,0,0
201600044700,16,3,24,1740,1,1,1,1,5,18,4881750,241808,940,1,3,5,0,1,1,0,0,1,0,1,99,0
201600044703,16,3,25,1540,1,1,1,1,7,495,4859060,263427,770,1,1,2,0,1,3,0,0,1,3,3,99,0
201600044705,16,3,25,2115,3,1,1,1,6,44,4875740,247612,940,2,3,2,0,1,3,30,70,1,0,1,99,0
201600044707,16,3,27,620,5,1,1,2,2,46,4879870,244526,940,1,3,4,0,1,1,0,30,2,0,1,99,0
201600044709,16,3,27,1750,1,1,1,1,2,51,4883435,258553,930,1,3,3,0,1,1,20,105,2,0,1,0,0
201600044710,16,3,27,1930,5,1,1,1,2,33,4885230,248951,940,1,3,3,0,1,1,20,105,1,0,1,99,0
201600044712,16,3,30,820,1,1,1,2,3,73,4877140,239220,940,1,3,3,0,1,1,0,0,2,0,1,99,0
201600044713,16,3,31,330,4,1,1,2,2,81,4877380,240216,940,1,3,3,0,1,1,10,105,2,0,1,99,0
201600044715,16,3,31,850,1,1,1,3,3,73,4877020,238280,940,1,3,3,0,1,1,15,105,2,0,1,99,0
201600044716,16,3,31,1015,1,1,1,3,5,28,4878020,244283,940,2,3,2,0,1,1,0,70,2,3,1,99,0
201600044717,16,3,31,1330,1,1,1,3,4,18,4882490,239322,940,1,3,5,0,1,1,0,30,2,0,1,99,0
201600044718,16,3,31,1820,1,1,1,2,6,73,4876080,238256,940,1,3,3,0,1,1,0,0,2,1,1,99,0
201600044720,16,4,1,1247,1,1,1,1,2,18,4882420,239415,940,1,3,5,0,1,1,0,0,1,0,1,99,0
201600044721,16,4,2,1300,1,1,1,1,3,17,4882670,252249,940,1,3,4,0,1,1,20,140,1,0,1,99,0
201600044724,16,4,3,1515,1,1,1,1,4,73,4877070,238693,940,1,3,3,0,1,1,30,105,1,1,1,99,0
201600044727,16,4,4,1800,1,1,1,1,3,46,4879910,244561,940,1,3,4,0,1,1,25,140,1,0,1,99,0
201600044730,16,4,8,710,1,1,1,1,5,17,4882650,251831,940,1,3,4,0,0,0,0,0,1,0,1,99,0
201600044731,16,4,8,1130,1,1,1,1,2,33,4885170,249045,940,1,3,3,0,1,1,35,70,1,0,1,99,0
201600044733,16,4,9,400,3,1,1,1,5,18,4882180,239836,940,1,3,5,0,1,1,30,175,1,0,1,99,0
201600044734,16,4,10,1400,1,1,1,1,3,46,4879880,244535,940,1,3,5,0,1,1,25,150,1,0,1,99,0
201600044735,16,4,11,1835,1,1,1,2,2,22,4877640,242160,940,1,3,3,0,1,1,0,0,2,0,1,99,0
201600044736,16,4,11,2010,1,1,1,1,3,33,4886060,248474,940,1,3,0,0,1,1,0,0,1,0,1,99,0
201600044737,16,4,12,700,2,1,1,1,6,46,4880570,244863,940,1,3,5,0,1,1,25,150,2,0,1,99,0
201600044738,16,4,12,1430,1,1,1,1,4,52,4884130,249310,940,1,3,2,0,1,1,35,70,1,0,1,99,0
201600044739,16,4,13,900,1,1,1,1,2,17,4882950,248263,940,1,3,0,0,1,1,0,0,1,3,1,99,0
201600044740,16,4,14,1020,1,1,1,1,2,69,4881760,242084,940,1,3,5,0,1,1,0,0,1,0,1,99,0
201600044742,16,4,14,1545,1,1,1,1,7,42,4882840,247585,940,1,3,8,0,1,1,20,280,1,0,1,99,0
201600044743,16,4,14,1922,1,1,1,2,7,73,4875360,237921,940,1,3,3,0,1,1,15,105,2,0,1,99,0
201600044746,16,4,17,2125,5,1,1,1,4,28,4880110,244733,940,1,3,4,0,1,1,15,140,2,0,1,99,0
201600044749,16,4,18,1417,1,1,1,1,6,44,4875880,247014,940,2,3,2,0,1,3,0,30,1,0,1,99,0
201600044751,16,4,18,1700,1,1,1,1,2,121,4883330,266572,770,1,1,2,0,2,2,0,0,1,3,1,0,0
201600044752,16,4,19,740,1,1,1,1,3,18,4881850,240985,940,1,3,4,0,1,1,0,0,1,0,1,99,0
201600044755,16,4,20,1945,1,1,1,1,4,52,4883830,249369,940,1,3,3,0,1,1,300,105,1,1,1,99,0
201600044756,16,4,21,700,1,1,1,1,2,74,4876480,246107,940,2,3,6,0,1,1,20,210,1,3,1,99,0
201600044758,16,4,21,1435,1,1,1,1,2,73,4875350,237392,940,1,3,3,0,1,1,20,105,0,0,1,99,0
201600044760,16,4,22,1140,1,1,1,1,4,51,4883602,255870,930,1,3,4,0,1,1,20,140,1,0,1,99,0
201600044762,16,4,23,2315,5,1,1,1,6,18,4882120,239933,940,1,3,5,0,1,1,20,175,1,0,1,99,0
201600044764,16,4,25,1810,1,1,1,1,4,11,4875910,248367,940,2,3,2,0,1,1,15,70,1,0,1,99,0
201600044765,16,4,28,1320,1,1,1,1,2,33,4885460,248948,940,1,3,3,0,1,1,25,120,1,0,1,99,0
201600044766,16,4,28,1830,1,1,1,1,2,22,4877660,241749,940,1,3,3,0,4,1,25,90,1,0,1,99,0
201600044767,16,4,29,1810,1,1,1,1,2,81,4877360,240434,940,1,3,3,0,2,1,0,0,1,3,1,99,0
201600044768,16,4,30,2120,4,1,1,1,3,46,4880540,244854,940,1,3,4,0,1,1,20,140,1,0,1,99,0
201600044769,16,5,1,310,3,1,1,1,2,51,4883558,256727,930,1,3,3,0,1,1,20,105,1,0,1,99,0
201600044774,16,5,3,1020,1,1,1,1,3,17,4882650,252127,940,1,3,3,0,1,1,20,140,1,0,1,99,0
201600044775,16,5,3,1930,1,1,1,1,4,18,4881940,240573,940,1,0,5,0,1,1,25,150,1,0,1,99,0
201600044776,16,5,4,1400,1,1,1,1,2,81,4877340,240275,940,1,3,3,0,2,1,0,105,1,3,1,99,0
201600044777,16,5,6,820,1,1,1,1,3,18,4882630,239167,940,1,3,4,0,1,1,35,30,1,0,1,99,0
201600044780,16,5,7,320,3,1,1,1,6,33,4885710,248770,940,1,3,2,0,1,3,20,80,1,0,1,99,1
201600044782,16,5,8,1550,1,1,1,1,2,15,4883130,253079,940,1,3,4,0,1,1,20,140,1,0,1,99,0
201600044784,16,5,10,930,1,1,1,1,2,11,4875990,248593,940,2,3,2,0,1,1,30,70,2,0,1,99,0
201600044785,16,5,10,1515,1,1,1,3,3,33,4885460,248948,940,1,3,3,0,1,1,15,105,2,0,1,99,0
201600044786,16,5,10,1945,2,1,1,2,4,52,4884270,249262,940,1,3,3,0,1,1,25,105,2,1,1,99,0
201600044787,16,5,10,2230,5,1,1,3,6,73,4876910,237944,940,1,3,3,0,1,3,20,90,2,1,1,99,0
201600044791,16,5,12,1640,1,1,1,3,2,65,4875380,235499,940,1,3,2,0,1,1,0,0,2,0,1,99,0
201600044792,16,5,13,1255,1,1,1,1,2,17,4882700,252380,940,1,3,4,0,1,1,15,35,1,0,1,99,0
201600044793,16,5,13,1647,1,1,1,1,4,51,4883468,258146,930,1,3,6,0,1,1,20,210,1,0,1,99,0
201600044796,16,5,13,1810,1,1,1,2,7,69,4881740,243905,940,1,3,5,0,1,1,30,175,2,0,1,99,0
201600044801,16,5,15,1620,1,1,1,1,3,33,4885790,248725,940,1,3,2,0,1,1,25,60,1,0,1,99,0
201600044802,16,5,17,915,1,1,1,1,3,33,4884890,249072,940,1,3,2,0,1,1,30,70,1,0,1,99,0
201600044803,16,5,17,943,1,1,1,1,3,73,4875370,237235,940,1,3,2,0,1,1,35,30,1,0,1,99,0
201600044804,16,5,17,935,1,1,1,1,3,28,4879140,244102,940,1,3,4,0,1,1,25,120,1,0,1,99,0
201600044805,16,5,18,1615,1,1,1,3,2,18,4881780,241227,940,1,3,5,0,1,1,0,30,2,0,1,99,0
201600044806,16,5,19,910,1,1,1,2,3,11,4875920,248340,940,2,3,3,0,1,1,0,0,2,0,1,99,0
201600044807,16,5,19,910,1,1,1,2,3,11,4875880,248214,940,2,3,3,0,1,1,0,0,2,0,1,99,0
201600044808,16,5,19,1040,1,1,1,2,5,18,4881790,241252,940,1,3,5,0,1,1,0,0,2,0,1,99,0
201600044810,16,5,20,1815,1,1,1,1,7,69,4881730,242929,940,1,3,5,0,1,1,20,175,1,0,1,99,0
201600044812,16,5,21,1815,1,1,1,1,2,18,4881770,241804,940,1,3,5,0,1,1,25,125,1,0,1,99,0
201600044814,16,5,22,40,4,1,1,1,2,79,4883580,253972,940,1,3,4,0,1,1,15,140,1,0,1,99,0
201600044816,16,5,22,755,1,1,1,2,6,46,4881250,244880,940,1,3,2,0,1,2,20,70,2,2,1,99,0
201600044817,16,5,22,1800,1,1,1,2,2,2,4877640,242026,940,1,3,3,0,1,1,25,105,2,2,1,99,0
201600044818,16,5,22,2010,1,1,1,2,6,73,4875600,238338,940,1,3,4,0,1,2,25,140,2,0,1,99,0
201600044819,16,5,23,1050,1,1,1,2,4,73,4877140,239220,940,1,3,3,0,1,1,25,105,2,1,1,99,0
201600044821,16,5,26,1730,1,1,1,1,4,22,4877660,241749,940,1,3,3,0,1,1,10,105,1,0,1,99,0
201600044823,16,5,27,730,1,1,1,1,3,51,4883655,254920,930,1,3,3,0,1,1,15,35,2,0,1,0,0
201600044824,16,5,27,1330,1,1,1,1,2,73,4877220,239613,940,1,3,3,0,1,1,30,105,1,1,1,99,0
201600044825,16,5,27,1915,1,1,1,1,3,18,4881750,241528,940,1,3,5,0,1,1,25,150,1,0,1,99,0
201600044830,16,5,30,1355,1,1,1,3,2,28,4880120,244738,940,1,3,4,0,1,1,0,0,2,0,1,99,0
201600044831,16,5,30,1550,1,1,1,2,5,28,4878880,244048,940,1,3,4,0,1,1,35,140,2,0,1,99,0
201600044832,16,5,30,1550,1,1,1,1,6,18,4881760,241392,940,1,3,2,0,2,2,0,0,3,3,1,99,0
201600044833,16,5,31,5,3,1,1,3,6,79,4882720,252511,940,1,3,4,0,2,1,20,140,2,0,1,99,0
201600044835,16,5,31,1400,1,1,1,2,3,81,4877430,240985,940,1,3,3,0,1,1,20,105,2,0,1,99,0
201600044836,16,5,31,2230,5,1,1,3,7,69,4881710,244323,940,1,3,3,0,1,1,15,105,2,0,1,99,0
201600044838,16,6,2,725,1,1,1,1,3,17,4883050,249110,940,1,3,3,0,1,1,20,105,2,0,1,99,0
201600044840,16,6,2,935,1,1,1,1,2,73,4875660,238355,940,1,3,3,0,1,3,10,105,1,0,1,99,0
201600044841,16,6,3,1945,1,1,1,3,2,17,4882790,250451,940,1,3,4,0,1,1,25,120,1,1,1,99,0
201600044843,16,6,5,610,5,1,1,2,2,52,4883450,249344,940,1,3,2,0,2,2,30,70,2,1,1,99,0
201600044844,16,6,7,1640,1,1,1,1,2,42,4882810,247313,940,1,3,3,0,1,1,20,210,1,0,1,99,0
201600044846,16,6,8,1430,1,1,1,1,4,73,4876900,237920,940,1,3,3,0,1,2,20,105,1,1,1,99,0
201600044847,16,6,9,2340,5,1,1,1,2,18,4881780,241227,940,1,3,5,0,1,1,15,175,1,0,1,99,0
201600044848,16,6,9,640,1,1,1,1,3,81,4877410,240501,940,1,3,6,0,1,1,20,210,1,0,1,99,0
201600044849,16,6,9,820,1,1,1,1,5,28,4877070,244812,940,2,3,2,0,1,1,30,70,1,0,1,99,0
201600044851,16,6,10,1730,1,1,1,1,2,33,4885450,248872,940,1,3,3,0,1,1,0,0,1,0,1,99,0
201600044854,16,6,12,2251,5,1,1,2,3,73,4876820,237873,940,1,3,3,0,1,2,25,105,2,1,1,99,0
201600044856,16,6,14,1350,1,1,1,1,7,18,4882180,239837,940,1,3,4,0,1,1,15,140,1,0,1,99,0
201600044859,16,6,15,1400,1,1,1,1,4,17,4882970,249792,940,1,3,4,0,1,1,30,140,1,0,1,99,0
201600044860,16,6,16,740,1,1,1,1,2,18,4882120,239933,940,1,3,5,0,1,1,10,175,1,0,1,99,0
201600044862,16,6,16,1815,1,1,1,2,7,51,4883550,256928,930,1,3,3,3,1,1,0,0,2,0,1,99,0
201600044864,16,6,17,745,1,1,1,1,2,51,4883634,255328,930,1,3,3,0,1,1,35,15,1,0,2,3,0
201600044865,16,6,17,2000,1,1,1,1,6,18,4881740,241631,940,1,3,0,0,2,2,0,0,1,3,1,99,0
201600044866,16,6,17,1950,1,1,1,1,3,33,4885170,249044,940,1,3,3,0,0,0,0,0,0,0,1,99,0
201600044872,16,6,20,2200,2,1,1,8,6,22,4877620,241491,940,1,3,4,0,2,3,20,140,2,0,1,99,0
201600044874,16,6,24,15,3,1,1,1,2,17,4882730,250686,940,1,3,2,0,2,1,0,35,1,3,1,99,0
201600044876,16,6,24,2030,1,1,1,1,3,73,4877150,239216,940,1,3,3,0,1,1,20,105,1,1,1,99,0
201600044880,16,6,26,1945,2,1,1,1,5,33,4885930,248649,940,1,3,2,0,1,1,25,70,1,0,1,99,0
201600044882,16,6,27,840,1,1,1,2,4,51,4883584,256274,930,1,3,3,0,1,1,30,105,2,0,1,0,0
201600044883,16,6,27,820,1,1,1,2,6,22,4877660,241750,940,1,3,3,0,1,3,0,105,2,0,1,99,0
201600044884,16,6,27,900,1,1,1,2,2,28,4878620,244034,940,1,3,3,0,1,1,0,105,2,0,1,99,0
201600044885,16,6,28,920,1,1,1,1,2,46,4880430,244867,940,1,3,4,0,1,1,20,140,1,0,1,99,0
201600044886,16,6,28,945,1,1,1,1,2,17,4882970,249791,940,1,3,5,0,1,1,35,15,1,0,1,99,0
201600044887,16,6,28,2000,1,1,1,1,7,73,4875770,238398,940,1,3,3,0,1,2,0,0,1,0,1,99,0
201600044888,16,6,30,1000,1,1,1,1,2,73,4875360,237921,940,1,3,4,0,0,0,0,0,0,0,1,99,0
201600044889,16,6,30,1445,1,1,1,2,3,65,4875400,235145,940,1,3,4,0,1,1,30,120,2,0,1,99,0
201600044894,16,7,5,750,1,1,1,1,3,18,4882130,239954,940,1,3,5,0,1,1,20,175,1,0,1,99,0