Num_Acc,an,mois,jour,hrmn,lum,agg,int,atm,col,com,lat,long,dep,catr,circ,nbv,vosp,prof,plan,lartpc,larrout,surf,infra,situ,env1,killed
201600044895,16,7,5,1650,1,1,1,1,4,18,4882490,239322,940,1,3,4,0,1,1,0,28,1,0,1,99,0
201600044896,16,7,6,1820,1,1,1,1,4,28,4877610,243095,940,1,3,4,0,1,1,15,140,1,0,1,99,0
201600044898,16,7,7,730,1,1,1,1,3,28,4877620,242945,940,1,3,4,0,1,1,0,0,1,0,1,99,0
201600044900,16,7,7,900,1,1,1,1,4,73,4875770,238398,940,1,3,3,0,1,2,0,0,1,0,1,99,0
201600044901,16,7,7,1430,1,1,1,1,3,28,4878530,244044,940,1,3,6,0,1,1,30,105,1,0,1,99,0
201600044902,16,7,7,1720,1,1,1,1,3,69,4881740,242782,940,1,3,5,0,1,1,30,165,1,0,1,99,0
201600044903,16,7,8,1640,1,1,1,1,2,22,4877620,242427,940,1,3,4,0,1,1,35,30,1,0,1,99,0
201600044905,16,7,9,315,3,1,1,1,2,28,4877050,244829,940,2,3,3,0,1,1,30,110,1,0,1,99,0
201600044906,16,7,9,640,2,1,1,1,3,28,4878880,244048,940,1,3,6,0,1,1,15,210,1,0,1,99,0
201600044909,16,7,11,1045,1,1,1,1,6,44,4876200,246750,940,2,3,1,0,1,1,20,35,1,0,1,99,0
201600044910,16,7,11,1330,1,1,1,1,3,46,4880430,244868,940,1,3,5,0,0,0,0,0,1,0,1,99,0
201600044911,16,7,12,1605,1,1,1,1,2,69,4881740,243207,940,1,3,5,0,1,1,0,175,2,0,1,99,0
201600044912,16,7,13,250,5,1,1,1,6,42,4882860,247648,940,1,3,4,0,1,1,20,270,1,0,1,99,0
201600044913,16,7,13,1000,1,1,1,1,2,18,4881850,240986,940,1,3,5,0,1,1,0,0,1,0,1,99,0
201600044914,16,7,13,1830,1,1,1,1,3,69,4881720,244334,940,1,3,3,0,1,1,0,105,1,0,1,99,0
201600044917,16,7,16,2245,5,1,1,1,2,69,4881660,244877,940,1,3,3,0,2,1,20,105,1,0,1,99,0
201600044918,16,7,18,1840,1,1,1,1,3,46,4880810,244896,940,1,3,4,0,1,1,20,140,1,0,1,99,0
201600044920,16,7,19,840,1,1,1,1,2,17,4882700,251136,940,1,3,4,0,1,1,0,0,1,1,1,99,0
201600044921,16,7,20,2330,5,1,1,1,4,42,4882760,247043,940,1,3,4,0,1,1,20,130,1,0,1,99,0
201600044922,16,7,21,430,5,1,1,1,3,33,4885990,248580,940,1,3,2,0,1,1,20,85,1,0,1,99,0
201600044923,16,7,21,745,1,1,1,1,6,51,4883489,258002,930,1,3,3,0,1,1,15,105,1,0,1,0,0
201600044926,16,7,22,35,5,1,1,1,2,69,4881760,242140,940,1,3,4,0,1,1,0,0,1,0,1,99,0
201600044931,16,7,25,1440,1,1,1,1,5,73,4877020,238300,940,1,3,3,0,1,1,0,105,1,0,1,99,0
201600044932,16,7,26,700,1,1,1,1,2,15,4883190,253179,940,1,3,8,0,1,1,15,280,1,0,1,99,0
201600044933,16,7,27,755,1,1,1,1,2,15,4883190,253180,940,1,3,4,0,1,1,15,140,1,0,1,99,0
201600044934,16,7,27,948,1,1,1,1,5,73,4875360,237258,940,1,3,8,0,1,1,15,280,1,0,1,99,0
201600044936,16,7,28,1000,1,1,1,1,3,22,4877670,241754,940,1,3,3,0,1,1,35,30,1,0,1,99,0
201600044937,16,7,28,1745,1,1,1,1,5,73,4875340,237792,940,1,3,2,0,1,1,0,0,1,0,1,99,0
201600044938,16,7,29,1300,1,1,1,1,5,11,4876330,249562,940,2,3,2,0,2,3,0,0,1,0,1,99,0
201600044939,16,7,29,2030,1,1,1,1,3,17,4882730,250832,940,1,3,4,0,1,1,0,0,1,1,1,99,0
201600044943,16,7,31,2030,1,1,1,1,5,33,4885320,248994,940,1,3,6,0,1,1,200,105,1,0,1,99,0
201600044944,16,8,1,2120,1,1,1,1,7,51,4883571,256523,930,1,0,3,0,1,1,15,105,1,0,1,0,0
201600044945,16,8,2,1115,1,1,1,1,7,42,4882660,246628,940,1,3,4,0,1,1,25,140,1,0,1,99,0
201600044946,16,8,2,1850,2,1,1,1,6,51,4883563,253985,930,1,3,2,0,1,3,25,70,1,0,1,0,0
201600044948,16,8,4,1940,1,1,1,1,7,28,4877780,244031,940,1,3,2,0,1,2,0,0,1,0,1,99,0
201600044949,16,8,5,545,2,1,1,1,2,28,4878620,243998,940,1,3,3,0,1,1,0,0,1,0,1,99,0
201600044950,16,8,5,1300,1,1,1,1,3,46,4880400,244826,940,1,3,4,0,1,1,0,0,1,0,1,99,0
201600044951,16,8,6,730,1,1,1,1,5,17,4882820,250293,940,1,3,3,0,1,1,35,105,1,0,1,99,0
201600044952,16,8,8,940,1,1,1,1,7,51,4883611,254107,930,1,3,2,0,1,2,10,60,1,3,1,99,0
201600044954,16,8,9,1130,1,1,1,1,5,51,4887916,247633,930,1,3,4,0,1,1,35,30,1,0,1,99,0
201600044956,16,8,10,1800,1,1,1,1,3,58,4884510,249283,940,1,3,3,0,0,1,0,0,1,1,1,99,0
201600044957,16,8,11,20,5,1,1,1,2,73,4876490,237989,940,1,3,3,0,1,1,0,105,1,1,1,99,0
201600044959,16,8,12,200,5,1,1,1,2,33,4886070,248461,940,1,3,2,0,1,2,25,70,1,0,1,99,0
201600044961,16,8,16,1520,1,1,1,1,5,58,4884590,249257,940,1,3,3,0,1,1,0,0,1,1,1,99,0
201600044962,16,8,17,10,4,1,1,1,2,28,4878880,244048,940,1,3,3,0,1,1,25,105,1,0,2,99,0
201600044963,16,8,17,200,5,1,1,1,2,18,4881760,241364,940,1,3,5,0,1,2,25,175,1,0,1,99,0
201600044964,16,8,21,1155,1,1,1,1,2,65,4875490,234579,940,1,3,4,0,1,1,35,120,1,0,1,99,0
201600044965,16,8,21,1250,1,1,1,1,6,175,4864850,262120,770,1,1,2,0,2,3,0,0,1,3,1,99,0
201600044966,16,8,21,1830,1,1,1,1,2,42,4882730,246910,940,1,3,4,0,1,1,0,0,1,0,1,99,0
201600044970,16,8,24,1604,1,1,1,1,4,69,4881730,242929,940,1,3,5,0,1,1,20,175,1,0,1,99,0
201600044972,16,8,24,1940,1,1,1,1,2,42,4882840,247580,940,1,3,4,0,1,1,15,140,1,0,1,99,0
201600044973,16,8,25,905,1,1,1,1,5,69,4881740,242930,940,1,3,5,0,1,1,15,175,1,0,1,99,0
201600044974,16,8,25,1500,1,1,1,1,1,46,4880720,244891,940,1,1,4,0,1,1,15,35,1,3,1,99,0
201600044975,16,8,25,1520,1,1,1,1,4,18,4881870,240833,940,1,3,5,0,1,1,25,170,1,0,1,99,0
201600044982,16,8,30,800,1,1,1,1,3,17,4882710,252486,940,1,3,0,0,1,2,0,0,1,0,1,99,0
201600044984,16,8,30,1650,1,1,1,1,7,69,4881740,243625,940,1,3,5,0,1,1,20,175,1,0,1,99,0
201600044987,16,8,31,900,1,1,1,1,7,2,4877650,242157,940,1,3,6,0,1,1,30,210,1,0,1,99,0
201600044988,16,8,31,1145,1,1,1,1,4,58,4884450,249229,940,1,3,6,0,1,1,200,210,1,1,1,99,0
201600044989,16,8,31,1905,1,1,1,1,2,69,4881740,243207,940,1,3,5,0,1,1,25,165,1,0,1,99,0
201600044991,16,9,1,1500,1,1,1,1,4,28,4877600,242889,940,1,3,2,0,1,1,25,70,1,0,1,99,0
201600044992,16,9,1,1650,1,1,1,1,5,46,4880400,244826,940,1,3,4,0,1,1,20,140,1,0,1,99,0
201600044994,16,9,2,1530,1,1,1,1,2,73,4875970,238333,940,1,3,3,0,1,1,0,107,1,0,1,99,0
201600044995,16,9,4,15,5,1,1,1,2,69,4881740,243487,940,1,3,5,0,1,1,15,175,1,0,1,99,0
201600044996,16,9,4,515,3,1,1,2,2,69,4881740,243207,940,1,3,5,0,1,1,0,0,2,0,1,99,0
201600044999,16,9,5,755,1,1,1,2,3,28,4878880,244021,940,1,3,4,0,1,1,0,0,2,0,1,99,0
201600045000,16,9,5,915,1,1,1,2,5,18,4881750,241528,940,1,3,5,0,1,1,0,0,2,0,1,99,0
201600045001,16,9,5,930,1,1,1,2,2,79,4882860,252718,940,1,3,4,0,2,2,0,28,2,0,1,99,0
201600045005,16,9,5,1742,1,1,1,2,7,69,4881730,242929,940,1,3,10,0,1,1,15,350,2,0,1,99,0
201600045008,16,9,7,600,2,1,1,1,2,15,4883240,253296,940,1,3,4,0,1,1,15,140,1,0,1,99,0
201600045009,16,9,7,820,1,1,1,1,5,18,4881770,241804,940,1,3,5,0,1,1,20,175,1,0,1,99,0
201600045011,16,9,7,1015,1,1,1,1,4,69,4881700,244610,940,1,3,8,0,1,1,30,280,1,0,1,99,0
201600045013,16,9,7,2010,2,1,1,1,5,46,4880550,244882,940,1,3,4,0,1,1,25,120,1,0,1,99,0
201600045014,16,9,7,2010,3,1,1,1,3,65,4875370,236302,940,1,3,2,0,1,1,15,70,1,0,1,99,0
201600045015,16,9,7,2248,3,1,1,1,3,17,4882650,251660,940,1,3,4,0,1,1,10,140,1,0,1,99,0
201600045016,16,9,8,1034,1,1,1,1,4,22,4877670,241754,940,1,3,3,0,1,1,15,70,1,0,1,99,0
201600045017,16,9,9,715,1,1,1,1,3,33,4885370,248977,940,1,3,3,0,1,1,15,35,1,0,1,99,0
201600045020,16,9,10,30,4,1,1,1,7,65,4875370,236569,940,1,3,2,0,1,1,25,70,1,0,1,99,0
201600045024,16,9,14,955,1,1,1,1,3,28,4878710,244033,940,1,3,3,0,1,1,25,120,1,0,1,99,0
201600045025,16,9,14,1800,1,1,1,1,7,11,4876360,249491,940,2,3,2,0,4,3,0,0,1,3,1,99,0
201600045027,16,9,17,1549,1,1,1,1,6,22,4877660,241749,940,1,3,3,0,1,1,20,210,1,0,1,99,0
201600045030,16,9,19,1500,1,1,1,2,4,28,4878880,244021,940,1,3,3,0,1,1,25,105,2,0,1,99,0
201600045036,16,9,21,710,2,1,1,1,4,28,4878350,244043,940,1,3,4,0,1,1,25,150,1,0,1,99,0
201600045037,16,9,21,850,1,1,1,1,2,51,4883407,258827,930,1,3,3,0,1,1,0,0,1,0,1,99,0
201600045039,16,9,22,1825,1,1,1,1,2,258,4883250,265908,770,1,3,4,0,1,1,15,35,1,0,1,0,0
201600045040,16,9,23,630,5,1,1,1,3,17,4882700,251136,940,1,3,4,0,1,1,0,0,1,0,1,99,0
201600045042,16,9,23,1650,1,1,1,1,4,15,4883060,252981,940,1,3,4,0,1,1,0,140,1,0,1,99,0
201600045043,16,9,25,1610,1,1,1,2,6,69,4881690,245132,940,1,3,2,0,2,3,25,60,3,3,1,99,0
201600045046,16,9,26,1850,1,1,1,1,2,28,4878880,244047,940,1,3,4,0,1,1,0,0,1,0,1,99,0
201600045048,16,9,27,1800,1,1,1,1,2,69,4881740,242226,940,1,3,5,0,1,1,0,28,1,0,1,99,0
201600045051,16,9,28,1950,1,1,1,1,2,22,4877440,241014,940,1,3,3,0,1,2,0,105,1,0,1,99,0
201600045052,16,9,29,1330,1,1,1,1,2,18,4881740,241842,940,1,3,5,0,1,1,30,175,1,0,1,99,0
201600045055,16,9,29,1615,1,1,1,1,3,28,4877600,242906,940,1,3,6,0,1,1,30,210,1,0,1,99,0
201600045056,16,9,29,1700,1,1,1,1,3,51,4883497,257614,930,1,3,8,0,1,1,20,280,1,0,1,99,0
201600045057,16,9,29,1825,1,1,1,1,3,11,4876050,248871,940,2,3,4,0,1,1,20,140,1,0,1,99,0
201600045058,16,9,30,1940,5,1,1,2,4,17,4883010,248501,940,1,3,2,0,1,1,15,30,2,0,1,99,0
201600045059,16,10,1,1725,1,1,1,1,2,73,4875340,237539,940,1,3,0,0,1,1,20,105,1,0,1,99,0
201600045061,16,10,3,705,2,1,1,1,2,18,4882180,239837,940,1,3,5,0,1,1,30,175,1,0,1,99,0
201600045062,16,10,3,920,1,1,1,1,3,22,4877430,240910,940,1,3,3,0,1,1,25,90,1,0,1,99,0
201600045063,16,10,3,2145,5,1,1,1,7,73,4876980,238043,940,1,3,3,0,1,2,25,75,1,1,1,99,0
201600045064,16,10,3,1145,1,1,1,1,4,52,4882640,246626,940,1,3,4,0,1,1,15,30,1,0,1,99,0
201600045065,16,10,4,1055,1,1,1,1,3,22,4877400,240773,940,1,3,3,0,1,1,0,0,1,0,1,99,0
201600045066,16,10,5,715,1,1,1,1,3,69,4881740,242930,940,1,3,5,0,1,1,10,175,1,0,1,99,0
201600045067,16,10,5,835,1,1,1,1,3,33,4885360,248904,940,1,3,2,0,1,1,0,0,1,0,1,99,0
201600045068,16,10,5,845,1,1,1,1,3,79,4883450,253655,940,1,3,4,0,1,1,0,0,1,0,1,99,0
201600045070,16,10,5,1630,1,1,1,1,3,28,4878190,244101,940,1,3,4,0,1,1,20,140,1,0,1,99,0
201600045071,16,10,6,810,1,1,1,1,3,28,4878090,244082,940,1,3,2,0,1,1,20,70,1,0,1,99,0
201600045073,16,10,7,710,4,1,1,1,3,69,4881630,245267,940,1,3,2,0,1,1,20,70,1,2,1,99,0
201600045075,16,10,7,920,1,1,1,1,3,28,4878350,244074,940,1,3,3,0,1,1,20,105,1,0,1,99,0
201600045076,16,10,8,1930,1,1,1,1,5,28,4878340,244076,940,1,3,2,0,1,1,0,0,1,0,1,99,0
201600045078,16,10,9,1955,1,1,1,1,5,33,4885220,248956,940,1,3,3,0,1,1,35,105,1,0,1,99,0
201600045079,16,10,9,2210,5,1,1,1,2,33,4884910,249064,940,1,3,3,0,1,1,25,105,1,0,1,99,0
201600045080,16,10,10,440,4,1,1,1,5,81,4877490,241141,940,1,3,3,0,1,3,25,105,1,2,1,99,0
201600045081,16,10,10,1825,1,1,1,1,3,22,4877320,240053,940,1,3,2,0,2,1,20,70,1,0,1,99,0
201600045083,16,10,11,2215,5,1,1,1,2,69,4881740,242147,940,1,3,4,0,1,1,15,100,1,3,1,99,0
201600045084,16,10,12,430,5,1,1,1,5,17,4882690,251275,940,1,3,4,0,1,1,15,140,1,1,1,99,0
201600045085,16,10,12,550,4,1,1,1,2,69,4881720,242644,940,1,3,5,0,1,1,30,175,1,0,1,99,0
201600045086,16,10,12,720,2,1,1,1,3,28,4877620,243022,940,1,3,3,0,1,1,15,225,1,0,1,99,0
201600045087,16,10,12,910,1,1,1,1,3,28,4878090,244112,940,1,3,4,0,1,1,20,140,1,0,1,99,0
201600045089,16,10,14,1545,1,1,1,1,4,73,4876900,237920,940,1,3,3,0,1,2,0,28,2,0,1,99,0
201600045091,16,10,14,2000,3,1,1,3,7,18,4882130,239954,940,1,3,4,0,1,1,35,140,2,0,1,99,0
201600045093,16,10,17,745,3,1,1,1,7,18,4882070,240054,940,1,3,5,0,0,0,0,0,1,0,1,99,0
201600045094,16,10,17,745,3,1,1,1,3,28,4877630,243091,940,1,3,3,0,0,0,0,0,1,0,1,99,0
201600045096,16,10,18,910,1,1,1,1,3,33,4885950,248590,940,1,3,2,0,1,1,20,180,1,0,1,99,0
201600045097,16,10,18,1815,1,1,1,2,3,33,4885720,248874,940,1,3,3,0,1,1,0,0,2,0,1,99,0
201600045100,16,10,20,935,1,1,1,1,2,28,4878530,244044,940,1,3,3,0,1,1,25,90,2,0,1,99,0
201600045101,16,10,20,1620,1,1,1,2,3,28,4878700,244006,940,1,3,4,0,1,1,0,0,2,0,1,99,0
201600045104,16,10,21,1740,1,1,1,1,2,15,4883050,253003,940,1,3,4,0,1,1,35,140,1,0,1,99,0
201600045105,16,10,21,2000,3,1,1,1,3,28,4878880,244047,940,1,3,4,0,1,1,35,140,1,0,1,99,0
201600045106,16,10,22,715,2,1,1,5,3,42,4882790,247155,940,1,3,4,0,1,1,0,28,2,0,1,99,0
201600045107,16,10,22,1045,1,1,1,1,2,18,4882560,239234,940,1,3,6,0,1,1,0,0,1,0,1,99,0
201600045108,16,10,22,1248,1,1,1,1,5,33,4885570,248828,940,1,3,3,0,1,1,0,0,1,0,1,99,0
201600045113,16,10,24,530,3,1,1,2,6,337,4882960,261474,770,1,3,2,0,2,2,20,60,2,3,1,99,0
201600045114,16,10,24,1110,1,1,1,2,6,18,4881730,241733,940,1,3,1,0,2,2,0,35,2,3,1,99,0
201600045115,16,10,24,1940,3,1,1,1,3,28,4878620,244034,940,1,3,3,0,1,1,15,70,2,0,1,99,0
201600045118,16,10,25,840,1,1,1,2,3,28,4880000,244644,940,1,3,4,0,1,1,20,120,2,0,1,99,0
201600045119,16,10,25,1930,2,1,1,1,4,81,4877360,240405,940,1,3,3,0,2,1,25,90,1,3,1,99,0
201600045121,16,10,30,205,3,1,1,1,3,69,4881710,244323,940,1,3,5,0,1,1,25,150,1,0,1,99,0
201600045123,16,10,31,1720,1,1,1,1,3,51,4883541,256804,930,1,3,4,0,1,1,20,150,1,0,1,99,0
201600045125,16,11,1,635,5,1,1,1,5,69,4881760,242084,940,1,3,5,0,1,2,25,150,1,0,1,99,0
201600045126,16,11,1,1835,5,1,1,1,5,17,4882640,251811,940,1,3,4,0,0,0,0,0,1,0,1,99,0
201600045128,16,11,2,755,1,1,1,1,4,2,4877620,242902,940,1,3,4,0,2,1,25,150,1,0,1,99,0
201600045130,16,11,2,1830,1,1,1,1,4,22,4877660,241750,940,1,3,3,0,1,1,0,0,1,0,1,99,0
201600045131,16,11,3,730,2,1,1,1,2,46,4880440,244870,940,1,3,4,0,1,1,0,0,1,0,1,99,0
201600045132,16,11,3,930,1,1,1,1,4,33,4886050,248501,940,1,3,3,0,1,1,0,0,1,0,1,99,0
201600045133,16,11,3,1945,5,1,1,1,5,18,4882000,240311,940,1,3,4,0,1,1,20,280,1,0,1,99,0
201600045136,16,11,4,850,1,1,1,1,3,73,4877200,239484,940,1,3,3,0,2,1,0,0,0,1,1,99,0
201600045144,16,11,7,830,1,1,1,3,2,69,4881650,245138,940,1,3,4,0,1,1,25,140,2,0,1,99,0
201600045145,16,11,7,825,1,1,1,3,5,73,4877120,239090,940,1,3,3,0,1,1,25,90,2,1,1,99,0
201600045146,16,11,8,1415,1,1,1,1,5,28,4877830,244083,940,1,3,2,0,1,2,0,0,2,0,1,99,0
201600045147,16,11,9,930,1,1,1,3,2,17,4883050,249110,940,1,3,3,0,1,1,0,28,2,0,1,99,0
201600045148,16,11,9,940,1,1,1,3,3,33,4885460,248948,940,1,3,3,0,0,0,0,0,2,0,1,99,0
201600045149,16,11,9,1015,1,1,1,2,7,42,4882860,247634,940,1,3,2,0,1,1,0,0,2,0,1,99,0
201600045150,16,11,9,1450,1,1,1,1,2,28,4880040,244678,940,1,3,4,0,1,1,20,140,2,0,1,99,0
201600045152,16,11,9,1510,1,1,1,1,5,22,4877620,241491,940,1,3,3,0,1,1,20,105,2,0,1,99,0
201600045154,16,11,10,550,5,1,1,1,3,28,4878350,244074,940,1,3,4,0,1,1,0,0,1,0,1,99,0
201600045155,16,11,10,1325,1,1,1,1,3,22,4877320,240028,940,1,3,3,0,1,1,20,105,1,0,1,99,0
201600045157,16,11,11,140,5,1,1,2,3,69,4881760,243629,940,1,3,5,0,1,1,15,200,2,0,1,99,0
201600045159,16,11,11,2300,4,1,1,1,2,22,4877340,240910,940,1,3,3,0,2,1,0,120,1,3,1,99,0
201600045160,16,11,12,535,3,1,1,1,5,28,4879530,244235,940,1,3,5,0,1,1,20,175,1,0,1,99,0
201600045161,16,11,12,2100,5,1,1,2,6,73,4876820,237873,940,1,3,3,0,1,2,20,120,2,0,1,99,0
201600045162,16,11,13,2215,5,1,1,1,2,17,4882650,252227,940,1,3,4,0,1,1,0,150,1,0,1,99,0
201600045163,16,11,14,900,1,1,1,1,3,17,4882720,252449,940,1,3,4,0,1,3,20,140,1,0,1,99,0
201600045165,16,11,15,915,1,1,1,1,2,17,4883030,249529,940,1,3,3,0,1,1,0,0,1,1,1,99,0
201600045169,16,11,16,915,1,1,1,1,5,73,4877070,238642,940,1,3,3,0,1,1,30,28,1,0,1,99,0
201600045170,16,11,17,1745,2,1,1,1,2,17,4883050,249110,940,1,3,3,0,1,1,25,90,1,0,1,99,0
201600045171,16,11,18,820,1,1,1,1,3,33,4885120,249066,940,1,3,4,0,1,1,20,120,2,3,1,99,0
201600045173,16,11,18,1859,2,1,1,1,3,65,4875370,236435,940,1,3,2,0,1,1,25,60,1,0,1,99,0
201600045174,16,11,20,1940,5,1,1,1,6,42,4882860,247610,940,1,3,5,0,1,1,20,70,2,0,1,99,0
201600045175,16,11,21,900,1,1,1,2,5,46,4880510,244881,940,1,3,4,0,1,1,35,140,2,0,1,99,0
201600045176,16,11,21,1015,1,1,1,2,2,46,4880390,244860,940,1,3,0,0,1,1,0,0,2,0,1,99,0
201600045181,16,11,23,925,1,1,1,1,5,69,4881670,244888,940,1,3,4,0,1,1,20,140,2,0,1,99,0
201600045182,16,11,23,900,1,1,1,1,3,17,4882730,252464,940,1,3,4,0,1,3,20,140,2,0,1,99,0
201600045183,16,11,23,2230,5,1,1,1,2,69,4881740,243824,940,1,3,4,0,1,1,10,140,1,0,1,99,0
201600045185,16,11,28,1150,1,1,1,1,2,28,4878880,244048,940,1,3,3,0,1,1,10,105,1,0,1,99,0
201600045188,16,11,29,815,1,1,1,1,4,42,4882850,247565,940,1,3,4,0,1,1,20,140,1,0,1,99,0
201600045191,16,11,29,1815,3,1,1,1,3,44,4875850,247008,940,2,3,2,0,1,2,20,70,1,0,1,99,0
201600045194,16,11,30,2115,5,1,1,1,2,69,4881740,242149,940,1,3,5,0,2,1,20,210,1,0,1,99,0
201600045198,16,12,3,1730,5,1,1,1,4,69,4881730,242929,940,1,3,5,0,1,1,20,175,1,0,1,99,0
201600045199,16,12,5,1529,1,1,1,1,4,169,4880440,262778,770,2,3,2,0,1,1,25,60,1,0,0,0,0
201600045200,16,12,5,1520,1,1,1,1,3,58,4884520,249279,940,1,3,3,0,1,1,0,105,1,1,1,99,0
201600045201,16,12,5,1748,2,1,1,1,5,42,4882640,246628,940,1,3,5,0,0,0,0,0,0,0,1,99,0
201600045206,16,12,6,1440,1,1,1,1,4,28,4878210,244098,940,1,3,4,0,1,1,25,120,1,0,1,99,0
201600045207,16,12,6,1710,2,1,1,1,4,17,4882670,252248,940,1,3,4,0,1,1,0,0,1,1,1,99,0
201600045208,16,12,7,1650,2,1,1,1,3,28,4877100,244747,940,2,3,3,0,1,1,35,105,1,0,1,99,0
201600045209,16,12,8,500,3,1,1,1,6,17,4883090,249004,940,1,3,2,0,4,3,0,0,1,1,1,99,0
201600045210,16,12,8,830,1,1,1,1,3,28,4876990,244912,940,2,3,3,0,1,1,30,105,1,0,1,99,0
201600045211,16,12,8,1010,1,1,1,1,5,28,4878790,244032,940,1,3,3,0,1,1,15,35,1,0,1,99,0
201600045212,16,12,8,1230,1,1,1,1,3,33,4885980,248561,940,1,3,2,0,1,2,0,70,1,0,1,99,0
201600045213,16,12,8,1900,2,1,1,1,6,18,4882630,239156,940,1,3,4,0,2,1,0,0,1,3,1,99,0
201600045214,16,12,9,1600,1,1,1,1,3,79,4883560,253903,940,1,3,8,0,1,1,20,280,1,0,1,99,0
201600045218,16,12,13,710,3,1,1,1,7,28,4877960,244231,940,2,3,1,0,1,3,0,0,1,3,1,99,0
201600045220,16,12,13,830,1,1,1,2,3,28,4879570,244294,940,1,3,4,0,1,1,0,0,2,0,1,99,0
201600045221,16,12,13,1045,1,1,1,1,4,73,4876170,238200,940,1,3,3,0,1,1,0,0,1,1,1,99,0
201600045222,16,12,13,1400,1,1,1,1,2,52,4883750,249391,940,1,3,2,0,1,1,0,0,1,1,1,99,0
201600045223,16,12,14,745,3,1,1,1,3,28,4878030,244150,940,2,3,2,0,1,1,20,70,1,0,1,99,0
201600045226,16,12,14,1500,1,1,1,1,4,52,4884180,249269,940,1,3,3,0,1,1,0,0,1,1,1,99,0
201600045228,16,12,15,1400,1,1,1,1,2,79,4883580,253972,940,1,3,4,0,2,1,15,140,1,0,1,99,0
201600045229,16,12,16,1210,1,1,1,1,3,17,4882790,250423,940,1,3,4,0,1,1,0,0,0,1,1,99,0
201600045231,16,12,19,840,2,1,1,1,7,46,4880550,244882,940,1,3,4,0,1,1,25,140,1,0,1,99,0
201600045232,16,12,19,1155,1,1,1,1,2,33,4885930,248613,940,1,3,2,0,1,1,25,70,1,0,1,99,0
201600045233,16,12,20,800,5,1,1,1,3,17,4882690,251275,940,1,3,4,0,1,1,15,140,1,1,1,99,0
201600045234,16,12,20,1220,1,1,1,1,6,69,4881720,244394,940,1,3,4,0,1,1,20,140,1,0,1,99,1
201600045235,16,12,20,1635,1,1,1,1,2,28,4877910,244120,940,1,3,2,0,2,2,0,0,1,0,1,99,0
201600045237,16,12,21,2015,5,1,1,2,2,58,4884530,249276,940,1,3,3,0,1,1,15,105,2,1,1,99,0
201600045238,16,12,22,800,3,1,1,2,4,15,4883020,252926,940,1,3,4,0,1,1,10,140,1,0,1,99,0
201600045239,16,12,22,1000,1,1,1,8,4,18,4882610,239184,940,1,3,6,0,1,1,0,0,2,3,1,99,0
201600045240,16,12,22,1920,1,1,1,1,2,18,4881890,240856,940,1,3,5,0,1,1,0,175,1,0,1,99,0
201600045244,16,12,27,700,5,1,1,1,6,17,4882980,248410,940,1,3,4,0,1,1,10,140,1,0,1,99,0
201600045245,16,12,28,1900,3,1,1,1,5,28,4878710,244033,940,1,3,3,0,1,1,0,105,1,0,1,99,0
201600045246,16,12,29,1700,1,1,1,1,3,33,4885400,248891,940,1,3,2,0,1,1,25,70,1,0,1,99,0
201600045248,16,12,31,2000,4,1,1,1,2,22,4877640,242026,940,1,3,3,0,1,1,25,105,2,2,1,99,0
201600045249,16,1,1,45,3,1,1,1,6,10,4888635,247337,930,1,1,2,0,3,2,15,70,1,0,1,0,0
201600045250,16,1,1,1345,1,1,1,1,6,27,4892735,240701,930,1,3,6,0,2,1,15,210,1,0,2,99,0
201600045252,16,1,2,2,3,1,1,1,6,5,4897411,248864,930,1,1,2,0,2,3,25,100,2,0,0,0,0
201600045253,16,1,1,2350,3,1,1,2,7,66,4893169,237001,930,1,3,3,0,1,1,20,105,2,0,1,0,0
201600045254,16,1,2,105,3,1,1,2,3,66,4892565,235703,930,1,3,6,0,2,3,20,105,2,2,1,0,0
201600045255,16,1,2,1100,1,1,1,1,2,277,4897350,248590,950,1,1,2,0,1,3,0,0,2,0,1,99,0
201600045256,16,1,2,1300,1,1,1,1,3,10,4888893,247376,930,1,1,4,0,1,1,15,140,1,0,1,99,0
201600045261,16,1,3,640,3,1,1,1,7,6,4886722,242675,930,1,1,4,0,1,1,15,140,1,0,1,99,0
201600045264,16,1,2,1910,1,1,1,2,2,66,4892212,236131,930,1,1,4,0,3,3,15,140,2,0,1,0,0
201600045265,16,1,2,2020,3,1,1,2,2,64,4886125,248382,930,1,1,1,0,2,2,15,35,2,0,1,99,0
201600045268,16,1,3,2120,4,1,1,2,2,27,4892840,241381,930,1,3,3,0,0,0,15,105,2,0,0,0,0
201600045273,16,1,5,825,5,1,1,1,6,66,4891390,235779,930,1,1,4,0,1,1,15,140,1,1,1,0,0
201600045274,16,1,3,1640,1,1,1,3,6,277,4897280,248720,950,1,1,1,0,3,3,0,0,2,0,1,99,0
201600045275,16,1,5,1120,1,1,1,1,1,64,4888393,246628,930,1,1,3,0,1,1,15,105,1,0,1,99,0