Num_Acc,an,mois,jour,hrmn,lum,agg,int,atm,col,com,lat,long,dep,catr,circ,nbv,vosp,prof,plan,lartpc,larrout,surf,infra,situ,env1,killed
201600045276,16,1,7,1020,1,1,1,3,5,66,4892206,235860,930,1,3,4,0,1,1,20,140,2,0,1,99,0
201600045278,16,10,9,620,3,1,1,1,3,13,4894173,242995,930,1,1,4,0,1,1,20,170,1,0,1,99,0
201600045279,16,1,7,1545,1,1,1,1,6,10,4888893,247374,930,1,1,4,0,1,1,15,140,1,0,1,99,0
201600045281,16,1,9,1800,3,1,1,1,6,64,4888657,248167,930,1,1,2,0,1,1,15,70,1,0,1,99,0
201600045282,16,10,1,10,3,1,1,2,2,78,4896007,252513,930,1,3,3,0,1,1,15,105,1,0,1,0,0
201600045286,16,1,10,210,3,1,1,3,2,66,4890251,235884,930,1,1,2,0,4,2,15,35,2,0,1,0,0
201600045288,16,1,10,1000,1,1,1,1,2,277,4897350,248590,950,1,1,2,0,4,2,0,0,2,0,1,99,0
201600045289,16,10,24,1440,1,1,1,2,6,27,4892841,241395,930,1,1,4,0,1,1,15,140,2,0,1,0,0
201600045291,16,1,10,1520,1,1,1,2,6,53,4890610,235852,930,1,1,2,0,2,2,0,100,2,3,1,0,0
201600045292,16,1,10,1725,2,1,1,2,6,5,4890249,235861,930,1,1,1,0,2,2,5,35,2,3,1,99,0
201600045293,16,10,24,150,3,1,1,2,6,5,4897314,248814,930,1,3,1,0,2,3,30,35,2,3,1,0,0
201600045297,16,1,11,1830,3,1,1,8,5,48,4887365,243704,930,1,3,3,0,1,1,15,105,1,0,1,0,0
201600045298,16,1,11,2330,3,1,1,1,2,13,4893874,241706,930,1,1,3,0,1,1,25,105,1,0,0,0,0
201600045301,16,1,13,300,3,1,1,1,6,277,4897350,248590,950,1,1,2,0,2,1,0,0,2,0,1,99,0
201600045303,16,1,12,1210,1,1,1,1,3,53,4888234,247199,930,1,3,3,0,1,1,10,105,1,0,1,0,0
201600045305,16,1,13,2045,5,1,1,1,3,29,4892393,242658,930,1,1,3,0,1,1,15,105,1,1,1,99,0
201600045306,16,1,12,1500,1,1,1,1,3,10,4891140,247587,930,1,0,3,0,0,0,15,105,0,0,0,0,0
201600045307,16,1,13,1805,3,1,1,1,6,8,4891200,243836,930,1,1,2,0,1,1,15,35,1,0,3,99,0
201600045310,16,1,16,145,4,1,1,1,7,5,4895984,252500,930,1,3,3,0,1,2,20,105,1,0,1,99,0
201600045313,16,1,17,1900,4,1,1,1,1,10,4888629,247313,930,1,1,3,0,1,1,25,105,1,0,2,0,0
201600045314,16,1,18,130,3,1,1,1,3,7,4893125,248096,930,1,3,6,0,1,1,15,210,1,0,0,0,0
201600045315,16,1,14,1030,1,1,1,1,2,27,4892421,238719,930,1,1,3,0,1,1,15,115,1,0,1,99,0
201600045318,16,1,19,1040,1,1,1,1,1,6,4886691,242531,930,1,3,4,0,1,1,15,140,1,0,2,99,0
201600045322,16,1,20,1545,1,1,1,1,3,10,4890317,247105,930,1,1,3,0,1,1,0,105,1,0,1,99,0
201600045326,16,1,21,1830,3,1,1,1,2,53,4888254,247296,930,1,1,2,0,1,1,15,70,1,3,1,0,0
201600045328,16,1,21,2040,3,1,1,1,6,64,4887120,248192,930,1,1,3,0,1,3,0,105,1,0,1,99,0
201600045329,16,1,22,2320,4,1,1,1,5,66,4892386,235723,930,1,3,4,0,1,1,15,140,2,0,1,0,0
201600045330,16,1,23,900,1,1,1,1,6,27,4892848,241358,930,1,1,3,0,1,2,0,105,2,0,3,99,0
201600045333,16,1,22,2030,3,1,1,2,6,27,4892786,240958,930,1,3,4,0,1,2,10,140,2,0,1,99,0
201600045334,16,1,24,1100,1,1,1,1,6,8,4890143,246899,930,1,1,2,0,3,3,0,100,2,3,1,0,0
201600045335,16,1,24,1230,1,1,1,1,1,27,4892786,240958,930,1,1,4,0,2,2,15,120,2,0,1,99,0
201600045336,16,1,25,125,4,1,1,1,7,5,4891916,247891,930,1,1,1,0,2,2,15,35,2,3,1,99,0
201600045337,16,1,25,730,3,1,1,1,6,66,4892932,236095,930,1,3,5,0,1,1,15,125,0,3,1,0,0
201600045342,16,1,25,1650,1,1,1,1,5,10,4888936,247383,930,1,1,3,0,1,1,15,105,1,0,1,99,0
201600045344,16,1,27,940,1,1,1,2,7,63,4887844,244714,930,1,0,3,0,1,1,15,105,2,0,0,99,0
201600045345,16,1,27,2105,5,1,1,1,4,8,4891152,244047,930,1,1,3,0,2,1,15,105,1,1,1,0,0
201600045346,16,1,28,15,3,1,1,3,6,494,4913059,255979,600,1,1,3,0,1,0,15,105,2,0,2,0,0
201600045347,16,1,28,1000,1,1,1,1,1,66,4891936,235754,930,1,1,4,0,1,1,15,140,1,1,1,0,0
201600045349,16,1,28,1445,1,1,1,1,2,27,4893627,240604,930,1,1,3,0,1,1,25,105,1,0,1,99,0
201600045350,16,1,28,1130,1,1,1,1,7,612,4919463,260369,600,1,1,1,0,3,3,15,35,1,0,0,0,0
201600045351,16,1,28,1750,3,1,1,1,3,1,4892105,237305,930,1,3,3,0,2,3,25,105,1,0,1,0,0
201600045354,16,1,29,2330,3,1,1,2,3,582,4896380,226830,950,1,1,2,0,2,3,0,0,2,3,1,99,1
201600045358,16,1,25,1830,2,1,1,1,3,53,4888342,245855,930,1,3,4,0,1,1,15,280,1,0,1,0,0
201600045365,16,1,31,1436,1,1,1,2,7,78,4895800,253076,930,1,3,4,0,1,2,15,140,2,3,2,99,0
201600045370,16,1,31,2115,3,1,1,2,6,5,4897294,248514,930,1,1,2,0,2,2,15,70,2,2,1,99,0
201600045371,16,1,31,1445,1,1,1,2,7,5,4896705,247751,930,1,0,4,0,1,1,15,140,2,0,0,0,0
201600045378,16,1,31,1330,1,1,1,2,6,27,4892338,238336,930,1,0,2,0,0,0,7,35,2,0,0,0,0
201600045379,16,2,1,1430,1,1,1,1,2,78,4895912,253600,930,1,1,3,0,1,3,15,105,1,0,1,0,0
201600045381,16,1,31,1400,1,1,1,1,6,53,4890997,235826,930,1,1,2,0,2,2,15,70,0,0,1,99,0
201600045383,16,2,2,715,2,1,1,1,2,66,4893170,237002,930,1,0,3,0,1,1,15,105,1,0,0,99,0
201600045384,16,2,2,1345,1,1,1,1,4,8,4891193,243925,930,1,1,3,0,1,1,15,105,1,1,1,99,0
201600045385,16,2,2,1645,1,1,1,2,6,10,4890625,247213,930,1,1,4,0,1,1,15,140,2,0,1,99,0
201600045386,16,2,2,2059,3,1,1,1,2,5,4896056,246798,930,1,3,4,0,1,1,35,140,1,0,1,0,0
201600045387,16,2,2,1715,1,1,1,1,6,66,4890430,235846,930,1,1,3,0,1,1,0,105,1,1,1,99,0
201600045388,16,2,2,1804,2,1,1,2,3,63,4887472,243925,930,1,3,6,0,1,1,15,105,2,0,1,0,0
201600045389,16,2,3,1455,1,1,1,1,5,5,4895619,247347,930,1,3,3,0,1,1,25,105,2,0,1,0,0
201600045390,16,2,3,1800,4,1,1,2,3,66,4892293,234504,930,1,1,4,0,1,1,15,140,2,0,1,0,0
201600045391,16,2,3,1959,3,1,1,1,6,63,4887525,244035,930,1,3,3,0,1,1,25,105,2,0,0,0,0
201600045393,16,2,4,1410,1,1,1,2,6,6,4886501,241628,930,1,1,1,0,3,2,0,35,2,3,1,0,0
201600045396,16,2,2,1015,1,1,1,1,4,66,4891483,235791,930,1,3,4,0,1,0,15,140,1,1,1,99,0
201600045398,16,2,5,1320,1,1,1,1,7,29,4892429,242655,930,1,3,3,0,1,1,15,35,1,1,1,99,0
201600045399,16,2,5,1730,1,1,1,1,3,6,4886561,241850,930,1,3,3,0,1,1,15,105,1,0,1,99,0
201600045400,16,2,6,1615,1,1,1,1,3,5,4892563,248141,930,1,0,1,0,1,1,105,35,1,0,0,0,0
201600045401,16,2,7,1100,1,1,1,1,6,5,4897310,249104,930,1,1,3,0,1,1,15,105,1,0,1,99,0
201600045402,16,2,7,515,4,1,1,9,6,66,4892619,235684,930,1,3,3,0,2,3,15,105,2,2,1,99,0
201600045404,16,2,8,1510,1,1,1,2,2,64,4887185,248152,930,1,1,3,0,1,2,15,105,2,0,1,0,0
201600045406,16,2,9,900,1,1,1,2,6,6,4886691,242531,930,1,1,3,0,1,3,15,105,2,0,1,0,0
201600045407,16,2,9,1600,1,1,1,1,6,53,4890610,235854,930,1,3,2,0,1,2,10,70,2,0,1,0,0
201600045408,16,2,9,1645,1,1,1,1,6,53,4890610,235854,930,1,3,2,0,2,2,25,70,2,0,1,99,0
201600045411,16,2,9,2315,3,1,1,2,6,5,4897387,248731,930,1,1,2,0,1,1,25,90,2,0,1,0,0
201600045412,16,2,9,900,1,1,1,2,6,78,4895800,253076,930,1,1,3,0,1,1,15,105,2,0,1,0,0
201600045416,16,2,10,1830,5,1,1,1,1,64,4888667,247919,930,1,0,2,0,1,1,15,70,1,0,1,0,0
201600045417,16,2,10,2000,5,1,1,1,2,582,4896660,227330,950,3,3,4,0,1,1,0,0,1,0,1,99,0
201600045419,16,2,11,1400,1,1,1,1,6,48,4887301,243528,930,1,3,4,0,1,1,15,140,1,0,1,0,0
201600045421,16,2,12,2355,3,1,1,1,6,63,4888096,245281,930,1,3,3,0,2,1,15,105,2,0,1,99,0
201600045426,16,2,13,1615,1,1,1,2,6,27,4892857,241494,930,1,1,3,0,1,2,15,105,2,0,1,0,0
201600045427,16,2,13,1840,3,1,1,2,6,5,4894558,247654,930,1,1,2,0,2,3,15,70,2,0,0,0,0
201600045434,16,2,13,1545,1,1,1,2,6,277,4897350,248590,950,1,1,1,0,2,3,0,0,2,0,3,99,0
201600045436,16,2,16,1020,1,1,1,1,7,78,4896474,255462,930,1,1,2,0,1,1,15,70,2,0,1,99,0
201600045439,16,2,18,630,2,1,1,1,2,66,4892933,236095,930,1,3,3,0,1,1,15,105,1,0,1,99,0
201600045444,16,2,20,300,3,1,1,2,6,277,4897350,248590,950,1,1,1,0,1,2,0,0,2,0,1,99,0
201600045445,16,2,19,2020,3,1,1,1,2,27,4893809,241365,930,1,1,4,0,1,1,15,140,1,0,1,99,0
201600045447,16,2,21,730,3,1,1,1,7,27,4893447,239766,930,1,1,3,0,1,1,15,105,1,0,3,99,0
201600045448,16,2,21,900,1,1,1,1,6,66,4892281,234639,930,1,1,3,0,1,1,15,105,1,0,1,99,0
201600045450,16,2,22,2130,3,1,1,1,6,53,4888427,246957,930,1,1,3,0,2,2,15,105,2,0,1,0,0
201600045451,16,2,22,1940,3,1,1,2,6,5,4891739,247835,930,1,3,3,0,1,1,15,105,2,0,1,0,0
201600045453,16,2,24,630,3,1,1,1,6,10,4888936,247383,930,1,1,3,0,1,1,0,120,1,0,1,0,0
201600045454,16,2,24,1220,1,1,1,1,2,7,4894558,243991,930,1,3,3,0,1,1,0,105,1,0,1,99,0
201600045456,16,2,25,1520,1,1,1,1,3,10,4888893,247375,930,1,1,4,0,1,3,15,140,1,0,1,0,0
201600045457,16,2,26,810,1,1,1,1,3,53,4889332,247229,930,1,0,3,0,1,1,15,105,1,3,0,99,0
201600045458,16,2,26,1510,1,1,1,1,5,27,4892251,237947,930,1,1,4,0,1,1,15,140,1,1,1,99,0
201600045459,16,2,26,1730,1,1,1,1,1,10,4890653,247247,930,1,0,3,0,1,1,15,105,1,0,1,0,0
201600045460,16,2,27,1845,1,1,1,1,6,27,4893723,241061,930,1,0,2,0,1,3,0,70,1,3,1,99,0
201600045461,16,2,27,1915,3,1,1,1,5,10,4891542,247759,930,1,0,3,0,1,1,15,105,1,1,1,99,0
201600045462,16,2,28,945,1,1,1,1,6,5,4895712,247339,930,1,1,3,0,1,1,15,105,1,0,1,99,0
201600045464,16,2,28,2320,3,1,1,1,7,5,4895079,247433,930,1,1,3,0,1,1,15,210,1,0,1,99,0
201600045467,16,3,1,820,1,1,1,1,7,66,4891855,235732,930,1,3,4,0,1,1,10,140,9,0,1,99,0
201600045468,16,3,1,900,1,1,1,1,4,78,4897137,249734,930,1,1,3,0,1,1,15,120,1,0,1,99,0
201600045469,16,2,29,1630,1,1,1,1,6,78,4896420,252025,930,1,3,3,0,1,1,15,105,1,0,2,99,0
201600045471,16,2,29,2010,3,1,1,1,6,63,4887510,243973,930,1,1,0,0,1,1,10,105,1,0,0,0,0
201600045474,16,3,2,1745,1,1,1,2,2,6,4886690,242530,930,1,1,4,0,1,3,15,140,2,0,1,99,0
201600045475,16,2,13,1015,1,1,1,1,7,27,4892774,240983,930,1,1,3,0,1,1,15,105,2,0,1,0,0
201600045477,16,3,2,920,1,1,1,2,4,5,4897294,248516,930,1,1,3,0,1,1,15,105,2,0,1,99,0
201600045479,16,3,3,2030,3,1,1,1,3,66,4892232,235858,930,1,0,3,0,1,1,15,105,1,0,1,0,0
201600045480,16,3,4,720,1,1,1,3,3,66,4892206,236404,930,1,1,4,0,1,1,15,140,2,0,1,0,0
201600045481,16,3,4,1700,1,1,1,1,4,48,4886737,245735,930,1,1,3,0,1,1,10,125,1,0,0,0,0
201600045484,16,3,4,1950,3,1,1,2,6,78,4896418,252023,930,1,1,3,0,1,4,20,125,2,0,1,0,0
201600045485,16,3,6,940,1,1,1,1,7,5,4896795,247950,930,1,1,1,3,2,2,0,70,1,3,1,0,0
201600045488,16,3,7,630,2,1,1,1,4,73,4896854,256561,930,1,3,3,0,1,1,15,105,1,0,1,99,0
201600045490,16,1,13,1415,1,1,1,1,5,66,4891573,235780,930,1,1,4,0,1,1,0,140,1,1,1,99,0
201600045492,16,3,8,845,1,1,1,1,4,64,4888719,247484,930,1,3,4,0,1,1,15,140,1,0,1,99,0
201600045493,16,3,9,2150,4,1,1,1,6,66,4892386,235721,930,1,1,1,0,1,1,15,35,1,2,0,0,0
201600045495,16,3,9,1845,3,1,1,1,3,66,4892206,235860,930,1,0,3,0,1,1,15,105,1,0,1,0,0
201600045496,16,3,10,700,1,1,1,1,4,27,4893720,240978,930,1,1,3,0,1,1,15,105,1,0,1,99,0
201600045497,16,3,10,1500,1,1,1,1,6,78,4896393,255217,930,1,3,3,0,1,1,15,105,1,0,3,99,0
201600045501,16,3,11,2030,5,1,1,1,2,7,4894243,243204,930,1,1,3,0,1,1,25,105,1,0,1,0,0
201600045502,16,3,11,2140,3,1,1,1,4,53,4888287,247086,930,1,3,6,0,1,1,15,210,1,0,1,99,0
201600045503,16,2,14,1130,1,1,1,1,6,277,4897350,248590,950,1,1,2,0,2,2,0,0,2,0,1,99,0
201600045504,16,1,3,850,3,1,1,1,1,27,4892842,241517,930,1,1,3,0,1,1,15,105,1,0,1,0,0
201600045505,16,1,27,840,1,1,1,2,2,66,4892933,236095,930,1,1,2,0,1,1,15,70,2,0,1,0,0
201600045509,16,1,25,1545,1,1,1,1,6,13,4894023,242355,930,1,0,3,0,0,0,0,0,0,0,0,0,0
201600045510,16,1,18,1840,1,1,1,1,6,5,4895533,247353,930,1,0,0,0,0,0,0,0,0,0,0,0,0
201600045511,16,3,12,2010,3,1,1,1,7,78,4896153,254480,930,1,1,0,0,1,0,0,0,1,0,2,0,0
201600045514,16,3,13,2345,3,1,1,1,4,10,4888893,247375,930,1,1,4,0,1,1,35,35,1,2,1,0,0
201600045515,16,3,13,2153,3,1,1,1,7,73,4896691,256073,930,1,3,6,0,1,1,20,105,1,0,2,0,0
201600045517,16,3,13,1700,1,1,1,1,4,5,4896118,246897,930,1,1,3,0,1,1,15,35,1,0,1,0,0
201600045518,16,3,15,2100,3,1,1,1,3,64,4888379,246812,930,1,3,4,0,1,0,20,140,1,3,1,99,0
201600045519,16,3,16,1845,1,1,1,1,6,6,4886529,241895,930,1,3,3,0,0,3,0,75,1,3,1,99,0
201600045520,16,3,17,715,1,1,1,1,2,277,4897350,248590,950,1,1,2,0,2,2,0,0,1,0,1,99,0
201600045521,16,3,17,650,1,1,1,1,2,5,4892595,248127,930,1,1,3,0,1,1,15,105,1,0,1,0,0
201600045523,16,3,17,1310,1,1,1,1,4,8,4891191,243924,930,1,3,3,0,1,1,0,75,1,1,1,99,0
201600045524,16,3,12,1400,1,1,1,1,3,64,4888377,246796,930,1,1,2,0,1,1,15,70,1,3,1,99,0
201600045526,16,3,9,900,1,1,1,3,3,5,4895947,246576,930,1,3,2,0,1,1,15,70,2,0,1,0,0
201600045529,16,3,20,2200,3,1,1,1,7,27,4892827,241224,930,1,0,0,0,1,1,15,105,1,0,1,99,0
201600045531,16,3,22,945,1,1,1,1,2,5,4894574,247673,930,1,1,3,0,1,1,15,100,1,0,1,99,0
201600045532,16,3,22,1610,1,1,1,1,6,66,4891936,235754,930,1,3,4,0,1,1,20,300,1,0,1,99,0
201600045538,16,1,16,510,5,1,1,1,2,8,4890892,244906,930,1,3,3,0,1,1,0,35,1,1,1,99,0
201600045539,16,3,25,1150,1,1,1,1,6,53,4890970,235826,930,1,3,2,0,4,2,15,100,2,0,1,99,0
201600045542,16,3,25,1325,1,1,1,2,6,53,4890341,235875,930,1,1,2,0,2,3,15,35,2,0,1,99,0
201600045543,16,3,25,1610,1,1,1,1,4,78,4889069,247319,930,1,2,2,0,1,1,15,35,1,0,1,99,0
201600045544,16,3,25,1610,1,1,1,1,3,53,4896351,255094,930,1,0,3,0,1,1,15,105,1,0,0,0,0
201600045546,16,3,28,1215,1,1,1,8,6,5,4897260,248493,930,1,1,2,0,3,2,15,70,2,3,1,0,0
201600045548,16,3,28,2000,2,1,1,3,3,78,4896362,252128,930,1,3,3,0,1,3,15,200,2,0,1,99,0
201600045549,16,3,28,1120,1,1,1,2,7,27,4892816,241159,930,1,1,4,0,1,0,15,140,2,0,3,99,0
201600045550,16,3,29,500,3,1,1,1,2,1,4892094,237170,930,1,1,3,0,1,2,15,105,2,0,1,99,0
201600045551,16,3,28,1250,1,1,1,2,4,5,4896797,250964,930,1,1,3,0,1,2,15,105,2,0,1,0,0
201600045553,16,3,29,1725,1,1,1,1,3,6,4886589,242118,930,1,0,4,0,1,1,10,140,2,0,1,0,0
201600045554,16,3,29,1830,1,1,1,1,4,27,4893780,241237,930,1,3,4,0,3,1,25,140,2,3,1,0,0
201600045555,16,3,30,725,1,1,1,2,3,27,4893814,241448,930,1,1,3,0,1,1,35,25,2,0,1,99,0
201600045556,16,3,30,840,1,1,1,1,4,5,4893304,248071,930,1,3,3,0,1,1,15,30,2,0,1,99,0
201600045558,16,3,30,1745,1,1,1,2,3,6,4886996,243019,930,1,1,4,0,1,3,0,0,2,1,1,99,0
201600045559,16,3,30,1939,1,1,1,2,3,10,4889699,247000,930,1,1,3,0,1,0,0,0,2,0,1,99,0
201600045560,16,3,30,1400,1,1,1,2,4,66,4893237,237256,930,1,3,4,0,1,1,15,35,2,0,1,99,0
201600045564,16,3,29,1240,1,1,1,1,1,64,4888130,247421,930,1,0,4,0,1,1,15,140,1,0,1,0,0
201600045565,16,4,1,1300,1,1,1,1,3,1,4892143,237571,930,1,1,4,0,1,1,15,140,1,0,1,99,0
201600045566,16,4,1,1435,1,1,1,1,1,66,4891034,235825,930,1,1,4,0,1,1,15,140,0,1,1,0,0
201600045567,16,4,3,400,3,1,1,2,2,64,4886675,248163,930,1,3,3,0,1,1,15,105,2,0,1,99,0
201600045569,16,4,3,805,1,1,1,1,3,1,4892181,236544,930,1,1,3,0,1,3,15,105,2,0,1,0,0
201600045572,16,4,4,830,1,1,1,8,6,78,4895842,253351,930,1,1,4,0,1,1,15,140,2,0,1,0,0
201600045573,16,4,4,1600,1,1,1,1,6,13,4894080,242537,930,1,3,4,0,1,1,0,150,1,0,1,0,0
201600045575,16,4,6,930,1,1,1,1,2,5,4896021,247343,930,1,3,3,0,1,1,10,105,1,0,1,99,0
201600045576,16,4,6,830,1,1,1,1,3,10,4890403,247153,930,1,3,3,0,1,1,25,105,1,0,1,0,0
201600045579,16,4,6,1215,1,1,1,1,4,66,4891390,235780,930,1,1,4,0,1,1,0,140,1,1,1,0,0
201600045580,16,4,6,2115,3,1,1,1,5,612,4918179,260470,600,1,3,0,0,1,1,15,105,2,0,1,99,0
201600045581,16,4,6,1930,1,1,1,2,2,27,4892475,239130,930,1,1,3,0,1,1,15,105,2,0,1,99,0
201600045584,16,4,7,1500,1,1,1,2,4,73,4896612,255828,930,1,1,2,0,1,1,15,60,2,0,1,0,0
201600045585,16,4,7,1646,1,1,1,2,4,5,4892698,248156,930,1,1,3,0,1,1,15,35,2,3,1,0,0
201600045588,16,4,7,655,1,1,1,1,3,10,4888893,247375,930,1,1,5,0,1,1,15,175,1,0,1,99,0
201600045590,16,4,8,1015,1,1,1,1,3,48,4885861,248751,930,1,0,2,0,0,0,15,35,0,0,0,0,0
201600045593,16,4,9,345,4,1,1,1,2,53,4889613,247042,930,1,3,5,0,1,1,15,350,1,0,1,99,0
201600045594,16,4,9,2245,3,1,1,1,6,5,4896072,246789,930,1,1,2,0,1,1,0,70,2,0,2,99,0
201600045595,16,4,10,810,1,1,1,1,2,78,4895899,252759,930,1,1,3,0,0,3,15,105,2,0,1,0,0
201600045597,16,4,11,1100,1,1,1,2,6,27,4892827,241224,930,1,1,3,0,2,2,15,105,2,0,1,0,1
201600045598,16,4,11,1520,1,1,1,1,6,7,4893141,248115,930,1,1,0,0,2,2,0,0,2,3,1,99,0
201600045599,16,4,12,1238,1,1,1,1,6,5,4895177,247432,930,1,3,3,0,1,1,5,105,1,0,1,99,0
201600045600,16,4,8,900,1,1,1,1,2,612,4917798,260453,600,1,1,3,0,1,1,105,35,1,0,1,99,0
201600045601,16,4,11,1600,1,1,1,2,2,6,4886638,241320,930,1,2,4,0,1,1,0,140,2,0,1,0,0
201600045602,16,4,13,930,1,1,1,2,4,7,4894926,244675,930,1,1,3,0,1,1,15,105,2,0,1,99,0
201600045603,16,4,13,2000,1,1,1,1,1,6,4886567,241990,930,1,1,4,0,1,1,15,140,1,0,1,0,0
201600045604,16,4,13,1340,1,1,1,1,2,7,4894235,243179,930,1,1,4,0,1,1,15,140,1,0,1,0,0
201600045609,16,4,15,2255,3,1,1,1,3,1,4892087,237174,930,1,1,1,0,2,2,0,35,1,0,3,99,0
201600045611,16,4,16,2048,3,1,1,1,3,5,4892070,247931,930,1,1,0,0,1,1,35,25,1,0,1,0,0
201600045613,16,4,12,1835,1,1,1,1,7,66,4890385,235850,930,1,3,4,0,2,1,15,280,1,0,1,99,0
201600045614,16,4,11,1830,1,1,1,2,4,27,4892468,238982,930,1,3,2,0,2,2,15,140,2,2,1,99,0
201600045617,16,4,18,1710,1,1,1,1,6,39,4892731,233419,930,1,0,2,0,1,2,15,35,1,0,1,99,0
201600045620,16,4,19,1500,1,1,1,1,6,6,4886690,242530,930,1,0,4,0,1,1,15,140,1,0,1,0,0
201600045621,16,4,19,1700,1,1,1,1,4,5,4893795,248004,930,1,1,3,0,1,1,15,105,1,0,0,99,0
201600045624,16,4,18,1410,1,1,1,1,3,7,4893146,248109,930,1,3,3,0,1,1,15,210,1,0,1,99,0
201600045625,16,4,20,715,1,1,1,1,4,48,4887244,243413,930,1,3,4,0,1,1,15,210,1,0,1,99,0
201600045626,16,4,18,2050,2,1,1,1,2,66,4892279,234501,930,1,3,3,0,1,1,15,210,1,0,1,99,0
201600045630,16,4,22,45,3,1,1,1,5,64,4888392,246628,930,1,1,4,0,1,1,15,35,1,3,1,0,0
201600045632,16,4,22,1500,1,1,1,1,2,66,4890970,235810,930,1,3,4,0,1,1,10,140,1,1,1,0,0
201600045634,16,4,22,1805,1,1,1,1,7,631,4914216,257363,600,1,1,3,0,1,1,20,135,1,0,1,99,0
201600045635,16,4,22,2120,3,1,1,1,3,10,4889158,247300,930,1,1,5,0,1,1,25,350,1,0,1,0,0
201600045637,16,4,24,1700,1,1,1,2,2,53,4888561,247267,930,1,1,0,0,2,3,0,0,2,0,1,0,0
201600045638,16,4,24,1915,1,1,1,1,2,27,4893720,240978,930,1,1,4,0,1,1,15,140,1,0,1,99,0
201600045640,16,4,26,1430,1,1,1,1,6,66,4892232,235858,930,1,1,4,0,3,1,15,140,2,2,1,0,0
201600045641,16,4,26,2015,1,1,1,2,6,582,4896240,226390,950,3,1,2,0,3,3,0,0,2,0,1,99,0
201600045643,16,4,27,1015,1,1,1,1,3,48,4887124,243205,930,1,1,4,0,1,1,15,140,1,1,1,0,0
201600045644,16,4,27,1640,1,1,1,1,4,10,4888936,247383,930,1,3,3,0,1,1,10,105,1,0,1,99,0
201600045645,16,4,27,1700,1,1,1,1,3,53,4888196,245508,930,1,1,4,0,2,1,20,170,1,0,2,99,0
201600045648,16,4,28,940,1,1,1,1,7,494,4912622,255766,600,1,1,2,0,1,3,15,70,2,3,1,0,0
201600045651,16,4,28,2350,3,1,1,1,7,631,4915160,258513,600,1,1,4,0,1,1,20,140,1,0,1,99,0
201600045652,16,4,26,900,1,1,1,2,2,66,4892349,235701,930,1,3,6,0,1,1,15,210,2,0,1,0,0
201600045654,16,4,30,440,3,1,1,3,3,10,4889348,247222,930,1,1,2,0,1,3,25,90,2,0,1,0,0
201600045655,16,4,30,630,2,1,1,2,7,612,4918628,260504,600,1,1,3,0,1,2,10,130,2,0,3,99,0
201600045657,16,5,1,2305,3,1,1,1,3,27,4892707,240570,930,1,1,3,0,1,1,15,36,1,0,1,99,0
201600045659,16,5,2,1735,1,1,1,1,4,66,4891936,235754,930,1,1,4,0,1,1,15,140,1,0,1,99,0
201600045660,16,5,2,1810,1,1,1,1,4,53,4888893,247975,930,1,1,3,0,2,1,15,105,1,0,1,99,0
201600045662,16,5,3,1000,1,1,1,1,5,27,4892682,240440,930,1,1,3,0,1,1,15,105,1,0,1,0,0
201600045663,16,5,3,1950,1,1,1,1,4,203,4897760,228930,950,3,3,4,0,1,1,0,0,1,0,1,99,0
201600045664,16,5,4,1430,1,1,1,1,6,5,4894656,247639,930,1,0,0,0,1,1,0,70,1,0,0,99,0
201600045665,16,5,4,1521,1,1,1,1,5,30,4893936,241962,930,1,1,3,0,1,1,20,130,1,3,1,99,0
201600045667,16,5,4,1742,1,1,1,1,2,631,4915699,259234,600,1,1,3,0,1,1,35,25,1,0,2,0,0
201600045668,16,5,6,1005,1,1,1,1,3,66,4891210,235790,930,1,0,4,0,1,1,0,0,1,0,1,0,0
201600045670,16,5,7,215,3,1,1,1,6,66,4892630,233722,930,1,3,0,0,0,0,0,0,0,0,1,0,0
201600045671,16,5,6,1330,1,1,1,1,4,66,4891660,235756,930,1,1,0,0,1,0,0,0,1,1,1,99,0
201600045672,16,5,6,1700,1,1,1,1,2,5,4894568,247669,930,1,1,0,0,1,0,0,0,1,0,0,99,0
201600045674,16,5,7,1500,1,1,1,1,4,63,4887835,244648,930,1,1,3,0,1,1,15,105,1,1,1,99,0
201600045675,16,5,8,2145,3,1,1,1,6,13,4894504,243881,930,1,1,3,0,0,0,0,0,0,0,2,0,0
201600045677,16,5,9,930,1,1,1,1,4,78,4896526,255566,930,1,1,3,0,1,1,15,105,0,0,1,99,0
201600045678,16,5,10,500,3,1,1,8,2,66,4892812,235798,930,1,3,6,0,3,3,20,230,2,2,1,0,0
201600045679,16,5,10,730,1,1,1,1,3,10,4890404,247135,930,1,1,3,0,1,1,15,105,2,0,1,99,0
201600045680,16,5,10,1115,1,1,1,1,3,64,4886674,248163,930,1,1,0,0,1,1,15,105,1,0,1,99,0
201600045681,16,5,7,2320,3,1,1,1,2,277,4897610,248120,950,3,3,4,0,1,1,0,0,1,0,1,99,0
201600045683,16,5,3,1915,1,1,1,1,4,6,4886723,242675,930,1,1,4,0,2,1,20,160,1,0,1,99,0
201600045686,16,5,12,840,1,1,1,1,4,29,4891914,242851,930,1,1,0,0,1,1,25,35,1,0,1,0,0