Num_Acc,an,mois,jour,hrmn,lum,agg,int,atm,col,com,lat,long,dep,catr,circ,nbv,vosp,prof,plan,lartpc,larrout,surf,infra,situ,env1,killed
201600045688,16,5,12,800,1,1,1,1,1,66,4892221,235995,930,1,3,3,0,1,1,10,105,1,0,1,99,0
201600045691,16,5,13,5,3,1,1,1,6,27,4892847,241358,930,1,1,3,0,2,1,25,210,2,0,2,99,0
201600045692,16,5,11,1940,1,1,1,1,3,8,4891099,244141,930,1,3,3,0,1,1,15,35,1,1,1,99,0
201600045694,16,5,11,1600,1,1,1,2,2,63,4888080,245221,930,1,3,3,0,2,1,15,35,2,0,1,99,0
201600045696,16,5,11,1330,1,1,1,2,2,53,4888335,245795,930,1,1,3,0,1,1,15,105,2,0,1,99,0
201600045698,16,5,13,1830,1,1,1,1,5,48,4887301,243528,930,1,1,4,0,1,1,15,140,1,0,1,99,0
201600045700,16,5,14,1525,1,1,1,1,7,5,4896803,247786,930,1,1,1,0,1,3,0,35,1,0,1,99,0
201600045701,16,5,15,40,3,1,1,1,4,64,4887336,248005,930,1,3,6,0,1,1,20,210,1,0,1,0,0
201600045704,16,5,15,1455,1,1,1,1,2,7,4895432,245647,930,1,0,3,0,0,0,0,0,0,0,1,0,0
201600045706,16,5,15,1940,1,1,1,1,1,64,4887906,247610,930,1,1,2,0,1,1,15,80,1,0,1,99,0
201600045707,16,5,15,125,3,1,1,1,1,13,4893997,242221,930,1,3,3,0,0,0,0,0,0,0,1,0,0
201600045712,16,5,14,550,2,1,1,1,2,66,4890296,235879,930,1,1,2,0,1,1,0,30,1,0,1,99,0
201600045713,16,5,14,1130,1,1,1,1,5,7,4894673,244201,930,1,3,8,0,1,1,15,280,1,1,1,99,0
201600045714,16,5,4,900,1,1,1,1,5,5,4893497,247754,930,1,1,3,0,2,1,0,105,1,0,0,0,0
201600045715,16,5,18,1020,1,1,1,1,7,78,4896392,255217,930,1,3,3,0,0,0,0,0,0,0,1,0,0
201600045716,16,4,29,1805,1,1,1,1,5,66,4891031,235797,930,1,1,4,0,1,1,0,140,1,1,1,99,0
201600045717,16,5,11,1515,1,1,1,1,2,63,4887618,244190,930,1,1,3,0,1,1,15,105,2,0,1,0,0
201600045719,16,5,19,745,1,1,1,2,5,66,4891899,235729,930,1,3,0,0,1,1,15,220,2,0,1,0,0
201600045720,16,5,19,1610,1,1,1,1,4,66,4891390,235780,930,1,1,4,0,1,1,0,140,1,1,1,99,0
201600045721,16,5,20,2030,1,1,1,1,6,73,4896724,256211,930,1,1,3,0,1,1,15,105,1,0,1,0,0
201600045722,16,5,22,630,1,1,1,8,2,66,4892994,236415,930,1,1,5,0,2,1,0,175,2,0,1,99,0
201600045724,16,5,22,945,1,1,1,2,7,5,4896695,247769,930,1,1,2,0,2,1,0,70,3,0,1,99,0
201600045726,16,5,22,1340,1,1,1,3,6,64,4888627,248464,930,1,3,2,0,2,2,15,70,2,0,1,0,0
201600045730,16,5,22,2130,3,1,1,2,6,64,4888392,246628,930,1,1,2,0,4,1,15,70,2,0,1,0,0
201600045732,16,5,23,130,3,1,1,2,2,6,4886992,243034,930,1,1,4,0,4,1,15,140,2,0,1,0,0
201600045736,16,5,23,1330,1,1,1,2,2,6,4886690,242530,930,1,1,4,0,1,1,15,140,2,1,1,0,0
201600045737,16,5,23,1400,1,1,1,2,7,27,4892817,241758,930,1,3,3,0,3,2,25,210,2,0,2,99,0
201600045738,16,5,23,1350,1,1,1,2,3,78,4896309,252225,930,1,3,3,0,1,1,35,15,2,0,2,99,0
201600045740,16,5,24,830,1,1,1,1,4,582,4896250,226330,950,3,1,2,0,1,1,0,0,1,0,1,99,0
201600045741,16,5,23,2050,1,1,1,1,6,64,4887258,248072,930,1,1,0,0,1,0,0,0,2,0,1,99,0
201600045742,16,5,19,1135,1,1,1,1,3,8,4890827,245161,930,1,1,3,0,1,1,0,105,1,1,1,0,0
201600045743,16,5,23,1908,1,1,1,2,6,78,4896418,252023,930,1,2,3,0,2,2,15,210,2,0,1,0,0
201600045745,16,5,23,1640,1,1,1,2,2,64,4886426,248225,930,1,3,6,0,1,2,15,210,2,1,1,0,0
201600045746,16,5,23,1830,1,1,1,1,5,66,4892093,237379,930,1,3,4,0,2,2,20,280,1,2,1,99,0
201600045747,16,5,18,2000,1,1,1,1,6,10,4889707,246963,930,1,1,3,0,1,1,0,105,2,0,0,0,0
201600045749,16,5,18,1900,1,1,1,2,4,53,4888335,245795,930,1,1,0,0,1,1,0,105,2,0,1,0,0
201600045750,16,5,25,650,1,1,1,1,4,7,4894214,247816,930,1,1,0,0,1,0,0,0,1,0,1,99,0
201600045752,16,5,22,1240,1,1,1,1,3,27,4892786,240958,930,1,1,4,0,2,2,0,140,2,3,1,0,0
201600045755,16,2,27,1744,1,1,1,1,3,78,4897101,249971,930,1,1,2,0,1,1,20,100,1,0,1,99,0
201600045761,16,5,28,1600,1,1,1,2,2,53,4889112,247331,930,1,1,4,0,2,1,0,120,2,0,1,0,0
201600045764,16,5,29,210,5,1,1,1,6,8,4891123,244085,930,1,1,4,0,1,2,0,35,1,1,1,0,0
201600045765,16,5,29,30,5,1,1,1,2,66,4892115,235741,930,1,1,4,0,1,1,40,35,1,0,1,99,0
201600045767,16,5,29,1100,1,1,1,1,6,27,4892337,238337,930,1,3,4,0,1,1,10,140,1,0,1,99,0
201600045770,16,5,30,2120,3,1,1,2,7,27,4892846,241633,930,1,3,4,0,1,2,20,250,2,0,1,99,0
201600045773,16,5,31,550,2,1,1,3,6,27,4892856,241493,930,1,1,0,0,2,2,0,0,2,0,1,99,0
201600045774,16,5,2,920,1,1,1,1,4,8,4890826,245161,930,1,1,4,0,1,1,0,0,1,0,1,0,0
201600045775,16,5,24,1650,1,1,1,1,2,7,4894628,244190,930,1,1,4,0,1,1,15,140,1,1,1,99,0
201600045776,16,5,29,1905,1,1,1,1,4,63,4887806,244575,930,1,1,3,0,1,1,15,105,1,1,1,99,0
201600045777,16,5,31,2200,3,1,1,2,7,277,4897350,248590,950,1,1,2,0,2,2,0,0,2,0,1,99,0
201600045778,16,5,31,2140,3,1,1,2,6,27,4892774,240983,930,1,3,3,0,0,0,0,0,2,0,1,0,0
201600045779,16,5,31,2315,3,1,1,2,6,66,4893447,239765,930,1,1,3,0,1,3,15,25,2,0,1,99,0
201600045782,16,5,31,2040,1,1,1,2,7,64,4888458,249093,930,1,1,1,0,1,3,0,35,2,0,1,0,0
201600045783,16,6,1,1415,1,1,1,1,7,612,4918842,260415,600,1,1,1,0,2,3,0,35,1,0,3,0,0
201600045785,16,6,1,1800,1,1,1,3,5,612,4919538,260397,600,1,1,3,0,1,1,15,135,2,0,1,99,0
201600045786,16,6,1,1900,1,1,1,2,2,63,4887780,244519,930,1,1,3,0,1,1,15,105,2,1,1,99,0
201600045787,16,6,2,1635,1,1,1,1,1,78,4896357,255094,930,1,3,3,0,1,1,10,105,2,0,1,99,0
201600045788,16,6,2,1700,1,1,1,2,5,10,4888903,247392,930,1,3,3,0,1,1,0,105,2,0,1,0,0
201600045790,16,6,3,1015,1,1,1,2,1,66,4891899,235729,930,1,1,3,0,3,2,15,105,2,0,1,0,0
201600045791,16,4,30,600,2,1,1,1,6,5,4893780,247988,930,1,0,2,0,2,3,0,0,2,3,1,99,0
201600045794,16,6,3,1450,1,1,1,1,2,63,4887835,244648,930,1,3,4,0,1,1,10,140,0,1,1,99,0
201600045795,16,6,3,2230,3,1,1,1,4,53,4889491,247105,930,1,1,4,0,1,1,15,350,1,0,1,99,0
201600045796,16,6,3,1945,1,1,1,1,7,78,4896342,252122,930,1,3,3,0,1,3,15,105,1,0,0,0,0
201600045797,16,6,4,1045,1,1,1,1,2,5,4895009,247483,930,1,3,3,0,1,1,15,105,1,0,1,99,0
201600045801,16,6,5,300,3,1,1,2,6,27,4892817,241761,930,1,1,3,0,1,2,15,35,2,0,1,0,0
201600045803,16,6,5,645,1,1,1,2,6,27,4892911,255004,930,1,3,3,0,2,2,15,105,2,0,1,0,0
201600045804,16,6,5,655,1,1,1,2,1,27,4892829,241227,930,1,3,3,0,2,1,15,105,2,0,1,0,0
201600045805,16,6,5,1100,1,1,1,1,1,27,4892774,240983,930,1,0,0,0,0,2,0,0,2,0,0,0,0
201600045806,16,6,1,545,1,1,1,3,5,277,4897280,248720,950,1,1,2,0,2,2,0,0,2,2,1,99,0
201600045807,16,6,5,1155,1,1,1,1,1,48,4887179,243337,930,1,3,3,0,1,1,0,0,1,0,1,99,0
201600045809,16,6,5,1720,1,1,1,1,4,63,4888035,245111,930,1,1,4,0,1,1,15,140,1,1,1,0,0
201600045810,16,6,5,2310,3,1,1,1,2,277,4897580,248220,950,3,3,4,0,1,1,0,0,1,0,1,99,0
201600045812,16,6,6,840,1,1,1,5,6,5,4896803,247786,930,1,1,4,0,1,1,0,140,2,0,1,0,0
201600045816,16,6,6,1900,1,1,1,1,3,53,4888979,247343,930,1,1,3,0,1,1,15,105,1,0,1,0,0
201600045818,16,6,6,1002,1,1,1,1,7,138,4922217,264058,600,1,1,2,0,1,1,15,70,2,0,1,99,0
201600045821,16,6,7,1450,1,1,1,1,3,53,4889372,247234,930,1,1,5,0,1,1,15,175,1,3,1,0,0
201600045823,16,6,7,2020,1,1,1,1,3,6,4886581,242172,930,1,3,4,0,1,1,15,140,1,0,1,0,0
201600045828,16,6,8,1930,1,1,1,1,3,66,4892209,236411,930,1,1,0,0,2,1,30,125,1,0,1,0,0
201600045831,16,6,9,1810,1,1,1,1,2,5,4892330,248049,930,1,0,3,0,1,1,15,105,1,0,1,0,0
201600045833,16,6,10,1430,1,1,1,1,7,78,4895830,252809,930,1,1,3,0,2,3,15,105,1,0,1,99,0
201600045834,16,6,10,2030,1,1,1,1,2,10,4890653,247247,930,1,1,0,0,1,0,0,0,1,0,1,99,0
201600045838,16,6,12,1500,1,1,1,2,3,5,4897320,248834,930,1,1,2,0,1,3,15,70,2,0,1,0,0
201600045839,16,6,12,2140,2,1,1,8,6,66,4892812,235798,930,1,3,3,0,4,3,20,230,2,2,1,99,0
201600045840,16,6,12,2310,3,1,1,2,6,27,4892829,241227,930,1,3,7,0,1,2,15,250,2,2,2,0,0
201600045841,16,6,12,1025,1,1,1,1,6,10,4891455,247732,930,1,1,3,0,1,1,15,105,1,0,1,0,0
201600045847,16,6,13,1430,1,1,1,1,7,8,4891573,243024,930,1,1,3,0,1,1,15,105,1,1,1,99,0
201600045850,16,6,14,10,3,1,1,1,7,53,4888230,245558,930,1,3,6,0,2,1,15,220,1,0,1,0,0
201600045851,16,6,14,1515,1,1,1,1,4,277,4897710,247530,950,3,3,4,0,1,1,0,0,1,0,1,99,0
201600045852,16,6,14,1830,1,1,1,1,2,53,4889113,247340,930,1,3,2,0,2,2,15,70,1,0,0,0,0
201600045853,16,6,14,1930,1,1,1,1,2,78,4896357,255094,930,1,3,3,0,1,1,0,75,1,0,1,99,0
201600045854,16,6,14,2120,3,1,1,8,2,27,4892774,240983,930,1,1,2,0,4,2,15,140,2,0,1,0,0
201600045855,16,6,15,515,3,1,1,2,6,10,4891311,247695,930,1,1,3,0,1,1,15,105,2,0,1,0,0
201600045856,16,6,15,740,1,1,1,2,3,5,4896803,247786,930,1,1,3,0,1,1,15,105,2,0,1,0,0
201600045857,16,6,15,745,1,1,1,3,6,582,4896420,226810,950,3,3,4,0,1,3,0,0,2,0,1,99,0
201600045858,16,6,15,1810,1,1,1,1,5,64,4887709,247766,930,1,3,3,0,1,1,15,105,1,3,1,0,0
201600045859,16,6,15,1930,1,1,1,1,3,64,4887510,247872,930,1,3,3,0,1,3,15,105,1,0,1,0,0
201600045866,16,6,17,1340,1,1,1,2,3,66,4892209,236411,930,1,1,0,0,1,0,0,0,2,0,1,99,0
201600045868,16,6,16,1430,1,1,1,1,6,5,4894983,247739,930,1,1,0,0,1,0,0,0,2,0,0,99,0
201600045870,16,6,15,1230,1,1,1,1,4,66,4893315,237708,930,1,1,4,0,1,1,15,140,1,0,1,0,0
201600045872,16,6,17,1710,1,1,1,1,5,48,4887301,243528,930,1,0,4,0,1,1,15,140,1,0,1,99,0
201600045874,16,6,19,600,1,1,1,1,6,13,4893873,241615,930,1,1,3,0,1,1,15,105,1,0,2,99,0
201600045876,16,6,18,2020,1,1,1,1,7,27,4892337,238337,930,1,1,3,0,3,2,15,105,1,2,1,0,0
201600045878,16,6,20,1410,1,1,1,2,4,53,4888192,245516,930,1,1,3,0,1,1,0,105,2,0,1,0,0
201600045880,16,6,20,2230,4,1,1,2,3,78,4895842,253351,930,1,1,3,0,1,0,20,230,2,0,1,99,0
201600045884,16,6,20,1948,1,1,1,2,6,27,4892844,241527,930,1,1,3,0,1,1,35,25,2,0,1,99,0
201600045887,16,6,21,1605,1,1,1,2,7,13,4894145,242875,930,1,1,4,0,1,1,20,170,2,0,1,0,0
201600045889,16,6,23,805,1,1,1,1,1,66,4893130,236856,930,1,0,4,0,0,0,0,0,1,0,0,99,0
201600045890,16,6,4,1810,1,1,1,1,2,66,4891899,235729,930,1,1,4,0,1,1,15,140,1,0,1,99,0
201600045891,16,6,17,1545,1,1,1,2,5,66,4892261,234772,930,1,1,4,0,1,1,15,140,2,0,1,99,0
201600045893,16,6,24,1105,1,1,1,1,6,64,4886682,248142,930,1,0,3,0,1,1,15,105,1,1,1,99,0
201600045894,16,6,20,910,1,1,1,1,7,64,4888670,247783,930,1,1,1,0,1,3,0,35,1,0,1,99,0
201600045895,16,6,24,2220,3,1,1,1,7,53,4888189,247395,930,1,1,3,0,1,2,15,105,1,0,1,0,0
201600045897,16,6,24,1100,1,1,1,1,7,66,4892903,235971,930,1,1,2,0,2,1,15,70,1,0,1,99,0
201600045898,16,6,25,835,1,1,1,1,6,5,4896501,247476,930,1,0,4,0,1,1,15,140,1,0,1,99,0
201600045899,16,6,25,1630,1,1,1,1,2,73,4896726,256215,930,1,1,3,0,1,1,15,35,1,0,1,99,0
201600045900,16,6,24,1950,1,1,1,1,3,66,4892261,234772,930,1,1,4,0,1,1,15,140,1,0,1,0,0
201600045902,16,6,26,1820,1,1,1,1,2,8,4889938,246927,930,1,1,5,0,1,1,35,25,1,0,0,0,0
201600045903,16,6,26,409,3,1,1,1,6,78,4895791,253072,930,1,3,5,0,1,1,15,175,1,0,1,99,0
201600045904,16,6,27,30,5,1,1,1,2,27,4892337,238337,930,1,1,4,0,1,1,15,140,1,1,1,99,0
201600045908,16,6,27,1602,1,1,1,1,2,13,4893873,241615,930,1,3,4,0,1,1,10,140,1,0,1,99,0
201600045913,16,6,29,150,3,1,1,1,2,7,4895326,245419,930,1,1,4,0,1,1,15,140,1,0,1,99,0
201600045914,16,6,29,850,1,1,1,1,5,5,4895942,246599,930,1,3,4,0,1,1,10,140,1,0,1,99,0
201600045915,16,5,3,1830,1,1,1,1,4,78,4896514,255584,930,1,3,2,0,1,1,15,30,1,0,1,99,0
201600045916,16,6,29,1000,1,1,1,1,3,63,4887994,245060,930,1,1,4,0,2,1,20,170,1,0,1,99,0
201600045922,16,6,28,1945,1,1,1,1,3,53,4888592,247264,930,1,3,6,0,2,3,15,210,1,0,0,0,0
201600045923,16,6,28,1630,1,1,1,1,2,53,4888342,245855,930,1,3,4,0,4,1,15,140,1,0,1,0,0
201600045928,16,7,1,1810,1,1,1,1,6,27,4893815,241446,930,1,1,4,0,1,1,0,140,1,0,1,0,0
201600045929,16,7,1,1500,1,1,1,1,3,48,4887312,243593,930,1,1,3,0,1,1,15,105,1,0,1,99,0
201600045934,16,7,3,1900,1,1,1,1,1,63,4887781,244518,930,1,3,4,0,1,1,0,0,2,0,1,0,0
201600045938,16,7,3,1615,1,1,1,1,4,66,4891936,235754,930,1,0,3,0,1,1,20,140,1,0,0,0,0
201600045942,16,5,5,1615,1,1,1,1,4,66,4892618,235680,930,1,3,4,0,1,1,15,140,1,0,1,99,0
201600045943,16,4,30,1322,1,1,1,1,2,5,4896017,247351,930,1,3,3,0,1,1,15,105,1,0,1,3,0
201600045944,16,5,2,545,5,1,1,1,2,8,4891243,243716,930,1,1,3,0,1,1,15,105,1,1,1,99,0
201600045945,16,5,12,1930,1,1,1,1,3,53,4889288,247271,930,1,3,5,0,1,1,15,175,1,3,1,99,0
201600045946,16,7,1,1100,1,1,1,1,4,5,4895007,247490,930,1,1,3,0,1,1,15,35,1,0,1,99,0
201600045948,16,7,5,230,3,1,1,1,6,8,4889995,246935,930,1,1,2,0,2,3,25,70,1,0,1,0,1
201600045951,16,7,5,2100,1,1,1,1,4,78,4896003,253990,930,1,0,3,0,1,2,25,35,1,0,0,99,0
201600045952,16,7,4,1500,1,1,1,1,4,10,4891061,247528,930,1,3,3,0,1,1,15,35,1,0,1,99,0
201600045953,16,7,6,1450,1,1,1,1,6,7,4894462,243827,930,1,1,4,0,1,1,15,140,1,0,1,99,0
201600045954,16,7,6,1740,1,1,1,1,2,78,4895933,253738,930,1,1,3,0,1,1,15,35,1,0,1,0,0
201600045955,16,7,7,210,3,1,1,1,6,78,4896180,252416,930,1,3,6,0,1,1,25,35,1,0,1,99,0
201600045956,16,7,7,1535,1,1,1,1,7,63,4887948,244939,930,1,1,3,0,1,1,15,105,1,1,1,0,0
201600045957,16,7,7,1720,1,1,1,1,3,66,4891936,235754,930,1,1,2,0,1,1,15,70,1,0,1,99,0
201600045958,16,7,7,1630,1,1,1,1,6,10,4890449,247169,930,1,1,4,0,1,1,15,140,1,0,1,99,0
201600045961,16,7,9,100,3,1,1,1,5,27,4893520,240161,930,1,1,4,0,1,1,0,35,1,0,1,0,0
201600045963,16,7,9,630,1,1,1,1,2,29,4891914,242851,930,1,1,3,0,1,1,15,105,1,1,1,99,0
201600045964,16,7,10,40,3,1,1,1,2,64,4888627,248462,930,1,3,2,0,1,1,15,140,1,0,1,0,0
201600045965,16,7,8,1445,1,1,1,1,4,27,4892452,238998,930,1,1,2,0,3,1,0,100,1,3,1,99,0
201600045969,16,7,8,130,3,1,1,1,5,78,4896246,252324,930,1,0,3,0,1,2,15,105,1,0,1,99,0
201600045973,16,7,7,1240,1,1,1,1,5,48,4887188,243308,930,1,0,4,0,1,1,15,140,1,1,1,99,0
201600045974,16,7,12,845,1,1,1,1,6,5,4892330,248089,930,1,1,3,0,1,1,15,105,1,0,1,99,0
201600045975,16,7,12,1945,1,1,1,1,6,1,4892143,237571,930,1,1,4,0,2,1,15,140,1,0,1,0,0
201600045981,16,7,18,900,1,1,1,1,2,27,4893456,239688,930,1,4,5,0,1,1,15,75,1,0,1,99,0
201600045983,16,7,18,1510,1,1,1,1,3,10,4889752,246979,930,1,1,5,0,1,1,15,175,1,0,1,0,0
201600045985,16,7,18,1050,1,1,1,1,3,494,4913105,256007,600,1,1,3,0,1,1,15,105,1,0,1,99,0
201600045987,16,7,19,1600,1,1,1,1,3,5,4895776,246258,930,1,1,3,0,1,1,15,105,1,0,0,0,0
201600045989,16,7,21,220,3,1,1,1,6,5,4896000,246701,930,1,1,0,0,1,1,0,35,1,0,1,0,0
201600045990,16,7,20,1120,1,1,1,1,2,5,4892330,248049,930,1,1,3,0,1,1,15,105,1,0,1,0,0
201600045995,16,7,21,2200,3,1,1,1,7,5,4896000,246701,930,1,3,3,0,1,1,20,35,1,0,1,99,0
201600045996,16,7,22,300,3,1,1,1,6,27,4893723,241061,930,1,3,0,0,1,1,0,0,1,0,1,0,0
201600045997,16,7,23,1120,1,1,1,1,7,5,4894521,247691,930,1,1,1,0,2,3,0,0,1,3,1,99,0
201600045998,16,7,22,1855,1,1,1,1,2,6,4886617,241261,930,1,1,2,0,1,0,0,0,1,0,1,99,0
201600045999,16,7,23,1440,1,1,1,1,2,555,4896950,227520,950,3,3,4,0,1,3,0,0,1,0,1,99,0
201600046000,16,7,24,215,3,1,1,1,4,8,4890581,246244,930,1,1,2,0,1,2,15,70,1,0,1,0,0
201600046002,16,7,24,2010,1,1,1,1,4,8,4890690,245582,930,1,1,2,0,1,1,15,70,1,0,1,0,0
201600046005,16,7,25,1530,1,1,1,1,2,5,4895892,247332,930,1,1,3,0,1,1,15,105,1,0,1,0,0
201600046006,16,7,25,1600,1,1,1,1,2,27,4892568,239637,930,1,1,3,0,1,1,15,105,1,0,2,0,0
201600046009,16,7,26,1405,1,1,1,1,6,6,4886690,242530,930,1,3,4,0,1,1,10,140,1,0,1,99,0
201600046010,16,7,27,815,1,1,1,1,3,7,4894787,244413,930,1,1,4,0,1,1,15,140,1,1,1,99,0
201600046011,16,7,27,1905,1,1,1,1,6,5,4891644,247794,930,1,1,1,0,2,2,0,60,1,0,1,0,0
201600046017,16,7,29,920,1,1,1,2,6,8,4890160,246903,930,1,0,4,0,1,1,10,10,2,0,1,0,0
201600046018,16,7,29,1000,1,1,1,2,4,53,4888981,247347,930,1,0,3,0,1,1,10,10,2,0,1,0,0
201600046019,16,7,29,1545,1,1,1,1,6,48,4887301,243528,930,1,3,3,0,1,1,15,105,1,0,1,99,0
201600046020,16,7,29,1805,1,1,1,1,6,27,4893723,241061,930,1,3,3,0,1,1,15,105,1,0,1,99,0
201600046022,16,7,25,1220,1,1,1,1,2,63,4888081,245220,930,1,3,4,0,4,1,15,140,1,0,1,99,0
201600046024,16,7,30,1740,1,1,1,1,2,66,4892197,236403,930,1,1,3,0,2,1,15,105,1,0,1,99,0
201600046025,16,7,30,1920,1,1,1,1,5,66,4892197,236403,930,1,1,3,0,2,1,15,105,1,0,1,99,0
201600046026,16,7,31,1430,1,1,1,1,2,64,4887675,247760,930,1,1,3,0,1,1,15,105,1,0,1,0,0
201600046029,16,7,31,2240,3,1,1,1,4,5,4896118,246897,930,1,3,4,0,1,1,0,0,1,0,1,99,0
201600046033,16,8,2,1000,1,1,1,2,2,53,4888335,245795,930,1,1,4,0,2,1,15,140,2,0,1,99,0
201600046034,16,8,2,1430,1,1,1,2,6,39,4892723,233364,930,1,1,1,0,2,3,0,35,2,0,1,99,0
201600046035,16,8,2,1900,1,1,1,1,1,66,4891034,235825,930,1,1,4,0,1,1,15,100,1,1,1,99,0
201600046036,16,8,3,850,1,1,1,8,6,27,4892568,239637,930,1,1,2,0,1,3,0,50,2,0,1,0,0
201600046041,16,8,3,2240,3,1,1,2,1,64,4888623,248464,930,1,1,2,0,1,1,12,70,2,0,1,99,0
201600046043,16,7,23,1415,1,1,1,1,2,39,4892698,233465,930,1,3,3,0,0,0,15,35,0,0,1,0,0
201600046044,16,8,6,20,4,1,1,1,2,53,4888192,245516,930,1,3,3,0,2,1,15,210,1,0,1,99,0
201600046045,16,8,5,2310,3,1,1,1,4,10,4888936,247383,930,1,1,4,0,1,1,25,280,1,0,1,0,0
201600046047,16,8,7,530,5,1,1,1,2,66,4891210,235810,930,1,1,4,0,1,1,15,140,1,1,1,0,0
201600046050,16,8,9,1130,1,1,1,1,6,64,4883544,257067,930,1,3,2,0,1,1,0,70,1,0,1,99,0
201600046051,16,8,4,1815,1,1,1,1,2,29,4891920,242825,930,1,1,3,0,1,1,15,105,1,0,1,99,0
201600046052,16,8,6,1010,1,1,1,1,2,27,4892790,241777,930,1,1,3,0,1,1,15,105,1,1,1,0,0
201600046054,16,8,10,1130,1,1,1,1,6,78,4896915,250455,930,1,3,3,0,1,1,15,105,1,0,1,0,0
201600046055,16,8,9,1340,1,1,1,1,5,7,4893125,248096,930,1,1,3,0,1,1,15,105,1,0,1,99,0
201600046056,16,8,9,1416,1,1,1,1,3,53,4889532,247108,930,1,1,4,0,1,1,15,140,1,0,1,99,0
201600046060,16,8,12,440,3,1,1,1,2,66,4892986,236414,930,1,3,3,0,1,1,15,105,1,0,1,99,0
201600046063,16,8,12,1745,1,1,1,1,4,13,4893872,241709,930,1,1,4,0,1,1,15,140,1,0,1,0,0
201600046065,16,8,13,505,3,1,1,1,6,5,4896373,247282,930,1,0,3,0,1,1,15,105,1,0,2,0,0
201600046067,16,8,9,1740,1,1,1,1,3,53,4890966,235834,930,1,3,2,0,1,1,15,35,1,0,1,99,0
201600046068,16,8,16,2134,2,1,1,1,2,5,4894578,247673,930,1,3,3,0,1,1,25,210,1,0,1,0,0
201600046073,16,8,20,2100,3,1,1,1,3,27,4893784,241318,930,1,3,4,0,0,0,15,140,1,0,1,0,0
201600046074,16,8,21,100,3,1,1,2,2,5,4893058,248128,930,1,3,6,0,1,1,15,210,2,0,1,99,0
201600046075,16,8,21,1300,1,1,1,1,7,27,4893397,238948,930,1,3,3,0,1,1,15,105,1,0,1,99,0
201600046078,16,8,22,935,1,1,1,1,4,8,4890561,246370,930,1,1,2,0,1,1,15,80,1,0,1,99,0
201600046079,16,8,22,1030,1,1,1,1,5,66,4890428,235874,930,1,3,3,0,1,1,10,105,1,0,1,0,0
201600046080,16,8,23,1400,1,1,1,1,3,64,4886580,248168,930,1,1,3,0,1,1,15,105,1,0,1,0,0
201600046081,16,8,22,1913,1,1,1,1,3,582,4896760,227410,950,3,3,4,0,2,2,0,0,1,0,1,99,0
201600046083,16,8,25,700,2,1,1,1,6,53,4889333,247221,930,1,1,5,0,1,1,15,175,1,0,1,0,0
201600046084,16,8,25,820,1,1,1,1,7,13,4893872,241619,930,1,1,4,0,1,1,0,140,1,0,1,0,0
201600046086,16,8,22,2200,3,1,1,1,6,5,4896803,247786,930,1,1,2,0,1,1,15,35,1,0,1,0,0
201600046088,16,8,28,2215,3,1,1,1,3,27,4892735,240701,930,1,1,3,0,2,1,15,105,1,0,1,0,0
201600046089,16,8,29,1900,1,1,1,1,4,78,4895964,253862,930,1,1,3,0,1,1,0,105,1,0,1,99,0
201600046090,16,8,30,230,3,1,1,1,6,66,4892812,235798,930,1,3,8,0,1,1,15,280,1,0,1,99,0
201600046093,16,8,29,2000,1,1,1,1,4,6,4886601,242183,930,1,1,4,0,2,1,15,140,0,0,1,0,0
201600046098,16,9,1,2015,1,1,1,1,3,64,4888716,247490,930,1,1,2,3,1,1,15,70,1,0,1,99,0
201600046099,16,9,3,1145,1,1,1,1,2,66,4892261,234776,930,1,1,3,0,2,2,15,120,1,0,1,99,0
201600046100,16,9,3,2130,5,1,1,1,4,66,4891815,235735,930,1,1,4,0,2,1,15,140,1,1,1,0,1
201600046102,16,9,4,1435,1,1,1,1,3,582,4896490,227040,950,3,3,4,0,1,1,0,0,2,0,1,99,0
201600046103,16,9,4,2115,3,1,1,1,4,13,4893872,241709,930,1,0,6,0,3,1,30,210,1,0,1,99,0
201600046104,16,9,5,910,1,1,1,2,5,64,4888556,248827,930,1,1,2,0,2,2,15,70,2,0,1,99,0
201600046105,16,9,5,1330,1,1,1,2,2,78,4896520,255590,930,1,1,3,0,1,1,0,105,2,0,1,99,0
201600046108,16,9,5,2300,3,1,1,2,6,5,4895777,246260,930,1,3,1,0,2,2,11,35,2,3,1,99,0
201600046109,16,9,5,2245,3,1,1,3,6,277,4897280,248720,950,1,1,2,0,2,2,0,0,2,0,2,99,0
201600046114,16,9,7,1400,1,1,1,1,5,53,4889287,247280,930,1,3,5,0,1,1,10,175,1,0,1,99,0
201600046115,16,9,7,1415,1,1,1,1,2,27,4892184,237767,930,1,1,2,0,1,1,15,70,1,0,1,0,0
201600046116,16,8,31,2020,2,1,1,1,5,63,4888132,245379,930,1,2,2,0,2,1,15,80,1,0,1,99,0
201600046118,16,9,4,1255,1,1,1,1,4,64,4886593,248148,930,1,1,3,0,1,1,15,105,1,0,1,0,0
201600046121,16,9,9,1345,1,1,1,1,4,66,4892114,235738,930,1,3,4,0,1,1,15,140,1,0,1,99,0
201600046123,16,9,9,1730,1,1,1,1,2,6,4886640,242420,930,1,3,3,0,1,1,15,105,1,0,1,99,0
201600046124,16,9,9,1820,1,1,1,1,3,10,4891474,247762,930,1,3,3,0,1,1,15,105,1,0,1,99,0