Num_Acc,an,mois,jour,hrmn,lum,agg,int,atm,col,com,lat,long,dep,catr,circ,nbv,vosp,prof,plan,lartpc,larrout,surf,infra,situ,env1,killed
201600046125,16,9,10,1400,1,1,1,1,4,5,4895439,247364,930,1,1,2,0,1,1,0,70,1,0,1,99,0
201600046130,16,9,11,730,1,1,1,2,6,612,4920379,260981,600,1,3,6,0,1,1,15,210,2,0,1,99,0
201600046132,16,9,2,1615,1,1,1,1,2,5,4893946,247953,930,1,3,0,0,1,1,15,140,1,0,1,0,0
201600046133,16,9,2,1500,1,1,1,1,4,5,4897312,249098,930,1,0,1,0,3,1,15,30,1,0,1,99,0
201600046134,16,9,11,1700,1,1,1,1,2,7,4894513,243945,930,1,1,4,0,1,1,15,140,1,0,0,99,0
201600046135,16,9,11,455,3,1,1,2,4,48,4887027,243083,930,1,3,4,0,2,2,25,270,2,0,0,0,0
201600046136,16,9,12,1115,1,1,1,1,3,10,4888936,247384,930,1,1,3,0,1,1,100,105,1,3,1,0,0
201600046138,16,9,14,955,1,1,1,1,2,27,4892400,238591,930,1,1,4,0,0,1,0,30,1,0,1,0,0
201600046139,16,9,13,1655,1,1,1,1,1,1,4892117,237070,930,1,1,4,0,3,3,20,170,1,0,1,99,0
201600046140,16,9,14,1200,1,1,1,1,7,27,4892518,239401,930,1,1,4,0,1,1,25,140,1,0,0,0,0
201600046141,16,9,15,925,1,1,1,2,7,8,4890146,246902,930,1,3,2,0,2,3,0,70,2,0,1,99,0
201600046142,16,9,15,830,1,1,1,1,7,48,4887124,243212,930,1,3,4,0,1,1,10,140,2,0,1,0,0
201600046145,16,9,15,1150,1,1,1,2,7,78,4896368,252133,930,1,1,3,0,1,1,15,120,2,0,1,99,0
201600046146,16,9,15,1235,1,1,1,1,7,27,4892831,241227,930,1,3,3,0,1,2,10,105,2,0,1,99,0
201600046147,16,9,9,1900,1,1,1,1,3,27,4893389,238673,930,1,3,3,0,1,1,15,105,1,0,1,99,0
201600046148,16,7,28,1830,1,1,1,1,4,27,4893576,240421,930,1,3,6,0,1,1,10,210,1,0,1,0,0
201600046149,16,9,16,1415,1,1,1,1,1,6,4886998,243018,930,1,1,5,0,0,0,15,175,0,1,1,0,0
201600046151,16,9,16,1515,1,1,1,1,6,27,4892422,238724,930,1,1,4,0,0,0,15,140,1,0,1,0,0
201600046154,16,9,9,1915,1,1,1,1,2,53,4889491,247106,930,1,3,5,0,1,1,15,175,1,3,1,99,0
201600046157,16,9,18,45,5,1,1,1,2,66,4890249,235866,930,1,1,2,0,2,2,15,25,1,3,1,0,0
201600046158,16,9,16,2040,5,1,1,2,2,66,4890341,235858,930,1,1,4,0,2,1,15,140,2,0,1,0,0
201600046162,16,6,2,900,1,1,1,2,2,78,4896769,251069,930,1,1,3,0,1,1,15,105,2,0,1,99,0
201600046163,16,9,19,1405,1,1,1,1,5,66,4891034,235825,930,1,1,4,0,1,1,0,140,1,1,1,0,0
201600046164,16,9,16,1120,1,1,1,2,3,6,4886601,241588,930,1,1,2,0,1,1,15,70,2,0,1,99,0
201600046166,16,9,20,1245,1,1,1,1,2,66,4891034,235825,930,1,1,0,0,1,1,0,140,1,0,1,0,0
201600046167,16,9,20,1540,1,1,1,1,2,66,4890699,235825,930,1,1,4,0,1,1,15,140,1,0,1,99,0
201600046168,16,9,21,1700,1,1,1,1,2,63,4887526,244039,930,1,3,4,0,1,1,15,35,1,0,1,99,0
201600046170,16,8,30,1040,1,1,1,1,6,7,4894856,244582,930,1,1,4,0,1,1,15,140,1,0,1,99,0
201600046171,16,9,16,1145,1,1,1,1,5,10,4890542,247205,930,1,1,3,0,1,0,15,105,1,0,1,0,0
201600046175,16,9,23,1630,1,1,1,1,3,78,4895793,252933,930,1,3,3,0,1,2,15,105,1,0,1,0,0
201600046176,16,9,23,1630,1,1,1,1,3,53,4888936,247384,930,1,1,5,0,1,1,15,175,1,3,1,0,0
201600046177,16,9,23,1500,1,1,1,1,4,8,4890494,246486,930,1,1,3,0,1,1,15,105,1,0,1,0,0
201600046178,16,9,24,1545,1,1,1,1,3,1,4892087,237175,930,1,3,4,0,2,2,15,140,1,0,1,99,0
201600046179,16,9,24,2030,3,1,1,1,2,10,4888936,247384,930,1,3,3,0,1,1,10,105,1,0,1,99,0
201600046180,16,9,25,1930,5,1,1,1,4,7,4892880,248153,930,1,3,3,0,1,0,0,0,1,0,1,0,0
201600046181,16,9,26,830,1,1,1,1,6,582,4896240,226390,950,3,1,2,0,1,1,0,0,1,0,1,99,0
201600046184,16,7,28,1900,1,1,1,1,6,27,4893576,240421,930,1,1,4,0,1,1,15,140,1,0,1,99,0
201600046185,16,9,5,1100,1,1,1,2,6,66,4892988,236421,930,1,1,2,0,1,0,15,70,2,0,1,0,0
201600046187,16,9,27,830,1,1,1,1,4,66,4891031,235797,930,1,3,4,0,1,1,10,140,0,1,1,0,0
201600046189,16,9,27,1130,1,1,1,1,5,13,4894225,243194,930,1,3,4,0,1,1,10,140,1,0,1,0,0
201600046192,16,9,26,2050,3,1,1,1,3,7,4893142,248116,930,1,1,3,0,1,1,15,105,1,0,1,99,0
201600046193,16,9,28,540,3,1,1,1,6,64,4888130,247423,930,1,3,3,0,1,1,15,105,1,0,1,99,0
201600046195,16,9,22,830,1,1,1,1,4,27,4892781,241859,930,1,1,3,0,1,1,15,105,1,0,1,99,0
201600046197,16,9,28,2150,3,1,1,1,6,6,4886441,241386,930,1,1,2,0,3,2,15,25,1,0,1,0,0
201600046198,16,9,29,1655,1,1,1,1,4,10,4890493,247167,930,1,1,3,0,1,1,15,105,1,0,1,99,0
201600046199,16,9,30,1830,1,1,1,1,2,66,4891750,235773,930,1,1,5,0,1,1,0,30,1,1,1,0,0
201600046201,16,9,30,2000,1,1,1,2,3,6,4886678,242557,930,1,0,0,0,2,0,0,105,2,0,0,0,0
201600046202,16,9,1,10,3,1,1,2,2,78,4896005,252513,930,1,3,6,0,1,3,15,210,2,0,1,99,0
201600046204,16,10,1,715,2,1,1,2,7,78,4896342,252124,930,1,1,3,0,1,1,15,105,2,0,2,0,0
201600046205,16,9,20,1735,1,1,1,1,3,8,4891003,244453,930,1,1,4,0,1,1,15,140,1,1,1,0,0
201600046207,16,10,1,1615,1,1,1,1,6,27,4892449,238998,930,1,1,4,0,1,1,10,140,1,0,1,99,0
201600046209,16,9,29,815,1,1,1,1,3,5,4894648,247620,930,1,3,3,0,1,1,15,105,1,0,1,99,0
201600046213,16,10,3,1720,1,1,1,1,2,27,4892829,241653,930,1,1,4,0,2,1,15,140,1,0,1,99,0
201600046216,16,10,2,1930,3,1,1,1,5,10,4891120,247554,930,1,1,3,0,0,2,15,105,1,0,1,99,0
201600046217,16,10,1,1245,1,1,1,1,5,5,4894492,247691,930,1,1,3,0,1,1,10,100,1,0,1,99,0
201600046219,16,10,4,1755,1,1,1,1,3,10,4890653,247247,930,1,1,4,0,1,1,15,140,1,0,0,0,0
201600046220,16,9,29,900,1,1,1,1,6,612,4920093,260740,600,1,3,6,0,1,1,15,210,1,0,1,99,0
201600046221,16,10,4,940,1,1,1,1,2,5,4892087,247967,930,1,1,4,0,1,1,15,140,1,0,1,99,0
201600046223,16,10,4,1205,1,1,1,1,2,10,4889694,247003,930,1,1,4,0,1,1,15,140,1,0,1,99,0
201600046224,16,10,5,1810,1,1,1,1,2,53,4888402,247156,930,1,1,3,0,1,1,15,100,0,0,1,0,0
201600046225,16,10,5,1540,1,1,1,1,2,66,4893380,238399,930,1,1,2,0,1,1,15,70,1,0,1,99,0
201600046226,16,10,6,130,3,1,1,1,7,13,4894176,243005,930,1,3,8,0,1,1,15,280,1,1,1,99,0
201600046227,16,8,13,920,1,1,1,1,7,27,4892791,241777,930,1,1,4,0,1,1,15,140,1,1,1,0,0
201600046228,16,10,6,840,1,1,1,1,3,66,4893337,237841,930,1,0,4,0,1,1,15,140,1,0,1,0,0
201600046229,16,10,6,915,1,1,1,1,2,5,4897319,248832,930,1,1,2,0,3,3,15,70,1,0,1,99,0
201600046230,16,10,7,810,2,1,1,1,3,5,4895776,246257,930,1,1,3,0,1,1,15,100,1,0,1,99,0
201600046232,16,10,7,1405,1,1,1,1,1,66,4890569,235837,930,1,3,4,0,1,1,10,140,1,0,1,99,0
201600046236,16,10,9,410,3,1,1,1,2,5,4892284,248032,930,1,3,3,0,1,1,25,210,1,0,2,0,0
201600046237,16,10,10,705,1,1,1,1,3,10,4890983,247474,930,1,1,3,0,1,1,15,105,1,1,1,99,0
201600046239,16,10,10,1700,1,1,1,2,3,66,4892256,235178,930,1,1,4,0,1,1,15,125,2,0,1,0,0
201600046241,16,10,10,1120,1,1,1,1,2,8,4891039,244322,930,1,1,3,0,1,1,15,105,1,1,1,0,0
201600046242,16,10,9,2010,2,1,1,1,4,66,4893170,237001,930,1,3,4,0,1,1,15,140,1,0,1,0,0
201600046243,16,10,10,840,1,1,1,1,3,5,4896024,247332,930,1,1,3,0,1,1,15,105,1,0,1,99,0
201600046244,16,10,5,800,1,1,1,2,4,203,4897730,228720,950,3,3,4,0,1,1,0,0,2,0,1,99,0
201600046245,16,10,10,520,3,1,1,1,6,78,4896517,255576,930,1,3,6,0,1,1,15,210,1,0,1,0,0
201600046246,16,10,10,930,1,1,1,1,4,66,4893237,237261,930,1,1,4,0,1,1,15,140,1,0,1,99,0
201600046248,16,10,6,935,1,1,1,1,3,78,4896917,250463,930,1,1,2,0,1,1,15,70,1,0,1,0,0
201600046249,16,10,6,1045,1,1,1,1,4,277,4897640,247990,950,3,3,3,0,1,1,0,0,1,0,1,99,0
201600046250,16,10,11,1655,1,1,1,1,3,5,4893305,248072,930,1,1,3,0,1,1,15,105,1,0,1,99,0
201600046251,16,10,11,2145,3,1,1,1,3,6,4886564,241981,930,1,3,4,0,4,3,25,280,1,3,1,0,0
201600046254,16,10,13,1730,1,1,1,2,6,582,4896410,226770,950,3,3,3,0,1,3,0,0,2,0,1,99,0
201600046256,16,10,13,1720,1,1,1,1,6,5,4895089,247454,930,1,0,3,0,1,1,20,130,1,0,1,99,0
201600046257,16,10,14,945,1,1,1,1,6,5,4892240,248012,930,1,3,3,0,1,1,15,105,1,0,1,99,0
201600046258,16,10,9,1415,1,1,1,1,2,53,4889454,247170,930,1,3,3,0,1,1,15,105,1,0,1,99,0
201600046259,16,10,9,1350,1,1,1,1,6,7,4892865,248132,930,1,3,1,0,1,1,15,35,1,0,1,99,0
201600046261,16,10,15,415,3,1,1,2,2,78,4896365,252133,930,1,3,3,0,1,1,25,105,2,0,1,0,0
201600046262,16,10,15,2030,3,1,1,1,4,64,4887716,247763,930,1,1,3,0,1,1,15,105,1,0,1,99,0
201600046263,16,10,16,715,1,1,1,1,3,10,4890653,247247,930,1,1,3,0,1,1,15,100,1,0,1,0,0
201600046265,16,10,16,550,5,1,1,1,6,29,4892634,242216,930,1,3,3,0,2,2,15,105,1,1,2,99,0
201600046269,16,10,17,1900,3,1,1,1,6,66,4892256,235178,930,1,1,3,0,1,1,15,75,1,0,0,99,0
201600046271,16,10,18,1730,3,1,1,2,2,73,4896726,256216,930,1,3,3,0,1,1,15,105,2,0,1,99,0
201600046275,16,10,19,900,1,1,1,1,3,66,4893347,237777,930,1,1,5,0,1,1,15,125,1,0,1,0,0
201600046277,16,10,19,1635,1,1,1,2,2,5,4895527,247329,930,1,1,3,0,1,1,10,105,2,0,1,99,0
201600046280,16,10,19,1900,4,1,1,2,7,78,4897278,249343,930,1,3,2,0,2,3,5,70,2,3,1,99,0
201600046282,16,10,20,800,2,1,1,1,2,5,4894302,247778,930,1,3,3,0,1,1,15,30,1,0,1,99,0
201600046283,16,10,15,1225,1,1,1,1,2,5,4894230,247831,930,1,1,3,0,1,1,20,105,1,0,1,99,0
201600046284,16,10,20,845,1,1,1,2,2,66,4893090,236789,930,1,3,4,0,1,1,10,140,2,0,1,0,0
201600046285,16,10,20,730,2,1,1,1,7,10,4891307,247695,930,1,0,0,0,1,1,0,70,2,0,2,0,0
201600046286,16,10,20,540,3,1,1,8,3,8,4890616,246110,930,1,1,2,0,1,1,15,70,2,0,1,99,0
201600046287,16,10,20,1150,1,1,1,2,2,63,4887525,244042,930,1,3,3,0,1,1,15,105,2,0,1,0,0
201600046288,16,10,20,1345,1,1,1,2,6,66,4892988,236414,930,1,1,3,0,2,3,15,105,2,2,1,99,0
201600046292,16,10,17,2115,3,1,1,1,4,63,4887845,244715,930,1,3,3,0,1,1,20,210,1,1,1,0,0
201600046294,16,10,21,1130,1,1,1,1,3,10,4889887,246932,930,1,1,4,0,1,1,15,175,1,3,0,0,0
201600046296,16,10,16,845,1,1,1,1,2,421,4917465,260120,600,1,3,3,0,1,1,15,105,1,0,1,99,0
201600046300,16,10,22,1600,1,1,1,1,4,53,4889491,247106,930,1,1,3,0,1,1,15,125,1,0,1,99,0
201600046301,16,10,23,1700,1,1,1,2,2,5,4895794,247312,930,1,1,3,0,1,1,15,100,2,0,0,0,0
201600046302,16,10,23,1540,1,1,1,1,4,13,4893932,241965,930,1,1,5,0,1,1,15,165,1,3,1,0,0
201600046304,16,10,24,1230,1,1,1,2,6,27,4892786,240959,930,1,1,3,0,3,2,15,75,2,0,2,99,0
201600046307,16,10,24,2020,3,1,1,8,3,5,4893593,248050,930,1,1,3,0,1,1,15,105,2,0,2,0,0
201600046308,16,10,25,1300,1,1,1,1,7,7,4895601,245063,930,1,1,3,0,1,4,0,70,1,0,1,0,0
201600046309,16,10,21,1235,1,1,1,1,2,39,4892665,233593,930,1,1,4,0,1,1,15,105,1,0,2,0,0
201600046311,16,10,21,2000,1,1,1,1,5,63,4887845,244715,930,1,1,4,0,1,1,15,140,1,1,0,0,0
201600046312,16,10,23,2340,4,1,1,2,6,64,4887916,247634,930,1,3,4,0,1,2,25,280,2,3,1,0,0
201600046315,16,10,27,1200,1,1,1,1,4,66,4893170,237001,930,1,3,4,0,1,1,6,140,1,0,0,0,0
201600046317,16,10,27,1500,1,1,1,1,2,5,4896017,247352,930,1,1,2,0,1,1,15,65,1,0,1,99,0
201600046318,16,10,21,1340,1,1,1,1,4,66,4891034,235825,930,1,1,4,0,1,1,15,140,1,1,1,99,0
201600046319,16,10,27,1815,1,1,1,1,6,5,4892689,248134,930,1,3,3,0,1,1,15,105,1,0,1,0,0
201600046320,16,10,27,1835,1,1,1,1,2,48,4887313,243594,930,1,1,0,0,1,1,15,170,1,0,1,99,0
201600046321,16,10,27,1940,1,1,1,1,2,48,4887185,243308,930,1,1,4,0,1,1,15,140,1,1,1,99,0
201600046323,16,10,28,825,2,1,1,1,4,66,4892349,235694,930,1,3,6,0,2,1,15,210,1,0,1,99,0
201600046324,16,10,29,30,4,1,1,1,6,66,4893250,237395,930,1,3,5,0,1,1,20,350,1,2,1,0,1
201600046326,16,10,28,2045,3,1,1,1,4,53,4888980,247344,930,1,0,5,0,1,1,15,175,1,0,1,0,0
201600046329,16,10,31,1345,1,1,1,1,6,7,4894407,243717,930,1,3,4,0,1,1,5,140,1,0,1,99,0
201600046331,16,10,31,2055,3,1,1,1,4,5,4894562,247659,930,1,3,3,0,1,1,15,105,1,0,1,0,0
201600046333,16,10,17,545,2,1,1,1,2,64,4888194,247384,930,1,1,2,0,3,3,15,70,2,3,1,99,0
201600046334,16,10,17,820,1,1,1,1,6,27,4893419,239488,930,1,3,4,0,1,1,15,140,2,0,1,99,0
201600046335,16,10,17,1030,1,1,1,1,6,66,4891899,235729,930,1,3,4,0,1,1,15,140,2,0,1,99,0
201600046343,16,11,4,2053,3,1,1,3,6,582,4896330,226580,950,3,3,4,0,1,1,0,0,2,0,0,99,0
201600046369,16,11,10,2230,3,1,1,2,6,277,4897280,248720,950,1,1,2,0,1,3,0,0,2,3,1,99,0
201600046377,16,11,12,740,5,1,1,5,2,612,4920210,260865,600,1,1,3,0,1,1,15,105,1,0,1,99,0
201600046388,16,11,13,1015,1,1,1,2,6,277,4897280,248720,950,1,1,2,0,1,1,0,0,2,0,2,99,0
201600046391,16,11,13,2220,3,1,1,2,6,277,4897350,248590,950,1,1,2,0,2,2,0,0,2,3,1,99,0
201600046395,16,11,13,1430,1,1,1,1,7,631,4914246,257341,600,1,1,3,0,1,1,15,105,1,0,1,0,0
201600046453,16,11,23,156,3,1,1,3,6,582,4896240,226280,950,3,1,1,0,1,1,0,0,2,0,1,99,0
201600046471,16,11,28,745,3,1,1,1,7,494,4913897,256912,600,1,3,3,0,1,1,15,105,1,0,3,99,0
201600046479,16,11,30,1920,5,1,1,1,2,582,4896410,226790,950,3,3,4,0,1,1,0,0,1,3,1,99,0
201600046483,16,8,26,1810,1,1,4,1,3,48,4886992,243039,930,1,1,0,0,1,1,0,140,1,0,1,0,0
201600046485,16,12,3,405,3,1,1,1,6,582,4896770,227410,950,3,3,4,0,2,2,0,0,1,0,1,99,0
201600046486,16,12,3,1430,1,1,1,1,2,277,4897350,248590,950,1,1,2,0,1,2,0,0,1,2,1,99,0
201600046511,16,12,10,110,3,1,1,1,6,241,4915844,259303,600,1,3,6,0,1,2,15,210,1,0,1,99,0
201600046526,16,12,12,1840,5,1,1,2,2,555,4897510,227830,950,3,2,2,0,1,1,0,0,2,0,1,99,0
201600046559,16,12,22,115,3,1,1,3,6,277,4897350,248590,950,1,1,2,0,2,2,0,0,2,3,1,99,0
201600046573,16,12,26,1335,1,1,1,1,6,203,4897740,228720,950,3,3,3,0,4,2,0,0,2,0,1,99,0
201600046581,16,12,30,1045,1,1,1,5,3,277,4897280,248720,950,1,1,2,0,1,1,0,0,2,3,1,99,0
201600047257,16,1,2,1056,1,1,1,2,6,64,4875027,222162,910,2,3,4,0,1,3,15,35,2,0,1,99,0
201600047258,16,1,2,1043,1,1,1,8,6,477,4871963,225462,910,1,3,4,0,1,2,15,140,1,0,1,99,0
201600047259,16,1,2,1240,1,1,1,8,4,377,4872956,230024,910,2,3,4,0,1,1,15,140,1,0,1,99,0
201600047260,16,1,2,2045,3,1,1,1,4,589,4867139,234649,910,1,3,6,0,4,1,15,210,1,0,1,99,0
201600047261,16,1,4,750,2,1,1,1,6,161,4869594,231746,910,1,3,6,0,1,1,15,210,1,0,1,99,0
201600047262,16,1,4,820,2,1,1,1,2,182,4862523,241761,910,1,3,6,0,1,1,15,210,1,0,1,99,0
201600047263,16,1,4,730,3,1,1,2,2,64,4876657,222993,910,2,3,4,0,4,3,15,140,2,0,1,99,0
201600047264,16,1,5,1750,3,1,1,2,7,174,4861643,245508,910,2,3,4,0,1,1,15,140,2,0,1,99,0
201600047265,16,1,7,1015,1,1,1,2,7,34,4875570,233391,940,1,3,6,0,1,1,15,210,2,0,1,99,0
201600047266,16,1,7,1230,1,1,1,8,2,228,4861427,243039,910,1,3,6,0,1,1,15,210,2,0,1,99,0
201600047267,16,1,7,1255,1,1,1,1,6,64,4877368,222413,910,2,3,4,0,4,2,15,140,2,0,1,99,0
201600047268,16,1,7,1410,1,1,1,8,4,345,4868699,232585,910,1,3,6,0,1,1,15,210,1,0,1,0,0
201600047269,16,1,9,2345,5,1,1,2,6,3,4880810,234045,940,1,3,6,0,4,1,15,210,2,0,1,99,0
201600047270,16,1,10,610,5,1,1,2,7,477,4871885,225745,910,1,3,4,0,3,3,15,140,2,0,1,99,0
201600047271,16,1,10,1515,1,1,1,2,6,161,4871356,227763,910,1,3,6,0,3,1,15,70,2,0,1,99,0
201600047272,16,1,10,2045,3,1,1,2,2,521,4863090,240890,910,2,3,4,0,1,1,15,140,2,0,1,99,0
201600047273,16,1,10,2050,3,1,1,2,6,521,4862732,239937,910,2,1,2,0,1,3,15,140,2,0,1,99,0
201600047274,16,1,11,540,3,1,1,3,6,21,4876040,234596,940,1,3,4,0,1,3,15,140,2,0,3,99,0
201600047275,16,1,10,2220,3,1,1,2,6,521,4863162,240775,910,2,3,6,0,3,1,15,210,2,0,1,99,0
201600047276,16,1,11,840,2,1,1,1,2,38,4877300,234581,940,1,3,6,0,1,1,15,210,1,0,1,99,0
201600047277,16,1,11,1900,3,1,1,1,2,136,4871388,227597,910,1,3,4,0,1,1,15,140,1,0,1,99,0
201600047278,16,1,12,830,2,1,1,1,6,521,4862631,239777,910,2,1,2,0,1,2,15,35,1,0,1,99,0
201600047279,16,1,12,1615,1,1,1,1,2,161,4871004,230732,910,1,3,6,0,1,1,15,210,1,0,1,99,0
201600047280,16,1,13,840,1,1,1,1,3,216,4868661,232640,910,1,3,6,0,1,1,15,210,1,0,1,99,0
201600047281,16,1,14,722,2,1,1,2,2,471,4870495,219255,910,2,3,4,0,4,2,15,140,2,0,1,99,0
201600047282,16,1,14,750,1,1,1,2,4,347,4862515,230545,910,2,3,4,0,1,1,15,140,2,0,1,99,0
201600047283,16,1,14,1242,1,1,1,1,5,16,4879250,234467,940,1,3,6,0,1,1,15,210,1,0,1,99,0
201600047285,16,1,14,1920,3,1,1,2,3,21,4877030,234506,940,1,3,6,0,1,1,15,210,1,0,1,99,0
201600047286,16,1,15,1710,1,1,1,1,4,216,4868324,232908,910,1,3,6,0,1,1,15,210,1,0,1,0,0
201600047287,16,1,15,1805,3,1,1,1,3,38,4877210,234568,940,1,3,6,0,1,1,15,210,1,0,1,99,0
201600047288,16,1,16,130,5,1,1,1,2,34,4875060,232924,940,1,3,6,0,1,0,15,210,1,0,1,99,0
201600047290,16,1,17,1140,1,1,1,1,6,235,4862548,236109,910,2,1,2,0,1,1,15,140,1,0,3,99,0
201600047291,16,1,18,815,2,1,1,1,2,21,4876260,234084,940,1,3,6,0,1,1,15,210,1,0,1,99,0
201600047292,16,1,18,1005,1,1,1,1,2,689,4871928,231052,910,1,3,6,0,1,1,15,210,1,0,1,99,0
201600047293,16,1,20,1105,1,1,1,1,5,471,4871396,217629,910,2,3,4,0,1,1,15,140,1,0,1,99,0
201600047294,16,1,20,2000,5,1,1,1,4,34,4876060,231928,940,1,3,4,0,1,1,15,140,1,0,1,99,0
201600047295,16,1,20,2045,4,1,1,1,7,64,4876037,222593,910,2,3,4,0,1,1,15,140,1,0,1,99,0
201600047296,16,1,21,510,3,1,1,4,6,534,4873058,216624,910,2,3,4,0,1,1,15,140,5,0,3,99,0
201600047297,16,1,21,1350,1,1,1,1,3,521,4863335,240461,910,1,3,6,0,1,1,15,210,1,0,1,99,0
201600047298,16,1,21,1530,1,1,1,1,4,161,4869658,231615,910,1,3,6,0,2,1,15,210,1,0,1,99,0
201600047299,16,1,21,1645,5,1,1,1,2,37,4881490,235583,940,1,3,2,0,1,1,15,70,1,1,1,99,0
201600047300,16,1,21,1840,4,1,1,1,2,340,4860879,243794,910,2,3,6,0,1,1,15,210,1,0,1,99,0
201600047301,16,1,21,1930,5,1,1,1,2,3,4879930,234236,940,1,3,6,0,3,1,15,210,1,0,1,99,0
201600047302,16,1,21,2145,3,1,1,1,2,136,4871320,228065,910,1,3,6,0,1,1,15,210,1,0,1,0,0
201600047303,16,1,22,745,2,1,1,1,3,434,4866587,236231,910,1,3,6,0,1,1,15,210,1,0,1,99,0
201600047304,16,1,22,905,1,1,1,1,5,38,4877930,234658,940,1,3,6,0,1,1,15,210,1,0,1,99,0
201600047305,16,1,22,1740,3,1,1,2,6,477,4872091,222973,910,1,1,2,0,3,1,15,105,2,0,1,99,0
201600047306,16,1,22,1900,5,1,1,2,4,37,4881170,235139,940,1,3,4,0,1,1,15,140,2,1,1,99,0
201600047307,16,1,23,1230,1,1,1,1,7,312,4873843,222632,910,3,2,2,0,1,1,15,70,1,0,3,99,0
201600047308,16,1,23,1315,1,1,1,2,7,521,4863203,240040,910,2,3,4,0,3,2,15,140,2,0,1,99,0
201600047309,16,1,24,1937,4,1,1,1,3,3,4880150,234178,940,1,3,6,0,3,2,15,210,1,0,1,99,0
201600047310,16,1,25,1040,1,1,1,1,3,228,4862920,241129,910,1,3,6,0,1,1,15,210,1,0,1,99,0
201600047311,16,1,26,1054,1,1,1,1,5,65,4875540,234416,940,1,3,4,0,1,1,15,140,1,0,1,99,0
201600047312,16,1,27,303,3,1,1,1,2,689,4874164,232148,910,1,3,6,0,2,1,15,210,1,0,1,99,0
201600047313,16,1,27,730,2,1,1,2,2,216,4868261,232974,910,1,3,6,0,1,1,15,210,2,0,1,99,0
201600047314,16,1,28,500,3,1,1,2,6,235,4862593,235557,910,2,3,4,0,1,1,15,140,2,0,3,99,0
201600047315,16,1,28,630,3,1,1,1,2,216,4868776,232512,910,1,3,6,0,3,1,15,210,2,0,1,99,0
201600047316,16,1,27,2150,5,1,1,2,2,37,4881230,235270,940,1,3,2,0,4,1,15,70,2,0,1,99,0
201600047317,16,1,28,1725,1,2,1,1,2,377,4873086,230038,910,2,3,4,0,1,1,15,140,1,0,1,99,0
201600047318,16,1,28,1532,1,1,1,1,7,21,4875970,234635,940,1,3,4,0,1,1,15,140,1,0,1,99,0
201600047319,16,1,28,2348,3,1,1,1,7,161,4870034,231052,910,1,3,6,0,1,1,15,210,1,0,1,99,0
201600047320,16,1,29,1540,1,1,1,1,7,235,4862470,237004,910,2,3,4,0,1,1,15,140,1,0,1,99,0
201600047321,16,1,29,1850,2,1,1,2,7,689,4873295,231569,910,1,2,6,0,1,1,15,210,2,0,1,99,0
201600047322,16,1,30,1345,1,1,1,3,6,136,4871694,226438,910,1,3,4,0,1,1,15,35,2,0,1,99,0
201600047323,16,1,30,1455,1,1,1,3,5,76,4878580,234557,940,1,3,6,0,1,1,15,210,2,0,1,99,0
201600047324,16,1,30,2030,3,1,1,2,2,434,4867010,234868,910,1,3,6,0,1,1,15,210,2,0,1,99,0
201600047325,16,1,31,600,3,1,1,2,6,659,4858513,245345,910,1,3,6,0,1,1,15,210,2,0,1,99,0
201600047326,16,1,31,1230,1,1,1,2,4,136,4871201,228909,910,1,3,2,0,1,1,15,70,2,0,1,99,0
201600047327,16,1,31,1430,1,1,1,1,3,161,4871036,230229,910,1,3,4,0,1,1,15,70,1,0,1,99,0
201600047328,16,1,31,820,2,1,1,2,6,589,4866869,235241,910,1,3,6,0,4,1,15,210,2,0,1,99,0
201600047329,16,1,31,1455,1,1,1,2,6,64,4875054,222183,910,2,3,4,0,1,1,15,140,2,0,1,99,0
201600047330,16,1,31,1700,1,1,1,2,7,34,4876100,231756,940,1,3,4,0,1,1,15,140,2,0,1,99,0
201600047331,16,1,30,2302,3,1,1,1,5,521,4864583,238957,910,2,1,2,0,1,1,15,70,1,0,1,99,0
201600047332,16,2,1,743,2,1,1,1,4,34,4875760,233572,940,1,3,6,0,1,1,15,210,1,0,1,99,0
201600047333,16,1,31,43,3,1,1,2,7,64,4874953,222053,910,2,3,4,0,4,3,15,140,2,0,1,99,0
201600047334,16,2,1,420,3,1,1,2,2,182,4862278,242139,910,1,3,6,0,1,1,15,210,2,0,2,99,0
201600047335,16,2,1,1027,1,1,1,1,2,286,4865495,237956,910,1,3,6,0,1,1,15,210,1,0,1,99,0
201600047336,16,2,2,2010,3,1,1,2,2,521,4863220,240665,910,2,3,4,0,1,1,15,140,2,0,1,99,0
201600047337,16,2,4,740,2,1,1,2,2,553,4862741,247776,910,2,3,6,0,1,2,15,210,2,3,1,99,0
201600047338,16,2,4,1200,1,1,1,2,6,434,4866773,235655,910,1,3,6,0,1,1,15,210,2,0,1,99,0