Num_Acc,an,mois,jour,hrmn,lum,agg,int,atm,col,com,lat,long,dep,catr,circ,nbv,vosp,prof,plan,lartpc,larrout,surf,infra,situ,env1,killed
201600047339,16,2,5,730,3,1,1,1,7,363,4865032,218445,910,2,3,4,0,1,1,15,140,1,0,1,99,0
201600047340,16,2,6,1300,1,1,1,1,2,345,4869102,232236,910,1,3,6,0,3,1,15,210,1,0,1,99,0
201600047341,16,2,7,858,2,1,1,1,6,521,4863608,241352,910,2,1,2,0,1,1,15,70,1,0,1,99,0
201600047342,16,2,7,750,2,1,1,8,2,477,4871868,225609,910,1,1,2,0,2,3,15,140,2,0,3,99,0
201600047343,16,2,7,1132,1,1,1,1,7,34,4875620,233440,940,1,3,4,0,1,1,15,140,1,0,1,99,0
201600047344,16,2,7,1254,1,1,1,1,2,689,4872940,231431,910,1,3,6,0,1,1,15,210,1,0,1,99,0
201600047345,16,2,8,903,1,1,1,1,4,521,4863240,240637,910,2,3,4,0,1,1,15,140,1,0,1,99,0
201600047346,16,2,7,35,3,1,1,1,6,534,4872257,216804,910,2,1,1,0,1,1,15,35,1,0,1,0,0
201600047347,16,2,8,1430,1,1,1,2,4,38,4878190,234674,940,1,3,6,0,1,1,15,210,2,0,1,99,0
201600047349,16,2,8,1630,1,1,1,2,4,38,4877390,234595,940,1,3,4,0,1,1,15,140,1,0,1,99,0
201600047351,16,2,9,825,1,1,1,3,7,76,4879150,234460,940,1,3,4,0,1,1,15,140,2,0,1,99,0
201600047352,16,2,9,920,1,1,1,2,6,521,4863237,240644,910,2,3,6,0,3,2,15,210,2,0,1,99,0
201600047353,16,2,9,1040,1,1,1,3,6,477,4871849,225580,910,1,3,6,0,3,3,15,210,2,0,1,99,0
201600047354,16,2,10,1030,1,1,1,1,6,21,4876120,233948,940,1,3,6,0,1,1,15,210,1,0,1,99,0
201600047355,16,2,11,1025,1,1,1,1,4,216,4868652,232626,910,1,3,6,0,1,1,15,210,2,0,1,0,0
201600047356,16,2,11,1449,1,1,1,1,3,3,4880180,234366,940,1,3,4,0,1,1,15,140,2,0,1,99,0
201600047357,16,2,13,340,3,1,1,1,2,377,4872867,230533,910,1,3,6,0,1,1,15,210,1,0,1,99,0
201600047358,16,2,13,840,1,1,1,3,6,534,4873465,217113,910,2,3,4,0,1,1,15,140,4,0,3,99,0
201600047359,16,2,13,1640,1,1,1,3,6,471,4869803,219237,910,2,3,4,0,3,1,15,140,2,0,1,99,0
201600047361,16,2,13,1755,2,1,1,3,2,689,4872988,231449,910,1,3,6,0,1,1,15,210,2,0,1,99,0
201600047362,16,2,14,528,5,1,1,1,7,340,4860879,243760,910,2,3,4,0,1,3,15,140,2,0,3,99,0
201600047363,16,2,14,1545,1,1,1,2,7,521,4863419,240647,910,2,1,2,0,4,3,15,70,2,0,1,99,0
201600047364,16,2,15,220,3,1,1,1,6,182,4861263,243091,910,2,3,4,0,1,1,15,140,2,0,1,99,0
201600047365,16,2,15,1720,1,1,1,1,4,589,4867916,233404,910,1,3,6,0,1,1,15,210,1,0,1,99,0
201600047367,16,2,16,1910,5,1,1,1,3,34,4875620,233674,940,1,3,6,0,1,3,15,210,1,0,1,99,0
201600047368,16,2,18,745,3,1,1,1,3,347,4862198,227883,910,2,3,4,0,1,1,15,140,1,0,1,0,0
201600047369,16,2,17,1210,1,1,1,1,6,86,4862411,238016,910,2,3,4,0,1,1,10,140,1,0,1,99,0
201600047370,16,2,18,1717,2,1,1,1,2,38,4878010,234646,940,1,3,4,0,1,1,15,140,1,0,1,99,0
201600047371,16,2,18,1925,3,1,1,2,6,471,4869526,220392,910,3,2,2,0,1,1,1,70,2,0,1,99,0
201600047372,16,2,19,1105,1,1,1,1,2,216,4868587,232702,910,1,3,6,0,1,1,15,210,1,0,1,99,0
201600047373,16,2,19,1615,1,1,1,1,2,21,4877140,234579,940,1,3,6,0,1,1,15,210,1,0,1,99,0
201600047374,16,2,20,432,3,1,1,2,6,228,4863523,241016,910,2,1,3,0,1,3,15,105,2,3,1,99,0
201600047375,16,2,20,1105,1,1,1,8,6,521,4862720,240048,910,2,1,2,0,1,2,15,210,1,0,1,99,0
201600047376,16,2,20,1350,1,1,1,2,6,549,4862605,234110,910,2,3,4,0,1,1,15,140,2,0,1,99,0
201600047377,16,2,24,855,1,1,1,1,6,86,4862369,238501,910,2,3,4,0,1,1,15,140,1,0,1,99,0
201600047378,16,2,25,1745,1,1,1,1,4,76,4879150,234405,940,1,3,4,0,3,1,15,140,1,0,1,99,0
201600047379,16,2,25,1910,3,1,1,1,3,521,4863734,239821,910,1,3,6,0,1,1,15,210,1,0,1,99,0
201600047380,16,2,26,800,1,1,1,1,6,689,4874371,232303,910,1,3,6,0,1,1,15,210,1,0,1,99,0
201600047381,16,2,26,753,2,1,1,1,2,589,4867433,234225,910,1,3,6,0,1,1,15,210,1,0,1,99,0
201600047382,16,2,26,1235,1,1,1,1,3,689,4874227,232217,910,1,3,6,0,1,1,15,210,1,0,1,99,0
201600047383,16,2,27,2230,3,1,1,1,2,38,4878190,234657,940,1,3,6,0,1,1,15,210,1,0,1,99,0
201600047384,16,2,28,2355,3,1,1,1,3,689,4874201,232187,910,1,3,6,0,3,2,15,210,1,0,1,99,0
201600047385,16,2,29,1627,1,1,1,1,6,86,4862362,238704,910,2,3,4,0,1,1,15,140,1,0,1,99,0
201600047386,16,2,29,1644,1,1,1,1,2,689,4872966,231441,910,1,3,6,0,1,1,15,210,1,0,1,99,0
201600047387,16,3,1,1733,1,1,1,2,2,21,4876060,233925,940,1,3,6,0,1,1,15,210,2,0,1,99,0
201600047388,16,3,2,1540,1,1,1,2,2,235,4862603,235483,910,2,3,4,0,1,1,15,140,2,0,1,99,0
201600047389,16,3,2,1720,1,1,1,2,2,434,4866837,235338,910,1,3,6,0,1,1,15,210,2,0,1,99,0
201600047390,16,3,3,1345,1,1,1,1,4,34,4875680,233490,940,1,3,6,0,1,1,15,210,1,0,1,99,0
201600047391,16,3,3,1810,2,1,1,2,1,377,4872260,229653,910,1,3,6,0,1,1,15,210,2,0,1,99,0
201600047392,16,3,4,825,1,1,1,2,3,161,4870218,230809,910,1,3,6,0,1,1,15,210,2,0,1,99,0
201600047393,16,3,4,900,1,1,1,2,3,377,4871637,229079,910,1,3,4,0,1,3,15,140,2,0,1,99,0
201600047394,16,3,4,2100,3,1,1,2,3,471,4869306,218860,910,3,2,2,0,1,1,15,70,2,0,1,99,0
201600047395,16,3,4,2135,3,1,1,3,2,34,4875370,233196,940,1,3,6,0,1,1,15,210,2,0,2,99,0
201600047396,16,3,5,1745,1,1,1,1,2,617,4863851,253548,910,2,3,6,0,1,1,15,210,1,0,1,99,0
201600047397,16,3,5,2015,3,1,1,1,4,340,4860886,243812,910,2,3,6,0,1,3,15,210,1,0,1,99,0
201600047398,16,3,6,1200,1,1,1,1,3,76,4879120,234417,940,1,3,6,0,1,1,15,210,1,0,1,99,0
201600047399,16,3,6,1334,1,1,1,1,2,76,4879360,234510,940,1,3,6,0,1,1,15,210,1,0,1,99,0
201600047400,16,3,6,155,3,1,1,1,2,687,4866468,236460,910,1,3,6,0,3,3,15,210,1,0,1,99,0
201600047401,16,3,8,1745,1,1,1,1,3,689,4873688,231714,910,1,3,6,0,1,1,15,210,1,0,1,99,0
201600047402,16,3,8,1620,1,1,1,1,4,549,4862652,235016,910,2,3,4,0,1,1,15,140,1,0,1,99,0
201600047403,16,3,8,1730,1,1,1,1,2,570,4862528,230617,910,2,3,4,0,1,1,15,140,1,0,1,99,0
201600047404,16,3,9,1039,1,1,1,3,7,21,4876270,234114,940,1,3,6,0,3,1,15,210,2,0,1,99,0
201600047405,16,3,9,1039,1,1,1,3,2,38,4877480,234607,940,1,3,6,0,1,1,15,210,2,0,1,99,0
201600047406,16,3,9,1223,1,1,1,3,6,521,4863320,240095,910,2,3,6,0,1,3,15,210,2,0,1,99,0
201600047407,16,3,9,1250,1,1,1,2,7,37,4881290,235352,940,1,3,4,0,1,1,15,140,2,1,1,99,0
201600047408,16,3,9,1540,1,1,1,1,6,377,4871592,229037,910,1,3,4,0,1,1,15,140,1,0,1,99,0
201600047409,16,3,10,900,1,1,1,1,2,34,4875910,232410,940,1,3,4,0,1,1,15,140,1,0,1,99,0
201600047410,16,3,10,1050,1,1,1,1,6,471,4871180,218459,910,2,3,4,0,4,2,15,140,1,0,1,0,0
201600047411,16,3,11,800,1,1,1,1,4,377,4872103,229479,910,1,3,6,0,1,1,15,210,1,0,1,99,0
201600047412,16,3,11,1005,1,1,1,1,2,3,4881210,233695,940,1,3,6,0,1,1,15,210,1,0,1,99,0
201600047413,16,3,11,1540,1,1,1,1,3,521,4864614,238837,910,1,3,6,0,1,1,15,210,1,0,1,99,0
201600047414,16,3,11,1850,3,1,1,1,2,251,4863130,253535,770,1,3,8,0,1,1,15,280,1,3,1,99,0
201600047415,16,3,11,1700,1,1,1,1,4,477,4871398,225301,910,1,3,4,0,1,1,15,140,1,0,1,99,0
201600047416,16,3,11,1517,1,1,1,1,7,549,4862539,233599,910,2,3,5,0,1,1,15,175,1,0,3,99,0
201600047417,16,3,12,1549,1,1,1,1,4,34,4876060,231916,940,1,3,4,0,1,1,15,140,1,0,1,99,0
201600047418,16,3,12,2054,3,1,1,1,2,228,4861464,243011,910,1,3,6,0,1,1,15,35,1,0,1,99,0
201600047419,16,3,13,750,1,1,1,1,6,689,4873293,231576,910,1,3,6,0,3,1,15,215,1,0,1,99,0
201600047420,16,3,13,1654,1,1,1,1,3,521,4863207,240689,910,2,3,4,0,1,1,15,140,1,0,1,99,0
201600047421,16,3,13,1650,1,1,1,1,5,21,4876680,234397,940,1,3,6,0,1,1,15,210,1,0,1,99,0
201600047423,16,3,14,735,5,1,1,1,3,3,4880360,234404,940,1,3,2,0,1,1,15,70,1,1,1,99,0
201600047424,16,3,14,810,1,1,1,1,2,43,4881230,235259,940,1,3,4,0,1,1,15,140,1,0,1,99,0
201600047425,16,3,15,535,3,1,1,1,6,661,4869629,222405,910,3,2,2,0,1,1,15,35,1,0,3,99,0
201600047426,16,3,15,700,5,1,1,1,4,34,4875820,232650,940,1,3,4,0,1,1,15,140,1,1,1,99,0
201600047427,16,3,15,758,2,1,1,1,4,286,4865502,239726,910,3,1,1,0,1,1,15,35,1,0,1,99,0
201600047428,16,3,15,1015,1,1,1,1,6,689,4874201,232187,910,1,3,6,0,1,1,15,210,1,0,1,99,0
201600047429,16,3,15,2030,3,1,1,1,6,477,4869787,224111,910,1,3,4,0,4,2,15,140,1,0,1,99,0
201600047431,16,3,17,1800,1,1,1,1,3,216,4868421,232821,910,1,3,6,0,1,1,15,210,1,0,1,99,0
201600047432,16,3,17,1805,1,1,1,1,6,182,4862066,242420,910,2,3,4,0,1,1,15,140,1,0,1,0,0
201600047434,16,3,18,2106,3,1,1,1,2,43,4880930,234887,940,1,3,4,0,1,1,15,140,1,0,1,99,0
201600047435,16,3,21,917,1,1,1,1,4,589,4867552,234079,910,1,3,6,0,3,1,15,210,1,0,1,0,0
201600047436,16,3,22,1550,1,1,1,1,2,21,4876790,234479,940,1,3,2,3,1,1,15,70,1,3,1,99,0
201600047437,16,3,23,910,1,1,1,1,2,434,4866673,236056,910,1,3,6,0,4,1,15,210,1,0,1,99,0
201600047438,16,3,23,1000,1,1,1,1,3,471,4870906,218870,910,2,3,4,0,3,1,15,140,1,0,1,99,0
201600047439,16,3,24,945,1,1,1,1,2,34,4875760,233572,940,1,3,6,0,1,1,15,210,1,0,1,99,0
201600047440,16,3,25,815,1,1,1,2,6,521,4863227,240678,910,2,3,4,0,1,2,15,140,2,0,1,99,0
201600047441,16,3,25,1045,1,1,1,2,2,589,4867399,234276,910,1,3,6,0,1,1,15,210,2,0,1,99,0
201600047442,16,3,25,940,1,1,1,3,3,34,4876000,232128,940,1,3,4,0,1,1,15,140,2,1,1,99,0
201600047443,16,3,25,1030,1,1,1,2,5,34,4875920,233839,940,1,3,4,0,3,3,15,140,2,3,1,99,0
201600047450,16,3,28,1027,1,1,1,2,6,43,4881290,235351,940,1,3,4,0,1,2,15,140,2,1,1,99,0
201600047451,16,3,26,2345,5,1,1,3,7,3,4880660,234125,940,1,3,6,0,4,1,15,210,2,0,1,99,0
201600047452,16,3,29,930,1,1,1,1,3,38,4878890,234449,940,1,3,6,0,1,1,15,210,1,0,1,99,0
201600047453,16,3,30,900,1,1,1,2,7,34,4876210,231439,940,1,3,4,0,2,1,15,140,2,0,1,99,0
201600047456,16,3,30,1859,1,1,1,2,7,43,4881510,235582,940,1,3,4,0,1,1,15,140,2,1,1,99,0
201600047458,16,3,31,900,1,1,1,3,3,161,4869851,231334,910,1,3,6,0,1,1,15,210,2,0,1,99,0
201600047460,16,3,31,2050,3,1,1,2,3,21,4876590,234314,940,1,3,6,0,1,1,15,210,2,0,1,99,0
201600047461,16,4,1,1150,1,1,1,1,5,689,4873844,231792,910,1,3,6,0,1,1,15,210,1,0,1,99,0
201600047462,16,4,2,1745,1,1,1,2,2,34,4876050,231940,940,1,3,6,0,1,1,15,210,2,1,1,99,0
201600047463,16,4,4,830,1,1,1,1,2,179,4856483,247586,910,1,3,6,0,1,1,15,210,1,0,1,99,0
201600047464,16,4,4,853,1,1,1,1,3,471,4871113,218608,910,2,3,4,0,3,1,15,140,1,0,1,99,0
201600047465,16,4,4,850,1,1,1,1,6,182,4862441,241857,910,1,3,6,0,1,1,15,210,1,0,1,99,0
201600047466,16,4,4,930,1,1,1,1,7,136,4871610,226643,910,1,3,6,0,1,1,15,210,1,0,1,99,0
201600047467,16,4,4,1840,1,1,1,1,2,38,4878970,234391,940,1,3,6,0,1,1,15,210,1,0,1,99,0
201600047468,16,4,4,1835,1,1,1,1,2,21,4877080,234476,940,1,3,4,0,1,1,15,140,1,0,1,99,0
201600047469,16,4,4,2045,2,1,1,1,7,174,4861220,244914,910,2,3,4,0,1,1,15,140,1,0,1,99,0
201600047470,16,4,5,1357,1,1,1,1,3,312,4874349,222343,910,3,2,2,0,1,1,15,70,1,0,1,99,0
201600047471,16,4,6,915,1,1,1,1,4,34,4875810,232681,940,1,3,4,0,1,1,15,140,1,0,1,99,0
201600047472,16,4,6,1315,1,1,1,1,5,286,4865725,237696,910,1,3,6,0,1,1,15,210,1,0,1,99,0
201600047473,16,4,7,1211,1,1,1,1,6,477,4872452,224287,910,1,2,2,0,1,1,15,70,1,0,1,99,0
201600047474,16,4,7,1810,1,1,1,2,2,377,4872773,230408,910,1,3,4,0,1,1,15,140,2,0,1,99,0
201600047475,16,4,8,1146,1,1,1,3,3,363,4865120,218298,910,2,3,4,0,1,1,15,140,2,0,1,0,0
201600047476,16,4,8,1630,1,1,1,1,5,521,4863197,240708,910,1,3,6,0,1,1,15,210,1,0,1,0,0
201600047477,16,4,10,1525,1,1,1,1,4,34,4875970,232167,940,1,3,4,0,1,1,15,140,1,1,1,99,0
201600047478,16,4,10,1730,1,1,1,1,7,377,4873182,223681,910,3,3,2,0,1,1,15,35,1,0,1,0,0
201600047479,16,4,11,950,1,1,1,3,6,286,4865189,238248,910,1,3,6,0,1,1,15,210,1,0,1,0,0
201600047480,16,4,11,1827,1,1,1,1,2,136,4871391,227595,910,1,3,4,0,1,1,15,140,1,0,1,0,0
201600047481,16,4,12,700,1,1,1,8,2,689,4872392,231223,910,1,3,6,0,1,1,15,210,1,0,1,99,0
201600047482,16,4,12,640,2,1,1,1,3,34,4875610,234110,940,1,3,4,0,1,1,15,140,1,0,1,99,0
201600047483,16,4,12,945,1,1,1,8,5,689,4874127,232042,910,1,3,6,0,1,1,15,210,1,0,1,0,0
201600047484,16,4,12,917,1,1,1,1,4,174,4862084,246134,910,2,3,5,0,4,1,30,175,1,0,1,99,0
201600047485,16,4,12,1830,1,1,1,1,4,235,4862477,236905,910,2,3,4,0,1,1,15,140,2,0,1,99,0
201600047486,16,4,13,748,1,1,1,1,2,377,4871773,229181,910,1,3,4,0,1,1,15,140,2,0,1,0,0
201600047487,16,4,13,1455,1,1,1,1,1,312,4874331,222354,910,3,2,2,0,1,3,1,70,1,0,1,0,0
201600047488,16,4,14,1710,1,1,1,2,3,34,4876070,231865,940,1,3,4,0,1,1,15,140,2,0,1,99,0
201600047489,16,4,14,2025,5,1,1,2,3,37,4880960,234889,940,1,3,4,0,1,1,15,140,1,0,1,99,0
201600047490,16,4,14,2030,3,1,1,1,3,377,4870305,228581,910,1,3,4,0,1,1,15,140,2,0,1,0,0
201600047491,16,4,15,940,1,1,1,1,2,339,4862184,227499,910,2,1,1,0,1,1,15,35,1,0,1,99,0
201600047492,16,4,15,1715,1,1,1,1,3,689,4872453,231274,910,1,3,6,0,1,1,15,210,1,0,1,99,0
201600047493,16,4,16,1555,1,1,1,1,7,617,4863139,251089,910,2,3,4,0,1,1,15,140,1,0,1,99,0
201600047494,16,4,17,710,2,1,1,1,5,345,4868696,232597,910,1,3,6,0,1,1,15,210,1,0,1,99,0
201600047495,16,4,19,1430,1,1,1,7,4,521,4862826,239996,910,2,3,4,0,1,1,15,140,1,0,1,99,0
201600047496,16,4,20,1715,1,1,1,1,5,21,4876370,234371,940,1,3,2,0,4,1,15,70,1,0,1,99,0
201600047498,16,4,21,1100,1,1,1,1,7,339,4863015,225289,910,2,3,4,0,1,1,15,140,1,0,3,99,0
201600047499,16,4,22,823,1,1,1,1,2,21,4876430,234239,940,1,3,6,0,3,2,15,210,1,0,1,99,0
201600047500,16,4,23,1130,1,1,1,1,6,64,4874980,222108,910,2,3,4,0,1,3,15,140,1,0,1,99,0
201600047501,16,4,23,2119,3,1,1,1,6,340,4859784,244086,910,1,3,6,0,1,1,15,210,1,0,1,99,1
201600047502,16,4,25,1530,1,1,1,1,3,570,4862517,232506,910,2,3,4,0,1,1,15,140,1,0,1,99,0
201600047503,16,4,26,745,1,1,1,2,6,340,4861088,243610,910,2,3,4,0,1,1,15,140,2,0,1,99,0
201600047504,16,4,27,730,1,1,1,1,6,179,4856383,247813,910,1,3,6,0,1,1,15,210,1,0,1,99,0
201600047505,16,4,27,1205,1,1,1,1,1,377,4872915,230019,910,2,3,5,0,1,1,15,175,1,5,1,99,0
201600047506,16,4,27,1820,1,1,1,1,4,161,4869371,232020,910,1,3,6,0,1,1,15,210,1,0,1,99,0
201600047508,16,4,29,2217,3,1,1,2,5,687,4866113,237043,910,1,3,6,0,1,1,15,210,2,0,1,99,0
201600047509,16,5,2,1436,1,1,1,1,6,347,4862196,228170,910,2,3,4,0,1,1,15,140,1,0,1,99,0
201600047511,16,5,3,1025,1,1,1,1,4,34,4875770,233595,940,1,3,4,0,1,1,15,140,1,0,1,99,0
201600047512,16,5,4,800,1,1,1,7,4,86,4862484,236797,910,2,1,2,0,1,1,15,140,1,0,1,99,0
201600047513,16,5,5,915,1,1,1,1,6,521,4862777,239968,910,2,1,1,0,1,1,15,210,1,0,1,99,0
201600047514,16,5,5,800,1,1,1,1,6,3,4881290,233633,940,1,3,4,0,1,2,15,140,1,1,1,99,0
201600047516,16,5,6,1115,1,1,1,1,3,521,4864138,239287,910,1,3,6,0,1,1,15,210,1,0,1,99,0
201600047517,16,5,6,1325,1,1,1,1,4,38,4877660,234628,940,1,3,6,0,1,1,15,210,1,0,1,99,0
201600047518,16,5,6,1520,1,1,1,1,3,553,4863165,249980,910,2,3,4,0,1,1,15,140,1,0,1,99,0
201600047520,16,5,8,1240,1,1,1,1,4,34,4876050,231925,940,1,3,4,0,1,1,15,140,1,1,1,99,0
201600047521,16,5,9,910,1,1,1,1,4,534,4872407,216695,910,2,3,4,0,1,1,15,140,1,0,1,99,0
201600047522,16,5,9,2345,3,1,1,2,4,340,4859957,243982,910,1,3,6,0,1,1,15,210,2,0,1,99,0
201600047523,16,5,10,930,1,1,1,1,7,34,4876100,231807,940,1,3,4,0,1,1,15,140,1,1,1,99,0
201600047524,16,5,10,1215,1,1,1,1,2,689,4874285,232226,910,1,3,6,0,1,1,15,210,1,0,1,99,0
201600047525,16,5,10,1300,1,1,1,1,7,471,4869718,219227,910,2,3,4,0,3,1,15,140,1,0,1,99,0
201600047526,16,5,10,1455,1,1,1,2,6,521,4862776,239970,910,2,1,1,0,1,1,15,210,2,0,1,99,0
201600047527,16,5,10,1610,1,1,1,2,2,161,4870557,230597,910,1,3,6,0,1,1,15,210,2,0,1,99,0
201600047528,16,5,10,2310,5,1,1,1,6,21,4876720,234273,940,1,3,4,0,1,3,15,140,2,0,1,99,0
201600047529,16,5,10,2155,3,1,1,2,6,521,4863520,240475,910,2,3,6,0,1,3,15,210,2,0,1,99,0
201600047530,16,5,11,930,1,1,1,8,4,43,4881230,235259,940,1,3,2,0,1,1,15,70,1,0,1,99,0
201600047531,16,5,11,1820,1,1,1,8,2,377,4871940,229314,910,1,3,4,0,1,1,15,140,1,0,1,99,0
201600047532,16,5,12,1050,1,1,1,1,5,689,4871940,229314,910,1,3,6,0,1,1,15,210,1,0,1,99,0
201600047533,16,5,12,1744,1,1,1,3,4,161,4869679,231571,910,1,3,6,0,1,1,15,210,2,0,1,99,0
201600047534,16,5,12,1821,1,1,1,3,5,659,4858108,245925,910,1,3,6,0,1,1,15,210,2,0,1,99,0
201600047535,16,5,12,1930,1,1,1,3,5,182,4861715,242782,910,2,3,4,0,1,1,15,140,2,0,1,99,0
201600047536,16,5,13,1610,1,1,1,1,3,589,4867008,234848,910,1,3,6,0,1,1,15,210,1,0,1,0,0
201600047537,16,5,13,1800,1,1,1,2,2,65,4874830,235762,940,1,3,4,0,1,1,15,140,2,0,1,99,0
201600047538,16,5,14,752,1,1,1,1,6,65,4874830,235762,940,1,3,4,0,1,1,15,140,1,0,1,99,0
201600047539,16,5,14,1209,1,1,1,1,2,43,4881490,235583,940,1,3,4,0,1,1,15,140,1,0,1,99,0
201600047540,16,5,15,1200,1,1,1,1,7,286,4866092,240106,910,3,1,1,0,1,2,15,35,1,0,1,0,0
201600047541,16,5,17,615,2,1,1,1,3,286,4865764,237626,910,1,3,6,0,1,1,15,210,1,0,1,0,0
201600047542,16,5,18,745,1,1,1,1,3,3,4880970,233905,940,1,3,4,0,1,1,15,140,1,1,1,99,0
201600047544,16,5,19,1010,1,1,1,1,3,76,4879390,234501,940,1,3,6,0,1,1,15,210,1,0,1,99,0
201600047545,16,5,19,1430,1,1,1,1,2,434,4866817,235422,910,1,3,6,0,1,1,15,210,1,0,1,99,0
201600047547,16,5,20,1345,1,1,1,1,2,659,4858589,245236,910,1,3,6,0,1,1,15,210,1,0,1,99,0
201600047548,16,5,21,310,5,1,1,1,6,161,4870407,230636,910,1,3,6,0,1,3,15,210,1,0,1,99,0
201600047549,16,5,21,535,2,1,1,1,3,65,4875540,234415,940,1,3,4,0,1,3,15,140,1,0,1,99,0
201600047550,16,5,22,1945,2,1,1,2,3,34,4875630,233940,940,1,3,4,0,1,1,15,140,1,0,1,99,0
201600047551,16,5,22,2145,3,1,1,2,6,64,4876563,222847,910,3,1,1,0,1,2,15,35,2,0,3,99,0
201600047552,16,5,23,40,3,1,1,3,6,521,4862655,239841,910,2,3,4,0,1,4,15,140,2,0,1,99,0
201600047553,16,5,23,630,1,1,1,3,2,43,4881510,235595,940,1,3,4,0,1,1,15,140,2,0,1,99,0
201600047554,16,5,24,600,2,1,1,1,3,76,4879150,234460,940,1,3,6,0,4,1,15,210,1,0,1,99,0
201600047555,16,5,25,907,1,1,1,1,3,659,4858737,245031,910,1,3,6,0,1,1,15,210,1,0,1,99,0
201600047556,16,5,25,805,1,1,1,1,4,689,4872725,231354,910,1,3,6,0,1,1,15,210,1,0,1,99,0
201600047557,16,5,25,1137,1,1,1,1,4,477,4871773,226172,910,1,3,2,0,1,1,15,70,1,2,1,0,0
201600047558,16,5,26,200,5,1,1,1,6,37,4881330,235417,940,1,3,4,0,2,2,15,140,1,1,2,99,0
201600047559,16,5,27,655,1,1,1,2,2,534,4872707,216585,910,2,3,4,0,3,1,15,140,2,0,1,99,0
201600047560,16,5,27,800,1,1,1,2,2,471,4870284,219300,910,2,3,4,0,1,1,15,140,2,0,1,99,0
201600047561,16,5,27,840,1,1,1,1,4,434,4866773,235655,910,1,3,6,0,3,1,15,210,1,0,1,99,0
201600047562,16,5,28,440,3,1,1,1,2,38,4878850,234525,940,1,3,6,0,1,1,15,210,1,0,1,99,1
201600047564,16,5,28,1957,1,1,1,1,2,534,4873938,218078,910,2,3,4,0,1,1,15,140,1,0,1,99,0
201600047566,16,5,30,1,3,1,1,1,6,161,4870752,230638,910,1,1,1,0,2,1,15,35,1,0,1,0,0
201600047567,16,5,30,1220,1,1,1,3,2,65,4875650,234942,940,1,3,4,0,1,1,15,140,2,0,1,99,0
201600047568,16,5,30,1832,1,1,1,3,7,34,4876020,232048,940,1,3,4,0,1,1,15,140,2,0,1,99,0
201600047569,16,5,31,534,2,1,1,3,3,64,4876475,222958,910,2,3,4,0,1,1,15,140,2,0,1,99,0
201600047570,16,5,31,929,1,1,1,3,4,521,4863980,239482,910,1,3,6,0,1,1,15,210,2,0,1,99,0
201600047571,16,5,31,838,1,1,1,3,3,521,4863518,240474,910,2,1,2,0,1,3,15,70,2,0,1,99,0
201600047572,16,5,31,1023,1,1,1,3,2,43,4881230,235262,940,1,3,4,0,1,1,15,140,2,1,1,99,0
201600047573,16,5,31,1214,1,1,1,2,5,589,4867426,234235,910,1,3,6,0,1,1,15,210,2,0,1,99,0
201600047574,16,6,1,900,1,1,1,1,6,38,4877930,234658,940,1,3,6,0,1,1,15,210,1,0,1,99,0
201600047575,16,6,1,1345,1,1,1,1,4,65,4875470,234711,940,1,3,6,0,1,1,15,210,1,0,1,99,0
201600047576,16,6,1,1615,1,1,1,1,3,161,4870752,230638,910,1,3,6,0,1,2,15,210,1,0,1,99,0
201600047577,16,6,1,1750,1,1,1,1,2,340,4860365,243704,910,1,3,6,0,1,1,15,210,1,0,1,99,0
201600047578,16,6,1,2145,2,1,1,3,3,161,4870691,230616,910,1,3,6,0,1,3,15,210,2,0,1,99,0
201600047579,16,6,3,930,1,1,1,1,6,659,4858602,245235,910,1,3,6,0,1,1,15,210,1,0,1,99,0
201600047581,16,6,5,221,3,1,1,1,2,521,4863509,240180,910,1,3,6,0,1,1,15,210,1,0,1,99,0
201600047582,16,6,6,1750,1,1,1,1,2,65,4875490,234572,940,1,3,4,0,1,1,15,140,1,0,1,99,0
201600047583,16,6,7,826,1,1,1,1,5,161,4870315,230691,910,1,3,6,0,1,1,15,210,1,0,1,99,0
201600047584,16,6,7,1630,1,1,1,1,4,689,4872699,231347,910,1,3,6,0,1,1,15,210,1,0,1,99,0
201600047585,16,6,9,110,5,1,1,1,5,689,4874201,232187,910,1,3,6,0,1,1,15,210,1,0,1,99,0
201600047586,16,6,9,15,3,1,1,1,3,34,4875340,233194,940,1,3,6,0,1,1,15,210,1,0,1,99,0
201600047587,16,6,9,900,1,1,1,1,2,659,4858454,245419,910,1,3,6,0,1,1,15,210,1,0,1,99,0
201600047589,16,6,9,1655,1,1,1,1,4,534,4872052,216907,910,2,3,4,0,1,1,15,140,1,0,1,99,0