Num_Acc,an,mois,jour,hrmn,lum,agg,int,atm,col,com,lat,long,dep,catr,circ,nbv,vosp,prof,plan,lartpc,larrout,surf,infra,situ,env1,killed
201600047590,16,6,9,1540,1,1,1,1,2,38,4878260,234699,940,1,3,4,0,3,1,15,140,1,0,1,99,0
201600047591,16,6,9,1920,1,1,1,1,5,432,4869196,232164,910,1,3,6,0,1,1,15,210,1,0,1,99,0
201600047592,16,6,10,1930,1,1,1,1,3,534,4872761,216553,910,2,3,4,0,1,1,15,140,1,0,1,99,0
201600047594,16,6,11,1505,1,1,1,1,4,161,4869924,231220,910,1,3,6,0,1,1,15,210,1,0,1,99,0
201600047595,16,6,11,1829,1,1,1,2,2,521,4862679,241381,910,1,3,6,0,1,1,15,210,2,0,1,99,0
201600047596,16,6,12,543,3,1,1,1,2,38,4877670,234649,940,1,3,6,0,1,1,15,210,1,0,1,99,0
201600047597,16,6,12,1420,1,1,1,2,7,179,4855429,249277,910,1,3,6,0,1,1,15,210,2,0,3,99,0
201600047598,16,6,12,2155,2,1,1,3,6,570,4862517,231432,910,2,1,1,0,2,3,15,25,2,0,1,99,0
201600047599,16,6,12,2234,3,1,1,3,7,477,4871725,226311,910,1,3,4,0,2,3,15,70,2,0,1,99,0
201600047600,16,6,13,925,1,1,1,1,2,377,4872348,229779,910,1,3,6,0,1,1,15,210,1,0,1,99,0
201600047601,16,6,14,2000,1,1,1,1,7,3,4880180,234366,940,1,3,4,0,1,1,15,140,1,0,1,99,0
201600047602,16,6,15,800,1,1,1,2,5,65,4875520,234341,940,1,3,4,0,1,1,15,140,2,0,1,99,0
201600047603,16,6,15,845,1,1,1,2,3,377,4871911,229306,910,1,3,6,0,1,1,15,210,2,0,1,99,0
201600047604,16,6,15,1420,1,1,1,1,6,286,4864794,238623,910,1,3,6,0,1,1,15,210,1,0,1,99,0
201600047605,16,6,15,1755,1,1,1,1,2,38,4877800,234607,940,1,3,6,0,1,1,15,210,1,0,1,99,0
201600047606,16,6,16,1713,1,1,1,1,7,363,4863323,222331,910,2,3,4,0,1,1,15,140,1,0,3,99,0
201600047607,16,6,17,1726,1,1,1,2,3,182,4861395,243060,910,2,3,4,0,1,1,15,140,1,0,1,99,0
201600047608,16,6,17,1834,1,1,1,1,2,179,4856992,247027,910,1,3,6,0,1,1,15,210,2,0,1,99,0
201600047609,16,6,18,1350,1,1,1,1,3,617,4863162,249883,910,2,3,4,0,1,1,15,140,1,0,1,99,0
201600047610,16,6,18,1900,1,1,1,2,6,37,4853799,249918,910,1,3,6,0,1,1,15,210,2,0,3,99,0
201600047611,16,6,18,2222,3,1,1,2,6,340,4860809,243440,910,2,3,4,0,1,2,15,140,2,2,3,99,0
201600047612,16,6,19,1239,1,1,1,1,2,161,4870571,230593,910,1,3,6,0,1,2,15,210,2,0,1,99,0
201600047613,16,6,20,610,2,1,1,2,3,589,4868216,232966,910,1,3,6,0,1,2,15,210,2,0,1,99,0
201600047614,16,6,20,1400,1,1,1,3,4,468,4857201,246828,910,1,3,6,0,2,1,15,210,2,0,1,99,0
201600047615,16,6,20,1845,1,1,1,2,3,21,4876430,234239,940,1,3,6,0,1,1,15,210,2,0,1,99,0
201600047616,16,6,21,830,1,1,1,8,3,477,4872868,224381,910,3,3,3,0,1,1,15,70,1,0,1,99,0
201600047617,16,6,21,851,1,1,1,2,3,286,4864727,238663,910,1,3,6,0,1,1,15,210,2,0,1,99,0
201600047618,16,6,21,930,1,1,1,1,5,161,4870207,230805,910,1,3,6,0,1,1,15,35,1,0,1,99,0
201600047619,16,6,22,730,1,1,1,1,2,174,4861175,244776,910,2,3,6,0,1,1,15,210,1,0,1,99,0
201600047620,16,6,22,930,1,1,1,1,3,21,4876430,234312,940,1,3,4,0,1,2,15,140,1,0,1,99,0
201600047621,16,6,22,900,1,1,1,1,5,549,4862314,229230,910,2,3,4,0,1,1,15,140,1,0,1,99,0
201600047622,16,6,22,1221,1,1,1,1,5,64,4874938,221032,910,2,3,4,0,1,1,15,140,1,0,1,99,0
201600047623,16,6,23,1415,1,1,1,1,2,659,4858481,245371,910,1,3,6,0,1,1,15,210,1,0,1,99,0
201600047624,16,6,23,1812,1,1,1,1,2,136,4871464,228942,910,1,3,4,0,1,1,15,140,1,0,1,99,0
201600047625,16,6,24,844,1,1,1,1,3,687,4865727,237686,910,1,3,6,0,1,1,15,210,1,0,1,99,0
201600047626,16,6,24,1900,1,1,1,1,7,617,4863147,250647,910,2,3,4,0,1,1,15,140,1,0,1,99,0
201600047627,16,6,25,1257,1,1,1,1,2,689,4873866,231950,910,1,3,6,0,1,1,15,210,1,0,1,99,0
201600047628,16,6,25,1234,1,1,1,1,3,340,4860133,243846,910,1,3,6,0,1,1,15,210,1,0,1,99,0
201600047629,16,6,25,1540,1,1,1,1,2,689,4872988,231449,910,1,3,6,0,1,1,15,210,1,0,1,99,0
201600047630,16,6,26,2040,1,1,1,1,3,434,4866847,235301,910,1,3,6,0,3,1,15,210,1,0,1,99,0
201600047631,16,6,27,1100,1,1,1,1,3,38,4877340,234610,940,1,3,4,0,1,1,15,140,1,0,1,99,0
201600047632,16,6,27,1640,1,1,1,1,2,617,4863143,251373,910,2,3,4,0,1,1,15,140,1,0,1,99,0
201600047633,16,6,27,1720,1,1,1,1,2,235,4862461,237123,910,2,3,4,0,3,1,15,140,1,0,1,99,0
201600047634,16,6,27,1950,1,1,1,1,7,161,4870607,230606,910,1,3,6,0,1,2,15,210,1,0,1,99,0
201600047635,16,6,28,1523,1,1,1,1,2,377,4871940,229314,910,1,3,4,0,1,1,15,140,1,0,1,99,0
201600047636,16,6,28,1800,1,1,1,1,4,235,4862489,236644,910,2,1,2,0,1,1,15,140,1,0,1,99,0
201600047637,16,6,29,850,1,1,1,1,2,76,4879160,234443,940,1,3,6,0,2,1,15,210,1,0,1,99,0
201600047638,16,6,29,1727,1,1,1,1,3,34,4875570,233979,940,1,3,4,0,1,1,15,140,1,0,1,99,0
201600047639,16,6,29,1331,1,1,1,1,5,182,4862278,242139,910,1,3,6,0,1,1,15,210,1,0,1,99,0
201600047640,16,6,30,1137,1,1,1,1,5,21,4877110,234551,940,1,3,6,0,1,1,15,210,1,0,1,99,0
201600047641,16,5,25,1350,1,1,1,1,3,251,4862990,253648,770,1,3,4,0,1,1,15,140,1,0,1,0,0
201600047642,16,6,30,1530,1,1,1,1,3,86,4862538,239557,910,2,1,2,0,1,1,15,140,1,0,1,99,0
201600047643,16,6,30,1900,1,1,1,1,5,65,4874910,235688,940,1,3,4,0,1,1,15,140,1,0,1,99,0
201600047644,16,6,30,1815,1,1,1,1,2,377,4871715,229134,910,1,3,4,0,1,1,15,140,1,0,1,99,0
201600047645,16,7,1,1900,1,1,1,1,2,182,4861250,243163,910,2,3,6,0,1,1,15,210,1,0,1,99,0
201600047646,16,7,3,1350,1,1,1,1,7,34,4875890,233778,940,1,3,4,0,1,2,15,140,1,2,1,99,0
201600047647,16,7,3,1845,1,1,1,2,7,617,4863302,253420,910,2,3,4,0,1,2,15,140,2,0,1,99,0
201600047648,16,7,4,30,3,1,1,1,2,471,4871341,217823,910,2,3,4,0,2,1,15,140,1,0,1,99,0
201600047649,16,7,4,1735,1,1,1,1,3,340,4860842,243687,910,2,3,4,0,1,1,15,140,1,0,1,99,0
201600047650,16,7,5,20,5,1,1,1,3,161,4870922,230702,910,1,3,6,0,4,3,15,210,1,0,1,99,0
201600047651,16,7,6,925,1,1,1,1,2,689,4873355,231586,910,1,3,6,0,1,1,15,210,1,0,1,99,0
201600047652,16,7,6,930,1,1,1,1,2,468,4857532,246558,910,1,3,6,0,1,1,15,210,1,0,1,99,0
201600047653,16,7,6,1930,1,1,1,1,2,43,4881510,235595,940,1,3,4,0,1,1,15,140,1,0,1,99,0
201600047654,16,7,7,210,3,1,1,1,2,251,4862940,253674,770,1,3,6,0,1,1,15,210,1,0,1,99,0
201600047655,16,7,7,215,3,1,1,1,2,38,4877530,234576,940,1,3,6,0,1,1,15,210,1,0,1,99,0
201600047656,16,7,7,905,1,1,1,1,3,65,4875810,234813,940,1,3,4,0,1,1,15,140,1,0,1,99,0
201600047657,16,7,7,1445,1,1,1,1,3,37,4853961,249868,910,1,3,6,0,1,1,15,210,1,0,1,99,0
201600047658,16,7,7,1630,1,1,1,1,3,645,4876046,225372,910,2,3,4,0,1,1,15,140,1,0,1,99,0
201600047659,16,7,7,1535,1,1,1,1,3,174,4862449,246965,910,2,3,6,0,2,1,15,210,1,0,1,99,0
201600047660,16,7,8,1600,1,1,1,1,3,689,4872456,231270,910,1,3,6,0,1,1,15,210,1,0,1,99,0
201600047661,16,7,8,1530,1,1,1,1,4,235,4862506,236533,910,2,1,2,0,1,1,15,140,1,0,1,99,0
201600047662,16,7,8,1740,1,1,1,1,5,64,4876433,222941,910,2,3,4,0,1,1,15,140,1,0,1,99,0
201600047663,16,7,9,845,1,1,1,1,7,689,4873436,231389,910,1,3,4,0,3,2,15,140,1,0,1,99,0
201600047664,16,7,9,1300,1,1,1,1,7,617,4864313,253620,910,2,3,6,0,1,3,15,210,1,0,1,99,0
201600047665,16,7,10,706,2,1,1,1,5,312,4873165,223769,910,3,2,2,0,1,1,15,70,1,0,1,99,0
201600047666,16,7,10,1440,1,1,1,1,7,64,4876541,222984,910,2,3,4,0,1,1,15,140,1,0,1,99,0
201600047667,16,7,10,2015,1,1,1,1,2,363,4864649,219073,910,2,3,4,0,1,1,15,140,1,0,1,99,0
201600047668,16,7,11,100,3,1,1,1,3,689,4873168,231526,910,1,3,6,0,1,1,15,210,1,0,1,99,0
201600047669,16,7,11,805,1,1,1,1,4,3,4880810,234045,940,1,3,6,0,1,1,15,210,1,0,1,99,0
201600047670,16,7,11,820,1,1,1,1,3,617,4862719,253818,910,1,1,2,0,1,4,15,35,1,0,2,99,0
201600047671,16,7,11,1330,1,1,1,1,4,689,4874158,232150,910,1,3,6,0,1,1,15,210,1,0,1,99,0
201600047672,16,7,12,1500,1,1,1,2,6,471,4869082,222364,910,1,3,4,0,1,3,15,140,2,0,1,99,0
201600047673,16,7,12,1615,1,1,1,1,2,521,4863503,240698,910,2,1,2,0,1,1,15,70,1,0,1,99,0
201600047674,16,7,13,20,3,1,1,1,6,43,4881290,235352,940,1,3,4,0,1,1,15,140,1,0,1,99,0
201600047675,16,7,14,817,1,1,1,1,6,286,4864361,239089,910,1,3,6,0,1,1,15,210,1,0,1,99,0
201600047676,16,7,15,20,3,1,1,1,6,179,4856972,247057,910,1,1,1,0,3,1,15,35,1,3,1,99,0
201600047677,16,7,15,1355,1,1,1,1,2,228,4861659,242873,910,1,3,6,0,1,1,15,210,1,0,1,99,0
201600047678,16,7,15,2000,1,1,1,1,3,161,4871964,231146,910,1,3,6,0,1,1,15,210,1,0,1,99,0
201600047679,16,7,17,221,3,1,1,1,6,235,4862510,236482,910,2,1,2,0,1,1,15,140,1,0,2,99,1
201600047680,16,7,16,1,4,1,1,1,3,434,4866806,235504,910,1,3,6,0,1,1,15,210,1,0,1,99,0
201600047681,16,7,18,1225,1,1,1,1,2,286,4865027,238400,910,1,3,6,0,1,1,15,210,1,0,1,99,0
201600047682,16,7,19,1227,1,1,1,1,2,347,4862193,227760,910,2,3,4,0,1,1,15,140,1,0,1,99,0
201600047683,16,7,19,1635,1,1,1,1,6,377,4872973,229783,910,3,3,4,0,1,2,15,140,1,0,1,99,0
201600047684,16,7,19,1800,1,1,1,1,7,21,4876730,234528,940,1,3,2,0,1,1,15,140,1,0,1,99,0
201600047685,16,7,20,40,5,1,1,1,3,3,4880810,234045,940,1,3,6,0,1,1,15,210,1,0,1,99,0
201600047686,16,7,21,535,3,1,1,1,2,534,4872949,216594,910,2,3,4,0,1,2,15,140,1,3,1,99,0
201600047687,16,7,21,900,1,1,1,1,2,468,4857358,246727,910,1,3,4,0,4,1,15,35,1,0,1,99,0
201600047688,16,7,21,855,1,1,1,1,4,64,4875585,222365,910,2,3,4,0,4,1,15,140,1,0,1,99,0
201600047689,16,7,21,850,1,1,1,1,5,161,4869649,231661,910,1,3,6,0,1,1,15,210,1,0,1,99,0
201600047690,16,7,21,2300,5,1,1,1,6,689,4874334,232314,910,1,3,6,0,1,1,15,210,1,0,1,99,0
201600047691,16,7,22,900,1,1,1,1,2,434,4866985,234915,910,1,3,6,0,1,1,15,210,1,0,1,99,0
201600047692,16,7,24,1720,1,1,1,1,2,689,4873287,231559,910,1,3,6,0,1,1,15,210,1,0,1,99,0
201600047693,16,7,24,1905,1,1,1,1,7,661,4869193,222554,910,1,3,4,0,1,1,15,140,1,0,1,99,0
201600047694,16,7,23,400,3,1,1,1,3,689,4873327,231572,910,1,3,6,0,1,1,15,210,1,0,1,99,0
201600047695,16,7,25,957,1,1,1,1,5,286,4865758,237644,910,1,3,6,0,1,1,15,210,1,0,2,99,0
201600047696,16,7,25,940,1,1,1,1,2,692,4867349,219371,910,2,3,4,0,1,1,15,140,1,0,1,99,0
201600047697,16,7,25,1810,1,1,1,1,3,38,4878170,234702,940,1,3,4,0,1,1,15,140,1,0,1,99,0
201600047698,16,7,25,1715,1,1,1,1,3,182,4861659,242872,910,2,3,4,0,1,1,15,140,1,0,1,99,0
201600047699,16,7,25,1830,1,1,1,1,4,182,4862107,242395,910,1,3,6,0,1,1,15,210,1,0,1,99,0
201600047700,16,7,27,1315,1,1,1,1,2,21,4876540,234402,940,1,3,4,0,1,1,15,140,1,0,1,99,0
201600047701,16,7,27,1425,1,1,1,1,3,339,4862739,225837,910,2,3,4,0,1,1,15,140,1,0,1,99,0
201600047702,16,7,29,1240,1,1,1,1,2,689,4874193,232189,910,1,3,6,0,4,1,15,210,1,0,1,99,0
201600047703,16,8,1,415,3,1,1,1,6,339,4863096,224853,910,2,3,4,0,1,1,15,140,1,0,3,99,0
201600047704,16,8,1,1735,1,1,1,1,5,377,4871576,229037,910,1,3,4,0,1,1,15,140,1,0,1,99,0
201600047705,16,8,4,1250,1,1,1,2,5,21,4875990,233845,940,1,3,4,0,1,1,15,140,2,0,1,99,0
201600047706,16,8,4,1622,1,1,1,1,7,37,4854564,249627,910,1,3,6,0,1,1,15,210,1,0,1,99,0
201600047707,16,8,4,2114,2,1,1,1,2,34,4875970,232167,940,1,3,4,0,1,1,15,140,1,0,1,99,0
201600047708,16,8,5,1821,1,1,1,1,3,161,4869921,231215,910,1,3,6,0,1,1,15,210,1,0,1,99,0
201600047709,16,8,6,215,3,1,1,1,2,659,4858228,245746,910,1,3,6,0,2,1,15,210,1,0,1,99,0
201600047710,16,8,6,1650,1,1,1,1,2,377,4872847,230544,910,1,3,4,0,1,1,15,140,1,0,1,99,0
201600047711,16,8,6,1600,1,1,1,1,3,549,4862655,234533,910,2,3,4,0,1,1,15,140,1,0,1,99,0
201600047712,16,8,11,805,1,1,1,1,6,340,4860842,243687,910,2,1,2,0,1,3,15,140,1,0,1,99,0
201600047714,16,8,13,1840,1,1,1,1,2,38,4877570,234602,940,1,3,6,0,1,1,15,210,1,0,1,99,0
201600047715,16,8,16,1450,1,1,1,1,4,377,4872829,230502,910,1,3,4,0,1,1,15,140,1,0,1,99,0
201600047716,16,8,16,1552,1,1,1,1,7,495,4856860,264199,770,2,3,4,0,1,1,15,140,1,0,1,99,0
201600047717,16,8,16,1700,1,1,1,1,2,549,4862541,233622,910,2,3,4,0,1,1,15,140,1,0,1,99,0
201600047718,16,8,17,1550,1,1,1,1,4,659,4857682,246440,910,1,3,6,0,1,1,15,210,1,0,1,99,0
201600047720,16,8,18,845,1,1,1,8,6,21,4876020,233885,940,1,3,6,0,1,3,15,210,1,0,1,99,0
201600047721,16,8,18,1350,1,1,1,3,7,174,4861091,244655,910,2,3,6,0,1,3,15,210,2,0,1,99,0
201600047723,16,8,21,730,1,1,1,1,6,471,4869344,219178,910,3,2,2,0,1,1,10,70,1,0,3,99,0
201600047724,16,8,23,555,3,1,1,1,6,521,4863241,240062,910,2,3,4,0,1,1,15,140,8,0,1,99,0
201600047725,16,8,25,720,1,1,1,1,6,340,4860170,243840,910,1,3,6,0,1,1,15,35,1,0,1,99,0
201600047726,16,8,26,26,3,1,1,1,3,363,4865810,218296,910,1,3,4,0,1,1,15,140,1,0,1,99,0
201600047727,16,8,26,1700,1,1,1,1,2,340,4859874,244013,910,1,3,6,0,1,1,15,210,1,0,1,99,0
201600047728,16,8,26,2012,1,1,1,1,3,617,4863244,253583,910,1,3,6,0,1,1,15,210,1,0,1,99,0
201600047729,16,8,27,2207,5,1,1,1,7,553,4863106,249012,910,2,3,6,0,1,2,15,210,1,0,1,99,0
201600047730,16,8,28,545,3,1,1,1,6,286,4865683,237735,910,1,3,6,0,1,1,15,210,1,0,1,99,0
201600047731,16,8,28,600,3,1,1,1,2,286,4865758,237591,910,1,3,6,0,1,1,15,210,1,0,1,99,0
201600047733,16,8,29,1910,1,1,1,1,3,34,4875070,232925,940,1,3,6,0,1,1,15,210,1,0,1,99,0
201600047734,16,8,30,1920,1,1,1,1,3,689,4874238,232222,910,1,3,6,0,2,1,15,210,1,0,1,99,0
201600047735,16,8,30,2200,5,1,1,1,2,21,4876830,234331,940,1,3,4,0,2,1,15,140,1,0,1,99,0
201600047736,16,8,31,705,1,1,1,1,6,468,4857510,246577,910,1,3,6,0,4,1,15,210,1,0,1,99,0
201600047737,16,9,1,302,3,1,1,1,2,377,4871940,229314,910,1,3,6,0,1,1,15,210,1,0,1,99,0
201600047738,16,9,2,1245,1,1,1,1,4,659,4857870,246246,910,1,3,6,0,1,1,15,210,1,0,1,99,0
201600047739,16,9,2,1540,1,1,1,1,4,549,4862571,233917,910,2,3,4,0,1,1,15,140,1,0,1,99,0
201600047740,16,9,3,1445,1,1,1,1,4,161,4871227,230798,910,1,3,6,0,1,1,15,210,1,0,1,99,0
201600047742,16,9,3,2109,3,1,1,1,3,161,4870533,230596,910,1,3,6,0,1,1,15,210,1,0,1,99,0
201600047743,16,9,4,811,1,1,1,1,2,377,4872132,229511,910,1,3,4,0,1,1,15,140,1,0,1,0,0
201600047744,16,9,4,1900,1,1,1,8,2,37,4854144,249776,910,1,3,6,0,1,1,15,210,2,0,1,99,0
201600047745,16,9,5,1025,1,1,1,2,3,477,4871837,225982,910,1,3,6,0,1,1,15,210,2,0,1,99,0
201600047746,16,9,5,803,1,1,1,2,3,363,4866833,219231,910,2,3,4,0,1,1,15,140,2,0,1,99,0
201600047747,16,9,5,1200,1,1,1,2,6,136,4870564,228777,910,2,3,4,0,1,1,15,140,2,0,1,99,0
201600047748,16,9,5,1349,1,1,1,2,6,174,4862209,246348,910,2,3,6,0,1,3,15,210,2,0,1,99,0
201600047749,16,9,5,1400,1,1,1,2,3,235,4862458,237091,910,2,3,4,0,1,1,15,140,2,0,1,99,0
201600047750,16,9,5,1500,1,1,1,2,4,589,4867391,234265,910,1,3,6,0,1,1,15,210,2,0,1,99,0
201600047751,16,9,5,1620,1,1,1,8,2,286,4865027,238400,910,1,3,6,0,1,1,15,210,1,0,1,99,0
201600047752,16,9,5,1500,1,1,1,2,3,21,4876060,233925,940,1,3,6,0,1,1,15,210,2,0,1,99,0
201600047753,16,9,5,1932,1,1,1,2,2,38,4877980,234689,940,1,3,6,0,1,1,15,210,2,0,1,99,0
201600047754,16,9,6,1645,1,1,1,1,3,174,4861136,244702,910,2,3,6,0,3,1,15,210,1,0,1,99,0
201600047755,16,9,7,920,1,1,1,1,4,43,4880570,234539,940,1,3,4,0,1,3,15,140,1,0,1,99,0
201600047756,16,9,7,915,1,1,1,1,3,345,4868836,232455,910,1,3,6,0,3,1,15,210,1,0,1,99,0
201600047757,16,9,7,1302,1,1,1,1,3,174,4861854,245794,910,2,3,4,0,1,1,15,140,1,0,1,99,0
201600047758,16,9,7,1350,1,1,1,1,4,286,4865135,239430,910,3,1,1,0,1,3,15,35,1,0,1,99,0
201600047759,16,9,8,1315,1,1,1,1,2,216,4868110,233123,910,1,3,6,0,1,1,15,210,1,0,1,99,0
201600047760,16,9,8,25,3,1,1,1,7,21,4875970,233853,940,1,3,6,0,1,3,15,210,8,3,1,99,0
201600047761,16,9,8,1935,2,1,1,1,2,34,4875630,233270,940,1,3,4,0,1,1,15,140,1,0,1,99,0
201600047762,16,9,9,815,1,1,1,1,3,38,4878890,234449,940,1,3,6,0,1,1,15,210,1,0,1,99,0
201600047763,16,9,9,1932,1,1,1,1,3,553,4863034,248553,910,2,3,4,0,1,1,15,140,1,0,1,99,0
201600047764,16,9,9,1834,1,1,1,1,6,136,4871177,229067,910,1,2,2,0,1,1,15,70,1,2,1,99,1
201600047765,16,9,9,1730,1,1,1,1,2,174,4862035,246053,910,2,3,4,0,1,1,15,140,1,0,1,99,0
201600047766,16,9,10,1040,1,1,1,1,2,65,4875530,234454,940,1,3,6,0,1,1,15,210,1,0,1,99,0
201600047767,16,9,11,652,4,1,1,1,1,477,4872027,225504,910,1,2,2,0,1,1,15,70,1,0,1,99,0
201600047768,16,9,11,1745,1,1,1,8,2,64,4874865,221542,910,2,3,4,0,1,1,15,140,1,0,1,99,0
201600047769,16,9,12,700,3,1,1,1,5,16,4879250,234467,940,1,3,6,0,1,1,15,210,1,0,1,99,0
201600047770,16,9,12,1050,1,1,1,1,3,37,4881470,233618,940,1,3,4,0,1,1,15,140,1,0,1,99,0
201600047771,16,9,13,1345,1,1,1,1,4,340,4860339,243713,910,1,3,6,0,1,1,15,210,1,0,1,99,0
201600047772,16,9,13,1535,1,1,1,1,2,161,4870752,230638,910,1,3,6,0,1,1,15,210,1,0,1,99,0
201600047773,16,9,14,1556,1,1,1,1,2,689,4874201,232187,910,1,3,6,0,1,1,15,210,1,0,1,99,0
201600047774,16,9,14,1815,1,1,1,1,2,689,4872877,231409,910,1,3,6,0,1,1,15,210,1,0,1,99,0
201600047775,16,9,14,1918,1,1,1,1,6,179,4856288,247978,910,1,3,6,0,1,1,15,210,1,0,1,99,0
201600047776,16,9,14,2055,5,2,1,2,2,377,4872978,230038,910,2,3,4,0,1,1,15,140,2,0,1,99,0
201600047777,16,9,15,900,1,1,1,2,2,377,4871722,229130,910,1,3,6,0,1,1,15,210,2,0,1,99,0
201600047778,16,9,16,822,1,1,1,1,3,434,4866670,236056,910,1,3,6,0,1,1,15,210,1,0,1,99,0
201600047779,16,9,15,2220,3,1,1,1,2,64,4874943,220909,910,2,3,4,0,1,1,15,140,1,0,1,99,0
201600047781,16,9,16,1940,2,1,1,2,2,3,4880810,234045,940,1,3,6,0,4,1,15,210,2,0,1,99,0
201600047782,16,9,16,2100,5,1,1,3,2,174,4862053,246086,910,2,3,6,0,1,1,15,210,3,0,1,99,0
201600047783,16,9,16,2325,3,1,1,2,2,64,4875161,222285,910,2,3,4,0,4,1,15,140,2,0,1,99,0
201600047784,16,9,17,1020,1,1,1,8,6,179,4855680,249363,910,2,3,4,0,1,1,15,140,1,0,1,99,0
201600047785,16,9,17,1130,1,1,1,8,2,363,4866235,218734,910,2,3,4,0,1,1,15,140,1,0,1,99,0
201600047787,16,9,18,1845,1,1,1,2,6,235,4862615,235268,910,2,3,4,0,1,2,15,140,2,0,1,99,0
201600047788,16,9,18,2050,5,1,1,2,7,3,4881210,233695,940,1,3,4,0,2,3,15,140,2,0,1,99,0
201600047789,16,9,19,1025,1,1,1,8,3,38,4877180,234564,940,1,3,4,0,1,1,15,140,1,0,1,99,0
201600047790,16,9,21,1853,1,1,1,1,3,689,4872609,231312,910,1,3,6,0,1,1,15,210,1,0,1,99,0
201600047791,16,9,22,940,1,1,1,1,3,179,4856412,247761,910,1,3,6,0,1,1,15,210,1,0,1,99,0
201600047792,16,9,23,900,1,1,1,1,5,38,4877440,234621,940,1,3,4,0,1,1,15,140,1,0,1,99,0
201600047793,16,9,23,1225,1,1,1,1,2,161,4871045,230166,910,1,2,2,0,2,1,15,35,1,0,1,99,0
201600047795,16,9,24,2050,3,1,1,1,6,312,4873320,223331,910,3,2,2,0,2,2,15,70,1,0,1,99,0
201600047796,16,9,25,945,1,1,1,1,6,38,4878070,234631,940,1,3,6,0,1,1,15,210,1,0,1,99,0
201600047797,16,9,25,1230,1,1,1,2,5,570,4862522,230880,910,2,3,4,0,1,1,15,140,2,0,1,99,0
201600047798,16,9,25,1410,1,1,1,2,7,521,4863097,240010,910,2,3,4,0,3,3,15,140,2,0,2,99,0
201600047799,16,9,25,1450,1,1,1,2,6,521,4863508,240621,910,2,3,4,0,1,1,15,140,1,0,1,99,0
201600047800,16,9,25,1830,1,1,1,1,4,34,4876060,231928,940,1,3,6,0,1,1,15,210,1,0,1,99,0
201600047801,16,9,26,1015,1,1,1,1,5,34,4875660,233277,940,1,3,6,0,1,1,15,210,1,0,1,99,0
201600047802,16,9,26,1250,1,1,1,1,4,687,4866570,236258,910,1,3,6,0,1,1,15,210,1,0,1,99,0
201600047803,16,9,26,1400,1,1,1,1,2,521,4863798,239719,910,1,3,6,0,1,1,15,210,1,0,1,99,0
201600047804,16,9,26,1940,2,1,1,1,2,38,4879080,234392,940,1,3,6,0,3,2,15,210,1,0,1,99,0
201600047805,16,9,27,1035,1,1,1,1,3,521,4863602,240220,910,2,3,4,0,1,1,15,140,1,0,1,99,0
201600047806,16,9,27,1442,1,1,1,1,5,363,4864935,218573,910,2,3,4,0,1,1,15,140,1,0,1,99,0
201600047807,16,9,27,1807,1,1,1,1,2,286,4864694,238747,910,1,3,6,0,1,1,15,210,1,0,1,99,0
201600047808,16,9,28,1600,1,1,1,1,6,661,4869483,223240,910,1,3,2,0,3,3,15,35,1,0,1,99,0
201600047810,16,9,30,645,3,1,1,2,2,692,4867453,219998,910,1,3,4,0,1,1,15,140,2,0,1,99,0
201600047811,16,9,30,954,1,1,1,1,7,521,4863503,240658,910,2,1,1,0,4,2,15,35,8,0,1,99,0
201600047812,16,9,30,1840,2,1,1,2,2,377,4871919,229312,910,1,3,4,0,1,1,15,140,2,0,1,99,0
201600047813,16,9,30,2045,3,1,1,2,3,477,4871520,225394,910,1,3,6,0,1,1,15,210,2,0,1,99,0
201600047814,16,10,1,1800,1,1,1,2,2,34,4875580,233919,940,1,3,6,0,1,1,15,210,2,0,1,99,0
201600047815,16,10,2,1952,2,1,1,1,4,661,4869402,223074,910,1,3,6,0,1,1,15,210,1,0,1,99,0
201600047816,16,10,2,230,3,1,1,1,2,347,4862232,228432,910,2,3,4,0,1,1,15,140,1,0,1,99,0
201600047817,16,10,3,1623,1,1,1,1,6,521,4863506,240775,910,2,2,2,0,1,3,15,70,1,0,1,99,0
201600047818,16,10,3,1906,2,1,1,1,3,286,4865078,239301,910,3,3,4,0,1,1,15,140,1,0,1,99,0
201600047819,16,10,4,800,2,1,1,1,3,377,4871882,229288,910,1,3,4,0,1,1,15,140,1,0,1,99,0
201600047820,16,10,4,1307,1,1,1,1,5,216,4868211,232994,910,1,3,6,0,1,1,15,210,1,0,1,99,0
201600047821,16,10,4,1601,1,1,1,1,4,689,4872726,231369,910,1,3,6,0,1,1,15,210,1,0,1,99,0