Num_Acc,an,mois,jour,hrmn,lum,agg,int,atm,col,com,lat,long,dep,catr,circ,nbv,vosp,prof,plan,lartpc,larrout,surf,infra,situ,env1,killed
201600047822,16,10,5,820,1,1,1,1,2,345,4868792,232508,910,1,3,6,0,3,1,15,210,1,0,1,99,0
201600047824,16,10,6,545,3,1,1,1,6,521,4863324,240515,910,2,3,4,0,3,2,15,140,1,0,1,99,0
201600047825,16,10,6,615,3,1,1,1,4,340,4860864,243788,910,2,3,4,0,1,1,15,140,1,0,1,99,0
201600047826,16,10,6,915,1,1,1,1,3,589,4867548,234079,910,1,3,6,0,1,1,15,210,1,0,1,99,0
201600047827,16,10,6,900,1,1,1,1,4,228,4861915,242690,910,1,3,6,0,1,1,15,210,1,0,1,99,0
201600047830,16,10,7,736,2,1,1,1,2,363,4863514,221442,910,2,3,4,0,1,1,15,140,1,0,1,99,0
201600047831,16,10,8,920,1,1,1,1,6,689,4874745,232686,910,1,3,6,0,4,1,15,210,1,0,1,99,0
201600047832,16,10,8,1945,2,1,1,1,4,34,4875980,232170,940,1,3,4,0,1,1,15,140,1,0,1,99,0
201600047833,16,10,9,1600,1,1,1,1,5,521,4863250,240532,910,1,3,6,0,1,1,15,210,1,0,1,99,0
201600047834,16,10,9,1458,1,1,1,1,4,216,4868787,232529,910,1,3,6,0,1,1,15,210,1,0,1,0,0
201600047835,16,10,9,1804,1,1,1,1,2,34,4875980,233844,940,1,3,6,0,1,1,15,210,1,0,1,99,0
201600047836,16,10,10,808,1,1,1,1,5,34,4875780,233610,940,1,3,4,0,1,1,15,140,1,0,1,99,0
201600047837,16,10,11,942,1,1,1,1,7,34,4875660,233158,940,1,3,4,0,1,1,15,140,1,0,1,99,0
201600047838,16,10,11,1308,1,1,1,1,2,21,4876370,234177,940,1,3,6,0,1,1,15,210,1,0,1,99,0
201600047839,16,10,10,1510,1,1,1,1,7,521,4863434,240065,910,2,3,4,0,1,2,15,140,1,0,1,99,0
201600047840,16,10,11,1600,1,1,1,1,2,161,4871888,231054,910,1,3,6,0,1,1,15,210,1,0,1,99,0
201600047841,16,10,11,1830,1,1,1,1,3,3,4880130,234195,940,1,3,6,0,4,1,15,210,1,0,1,99,0
201600047842,16,10,12,750,2,1,1,1,2,174,4862021,246026,910,2,3,4,0,4,1,15,140,1,0,1,99,0
201600047843,16,10,12,1835,2,1,1,1,3,174,4862273,246568,910,2,3,4,0,2,1,15,140,1,0,1,99,0
201600047844,16,10,13,706,3,1,1,1,4,65,4875550,234349,940,1,3,6,0,1,1,15,210,1,0,1,99,0
201600047845,16,10,14,1030,1,1,1,1,4,34,4875870,232530,940,1,3,4,0,1,1,15,140,1,0,1,99,0
201600047846,16,10,14,1346,1,1,1,1,6,521,4862936,239997,910,2,3,4,0,4,3,15,140,1,0,1,99,0
201600047847,16,10,14,1823,2,1,1,2,7,434,4866902,235123,910,1,3,6,0,1,1,15,210,2,0,1,99,0
201600047848,16,10,14,1825,2,1,1,3,7,38,4877480,234607,940,1,3,6,0,1,1,15,210,2,0,1,99,0
201600047850,16,10,14,1846,2,1,1,2,4,549,4862523,230812,910,2,3,4,0,1,1,15,140,2,0,1,99,0
201600047851,16,10,15,540,5,1,1,1,6,65,4875810,234786,940,1,3,6,0,1,1,15,210,2,0,1,99,0
201600047852,16,10,15,1213,1,1,1,1,2,689,4874647,232471,910,1,3,6,0,3,1,15,210,1,0,1,99,0
201600047853,16,10,15,1548,1,1,1,1,4,34,4876080,231869,940,1,3,4,0,1,1,15,140,1,0,1,99,0
201600047854,16,10,15,22,3,1,1,2,6,174,4861253,244934,910,2,3,6,0,1,1,15,210,2,0,1,99,0
201600047855,16,10,15,2117,3,1,1,1,2,377,4872867,230541,910,1,3,3,0,1,1,15,210,1,0,1,99,0
201600047856,16,10,16,1850,2,1,1,1,2,34,4875780,232778,940,1,3,6,0,1,1,15,210,1,0,1,99,0
201600047857,16,10,16,1918,2,1,1,1,4,174,4861244,244911,910,2,3,4,0,1,1,15,140,1,0,1,99,0
201600047858,16,10,15,130,5,1,1,2,6,34,4875580,233815,940,1,3,6,0,1,3,15,210,2,0,1,99,0
201600047859,16,10,17,620,3,1,1,1,3,286,4865432,238022,910,1,3,6,0,1,1,15,210,2,0,1,99,0
201600047860,16,10,17,801,1,1,1,2,3,340,4859863,244031,910,1,3,6,0,1,1,15,210,2,0,1,99,0
201600047861,16,10,19,1730,1,1,1,2,2,689,4872461,231256,910,1,3,6,0,1,1,15,210,2,0,1,99,0
201600047862,16,10,19,1650,1,1,1,2,3,136,4871330,228005,910,1,3,2,0,1,1,15,210,2,0,1,99,0
201600047863,16,10,20,1030,1,1,1,1,2,34,4876200,231456,940,1,3,4,0,1,1,15,140,1,0,1,99,0
201600047864,16,10,20,1256,1,1,1,1,2,34,4876200,231442,940,1,3,4,0,1,1,15,140,1,0,1,99,0
201600047865,16,10,20,1801,2,1,1,2,4,377,4872885,229467,910,3,3,4,0,1,1,15,140,2,0,1,99,0
201600047866,16,10,20,1830,3,1,1,1,3,38,4878880,234508,940,1,3,6,0,1,1,15,210,2,0,1,99,0
201600047867,16,10,20,2120,5,1,1,8,2,76,4879520,234507,940,1,3,6,0,1,1,15,210,1,0,1,99,0
201600047868,16,10,21,705,3,1,1,1,5,687,4866712,235907,910,1,3,6,0,1,1,15,210,1,0,1,99,0
201600047869,16,10,21,800,2,1,1,1,7,687,4865996,237287,910,1,3,6,0,1,1,15,210,2,0,1,99,0
201600047870,16,10,21,1125,1,1,1,8,2,286,4864635,238778,910,1,3,6,0,1,1,15,210,1,0,1,99,0
201600047871,16,10,21,1717,1,1,1,8,3,182,4862655,241458,910,1,3,6,0,1,1,15,210,1,0,1,99,0
201600047872,16,10,21,1820,1,1,1,2,3,377,4872834,230523,910,1,3,6,0,1,1,15,210,2,0,1,99,0
201600047873,16,10,22,535,4,1,1,5,6,174,4862021,246026,910,2,3,4,0,4,3,15,140,2,0,1,99,0
201600047874,16,10,22,1337,1,1,1,1,4,38,4878240,234676,940,1,3,6,0,1,1,15,210,1,0,1,99,0
201600047875,16,10,22,1605,1,1,1,1,7,161,4871187,230806,910,1,3,6,0,1,1,15,210,1,0,1,99,0
201600047876,16,10,22,1710,1,1,1,1,2,38,4878240,234676,940,1,3,6,0,1,1,15,210,1,0,1,99,0
201600047877,16,10,22,1920,3,1,1,1,3,38,4877340,234610,940,1,3,6,0,1,1,15,210,1,0,1,99,0
201600047878,16,10,23,825,2,1,1,1,2,661,4869254,222706,910,1,3,6,0,3,1,15,210,1,0,1,99,0
201600047879,16,10,23,1855,2,1,1,3,6,477,4871785,226197,910,1,2,3,0,1,1,15,105,2,0,1,99,0
201600047880,16,10,24,835,1,1,1,2,3,43,4881510,235601,940,1,3,6,0,1,1,15,210,2,0,1,99,0
201600047881,16,10,24,710,3,1,1,2,2,64,4874796,219837,910,2,3,4,0,1,1,15,140,2,0,1,99,0
201600047882,16,10,24,837,1,1,1,2,2,687,4866165,236995,910,1,3,6,0,1,1,15,210,2,0,1,99,0
201600047883,16,10,24,945,1,1,1,3,3,3,4880200,234196,940,1,3,6,0,1,1,15,210,2,0,1,99,0
201600047884,16,10,24,1225,1,1,1,2,6,235,4862626,235196,910,2,1,1,0,1,3,15,35,2,0,3,99,0
201600047885,16,10,24,1223,1,1,1,2,7,64,4874907,221301,910,2,1,1,0,4,3,15,35,2,0,1,99,0
201600047886,16,10,24,1645,1,1,1,2,6,471,4871048,218724,910,2,3,4,0,3,3,15,140,2,0,1,99,0
201600047887,16,10,25,1839,2,1,1,1,4,553,4863144,250321,910,2,3,6,0,1,1,15,210,1,0,1,99,0
201600047888,16,10,26,1849,1,1,1,1,3,64,4876524,222973,910,2,3,4,0,1,1,15,140,1,0,1,99,0
201600047889,16,10,27,200,3,1,1,8,2,689,4872208,231179,910,1,3,6,0,1,1,15,210,1,0,1,99,0
201600047890,16,10,27,815,1,1,1,5,3,377,4872313,229719,910,1,3,6,0,1,1,15,210,9,0,1,99,0
201600047891,16,10,27,1100,1,1,1,1,7,339,4862359,226727,910,2,3,4,0,1,1,15,140,1,0,1,99,0
201600047892,16,10,27,1150,1,1,1,1,2,553,4863153,249996,910,2,3,4,0,1,1,15,140,1,0,1,99,0
201600047893,16,10,27,1610,1,1,1,1,4,589,4867124,234639,910,1,3,6,0,1,1,15,210,1,0,1,99,0
201600047894,16,10,28,730,5,1,1,8,4,174,4861986,245988,910,2,3,4,0,1,1,15,140,1,0,1,99,0
201600047895,16,10,28,900,1,1,1,1,2,432,4869390,231984,910,1,3,6,0,4,1,15,210,1,0,1,99,0
201600047896,16,10,28,1725,1,1,1,1,3,38,4878260,234638,940,1,3,6,0,1,1,15,210,1,0,1,99,0
201600047899,16,10,30,24,5,1,1,1,5,34,4876090,231805,940,1,3,4,0,1,1,15,70,1,1,1,99,0
201600047900,16,10,30,645,3,1,1,1,2,216,4868081,233154,910,1,3,6,0,2,1,15,210,1,0,1,99,0
201600047901,16,10,30,1610,1,1,1,1,7,661,4869904,224440,910,1,3,6,0,1,3,15,210,1,0,1,99,0
201600047902,16,10,30,1710,1,1,1,1,6,174,4862157,246281,910,2,3,4,0,1,1,15,140,1,0,1,99,0
201600047903,16,10,30,1845,2,1,1,1,4,689,4873372,231615,910,1,3,6,0,1,1,15,210,1,0,1,99,0
201600047904,16,10,31,5,5,1,1,1,2,34,4875810,232646,940,1,3,4,0,1,1,15,140,1,0,1,99,0
201600047905,16,10,31,1345,1,1,1,1,2,589,4868364,232865,910,1,3,6,0,1,3,15,210,1,0,1,99,0
201600047906,16,10,31,1800,2,1,1,1,4,363,4865504,218039,910,2,3,6,0,1,3,15,210,1,0,1,99,0
201600047907,16,11,1,1650,1,1,1,1,4,3,4879890,234283,940,1,3,6,0,1,1,15,210,1,0,1,99,0
201600047908,16,11,2,800,3,1,1,1,5,377,4872355,229790,910,1,3,6,0,1,1,15,210,1,0,1,99,0
201600047909,16,11,2,1718,2,1,1,1,2,553,4862935,248292,910,2,3,6,0,1,1,15,210,1,0,1,99,0
201600047910,16,11,2,1534,1,1,1,1,4,377,4871472,228945,910,1,1,1,0,1,1,15,210,1,3,1,99,0
201600047911,16,11,3,425,4,1,1,1,5,553,4863174,249315,910,2,3,4,0,1,1,15,140,1,0,1,99,0
201600047912,16,11,3,730,4,1,1,1,2,687,4866549,236276,910,1,3,6,0,1,1,15,210,1,0,1,99,0
201600047913,16,11,3,830,3,1,1,1,4,659,4859337,244373,910,1,3,6,0,1,1,15,210,1,0,1,99,0
201600047914,16,11,3,1048,1,1,1,1,2,182,4862509,241732,910,2,3,6,0,1,1,15,210,1,0,1,99,0
201600047915,16,11,3,1230,1,1,1,1,3,38,4877930,234658,940,1,3,6,0,1,1,15,210,1,0,1,99,0
201600047916,16,11,3,1405,1,1,1,1,4,377,4872261,229644,910,1,3,6,0,1,1,15,210,1,0,1,99,0
201600047917,16,11,3,2036,3,1,1,1,2,161,4870933,230683,910,1,3,6,0,1,1,15,210,1,0,1,99,0
201600047918,16,11,4,820,1,1,1,1,3,76,4878670,234612,940,1,3,6,0,1,1,15,210,1,0,1,99,0
201600047919,16,11,4,1920,3,1,1,2,7,161,4871356,230850,910,1,3,6,0,1,1,15,210,2,0,1,99,0
201600047921,16,11,4,2331,5,1,1,2,5,21,4876020,233881,940,1,3,6,0,2,3,15,210,2,3,1,99,1
201600047922,16,11,5,630,3,1,1,2,6,64,4874907,221301,910,2,3,4,0,1,1,15,140,2,0,1,99,0
201600047923,16,11,5,359,5,1,1,2,5,37,4881290,235352,940,1,3,2,0,1,2,15,70,2,1,1,99,0
201600047924,16,11,5,900,1,1,1,2,6,553,4863133,249105,910,2,3,6,0,1,1,15,210,2,0,1,99,0
201600047925,16,11,6,1005,1,1,1,1,6,377,4871407,228825,910,1,3,4,0,1,1,15,140,1,0,1,99,0
201600047926,16,11,7,830,1,1,1,1,2,21,4877030,234528,940,1,3,6,0,1,1,15,210,1,0,1,99,0
201600047927,16,11,7,930,1,1,1,4,5,251,4862960,253667,770,1,3,6,0,1,1,15,210,5,0,1,99,0
201600047928,16,11,8,807,1,1,1,5,3,659,4857767,246353,910,1,3,6,0,3,1,15,210,2,0,1,99,0
201600047929,16,11,8,1849,3,1,1,1,5,161,4869997,231081,910,1,3,6,0,1,1,15,210,1,0,1,99,0
201600047930,16,11,8,2325,3,1,1,2,2,553,4862753,247814,910,2,3,6,0,1,1,15,210,2,0,1,99,0
201600047931,16,11,10,550,3,1,1,2,7,471,4871194,218361,910,2,3,4,0,1,1,15,140,2,0,1,99,0
201600047932,16,11,10,830,1,1,1,8,5,21,4876060,233923,940,1,3,6,0,1,1,15,210,2,0,1,99,0
201600047933,16,11,10,906,1,1,1,2,7,21,4876960,234507,940,1,3,6,0,0,1,15,210,2,0,1,99,0
201600047934,16,11,10,1205,1,1,1,2,7,521,4863600,240306,910,2,1,1,0,1,1,15,140,2,0,1,0,0
201600047935,16,11,9,2230,3,1,1,2,2,38,4877350,234551,940,1,3,6,0,1,1,15,210,2,0,1,99,0
201600047936,16,11,10,1830,3,1,1,3,2,377,4872925,229642,910,3,3,4,0,1,1,15,140,2,0,1,99,0
201600047937,16,11,10,1805,3,1,1,3,4,340,4859860,244020,910,1,3,6,0,1,1,15,35,2,0,1,0,0
201600047938,16,11,10,1753,3,1,1,2,6,495,4859050,264906,770,1,3,4,0,1,1,15,140,2,0,1,99,0
201600047940,16,11,13,1110,1,1,1,2,6,363,4863327,222374,910,2,3,4,0,1,1,15,140,2,0,1,99,0
201600047941,16,11,13,1140,1,1,1,2,7,34,4875820,232650,940,1,3,4,0,1,1,15,140,2,0,1,99,0
201600047942,16,11,13,1436,1,1,1,2,6,21,4876430,234312,940,1,3,6,0,1,1,15,210,2,0,1,99,0
201600047943,16,11,13,1653,2,1,1,2,3,228,4862040,242492,910,1,3,6,0,1,1,15,210,2,0,1,99,0
201600047944,16,11,15,827,1,1,1,2,2,521,4864226,239194,910,1,3,6,0,1,1,15,210,2,0,1,99,0
201600047945,16,11,12,2320,3,1,1,2,6,363,4865957,218441,910,1,3,6,0,1,1,15,210,2,0,1,99,0
201600047946,16,11,15,1148,1,1,1,2,6,64,4875005,220433,910,2,3,4,0,1,2,15,140,2,0,1,99,0
201600047947,16,11,12,2118,3,1,1,2,3,64,4875181,222291,910,2,3,4,0,1,3,15,140,2,0,1,99,0
201600047948,16,11,13,2325,3,1,1,2,2,64,4876623,222943,910,3,3,2,0,1,1,15,35,2,0,2,99,0
201600047949,16,11,16,1330,1,1,1,8,3,174,4862006,245975,910,2,3,4,0,4,1,15,140,1,0,1,99,0
201600047950,16,11,17,905,1,1,1,1,3,589,4867087,234724,910,1,3,6,0,1,1,15,210,1,0,1,99,0
201600047951,16,11,18,415,3,1,1,2,6,64,4876684,222996,910,2,3,4,0,1,1,15,140,2,0,1,99,0
201600047952,16,11,18,935,1,1,1,1,5,64,4874947,220946,910,2,3,4,0,4,3,15,140,1,0,1,99,0
201600047953,16,11,18,1850,3,1,1,1,4,174,4862070,246101,910,2,3,7,3,4,1,15,140,1,0,1,99,0
201600047954,16,11,18,2050,3,1,1,1,4,589,4867702,233855,910,1,3,6,0,1,1,15,210,1,0,1,99,0
201600047955,16,11,19,825,2,1,1,1,6,161,4870495,230610,910,1,3,6,0,1,1,15,210,1,0,1,99,0
201600047957,16,11,19,1840,3,1,1,1,5,161,4871104,229670,910,1,2,2,0,1,1,15,70,1,0,1,99,0
201600047958,16,11,20,1045,1,1,1,2,7,340,4860836,243668,910,2,3,4,0,1,3,15,35,2,0,1,99,0
201600047959,16,11,20,1310,1,1,1,2,7,34,4875690,233512,940,1,3,6,0,1,1,15,210,2,0,1,99,0
201600047960,16,11,20,1820,3,1,1,2,6,477,4871829,226056,910,1,3,4,0,1,1,15,140,2,0,1,99,0
201600047961,16,11,20,2206,3,1,1,2,2,666,4868234,220965,910,1,3,4,0,1,1,15,140,2,0,1,99,0
201600047963,16,11,22,256,3,1,1,1,2,689,4874166,232148,910,1,3,6,0,1,1,15,210,1,0,1,99,0
201600047964,16,11,22,317,3,1,1,1,7,340,4861110,243274,910,2,3,4,0,1,1,15,140,1,0,1,99,0
201600047965,16,11,22,1445,1,1,1,1,2,570,4862525,230852,910,2,1,2,0,3,1,15,140,1,0,1,99,0
201600047966,16,11,22,1930,3,1,1,1,2,179,4855662,249115,910,1,3,6,0,1,1,15,210,1,0,1,99,0
201600047967,16,11,23,1445,1,1,1,1,3,43,4881490,235583,940,1,3,6,0,1,1,15,210,1,1,1,99,0
201600047968,16,11,23,2000,3,1,1,1,4,468,4857355,246719,910,1,3,6,0,4,1,15,210,1,0,1,99,0
201600047970,16,11,25,1924,3,1,1,1,4,174,4861918,245866,910,2,3,4,0,1,1,15,140,1,0,1,99,0
201600047971,16,11,26,220,5,1,1,1,3,3,4880810,234045,940,1,3,6,0,1,1,15,210,1,0,1,99,0
201600047972,16,11,26,245,5,1,1,8,2,3,4880810,234045,940,1,3,6,0,1,1,15,210,1,0,1,99,0
201600047973,16,11,26,1521,1,1,1,1,5,228,4862084,242462,910,2,3,4,0,1,1,15,140,1,0,1,99,0
201600047974,16,11,26,2105,3,1,1,1,7,339,4863429,221778,910,2,1,2,0,1,1,50,100,1,0,3,99,0
201600047975,16,11,27,1720,5,1,1,1,5,3,4880970,233905,940,1,3,6,0,1,1,15,210,1,0,1,99,0
201600047976,16,11,28,608,3,1,1,1,4,434,4866915,235091,910,1,3,6,0,1,1,15,210,1,0,1,99,0
201600047977,16,11,28,807,2,1,1,1,2,521,4863275,240527,910,1,3,6,0,1,1,15,210,1,0,1,99,0
201600047978,16,11,28,1033,1,1,1,1,2,286,4865416,238034,910,1,3,6,0,1,1,15,210,1,0,1,99,0
201600047979,16,11,28,1420,1,1,1,1,2,477,4871810,226040,910,1,3,4,0,1,1,15,140,1,0,1,99,0
201600047980,16,11,28,1648,1,1,1,1,2,689,4874127,232085,910,1,3,6,0,1,1,15,210,1,0,1,99,0
201600047982,16,11,30,545,3,1,1,1,3,434,4866902,235123,910,1,3,6,0,3,1,15,210,1,0,1,99,0
201600047983,16,11,30,845,1,1,1,1,3,286,4865308,238110,910,1,3,6,0,1,1,15,210,1,0,1,99,0
201600047984,16,11,30,839,1,1,1,1,5,161,4870086,230960,910,1,3,6,0,1,1,15,210,1,0,1,99,0
201600047985,16,11,30,1445,1,1,1,1,2,553,4863144,248992,910,2,3,4,0,2,1,15,140,1,0,1,0,0
201600047987,16,12,1,1215,1,1,1,1,2,76,4879150,234460,940,1,3,6,0,1,1,15,210,1,0,1,99,0
201600047988,16,12,2,940,1,1,1,1,5,38,4879070,234425,940,1,3,6,0,1,1,15,210,1,0,1,99,0
201600047989,16,12,2,925,1,1,1,1,4,161,4869671,231629,910,1,3,6,0,1,1,15,210,1,0,1,99,0
201600047990,16,12,4,315,3,1,1,1,3,161,4870225,230806,910,1,3,6,0,1,1,15,210,1,0,1,99,0
201600047991,16,12,5,830,1,1,1,1,3,21,4876430,234239,940,1,3,6,0,1,1,15,210,1,0,1,99,0
201600047992,16,12,5,830,1,1,1,1,2,468,4857511,246577,910,1,3,6,0,2,1,15,210,1,0,1,0,0
201600047993,16,12,5,1835,1,1,1,1,4,174,4860950,244084,910,2,3,4,0,1,1,15,140,1,0,1,99,0
201600047994,16,12,5,1905,3,1,1,1,5,589,4867391,234262,910,1,3,6,0,4,1,15,210,1,0,1,0,0
201600047995,16,12,7,645,2,1,1,1,4,377,4871339,228663,910,1,3,6,0,1,1,15,210,1,0,1,99,0
201600047996,16,12,7,820,1,1,1,1,4,521,4863334,240514,910,2,1,2,0,1,1,15,140,1,0,1,99,0
201600047997,16,12,7,1650,1,1,1,1,3,64,4874937,220968,910,2,3,4,0,1,1,15,140,1,0,1,99,0
201600047998,16,12,7,1903,3,1,1,1,3,347,4862491,231099,910,2,3,4,0,1,1,15,140,1,0,1,99,0
201600047999,16,12,7,1847,3,1,1,1,2,136,4871271,228182,910,1,3,6,0,1,1,15,210,1,0,1,99,0
201600048000,16,12,7,1947,5,1,1,1,4,37,4880950,234904,940,1,3,6,0,1,1,15,210,1,1,1,99,0
201600048001,16,12,9,1459,1,1,1,1,2,689,4874516,232485,910,1,3,6,0,1,1,15,210,1,0,1,99,0
201600048002,16,12,9,1852,4,1,1,1,3,21,4876980,234554,940,1,3,6,0,1,1,15,210,1,0,1,99,0
201600048003,16,12,9,1645,1,1,1,1,7,37,4854099,249802,910,1,3,6,0,1,1,15,210,1,0,1,99,0
201600048004,16,12,10,1750,3,1,1,1,4,434,4866874,235222,910,1,3,6,0,1,1,15,210,1,0,1,99,0
201600048005,16,12,11,945,1,1,1,1,1,377,4872426,224555,910,3,2,2,0,1,1,15,70,1,0,1,99,0
201600048006,16,12,11,1820,5,1,1,1,2,34,4875990,232134,940,1,3,4,0,1,1,15,140,1,0,1,99,0
201600048007,16,12,11,1825,3,1,1,1,2,363,4866731,219170,910,2,3,4,0,1,1,15,140,1,0,1,99,0
201600048008,16,12,11,2040,5,1,1,1,3,34,4875830,233946,940,1,3,6,0,1,1,15,210,1,3,1,99,0
201600048009,16,12,12,1655,2,1,1,2,7,434,4866881,235180,910,1,3,6,0,4,1,15,210,2,0,1,99,0
201600048010,16,12,12,1700,3,1,1,2,2,347,4862264,228870,910,2,3,4,0,1,1,15,210,2,0,1,99,0
201600048011,16,12,12,1845,3,1,1,2,2,521,4863598,239993,910,1,3,6,0,1,1,15,210,2,0,1,99,0
201600048012,16,12,13,600,3,1,1,2,3,64,4874907,221301,910,2,3,4,0,1,1,15,140,2,0,1,99,0
201600048013,16,12,13,1930,3,1,1,1,4,174,4861001,244321,910,2,3,6,0,1,1,15,210,1,0,1,99,0
201600048014,16,12,14,940,1,1,1,1,2,182,4862616,241564,910,1,3,6,0,1,1,15,210,1,0,1,99,0
201600048015,16,12,14,1120,1,1,1,1,2,589,4867087,234733,910,1,3,6,0,4,1,15,210,1,0,1,99,0
201600048016,16,12,14,1433,1,1,1,1,5,37,4881030,234982,940,1,3,6,0,1,1,15,210,1,0,1,99,0
201600048017,16,12,16,810,2,1,1,1,5,549,4862648,234551,910,2,3,4,0,1,1,15,140,1,0,1,99,0
201600048018,16,12,16,831,1,1,1,1,7,521,4863783,241678,910,2,1,2,0,1,2,15,70,1,0,2,99,0
201600048019,16,12,16,835,1,1,1,1,3,617,4864425,254035,910,2,3,4,0,1,1,15,140,1,0,1,99,0
201600048020,16,12,16,1259,1,1,1,1,4,38,4877870,234651,940,1,3,6,0,1,1,15,210,1,0,1,99,0
201600048021,16,12,17,1715,2,1,1,1,4,161,4871197,228942,910,1,2,2,0,1,1,15,70,2,0,1,99,0
201600048022,16,12,17,1805,3,1,1,1,4,136,4871321,228015,910,1,3,6,0,1,1,15,210,1,0,1,99,0
201600048023,16,12,18,600,3,1,1,1,2,687,4866795,235505,910,1,3,6,0,1,1,15,210,1,0,1,99,0
201600048024,16,12,18,642,3,1,1,5,5,689,4874066,232065,910,1,3,6,0,2,1,18,210,2,0,1,99,0
201600048025,16,12,18,1605,2,1,1,5,7,570,4862497,231940,910,2,3,4,0,1,1,15,140,2,0,1,99,0
201600048026,16,12,18,1840,3,1,1,5,2,3,4879890,234283,940,1,3,6,0,1,1,15,210,1,0,1,99,0
201600048028,16,12,19,1115,1,1,1,1,2,161,4870204,230810,910,1,3,6,0,1,1,10,210,1,0,1,99,0
201600048029,16,12,20,555,3,1,1,1,6,692,4867386,219361,910,2,3,4,0,1,1,15,140,1,0,1,99,0
201600048030,16,12,21,727,2,1,1,1,3,38,4877750,234637,940,1,3,6,0,1,1,15,210,1,0,1,99,0
201600048031,16,12,22,336,3,1,1,2,7,43,4881350,235448,940,1,3,6,0,1,1,15,210,2,0,1,99,0
201600048032,16,12,23,630,3,1,1,5,2,689,4873292,231585,910,1,3,6,0,1,1,15,210,1,0,1,99,0
201600048033,16,12,22,310,4,1,1,2,7,689,4873272,231574,910,1,3,6,0,1,1,15,210,2,0,1,99,0
201600048034,16,12,23,1910,5,1,1,1,4,43,4880870,234825,940,1,3,4,0,1,1,0,70,1,1,1,99,0
201600048035,16,12,23,2020,3,1,1,1,3,136,4871279,228373,910,1,3,4,0,1,1,15,140,2,0,1,99,0
201600048036,16,12,24,552,3,1,1,2,6,43,4881550,235624,940,1,3,4,0,2,1,15,140,2,0,1,99,0
201600048037,16,12,24,1130,1,1,1,8,5,589,4867920,233411,910,1,3,6,0,3,1,15,210,1,0,1,99,0
201600048038,16,12,24,1255,1,1,1,1,6,340,4860800,243476,910,2,3,6,0,1,3,15,210,1,0,1,99,0
201600048039,16,12,26,1230,1,1,1,2,6,521,4863587,241299,910,2,1,2,0,1,2,15,70,2,0,1,99,0
201600048040,16,12,25,32,3,1,1,1,7,377,4872980,229812,910,3,3,4,0,1,1,15,140,1,0,1,99,0
201600048041,16,12,27,843,1,1,1,1,7,235,4862422,237945,910,2,3,4,0,1,1,15,140,1,0,1,99,1
201600048042,16,12,27,220,3,1,1,1,6,340,4860827,243629,910,2,3,4,0,1,1,15,140,1,0,1,99,0
201600048043,16,12,26,1715,2,1,1,2,5,340,4861743,242780,910,1,3,6,0,1,1,15,210,1,0,1,99,0
201600048045,16,12,28,1315,1,1,1,1,4,38,4877570,234617,940,1,3,6,0,1,1,15,210,1,0,1,99,0
201600048046,16,12,28,1445,1,1,1,1,4,345,4868675,232604,910,1,3,6,0,1,1,15,210,1,0,1,99,0
201600048047,16,12,28,1515,1,1,1,1,3,689,4873272,231572,910,1,3,6,0,1,1,15,210,1,0,1,99,0
201600048048,16,12,28,2045,4,1,1,1,2,34,4875620,234072,940,1,3,4,0,1,1,15,140,1,0,1,99,0
201600048049,16,12,29,850,1,1,1,1,3,86,4862386,237764,910,2,3,4,0,1,1,15,140,1,0,1,99,0
201600048052,16,12,29,1840,3,1,1,1,3,34,4875610,234095,940,1,3,6,0,1,1,15,210,1,0,1,99,0
201600048053,16,12,30,505,3,1,1,5,2,37,4852811,250195,910,1,3,6,0,1,1,15,210,1,0,1,99,0
201600048054,16,12,30,1525,1,1,1,5,2,182,4862244,242170,910,1,3,6,0,1,1,15,210,2,0,1,99,0
201600048055,16,12,30,2030,3,1,1,5,2,549,4862272,229019,910,2,3,4,0,1,1,15,140,2,0,1,99,0
201600048056,16,12,30,2045,3,1,1,5,1,363,4864303,219718,910,2,3,4,0,1,3,15,140,2,0,1,99,1
201600048057,16,1,7,1650,2,1,1,7,6,33,4263663,943947,202,2,1,2,0,2,3,0,70,1,0,1,99,0
201600048058,16,1,14,1802,5,2,3,3,3,120,4263543,943412,202,3,2,1,0,1,1,0,64,2,5,0,0,0