Num_Acc,an,mois,jour,hrmn,lum,agg,int,atm,col,com,lat,long,dep,catr,circ,nbv,vosp,prof,plan,lartpc,larrout,surf,infra,situ,env1,killed
201600048059,16,1,15,2100,5,2,6,2,2,37,4259416,943891,202,2,2,0,0,1,1,0,70,2,0,1,99,0
201600048060,16,1,18,2050,3,1,1,2,4,37,4259972,943841,202,2,1,2,0,1,1,0,70,2,0,1,0,0
201600048062,16,1,21,1910,1,2,1,1,5,33,4267156,944100,202,3,2,1,0,1,1,18,40,1,0,1,3,0
201600048063,16,1,22,1215,1,2,1,1,1,33,4264000,943000,202,4,2,2,0,1,1,0,59,1,0,1,0,0
201600048064,16,1,30,1312,1,2,4,1,3,33,4269444,945036,202,4,2,2,0,1,3,0,60,1,0,1,99,0
201600048065,16,1,30,1840,5,2,2,1,6,33,4267609,943844,202,3,2,2,0,0,0,0,0,0,0,0,0,0
201600048067,16,2,2,2110,5,2,2,2,6,33,4267611,943836,202,4,2,2,0,2,1,0,93,2,0,1,0,0
201600048069,16,2,7,1435,1,2,1,8,6,33,4268091,944272,202,9,2,0,0,1,1,0,78,1,0,1,0,0
201600048070,16,2,7,1715,1,1,3,1,3,37,4262757,942285,202,4,2,2,0,2,0,0,0,0,0,1,99,0
201600048071,16,2,9,2038,5,2,7,3,6,33,4269962,944521,202,4,3,2,0,2,0,0,0,2,2,1,99,0
201600048072,16,2,12,1542,1,2,1,2,3,33,4268519,941658,202,3,2,1,0,2,2,0,0,2,0,1,99,0
201600048073,16,2,14,554,5,2,1,2,1,33,4270129,945240,202,9,2,2,0,1,1,4,25,2,1,1,0,0
201600048074,16,2,18,1613,1,2,1,1,1,33,4266813,943519,202,4,2,2,0,0,0,0,61,0,0,0,0,0
201600048075,16,2,19,1615,1,2,1,1,2,33,4268238,944425,202,4,0,0,0,1,1,0,0,1,0,0,99,0
201600048076,16,2,21,2327,5,2,6,1,3,33,4267725,944427,202,2,1,0,0,1,2,0,0,1,5,1,0,0
201600048077,16,2,22,1140,1,2,1,1,3,37,4261491,943761,202,2,1,2,0,1,1,0,35,1,0,1,99,0
201600048078,16,2,22,1440,1,2,1,1,4,33,4266447,944261,202,2,1,2,0,2,1,0,68,1,0,1,99,0
201600048079,16,2,23,857,1,2,1,1,6,33,4269044,944731,202,4,2,2,0,1,1,0,113,2,0,1,0,0
201600048080,16,2,25,2050,3,1,1,3,2,33,4267447,944408,202,2,3,2,0,1,1,15,35,2,0,1,99,0
201600048081,16,2,27,709,2,2,1,8,6,33,4268033,944700,202,2,2,2,0,0,0,0,0,0,0,1,0,1
201600048082,16,3,1,900,1,2,1,1,3,33,4268029,944229,202,9,2,2,0,0,0,0,0,0,0,1,0,0
201600048083,16,3,1,1644,1,1,1,1,7,33,4270006,943390,202,9,2,0,0,0,0,0,0,0,0,1,0,0
201600048084,16,3,2,1605,1,2,7,1,6,33,4269954,945038,202,9,1,1,0,1,1,0,31,1,0,1,99,0
201600048085,16,3,4,905,1,2,1,1,6,33,4269964,945183,202,2,1,1,0,1,3,0,38,1,0,1,99,0
201600048086,16,3,7,1510,1,2,1,1,2,33,4270241,944869,202,9,2,1,0,1,0,0,40,1,0,1,0,0
201600048087,16,3,7,1430,1,2,1,1,5,33,4269571,944658,202,9,2,3,0,0,0,0,0,0,0,1,0,0
201600048088,16,3,7,1153,1,1,1,1,2,33,4267768,944516,202,2,2,2,0,2,2,12,41,1,0,1,0,0
201600048089,16,3,9,1151,1,2,3,1,5,33,4268071,944375,202,4,2,2,0,1,1,0,71,1,0,1,0,0
201600048090,16,3,10,1949,5,1,1,1,7,37,4263387,946313,202,9,2,2,0,1,1,0,0,1,0,1,0,0
201600048091,16,3,11,1755,1,2,1,1,2,33,4268014,926315,202,3,2,2,0,1,2,21,41,1,0,1,0,0
201600048092,16,3,14,755,1,1,1,1,2,33,4268277,942202,202,3,2,2,0,2,1,0,58,1,0,1,99,0
201600048093,16,3,16,1220,1,2,1,1,4,33,4266741,944286,202,2,0,2,0,1,1,0,81,1,0,1,99,0
201600048094,16,3,22,840,1,2,1,1,6,33,4270099,944692,202,9,2,1,3,2,1,0,48,1,0,1,99,0
201600048097,16,4,5,1733,1,1,9,1,3,33,4268277,942197,202,3,2,2,0,2,2,0,62,1,0,1,99,0
201600048098,16,4,6,1525,1,2,1,1,3,33,4267892,944315,202,4,2,2,0,1,1,0,70,1,0,1,99,0
201600048099,16,4,8,1300,1,1,9,1,3,120,4265361,944286,202,6,0,0,0,1,0,0,30,1,0,0,99,0
201600048100,16,4,9,728,1,2,1,2,6,33,4267990,944195,202,9,0,0,0,0,0,0,67,2,0,4,0,0
201600048101,16,4,11,1310,1,1,1,1,1,120,4264039,946092,202,4,2,2,0,1,3,0,85,1,0,1,0,0
201600048102,16,4,11,1715,1,2,1,1,6,33,4269613,944738,202,9,3,2,0,2,1,0,70,1,0,1,3,0
201600048103,16,4,11,2015,3,1,1,1,2,33,4260102,943835,202,2,3,2,0,0,0,0,0,0,0,1,0,0
201600048105,16,4,14,920,1,2,1,1,2,33,4262777,943333,202,2,1,1,0,1,1,0,68,1,5,1,0,0
201600048106,16,4,17,1,3,1,1,1,6,120,4265201,944089,202,2,1,2,0,1,1,10,35,1,0,1,99,0
201600048108,16,4,18,1343,1,1,1,1,7,33,4269962,944540,202,4,0,0,0,0,0,0,0,0,0,4,0,0
201600048109,16,4,19,1359,1,1,1,1,6,33,4268627,944613,202,2,2,0,0,0,0,0,0,0,0,4,0,0
201600048110,16,4,19,1627,1,2,1,1,6,33,4268239,944419,202,4,0,2,0,1,1,0,65,1,0,1,99,0
201600048111,16,4,19,2240,5,1,2,1,1,37,4262771,943067,202,4,2,2,0,1,1,0,63,1,0,1,0,0
201600048112,16,4,20,2015,2,2,2,1,7,33,4270129,945041,202,4,2,1,0,1,1,0,36,1,5,1,99,0
201600048114,16,4,21,1950,2,2,6,1,2,33,4270297,944679,202,4,3,2,0,4,1,45,59,1,0,1,99,0
201600048116,16,4,22,1855,2,2,1,1,6,33,4270629,944270,202,4,1,1,0,1,2,0,105,2,0,1,0,0
201600048118,16,4,30,1250,1,2,1,1,6,33,4268820,944667,202,4,2,1,0,2,1,0,760,1,0,1,0,0
201600048119,16,5,2,1410,1,2,1,1,2,33,4267590,943705,202,3,2,2,0,2,1,0,73,2,0,1,99,0
201600048120,16,5,9,857,1,2,1,1,2,353,4271669,945536,202,3,2,2,0,2,2,0,35,1,0,1,0,0
201600048121,16,5,9,2130,5,1,1,1,2,33,4266390,944258,202,2,2,4,0,0,0,0,0,0,0,1,0,0
201600048123,16,5,10,2354,3,1,1,2,7,120,4264250,943938,202,2,1,2,0,1,2,0,62,2,0,1,0,0
201600048124,16,5,13,1300,1,2,6,1,3,33,4270271,944655,202,4,0,0,0,1,0,0,0,1,0,0,3,0
201600048125,16,5,13,1225,1,1,1,1,6,37,4260002,943850,202,2,1,2,0,1,1,37,67,1,0,3,0,0
201600048126,16,5,18,850,1,1,1,1,4,33,4263388,943822,202,2,3,4,0,1,1,0,73,1,0,1,99,0
201600048128,16,5,21,1025,1,1,1,1,2,120,4265111,944077,202,2,1,4,0,1,0,0,70,1,0,1,99,0
201600048129,16,5,23,757,1,2,1,1,5,33,4267708,943456,202,3,2,2,0,2,1,0,70,1,0,1,99,0
201600048130,16,5,23,1230,1,2,1,1,2,33,4263333,946361,202,3,3,2,0,0,0,0,0,0,0,1,0,0
201600048135,16,6,4,1945,1,1,6,1,3,33,4265416,944094,202,2,0,0,0,0,0,0,0,0,0,0,0,0
201600048143,16,6,15,1748,1,2,1,1,2,33,4269070,944926,202,2,2,2,0,1,1,0,70,1,0,1,0,0
201600048145,16,6,16,1010,1,1,1,1,2,37,4263493,943847,202,2,2,4,0,1,1,5,140,1,0,1,99,0
201600048146,16,6,17,308,5,1,1,1,6,33,4268250,943738,202,9,2,2,0,1,2,0,70,1,0,4,0,0
201600048148,16,6,20,1754,1,2,1,1,1,33,4270759,944324,202,9,2,2,0,2,3,15,32,1,0,1,3,0
201600048152,16,6,25,700,1,1,1,1,6,37,4263330,943452,202,4,2,2,0,1,1,0,0,1,0,0,0,0
201600048159,16,7,6,1400,1,2,1,1,3,33,4268051,944368,202,4,2,0,0,1,1,0,78,1,0,1,0,0
201600048160,16,7,8,1725,1,1,1,1,2,33,4259444,943805,202,3,2,1,0,1,1,43,32,1,0,1,99,0
201600048161,16,7,12,1305,1,1,1,1,4,33,4262777,947777,202,2,2,1,0,1,1,0,58,1,0,1,0,0
201600048163,16,7,22,1805,1,2,1,1,1,120,4265944,943966,202,4,2,2,0,1,2,0,58,1,0,1,99,0
201600048164,16,7,25,957,1,2,1,1,6,353,4270922,945433,202,3,1,1,0,1,0,0,29,1,0,1,99,0
201600048165,16,7,27,920,1,1,1,1,2,33,4270328,944457,202,2,1,0,0,1,1,5,80,1,0,1,99,0
201600048167,16,7,31,600,2,1,1,1,7,37,4259778,942195,202,3,2,1,0,2,3,0,90,1,0,1,0,0
201600048168,16,7,31,1605,1,1,4,1,3,33,4268275,942210,202,3,0,2,0,2,1,0,0,1,0,0,99,0
201600048169,16,8,1,1800,1,2,1,2,2,37,4259486,943859,202,2,3,0,0,1,1,20,83,1,0,1,0,0
201600048171,16,8,8,815,1,2,3,1,3,37,4259439,944284,202,4,0,0,0,0,0,0,0,0,0,0,0,0
201600048174,16,8,11,1910,1,2,3,1,3,120,4262777,943333,202,3,0,1,0,1,0,0,0,1,5,1,0,0
201600048178,16,8,15,1400,1,2,1,1,6,3,4264111,943933,202,2,1,2,0,1,1,0,60,1,0,1,99,0
201600048180,16,8,22,1835,1,2,1,1,3,33,4267822,943195,202,3,2,2,0,2,1,0,70,1,0,1,99,0
201600048181,16,8,24,905,1,1,1,1,3,33,4266322,944212,202,2,0,0,0,1,2,0,0,1,0,0,0,0
201600048192,16,9,13,1730,1,2,1,1,4,33,4269711,945263,202,2,2,2,0,1,1,0,90,1,1,1,99,0
201600048195,16,9,26,840,1,2,4,1,7,37,4262311,943671,202,2,2,4,0,1,1,0,36,1,0,1,99,0
201600048196,16,9,27,1355,1,2,9,1,3,33,4262865,943217,202,3,0,2,0,1,1,0,87,1,0,1,99,0
201600048197,16,9,28,1150,1,2,1,1,1,120,4265620,943309,202,3,2,2,0,2,1,0,70,1,0,1,3,0
201600048198,16,9,29,723,1,2,1,1,1,12,4265000,944000,202,3,2,1,0,1,1,0,35,1,5,1,0,0
201600048199,16,10,3,1446,1,2,1,1,3,33,4265417,944078,202,3,4,1,0,0,0,0,20,0,0,1,0,0
201600048202,16,10,7,1210,1,1,3,1,1,33,4265444,943944,202,3,2,2,0,1,1,0,67,0,0,0,0,0
201600048203,16,10,7,1255,1,2,3,1,3,33,4265919,944166,202,2,1,0,0,1,1,0,79,1,0,0,0,1
201600048207,16,10,14,825,1,1,1,2,5,37,4261617,947791,202,9,2,2,0,1,1,0,60,2,0,1,0,0
201600048211,16,10,20,1901,5,2,1,1,3,33,4262268,943561,202,3,2,2,0,1,1,0,50,1,0,1,0,0
201600048214,16,11,8,1223,1,2,1,4,4,33,4267610,943844,202,4,2,2,0,2,1,0,120,1,5,1,99,0
201600048215,16,11,8,2020,5,1,6,1,3,120,4265441,944143,202,2,1,2,0,1,0,10,25,1,0,1,0,0
201600048216,16,11,13,2135,5,2,1,1,2,33,4269440,944980,202,4,2,2,0,2,1,0,52,1,0,1,99,0
201600048217,16,11,22,1900,5,2,1,1,2,33,4269953,944488,202,4,2,2,0,2,1,0,70,1,0,0,99,0
201600048219,16,11,24,1115,1,2,1,3,6,33,4270244,944928,202,4,2,3,0,1,1,0,110,2,0,1,99,0
201600048221,16,11,26,1556,1,2,3,1,2,33,4265497,943738,202,3,2,0,0,1,1,0,0,1,0,1,3,0
201600048225,16,12,1,743,1,2,1,1,3,120,4265533,943582,202,3,2,2,0,1,1,0,71,1,0,1,99,0
201600048227,16,12,5,900,1,1,1,2,3,33,4261000,947000,202,3,2,2,1,1,1,0,0,2,0,1,99,0
201600048230,16,12,9,1631,1,2,1,1,3,33,4266445,944263,202,2,3,2,0,0,0,0,65,0,0,1,0,0
201600048231,16,12,9,1806,4,1,1,1,4,33,4263000,943000,202,2,1,2,0,1,1,0,0,1,0,0,0,0
201600048233,16,12,10,1741,3,1,1,1,7,37,4260669,943788,202,9,1,0,0,1,1,0,45,6,0,1,0,0
201600048235,16,12,14,1220,1,1,1,1,1,33,4265917,943181,202,3,1,1,0,1,2,0,40,1,2,1,0,0
201600048237,16,12,17,1715,5,2,1,1,3,33,4266000,944000,202,2,3,2,0,1,1,0,70,1,0,1,0,0
201600048239,16,12,23,1525,1,2,1,1,2,37,4262290,943691,202,2,1,1,0,0,0,0,0,0,0,1,0,0
201600048240,16,12,27,1600,1,1,2,1,3,33,4267000,943000,202,4,2,2,0,2,0,0,86,1,0,1,0,0
201600048241,16,1,1,610,5,2,2,1,6,384,4546467,449389,690,4,2,3,0,1,1,0,99,2,0,1,99,0
201600048242,16,1,5,800,1,2,4,1,6,389,4548062,449360,690,4,2,2,0,2,3,0,77,2,0,1,0,0
201600048244,16,1,6,1715,5,2,1,2,6,385,4545489,447441,690,4,2,2,0,1,1,0,128,2,0,1,0,0
201600048245,16,1,1,905,1,2,1,1,6,34,4579780,485166,690,3,3,5,0,2,1,0,157,1,0,1,99,0
201600048246,16,1,8,1025,1,2,3,2,3,385,4545120,448160,690,4,1,2,0,1,1,0,91,2,0,0,0,0
201600048248,16,12,31,1428,1,2,1,8,6,286,4580950,488350,690,3,2,3,0,2,1,0,120,1,0,4,99,0
201600048250,16,1,9,1500,1,2,1,1,6,389,4547130,447290,690,4,2,2,0,1,1,31,60,1,0,1,0,0
201600048251,16,1,10,1330,1,2,2,1,1,34,4578975,484108,690,4,2,3,0,1,1,0,0,2,5,1,99,0
201600048252,16,1,11,745,2,2,1,9,7,34,4578416,483516,690,4,2,2,0,1,1,0,72,2,0,1,0,0
201600048254,16,1,11,1050,1,2,1,1,2,389,4547180,448520,690,4,2,2,0,1,1,0,75,1,0,1,0,0
201600048255,16,1,8,855,1,2,3,2,3,286,4581660,487270,690,4,2,0,0,0,0,0,73,0,0,1,0,0
201600048256,16,1,8,835,1,2,3,2,3,34,4580992,485544,690,4,2,2,0,2,1,0,0,2,0,1,99,0
201600048257,16,1,10,1230,1,2,1,2,6,81,4576688,476947,690,4,2,2,0,2,1,0,0,2,0,1,99,0
201600048259,16,1,13,1830,5,2,4,1,6,385,4545143,447528,690,4,1,1,0,1,1,0,0,1,0,1,99,0
201600048261,16,1,14,2016,5,2,9,1,6,286,4581213,489399,690,6,0,0,0,1,0,0,0,1,0,0,99,0
201600048262,16,1,15,1910,5,1,3,4,6,385,4545262,448549,690,3,2,2,0,1,1,30,60,2,0,0,99,0
201600048268,16,1,19,819,1,2,1,1,6,385,4545359,449361,690,4,3,2,0,1,1,78,64,2,0,1,0,0
201600048272,16,1,23,2240,5,2,1,1,6,142,4572544,481691,690,4,2,1,0,1,1,0,109,1,0,4,99,0
201600048273,16,1,24,1945,5,2,2,1,3,385,4545159,446559,690,4,2,3,0,1,1,0,88,1,0,1,0,0
201600048274,16,1,25,1810,5,2,2,1,1,149,4242532,448067,690,4,2,2,0,2,1,110,80,1,5,1,0,0
201600048275,16,1,7,750,1,2,1,1,7,385,4545016,448510,690,4,2,2,0,1,1,0,65,1,0,1,3,0
201600048277,16,1,30,835,2,2,1,5,5,202,4574519,478150,690,4,4,3,0,2,3,0,350,1,0,1,0,0
201600048278,16,1,31,500,5,2,1,1,6,34,4581094,485830,690,4,2,3,0,1,1,0,89,2,0,1,99,0
201600048280,16,1,31,1900,5,2,6,2,2,286,4580202,487966,690,4,2,2,0,1,0,0,70,2,0,1,0,0
201600048281,16,1,28,1615,1,2,1,1,3,34,4579233,483824,690,4,2,2,0,1,1,0,70,1,0,1,99,0
201600048283,16,2,3,750,1,2,2,2,6,385,4545324,447329,690,4,2,2,0,1,3,0,72,2,0,1,3,0
201600048286,16,2,5,650,2,2,4,2,3,384,4546368,449352,690,4,0,1,0,1,1,0,59,2,0,1,0,0
201600048288,16,2,6,1849,3,2,1,1,6,286,4581858,490477,690,4,1,0,0,1,0,0,35,1,0,0,0,0
201600048291,16,2,8,2000,5,2,1,1,3,384,4546279,448500,690,4,2,4,0,1,1,0,58,1,1,1,99,0
201600048292,16,2,9,720,2,1,1,1,6,389,4482490,430300,690,4,2,0,3,1,1,0,66,1,0,1,0,0
201600048293,16,2,9,1250,1,2,2,1,3,389,4546399,448054,690,4,1,0,0,1,1,0,65,1,0,1,0,0
201600048294,16,2,10,505,5,2,2,1,3,149,4543027,483480,690,4,2,2,0,1,1,0,82,1,0,1,0,0
201600048295,16,2,10,2150,5,2,1,8,3,202,4572188,478769,690,3,2,2,0,1,3,0,76,2,0,1,99,0
201600048296,16,2,8,2015,5,2,1,2,2,34,4579097,484263,690,4,2,2,0,1,1,0,0,2,0,1,0,0
201600048298,16,2,12,1850,5,2,1,2,5,81,4576527,477636,690,4,2,2,0,1,1,0,90,2,0,1,99,0
201600048301,16,2,19,720,1,2,2,1,3,381,4546084,450162,690,4,0,5,0,1,1,0,156,1,0,1,99,0
201600048304,16,2,19,2020,5,2,2,1,3,384,4546281,449431,690,3,1,1,0,1,0,0,37,1,5,1,99,0
201600048307,16,2,23,2115,5,2,1,2,7,385,4545344,449178,690,4,2,2,0,2,2,0,67,2,0,1,0,0
201600048308,16,2,22,1500,1,2,1,2,2,34,4578222,483352,690,4,2,2,0,1,1,0,0,2,0,1,99,0
201600048310,16,2,27,630,5,2,1,1,6,389,4547000,449000,690,3,2,2,0,1,1,0,0,1,0,4,99,0
201600048311,16,2,27,1445,1,2,1,1,6,389,4546333,448019,690,4,2,1,0,1,1,0,30,1,0,1,0,0
201600048312,16,2,28,500,5,2,1,1,3,389,4548080,450180,690,4,1,1,0,1,1,3,30,1,1,1,0,0
201600048315,16,3,1,1050,1,2,1,1,6,149,4571630,480955,690,3,2,2,0,2,1,0,63,1,0,1,99,0
201600048316,16,3,2,640,5,2,2,2,6,385,4545232,447489,690,4,2,2,0,1,1,0,0,2,0,1,0,0
201600048317,16,3,3,1535,1,2,3,1,1,385,4545244,448584,690,4,1,1,0,0,0,0,0,0,0,0,0,0
201600048318,16,3,4,815,1,2,1,1,6,286,4581475,489533,690,4,3,2,0,1,1,30,32,2,0,1,0,0
201600048320,16,3,6,645,2,2,3,8,3,389,4547173,448542,690,4,2,2,0,1,1,0,56,2,0,1,0,0
201600048321,16,3,6,1540,1,2,1,1,6,382,4545492,450172,690,4,2,4,0,1,1,67,136,1,0,1,0,0
201600048322,16,3,4,1000,1,2,1,1,6,384,4578038,482925,690,4,2,0,0,1,1,0,80,1,0,3,0,0
201600048324,16,3,10,810,1,2,1,1,6,385,4545018,447123,690,4,2,2,0,1,3,0,56,2,0,0,99,0
201600048326,16,3,12,540,4,2,1,1,1,389,4546047,448194,690,4,3,4,3,2,1,30,77,1,0,1,99,0
201600048328,16,3,13,1000,1,2,2,1,3,286,4582055,488211,690,4,2,2,0,0,0,0,0,0,0,1,0,0
201600048332,16,3,15,740,1,2,1,1,1,142,4572880,481563,690,4,0,4,0,2,2,0,120,1,0,0,99,1
201600048333,16,3,18,1710,1,2,1,1,3,382,4545317,450138,690,4,2,4,0,1,1,42,123,1,0,1,99,0
201600048334,16,3,18,2025,5,2,1,1,6,286,4581122,488286,690,4,1,1,0,1,1,0,40,1,0,1,0,0
201600048335,16,3,14,840,1,2,1,1,2,286,4581080,488163,690,4,2,2,0,1,1,0,70,1,0,1,0,0
201600048337,16,3,20,1045,1,2,3,1,6,382,4545088,449442,690,4,2,2,2,1,1,0,40,1,6,5,0,0
201600048338,16,3,19,2005,5,2,3,1,3,34,4580000,484999,690,3,2,2,0,1,1,0,0,1,0,1,0,0
201600048339,16,3,20,1530,1,2,1,8,1,142,4572838,481533,690,4,2,2,0,0,0,0,0,0,0,1,0,0
201600048342,16,3,23,740,1,2,3,1,3,149,4571794,480852,690,4,1,1,0,1,1,0,31,1,0,1,99,0
201600048343,16,3,23,1500,1,2,1,1,4,34,4579125,486977,690,4,1,1,0,1,3,0,40,1,3,1,99,0
201600048344,16,3,24,800,1,2,1,1,1,149,4571891,480694,690,4,2,2,0,1,1,0,79,1,0,1,99,0
201600048346,16,3,26,30,5,2,1,8,7,385,4546026,449257,690,3,1,2,1,1,1,0,66,2,0,5,0,0
201600048347,16,3,24,1920,2,2,3,1,3,34,4579211,486086,690,4,2,2,3,2,1,0,70,1,0,1,99,0
201600048348,16,3,27,1315,1,1,1,1,6,202,4573033,480530,690,4,4,4,0,2,1,0,91,1,0,0,0,0
201600048350,16,3,29,1530,1,2,1,3,3,34,4581044,485358,690,4,2,1,0,2,1,0,32,2,0,1,99,0
201600048351,16,3,30,1015,1,2,3,1,2,149,4571294,480433,690,4,1,1,0,1,1,0,46,1,0,1,0,0
201600048353,16,3,31,1300,1,2,1,8,3,286,4581483,489613,690,4,3,2,0,1,1,30,32,1,0,1,99,0
201600048356,16,4,3,2210,5,2,2,1,3,202,4572433,477925,690,4,2,2,0,1,1,0,92,1,0,1,99,0
201600048357,16,4,4,530,5,2,1,1,6,389,4546452,448067,690,4,2,2,0,1,1,0,80,1,0,1,0,0
201600048358,16,4,4,1435,1,2,2,1,3,384,4546377,450056,690,4,1,1,0,1,1,0,32,1,0,1,99,0
201600048359,16,4,5,800,1,1,1,2,2,385,4545317,447368,690,4,2,2,0,1,1,0,0,2,0,1,99,0
201600048362,16,4,6,1330,1,2,1,1,2,286,4582180,490022,690,4,2,2,0,1,1,0,70,1,0,1,99,0
201600048363,16,4,6,1250,1,2,3,1,3,149,4571794,480844,690,4,2,2,0,1,1,0,32,1,0,1,99,0
201600048364,16,4,6,1120,1,1,1,1,6,385,4545430,447440,690,4,0,2,0,2,1,0,65,1,0,1,0,0
201600048365,16,4,6,1800,1,2,1,1,6,286,4581277,489191,690,3,3,2,0,1,1,24,70,1,0,1,99,0
201600048366,16,4,8,1030,1,2,1,1,6,149,4571863,481005,690,4,2,2,0,1,1,0,137,1,0,1,3,0
201600048367,16,4,8,1505,1,2,2,1,3,149,4572108,481116,690,3,2,0,0,2,1,0,100,1,0,1,3,0
201600048368,16,4,9,1500,1,2,1,1,3,389,4546240,546240,690,4,1,1,2,1,0,0,42,1,0,1,0,0
201600048370,16,4,10,1445,1,2,1,1,7,389,4546046,448197,690,4,1,4,2,0,0,0,0,0,0,0,0,0
201600048372,16,4,12,2100,5,2,9,1,7,389,4576090,478833,690,4,2,2,0,2,1,4,80,1,0,1,3,0
201600048373,16,4,13,1722,1,2,1,1,2,34,4580072,487297,690,4,2,2,0,1,1,20,100,2,0,1,0,0
201600048374,16,4,13,1905,1,2,1,1,6,382,4575950,483867,690,4,1,5,0,1,1,0,0,1,0,1,99,0
201600048375,16,4,14,855,1,2,1,1,2,389,4545558,448213,690,4,2,1,0,2,1,0,69,1,0,1,0,0
201600048376,16,4,14,1355,1,2,2,1,3,149,4572108,481111,690,4,2,4,0,1,1,15,31,1,0,1,3,0
201600048377,16,4,8,1915,1,1,1,1,6,382,4545402,449527,690,4,1,3,0,1,1,0,90,1,0,1,0,0
201600048378,16,4,15,845,1,2,1,1,3,286,4549222,321100,690,4,2,2,0,1,1,0,60,1,0,1,99,0
201600048380,16,4,15,1700,1,2,1,1,6,34,4580411,486027,690,4,2,2,0,1,1,0,63,1,0,1,0,0
201600048381,16,4,18,1330,1,2,3,1,2,202,4575155,480197,690,4,2,2,0,2,1,0,40,0,0,0,99,0
201600048383,16,4,21,730,1,1,1,1,2,81,4577175,478983,690,3,1,1,0,2,1,0,74,0,3,1,99,0
201600048384,16,4,21,900,1,2,1,1,6,389,4547114,447439,690,4,2,2,0,1,1,0,70,0,0,1,99,0
201600048385,16,4,21,1300,1,2,1,1,6,389,4547221,447505,690,4,2,2,0,1,1,0,64,1,0,1,99,0
201600048386,16,4,21,1600,1,1,1,1,3,152,4569350,482838,690,4,2,2,0,1,3,16,107,1,0,1,0,0
201600048387,16,4,21,215,5,2,1,1,6,286,4581969,490691,690,4,2,2,0,1,0,0,41,1,0,1,99,0
201600048388,16,4,24,1505,1,2,1,1,7,385,4545136,924200,690,4,1,2,0,1,1,0,58,1,0,1,0,0
201600048389,16,4,26,1655,1,2,1,2,5,142,4543409,543409,690,3,2,3,0,1,1,0,106,2,0,1,99,0
201600048390,16,4,27,1415,1,2,1,1,2,142,4572605,481199,690,4,2,4,3,2,1,0,30,1,0,1,99,0
201600048391,16,4,27,1315,1,2,1,1,7,149,4571977,479944,690,4,2,2,0,1,1,0,65,1,0,1,99,0
201600048392,16,4,28,1350,1,2,1,1,2,202,4574550,478633,690,4,0,2,0,1,1,0,35,1,0,1,99,0
201600048393,16,4,29,1045,1,2,1,1,2,389,4748037,450171,690,4,3,2,0,1,2,30,80,1,0,1,99,0
201600048395,16,4,30,1325,1,2,1,2,6,389,4577650,480916,690,4,2,3,0,1,1,0,0,2,0,1,0,0
201600048396,16,5,1,730,1,2,1,3,1,34,4547157,450202,690,4,2,2,0,1,2,0,56,2,0,1,99,0
201600048397,16,4,30,1910,1,2,1,1,5,286,4580558,488530,690,4,2,2,0,1,1,0,100,1,0,1,0,0
201600048398,16,5,4,740,1,2,1,1,6,381,4546169,449501,690,4,1,1,0,1,1,0,28,1,0,0,3,0
201600048399,16,5,4,1330,1,2,1,1,3,385,4545128,449082,690,4,3,4,0,2,3,0,0,2,0,1,0,0
201600048400,16,5,4,1415,1,2,3,1,3,382,4545004,449484,690,4,1,1,0,1,1,0,42,1,0,1,3,0
201600048401,16,5,4,1825,1,2,1,1,6,385,4545240,447143,690,6,0,0,0,2,1,0,46,1,0,1,99,0
201600048403,16,5,7,925,1,1,2,1,3,202,4500000,400000,690,4,2,0,0,2,1,0,90,0,0,0,0,0
201600048404,16,5,8,700,1,2,1,1,6,389,4546252,447494,690,4,1,1,0,1,1,0,50,1,0,4,0,0
201600048407,16,5,10,1100,1,2,1,1,3,202,4543524,446353,690,4,3,4,0,1,1,25,50,2,5,1,99,0
201600048408,16,5,11,745,1,2,1,2,6,34,4547081,449583,690,4,2,2,0,1,1,0,90,2,0,1,0,0
201600048409,16,5,13,830,1,2,1,3,6,142,4543405,448309,690,4,2,2,0,1,1,0,70,2,0,1,99,0
201600048410,16,5,13,815,1,2,1,2,4,385,4544595,447469,690,4,2,2,0,1,1,0,67,2,0,1,0,0
201600048412,16,5,14,440,5,2,9,1,1,142,4543330,448489,690,4,2,3,3,2,3,0,118,1,0,1,99,0
201600048413,16,5,14,725,2,2,1,1,2,34,4547024,449536,690,3,1,2,0,2,3,0,65,1,0,1,99,0
201600048414,16,5,15,1250,1,2,1,1,2,202,4543279,446573,690,4,2,2,0,1,2,0,94,1,0,1,99,0
201600048415,16,5,16,445,5,2,1,1,6,384,4546481,484910,690,4,2,2,0,1,1,0,68,1,0,1,0,0
201600048417,16,5,16,1920,1,2,1,1,4,389,4547144,448380,690,4,2,2,0,1,1,0,88,1,0,1,99,0
201600048418,16,5,17,1430,1,2,1,1,5,381,4545577,449510,690,4,1,3,3,1,1,0,74,1,0,1,99,0
201600048419,16,5,17,1830,1,2,1,1,3,142,4543288,448479,690,3,2,2,0,1,1,0,64,1,0,1,99,0
201600048420,16,5,17,1937,1,2,3,1,3,385,4545264,448547,690,4,2,2,0,2,1,0,94,1,0,1,99,0
201600048421,16,5,18,1600,1,2,3,1,5,389,4546452,448067,690,4,2,2,0,1,1,0,60,1,0,1,99,0
201600048422,16,5,19,1645,1,2,1,8,3,389,4546554,448251,690,3,2,3,0,1,1,0,90,2,0,1,0,0
201600048424,16,5,19,1130,1,2,1,1,6,384,4546433,449421,690,4,1,1,2,1,1,0,53,1,0,4,0,0