Num_Acc,an,mois,jour,hrmn,lum,agg,int,atm,col,com,lat,long,dep,catr,circ,nbv,vosp,prof,plan,lartpc,larrout,surf,infra,situ,env1,killed
201600048427,16,5,26,820,1,2,1,1,6,34,4548305,451235,690,3,2,2,0,1,1,0,58,1,0,1,0,0
201600048428,16,5,26,1345,1,2,1,1,3,152,4541422,449246,690,4,2,2,1,1,1,0,65,1,0,1,99,0
201600048429,16,5,28,2330,5,2,1,1,2,385,4545069,449186,690,3,0,1,0,1,1,66,100,1,0,1,0,0
201600048431,16,5,30,845,1,2,1,1,6,381,4546005,450094,690,4,2,2,3,1,1,0,86,2,0,4,0,0
201600048432,16,5,30,855,1,2,7,8,6,382,4545286,450026,690,4,1,1,0,1,1,0,0,2,0,1,0,0
201600048433,16,5,31,450,5,2,2,2,3,384,4546393,450055,690,4,1,1,0,1,1,0,0,2,0,1,0,0
201600048434,16,5,31,745,1,2,1,2,6,34,4547305,452023,690,4,2,2,0,1,1,0,61,2,0,1,0,0
201600048435,16,5,31,1655,1,2,1,2,6,382,4544572,449454,690,4,1,1,0,1,1,15,30,1,0,1,3,0
201600048437,16,6,1,915,1,1,2,8,3,286,4520070,455043,690,3,2,1,0,2,1,0,64,1,0,1,99,0
201600048440,16,6,1,1500,1,2,3,1,6,385,4545349,449383,690,4,1,2,0,1,1,30,30,1,0,1,99,0
201600048441,16,6,2,1250,1,2,1,3,6,389,4547217,447377,690,4,2,0,0,1,2,0,63,2,0,4,0,0
201600048443,16,6,6,630,1,2,1,1,7,382,4544017,449067,690,4,1,0,0,4,1,0,0,1,5,1,99,0
201600048444,16,6,6,900,1,2,1,1,6,389,4546000,448000,690,4,2,0,0,0,0,0,0,0,0,1,0,0
201600048445,16,6,6,1105,1,2,1,1,6,381,4546252,450190,690,4,1,1,1,1,1,0,30,1,0,1,99,0
201600048446,16,6,6,1858,1,2,1,1,6,286,4580269,488058,690,4,3,2,0,2,3,20,60,1,0,1,0,0
201600048448,16,6,7,1620,1,2,1,1,7,381,4500000,400000,690,4,1,3,3,1,1,0,140,1,0,1,0,0
201600048449,16,6,7,1820,1,2,2,1,3,382,4545343,449583,690,4,1,1,0,1,1,0,80,1,0,1,99,0
201600048450,16,6,8,55,5,2,1,1,6,384,4546000,450000,690,4,1,2,0,1,1,67,55,1,0,1,99,0
201600048452,16,6,9,1500,1,2,1,1,6,149,4571702,480969,690,4,2,2,1,4,1,0,0,1,0,1,99,0
201600048453,16,6,10,815,1,2,1,1,6,385,4545232,447539,690,4,2,1,0,1,1,0,83,1,0,1,99,0
201600048454,16,6,10,1310,1,2,1,1,2,152,4500000,400000,690,4,2,2,0,1,1,0,46,1,0,1,99,0
201600048457,16,6,11,1100,1,2,1,1,6,384,4546349,449494,690,4,1,1,0,1,1,0,41,1,0,1,99,0
201600048458,16,6,11,2125,1,2,2,1,3,385,4545059,449176,690,4,1,1,0,1,1,0,46,1,5,1,99,0
201600048460,16,6,12,2230,5,2,1,1,3,286,4581316,489311,690,4,3,2,3,1,0,0,0,1,0,1,99,0
201600048463,16,6,14,2320,5,2,3,1,3,202,4575116,480111,690,4,2,2,0,1,1,0,86,1,0,1,0,0
201600048465,16,6,10,1230,1,2,3,1,6,149,4571411,480630,690,4,0,1,0,2,1,35,32,1,0,0,0,0
201600048467,16,6,16,820,1,2,2,2,3,149,4571886,479241,690,4,2,2,0,1,1,0,52,2,0,1,99,0
201600048469,16,6,17,1745,1,1,1,1,2,286,4581875,490558,690,4,1,1,0,1,0,0,52,1,0,1,0,0
201600048470,16,6,17,1520,1,2,2,1,3,152,4570080,482400,690,4,2,2,0,0,0,0,0,0,0,1,0,0
201600048472,16,6,19,625,2,2,1,1,6,142,4572702,481630,690,4,0,2,0,1,1,0,60,1,0,0,0,0
201600048473,16,6,19,1220,1,2,1,1,1,202,4574627,481025,690,4,2,2,0,1,4,0,0,1,0,1,99,0
201600048474,16,6,20,805,1,2,1,1,6,389,4547000,448000,690,4,2,2,0,1,0,0,0,1,0,1,0,0
201600048475,16,6,20,1350,1,2,1,1,7,385,4545314,448429,690,4,2,3,0,2,1,0,80,1,0,1,99,0
201600048476,16,6,20,1800,1,2,1,1,6,385,4545485,447431,690,4,2,1,0,4,1,0,0,1,0,1,99,0
201600048477,16,6,18,1130,1,2,1,1,2,152,4569775,481905,690,4,2,2,0,1,3,0,72,1,0,1,0,0
201600048480,16,6,22,1345,1,2,1,1,7,34,4579138,482280,690,4,2,2,0,1,1,0,74,1,0,1,0,0
201600048482,16,6,22,2010,1,2,1,1,4,382,4545120,450030,690,4,1,3,0,1,1,0,0,1,0,1,0,0
201600048483,16,6,23,820,1,2,1,1,2,81,4540000,446000,690,4,0,2,0,2,2,0,95,1,0,1,0,0
201600048484,16,6,23,1600,1,2,2,1,3,385,4545350,447450,690,4,2,0,0,1,1,0,0,1,0,1,0,0
201600048485,16,6,23,1630,1,2,1,1,6,202,4572902,479580,690,4,2,2,0,1,2,0,74,1,0,4,99,0
201600048486,16,6,24,1155,1,2,1,1,6,149,4571758,479186,690,4,2,2,0,4,1,0,100,1,0,1,0,0
201600048487,16,6,24,1325,1,2,1,1,3,34,4579611,483241,690,3,2,2,0,1,1,0,80,1,0,1,99,0
201600048488,16,6,24,1910,1,2,3,1,7,286,4581441,490027,690,4,2,2,0,1,2,0,53,1,0,1,99,0
201600048489,16,6,24,2020,1,2,2,1,3,149,4571580,481905,690,4,2,2,0,1,1,0,0,1,0,1,99,0
201600048490,16,6,26,1545,1,2,3,1,3,389,4546503,448282,690,4,2,2,0,0,0,0,54,0,0,0,0,0
201600048491,16,6,27,2150,2,2,1,1,2,389,4546349,740700,690,4,2,1,0,2,1,0,0,1,0,1,99,0
201600048494,16,6,27,1710,1,2,1,1,2,34,4579050,485858,690,4,0,1,0,0,0,0,45,0,0,1,0,0
201600048497,16,7,2,1320,1,2,1,1,1,202,4574413,479947,690,4,0,2,0,1,0,0,78,1,0,1,0,0
201600048498,16,7,2,1530,1,2,3,1,3,81,4545593,608700,690,4,2,4,0,2,2,0,62,1,5,1,0,0
201600048499,16,7,2,2230,5,2,2,1,3,34,4579100,486066,690,4,1,2,0,2,1,0,90,1,0,1,0,0
201600048500,16,6,30,745,1,2,1,1,6,34,4580830,484408,690,4,0,2,0,1,1,0,0,1,0,1,0,0
201600048501,16,7,3,1200,1,2,1,1,2,152,4569616,482586,690,4,3,2,1,1,1,24,68,1,0,1,99,0
201600048502,16,7,4,810,1,2,2,1,7,389,4546128,448199,690,4,2,2,0,0,0,0,0,0,0,0,0,0
201600048504,16,7,5,1200,1,1,3,1,1,149,4571055,481716,690,3,2,2,0,1,1,0,65,1,0,1,99,0
201600048505,16,7,6,1335,1,2,2,1,3,81,4577255,479088,690,4,0,2,0,2,0,0,70,1,0,1,0,0
201600048507,16,7,7,915,1,2,3,1,2,286,4549184,328800,690,4,2,2,0,1,1,0,0,1,0,1,99,0
201600048509,16,7,4,845,1,2,1,1,3,34,4580272,486161,690,4,2,2,0,1,1,0,60,1,0,1,99,0
201600048510,16,7,8,1030,1,2,1,1,6,389,4548101,449500,690,4,2,2,0,2,1,0,60,1,0,1,99,0
201600048511,16,7,8,1030,1,2,1,1,6,385,4545016,447202,690,4,2,2,0,1,3,9,110,1,0,1,99,0
201600048514,16,7,9,2215,1,1,2,1,3,202,4470000,980000,690,3,2,4,0,1,3,0,140,1,0,1,0,0
201600048515,16,7,9,1930,1,2,2,1,3,385,4545062,449176,690,4,1,3,0,1,1,0,91,1,0,1,0,0
201600048517,16,7,11,1030,1,2,1,1,3,152,4570033,482024,690,3,0,0,0,1,1,0,48,1,0,4,99,0
201600048519,16,7,11,1810,1,2,1,3,3,81,4578430,478213,690,4,2,1,0,2,1,35,80,2,0,1,0,0
201600048520,16,7,8,1100,1,2,1,1,3,152,4570380,482074,690,4,2,2,0,1,1,43,118,1,0,1,99,0
201600048522,16,7,12,1740,1,2,1,2,6,389,4546000,448000,690,4,2,2,0,0,0,0,0,0,0,1,0,0
201600048524,16,7,11,45,5,2,1,1,6,385,4545110,448582,690,4,2,2,0,0,0,0,0,0,0,1,0,0
201600048525,16,7,13,1545,1,2,1,1,2,381,4546212,450170,690,4,3,4,0,1,1,0,142,1,1,1,99,0
201600048526,16,7,15,1000,1,2,2,1,3,389,4546433,448177,690,4,1,1,1,1,1,0,53,1,0,1,99,0
201600048527,16,7,15,1915,1,2,3,1,3,382,4544364,449071,690,4,1,1,2,1,1,0,0,1,0,1,3,0
201600048528,16,7,15,1945,1,1,1,1,1,389,4546046,448194,690,4,3,4,2,2,1,28,156,1,0,1,3,0
201600048529,16,7,18,2120,1,2,1,1,2,385,4545431,449330,690,4,2,2,0,2,1,0,53,1,0,1,0,0
201600048530,16,7,19,800,1,2,1,1,4,385,4545222,447332,690,4,2,0,0,1,1,0,0,1,0,1,99,0
201600048531,16,7,19,930,1,2,2,1,3,389,4545537,448040,690,4,1,1,0,1,2,0,40,1,0,1,99,0
201600048532,16,7,21,915,1,2,2,1,3,34,4580141,486291,690,4,2,2,0,1,1,0,75,1,0,1,0,0
201600048535,16,7,23,1550,1,2,2,1,3,389,4545537,448040,690,4,2,2,0,2,1,0,80,1,5,1,99,0
201600048537,16,7,23,2030,1,2,1,1,6,385,4545341,449429,690,4,2,3,1,1,1,0,110,1,2,1,99,0
201600048538,16,7,24,1505,1,2,1,1,6,286,4581913,488261,690,4,2,2,0,1,2,0,40,1,0,1,99,0
201600048542,16,7,24,750,1,2,2,1,3,142,4300000,400000,690,4,2,2,0,2,1,0,92,1,0,1,0,0
201600048543,16,7,27,1530,1,2,1,1,6,381,4545549,449527,690,4,1,3,0,1,1,0,95,1,0,1,0,0
201600048545,16,7,27,1210,1,2,2,1,3,149,4571905,480186,690,4,2,2,0,1,1,0,58,1,0,1,3,0
201600048546,16,7,29,1600,1,2,9,1,3,389,4548066,450187,690,4,2,2,0,2,3,10,40,0,3,1,99,0
201600048547,16,7,30,230,5,2,7,1,3,389,4546243,448300,690,4,0,1,0,1,2,0,155,1,0,1,0,0
201600048548,16,7,30,1422,1,1,1,2,7,286,4582330,491394,690,4,1,1,0,1,0,0,50,2,0,1,99,0
201600048550,16,7,30,1945,1,2,2,2,3,149,4571597,481125,690,4,2,2,0,2,1,0,0,2,0,1,99,0
201600048552,16,8,2,650,1,2,2,1,3,389,4546497,448324,690,4,2,4,1,1,1,0,165,1,0,1,99,0
201600048554,16,8,3,1445,1,2,1,1,6,382,4545307,449543,690,4,1,2,0,1,1,0,88,1,0,0,0,0
201600048555,16,8,4,1830,1,2,1,3,2,389,4547112,447113,690,4,1,1,0,2,2,0,25,2,3,1,99,0
201600048559,16,8,5,1545,1,2,1,1,2,34,4578983,482063,690,3,2,2,1,1,1,0,90,1,0,1,99,0
201600048561,16,8,7,550,2,2,2,1,3,382,4545047,449331,690,4,1,1,0,1,1,0,29,1,0,1,0,0
201600048562,16,8,8,2229,5,2,2,1,3,382,4545339,450000,690,4,1,1,0,1,1,0,39,1,0,1,0,0
201600048563,16,8,11,1000,1,2,1,1,6,34,4578966,482044,690,4,2,2,0,1,1,0,85,1,0,0,99,0
201600048564,16,8,11,1050,1,2,1,1,6,382,4545406,450028,690,4,1,2,3,1,1,0,0,1,0,1,0,0
201600048567,16,8,18,1615,1,1,3,1,6,389,4546092,448000,690,4,2,0,0,1,1,0,80,1,0,1,0,0
201600048568,16,8,19,1800,1,2,3,1,6,384,4546414,449137,690,4,2,2,0,1,1,13,90,1,0,1,0,0
201600048572,16,8,20,1620,1,2,1,2,6,385,4545100,449015,690,4,3,4,0,2,3,0,125,2,0,4,99,0
201600048573,16,8,22,1400,1,1,3,1,4,149,4571930,477841,690,4,2,1,0,1,1,0,90,1,0,1,99,0
201600048574,16,8,23,1600,1,2,1,1,6,34,4580344,485969,690,6,0,1,0,0,0,0,0,0,0,1,0,0
201600048575,16,8,24,1700,1,2,9,1,6,389,4547085,447416,690,4,2,2,0,1,1,0,68,0,0,1,0,0
201600048576,16,8,24,2040,2,2,1,1,1,384,4546270,448464,690,4,1,2,0,2,2,0,0,1,5,1,0,0
201600048578,16,8,25,1700,1,2,1,1,4,34,4581333,486072,690,4,2,3,3,1,1,0,97,1,0,1,99,0
201600048579,16,8,26,1135,1,2,1,1,6,385,4546000,449418,690,4,2,1,1,1,1,0,60,1,0,5,99,0
201600048581,16,8,27,1120,1,2,2,1,3,81,4576627,476933,690,4,2,0,0,2,2,67,70,0,0,0,0,0
201600048582,16,8,26,2000,2,2,2,1,3,384,4546382,449142,690,4,3,2,0,1,1,22,70,1,5,1,99,0
201600048583,16,8,27,1630,1,2,1,1,6,286,4580561,488533,690,4,2,3,0,2,1,0,85,1,0,1,3,0
201600048584,16,8,30,745,1,2,3,1,6,34,4547000,449000,690,2,2,3,0,2,1,0,0,1,0,1,99,0
201600048585,16,8,30,1925,1,2,1,1,1,385,4546005,449135,690,4,2,0,1,1,1,0,64,1,0,5,0,0
201600048586,16,8,30,1700,1,2,1,1,1,384,4546456,448419,690,3,2,2,0,1,1,0,145,1,0,1,0,0
201600048588,16,8,25,1715,1,2,1,1,3,152,4570022,482299,690,4,2,2,1,1,0,35,81,1,0,1,0,0
201600048589,16,9,2,200,5,2,1,1,6,381,4546100,449373,690,4,2,2,0,2,1,0,90,1,0,1,99,0
201600048590,16,9,2,920,1,2,1,1,6,385,4545184,449271,690,4,1,2,0,1,1,0,109,1,0,4,99,0
201600048596,16,9,8,1135,1,2,3,1,6,389,4646219,448194,690,4,2,2,0,1,1,0,64,1,0,1,0,0
201600048597,16,9,7,1925,1,2,1,1,7,286,4581294,489744,690,6,0,0,0,1,1,0,0,1,0,3,99,0
201600048599,16,9,8,1800,1,2,1,1,6,385,4545329,447286,690,4,2,2,0,1,1,0,65,1,0,1,3,0
201600048600,16,9,8,2310,5,2,1,1,6,385,4545125,446302,690,3,2,3,3,1,1,0,103,1,0,1,99,0
201600048602,16,9,9,1440,1,2,1,1,7,385,4545232,753600,690,4,0,1,0,1,1,0,80,1,0,1,99,0
201600048603,16,9,10,446,5,2,2,1,3,149,4572100,481122,690,3,3,3,0,3,1,18,102,1,5,1,99,0
201600048604,16,9,8,830,1,2,1,1,3,389,4546525,448281,690,4,2,4,0,1,1,0,152,1,0,1,99,0
201600048605,16,9,12,2115,5,2,2,1,3,385,4545313,842000,690,4,2,3,0,2,1,0,63,1,0,1,99,0
201600048607,16,9,2,625,1,2,1,1,3,152,4569669,481175,690,4,2,2,2,1,2,0,69,1,0,5,99,0
201600048609,16,9,13,1655,1,2,1,1,7,385,4545214,449022,690,4,1,1,0,1,1,0,38,1,0,1,99,0
201600048610,16,9,13,1716,1,1,1,1,6,142,4573055,481508,690,4,1,2,0,1,2,0,85,1,0,4,0,0
201600048611,16,9,15,1900,1,2,1,1,3,286,4548470,533330,690,4,3,2,0,1,1,25,30,1,0,1,99,0
201600048613,16,9,16,900,1,2,1,2,3,286,4581513,488941,690,3,2,2,0,1,0,0,80,2,0,1,99,0
201600048614,16,9,11,1030,1,2,1,1,6,34,4579736,485525,690,4,3,3,0,2,3,0,0,1,0,1,99,0
201600048615,16,9,16,5,5,2,3,1,3,389,4545495,448475,690,4,2,2,0,0,0,0,97,0,0,1,0,0
201600048618,16,9,17,1745,1,2,1,2,3,389,4547223,447128,690,6,0,0,0,0,0,0,0,2,0,1,0,0
201600048621,16,9,18,1515,1,1,1,2,7,152,4569366,482661,690,1,1,1,0,1,3,0,50,2,3,1,0,0
201600048622,16,9,17,1710,1,2,1,1,6,382,4573980,481806,690,4,2,1,0,1,1,0,94,1,0,1,99,0
201600048623,16,9,19,725,1,2,2,1,3,202,4573239,480386,690,4,2,1,0,2,1,0,82,1,0,0,99,0
201600048624,16,9,20,1105,1,2,1,1,6,385,4576314,479702,690,6,0,0,0,1,0,0,59,1,0,1,99,0
201600048625,16,9,20,1215,1,2,1,1,6,389,4577181,480420,690,4,0,1,0,1,0,0,35,1,0,0,0,0
201600048626,16,9,20,1525,1,2,5,1,6,385,4575944,482546,690,4,1,0,3,4,1,0,0,1,6,1,99,0
201600048627,16,9,21,1935,2,2,2,1,3,385,4575465,481243,690,4,2,0,0,2,1,0,0,1,0,1,0,0
201600048629,16,9,8,1700,1,2,1,1,6,381,4576839,483194,690,4,2,2,0,2,1,0,63,1,5,1,99,0
201600048630,16,9,18,1145,1,2,1,2,7,34,4579565,484790,690,4,2,3,0,2,1,0,0,2,0,1,0,0
201600048631,16,9,22,1800,1,2,2,1,3,389,4578923,478901,690,4,3,4,0,1,1,5,30,1,0,1,99,0
201600048633,16,9,23,1655,1,2,3,1,3,389,4576700,480540,690,4,2,4,3,2,1,30,81,1,0,1,99,0
201600048636,16,9,24,1950,2,2,1,1,3,389,4577237,481098,690,4,2,0,3,1,1,19,73,1,5,1,0,0
201600048638,16,9,25,1550,1,2,1,1,6,34,4579600,484700,690,4,2,1,0,1,1,0,54,1,0,1,99,0
201600048639,16,9,27,640,5,2,1,1,6,149,4570907,480374,690,4,2,1,0,1,1,0,46,1,0,1,99,0
201600048640,16,9,28,1720,1,2,1,1,3,385,4575663,480729,690,4,2,0,0,2,1,27,98,1,0,1,99,0
201600048645,16,9,30,1330,1,2,1,1,2,389,4577899,480543,690,4,1,1,1,1,1,0,29,1,0,1,0,0
201600048646,16,10,1,1030,1,2,7,2,2,384,4577936,484098,690,4,1,4,0,2,1,0,31,2,0,1,0,0
201600048647,16,10,3,1315,1,2,1,1,6,81,4578898,477781,690,6,0,0,0,1,1,0,60,1,0,1,99,0
201600048650,16,10,3,750,1,2,3,1,2,286,4581272,489437,690,4,2,2,2,1,1,0,70,1,5,1,99,0
201600048651,16,10,4,1110,1,2,1,1,6,381,4576667,483274,690,4,1,1,0,1,0,0,36,1,0,1,99,0
201600048652,16,10,2,1140,1,2,1,1,3,34,4578332,484460,690,4,2,2,0,1,1,0,0,1,0,1,0,0
201600048653,16,10,5,1515,1,2,2,1,3,286,4983024,490681,690,4,2,2,1,1,2,0,28,1,0,1,99,0
201600048655,16,10,6,1640,1,2,1,1,3,286,4581941,490736,690,4,2,2,0,1,2,0,0,1,0,1,0,0
201600048656,16,10,5,1830,1,2,1,1,6,34,4579165,482378,690,4,1,1,0,1,1,0,51,1,0,1,0,0
201600048657,16,10,7,840,1,2,1,1,2,389,4578271,480728,690,4,2,2,0,1,1,0,117,1,0,1,99,0
201600048659,16,10,8,115,5,2,1,1,1,149,4572129,479646,690,4,2,2,0,1,3,0,71,1,0,1,0,0
201600048662,16,10,10,1240,1,2,1,1,6,152,4570120,481951,690,4,1,0,0,1,1,0,85,1,0,1,0,0
201600048663,16,10,10,1730,1,1,1,1,2,142,4573045,481517,690,1,1,2,0,1,2,0,94,1,0,1,3,0
201600048665,16,10,11,840,1,2,1,1,3,142,4572721,481480,690,3,2,3,0,2,1,0,32,1,0,1,99,0
201600048666,16,10,12,930,1,2,1,1,2,385,4575822,482647,690,4,0,2,0,1,1,0,0,1,0,1,0,0
201600048667,16,10,12,1403,1,2,1,1,6,149,4571978,480030,690,4,2,2,0,1,1,0,63,1,0,1,3,0
201600048668,16,10,13,740,5,2,3,2,6,152,4569695,481221,690,4,2,2,1,1,1,0,82,2,0,1,99,0
201600048669,16,10,12,1730,1,2,5,1,6,34,4578639,483003,690,4,2,2,0,1,1,0,75,1,0,1,99,0
201600048670,16,10,10,1105,1,2,1,1,1,381,4578830,483193,690,4,2,2,0,2,1,0,82,1,0,1,0,0
201600048671,16,10,10,1205,1,2,1,1,3,385,4576060,482845,690,4,1,2,1,1,1,0,55,1,0,5,99,0
201600048672,16,10,14,1530,1,2,1,3,1,385,4575452,481799,690,4,3,2,0,2,2,0,0,2,0,3,0,0
201600048673,16,10,14,1604,1,2,1,2,3,385,4575653,479845,690,4,2,2,0,1,1,0,0,2,0,1,99,0
201600048674,16,10,14,1955,5,2,2,8,6,382,4545066,449383,690,4,2,1,0,1,2,0,50,2,0,1,0,0
201600048679,16,10,16,600,5,2,1,1,6,381,4576768,481938,690,4,1,3,3,1,1,0,115,1,0,1,99,0
201600048682,16,10,17,1745,1,2,1,1,6,389,4577699,480536,690,4,2,2,1,1,1,0,55,1,0,1,99,0
201600048684,16,10,18,830,1,1,1,1,3,389,4578178,481015,690,4,2,2,0,1,1,0,115,1,0,1,0,0
201600048685,16,10,18,1635,1,2,1,1,6,149,4571974,480029,690,4,2,2,0,1,1,0,66,1,0,1,99,0
201600048686,16,10,19,1230,1,2,3,1,3,34,4580829,485636,690,4,2,2,0,2,1,0,50,1,0,1,99,0
201600048688,16,10,21,145,5,2,1,1,3,384,4577000,481130,690,4,1,0,1,1,1,0,180,1,0,1,0,0
201600048689,16,10,21,640,5,2,1,1,6,202,4574000,480000,690,4,2,1,0,1,1,0,60,1,0,1,99,0
201600048690,16,10,14,2015,5,2,3,2,3,385,4575564,480422,690,4,2,3,0,3,1,19,110,2,0,1,0,0
201600048692,16,10,5,1600,1,2,1,1,6,381,4577223,482098,690,4,1,1,0,1,1,0,60,1,0,1,0,0
201600048693,16,10,25,1000,1,2,1,3,3,389,4577280,479570,690,4,2,4,3,1,1,0,108,2,0,1,99,0
201600048694,16,10,25,1840,5,2,1,2,6,385,4575784,481204,690,4,1,1,0,1,1,0,0,2,0,1,99,0
201600048695,16,10,25,2310,5,2,3,2,3,389,4577642,479676,690,4,2,1,0,0,0,0,0,0,0,0,0,0
201600048696,16,10,26,1215,1,2,1,2,1,202,4573520,478201,690,4,2,2,1,2,3,14,75,2,0,1,99,0
201600048697,16,10,26,1401,1,2,1,1,2,385,4574795,477604,690,4,2,2,0,2,1,0,59,1,0,1,99,0
201600048699,16,10,27,1235,1,2,1,1,2,34,4578000,485000,690,4,1,1,0,1,1,0,70,1,0,1,0,0
201600048702,16,10,30,1335,1,2,1,1,3,385,4575291,482275,690,4,1,3,0,1,1,0,96,1,0,1,0,0
201600048703,16,10,31,1530,1,1,3,1,3,382,4575982,483037,690,4,1,1,0,1,1,0,25,1,0,1,0,0
201600048704,16,11,1,1115,1,2,4,1,3,385,4575392,479812,690,4,1,1,0,1,1,0,35,1,0,1,99,0
201600048707,16,11,4,1430,1,2,1,8,6,381,4577292,483211,690,4,1,1,0,2,1,0,40,1,0,1,99,0
201600048708,16,11,5,1905,5,2,3,3,6,385,4575724,481530,690,4,2,3,0,1,1,0,107,2,0,1,99,0
201600048709,16,11,5,2030,5,2,3,3,3,149,4571156,481999,690,3,2,3,0,1,1,0,84,2,0,1,99,0
201600048712,16,11,8,1205,1,2,1,1,6,382,4576483,483429,690,4,1,2,0,1,1,0,65,1,0,1,0,0
201600048714,16,11,8,914,1,2,1,1,7,34,4580769,487197,690,4,2,2,0,1,1,0,33,1,0,1,99,0
201600048715,16,11,13,1320,1,2,2,2,3,385,4575468,478847,690,4,2,2,0,3,1,0,46,2,0,1,0,0
201600048716,16,11,13,1400,1,2,1,8,3,34,4580000,485000,690,3,2,2,0,1,1,0,73,2,0,1,0,0
201600048717,16,11,12,1840,2,2,1,1,7,34,4578976,482061,690,4,2,2,0,1,1,0,66,1,0,1,99,0
201600048719,16,11,9,1915,5,2,1,2,3,152,4569514,482517,690,4,2,2,2,1,1,0,65,2,0,1,99,0
201600048721,16,11,16,1940,5,2,1,2,3,382,4575290,483341,690,4,1,4,3,1,1,0,30,2,0,1,99,0
201600048722,16,11,17,1740,5,2,1,1,1,385,4575683,478002,690,3,2,2,0,2,1,0,100,1,0,1,3,0
201600048723,16,11,12,1200,1,2,1,1,5,381,4576839,482408,690,9,1,1,0,1,0,0,70,1,0,1,99,0
201600048725,16,11,18,900,1,2,1,2,6,389,4577200,479617,690,4,2,3,0,1,1,0,94,0,0,1,0,0
201600048726,16,11,18,1030,1,2,1,2,7,389,4577494,480579,690,4,1,1,3,1,1,0,38,2,6,1,99,0
201600048727,16,11,18,1715,2,2,1,1,6,286,4581652,489059,690,4,3,1,0,1,1,35,64,1,0,1,99,0
201600048729,16,11,20,2105,5,2,1,1,7,385,4576183,482864,690,3,1,2,0,1,1,0,83,1,0,1,99,0
201600048732,16,11,22,1015,1,2,1,2,3,286,4581736,490380,690,4,2,2,0,1,1,0,90,2,0,1,3,0
201600048736,16,11,24,1710,5,2,2,8,3,385,4574974,478339,690,4,2,2,0,1,1,0,60,2,0,1,99,0
201600048737,16,11,25,1610,1,2,1,1,6,81,4578491,479000,690,4,2,2,0,1,1,0,60,1,0,1,3,0
201600048738,16,11,25,1730,4,2,1,1,6,381,4577282,482121,690,4,2,2,3,1,1,0,100,1,0,1,0,0
201600048739,16,11,25,1930,5,2,1,1,6,385,4576160,480341,690,4,3,2,0,1,1,15,34,1,0,1,99,0
201600048740,16,11,26,1010,1,2,1,1,3,381,4576623,483807,690,4,1,3,0,1,1,100,50,1,0,0,0,0
201600048741,16,10,16,450,5,2,1,1,6,152,4570660,482510,690,4,2,0,0,1,1,0,0,1,0,0,99,0
201600048743,16,11,28,1730,3,2,1,1,3,286,4581909,489347,690,4,2,1,0,1,1,0,66,1,0,1,0,0
201600048744,16,11,28,1945,5,2,1,1,4,389,4579717,482880,690,3,0,2,0,1,1,0,96,1,0,1,99,0
201600048746,16,11,29,1900,5,2,3,1,6,389,4577901,479657,690,4,2,2,0,1,2,0,32,1,0,1,99,0
201600048748,16,12,2,820,1,2,1,1,2,389,4577580,480580,690,4,1,2,0,1,1,0,70,1,0,1,99,0
201600048749,16,11,30,1510,1,2,1,1,1,34,4579786,487588,690,4,2,2,0,1,1,0,66,1,0,1,99,0
201600048752,16,12,6,750,2,2,3,1,6,149,4571793,481004,690,4,0,2,0,2,1,0,90,1,0,1,0,0
201600048753,16,12,8,1025,1,2,2,1,6,385,4575437,479614,690,4,2,2,0,1,1,0,72,1,0,1,0,0
201600048754,16,12,9,1055,1,2,1,1,2,382,4545240,449363,690,4,1,3,3,1,1,0,0,1,0,1,0,0
201600048756,16,12,10,1420,1,2,7,1,6,385,4575810,481250,690,4,1,1,0,0,0,0,0,0,0,1,0,0
201600048758,16,12,12,1720,5,2,1,1,3,81,4577011,476995,690,4,2,2,0,1,1,0,60,1,0,1,3,0
201600048759,16,12,12,1825,5,2,1,1,2,382,4545484,450124,690,4,1,3,1,1,1,0,0,1,0,5,99,0
201600048761,16,12,13,640,3,2,1,1,2,202,4572186,478862,690,4,2,2,0,1,1,0,71,1,0,0,99,0
201600048763,16,12,13,1430,1,2,6,1,3,286,4582350,491610,690,3,1,1,0,2,3,0,46,1,0,1,0,0
201600048767,16,12,15,740,2,1,1,1,7,385,4575300,480000,690,4,2,2,1,2,1,48,64,1,0,1,99,0
201600048768,16,12,16,1220,1,2,1,1,6,389,4576381,479574,690,4,3,2,0,1,1,0,0,1,0,1,99,1
201600048772,16,12,21,1445,1,2,3,1,3,389,4546320,447400,690,4,2,4,0,1,1,0,90,1,0,1,99,0
201600048774,16,12,23,715,5,2,3,1,1,385,4576361,479540,690,4,2,3,0,2,1,28,97,2,0,0,0,0
201600048775,16,12,22,1930,5,2,3,1,3,286,4581373,487966,690,4,2,0,0,1,1,0,71,0,0,1,0,0
201600048778,16,12,25,1300,1,2,1,1,3,34,4579278,484470,690,4,2,2,0,1,1,0,87,1,0,1,99,0
201600048779,16,12,23,340,5,2,1,2,2,382,4575055,483179,690,4,2,0,0,1,1,0,84,2,0,1,0,0
201600048781,16,12,19,2050,5,2,1,1,6,149,4571735,481061,690,4,2,2,0,1,1,0,63,1,0,1,0,0