Num_Acc,an,mois,jour,hrmn,lum,agg,int,atm,col,com,lat,long,dep,catr,circ,nbv,vosp,prof,plan,lartpc,larrout,surf,infra,situ,env1,killed
201600048784,16,12,14,5,3,1,1,1,6,603,5034021,346916,590,1,3,4,0,1,1,0,140,1,0,2,0,0
201600048785,16,12,16,835,1,1,1,1,2,458,5056411,316476,590,1,3,4,0,1,1,0,140,1,0,0,0,0
201600048786,16,12,25,745,3,1,1,1,6,350,5062230,302396,590,1,3,6,0,1,2,0,210,2,0,0,0,0
201600048787,16,12,28,1945,3,1,1,5,6,43,5073063,270510,590,1,3,4,0,1,1,15,140,2,0,0,0,0
201600048788,16,6,9,1150,1,1,1,1,7,202,5068065,285001,590,1,3,4,0,1,1,80,200,1,0,1,99,1
201600048789,16,11,24,1750,5,1,1,1,7,196,5063206,296332,590,1,3,4,0,1,1,40,150,1,0,1,99,1
201600048790,16,1,4,1300,1,1,1,1,7,346,5060310,313110,590,1,3,4,0,1,2,20,140,2,0,1,99,0
201600048791,16,1,7,1330,1,1,1,1,7,9,5064813,314552,590,1,3,4,0,1,3,20,140,2,0,1,99,0
201600048792,16,1,1,425,3,1,1,1,6,508,5045021,308433,590,1,3,6,0,1,1,20,210,0,0,1,99,0
201600048793,16,1,14,920,1,1,1,2,4,196,5063638,294352,590,1,3,4,0,1,1,60,150,2,0,1,99,0
201600048794,16,1,14,2000,1,1,1,5,5,491,5038841,345700,590,1,3,4,0,1,1,40,150,2,0,1,99,1
201600048798,16,1,24,1245,1,1,1,1,7,646,5068293,308329,590,1,3,6,0,1,1,20,210,0,0,1,99,0
201600048799,16,1,27,1805,3,1,1,2,2,523,5059855,314917,590,1,3,4,0,1,1,20,140,2,0,1,99,1
201600048800,16,1,29,405,4,1,1,1,7,9,5064844,314500,590,1,3,4,0,1,2,20,140,1,0,1,99,0
201600048801,16,2,15,2120,3,1,1,1,6,378,5068516,311122,590,1,3,4,0,1,1,20,140,2,0,1,99,0
201600048802,16,2,12,2005,3,1,1,1,4,475,5019322,325582,590,1,3,4,0,1,1,20,140,1,0,1,99,0
201600048803,16,2,16,1850,3,1,1,1,7,410,5038202,305278,590,1,3,7,0,1,1,20,245,1,0,1,99,0
201600048804,16,1,31,1430,1,1,1,2,7,646,5067905,312530,590,1,3,4,0,2,3,40,150,2,0,1,99,0
201600048805,16,2,1,10,5,1,1,2,7,498,5042405,283055,620,1,3,4,0,1,3,40,150,2,0,1,99,0
201600048806,16,2,4,1610,1,1,1,2,2,94,5095863,217480,590,1,3,4,0,1,1,40,150,2,0,1,99,0
201600048807,16,2,15,1730,2,1,1,1,3,274,5042919,297972,620,1,3,2,0,0,0,0,0,0,0,1,0,0
201600048808,16,2,9,2250,3,1,1,1,5,360,5062136,301983,590,1,3,6,0,1,1,30,140,1,0,0,0,0
201600048809,16,2,6,2015,3,1,1,1,4,343,5060058,311941,590,1,1,4,0,0,1,10,80,2,0,1,0,0
201600048810,16,2,6,2207,3,1,1,1,1,431,5069008,282063,590,1,3,2,0,0,1,10,170,1,0,0,0,0
201600048811,16,2,7,620,5,1,1,2,5,350,5061611,307477,590,1,3,2,0,0,0,0,70,0,0,0,0,0
201600048812,16,2,19,1520,1,1,1,1,5,507,5061116,309058,590,1,3,10,0,1,1,25,400,0,0,0,0,0
201600048813,16,3,5,1500,1,1,1,8,7,350,5062122,308247,590,1,3,8,0,1,1,20,280,1,0,1,99,0
201600048814,16,3,6,220,5,1,1,2,7,350,5062013,308180,590,1,3,6,0,1,3,20,210,2,0,2,99,0
201600048815,16,3,12,1615,1,1,1,1,2,274,5043023,296350,620,1,3,6,0,1,1,20,250,1,0,1,99,0
201600048816,16,2,28,730,1,1,1,1,2,350,5062124,308260,590,1,3,4,0,1,3,20,290,1,2,1,99,0
201600048817,16,2,29,1240,1,1,1,1,5,569,5038393,313221,590,1,3,4,0,1,1,20,150,1,3,1,99,0
201600048818,16,2,29,2320,5,1,1,1,7,462,5051433,333685,590,1,3,6,0,0,0,0,0,0,0,1,0,0
201600048819,16,3,4,145,5,1,1,1,6,646,5067324,311431,590,1,3,4,0,0,0,0,0,0,0,1,0,0
201600048820,16,3,10,2130,5,1,1,1,7,350,5063744,308967,590,1,3,6,0,1,1,40,220,1,0,1,99,0
201600048821,16,3,11,1730,1,1,1,1,6,360,5037150,301570,590,1,3,6,0,1,1,20,210,1,0,0,99,0
201600048822,16,3,19,2220,3,1,1,1,2,90,5070755,312169,590,1,3,4,0,1,1,100,150,1,0,1,99,0
201600048824,16,3,20,1700,1,1,1,1,7,143,5067716,285802,590,1,3,4,0,1,1,60,150,1,0,1,99,0
201600048825,16,3,20,1845,1,1,1,1,7,196,5063722,294136,590,1,3,4,0,1,1,60,150,1,0,1,99,0
201600048826,16,4,5,815,1,1,1,1,7,646,5067983,312741,590,1,3,1,0,1,3,20,50,1,0,1,0,0
201600048828,16,4,10,1635,1,1,1,1,4,343,5058163,308911,590,1,3,6,0,1,1,20,210,1,0,1,99,0
201600048830,16,3,28,1115,1,1,1,2,6,195,5062933,295856,590,1,3,4,0,1,1,30,150,2,0,1,99,0
201600048832,16,4,13,1110,1,1,1,2,4,128,5064061,296841,590,1,3,4,0,1,1,20,140,2,0,1,99,0
201600048833,16,4,6,1020,1,1,1,1,2,271,5100294,230113,590,1,3,4,0,1,1,20,140,1,0,1,99,0
201600048835,16,4,23,915,1,1,1,1,7,459,5037908,346894,590,1,3,4,0,1,1,20,140,1,0,3,99,0
201600048837,16,4,30,1245,1,1,1,1,7,123,5049741,300261,590,1,3,6,0,1,1,20,210,1,0,1,99,1
201600048838,16,4,22,920,1,1,1,1,5,350,5061602,307086,590,1,3,8,0,2,1,20,280,1,0,1,99,0
201600048839,16,5,4,2340,3,1,1,1,7,234,5040224,306116,590,1,3,4,0,1,3,20,140,1,0,1,99,0
201600048840,16,5,15,1845,1,1,1,1,7,195,5062661,295894,590,1,3,3,0,1,2,0,105,2,0,1,99,0
201600048841,16,5,18,2055,1,1,1,8,7,195,5037172,258173,590,1,3,2,0,1,2,0,70,2,0,1,99,0
201600048842,16,5,26,750,1,1,1,1,6,637,5046916,297713,620,1,3,6,0,1,1,20,210,1,0,1,99,0
201600048843,16,5,30,905,1,1,1,1,7,9,5062085,313465,590,1,3,4,0,1,2,20,180,1,0,2,99,0
201600048844,16,5,30,905,1,1,1,1,2,523,5059811,314413,590,1,3,6,0,1,2,20,210,2,3,1,99,1
201600048845,16,5,31,1220,1,1,1,1,6,449,5047128,322686,590,1,3,4,0,1,1,20,140,2,0,1,99,0
201600048846,16,5,1,1400,1,1,1,1,6,507,5060765,309597,590,1,3,10,0,1,1,20,350,1,0,1,99,0
201600048847,16,5,8,20,3,1,1,1,7,274,5042952,297193,620,1,3,6,0,1,1,30,210,1,3,1,0,0
201600048848,16,5,10,2210,5,1,1,2,7,360,5061696,299442,590,1,3,6,0,1,1,30,210,2,0,1,99,0
201600048849,16,5,11,2330,5,1,1,2,7,9,5064761,314642,590,1,3,4,0,1,3,10,140,2,0,1,99,0
201600048850,16,5,28,455,5,1,1,1,7,193,5093625,191510,620,1,3,4,0,1,1,30,190,1,0,1,99,1
201600048851,16,5,7,520,5,1,1,1,7,9,5064728,314651,590,1,3,4,0,1,3,30,190,1,0,1,99,1
201600048852,16,5,5,630,1,1,1,1,2,155,5101304,238151,590,1,3,4,0,1,1,20,120,1,0,1,99,0
201600048853,16,5,28,1110,1,1,1,1,6,383,5033674,354545,590,1,3,4,0,1,1,40,190,1,0,1,99,0
201600048855,16,5,5,830,1,1,1,1,2,260,5104480,252879,590,1,3,4,0,1,1,20,40,1,0,1,99,1
201600048856,16,7,1,505,3,1,1,2,6,43,5072519,272869,590,1,3,4,0,1,1,20,140,2,0,1,99,0
201600048857,16,7,1,740,1,1,1,8,6,346,5060572,312986,590,1,3,0,0,1,1,20,140,2,0,1,99,0
201600048858,16,7,1,2030,1,1,1,3,6,479,5038826,361223,590,1,3,4,0,1,1,20,140,2,0,1,99,0
201600048859,16,7,4,750,1,1,1,1,6,80,5045600,328608,590,1,3,4,0,1,1,20,140,1,0,1,99,0
201600048860,16,7,4,1700,1,1,1,8,4,603,5034007,349353,590,1,3,6,0,1,1,20,210,1,0,1,99,0
201600048862,16,7,10,1245,1,1,1,1,6,143,5066549,288362,590,1,3,4,0,1,1,20,140,1,0,1,99,0
201600048863,16,7,13,330,4,1,1,1,7,560,5054734,305802,590,1,3,1,0,1,1,0,35,1,2,1,99,0
201600048864,16,7,19,1145,1,1,1,1,4,146,5060180,320425,590,1,3,4,0,1,1,20,140,1,0,1,99,1
201600048865,16,7,20,2030,1,1,1,1,6,343,5060317,312989,590,1,3,4,0,1,3,20,140,1,0,1,99,0
201600048866,16,6,1,2225,3,1,1,1,1,479,5039329,361381,590,1,3,4,0,1,1,20,140,1,0,1,0,0
201600048867,16,6,1,1745,1,1,1,1,4,523,5059862,315002,590,1,3,4,0,1,1,40,150,1,0,1,99,1
201600048868,16,6,6,830,1,1,1,1,7,462,5050833,302510,590,1,3,6,0,1,1,60,210,1,0,1,99,0
201600048869,16,6,6,830,1,1,1,1,2,586,5053992,319667,590,1,3,4,0,1,1,60,190,1,0,1,99,0
201600048870,16,6,8,740,1,1,1,1,2,271,5100319,233238,590,1,3,4,0,1,1,40,190,1,0,1,0,0
201600048871,16,6,12,35,3,1,1,2,7,327,5037836,317710,590,1,3,4,0,1,1,40,190,3,0,1,99,0
201600048872,16,6,28,1620,1,1,1,1,4,288,5032273,342790,590,1,3,4,0,1,1,20,140,1,0,1,99,0
201600048873,16,6,17,1715,1,1,1,1,2,288,5031783,341666,590,1,3,4,0,1,1,40,190,0,0,1,99,0
201600048874,16,6,19,1945,1,1,1,1,6,479,5037835,360798,590,1,3,4,0,1,1,50,190,1,0,1,99,0
201600048875,16,6,22,315,3,1,1,1,6,510,5043780,275634,620,1,3,4,0,1,1,50,190,1,0,1,99,0
201600048876,16,6,23,800,1,1,1,2,2,378,5065494,310775,590,1,3,6,0,1,1,60,140,1,0,1,99,0
201600048877,16,6,25,110,3,1,1,1,7,479,5037835,360798,590,1,3,4,0,1,1,60,140,1,0,1,99,0
201600048878,16,6,25,430,3,1,1,1,6,548,5093701,195413,620,1,3,4,0,1,1,60,190,1,0,1,99,0
201600048879,16,7,20,845,1,1,1,1,6,606,5033942,349691,590,1,3,6,0,1,1,20,210,1,0,1,99,0
201600048880,16,7,24,950,1,1,1,1,7,350,5061592,307145,590,1,3,6,0,1,2,20,210,1,0,1,99,0
201600048881,16,7,20,1350,1,1,1,1,4,588,5102853,242814,590,1,3,4,0,1,1,20,140,1,0,1,99,0
201600048882,16,7,23,1635,1,1,1,1,5,340,5103716,244027,590,1,3,4,0,1,1,20,140,1,0,1,99,0
201600048883,16,7,24,1615,1,1,1,1,4,588,5102884,242875,590,1,3,4,0,1,1,20,140,1,0,1,99,0
201600048884,16,7,29,5,3,1,1,2,7,179,5030771,338363,590,1,3,4,0,1,1,20,140,2,0,1,99,0
201600048885,16,8,2,900,1,1,1,1,2,274,5043312,297851,620,1,3,4,0,1,1,20,140,1,0,1,0,0
201600048886,16,8,6,655,1,1,1,1,4,378,5068475,309553,590,1,3,4,0,1,1,20,140,1,0,1,99,0
201600048887,16,8,7,200,3,1,1,1,7,205,5032761,333569,590,1,3,2,0,1,1,20,70,1,0,1,99,0
201600048888,16,7,13,1000,1,1,1,2,2,523,5059433,314706,590,1,3,5,0,1,1,40,180,2,0,1,99,0
201600048890,16,7,16,700,2,1,1,1,6,143,5065909,289618,590,1,3,4,0,1,1,40,150,1,0,1,99,0
201600048891,16,8,13,250,3,1,1,1,6,159,5097264,222215,590,1,3,4,0,1,1,20,140,1,0,1,99,0
201600048892,16,8,9,1840,1,1,1,1,6,43,5072683,272049,590,1,3,4,0,1,1,20,140,1,0,1,0,0
201600048893,16,8,16,1415,1,1,1,1,7,351,5043218,290249,620,1,3,4,0,1,1,20,140,1,0,1,99,0
201600048894,16,8,18,1720,1,1,1,1,7,569,5039081,312509,590,1,3,4,0,1,1,20,140,0,0,1,99,0
201600048895,16,8,21,1610,1,1,1,1,7,343,5062422,312355,590,1,3,4,0,1,2,20,140,1,0,1,99,0
201600048896,16,8,23,125,5,1,1,1,6,350,5061924,308063,590,1,3,6,0,1,0,20,210,1,0,2,99,1
201600048897,16,8,24,945,1,1,1,1,2,196,5063619,294403,590,1,3,4,0,1,1,20,140,1,0,0,99,0
201600048898,16,8,26,900,1,1,1,1,7,350,5064268,800000,590,1,3,10,0,1,1,20,350,1,0,0,99,0
201600048899,16,8,26,1755,1,1,1,1,7,205,5032730,333658,590,1,3,4,0,1,1,20,140,1,0,2,99,0
201600048901,16,8,28,2030,1,1,1,1,6,507,5060821,309488,590,1,3,4,0,1,1,20,140,1,0,1,99,0
201600048902,16,8,29,2215,3,1,1,1,2,305,5088153,251878,590,1,3,4,0,1,1,20,140,1,0,1,99,0
201600048903,16,8,29,1230,1,1,1,1,2,195,5062080,297260,590,1,3,6,0,1,1,0,220,1,0,1,99,0
201600048904,16,9,1,1600,1,1,1,1,2,410,5064827,309368,590,1,3,6,0,1,1,20,210,1,0,1,0,0
201600048905,16,9,9,855,1,1,1,1,7,143,5066880,287790,590,1,3,4,0,1,1,20,140,0,0,1,99,0
201600048907,16,9,10,400,3,1,1,1,2,350,5062373,308454,590,1,3,2,0,1,3,20,70,1,0,1,0,0
201600048908,16,9,15,1430,1,1,1,1,3,378,5067070,311479,590,1,3,6,0,1,1,20,210,1,0,1,0,0
201600048909,16,9,16,720,2,1,1,1,2,202,5068300,284395,590,1,3,4,0,1,1,20,140,1,0,0,0,0
201600048910,16,9,16,915,1,1,1,1,4,566,5061561,298102,590,1,3,4,0,1,1,20,140,1,0,1,0,0
201600048911,16,9,19,2250,3,1,1,1,5,350,5061788,307960,590,1,3,6,0,1,1,20,210,1,0,1,99,1
201600048912,16,9,23,1755,1,1,1,1,3,603,5034077,349004,590,1,3,4,0,1,1,20,140,1,0,1,99,0
201600048913,16,9,23,1915,2,1,1,1,7,350,5064554,306381,590,1,3,6,0,1,1,20,210,1,0,1,99,0
201600048914,16,9,28,400,5,1,1,1,2,386,5067983,305432,590,1,3,4,0,1,1,20,140,1,0,0,99,0
201600048915,16,9,30,745,2,1,1,1,3,560,5054188,305351,590,1,3,6,0,1,1,20,210,1,0,1,0,0
201600048916,16,10,1,750,2,1,1,1,2,646,5067482,311964,590,1,3,4,0,1,1,20,140,1,0,1,99,0
201600048917,16,10,1,2120,3,1,1,2,2,665,5090989,248527,590,1,3,4,0,1,1,20,140,2,0,1,99,0
201600048918,16,10,6,900,1,1,1,1,3,378,5066721,311320,590,1,3,3,0,1,1,20,105,1,0,1,99,0
201600048919,16,10,6,1715,1,1,1,1,5,646,5068294,311616,590,1,3,4,0,1,1,20,140,1,0,1,99,0
201600048920,16,10,7,900,1,1,1,1,3,386,5068051,305617,590,1,3,4,0,1,1,20,140,1,0,1,99,0
201600048921,16,10,7,945,1,1,1,1,2,350,5061892,305265,590,1,3,8,0,1,3,20,280,1,0,1,99,0
201600048922,16,9,27,800,1,1,1,1,1,646,5068060,312016,590,1,3,4,0,1,3,40,150,1,2,1,99,0
201600048924,16,10,16,2215,5,1,1,2,6,346,5060610,312990,590,2,3,6,0,1,3,10,210,2,0,1,99,0
201600048925,16,10,20,1740,1,1,1,1,6,343,5060016,312825,590,2,3,4,0,0,0,0,0,0,0,1,0,0
201600048926,16,10,30,1600,1,1,1,1,2,426,5076077,315599,590,1,3,5,0,1,1,100,175,1,0,1,99,0
201600048928,16,10,29,115,5,1,1,1,6,350,5061587,307342,590,1,3,8,0,2,1,20,280,1,0,1,99,0
201600048929,16,11,3,1830,2,1,1,1,7,507,5059750,310230,590,1,3,4,0,1,3,10,140,1,0,0,0,0
201600048930,16,10,18,1900,1,1,1,2,4,646,5067930,312490,590,3,3,5,0,3,1,40,180,2,2,1,99,0
201600048931,16,11,6,315,3,1,1,8,7,350,5061680,304110,590,1,3,6,0,1,3,10,210,2,0,0,0,0
201600048933,16,10,24,1130,1,1,1,1,2,459,5036699,348368,590,1,3,4,0,1,1,100,150,1,0,1,99,0
201600048934,16,11,10,945,1,1,1,1,3,278,5061990,295900,590,2,3,2,0,1,1,0,70,1,0,0,0,0
201600048935,16,11,10,2350,5,1,1,2,6,350,5061630,307030,590,1,3,6,0,1,1,10,210,2,0,0,0,0
201600048936,16,11,11,1015,1,1,1,2,7,343,5060121,313197,590,1,3,4,0,1,2,300,150,2,2,1,99,0
201600048937,16,11,11,700,2,1,1,8,2,286,5061990,300800,590,1,3,6,0,1,1,10,210,1,0,0,0,0
201600048939,16,11,14,2110,3,1,1,2,6,414,5037870,317920,590,1,3,2,0,1,1,0,70,2,0,0,0,0
201600048941,16,11,15,850,1,1,1,1,7,143,5066010,289310,590,1,3,4,0,1,1,15,140,1,0,0,0,0
201600048942,16,11,15,1900,3,1,1,1,2,462,5051170,303110,590,1,3,6,0,1,1,15,210,2,0,0,0,1
201600048944,16,11,19,430,3,1,1,1,6,350,5063540,308340,590,2,3,8,0,0,0,0,0,0,0,0,0,1
201600048945,16,11,19,645,5,1,1,2,1,278,5061990,295900,590,2,0,0,0,0,0,0,0,0,0,0,0,1
201600048946,16,11,22,800,2,1,1,1,3,350,5063500,308710,590,2,3,6,0,1,1,0,210,1,0,0,0,0
201600048947,16,11,22,1700,2,1,1,1,6,350,5061686,304533,590,1,3,6,0,1,1,0,210,1,0,0,0,0
201600048948,16,11,29,1340,1,1,1,1,2,585,5056083,306864,590,1,3,4,0,0,0,0,0,0,0,0,0,0
201600048950,16,11,29,1925,3,1,1,1,5,178,5039640,311650,590,1,3,6,0,1,1,0,210,1,0,0,0,0
201600048951,16,12,5,1315,1,1,1,1,2,350,5063540,308750,590,2,3,6,0,1,1,10,210,1,0,0,0,0
201600048952,16,12,7,1100,1,1,1,1,4,350,5061688,308036,590,1,3,8,0,1,1,0,0,1,3,1,0,0
201600048953,16,12,9,1600,1,1,1,1,2,28,5041275,303325,590,1,3,7,0,1,3,20,245,1,0,1,99,0
201600048954,16,12,4,245,3,1,1,1,6,343,5060065,311807,590,1,0,2,0,1,2,0,70,1,0,0,0,0
201600048955,16,12,12,2245,3,1,1,2,6,360,5061950,300660,590,1,3,4,0,1,1,0,140,2,0,0,0,0
201600048956,16,1,1,1910,2,2,1,1,6,388,4572760,484799,690,4,2,2,0,1,1,0,59,1,0,1,99,0
201600048957,16,1,2,1445,1,2,1,2,6,387,4544286,451134,690,4,1,2,0,1,1,0,53,2,0,1,99,0
201600048963,16,1,5,645,5,2,2,1,3,387,4545090,450345,690,4,1,1,0,1,1,0,39,2,0,1,3,0
201600048966,16,1,6,800,1,2,1,1,2,387,4544319,451029,690,9,1,3,0,1,3,0,87,1,0,1,0,0
201600048967,16,1,4,1915,5,2,1,2,6,388,4544361,452127,690,4,1,1,0,1,1,0,0,2,0,1,0,0
201600048968,16,1,6,920,1,2,2,1,3,388,4544089,452598,690,4,0,0,0,1,0,0,0,2,0,1,0,0
201600048972,16,1,7,745,3,2,1,3,6,388,4544000,451442,690,4,2,1,0,1,1,0,0,2,0,1,0,0
201600048975,16,1,9,1315,1,2,3,1,3,387,4543476,449266,690,4,2,6,3,1,1,0,178,2,0,1,0,0
201600048979,16,1,11,740,1,2,3,1,5,387,4544040,449255,690,4,2,2,0,1,3,73,85,2,0,0,3,0
201600048984,16,1,14,320,5,2,2,1,6,386,4577239,485413,690,4,1,4,3,1,1,0,0,1,0,1,0,0
201600048985,16,1,9,1140,1,2,3,1,3,387,4544557,450526,690,4,1,1,0,1,1,0,38,1,0,0,0,0
201600048987,16,1,8,1930,5,2,2,1,3,388,4544050,451478,690,4,2,2,0,1,1,42,58,1,0,1,0,0
201600048990,16,1,15,1420,1,2,1,1,3,259,4569100,487061,690,4,2,2,0,2,1,0,71,1,0,1,0,0
201600048993,16,1,18,1625,1,2,1,2,6,388,4543351,452461,690,4,0,0,0,1,1,0,0,2,0,1,0,0
201600048996,16,1,22,845,1,2,2,1,3,387,4544537,450418,690,4,1,1,0,1,1,0,40,1,0,1,0,0
201600048997,16,1,22,1537,1,2,3,1,3,387,4544480,503070,690,4,1,0,0,1,1,0,0,1,0,1,0,0
201600049002,16,1,25,1010,1,2,1,1,6,388,4543000,452000,690,4,0,0,0,0,0,0,0,0,0,4,0,0
201600049003,16,1,25,1220,1,2,1,1,6,387,4545171,450356,690,4,1,2,0,1,1,0,520,1,0,1,0,0
201600049004,16,1,26,1055,1,2,1,1,3,383,4545491,451303,690,4,1,2,3,1,1,0,0,1,0,1,0,0
201600049013,16,1,29,1115,1,2,1,1,6,388,4543469,452073,690,4,2,0,0,1,1,0,0,1,0,1,3,0
201600049015,16,1,31,410,5,2,1,2,3,383,4575634,484041,690,4,1,3,0,1,0,0,0,2,0,1,99,0
201600049025,16,2,4,1020,1,2,2,1,3,387,4544031,443925,690,4,1,2,0,1,1,0,38,1,0,1,0,0
201600049026,16,2,5,800,1,2,1,8,6,259,4571691,487338,690,4,1,0,0,1,1,0,0,2,0,1,99,0
201600049027,16,2,8,1850,5,2,1,1,3,259,4569613,487191,690,4,1,1,1,1,1,0,50,1,0,0,0,0
201600049035,16,2,13,1110,1,2,1,1,2,388,4544006,452465,690,4,1,2,0,1,1,0,0,1,0,1,0,0
201600049043,16,2,23,700,2,2,2,2,6,388,4544210,451590,690,4,1,0,1,1,1,0,0,2,0,0,0,0
201600049045,16,2,25,855,1,2,2,1,2,383,4545483,128500,690,4,1,2,0,1,1,0,0,2,0,1,0,0
201600049054,16,3,5,940,1,2,3,1,1,388,4544391,451566,690,4,1,0,0,1,1,0,0,1,0,1,0,0
201600049056,16,3,6,1145,1,2,1,1,6,388,4543452,452035,690,9,2,0,3,0,0,0,0,0,0,0,0,1
201600049057,16,3,6,2055,5,2,1,1,3,387,4544549,451153,690,4,1,2,0,1,1,0,0,0,0,1,0,0
201600049070,16,3,13,2130,5,2,2,1,3,383,4544400,452285,690,4,1,0,0,0,0,0,0,0,0,1,0,0
201600049077,16,3,16,2045,5,2,2,2,6,388,4544200,451585,690,4,1,1,2,0,0,0,77,0,0,1,0,0
201600049079,16,3,17,928,1,2,1,1,6,388,4544124,451464,690,4,3,4,0,1,1,0,0,1,0,1,0,0
201600049081,16,3,17,1150,1,2,9,1,3,388,4543439,452409,690,4,2,1,0,1,1,0,0,1,0,1,99,0
201600049082,16,3,18,930,1,1,3,1,1,387,4500000,450440,690,2,0,0,0,1,1,0,0,1,0,1,99,0
201600049087,16,3,22,1930,3,2,1,1,6,388,4544525,451511,690,4,2,5,3,1,1,0,120,1,0,1,99,0
201600049092,16,3,24,1145,1,2,1,1,6,259,4571150,487497,690,4,2,3,2,2,1,0,97,1,2,1,0,0
201600049102,16,3,30,740,1,2,1,1,6,387,4545012,528200,690,9,1,1,0,1,0,0,45,1,0,1,3,0
201600049105,16,3,31,640,2,2,1,1,2,388,4500000,400000,690,4,2,3,1,1,1,0,0,1,0,1,0,0
201600049108,16,4,1,1705,1,2,2,1,3,387,4544591,450280,690,4,1,1,0,1,1,0,25,1,0,1,3,0
201600049110,16,4,2,1830,1,2,1,1,6,388,4544049,451083,690,4,1,0,0,1,1,0,52,1,0,1,3,0
201600049111,16,4,3,1940,1,2,1,1,3,388,4244202,451595,690,4,0,3,3,1,1,0,0,1,0,1,3,0
201600049114,16,4,4,1930,1,2,1,1,6,388,4544424,452195,690,4,2,3,3,1,1,0,0,1,0,1,0,0
201600049118,16,4,7,710,1,2,3,1,3,383,4545220,450254,690,4,2,0,0,1,1,0,0,1,0,1,0,0
201600049121,16,4,7,1525,1,2,2,1,3,387,4544234,449593,690,4,3,2,0,1,1,0,73,1,0,1,99,0
201600049126,16,4,10,1415,1,2,2,1,3,388,4573530,486799,690,3,0,1,0,0,0,0,0,0,0,1,0,0
201600049129,16,4,11,2145,5,2,2,1,4,388,4544263,451501,690,4,1,1,0,1,0,0,58,1,0,1,99,0
201600049133,16,4,16,1920,1,2,1,1,6,388,4573400,485300,690,4,2,2,0,1,1,0,65,1,0,1,0,0
201600049136,16,4,19,1800,1,2,2,1,6,276,4567840,486098,690,3,2,0,0,1,1,0,0,1,0,1,0,0
201600049137,16,4,21,1310,1,2,1,1,6,387,4545013,451243,690,4,1,1,0,1,1,0,0,1,0,1,0,0
201600049138,16,4,21,1730,1,2,2,1,3,383,4577080,483722,690,4,1,0,0,1,0,0,0,1,0,1,0,0
201600049139,16,4,21,1935,1,2,1,1,6,387,4544438,450089,690,4,2,2,0,1,1,0,0,1,2,1,0,0
201600049144,16,4,24,2000,1,2,2,1,1,386,4576990,483390,690,2,1,1,0,1,1,0,0,1,0,1,0,0
201600049148,16,4,25,1845,1,2,7,1,3,387,4574600,484500,690,4,1,1,0,1,1,0,52,1,0,1,0,0
201600049150,16,4,26,1030,1,2,2,1,3,383,4545373,450436,690,4,2,3,3,1,1,0,0,1,5,1,99,0
201600049153,16,4,26,2040,2,2,1,2,6,387,4543185,450325,690,4,1,3,0,1,3,71,84,2,0,3,99,1
201600049155,16,4,27,1750,1,2,1,1,6,388,4544402,452069,690,4,1,1,0,1,1,0,0,1,0,1,0,0
201600049160,16,4,29,955,1,2,1,1,6,388,4544135,451036,690,4,1,0,1,1,1,0,0,1,0,1,0,0
201600049161,16,4,28,1952,1,2,1,1,3,388,4544350,452164,690,4,2,2,3,1,1,0,0,1,0,1,99,0
201600049165,16,5,2,1025,1,2,3,1,4,387,4543149,450325,690,3,1,0,0,1,1,0,0,1,0,1,0,0
201600049169,16,4,29,1100,1,2,3,1,3,387,4544528,450109,690,4,1,1,0,1,1,0,0,1,0,1,0,0
201600049170,16,5,2,1325,1,2,2,1,3,388,4573860,486508,690,3,2,6,0,0,0,0,0,0,0,1,0,0
201600049171,16,5,5,1233,1,2,2,1,3,259,4321600,238500,690,4,3,0,0,1,1,0,0,1,0,1,0,0
201600049172,16,5,7,510,1,1,1,1,7,276,4567520,484789,690,3,2,2,0,1,1,0,0,1,5,0,0,0
201600049173,16,5,7,1550,1,2,1,1,3,386,4577380,484207,690,2,1,4,0,1,1,0,0,1,0,1,0,0
201600049179,16,5,9,1524,1,2,2,1,3,388,4544141,453027,690,4,2,0,0,1,1,0,0,2,0,1,0,0
201600049181,16,5,10,1000,1,2,2,2,3,259,4569500,488312,690,2,2,2,0,0,0,121,59,2,0,0,0,0
201600049187,16,5,12,945,1,2,1,1,3,388,4543480,453285,690,4,3,0,0,1,1,0,0,1,0,1,0,0
201600049191,16,5,13,1005,1,2,2,3,3,386,4545533,450370,690,4,1,1,0,1,1,0,0,2,0,1,0,0
201600049193,16,5,13,1820,1,2,2,1,6,387,4544236,449592,690,4,3,2,0,1,1,0,80,1,0,1,99,0
201600049197,16,5,17,1005,1,2,1,1,6,387,4544441,450292,690,4,1,1,0,1,1,0,0,1,0,1,0,0
201600049199,16,5,17,2040,1,2,2,1,3,386,4576804,485264,690,4,1,1,0,1,1,0,0,1,0,1,99,0
201600049203,16,5,17,840,1,2,3,1,1,387,4544003,15700,690,4,2,0,0,1,1,0,0,1,0,1,0,0
201600049204,16,5,20,1720,1,2,3,1,4,387,4544230,449591,690,4,2,0,0,1,1,0,0,1,0,1,0,0