Num_Acc,an,mois,jour,hrmn,lum,agg,int,atm,col,com,lat,long,dep,catr,circ,nbv,vosp,prof,plan,lartpc,larrout,surf,infra,situ,env1,killed
201600049209,16,5,20,1440,1,2,2,1,3,388,4544469,451440,690,4,0,0,0,1,1,0,0,1,0,1,0,0
201600049210,16,5,21,1220,1,2,1,1,3,387,4544405,451060,690,4,2,4,0,1,1,0,117,1,0,1,0,0
201600049211,16,5,21,310,5,2,2,1,1,387,4575434,484536,690,4,1,0,0,1,1,0,0,1,0,1,99,0
201600049220,16,5,26,1345,1,2,1,1,6,388,4544167,451531,690,4,0,0,0,1,1,0,0,1,0,0,0,0
201600049221,16,5,26,1830,1,1,1,1,6,387,4544366,49700,690,4,1,2,0,1,0,0,56,1,0,1,0,0
201600049224,16,5,27,1230,1,2,1,1,6,259,4543062,451157,690,4,2,0,0,0,0,0,0,0,0,1,0,0
201600049225,16,5,27,2050,1,2,1,1,6,387,4544540,450373,690,4,2,4,3,1,1,0,142,1,0,1,0,0
201600049229,16,5,31,645,2,2,2,2,6,383,4545327,451423,690,4,2,4,0,1,1,0,0,2,0,1,0,0
201600049233,16,6,3,810,1,1,2,1,3,387,4543530,449476,690,4,2,2,3,1,1,0,0,1,0,1,99,0
201600049242,16,6,8,720,1,2,1,1,3,388,4544377,451445,690,4,0,1,0,1,1,0,35,1,0,4,0,0
201600049245,16,6,8,2300,5,2,2,2,3,388,4543537,452015,690,4,2,2,0,0,0,0,70,0,0,1,0,0
201600049246,16,6,9,740,1,1,1,1,1,387,4543472,31700,690,4,2,2,0,1,0,0,0,1,0,1,0,0
201600049248,16,6,10,715,1,2,1,1,3,388,4543553,452585,690,4,3,0,0,1,1,0,0,1,0,1,0,0
201600049249,16,6,10,1045,1,2,3,7,3,199,4570802,485977,690,4,1,2,0,1,1,0,78,1,0,0,0,0
201600049250,16,6,10,1900,1,2,1,1,7,387,4573314,482527,690,4,2,2,3,1,1,0,0,1,0,1,99,0
201600049255,16,6,13,1305,1,2,2,1,3,388,4543555,452037,690,4,2,0,0,1,1,0,0,1,0,1,0,0
201600049257,16,6,13,1840,1,2,1,2,6,387,4544543,450522,690,4,1,1,0,1,1,0,0,2,0,1,0,0
201600049258,16,6,13,2030,1,2,2,2,3,387,4544523,450446,690,4,1,1,0,1,1,0,30,2,0,0,0,0
201600049275,16,6,21,2240,5,2,2,1,3,383,4576367,486290,690,4,0,2,0,1,1,0,0,1,0,1,0,0
201600049283,16,6,23,1555,1,2,9,1,3,383,4545336,451135,690,4,2,2,1,1,1,0,0,1,6,5,99,0
201600049288,16,6,24,1905,1,2,2,7,6,387,4544426,450307,690,4,2,4,0,1,1,0,97,1,0,1,99,0
201600049289,16,6,25,1030,1,2,1,1,3,388,4544346,452419,690,4,2,3,0,1,3,25,40,1,0,1,0,0
201600049298,16,7,1,1215,1,2,3,1,3,259,4569713,488883,690,4,3,2,0,2,1,27,101,1,0,0,0,0
201600049302,16,7,4,1630,1,2,1,1,3,387,4544332,502520,690,4,2,4,0,1,1,0,0,1,0,1,0,0
201600049306,16,7,4,1210,1,2,3,1,6,383,4545031,451351,690,4,1,1,1,2,1,0,0,1,0,1,0,0
201600049309,16,7,6,1045,1,2,1,1,3,388,4544101,451435,690,4,1,2,1,1,1,0,0,1,0,1,0,0
201600049313,16,7,7,1300,1,2,1,1,3,388,4543485,451188,690,4,2,1,0,1,1,0,0,1,0,1,0,0
201600049315,16,7,7,2005,1,2,1,1,6,276,4566494,486147,690,4,2,1,0,1,1,0,0,1,0,1,0,0
201600049317,16,7,9,935,1,2,1,1,6,388,4544096,452593,690,4,0,0,0,1,1,0,0,1,0,1,0,0
201600049326,16,7,14,900,1,2,1,1,2,387,4544252,451254,690,4,0,2,0,1,1,0,50,1,0,1,99,0
201600049328,16,7,16,1645,1,2,1,1,3,388,4544545,451452,690,4,2,0,3,1,1,0,0,1,0,1,0,0
201600049337,16,7,21,1515,1,2,1,1,4,383,4575343,485598,690,4,1,1,3,1,1,0,90,1,0,1,0,0
201600049340,16,7,25,1250,1,2,3,1,1,387,4544035,449467,690,4,2,2,0,1,1,0,0,1,0,1,0,0
201600049343,16,7,27,2030,1,1,2,1,3,259,4568872,490058,690,2,0,4,0,1,1,42,119,1,5,1,0,0
201600049353,16,8,5,1717,1,2,1,1,1,387,4544533,450031,690,4,1,4,0,1,1,0,32,1,0,1,3,0
201600049355,16,8,6,140,5,2,3,1,3,383,4545427,450551,690,4,1,1,0,1,1,0,30,1,0,1,0,1
201600049356,16,8,6,530,2,2,2,1,2,387,4543340,450072,690,4,2,2,0,1,1,0,0,1,0,1,0,0
201600049358,16,8,10,1045,1,1,1,1,6,388,4543461,452039,690,4,2,0,0,1,1,0,0,1,0,1,0,1
201600049366,16,8,19,1605,1,1,2,1,3,259,4568966,490102,690,3,2,4,0,1,1,40,117,1,0,1,99,0
201600049367,16,8,19,510,1,2,1,1,2,387,4544329,51600,690,4,1,1,0,1,0,0,0,1,0,1,99,0
201600049374,16,8,25,1910,1,2,1,1,1,387,4544222,449373,690,4,2,2,0,1,1,0,75,1,0,1,0,0
201600049377,16,8,27,200,5,2,1,1,2,383,4545109,451119,690,4,1,1,0,0,0,0,0,0,0,1,0,0
201600049390,16,8,31,1425,1,2,2,1,3,388,4543496,453151,690,4,2,3,3,1,1,0,0,1,0,1,0,0
201600049400,16,9,2,1845,1,2,1,1,3,259,4568863,486163,690,4,2,0,0,1,1,0,0,1,0,1,0,0
201600049406,16,9,8,1245,1,2,1,1,2,387,4575076,484891,690,4,1,1,1,1,1,0,0,1,0,1,0,0
201600049409,16,9,8,1615,1,2,2,1,1,387,4574888,484151,690,4,1,1,0,1,1,0,0,1,0,1,0,0
201600049412,16,9,10,1700,1,2,2,1,3,387,4543344,450154,690,3,3,4,0,1,1,0,200,1,0,1,99,0
201600049413,16,9,9,1810,1,2,1,1,6,387,4544382,450052,690,4,2,3,0,1,1,0,110,1,0,1,99,0
201600049415,16,9,12,1615,1,2,2,1,3,387,4544560,450292,690,4,1,1,0,1,1,0,70,1,0,1,0,0
201600049429,16,9,19,1740,1,2,2,1,1,387,4575158,485370,690,4,1,0,3,1,1,0,0,1,0,1,0,0
201600049431,16,9,20,1730,1,2,2,1,3,388,4573600,488300,690,4,2,2,2,1,1,0,0,1,0,1,0,0
201600049433,16,9,21,1355,1,2,1,1,5,387,4575560,483993,690,4,1,0,0,1,1,0,0,1,0,1,99,0
201600049440,16,9,23,1900,1,2,2,1,3,388,4573256,486489,690,4,3,2,1,1,1,0,0,1,0,1,99,0
201600049445,16,9,25,1900,2,1,1,2,2,387,4574385,485250,690,4,2,3,0,1,1,0,0,2,0,1,0,0
201600049455,16,9,29,1000,1,2,1,1,3,388,4574482,485156,690,4,2,4,0,2,2,0,0,1,0,1,99,0
201600049457,16,9,29,1655,1,2,3,1,3,387,4573949,485187,690,4,1,0,0,1,1,0,0,1,0,0,0,0
201600049458,16,9,29,1750,1,2,2,1,3,388,4572801,488239,690,4,2,2,1,1,1,0,0,1,0,1,3,0
201600049465,16,10,1,1015,1,2,1,2,6,387,4574300,485300,690,4,3,4,0,1,2,0,0,2,0,1,0,0
201600049473,16,10,4,940,1,2,2,1,6,387,4574500,484100,690,4,3,0,0,1,1,0,0,1,0,1,99,0
201600049474,16,10,4,1000,1,2,1,1,6,388,4573165,486519,690,4,1,0,0,1,1,0,0,1,0,1,0,0
201600049484,16,10,6,1930,2,2,2,1,3,387,4573279,482983,690,4,2,2,0,1,1,0,0,0,0,1,0,0
201600049485,16,10,5,1810,1,2,2,1,6,388,4573798,487168,690,4,2,2,0,1,1,0,0,1,0,1,0,0
201600049493,16,10,10,1605,1,2,3,1,5,388,4573538,485320,690,4,1,1,0,0,0,0,0,0,0,1,0,0
201600049495,16,10,11,1432,1,2,3,1,6,388,4572916,486760,690,4,0,0,0,1,1,0,0,1,0,0,0,0
201600049497,16,10,12,825,1,2,1,1,6,388,4573773,486206,690,4,2,2,0,1,1,0,70,1,0,1,99,0
201600049506,16,10,17,1545,1,2,1,1,3,387,4574418,484131,690,6,0,0,0,1,1,0,0,1,2,1,99,0
201600049510,16,10,19,2140,5,2,4,1,3,383,4575265,486582,690,4,2,1,0,1,0,0,0,1,0,1,0,0
201600049528,16,10,28,119,5,2,1,1,3,388,4573902,486653,690,4,2,3,3,1,1,50,96,1,5,1,0,0
201600049531,16,10,31,1445,1,2,1,1,4,387,4573900,485000,690,4,1,0,0,1,2,0,60,1,0,1,99,0
201600049532,16,11,1,400,5,2,1,1,6,387,4574273,484742,690,4,1,1,1,1,2,0,35,1,0,1,0,0
201600049535,16,11,4,700,1,2,1,1,3,387,4574344,484099,690,4,0,4,1,1,1,0,54,1,0,0,99,0
201600049544,16,11,9,1240,1,2,1,2,2,386,4858600,577110,690,4,1,1,0,1,1,0,0,2,2,1,99,0
201600049545,16,11,10,1830,5,2,1,2,3,387,4575256,483535,690,4,1,4,0,1,1,0,150,2,0,1,0,0
201600049547,16,11,15,1330,1,2,1,1,1,387,4574516,484198,690,4,1,0,0,1,1,0,0,1,0,1,0,0
201600049553,16,11,19,430,5,2,3,1,5,387,4574523,484203,690,4,0,0,0,1,1,0,0,0,0,0,0,0
201600049556,16,11,19,2040,5,2,1,1,7,383,4575679,484068,690,4,1,3,0,1,1,0,0,1,0,1,0,0
201600049573,16,11,28,935,1,2,3,8,5,388,4573446,487587,690,4,1,1,0,0,0,0,0,0,0,1,0,0
201600049583,16,11,30,915,1,2,1,1,7,387,4575074,484412,690,4,1,0,0,1,1,0,0,1,0,1,0,0
201600049587,16,12,1,1815,5,1,2,1,3,388,4573214,486763,690,3,2,0,0,1,1,0,0,1,0,0,0,0
201600049589,16,12,2,1150,1,2,3,1,6,388,4574300,487500,690,4,1,2,3,1,1,0,0,1,0,1,0,0
201600049590,16,12,3,550,5,2,3,1,3,388,4573980,487415,690,4,1,0,0,1,1,0,0,1,0,0,0,0
201600049596,16,12,6,800,1,2,1,1,6,387,4573000,483000,690,4,2,0,0,1,1,0,70,1,0,1,99,0
201600049600,16,12,7,1240,1,2,1,1,6,386,4577179,485507,690,4,1,2,3,1,2,0,0,1,0,1,0,1
201600049611,16,12,14,1530,1,2,1,1,6,388,4573517,488976,690,4,2,3,0,1,1,0,0,1,0,1,0,0
201600049623,16,12,23,1430,1,2,3,1,3,387,4573100,482800,690,4,2,0,3,1,1,0,0,0,0,1,99,0
201600049633,16,12,31,315,5,2,1,1,3,383,4576362,485491,690,4,2,3,0,1,1,0,0,1,0,1,0,0
201600049635,16,1,1,655,3,1,1,1,6,162,4486674,65015,330,1,2,2,0,1,4,0,70,1,0,1,0,0
201600049638,16,1,2,1315,1,1,1,2,4,23,4468978,49348,330,1,3,2,0,1,1,30,100,2,0,1,99,0
201600049639,16,1,2,1525,1,1,1,2,6,63,4488601,56544,330,1,1,1,0,2,2,0,35,2,3,1,99,0
201600049640,16,1,2,1920,5,1,1,2,4,63,4488270,55149,330,1,3,3,0,1,1,0,105,2,2,1,99,0
201600049641,16,1,3,210,5,1,1,2,6,535,4483024,50151,330,2,3,2,0,2,2,10,105,2,3,1,99,0
201600049642,16,1,3,800,2,1,1,8,6,122,4474810,69817,330,1,3,4,0,1,1,100,140,1,0,1,99,0
201600049643,16,1,3,1450,1,1,1,2,6,75,4488994,61584,330,1,1,1,0,1,3,10,30,2,3,1,99,0
201600049644,16,1,3,2250,5,1,1,3,6,318,4478885,62299,330,1,3,3,0,1,3,10,105,3,3,2,99,0
201600049645,16,1,5,1235,1,1,1,2,5,39,4479928,53649,330,1,3,4,0,1,1,20,350,2,3,1,99,0
201600049646,16,1,5,1640,1,1,1,2,6,65,4481003,52320,330,2,3,6,0,3,1,15,210,2,2,1,99,0
201600049647,16,1,5,2040,5,1,1,2,6,249,4487296,50673,330,2,0,1,3,1,1,0,0,2,0,0,99,0
201600049648,16,12,27,940,1,1,1,1,2,249,4487222,50592,330,2,3,6,0,1,1,10,210,1,0,1,0,0
201600049649,16,1,5,2200,5,1,1,3,5,39,4479032,54077,330,1,3,6,0,1,2,15,210,2,0,1,99,0
201600049650,16,1,6,1250,1,1,1,3,1,143,4496568,43923,330,1,3,6,0,2,1,15,210,2,0,1,99,0
201600049651,16,1,6,1250,1,1,1,2,5,143,4496568,43923,330,1,3,6,0,2,1,15,210,2,0,1,99,0
201600049652,16,1,7,1340,1,1,1,1,6,167,4483007,50164,330,2,3,3,0,2,3,10,105,2,0,1,99,0
201600049653,16,1,7,1500,1,1,1,8,4,192,4478977,60632,330,1,3,6,0,1,1,20,210,2,0,1,99,0
201600049654,16,1,7,2350,5,1,1,3,1,192,4478663,59697,330,1,3,4,0,1,1,10,140,3,0,2,99,1
201600049655,16,1,8,1805,5,1,1,2,2,63,4488267,55132,330,1,3,6,0,2,1,10,210,2,2,1,99,0
201600049656,16,1,16,830,2,1,1,2,6,448,4470577,50846,330,1,3,4,0,1,1,40,140,2,0,1,99,0
201600049657,16,1,10,1430,1,1,1,3,6,249,4488470,51529,330,1,3,1,0,2,2,0,70,2,3,1,99,0
201600049658,16,1,13,1945,3,1,1,2,1,474,4466636,46562,330,1,3,4,0,1,1,20,140,2,0,1,99,0
201600049659,16,1,14,1020,1,1,1,2,3,39,4480243,53279,330,1,3,7,0,1,1,10,245,2,0,1,99,0
201600049660,16,1,14,1900,1,1,1,1,3,13,4486326,50400,330,2,3,6,0,1,1,10,210,2,0,1,99,0
201600049661,16,1,15,1230,1,1,1,1,3,249,4487432,50727,330,2,1,3,0,1,1,10,75,1,0,1,99,0
201600049662,16,1,16,2340,5,1,1,1,2,80,4473937,53501,330,1,3,4,0,1,1,10,105,1,0,1,99,0
201600049663,16,1,18,720,5,1,1,2,2,249,4487168,50627,330,2,3,6,0,1,1,10,210,2,0,1,99,0
201600049664,16,1,18,1825,5,1,1,2,6,550,4478346,58871,330,1,3,3,0,1,1,0,105,2,0,1,99,0
201600049665,16,1,18,2225,4,1,1,2,6,119,4486558,50404,330,2,3,2,0,4,3,10,70,2,0,3,99,0
201600049666,16,1,19,800,1,1,1,1,3,162,4487216,64084,330,1,3,4,0,2,1,50,140,2,0,1,99,0
201600049667,16,1,19,835,2,1,1,2,7,80,4475194,54226,330,1,3,4,0,1,1,25,140,2,0,1,99,0
201600049668,16,1,19,1050,1,1,1,2,2,249,4487988,53671,330,1,3,3,0,2,1,10,210,2,2,1,99,0
201600049669,16,1,21,1045,1,1,1,5,4,167,4483007,50164,330,2,3,6,0,2,1,10,210,1,0,1,99,0
201600049670,16,1,21,1335,1,1,1,5,2,13,4484785,50300,330,2,3,6,0,1,1,20,210,1,0,1,99,0
201600049671,16,1,22,2000,5,1,1,3,2,318,4478901,62113,330,1,3,6,0,1,1,10,200,2,3,1,99,0
201600049672,16,1,26,1620,1,1,1,1,5,39,4479077,54071,330,1,3,6,0,1,1,10,315,1,0,1,99,0
201600049673,16,1,27,2010,3,1,1,1,5,281,4485535,66394,330,1,1,4,0,1,1,50,70,1,3,1,99,0
201600049674,16,1,28,440,3,1,1,1,6,90,4476798,66699,330,1,3,4,0,1,1,0,70,1,0,1,99,0
201600049675,16,1,30,2005,3,1,1,3,2,122,4473163,72415,330,1,3,4,0,1,1,0,140,2,0,1,99,0
201600049676,16,1,30,2020,5,1,1,2,1,65,4481375,52078,330,2,3,3,0,1,1,10,105,2,0,1,99,0
201600049677,16,1,31,220,3,1,1,3,6,281,4484299,67303,330,1,3,4,0,1,1,100,170,2,0,1,99,0
201600049678,16,1,31,1420,1,1,1,2,6,162,4485753,66240,330,1,1,1,0,1,3,0,45,2,3,1,99,0
201600049679,16,1,31,1820,3,1,1,2,4,23,4468981,49356,330,1,3,4,0,1,1,40,140,2,0,1,99,0
201600049680,16,2,1,850,1,1,1,2,2,550,4476429,54876,330,1,3,4,0,1,1,25,70,2,0,1,99,0
201600049681,16,2,1,850,1,1,1,2,2,39,4480382,53255,330,2,3,4,0,2,2,10,70,2,3,1,99,0
201600049682,16,2,3,725,3,1,1,2,7,167,4483857,50110,330,2,3,3,0,2,1,0,105,2,0,1,0,0
201600049683,16,2,5,1100,1,1,1,1,6,397,4492168,47471,330,1,3,6,0,1,1,20,210,1,0,1,99,0
201600049684,16,2,5,1718,1,1,1,1,2,550,4476424,54889,330,1,3,4,0,1,3,0,140,1,0,1,99,0
201600049685,16,2,8,930,1,1,1,2,2,249,4488117,51060,330,2,3,8,0,1,1,20,280,1,0,1,99,0
201600049686,16,2,9,705,5,1,1,3,2,63,4488116,51060,330,1,3,6,1,2,1,10,180,2,2,1,99,0
201600049687,16,2,12,800,2,1,1,2,3,249,4487990,53679,330,1,3,6,0,2,1,5,210,2,2,1,99,0
201600049688,16,2,14,150,5,1,1,1,6,96,4489430,49866,330,1,3,4,0,1,1,0,140,0,0,0,0,0
201600049689,16,2,14,808,2,1,1,1,6,13,4486112,50422,330,2,3,4,0,1,1,15,140,0,0,0,0,0
201600049690,16,2,14,1004,1,1,1,1,6,192,4478678,62571,330,1,3,4,0,1,3,150,70,2,0,1,99,0
201600049691,16,2,14,1620,1,1,1,2,6,318,4478718,62494,330,1,3,6,0,1,2,10,210,2,0,1,99,0
201600049692,16,2,15,1635,1,1,1,1,6,96,4489288,50019,330,1,3,3,0,1,1,0,105,1,0,1,99,0
201600049693,16,2,18,1535,1,1,1,1,6,281,4485752,66241,330,1,3,4,0,1,1,20,140,0,3,1,99,0
201600049694,16,2,21,235,5,1,1,2,6,167,4484489,50178,330,2,3,3,0,2,2,0,100,2,0,2,99,0
201600049695,16,2,21,2045,5,1,1,1,6,63,4488200,54777,330,1,3,3,0,1,1,0,100,1,2,1,99,0
201600049696,16,2,22,735,2,1,1,1,3,122,4475775,68349,330,1,3,2,0,1,1,0,110,1,3,1,99,0
201600049697,16,2,23,1400,1,1,1,2,6,281,4485753,66240,330,1,3,4,0,2,3,60,130,2,3,1,0,0
201600049698,16,2,26,1325,1,1,1,1,6,75,4488895,59549,330,1,3,4,0,1,1,0,140,1,2,1,0,0
201600049699,16,2,27,1647,1,1,1,1,6,249,4488481,51526,330,1,1,2,0,2,2,0,70,2,3,1,99,0
201600049700,16,3,3,823,1,1,1,1,5,39,4480643,52864,330,2,3,3,0,1,1,0,210,2,2,1,99,0
201600049701,16,3,3,2102,3,1,1,2,1,122,4475588,68636,330,1,3,2,0,1,1,0,70,2,0,1,99,0
201600049702,16,3,4,850,1,1,1,2,7,39,4480146,53467,330,1,0,0,0,1,1,40,180,2,0,1,99,0
201600049703,16,3,4,1515,1,1,1,2,5,162,4487060,64353,330,1,3,4,0,1,1,60,140,2,0,1,99,0
201600049704,16,3,4,1850,1,1,1,2,3,550,4477872,55282,330,1,3,2,0,1,1,20,105,0,0,1,99,0
201600049705,16,3,5,1000,1,1,1,1,1,162,4485777,66218,330,1,3,4,0,1,1,90,215,2,0,1,0,0
201600049706,16,3,6,1630,1,1,1,1,4,75,4488663,62121,330,1,3,4,0,1,3,50,140,1,0,1,0,0
201600049707,16,3,6,2010,5,1,1,1,1,249,4487810,50939,330,2,3,3,0,1,1,20,105,1,0,1,99,0
201600049708,16,3,7,835,1,1,1,1,4,122,4475525,68732,330,1,3,4,0,1,1,100,140,2,0,1,0,0
201600049709,16,3,8,720,3,1,1,1,2,448,4471708,51973,330,1,3,4,0,1,1,30,140,0,0,1,0,0
201600049710,16,3,11,1140,1,1,1,1,2,162,4486726,64924,330,1,3,2,0,1,1,50,140,1,0,1,99,0
201600049711,16,3,14,710,1,1,1,1,4,63,4488156,54540,330,1,3,6,0,2,1,10,190,1,2,1,99,0
201600049712,16,3,14,1010,1,1,1,1,6,366,4501426,43068,330,1,0,6,0,1,3,0,210,1,0,0,0,0
201600049713,16,3,15,743,1,1,1,1,4,249,4488978,50354,330,1,3,6,0,1,1,40,210,1,0,1,99,0
201600049714,16,3,17,1250,1,1,1,1,3,39,4480673,52819,330,2,3,6,0,3,1,20,210,1,2,1,99,0
201600049715,16,3,19,230,3,1,1,1,6,80,4473166,53059,330,1,3,2,0,1,1,10,140,0,0,1,99,0
201600049716,16,3,2,1650,1,1,1,2,2,162,4488664,62121,330,1,3,4,0,1,1,10,140,2,0,1,99,0
201600049717,16,3,21,820,1,1,1,1,2,249,4487248,50656,330,2,3,6,0,1,1,20,210,1,0,1,99,0
201600049718,16,3,22,1800,1,1,1,1,4,122,4475398,68924,330,1,3,4,0,1,1,100,140,1,0,1,99,0
201600049719,16,3,23,1000,1,1,1,1,3,167,4484231,50149,330,2,3,6,0,1,1,10,210,1,3,1,99,0
201600049720,16,3,24,720,1,1,1,1,2,80,4473712,53390,330,1,3,4,0,1,1,35,140,1,0,1,99,0
201600049721,16,3,25,2045,5,1,1,2,2,13,4484750,50285,330,2,3,6,0,1,1,10,200,2,0,1,99,0
201600049722,16,3,26,1050,1,1,1,1,3,143,4495862,44698,330,1,3,6,0,4,2,10,210,1,0,1,99,0
201600049723,16,3,29,1630,1,1,1,1,2,122,4475161,69284,330,1,3,4,0,1,1,100,140,1,0,1,99,0
201600049724,16,4,1,2000,1,1,1,1,6,487,4494215,46609,330,1,3,6,0,1,1,10,210,1,0,1,99,0
201600049725,16,4,4,1850,1,1,1,1,2,119,4486174,50416,330,2,3,6,0,1,1,10,210,2,0,1,99,0
201600049726,16,4,7,820,1,1,1,1,3,487,4495336,45722,330,1,3,6,0,2,1,20,210,1,2,1,0,0
201600049727,16,4,8,700,2,1,1,1,2,167,4482311,51239,330,2,3,4,0,3,1,15,140,1,0,1,99,0
201600049728,16,4,12,1700,1,1,1,2,2,192,4478611,59567,330,1,3,6,0,1,1,10,340,2,0,1,99,0
201600049729,16,4,20,1155,1,1,1,1,3,63,4488607,56567,330,1,3,3,0,1,1,0,115,1,3,1,0,0
201600049730,16,4,25,810,1,1,1,1,5,448,4470619,50886,330,1,3,4,0,1,1,10,140,1,2,1,99,0
201600049731,16,4,26,750,1,1,1,2,5,162,4487924,62844,330,1,3,4,0,1,1,100,140,2,3,1,99,0
201600049732,16,4,27,730,1,1,1,1,2,281,4483915,67561,330,1,3,4,0,1,1,20,140,1,0,1,99,0
201600049733,16,4,29,1245,1,1,1,1,2,39,4480508,53071,330,2,3,8,0,1,1,15,280,1,0,1,99,0
201600049734,16,4,29,1640,1,1,1,1,7,318,4478885,62299,330,1,3,8,0,1,1,20,280,1,3,1,99,0
201600049735,16,4,30,1344,1,1,1,6,2,550,4478091,58002,330,1,3,6,0,1,1,10,210,1,0,1,99,0
201600049736,16,5,3,930,1,1,1,1,6,192,4478641,62643,330,1,3,8,0,1,1,50,280,1,0,1,99,0
201600049737,16,5,3,1344,1,1,1,1,2,281,4481347,67249,330,1,3,4,0,1,1,10,140,1,0,1,99,0
201600049738,16,5,3,2150,3,1,1,1,4,550,4477984,57522,330,1,3,6,0,1,1,10,210,1,0,1,99,0
201600049739,16,5,4,1640,1,1,1,1,3,249,4488481,51525,330,1,1,2,0,2,2,0,70,1,3,1,99,0
201600049740,16,5,5,1000,1,1,1,1,6,192,4478167,63501,330,1,3,6,0,1,1,10,210,1,0,1,99,0
201600049741,16,5,5,1055,1,1,1,1,6,397,4491079,48688,330,1,3,6,0,1,1,10,210,1,0,1,0,0
201600049742,16,5,5,1110,1,1,1,1,4,550,4477348,55627,330,1,3,2,0,1,1,5,75,1,0,1,99,0
201600049743,16,5,6,1900,1,1,1,1,6,122,4474881,68710,330,1,3,4,0,1,1,100,140,1,0,1,99,0
201600049744,16,5,9,1235,1,1,1,2,5,162,4485753,66240,330,1,3,6,0,1,1,15,210,2,3,1,0,1
201600049745,16,5,9,1255,1,1,1,1,6,39,4479417,53969,330,1,3,6,0,1,2,15,220,2,3,1,99,0
201600049746,16,5,10,815,1,1,1,1,4,90,4476360,67455,330,1,3,4,0,1,1,70,140,1,0,1,99,0
201600049747,16,5,13,110,5,1,1,1,6,550,4478271,58647,330,1,3,6,0,1,1,10,210,1,3,1,99,0
201600049748,16,5,15,300,3,1,1,1,2,318,4479920,64447,330,1,3,6,0,1,2,10,210,1,0,1,99,0
201600049749,16,5,18,55,5,1,1,1,7,39,4479417,53969,330,1,1,2,0,1,3,0,35,1,3,1,99,0
201600049750,16,5,18,1735,1,1,1,1,2,39,4480691,52791,330,2,3,6,0,1,1,0,210,1,0,1,99,0
201600049751,16,5,18,1730,1,1,1,1,4,249,4487876,53000,330,1,3,7,0,1,1,20,255,1,3,1,0,0
201600049752,16,5,20,745,1,1,1,2,6,63,4488245,55014,330,1,3,1,0,3,2,0,35,2,3,1,99,0
201600049753,16,5,20,850,1,1,1,1,5,90,4476508,67214,330,1,3,4,0,1,1,100,140,1,0,1,99,0
201600049754,16,5,27,45,5,1,1,1,6,550,4478263,58624,330,1,3,4,0,1,1,0,140,1,0,1,99,0
201600049755,16,5,27,1545,1,1,1,1,2,65,4481128,52196,330,2,3,6,0,1,1,20,210,1,2,1,99,0
201600049756,16,5,31,1705,1,1,1,1,6,249,4487176,50632,330,2,3,6,0,1,1,20,210,1,0,1,99,0
201600049757,16,6,1,905,1,1,1,3,3,249,4488152,52327,330,1,3,3,0,3,1,5,105,2,0,1,3,0
201600049758,16,6,2,1450,1,1,1,1,3,39,4480146,53467,330,1,3,8,0,1,1,20,280,1,0,1,0,0
201600049759,16,6,2,1705,1,1,1,1,4,162,4487839,62993,330,1,3,4,0,1,1,50,140,1,0,1,99,0
201600049760,16,6,3,1800,1,1,1,1,5,397,4491335,48168,330,1,3,6,0,1,1,20,210,1,0,1,99,0
201600049761,16,6,4,1315,1,1,1,1,2,281,4483213,67648,330,1,3,4,0,1,1,50,140,1,0,1,99,0
201600049762,16,6,5,510,3,1,1,1,2,281,4482404,67457,330,1,3,4,0,1,1,15,140,1,0,1,99,0
201600049763,16,6,8,2350,5,1,1,1,2,281,4482715,67525,330,1,3,4,0,1,1,0,140,1,0,1,3,0
201600049764,16,6,7,1420,1,1,1,1,5,249,4488779,50539,330,1,3,7,0,1,1,0,245,1,0,1,99,0
201600049765,16,6,10,1435,1,1,1,2,2,192,4475830,62854,330,1,3,6,0,1,1,0,210,2,0,2,99,0
201600049766,16,6,10,1625,1,1,1,2,6,550,4476189,54748,330,1,3,4,0,1,1,50,140,2,0,1,99,0
201600049767,16,6,13,850,1,1,1,2,5,23,4468755,49237,330,1,3,4,0,1,1,20,140,2,0,1,99,0
201600049768,16,6,17,910,1,1,1,2,3,167,4484285,50154,330,2,3,6,0,3,2,0,210,2,3,1,99,0
201600049769,16,6,16,735,1,1,1,2,2,192,4478468,59212,330,1,3,6,0,1,1,20,280,2,0,1,99,0
201600049770,16,6,16,1235,1,1,1,1,6,192,4477966,63982,330,1,3,6,0,1,1,10,210,1,0,1,99,0
201600049771,16,6,17,810,1,1,1,2,4,96,4489977,49438,330,1,3,6,0,1,1,10,210,2,0,1,99,0
201600049772,16,6,17,1455,1,1,1,8,3,162,4486839,64730,330,1,3,4,0,1,1,50,140,2,0,1,99,0
201600049773,16,6,18,10,3,1,1,3,6,318,4480204,65869,330,1,3,6,0,1,1,10,210,2,0,2,99,0
201600049774,16,6,18,10,5,1,1,3,2,119,4485557,50509,330,2,3,4,0,1,3,10,220,2,0,1,99,0
201600049775,16,6,21,1030,1,1,1,1,6,39,4480613,53192,330,1,3,4,0,1,3,30,120,1,0,1,99,0
201600049776,16,6,22,1800,1,1,1,1,2,75,4488996,60965,330,1,3,4,0,1,1,50,140,1,0,1,99,0
201600049777,16,6,23,740,1,1,1,1,2,162,4486279,65655,330,1,3,4,0,1,3,100,140,1,0,1,99,0