Num_Acc,an,mois,jour,hrmn,lum,agg,int,atm,col,com,lat,long,dep,catr,circ,nbv,vosp,prof,plan,lartpc,larrout,surf,infra,situ,env1,killed
201600049778,16,6,23,1108,1,1,1,1,4,39,4480068,53533,330,1,3,4,0,1,1,20,140,1,0,1,99,0
201600049779,16,6,24,1940,1,1,1,1,2,192,4478936,61675,330,1,3,6,0,1,1,10,210,2,0,1,99,0
201600049780,16,6,26,1705,1,1,1,1,7,249,4488480,51529,330,1,1,2,0,2,3,0,70,1,3,1,99,0
201600049781,16,6,27,2345,3,1,1,1,2,122,4472901,72798,330,1,3,4,0,1,1,70,140,1,0,3,99,0
201600049782,16,6,28,850,1,1,1,1,5,281,4483391,67661,330,1,3,6,0,1,1,10,105,1,0,1,99,0
201600049783,16,6,28,1806,1,1,1,1,3,550,4478206,58436,330,1,3,6,0,1,1,10,210,1,0,1,99,0
201600049784,16,6,28,1943,1,1,1,1,6,192,4478936,61675,330,1,3,6,0,1,1,20,210,1,0,1,99,0
201600049785,16,6,29,630,1,1,1,1,6,162,4485753,66240,330,1,3,4,0,0,0,0,0,0,0,1,0,0
201600049786,16,6,30,1450,1,1,1,1,6,143,4495590,45201,330,1,3,6,0,2,1,50,210,1,0,1,99,0
201600049787,16,6,30,1625,1,1,1,1,2,75,4488663,62121,330,1,3,4,0,2,3,100,140,1,0,1,99,0
201600049788,16,7,2,430,5,1,1,1,6,122,4472841,72885,330,1,3,4,0,1,1,50,140,1,0,1,99,0
201600049789,16,7,3,1305,1,1,1,1,6,162,4486657,65043,330,1,2,7,0,2,2,0,175,1,0,1,0,0
201600049790,16,7,3,1840,1,1,1,1,2,96,4490750,49110,330,1,3,6,0,1,1,10,150,1,0,1,0,0
201600049791,16,7,6,1900,1,1,1,1,4,39,4480865,52525,330,2,3,4,0,2,1,0,80,1,2,1,99,0
201600049792,16,7,11,1040,1,1,1,1,3,39,4480875,52510,330,2,3,6,0,1,1,0,105,1,2,1,99,0
201600049793,16,7,13,1025,1,1,1,1,3,192,4478828,60053,330,1,3,8,0,1,1,20,280,1,0,1,99,0
201600049794,16,7,13,1625,1,1,1,1,2,281,4482855,67562,330,1,3,7,0,1,1,5,175,1,0,1,99,1
201600049795,16,7,14,1615,1,1,1,1,2,39,4480913,53247,330,1,3,7,0,1,1,20,245,1,0,1,99,0
201600049796,16,7,15,1115,1,1,1,1,4,3,4492659,47158,330,1,3,6,0,1,1,10,210,1,0,1,99,0
201600049797,16,7,16,745,1,1,1,1,2,143,4495539,45305,330,1,3,6,0,4,0,30,210,1,0,1,99,0
201600049798,16,7,21,2245,5,1,1,1,3,65,4480842,52560,330,2,3,6,0,1,1,10,210,1,2,1,99,0
201600049799,16,7,18,915,1,1,1,1,5,96,4489003,50327,330,1,3,6,0,1,1,20,210,1,0,1,99,0
201600049800,16,7,22,1210,1,1,1,1,4,550,4477791,55722,330,1,3,9,0,1,1,20,315,1,3,1,99,0
201600049801,16,7,25,915,1,1,1,1,5,249,4488508,50929,330,1,3,8,0,1,3,10,280,1,0,1,99,0
201600049802,16,7,28,1930,1,1,1,1,4,192,4478906,60276,330,1,3,6,0,1,1,10,280,1,0,1,99,0
201600049803,16,7,28,2005,1,1,1,1,4,318,4478786,63524,330,1,3,6,0,1,1,25,280,1,0,1,99,0
201600049804,16,8,2,1830,1,1,1,1,5,550,4477771,55862,330,1,3,3,0,2,0,10,35,1,0,1,0,0
201600049805,16,8,4,1800,1,1,1,1,2,96,4489145,50173,330,1,3,6,0,1,1,10,210,1,0,1,99,0
201600049806,16,8,4,1915,1,1,1,2,6,281,4485753,66240,330,1,3,0,0,1,1,50,250,2,0,1,0,0
201600049807,16,8,4,2030,1,1,1,2,6,63,4488601,56543,330,1,3,3,0,1,3,0,35,2,0,1,0,0
201600049808,16,8,5,1520,1,1,1,1,4,122,4472219,73663,330,1,3,4,0,1,1,250,140,1,0,1,99,0
201600049809,16,8,5,1830,1,1,1,1,5,96,4489650,49644,330,1,3,6,0,1,1,15,280,1,0,1,99,0
201600049810,16,8,6,1725,1,1,1,1,2,96,4489650,49644,330,1,3,6,0,1,3,0,210,0,0,1,0,0
201600049811,16,8,12,1015,1,1,1,1,3,192,4478134,63578,330,1,0,4,0,1,1,50,140,1,0,1,99,0
201600049812,16,8,14,1000,1,1,1,1,4,96,4489805,49530,330,1,3,8,0,1,1,10,210,1,0,1,99,0
201600049813,16,8,16,840,1,1,1,1,2,192,4478608,62707,330,1,3,6,0,1,1,20,210,1,0,1,99,0
201600049814,16,8,12,1530,1,1,1,1,4,318,4478717,62494,330,1,3,4,0,1,1,15,140,1,0,1,99,0
201600049815,16,8,18,1700,1,1,1,1,4,281,4482385,67452,330,1,3,4,0,1,1,0,140,1,0,1,99,0
201600049816,16,8,19,800,1,1,1,1,3,63,4488740,57376,330,1,3,4,0,1,3,70,140,1,3,1,99,0
201600049817,16,8,19,1015,1,1,1,1,4,122,4475398,68924,330,1,3,4,0,1,1,150,140,1,0,1,99,0
201600049818,16,8,20,1605,1,1,1,1,4,96,4489892,49478,330,1,3,6,0,1,1,20,210,1,0,1,0,0
201600049819,16,8,22,1810,1,1,1,1,2,143,4496568,43922,330,1,3,6,0,1,1,15,210,1,0,1,99,0
201600049820,16,8,21,2015,1,1,1,1,4,122,4474260,70756,330,1,3,4,0,1,1,140,140,1,0,1,99,0
201600049821,16,8,23,2340,3,1,1,1,7,80,4475203,54250,330,1,3,4,0,1,1,15,140,1,0,1,99,0
201600049822,16,8,23,1630,1,1,1,1,4,122,4475398,68924,330,1,3,4,0,1,1,140,140,1,0,1,99,0
201600049823,16,8,25,2115,1,1,1,1,1,63,4488774,57845,330,1,3,1,0,1,1,0,0,1,0,1,99,0
201600049824,16,8,26,1730,1,1,1,1,2,318,4478885,62299,330,1,3,6,0,1,1,15,210,1,0,1,99,0
201600049825,16,8,31,1710,1,1,1,1,4,75,4488878,59306,330,1,3,4,0,1,1,150,140,1,0,1,99,0
201600049826,16,9,2,1610,1,1,1,1,2,96,4490238,49343,330,1,3,6,0,1,1,20,210,1,0,1,99,0
201600049827,16,9,3,1430,1,1,1,1,2,249,4488062,52462,330,1,3,6,0,1,1,10,210,1,0,1,99,0
201600049828,16,9,4,2315,5,1,1,1,2,366,4499065,42721,330,1,3,1,0,1,1,10,35,1,0,1,99,0
201600049829,16,9,6,835,1,1,1,1,6,75,4488956,60416,330,1,3,4,0,1,1,70,140,1,0,1,99,0
201600049830,16,9,6,935,1,1,1,1,2,167,4482152,51605,330,2,3,6,0,1,1,10,210,1,0,1,99,0
201600049832,16,9,7,800,1,1,1,1,2,167,4484352,50156,330,2,3,6,0,2,1,10,210,1,0,1,99,0
201600049833,16,9,8,845,1,1,1,2,2,550,4477466,55676,330,1,3,4,0,1,1,40,140,2,0,1,99,0
201600049834,16,9,8,1745,1,1,1,1,2,3,4493369,46764,330,1,3,6,0,1,1,0,210,1,0,1,99,0
201600049835,16,9,8,2150,5,1,1,1,7,448,4471557,51851,330,1,3,4,0,1,1,0,140,1,0,1,99,0
201600049836,16,9,9,1245,1,1,1,1,5,13,4485208,50486,330,2,3,6,0,1,1,10,210,1,0,1,99,0
201600049837,16,9,9,1650,1,1,1,1,2,75,4488785,57988,330,1,3,6,0,1,1,35,210,1,0,1,99,0
201600049838,16,9,10,40,5,1,1,1,6,550,4477768,55884,330,1,1,2,0,2,1,0,70,1,0,1,99,0
201600049839,16,9,12,1525,1,1,1,1,6,167,4482956,50204,330,1,3,6,0,2,2,10,210,1,0,1,99,0
201600049840,16,9,13,1955,3,1,1,2,6,143,4495590,45202,330,1,3,6,0,1,1,50,300,2,0,1,99,0
201600049841,16,9,16,1607,1,1,1,2,4,281,4484300,67303,330,1,3,4,0,1,1,20,140,2,0,1,99,0
201600049842,16,9,16,1945,2,1,1,1,6,122,4473496,71965,330,1,3,4,0,1,1,100,140,1,0,2,99,0
201600049844,16,9,19,1620,1,1,1,1,5,39,4479504,53934,330,1,3,6,0,1,1,10,210,1,0,1,99,0
201600049845,16,9,19,1700,1,1,1,1,6,281,4483213,67649,330,1,3,1,0,1,3,0,35,1,0,1,99,0
201600049846,16,9,20,1838,1,1,1,1,4,249,4488481,51529,330,1,3,6,0,1,3,20,210,1,3,1,99,0
201600049847,16,9,21,2315,3,1,1,1,1,281,4484582,67089,330,1,1,1,0,2,1,0,40,1,0,1,99,0
201600049848,16,9,22,50,3,1,1,1,2,80,4474819,54011,330,1,3,4,0,1,1,15,140,1,0,1,99,0
201600049849,16,9,22,740,1,1,1,1,3,65,4481207,52134,330,2,3,6,0,2,2,10,210,1,3,1,99,0
201600049851,16,9,23,1825,1,1,1,1,3,162,4486924,64587,330,1,3,4,0,1,1,100,140,1,0,1,99,0
201600049852,16,9,26,903,1,1,1,1,6,162,4487043,64382,330,1,3,4,0,1,1,30,80,1,3,1,99,0
201600049853,16,9,28,1640,1,1,1,1,2,122,4474706,69982,330,1,0,4,0,1,1,150,140,1,0,0,99,0
201600049855,16,9,29,1457,1,1,1,1,3,366,4498674,42729,330,1,3,6,0,1,1,15,210,1,0,1,99,0
201600049856,16,9,29,1715,1,1,1,1,4,3,4492659,47158,330,1,3,6,0,1,1,15,210,1,0,1,99,0
201600049858,16,10,1,1940,1,1,1,1,2,550,4477819,55551,330,1,3,6,0,1,2,15,210,1,0,1,99,0
201600049859,16,10,1,2330,3,1,1,1,5,143,4497274,43378,330,1,3,6,0,1,1,15,210,1,0,1,0,0
201600049860,16,10,3,1005,1,1,1,1,3,119,4486022,50431,330,2,3,6,0,1,1,15,210,1,0,1,99,0
201600049861,16,10,6,710,2,1,1,1,2,397,4492332,47369,330,1,3,6,0,1,1,15,210,1,0,1,99,0
201600049862,16,10,7,445,5,1,1,1,2,249,4487918,52733,330,1,3,6,0,1,1,0,0,1,3,1,0,0
201600049863,16,10,8,1316,1,1,1,1,7,75,4489018,61403,330,1,3,4,0,1,1,15,140,1,0,1,99,0
201600049864,16,10,10,500,5,1,1,1,6,249,4487784,50899,330,2,3,6,0,1,1,15,210,1,0,1,99,0
201600049865,16,10,9,2105,5,1,1,1,6,550,4477766,55902,330,1,1,2,0,1,3,15,70,1,3,1,99,0
201600049866,16,10,10,1530,1,1,1,1,3,39,4479547,53916,330,1,3,6,0,1,1,15,245,1,0,1,0,0
201600049867,16,10,10,1447,1,1,1,1,7,39,4479866,53700,330,1,3,6,0,1,1,10,210,1,0,0,99,0
201600049868,16,10,12,850,1,1,1,1,3,162,4486839,64731,330,1,3,4,0,1,1,15,140,1,0,1,99,0
201600049869,16,10,12,1710,1,1,1,1,2,13,4486202,50412,330,2,3,6,0,1,1,15,210,1,0,1,0,0
201600049870,16,10,14,435,5,1,1,1,2,550,4478489,54203,330,1,3,6,0,1,1,10,140,1,0,1,99,0
201600049871,16,10,15,1945,5,1,1,1,2,63,4488277,55185,330,1,3,3,0,2,1,0,105,1,0,1,99,0
201600049872,16,10,16,45,3,1,1,1,6,281,4484755,66959,330,1,3,3,0,1,1,0,105,1,0,2,99,0
201600049873,16,10,17,45,5,1,1,1,2,192,4478544,59402,330,1,3,4,0,1,3,15,70,1,3,1,0,0
201600049875,16,10,17,830,1,1,1,2,2,550,4478560,54179,330,1,3,6,0,1,1,20,210,2,0,1,0,0
201600049876,16,10,17,1120,1,1,1,1,6,249,4488510,50946,330,1,3,10,0,1,2,130,270,2,0,1,0,0
201600049877,16,10,17,1120,1,1,1,2,3,249,4488504,50939,330,1,3,8,0,1,2,10,280,2,3,1,99,0
201600049878,16,10,17,1725,1,1,1,1,5,65,4480925,52434,330,2,3,6,0,1,1,10,240,1,0,1,99,0
201600049879,16,10,17,1845,1,1,1,1,2,318,4478971,64585,330,1,3,8,0,1,2,30,270,1,0,1,99,0
201600049880,16,10,17,1850,2,1,1,1,2,13,4484309,50155,330,2,3,2,0,2,2,0,70,1,3,1,0,0
201600049881,16,10,18,920,1,1,1,1,3,96,4489395,49904,330,1,3,6,0,1,1,10,220,1,0,1,0,0
201600049882,16,10,20,750,3,1,1,1,3,162,4487363,63892,330,1,1,4,0,1,1,50,140,1,0,1,0,0
201600049883,16,10,20,1335,1,1,1,1,3,550,4477821,55536,330,1,3,6,0,1,1,50,310,1,0,1,0,0
201600049884,16,10,20,1750,1,1,1,1,3,39,4480587,52950,330,2,3,6,0,2,1,0,105,1,0,1,99,0
201600049885,16,10,21,855,1,1,1,1,4,63,4488739,57360,330,1,3,4,0,1,1,35,140,1,0,1,0,0
201600049886,16,10,21,1225,1,1,1,1,2,318,4480638,66570,330,1,3,7,0,1,1,10,245,1,0,1,99,0
201600049887,16,10,24,800,2,1,1,1,2,550,4477901,55143,330,1,3,6,0,0,1,50,210,2,0,0,0,0
201600049888,16,10,27,2235,5,1,1,1,6,13,4485989,50434,330,2,3,6,0,2,1,0,210,1,0,1,0,0
201600049889,16,10,28,1700,1,1,1,1,4,39,4479591,53896,330,1,3,6,0,1,1,20,210,1,0,1,0,0
201600049891,16,10,28,2040,5,1,1,1,4,249,4487432,50727,330,2,3,6,0,1,1,10,180,1,0,1,0,0
201600049892,16,10,29,1803,1,1,1,1,6,63,4488176,54646,330,1,3,6,0,2,1,10,150,1,2,1,0,0
201600049893,16,10,31,1049,1,1,1,1,2,249,4487432,50727,330,2,3,8,0,1,1,35,280,1,0,1,0,0
201600049894,16,11,1,445,3,1,1,1,6,122,4474001,71201,330,1,1,2,0,1,1,80,70,1,0,1,0,0
201600049895,16,11,1,515,3,1,1,1,2,122,4474001,71201,330,1,3,4,0,1,1,80,140,1,0,1,99,0
201600049896,16,11,1,1840,2,1,1,1,3,366,4497949,43044,330,1,3,6,0,1,1,10,210,1,0,1,99,0
201600049897,16,11,3,455,3,1,1,1,6,366,4500869,42826,330,1,3,8,0,1,1,50,280,1,0,1,0,0
201600049898,16,11,3,725,1,1,1,1,4,249,4487212,50644,330,2,3,8,0,1,1,20,280,1,0,1,0,0
201600049899,16,11,3,740,1,1,1,1,3,80,4476010,54699,330,1,3,4,0,1,1,20,140,1,0,1,0,0
201600049900,16,11,3,850,1,1,1,1,6,397,4490585,49211,330,1,3,6,0,1,2,40,210,1,0,1,0,0
201600049901,16,11,3,930,1,1,1,1,2,448,4442476,31000,330,1,3,4,0,1,1,15,140,1,0,1,99,0
201600049902,16,11,3,1445,1,1,1,1,3,39,4479673,53841,330,1,3,6,0,1,1,15,210,1,0,1,99,0
201600049903,16,11,3,1940,5,1,1,1,5,550,4477748,56170,330,1,3,8,0,1,1,10,280,1,0,1,0,0
201600049904,16,11,4,810,2,1,1,5,3,162,4486949,64542,330,1,3,4,0,1,1,100,140,1,0,1,0,0
201600049905,16,11,6,1830,3,1,1,2,6,550,4478240,58555,330,1,0,1,0,3,3,0,45,2,0,1,0,0
201600049906,16,11,8,1955,4,1,1,2,6,249,4488197,52264,330,1,1,2,0,2,2,10,70,2,0,1,0,0
201600049907,16,11,8,2345,3,1,1,2,6,122,4475870,68205,330,1,3,2,0,1,1,100,70,2,0,1,0,0
201600049908,16,11,9,2100,5,1,1,2,6,397,4490750,49111,330,1,3,6,0,1,3,10,210,2,0,3,0,0
201600049909,16,11,10,1640,1,1,1,2,4,13,4486438,50394,330,2,3,6,0,1,1,10,210,2,0,1,0,0
201600049910,16,11,10,2030,5,1,1,2,6,23,4469858,50000,330,1,3,6,0,1,1,50,210,2,0,3,0,0
201600049911,16,11,11,935,1,1,1,1,6,167,4484218,50148,330,2,1,1,0,3,3,0,30,2,0,3,0,0
201600049912,16,11,12,1745,5,1,1,2,4,13,4485089,50438,330,2,3,6,0,1,0,15,210,2,0,1,99,0
201600049913,16,11,14,800,1,1,1,8,6,143,4496568,43923,330,1,2,6,0,1,1,10,210,1,0,2,0,0
201600049914,16,11,14,2225,3,1,1,1,6,122,4474415,70489,330,1,1,2,0,1,1,80,70,1,0,1,0,0
201600049915,16,11,17,710,4,1,1,1,4,550,4476317,54818,330,1,3,4,0,1,2,30,140,1,0,1,99,0
201600049916,16,11,17,740,5,1,1,1,2,249,4487432,50727,330,2,3,8,0,1,1,0,280,1,0,1,0,0
201600049917,16,11,17,845,1,1,1,1,6,162,4487870,62939,330,1,3,2,0,1,1,60,70,1,0,1,0,0
201600049918,16,11,18,715,5,1,1,1,3,249,4488035,52504,330,1,3,6,0,1,1,15,140,2,0,0,99,0
201600049919,16,11,18,835,1,1,1,2,3,65,4480739,52717,330,2,3,6,0,2,1,15,210,1,2,1,99,0
201600049920,16,11,20,635,5,1,1,1,2,249,4488136,51069,330,2,1,2,0,3,2,0,70,1,3,1,99,0
201600049921,16,11,20,1750,2,1,1,2,6,63,4488270,55149,330,1,3,5,0,1,1,100,175,2,0,1,0,0
201600049922,16,11,20,1900,4,1,1,1,6,39,4480685,52800,330,2,3,6,0,1,1,10,210,2,0,1,0,0
201600049923,16,11,21,815,1,1,1,1,2,122,4474830,69787,330,1,3,4,0,1,1,50,100,2,0,2,0,0
201600049924,16,11,21,845,2,1,1,2,3,90,4476972,66335,330,1,3,6,0,1,1,100,210,2,0,1,0,0
201600049925,16,11,22,905,1,1,1,2,5,75,4488089,62561,330,1,3,6,0,2,1,100,210,2,0,1,0,0
201600049926,16,11,23,1115,1,1,1,1,6,63,4488601,56544,330,1,0,2,0,0,3,0,70,2,0,1,0,0
201600049927,16,11,24,1845,5,1,1,1,3,550,4477986,57534,330,1,3,6,0,1,1,10,210,1,0,1,0,0
201600049928,16,11,25,740,3,1,1,1,5,143,4496790,43705,330,1,3,6,0,2,1,25,210,2,0,1,0,0
201600049929,16,11,26,1635,1,1,1,1,4,162,4487440,63694,330,1,3,4,0,1,1,100,140,1,0,1,0,0
201600049930,16,11,28,947,1,1,1,1,6,80,4472885,52871,330,1,3,4,0,1,1,50,140,1,0,1,0,0
201600049931,16,11,29,930,1,1,1,1,2,122,4475280,69104,330,1,3,6,0,1,1,35,210,1,0,1,99,0
201600049932,16,11,29,1850,5,1,1,1,4,90,4477825,64318,330,1,3,4,0,1,1,100,210,1,0,1,0,0
201600049933,16,11,30,1745,5,1,1,1,2,281,4484035,67493,330,1,3,6,0,1,1,0,280,1,0,1,0,0
201600049934,16,12,1,1830,3,1,1,1,4,318,4478778,63644,330,1,3,6,0,1,2,15,210,1,0,1,99,0
201600049935,16,12,2,1637,1,1,1,1,2,90,4476919,66451,330,1,3,4,0,1,1,50,140,1,0,1,0,0
201600049936,16,12,2,1938,3,1,1,1,4,90,4477460,65186,330,1,3,4,0,1,1,50,140,1,0,1,0,0
201600049937,16,12,5,720,3,1,1,1,4,143,4496568,43923,330,1,3,6,0,2,1,25,210,1,0,1,0,0
201600049938,16,12,5,1000,1,1,1,1,2,80,4473096,53014,330,1,3,4,0,1,1,20,210,1,0,1,99,0
201600049939,16,12,5,1050,1,1,1,1,2,39,4480382,53255,330,2,3,4,0,1,1,15,140,1,0,1,99,0
201600049940,16,12,5,1955,1,1,1,1,2,162,4487600,63413,330,1,3,4,0,1,1,40,210,1,0,1,99,0
201600049941,16,12,5,2200,3,1,1,1,2,122,4474767,69883,330,1,3,4,0,1,1,80,140,1,0,1,99,0
201600049943,16,12,6,1835,3,1,1,1,2,192,4478885,62299,330,1,3,6,0,1,3,10,210,1,0,1,99,0
201600049944,16,12,7,823,1,1,1,1,5,162,4487282,63971,330,1,3,4,0,1,1,100,140,1,0,1,99,0
201600049945,16,12,7,1900,5,1,1,1,2,13,4486438,50390,330,2,3,6,0,2,2,10,210,1,0,1,0,0
201600049947,16,12,9,1800,5,1,1,1,6,366,4501384,43046,330,1,3,8,0,1,3,15,280,1,3,1,99,0
201600049948,16,12,10,1400,1,1,1,1,5,63,4488058,54024,330,1,3,6,0,2,1,20,180,1,2,1,0,0
201600049949,16,12,10,1400,1,1,1,1,5,63,4488013,53798,330,1,3,6,0,2,1,10,200,1,2,1,99,0
201600049950,16,12,12,750,3,1,1,1,4,281,4484142,67425,330,1,3,6,0,1,1,10,210,1,0,1,99,0
201600049951,16,12,12,1830,5,1,1,1,2,39,4479504,53934,330,1,3,4,0,1,1,10,130,1,0,1,0,0
201600049952,16,12,13,600,3,1,1,5,2,122,4474532,70291,330,1,3,4,0,1,1,100,140,1,0,1,99,0
201600049953,16,12,15,1135,1,1,1,1,4,39,4479416,53969,330,1,3,8,0,1,1,40,280,1,0,1,99,0
201600049954,16,12,16,745,3,1,1,1,3,162,4487115,64258,330,1,3,4,0,1,1,80,140,1,0,1,99,0
201600049955,16,12,17,745,2,1,1,1,5,143,4495590,45201,330,1,3,6,0,3,1,0,210,1,2,1,99,0
201600049956,16,12,17,1830,5,1,1,1,4,550,4477935,54961,330,1,3,6,0,1,1,10,210,1,2,1,0,0
201600049958,16,12,21,1315,1,1,1,1,6,192,4478258,63311,330,1,3,6,0,1,1,30,170,1,0,1,0,0
201600049959,16,12,22,145,5,1,1,2,6,63,4488739,57355,330,1,1,4,0,1,1,85,140,2,0,3,0,1
201600049960,16,12,22,1200,1,1,1,1,2,318,4478776,63732,330,1,3,4,0,1,1,0,150,2,0,1,0,0
201600049964,16,2,9,935,1,1,1,8,6,152,4853042,769339,670,2,3,2,0,2,2,10,70,2,3,1,0,0
201600049968,16,3,26,1503,1,1,1,1,4,482,4858805,772913,670,1,1,4,0,1,1,10,140,1,0,1,99,0
201600049969,16,3,26,1605,1,1,1,1,2,482,4858605,772072,670,1,3,3,0,1,1,20,105,1,0,1,99,0
201600049992,16,8,13,950,1,1,1,1,7,389,4864642,773324,670,1,3,2,0,1,1,20,70,1,0,3,99,0
201600049995,16,9,5,820,1,1,1,1,7,218,4849972,773333,670,2,0,1,0,2,3,0,0,1,3,1,0,0
201600049999,16,9,12,1750,1,1,1,1,5,482,4856657,773231,670,1,1,3,0,1,1,25,105,1,0,1,99,0
201600050004,16,9,30,1235,1,1,1,1,2,482,4857262,773058,670,1,3,2,0,1,1,15,105,1,0,1,99,0
201600050006,16,9,30,1825,2,1,1,1,3,471,4864272,773162,670,1,3,3,0,1,1,18,105,1,0,1,0,0
201600050007,16,10,24,1315,1,1,1,1,7,482,4857062,772981,670,2,0,2,0,2,2,0,80,2,0,3,0,0
201600050009,16,10,28,1855,3,1,1,1,2,482,4858321,772018,670,1,3,3,0,1,1,10,140,1,3,1,99,0
201600050012,16,11,15,1630,1,1,1,8,6,152,4852922,769219,670,1,0,1,0,1,0,10,35,2,3,3,0,0
201600050013,16,11,18,1845,3,1,1,1,4,482,4858585,772227,670,1,3,2,0,1,1,20,70,2,0,1,0,0
201600050015,16,11,28,1400,1,1,1,1,2,482,4859832,768934,670,1,0,2,0,1,1,8,70,1,0,1,0,0
201600050017,16,12,5,730,2,1,1,8,4,365,4853680,771439,670,1,0,3,0,1,2,0,0,1,0,0,99,0
201600050018,16,12,9,1930,3,1,1,1,4,218,4853280,769770,670,1,3,3,0,1,1,10,145,1,3,1,0,0
201600050021,16,1,1,1220,1,1,1,5,2,547,4864805,613611,540,1,3,4,0,1,1,25,140,1,0,1,0,0
201600050022,16,12,25,1840,3,1,1,1,6,123,4877854,614472,540,1,3,4,0,1,1,15,140,1,0,1,0,0
201600050023,16,1,2,1740,2,1,1,1,2,328,4862392,618632,540,1,1,4,0,1,3,22,140,1,0,2,0,0
201600050024,16,1,3,1510,1,1,1,1,4,232,4868868,599456,540,1,3,4,0,1,1,25,140,1,0,1,0,0
201600050025,16,1,4,845,1,1,1,1,4,232,4868750,596236,540,1,3,4,0,1,1,20,140,2,0,1,99,0
201600050026,16,1,5,820,2,1,1,2,2,150,4877020,614404,540,1,3,4,0,1,1,100,140,2,0,1,0,0
201600050027,16,1,14,1810,3,1,1,4,6,547,4864920,613416,540,1,3,4,0,1,1,0,0,1,0,1,0,1
201600050028,16,1,28,800,1,1,1,3,5,483,4861777,630944,540,1,3,4,0,2,1,15,175,2,0,1,0,0
201600050029,16,1,27,1755,3,1,1,1,3,357,4871995,616680,540,1,3,0,0,0,0,0,0,0,0,1,0,0
201600050030,16,3,3,1618,1,1,1,2,4,304,4869532,611663,540,1,3,4,0,1,3,19,140,2,0,1,99,0
201600050031,16,4,15,1200,1,1,1,8,3,90,4875094,615738,540,1,3,3,0,1,3,15,105,2,2,1,99,0
201600050032,16,4,25,840,1,1,1,1,4,357,4870928,614360,540,1,3,5,0,2,1,25,210,0,0,1,0,0
201600050033,16,6,14,1815,1,1,1,1,4,328,4861780,617956,540,1,0,4,0,2,1,0,140,1,3,0,99,0
201600050034,16,6,22,30,3,1,1,1,2,31,4883599,609152,540,1,3,2,0,1,1,25,85,1,0,1,99,0
201600050035,16,7,12,1420,1,1,1,1,4,320,4887767,609636,540,1,3,4,0,1,1,41,140,1,0,1,99,0
201600050036,16,7,14,1725,1,1,1,3,6,197,4861822,621481,540,1,3,4,0,1,1,12,68,2,0,3,0,0
201600050037,16,7,18,1340,1,1,1,1,6,167,4866933,591678,540,1,0,4,0,1,1,15,140,1,0,1,0,0
201600050038,16,8,15,1655,1,1,1,1,6,197,4861871,621054,540,1,0,0,0,0,0,0,0,0,0,0,0,0
201600050039,16,8,29,1015,1,1,1,1,4,197,4863312,618235,540,1,3,4,0,1,1,10,140,1,0,1,99,0
201600050040,16,8,29,935,1,1,9,1,4,257,4865064,618168,540,1,3,4,0,1,3,25,140,1,3,1,0,0
201600050041,16,9,8,1800,1,1,1,1,2,304,4869110,611580,540,1,1,1,0,1,3,0,35,1,3,1,99,0
201600050042,16,9,14,840,1,1,1,1,4,123,4879126,612899,540,1,3,4,0,1,1,100,140,1,0,1,99,0
201600050043,16,9,13,2140,3,1,1,1,6,90,4874970,615651,540,1,3,6,0,1,1,35,210,1,2,1,0,0
201600050044,16,9,25,555,3,1,1,1,6,304,4868989,611661,540,1,3,2,0,0,0,20,70,0,0,3,0,0
201600050045,16,9,19,845,1,1,1,1,2,328,4861720,617998,540,1,3,4,0,1,1,10,140,1,0,1,99,0
201600050046,16,11,10,1925,3,1,1,2,4,304,4867780,612004,540,1,3,4,0,1,1,12,140,2,0,1,99,0
201600050047,16,10,26,1415,1,1,1,1,7,232,4868813,598064,540,1,1,1,0,0,3,5,35,9,3,1,0,0
201600050048,16,11,1,345,3,1,1,1,6,557,4869254,606490,540,1,3,0,0,1,1,30,105,1,0,1,0,0
201600050049,16,11,10,1300,1,1,1,2,1,547,4864729,613832,540,1,3,2,0,1,1,23,70,2,0,1,0,0
201600050050,16,11,8,1107,1,1,1,1,3,150,4878486,614362,540,1,1,2,0,1,1,30,70,1,0,1,0,0
201600050051,16,11,8,1830,3,1,1,1,2,357,4870625,613955,540,1,1,1,0,2,1,0,35,1,3,1,0,0
201600050052,16,11,28,120,3,1,1,1,3,90,4874981,615680,540,1,3,6,0,1,3,15,210,1,2,1,99,1
201600050053,16,12,28,1120,1,1,1,1,3,115,4869453,610652,540,1,3,4,0,1,1,10,140,1,3,1,99,0
201600050055,16,1,21,2016,3,1,1,1,6,283,4923656,618045,570,1,3,3,0,1,1,30,105,1,0,1,99,0
201600050056,16,1,26,1745,3,1,1,1,3,480,4910916,615236,570,1,3,3,0,1,1,20,35,1,0,1,99,0
201600050057,16,2,12,615,3,1,1,1,6,356,4944645,611928,570,1,3,2,0,1,1,9,110,1,0,1,0,1
201600050058,16,2,24,1125,1,1,1,1,3,463,4912511,615986,570,1,3,6,0,2,1,10,210,1,0,1,0,0