Num_Acc,an,mois,jour,hrmn,lum,agg,int,atm,col,com,lat,long,dep,catr,circ,nbv,vosp,prof,plan,lartpc,larrout,surf,infra,situ,env1,killed
201600050059,16,2,25,1250,1,1,1,1,6,343,4933330,618520,570,1,2,1,0,1,1,30,35,1,3,1,0,0
201600050060,16,3,8,900,1,1,1,1,2,206,4930861,611800,570,1,3,5,0,1,1,25,175,1,0,1,0,0
201600050062,16,3,24,1820,1,1,1,1,4,666,4935093,614149,570,1,3,5,0,1,1,20,175,1,0,1,0,0
201600050063,16,3,24,2015,3,1,1,1,6,498,4932947,602107,570,1,3,4,0,2,3,20,140,1,0,1,0,0
201600050064,16,3,30,1425,1,1,1,1,6,666,4935138,614380,570,1,3,5,0,1,3,20,175,2,3,1,0,0
201600050066,16,4,12,615,3,1,1,1,6,487,4909416,611308,570,1,3,6,0,1,3,30,127,1,0,1,0,1
201600050067,16,4,15,610,3,1,1,1,2,303,4920897,617491,570,1,3,3,0,1,1,15,210,1,0,1,0,0
201600050068,16,4,18,745,3,1,1,1,2,463,4911953,616011,570,1,3,6,0,1,1,20,210,1,0,1,99,0
201600050069,16,4,26,1812,1,2,1,2,4,412,4911335,616452,570,1,2,2,0,1,1,0,75,1,3,1,99,0
201600050070,16,4,26,1735,1,1,1,3,2,666,4934436,611428,570,1,1,1,0,1,4,30,35,2,3,1,99,0
201600050071,16,5,5,1905,1,1,1,1,3,194,4942157,611074,570,1,3,4,0,1,1,40,140,1,0,1,99,0
201600050072,16,5,8,535,3,1,1,1,7,433,4919388,617530,570,1,3,6,0,1,1,10,110,1,0,3,0,0
201600050073,16,5,13,1900,1,1,1,1,5,343,4932111,618355,570,1,3,3,0,2,1,20,210,1,0,1,0,0
201600050075,16,5,25,725,1,1,1,1,6,306,4933086,604752,570,1,3,4,0,1,2,15,70,1,0,1,0,0
201600050076,16,5,30,1740,1,1,1,2,2,672,4937148,610632,570,1,3,4,0,1,1,14,140,2,0,1,99,0
201600050077,16,5,26,1740,1,1,1,8,3,480,4910353,613922,570,1,3,3,0,1,1,26,210,2,0,1,99,0
201600050079,16,6,1,1600,1,2,1,1,6,306,4933522,605480,570,4,2,2,0,2,3,0,70,1,0,1,0,0
201600050080,16,6,9,820,1,1,1,1,3,764,4946840,612240,570,1,3,3,0,2,1,30,210,1,0,1,0,0
201600050081,16,6,15,510,2,1,1,1,3,666,4934894,612731,570,1,2,2,0,1,1,30,70,1,0,1,99,0
201600050082,16,6,21,820,1,1,1,1,3,356,4944568,611908,570,1,3,2,0,1,1,20,140,2,0,1,0,0
201600050083,16,7,5,1832,1,1,1,1,3,751,4917770,617819,570,1,3,6,0,1,1,20,210,1,0,1,0,0
201600050086,16,7,25,815,1,1,1,1,3,582,4928011,617277,570,1,0,6,0,1,1,15,210,1,0,1,0,0
201600050087,16,7,27,1520,1,1,1,1,2,221,4934713,611111,570,1,1,1,0,4,3,0,40,1,0,1,0,0
201600050088,16,8,5,435,3,1,1,1,3,433,4919786,617525,570,1,3,3,0,1,1,20,210,1,0,1,99,0
201600050089,16,8,14,430,3,1,1,1,2,306,4933155,605000,570,1,1,1,0,2,1,0,35,1,3,1,99,0
201600050091,16,9,1,245,3,1,1,1,6,343,4933400,618536,570,1,3,4,0,3,2,20,140,1,0,3,99,0
201600050092,16,9,9,1845,1,1,1,1,5,206,4930826,611935,570,1,3,6,0,1,1,20,110,1,0,1,0,0
201600050093,16,9,16,1555,1,1,1,1,4,487,4909875,612571,570,1,3,6,0,1,1,20,210,1,0,1,0,0
201600050095,16,9,22,735,2,1,1,1,4,356,4943240,611509,570,1,3,4,0,1,1,25,140,1,0,1,0,0
201600050096,16,9,26,1755,1,1,1,1,7,498,4933911,599699,570,1,3,4,0,1,1,20,140,1,0,1,0,0
201600050097,16,10,12,600,3,1,1,1,3,764,4945342,612057,570,1,1,2,0,1,1,35,140,1,0,1,99,0
201600050099,16,10,21,1650,1,1,1,1,1,67,4931037,618251,570,1,3,4,0,1,1,20,140,1,0,0,0,0
201600050100,16,11,12,148,3,1,1,1,2,582,4927655,617346,570,1,3,3,0,1,1,20,140,1,0,1,99,0
201600050101,16,11,13,1325,1,1,1,1,7,39,4903869,613076,570,1,3,4,0,1,2,10,140,2,0,3,99,0
201600050103,16,12,9,1755,3,1,1,1,4,39,4903690,611580,570,2,1,2,0,1,1,0,140,1,0,1,99,0
201600050104,16,12,15,240,3,1,1,1,5,663,4923368,617970,570,1,0,6,0,1,1,30,210,1,0,1,99,0
201600050105,16,12,22,1710,2,1,1,1,3,534,4907389,620641,570,2,3,3,0,2,3,10,140,2,0,1,99,0
201600050106,16,11,27,725,1,1,1,1,6,218,4540809,438924,420,2,3,4,0,2,2,15,144,1,0,1,0,0
201600050107,16,1,2,2230,3,1,1,8,6,228,4554082,464617,690,1,3,4,0,1,1,10,144,2,0,3,99,0
201600050108,16,1,12,1800,1,1,1,1,4,218,4543271,441712,420,2,3,5,0,1,1,72,252,2,0,1,99,0
201600050109,16,1,7,1800,3,1,1,1,4,218,4544302,442972,420,1,3,4,0,1,1,15,144,1,0,1,0,0
201600050110,16,2,9,2255,3,1,1,2,2,95,4539221,429335,420,2,3,4,0,2,2,10,144,2,1,1,99,0
201600050111,16,2,9,2300,3,1,1,2,2,95,4539223,429368,420,1,3,4,0,2,2,15,144,2,0,1,99,0
201600050112,16,2,19,845,1,1,1,1,2,218,4545900,440607,420,1,3,4,0,1,1,15,144,1,0,1,0,0
201600050113,16,2,21,1715,1,1,1,1,7,110,4548692,453767,420,3,3,4,0,1,1,15,144,1,0,3,0,1
201600050114,16,3,1,1252,1,1,1,1,2,218,4541129,439977,420,1,3,5,0,0,0,0,0,0,0,1,0,0
201600050115,16,3,29,2210,3,1,1,1,2,218,4545146,441826,420,1,3,4,0,2,1,10,144,1,0,1,99,0
201600050116,16,3,30,1115,1,1,1,1,6,218,4541955,440938,420,2,3,4,0,1,1,0,72,1,1,1,99,0
201600050117,16,3,26,1345,1,1,1,1,2,44,4539518,433497,420,2,3,4,0,1,1,15,144,1,0,1,99,0
201600050118,16,4,11,547,5,1,1,1,2,218,4545581,441141,420,1,3,4,0,1,1,15,144,1,0,1,99,0
201600050119,16,4,17,1010,1,1,1,1,6,218,4545843,440766,420,1,3,5,0,1,1,15,180,1,3,3,99,0
201600050120,16,4,10,1145,1,1,1,1,7,207,4546007,448665,420,2,3,6,0,1,1,15,216,1,0,2,99,0
201600050121,16,4,29,415,3,1,1,1,7,97,4548669,432558,420,1,3,6,0,1,0,15,216,1,0,3,0,0
201600050123,16,5,11,1555,1,1,1,3,4,95,4538906,430064,420,2,3,4,0,1,3,15,144,2,0,1,99,0
201600050124,16,5,6,1910,1,1,1,1,2,95,4539088,428518,420,2,3,5,0,1,1,10,180,1,0,1,99,0
201600050125,16,4,22,800,1,1,1,1,2,97,4550023,431138,420,1,3,6,0,2,1,15,216,1,0,1,0,0
201600050126,16,5,11,1720,1,1,1,3,3,97,4548553,432969,420,1,3,6,0,1,1,15,216,2,0,1,99,0
201600050127,16,5,29,1845,1,1,1,1,2,95,4538833,427751,420,2,3,4,0,1,3,15,144,1,1,1,99,0
201600050128,16,5,31,1140,1,1,1,1,6,237,4544367,446482,420,2,3,6,0,1,4,15,216,1,0,1,99,0
201600050129,16,6,8,1740,1,1,1,1,4,213,4554866,467493,690,1,3,4,0,1,1,10,72,1,0,1,0,0
201600050130,16,6,13,1900,1,1,1,2,3,237,4544141,446080,420,2,3,6,0,1,2,15,216,2,0,1,99,0
201600050131,16,6,22,830,1,1,1,1,4,218,4542601,441508,420,2,3,4,0,1,1,60,144,1,0,1,0,0
201600050132,16,6,30,940,1,1,1,1,3,207,4547802,449642,420,1,3,5,0,2,1,15,122,1,0,1,0,0
201600050133,16,6,29,2115,2,1,1,3,7,242,4553769,463694,420,1,1,4,0,1,1,5,144,4,0,1,99,0
201600050134,16,7,7,830,1,1,1,1,3,110,4549431,454308,420,1,3,5,0,2,1,0,180,1,0,1,99,0
201600050135,16,7,5,1900,1,1,1,1,1,307,4555377,468276,420,1,3,4,0,1,1,10,144,1,0,1,99,0
201600050137,16,8,6,1200,1,1,1,1,3,183,4540032,436708,420,2,3,4,0,1,3,15,144,1,0,1,0,0
201600050138,16,8,14,1800,1,1,1,1,5,44,4539530,433639,420,1,3,4,0,1,1,15,144,1,0,1,99,0
201600050139,16,9,4,455,5,1,1,1,3,218,4541586,440504,420,2,3,4,0,1,1,10,144,1,0,0,0,0
201600050140,16,9,8,1110,1,1,1,1,2,97,4548453,433224,420,1,3,6,0,1,1,15,216,1,0,2,0,0
201600050141,16,9,3,430,3,1,1,1,7,186,4552556,460212,420,1,3,2,0,2,3,15,144,1,0,1,99,0
201600050142,16,9,22,1215,1,1,1,1,6,237,4544500,442743,420,1,3,4,0,1,1,0,144,1,0,1,0,0
201600050143,16,9,16,530,4,1,1,2,2,218,4546377,439925,420,1,3,4,0,1,1,10,144,2,0,1,0,0
201600050144,16,9,26,2340,3,1,1,1,5,207,4549165,451816,420,1,3,4,0,1,1,5,144,1,0,1,99,0
201600050145,16,10,1,35,3,1,1,1,2,207,4546895,449891,420,1,0,4,0,2,3,15,144,1,0,1,99,0
201600050146,16,10,10,830,1,1,1,1,5,97,4550420,430584,420,1,3,6,0,2,1,15,216,1,0,1,0,0
201600050147,16,10,8,250,5,1,1,1,2,218,4542699,441574,420,2,3,4,0,2,2,15,144,1,0,1,99,0
201600050148,16,10,20,1545,1,1,1,1,5,183,4540364,437343,420,1,3,5,0,2,2,15,180,1,0,1,99,0
201600050149,16,10,21,1750,1,1,9,1,4,218,4543319,442779,420,2,3,4,0,4,1,15,180,1,0,1,99,0
201600050150,16,10,31,1010,1,1,1,1,3,275,4546858,437507,420,1,3,6,0,1,2,15,216,1,0,1,0,0
201600050151,16,9,22,1640,1,1,1,1,4,330,4547999,434708,420,1,3,6,0,1,1,5,144,1,0,1,0,0
201600050152,16,10,28,1810,1,1,1,1,3,186,4552626,460467,420,1,3,2,0,1,1,15,144,1,0,1,99,0
201600050153,16,11,12,1445,1,1,1,1,7,218,4546328,439990,420,1,3,4,0,1,1,15,144,1,0,1,99,0
201600050154,16,11,8,1715,2,1,1,1,2,218,4544354,442908,420,1,1,4,0,1,1,15,180,1,0,1,99,0
201600050155,16,10,27,1500,1,1,1,1,6,97,4550899,430189,420,1,3,6,0,2,3,15,216,1,0,1,99,0
201600050156,16,12,18,1100,1,1,1,1,6,218,4541085,439761,420,2,3,4,0,2,2,15,144,1,0,1,0,0
201600050157,16,2,14,1235,1,1,1,1,3,237,4546283,449279,420,2,3,6,0,1,1,15,144,1,0,1,99,0
201600050171,16,1,24,500,5,2,1,1,3,544,4553513,487145,380,3,3,4,0,1,1,70,270,1,5,1,99,0
201600050205,16,3,26,5,5,2,1,1,6,544,4553036,487396,380,2,3,4,2,1,3,0,140,1,0,4,0,1
201600050213,16,3,30,1430,1,1,1,1,5,87,4558382,480039,380,1,3,3,0,1,1,0,0,1,0,1,0,0
201600050244,16,5,15,245,3,1,1,1,3,544,4554508,484001,380,1,3,3,0,1,1,12,180,1,0,1,99,0
201600050246,16,5,21,340,3,1,1,1,6,487,4556110,482081,380,1,3,3,0,1,1,5,105,1,0,1,0,1
201600050280,16,7,4,2250,4,2,2,1,3,544,4553473,487237,380,2,2,4,0,1,1,10,140,1,0,1,99,1
201600050287,16,6,27,1850,1,1,1,1,3,336,4549638,483826,380,1,1,3,0,2,3,0,90,1,0,0,99,0
201600050323,16,9,23,1120,1,2,2,1,1,544,4553432,487267,380,2,3,4,0,1,1,0,105,1,0,1,99,0
201600050343,16,11,23,700,3,1,1,5,6,449,4564993,511518,380,1,3,3,0,1,1,10,35,2,0,1,99,1
201600050362,16,1,28,1835,3,1,1,1,3,126,4311940,585916,830,1,3,2,0,2,1,20,140,1,3,1,0,0
201600050364,16,1,30,1905,5,1,1,1,4,144,4313430,598748,830,1,3,2,0,1,1,20,105,1,0,1,0,0
201600050367,16,2,17,1905,5,1,1,1,3,144,4313926,599717,830,1,3,2,0,1,2,20,75,1,0,1,0,0
201600050396,16,5,23,1858,1,1,1,1,2,90,4307202,549473,830,1,3,3,0,2,2,10,105,1,0,1,99,1
201600050448,16,1,2,2115,3,1,1,1,6,71,4340644,533408,130,1,1,4,0,1,1,15,140,1,0,3,99,0
201600050490,16,2,5,1635,1,1,1,1,7,15,4343089,539361,130,1,1,1,0,1,1,25,35,1,3,1,0,1
201600050690,16,6,2,2040,1,1,1,1,2,71,4339913,529061,130,1,1,3,0,1,1,20,90,0,0,1,0,0
201600050741,16,7,1,1950,1,1,1,1,6,55,4332960,535474,130,1,1,1,0,2,1,20,35,1,3,1,99,0
201600050764,16,7,11,1820,1,1,1,1,2,71,4324164,133200,130,1,0,3,0,1,1,30,105,1,0,2,0,0
201600050772,16,7,14,2030,1,1,1,1,1,71,4340442,530100,130,1,1,3,0,1,1,20,105,1,0,1,0,0
201600050774,16,7,12,1450,1,1,1,1,7,71,4325021,156300,130,1,1,3,0,1,1,30,105,1,0,3,99,0
201600050776,16,7,16,1940,1,1,1,1,7,19,4325188,215300,130,1,1,3,0,1,1,15,105,1,0,2,99,0
201600050797,16,7,27,1525,1,1,1,1,4,71,4341000,528000,130,1,1,3,0,1,1,20,105,1,0,1,0,0
201600050806,16,8,2,1730,1,1,1,1,4,33,4338011,521590,130,1,1,3,0,1,1,20,105,1,0,1,0,0
201600050809,16,8,2,1805,1,1,1,1,2,106,4339913,535284,130,1,1,2,0,2,2,0,70,1,3,1,0,0
201600050813,16,8,4,500,3,1,1,1,6,55,4328067,558250,130,1,1,1,0,2,3,0,35,1,0,1,0,0
201600050828,16,8,14,430,5,1,1,1,2,55,4334679,534525,130,1,1,3,0,2,2,20,105,1,0,1,0,0
201600050849,16,8,29,1000,1,1,1,1,2,55,4329169,536574,130,4,2,3,0,1,1,0,35,1,0,1,0,0
201600050853,16,8,30,2120,3,1,1,1,2,28,4321040,558315,130,1,3,3,0,2,2,10,105,1,0,1,0,0
201600050854,16,8,31,1810,1,1,1,1,2,55,4328587,543005,130,1,1,0,0,1,1,0,35,1,0,1,0,0
201600050879,16,9,17,1745,1,1,1,1,6,55,4331518,536517,130,1,1,4,0,1,1,10,140,1,0,1,99,0
201600050892,16,9,23,850,1,1,1,1,6,55,4336970,536086,130,1,3,3,0,2,0,22,105,1,0,1,0,0
201600050900,16,9,26,1615,1,1,1,1,2,55,4331255,536822,130,1,1,3,0,1,1,1,105,1,0,1,0,0
201600050902,16,9,26,1845,1,1,1,1,4,55,4329727,536313,130,4,1,2,0,1,1,1,70,1,1,1,0,0
201600050903,16,9,27,15,3,1,1,1,2,81,4348951,524048,130,1,3,2,0,1,1,50,90,1,0,1,0,0
201600050954,16,10,27,1615,1,1,1,1,6,71,4340591,529268,130,1,1,2,0,4,1,10,25,1,0,1,99,0
201600050956,16,10,28,800,1,1,1,1,4,55,4330691,536595,130,4,1,2,0,1,1,10,70,1,1,1,0,0
201600050967,16,11,3,840,1,1,1,1,3,55,4328279,539650,130,1,1,2,0,1,1,10,80,1,3,1,99,0
201600050991,16,11,11,1800,3,1,1,1,3,55,4335013,536844,130,1,3,3,0,1,1,35,35,1,0,1,99,0
201600051050,16,12,13,1205,1,1,1,1,2,81,4348840,524065,130,1,3,2,0,1,1,50,35,1,0,1,99,0
201600051059,16,12,18,1645,1,1,1,1,2,55,4331648,536453,130,1,1,3,0,2,2,20,105,1,0,1,0,0
201600051063,16,12,19,2015,3,1,1,2,6,55,4332020,536389,130,1,1,2,0,1,1,0,70,2,2,1,0,0
201600051064,16,12,20,1815,3,1,1,2,6,71,4339885,529207,130,1,3,2,0,1,1,100,70,2,3,1,99,0
201600051085,16,8,26,1032,1,2,1,1,6,54,4344096,522542,130,6,0,0,0,0,0,0,0,0,0,1,99,1
201600051086,16,1,3,1015,1,2,7,2,3,101,4886010,233333,750,4,1,3,0,1,1,0,150,2,0,1,99,0
201600051087,16,1,5,1710,5,2,4,1,3,101,4886530,232728,750,4,1,2,0,1,1,0,80,1,0,1,0,0
201600051088,16,1,11,1030,1,2,3,2,3,101,4886530,232728,750,4,1,0,0,1,1,0,120,2,0,1,0,0
201600051089,16,1,21,1230,1,2,2,1,6,101,4886270,233736,750,4,1,1,0,1,1,0,0,1,0,1,0,0
201600051090,16,1,24,445,5,2,7,2,3,101,4886380,233207,750,4,1,0,0,1,1,0,140,2,5,1,99,0
201600051091,16,1,29,1220,1,2,2,1,6,102,4886950,233676,750,4,1,1,0,1,1,0,60,1,0,1,99,0
201600051092,16,2,2,630,5,2,2,1,3,101,4885910,234641,750,4,1,3,0,1,1,5,120,2,0,1,0,0
201600051093,16,2,9,610,5,2,2,3,6,101,4886350,233975,750,4,2,2,0,1,1,0,85,2,0,1,99,0
201600051094,16,2,12,1200,1,2,3,2,7,101,4886250,235038,750,4,1,4,0,1,1,0,150,2,0,1,0,0
201600051095,16,2,14,1020,1,2,2,1,7,101,4886390,234233,750,4,2,4,0,1,1,0,0,1,0,1,99,0
201600051096,16,2,18,1400,1,2,7,2,6,101,4886300,233626,750,4,1,1,0,1,1,0,40,2,0,1,0,0
201600051097,16,2,29,1515,1,2,1,1,6,101,4886350,233278,750,4,0,0,0,1,1,0,150,1,0,0,0,0
201600051098,16,3,7,1326,1,2,7,8,7,101,4886660,232856,750,4,2,2,0,1,1,0,100,2,0,1,0,0
201600051099,16,3,10,900,1,2,7,1,2,108,4886420,232014,750,4,1,3,0,1,1,0,0,1,0,1,99,0
201600051100,16,3,16,1010,1,2,3,1,2,101,4886530,232728,750,4,1,4,1,1,1,0,165,1,0,1,99,0
201600051101,16,3,22,1250,1,2,7,1,7,101,4885720,234729,750,4,1,0,0,0,0,0,0,0,0,1,0,0
201600051102,16,3,23,1000,1,2,5,1,3,101,4885880,234748,750,4,1,3,3,0,0,0,0,0,0,1,0,0
201600051103,16,3,23,1735,1,2,1,1,3,101,4885930,234866,750,4,1,4,1,1,1,0,0,1,0,5,99,0
201600051104,16,3,24,925,1,2,7,1,3,101,4886270,233525,750,4,1,4,3,1,1,0,200,1,0,1,0,0
201600051105,16,3,27,130,5,2,4,3,6,101,4886230,232567,750,4,1,3,0,0,0,0,0,0,0,1,0,0
201600051106,16,4,2,1330,1,2,4,1,6,101,4886230,232567,750,4,1,4,0,0,0,0,0,0,0,1,0,0
201600051107,16,4,5,1500,1,2,1,1,3,101,4886200,233999,750,4,1,1,0,1,1,0,0,1,0,1,0,0
201600051108,16,4,5,2325,5,2,5,1,3,101,4885880,234748,750,4,0,3,0,1,1,0,100,1,0,1,0,0
201600051109,16,4,7,1010,1,2,1,1,2,101,4886100,232948,750,4,1,3,0,1,1,0,125,1,0,1,0,0
201600051110,16,4,9,45,5,2,3,1,2,104,4886030,235292,750,4,1,4,3,1,1,13,80,1,0,1,99,0
201600051111,16,4,10,1115,1,2,3,1,2,101,4886440,233008,750,4,1,0,0,1,1,0,163,1,0,1,0,0
201600051112,16,4,11,845,1,2,2,2,3,101,4885910,234641,750,4,1,3,0,1,1,0,0,2,0,1,0,0
201600051113,16,4,13,1130,1,2,3,1,3,101,4886320,233379,750,4,1,0,3,0,0,0,0,0,0,1,0,0
201600051114,16,4,13,1145,1,2,1,1,7,101,4886040,233203,750,4,1,5,0,1,1,0,0,1,0,1,99,0
201600051115,16,4,26,1450,1,2,2,2,3,101,4886700,233586,750,4,1,2,0,1,1,0,60,2,0,1,99,0
201600051116,16,5,11,1120,1,2,7,1,7,101,4886040,233353,750,4,1,3,0,1,3,0,95,1,0,1,0,0
201600051117,16,5,14,630,2,2,2,1,3,101,4885910,234641,750,4,1,3,0,1,1,5,80,1,0,1,0,0
201600051118,16,5,11,1840,1,2,3,1,3,101,4886570,232598,750,4,1,3,0,1,1,50,150,1,0,0,0,0
201600051119,16,5,16,1745,1,2,3,1,6,101,4886270,233525,750,4,1,4,3,1,1,0,110,1,0,1,0,0
201600051120,16,5,17,1224,1,2,1,1,3,101,4885690,234685,750,4,0,4,0,1,1,0,0,1,2,0,0,0
201600051121,16,5,18,1530,1,2,2,1,6,101,4886170,234123,750,4,2,4,0,1,1,0,120,1,0,1,0,0
201600051122,16,5,19,1036,1,2,2,1,3,101,4885910,234641,750,4,1,3,0,1,1,0,110,2,0,1,0,0
201600051123,16,5,22,1100,1,2,2,2,7,101,4885850,234820,750,4,1,4,0,1,1,0,125,2,0,1,0,0
201600051124,16,5,27,1515,1,2,1,1,2,101,4885980,234026,750,4,2,3,0,1,1,0,100,1,0,1,99,0
201600051125,16,6,2,1620,1,2,2,2,3,101,4885620,234643,750,4,0,3,3,1,1,0,0,2,0,0,99,0
201600051126,16,6,3,1500,1,2,3,1,3,101,4886290,235065,750,4,1,0,0,1,1,30,100,1,0,1,99,0
201600051127,16,6,6,1410,1,2,1,1,2,101,4885850,234229,750,4,1,4,0,1,1,0,120,1,0,1,99,0
201600051128,16,6,10,345,5,2,2,1,3,101,4885850,234820,750,4,1,3,0,1,1,0,100,1,0,1,99,0
201600051129,16,6,15,245,5,2,1,1,6,103,4886240,235409,750,4,1,3,3,1,1,5,120,1,0,1,0,0
201600051130,16,6,16,1810,1,2,2,1,2,101,4886170,234123,750,4,1,1,0,1,1,0,40,1,0,1,0,0
201600051131,16,6,19,1040,1,2,2,1,6,102,4886840,234765,750,4,1,1,3,2,0,0,0,1,6,4,99,0
201600051132,16,6,22,100,5,2,1,1,6,101,4885970,234834,750,4,1,0,3,1,0,0,0,1,6,0,99,0
201600051133,16,6,25,1500,1,2,3,1,7,101,4885870,234163,750,4,1,4,3,1,1,0,100,1,0,1,99,0
201600051134,16,7,1,1130,1,2,3,1,2,101,4886530,232728,750,4,1,0,0,1,1,0,0,1,0,0,0,0
201600051135,16,7,1,1730,1,2,1,1,2,101,4885920,233864,750,4,1,2,0,1,0,0,100,1,1,1,99,0
201600051136,16,7,3,1245,1,2,1,1,6,101,4886720,232857,750,4,2,1,0,1,0,0,130,1,0,1,0,0
201600051137,16,7,4,835,1,2,1,1,7,101,4886480,232881,750,4,1,3,0,1,1,7,125,0,0,1,0,0
201600051138,16,7,4,1300,1,2,1,1,6,101,4886460,234611,750,4,2,3,0,1,1,0,130,1,0,1,0,0
201600051139,16,7,6,1830,1,2,1,1,2,101,4885890,234700,750,4,1,3,3,1,1,0,100,1,0,1,0,0
201600051140,16,7,7,2306,5,2,1,1,2,101,4886290,233466,750,4,1,4,0,1,1,5,180,1,0,1,0,0
201600051141,16,7,11,1230,1,2,2,1,6,101,4886170,234123,750,4,2,4,0,1,1,0,120,1,0,1,0,0
201600051142,16,7,11,1840,1,2,3,1,6,101,4885720,234141,750,4,2,0,0,1,1,70,90,1,2,1,99,0
201600051143,16,7,12,3,5,2,2,1,3,101,4885990,234395,750,4,1,3,0,1,1,0,90,1,0,0,0,0
201600051144,16,7,15,1120,1,2,3,1,3,101,4886240,234029,750,4,1,1,0,2,1,0,53,1,0,1,99,0
201600051145,16,7,16,2115,2,2,2,7,6,101,4886090,234079,750,4,2,4,0,1,1,10,120,1,0,1,0,0
201600051146,16,7,20,1330,1,2,4,1,6,101,4885950,234359,750,4,1,0,0,1,1,0,80,1,0,1,0,0
201600051147,16,7,25,1110,1,2,1,1,6,102,4887040,234645,750,4,1,1,0,1,1,0,30,1,0,1,99,0
201600051148,16,7,28,835,1,2,1,2,3,101,4885890,234700,750,4,1,3,3,1,1,0,109,2,0,1,3,0
201600051149,16,7,28,1830,1,2,1,1,3,101,4886770,232884,750,4,3,1,0,1,0,0,0,1,0,1,99,0
201600051150,16,7,29,240,5,2,7,1,6,108,4887310,229709,750,4,2,0,0,1,1,0,260,1,0,1,99,0
201600051151,16,8,3,2010,2,2,3,1,2,103,4885830,236380,750,4,1,1,0,1,0,0,0,1,0,1,0,0
201600051152,16,8,4,1130,1,2,7,2,7,102,4887030,233244,750,4,2,6,0,1,1,0,0,2,0,1,0,0
201600051153,16,8,5,540,2,2,7,1,3,101,4885720,234141,750,4,2,0,0,1,2,0,0,1,0,1,99,0
201600051154,16,8,6,200,5,2,3,1,2,101,4886530,232728,750,4,1,4,0,1,1,0,167,1,5,1,0,0
201600051155,16,8,9,754,1,2,7,1,2,101,4886840,233028,750,4,1,1,0,1,1,0,95,1,0,0,99,0
201600051156,16,8,13,1915,1,2,1,1,2,101,4886490,232849,750,4,0,3,1,1,1,0,150,1,0,0,99,0
201600051157,16,8,16,1300,1,2,7,1,7,101,4885770,234776,750,4,1,4,0,1,1,0,0,1,0,1,0,0
201600051158,16,8,16,1540,1,2,2,1,3,101,4886340,234034,750,4,1,1,0,1,1,0,35,1,0,1,99,0
201600051159,16,8,24,1135,1,2,3,1,6,101,4886500,234066,750,4,1,1,0,1,1,0,50,1,0,1,0,0
201600051160,16,8,31,1620,1,2,3,1,2,101,4885770,234544,750,4,1,3,3,1,1,0,0,1,0,1,0,0
201600051161,16,9,9,1700,1,2,7,1,6,101,4886650,232355,750,4,1,3,0,1,1,0,150,1,0,1,0,0
201600051162,16,9,10,315,5,2,3,1,3,101,4886250,233607,750,4,0,3,0,1,1,0,0,1,0,0,99,0
201600051163,16,9,19,1650,1,2,7,1,6,101,4886270,233525,750,4,0,0,0,1,1,0,0,1,0,0,99,0
201600051164,16,9,28,1155,1,2,3,1,2,102,4886890,232940,750,4,1,1,0,1,1,0,80,1,0,1,0,0
201600051165,16,10,3,1320,1,2,1,1,6,101,4886650,232622,750,4,1,1,0,1,1,0,70,1,0,1,0,0
201600051166,16,10,13,1600,1,2,3,2,3,101,4885900,233985,750,4,1,3,3,1,1,0,200,2,0,1,0,0
201600051167,16,10,14,1545,1,2,7,2,7,101,4886840,233028,750,4,0,0,0,1,1,0,120,2,0,0,0,0
201600051168,16,10,18,1310,1,2,2,1,3,101,4886380,233424,750,4,2,3,3,0,0,0,0,0,0,1,0,0
201600051169,16,10,20,1750,1,2,7,2,7,101,4886040,234057,750,4,2,1,0,1,1,0,160,2,0,1,0,0
201600051170,16,10,21,1100,1,2,5,1,3,102,4886890,234008,750,4,0,0,0,1,1,0,0,1,0,0,0,0
201600051171,16,10,25,1700,1,2,2,1,2,101,4886440,234667,750,4,2,3,0,1,1,0,0,0,0,0,0,0
201600051172,16,11,3,1505,1,2,2,1,3,101,4886350,233975,750,4,2,2,0,1,1,0,80,1,0,1,99,0
201600051173,16,11,7,1205,1,2,2,2,6,101,4886740,232619,750,4,1,1,0,1,0,0,70,2,0,0,0,0
201600051174,16,11,9,955,1,2,3,3,6,101,4885690,234115,750,4,2,3,0,1,1,0,110,2,2,1,99,0
201600051175,16,11,10,1505,1,2,3,8,2,101,4886630,232413,750,4,1,3,0,1,1,0,150,2,0,1,0,0
201600051176,16,11,11,210,5,2,3,2,3,102,4886420,234759,750,4,0,0,0,1,0,30,30,2,0,0,99,0
201600051177,16,11,14,1710,2,2,1,1,6,101,4885890,234700,750,4,1,3,0,1,1,8,110,1,0,1,0,0
201600051178,16,11,15,150,5,2,3,2,6,101,4886150,233907,750,4,1,4,0,1,1,0,125,2,5,1,0,0
201600051179,16,11,17,1116,1,2,2,1,3,101,4886010,233333,750,4,1,6,0,1,1,0,0,1,0,1,99,0
201600051180,16,11,30,1200,1,2,2,1,3,101,4886090,234079,750,4,2,4,0,1,1,0,120,1,0,1,99,0