Num_Acc,an,mois,jour,hrmn,lum,agg,int,atm,col,com,lat,long,dep,catr,circ,nbv,vosp,prof,plan,lartpc,larrout,surf,infra,situ,env1,killed
201600051181,16,12,4,630,5,2,3,1,2,101,4885920,233789,750,4,1,3,0,1,1,0,150,1,0,1,99,0
201600051182,16,12,5,845,1,2,2,1,6,102,4886420,234759,750,4,2,3,0,1,0,0,60,1,0,1,3,0
201600051183,16,12,5,1340,1,2,7,1,3,101,4886010,233333,750,4,1,0,0,1,0,0,220,1,0,1,0,0
201600051184,16,12,8,1150,1,2,2,1,7,101,4885950,234877,750,4,1,4,0,1,1,0,160,8,0,1,0,0
201600051185,16,12,20,1220,1,2,7,1,6,101,4885870,234163,750,4,1,4,0,1,1,0,155,1,0,1,99,0
201600051186,16,12,27,1900,1,2,1,1,6,101,4885930,234715,750,4,1,2,0,1,1,0,50,1,0,0,0,0
201600051187,16,1,3,20,5,2,1,1,6,103,4886380,236365,750,4,1,1,0,1,0,0,30,1,0,1,99,0
201600051188,16,1,5,1145,1,2,2,2,3,102,4886340,235094,750,4,2,3,0,1,1,0,0,2,0,1,0,0
201600051189,16,1,7,1355,1,2,2,1,3,103,4886620,235251,750,4,1,4,3,0,0,0,143,0,0,1,0,0
201600051190,16,1,11,1445,1,2,1,8,3,101,4886510,233310,750,4,1,1,0,1,1,0,40,1,0,1,0,0
201600051191,16,1,11,2050,5,2,2,2,3,102,4886440,234667,750,4,2,4,0,1,1,0,120,2,0,1,0,0
201600051192,16,1,12,1700,2,2,2,1,7,102,4886700,235294,750,4,1,4,0,1,1,0,140,1,0,1,99,0
201600051193,16,1,14,840,1,2,5,3,7,103,4886200,236454,750,4,1,1,0,1,1,0,80,2,0,1,99,0
201600051194,16,1,15,1505,1,2,4,1,2,102,4886920,233288,750,4,4,6,3,1,1,10,110,1,0,5,99,0
201600051195,16,1,16,1820,5,2,2,1,6,101,4886200,235013,750,4,1,3,3,1,1,10,176,1,0,1,0,0
201600051196,16,1,18,1700,2,2,2,1,3,101,4886610,233982,750,4,1,2,0,1,1,0,80,1,0,1,0,0
201600051197,16,1,20,320,5,2,1,1,7,102,4887030,235000,750,4,2,2,1,1,1,0,0,1,0,1,99,0
201600051198,16,1,20,1150,1,2,2,1,6,102,4886440,235150,750,4,1,3,0,1,1,10,176,1,0,1,0,0
201600051199,16,1,21,740,2,2,2,8,3,109,4887580,234369,750,4,1,4,1,1,1,0,60,1,0,5,3,0
201600051200,16,1,22,840,1,2,3,1,7,101,4886630,232413,750,4,1,4,1,1,1,0,210,8,0,1,99,0
201600051201,16,1,24,400,5,2,2,2,6,102,4886860,234973,750,4,1,0,0,0,0,0,0,2,0,1,0,0
201600051202,16,1,24,705,5,2,1,2,3,101,4886750,232862,750,4,1,1,0,1,2,70,60,2,0,1,0,0
201600051203,16,1,29,1600,1,2,5,1,6,102,4886970,235262,750,4,3,3,1,1,1,0,150,1,0,5,99,0
201600051204,16,1,31,240,5,2,2,2,7,102,4886340,235094,750,4,1,4,0,1,1,15,80,2,0,1,99,0
201600051205,16,1,31,1800,2,2,4,2,3,102,4886480,234538,750,4,2,3,0,0,0,0,0,0,0,1,0,0
201600051206,16,2,1,1830,1,2,1,1,3,102,4887020,234078,750,4,1,1,0,1,1,0,40,1,0,1,99,0
201600051207,16,2,3,950,1,2,3,1,3,101,4886560,233678,750,4,1,1,0,1,1,0,35,1,0,1,0,0
201600051208,16,2,3,1440,1,2,7,2,3,102,4887060,233206,750,4,4,4,0,1,1,0,120,2,0,1,99,0
201600051209,16,2,7,450,5,2,1,1,4,101,4886020,233291,750,4,1,4,0,1,1,265,185,1,0,1,0,0
201600051210,16,2,7,2035,5,2,2,1,3,101,4886530,234307,750,4,2,2,0,1,0,0,125,1,0,1,0,0
201600051211,16,2,8,1155,1,2,3,2,6,102,4886920,234314,750,4,1,2,0,1,1,0,0,2,0,1,0,0
201600051212,16,2,17,1650,1,2,7,1,3,109,4887210,233293,750,4,1,0,0,1,1,0,0,1,0,1,99,0
201600051213,16,2,23,1320,1,2,2,1,3,109,4887580,234201,750,4,0,2,0,0,0,0,0,0,0,0,0,0
201600051214,16,2,28,140,5,2,2,1,7,102,4886440,235150,750,4,1,4,0,1,1,0,0,1,0,1,0,0
201600051215,16,2,29,1235,1,2,2,1,3,102,4886920,233864,750,4,0,3,0,1,1,130,90,1,0,0,0,0
201600051216,16,3,1,2235,3,2,2,2,6,102,4887150,234309,750,4,2,4,0,1,1,0,0,2,0,1,99,0
201600051217,16,3,3,1105,1,2,2,1,6,102,4887020,233479,750,4,1,1,0,1,1,0,60,2,0,1,0,0
201600051218,16,3,7,1940,5,2,5,2,6,102,4886780,234537,750,4,1,3,0,0,0,0,0,0,0,1,0,0
201600051219,16,3,11,1900,1,2,1,1,6,101,4886420,234658,750,4,1,1,0,1,1,0,0,1,6,0,0,0
201600051220,16,3,15,1240,1,2,1,1,6,109,4887870,234616,750,4,1,2,3,1,1,0,50,1,0,1,0,0
201600051221,16,3,18,2015,5,2,1,1,3,116,4884450,225713,750,4,2,2,0,1,1,0,90,1,0,1,99,0
201600051222,16,3,22,1500,1,2,2,1,2,102,4886740,234731,750,4,1,3,3,1,1,0,120,1,0,1,0,0
201600051223,16,3,27,2040,5,2,1,1,2,101,4885890,234702,750,4,1,3,0,1,1,0,120,1,0,1,99,0
201600051224,16,3,31,50,5,2,1,2,6,101,4886680,233400,750,4,0,2,3,1,1,0,150,2,0,1,99,0
201600051225,16,4,4,900,1,2,7,1,3,102,4887060,233206,750,4,1,3,0,1,1,0,280,1,5,1,99,0
201600051226,16,4,4,1010,1,2,2,1,3,102,4886920,233864,750,4,1,2,0,1,1,0,160,1,5,1,99,0
201600051227,16,4,7,1400,1,2,1,1,2,102,4886570,235221,750,4,1,4,0,1,1,10,176,1,0,1,0,0
201600051228,16,4,7,2010,2,2,2,1,6,101,4886380,233424,750,4,1,1,0,1,1,0,0,1,0,1,0,0
201600051229,16,4,8,357,5,2,2,1,3,109,4887670,233706,750,4,1,1,0,2,1,0,86,1,0,1,0,0
201600051230,16,4,9,1550,1,2,4,2,6,101,4886230,232567,750,4,1,5,0,1,1,0,0,2,0,1,0,0
201600051231,16,4,9,1925,2,2,1,2,2,102,4886900,233298,750,4,3,4,0,1,1,0,0,2,0,1,0,0
201600051232,16,4,14,1030,1,2,3,1,3,102,4886780,234375,750,4,1,3,3,1,1,0,0,1,0,1,99,0
201600051233,16,4,14,1330,1,2,2,1,6,102,4886410,235009,750,4,1,0,0,1,1,0,0,1,0,0,99,0
201600051234,16,4,15,1440,1,2,5,1,2,102,4886680,234383,750,4,0,2,0,1,1,10,80,1,0,0,99,0
201600051235,16,4,25,1210,1,2,7,1,6,109,4887310,233165,750,4,1,0,0,1,1,0,0,1,0,1,0,0
201600051236,16,4,25,1830,2,2,4,2,3,101,4886230,232567,750,4,3,4,0,1,1,0,250,2,1,1,99,0
201600051237,16,5,3,1630,1,2,2,1,3,102,4886960,233150,750,4,2,2,0,1,1,0,60,1,0,1,0,0
201600051238,16,5,13,1120,1,2,3,1,6,102,4886520,235038,750,4,0,1,0,1,1,0,40,1,6,1,0,0
201600051239,16,5,19,1030,1,2,2,2,6,102,4886630,235202,750,4,1,0,0,1,1,0,0,2,0,1,99,0
201600051240,16,5,22,240,5,2,2,2,6,102,4886440,235150,750,4,1,0,0,1,1,0,0,2,5,1,0,0
201600051241,16,5,26,2120,5,2,1,1,7,102,4886770,234381,750,4,2,2,0,1,1,0,0,1,0,1,0,0
201600051242,16,6,1,1750,1,2,2,1,3,102,4886690,234943,750,4,1,3,3,1,1,0,0,1,5,1,0,0
201600051243,16,6,4,1945,1,2,7,1,6,102,4887060,233206,750,4,0,5,0,1,1,0,0,1,0,1,0,0
201600051244,16,6,8,1005,1,2,3,1,2,103,4886410,235136,750,4,1,4,3,1,1,0,0,1,0,1,99,0
201600051245,16,6,10,1145,1,2,7,1,6,101,4886560,234087,750,4,0,0,0,0,0,0,0,0,0,0,0,0
201600051246,16,6,11,1310,1,2,5,8,3,102,4886390,234908,750,4,2,3,3,0,0,0,114,0,0,1,0,0
201600051247,16,6,14,955,1,2,1,1,6,102,4887130,234456,750,4,2,4,0,1,1,0,0,2,0,1,99,0
201600051248,16,6,15,1430,1,2,1,1,6,102,4886830,235365,750,4,1,2,3,1,1,2,60,1,0,1,3,0
201600051249,16,6,18,1920,1,2,1,8,6,102,4886520,234336,750,4,2,3,0,1,1,0,0,2,0,1,0,0
201600051250,16,6,23,15,5,2,1,1,3,109,4887140,234387,750,4,2,3,0,1,1,0,40,1,0,1,0,0
201600051251,16,6,23,940,1,2,1,1,2,102,4886920,233114,750,4,2,2,0,1,0,0,0,0,0,1,99,0
201600051252,16,6,23,2300,5,2,3,1,6,102,4886880,234331,750,4,1,3,3,1,0,0,60,1,0,1,99,0
201600051253,16,7,1,1250,1,2,1,1,3,102,4886620,234353,750,4,2,3,0,1,1,0,60,1,0,1,99,0
201600051254,16,7,2,1440,1,2,2,1,3,102,4886870,235387,750,4,1,4,0,1,1,0,0,1,0,1,0,0
201600051255,16,7,26,1720,1,2,7,1,3,102,4886870,234133,750,4,1,1,0,1,1,0,30,1,0,1,99,0
201600051256,16,8,23,1420,1,2,5,1,2,102,4886750,233366,750,4,3,4,0,1,1,30,200,1,0,1,99,0
201600051257,16,9,5,1935,2,2,2,2,6,102,4887020,232993,750,4,1,2,0,1,1,0,0,2,5,1,99,0
201600051258,16,9,6,1520,1,2,5,1,3,102,4886970,235262,750,4,2,2,0,1,1,0,0,1,0,1,0,0
201600051259,16,9,8,1935,2,2,2,1,3,102,4886620,235251,750,4,1,3,0,1,1,0,0,1,0,1,0,0
201600051260,16,9,29,900,1,2,2,8,3,102,4886690,234943,750,4,1,3,3,1,1,0,156,1,0,1,0,0
201600051261,16,9,30,1415,1,2,1,1,6,102,4887130,233616,750,4,2,3,0,1,1,0,0,1,0,1,0,0
201600051262,16,10,3,1730,1,2,3,1,6,103,4886760,235329,750,4,1,4,0,1,1,0,120,1,5,1,0,0
201600051263,16,10,4,1015,1,2,2,1,6,102,4886920,234581,750,4,1,1,0,1,1,0,40,1,0,1,99,0
201600051264,16,10,4,1220,1,2,3,1,6,104,4885430,236373,750,4,2,3,0,1,1,0,0,1,0,1,0,0
201600051265,16,10,8,1930,5,2,3,1,3,104,4884900,236447,750,4,1,3,1,1,1,0,0,1,0,5,0,0
201600051266,16,10,11,1310,1,2,5,1,3,109,4887200,233998,750,4,4,1,0,1,1,0,0,1,0,1,99,0
201600051267,16,10,12,1815,1,2,2,1,6,101,4886750,233366,750,4,1,1,0,1,1,0,50,1,0,1,0,0
201600051268,16,10,14,1110,1,2,1,8,3,102,4886400,234836,750,4,2,3,0,1,1,0,0,1,0,1,3,0
201600051269,16,10,14,1235,1,2,2,1,6,102,4886930,235421,750,4,3,4,0,1,1,0,170,2,0,1,99,0
201600051270,16,10,14,2250,5,2,7,2,7,102,4886750,233366,750,4,3,4,0,1,1,0,150,2,0,1,0,0
201600051271,16,10,29,310,5,2,2,1,2,104,4885690,235380,750,4,1,2,3,1,1,15,90,1,0,1,0,0
201600051272,16,11,1,2340,5,2,2,1,3,109,4887150,234309,750,4,1,2,0,1,1,10,10,1,0,1,0,0
201600051273,16,11,5,50,5,2,1,2,2,109,4888300,233462,750,4,1,2,3,1,1,0,0,2,0,1,99,0
201600051274,16,11,5,1840,2,2,2,1,6,102,4886890,234008,750,4,1,1,0,1,0,0,0,1,0,1,0,0
201600051275,16,11,8,2241,5,2,2,2,6,101,4886700,233586,750,4,1,1,0,1,1,0,0,2,0,1,99,0
201600051276,16,11,9,735,1,2,3,3,2,101,4885900,233985,750,4,1,4,0,1,2,0,0,0,0,1,0,0
201600051277,16,11,10,1845,5,2,2,3,1,102,4886340,235094,750,4,2,4,0,1,1,0,120,2,0,1,3,0
201600051278,16,1,14,32,5,2,5,1,3,102,4886870,233310,750,4,1,2,0,1,0,0,0,1,0,1,0,0
201600051279,16,11,15,1715,2,2,1,2,6,101,4885820,234801,750,4,1,4,0,1,1,0,0,2,0,1,0,0
201600051280,16,11,18,49,5,2,7,2,3,102,4887030,233271,750,4,2,2,0,1,1,0,120,2,0,1,0,0
201600051281,16,11,17,2105,5,2,3,1,7,102,4886790,235343,750,4,1,3,3,1,0,0,0,1,0,1,0,0
201600051282,16,11,20,550,5,2,2,2,3,101,4886010,233333,750,4,1,5,3,1,1,0,0,2,0,1,0,0
201600051283,16,11,24,1400,1,2,1,1,6,102,4887190,234070,750,4,2,5,0,1,1,0,200,1,0,1,99,0
201600051284,16,12,9,25,5,2,1,1,6,102,4887080,233740,750,4,1,1,0,1,0,0,30,1,0,1,0,0
201600051285,16,12,12,2135,5,2,2,9,7,102,4887150,234309,750,4,2,3,0,1,1,0,0,2,0,1,0,0
201600051286,16,12,15,1803,5,2,3,1,3,101,4886150,233907,750,4,1,4,0,1,1,0,160,1,0,0,0,0
201600051287,16,12,26,1535,1,2,3,1,6,102,4886920,234314,750,4,1,2,0,1,1,0,0,1,0,1,99,0
201600051288,16,1,4,1640,2,2,7,1,3,102,4887020,233220,750,4,2,2,0,1,1,0,147,1,5,1,99,0
201600051289,16,1,6,1730,5,2,1,9,6,103,4886840,235947,750,4,2,4,0,1,1,15,130,2,0,1,0,0
201600051290,16,1,8,1100,1,2,2,1,3,103,4886890,235402,750,4,1,4,3,1,1,7,135,1,5,1,0,0
201600051291,16,1,11,1325,1,2,7,1,6,103,4886730,236338,750,4,2,6,0,1,1,21,80,2,0,1,0,0
201600051292,16,1,16,1130,1,2,1,1,7,102,4886680,234115,750,4,1,1,0,1,1,0,35,1,0,1,99,0
201600051293,16,1,19,1710,2,2,1,1,6,103,4885890,236064,750,4,1,1,0,1,1,0,35,1,0,1,99,0
201600051294,16,1,19,2225,5,2,2,1,6,103,4885990,236073,750,4,1,1,0,1,1,0,40,1,0,1,99,0
201600051295,16,1,20,1010,1,2,1,1,3,103,4886570,235220,750,4,3,4,3,1,0,7,125,1,0,1,99,0
201600051296,16,1,21,755,5,2,1,1,7,101,4886040,233224,750,4,1,2,0,1,1,0,69,1,1,1,99,0
201600051297,16,1,22,1400,1,2,5,3,3,103,4886900,235558,750,4,2,4,1,1,1,10,150,2,5,1,99,0
201600051298,16,1,24,630,5,2,7,1,3,101,4886010,233333,750,4,1,3,0,1,1,10,175,1,0,1,99,0
201600051299,16,1,26,1500,1,2,3,1,6,103,4885700,236733,750,4,1,1,0,1,1,0,67,1,0,1,99,0
201600051300,16,2,1,1540,1,2,3,8,6,103,4885940,236451,750,4,2,2,0,1,1,0,100,1,0,1,3,0
201600051301,16,2,6,1645,1,2,3,1,7,103,4885920,236763,750,4,2,6,0,1,0,0,230,1,0,1,0,0
201600051302,16,2,7,329,5,2,2,3,6,103,4886790,235497,750,4,1,3,0,1,1,10,110,2,0,1,0,0
201600051303,16,2,12,1345,1,2,1,3,6,103,4886710,236370,750,4,2,6,0,1,1,26,204,2,0,1,99,0
201600051304,16,2,17,101,5,2,3,1,2,103,4886120,235345,750,4,1,3,3,1,1,2,110,1,0,1,0,0
201600051305,16,2,17,2200,5,2,2,1,3,103,4886900,235558,750,4,2,2,0,1,1,0,130,1,0,1,99,0
201600051306,16,2,19,1350,1,2,2,1,3,103,4886590,235808,750,4,1,2,1,1,1,0,45,1,0,5,3,0
201600051307,16,2,19,1550,1,2,1,1,3,103,4886270,235379,750,4,2,2,0,1,1,0,112,1,0,1,0,0
201600051308,16,2,24,2145,5,2,1,1,6,109,4887160,234259,750,4,2,3,0,1,1,0,102,1,0,1,99,0
201600051309,16,2,25,925,1,2,2,1,6,103,4886600,235376,750,4,1,3,3,1,1,0,108,1,0,1,0,0
201600051310,16,2,27,1125,1,2,1,1,6,103,4886270,235379,750,4,2,3,0,1,1,0,115,1,0,4,0,0
201600051311,16,2,29,1940,5,2,7,1,3,104,4885330,236846,750,4,2,3,3,1,1,0,125,1,0,0,0,0
201600051312,16,3,3,201,5,2,7,2,2,103,4886800,236223,750,4,2,4,0,1,1,0,120,2,0,1,0,0
201600051313,16,3,4,1505,1,2,2,2,6,103,4886600,235376,750,4,1,1,3,1,1,0,102,2,0,1,99,0
201600051314,16,3,9,1345,1,2,7,1,6,103,4886730,236338,750,4,2,7,0,1,1,0,231,2,0,1,99,0
201600051315,16,3,9,1930,2,2,5,1,3,101,4886650,233413,750,4,2,3,0,1,1,0,61,1,5,1,99,0
201600051316,16,3,10,2040,5,2,4,1,6,103,4885920,236763,750,4,2,4,3,1,1,0,110,1,5,1,0,0
201600051317,16,3,12,1245,1,2,2,1,2,101,4886380,233207,750,4,1,4,2,1,1,0,140,1,0,1,99,0
201600051318,16,3,16,1836,5,2,1,1,2,101,4886480,233285,750,4,1,2,0,1,1,0,110,1,0,1,99,0
201600051319,16,3,16,2253,5,2,2,1,2,103,4886520,235713,750,4,1,3,3,1,1,0,90,1,0,1,0,0
201600051320,16,3,20,150,5,2,1,1,4,103,4885790,236796,750,4,2,3,3,1,1,0,120,1,0,1,0,0
201600051321,16,3,23,1535,1,2,1,1,3,103,4885710,236817,750,4,2,3,0,1,1,0,164,1,0,1,99,0
201600051322,16,3,25,810,1,2,2,2,6,109,4887240,233742,750,4,1,3,0,1,1,0,140,2,0,1,0,0
201600051323,16,3,29,915,1,2,3,1,6,104,4885490,235069,750,4,1,2,0,1,1,0,140,1,0,1,99,0
201600051324,16,3,31,1147,1,2,4,3,6,103,4885710,236443,750,4,2,2,0,1,1,0,77,2,0,1,3,0
201600051325,16,4,4,1820,1,2,1,1,6,103,4886680,236421,750,4,2,6,0,1,1,0,190,1,0,1,99,0
201600051326,16,4,5,1330,1,2,7,1,6,109,4887260,233575,750,4,1,1,0,1,1,10,125,1,0,1,99,0
201600051327,16,4,7,1640,1,2,1,2,6,103,4886580,236512,750,4,2,5,0,1,1,0,113,2,5,1,99,0
201600051328,16,4,9,2140,5,2,2,1,6,103,4886520,235713,750,4,1,1,0,1,1,0,38,2,0,1,99,0
201600051329,16,4,13,1640,1,2,5,2,3,103,4886550,235571,750,4,1,1,0,1,1,0,30,2,0,1,3,0
201600051330,16,4,21,2125,5,2,2,1,2,104,4885110,236217,750,4,1,2,0,1,1,0,54,1,0,1,0,0
201600051331,16,4,26,1840,1,2,2,2,6,102,4886440,235150,750,4,1,2,0,0,0,0,0,0,0,1,0,0
201600051332,16,4,27,20,5,2,1,8,3,103,4886870,235746,750,4,2,4,0,2,1,0,130,1,0,1,99,0
201600051333,16,4,29,10,5,2,2,1,6,102,4886390,234908,750,4,1,3,0,1,1,0,120,1,0,1,99,0
201600051334,16,4,30,100,5,2,3,1,3,103,4886240,235740,750,4,1,0,0,1,1,0,40,2,0,0,0,0
201600051335,16,4,30,1405,1,2,2,8,3,103,4886790,235497,750,4,1,3,3,1,1,0,43,1,0,1,99,0
201600051336,16,5,7,1210,1,2,2,1,3,102,4886740,234731,750,4,1,3,0,1,1,0,123,1,0,1,99,0
201600051337,16,5,9,1740,1,2,5,1,3,103,4886550,235571,750,4,1,3,0,1,1,0,110,1,5,1,99,0
201600051338,16,5,10,1215,1,2,3,1,6,103,4886560,235929,750,4,1,1,0,1,1,0,52,2,0,1,0,0
201600051339,16,5,13,940,1,2,3,1,3,103,4886550,235571,750,4,1,3,3,1,1,0,108,1,0,1,0,0
201600051340,16,5,22,105,5,2,2,1,3,103,4886360,236465,750,4,2,2,0,1,1,0,120,1,0,1,0,0
201600051341,16,5,23,1,5,2,4,3,2,103,4886530,236539,750,4,0,2,0,1,1,0,0,2,0,1,0,0
201600051342,16,5,27,830,1,2,5,1,3,101,4886390,234908,750,4,2,4,0,1,1,0,118,1,0,5,0,0
201600051343,16,5,27,1530,1,2,2,1,6,103,4886310,236198,750,4,1,1,0,1,1,0,75,1,0,1,0,0
201600051344,16,5,28,2330,5,2,2,1,2,103,4886480,235542,750,4,1,2,3,1,1,4,60,1,0,1,99,0
201600051345,16,5,31,2115,5,2,1,2,6,103,4886430,236017,750,4,2,2,0,1,1,0,60,2,0,1,99,0
201600051346,16,6,5,225,5,2,4,2,3,103,4886150,236458,750,4,2,0,0,1,1,0,100,2,0,1,0,0
201600051347,16,6,7,1845,1,2,3,1,7,103,4886410,235136,750,4,1,4,0,1,1,5,88,1,0,1,99,0
201600051348,16,6,9,850,1,2,3,1,6,103,4886450,235201,750,4,1,3,0,1,0,0,167,1,0,1,0,0
201600051349,16,6,9,1925,1,2,3,1,6,103,4886460,236581,750,4,2,6,0,1,1,10,171,1,0,4,99,0
201600051350,16,6,10,1450,1,2,1,1,7,103,4885940,236760,750,4,2,6,3,1,1,0,180,1,0,1,99,0
201600051351,16,6,10,1545,1,2,3,1,2,103,4886140,236714,750,4,2,6,3,1,1,0,260,1,0,1,0,0
201600051352,16,6,11,1520,1,2,1,1,6,103,4886350,235835,750,4,1,1,0,1,1,0,53,1,0,4,99,0
201600051353,16,6,15,1505,1,2,2,1,6,103,4886470,235967,750,4,2,2,0,1,3,0,86,1,5,1,99,0
201600051354,16,6,18,2020,1,2,1,1,2,103,4886830,235987,750,4,2,4,3,2,1,0,159,1,0,1,99,0
201600051355,16,6,20,1110,1,2,1,1,6,103,4886460,235529,750,4,1,2,3,1,1,0,84,2,0,1,99,0
201600051356,16,6,29,1725,1,2,3,1,2,103,4886250,236688,750,4,2,6,3,1,1,0,162,1,0,1,99,0
201600051357,16,6,30,1420,1,2,1,8,3,103,4886320,236463,750,4,2,2,0,1,1,0,64,1,0,1,0,0
201600051358,16,7,4,825,1,2,3,1,6,102,4886970,233888,750,4,1,2,0,1,1,0,90,1,0,1,0,0
201600051359,16,7,5,1130,1,2,3,1,6,103,4886160,235205,750,4,1,1,0,1,1,0,34,1,0,1,99,0
201600051360,16,7,5,2130,5,2,1,1,2,103,4886700,235440,750,4,1,3,0,1,1,6,86,1,0,1,0,0
201600051361,16,7,8,120,3,2,1,1,2,103,4886300,235321,750,4,2,2,0,1,1,0,70,1,0,1,0,0
201600051362,16,7,10,1400,1,2,1,1,7,103,4885830,236253,750,4,1,1,0,1,1,0,68,3,0,1,99,0
201600051363,16,7,13,1830,1,2,2,1,3,103,4886180,236127,750,4,1,1,0,1,1,0,51,1,0,1,99,0
201600051364,16,7,18,1305,1,2,2,7,3,103,4886600,235376,750,4,1,3,0,1,1,3,174,1,0,1,99,0
201600051365,16,7,20,2320,5,2,2,1,6,104,4885520,235280,750,4,2,4,0,1,1,0,60,1,6,1,0,0
201600051366,16,7,21,920,1,2,2,1,3,103,4886340,235094,750,4,2,2,0,1,1,0,130,1,0,1,99,0
201600051367,16,7,22,2050,2,2,7,1,6,103,4886800,236223,750,4,2,7,0,0,0,0,200,0,0,3,0,0
201600051368,16,7,27,1455,1,2,1,1,5,103,4886270,235379,750,4,2,3,0,1,1,0,91,1,1,1,0,0
201600051369,16,7,27,1955,1,2,2,1,3,103,4885860,236780,750,4,2,6,0,1,1,0,88,1,0,1,0,0
201600051370,16,7,31,2035,2,2,3,1,2,103,4886140,236714,750,4,3,4,0,1,1,0,89,1,0,1,99,0
201600051371,16,8,2,1125,1,2,2,2,5,103,4886430,235510,750,4,1,2,3,1,1,2,87,2,0,1,0,0
201600051372,16,8,3,1845,1,2,3,2,6,103,4886520,236017,750,4,1,3,0,1,1,0,139,2,0,1,0,0
201600051373,16,8,6,810,1,2,3,1,6,104,4885260,235980,750,4,2,4,0,1,1,0,117,1,0,1,0,0
201600051374,16,8,18,1640,1,2,2,8,7,103,4886010,236743,750,4,1,1,0,1,1,0,0,2,0,0,0,0
201600051375,16,8,23,1500,1,2,2,1,3,103,4886340,235094,750,4,1,4,3,1,1,2,142,1,0,1,0,0
201600051376,16,8,29,1700,1,2,3,1,2,103,4886030,236455,750,4,2,2,0,1,1,0,78,1,0,1,3,0
201600051377,16,9,2,930,1,2,3,1,6,103,4886490,236074,750,4,1,1,2,1,1,0,83,1,0,5,99,0
201600051378,16,9,5,10,5,2,2,2,3,103,4886550,235571,750,4,1,3,0,1,1,0,80,2,0,1,99,0
201600051379,16,9,6,1925,1,2,2,2,7,103,4886720,236302,750,4,2,5,0,1,1,0,145,1,0,1,99,0
201600051380,16,9,7,1150,1,2,5,1,3,103,4886480,235329,750,4,1,1,0,1,1,0,32,1,0,1,0,0
201600051381,16,9,7,1720,1,2,2,1,6,103,4886260,235419,750,4,1,3,0,1,1,5,126,1,0,1,99,0
201600051382,16,9,8,1140,1,2,1,1,6,103,4886310,235289,750,4,2,3,0,1,1,0,63,1,0,1,99,0
201600051383,16,9,8,2125,5,2,1,1,3,103,4886860,235820,750,4,2,3,0,1,1,0,90,1,0,1,99,0
201600051384,16,9,10,1535,1,2,3,1,2,103,4886140,236714,750,4,2,6,3,1,1,0,172,1,0,1,0,0
201600051385,16,9,15,15,5,2,2,3,5,103,4886440,235150,750,4,1,3,0,1,1,0,150,2,0,1,0,0
201600051386,16,9,17,1425,1,2,2,1,6,103,4886520,235713,750,4,1,1,0,1,1,0,95,1,0,0,99,0
201600051387,16,9,19,2125,5,2,2,1,6,101,4885850,234241,750,4,1,3,0,1,1,0,139,1,5,1,99,0
201600051388,16,9,22,1035,1,2,1,1,2,103,4886590,235422,750,4,1,3,0,1,1,0,0,1,0,1,0,0
201600051389,16,9,26,750,1,2,5,1,6,103,4886200,236454,750,4,1,1,0,1,1,0,65,1,5,1,99,0
201600051390,16,9,27,1430,1,2,2,1,2,103,4886620,235251,750,4,0,4,3,1,1,0,122,1,0,1,0,0
201600051391,16,9,28,945,1,2,2,1,3,103,4886600,235376,750,4,1,3,3,1,1,0,108,1,5,1,99,0
201600051392,16,10,3,1015,1,2,1,1,6,103,4886400,235290,750,4,1,1,0,1,1,0,25,1,0,1,3,0
201600051393,16,10,3,2010,5,2,7,1,6,103,4886730,236338,750,4,2,4,0,1,1,0,94,1,5,1,99,0
201600051394,16,10,5,840,1,2,1,1,6,101,4886310,232321,750,4,1,3,3,1,1,0,100,1,0,1,99,0
201600051395,16,10,7,1740,1,2,2,1,6,104,4885640,236428,750,4,2,2,3,1,1,0,60,1,0,1,99,0
201600051396,16,10,8,1915,2,2,7,1,3,103,4886730,236338,750,4,3,5,1,1,1,15,175,1,0,1,99,0
201600051397,16,10,9,1510,1,2,3,1,6,103,4886570,235688,750,4,2,2,0,1,1,0,195,0,0,1,0,0
201600051398,16,10,10,1440,1,2,1,1,6,103,4885960,236755,750,4,2,6,0,1,1,0,120,1,0,1,0,0
201600051399,16,10,11,1700,1,2,1,1,6,103,4886380,236629,750,4,2,5,3,2,1,0,160,1,0,1,0,0
201600051400,16,10,13,1800,1,2,2,1,6,103,4885590,236729,750,4,1,2,3,1,1,0,0,2,0,1,0,0
201600051401,16,10,14,615,5,2,2,1,6,103,4886530,235199,750,4,1,1,0,1,1,0,106,1,0,0,0,0
201600051402,16,10,14,1615,1,2,3,1,6,103,4886680,236178,750,4,1,2,0,1,1,0,0,1,0,1,0,0
201600051403,16,10,15,2110,5,2,1,1,3,104,4885510,234565,750,4,2,4,3,1,1,0,0,1,0,1,0,0
201600051404,16,10,17,858,1,2,1,1,6,103,4886650,236089,750,4,1,2,1,1,1,0,0,1,0,1,3,0
201600051405,16,10,18,1120,1,2,3,1,3,103,4886340,236151,750,4,0,1,0,1,1,0,0,1,0,1,99,0
201600051406,16,10,19,1730,1,2,5,3,2,101,4885850,234241,750,4,2,3,0,1,1,0,110,2,2,1,0,0
201600051407,16,10,21,1640,1,2,3,2,7,101,4886500,234066,750,4,2,2,0,1,1,0,90,2,0,1,0,0