Num_Acc,an,mois,jour,hrmn,lum,agg,int,atm,col,com,lat,long,dep,catr,circ,nbv,vosp,prof,plan,lartpc,larrout,surf,infra,situ,env1,killed
201600051408,16,10,24,1400,1,2,2,2,6,103,4886260,235980,750,4,1,1,0,1,1,0,43,2,0,1,99,0
201600051409,16,11,2,1445,1,2,2,1,6,103,4886380,235482,750,4,1,2,0,1,1,20,84,1,0,1,0,0
201600051410,16,11,4,1940,5,2,1,2,6,103,4885680,236824,750,4,2,6,3,1,1,0,180,2,0,1,99,0
201600051411,16,11,8,910,1,2,3,1,2,103,4886010,236743,750,4,2,6,3,1,1,0,250,1,0,1,0,0
201600051412,16,11,10,1440,1,2,2,2,2,103,4886120,235345,750,4,1,3,0,1,1,3,104,2,5,1,99,0
201600051413,16,11,10,2025,5,2,2,3,6,103,4886250,236688,750,4,2,6,0,1,1,10,173,2,5,1,99,0
201600051414,16,11,12,1730,5,2,1,2,6,111,4886150,236709,750,4,2,6,3,1,0,0,160,2,0,1,0,0
201600051415,16,11,15,430,5,2,4,2,6,103,4886680,236178,750,4,1,3,0,2,1,10,80,2,0,1,0,0
201600051416,16,11,15,1255,1,2,2,1,7,103,4886430,235304,750,4,1,1,0,1,1,0,33,2,0,1,3,0
201600051417,16,11,21,845,1,2,1,2,3,101,4885780,234495,750,4,1,4,3,1,0,0,121,2,0,1,99,0
201600051418,16,11,21,2055,5,2,3,1,3,103,4886240,235204,750,4,0,1,3,1,1,0,115,1,6,0,99,0
201600051419,16,11,24,920,1,2,2,1,3,102,4887150,234309,750,4,2,4,0,1,1,12,136,1,5,1,99,0
201600051420,16,11,24,1835,5,2,4,1,3,103,4886530,236539,750,4,2,5,3,1,1,0,149,1,0,1,0,0
201600051421,16,11,24,1950,5,2,2,1,3,103,4886720,236302,750,4,1,3,1,2,1,20,65,1,0,5,99,0
201600051422,16,11,26,1845,5,2,5,1,3,102,4886650,235109,750,4,1,4,0,1,1,0,125,1,0,1,99,0
201600051423,16,11,27,25,5,2,7,1,6,101,4885730,234679,750,4,1,4,0,1,1,0,200,1,0,1,0,0
201600051424,16,11,30,800,1,2,2,1,3,104,4885670,234891,750,4,1,4,0,1,1,0,110,1,0,1,99,0
201600051425,16,12,1,800,1,2,1,1,2,104,4885360,235718,750,4,2,4,0,1,1,0,118,1,0,1,99,0
201600051426,16,12,2,1335,1,2,2,1,3,102,4886690,234943,750,4,1,3,0,1,1,54,104,1,5,1,3,0
201600051427,16,12,3,415,5,2,5,1,5,103,4886900,235558,750,4,2,3,0,1,1,15,160,1,0,1,0,0
201600051428,16,12,3,1915,5,2,2,1,6,102,4886440,234667,750,4,2,3,0,1,1,0,100,1,0,1,0,0
201600051429,16,12,8,1500,1,2,5,1,2,109,4887780,233198,750,4,1,1,0,1,1,0,30,1,0,1,0,0
201600051430,16,12,8,1855,5,2,2,1,6,103,4886100,236722,750,4,1,1,0,1,1,0,44,1,0,1,99,0
201600051431,16,12,8,2110,5,2,1,1,1,103,4886100,235411,750,4,1,2,1,1,1,0,41,1,0,5,99,0
201600051432,16,12,12,1635,5,2,3,2,3,103,4886690,236220,750,4,1,1,0,1,1,14,83,2,0,1,99,0
201600051433,16,12,15,815,1,2,2,1,3,101,4885850,234820,750,4,1,4,0,1,1,0,146,1,0,1,0,0
201600051434,16,12,15,1830,5,2,3,1,2,103,4886820,235360,750,4,1,4,0,1,1,9,110,1,0,1,99,0
201600051435,16,12,17,1440,1,2,1,1,6,104,4885750,235751,750,4,1,1,0,1,1,0,61,1,0,1,0,0
201600051436,16,12,17,1525,1,2,3,1,7,103,4886850,235883,750,4,2,3,0,1,1,0,166,1,0,1,0,0
201600051437,16,12,18,1730,5,2,3,1,3,103,4886760,235329,750,4,1,4,3,1,1,7,139,1,0,1,99,0
201600051438,16,12,20,1525,1,2,1,1,3,103,4886220,235939,750,4,1,1,0,1,1,0,34,1,0,1,99,0
201600051439,16,12,20,2105,5,2,2,1,6,103,4886600,235376,750,4,0,3,0,1,1,5,110,1,0,4,99,0
201600051440,16,12,26,1445,1,2,2,1,3,102,4886890,235218,750,4,1,2,0,1,1,0,57,1,0,1,0,0
201600051441,16,12,28,1745,5,2,2,1,3,102,4886690,234943,750,4,1,4,3,1,1,0,104,1,5,1,99,0
201600051442,16,12,30,1915,5,2,1,1,6,104,4885830,235319,750,4,1,1,0,1,1,0,42,1,0,1,0,0
201600051443,16,1,4,2100,5,2,3,1,6,104,4885730,235235,750,4,1,2,0,1,0,0,70,1,0,1,0,0
201600051444,16,1,7,1130,1,2,1,2,2,104,4885400,235552,750,4,1,0,0,2,1,0,35,2,0,1,99,0
201600051445,16,1,9,425,5,2,2,1,6,104,4885730,234922,750,4,1,3,0,1,2,0,80,1,0,0,0,0
201600051446,16,1,10,915,1,2,1,1,2,104,4884950,236664,750,4,1,0,0,1,1,0,137,1,0,1,99,0
201600051447,16,1,15,2210,5,2,2,1,2,104,4885360,234707,750,4,1,0,0,1,1,0,0,1,0,1,99,0
201600051448,16,1,16,1150,1,2,2,1,6,102,4886930,235421,750,4,2,2,0,0,0,0,0,0,0,1,0,0
201600051449,16,1,16,2045,5,2,2,1,3,104,4885210,236560,750,4,1,1,0,1,1,0,35,1,0,1,99,0
201600051450,16,1,18,1815,5,2,1,1,2,104,4885250,236018,750,4,2,4,1,1,1,0,900,1,0,1,0,0
201600051451,16,1,26,1325,1,2,2,1,3,101,4885620,234643,750,4,1,1,0,1,1,0,90,1,0,1,0,0
201600051452,16,1,26,1535,1,2,1,1,2,104,4885020,236142,750,4,1,2,0,1,1,0,100,1,0,1,0,0
201600051453,16,1,27,2010,5,2,1,2,2,104,4885510,236104,750,4,1,1,3,1,1,0,42,2,6,1,99,0
201600051454,16,1,31,555,5,2,1,2,6,104,4885550,235159,750,4,1,2,0,1,3,0,70,2,0,1,99,0
201600051455,16,2,1,1410,1,2,4,1,6,104,4886160,235165,750,4,1,1,0,1,1,0,40,1,6,1,99,0
201600051456,16,2,2,2221,5,2,7,8,3,104,4885290,236834,750,4,1,6,0,1,2,0,350,1,0,1,99,0
201600051457,16,2,10,1727,2,2,1,8,3,104,4885700,234789,750,4,1,4,0,1,1,0,170,2,0,1,99,0
201600051458,16,2,11,1915,5,2,2,1,3,104,4885440,235494,750,4,1,1,0,1,1,0,0,1,0,1,0,0
201600051459,16,2,17,1425,1,2,2,1,3,103,4886250,236688,750,4,2,6,3,1,1,0,180,1,0,1,0,0
201600051460,16,2,18,1615,1,2,7,2,3,104,4885330,236846,750,4,1,3,0,1,1,0,180,2,5,1,99,0
201600051461,16,2,20,2050,5,2,1,1,6,104,4885480,235400,750,4,2,4,0,1,1,0,120,9,0,1,99,0
201600051462,16,2,21,1220,1,2,1,1,6,104,4885460,236287,750,4,2,3,0,1,1,0,130,1,0,1,99,0
201600051463,16,2,26,1900,5,2,3,1,4,104,4885690,234822,750,4,1,3,0,1,1,0,0,1,0,1,0,0
201600051464,16,2,29,1500,1,2,1,1,6,104,4885670,235853,750,4,1,1,0,1,1,0,3,1,0,1,3,0
201600051465,16,3,1,830,1,2,7,1,3,101,4886840,233028,750,4,2,4,0,1,1,0,120,1,0,1,0,0
201600051466,16,3,2,1935,5,2,7,8,6,104,4885610,235065,750,4,1,4,0,1,1,0,110,2,0,1,0,0
201600051467,16,3,4,2000,5,2,5,2,3,104,4885370,236896,750,4,2,6,3,1,1,0,270,2,0,1,99,0
201600051468,16,3,5,130,5,2,1,2,6,104,4885720,235291,750,4,1,4,0,1,1,0,0,2,0,4,0,0
201600051469,16,3,5,2020,2,2,2,1,3,109,4887680,233543,750,4,1,1,0,0,0,0,70,0,0,0,0,0
201600051470,16,3,5,2130,5,2,4,1,3,103,4886690,236220,750,4,2,3,3,1,1,12,180,1,0,1,99,0
201600051471,16,3,8,25,5,2,2,1,3,104,4885670,234891,750,4,1,3,0,1,1,0,136,1,0,1,99,0
201600051472,16,3,11,1730,1,2,2,1,6,104,4886200,235013,750,4,1,3,3,1,0,0,160,1,0,1,0,0
201600051473,16,3,11,1930,5,2,2,1,1,104,4885330,235779,750,4,2,3,0,1,1,0,0,1,0,1,0,0
201600051474,16,3,12,1315,1,2,1,1,6,103,4886510,235617,750,4,1,1,0,1,1,0,15,1,0,1,99,0
201600051475,16,3,17,950,1,2,3,1,2,101,4886530,232728,750,4,1,4,0,1,1,0,180,1,0,1,0,0
201600051476,16,3,17,1920,5,2,1,1,3,104,4884850,236615,750,4,1,2,0,1,1,0,90,1,0,1,0,0
201600051477,16,3,21,1630,1,2,2,1,3,104,4885290,236834,750,4,2,3,0,1,0,0,160,1,0,1,0,0
201600051478,16,3,23,1825,2,2,2,1,2,104,4885950,235251,750,4,1,2,0,1,1,0,0,1,0,1,3,0
201600051479,16,3,24,1530,1,2,1,1,3,101,4885630,234648,750,4,2,2,0,1,0,0,160,1,2,1,99,0
201600051480,16,3,30,1830,2,2,1,2,2,104,4884820,236330,750,4,1,2,0,1,1,10,60,2,1,1,99,0
201600051481,16,4,2,1040,1,2,3,1,3,104,4885350,236650,750,4,2,4,1,1,1,0,133,0,0,5,3,0
201600051482,16,4,3,1215,1,2,1,1,7,104,4885230,236624,750,4,2,3,0,1,1,0,140,2,0,1,99,0
201600051483,16,4,6,935,1,2,5,1,2,104,4885750,235141,750,4,1,3,0,1,1,0,60,1,0,1,0,0
201600051484,16,4,8,900,1,2,3,1,6,104,4885520,235280,750,4,1,0,0,1,1,0,0,1,0,1,0,0
201600051485,16,4,14,1420,1,2,7,1,3,104,4885290,236834,750,4,0,0,0,0,0,0,0,1,5,0,0,0
201600051486,16,4,14,2318,5,2,7,2,3,104,4885720,234729,750,4,2,4,0,1,0,150,100,2,5,1,99,0
201600051487,16,4,18,845,1,2,2,1,6,104,4885620,234643,750,4,1,1,0,1,1,0,90,1,0,1,0,0
201600051488,16,4,20,2055,5,2,1,1,3,104,4885420,236404,750,4,2,3,1,0,0,0,0,0,0,5,0,0
201600051489,16,4,22,1100,1,2,2,1,3,104,4885460,235514,750,4,1,0,0,1,1,0,80,1,0,1,0,0
201600051490,16,4,21,2105,5,2,3,1,1,104,4885590,236226,750,4,1,1,1,1,1,0,35,1,0,5,0,0
201600051491,16,4,26,830,1,2,5,8,3,101,4885880,234748,750,4,1,3,0,1,1,0,120,1,0,1,0,0
201600051492,16,4,29,1410,1,2,3,1,3,104,4885090,236728,750,4,1,2,0,1,1,0,0,1,0,0,0,0
201600051493,16,5,2,1130,1,2,4,1,2,104,4885520,235280,750,4,1,3,0,0,0,0,0,0,0,1,0,0
201600051494,16,5,2,1930,1,2,7,2,3,101,4885950,234009,750,4,2,5,0,1,1,0,170,1,0,1,0,0
201600051495,16,5,4,1545,1,2,2,1,3,104,4885690,235380,750,4,1,3,0,1,1,0,105,1,0,1,99,0
201600051496,16,5,5,1630,1,2,1,1,2,104,4885050,236028,750,4,2,4,0,1,1,0,63,1,2,1,0,0
201600051497,16,5,9,1140,1,2,1,1,4,103,4886010,236106,750,4,1,1,0,1,1,0,30,1,0,1,99,0
201600051498,16,5,12,2000,2,2,7,2,6,104,4885620,236574,750,4,0,1,0,1,1,0,60,2,0,1,99,0
201600051499,16,5,18,1805,1,2,2,3,2,104,4885670,234891,750,4,1,3,0,1,1,0,110,2,0,1,0,0
201600051500,16,5,19,835,1,2,1,2,2,104,4885780,235156,750,4,1,3,3,2,1,0,120,2,0,1,0,0
201600051501,16,5,19,1410,1,2,2,2,3,104,4885330,235779,750,4,2,4,0,1,1,0,140,2,0,1,0,0
201600051502,16,5,20,856,1,2,3,1,2,104,4885870,234832,750,4,1,4,0,1,1,0,165,1,0,1,0,0
201600051503,16,5,21,1430,1,2,1,1,6,104,4885970,235416,750,4,1,1,0,1,0,0,0,1,0,1,0,0
201600051504,16,5,21,1955,1,2,7,1,3,104,4885120,236265,750,4,1,3,0,1,1,0,100,1,0,1,0,0
201600051505,16,5,21,2100,2,2,2,1,2,104,4885750,235421,750,4,1,1,0,1,1,0,80,1,0,1,99,0
201600051506,16,5,23,1820,1,2,2,1,6,104,4885260,235217,750,4,1,2,0,1,1,0,8,1,0,0,0,0
201600051507,16,5,23,1830,1,2,7,1,6,104,4885770,234776,750,4,1,2,0,0,0,0,0,0,0,0,0,0
201600051508,16,5,25,625,1,2,3,1,7,104,4885520,235280,750,4,2,0,0,0,0,0,0,0,0,1,0,0
201600051509,16,5,25,1620,1,2,7,1,3,104,4885330,236846,750,4,1,3,0,1,2,0,176,1,0,1,99,0
201600051510,16,5,30,755,1,2,3,3,1,101,4886150,233907,750,4,2,4,3,1,1,0,150,2,0,1,0,0
201600051511,16,5,31,910,1,2,3,3,7,109,4887340,232969,750,4,1,4,0,1,0,6,132,2,0,0,0,0
201600051512,16,6,1,1410,1,2,1,1,6,104,4885290,236453,750,4,1,1,0,1,1,0,40,1,0,4,3,0
201600051513,16,6,2,1110,1,2,2,8,3,109,4887200,233998,750,4,1,2,0,1,1,0,88,1,0,1,0,0
201600051514,16,6,2,1618,1,2,3,1,6,104,4885350,236650,750,4,0,3,0,1,1,0,8,2,0,1,3,0
201600051515,16,6,7,1755,1,2,7,1,3,104,4885720,234729,750,4,1,4,0,1,1,0,170,1,0,1,99,0
201600051516,16,6,8,200,5,2,2,1,3,104,4885690,235380,750,4,1,3,0,1,1,5,120,1,0,1,99,0
201600051517,16,6,9,1415,1,2,2,1,3,104,4884950,236560,750,4,1,1,0,1,1,0,90,1,0,1,0,0
201600051518,16,6,10,1515,1,2,1,1,6,104,4885300,235861,750,4,2,4,0,1,1,0,100,1,0,1,0,0
201600051519,16,6,15,745,1,2,1,2,6,104,4885720,235291,750,4,1,3,3,1,1,3,103,2,0,1,0,0
201600051520,16,6,15,1445,1,2,1,1,6,104,4885510,236120,750,4,1,1,3,1,0,0,40,1,6,1,0,0
201600051521,16,6,15,2345,5,2,5,1,3,104,4885440,235494,750,4,2,4,0,1,1,0,134,1,0,1,99,0
201600051522,16,6,16,1330,1,2,2,2,2,104,4885510,236163,750,4,1,3,3,1,1,0,100,2,0,1,0,0
201600051523,16,6,19,40,5,2,3,1,6,104,4885870,235208,750,4,1,3,0,1,1,40,90,1,0,1,3,0
201600051524,16,6,27,1845,1,2,2,2,6,101,4886340,235094,750,4,2,4,0,1,1,0,100,2,0,0,99,0
201600051525,16,6,28,2100,2,2,2,1,6,104,4886060,234934,750,4,1,4,0,1,1,0,120,1,0,1,0,0
201600051526,16,7,1,1910,1,2,4,1,3,104,4884820,236497,750,4,1,2,1,1,1,0,68,1,0,5,99,0
201600051527,16,7,6,1210,1,2,1,1,6,104,4885700,235877,750,4,1,1,0,1,1,0,36,1,0,1,0,0
201600051528,16,7,6,1520,1,2,3,1,6,104,4885820,234907,750,4,1,3,0,1,1,1,105,1,0,1,0,0
201600051529,16,7,7,210,5,2,7,1,6,104,4885590,234744,750,4,0,2,0,1,1,0,125,1,0,1,99,0
201600051530,16,7,7,730,1,2,3,1,6,101,4885810,234566,750,4,1,1,0,1,1,0,25,1,0,1,99,0
201600051531,16,7,7,2020,1,2,2,1,3,104,4885340,236716,750,4,1,1,0,1,1,0,30,2,0,1,99,0
201600051532,16,7,8,220,5,2,2,1,3,104,4885690,235380,750,4,1,3,0,1,1,0,80,1,0,1,0,0
201600051533,16,7,8,2320,5,2,2,1,7,104,4885790,235017,750,4,1,3,0,1,1,5,120,1,0,1,99,0
201600051534,16,7,10,1130,1,2,1,1,6,104,4885230,235525,750,4,1,0,0,1,1,0,36,1,0,1,99,0
201600051535,16,7,12,1245,1,2,5,1,6,104,4885750,235141,750,4,1,3,0,1,1,0,100,1,0,1,0,0
201600051536,16,7,12,1855,1,2,1,1,6,104,4885510,236148,750,4,0,3,0,1,1,3,97,1,0,0,0,0
201600051537,16,7,10,2140,2,2,2,1,7,104,4885330,235779,750,4,0,2,0,1,1,0,0,1,0,1,0,0
201600051538,16,7,17,1030,1,2,3,1,6,104,4884970,236150,750,4,1,2,0,1,2,0,126,1,0,1,0,0
201600051539,16,7,20,1815,1,2,2,1,3,104,4885600,235796,750,4,1,2,0,1,1,0,160,1,0,1,0,0
201600051540,16,7,20,1700,1,2,3,1,3,104,4886030,235292,750,4,1,3,3,1,1,0,150,1,0,1,0,0
201600051541,16,7,21,1750,1,2,3,1,6,104,4885380,236329,750,4,1,1,0,1,1,0,70,1,0,1,3,0
201600051542,16,7,23,1530,1,2,3,1,6,104,4885360,234707,750,4,1,3,0,1,1,0,130,1,2,1,99,0
201600051543,16,7,25,940,1,2,4,1,3,104,4884900,236447,750,4,1,2,1,1,3,0,80,1,0,5,0,0
201600051544,16,7,25,1735,1,2,3,1,3,104,4885360,234707,750,4,1,3,0,1,1,0,127,2,0,1,99,0
201600051545,16,7,25,1820,1,2,2,1,3,104,4885390,236478,750,4,2,3,0,1,1,0,145,1,0,1,99,0
201600051546,16,7,29,240,5,2,7,1,6,103,4886660,236467,750,4,2,5,0,1,2,5,250,1,5,1,99,0
201600051547,16,7,30,510,5,2,1,1,6,104,4885140,236137,750,4,1,3,0,1,3,0,65,1,0,1,99,0
201600051548,16,8,4,1200,1,2,1,1,3,104,4884820,236356,750,4,1,2,0,1,1,0,60,2,0,1,99,0
201600051549,16,8,6,210,5,2,2,1,3,104,4885690,235380,750,4,1,3,0,1,1,0,66,1,0,1,99,0
201600051550,16,8,10,2045,2,2,2,1,3,103,4885720,236175,750,4,1,1,0,1,1,0,35,1,0,0,99,0
201600051551,16,8,14,737,1,2,7,1,6,104,4885770,234776,750,4,1,5,0,1,1,0,130,1,0,1,99,0
201600051552,16,8,14,1350,1,2,3,1,6,104,4885350,236650,750,4,2,3,0,1,1,0,125,1,0,1,0,0
201600051553,16,8,18,1635,1,2,3,8,7,104,4884970,236150,750,4,1,2,0,1,1,0,100,2,0,1,0,0
201600051554,16,8,19,1435,1,2,1,2,2,104,4885510,234565,750,4,2,3,3,1,1,0,150,2,0,1,99,0
201600051555,16,8,20,1740,1,2,3,1,6,104,4885590,236226,750,4,1,1,0,1,1,0,40,1,0,1,0,0
201600051556,16,8,22,1215,1,2,2,1,3,102,4886700,235294,750,4,1,1,0,1,1,0,54,1,0,1,0,0
201600051557,16,8,22,1635,1,2,1,1,6,104,4886080,235457,750,4,0,1,0,1,0,0,35,1,0,0,0,0
201600051558,16,8,22,2115,5,2,3,1,6,102,4887090,234284,750,4,1,2,3,1,1,0,90,1,0,1,0,0
201600051559,16,8,23,1645,1,2,5,1,3,104,4885750,235141,750,4,1,3,0,1,0,0,90,1,0,1,0,0
201600051560,16,8,24,950,1,2,1,1,6,101,4886260,233567,750,4,1,4,0,1,1,0,147,1,0,1,99,0
201600051561,16,8,24,1630,1,2,4,1,3,102,4887020,232993,750,4,2,2,0,1,1,0,0,1,0,1,0,0
201600051562,16,8,25,1025,1,2,2,1,3,104,4885250,236672,750,4,2,3,3,1,1,0,120,1,0,1,0,0
201600051563,16,8,26,300,4,2,2,1,6,104,4885520,235280,750,4,0,1,0,1,1,35,120,1,0,1,99,0
201600051564,16,8,26,2055,5,2,7,1,2,101,4885730,234679,750,4,1,3,0,1,1,30,160,1,0,1,99,0
201600051565,16,8,29,2005,2,2,7,1,3,104,4885330,236846,750,4,0,4,0,1,0,0,250,1,0,1,99,0
201600051566,16,8,31,1440,1,2,1,1,6,101,4885870,234126,750,4,1,4,3,1,1,0,160,1,0,1,99,0
201600051567,16,9,2,705,1,2,2,1,6,109,4887220,233829,750,4,1,3,0,1,1,30,160,1,0,1,0,0
201600051568,16,9,2,1700,1,2,2,1,6,104,4885600,235089,750,4,1,0,0,1,1,0,50,1,2,0,99,0
201600051569,16,9,7,1115,1,2,1,1,3,104,4885540,235232,750,4,2,4,0,1,1,0,90,1,0,1,0,0
201600051570,16,9,6,2140,5,2,2,1,2,104,4885630,235657,750,4,1,3,0,1,1,0,90,1,0,1,99,0
201600051571,16,9,8,830,1,2,1,1,6,104,4885170,236170,750,4,2,7,1,1,1,0,260,1,0,5,3,0
201600051572,16,9,8,1600,1,2,7,1,3,104,4885290,236834,750,4,1,3,0,1,0,0,300,1,0,1,99,0
201600051573,16,9,9,1120,1,2,3,1,3,104,4885350,236650,750,4,2,3,0,1,1,0,125,1,0,1,0,0
201600051574,16,9,11,300,5,2,2,1,6,104,4885330,235779,750,4,0,2,0,1,1,0,110,1,0,1,0,0
201600051575,16,9,15,1015,1,2,3,3,7,104,4885240,236043,750,4,1,2,0,1,1,0,35,2,0,1,0,0
201600051576,16,9,15,1225,1,2,1,8,3,104,4884990,236190,750,4,2,1,0,1,1,0,40,2,0,1,99,0
201600051577,16,9,17,655,1,2,3,1,6,104,4884890,236252,750,4,1,2,0,1,1,0,100,1,0,1,99,0
201600051578,16,9,21,1645,1,2,1,1,6,104,4885520,236032,750,4,1,1,0,1,1,0,40,1,6,1,99,0
201600051579,16,9,23,2230,5,2,7,1,4,104,4885720,234729,750,4,1,3,3,1,1,0,0,1,0,1,0,0
201600051580,16,9,24,2230,5,2,1,1,3,104,4885450,235454,750,4,2,2,0,1,1,0,110,1,0,1,99,0
201600051581,16,9,28,2125,2,2,1,1,6,104,4885770,235089,750,4,1,2,0,1,1,0,130,1,0,1,0,0
201600051582,16,9,30,1315,1,2,2,1,3,104,4886120,235345,750,4,1,3,3,0,0,0,100,0,0,0,0,0
201600051583,16,10,2,1213,1,2,3,1,5,104,4885520,236113,750,4,1,2,0,1,1,0,75,1,0,1,0,0
201600051584,16,10,7,1605,1,2,1,1,6,104,4884830,236339,750,4,0,2,0,1,0,0,55,1,0,1,0,0
201600051585,16,10,10,1840,1,2,1,2,7,104,4885460,235443,750,4,2,4,0,1,1,0,120,2,0,1,99,0
201600051586,16,10,11,1250,1,2,2,1,6,104,4885390,236478,750,4,2,4,3,1,1,0,180,1,0,1,0,0
201600051587,16,10,15,1525,1,2,3,1,3,101,4885830,234337,750,4,1,2,0,1,1,0,126,1,0,1,99,0
201600051588,16,10,16,2225,5,2,2,1,3,104,4885370,236561,750,4,2,2,0,1,1,0,145,1,0,1,3,0
201600051589,16,10,21,1000,1,2,1,8,2,103,4886580,235227,750,4,1,3,0,1,1,0,125,2,0,1,0,0
201600051590,16,10,27,1220,1,2,2,1,3,104,4885690,235380,750,4,1,2,3,1,1,40,100,1,0,1,99,0
201600051591,16,11,5,700,5,2,7,2,6,104,4885370,236896,750,4,1,4,0,1,2,0,100,2,0,1,99,0
201600051592,16,11,9,1135,1,2,2,2,6,104,4885460,236271,750,4,1,1,0,1,1,200,100,2,0,1,99,0
201600051593,16,11,10,1900,5,2,3,2,6,104,4885290,235896,750,4,2,4,0,1,1,0,160,2,0,1,99,0
201600051594,16,11,12,1310,1,2,2,1,3,104,4885510,235021,750,4,1,1,0,1,0,0,100,1,0,1,0,0
201600051595,16,11,16,1925,5,2,2,1,3,104,4885440,235494,750,4,2,2,1,1,1,0,100,1,0,1,0,0
201600051596,16,11,23,1100,1,2,3,1,3,103,4886900,235558,750,4,2,2,0,1,1,0,100,2,0,1,99,0
201600051597,16,11,28,1700,2,2,3,1,3,104,4885260,235980,750,4,1,2,1,1,1,0,36,1,0,5,99,0
201600051598,16,11,29,1820,2,2,3,1,2,104,4885090,236728,750,4,1,2,0,1,1,0,0,1,0,1,0,0
201600051599,16,11,30,1240,1,2,1,1,6,104,4885380,234636,750,4,2,2,0,1,1,0,80,1,0,1,0,0
201600051600,16,12,1,1100,1,2,2,1,3,104,4885950,235251,750,4,1,3,3,1,1,0,120,1,0,1,0,0
201600051601,16,12,4,1640,2,2,7,1,3,104,4885720,234729,750,4,1,5,0,1,2,0,150,1,0,1,99,0
201600051602,16,12,5,2210,5,2,1,1,6,104,4885570,235154,750,4,2,0,0,1,1,0,0,0,0,1,99,0
201600051603,16,12,8,1610,1,2,1,1,6,104,4884940,236178,750,4,1,2,0,1,1,0,55,1,0,1,0,0
201600051604,16,12,9,420,5,2,1,1,6,104,4885300,235861,750,4,2,4,0,2,1,8,137,1,0,1,99,0
201600051605,16,12,10,1950,5,2,2,1,3,104,4885850,235524,750,4,1,1,0,1,1,0,70,1,0,1,3,0
201600051606,16,12,13,2310,5,2,1,1,2,104,4885460,235431,750,4,2,0,0,1,1,0,0,1,0,0,99,0
201600051607,16,12,15,1100,1,2,1,1,6,104,4886010,235352,750,4,1,1,0,1,1,0,30,1,0,1,99,0
201600051608,16,12,19,1510,1,2,3,1,3,104,4885650,234947,750,4,1,4,0,1,1,0,100,1,0,1,0,0
201600051609,16,12,21,920,1,2,2,1,3,101,4885850,234820,750,4,1,3,3,1,1,0,170,1,0,1,99,0
201600051610,16,12,22,240,5,2,2,2,3,104,4886010,234907,750,4,1,4,3,1,1,5,150,2,5,1,99,0
201600051611,16,12,22,1230,1,2,3,1,2,104,4885040,236002,750,4,1,1,0,1,3,0,40,0,0,0,99,0
201600051612,16,12,23,105,5,2,7,1,3,104,4885290,236834,750,4,0,3,0,1,0,0,0,1,0,1,99,0
201600051613,16,12,27,1315,1,2,7,1,3,104,4885680,235104,750,4,1,3,0,1,1,0,100,1,0,1,0,0
201600051614,16,12,27,2355,5,2,2,1,2,101,4885790,234719,750,4,1,2,0,1,1,0,150,1,0,1,99,0
201600051615,16,1,3,110,5,2,2,1,6,105,4885240,234822,750,4,1,3,0,1,1,0,65,1,0,1,99,0
201600051616,16,1,5,1750,2,2,2,1,1,105,4885000,235486,750,4,1,2,0,1,1,0,60,1,0,1,0,0
201600051617,16,1,8,1320,1,2,1,1,6,105,4884260,236150,750,4,1,1,0,1,1,10,30,1,0,1,3,0
201600051618,16,1,11,1425,1,2,5,8,2,105,4884890,234981,750,4,2,2,0,2,1,0,90,2,0,1,0,0
201600051619,16,1,14,1832,5,2,1,2,2,105,4883960,234773,750,4,2,0,0,2,1,0,0,2,0,1,0,0
201600051620,16,1,14,1830,5,2,3,2,6,105,4884070,235397,750,4,2,2,0,1,1,0,80,2,0,1,99,0
201600051621,16,1,16,1035,1,2,2,1,6,105,4883800,235582,750,4,2,4,3,1,1,24,141,1,0,1,0,0
201600051622,16,1,16,1150,1,2,2,1,3,105,4885140,234314,750,4,1,3,3,1,1,0,147,1,0,1,0,0
201600051623,16,1,17,1525,1,2,5,1,3,105,4883680,235183,750,4,2,4,0,1,1,0,160,1,0,1,0,0
201600051624,16,1,17,2000,3,2,2,1,2,105,4884170,233777,750,4,2,4,3,1,1,0,160,1,0,1,0,0
201600051625,16,1,26,100,5,2,1,1,6,105,4883770,235478,750,4,2,4,0,1,1,0,142,1,0,1,3,0
201600051626,16,1,28,1900,5,2,3,1,6,105,4884740,235315,750,4,2,3,0,1,1,0,140,1,0,1,0,0
201600051627,16,1,29,920,1,2,1,1,2,105,4884590,235183,750,4,2,2,0,1,1,0,110,1,0,1,0,0
201600051628,16,1,30,100,5,2,3,2,2,105,4883920,233832,750,4,2,4,0,1,1,10,130,2,0,1,0,0
201600051629,16,1,30,1,5,2,1,1,6,105,4885320,234688,750,4,1,3,0,1,1,0,60,2,2,1,0,0
201600051630,16,2,5,807,1,2,1,1,3,105,4884020,233901,750,4,1,1,0,1,0,0,30,1,0,1,3,0
201600051631,16,2,6,1125,1,2,7,1,6,105,4885000,234881,750,4,0,0,0,1,1,0,0,1,0,0,0,0
201600051632,16,2,6,2015,5,2,2,1,3,105,4884950,235288,750,4,1,3,3,1,1,0,0,1,0,0,0,0