Num_Acc,an,mois,jour,hrmn,lum,agg,int,atm,col,com,lat,long,dep,catr,circ,nbv,vosp,prof,plan,lartpc,larrout,surf,infra,situ,env1,killed
201600051633,16,2,9,2005,1,2,2,1,2,105,4884910,234661,750,4,2,3,3,1,1,0,80,2,0,1,3,0
201600051634,16,2,10,945,1,2,7,1,4,105,4885380,234427,750,4,0,3,0,1,1,0,175,1,2,1,99,0
201600051635,16,2,12,1200,1,2,1,2,6,105,4885170,234598,750,4,1,3,0,1,1,0,80,2,0,1,3,0
201600051636,16,2,14,550,5,2,1,1,6,105,4884290,235141,750,4,1,1,0,1,1,0,0,1,0,1,99,0
201600051637,16,2,15,1240,1,2,3,1,3,105,4883700,235269,750,4,2,4,0,1,1,10,120,1,0,1,0,0
201600051638,16,2,16,1230,1,2,4,1,7,105,4885110,234618,750,4,1,0,0,1,1,0,80,1,0,1,3,0
201600051639,16,2,18,1820,5,2,2,1,3,105,4883890,233968,750,4,2,4,0,1,1,0,80,2,0,1,0,0
201600051640,16,2,18,2155,5,2,2,8,3,105,4885280,234661,750,4,1,1,0,1,1,0,110,2,0,1,0,0
201600051641,16,2,20,520,5,2,1,2,6,105,4884170,235783,750,4,1,1,0,1,1,0,67,2,0,1,99,0
201600051642,16,2,25,917,1,2,2,7,3,105,4884940,235682,750,4,2,3,0,1,1,0,50,1,0,1,0,0
201600051643,16,2,27,1525,1,2,1,1,3,105,4884520,234156,750,4,2,3,0,2,1,0,0,1,0,1,99,0
201600051644,16,2,27,1930,5,2,1,1,3,105,4883790,234414,750,4,2,4,0,2,1,0,0,1,0,1,0,0
201600051645,16,2,29,743,1,2,2,1,3,105,4883960,235630,750,4,1,1,0,1,0,0,60,1,0,1,0,0
201600051646,16,3,2,1640,1,2,7,4,6,105,4884740,234082,750,4,2,4,0,2,1,5,120,2,0,1,0,0
201600051647,16,3,3,2045,5,2,3,1,3,105,4885060,234641,750,4,1,3,0,1,1,5,100,1,0,1,0,0
201600051648,16,3,4,1310,1,2,3,1,6,105,4884240,235446,750,4,2,2,0,1,1,0,0,1,0,1,3,0
201600051649,16,3,4,2135,5,2,2,3,3,105,4884810,235040,750,4,2,0,0,2,1,0,60,2,0,1,0,0
201600051650,16,3,8,1050,1,2,5,1,2,105,4885080,234548,750,4,1,3,0,1,0,0,0,1,0,1,0,0
201600051651,16,3,8,1100,1,2,2,1,2,105,4884940,235611,750,4,2,1,0,1,1,0,40,1,0,1,0,0
201600051652,16,3,8,1850,5,2,3,1,6,105,4884490,234233,750,4,1,1,0,1,1,0,90,1,0,1,0,0
201600051653,16,3,8,1850,2,2,1,1,3,105,4884270,236381,750,4,2,6,0,1,1,0,180,1,0,1,0,0
201600051654,16,3,14,1010,1,2,7,1,2,105,4884650,234472,750,4,2,4,0,1,1,0,120,1,0,1,99,0
201600051655,16,3,14,1820,2,2,3,1,2,105,4884300,235216,750,4,2,0,0,1,1,0,0,1,0,1,0,0
201600051656,16,3,15,1840,2,2,1,1,2,105,4883790,234414,750,4,2,4,3,2,1,0,30,1,0,1,99,0
201600051657,16,3,17,2216,5,2,3,1,3,105,4884250,233818,750,4,2,0,0,1,1,0,0,1,0,0,0,0
201600051658,16,3,23,1429,1,2,2,1,6,105,4884610,234295,750,4,1,1,0,2,1,0,60,1,0,1,99,0
201600051659,16,3,25,900,1,2,2,2,3,105,4884120,235596,750,4,2,2,0,1,1,0,150,2,0,1,3,0
201600051660,16,3,31,1239,1,2,1,2,6,105,4884640,234740,750,4,2,2,0,1,1,0,50,2,0,1,3,0
201600051661,16,4,5,1605,1,2,2,1,6,105,4884960,235032,750,4,1,3,3,1,1,0,204,1,0,1,3,0
201600051662,16,4,5,2030,5,2,2,1,3,105,4885140,234314,750,4,2,4,3,2,1,0,143,1,0,1,99,0
201600051663,16,4,6,2035,5,2,4,2,3,105,4884180,236319,750,4,2,6,0,1,1,0,140,2,0,1,0,0
201600051664,16,4,11,1730,1,2,2,8,3,105,4884220,235202,750,4,2,2,0,2,1,0,30,1,0,1,0,0
201600051665,16,4,13,1300,1,2,1,1,7,105,4885210,234350,750,4,2,4,0,1,1,0,115,1,0,0,0,0
201600051666,16,4,14,10,5,2,2,1,2,105,4885280,234661,750,4,1,3,1,1,1,0,0,1,0,5,0,0
201600051667,16,4,15,130,5,2,4,1,3,105,4884940,235611,750,4,1,4,0,1,1,0,80,1,0,1,99,0
201600051668,16,4,20,139,5,2,1,1,6,105,4884910,235762,750,4,2,4,0,1,1,0,110,1,0,1,99,0
201600051669,16,4,20,900,1,2,7,1,6,105,4884520,234509,750,4,1,0,0,1,1,0,0,1,0,1,99,0
201600051670,16,4,21,1450,1,2,2,1,6,105,4885080,234548,750,4,1,2,0,1,1,0,130,1,0,1,0,0
201600051671,16,5,1,1340,1,2,2,1,3,105,4885220,234629,750,4,1,2,0,0,0,0,0,0,0,1,0,0
201600051672,16,5,2,1700,1,2,1,1,3,105,4884080,234475,750,4,2,2,0,2,1,0,80,1,0,1,0,0
201600051673,16,5,7,1305,1,2,2,1,3,105,4885140,234314,750,4,1,3,3,1,1,0,0,1,5,1,0,0
201600051674,16,5,8,1707,1,2,5,1,6,105,4883840,235703,750,4,2,4,0,1,1,8,128,1,0,1,0,0
201600051675,16,5,11,1505,1,2,2,3,6,105,4884960,235032,750,4,1,1,0,0,1,0,48,2,0,0,0,0
201600051676,16,5,12,920,1,2,5,1,6,105,4884940,235682,750,4,0,2,0,0,0,0,0,0,0,0,0,0
201600051677,16,5,12,1530,1,2,2,3,3,105,4884710,235120,750,4,2,2,0,2,1,0,120,2,0,1,99,0
201600051678,16,5,13,1255,1,2,4,1,3,105,4884330,236427,750,4,0,0,0,0,0,0,0,0,0,0,0,0
201600051679,16,5,13,1455,1,2,7,1,6,105,4884430,233915,750,4,2,4,0,1,1,0,200,1,0,1,0,0
201600051680,16,5,15,1335,1,2,2,1,6,105,4884960,235032,750,4,1,3,0,1,1,0,130,1,0,1,3,0
201600051681,16,5,16,940,1,2,2,1,6,105,4883800,235582,750,4,2,2,0,1,1,0,0,1,6,1,3,0
201600051682,16,5,17,2115,5,2,2,1,3,105,4884940,235682,750,4,1,2,0,1,1,0,70,1,0,1,99,0
201600051683,16,5,18,1200,1,2,2,8,6,106,4885270,233770,750,4,1,3,0,1,1,0,150,1,0,1,0,0
201600051684,16,5,23,1250,1,2,3,2,6,105,4885130,234349,750,4,1,2,0,1,1,0,0,2,0,1,0,0
201600051685,16,5,28,2325,5,2,1,1,3,105,4884570,235192,750,4,2,0,0,1,1,0,60,1,0,1,99,0
201600051686,16,5,31,1450,1,2,2,2,6,105,4884680,234331,750,4,2,4,0,2,1,0,140,2,0,1,0,0
201600051687,16,6,1,1800,1,2,2,1,3,105,4884210,234130,750,4,1,1,0,1,1,0,54,1,0,1,0,0
201600051688,16,6,2,20,5,2,2,3,3,105,4885140,234314,750,4,2,3,3,1,1,5,120,2,0,1,0,0
201600051689,16,6,3,150,5,2,2,1,3,105,4885020,234517,750,4,1,0,0,1,1,0,0,2,0,1,0,0
201600051690,16,6,3,1510,1,2,7,1,5,105,4884430,233915,750,4,2,4,0,2,1,4,140,1,0,1,99,0
201600051691,16,6,4,550,2,2,2,1,6,105,4885140,234314,750,4,1,3,0,1,1,0,0,1,0,1,0,0
201600051692,16,6,7,1625,1,2,7,1,3,105,4884650,234724,750,4,1,2,0,1,1,0,60,1,0,1,3,0
201600051693,16,6,8,1615,1,2,3,1,3,105,4884680,236095,750,4,2,0,3,0,0,0,0,0,0,1,0,0
201600051694,16,6,8,2225,5,2,1,1,3,105,4884720,234134,750,4,2,2,0,2,1,0,140,1,0,1,99,0
201600051695,16,6,9,1213,1,2,2,1,6,105,4884270,235212,750,4,2,1,0,1,1,0,0,1,0,1,99,0
201600051696,16,6,12,717,1,2,2,8,3,105,4885080,234548,750,4,0,2,3,1,1,0,0,2,0,1,3,0
201600051697,16,6,12,1650,1,2,3,1,1,105,4884130,234351,750,4,2,2,0,1,1,50,50,1,0,1,99,0
201600051698,16,6,13,1100,1,2,5,1,3,105,4883840,235068,750,4,2,3,0,1,0,0,80,1,0,0,0,0
201600051699,16,6,13,1350,1,2,2,1,6,105,4885280,234661,750,4,1,3,0,1,1,0,90,1,0,1,99,0
201600051700,16,6,14,1700,1,2,2,1,6,105,4885080,234548,750,4,1,3,3,1,1,8,146,1,0,1,3,0
201600051701,16,6,16,830,1,2,1,1,3,105,4884910,235762,750,4,2,4,0,1,1,0,140,1,0,1,99,0
201600051702,16,6,16,2117,1,2,3,1,4,105,4885340,234408,750,4,2,4,0,1,1,0,172,1,0,0,99,0
201600051703,16,6,21,1945,1,2,2,1,6,105,4884740,235315,750,4,2,2,0,1,1,0,120,1,0,1,3,0
201600051704,16,6,22,1400,1,2,3,1,3,105,4885180,234963,750,4,1,4,2,1,1,0,120,1,0,1,0,0
201600051705,16,6,22,2000,1,2,2,1,6,105,4884120,235596,750,4,2,2,0,2,1,0,50,2,0,1,3,0
201600051706,16,6,25,456,5,2,1,1,6,105,4884190,233783,750,4,2,4,3,1,1,0,140,2,0,1,99,0
201600051707,16,6,25,1130,1,2,3,1,6,105,4883830,234203,750,4,2,4,3,1,1,0,70,1,0,1,0,0
201600051708,16,6,27,830,1,2,2,2,2,105,4883970,235656,750,4,1,1,0,2,0,15,50,2,0,1,3,0
201600051709,16,6,28,2040,1,2,2,1,6,105,4885150,234721,750,4,0,1,0,2,1,0,0,1,0,1,0,0
201600051710,16,6,29,1610,1,2,1,1,2,105,4884720,234171,750,4,2,2,0,2,0,0,0,1,0,1,0,0
201600051711,16,6,29,1945,1,2,1,1,3,105,4885310,234682,750,4,1,3,0,1,0,0,90,1,0,1,0,0
201600051712,16,6,30,15,5,2,1,1,6,105,4884420,235040,750,4,1,1,0,2,1,0,40,1,0,1,0,0
201600051713,16,6,30,820,1,2,2,8,3,105,4884220,235202,750,4,2,2,0,2,1,0,120,1,0,1,3,0
201600051714,16,7,1,150,5,2,2,1,3,105,4884950,235439,750,4,1,2,0,1,1,0,120,1,0,1,0,0
201600051715,16,7,1,1815,1,2,7,8,3,105,4884130,234357,750,4,2,2,0,1,0,0,0,1,0,1,0,0
201600051716,16,7,4,1345,1,2,7,1,3,105,4885030,234450,750,4,1,1,0,1,1,0,66,1,0,1,3,0
201600051717,16,7,6,950,1,2,7,1,3,105,4884170,233777,750,4,2,4,0,1,1,0,0,1,0,1,99,0
201600051718,16,7,6,2040,2,2,2,7,6,105,4884990,234360,750,4,2,3,0,1,1,0,100,1,0,1,99,0
201600051719,16,7,7,1405,1,2,2,1,3,105,4883840,235703,750,4,2,2,0,1,1,0,0,1,0,1,0,0
201600051720,16,7,7,2300,5,2,2,1,3,105,4883940,233755,750,4,1,1,0,1,1,25,175,1,0,1,0,0
201600051721,16,7,12,1444,1,2,1,1,3,105,4883770,235117,750,4,2,4,1,1,1,0,120,1,0,5,0,0
201600051722,16,7,13,1920,1,2,1,1,3,105,4884910,235572,750,4,2,2,0,1,1,0,100,1,0,1,0,0
201600051723,16,7,19,2036,1,2,3,1,2,105,4884940,235682,750,4,2,3,3,0,0,0,0,0,0,1,0,0
201600051724,16,7,23,850,1,2,1,1,3,105,4883980,234024,750,4,1,1,1,1,1,0,70,1,0,5,0,0
201600051725,16,7,27,2000,1,2,2,1,3,105,4884270,235212,750,4,2,2,0,0,0,0,80,1,0,1,0,0
201600051726,16,7,29,1732,1,2,2,1,3,105,4884700,234061,750,4,2,4,3,1,1,0,160,1,0,1,0,0
201600051727,16,7,29,1845,1,2,1,1,3,105,4884490,235222,750,4,2,2,0,1,1,0,0,1,0,1,99,0
201600051728,16,7,29,2050,2,2,1,1,3,105,4883780,234461,750,4,2,4,0,1,1,0,160,1,0,1,0,0
201600051729,16,7,30,2340,5,2,2,1,3,105,4885000,235486,750,4,1,3,0,1,1,0,110,1,0,1,99,0
201600051730,16,7,30,2000,1,2,3,1,3,105,4885040,235354,750,4,1,1,0,1,1,0,100,1,0,1,99,0
201600051731,16,7,31,1335,1,2,7,1,3,105,4884550,234685,750,4,1,1,0,1,1,0,90,1,0,1,3,0
201600051732,16,8,1,2015,1,2,1,1,6,105,4884040,234069,750,4,1,1,1,1,1,0,70,1,0,4,99,0
201600051733,16,8,4,1820,1,2,2,1,3,105,4884030,234595,750,4,2,0,0,2,1,0,0,1,0,1,0,0
201600051734,16,8,4,2150,5,2,7,8,6,105,4885380,234427,750,4,1,0,0,1,1,0,80,2,0,1,0,0
201600051735,16,8,5,1400,1,2,2,1,2,105,4884660,235159,750,4,0,1,0,0,1,0,70,1,5,1,0,0
201600051736,16,8,8,840,1,2,2,1,6,105,4885080,234548,750,4,1,4,3,1,1,8,142,1,0,1,0,0
201600051737,16,8,12,2225,5,2,3,1,2,105,4885110,234442,750,4,1,4,0,1,1,0,120,1,0,1,0,0
201600051738,16,8,13,2140,5,2,1,1,6,105,4885250,234366,750,4,3,4,3,1,1,0,140,1,0,0,0,0
201600051739,16,8,16,2100,2,2,2,1,3,105,4883960,235630,750,4,1,1,0,1,1,0,50,1,0,1,99,0
201600051740,16,8,16,2220,5,2,2,1,6,105,4884120,235072,750,4,1,1,0,1,2,0,76,1,0,1,99,0
201600051741,16,8,22,939,1,2,3,1,6,105,4885130,234349,750,4,1,4,3,1,1,0,120,1,0,1,0,0
201600051742,16,8,25,1740,1,2,2,1,3,105,4884220,235202,750,4,2,2,0,2,1,0,108,1,0,1,0,0
201600051743,16,8,26,1810,1,2,5,1,3,105,4884940,235682,750,4,2,0,0,1,1,0,124,1,2,1,99,0
201600051744,16,8,28,1345,1,2,2,1,3,105,4883990,236179,750,4,2,2,0,1,1,0,0,1,0,1,0,0
201600051745,16,8,28,1755,1,2,7,1,6,105,4884960,234483,750,4,2,0,0,2,1,0,0,1,0,4,3,0
201600051746,16,8,31,1010,1,2,5,1,3,105,4883840,235068,750,4,2,2,0,1,1,0,132,1,0,1,0,0
201600051747,16,8,31,1420,1,2,7,1,3,105,4884330,235219,750,4,2,2,0,2,1,0,100,1,0,1,0,0
201600051748,16,9,2,1010,1,2,1,1,6,105,4883790,234414,750,4,2,4,0,2,1,0,100,1,0,0,99,0
201600051749,16,9,4,615,5,2,5,2,3,105,4883680,235183,750,4,2,0,0,0,0,0,0,0,0,1,0,0
201600051750,16,9,7,1914,1,2,2,1,3,105,4884960,234483,750,4,2,3,0,1,1,0,118,1,0,1,0,0
201600051751,16,9,8,340,5,2,7,1,7,105,4884590,234484,750,4,1,2,0,1,2,0,100,1,0,1,3,0
201600051752,16,9,9,2120,5,2,4,1,6,105,4884310,234260,750,4,2,2,0,1,1,0,0,1,0,1,0,1
201600051753,16,9,10,1745,1,2,1,1,2,105,4884280,236393,750,4,2,6,0,1,1,0,0,1,0,1,0,0
201600051754,16,9,13,814,1,2,4,1,3,105,4883910,235091,750,4,2,2,0,2,1,0,119,1,0,1,0,0
201600051755,16,9,15,1340,1,2,1,8,6,105,4884010,235021,750,4,1,0,0,1,1,0,30,1,0,1,0,0
201600051756,16,9,16,1900,2,2,3,3,6,105,4883990,236179,750,4,4,5,0,1,1,0,120,2,0,1,0,0
201600051757,16,9,18,1453,1,2,5,8,3,105,4884940,235682,750,4,0,4,3,1,1,10,165,1,0,1,3,0
201600051758,16,9,21,1710,1,2,1,1,3,105,4885170,234329,750,4,2,4,3,2,1,0,150,1,0,1,99,0
201600051759,16,9,22,2210,5,2,2,1,3,105,4884960,234483,750,4,2,3,0,1,1,0,140,1,0,1,0,0
201600051760,16,9,25,100,5,2,2,1,3,105,4885080,234548,750,4,1,3,3,2,1,0,120,1,0,1,0,0
201600051761,16,9,26,1040,1,2,4,1,3,113,4883910,236115,750,4,2,0,0,2,1,0,0,1,0,1,99,0
201600051762,16,9,27,1800,1,2,2,1,6,105,4884680,234331,750,4,1,2,2,1,1,0,100,1,0,1,3,0
201600051763,16,9,28,2315,5,2,3,1,2,105,4884680,236095,750,4,1,1,0,1,1,0,80,1,0,1,0,0
201600051764,16,10,3,1730,1,2,7,1,6,105,4884430,236496,750,4,1,1,0,1,2,0,0,1,0,1,99,0
201600051765,16,10,6,1920,5,2,5,1,2,105,4883680,235183,750,4,1,2,0,1,1,0,70,1,0,1,0,0
201600051766,16,10,7,700,2,2,2,1,6,105,4883800,235582,750,4,0,4,0,1,1,25,140,1,0,1,3,0
201600051767,16,10,9,1355,1,2,5,1,6,105,4885080,234548,750,4,1,3,0,1,1,0,40,1,0,1,0,0
201600051768,16,10,12,225,5,2,7,1,3,105,4885380,234427,750,4,1,3,0,1,1,0,150,1,0,1,0,0
201600051769,16,10,13,805,1,2,2,1,6,105,4883880,234978,750,4,2,2,2,2,1,0,100,1,0,1,0,0
201600051770,16,10,13,1920,2,2,5,2,6,105,4885040,234267,750,4,2,3,3,1,1,0,126,2,0,1,0,0
201600051771,16,10,13,2030,5,2,3,1,2,106,4885180,234336,750,4,2,4,3,2,1,0,0,1,0,1,0,0
201600051772,16,10,15,1433,1,2,2,1,3,105,4883940,233755,750,4,2,6,0,0,0,0,0,0,0,1,0,0
201600051773,16,10,20,1830,2,2,5,1,3,105,4883840,235068,750,4,2,4,0,1,1,0,0,1,0,1,0,0
201600051774,16,10,23,1928,5,2,2,2,3,105,4885140,234314,750,4,1,2,3,2,0,0,0,2,0,1,0,0
201600051775,16,10,30,1438,1,2,1,1,6,105,4885030,235397,750,4,1,3,0,1,1,0,140,1,0,3,99,0
201600051776,16,11,1,1530,1,2,5,1,6,105,4885080,234548,750,4,1,1,0,1,1,0,45,1,0,1,0,0
201600051777,16,11,1,1910,5,2,1,1,3,105,4884280,233831,750,4,2,3,0,1,1,0,0,1,0,1,0,0
201600051778,16,11,10,1355,1,2,4,2,6,105,4884650,235457,750,4,2,1,0,1,0,0,0,2,0,1,0,0
201600051779,16,11,10,2045,5,2,7,2,6,105,4885040,234878,750,4,1,0,0,1,1,0,60,2,0,0,99,0
201600051780,16,11,11,1857,2,2,1,1,3,105,4884830,235456,750,4,2,2,0,1,1,0,60,2,0,1,0,0
201600051781,16,11,12,2140,5,2,2,2,1,105,4884660,235159,750,4,2,2,0,2,1,0,0,2,0,0,0,0
201600051782,16,11,13,420,5,2,7,2,3,105,4885000,234881,750,4,1,0,0,1,1,0,150,2,0,1,99,0
201600051783,16,11,16,1940,5,2,1,1,6,105,4884780,235945,750,4,2,4,3,1,1,0,138,1,0,1,99,0
201600051784,16,11,17,1400,1,2,1,1,6,105,4884600,234322,750,4,0,2,0,1,1,0,65,1,0,1,0,0
201600051785,16,11,18,1220,1,2,4,1,3,105,4884770,234103,750,4,2,4,3,2,1,0,140,1,0,1,99,0
201600051786,16,11,20,52,5,2,1,2,6,105,4884200,235562,750,4,2,2,0,1,1,0,70,2,0,1,99,0
201600051787,16,11,23,155,5,2,7,3,6,105,4884370,236457,750,4,3,5,3,1,1,0,100,2,0,1,0,0
201600051788,16,11,23,850,1,2,5,2,3,105,4884750,235270,750,4,2,1,0,1,4,0,170,2,0,1,0,0
201600051789,16,11,25,1930,5,2,2,1,3,105,4884220,235202,750,4,2,2,0,0,0,0,0,0,0,1,3,0
201600051790,16,11,28,1040,1,2,2,1,2,105,4884220,235202,750,4,2,0,0,1,1,0,0,1,0,1,0,0
201600051791,16,11,29,1603,1,2,2,1,6,105,4885000,235486,750,4,0,1,0,1,1,0,150,1,2,1,99,0
201600051792,16,11,30,1530,1,2,1,1,7,105,4883950,236026,750,4,2,2,0,1,1,0,81,1,0,1,0,0
201600051793,16,11,30,1750,5,2,2,1,6,105,4884750,235270,750,4,1,1,0,1,1,0,62,1,0,1,0,0
201600051794,16,12,1,2010,5,2,1,1,6,105,4883720,235321,750,4,2,4,0,1,1,0,142,1,0,1,0,0
201600051795,16,12,1,2300,5,2,5,1,6,105,4883840,235703,750,4,2,2,0,1,1,20,50,1,0,1,0,0
201600051796,16,12,6,420,5,2,7,1,3,105,4885030,234381,750,4,0,1,0,1,1,0,60,1,0,0,99,0
201600051797,16,12,7,2130,5,2,3,1,6,105,4883890,235857,750,4,2,4,0,1,1,0,70,1,0,1,0,0
201600051798,16,12,10,2325,5,2,2,1,3,105,4884960,234483,750,4,2,4,0,1,1,0,125,1,0,1,3,0
201600051799,16,12,13,2300,5,2,7,1,6,105,4883840,235068,750,4,0,1,0,1,1,80,50,1,0,0,99,0
201600051800,16,12,19,2045,5,2,5,1,6,105,4883680,235183,750,4,2,2,0,1,1,0,60,1,0,1,99,0
201600051801,16,12,21,1800,5,2,2,2,6,105,4885140,234314,750,4,1,3,0,1,1,0,0,2,0,1,99,0
201600051802,16,12,24,1030,1,2,3,1,2,105,4884170,235195,750,4,2,2,0,1,1,0,100,2,0,1,3,0
201600051803,16,12,26,1910,5,2,3,8,3,105,4885140,234314,750,4,1,3,0,1,0,0,150,1,0,1,0,0
201600051804,16,12,27,830,1,2,7,1,2,105,4884370,236457,750,4,2,7,0,1,1,0,0,1,0,1,0,0
201600051805,16,12,30,737,5,2,2,5,2,105,4884940,235682,750,4,1,4,0,1,1,0,80,9,0,1,99,0
201600051806,16,12,30,1305,1,2,5,1,6,105,4884810,234707,750,4,1,1,0,2,1,0,50,1,0,4,3,0
201600051807,16,12,31,1805,5,2,5,8,6,105,4884980,234896,750,4,0,2,0,1,1,0,120,2,0,1,0,0
201600051808,16,1,5,800,2,2,7,2,6,105,4884980,234423,750,4,2,3,3,1,1,0,89,2,0,1,99,0
201600051809,16,1,5,1820,5,2,3,1,6,106,4884970,232660,750,4,1,1,0,1,1,0,50,1,6,1,0,0
201600051810,16,1,6,720,2,2,1,1,6,106,4884410,233815,750,4,2,2,0,1,1,0,120,1,0,1,3,0
201600051811,16,1,7,1228,1,2,2,2,3,106,4885160,233107,750,4,2,3,0,1,1,0,0,2,0,1,0,0
201600051812,16,1,7,1630,1,2,3,8,6,106,4885450,233044,750,4,1,5,3,1,1,0,160,1,0,1,0,0
201600051813,16,1,8,1250,1,2,3,1,6,106,4885480,233608,750,4,1,1,0,1,1,0,0,1,0,1,0,0
201600051814,16,1,9,1335,1,2,2,1,6,106,4885150,233704,750,4,1,2,3,1,1,0,0,1,0,1,99,0
201600051815,16,1,11,1320,1,2,2,1,3,106,4885170,234198,750,4,0,2,0,0,0,0,0,0,0,0,0,0
201600051816,16,1,15,2030,5,2,2,1,3,106,4884800,232774,750,4,1,2,3,1,1,0,0,1,0,1,99,0
201600051817,16,1,16,1515,1,2,2,1,2,106,4885240,233182,750,4,1,1,0,1,1,0,50,1,0,1,0,0
201600051818,16,1,18,1415,1,2,2,1,4,106,4885160,233107,750,4,2,3,0,1,1,0,100,1,0,1,0,0
201600051819,16,1,19,1120,1,2,2,1,2,106,4885150,233704,750,4,0,2,3,1,1,0,0,1,0,1,0,0
201600051820,16,1,20,1300,1,2,7,1,6,106,4884410,232310,750,4,2,4,0,1,1,10,120,1,6,1,0,0
201600051821,16,1,21,153,5,2,1,1,6,106,4885760,233753,750,4,1,2,0,1,0,0,167,1,0,1,99,0
201600051822,16,1,22,1505,1,2,1,1,2,106,4885280,233869,750,4,2,2,0,1,1,0,0,2,0,1,0,0
201600051823,16,1,23,2150,5,2,5,1,6,106,4884510,232016,750,4,0,1,0,1,1,0,117,1,0,0,99,0
201600051824,16,1,25,1230,1,2,7,1,3,106,4884910,233900,750,4,2,0,0,1,2,0,0,1,0,1,0,0
201600051825,16,1,25,1750,5,2,4,1,6,106,4884490,233238,750,4,2,2,0,1,1,0,80,1,0,1,3,0
201600051826,16,1,29,1935,5,2,7,1,6,106,4884360,232458,750,4,3,6,0,1,1,20,200,1,0,1,0,0
201600051827,16,2,6,1445,1,2,1,1,6,106,4884620,232613,750,4,2,4,1,2,1,0,80,1,0,5,99,0
201600051828,16,2,8,1835,5,2,1,1,3,106,4884950,232921,750,4,2,2,0,1,1,0,60,2,0,1,0,0
201600051829,16,2,12,1840,5,2,5,1,6,106,4885140,232681,750,4,3,1,0,1,1,0,90,1,0,1,0,0
201600051830,16,2,13,935,1,2,7,2,6,106,4885360,233839,750,4,2,2,0,1,1,0,60,2,0,1,0,0
201600051831,16,2,15,1505,1,2,2,1,6,106,4885020,232409,750,4,2,4,0,1,1,0,123,1,0,1,99,0
201600051832,16,2,15,1600,1,2,7,1,3,106,4884360,232458,750,4,2,4,0,1,1,0,0,1,0,1,99,0
201600051833,16,2,16,1010,1,2,2,1,3,106,4885630,233165,750,4,1,2,0,0,0,0,70,0,0,1,0,0
201600051834,16,2,16,1600,1,2,3,1,2,106,4885180,234336,750,4,2,6,3,1,1,0,140,1,0,1,0,0
201600051835,16,2,17,1350,1,2,3,1,3,106,4885140,233201,750,4,2,3,0,1,1,0,70,1,0,1,0,0
201600051836,16,3,1,1740,1,2,4,2,6,106,4884770,234103,750,4,2,4,0,1,1,0,0,2,0,1,0,0
201600051837,16,3,1,1645,1,2,5,2,3,106,4884510,232016,750,4,1,1,0,1,1,0,0,2,0,1,0,0
201600051838,16,3,1,2359,5,2,5,2,3,106,4885140,232681,750,4,3,5,0,1,1,20,130,2,0,1,99,0
201600051839,16,3,2,1240,1,2,3,1,6,106,4884980,232324,750,4,2,3,0,1,1,0,100,1,0,1,0,0
201600051840,16,3,3,2200,5,2,7,1,3,106,4884360,232458,750,4,3,2,0,1,1,50,45,1,0,1,0,0
201600051841,16,3,4,1610,1,2,1,1,3,106,4884730,232221,750,4,1,0,1,1,1,0,20,1,0,5,0,0
201600051842,16,3,7,1355,1,2,7,1,2,106,4884740,234082,750,4,0,0,0,2,0,0,0,1,0,0,0,0
201600051843,16,3,10,1425,1,2,7,1,7,106,4885140,232681,750,4,0,0,0,1,1,0,0,1,0,1,99,0
201600051844,16,3,16,2230,5,2,1,1,2,106,4884610,232826,750,4,3,2,3,0,0,0,75,0,0,1,0,0
201600051845,16,3,17,745,1,2,2,1,6,106,4884430,233299,750,4,2,2,0,1,1,0,64,1,0,1,3,0
201600051846,16,3,18,2100,5,2,5,1,3,106,4885210,232976,750,4,2,4,3,1,1,0,90,1,0,1,0,0
201600051847,16,3,19,200,5,2,1,1,6,106,4885680,233927,750,4,1,3,3,1,1,0,130,1,0,1,99,0
201600051848,16,3,19,1330,1,2,5,1,3,106,4885610,234044,750,4,1,2,0,1,2,0,60,1,0,1,0,0
201600051849,16,3,28,1220,1,2,7,2,2,105,4884170,233777,750,4,2,4,0,1,1,0,150,2,0,1,99,0
201600051850,16,3,29,1930,1,2,7,2,6,105,4884170,233777,750,4,2,3,0,1,1,120,120,2,0,1,0,0
201600051851,16,3,31,1145,1,2,1,2,2,106,4884830,233951,750,4,2,3,0,1,1,0,60,2,0,1,0,0
201600051852,16,4,7,1850,1,2,2,1,3,106,4884780,232953,750,4,2,2,0,1,0,0,70,1,0,1,0,0
201600051853,16,4,8,1710,1,2,1,1,3,106,4884510,232509,750,4,2,2,1,1,1,0,120,1,0,5,0,0
201600051854,16,4,10,2340,5,2,7,1,3,106,4885760,233765,750,4,1,4,0,1,1,5,150,1,0,1,0,0
201600051855,16,4,11,833,1,2,4,1,3,106,4884770,234103,750,4,0,4,3,2,1,0,158,1,0,1,0,0
201600051856,16,4,11,1325,1,2,3,2,2,106,4885070,232525,750,4,2,4,3,1,1,0,0,2,0,1,0,0
201600051857,16,4,11,1755,1,2,5,8,7,106,4884510,232016,750,4,1,2,0,1,1,0,80,2,0,1,0,0
201600051858,16,4,12,1520,1,2,1,1,3,106,4884540,233187,750,4,3,2,0,0,0,40,40,1,0,1,3,0
201600051859,16,4,12,2340,5,2,2,1,3,106,4884730,232791,750,4,3,4,0,2,1,79,71,1,0,1,99,0