Num_Acc,an,mois,jour,hrmn,lum,agg,int,atm,col,com,lat,long,dep,catr,circ,nbv,vosp,prof,plan,lartpc,larrout,surf,infra,situ,env1,killed
201600051860,16,4,14,815,1,2,3,1,6,106,4885290,234068,750,4,0,1,0,1,0,0,36,1,0,1,0,0
201600051861,16,4,15,1730,1,2,2,1,6,106,4884490,233238,750,4,2,2,0,1,1,0,70,1,0,1,3,0
201600051862,16,4,18,2045,2,2,2,1,6,106,4884730,232791,750,4,2,2,0,1,1,0,70,1,0,1,0,0
201600051863,16,4,19,1015,1,2,7,1,2,106,4884770,234004,750,4,2,2,0,0,0,0,0,0,0,1,0,0
201600051864,16,4,19,1513,1,2,2,1,3,106,4885170,234198,750,4,1,3,0,1,1,10,80,1,0,1,0,0
201600051865,16,4,22,1023,1,2,2,1,3,106,4885210,234008,750,4,1,3,0,1,1,0,150,1,0,1,0,0
201600051866,16,4,27,805,1,2,1,1,6,106,4885710,233505,750,4,1,0,0,1,1,0,60,2,0,1,0,0
201600051867,16,4,28,1425,1,2,5,1,6,106,4884700,232692,750,4,2,2,0,1,1,0,72,1,0,1,0,0
201600051868,16,5,1,420,5,2,2,1,3,106,4885290,233697,750,4,1,3,3,1,0,0,0,1,0,5,0,0
201600051869,16,5,7,1620,1,2,7,1,7,106,4884770,234004,750,4,2,2,0,2,1,0,60,1,0,1,0,0
201600051870,16,5,9,725,1,2,1,1,2,106,4884540,232105,750,4,1,2,0,1,0,0,70,1,0,1,0,0
201600051871,16,5,10,700,2,2,3,8,3,106,4885770,233536,750,4,1,4,3,1,1,0,120,1,0,0,0,0
201600051872,16,5,10,910,1,2,4,8,6,106,4885450,233685,750,4,1,1,0,1,1,0,40,1,0,1,0,0
201600051873,16,5,10,2230,5,2,1,2,6,106,4885050,233009,750,4,2,4,0,1,1,0,145,2,0,1,99,0
201600051874,16,5,13,1305,1,2,5,1,3,106,4884700,232692,750,4,1,2,0,1,1,0,70,1,0,0,0,0
201600051875,16,5,20,905,1,2,5,8,6,106,4884670,232829,750,4,1,1,0,1,1,0,50,1,0,1,0,0
201600051876,16,5,20,1915,1,2,1,1,6,106,4885220,232985,750,4,3,2,0,1,1,0,0,1,0,1,0,0
201600051877,16,5,21,945,1,2,7,1,3,106,4885350,233334,750,4,1,2,0,1,1,0,120,1,0,1,0,0
201600051878,16,5,21,1630,1,2,1,1,6,106,4884590,233236,750,4,2,2,0,1,1,0,96,1,0,1,99,0
201600051879,16,5,23,1705,1,2,2,8,6,106,4884900,232871,750,4,2,2,0,0,0,0,117,0,0,1,0,0
201600051880,16,5,26,824,1,2,5,1,3,106,4885770,233536,750,4,1,3,3,1,1,0,0,1,0,1,3,0
201600051881,16,6,2,905,1,2,2,1,3,106,4885610,234044,750,4,1,3,3,1,1,0,130,1,0,1,99,0
201600051882,16,6,4,1600,1,2,2,1,3,106,4884310,232635,750,4,2,2,3,1,1,0,75,1,0,1,0,0
201600051883,16,6,12,1725,1,2,2,1,6,106,4885140,234314,750,4,1,2,3,0,0,0,0,1,0,1,0,0
201600051884,16,6,16,835,1,2,4,1,3,106,4885070,232714,750,4,2,2,0,1,0,0,80,1,0,1,0,0
201600051885,16,6,24,2230,5,2,2,1,3,106,4885380,233323,750,4,1,2,0,1,1,0,110,1,0,1,99,0
201600051886,16,6,25,1930,1,2,5,1,3,106,4885240,233182,750,4,2,3,0,1,1,0,0,1,0,1,0,0
201600051887,16,6,26,1720,1,2,3,1,6,106,4884590,231971,750,4,1,1,0,0,0,0,68,0,0,1,0,0
201600051888,16,6,27,1440,1,2,4,8,3,106,4885110,233067,750,4,2,3,0,1,1,0,0,1,0,1,0,0
201600051889,16,6,28,850,1,2,2,1,6,106,4885450,233044,750,4,1,4,0,1,1,0,140,1,0,1,0,0
201600051890,16,6,30,820,1,2,1,1,3,106,4885280,234255,750,4,1,2,0,1,1,0,60,1,0,1,0,0
201600051891,16,6,30,1105,1,2,5,1,3,106,4884250,233744,750,4,1,1,0,1,1,0,35,1,0,1,0,0
201600051892,16,7,3,2324,5,2,3,2,7,106,4884680,232609,750,4,1,0,0,1,1,0,0,2,0,1,3,0
201600051893,16,7,6,1115,1,2,1,1,2,106,4885360,234394,750,4,1,3,0,1,1,0,0,1,0,1,99,0
201600051894,16,7,6,1245,1,2,1,1,3,106,4885740,233811,750,4,1,4,3,1,1,0,150,1,0,1,99,0
201600051895,16,7,11,1655,1,2,1,1,3,106,4885210,233302,750,4,1,1,0,1,1,0,0,1,0,1,99,0
201600051896,16,7,13,1150,1,2,2,1,6,106,4885280,234379,750,4,2,4,0,2,1,0,150,1,0,1,99,0
201600051897,16,7,13,2115,2,2,5,1,3,106,4884730,232791,750,4,2,4,0,1,1,80,70,1,5,1,0,0
201600051898,16,7,17,250,5,2,1,1,3,106,4884450,232190,750,4,0,2,0,1,1,0,70,1,0,0,0,0
201600051899,16,7,19,1315,1,2,1,1,3,106,4885420,233095,750,4,1,3,3,1,1,6,155,1,0,1,0,0
201600051900,16,7,21,1445,1,2,7,1,2,106,4884200,232960,750,4,1,6,0,1,1,0,0,1,0,1,99,0
201600051901,16,7,22,1740,1,2,3,1,6,106,4885320,233581,750,4,1,4,0,1,1,0,160,1,0,1,0,0
201600051902,16,7,25,1020,1,2,3,1,6,106,4884570,232556,750,4,1,1,0,0,0,0,0,0,0,0,0,0
201600051903,16,7,29,1600,1,2,2,1,6,106,4885060,234277,750,4,2,4,0,2,1,0,160,1,0,1,0,0
201600051904,16,8,1,2210,5,2,2,1,6,106,4885270,233770,750,4,1,2,0,1,1,0,160,1,0,1,0,0
201600051905,16,8,8,1150,1,2,1,1,6,106,4885680,233927,750,4,1,3,3,1,1,0,120,1,0,1,0,0
201600051906,16,8,16,1740,1,2,7,1,6,106,4884990,233844,750,4,1,2,0,1,3,0,60,1,0,1,99,0
201600051907,16,8,18,1255,1,2,5,1,7,106,4884510,232016,750,4,2,6,0,1,1,0,200,2,0,1,0,0
201600051908,16,8,22,1715,1,2,4,1,6,106,4885200,233862,750,4,2,2,0,4,1,0,0,1,0,1,99,0
201600051909,16,9,2,405,5,2,1,1,6,106,4884890,233379,750,4,2,2,0,1,1,0,172,1,0,1,99,0
201600051910,16,9,2,1835,1,2,2,1,6,106,4884820,233101,750,4,2,2,0,0,0,0,0,0,0,1,0,0
201600051911,16,9,5,950,1,2,2,2,3,106,4884400,233062,750,4,1,1,0,1,1,0,40,2,0,1,0,0
201600051912,16,9,6,1843,2,2,7,1,6,106,4885310,233604,750,4,1,3,0,1,1,0,130,1,0,0,0,0
201600051913,16,9,9,1635,1,2,1,1,6,106,4884440,233482,750,4,2,2,0,1,1,0,50,1,0,1,3,0
201600051914,16,9,14,1020,1,2,2,1,6,106,4884390,233896,750,4,2,4,3,1,0,0,141,1,0,1,0,0
201600051915,16,9,14,930,1,2,2,1,6,106,4884310,232635,750,4,2,6,0,1,1,0,201,1,0,1,0,0
201600051916,16,9,14,1200,1,2,2,1,3,106,4884560,232862,750,4,1,1,0,1,1,0,30,1,0,1,3,0
201600051917,16,9,15,1425,1,2,5,8,6,106,4885450,233044,750,4,0,1,0,0,0,0,0,1,0,1,0,0
201600051918,16,9,16,1725,1,2,2,2,3,106,4884390,233896,750,4,2,3,0,1,1,0,120,2,0,1,3,0
201600051919,16,9,21,840,1,2,1,1,3,106,4884510,232501,750,4,2,2,0,1,0,0,80,1,0,1,0,0
201600051920,16,9,23,1915,1,2,3,1,6,106,4884790,231939,750,4,2,3,3,1,1,0,100,1,0,1,0,0
201600051921,16,9,24,1710,1,2,7,1,6,106,4884770,234004,750,4,2,0,3,2,1,0,60,1,0,1,0,0
201600051922,16,9,24,2010,5,2,3,1,2,106,4885320,233255,750,4,2,4,0,1,1,0,120,1,0,1,0,0
201600051923,16,9,30,1705,1,2,1,2,6,106,4885170,234328,750,4,2,4,3,2,1,0,142,2,0,1,0,0
201600051924,16,10,1,1510,1,2,2,1,6,106,4884700,233153,750,4,1,1,0,1,1,0,80,1,0,1,99,0
201600051925,16,10,5,1340,1,2,1,1,3,106,4885670,233475,750,4,1,2,0,1,1,0,59,1,0,1,0,0
201600051926,16,10,6,945,1,2,4,1,6,106,4885030,232987,750,4,2,3,0,2,1,0,180,1,0,1,99,0
201600051927,16,10,8,550,5,2,2,1,7,106,4885530,233774,750,4,1,1,0,0,0,0,0,0,0,1,0,0
201600051928,16,10,8,2045,2,2,3,1,7,106,4884330,233133,750,4,0,1,0,0,0,0,0,0,0,0,0,0
201600051929,16,10,10,910,1,2,1,1,6,106,4885680,233927,750,4,1,3,0,1,1,0,140,1,0,1,99,0
201600051930,16,10,13,1100,1,2,2,1,4,106,4884310,232635,750,4,2,6,3,1,1,0,220,1,0,1,0,0
201600051931,16,10,15,1050,1,2,3,1,3,105,4885180,234336,750,4,2,4,0,1,1,0,120,1,0,1,0,0
201600051932,16,10,27,1240,1,2,3,1,6,106,4885180,234336,750,4,2,3,3,1,1,0,0,1,0,1,99,0
201600051933,16,10,28,1935,5,2,2,1,3,106,4884430,233299,750,4,2,2,0,1,1,0,80,1,0,1,3,0
201600051934,16,10,29,1522,1,2,5,1,6,106,4884200,232960,750,4,2,6,3,1,1,5,200,1,0,1,0,0
201600051935,16,10,31,930,1,2,1,1,3,106,4885280,233869,750,4,2,2,3,1,1,0,88,1,0,1,0,0
201600051936,16,11,3,1340,1,2,1,8,6,106,4884870,233298,750,4,2,0,0,1,1,0,50,1,0,1,0,0
201600051937,16,11,4,1035,1,2,2,2,7,106,4885160,233107,750,4,2,3,0,1,1,0,120,2,0,1,0,0
201600051938,16,11,4,2030,5,2,2,2,2,106,4884310,232635,750,4,2,2,0,1,1,0,210,2,0,1,99,0
201600051939,16,11,7,830,1,2,7,3,6,106,4885360,233839,750,4,1,1,0,1,1,0,40,2,0,1,0,0
201600051940,16,11,7,1245,1,2,7,7,7,106,4885360,233313,750,4,1,4,0,1,1,0,120,2,0,1,0,0
201600051941,16,11,8,1915,5,2,2,1,3,106,4885210,234008,750,4,1,4,3,1,1,0,105,1,0,1,0,0
201600051942,16,11,9,1340,1,2,2,2,2,106,4885060,234277,750,4,1,4,0,2,1,0,120,2,0,1,0,0
201600051943,16,11,10,1101,1,2,7,1,4,106,4885380,233323,750,4,1,4,0,1,1,0,164,1,0,1,99,0
201600051944,16,11,10,1605,1,2,1,2,6,106,4884980,234231,750,4,2,4,3,2,1,0,120,2,0,1,0,0
201600051945,16,11,10,1830,5,2,2,3,3,106,4884150,233121,750,4,2,6,0,1,0,0,180,2,0,1,0,0
201600051946,16,11,16,1930,5,2,2,1,6,106,4885020,232409,750,4,2,3,0,1,1,0,100,1,0,1,0,0
201600051947,16,11,17,2120,5,2,2,1,3,106,4885090,234129,750,4,1,1,0,1,3,0,0,2,0,1,3,0
201600051948,16,11,24,1405,1,2,7,1,6,106,4884740,234082,750,4,2,4,0,1,1,0,0,1,0,1,0,0
201600051949,16,11,27,1445,1,2,3,1,3,106,4885180,234336,750,4,2,4,3,4,1,0,120,1,0,1,99,0
201600051950,16,11,28,1710,5,2,3,1,3,106,4885320,233255,750,4,2,2,0,1,1,0,140,1,0,0,0,0
201600051951,16,12,2,745,1,2,2,1,3,106,4885140,234314,750,4,1,4,0,1,1,0,160,1,0,1,99,0
201600051952,16,12,6,2045,5,2,5,1,6,106,4884700,232692,750,4,0,2,0,1,1,0,0,1,0,0,0,0
201600051953,16,12,7,1650,2,2,3,1,3,106,4885020,232409,750,4,2,2,0,1,1,0,100,1,0,1,0,0
201600051954,16,12,13,1702,5,2,3,1,3,106,4884920,233596,750,4,2,2,0,1,1,0,90,1,0,1,99,0
201600051955,16,12,16,1022,1,2,3,1,6,106,4884410,232310,750,4,2,4,0,1,1,0,160,1,0,1,0,0
201600051956,16,12,16,2100,5,2,4,1,7,106,4885720,233859,750,4,1,3,0,1,1,0,60,1,0,0,99,0
201600051957,16,12,23,1115,1,2,5,1,6,106,4884810,232791,750,4,2,2,0,1,1,0,110,1,0,1,0,0
201600051958,16,12,28,1110,1,2,2,1,2,106,4884710,233016,750,4,2,2,0,1,1,0,83,1,0,1,0,0
201600051959,16,12,31,616,5,2,2,8,3,106,4885150,233704,750,4,1,2,3,1,1,0,54,0,0,1,0,0
201600051960,16,12,31,1827,5,2,2,1,3,106,4885160,233107,750,4,2,0,0,1,1,0,0,1,0,1,99,0
201600051961,16,1,3,317,5,2,2,1,6,107,4885150,231052,750,4,2,1,0,1,1,0,130,1,0,1,0,0
201600051962,16,1,7,1800,5,2,1,1,6,107,4884820,230714,750,4,2,2,0,1,1,0,80,1,0,1,0,0
201600051963,16,1,8,1945,5,2,1,1,6,107,4885220,230926,750,4,2,2,0,1,1,0,0,1,0,1,0,0
201600051964,16,1,10,410,5,2,2,2,3,107,4886030,232357,750,4,2,1,0,1,1,0,120,2,0,1,99,0
201600051965,16,1,14,935,1,2,3,3,2,107,4885930,233019,750,4,1,4,0,1,1,0,0,2,0,1,0,0
201600051966,16,1,15,1705,2,2,2,1,3,107,4885340,232616,750,4,1,1,0,1,1,0,0,1,0,1,0,0
201600051967,16,1,19,920,1,2,1,1,2,107,4886050,232636,750,4,1,4,0,1,1,0,100,1,0,1,99,0
201600051968,16,1,19,1750,5,2,7,1,3,107,4885380,231238,750,4,2,2,0,1,0,0,50,1,0,1,99,0
201600051969,16,1,19,1854,5,2,2,1,3,107,4885440,232588,750,4,2,0,0,1,1,0,0,1,0,1,0,0
201600051970,16,1,20,1540,1,2,3,1,6,107,4885870,231983,750,4,1,1,0,1,1,0,0,1,0,1,0,0
201600051971,16,1,21,1630,1,2,1,1,2,107,4885950,229256,750,4,2,1,0,1,0,0,0,1,2,1,99,0
201600051972,16,1,21,1850,5,2,1,1,6,107,4885530,232758,750,4,1,2,3,1,1,0,0,1,0,1,99,0
201600051973,16,1,22,2303,5,2,7,2,6,107,4886240,230151,750,4,2,2,0,1,1,0,130,2,0,1,99,0
201600051974,16,1,26,1500,1,2,2,1,7,107,4886110,231027,750,4,2,4,3,1,1,0,0,1,0,1,99,0
201600051975,16,1,28,2250,5,2,3,1,3,107,4886280,231163,750,4,2,4,0,1,1,0,100,1,0,1,99,0
201600051976,16,1,29,750,2,2,3,1,3,107,4885680,233034,750,4,1,1,1,1,1,0,0,1,0,5,99,0
201600051977,16,2,2,1320,1,2,7,2,6,107,4886240,230201,750,4,0,0,0,1,1,0,0,2,5,1,0,0
201600051978,16,2,3,1135,1,2,1,1,3,107,4884870,232115,750,4,2,3,0,1,1,0,0,1,0,1,0,0
201600051979,16,2,3,1545,1,2,1,2,3,107,4886280,231231,750,4,2,4,0,1,1,0,120,2,0,1,99,0
201600051980,16,2,3,1835,5,2,2,1,2,107,4886240,230922,750,4,0,2,0,1,0,0,0,2,0,1,0,0
201600051981,16,2,6,1755,1,2,7,1,3,107,4885900,232263,750,4,2,2,0,1,1,0,0,1,0,1,0,0
201600051982,16,2,7,640,5,2,7,1,6,107,4885640,229822,750,4,1,0,0,1,2,0,0,1,5,1,0,0
201600051983,16,2,9,1320,1,2,3,2,7,107,4885900,232263,750,4,2,4,3,1,1,0,180,2,0,1,0,0
201600051984,16,2,10,1305,1,2,1,1,3,107,4886300,231928,750,4,2,3,0,1,1,0,0,1,2,1,99,0
201600051985,16,2,14,1930,5,2,2,1,3,107,4884770,231333,750,4,2,0,0,0,0,0,60,0,0,1,0,0
201600051986,16,2,16,1440,1,2,2,1,2,107,4884940,230371,750,4,2,2,0,1,1,0,120,1,0,1,0,0
201600051987,16,2,19,1055,1,2,7,1,2,107,4884760,231131,750,4,1,1,0,1,1,20,80,1,0,2,0,0
201600051988,16,2,20,2130,3,2,7,1,2,107,4885860,231294,750,4,0,0,0,0,0,0,0,0,0,1,0,0
201600051989,16,2,21,312,5,2,2,1,6,107,4885950,232298,750,4,2,2,0,1,1,40,40,1,0,1,0,0
201600051990,16,2,25,2000,5,2,2,1,3,107,4886120,232058,750,4,1,4,3,1,1,0,120,1,0,1,0,0
201600051991,16,2,26,105,5,2,1,1,6,107,4886070,229586,750,4,3,4,0,1,1,40,60,1,0,4,0,0
201600051992,16,2,26,1335,1,2,1,1,3,107,4885490,229591,750,4,0,2,3,0,0,0,0,0,0,1,0,0
201600051993,16,3,3,1030,1,2,1,1,2,107,4885480,230539,750,4,2,3,0,1,1,0,0,1,0,1,0,0
201600051994,16,3,4,35,5,2,1,1,4,107,4886180,232186,750,4,1,4,0,1,1,0,30,1,0,1,0,0
201600051995,16,3,5,1900,5,2,1,1,6,107,4885040,232449,750,4,2,2,0,1,1,0,0,1,0,1,0,0
201600051996,16,3,6,855,1,2,1,1,6,107,4886270,231096,750,4,2,6,1,1,1,0,50,1,0,5,0,0
201600051997,16,3,7,940,1,2,2,2,7,107,4886270,231902,750,4,0,2,0,1,1,0,80,2,0,1,99,0
201600051998,16,3,7,1320,1,2,3,1,6,107,4885080,230909,750,4,2,2,0,1,1,0,80,2,0,1,99,0
201600051999,16,3,8,1145,1,2,1,1,6,107,4885390,230989,750,4,2,2,0,1,1,60,30,9,0,1,0,0
201600052000,16,3,8,1405,1,2,2,1,6,107,4886120,232058,750,4,2,4,3,1,1,0,0,1,0,1,0,0
201600052001,16,3,9,930,1,2,3,3,6,107,4884980,232324,750,4,2,2,0,1,1,0,0,2,0,1,0,0
201600052002,16,3,9,1215,1,2,2,2,3,107,4885950,232936,750,4,1,2,0,1,1,0,80,2,0,1,0,0
201600052003,16,3,11,834,1,2,2,1,3,107,4886110,231318,750,4,3,2,1,1,1,0,0,1,0,1,99,0
201600052004,16,3,12,1225,1,2,1,1,3,107,4885520,232785,750,4,1,3,0,1,1,0,0,1,0,1,0,0
201600052005,16,3,16,1530,1,2,3,1,6,107,4886290,231519,750,4,2,4,2,1,1,0,120,1,0,1,0,0
201600052006,16,3,17,915,1,2,5,1,3,107,4886270,231902,750,4,2,3,0,1,1,0,120,1,0,1,99,0
201600052007,16,3,20,1205,1,2,1,1,2,107,4886200,232117,750,4,1,4,3,1,1,0,0,1,0,1,0,0
201600052008,16,3,21,850,1,2,2,1,2,107,4885400,230953,750,4,2,1,2,1,2,0,126,1,0,1,0,0
201600052009,16,3,23,1220,1,2,3,1,6,107,4884790,231593,750,4,1,1,0,1,1,0,0,1,0,1,99,0
201600052010,16,3,24,935,1,2,5,8,2,107,4886290,231342,750,4,2,4,0,1,1,0,0,1,5,1,0,0
201600052011,16,3,25,340,5,2,2,2,3,107,4885080,231433,750,4,2,2,0,1,3,91,91,2,0,1,0,0
201600052012,16,3,25,950,1,2,7,2,7,107,4885380,231238,750,4,0,1,0,0,0,0,0,0,0,0,0,0
201600052013,16,3,29,955,1,2,7,8,3,107,4885110,230703,750,4,1,1,0,1,1,0,0,1,0,1,99,0
201600052014,16,3,31,1730,1,2,2,2,6,107,4885140,230965,750,4,2,4,0,1,1,0,0,2,0,0,0,0
201600052015,16,4,2,15,5,2,5,1,3,107,4886250,231038,750,4,2,4,0,0,0,0,150,1,0,0,99,0
201600052016,16,4,6,1825,1,2,1,3,6,107,4886320,231946,750,4,2,3,0,1,1,0,0,2,2,1,0,0
201600052017,16,4,7,1210,1,2,1,1,3,107,4884970,232295,750,4,2,2,0,1,1,0,0,1,0,1,0,0
201600052018,16,4,8,148,5,2,7,1,6,107,4885900,232263,750,4,1,2,0,1,1,0,164,1,0,1,0,0
201600052019,16,4,14,1550,1,2,5,1,3,107,4886270,231902,750,4,0,6,0,1,1,0,0,1,2,1,0,0
201600052020,16,4,14,1720,1,2,2,2,6,107,4884940,231510,750,4,2,2,0,1,1,0,62,2,0,1,99,0
201600052021,16,4,17,600,2,2,7,1,3,107,4886240,230201,750,4,1,3,0,1,1,0,0,1,0,0,99,0
201600052022,16,4,19,1600,1,2,1,1,7,107,4885960,229298,750,4,0,0,0,1,1,0,0,1,6,0,99,0
201600052023,16,4,25,1555,1,2,5,1,6,107,4885800,231519,750,4,3,0,0,1,2,0,0,8,0,1,0,0
201600052024,16,4,26,1830,1,2,2,1,7,107,4886240,231036,750,4,1,1,0,1,1,0,40,2,0,1,99,0
201600052025,16,4,28,1742,1,2,2,8,3,107,4885930,229758,750,4,2,2,0,1,1,0,50,1,0,1,99,0
201600052026,16,5,1,1235,1,2,2,1,6,107,4885540,229662,750,4,2,0,0,1,1,0,0,1,6,1,99,0
201600052027,16,5,2,800,1,2,3,1,6,107,4885040,231853,750,4,1,1,0,1,1,0,0,1,0,1,0,0
201600052028,16,5,2,1015,1,2,3,1,6,107,4886290,231519,750,4,2,4,0,1,1,0,0,1,0,1,99,0
201600052029,16,5,2,1705,1,2,3,1,3,107,4886110,232417,750,4,1,4,0,1,1,0,0,1,0,1,0,0
201600052030,16,5,3,900,1,2,7,1,6,107,4885590,232555,750,4,1,1,3,1,1,0,0,1,0,1,99,0
201600052031,16,5,3,1023,1,2,5,1,3,107,4886060,229553,750,4,2,3,1,1,1,0,0,1,0,5,99,0
201600052032,16,5,3,1850,1,2,7,1,6,107,4886060,229553,750,4,0,0,0,1,1,0,0,9,0,4,99,0
201600052033,16,5,10,810,1,2,7,8,7,107,4885860,231294,750,4,0,2,0,1,3,0,0,2,0,0,0,0
201600052034,16,5,14,10,5,2,7,1,6,107,4885590,229733,750,4,1,1,0,1,0,0,160,1,0,4,99,0
201600052035,16,5,16,425,5,2,1,1,6,107,4885670,232492,750,4,1,5,3,1,2,0,180,1,0,1,99,0
201600052036,16,5,17,1010,1,2,1,1,2,107,4885950,229415,750,4,1,3,0,1,1,0,0,1,0,1,0,0
201600052037,16,5,17,1740,1,2,1,1,3,107,4886280,231230,750,4,2,6,0,1,1,0,0,1,0,1,0,0
201600052038,16,5,18,1845,1,2,1,2,6,107,4885650,230884,750,4,3,0,0,1,1,0,0,2,0,1,0,0
201600052039,16,5,19,915,1,2,2,2,6,107,4885020,232409,750,4,0,1,0,1,1,0,0,2,0,1,99,0
201600052040,16,5,22,1715,1,2,7,2,7,107,4885370,231337,750,4,2,2,0,1,1,0,0,2,0,1,0,0
201600052041,16,5,23,935,1,2,1,3,6,107,4886090,231678,750,4,2,0,0,1,1,0,100,2,6,1,0,0
201600052042,16,5,23,2330,5,2,2,1,6,107,4885670,229355,750,4,1,0,0,1,1,0,100,1,0,1,99,0
201600052043,16,5,26,910,1,2,2,1,3,107,4885950,232936,750,4,1,3,1,1,1,0,0,1,0,1,0,0
201600052044,16,5,26,1520,1,2,2,1,2,107,4885180,231451,750,4,0,0,0,1,1,0,80,1,0,0,3,0
201600052045,16,5,26,2005,1,2,1,1,3,107,4885270,231330,750,4,2,2,0,1,1,0,140,1,0,1,0,0
201600052046,16,5,26,2220,5,2,3,1,3,107,4885900,229328,750,4,1,2,0,1,1,0,0,1,0,1,0,0
201600052047,16,5,30,1045,1,2,1,3,6,107,4886240,231336,750,4,3,2,0,1,1,0,80,2,0,1,99,0
201600052048,16,5,31,938,1,2,2,3,7,107,4884940,231510,750,4,2,4,0,1,1,0,0,2,0,1,0,0
201600052049,16,6,2,1805,1,2,1,8,6,107,4885390,230179,750,4,4,1,0,1,1,0,0,0,6,0,99,0
201600052050,16,6,2,2110,2,2,5,8,3,115,4885460,228867,750,4,2,2,0,1,1,0,0,1,2,1,99,0
201600052051,16,6,3,50,5,2,3,2,3,107,4885540,230711,750,4,2,3,0,1,1,0,120,2,0,1,0,0
201600052052,16,6,3,1600,1,2,1,8,3,107,4886230,230476,750,4,2,2,0,1,1,0,0,1,0,1,99,0
201600052053,16,6,4,1235,1,2,5,1,3,107,4886270,231902,750,4,2,2,0,1,1,0,0,1,0,1,0,0
201600052054,16,6,8,904,1,2,2,1,3,107,4885810,231000,750,4,2,2,0,1,1,0,0,1,0,1,0,0
201600052055,16,6,9,1515,1,2,1,1,3,107,4886060,232599,750,4,1,4,3,1,1,0,0,1,0,1,99,0
201600052056,16,6,10,1555,1,2,3,1,6,107,4885830,230201,750,4,1,1,0,1,1,0,0,1,0,1,0,0
201600052057,16,6,11,1743,1,2,4,1,1,107,4885990,232816,750,4,2,1,0,1,0,0,0,1,0,1,0,0
201600052058,16,6,13,1430,1,2,1,1,6,107,4885930,230325,750,4,1,2,0,1,1,0,0,1,0,1,0,0
201600052059,16,6,16,1915,1,2,1,8,2,107,4885250,231457,750,4,2,1,0,1,1,0,0,1,0,1,0,0
201600052060,16,6,16,2235,5,2,1,1,7,107,4886230,230505,750,4,2,4,1,1,1,0,160,2,0,1,0,0
201600052061,16,6,18,1159,1,2,3,1,3,107,4885930,233019,750,4,1,4,3,1,1,0,0,1,0,1,99,0
201600052062,16,6,19,1830,1,2,7,1,3,107,4885330,231298,750,4,1,0,0,1,1,0,0,1,0,1,0,0
201600052063,16,6,21,1910,1,2,3,1,3,107,4885940,231954,750,4,1,1,0,1,1,0,0,1,0,1,99,0
201600052064,16,6,21,2308,5,2,2,1,6,115,4885460,228867,750,4,2,3,0,1,1,0,90,1,0,1,0,0
201600052065,16,6,26,825,1,2,2,1,6,107,4885850,232311,750,4,1,1,0,1,1,0,80,1,0,1,99,0
201600052066,16,6,29,1025,1,2,2,1,3,107,4885850,233243,750,4,2,3,3,1,1,0,0,1,0,1,0,0
201600052067,16,6,29,1830,1,2,7,1,2,115,4884720,231109,750,4,1,1,0,0,0,0,120,0,0,1,0,0
201600052068,16,7,4,1910,1,2,7,1,2,107,4886280,231163,750,4,2,4,0,1,1,0,0,1,0,0,99,0
201600052069,16,7,6,1800,1,2,3,1,2,107,4884830,231576,750,4,2,4,0,1,1,0,0,1,0,1,0,0
201600052070,16,7,11,22,5,2,2,1,6,107,4885870,229854,750,4,2,2,0,1,1,0,0,1,0,1,0,0
201600052071,16,7,11,1100,1,2,1,1,3,107,4886140,231029,750,4,2,0,3,1,1,0,0,1,0,1,99,0
201600052072,16,7,12,2050,1,2,1,1,6,107,4885830,232243,750,4,1,1,0,1,1,0,80,2,0,1,0,0
201600052073,16,7,15,2100,1,2,4,1,6,107,4885800,229154,750,4,1,2,0,1,1,0,60,1,1,1,99,0
201600052074,16,7,16,230,5,2,2,1,6,107,4885070,231162,750,4,2,4,0,1,1,15,120,1,0,1,0,0
201600052075,16,7,16,1305,1,2,3,1,3,107,4884830,231576,750,4,2,2,3,1,1,0,0,1,0,1,0,0
201600052076,16,7,18,1100,1,2,5,1,2,107,4886060,229553,750,4,2,3,0,1,1,0,0,1,0,1,0,0
201600052077,16,7,19,2100,1,2,2,1,6,107,4886110,231318,750,4,2,4,0,1,1,0,230,1,0,1,0,0
201600052078,16,7,23,1605,1,2,2,1,3,107,4884940,231510,750,4,1,0,0,1,1,0,80,1,0,1,0,0
201600052079,16,7,25,1315,1,2,3,1,6,107,4884790,231593,750,4,2,1,0,1,1,0,45,1,0,1,0,0
201600052080,16,7,28,1500,1,2,1,1,6,107,4885510,232810,750,4,1,3,0,1,1,0,0,1,0,1,99,0
201600052081,16,7,29,955,1,2,1,1,3,107,4885990,231718,750,4,1,1,0,1,1,0,60,1,0,1,99,0
201600052082,16,8,1,2034,2,2,3,1,7,107,4886290,231519,750,4,2,0,0,1,1,0,0,1,0,1,0,0
201600052083,16,8,1,2035,3,2,1,1,2,107,4885920,230061,750,4,1,3,0,1,1,0,100,1,0,1,0,0
201600052084,16,8,4,2150,5,2,3,1,2,107,4886240,230962,750,4,3,2,0,1,1,0,0,1,0,1,99,0
201600052085,16,8,16,2330,5,2,2,1,2,107,4886110,231318,750,4,2,2,0,1,1,0,200,1,0,1,99,0
201600052086,16,8,24,1200,1,2,1,1,3,107,4885910,232769,750,4,1,1,0,0,0,0,0,0,0,1,0,0
201600052087,16,8,25,30,5,2,2,1,3,107,4886110,231318,750,4,2,4,2,1,1,0,215,1,0,1,99,0