Num_Acc,an,mois,jour,hrmn,lum,agg,int,atm,col,com,lat,long,dep,catr,circ,nbv,vosp,prof,plan,lartpc,larrout,surf,infra,situ,env1,killed
201600052088,16,8,25,900,1,2,5,1,3,107,4886270,231902,750,4,2,4,2,1,1,0,0,1,0,1,99,0
201600052089,16,8,29,2332,5,2,2,1,3,107,4886290,231342,750,4,2,6,0,1,1,0,205,1,0,0,99,0
201600052090,16,8,30,1110,1,2,1,1,3,107,4885230,231905,750,4,1,1,0,1,1,0,35,1,0,1,99,0
201600052091,16,9,1,1120,1,2,3,1,6,107,4885070,232525,750,4,2,3,3,1,1,0,140,1,0,1,99,0
201600052092,16,9,2,1928,2,2,3,1,3,107,4886280,231163,750,4,1,1,0,1,0,0,0,1,0,1,0,0
201600052093,16,9,3,425,5,2,7,1,6,107,4885770,230001,750,4,1,0,0,1,1,0,0,1,0,0,0,0
201600052094,16,9,5,950,1,2,1,2,2,107,4885170,232428,750,4,1,1,0,1,1,0,30,2,0,1,99,0
201600052095,16,9,5,1930,1,2,2,2,7,107,4885750,229103,750,4,2,3,1,1,1,0,0,2,0,1,99,0
201600052096,16,9,8,915,1,2,1,1,1,107,4884730,231794,750,4,0,0,0,1,0,0,0,1,0,4,0,0
201600052097,16,9,14,1707,1,2,1,1,2,107,4886220,230316,750,4,2,4,0,1,1,0,120,1,0,1,0,0
201600052098,16,9,18,1925,2,2,2,3,3,107,4886270,231902,750,4,2,3,0,1,1,0,0,2,0,1,99,0
201600052099,16,9,19,1000,1,2,1,8,3,107,4885970,229224,750,4,2,4,0,1,1,0,0,2,0,1,0,0
201600052100,16,9,19,1400,1,2,2,2,6,107,4886250,231038,750,4,2,3,1,0,0,0,0,0,0,5,0,0
201600052101,16,9,24,1550,1,2,3,1,6,107,4884830,231576,750,4,2,4,3,0,1,0,120,1,6,1,99,0
201600052102,16,9,29,900,1,2,3,1,6,107,4885540,230370,750,4,2,3,3,1,1,0,140,1,6,1,3,0
201600052103,16,9,29,1200,1,2,1,1,3,107,4885220,230926,750,4,2,4,1,1,1,0,160,1,0,1,99,0
201600052104,16,10,4,1112,1,2,2,1,2,107,4885720,230990,750,4,2,0,0,1,0,0,0,1,0,1,0,0
201600052105,16,10,4,1312,1,2,3,1,3,107,4885620,231501,750,4,2,0,0,1,0,0,0,1,0,1,0,0
201600052106,16,10,6,740,1,2,4,1,2,107,4884840,232053,750,4,2,3,0,1,1,0,102,1,0,1,0,0
201600052107,16,10,6,1521,1,2,1,1,3,107,4885060,230885,750,4,2,2,0,1,1,0,100,9,0,1,0,0
201600052108,16,10,9,2345,5,2,2,1,3,115,4884000,229031,750,4,2,3,0,1,1,0,100,1,0,1,0,0
201600052109,16,10,10,1633,1,2,3,2,7,107,4885620,231501,750,4,4,0,0,1,0,0,0,2,0,1,0,0
201600052110,16,10,10,1850,2,2,3,8,4,107,4884830,231576,750,4,4,0,3,1,0,0,0,2,0,1,0,0
201600052111,16,10,11,1105,1,2,1,1,1,107,4885750,232403,750,4,2,6,3,1,1,0,160,1,0,1,0,0
201600052112,16,10,11,1145,1,2,2,1,6,107,4885620,230246,750,4,1,1,0,1,1,0,120,1,5,1,99,0
201600052113,16,10,12,845,1,2,7,1,7,115,4884210,230307,750,4,2,2,0,1,1,0,80,1,0,1,0,0
201600052114,16,10,13,1235,1,2,2,1,3,107,4885580,230301,750,4,2,3,3,0,0,0,0,1,0,0,0,0
201600052115,16,10,14,1515,1,2,7,2,3,107,4885330,231298,750,4,2,1,0,1,1,0,140,2,0,1,0,0
201600052116,16,10,16,930,1,2,3,1,6,107,4885540,230370,750,4,1,2,0,1,1,0,0,1,0,1,0,0
201600052117,16,10,24,1625,1,2,2,2,4,107,4886110,231027,750,4,4,3,3,1,1,0,100,2,0,1,0,0
201600052118,16,10,25,1900,5,2,1,1,6,107,4885790,231572,750,4,1,2,0,1,1,0,70,1,0,1,0,0
201600052119,16,10,27,1145,1,2,2,1,3,107,4885620,229295,750,4,0,0,0,1,0,0,0,1,0,1,99,0
201600052120,16,10,27,2025,5,2,1,1,2,107,4885930,233001,750,4,1,4,0,1,1,0,0,1,0,1,99,0
201600052121,16,11,4,1620,1,2,3,2,6,107,4885050,231956,750,4,1,1,0,1,1,0,55,2,0,1,3,0
201600052122,16,11,10,42,5,2,3,2,3,107,4886290,231519,750,4,2,4,0,1,1,0,200,2,0,1,0,0
201600052123,16,11,10,1205,1,2,2,2,2,107,4886220,231964,750,4,2,3,0,1,1,0,0,2,0,1,99,0
201600052124,16,11,12,625,5,2,2,1,6,107,4885620,229295,750,4,2,2,0,1,1,0,0,1,0,1,99,0
201600052125,16,11,12,1030,1,2,3,1,3,107,4885480,232598,750,4,1,2,3,1,1,0,80,1,0,1,99,0
201600052126,16,11,12,500,5,2,1,1,6,107,4886220,230238,750,4,2,1,0,1,1,0,190,1,5,1,0,0
201600052127,16,11,13,505,5,2,1,2,6,107,4885270,231330,750,4,2,1,0,1,1,0,55,2,0,1,0,0
201600052128,16,11,14,1816,5,2,2,2,6,107,4885920,230510,750,4,1,1,0,1,1,0,0,1,0,1,0,0
201600052129,16,11,21,2045,5,2,2,1,6,107,4886220,231964,750,4,1,2,0,1,1,0,160,1,0,1,99,0
201600052130,16,11,22,1820,5,2,4,1,3,107,4885480,232598,750,4,1,2,0,0,0,0,0,0,0,1,0,0
201600052131,16,11,23,1005,1,2,3,2,2,107,4884610,231423,750,4,2,3,3,1,1,0,120,2,0,1,0,0
201600052132,16,11,27,1325,1,2,2,1,3,107,4885620,230246,750,4,1,1,0,1,1,0,0,1,0,1,3,0
201600052133,16,11,30,910,1,2,1,1,6,107,4886170,232011,750,4,0,0,3,1,1,0,0,1,0,0,0,0
201600052134,16,11,30,1917,5,2,2,1,3,107,4885720,230990,750,4,2,1,0,1,1,0,0,1,0,1,99,0
201600052135,16,11,30,1908,5,2,5,1,6,107,4885900,229328,750,4,1,1,0,1,0,0,0,1,0,1,99,0
201600052136,16,12,1,1315,1,2,1,1,3,107,4885990,231574,750,4,0,1,0,1,1,0,0,1,0,0,0,0
201600052137,16,12,1,1645,2,2,1,1,7,107,4886250,230601,750,4,2,4,0,1,1,0,0,1,0,1,99,0
201600052138,16,12,2,1520,1,2,1,1,4,107,4886320,231946,750,4,2,4,0,1,1,0,160,1,0,1,0,0
201600052139,16,12,5,1215,1,2,2,1,2,107,4886000,232170,750,4,2,4,0,1,1,0,150,1,0,1,3,0
201600052140,16,12,5,2320,5,2,2,1,6,107,4885990,231015,750,4,1,2,0,1,1,0,170,1,0,1,99,0
201600052141,16,12,13,905,1,2,1,2,2,107,4885970,232311,750,4,1,1,0,1,1,0,0,2,0,1,0,0
201600052142,16,12,16,915,1,2,2,1,6,107,4885810,231000,750,4,0,1,0,1,1,0,50,1,0,1,0,0
201600052143,16,12,19,1128,1,2,7,1,3,107,4886190,230199,750,4,2,3,0,1,1,0,150,1,0,1,0,0
201600052144,16,12,23,100,5,2,5,1,6,115,4885750,229103,750,4,2,4,0,1,3,0,0,2,0,1,0,0
201600052145,16,12,27,2035,5,2,1,1,6,107,4885010,231471,750,4,3,4,0,1,1,0,0,1,0,1,0,0
201600052146,16,12,29,1215,1,2,1,1,2,107,4885400,231955,750,4,1,1,0,1,1,0,60,1,0,1,99,0
201600052147,16,12,30,2225,5,2,2,1,6,107,4884940,231510,750,4,2,3,0,1,1,0,88,1,0,1,99,0
201600052148,16,1,2,2000,5,2,4,2,5,108,4887420,229955,750,4,0,1,0,0,0,0,0,0,0,0,0,0
201600052149,16,1,4,845,1,2,3,1,6,108,4886640,230511,750,4,1,0,0,1,1,0,0,1,0,1,0,0
201600052150,16,1,5,1210,1,2,7,2,6,108,4886660,232190,750,4,1,6,0,0,0,0,0,0,0,1,0,0
201600052151,16,1,5,1915,5,2,3,1,6,108,4886830,231235,750,4,2,8,0,1,0,0,260,1,0,1,0,0
201600052152,16,1,6,1845,5,2,4,1,2,108,4886490,231637,750,4,2,4,0,2,1,2,100,1,1,1,99,0
201600052153,16,1,8,1430,1,2,5,1,2,108,4887530,232421,750,4,1,3,0,1,1,0,120,1,0,0,99,0
201600052154,16,1,8,1800,5,2,2,1,6,108,4887410,232456,750,4,1,2,0,1,1,0,50,1,0,0,0,0
201600052155,16,1,8,1830,5,2,2,1,3,108,4887520,229841,750,4,2,2,0,1,1,0,160,1,0,1,0,0
201600052156,16,1,9,1720,5,2,7,1,3,108,4887410,229573,750,4,2,6,0,0,0,0,0,0,0,1,0,0
201600052157,16,1,11,1755,2,2,2,8,6,108,4887910,231547,750,4,1,0,0,2,1,0,0,1,0,1,99,0
201600052158,16,1,13,1730,4,2,2,1,7,108,4887790,231814,750,4,2,2,0,2,1,0,0,1,0,1,0,0
201600052159,16,1,13,1830,5,2,3,1,6,108,4886800,230472,750,4,1,1,0,2,1,0,80,1,0,1,0,0
201600052160,16,1,14,1620,1,2,2,1,3,108,4886700,230631,750,4,1,2,0,1,1,0,90,2,0,1,0,0
201600052161,16,1,15,1740,3,2,1,1,7,108,4887980,232701,750,4,1,2,3,2,1,0,0,1,0,1,0,0
201600052162,16,1,14,1205,1,2,2,1,3,108,4886590,231989,750,4,2,0,0,1,1,0,260,1,0,1,99,0
201600052163,16,1,17,2220,5,2,3,1,2,108,4887220,230905,750,4,1,1,0,1,1,0,40,1,0,1,0,0
201600052164,16,1,18,2335,5,2,1,1,3,108,4886990,230733,750,4,2,4,0,1,1,0,200,1,0,1,0,0
201600052165,16,1,19,1240,1,2,1,1,7,108,4887360,231777,750,4,1,1,0,2,1,0,0,1,0,1,0,0
201600052166,16,1,20,1100,1,2,2,1,6,108,4887770,231559,750,4,1,1,0,1,1,0,0,1,0,1,0,0
201600052167,16,1,20,1430,1,2,4,1,7,108,4886670,230130,750,4,2,2,0,2,1,0,60,1,0,1,0,0
201600052168,16,1,21,840,1,2,2,1,6,108,4887990,232070,750,4,1,1,0,1,1,0,80,1,0,1,0,0
201600052169,16,1,22,1425,1,2,3,3,3,108,4886610,229963,750,4,2,5,0,2,0,0,0,2,0,1,0,0
201600052170,16,1,25,1230,1,2,5,7,6,108,4887530,231577,750,4,2,4,0,1,1,0,120,1,0,0,0,0
201600052171,16,1,26,1250,1,2,2,1,6,108,4887240,229949,750,4,0,0,0,2,1,0,60,1,0,0,0,0
201600052172,16,1,26,1430,1,2,1,1,3,108,4887740,230369,750,4,2,2,0,2,1,0,120,1,0,1,0,0
201600052173,16,1,26,1915,2,2,2,1,6,108,4887370,231445,750,4,1,1,0,1,1,0,120,1,0,1,0,0
201600052174,16,1,27,805,1,2,2,2,6,108,4887180,230102,750,4,2,2,0,0,0,0,0,0,0,1,0,0
201600052175,16,1,27,1930,5,2,2,1,6,108,4887050,230531,750,4,2,8,0,2,1,0,300,1,0,1,0,0
201600052176,16,1,27,1745,5,2,1,1,7,108,4886500,231823,750,4,3,2,0,1,1,10,90,1,0,1,99,0
201600052177,16,1,28,1510,1,2,5,1,3,108,4886780,231384,750,4,2,10,3,1,1,0,300,1,0,1,0,0
201600052178,16,1,28,2150,5,2,2,1,3,108,4887770,231559,750,4,1,1,0,2,1,0,70,1,0,1,0,0
201600052179,16,1,29,2020,5,2,2,1,3,108,4887020,231103,750,4,1,1,0,1,1,60,60,1,0,1,99,0
201600052180,16,1,30,420,5,2,7,2,3,108,4886590,231989,750,4,2,8,0,1,1,0,250,2,0,1,0,0
201600052181,16,1,30,1110,1,2,5,2,6,108,4886750,229922,750,4,2,2,0,1,0,0,0,2,0,1,0,0
201600052182,16,2,1,626,5,2,5,1,3,108,4887530,231577,750,4,2,1,0,1,1,0,0,1,0,1,99,0
201600052183,16,2,2,1500,1,2,1,3,6,108,4887140,232306,750,4,1,1,0,1,1,0,0,2,0,1,0,0
201600052184,16,2,3,1210,1,2,1,1,3,108,4886920,230646,750,4,1,0,0,1,1,0,80,1,0,1,0,0
201600052185,16,2,3,1745,1,2,5,8,3,108,4887640,230786,750,4,2,2,0,1,1,0,120,2,0,1,0,0
201600052186,16,2,9,1010,1,2,7,2,7,108,4886600,232191,750,4,1,1,0,1,3,0,0,2,0,1,0,0
201600052187,16,2,10,2030,5,2,7,8,3,108,4887470,230362,750,4,2,4,0,2,1,0,100,2,0,1,0,0
201600052188,16,2,12,1130,1,2,7,2,3,108,4886430,231033,750,4,0,0,0,0,0,0,0,2,0,1,99,0
201600052189,16,2,12,1800,2,2,1,2,3,108,4886980,232510,750,4,1,4,1,1,2,30,170,2,0,5,0,0
201600052190,16,2,12,1830,5,2,1,2,2,108,4886470,230885,750,4,2,4,0,2,1,0,120,2,1,1,99,0
201600052191,16,2,13,240,5,2,2,1,6,117,4889250,232472,750,4,2,2,0,1,0,0,70,1,0,1,0,0
201600052192,16,2,13,1520,1,2,2,2,6,108,4887350,232084,750,4,1,1,0,1,1,0,120,2,0,1,99,0
201600052193,16,2,15,845,1,2,4,1,7,108,4886610,230132,750,4,3,0,0,2,1,0,0,1,0,1,99,0
201600052194,16,2,16,710,1,2,7,1,3,116,4887400,229417,750,4,1,5,0,1,0,0,250,1,0,1,0,0
201600052195,16,2,16,945,1,2,7,1,6,108,4887090,232505,750,4,2,2,0,1,3,0,80,1,0,4,0,0
201600052196,16,2,17,846,1,2,7,1,3,108,4886500,232027,750,4,1,8,0,1,2,0,250,1,0,1,99,0
201600052197,16,2,18,1130,1,2,5,4,3,108,4887310,229709,750,4,2,8,0,2,1,0,250,2,0,1,0,0
201600052198,16,2,18,1922,5,2,1,2,3,108,4887110,232522,750,4,0,2,0,1,1,0,60,2,0,1,0,0
201600052199,16,2,19,950,1,2,2,1,2,108,4886840,230112,750,4,2,4,0,2,1,0,120,1,0,1,0,0
201600052200,16,2,20,2040,5,2,5,1,7,108,4887490,230590,750,4,1,1,0,2,1,0,0,1,0,1,99,0
201600052201,16,2,22,1120,1,2,2,1,6,108,4886990,231195,750,4,1,3,3,1,1,0,0,1,0,1,0,0
201600052202,16,2,22,2210,5,2,3,2,3,108,4886530,230289,750,4,4,2,3,1,1,0,0,2,0,1,0,0
201600052203,16,2,23,840,1,2,2,2,6,108,4887340,232365,750,4,1,1,0,1,1,0,40,2,0,1,99,0
201600052204,16,2,24,1411,1,2,1,8,6,108,4886830,230883,750,4,2,3,0,1,1,0,90,1,0,1,99,0
201600052205,16,2,25,1125,1,2,1,1,7,108,4887120,230300,750,4,2,0,0,2,1,0,0,1,0,1,0,0
201600052206,16,2,25,2225,5,2,3,1,2,108,4888050,232133,750,4,2,2,2,2,1,0,0,1,0,1,3,0
201600052207,16,2,26,1340,1,2,4,1,3,108,4887420,229955,750,4,1,1,0,2,1,0,40,1,0,1,0,0
201600052208,16,2,26,1430,1,2,2,1,3,108,4887660,231757,750,4,2,2,0,1,1,10,10,1,0,1,0,0
201600052209,16,2,27,530,5,2,5,1,6,108,4887270,230804,750,4,1,1,0,1,1,0,70,1,0,1,99,0
201600052210,16,3,1,1525,1,2,1,2,2,108,4886660,231388,750,4,2,6,0,1,1,0,200,2,0,1,0,0
201600052211,16,3,1,2024,5,2,1,1,3,108,4887510,232203,750,4,0,0,3,1,1,0,0,2,0,1,0,0
201600052212,16,3,2,150,5,2,2,2,3,108,4887140,230728,750,4,1,1,0,0,0,0,30,2,0,1,0,0
201600052213,16,3,2,1030,1,2,5,1,6,108,4887190,232193,750,4,1,0,0,1,2,0,0,0,0,1,0,0
201600052214,16,3,2,1550,1,2,2,1,3,108,4887370,230647,750,4,1,1,0,1,1,0,0,2,0,1,0,0
201600052215,16,3,2,1930,5,2,7,2,2,108,4887510,229601,750,4,2,2,0,1,1,0,0,2,0,1,0,0
201600052216,16,3,2,2007,5,2,7,1,6,108,4886490,231027,750,4,1,1,0,1,1,0,0,2,0,1,0,0
201600052217,16,3,3,230,5,2,2,2,6,108,4887810,232257,750,4,2,1,0,1,0,0,60,2,0,1,0,0
201600052218,16,3,3,1550,1,2,2,1,6,108,4887100,230090,750,4,2,0,0,2,0,0,0,1,0,0,0,0
201600052219,16,3,4,40,5,2,1,2,3,108,4887260,229881,750,4,2,8,0,2,1,0,0,2,0,1,0,0
201600052220,16,3,6,620,5,2,4,2,6,108,4888230,232604,750,4,1,1,0,2,1,0,0,2,0,1,0,0
201600052221,16,3,6,1600,1,2,7,1,2,108,4886900,231008,750,4,2,8,0,1,1,0,270,1,0,1,99,0
201600052222,16,3,7,1700,1,2,2,1,6,108,4886920,230277,750,4,2,2,0,1,1,0,70,1,0,1,99,0
201600052223,16,3,7,1820,5,2,7,2,3,108,4886470,232055,750,4,1,8,0,1,1,0,250,2,0,1,0,0
201600052224,16,3,8,1950,5,2,7,1,3,108,4886590,231989,750,4,1,4,0,1,1,0,120,1,0,1,0,0
201600052225,16,3,9,1018,1,2,2,2,6,108,4886900,231475,750,4,2,2,0,1,1,0,0,2,0,1,0,0
201600052226,16,3,9,1120,1,2,1,2,2,108,4886940,230874,750,4,2,4,0,1,1,0,300,2,0,1,99,0
201600052227,16,3,10,940,1,2,7,1,3,108,4886700,232059,750,4,1,0,0,1,1,0,0,1,0,1,0,0
201600052228,16,3,10,2010,4,2,3,1,2,108,4887110,230350,750,4,2,2,0,0,0,0,0,0,0,1,0,0
201600052229,16,3,11,1520,1,2,1,1,6,108,4888100,231413,750,4,2,2,0,0,0,0,0,0,0,1,0,0
201600052230,16,3,13,620,5,2,3,1,6,108,4887350,230913,750,4,1,2,0,1,0,0,80,1,0,1,0,0
201600052231,16,3,13,811,1,2,6,1,3,108,4887350,229579,750,4,2,10,0,3,1,0,250,1,5,1,0,0
201600052232,16,3,13,1240,1,2,2,1,3,108,4887960,230499,750,4,2,2,0,1,1,0,50,1,0,0,0,0
201600052233,16,3,16,1600,1,2,2,1,3,108,4886460,231030,750,4,0,0,0,1,1,0,0,1,0,0,0,0
201600052234,16,3,17,1540,1,2,2,1,3,108,4887790,231814,750,4,2,2,0,2,1,0,180,1,0,1,0,0
201600052235,16,3,18,1630,1,2,5,1,6,108,4887670,231927,750,4,2,2,0,4,1,0,150,1,0,1,3,0
201600052236,16,3,19,1130,1,2,1,1,4,108,4886860,231135,750,4,2,8,0,1,1,0,240,1,0,1,0,0
201600052237,16,3,23,1030,1,2,7,1,3,108,4887560,231881,750,4,2,4,0,1,0,0,0,1,0,1,0,0
201600052238,16,3,24,920,1,2,7,1,3,108,4886780,231384,750,4,0,8,0,1,1,0,200,1,0,0,0,0
201600052239,16,3,24,1404,1,2,2,1,3,108,4887180,230102,750,4,2,4,0,1,1,0,110,0,0,0,0,0
201600052240,16,3,24,1510,1,2,7,1,3,108,4887260,231002,750,4,1,2,3,1,1,30,60,1,0,1,0,0
201600052241,16,3,25,915,1,2,7,2,3,108,4886780,231384,750,4,1,2,0,0,0,0,0,0,0,1,0,0
201600052242,16,3,25,910,1,2,7,6,3,108,4887800,230522,750,4,2,2,0,1,2,0,120,2,0,1,3,0
201600052243,16,3,25,1150,1,2,4,1,3,108,4887060,232286,750,4,2,6,0,1,1,0,100,2,0,1,99,0
201600052244,16,3,25,1758,1,2,1,1,2,108,4886450,230732,750,4,1,3,0,1,1,0,60,1,0,1,99,0
201600052245,16,3,27,1853,1,2,3,1,3,108,4887970,231397,750,4,2,4,0,2,1,0,240,0,0,1,99,0
201600052246,16,3,28,300,5,2,4,2,6,108,4887480,230470,750,4,2,3,0,0,0,0,0,0,0,1,0,0
201600052247,16,3,28,2300,5,2,7,2,2,108,4886900,231008,750,4,2,8,3,1,1,0,160,2,0,1,0,0
201600052248,16,3,29,1740,1,2,2,2,6,108,4886700,230631,750,4,0,3,0,1,1,0,130,2,0,1,0,0
201600052249,16,3,30,1730,1,2,3,2,3,108,4888090,232109,750,4,2,2,0,2,1,0,110,2,0,1,0,0
201600052250,16,4,1,630,1,2,7,1,5,108,4886900,231008,750,4,0,0,0,2,1,0,0,1,0,1,99,0
201600052251,16,4,1,1420,1,2,7,1,2,108,4886900,231008,750,4,2,4,0,1,1,0,250,1,0,1,0,0
201600052252,16,4,3,1000,1,2,1,1,3,108,4887510,231058,750,4,3,2,0,0,0,0,200,0,0,1,0,0
201600052253,16,4,1,2130,5,2,7,1,3,108,4886460,231030,750,4,3,2,0,1,1,120,120,1,0,1,0,0
201600052254,16,4,4,1250,1,2,1,1,1,108,4887990,231368,750,4,2,4,0,2,1,0,160,9,0,1,0,0
201600052255,16,4,4,2245,5,2,2,2,6,108,4887180,230102,750,4,2,4,0,1,1,0,0,2,0,1,99,0
201600052256,16,4,5,1415,1,2,5,1,3,108,4886420,230178,750,4,1,1,0,1,1,0,100,1,0,1,0,0
201600052257,16,4,5,1450,1,2,5,1,6,108,4887950,232177,750,4,2,1,0,1,0,0,0,1,0,1,0,0
201600052258,16,4,6,1730,1,2,2,1,3,108,4886590,231989,750,4,1,3,0,1,1,0,60,1,0,1,0,0
201600052259,16,4,7,1210,1,2,7,1,6,108,4887010,230102,750,4,1,1,0,0,1,0,50,1,0,1,0,0
201600052260,16,4,7,1349,1,2,4,1,7,108,4887480,230470,750,4,2,2,0,1,1,0,0,2,0,1,0,0
201600052261,16,4,7,1615,1,2,3,2,6,108,4888090,232109,750,4,2,0,0,2,1,0,0,2,0,1,0,0
201600052262,16,4,7,1815,1,2,7,1,6,108,4888090,232472,750,4,1,0,0,0,0,0,0,0,0,0,0,0
201600052263,16,4,7,1920,1,2,7,1,6,108,4888090,232472,750,4,1,0,0,2,1,0,0,1,0,1,0,0
201600052264,16,4,8,1010,1,2,7,1,6,108,4887400,229728,750,4,2,4,0,0,0,0,0,0,0,1,0,0
201600052265,16,4,8,1737,1,2,7,1,3,108,4886900,231008,750,4,2,2,0,1,1,0,0,1,0,1,0,0
201600052266,16,4,7,1300,1,2,1,1,6,108,4887140,232542,750,4,2,2,0,1,1,0,130,1,0,1,0,0
201600052267,16,4,11,910,1,2,5,2,3,108,4887470,232004,750,4,2,2,0,1,1,0,100,2,0,1,0,0
201600052268,16,4,11,900,1,2,1,2,3,108,4887740,230369,750,4,2,2,0,1,1,0,0,2,0,1,0,0
201600052269,16,4,11,1020,1,2,2,2,6,108,4887780,231618,750,4,2,4,0,1,1,0,0,2,0,1,99,0
201600052270,16,4,11,1640,1,2,1,2,7,108,4887610,232365,750,4,2,4,0,2,1,0,100,2,0,1,99,0
201600052271,16,4,12,1925,1,2,2,1,6,108,4887500,230914,750,4,2,6,0,2,1,0,120,1,0,1,0,0
201600052272,16,4,13,1120,1,2,5,1,3,108,4887310,232672,750,4,2,2,0,1,1,0,90,1,0,1,99,0
201600052273,16,4,13,1345,1,2,7,1,3,108,4886660,232190,750,4,1,4,0,1,1,0,0,1,0,1,99,0
201600052274,16,4,14,1245,1,2,1,1,2,108,4886840,231427,750,4,0,0,0,1,0,0,0,1,0,0,99,0
201600052275,16,4,14,2100,5,2,2,2,1,108,4886840,232324,750,4,3,2,0,1,1,0,150,2,0,1,99,0
201600052276,16,4,16,1210,1,2,7,2,2,108,4886780,231384,750,4,2,8,0,1,1,0,260,1,0,1,99,0
201600052277,16,4,16,1950,1,2,7,1,3,108,4886660,232190,750,4,1,4,0,1,1,0,0,1,0,1,0,0
201600052278,16,4,17,745,1,2,2,1,3,108,4887490,230541,750,4,1,2,0,2,1,100,80,1,0,1,0,0
201600052279,16,4,17,1309,1,2,4,1,6,108,4886670,230130,750,4,2,2,0,2,1,0,200,1,0,1,99,0
201600052280,16,4,19,1025,1,2,2,1,3,108,4887280,231068,750,4,2,4,0,1,1,0,150,1,0,1,0,0
201600052281,16,4,21,1915,1,2,3,1,2,108,4887210,232594,750,4,2,3,3,1,1,0,120,1,0,1,0,0
201600052282,16,4,23,220,5,2,2,2,3,108,4886840,230112,750,4,2,2,0,1,1,0,0,1,0,1,99,0
201600052283,16,4,23,320,5,2,2,3,7,108,4887180,230102,750,4,2,8,0,1,1,0,0,2,0,1,0,0
201600052284,16,4,23,1815,1,2,4,1,3,108,4887420,229955,750,4,2,2,3,1,1,0,160,1,0,1,0,0
201600052285,16,4,28,1130,1,2,1,1,3,108,4888120,232094,750,4,2,2,0,2,1,0,160,1,0,1,0,0
201600052286,16,4,28,1221,1,2,3,1,6,108,4888090,232109,750,4,2,2,0,2,1,0,150,1,0,1,0,0
201600052287,16,4,28,1910,1,2,4,1,6,108,4887310,232672,750,4,2,0,0,0,0,0,0,0,0,1,0,0
201600052288,16,4,29,1520,1,2,2,1,2,108,4887140,230253,750,4,2,5,0,1,1,10,10,1,0,1,0,0
201600052289,16,4,30,250,5,2,2,1,6,108,4887010,230662,750,4,0,4,0,2,1,0,130,2,0,1,0,0
201600052290,16,4,30,940,1,2,2,2,6,108,4888170,231881,750,4,1,1,0,1,1,0,80,2,0,1,0,0
201600052291,16,4,30,1330,1,2,2,2,6,108,4887880,232221,750,4,2,2,0,2,1,0,160,2,0,1,0,0
201600052292,16,4,30,1555,1,2,3,2,2,108,4887110,230350,750,4,2,5,0,2,1,0,0,2,0,1,99,0
201600052293,16,5,1,1805,1,2,2,1,3,108,4886900,231475,750,4,2,3,0,1,1,0,100,1,0,1,0,0
201600052294,16,5,2,200,5,2,1,1,3,116,4885140,226083,750,4,2,4,0,1,1,0,150,1,0,1,0,0
201600052295,16,5,2,950,1,2,1,1,2,108,4887320,229676,750,4,0,6,0,1,1,0,300,1,0,0,99,0
201600052296,16,5,3,1140,1,2,1,1,4,108,4887320,229676,750,4,2,4,0,1,1,60,120,1,0,1,0,0
201600052297,16,5,3,1205,1,2,7,1,6,108,4886660,232190,750,4,1,0,0,1,1,0,0,1,0,1,99,0
201600052298,16,5,3,1500,1,2,1,1,3,108,4887540,231652,750,4,1,1,0,2,1,0,0,1,0,1,99,0
201600052299,16,5,4,1040,1,2,1,1,3,108,4887410,232039,750,4,2,4,0,1,1,0,0,1,0,0,0,0
201600052300,16,5,4,2025,2,2,2,1,3,108,4887240,229949,750,4,2,8,0,1,1,0,240,1,0,1,0,0
201600052301,16,5,5,120,5,2,3,1,7,108,4887520,231436,750,4,1,3,0,1,1,5,100,1,0,1,0,0
201600052302,16,5,5,2040,1,2,7,1,7,117,4887820,229874,750,4,0,0,0,0,0,0,0,0,0,0,0,0
201600052303,16,5,6,32,5,2,4,1,6,108,4886490,231798,750,4,1,2,0,1,1,10,60,1,0,1,99,0
201600052304,16,5,7,1915,1,2,4,1,3,108,4886950,231337,750,4,0,1,0,1,1,0,80,0,0,1,0,0
201600052305,16,5,8,850,1,2,1,1,3,108,4887150,232034,750,4,1,1,0,1,1,0,0,1,0,1,99,0
201600052306,16,5,8,2325,5,2,7,1,6,108,4887530,232485,750,4,2,4,0,1,1,0,0,1,0,1,0,0
201600052307,16,5,9,1200,1,2,2,1,3,108,4887490,230541,750,4,2,2,0,2,1,0,0,1,0,1,99,0
201600052308,16,5,9,1425,1,2,3,8,6,108,4887210,232594,750,4,2,2,0,0,0,0,0,1,0,1,99,0
201600052309,16,5,10,300,5,2,7,2,3,108,4886560,232069,750,4,1,8,0,1,1,0,0,2,0,1,0,0
201600052310,16,5,10,1240,1,2,1,1,2,108,4887080,230440,750,4,2,10,0,2,1,0,280,2,0,1,0,0
201600052311,16,5,10,2300,5,2,2,2,6,108,4887310,229709,750,4,3,8,0,0,0,10,160,0,0,1,0,0
201600052312,16,5,11,1220,1,2,7,1,6,108,4887490,230181,750,4,2,2,0,1,1,0,90,1,0,1,99,0
201600052313,16,5,11,1405,1,2,3,2,1,108,4887700,231333,750,4,2,2,0,2,1,30,60,2,0,1,0,0
201600052314,16,5,15,1836,1,2,7,1,3,108,4887310,229709,750,4,2,8,0,2,1,0,0,1,0,1,0,0
201600052315,16,5,17,1645,1,2,4,1,6,116,4886650,229951,750,4,2,4,0,2,1,0,170,1,0,1,0,0