Num_Acc,an,mois,jour,hrmn,lum,agg,int,atm,col,com,lat,long,dep,catr,circ,nbv,vosp,prof,plan,lartpc,larrout,surf,infra,situ,env1,killed
201600052316,16,5,18,1620,1,2,2,2,3,108,4887100,230090,750,4,2,4,0,2,1,0,120,2,0,1,0,0
201600052317,16,5,19,35,5,2,7,2,6,108,4886940,232476,750,4,2,6,0,1,1,0,0,2,0,0,0,0
201600052318,16,5,19,900,1,2,3,2,3,108,4887790,231814,750,4,1,1,0,1,1,0,0,2,0,1,3,0
201600052319,16,5,19,1800,1,2,7,1,3,108,4886620,232121,750,4,0,8,0,1,2,0,250,1,0,1,99,0
201600052320,16,5,22,1730,1,2,7,2,6,108,4887770,229834,750,4,2,2,0,0,0,0,0,0,0,1,0,0
201600052321,16,5,23,840,1,2,2,3,6,108,4887370,230053,750,4,1,1,0,0,0,0,0,0,0,1,0,0
201600052322,16,5,23,1430,1,2,2,2,3,108,4887520,229841,750,4,2,2,0,0,0,0,0,0,0,1,0,0
201600052323,16,5,24,1115,1,2,2,1,3,116,4886750,229922,750,4,2,0,0,0,0,0,0,1,0,1,99,0
201600052324,16,5,25,1630,1,2,7,1,3,108,4886850,230925,750,4,2,0,0,1,1,0,0,1,0,1,0,0
201600052325,16,5,25,2000,1,2,7,1,6,108,4887380,229586,750,4,0,0,0,2,1,0,0,1,0,1,0,0
201600052326,16,5,26,2035,1,2,3,1,4,108,4887560,232683,750,4,2,3,3,1,1,0,150,1,0,1,0,0
201600052327,16,5,27,900,1,2,4,1,2,108,4886470,230673,750,4,1,2,0,1,1,0,70,1,0,1,99,0
201600052328,16,5,27,2120,1,2,1,1,6,108,4887100,231358,750,4,1,3,0,1,2,0,130,1,0,1,0,0
201600052329,16,5,28,1700,1,2,2,1,3,108,4887140,231004,750,4,1,1,0,1,1,0,20,2,0,1,99,0
201600052330,16,5,29,945,1,2,2,1,3,108,4887770,231559,750,4,1,2,0,1,1,0,0,1,0,1,0,0
201600052331,16,5,30,940,1,2,2,3,3,108,4886590,231989,750,4,1,4,0,1,1,0,80,2,0,1,99,0
201600052332,16,5,30,2000,1,2,4,2,3,108,4886670,230130,750,4,2,4,0,2,1,0,160,2,0,1,0,0
201600052333,16,5,30,1940,1,2,2,2,6,108,4887770,231559,750,4,1,1,0,2,1,0,90,2,0,1,99,0
201600052334,16,5,31,1830,1,2,2,2,2,108,4887050,230531,750,4,2,2,0,1,1,0,80,0,0,0,0,0
201600052335,16,6,1,1030,1,2,1,1,7,108,4886920,230107,750,4,0,0,0,2,1,0,150,1,0,0,0,0
201600052336,16,6,1,1155,1,2,7,1,3,108,4886660,232190,750,4,2,0,0,1,1,0,0,1,0,1,0,0
201600052337,16,6,2,1320,1,2,1,8,3,108,4886860,232344,750,4,2,1,1,1,1,0,0,1,0,5,99,0
201600052338,16,6,3,1520,1,2,1,1,3,108,4886510,230259,750,4,2,4,3,1,1,0,10,1,0,1,0,0
201600052339,16,6,3,1620,1,2,7,1,3,108,4886590,231989,750,4,0,0,0,1,0,0,0,1,0,1,0,0
201600052340,16,6,4,1010,1,2,2,1,2,108,4887180,230102,750,4,2,10,0,2,1,0,320,1,0,1,0,0
201600052341,16,6,6,855,1,2,1,1,6,108,4886820,230311,750,4,1,1,0,1,1,0,60,1,0,1,0,0
201600052342,16,6,7,1115,1,2,1,1,6,108,4886520,230141,750,4,2,4,0,2,1,0,0,1,0,1,0,0
201600052343,16,6,7,1530,1,2,2,1,3,108,4887290,231595,750,4,1,1,0,1,1,0,70,1,0,1,99,0
201600052344,16,6,10,945,1,2,5,1,2,108,4887830,231982,750,4,1,0,0,0,0,0,0,0,0,1,0,0
201600052345,16,6,10,1145,1,2,1,1,2,108,4887170,230148,750,4,2,0,0,0,0,0,0,0,0,1,0,0
201600052346,16,6,10,1530,1,2,1,1,6,108,4886980,230382,750,4,2,2,0,1,1,0,60,1,0,4,0,0
201600052347,16,6,11,220,5,2,7,1,6,108,4886590,231989,750,4,1,3,0,1,1,0,0,1,0,4,99,0
201600052348,16,6,11,1700,1,2,7,8,6,108,4887350,229579,750,4,2,8,0,2,1,0,320,1,0,1,0,0
201600052349,16,6,12,2000,1,2,7,2,2,108,4886440,230185,750,4,4,4,3,1,2,0,210,2,5,1,99,0
201600052350,16,6,15,815,1,2,2,2,6,117,4887510,229601,750,4,2,4,0,3,1,0,150,2,0,1,0,0
201600052351,16,6,16,1402,1,2,3,3,3,108,4886710,231607,750,4,2,2,0,1,3,30,60,2,0,1,0,0
201600052352,16,6,16,2300,1,2,2,1,2,108,4886700,230631,750,4,4,2,0,1,1,0,120,2,0,1,99,0
201600052353,16,6,17,1145,1,2,1,1,3,108,4888240,232225,750,4,1,3,3,1,1,0,0,1,0,1,0,0
201600052354,16,6,19,140,5,2,7,1,3,108,4886590,231989,750,4,0,0,0,1,0,0,0,1,0,1,99,0
201600052355,16,6,19,400,5,2,7,1,3,108,4886590,231989,750,4,1,4,0,0,0,0,0,0,0,1,0,0
201600052356,16,6,19,630,2,2,7,1,3,108,4886660,232190,750,4,0,4,0,0,0,0,0,0,0,1,0,0
201600052357,16,6,19,1955,1,2,1,1,6,116,4886670,228609,750,4,2,2,0,2,1,0,0,1,0,1,0,0
201600052358,16,6,20,1500,1,2,2,3,3,108,4887010,230102,750,4,1,2,0,1,1,0,60,2,0,1,99,0
201600052359,16,6,21,1130,1,2,1,1,4,108,4888160,231861,750,4,1,2,0,1,1,0,0,1,0,1,0,0
201600052360,16,6,21,1415,1,2,1,1,4,108,4887170,230148,750,4,2,8,0,2,1,0,270,1,0,1,0,0
201600052361,16,6,22,1130,1,2,7,1,3,108,4886710,231393,750,4,0,2,1,1,1,0,0,1,0,1,0,0
201600052362,16,6,22,1320,1,2,7,1,3,108,4887350,229579,750,4,2,6,0,0,0,0,0,0,0,1,0,0
201600052363,16,6,23,815,1,2,4,1,7,108,4886460,230349,750,4,1,2,0,1,1,0,0,1,0,1,0,0
201600052364,16,6,24,1010,1,2,7,1,3,108,4887560,231881,750,4,2,6,1,1,1,0,140,1,0,1,99,0
201600052365,16,6,25,2340,5,2,5,1,3,108,4887380,232704,750,4,0,2,0,1,0,0,60,1,0,1,0,0
201600052366,16,6,26,1940,1,2,2,1,3,108,4887840,231553,750,4,2,2,1,2,1,40,80,1,0,1,0,0
201600052367,16,6,27,1750,1,2,2,1,6,108,4887460,229693,750,4,0,0,0,1,1,0,0,2,0,1,0,0
201600052368,16,6,28,900,1,2,1,1,3,108,4887430,231793,750,4,1,3,3,1,1,0,150,1,0,1,0,0
201600052369,16,6,29,5,5,2,2,1,3,108,4887390,231586,750,4,1,3,3,1,1,0,140,1,0,1,0,0
201600052370,16,6,29,1100,1,2,2,1,3,108,4886900,231008,750,4,1,3,0,1,1,0,0,1,0,1,0,0
201600052371,16,6,29,1200,1,2,1,1,6,108,4886970,230561,750,4,1,1,0,1,1,0,60,1,0,1,0,0
201600052372,16,6,30,1,5,2,1,1,6,108,4886560,232169,750,4,1,4,0,1,0,0,0,1,0,0,99,0
201600052373,16,6,30,200,5,2,7,1,2,108,4886420,232014,750,4,1,2,0,1,1,0,0,1,0,1,99,0
201600052374,16,6,30,400,5,2,7,1,6,108,4886930,232391,750,4,0,2,0,1,3,0,50,1,0,0,0,0
201600052375,16,6,30,1530,1,2,1,2,3,116,4886660,229947,750,4,2,4,3,2,1,0,160,2,0,1,0,0
201600052376,16,6,30,2320,5,2,1,1,4,108,4886970,230800,750,4,2,8,0,0,0,0,0,0,0,1,0,0
201600052377,16,7,1,940,1,2,1,1,3,108,4887500,232177,750,4,1,2,3,1,1,0,60,1,0,1,0,0
201600052378,16,7,2,2000,1,2,3,1,2,108,4887110,230350,750,4,2,8,0,1,1,0,160,2,0,1,99,0
201600052379,16,7,4,820,1,2,1,1,3,108,4887680,230728,750,4,2,2,0,1,1,0,0,1,0,1,0,0
201600052380,16,7,4,926,1,2,2,1,6,108,4887430,232271,750,4,1,3,0,1,1,0,0,1,0,1,0,0
201600052381,16,7,4,1434,1,2,7,1,4,108,4888120,231530,750,4,2,6,0,1,1,8,240,1,0,1,0,0
201600052382,16,7,4,1730,1,2,3,1,3,108,4886940,232515,750,4,1,3,0,1,1,0,110,1,0,1,0,0
201600052383,16,7,5,2000,1,2,7,1,3,108,4887110,231625,750,4,1,2,0,1,1,0,80,1,0,1,0,0
201600052384,16,7,6,1430,1,2,5,1,3,108,4886500,231369,750,4,2,3,0,1,0,0,0,1,0,1,0,0
201600052385,16,7,6,1500,1,2,2,1,6,108,4887520,229841,750,4,2,2,0,1,1,0,100,0,0,1,0,0
201600052386,16,7,7,1,5,2,2,1,3,108,4887090,230878,750,4,1,1,0,1,1,0,0,1,0,1,0,0
201600052387,16,7,7,920,1,2,1,1,3,117,4889300,231003,750,4,2,4,0,1,1,0,260,1,0,1,99,0
201600052388,16,7,8,1850,1,2,1,1,3,108,4887430,230558,750,4,1,0,0,0,0,0,0,0,0,1,0,0
201600052389,16,7,10,1435,1,2,1,1,5,108,4886920,230107,750,4,2,2,0,1,1,0,0,1,0,1,99,0
201600052390,16,7,11,5,5,2,1,1,6,108,4886470,230850,750,4,0,4,0,2,1,0,0,1,1,1,99,0
201600052391,16,7,11,1115,1,2,2,1,3,108,4886990,231195,750,4,1,2,0,1,1,0,0,1,0,1,0,0
201600052392,16,7,11,2330,5,2,1,1,6,108,4887890,230181,750,4,0,2,0,1,1,0,0,1,0,1,99,0
201600052393,16,7,12,1445,1,2,7,1,3,108,4886480,231905,750,4,4,0,0,1,2,0,250,1,0,1,0,0
201600052394,16,7,12,2150,2,2,2,1,6,108,4887370,231445,750,4,1,0,3,1,1,0,0,1,0,1,0,0
201600052395,16,7,13,100,5,2,1,2,6,108,4887470,230410,750,4,0,2,0,1,0,100,100,2,0,1,0,0
201600052396,16,7,13,1155,1,2,1,1,3,108,4887330,231591,750,4,1,0,0,2,0,0,0,1,0,1,0,0
201600052397,16,7,13,2220,5,2,2,1,2,108,4887090,232263,750,4,2,4,0,1,1,0,0,1,0,1,0,0
201600052398,16,7,15,1610,1,2,2,1,2,108,4887370,231445,750,4,1,3,0,1,1,0,150,1,0,1,0,0
201600052399,16,7,18,1830,1,2,7,7,3,108,4886440,232029,750,4,4,6,0,1,0,0,280,1,0,1,99,0
201600052400,16,7,21,1300,1,2,7,1,2,108,4887510,229601,750,4,2,6,0,2,1,0,180,1,0,1,0,0
201600052401,16,7,21,1745,1,2,2,1,6,108,4887240,229949,750,4,2,8,0,2,1,0,0,1,0,1,99,0
201600052402,16,7,23,1730,1,2,7,1,3,108,4886440,232029,750,4,2,4,0,1,1,0,80,1,0,1,99,0
201600052403,16,7,24,1045,1,2,2,1,6,108,4886720,230190,750,4,1,1,0,1,1,0,100,1,0,0,0,0
201600052404,16,7,24,2255,5,2,7,1,6,108,4886590,231989,750,4,1,4,0,1,1,0,0,1,0,1,0,0
201600052405,16,7,25,1704,1,2,1,2,3,108,4888150,231800,750,4,0,2,0,1,1,0,0,2,0,1,0,0
201600052406,16,7,26,1250,1,2,7,1,6,108,4887470,230362,750,4,2,3,0,0,0,0,0,0,0,1,0,0
201600052407,16,7,26,1940,1,2,1,1,3,108,4887120,230323,750,4,2,4,0,2,1,0,240,1,0,1,0,0
201600052408,16,7,27,1320,1,2,3,1,6,108,4888080,231703,750,4,1,1,0,1,1,0,0,1,0,1,3,0
201600052409,16,7,27,2346,5,2,3,1,6,108,4886790,230019,750,4,2,2,0,2,1,0,0,1,0,1,99,0
201600052410,16,7,28,1410,1,2,7,1,6,108,4887820,229874,750,4,2,2,0,1,1,0,0,1,0,1,0,0
201600052411,16,7,28,1630,1,2,4,1,2,108,4887960,232700,750,4,1,1,0,1,1,0,130,1,0,1,0,0
201600052412,16,7,29,15,5,2,7,1,3,101,4886320,233556,750,4,2,2,0,0,0,0,0,0,0,1,0,0
201600052413,16,7,31,20,5,2,7,1,7,108,4886590,231989,750,4,1,4,0,1,1,0,100,1,0,1,0,0
201600052414,16,7,31,2025,2,2,1,1,2,108,4887500,230789,750,4,2,6,3,1,1,0,150,1,0,1,0,0
201600052415,16,8,2,1520,1,2,1,2,7,108,4887340,231292,750,4,1,3,0,1,1,65,110,2,0,1,0,0
201600052416,16,8,3,1500,1,2,1,1,3,116,4884600,225785,750,4,2,8,0,0,0,0,0,0,0,1,0,0
201600052417,16,8,4,1630,1,2,2,1,3,108,4886920,230277,750,4,1,0,0,2,1,0,0,1,0,1,0,0
201600052418,16,8,4,2330,5,2,7,1,3,116,4887330,229547,750,4,1,0,0,1,0,0,0,1,0,1,0,0
201600052419,16,8,5,1830,1,2,2,1,7,108,4887260,231476,750,4,1,3,3,2,1,0,80,1,0,1,0,0
201600052420,16,8,6,935,1,2,7,1,3,108,4886440,232029,750,4,2,0,0,1,1,0,0,1,0,1,99,0
201600052421,16,8,7,1,5,2,5,1,6,108,4886970,229825,750,4,2,1,3,1,1,0,0,1,0,1,0,0
201600052422,16,8,7,1420,1,2,2,1,2,108,4887840,231553,750,4,1,1,0,1,1,0,0,1,0,1,0,0
201600052423,16,8,9,920,1,2,2,1,3,108,4888260,232335,750,4,1,1,0,1,1,0,0,1,0,1,0,0
201600052424,16,8,14,1430,1,2,7,1,6,108,4888040,230881,750,4,2,4,0,0,0,0,0,0,0,1,0,0
201600052425,16,8,18,1400,1,2,7,1,3,108,4886590,231989,750,4,2,8,0,1,1,0,210,1,0,1,0,0
201600052426,16,8,18,1845,1,2,1,9,7,108,4887480,231899,750,4,0,0,0,2,1,0,0,2,0,0,0,0
201600052427,16,8,20,2005,1,2,7,8,6,108,4886590,231989,750,4,1,6,0,1,0,150,200,1,0,1,0,0
201600052428,16,8,21,1340,1,2,7,8,3,108,4886590,231989,750,4,2,4,0,1,1,0,0,2,0,1,0,0
201600052429,16,8,22,1040,1,2,2,1,3,108,4887340,232365,750,4,0,1,0,1,1,0,70,1,0,0,99,0
201600052430,16,8,23,1010,1,2,7,1,2,108,4886440,232029,750,4,1,3,0,1,1,0,0,1,0,1,0,0
201600052431,16,8,23,1230,1,2,5,1,3,108,4887800,230522,750,4,2,2,0,2,1,0,0,1,0,1,99,0
201600052432,16,8,23,1915,1,2,1,7,2,108,4886650,231788,750,4,2,8,0,1,1,0,300,1,0,1,0,0
201600052433,16,8,25,1230,1,2,2,1,6,108,4886500,231369,750,4,1,1,0,1,1,0,0,1,0,1,99,0
201600052434,16,8,26,915,1,2,7,1,3,108,4886710,231393,750,4,2,4,0,1,1,0,0,1,0,1,99,0
201600052435,16,8,27,1230,1,2,7,1,3,108,4886900,231008,750,4,2,8,0,1,1,0,320,1,0,1,0,0
201600052436,16,8,27,2105,5,2,1,1,6,108,4888140,232079,750,4,2,1,0,2,1,0,0,1,0,1,0,0
201600052437,16,8,27,2230,3,2,1,6,6,108,4887930,230391,750,4,0,0,1,1,1,0,80,1,0,5,0,0
201600052438,16,8,29,230,5,2,7,1,3,108,4886440,232029,750,4,0,0,0,1,1,0,0,1,0,0,0,0
201600052439,16,8,29,1521,1,2,1,1,2,108,4887580,231414,750,4,1,1,0,2,1,0,140,1,0,1,0,0
201600052440,16,8,30,935,1,2,2,1,4,108,4887420,231749,750,4,1,2,0,1,1,0,0,1,0,1,0,0
201600052441,16,8,30,1349,1,2,7,1,6,108,4886470,230146,750,4,2,2,0,2,1,0,0,1,0,1,0,0
201600052442,16,8,30,1855,1,2,2,1,3,108,4887490,230541,750,4,0,0,0,2,0,0,0,1,0,1,99,0
201600052443,16,8,31,2310,5,2,2,1,6,108,4887240,229949,750,4,2,0,0,1,1,0,0,1,0,1,0,0
201600052444,16,9,1,320,5,2,3,1,6,108,4887090,232263,750,4,2,6,0,1,1,0,0,1,0,1,0,0
201600052445,16,9,1,1500,1,2,1,1,2,108,4886440,230263,750,4,2,4,0,1,1,8,240,1,1,1,99,0
201600052446,16,9,1,1600,1,2,1,1,3,108,4887680,230224,750,4,2,2,0,1,1,0,120,1,0,1,99,0
201600052447,16,9,3,2320,5,2,1,1,2,108,4887320,229678,750,4,2,8,0,2,1,5,270,1,0,1,99,0
201600052448,16,9,5,1330,1,2,2,2,2,108,4886780,231384,750,4,0,8,1,1,1,0,0,2,0,1,99,0
201600052449,16,9,5,1450,1,2,1,2,4,108,4886450,230606,750,4,1,2,0,1,1,0,0,2,0,1,0,0
201600052450,16,9,5,1620,1,2,2,2,3,108,4886500,231369,750,4,2,0,0,1,1,0,250,2,0,1,99,0
201600052451,16,9,6,1100,1,2,3,1,3,108,4887220,230905,750,4,1,1,0,1,1,0,70,1,0,1,0,0
201600052452,16,9,6,1810,1,2,7,1,2,108,4887110,231625,750,4,2,2,0,1,0,0,150,1,0,1,99,0
201600052453,16,9,7,815,1,2,7,7,3,108,4886420,230214,750,4,1,6,0,1,1,0,400,1,5,1,0,0
201600052454,16,9,7,1527,1,2,7,1,3,117,4888420,230266,750,4,2,2,0,1,1,0,0,1,0,1,0,0
201600052455,16,9,7,1815,1,2,3,1,3,108,4886870,230173,750,4,2,2,0,1,0,0,0,1,0,1,0,0
201600052456,16,9,7,1900,1,2,2,1,3,108,4887390,231586,750,4,0,2,0,0,0,0,120,0,0,0,0,0
201600052457,16,9,8,8,5,2,7,1,6,108,4886780,231384,750,4,2,8,0,2,1,5,270,1,0,1,99,0
201600052458,16,9,8,40,5,2,7,1,2,108,4887410,229573,750,4,0,4,0,0,0,0,0,0,0,0,0,0
201600052459,16,9,8,1150,1,2,3,1,3,108,4887530,231480,750,4,2,6,0,1,1,0,240,1,0,1,99,0
201600052460,16,9,8,2215,5,2,4,1,3,108,4886760,230123,750,4,2,0,0,1,1,0,0,1,0,1,0,0
201600052461,16,9,9,1925,2,2,1,1,6,116,4887640,228362,750,4,0,0,0,0,0,0,0,0,0,0,0,0
201600052462,16,9,11,2215,4,2,7,1,3,108,4886710,231393,750,4,3,4,0,0,0,0,0,0,0,1,0,0
201600052463,16,9,12,2130,4,2,1,1,6,116,4887500,224543,750,4,0,2,0,1,1,0,100,1,0,1,0,0
201600052464,16,9,13,2000,2,2,5,1,3,108,4886680,231021,750,4,2,3,0,1,1,0,110,1,0,1,0,0
201600052465,16,9,14,910,1,2,2,1,7,108,4887790,231814,750,4,1,0,0,0,0,0,0,0,0,1,0,0
201600052466,16,9,15,1650,1,2,7,1,6,108,4886590,231989,750,4,2,8,0,1,1,0,270,1,0,1,99,0
201600052467,16,9,16,1700,1,2,4,2,6,108,4887440,230119,750,4,2,4,3,1,1,0,150,1,0,1,0,0
201600052468,16,9,17,150,5,2,2,1,6,108,4887770,231559,750,4,1,0,0,1,0,0,0,2,0,1,0,0
201600052469,16,9,17,1130,1,2,7,2,4,108,4886590,231989,750,4,2,8,0,1,1,0,0,2,0,1,99,0
201600052470,16,9,20,20,5,2,5,1,3,108,4887380,232704,750,4,1,1,0,1,1,0,90,1,0,1,99,0
201600052471,16,9,21,1325,1,2,5,1,4,108,4887470,232004,750,4,2,6,1,1,1,0,0,1,0,1,99,0
201600052472,16,9,22,750,1,2,7,1,3,108,4886420,232014,750,4,2,8,0,1,1,0,240,1,0,1,0,0
201600052473,16,9,22,1445,1,2,7,1,3,108,4886660,232190,750,4,1,4,0,1,1,0,160,1,0,1,99,0
201600052474,16,9,22,1745,1,2,2,1,7,108,4887490,230541,750,4,2,2,0,2,1,0,60,1,0,1,99,0
201600052475,16,9,24,2000,5,2,3,1,6,108,4888200,232445,750,4,1,1,0,2,1,0,40,1,0,1,99,0
201600052476,16,9,26,1800,1,2,2,1,2,108,4887520,229841,750,4,1,1,0,1,1,0,0,1,0,1,0,0
201600052477,16,9,27,922,1,2,2,1,6,108,4887390,231586,750,4,1,1,0,1,1,0,0,1,0,1,99,0
201600052478,16,9,27,2030,5,2,1,1,3,108,4886480,231495,750,4,2,4,0,1,1,0,70,1,0,1,99,0
201600052479,16,9,28,1235,1,2,5,1,6,108,4887270,230804,750,4,1,1,0,0,0,0,0,0,0,1,0,0
201600052480,16,9,30,1000,1,2,2,1,3,108,4887420,231749,750,4,1,3,0,1,1,0,60,1,0,0,99,0
201600052481,16,10,1,155,5,2,2,2,6,108,4886920,230277,750,4,0,0,0,1,1,0,0,2,0,1,0,0
201600052482,16,10,2,314,5,2,2,1,3,108,4887370,230647,750,4,1,1,0,1,1,0,0,1,0,1,99,0
201600052483,16,10,5,1503,1,2,4,1,3,116,4886610,229963,750,4,1,2,0,1,2,0,40,1,0,1,99,0
201600052484,16,10,6,740,1,2,2,1,3,108,4887140,230253,750,4,2,0,0,1,1,0,180,1,0,0,0,0
201600052485,16,10,6,1100,1,2,7,1,3,108,4888050,230968,750,4,2,0,0,1,1,0,0,1,5,1,0,0
201600052486,16,10,6,1920,1,2,4,1,3,116,4886550,226814,750,4,1,4,0,1,1,0,0,1,3,1,0,0
201600052487,16,10,7,2350,5,2,2,1,3,108,4887340,232365,750,4,1,1,0,1,1,0,50,1,0,1,0,0
201600052488,16,10,8,110,5,2,4,1,3,108,4887190,232193,750,4,2,0,2,1,1,0,0,1,0,1,0,0
201600052489,16,10,8,2200,5,2,1,1,6,108,4887570,232387,750,4,2,4,0,2,1,0,120,1,0,1,99,0
201600052490,16,10,9,2300,4,2,3,1,2,108,4887480,230470,750,4,2,4,0,0,0,0,0,0,0,1,0,0
201600052491,16,10,12,1630,1,2,7,1,6,108,4887800,230522,750,4,2,2,0,0,0,0,0,0,0,1,0,0
201600052492,16,10,13,1433,1,2,3,1,6,108,4887100,230090,750,4,2,2,0,1,1,0,150,1,0,1,99,0
201600052493,16,10,13,2015,5,2,2,2,6,108,4887310,229709,750,4,2,0,0,2,1,0,200,2,0,1,99,0
201600052494,16,10,16,1200,1,2,1,1,6,108,4887100,232432,750,4,1,3,0,1,2,0,90,1,0,1,99,0
201600052495,16,10,17,1230,1,2,7,1,3,108,4886620,232121,750,4,1,8,0,1,1,0,0,1,0,1,0,0
201600052496,16,10,17,1715,1,2,4,1,6,108,4886490,231798,750,4,0,0,0,1,0,0,0,1,0,1,0,0
201600052497,16,10,19,820,1,2,4,1,3,108,4886610,229963,750,4,1,1,0,2,1,0,0,1,0,1,0,0
201600052498,16,10,20,200,5,2,7,1,3,108,4886940,231094,750,4,0,4,0,1,0,0,0,1,0,0,0,0
201600052499,16,10,20,500,5,2,2,2,6,108,4888200,232048,750,4,1,1,0,1,1,0,0,2,0,1,0,0
201600052500,16,10,23,1620,1,2,2,2,7,108,4887090,230878,750,4,1,0,0,2,1,0,0,2,0,1,99,0
201600052501,16,10,25,1030,1,2,7,1,3,108,4887560,231881,750,4,2,5,1,2,1,0,240,1,0,5,99,0
201600052502,16,10,26,1145,1,2,1,1,2,117,4888240,229613,750,4,2,2,0,1,1,0,60,1,0,1,0,0
201600052503,16,10,26,2010,5,2,2,1,6,108,4886840,230112,750,4,2,0,0,2,1,0,150,1,0,1,99,0
201600052504,16,10,27,1755,1,2,7,1,3,108,4886590,231989,750,4,1,4,0,1,0,0,140,1,0,1,0,0
201600052505,16,10,27,2050,5,2,7,1,6,108,4887330,229547,750,4,4,5,0,1,2,0,240,1,0,1,0,0
201600052506,16,10,28,1400,1,2,1,1,6,108,4887000,232519,750,4,1,0,0,1,1,0,0,1,0,1,99,0
201600052507,16,11,1,110,5,2,1,1,6,108,4888130,231728,750,4,1,2,0,1,1,0,50,1,0,1,0,0
201600052508,16,11,2,1830,5,2,3,1,3,108,4888050,231294,750,4,2,4,0,3,1,0,120,1,0,1,0,0
201600052509,16,11,2,1930,5,2,1,1,3,108,4888110,231435,750,4,2,4,0,1,1,0,180,1,0,1,0,0
201600052510,16,11,4,830,2,2,1,2,2,108,4886690,231674,750,4,2,4,0,1,1,0,0,1,0,1,0,0
201600052511,16,11,4,1300,1,2,1,2,3,108,4886670,229945,750,4,2,4,3,2,1,0,0,2,0,1,99,0
201600052512,16,11,4,1850,4,2,2,1,6,116,4886780,225104,750,4,2,2,0,1,1,0,0,2,0,1,0,0
201600052513,16,11,4,2340,5,2,2,3,3,108,4887810,232257,750,4,0,0,0,0,0,0,0,0,0,0,0,0
201600052514,16,11,7,845,1,2,7,2,3,108,4887010,230102,750,4,1,2,0,2,1,0,120,2,0,0,99,0
201600052515,16,11,7,1700,5,2,1,1,4,108,4887450,231582,750,4,1,1,0,0,0,0,0,1,0,1,0,0
201600052516,16,11,9,840,1,2,2,1,3,108,4886500,231369,750,4,1,0,0,1,1,0,90,2,0,1,0,0
201600052517,16,11,9,915,1,2,1,3,2,108,4886450,232005,750,4,2,5,0,1,1,0,180,2,0,1,0,0
201600052518,16,11,9,1620,1,2,7,2,3,108,4886710,231393,750,4,2,2,0,1,1,0,0,2,0,1,99,0
201600052519,16,11,10,2345,5,2,7,2,2,108,4887560,231881,750,4,1,3,0,0,0,0,0,0,0,1,0,0
201600052520,16,11,11,2348,5,2,1,1,4,108,4886470,230873,750,4,2,4,0,1,1,0,100,1,0,1,99,0
201600052521,16,11,13,703,1,2,1,1,7,108,4886860,231124,750,4,2,8,0,0,0,0,0,0,0,1,0,0
201600052522,16,11,14,1019,1,2,2,1,3,108,4888170,231881,750,4,1,2,0,1,1,0,40,1,0,1,3,0
201600052523,16,11,14,2030,5,2,7,1,6,108,4886590,231989,750,4,1,4,0,1,1,0,0,1,0,1,0,0
201600052524,16,11,15,1355,1,2,1,1,3,108,4886640,230856,750,4,1,1,0,1,1,0,110,1,0,1,99,0
201600052525,16,11,16,1250,1,2,2,1,2,108,4886930,230914,750,4,1,8,3,1,1,0,160,1,0,1,99,0
201600052526,16,11,16,1600,1,2,7,1,3,108,4886660,232190,750,4,1,3,0,1,1,0,0,1,0,1,0,0
201600052527,16,11,16,1425,1,2,1,8,2,108,4887720,231691,750,4,2,4,0,2,1,0,0,1,0,0,0,0
201600052528,16,11,16,1740,5,2,3,1,6,108,4887850,231233,750,4,1,0,0,1,1,0,0,1,0,1,0,0
201600052529,16,11,17,2240,5,2,7,1,3,108,4886660,232190,750,4,1,2,0,1,1,0,50,1,0,1,0,0
201600052530,16,11,17,320,5,2,7,3,3,108,4886470,232055,750,4,1,0,0,1,1,0,0,2,0,1,0,0
201600052531,16,11,19,1845,5,2,2,1,6,108,4887010,230662,750,4,1,2,0,1,1,0,0,1,0,1,0,0
201600052532,16,11,20,730,5,2,7,2,3,108,4886590,231989,750,4,1,0,0,1,1,0,240,2,0,1,0,0
201600052533,16,11,21,1155,1,2,2,2,2,108,4888200,232048,750,4,2,4,3,1,1,120,160,2,0,1,3,0
201600052534,16,11,22,1310,1,2,1,1,2,108,4887390,230833,750,4,1,1,0,2,1,0,0,1,0,1,0,0
201600052535,16,11,23,810,1,2,2,2,7,108,4887310,232672,750,4,2,2,0,1,1,0,0,2,0,1,0,0
201600052536,16,11,23,1930,5,2,7,2,3,108,4887880,232322,750,4,1,0,0,1,2,0,0,2,0,1,0,0
201600052537,16,11,24,1500,1,2,2,1,3,108,4887370,230053,750,4,1,1,0,1,1,0,0,1,0,1,99,0
201600052538,16,11,25,340,5,2,2,1,6,108,4886770,230764,750,4,1,2,0,1,1,0,0,1,0,4,0,0
201600052539,16,11,26,227,5,2,5,1,3,108,4888200,232048,750,4,0,1,0,1,0,80,60,1,0,0,0,0
201600052540,16,11,26,630,5,2,2,1,3,108,4887050,231006,750,4,1,2,3,1,1,0,0,2,0,1,0,0
201600052541,16,11,27,10,5,2,1,1,3,108,4887330,232097,750,4,2,2,0,1,1,0,0,1,0,1,0,0
201600052542,16,11,28,1010,1,2,3,1,3,108,4886710,231607,750,4,2,8,0,1,1,0,160,1,0,1,0,0
201600052543,16,11,29,1320,1,2,3,1,6,108,4887720,232690,750,4,1,1,0,2,1,0,0,1,0,1,0,0