Num_Acc,an,mois,jour,hrmn,lum,agg,int,atm,col,com,lat,long,dep,catr,circ,nbv,vosp,prof,plan,lartpc,larrout,surf,infra,situ,env1,killed
201600052544,16,12,2,1110,1,2,7,1,6,108,4886490,231027,750,4,1,1,0,1,1,0,50,1,0,0,0,0
201600052545,16,12,2,1620,5,2,4,1,4,108,4886490,231637,750,4,3,2,0,3,1,5,80,1,0,1,0,0
201600052546,16,12,3,120,5,2,2,1,4,108,4887140,230253,750,4,3,4,0,2,1,0,0,1,0,1,0,0
201600052547,16,12,6,1020,1,2,7,1,3,108,4886930,232391,750,4,1,3,0,1,1,10,180,1,0,1,0,0
201600052548,16,12,7,1710,5,2,2,1,6,108,4886700,230631,750,4,2,3,0,1,1,0,180,1,0,1,99,0
201600052549,16,12,7,2320,5,2,7,1,3,108,4887560,232657,750,4,2,3,0,1,1,0,75,1,5,1,3,0
201600052550,16,12,9,1020,1,2,7,1,6,108,4886940,232352,750,4,1,1,0,1,2,0,40,1,0,1,99,0
201600052551,16,12,10,1045,1,2,7,1,3,108,4888050,230968,750,4,2,2,0,1,1,0,100,1,0,1,0,0
201600052552,16,12,10,2000,5,2,4,1,6,108,4887480,230470,750,4,2,2,0,1,1,0,0,1,0,0,0,0
201600052553,16,12,11,1230,1,2,1,1,3,108,4886520,230141,750,4,2,2,0,1,1,0,60,1,0,1,0,0
201600052554,16,12,12,935,1,2,7,8,3,108,4886900,231008,750,4,4,4,0,1,2,0,240,2,0,1,99,0
201600052555,16,12,13,850,1,2,1,2,3,108,4886870,232353,750,4,2,6,0,1,1,0,200,2,0,1,99,0
201600052556,16,12,15,1840,5,2,1,1,6,108,4886600,232226,750,4,1,1,0,1,1,0,0,1,0,1,0,0
201600052557,16,12,15,2300,5,2,1,1,6,108,4886660,231388,750,4,0,4,0,1,1,0,0,1,6,0,99,0
201600052558,16,12,21,1325,1,2,3,1,3,117,4889190,231793,750,4,1,0,0,1,1,0,60,1,0,1,0,0
201600052559,16,12,22,840,1,2,1,2,2,108,4887150,230202,750,4,2,8,0,2,1,0,0,2,0,1,99,0
201600052560,16,12,22,1530,1,2,1,2,6,108,4886770,230777,750,4,1,6,0,1,1,0,0,2,0,1,99,0
201600052561,16,12,22,1730,2,2,2,1,6,108,4887050,230531,750,4,3,2,0,3,0,0,0,2,0,1,99,0
201600052562,16,12,23,1745,5,2,7,8,3,108,4886530,230289,750,4,1,3,3,1,1,0,0,1,0,1,99,0
201600052563,16,12,28,940,1,2,7,1,2,108,4886780,231384,750,4,2,3,0,1,1,0,0,1,0,1,0,0
201600052564,16,12,28,1155,1,2,2,1,2,108,4887810,232257,750,4,2,2,0,2,1,0,0,1,0,1,0,0
201600052565,16,12,28,2355,5,2,7,1,2,108,4886980,232342,750,4,3,0,0,1,0,0,0,1,0,1,99,0
201600052566,16,12,29,1030,1,2,2,1,3,108,4887780,231618,750,4,1,1,0,0,0,0,0,0,0,0,0,0
201600052567,16,12,29,1928,5,2,2,1,3,108,4887250,229619,750,4,2,4,0,1,1,0,0,1,0,1,99,0
201600052568,16,1,6,905,1,2,2,2,6,109,4888120,233615,750,4,1,1,0,1,1,0,60,2,0,1,0,0
201600052569,16,1,7,845,1,2,7,3,6,109,4888220,233772,750,4,1,0,0,1,1,0,0,2,0,1,99,0
201600052570,16,1,10,2310,5,2,2,1,6,109,4887620,233536,750,4,1,1,0,1,1,0,0,1,0,0,0,0
201600052571,16,1,12,1030,1,2,2,2,3,109,4887410,233904,750,4,1,0,3,1,1,0,0,2,0,1,99,0
201600052572,16,1,12,1940,5,2,3,1,6,109,4888050,232877,750,4,1,1,0,2,1,0,60,1,0,1,0,0
201600052573,16,1,14,805,1,2,1,3,6,109,4888060,233439,750,4,1,1,0,1,1,0,0,2,0,1,3,0
201600052574,16,1,15,2018,5,2,5,1,2,109,4887510,234096,750,4,1,2,3,1,1,0,0,1,0,1,99,0
201600052575,16,1,19,1000,1,2,3,9,6,109,4887610,234483,750,4,1,1,0,1,1,0,0,7,0,1,0,0
201600052576,16,1,21,2000,5,2,1,1,6,109,4888340,234763,750,4,1,2,3,1,1,80,80,1,0,5,0,0
201600052577,16,1,22,50,5,2,1,1,6,109,4888000,233439,750,4,0,1,0,1,1,0,0,1,0,4,0,0
201600052578,16,1,28,1735,1,2,2,1,2,109,4887170,234185,750,4,2,3,3,1,1,0,0,1,0,1,0,0
201600052579,16,1,30,1330,1,2,7,3,3,102,4887030,233244,750,4,1,2,0,1,3,0,120,2,0,1,0,0
201600052580,16,2,1,1730,2,2,3,1,6,109,4887480,233976,750,4,1,1,0,1,1,0,0,1,0,1,99,0
201600052581,16,2,5,330,5,2,7,1,6,109,4888330,232749,750,4,1,2,0,2,1,0,70,1,0,1,0,0
201600052582,16,2,6,2000,5,2,3,1,3,109,4888410,233080,750,4,1,1,0,2,1,0,0,1,0,1,0,0
201600052583,16,2,11,1535,1,2,5,1,6,109,4887310,232672,750,4,1,1,0,1,1,0,0,1,0,1,0,0
201600052584,16,2,12,2240,5,2,1,1,6,109,4887330,233032,750,4,1,3,0,1,1,180,120,1,0,1,99,0
201600052585,16,2,17,2100,5,2,3,1,6,109,4887340,232969,750,4,1,3,0,1,1,4,150,2,0,1,0,0
201600052586,16,2,18,1510,1,2,1,2,6,109,4887190,234070,750,4,2,5,0,1,1,0,0,2,0,1,0,0
201600052587,16,2,23,1100,1,2,7,1,3,109,4887210,233293,750,4,1,0,0,1,1,0,0,1,0,1,0,0
201600052588,16,2,27,925,1,2,2,1,3,109,4887410,234073,750,4,1,2,0,1,0,0,30,1,0,1,99,0
201600052589,16,2,29,1350,1,2,1,1,6,109,4887360,234282,750,4,1,2,0,1,1,0,0,1,0,4,0,0
201600052590,16,3,1,935,1,2,1,2,2,109,4888270,232712,750,4,1,2,0,2,1,0,0,2,0,1,99,0
201600052591,16,3,2,1630,1,2,2,4,6,109,4887590,234029,750,4,1,2,0,0,0,0,0,0,0,1,0,0
201600052592,16,3,3,1235,1,2,2,1,3,109,4888110,234982,750,4,1,1,0,2,1,0,30,1,0,1,0,0
201600052593,16,3,4,640,2,2,4,2,6,101,4886230,232567,750,4,1,2,0,1,1,10,60,2,1,3,0,0
201600052594,16,3,4,2204,5,2,3,2,6,101,4886080,234119,750,4,1,3,0,1,1,0,50,2,0,1,99,0
201600052595,16,3,7,1245,1,2,1,8,6,109,4887830,232692,750,4,1,2,0,2,1,0,60,2,0,1,99,0
201600052596,16,3,7,1640,1,2,5,1,3,109,4887660,234657,750,4,1,3,0,1,1,0,0,1,0,1,99,0
201600052597,16,3,8,730,1,2,1,1,2,109,4887390,233124,750,4,1,2,0,1,1,0,0,1,0,1,99,0
201600052598,16,3,11,930,1,2,3,1,3,109,4887340,232969,750,4,1,1,0,1,0,0,0,1,0,0,0,0
201600052599,16,3,15,1350,1,2,1,1,6,109,4888100,234159,750,4,1,1,0,1,1,0,50,1,0,1,3,0
201600052600,16,3,17,2015,5,2,1,1,3,109,4887740,233724,750,4,1,1,0,2,1,0,0,1,0,0,0,0
201600052601,16,3,24,935,1,2,3,1,6,109,4887300,233765,750,4,1,1,0,1,1,0,0,1,0,1,99,0
201600052602,16,3,25,1530,1,2,5,1,3,109,4888330,234689,750,4,1,2,0,1,2,0,0,1,0,1,0,0
201600052603,16,3,29,2136,5,2,7,2,3,109,4888280,234444,750,4,1,2,3,1,1,0,0,2,0,1,99,0
201600052604,16,3,29,2320,5,2,7,2,3,109,4887320,233110,750,4,1,2,0,1,1,0,60,2,0,0,99,0
201600052605,16,3,30,1655,1,2,1,2,3,109,4887360,233501,750,4,1,2,0,1,1,0,0,2,0,1,99,0
201600052606,16,4,3,620,2,2,2,1,3,109,4887470,233928,750,4,1,3,0,1,1,0,60,2,0,1,99,0
201600052607,16,4,4,2220,5,2,5,1,7,109,4888330,234689,750,4,3,2,0,1,1,5,30,1,0,1,99,0
201600052608,16,4,4,1310,1,2,1,1,3,109,4887690,234879,750,4,1,1,0,2,1,0,0,1,0,0,99,0
201600052609,16,4,5,825,1,2,7,1,3,109,4887070,233257,750,4,2,6,0,1,1,0,150,1,5,1,99,0
201600052610,16,4,9,1425,1,2,2,2,6,109,4887400,234533,750,4,1,1,0,1,1,0,0,2,0,1,0,0
201600052611,16,4,11,1350,1,2,2,2,6,109,4887020,232993,750,4,2,4,3,1,1,10,100,2,5,1,99,0
201600052612,16,4,13,647,1,2,2,2,6,109,4887150,234309,750,4,2,3,0,2,1,0,0,2,0,1,99,0
201600052613,16,4,16,2135,5,2,4,1,3,103,4886100,236722,750,4,2,4,0,1,1,0,0,1,0,1,99,0
201600052614,16,4,18,1130,1,2,1,1,3,109,4887820,234456,750,4,1,2,3,2,1,0,0,1,0,1,0,0
201600052615,16,4,22,2230,5,2,1,2,3,109,4888040,232883,750,4,1,2,0,2,1,0,30,2,0,1,0,0
201600052616,16,4,25,2015,5,2,1,2,3,102,4886600,235237,750,4,1,4,0,1,1,0,0,2,0,1,0,0
201600052617,16,4,26,1500,1,2,7,2,3,109,4887070,233257,750,4,2,7,0,1,1,0,0,2,0,1,99,0
201600052618,16,4,29,20,5,2,2,1,3,101,4886530,234307,750,4,2,2,0,1,1,0,0,1,0,1,0,0
201600052619,16,4,30,625,2,2,5,1,3,109,4888330,234689,750,4,3,2,3,1,0,0,0,2,0,1,99,0
201600052620,16,5,6,320,5,2,2,1,3,109,4887150,234309,750,4,2,3,0,1,1,0,100,1,0,0,0,0
201600052621,16,5,6,850,1,2,7,1,6,109,4887620,233109,750,4,2,4,3,1,1,0,120,1,0,1,99,0
201600052622,16,5,7,1715,1,2,2,1,3,109,4887530,233229,750,4,1,1,0,1,1,0,0,1,0,0,99,0
201600052623,16,5,8,200,5,2,2,1,3,102,4886860,234973,750,4,1,1,0,1,1,0,30,1,0,1,0,0
201600052624,16,5,9,1450,1,2,3,8,3,109,4887090,234672,750,4,2,5,0,0,0,0,0,0,0,1,0,0
201600052625,16,5,14,359,5,2,2,1,2,108,4887050,230531,750,4,3,4,0,1,1,5,80,1,0,1,0,0
201600052626,16,5,14,1510,1,2,7,1,3,109,4887690,233420,750,4,1,1,0,1,1,0,0,1,0,1,99,0
201600052627,16,5,15,545,2,2,7,1,6,109,4888360,233259,750,4,3,2,0,1,1,0,0,1,5,1,99,0
201600052628,16,5,16,1405,1,2,5,1,2,102,4886970,233595,750,4,1,0,0,1,1,0,25,1,0,1,0,0
201600052629,16,5,18,910,1,2,1,1,3,103,4886700,235440,750,4,1,2,3,1,1,0,100,1,0,1,0,0
201600052630,16,5,17,2000,1,2,1,1,6,109,4888340,233346,750,4,1,2,3,1,1,0,0,1,0,1,99,0
201600052631,16,5,20,1015,1,2,2,1,3,109,4887520,233518,750,4,1,1,0,1,1,0,60,1,0,1,0,0
201600052632,16,5,22,410,5,2,7,2,6,109,4888220,233772,750,4,1,2,3,1,1,100,80,2,0,1,0,0
201600052633,16,5,25,2305,5,2,7,1,3,109,4888280,234444,750,4,3,2,0,1,1,10,30,1,0,1,99,0
201600052634,16,5,26,1610,1,2,1,1,6,109,4887520,234809,750,4,1,1,0,1,1,0,0,1,0,1,99,0
201600052635,16,5,29,755,1,2,1,2,2,109,4887160,234237,750,4,2,6,0,1,1,0,160,2,0,1,99,0
201600052636,16,5,31,915,1,2,7,3,2,102,4887060,233206,750,4,2,0,0,0,0,0,0,0,0,0,0,0
201600052637,16,5,30,1910,1,2,2,2,3,109,4887230,233285,750,4,1,2,0,0,0,0,0,0,0,1,0,0
201600052638,16,6,1,1100,1,2,1,1,6,109,4887520,233460,750,4,1,1,0,1,1,0,30,1,0,1,99,0
201600052639,16,6,7,2000,1,2,7,1,3,109,4888280,234444,750,4,1,2,3,1,1,0,0,1,0,1,3,0
201600052640,16,6,9,1525,1,2,7,1,6,109,4888070,234023,750,4,2,2,0,1,1,0,0,1,0,4,99,0
201600052641,16,6,11,1300,1,2,1,2,6,109,4887520,234810,750,4,1,2,0,1,1,0,50,2,0,1,99,0
201600052642,16,6,12,1705,1,2,2,1,3,109,4887410,233806,750,4,1,1,1,1,1,0,70,2,0,1,0,0
201600052643,16,6,19,230,5,2,2,1,3,109,4887610,233709,750,4,1,2,0,1,1,0,40,1,0,1,0,0
201600052644,16,6,23,1245,1,2,2,1,3,109,4887100,233417,750,4,2,2,0,1,1,0,50,1,0,1,99,0
201600052645,16,6,24,900,1,2,1,1,3,109,4887460,234161,750,4,1,2,3,1,1,0,0,1,0,1,0,0
201600052646,16,6,24,1250,1,2,1,1,6,109,4887030,233038,750,4,2,6,3,1,1,0,400,1,0,1,99,0
201600052647,16,6,25,130,5,2,5,1,2,109,4887300,232827,750,4,1,1,0,0,0,0,0,0,0,1,0,0
201600052648,16,6,25,1315,1,2,5,1,3,109,4887620,233109,750,4,1,2,0,1,1,0,80,1,0,1,99,0
201600052649,16,6,28,930,1,2,2,1,3,109,4888190,233963,750,4,1,2,3,1,1,0,0,1,0,1,99,0
201600052650,16,6,28,1230,1,2,1,1,2,109,4887740,234307,750,4,1,2,3,2,1,0,0,1,0,1,99,0
201600052651,16,7,2,2315,5,2,5,1,6,109,4888330,234689,750,4,1,1,0,1,1,0,40,1,0,1,0,0
201600052652,16,7,3,2235,5,2,1,2,6,109,4887330,233055,750,4,1,3,0,1,1,0,120,2,0,1,99,0
201600052653,16,7,4,905,1,2,7,1,3,109,4887190,233037,750,4,1,1,0,1,1,0,100,1,5,1,0,0
201600052654,16,7,7,20,5,2,4,1,6,109,4888020,234291,750,4,1,1,0,1,1,0,0,1,0,1,0,0
201600052655,16,7,10,540,2,2,1,1,6,116,4886950,224444,750,4,2,2,0,1,1,0,80,1,0,1,99,0
201600052656,16,7,10,1625,1,2,5,1,3,109,4887290,233326,750,4,1,4,3,1,0,0,0,1,0,1,0,0
201600052657,16,7,19,1400,1,2,7,1,3,109,4887560,232657,750,4,2,4,0,1,1,0,0,1,0,0,0,0
201600052658,16,7,20,2330,5,2,5,1,6,109,4887670,233923,750,4,1,0,0,1,2,0,0,1,0,1,0,0
201600052659,16,7,21,230,5,2,7,1,3,109,4888240,233690,750,4,1,0,0,1,1,0,0,1,0,1,0,0
201600052660,16,7,21,2250,5,2,5,1,2,109,4887290,233326,750,4,1,2,0,1,1,0,0,1,0,1,99,0
201600052661,16,7,25,1000,1,2,2,1,3,109,4887410,233904,750,4,1,1,0,1,1,0,50,1,0,1,0,0
201600052662,16,7,25,1545,1,2,2,1,3,109,4887620,233536,750,4,1,1,0,1,1,0,40,1,0,1,99,0
201600052663,16,7,27,1315,1,2,7,1,6,109,4887320,233110,750,4,1,1,0,2,1,0,50,1,6,1,0,0
201600052664,16,7,28,245,5,2,3,1,6,109,4887340,232969,750,4,1,1,0,1,1,0,40,0,0,0,0,0
201600052665,16,7,30,1130,1,2,1,1,2,109,4887170,233257,750,4,1,1,0,1,1,0,0,1,0,1,0,0
201600052666,16,8,1,1310,1,2,2,1,3,109,4887320,233110,750,4,1,3,0,1,1,0,0,1,0,1,0,0
201600052667,16,8,5,945,1,2,2,1,2,109,4888110,234982,750,4,1,1,0,1,1,0,0,8,0,1,0,0
201600052668,16,8,6,245,5,2,4,1,6,109,4888240,232793,750,4,1,1,0,0,0,0,0,0,0,1,0,0
201600052669,16,8,19,1445,1,2,2,1,6,109,4888120,233615,750,4,1,1,0,1,1,0,60,2,0,1,99,0
201600052670,16,8,19,2325,5,2,7,1,6,109,4888330,232749,750,4,1,3,3,1,1,0,0,1,0,4,99,0
201600052671,16,8,22,1845,1,2,5,1,7,109,4886990,232796,750,4,2,4,3,1,1,0,0,1,0,1,99,0
201600052672,16,8,25,920,1,2,2,1,6,109,4887530,233229,750,4,1,2,0,1,1,0,100,1,0,1,99,0
201600052673,16,8,25,1957,1,2,7,1,2,109,4888330,232749,750,4,1,3,0,1,2,0,0,1,0,1,99,0
201600052674,16,8,27,1100,1,2,5,1,6,102,4886970,235262,750,4,2,2,0,1,1,0,0,1,0,1,0,0
201600052675,16,9,10,1000,1,2,1,1,6,102,4886890,235071,750,4,1,1,0,1,1,0,0,1,0,1,0,0
201600052676,16,9,10,1315,1,2,5,1,6,109,4887510,234096,750,4,1,1,0,1,1,0,0,1,0,1,99,0
201600052677,16,9,11,840,1,2,1,2,6,109,4888070,233540,750,4,1,1,0,2,1,0,30,2,0,4,0,0
201600052678,16,9,13,1218,1,2,3,1,6,109,4887990,232910,750,4,1,0,0,2,1,0,0,1,0,1,99,0
201600052679,16,9,14,1605,1,2,1,1,6,109,4888150,233422,750,4,1,2,1,2,1,0,25,1,0,1,0,0
201600052680,16,9,16,610,2,2,2,1,3,109,4887500,233141,750,4,1,1,0,1,1,0,40,1,0,1,99,0
201600052681,16,9,20,1550,1,2,2,1,6,109,4887420,233528,750,4,1,1,0,1,1,0,0,1,0,1,99,0
201600052682,16,9,21,1445,1,2,5,1,3,109,4886990,232796,750,4,2,2,0,1,1,0,0,1,0,1,99,0
201600052683,16,10,1,1140,1,2,4,1,3,109,4886970,232647,750,4,0,2,0,1,1,0,0,1,0,0,0,0
201600052684,16,10,1,1345,1,2,3,1,3,109,4887100,233417,750,4,2,1,0,1,1,0,0,1,0,1,0,0
201600052685,16,10,3,1045,1,2,2,1,6,109,4887530,233229,750,4,1,2,0,1,1,0,0,1,0,1,0,0
201600052686,16,10,4,1358,1,2,7,1,6,109,4887590,233983,750,4,1,0,0,1,1,0,40,1,0,1,99,0
201600052687,16,9,30,1326,1,2,5,1,6,109,4887300,232827,750,4,2,3,0,0,0,0,0,0,0,1,0,0
201600052688,16,10,7,1305,1,2,2,1,2,109,4887240,233742,750,4,1,3,0,1,1,0,150,1,0,1,0,0
201600052689,16,10,11,1600,1,2,1,1,3,109,4887860,232978,750,4,1,0,3,1,1,0,0,1,0,1,99,0
201600052690,16,10,14,715,2,2,4,8,6,109,4887120,233237,750,4,0,2,0,1,1,0,0,1,0,1,99,0
201600052691,16,10,14,850,1,2,5,1,3,102,4886990,232796,750,4,2,2,0,1,1,0,0,1,0,1,99,0
201600052692,16,10,16,1848,2,2,1,1,6,109,4887630,233366,750,4,1,2,0,1,1,0,0,1,0,1,99,0
201600052693,16,10,20,1944,2,2,2,1,5,104,4885410,235573,750,4,2,2,0,1,1,0,0,1,0,1,99,0
201600052694,16,10,22,1055,1,2,1,1,6,109,4887550,233127,750,4,1,1,0,1,1,0,0,1,0,4,3,0
201600052695,16,10,22,1540,1,2,2,1,3,109,4887070,233257,750,4,2,3,0,1,1,0,0,1,0,0,99,0
201600052696,16,10,27,645,5,2,2,8,6,109,4887070,234788,750,4,2,6,1,1,1,0,0,1,0,1,0,0
201600052697,16,10,29,245,5,2,5,1,2,109,4887410,233724,750,4,1,1,0,1,1,0,0,1,0,1,0,0
201600052698,16,10,31,920,1,2,1,1,3,109,4887260,234340,750,4,1,1,0,1,1,0,45,1,0,1,0,0
201600052699,16,11,1,1800,2,2,1,1,2,109,4887230,234014,750,4,1,2,0,1,1,0,50,1,0,1,0,0
201600052700,16,11,2,1030,1,2,7,1,6,109,4887600,234010,750,4,1,1,0,1,1,0,0,1,0,1,0,0
201600052701,16,11,4,40,5,2,1,1,6,109,4888430,233001,750,4,1,0,0,0,0,0,0,0,0,1,0,0
201600052702,16,11,5,800,2,2,2,1,3,109,4887280,234040,750,4,1,1,0,1,1,10,50,1,0,1,99,0
201600052703,16,11,8,1525,1,2,1,1,6,109,4887670,234870,750,4,1,1,0,1,1,0,0,1,0,1,0,0
201600052704,16,11,9,910,1,2,4,3,7,104,4885190,236131,750,4,2,3,0,1,1,0,0,2,0,1,0,0
201600052705,16,11,11,430,5,2,2,2,7,109,4888120,234250,750,4,3,2,0,1,1,60,40,2,0,1,0,0
201600052706,16,11,11,1852,5,2,3,1,3,109,4886990,232796,750,4,2,3,3,1,1,0,0,1,0,1,0,0
201600052707,16,11,12,1815,5,2,2,2,6,109,4887410,234226,750,4,1,0,0,1,1,0,0,2,0,1,0,0
201600052708,16,11,16,1930,5,2,1,1,6,109,4887610,233639,750,4,2,0,0,1,1,0,120,1,0,1,0,0
201600052709,16,11,17,1215,1,2,1,1,6,109,4887040,232802,750,4,1,1,0,1,1,0,0,1,0,1,99,0
201600052710,16,11,18,1410,1,2,2,1,7,109,4887620,233109,750,4,2,4,3,1,1,0,0,1,0,1,99,0
201600052711,16,11,19,1710,2,2,3,1,6,109,4887570,232775,750,4,0,3,3,1,1,0,60,1,0,1,0,0
201600052712,16,11,18,1330,1,2,2,1,2,109,4887620,233109,750,4,1,2,3,1,1,0,0,2,0,0,0,0
201600052713,16,11,21,1155,1,2,2,9,6,109,4887290,233326,750,4,1,3,0,1,1,0,0,2,0,1,0,0
201600052714,16,11,22,2320,5,2,2,1,2,104,4885440,235494,750,4,1,1,0,1,1,0,70,2,0,0,0,0
201600052715,16,11,25,1140,1,2,2,8,6,109,4887920,234932,750,4,1,1,0,2,1,0,0,1,0,1,3,0
201600052716,16,11,26,2230,5,2,1,1,2,101,4886350,233180,750,4,1,3,0,0,0,0,0,0,0,1,0,0
201600052717,16,11,27,440,5,2,1,1,6,104,4884820,236356,750,4,1,1,0,0,0,0,0,0,0,1,0,0
201600052718,16,11,28,1955,5,2,2,1,3,101,4885950,234877,750,4,1,3,0,1,1,0,0,1,0,1,99,0
201600052719,16,12,1,1330,1,2,7,1,3,109,4888280,234444,750,4,1,2,0,1,1,0,0,1,0,1,99,0
201600052720,16,12,2,658,5,2,3,1,6,109,4887340,232969,750,4,1,2,0,1,1,7,30,1,0,1,0,0
201600052721,16,12,2,1430,1,2,1,1,6,109,4888010,233103,750,4,1,1,0,1,1,0,0,1,0,1,99,0
201600052722,16,12,2,1355,1,2,7,1,6,109,4888220,233772,750,4,1,1,0,1,1,0,70,1,0,1,0,0
201600052723,16,12,5,1023,1,2,7,1,2,109,4887310,233165,750,4,1,4,0,1,1,0,120,1,0,1,0,0
201600052724,16,12,6,705,5,2,1,1,6,109,4887920,232943,750,4,1,2,0,2,1,0,0,1,0,1,99,0
201600052725,16,12,7,1440,1,2,2,1,6,109,4887530,233229,750,4,1,2,0,1,1,0,50,1,0,1,0,0
201600052726,16,12,10,225,5,2,2,1,6,109,4887150,234309,750,4,1,2,0,1,1,0,0,1,0,1,0,0
201600052727,16,12,14,515,5,2,2,1,6,109,4887360,233530,750,4,1,1,0,1,1,0,40,1,0,4,0,0
201600052728,16,12,16,915,1,2,1,1,6,109,4888130,234332,750,4,3,2,0,1,1,20,40,1,0,1,3,0
201600052729,16,12,18,1845,5,2,1,1,3,109,4887120,233515,750,4,2,3,0,1,1,0,0,1,0,1,99,0
201600052730,16,12,27,1400,1,2,1,1,6,109,4888280,233317,750,4,1,0,0,1,1,0,50,1,0,1,0,0
201600052731,16,12,28,2150,5,2,5,1,2,109,4887380,232704,750,4,1,3,0,1,1,0,0,1,0,1,99,0
201600052732,16,12,29,1235,1,2,2,1,2,109,4887170,233819,750,4,2,2,0,0,0,0,0,0,0,1,0,0
201600052733,16,12,31,2110,5,2,1,1,6,110,4888310,236138,750,4,1,1,0,1,1,0,35,0,0,1,0,0
201600052734,16,1,4,1620,1,2,7,1,7,110,4887800,235211,750,4,1,3,0,2,1,0,90,1,0,1,0,0
201600052735,16,1,5,1710,2,2,1,8,6,110,4888100,237004,750,4,1,2,0,1,1,40,60,2,0,1,99,0
201600052736,16,1,7,426,5,2,2,2,3,110,4887290,236370,750,4,1,1,0,2,1,0,0,2,0,1,0,0
201600052737,16,1,12,2100,5,2,3,2,6,110,4887060,235495,750,4,1,4,0,1,1,0,140,2,0,5,0,0
201600052738,16,1,14,620,5,2,2,2,3,110,4888130,236476,750,4,2,3,3,1,1,0,105,2,0,1,0,0
201600052739,16,1,16,1430,1,2,2,1,2,110,4887590,235954,750,4,2,1,0,1,1,0,0,1,0,1,0,0
201600052740,16,1,21,210,5,2,5,1,6,110,4886970,235262,750,4,1,1,0,1,1,0,40,1,0,4,0,0
201600052741,16,1,21,1025,1,2,1,1,6,110,4887280,234789,750,4,1,1,0,0,1,0,50,0,0,1,0,0
201600052742,16,1,21,1145,1,2,3,7,6,110,4887080,237042,750,4,2,2,0,1,1,0,25,1,0,1,0,0
201600052743,16,1,22,1350,1,2,1,2,3,110,4888090,236491,750,4,2,2,3,1,1,0,0,2,0,1,99,0
201600052744,16,1,22,1525,1,2,2,2,6,110,4887530,235921,750,4,3,2,1,3,1,0,50,2,0,1,3,0
201600052745,16,1,23,905,1,2,5,1,7,110,4887370,237033,750,4,2,3,0,2,1,0,0,2,0,1,0,0
201600052746,16,1,23,1545,1,2,3,1,7,110,4887170,236541,750,4,1,0,1,2,1,0,100,2,0,5,99,0
201600052747,16,1,23,2200,5,2,1,1,6,110,4888000,235416,750,4,2,2,0,1,1,20,80,1,0,1,99,0
201600052748,16,1,25,1700,2,2,5,1,3,110,4887330,235877,750,4,2,4,3,1,1,0,200,1,0,1,0,0
201600052749,16,1,25,1730,5,2,1,1,3,110,4887830,235332,750,4,1,2,3,2,1,0,0,0,0,1,0,0
201600052750,16,1,26,2045,5,2,5,1,6,110,4886900,235558,750,4,1,1,0,1,3,0,30,1,0,1,99,0
201600052751,16,1,28,1115,1,2,2,1,6,110,4887810,235645,750,4,1,2,3,2,1,0,0,1,0,1,99,0
201600052752,16,1,28,2150,5,2,1,1,7,110,4888280,235010,750,4,2,2,3,1,1,0,120,1,0,1,0,0
201600052753,16,1,30,1550,1,2,2,2,6,110,4887440,235537,750,4,1,1,0,1,1,0,35,2,0,1,0,0
201600052754,16,1,31,1630,1,2,2,2,3,110,4888160,236578,750,4,2,4,0,1,1,0,30,2,0,1,99,0
201600052755,16,1,31,1825,5,2,5,2,6,110,4887330,235877,750,4,2,4,3,2,1,0,40,2,0,1,99,0
201600052756,16,2,1,1755,3,2,3,1,3,110,4887490,235897,750,4,1,1,0,1,1,0,0,1,0,0,0,0
201600052757,16,2,2,915,1,2,3,1,6,110,4887380,235674,750,4,1,3,0,2,1,0,0,1,0,1,0,0
201600052758,16,2,2,1940,5,2,7,1,6,110,4886840,235964,750,4,2,3,0,1,1,0,0,0,0,1,0,0
201600052759,16,2,3,1030,1,2,2,1,3,110,4886930,235421,750,4,2,2,0,1,1,0,80,1,0,0,99,0
201600052760,16,2,3,1950,5,2,2,1,6,110,4888160,236578,750,4,2,3,0,1,1,90,90,2,5,1,99,0
201600052761,16,2,5,305,5,2,5,8,6,110,4887200,237680,750,4,1,1,0,1,1,0,50,2,0,1,0,0
201600052762,16,2,5,2230,5,2,1,1,6,110,4886920,235499,750,4,2,0,0,1,1,0,150,1,0,1,99,0
201600052763,16,2,7,1420,1,2,2,1,3,110,4886930,235421,750,4,1,3,0,1,1,0,150,1,0,0,99,0
201600052764,16,2,8,1830,5,2,1,1,3,110,4886980,236689,750,4,1,1,1,1,1,0,60,2,0,5,0,0
201600052765,16,2,10,725,1,2,2,1,6,110,4887770,236539,750,4,1,2,0,2,1,0,80,1,0,1,0,0
201600052766,16,2,11,1000,1,2,3,1,2,110,4887000,235094,750,4,2,3,0,1,1,40,60,2,0,1,99,0
201600052767,16,2,12,1120,1,2,3,2,6,110,4887020,235046,750,4,2,3,0,1,1,0,200,2,0,1,0,0
201600052768,16,2,13,2010,5,2,1,2,6,110,4886810,236369,750,4,2,2,0,0,0,0,60,2,6,1,0,0
201600052769,16,2,16,120,5,2,1,1,6,110,4888410,236635,750,4,1,1,0,1,1,0,0,1,0,1,0,0
201600052770,16,2,17,2020,5,2,3,1,2,110,4887060,235495,750,4,1,1,1,1,1,0,35,1,0,1,0,0
201600052771,16,2,20,5,5,2,1,1,6,110,4886930,235575,750,4,1,3,0,1,1,0,25,1,0,4,99,0