Num_Acc,an,mois,jour,hrmn,lum,agg,int,atm,col,com,lat,long,dep,catr,circ,nbv,vosp,prof,plan,lartpc,larrout,surf,infra,situ,env1,killed
201600052772,16,2,22,2235,5,2,1,2,6,110,4888100,235176,750,4,2,2,0,1,1,0,30,2,0,1,0,0
201600052773,16,2,24,1000,1,2,2,1,6,110,4888110,236516,750,4,2,3,0,1,1,0,120,1,0,1,0,0
201600052774,16,2,29,1025,1,2,1,1,2,110,4886920,236184,750,4,1,1,0,1,1,0,0,1,0,1,0,0
201600052775,16,3,2,35,5,2,4,2,6,110,4888150,235134,750,4,2,4,0,1,1,0,0,2,0,1,99,0
201600052776,16,3,2,1700,1,2,5,8,7,110,4887960,234947,750,4,1,2,3,2,1,0,60,2,0,1,0,0
201600052777,16,3,1,1830,2,2,1,1,3,110,4888350,236896,750,4,3,3,0,1,1,0,90,1,0,0,0,0
201600052778,16,3,4,1530,1,2,1,2,6,110,4887210,235396,750,4,1,1,0,1,1,0,0,2,0,1,99,0
201600052779,16,3,5,10,5,2,2,2,2,110,4886930,235421,750,4,1,3,0,1,1,0,100,2,0,1,0,0
201600052780,16,3,5,1150,1,2,1,2,6,110,4888140,236498,750,4,2,3,0,1,1,0,100,2,0,1,0,0
201600052781,16,3,8,1000,1,2,1,1,3,110,4887040,237073,750,4,1,1,0,1,1,0,120,1,0,1,3,0
201600052782,16,3,8,1105,1,2,1,1,6,110,4888120,235164,750,4,2,4,0,2,1,0,150,1,0,1,0,0
201600052783,16,3,11,200,5,2,2,1,7,110,4887380,235048,750,4,1,1,1,1,1,0,50,2,0,1,0,0
201600052784,16,3,11,1140,1,2,3,1,2,110,4887020,235046,750,4,2,5,1,1,1,0,160,1,0,1,0,0
201600052785,16,3,12,950,1,2,1,1,2,110,4887020,237167,750,4,1,2,0,1,1,0,0,1,0,1,0,0
201600052786,16,3,14,1855,1,2,1,1,2,110,4887400,235686,750,4,1,6,3,2,1,0,0,1,0,1,0,0
201600052787,16,3,18,1420,1,2,2,1,3,110,4887620,235611,750,4,1,1,2,2,1,0,35,1,0,5,0,0
201600052788,16,3,18,1500,1,2,2,1,2,110,4887340,235648,750,4,1,3,0,1,1,0,120,1,0,1,99,0
201600052789,16,3,21,2020,5,2,2,1,6,110,4888430,236461,750,4,1,1,1,1,1,10,70,1,0,0,0,0
201600052790,16,3,22,1,5,2,2,1,7,110,4886930,235421,750,4,0,2,0,1,1,0,0,1,5,0,0,0
201600052791,16,3,23,1530,1,2,4,1,3,110,4888150,235134,750,4,3,2,1,1,1,0,0,1,0,5,99,0
201600052792,16,3,28,125,5,2,1,1,6,110,4887240,237635,750,4,1,1,0,1,1,70,30,1,0,0,0,0
201600052793,16,3,30,2030,5,2,1,1,7,110,4888430,236010,750,4,1,2,1,1,1,1,60,2,0,1,0,0
201600052794,16,4,4,1855,1,2,4,1,6,110,4888150,235134,750,4,2,4,3,1,1,0,120,1,0,1,0,0
201600052795,16,4,5,2025,5,2,3,1,6,110,4887250,237623,750,4,1,1,0,1,1,0,0,1,0,1,0,0
201600052796,16,4,7,830,1,2,5,1,6,110,4887620,235611,750,4,2,4,0,1,1,15,30,1,0,1,0,0
201600052797,16,4,8,1140,1,2,1,1,7,110,4888220,236790,750,4,2,4,0,1,1,0,0,1,0,1,99,0
201600052798,16,4,9,50,5,2,2,1,6,110,4888110,234982,750,4,1,1,0,1,1,0,40,1,0,1,0,0
201600052799,16,4,9,325,5,2,1,1,2,110,4887440,235705,750,4,1,5,1,1,1,0,150,1,0,1,0,0
201600052800,16,4,11,1410,1,2,2,1,3,110,4888270,237017,750,4,0,3,0,1,1,0,0,2,0,0,0,0
201600052801,16,4,13,900,1,2,1,8,3,110,4887520,236402,750,4,1,1,0,1,1,0,35,2,0,1,3,0
201600052802,16,4,14,1100,1,2,2,1,2,110,4887370,235826,750,4,2,4,3,1,1,10,200,1,0,1,99,0
201600052803,16,4,14,2010,2,2,5,2,3,110,4887720,234895,750,4,1,1,0,2,1,15,30,2,0,1,0,0
201600052804,16,4,16,1810,1,2,2,1,3,110,4887950,235772,750,4,1,1,0,1,1,15,30,1,0,1,0,0
201600052805,16,4,20,1105,1,2,2,1,6,110,4887360,237499,750,4,1,1,1,1,1,0,25,1,0,5,0,0
201600052806,16,4,23,1905,1,2,2,1,3,110,4887970,235822,750,4,2,4,3,1,1,0,140,1,0,1,0,0
201600052807,16,4,28,1150,1,2,2,1,6,110,4888160,236578,750,4,2,4,3,1,1,0,140,1,0,1,0,0
201600052808,16,4,28,1745,1,2,3,1,6,110,4887630,235742,750,4,2,4,0,1,1,20,160,1,0,1,99,0
201600052809,16,4,29,2030,2,2,3,2,6,110,4887550,235671,750,4,2,4,0,1,1,0,0,1,6,1,0,0
201600052810,16,4,30,30,5,2,2,2,2,110,4888110,236516,750,4,2,1,0,1,1,0,0,2,0,1,0,0
201600052811,16,4,30,1730,1,2,2,2,6,110,4887160,235360,750,4,1,1,0,1,1,0,50,2,0,1,0,0
201600052812,16,5,2,2230,5,2,2,1,6,110,4887950,235772,750,4,3,4,0,1,1,0,100,1,0,1,99,0
201600052813,16,5,3,1,5,2,2,1,3,110,4888060,236196,750,4,2,4,0,2,1,10,100,1,0,1,0,0
201600052814,16,5,3,1635,1,2,1,1,3,110,4888100,236338,750,4,2,4,0,1,1,0,120,1,0,1,3,0
201600052815,16,5,5,1548,1,2,3,1,6,110,4887320,236348,750,4,1,0,1,1,1,0,0,1,0,5,0,0
201600052816,16,5,6,830,1,2,3,1,3,110,4887620,235611,750,4,1,1,1,2,1,0,0,1,0,5,0,0
201600052817,16,5,8,125,5,2,2,1,6,110,4887060,236120,750,4,2,4,0,1,1,0,0,1,0,1,0,0
201600052818,16,5,8,1345,1,2,3,1,6,110,4887780,236159,750,4,1,2,0,2,1,0,0,1,0,1,0,0
201600052819,16,5,9,1300,1,2,1,1,6,110,4887420,235785,750,4,2,4,0,0,0,0,0,0,0,1,0,0
201600052820,16,5,9,2150,5,2,1,2,6,110,4887760,235489,750,4,2,2,3,1,1,100,100,2,0,1,99,0
201600052821,16,5,10,2030,2,2,2,2,3,110,4887000,237099,750,4,1,1,0,1,1,0,50,2,5,1,99,0
201600052822,16,5,11,1435,1,2,1,3,6,110,4886990,235454,750,4,1,4,0,1,1,0,140,2,0,1,99,0
201600052823,16,5,11,1740,1,2,7,1,3,119,4888280,237033,750,4,1,4,0,1,1,0,130,2,0,1,0,0
201600052824,16,5,14,1610,1,2,1,1,3,110,4888190,236688,750,4,2,4,3,1,1,0,120,1,0,1,3,0
201600052825,16,5,14,2000,1,2,2,1,6,110,4887320,236421,750,4,1,2,0,1,1,0,80,1,0,1,99,0
201600052826,16,5,16,2245,5,2,1,1,6,110,4887310,237552,750,4,1,1,2,1,1,0,30,1,0,5,0,0
201600052827,16,5,16,2340,5,2,1,1,7,110,4887800,235643,750,4,1,2,0,2,1,100,100,1,0,1,99,0
201600052828,16,5,18,1640,1,2,2,2,2,110,4888000,236707,750,4,1,1,0,1,1,0,50,2,0,1,0,0
201600052829,16,5,21,115,5,2,7,1,6,110,4888060,236196,750,4,2,4,3,1,1,0,120,1,0,1,99,0
201600052830,16,5,21,2030,2,2,1,1,6,110,4888070,235779,750,4,0,2,3,1,1,0,0,1,0,0,99,0
201600052831,16,5,22,2300,5,2,1,1,6,110,4887890,235366,750,4,3,2,3,1,1,0,30,2,0,1,0,0
201600052832,16,5,23,1015,1,2,1,3,6,119,4888290,238434,750,4,2,2,0,1,1,0,60,2,0,1,0,0
201600052833,16,5,24,855,1,2,3,1,6,110,4887530,235921,750,4,2,4,1,1,1,0,0,1,0,1,0,0
201600052834,16,5,25,2010,1,2,3,1,6,110,4887260,235769,750,4,1,3,0,1,1,0,120,1,0,1,0,0
201600052835,16,5,27,1100,1,2,2,1,6,110,4888020,235366,750,4,1,1,0,2,1,0,40,1,1,1,0,0
201600052836,16,5,29,2350,5,2,1,3,6,102,4886960,235285,750,4,2,3,0,1,1,0,90,2,0,1,0,0
201600052837,16,5,30,1715,1,2,1,3,3,110,4888010,236393,750,4,2,2,0,1,1,0,0,2,0,1,0,0
201600052838,16,5,30,1915,1,2,1,3,6,110,4887580,237252,750,4,1,1,0,1,1,0,50,2,0,5,0,0
201600052839,16,6,2,1455,1,2,1,2,6,110,4888020,236404,750,4,2,2,0,1,1,0,60,2,0,1,99,0
201600052840,16,6,3,1540,1,2,1,1,3,110,4887600,235878,750,4,2,4,0,1,1,0,150,1,0,1,0,0
201600052841,16,6,4,1650,1,2,2,1,3,110,4887120,235527,750,4,1,4,0,1,1,0,140,1,0,4,0,0
201600052842,16,6,6,1730,1,2,1,1,3,110,4887310,235793,750,4,1,2,0,1,1,0,0,0,0,1,0,0
201600052843,16,6,10,2025,1,2,5,1,6,110,4888430,236150,750,4,1,2,1,1,1,0,70,1,0,1,0,0
201600052844,16,6,11,1350,1,2,5,1,6,110,4886970,235262,750,4,2,2,2,1,1,0,40,1,0,1,99,0
201600052845,16,6,15,125,5,2,1,1,6,110,4887660,236890,750,4,2,2,0,1,1,0,0,2,0,1,0,0
201600052846,16,6,17,1115,1,2,1,1,6,110,4888430,236378,750,4,1,2,1,2,1,0,0,1,0,5,99,0
201600052847,16,6,18,1056,1,2,2,1,6,110,4887230,235592,750,4,1,0,0,1,1,0,30,1,0,0,0,0
201600052848,16,6,18,1115,1,2,2,1,2,110,4887060,236120,750,4,4,4,3,1,1,3,120,1,0,1,0,0
201600052849,16,6,19,1330,1,2,1,1,5,110,4887600,235878,750,4,0,3,0,1,1,20,110,1,0,1,99,0
201600052850,16,6,20,1720,1,2,2,3,1,110,4887230,235592,750,4,1,4,0,1,1,0,250,2,0,1,99,0
201600052851,16,6,21,1250,1,2,2,1,6,110,4886910,236440,750,4,0,2,1,0,0,0,0,0,0,1,0,0
201600052852,16,6,22,1220,1,2,1,1,6,110,4887540,235681,750,4,2,4,0,1,1,0,0,1,0,1,0,0
201600052853,16,6,25,130,5,2,7,1,2,110,4888270,237017,750,4,1,3,2,1,1,0,120,1,0,1,0,0
201600052854,16,6,27,1410,1,2,2,1,3,110,4887610,237026,750,4,1,1,2,2,1,0,35,2,0,1,3,0
201600052855,16,6,28,1205,1,2,2,1,6,110,4887170,235720,750,4,1,3,3,1,1,30,150,1,0,1,0,0
201600052856,16,6,29,1700,1,2,4,1,2,110,4888190,236303,750,4,0,1,1,0,0,0,40,1,0,1,3,0
201600052857,16,7,1,915,1,2,4,1,6,110,4887550,235671,750,4,0,0,0,1,1,0,120,1,0,0,0,0
201600052858,16,7,2,1935,1,2,5,3,3,110,4887850,235404,750,4,2,0,0,2,1,0,90,2,0,0,0,0
201600052859,16,7,4,1830,1,2,3,1,6,110,4887080,237042,750,4,2,2,0,1,1,0,0,1,0,1,3,0
201600052860,16,7,4,2110,1,2,7,1,6,110,4887060,236120,750,4,2,4,0,2,1,0,140,1,0,1,0,0
201600052861,16,7,6,1145,1,2,2,1,3,110,4888140,236186,750,4,1,2,0,1,1,20,30,1,2,1,99,0
201600052862,16,7,7,1805,1,2,1,1,6,110,4886890,235633,750,4,2,4,0,1,1,0,140,1,0,1,0,0
201600052863,16,7,8,220,5,2,2,1,3,110,4888110,236516,750,4,2,2,0,1,1,0,100,1,0,1,99,0
201600052864,16,7,9,220,5,2,3,1,3,110,4888040,236432,750,4,1,0,0,1,1,0,40,1,0,1,0,0
201600052865,16,7,9,1340,1,2,2,1,6,110,4887430,236263,750,4,1,0,0,2,1,0,0,1,0,0,0,0
201600052866,16,7,11,50,5,2,7,1,6,110,4887980,235592,750,4,1,1,0,1,1,0,0,1,0,1,0,0
201600052867,16,7,11,1355,1,2,1,1,3,110,4886920,235480,750,4,2,3,1,1,1,0,60,1,0,5,0,0
201600052868,16,7,11,2130,2,2,1,1,6,110,4886890,235633,750,4,2,4,0,2,1,0,250,1,0,1,0,0
201600052869,16,7,13,1615,1,2,1,1,7,110,4887020,235623,750,4,1,2,0,1,1,0,90,1,0,1,99,0
201600052870,16,7,19,1650,1,2,1,1,6,110,4887660,236890,750,4,2,2,0,1,1,0,0,1,0,1,99,0
201600052871,16,7,20,1720,1,2,3,1,3,110,4887000,235094,750,4,1,0,0,1,1,0,0,1,0,1,0,0
201600052872,16,7,24,230,5,2,1,1,6,110,4886980,236689,750,4,1,2,1,1,0,0,40,1,0,5,0,0
201600052873,16,7,25,1155,1,2,5,1,3,110,4887330,235877,750,4,2,4,3,1,1,0,120,1,0,1,0,0
201600052874,16,7,28,20,5,2,4,1,3,110,4887970,235822,750,4,3,4,0,1,1,0,80,1,0,1,0,0
201600052875,16,8,1,805,1,2,5,1,3,110,4887490,235731,750,4,4,4,0,0,1,0,100,1,0,1,99,0
201600052876,16,8,1,1530,1,2,1,1,3,110,4886880,235664,750,4,2,4,0,1,1,0,140,1,0,1,99,0
201600052877,16,8,3,1640,1,2,7,1,6,110,4887060,236120,750,4,2,4,0,1,0,0,120,1,0,1,0,0
201600052878,16,8,7,555,2,2,1,1,6,110,4887750,235497,750,4,2,4,0,1,1,0,120,1,0,1,99,0
201600052879,16,8,13,130,5,2,2,1,3,110,4886930,235421,750,4,2,4,3,1,1,10,180,1,0,1,0,0
201600052880,16,8,13,1120,1,2,2,1,3,110,4886930,235421,750,4,2,5,0,1,1,0,150,1,0,1,99,0
201600052881,16,8,23,1655,1,2,1,1,6,110,4888320,236124,750,4,1,1,0,1,1,0,0,1,0,1,0,0
201600052882,16,8,25,1133,1,2,3,1,6,110,4887420,237275,750,4,0,1,0,1,1,0,30,1,0,0,0,0
201600052883,16,8,29,1905,1,2,1,1,6,110,4887040,235482,750,4,1,3,3,1,1,0,160,1,0,1,0,0
201600052884,16,9,1,1600,1,2,2,1,6,110,4886970,235262,750,4,2,3,0,1,1,0,0,1,0,1,0,0
201600052885,16,9,5,900,1,2,1,2,7,110,4888170,236628,750,4,2,2,0,1,1,0,80,2,0,1,0,0
201600052886,16,9,5,1400,1,2,3,2,3,110,4887650,236764,750,4,2,2,0,0,1,0,70,2,0,0,3,0
201600052887,16,9,7,1820,1,2,4,1,3,109,4888370,234949,750,4,2,4,0,0,0,0,100,1,0,1,0,0
201600052888,16,9,9,230,5,2,4,1,6,110,4888210,235073,750,4,2,4,0,1,1,0,80,1,0,1,0,0
201600052889,16,9,9,2020,5,2,1,1,3,110,4887400,235840,750,4,0,4,0,0,0,0,0,0,0,1,0,0
201600052890,16,9,10,1830,1,2,2,1,2,110,4888130,236476,750,4,0,2,0,1,1,0,40,1,0,1,0,0
201600052891,16,9,13,1817,1,2,4,1,2,110,4887610,237214,750,4,1,1,0,1,1,0,0,1,0,1,0,0
201600052892,16,9,14,420,5,2,2,1,6,110,4887720,235521,750,4,0,0,0,1,1,30,50,1,0,0,99,0
201600052893,16,9,16,1450,1,2,2,1,3,110,4887150,236032,750,4,2,4,1,2,1,0,70,1,0,1,99,0
201600052894,16,9,17,1120,1,2,1,1,6,110,4888030,235343,750,4,1,1,0,0,1,0,50,1,0,0,99,0
201600052895,16,9,21,1820,1,2,3,1,6,110,4887250,234791,750,4,1,2,0,1,1,0,60,1,0,1,0,0
201600052896,16,9,22,1420,1,2,1,1,6,110,4887630,235709,750,4,2,0,0,1,1,0,100,1,0,1,99,0
201600052897,16,9,22,1620,1,2,3,1,6,110,4888230,237002,750,4,2,2,0,1,1,0,40,1,0,1,0,0
201600052898,16,9,24,1850,1,2,1,1,7,110,4887160,236472,750,4,1,1,0,1,1,0,60,1,0,1,0,0
201600052899,16,9,27,910,1,2,1,1,6,110,4887560,235980,750,4,3,1,1,2,1,0,200,1,0,1,0,0
201600052900,16,9,27,1650,1,2,2,1,6,110,4887370,235826,750,4,3,5,2,2,0,0,50,1,0,0,0,0
201600052901,16,9,28,815,1,2,2,1,3,110,4886930,235421,750,4,1,1,0,2,1,0,90,1,0,1,99,0
201600052902,16,9,28,1245,1,2,1,1,6,110,4888380,235923,750,4,2,0,3,1,1,0,100,1,0,1,0,0
201600052903,16,9,29,1650,1,2,3,1,6,110,4887770,236539,750,4,1,2,1,1,1,0,0,1,0,5,3,0
201600052904,16,9,30,1125,1,2,1,1,3,110,4887950,236324,750,4,2,2,0,1,1,0,20,1,0,1,0,0
201600052905,16,10,1,555,2,2,1,1,2,110,4887880,235501,750,4,2,3,0,1,1,0,0,2,0,1,0,0
201600052906,16,10,4,1655,1,2,3,1,5,110,4887750,236136,750,4,2,2,0,0,0,0,0,0,0,1,0,0
201600052907,16,10,6,1700,1,2,1,1,7,110,4886960,236698,750,4,1,1,0,1,1,0,60,1,0,1,99,0
201600052908,16,10,6,2140,1,2,5,1,6,110,4887330,235877,750,4,1,1,0,1,0,0,30,1,0,1,0,0
201600052909,16,10,6,2250,5,2,2,1,3,110,4887070,234788,750,4,2,2,0,1,1,10,60,1,0,1,0,0
201600052910,16,10,12,1140,1,2,1,1,6,110,4887670,236090,750,4,0,2,0,2,1,0,300,1,0,1,0,0
201600052911,16,10,13,950,1,2,1,1,2,110,4887180,236004,750,4,3,4,1,1,1,0,0,1,0,5,0,0
201600052912,16,10,16,1350,1,2,1,1,6,110,4886850,235858,750,4,2,0,0,1,1,0,300,1,0,1,0,0
201600052913,16,10,18,1105,1,2,1,1,6,110,4888070,236583,750,4,1,1,0,1,1,0,0,1,0,1,99,0
201600052914,16,10,18,1630,1,2,1,1,6,110,4887920,235432,750,4,1,1,3,1,1,0,250,1,0,1,0,0
201600052915,16,10,26,1905,5,2,1,1,6,110,4886850,236026,750,4,1,1,0,0,0,0,0,0,0,1,0,0
201600052916,16,10,28,900,1,2,2,1,2,110,4887950,235772,750,4,2,3,0,1,1,0,0,1,0,1,0,0
201600052917,16,11,2,745,1,2,2,1,6,110,4888430,236461,750,4,1,2,0,1,1,100,100,1,6,1,99,0
201600052918,16,11,3,935,1,2,1,1,6,110,4887380,236301,750,4,1,1,1,2,1,0,0,1,0,5,0,0
201600052919,16,11,3,1437,1,2,7,1,2,110,4886800,236223,750,4,2,4,3,1,1,0,70,1,0,0,99,0
201600052920,16,11,4,830,1,2,1,1,2,110,4888370,236889,750,4,2,3,0,1,0,50,150,0,0,1,0,0
201600052921,16,11,5,1835,2,2,5,1,6,110,4887490,235731,750,4,3,0,3,0,0,0,0,0,0,1,0,0
201600052922,16,11,8,2100,5,2,2,2,3,110,4887980,235874,750,4,2,4,0,0,0,0,0,0,0,1,0,0
201600052923,16,11,10,1130,1,2,1,1,3,103,4886830,236040,750,4,2,4,0,1,1,0,140,2,0,1,0,0
201600052924,16,11,10,1415,1,2,2,2,6,110,4886880,236760,750,4,1,2,0,1,1,0,0,2,0,1,99,0
201600052925,16,11,12,2110,5,2,1,2,7,110,4888090,236320,750,4,2,3,3,1,1,0,105,2,0,1,0,0
201600052926,16,11,15,845,1,2,1,8,3,110,4887420,235854,750,4,2,4,3,2,1,0,200,2,0,1,99,0
201600052927,16,11,15,1845,5,2,1,2,3,110,4887700,236477,750,4,1,2,1,2,1,0,0,2,0,5,99,0
201600052928,16,11,17,410,5,2,1,1,6,110,4887480,236664,750,4,1,1,0,1,1,0,0,1,0,3,99,0
201600052929,16,11,19,320,5,2,1,1,6,110,4888410,236635,750,4,1,0,0,0,0,0,0,0,0,1,0,0
201600052930,16,11,19,1411,1,2,2,1,3,110,4887930,235334,750,4,2,1,1,1,1,0,120,1,0,5,0,0
201600052931,16,11,19,1920,5,2,1,1,6,110,4887060,235643,750,4,1,2,3,1,1,50,100,1,0,1,99,0
201600052932,16,11,19,1940,5,2,3,1,3,110,4887530,236917,750,4,1,1,0,1,1,0,30,1,0,1,0,0
201600052933,16,11,23,1530,1,2,1,1,6,110,4887150,237540,750,4,0,1,0,2,1,0,150,0,0,1,0,0
201600052934,16,11,25,1850,5,2,1,1,6,110,4887240,235413,750,4,1,1,0,2,0,0,0,0,0,1,0,0
201600052935,16,11,28,1000,1,2,1,1,6,110,4887800,235452,750,4,2,4,0,0,1,0,80,1,0,0,99,0
201600052936,16,11,28,1425,1,2,5,1,3,110,4888400,236870,750,4,2,2,0,1,1,0,90,1,5,1,99,0
201600052937,16,11,28,1948,5,2,2,1,7,110,4887950,235772,750,4,1,2,0,1,1,0,70,1,0,1,0,0
201600052938,16,11,29,2220,5,2,2,1,3,110,4887530,235092,750,4,1,1,0,2,1,0,35,1,0,1,0,0
201600052939,16,11,29,2335,5,2,1,1,2,110,4886980,236182,750,4,2,4,0,1,1,0,0,1,0,1,0,0
201600052940,16,12,2,2220,5,2,2,1,6,110,4887650,235586,750,4,2,4,0,1,1,10,100,1,5,0,0,0
201600052941,16,12,4,400,5,2,1,1,6,110,4886970,236190,750,4,2,4,3,1,1,8,100,1,0,1,0,0
201600052942,16,12,5,1215,1,2,1,1,3,110,4888300,236755,750,4,2,3,0,1,1,0,105,1,0,1,0,0
201600052943,16,12,10,1622,2,2,1,1,6,110,4888280,236196,750,4,1,2,0,1,1,0,90,1,0,1,3,0
201600052944,16,12,14,850,1,2,1,1,2,110,4887530,235760,750,4,2,3,0,2,1,30,105,1,0,1,0,0
201600052945,16,12,15,1830,2,2,2,1,6,110,4888060,236196,750,4,2,4,0,2,1,0,0,1,0,1,0,0
201600052946,16,12,17,2100,5,2,1,1,6,110,4887270,236386,750,4,1,2,0,2,1,0,0,1,0,1,0,0
201600052947,16,12,18,145,5,2,2,1,3,110,4887210,235001,750,4,0,0,0,0,0,0,0,0,0,1,0,0
201600052948,16,12,19,830,1,2,3,2,3,110,4887870,236624,750,4,1,2,0,1,1,0,35,1,0,1,0,0
201600052949,16,12,22,1615,2,2,1,8,7,110,4887890,235541,750,4,2,2,0,1,1,0,120,2,0,1,0,0
201600052950,16,12,23,1210,1,2,1,5,6,110,4888150,236559,750,4,2,0,0,1,1,0,150,1,0,1,0,0
201600052951,16,12,30,1920,5,2,1,1,3,110,4887010,235465,750,4,1,4,0,2,1,0,140,1,0,1,0,0
201600052952,16,12,30,2130,5,2,1,1,6,110,4887300,235901,750,4,2,4,3,2,1,0,140,1,0,1,0,0
201600052953,16,1,5,950,1,2,1,2,6,111,4885420,238337,750,4,2,1,0,1,1,0,100,2,0,1,0,0
201600052954,16,1,7,330,3,2,3,2,6,111,4885060,239217,750,4,2,1,0,1,0,0,0,2,0,1,0,0
201600052955,16,1,8,1135,1,2,2,1,6,111,4886560,236705,750,4,2,2,0,1,1,0,120,1,0,1,0,0
201600052956,16,1,12,1740,2,2,1,1,7,111,4885720,236813,750,4,2,3,0,1,0,0,180,1,0,1,0,0
201600052957,16,1,12,2055,5,2,7,1,6,111,4884890,239561,750,4,0,2,0,1,1,0,140,2,0,1,0,0
201600052958,16,1,10,150,5,2,1,2,3,103,4885720,236814,750,4,2,4,3,1,1,0,140,2,0,1,0,0
201600052959,16,1,14,2155,5,2,2,1,2,111,4886600,236631,750,4,2,2,0,1,1,0,120,2,0,1,99,0
201600052960,16,1,15,250,5,2,5,1,2,110,4887490,235731,750,4,2,4,0,1,1,10,140,1,0,1,99,0
201600052961,16,1,15,1455,1,2,1,1,3,111,4885130,239098,750,4,2,2,0,2,1,0,140,1,0,1,3,0
201600052962,16,1,20,1545,1,2,3,1,6,111,4885090,239641,750,4,1,1,1,1,1,0,50,1,0,1,99,0
201600052963,16,1,20,1850,5,2,1,1,2,111,4886590,237844,750,4,1,1,0,1,1,0,70,1,0,1,0,0
201600052964,16,1,21,910,1,2,4,1,3,111,4886650,236813,750,4,1,0,0,0,0,0,0,0,0,0,0,0
201600052965,16,1,21,1620,1,2,7,1,6,111,4885370,236896,750,4,2,2,0,1,1,0,240,1,0,1,0,0
201600052966,16,1,22,1820,5,2,7,2,6,111,4884890,239561,750,4,2,0,0,1,1,0,140,2,0,1,99,0
201600052967,16,1,24,400,5,2,7,2,3,111,4885770,238038,750,4,0,0,0,1,0,0,0,2,5,1,99,0
201600052968,16,1,28,1950,5,2,1,1,6,111,4885680,237929,750,4,0,0,0,1,1,10,140,1,0,0,0,0
201600052969,16,1,29,435,5,2,1,1,6,111,4886780,237881,750,4,1,1,0,1,1,20,60,1,0,0,0,0
201600052970,16,1,29,1000,1,2,1,1,3,111,4886710,236828,750,4,1,1,0,1,1,0,120,1,0,1,0,0
201600052971,16,1,29,1945,5,2,2,1,6,111,4886460,237798,750,4,1,1,0,1,1,0,50,1,0,1,0,0
201600052972,16,1,30,55,5,2,1,2,2,111,4886380,238261,750,4,2,1,0,1,1,0,50,2,0,1,0,0
201600052973,16,1,30,1025,1,2,2,2,6,111,4886840,237956,750,4,1,1,0,2,1,0,40,2,0,1,0,0
201600052974,16,1,31,615,5,2,2,2,6,111,4886620,236963,750,4,2,2,0,1,1,0,200,2,0,1,0,0
201600052975,16,1,31,1225,1,2,3,1,6,111,4885040,238009,750,4,2,2,3,1,1,0,200,2,0,5,0,0
201600052976,16,1,31,1500,1,2,2,1,6,111,4886460,237798,750,4,2,2,0,1,1,0,150,2,0,1,0,0
201600052977,16,2,1,1955,5,2,2,1,3,111,4886440,236901,750,4,2,2,0,1,1,0,120,1,0,1,99,0
201600052978,16,2,2,1600,1,2,5,1,7,111,4885430,237138,750,4,1,1,0,1,1,0,60,2,0,1,0,0
201600052979,16,2,3,1820,5,2,2,8,7,111,4885600,236918,750,4,1,1,0,1,0,0,40,2,0,1,0,0
201600052980,16,2,3,1905,5,2,5,1,3,111,4886290,238742,750,4,1,1,0,2,1,0,30,2,0,0,0,0
201600052981,16,2,4,1020,1,2,1,2,3,111,4885050,238297,750,4,2,1,0,1,1,0,95,2,0,1,0,0
201600052982,16,2,5,1543,1,2,1,1,3,111,4885370,237746,750,4,2,2,0,1,1,0,120,1,0,1,3,0
201600052983,16,2,5,1545,1,2,1,1,6,111,4886450,236590,750,4,2,2,3,1,1,0,160,1,0,1,99,0
201600052984,16,2,6,620,5,2,2,1,6,111,4886580,236996,750,4,1,1,0,1,1,0,51,1,0,1,0,0
201600052985,16,2,8,830,1,2,1,1,2,111,4885560,238224,750,4,1,1,0,1,1,0,40,2,0,1,0,0
201600052986,16,2,8,1030,1,2,2,1,4,111,4885980,237685,750,4,1,1,0,1,1,0,40,1,0,0,0,0
201600052987,16,2,8,1715,1,2,7,2,3,111,4884910,239473,750,4,2,2,0,1,1,0,60,2,5,1,99,0
201600052988,16,2,8,1750,2,2,3,2,6,111,4886760,237561,750,4,1,1,0,1,1,25,50,2,0,1,0,0
201600052989,16,2,9,740,5,2,1,3,2,111,4885370,237746,750,4,2,2,0,1,1,0,130,2,0,1,0,0
201600052990,16,2,9,1250,1,2,2,2,6,111,4885470,238535,750,4,2,2,0,1,1,0,200,2,0,1,0,0
201600052991,16,2,11,1840,5,2,3,1,3,111,4885660,238561,750,4,1,1,0,1,1,0,30,1,0,1,0,0
201600052992,16,2,12,1020,1,2,3,2,3,111,4886650,236813,750,4,1,1,0,1,1,0,0,2,0,1,0,0
201600052993,16,2,12,1100,1,2,3,2,6,111,4886930,237151,750,4,1,1,0,1,1,0,40,2,0,0,0,0
201600052994,16,2,16,1649,1,2,1,1,6,111,4886750,237909,750,4,1,1,0,1,1,0,30,1,0,1,0,0
201600052995,16,2,17,1745,1,2,1,1,6,111,4886000,237514,750,4,1,1,0,1,1,0,100,1,0,1,0,0
201600052996,16,2,18,1305,1,2,1,2,3,111,4886710,236892,750,4,3,2,0,1,1,150,70,2,0,1,0,0
201600052997,16,2,18,2028,5,2,1,2,3,111,4886740,237293,750,4,2,2,0,1,1,0,100,2,0,1,99,0
201600052998,16,2,19,1110,1,2,1,1,2,111,4885680,237929,750,4,2,2,0,1,1,0,60,1,0,1,0,0