Num_Acc,an,mois,jour,hrmn,lum,agg,int,atm,col,com,lat,long,dep,catr,circ,nbv,vosp,prof,plan,lartpc,larrout,surf,infra,situ,env1,killed
201600053226,16,10,15,30,5,2,2,2,6,111,4886840,237488,750,4,1,0,0,1,1,0,50,2,0,1,99,0
201600053227,16,10,17,750,5,2,2,1,3,111,4886840,237488,750,4,1,1,0,0,0,0,0,0,0,1,0,0
201600053228,16,10,17,2330,5,2,4,1,3,111,4886330,238480,750,4,2,0,0,1,1,0,0,1,0,1,0,0
201600053229,16,10,18,910,1,2,1,1,3,111,4886600,237396,750,4,2,2,1,2,1,20,100,1,0,1,0,0
201600053230,16,10,18,1250,1,2,7,1,3,111,4884940,239615,750,4,2,2,0,1,1,0,120,1,0,1,3,0
201600053231,16,10,18,1250,1,2,2,1,7,111,4886640,238022,750,4,1,1,0,1,1,0,40,1,0,1,0,0
201600053232,16,10,18,2010,5,2,3,1,3,111,4886310,237131,750,4,2,4,0,1,1,0,160,2,0,1,99,0
201600053233,16,10,19,1005,1,2,5,1,6,111,4885320,237022,750,4,1,1,0,1,1,0,100,1,0,1,0,0
201600053234,16,10,19,2200,3,2,2,1,3,111,4885070,239447,750,4,2,1,0,1,1,0,60,1,0,0,0,0
201600053235,16,10,20,1750,1,2,3,2,6,111,4885580,238158,750,4,1,2,0,1,1,0,50,2,0,1,0,0
201600053236,16,10,20,1955,5,2,3,1,6,111,4885990,237453,750,4,1,1,0,1,1,0,25,1,0,1,0,0
201600053237,16,10,21,30,5,2,2,1,3,111,4886380,237010,750,4,0,2,0,1,0,0,0,0,0,0,0,0
201600053238,16,10,23,900,1,2,3,1,3,111,4884930,239008,750,4,2,2,0,1,1,0,150,1,0,1,99,0
201600053239,16,10,23,1900,5,2,1,2,3,111,4885550,238398,750,4,2,2,0,1,1,10,100,2,0,1,99,0
201600053240,16,10,24,1550,1,2,1,1,6,111,4886750,236476,750,4,2,1,3,1,1,0,70,0,0,1,0,0
201600053241,16,10,24,1605,1,2,2,2,3,111,4886160,237732,750,4,1,1,0,1,1,0,50,2,5,1,0,0
201600053242,16,10,26,1220,1,2,2,1,3,111,4885930,238685,750,4,2,1,0,2,1,0,130,1,0,1,0,0
201600053243,16,10,26,2325,5,2,1,1,3,111,4886320,237968,750,4,1,1,0,1,1,0,60,1,0,1,99,0
201600053244,16,10,28,1320,1,2,1,1,6,111,4885520,238112,750,4,1,1,0,0,0,0,0,0,0,1,0,0
201600053245,16,10,30,830,1,2,2,1,6,111,4886160,237732,750,4,1,2,0,2,1,0,100,1,0,1,99,0
201600053246,16,10,31,1805,5,2,1,1,3,111,4885100,239149,750,4,2,1,0,1,1,0,120,1,0,1,0,0
201600053247,16,11,2,1920,3,2,5,1,3,111,4886620,236963,750,4,2,2,0,2,1,0,100,1,0,1,0,0
201600053248,16,11,3,1225,1,2,1,1,2,111,4885930,237758,750,4,2,2,0,1,1,0,140,1,0,1,0,0
201600053249,16,11,3,1325,1,2,7,1,6,111,4884910,239473,750,4,2,4,0,1,1,0,150,1,0,1,0,0
201600053250,16,11,4,940,1,2,2,2,7,111,4886460,237798,750,4,2,0,0,2,1,0,140,2,0,1,0,0
201600053251,16,11,4,1315,1,2,1,2,6,111,4886160,236759,750,4,1,0,1,1,1,0,60,2,0,5,0,0
201600053252,16,11,4,1850,5,2,2,2,6,111,4886380,237010,750,4,1,1,0,1,1,0,60,2,0,0,0,0
201600053253,16,11,8,1435,1,2,3,8,7,111,4886650,236813,750,4,1,1,0,1,1,0,25,2,0,0,0,0
201600053254,16,11,8,1820,5,2,2,1,6,111,4885580,239130,750,4,2,2,0,2,1,0,60,1,0,0,0,0
201600053255,16,11,8,2000,5,2,1,1,6,111,4885540,238411,750,4,2,2,0,1,0,0,200,1,0,1,0,0
201600053256,16,11,10,305,5,2,3,2,6,111,4885740,238081,750,4,1,1,0,1,3,0,0,2,0,1,0,0
201600053257,16,11,10,1925,5,2,3,3,6,111,4886320,238559,750,4,2,2,0,2,1,0,150,2,0,1,0,0
201600053258,16,11,12,415,5,2,2,1,3,111,4885470,238535,750,4,2,2,0,1,1,0,80,1,0,1,99,0
201600053259,16,11,12,2250,5,2,3,2,7,111,4885520,237374,750,4,1,1,0,1,1,0,50,2,0,1,0,0
201600053260,16,11,14,825,1,2,1,8,3,111,4886550,237345,750,4,2,0,0,2,1,0,150,1,0,1,0,0
201600053261,16,11,14,940,1,2,2,1,3,111,4885980,238870,750,4,2,2,0,1,1,10,100,1,0,1,99,0
201600053262,16,11,14,1255,1,2,1,1,3,111,4885180,237638,750,4,2,2,0,1,1,0,100,1,0,1,99,0
201600053263,16,11,16,1935,5,2,3,8,2,111,4886560,236705,750,4,2,2,0,0,0,0,0,0,0,1,0,0
201600053264,16,11,19,320,3,2,2,1,3,112,4885010,238430,750,4,2,0,0,1,1,0,0,1,0,1,0,0
201600053265,16,11,19,2045,5,2,3,1,3,111,4885340,238823,750,4,0,0,0,1,1,0,0,1,0,0,0,0
201600053266,16,11,19,2120,5,2,1,1,6,111,4885560,238087,750,4,1,1,0,1,1,0,70,1,0,1,3,0
201600053267,16,11,21,1915,5,2,1,1,2,111,4885500,237316,750,4,1,1,0,1,1,0,35,1,0,1,99,0
201600053268,16,11,23,1420,1,2,3,1,3,111,4886590,237143,750,4,2,2,0,2,1,0,120,2,0,1,0,0
201600053269,16,11,25,220,5,2,1,8,6,111,4885800,239079,750,4,1,0,0,1,1,0,0,1,0,1,99,0
201600053270,16,11,25,2227,5,2,1,1,3,111,4886640,236571,750,4,2,1,0,1,1,0,100,1,0,1,99,0
201600053271,16,11,28,1140,1,2,1,1,3,111,4886410,236946,750,4,2,2,0,0,0,0,0,0,0,1,0,0
201600053272,16,11,29,1550,1,2,1,1,3,111,4885420,238620,750,4,2,2,0,1,1,0,120,1,0,1,99,0
201600053273,16,12,1,1853,5,2,1,1,6,111,4885300,237082,750,4,2,3,3,1,1,0,80,1,0,1,99,0
201600053274,16,12,1,2355,5,2,1,1,3,111,4886600,237702,750,4,1,1,0,1,1,0,40,1,0,1,99,0
201600053275,16,12,4,1400,1,2,4,1,3,111,4884880,239297,750,4,1,1,0,1,1,0,100,1,0,1,0,0
201600053276,16,12,5,2205,5,2,2,1,6,111,4885830,238979,750,4,1,1,0,1,1,0,80,1,0,1,0,0
201600053277,16,12,6,1205,1,2,5,1,6,111,4886310,237131,750,4,2,1,0,1,1,0,180,1,0,1,0,0
201600053278,16,12,6,1200,1,2,1,1,3,111,4885210,238345,750,4,2,2,0,1,1,0,100,1,0,1,0,0
201600053279,16,12,7,1400,1,2,1,1,6,111,4885710,238350,750,4,1,1,0,2,1,0,30,1,0,1,0,0
201600053280,16,12,9,1845,5,2,1,1,6,111,4885700,237944,750,4,2,4,0,1,1,0,100,2,0,1,0,0
201600053281,16,12,13,850,1,2,2,2,3,111,4886690,237332,750,4,2,2,0,2,1,0,150,2,5,1,0,0
201600053282,16,12,16,2330,5,2,1,1,6,111,4885350,237047,750,4,1,0,0,1,0,0,0,1,0,1,99,0
201600053283,16,12,16,1750,5,2,2,1,3,111,4886480,236834,750,4,2,2,0,1,1,0,100,1,0,1,99,0
201600053284,16,12,17,700,5,2,1,1,6,111,4886130,237765,750,4,2,1,0,1,1,70,70,1,0,1,0,0
201600053285,16,12,21,1145,1,2,2,1,6,111,4886460,237798,750,4,1,1,1,1,1,0,60,1,0,1,0,0
201600053286,16,12,21,2020,5,2,1,2,6,111,4885140,237559,750,4,2,2,3,1,1,0,110,2,0,1,0,0
201600053287,16,12,22,1810,5,2,3,1,6,111,4885550,238964,750,4,2,2,0,1,1,0,0,1,0,1,0,0
201600053288,16,12,13,300,5,2,3,1,6,111,4886560,238416,750,4,1,1,0,1,1,0,0,1,0,1,0,0
201600053289,16,12,23,1350,1,2,4,1,7,111,4885740,238081,750,4,2,2,0,1,1,0,150,1,0,1,0,0
201600053290,16,12,23,1704,2,2,1,1,3,111,4885260,237150,750,4,2,2,0,1,0,0,0,1,0,1,0,0
201600053291,16,12,24,950,1,2,1,1,6,118,4890030,235905,750,4,1,2,0,0,0,0,0,0,0,3,0,0
201600053292,16,12,25,1430,1,2,1,1,2,111,4885890,237966,750,4,2,2,0,1,1,0,100,1,0,1,99,0
201600053293,16,12,27,1955,5,2,1,1,2,111,4885500,238207,750,4,1,1,0,1,1,0,50,1,0,1,99,0
201600053294,16,1,2,230,5,2,1,2,6,112,4884370,236998,750,4,3,3,0,2,3,0,0,2,0,1,0,0
201600053295,16,1,1,1221,1,2,2,1,6,112,4884320,237027,750,4,1,1,0,1,1,0,60,1,0,1,99,0
201600053296,16,1,3,1640,2,2,3,3,6,112,4883880,240103,750,4,1,1,0,0,0,0,0,0,0,0,0,0
201600053297,16,1,3,2220,5,2,1,1,3,112,4885280,237109,750,4,2,2,0,0,0,0,0,0,0,1,0,0
201600053298,16,12,21,1940,5,2,1,2,2,112,4884200,238621,750,4,2,1,0,1,1,0,70,2,0,1,0,0
201600053299,16,1,4,1500,1,2,5,1,3,112,4884650,241361,750,4,1,1,0,1,1,0,50,1,0,1,99,0
201600053300,16,1,5,1520,1,2,1,1,3,112,4884390,237319,750,4,2,4,3,1,1,0,120,1,0,1,99,0
201600053301,16,1,6,1545,1,2,3,8,6,112,4884940,238947,750,4,1,1,0,1,1,0,0,2,0,0,0,0
201600053302,16,1,7,2346,5,2,2,1,3,112,4884580,236760,750,4,2,6,3,2,1,0,0,1,0,1,0,0
201600053303,16,1,9,855,1,2,5,1,3,112,4883180,239765,750,4,2,4,0,1,1,0,0,1,5,1,99,0
201600053304,16,1,10,2025,5,2,4,8,6,112,4884180,238672,750,4,2,2,0,1,1,0,0,2,0,1,0,0
201600053305,16,1,11,1130,1,2,1,2,6,112,4884480,238354,750,4,1,1,0,1,1,0,50,2,0,1,99,0
201600053306,16,1,11,1240,1,2,4,2,6,112,4884810,236759,750,4,1,2,0,1,1,0,50,2,6,4,99,0
201600053307,16,1,10,2125,5,2,2,1,3,112,4884110,238899,750,4,0,2,0,2,1,0,100,2,0,1,3,0
201600053308,16,1,12,1235,1,2,1,1,6,112,4885180,237396,750,4,2,2,0,1,1,0,80,1,0,1,99,0
201600053309,16,1,12,1630,1,2,2,1,6,112,4885130,237612,750,4,2,2,0,1,1,0,0,1,0,1,0,0
201600053310,16,1,14,1630,5,2,2,1,2,112,4884570,237241,750,4,1,2,2,1,1,0,80,2,0,1,99,0
201600053311,16,1,14,1845,5,2,2,2,6,112,4885130,237612,750,4,2,4,0,1,1,0,120,2,5,1,0,0
201600053312,16,1,14,2205,5,2,1,1,6,112,4883570,240216,750,4,0,2,3,1,1,0,0,2,6,4,0,0
201600053313,16,1,17,115,5,2,5,1,6,112,4884430,238153,750,4,2,2,1,1,1,0,0,1,0,1,0,0
201600053314,16,1,17,2000,5,2,7,1,7,112,4884040,237898,750,4,2,2,0,1,1,0,60,1,0,1,0,0
201600053315,16,1,19,1840,5,2,2,1,2,112,4884800,239283,750,4,2,2,0,1,1,0,60,1,0,1,99,0
201600053316,16,1,19,2000,5,2,1,1,2,112,4884690,240921,750,4,1,1,0,1,1,0,30,1,0,1,99,0
201600053317,16,1,20,1136,1,2,1,1,2,112,4884570,240149,750,4,1,1,1,1,1,0,100,1,0,1,99,0
201600053318,16,1,19,2156,5,2,7,1,7,112,4885260,236962,750,4,1,3,0,1,1,0,90,1,5,1,0,0
201600053319,16,1,21,615,5,2,1,1,3,112,4884550,238867,750,4,2,2,0,2,1,0,50,1,0,1,3,0
201600053320,16,1,21,1630,2,2,1,1,6,112,4883790,240826,750,4,1,2,0,1,1,0,50,1,0,1,3,0
201600053321,16,1,23,1555,1,2,1,8,3,112,4883960,239810,750,4,2,3,0,1,1,0,0,2,0,1,0,0
201600053322,16,1,23,2000,5,2,1,1,6,112,4884180,237278,750,4,1,4,0,1,1,0,120,1,0,1,0,0
201600053323,16,1,25,900,1,2,7,1,6,112,4884000,239522,750,4,3,2,0,1,1,15,120,1,5,1,99,0
201600053324,16,1,25,1530,1,2,1,1,6,112,4884870,239357,750,4,2,2,0,1,1,0,80,1,0,1,99,0
201600053325,16,1,26,1415,1,2,5,1,3,112,4885010,238430,750,4,2,2,0,2,1,0,100,1,0,1,99,0
201600053326,16,1,27,1640,2,2,1,8,6,112,4884070,240708,750,4,1,1,0,1,1,0,70,1,0,1,99,0
201600053327,16,1,28,830,1,2,1,1,7,112,4883180,241631,750,4,0,0,0,0,0,0,0,0,0,0,0,0
201600053328,16,1,30,1430,1,2,1,3,6,112,4883360,240269,750,4,1,2,0,1,1,100,50,2,0,1,99,0
201600053329,16,1,31,2000,5,2,1,1,3,112,4884970,238484,750,4,2,2,0,1,1,0,60,2,0,1,99,0
201600053330,16,2,1,745,1,2,1,1,3,112,4884280,237168,750,4,1,1,0,1,1,0,45,1,0,1,0,0
201600053331,16,2,2,1545,1,2,1,2,2,112,4883040,240222,750,4,1,3,0,1,1,0,0,2,0,1,0,0
201600053332,16,2,2,2035,1,2,1,1,6,112,4883820,239011,750,4,2,3,0,2,1,0,100,1,0,1,99,0
201600053333,16,2,3,2235,5,2,5,1,6,112,4885010,238430,750,4,2,3,0,0,0,0,120,2,0,0,0,0
201600053334,16,2,4,1405,1,2,3,1,6,112,4884430,240891,750,4,1,1,0,1,1,0,32,1,4,1,0,0
201600053335,16,2,4,1640,1,2,4,2,2,112,4884640,241497,750,4,1,4,0,1,2,0,180,1,5,1,0,0
201600053336,16,2,7,1325,1,2,4,1,3,112,4881970,243646,750,4,2,2,0,1,1,0,60,1,0,1,99,0
201600053337,16,2,8,1040,1,2,3,1,6,112,4884000,238230,750,4,2,0,0,1,1,0,60,1,1,1,0,0
201600053338,16,2,8,1945,5,2,1,1,2,112,4883960,239835,750,4,2,3,0,1,1,0,90,2,0,1,99,0
201600053339,16,2,9,950,1,2,1,2,2,112,4883120,244896,750,4,2,2,0,1,1,0,80,2,0,1,0,0
201600053340,16,2,9,1500,1,2,7,2,6,112,4885260,236962,750,4,2,6,0,2,1,20,80,2,0,1,99,0
201600053341,16,2,11,1146,1,2,4,1,3,112,4883940,239441,750,4,2,0,0,1,2,0,0,1,0,1,0,0
201600053342,16,2,12,720,4,2,1,2,6,112,4882890,241969,750,4,2,4,0,1,1,0,100,2,0,1,99,0
201600053343,16,2,13,20,5,2,7,1,3,112,4884730,239572,750,4,2,0,0,1,1,0,0,2,0,1,99,0
201600053344,16,2,15,800,1,2,1,1,6,112,4883900,242848,750,4,2,2,0,1,1,0,100,1,0,1,0,0
201600053345,16,2,14,2030,5,2,2,2,3,112,4884800,237141,750,4,1,3,3,1,1,0,0,2,0,1,3,0
201600053346,16,2,15,2235,5,2,2,1,6,112,4883830,238875,750,4,1,1,0,1,0,0,0,1,0,4,0,0
201600053347,16,2,16,850,1,2,3,1,2,112,4884640,240004,750,4,0,2,1,1,1,0,20,1,0,5,0,0
201600053348,16,2,17,830,1,2,7,1,3,112,4883550,240668,750,4,1,2,0,1,1,0,0,1,0,1,0,0
201600053349,16,2,19,1955,5,2,1,1,6,112,4884750,240242,750,4,1,1,0,1,1,0,82,1,0,1,99,0
201600053350,16,2,20,240,5,2,2,2,1,112,4884580,236760,750,4,3,6,3,1,2,0,180,2,2,1,99,0
201600053351,16,2,20,1550,1,2,5,1,6,112,4884550,237124,750,4,1,1,0,2,1,0,0,1,0,1,0,0
201600053352,16,2,21,35,5,2,2,1,3,112,4884550,237124,750,4,2,2,0,1,1,0,100,1,0,1,0,0
201600053353,16,2,20,2155,5,2,7,1,2,112,4883550,240668,750,4,1,3,0,2,3,0,0,1,0,1,99,0
201600053354,16,2,22,1450,1,2,2,1,6,112,4884650,237929,750,4,2,3,3,1,1,0,100,1,0,1,99,0
201600053355,16,2,22,1835,5,2,2,2,3,112,4883740,239117,750,4,2,3,3,1,1,0,65,2,0,1,99,0
201600053356,16,2,23,840,1,2,7,2,7,112,4884480,238298,750,4,0,1,0,1,0,0,60,8,0,0,0,0
201600053357,16,2,25,1625,1,2,1,1,6,112,4883200,238864,750,4,1,2,3,1,1,40,80,1,0,1,99,0
201600053358,16,2,26,1225,1,2,3,1,3,112,4885140,236986,750,4,2,2,0,1,1,0,120,1,0,1,99,0
201600053359,16,2,26,1350,1,2,7,1,3,112,4884750,239672,750,4,2,4,0,1,1,0,120,1,0,1,0,0
201600053360,16,2,28,1345,1,2,7,1,3,112,4885260,236962,750,4,1,3,0,1,2,0,150,1,0,1,99,0
201600053361,16,2,29,120,5,2,7,1,6,112,4883480,240796,750,4,1,2,0,1,2,0,0,1,0,1,0,0
201600053362,16,3,1,1230,1,2,2,1,6,112,4884270,239747,750,4,2,2,0,1,1,0,60,1,0,1,3,0
201600053363,16,3,1,1515,1,2,5,2,7,112,4884700,241119,750,4,1,2,0,1,1,0,0,2,0,1,0,0
201600053364,16,3,4,2050,5,2,2,2,6,112,4884700,238376,750,4,2,2,0,1,1,0,50,2,0,1,0,0
201600053365,16,3,5,1930,5,2,1,1,6,112,4883700,244095,750,4,2,2,0,1,1,0,0,1,0,1,99,0
201600053366,16,3,6,1350,1,2,7,1,3,112,4885260,236962,750,4,1,4,0,1,2,10,110,1,0,1,99,0
201600053367,16,3,7,1000,1,2,1,1,7,112,4884950,236826,750,4,1,2,0,1,1,0,50,2,0,1,99,0
201600053368,16,3,9,1215,1,2,3,2,7,112,4884330,240537,750,4,2,3,3,2,1,0,120,8,0,1,3,0
201600053369,16,3,9,1520,1,2,4,1,3,112,4882810,239020,750,4,2,0,0,1,1,0,200,1,0,1,0,0
201600053370,16,3,9,1615,1,2,1,1,3,112,4884510,240096,750,4,2,2,0,0,0,0,0,0,0,1,0,0
201600053371,16,3,9,1900,2,2,1,1,6,112,4884870,238868,750,4,1,1,0,1,1,0,0,1,0,1,99,0
201600053372,16,3,10,2235,5,2,2,1,3,112,4883180,239765,750,4,2,4,0,1,1,0,0,1,0,1,99,0
201600053373,16,3,11,2135,5,2,1,1,7,112,4881920,243827,750,4,2,2,0,1,1,0,60,1,0,1,99,0
201600053374,16,3,12,2135,5,2,1,1,6,112,4885020,238357,750,4,2,2,0,1,1,0,120,1,0,1,99,0
201600053375,16,3,13,2240,5,2,2,1,6,112,4885130,237612,750,4,2,4,0,1,0,0,0,1,0,1,0,0
201600053376,16,3,14,1700,1,2,7,1,3,112,4884800,239734,750,4,1,4,0,0,0,0,0,0,0,1,0,0
201600053377,16,3,15,815,1,2,3,1,2,112,4883630,238501,750,4,1,1,0,1,1,0,0,1,0,1,0,0
201600053378,16,3,20,1740,1,2,2,1,6,112,4884700,241119,750,4,2,2,0,1,1,0,70,1,0,1,99,0
201600053379,16,3,21,1810,1,2,1,1,3,112,4883400,239436,750,4,2,3,0,1,1,0,0,1,0,1,3,0
201600053380,16,3,22,1445,1,2,2,1,3,112,4884090,240468,750,4,2,2,0,1,1,0,80,1,0,1,99,0
201600053381,16,3,22,1900,2,2,3,1,2,112,4884370,238815,750,4,1,1,0,1,1,0,50,1,0,1,0,0
201600053382,16,3,23,615,2,2,1,1,6,112,4884110,237423,750,4,2,2,0,1,1,0,40,1,0,1,0,0
201600053383,16,3,24,1050,1,2,7,1,6,112,4884790,239636,750,4,2,2,0,1,1,0,60,1,0,1,0,0
201600053384,16,3,24,1815,2,2,1,1,6,112,4885040,236869,750,4,1,2,0,1,1,0,80,1,0,1,99,0
201600053385,16,3,25,2000,5,2,1,1,4,112,4884820,237341,750,4,1,3,0,1,1,0,115,1,0,1,3,0
201600053386,16,3,27,1415,1,2,7,1,2,112,4884780,239906,750,4,2,6,0,1,1,0,200,1,0,1,0,0
201600053387,16,3,28,1,5,2,5,1,3,112,4884730,237529,750,4,1,2,0,1,1,0,0,1,0,1,0,0
201600053388,16,3,28,1000,1,2,1,2,3,111,4885220,237247,750,4,2,3,0,1,1,0,0,2,0,1,99,0
201600053389,16,3,29,1330,1,2,3,1,6,112,4885140,236986,750,4,2,3,0,1,1,0,80,1,0,0,99,0
201600053390,16,3,29,1835,1,2,1,1,3,112,4884740,238120,750,4,2,2,0,1,1,0,120,2,0,1,0,0
201600053391,16,3,30,1430,1,2,1,2,7,112,4884900,236800,750,4,1,2,0,1,1,0,50,2,0,1,99,0
201600053392,16,3,30,2155,1,2,2,2,7,112,4884700,241119,750,4,3,3,0,1,3,0,100,2,0,1,99,0
201600053393,16,3,31,1930,1,2,1,2,2,112,4885020,236860,750,4,1,3,0,1,1,0,80,2,0,1,99,0
201600053394,16,4,1,1020,1,2,1,1,3,112,4884490,240343,750,4,2,2,0,1,1,0,60,1,0,1,99,0
201600053395,16,4,1,1745,1,2,7,1,3,112,4884730,239881,750,4,2,1,0,1,2,0,80,1,0,1,0,0
201600053396,16,4,4,1750,1,2,3,1,6,112,4883650,240405,750,4,2,2,0,1,1,0,0,1,0,1,99,0
201600053397,16,4,5,1150,1,2,1,1,6,112,4884710,239964,750,4,1,1,0,1,1,0,30,1,6,1,99,0
201600053398,16,4,5,1700,1,2,1,7,6,112,4883940,239456,750,4,2,2,0,1,1,0,60,1,0,1,0,0
201600053399,16,4,5,1555,1,2,1,1,4,112,4884470,240719,750,4,2,2,0,2,1,0,0,1,0,1,99,0
201600053400,16,4,6,930,1,2,1,1,6,112,4883210,238456,750,4,1,4,0,1,1,0,160,1,0,1,0,0
201600053401,16,4,6,2130,5,2,2,1,3,112,4884800,237141,750,4,1,2,0,0,0,0,0,0,0,1,0,0
201600053402,16,4,7,1930,1,2,1,1,6,112,4884910,237546,750,4,1,1,1,1,1,0,35,1,0,5,99,0
201600053403,16,4,8,436,5,2,1,1,6,112,4884350,237023,750,4,1,3,0,1,1,0,90,1,1,4,99,0
201600053404,16,4,8,1945,2,2,2,1,3,112,4884800,237141,750,4,1,3,0,1,1,0,0,1,0,1,0,0
201600053405,16,4,9,1250,1,2,7,1,3,112,4884020,243645,750,4,1,5,0,1,2,0,0,1,0,1,0,0
201600053406,16,4,9,1800,1,2,1,3,3,112,4883660,238375,750,4,1,2,0,1,1,0,60,2,0,1,3,0
201600053407,16,4,11,2315,5,2,2,2,3,112,4884870,237253,750,4,2,3,0,1,1,0,0,2,0,1,0,0
201600053408,16,4,13,830,1,2,1,1,4,112,4884320,237059,750,4,1,3,0,1,1,0,90,2,1,1,0,0
201600053409,16,4,14,1645,1,2,1,1,3,112,4884230,237600,750,4,2,4,3,1,1,0,120,1,0,1,3,0
201600053410,16,4,14,1950,1,2,3,2,6,112,4884710,238501,750,4,2,0,3,1,1,0,0,2,0,1,0,0
201600053411,16,4,14,1315,1,2,1,1,3,112,4883510,240597,750,4,1,2,0,1,1,0,60,1,0,1,0,0
201600053412,16,4,15,1350,1,2,1,1,3,112,4883600,240520,750,4,2,2,0,1,1,0,0,1,0,1,0,0
201600053413,16,4,15,2300,5,2,1,1,6,112,4884500,236617,750,4,2,5,0,1,1,0,0,1,2,1,0,0
201600053414,16,4,16,5,5,2,7,1,3,112,4884020,243645,750,4,4,4,0,1,0,0,0,1,5,1,99,0
201600053415,16,4,16,1610,1,2,1,1,6,112,4883450,242013,750,4,2,2,0,1,1,0,0,1,0,1,0,0
201600053416,16,4,17,235,5,2,1,1,6,112,4884250,238533,750,4,2,3,0,1,1,10,105,1,0,1,99,0
201600053417,16,4,18,1130,1,2,1,1,6,112,4884340,238741,750,4,1,1,0,2,1,0,20,1,0,1,99,0
201600053418,16,4,19,1045,1,2,2,1,3,112,4882420,242275,750,4,2,2,0,1,1,0,60,1,0,1,0,0
201600053419,16,4,20,1050,1,2,7,1,6,112,4884580,236760,750,4,2,3,1,1,1,0,0,1,0,5,0,0
201600053420,16,4,20,1235,1,2,1,1,2,112,4883460,239354,750,4,2,2,0,2,1,0,80,1,0,1,0,0
201600053421,16,4,21,1440,1,2,1,1,6,112,4883910,239597,750,4,1,1,1,2,1,0,0,1,0,1,99,0
201600053422,16,4,25,810,1,2,1,1,4,112,4884190,237262,750,4,1,4,0,1,1,0,140,1,0,1,99,0
201600053423,16,4,26,915,1,2,2,8,7,112,4884340,237071,750,4,1,1,0,1,1,0,0,1,0,1,99,0
201600053424,16,4,28,740,1,2,4,1,3,112,4882840,238825,750,4,3,3,0,1,1,10,90,0,1,1,99,0
201600053425,16,4,28,1720,1,2,1,1,6,112,4885110,237681,750,4,2,3,3,1,1,0,0,1,0,1,0,0
201600053426,16,4,30,700,1,2,1,2,4,112,4884160,241355,750,4,2,0,0,1,1,10,150,2,0,1,99,0
201600053427,16,5,1,1140,1,2,1,1,3,112,4882890,241969,750,4,2,2,0,1,1,0,80,1,0,1,99,0
201600053428,16,5,3,900,1,2,2,1,7,112,4884070,240919,750,4,2,2,0,0,0,0,0,0,0,0,0,0
201600053429,16,5,5,300,5,2,7,1,6,112,4885320,237022,750,4,2,7,0,1,3,0,0,1,0,1,0,0
201600053430,16,5,5,1045,1,2,1,1,6,112,4883870,246136,750,4,2,2,0,1,1,0,60,1,0,1,99,0
201600053431,16,5,5,1945,1,2,2,1,3,112,4884680,238170,750,4,2,2,0,1,1,0,80,1,0,1,99,0
201600053432,16,5,7,1230,1,2,1,1,2,112,4884630,236581,750,4,1,5,0,2,1,0,150,1,0,0,99,0
201600053433,16,5,8,900,1,2,1,1,6,112,4883370,241238,750,4,2,0,0,1,1,0,60,1,0,1,99,0
201600053434,16,5,8,2220,5,2,1,1,6,112,4883620,237883,750,4,3,6,0,2,1,30,120,1,1,1,99,0
201600053435,16,5,9,2335,5,2,7,2,6,112,4883960,239689,750,4,0,0,0,1,0,0,0,2,0,5,0,0
201600053436,16,5,10,740,1,2,7,8,3,112,4883480,240796,750,4,2,3,0,2,1,0,100,2,0,1,99,0
201600053437,16,5,10,950,1,2,3,1,3,112,4881900,246282,750,4,2,3,0,2,1,10,90,2,5,1,3,0
201600053438,16,5,10,2125,5,2,5,2,6,112,4884470,236914,750,4,1,3,0,1,1,0,110,2,0,1,0,0
201600053439,16,5,11,1200,1,2,1,1,2,112,4883650,244159,750,4,2,2,0,1,1,0,60,1,0,1,0,0
201600053440,16,5,11,1645,1,2,1,2,6,112,4884570,238845,750,4,2,2,0,1,1,0,60,2,0,1,3,0
201600053441,16,5,13,1618,1,2,2,1,3,112,4884870,237253,750,4,1,3,0,1,1,0,140,2,0,1,0,0
201600053442,16,5,14,1840,1,2,1,1,6,112,4883570,237938,750,4,1,3,0,1,1,0,100,1,0,1,0,0
201600053443,16,5,15,1700,1,2,2,1,6,112,4884740,238675,750,4,2,2,0,1,1,0,0,1,0,1,0,0
201600053444,16,5,15,1715,1,2,2,1,3,112,4883740,239117,750,4,2,2,0,1,1,0,0,1,0,1,0,0
201600053445,16,5,15,1940,1,2,3,1,6,112,4884780,239057,750,4,1,1,0,2,1,0,30,1,0,1,3,0
201600053446,16,5,16,1755,1,2,7,1,3,112,4884020,243645,750,4,2,8,0,1,1,100,240,1,5,1,99,0
201600053447,16,5,17,1200,1,2,2,1,6,112,4884720,240618,750,4,2,2,0,0,0,0,0,0,0,0,0,0
201600053448,16,5,19,1730,1,2,3,1,3,112,4882940,239032,750,4,2,5,0,1,1,0,200,1,3,1,99,0
201600053449,16,5,21,1230,1,2,2,1,3,112,4884680,238170,750,4,2,2,3,1,1,0,0,1,5,1,99,0
201600053450,16,5,21,2200,5,2,2,2,3,112,4884340,237071,750,4,1,6,0,1,1,0,240,2,0,1,0,0
201600053451,16,5,21,2300,5,2,1,1,2,112,4883830,237618,750,4,3,3,0,2,1,0,90,1,1,1,99,0