Num_Acc,an,mois,jour,hrmn,lum,agg,int,atm,col,com,lat,long,dep,catr,circ,nbv,vosp,prof,plan,lartpc,larrout,surf,infra,situ,env1,killed
201600053452,16,5,22,1815,1,2,1,2,2,112,4883410,242030,750,4,2,2,0,1,1,0,80,2,0,1,0,0
201600053453,16,5,23,1030,1,2,1,3,4,112,4883820,237493,750,4,1,3,0,1,1,0,90,2,2,1,99,0
201600053454,16,5,23,1715,1,2,1,1,3,112,4883620,239239,750,4,1,0,0,1,1,0,30,2,0,1,0,0
201600053455,16,5,25,348,5,2,2,1,3,112,4884690,236940,750,4,1,2,0,1,1,0,60,1,0,1,99,0
201600053456,16,5,25,1800,1,2,3,1,3,112,4884640,240004,750,4,1,1,0,1,1,0,35,1,0,1,0,0
201600053457,16,5,26,2015,2,2,2,1,3,112,4883490,240553,750,4,1,2,0,1,1,0,58,1,0,1,99,0
201600053458,16,5,27,1320,1,2,3,1,6,112,4884470,240535,750,4,1,1,0,1,1,0,0,1,0,1,0,0
201600053459,16,5,28,733,1,2,7,1,3,112,4884000,239522,750,4,1,2,0,1,2,0,250,1,0,1,99,0
201600053460,16,5,28,1235,1,2,4,1,2,112,4882960,238693,750,4,2,7,0,1,1,10,200,1,0,1,99,0
201600053461,16,5,28,1735,1,2,9,8,7,112,4883180,239765,750,4,2,2,3,1,1,0,70,1,5,1,3,0
201600053462,16,5,28,1755,1,2,1,8,6,112,4884210,240499,750,4,2,2,0,1,1,0,60,1,0,1,3,0
201600053463,16,5,29,320,5,2,4,1,6,112,4884410,236889,750,4,1,2,0,1,1,0,60,1,0,1,0,0
201600053464,16,5,30,820,1,2,1,3,7,112,4884360,237053,750,4,3,1,2,1,1,20,30,2,0,5,0,0
201600053465,16,5,30,840,1,2,1,2,7,112,4884300,238927,750,4,2,2,0,1,1,0,50,2,0,1,0,0
201600053466,16,5,31,920,1,2,7,3,6,112,4883920,239668,750,4,2,5,0,1,1,60,220,2,0,1,99,0
201600053467,16,5,31,1730,1,2,3,2,6,112,4884770,237708,750,4,1,1,0,1,1,0,40,2,0,1,3,0
201600053468,16,6,1,1940,1,2,4,2,3,112,4883900,240861,750,4,2,4,0,2,1,60,120,2,5,1,3,0
201600053469,16,6,4,100,5,2,7,1,6,112,4884570,237241,750,4,1,0,0,2,2,0,120,1,0,1,0,0
201600053470,16,6,4,2045,2,2,3,1,3,112,4884330,239130,750,4,2,2,0,1,1,0,0,1,0,1,0,0
201600053471,16,6,6,1400,1,2,1,1,3,112,4883910,239052,750,4,2,4,0,2,1,0,120,1,0,1,99,0
201600053472,16,6,7,830,1,2,2,6,6,112,4883530,238537,750,4,2,2,0,1,1,0,0,1,0,1,0,0
201600053473,16,6,7,1815,1,2,1,1,3,110,4887320,235639,750,4,1,3,3,1,1,10,120,1,0,1,0,0
201600053474,16,6,7,2000,1,2,4,1,3,112,4884430,244043,750,4,2,4,0,1,1,0,120,1,0,1,0,0
201600053475,16,6,7,2320,5,2,4,1,3,112,4882650,239046,750,4,1,3,0,2,2,0,120,1,3,1,0,0
201600053476,16,6,8,1305,1,2,2,1,3,112,4883340,240217,750,4,1,0,0,0,0,0,0,0,0,0,0,0
201600053477,16,6,10,1200,1,2,1,1,6,112,4883910,239409,750,4,2,3,3,2,1,0,0,1,0,1,99,0
201600053478,16,6,11,1720,1,2,2,1,3,112,4884580,236760,750,4,2,3,0,1,1,10,150,1,2,1,99,0
201600053479,16,6,12,355,5,2,1,1,6,112,4884630,236580,750,4,1,0,0,1,2,0,160,0,3,1,99,0
201600053480,16,6,13,1635,1,2,1,1,2,120,4884740,241049,750,4,2,6,0,1,1,0,240,1,0,1,3,0
201600053481,16,6,15,210,5,2,1,1,6,112,4884400,237294,750,4,2,4,3,1,1,0,120,2,0,0,3,0
201600053482,16,6,15,840,1,2,2,1,2,112,4883530,239275,750,4,2,2,0,2,1,0,60,2,0,1,3,0
201600053483,16,6,15,1240,1,2,1,1,2,111,4885590,238338,750,4,2,2,0,1,1,0,120,1,0,1,0,0
201600053484,16,6,15,1630,1,2,1,1,6,112,4884510,239219,750,4,2,2,0,1,1,0,50,1,0,1,0,0
201600053485,16,6,15,1930,1,2,1,1,3,112,4884440,238395,750,4,1,1,0,1,1,0,30,1,0,1,0,0
201600053486,16,6,15,2050,2,2,2,1,6,112,4884760,238907,750,4,2,2,0,1,1,0,0,1,0,1,0,0
201600053487,16,6,16,1405,1,2,3,1,2,112,4884770,237708,750,4,1,1,0,1,1,0,0,1,0,1,99,0
201600053488,16,6,16,1915,1,2,2,1,3,112,4883900,238921,750,4,2,2,1,2,1,0,0,1,0,1,99,0
201600053489,16,6,16,2205,5,2,2,2,3,112,4884780,239906,750,4,2,1,2,1,1,0,150,2,0,1,99,0
201600053490,16,6,17,1130,1,2,4,1,2,112,4884390,236974,750,4,1,3,0,2,1,0,100,1,0,1,3,0
201600053491,16,6,17,1625,1,2,1,1,3,112,4884760,237066,750,4,1,2,1,1,1,0,80,1,0,1,99,0
201600053492,16,6,17,2300,5,2,5,1,3,112,4884470,240572,750,4,2,2,0,2,1,0,100,1,0,1,0,0
201600053493,16,6,18,1245,1,2,1,1,2,112,4884550,240145,750,4,1,1,0,1,1,0,60,1,0,1,0,0
201600053494,16,6,19,110,5,2,2,1,3,112,4884800,237141,750,4,1,3,3,1,1,0,100,1,0,1,0,0
201600053495,16,6,20,1130,1,2,2,2,6,112,4885160,237480,750,4,2,3,0,1,1,0,75,2,0,1,0,0
201600053496,16,6,22,435,5,2,1,1,6,112,4884350,237023,750,4,2,6,0,2,3,15,180,1,1,1,99,0
201600053497,16,6,23,1120,1,2,1,1,3,112,4883610,240496,750,4,2,2,2,1,1,0,60,1,0,1,0,0
201600053498,16,6,23,1320,1,2,2,1,6,112,4884630,237745,750,4,2,2,0,1,1,0,80,1,6,1,0,0
201600053499,16,6,23,1635,1,2,2,1,6,112,4884410,241174,750,4,2,4,0,1,1,0,60,1,0,1,3,0
201600053500,16,6,23,1920,1,2,1,1,6,112,4884640,239212,750,4,1,1,0,2,1,0,40,1,0,4,3,0
201600053501,16,6,24,1230,1,2,2,1,3,112,4883170,239790,750,4,2,4,3,1,1,160,160,1,0,1,0,0
201600053502,16,6,24,1515,1,2,7,1,7,112,4884020,243645,750,4,1,7,0,1,2,40,100,1,0,1,99,0
201600053503,16,6,24,1955,1,2,1,1,3,112,4884480,240386,750,4,2,2,0,1,1,0,60,1,0,1,99,0
201600053504,16,6,25,100,5,2,1,1,6,112,4883920,238903,750,4,2,2,0,1,1,0,100,1,0,0,0,0
201600053505,16,6,26,1825,1,2,1,1,2,112,4884280,237111,750,4,1,3,0,2,1,0,90,1,1,1,99,0
201600053506,16,6,27,1850,1,2,7,1,3,111,4885350,236952,750,4,1,2,1,1,1,0,30,1,0,1,0,0
201600053507,16,6,28,1825,1,2,3,1,2,112,4883370,244510,750,4,1,1,1,1,1,0,25,1,0,1,0,0
201600053508,16,6,28,2100,2,2,7,1,3,112,4883920,239668,750,4,0,2,0,1,0,0,0,0,0,0,0,0
201600053509,16,6,29,1615,1,2,1,1,4,112,4882370,244178,750,4,2,2,1,1,1,0,90,1,0,1,99,0
201600053510,16,6,30,320,5,2,2,1,6,112,4883520,239874,750,4,1,1,0,2,1,0,40,1,0,0,0,0
201600053511,16,7,1,110,4,2,1,1,6,112,4885040,236869,750,4,1,0,0,1,1,0,80,1,0,1,99,0
201600053512,16,7,1,2205,5,2,2,2,3,112,4883180,239765,750,4,2,4,0,1,1,0,0,2,4,1,0,0
201600053513,16,7,2,2025,2,2,5,1,6,112,4883710,240219,750,4,0,0,0,0,0,0,0,0,0,0,0,0
201600053514,16,7,4,2105,1,2,3,1,3,112,4883820,240835,750,4,0,0,0,1,1,60,60,1,0,0,0,0
201600053515,16,7,5,2005,1,2,7,1,5,112,4884020,243645,750,4,1,4,0,1,2,0,120,1,0,1,99,0
201600053516,16,7,5,2230,4,2,5,1,6,112,4885130,237612,750,4,2,2,0,1,2,0,0,1,0,1,0,0
201600053517,16,7,6,1800,1,2,1,1,6,120,4884740,241014,750,4,2,6,0,1,1,0,120,1,0,1,3,0
201600053518,16,7,6,1845,1,2,1,1,3,112,4882980,241858,750,4,2,2,0,1,1,0,60,1,0,1,0,0
201600053519,16,7,8,915,1,2,5,1,3,112,4884210,244900,750,4,0,0,0,0,0,0,0,0,0,0,0,0
201600053520,16,7,8,1110,1,2,7,1,6,112,4884480,238298,750,4,0,0,0,0,0,0,0,0,0,0,0,0
201600053521,16,7,9,2010,1,2,1,1,6,112,4883520,238008,750,4,3,3,0,1,1,20,70,1,0,1,0,0
201600053522,16,7,11,335,5,2,7,1,6,112,4884480,238298,750,4,1,1,0,1,2,0,40,1,0,1,0,0
201600053523,16,7,11,1045,1,2,3,1,3,112,4885140,236986,750,4,2,4,0,1,1,0,120,1,0,1,99,0
201600053524,16,7,12,1150,1,2,7,1,4,112,4884820,239665,750,4,1,3,0,1,1,0,100,1,5,1,0,0
201600053525,16,7,16,2346,5,2,1,1,3,111,4885240,237179,750,4,2,2,0,1,1,0,70,1,0,1,0,0
201600053526,16,7,19,1330,1,2,2,1,6,112,4884870,237253,750,4,1,3,0,1,1,0,90,1,5,1,99,0
201600053527,16,7,19,1530,1,2,2,1,6,112,4884110,238899,750,4,2,2,0,2,1,0,240,1,0,1,0,0
201600053528,16,7,19,1845,1,2,1,1,6,112,4884560,239322,750,4,2,2,0,1,1,0,80,1,0,1,0,0
201600053529,16,7,22,735,1,2,7,1,6,112,4882380,245763,750,4,2,2,0,1,0,0,60,1,0,1,99,0
201600053530,16,7,25,205,5,2,3,1,6,112,4884710,238501,750,4,0,0,0,1,1,0,0,1,0,0,0,0
201600053531,16,7,26,1350,1,2,2,1,3,112,4883350,238209,750,4,4,4,0,1,1,0,0,1,5,1,99,0
201600053532,16,7,26,1850,1,2,1,1,6,112,4883680,239168,750,4,2,3,0,2,1,0,180,1,0,1,99,0
201600053533,16,7,28,840,1,2,2,1,3,112,4883740,239117,750,4,2,2,0,1,1,0,100,1,0,1,0,0
201600053534,16,7,28,1440,1,2,1,1,3,112,4884120,238840,750,4,2,4,0,1,1,20,40,1,0,1,3,0
201600053535,16,7,29,1010,1,2,3,1,6,112,4884370,241014,750,4,3,2,0,1,1,0,60,2,0,1,0,0
201600053536,16,7,29,1225,1,2,2,1,6,112,4884980,237699,750,4,0,0,0,0,0,0,0,0,0,0,0,0
201600053537,16,7,30,1145,1,2,5,1,6,112,4884430,241032,750,4,2,2,0,2,1,0,0,1,0,1,0,0
201600053538,16,7,30,1835,1,2,4,1,6,112,4882650,241972,750,4,2,2,0,1,2,0,80,1,0,1,99,0
201600053539,16,8,1,2,5,2,4,1,6,112,4883200,238393,750,4,3,8,0,1,1,0,0,1,3,1,0,0
201600053540,16,8,3,1415,1,2,3,1,6,112,4884730,237772,750,4,1,1,0,1,1,0,50,1,0,1,99,0
201600053541,16,8,3,1350,1,2,5,1,4,112,4884470,240572,750,4,2,3,0,1,1,0,0,1,0,1,99,0
201600053542,16,8,3,2005,1,2,1,1,6,112,4883230,239867,750,4,1,2,0,1,1,100,100,1,0,1,99,0
201600053543,16,8,4,930,1,2,2,1,7,112,4884730,239572,750,4,1,2,0,1,1,0,0,1,0,1,0,0
201600053544,16,8,6,1710,1,2,2,1,3,112,4884320,237027,750,4,1,2,0,0,0,0,0,0,0,1,0,0
201600053545,16,8,6,1840,1,2,5,1,3,112,4884430,241032,750,4,3,4,0,1,1,0,60,1,0,1,0,0
201600053546,16,8,7,1715,1,2,2,1,6,112,4884870,237253,750,4,1,10,3,0,0,0,0,0,0,1,0,0
201600053547,16,8,7,1930,1,2,3,1,6,112,4884770,240343,750,4,2,8,3,1,1,20,260,1,0,1,0,0
201600053548,16,8,8,855,1,2,2,1,6,112,4884660,237671,750,4,1,3,3,1,1,10,50,1,0,1,0,0
201600053549,16,8,8,1800,1,2,2,1,3,112,4884800,239283,750,4,2,2,0,1,1,0,80,1,0,1,99,0
201600053550,16,8,10,1250,1,2,1,1,2,112,4883580,239238,750,4,2,2,0,2,1,0,80,1,0,1,99,0
201600053551,16,8,10,2316,5,2,7,1,2,112,4884790,239581,750,4,1,0,0,1,2,0,240,1,0,1,99,0
201600053552,16,8,12,730,1,2,1,1,3,112,4885220,237269,750,4,0,3,0,1,1,0,0,1,0,1,99,0
201600053553,16,8,12,1020,1,2,2,1,6,112,4883910,239002,750,4,0,1,0,1,1,0,25,1,0,1,99,0
201600053554,16,8,15,2040,2,2,1,1,6,112,4882910,240959,750,4,2,2,0,1,1,0,60,1,0,1,0,0
201600053555,16,8,24,900,1,2,2,1,3,112,4884580,236760,750,4,2,3,0,0,0,0,60,0,0,1,0,0
201600053556,16,8,24,1120,1,2,1,1,7,112,4884520,237959,750,4,2,2,1,1,1,0,60,1,0,1,0,0
201600053557,16,8,24,1431,1,2,2,1,3,112,4884580,236760,750,4,1,3,1,1,1,0,0,1,5,1,99,0
201600053558,16,8,24,1910,2,2,2,1,6,112,4884580,237405,750,4,1,2,0,2,1,0,0,1,0,0,0,0
201600053559,16,8,25,515,5,2,7,1,6,112,4883550,240668,750,4,1,4,0,1,1,100,80,1,5,4,0,0
201600053560,16,8,25,1530,1,2,1,1,3,112,4884670,241195,750,4,1,4,3,1,1,0,140,1,0,1,0,0
201600053561,16,8,25,1815,1,2,2,1,5,112,4884210,244900,750,4,2,4,0,1,1,0,140,1,0,1,0,0
201600053562,16,8,27,1710,1,2,1,1,6,112,4884080,240535,750,4,1,1,0,2,1,0,60,1,0,1,0,0
201600053563,16,8,28,845,1,2,1,1,6,112,4883620,237879,750,4,0,2,0,1,1,10,60,1,0,1,0,0
201600053564,16,8,28,1835,1,2,5,1,6,112,4882770,244377,750,4,1,1,1,1,1,0,50,1,0,5,99,0
201600053565,16,8,28,2005,1,2,1,1,2,112,4884810,239335,750,4,2,2,0,1,1,0,80,1,0,1,0,0
201600053566,16,8,30,908,1,2,5,1,3,112,4884430,241032,750,4,2,1,0,1,1,0,50,1,0,1,0,0
201600053567,16,8,30,1705,1,2,2,1,3,112,4883530,239275,750,4,1,2,1,2,1,0,0,1,0,5,0,0
201600053568,16,8,30,2050,3,2,1,1,3,112,4883510,238571,750,4,1,2,0,1,1,0,0,1,0,1,0,0
201600053569,16,9,2,1715,1,2,1,1,3,112,4883220,241573,750,4,2,2,0,1,1,0,80,1,0,1,99,0
201600053570,16,9,4,310,5,2,7,1,6,112,4885260,236962,750,4,2,7,3,1,1,25,220,1,0,1,99,0
201600053571,16,9,5,1240,1,2,3,2,2,112,4884640,236685,750,4,1,5,1,1,1,30,150,2,5,1,0,0
201600053572,16,9,5,1510,1,2,1,2,4,112,4883040,240251,750,4,1,4,0,1,1,0,0,2,2,1,99,0
201600053573,16,9,6,1925,1,2,5,1,6,112,4883550,240668,750,4,3,4,0,1,1,0,0,1,0,1,99,0
201600053574,16,9,6,2330,5,2,1,1,3,112,4885240,237189,750,4,2,2,0,1,1,0,0,0,0,0,0,0
201600053575,16,9,7,1930,1,2,1,1,6,112,4884940,237840,750,4,1,1,0,1,3,0,0,1,0,1,0,0
201600053576,16,9,8,940,1,2,1,1,6,112,4883760,239086,750,4,2,2,0,2,1,0,60,1,0,1,99,0
201600053577,16,9,8,1710,1,2,3,1,6,112,4884700,240858,750,4,2,6,0,1,1,0,150,1,0,1,0,0
201600053578,16,9,9,150,5,2,1,1,6,112,4884480,240436,750,4,2,2,0,1,1,0,70,1,0,1,99,0
201600053579,16,9,9,1045,1,2,5,1,2,112,4883550,240668,750,4,0,4,3,0,1,0,80,1,5,1,0,0
201600053580,16,9,9,1940,1,2,2,1,3,112,4884870,237253,750,4,1,3,0,1,1,3,120,1,0,1,99,0
201600053581,16,9,10,30,5,2,1,1,6,112,4884710,237578,750,4,1,3,3,1,1,3,130,1,0,1,0,0
201600053582,16,9,9,2100,5,2,7,1,7,112,4884020,243645,750,4,1,4,0,1,0,0,200,1,0,1,99,0
201600053583,16,9,12,805,1,2,3,1,7,112,4883820,240835,750,4,1,2,0,1,1,0,60,1,0,1,3,0
201600053584,16,9,12,2015,5,2,3,1,2,112,4884430,241032,750,4,0,2,0,1,1,0,50,1,0,1,0,0
201600053585,16,9,13,845,1,2,5,1,6,112,4884470,240572,750,4,2,2,0,1,1,0,0,1,0,1,0,0
201600053586,16,9,13,1515,1,2,1,1,6,112,4883220,241573,750,4,2,2,0,1,1,0,40,1,0,1,99,0
201600053587,16,9,13,1927,1,2,3,1,6,112,4884000,243217,750,4,2,2,0,2,1,0,25,0,0,1,99,0
201600053588,16,9,14,800,1,2,7,1,2,112,4885260,236962,750,4,1,0,0,1,1,0,0,1,0,0,99,0
201600053589,16,9,14,1440,1,2,1,1,3,112,4883250,240361,750,4,2,2,0,2,1,0,0,1,0,1,99,0
201600053590,16,9,15,1030,1,2,1,2,3,112,4883460,239354,750,4,2,2,0,2,1,0,60,2,0,1,99,0
201600053591,16,9,15,1200,1,2,3,1,3,112,4881710,245896,750,4,2,5,0,2,1,0,0,2,5,1,99,0
201600053592,16,9,16,1900,1,2,3,3,6,112,4883330,239892,750,4,2,2,0,2,1,0,110,2,0,1,0,0
201600053593,16,9,17,35,5,2,3,2,3,112,4884780,239057,750,4,2,2,0,1,1,0,0,2,0,1,99,0
201600053594,16,9,18,310,5,2,1,1,6,112,4883960,245789,750,4,2,4,0,1,1,0,80,1,0,4,0,0
201600053595,16,9,19,1207,1,2,2,1,6,112,4884580,237337,750,4,1,4,0,0,0,0,0,0,0,1,0,0
201600053596,16,9,19,1620,1,2,2,1,6,112,4884760,238907,750,4,2,2,0,2,1,0,0,1,0,1,0,0
201600053597,16,9,19,2015,5,2,1,1,6,112,4883940,239539,750,4,1,1,0,1,1,0,0,1,0,5,99,0
201600053598,16,9,20,331,5,2,1,1,6,112,4884380,244641,750,4,2,2,0,1,1,0,0,1,0,1,99,0
201600053599,16,9,21,1530,1,2,1,1,5,112,4883470,244929,750,4,2,2,0,1,1,0,60,1,0,1,99,0
201600053600,16,9,21,1710,1,2,7,1,3,112,4883590,238642,750,4,0,0,0,0,0,0,0,0,0,0,0,0
201600053601,16,9,22,1050,1,2,1,1,3,112,4883460,238071,750,4,1,4,0,1,1,30,120,1,0,1,99,0
201600053602,16,9,22,1505,1,2,1,1,2,112,4883430,239396,750,4,2,2,0,2,1,0,60,1,0,1,99,0
201600053603,16,9,23,850,1,2,4,1,3,112,4884950,237072,750,4,3,2,2,1,0,0,0,1,0,1,99,0
201600053604,16,9,23,1427,1,2,1,1,3,112,4883980,239489,750,4,2,2,0,2,1,0,0,1,0,1,99,0
201600053605,16,9,23,1415,1,2,3,1,3,112,4884000,243217,750,4,2,2,1,1,2,0,80,1,0,1,0,0
201600053606,16,9,23,2100,5,2,1,1,2,112,4884940,237448,750,4,1,1,2,1,1,0,30,1,0,1,0,0
201600053607,16,9,24,30,5,2,2,1,3,112,4883900,246027,750,4,2,3,0,1,1,5,80,1,0,1,99,0
201600053608,16,9,24,1645,1,2,3,1,6,112,4884330,238372,750,4,2,2,0,1,1,0,50,1,0,1,0,0
201600053609,16,9,25,1700,1,2,7,1,6,112,4885260,236962,750,4,2,4,0,1,2,0,200,1,5,1,99,0
201600053610,16,9,26,1020,1,2,3,1,7,112,4884320,238534,750,4,1,1,0,1,1,0,40,1,0,1,0,0
201600053611,16,9,28,1645,1,2,1,1,6,112,4883430,244129,750,4,1,2,1,1,1,2,60,1,0,5,99,0
201600053612,16,9,29,1100,1,2,3,1,3,112,4882940,239032,750,4,0,0,0,0,0,0,0,0,0,0,0,0
201600053613,16,9,29,1035,1,2,1,1,6,112,4883510,239910,750,4,1,1,2,1,1,0,0,1,0,1,0,0
201600053614,16,9,29,2115,5,2,7,1,3,112,4884860,239435,750,4,1,1,1,1,2,0,80,1,0,1,0,0
201600053615,16,9,29,1350,1,2,3,1,3,112,4884000,238230,750,4,2,2,0,1,1,0,100,1,0,1,99,0
201600053616,16,9,30,1120,1,2,5,1,3,112,4883710,240219,750,4,2,2,1,2,1,0,0,1,0,5,3,0
201600053617,16,10,2,2125,5,2,2,1,2,112,4885090,237774,750,4,2,2,0,0,0,0,0,0,0,0,0,0
201600053618,16,10,4,122,5,2,7,1,6,112,4884540,236684,750,4,1,7,1,1,1,5,200,1,2,5,99,0
201600053619,16,10,4,930,1,2,4,1,3,112,4882800,239254,750,4,1,4,0,1,3,0,177,1,3,1,99,0
201600053620,16,10,2,345,5,2,1,1,2,112,4884750,240242,750,4,2,8,3,1,1,0,0,1,0,1,0,0
201600053621,16,10,5,242,5,2,7,1,2,112,4884020,243645,750,4,2,4,0,1,3,0,80,1,0,1,99,0
201600053622,16,10,6,811,1,2,2,1,6,112,4884650,237899,750,4,2,4,0,1,1,0,200,1,0,1,3,0
201600053623,16,10,6,950,1,2,1,1,7,112,4885150,236985,750,4,2,4,3,1,1,0,200,1,0,1,0,0
201600053624,16,10,6,1034,1,2,4,1,6,112,4885050,237570,750,4,1,1,0,1,1,0,0,1,5,1,3,0
201600053625,16,10,6,1724,1,2,5,1,3,112,4884430,238153,750,4,1,1,1,1,1,0,40,1,0,5,0,0
201600053626,16,10,6,1805,1,2,4,1,3,112,4884650,237959,750,4,2,3,0,2,1,0,100,1,0,1,99,0
201600053627,16,10,6,2105,5,2,4,1,3,112,4882940,239032,750,4,2,4,0,1,1,10,120,1,0,1,99,0
201600053628,16,10,8,2110,5,2,2,1,3,112,4883550,240668,750,4,3,4,0,1,1,10,60,1,5,1,99,0
201600053629,16,10,9,2040,5,2,3,1,2,112,4884760,238907,750,4,1,1,0,0,0,0,0,0,0,0,0,0
201600053630,16,10,9,2305,5,2,1,1,6,112,4884830,237327,750,4,3,4,2,1,1,4,70,1,0,5,99,0
201600053631,16,10,9,2326,5,2,5,1,6,112,4883410,241066,750,4,2,6,0,1,1,0,200,1,0,1,0,0
201600053632,16,10,10,1040,1,2,2,1,2,112,4884800,237141,750,4,1,3,0,1,1,0,90,1,0,1,0,0
201600053633,16,10,12,1335,1,2,3,1,6,112,4884580,236760,750,4,2,5,0,1,1,0,150,1,0,1,0,0
201600053634,16,10,12,1605,1,2,5,1,6,113,4882580,235041,750,4,2,0,0,1,1,0,100,1,0,1,0,0
201600053635,16,10,12,1640,1,2,2,1,6,112,4884320,237027,750,4,1,1,0,2,1,0,165,1,2,1,99,0
201600053636,16,10,13,812,1,2,3,1,2,112,4883490,240553,750,4,1,1,0,1,1,0,30,1,0,1,99,0
201600053637,16,10,14,1525,1,2,1,2,7,112,4884510,240096,750,4,2,2,0,1,1,0,100,2,0,1,0,0
201600053638,16,10,14,1900,5,2,1,2,3,112,4883670,237825,750,4,2,3,0,1,1,25,80,2,0,1,99,0
201600053639,16,10,15,1425,1,2,2,1,3,112,4884740,238675,750,4,2,3,3,1,1,0,90,1,0,1,0,0
201600053640,16,10,17,1515,1,2,1,1,6,112,4884760,237079,750,4,1,3,0,1,1,0,0,1,0,1,3,0
201600053641,16,10,17,1600,1,2,1,1,6,112,4882770,239413,750,4,1,4,0,1,1,0,150,1,0,1,99,0
201600053642,16,10,17,1825,2,2,1,1,6,112,4884370,240547,750,4,2,2,0,1,1,0,60,1,0,1,3,0
201600053643,16,10,19,810,1,2,1,1,6,112,4884340,237042,750,4,3,3,0,2,1,20,90,1,2,1,99,0
201600053644,16,10,19,1215,1,2,7,1,6,112,4884820,239665,750,4,1,2,0,0,0,0,0,0,0,1,0,0
201600053645,16,10,20,1040,1,2,7,8,2,112,4883370,244537,750,4,2,2,0,1,1,0,0,2,0,1,99,0
201600053646,16,10,20,1600,1,2,5,8,6,112,4884900,239198,750,4,2,2,0,1,1,0,60,2,0,1,99,0
201600053647,16,10,20,2230,5,2,1,1,3,112,4885230,237236,750,4,2,3,0,1,1,0,100,1,0,1,99,0
201600053648,16,10,21,810,2,2,4,8,2,112,4882650,241972,750,4,2,4,0,1,1,0,160,2,0,1,0,0
201600053649,16,10,21,950,1,2,4,1,6,112,4883670,237816,750,4,1,3,0,1,1,15,75,1,0,1,0,0
201600053650,16,10,21,1545,1,2,2,1,2,112,4883750,242533,750,4,2,2,0,1,1,0,100,2,0,1,99,0
201600053651,16,10,22,110,5,2,2,1,7,112,4883460,240080,750,4,2,2,0,2,1,0,0,1,0,0,99,0
201600053652,16,10,23,30,5,2,1,1,6,112,4884700,240802,750,4,2,6,0,1,1,0,240,1,0,1,0,0
201600053653,16,10,23,1655,1,2,2,3,7,112,4884700,238376,750,4,2,1,0,1,1,0,100,2,5,1,99,0
201600053654,16,10,28,2235,5,2,7,1,6,112,4884820,239665,750,4,2,4,0,1,1,20,230,1,0,1,99,0
201600053655,16,10,29,120,5,2,5,1,7,112,4884670,237201,750,4,1,4,3,1,1,5,150,3,0,1,99,0
201600053656,16,10,29,1855,2,2,1,1,3,112,4884250,239225,750,4,2,2,0,1,1,0,60,1,0,1,3,0
201600053657,16,10,29,2115,5,2,5,1,3,112,4883740,239117,750,4,2,2,0,1,2,0,60,1,0,1,0,0
201600053658,16,10,30,1440,1,2,1,1,3,112,4883650,244159,750,4,0,0,0,1,1,0,80,1,0,0,0,0
201600053659,16,10,31,910,1,2,4,1,2,112,4883530,237986,750,4,1,3,0,1,2,0,120,1,0,0,0,0
201600053660,16,10,31,1400,1,2,1,1,6,112,4883670,238435,750,4,1,1,0,1,1,0,30,1,0,1,3,0
201600053661,16,10,28,1340,1,2,1,1,3,112,4883280,239821,750,4,2,2,0,3,1,0,120,1,0,1,99,0
201600053662,16,10,31,1750,5,2,1,1,4,112,4883440,238366,750,4,2,4,3,1,1,0,0,1,0,1,0,0
201600053663,16,11,1,1920,5,2,1,1,6,112,4884290,238452,750,4,2,2,0,1,1,0,90,1,0,1,99,0
201600053664,16,11,2,1100,1,2,7,1,6,112,4884870,237785,750,4,1,0,0,1,1,0,30,1,0,1,0,0
201600053665,16,11,2,1815,5,2,2,1,2,112,4884870,237253,750,4,1,3,3,1,1,0,80,1,0,1,0,0
201600053666,16,11,3,1205,1,2,1,1,6,112,4883950,238006,750,4,1,1,0,1,1,0,0,1,0,1,99,0
201600053667,16,11,4,230,5,2,1,1,6,112,4884250,240511,750,4,2,2,0,1,1,0,100,1,0,1,99,0
201600053668,16,11,4,1335,1,2,2,2,3,111,4885010,238430,750,4,2,2,0,1,1,0,0,2,0,1,0,0
201600053669,16,11,5,520,5,2,7,2,3,112,4885260,236962,750,4,4,3,0,1,2,80,150,2,0,1,99,0
201600053670,16,11,5,1800,5,2,1,2,7,112,4884600,236735,750,4,1,3,1,1,1,0,80,2,0,4,0,0
201600053671,16,11,6,25,4,2,1,1,4,112,4884700,240784,750,4,2,0,0,1,1,0,0,1,0,0,0,0
201600053672,16,11,6,1130,1,2,2,1,3,112,4883370,238244,750,4,0,3,0,1,1,0,40,1,0,1,99,0
201600053673,16,11,6,1310,1,2,1,1,2,112,4882650,245510,750,4,2,2,0,1,1,0,30,1,0,1,0,0
201600053674,16,11,6,1854,5,2,5,1,6,112,4884950,237072,750,4,1,3,3,1,1,8,80,1,0,1,99,0
201600053675,16,11,7,730,1,2,1,3,7,112,4884520,236653,750,4,2,4,0,1,1,0,0,2,2,1,0,0
201600053676,16,11,7,835,2,2,2,2,6,112,4884320,237027,750,4,1,3,0,1,1,20,70,2,0,1,99,0
201600053677,16,11,7,730,5,2,4,3,6,112,4882650,241972,750,4,2,2,0,1,1,0,60,2,0,1,99,0
201600053678,16,11,8,1605,1,2,2,1,3,112,4884340,237071,750,4,1,2,0,1,1,0,60,1,0,1,0,0