Num_Acc,an,mois,jour,hrmn,lum,agg,int,atm,col,com,lat,long,dep,catr,circ,nbv,vosp,prof,plan,lartpc,larrout,surf,infra,situ,env1,killed
201600053679,16,11,8,1730,2,2,1,1,6,112,4884550,239297,750,4,2,0,0,1,1,0,60,1,0,1,0,0
201600053680,16,11,8,1740,2,2,2,1,3,112,4883580,245314,750,4,2,4,0,1,1,0,120,1,0,1,99,0
201600053681,16,11,10,915,1,2,7,2,7,112,4882790,241894,750,4,2,2,0,0,0,0,0,0,0,1,0,0
201600053682,16,11,10,1145,1,2,4,2,6,112,4884000,243217,750,4,2,2,0,1,1,0,0,2,0,1,99,0
201600053683,16,11,13,20,5,2,4,2,6,112,4883690,246814,750,4,3,2,0,1,2,0,0,2,0,1,0,0
201600053684,16,11,14,2050,5,2,1,1,6,112,4883620,244203,750,4,2,2,0,1,1,0,60,2,0,1,0,0
201600053685,16,11,15,725,1,2,3,2,3,112,4884110,239887,750,4,2,2,0,1,1,0,60,2,0,1,99,0
201600053686,16,11,16,2320,5,2,7,8,6,112,4885320,237022,750,4,4,8,0,1,2,0,0,1,0,1,0,0
201600053687,16,11,17,615,5,2,1,1,6,112,4883500,238760,750,4,2,2,0,1,1,0,60,1,0,1,99,0
201600053688,16,11,17,2335,5,2,7,2,6,112,4884860,239435,750,4,2,2,0,1,0,0,0,2,0,1,0,0
201600053689,16,11,18,918,1,2,1,1,4,112,4884520,236653,750,4,1,5,1,1,1,0,100,1,2,1,0,0
201600053690,16,11,19,1145,1,2,1,1,6,112,4884550,240287,750,4,1,1,0,1,1,0,30,1,0,1,0,0
201600053691,16,11,19,2000,5,2,1,1,2,112,4884250,237159,750,4,1,3,0,1,1,0,90,1,0,1,99,0
201600053692,16,11,21,810,2,2,4,2,6,112,4885130,237612,750,4,2,2,0,1,1,0,60,2,0,1,99,0
201600053693,16,11,22,1140,1,2,2,8,2,112,4884820,239432,750,4,2,0,0,1,1,0,0,1,0,1,99,0
201600053694,16,11,22,1815,5,2,1,1,6,112,4883800,239989,750,4,1,1,0,2,1,0,30,1,0,1,99,0
201600053695,16,11,23,1425,1,2,3,1,3,112,4883650,240405,750,4,2,2,1,1,1,0,60,2,0,1,0,0
201600053696,16,11,23,1745,5,2,3,2,2,112,4882940,239032,750,4,2,2,0,1,1,20,120,2,0,1,99,0
201600053697,16,11,24,1700,2,2,2,1,6,112,4884270,239747,750,4,2,2,0,1,1,0,120,1,0,1,3,0
201600053698,16,11,25,1620,2,2,5,1,3,112,4883170,239790,750,4,2,2,0,1,1,0,60,1,5,1,99,0
201600053699,16,11,25,2135,5,2,1,1,4,112,4884520,241432,750,4,0,4,0,1,1,0,160,1,0,1,99,0
201600053700,16,11,27,510,5,2,3,1,6,112,4884410,238422,750,4,1,1,0,1,1,0,30,1,0,1,99,0
201600053701,16,11,28,1530,1,2,1,1,6,112,4884050,239465,750,4,2,2,0,0,0,0,0,0,0,1,0,0
201600053702,16,11,28,1830,5,2,5,1,3,112,4884430,241032,750,4,2,2,0,1,1,100,100,1,5,0,99,0
201600053703,16,11,28,2200,5,2,4,1,2,120,4884890,241485,750,4,1,4,0,0,0,0,0,0,0,1,0,0
201600053704,16,11,29,800,2,2,7,1,3,112,4884050,243442,750,4,0,2,0,1,2,0,60,1,0,1,99,0
201600053705,16,11,29,1115,1,2,3,1,6,112,4884610,237567,750,4,1,2,0,1,1,0,60,1,0,1,3,0
201600053706,16,11,29,2025,5,2,4,1,3,112,4884640,236685,750,4,2,0,0,1,1,0,0,1,0,1,99,0
201600053707,16,12,1,1845,5,2,1,1,3,112,4883780,240036,750,4,2,1,1,1,1,0,0,1,0,5,99,0
201600053708,16,12,2,1830,1,2,5,1,6,112,4885010,238430,750,4,2,2,0,1,1,0,60,1,0,1,99,0
201600053709,16,12,2,2125,5,2,1,1,2,112,4883980,239504,750,4,2,2,0,2,1,0,0,1,0,1,99,0
201600053710,16,12,5,1245,1,2,5,1,3,112,4883180,239765,750,4,2,0,0,0,0,0,0,1,0,1,0,0
201600053711,16,12,5,1400,1,2,2,1,3,112,4884690,236940,750,4,1,3,0,1,1,0,0,1,0,1,0,0
201600053712,16,12,6,845,1,2,1,1,7,112,4885070,237019,750,4,0,4,3,1,1,0,120,1,0,5,0,0
201600053713,16,12,7,1345,1,2,2,1,3,112,4882980,246105,750,4,2,2,0,1,1,0,0,1,0,1,99,0
201600053714,16,12,7,1710,5,2,2,1,3,112,4884450,238105,750,4,2,2,0,1,1,0,120,1,0,1,3,0
201600053715,16,12,8,1235,1,2,4,1,3,112,4883240,240395,750,4,2,3,0,1,1,0,90,1,0,1,0,0
201600053716,16,12,8,1315,1,2,7,1,3,112,4884510,238925,750,4,2,2,0,1,1,0,60,1,0,1,3,0
201600053717,16,12,10,1530,1,2,1,1,6,112,4884710,237802,750,4,1,0,0,1,1,0,0,1,0,4,0,0
201600053718,16,12,11,1030,1,2,5,1,6,112,4884430,238153,750,4,2,2,0,1,1,0,60,2,0,1,0,0
201600053719,16,12,11,1120,1,2,2,1,3,112,4884800,237141,750,4,1,3,0,1,1,0,70,1,0,1,99,0
201600053720,16,12,11,2345,5,2,1,1,6,112,4884870,237112,750,4,1,2,0,1,1,0,0,1,0,0,0,0
201600053721,16,12,12,1815,5,2,2,2,3,112,4883670,240346,750,4,2,2,0,1,1,0,0,2,0,1,0,0
201600053722,16,12,13,935,1,2,3,1,2,112,4883530,237986,750,4,3,3,0,1,1,20,210,2,0,1,99,0
201600053723,16,12,13,1820,5,2,1,1,6,112,4884080,239044,750,4,2,2,0,1,1,0,110,1,0,1,0,0
201600053724,16,12,14,655,5,2,7,1,6,112,4882750,241929,750,4,2,3,0,1,1,0,0,1,0,1,99,0
201600053725,16,12,14,1425,1,2,2,1,6,112,4884910,237592,750,4,2,2,0,1,1,0,60,1,0,1,3,0
201600053726,16,12,15,2120,5,2,1,1,4,112,4884070,241368,750,4,2,4,0,1,1,0,240,1,0,1,0,0
201600053727,16,12,15,2345,5,2,3,1,1,112,4885200,237318,750,4,2,3,0,1,1,0,115,1,0,1,99,0
201600053728,16,12,16,2325,5,2,1,1,6,112,4884440,240932,750,4,2,2,0,2,1,0,120,1,0,1,99,0
201600053729,16,12,17,1245,1,2,7,1,3,112,4882380,245763,750,4,0,0,0,0,0,0,0,0,0,0,0,0
201600053730,16,12,17,1400,1,2,1,1,3,112,4883960,238446,750,4,2,3,0,1,1,0,100,1,1,1,0,0
201600053731,16,12,20,1845,5,2,1,1,6,112,4885170,236975,750,4,2,4,0,1,1,0,60,1,0,1,99,0
201600053732,16,12,21,1930,5,2,7,2,3,112,4884730,239572,750,4,1,2,0,1,2,0,85,2,0,1,3,0
201600053733,16,12,22,750,2,2,3,3,6,112,4884330,240537,750,4,2,3,3,1,1,0,90,2,0,1,0,0
201600053734,16,12,22,1025,1,2,2,1,6,112,4883870,238952,750,4,2,3,3,3,1,0,90,2,0,1,0,0
201600053735,16,12,22,1400,1,2,1,1,6,112,4884670,241195,750,4,2,0,3,1,1,0,210,1,0,1,99,0
201600053736,16,12,22,1725,5,2,1,1,6,112,4883530,240165,750,4,2,0,0,1,1,0,55,1,0,1,0,0
201600053737,16,12,26,1525,1,2,1,1,4,112,4883130,238518,750,4,1,3,0,1,1,15,90,1,0,1,99,0
201600053738,16,12,26,1925,5,2,1,1,3,112,4884230,239256,750,4,2,2,0,1,1,0,60,1,0,1,3,0
201600053739,16,12,27,1950,5,2,3,1,2,112,4884470,240535,750,4,1,1,0,1,1,0,30,1,0,1,0,0
201600053740,16,12,28,1055,1,2,1,1,7,112,4884070,237406,750,4,1,4,0,1,1,0,125,1,0,1,0,0
201600053741,16,12,28,1628,1,2,4,1,3,112,4883220,238329,750,4,2,7,0,1,1,30,210,1,0,1,99,0
201600053742,16,12,29,1800,5,2,1,1,6,112,4884730,239685,750,4,2,2,0,1,1,0,60,1,0,1,99,0
201600053743,16,12,31,205,5,2,2,5,3,112,4884740,238675,750,4,2,2,0,1,1,0,60,1,0,0,0,0
201600053744,16,1,1,1355,1,2,5,1,6,113,4883030,234709,750,4,3,2,1,1,1,0,110,1,0,5,0,0
201600053745,16,1,1,2105,5,2,1,2,6,113,4883050,235598,750,4,2,2,0,1,1,0,0,2,0,0,0,0
201600053746,16,1,4,1430,1,2,1,1,3,113,4882930,237449,750,4,2,3,0,2,1,0,0,1,0,1,99,0
201600053747,16,1,5,1150,1,2,2,1,6,113,4883280,236203,750,4,2,2,3,1,1,0,0,1,6,1,99,0
201600053748,16,1,5,1305,1,2,4,1,3,113,4883910,236115,750,4,4,6,0,2,1,5,182,1,0,1,99,0
201600053749,16,1,6,2040,5,2,2,1,3,113,4882680,235326,750,4,2,2,0,2,1,0,60,1,0,1,0,0
201600053750,16,1,7,900,1,2,5,3,6,113,4882260,234402,750,4,1,1,0,0,0,0,0,2,0,4,0,0
201600053751,16,1,8,1230,1,2,1,1,2,113,4882720,236772,750,4,2,2,0,1,1,0,40,1,0,1,99,0
201600053752,16,1,8,2235,5,2,7,1,7,113,4882740,235202,750,4,1,1,0,1,1,0,30,1,0,1,0,0
201600053753,16,1,9,1310,1,2,1,1,6,113,4882650,237869,750,4,2,2,0,1,1,0,60,1,1,1,0,0
201600053754,16,1,10,1310,1,2,3,2,2,113,4882740,235690,750,4,1,2,0,1,1,0,60,8,0,1,99,0
201600053755,16,1,10,1800,3,2,4,1,3,113,4881640,236001,750,4,1,2,0,2,1,0,60,2,0,0,0,0
201600053756,16,1,13,1610,1,2,3,1,3,113,4882500,238888,750,4,2,2,0,1,0,0,0,1,0,1,99,0
201600053757,16,1,13,1650,2,2,3,1,3,113,4883490,235315,750,4,2,2,0,1,1,0,70,1,0,1,0,0
201600053758,16,1,14,850,1,2,1,2,2,113,4882510,236748,750,4,1,1,0,1,1,0,65,2,0,1,0,0
201600053759,16,1,14,1910,5,2,5,2,6,105,4884890,234981,750,4,2,2,1,1,1,0,75,2,0,1,0,0
201600053760,16,1,14,2030,5,2,2,1,2,113,4883640,237130,750,4,2,2,0,1,1,0,0,1,2,1,99,0
201600053761,16,1,15,1020,1,2,3,1,6,113,4882880,234146,750,4,1,0,0,1,0,0,75,1,0,4,0,0
201600053762,16,1,18,1935,5,2,1,1,6,113,4882870,234566,750,4,2,0,0,1,1,0,0,1,0,1,99,0
201600053763,16,1,19,950,1,2,2,1,3,113,4883500,234494,750,4,2,3,3,2,1,0,0,1,0,1,99,0
201600053764,16,1,20,1230,1,2,3,1,3,113,4882500,238888,750,4,2,2,0,1,1,0,60,1,0,1,99,0
201600053765,16,1,22,1455,1,2,3,3,3,113,4883570,234848,750,4,1,1,0,1,1,0,42,2,0,0,0,0
201600053766,16,1,22,1830,5,2,2,3,6,113,4882520,234325,750,4,1,1,0,1,1,0,55,2,0,1,0,0
201600053767,16,1,22,1855,5,2,7,2,6,113,4883660,235927,750,4,1,1,0,1,1,0,0,2,0,1,0,0
201600053768,16,1,25,1915,5,2,1,1,7,113,4883810,236036,750,4,2,2,0,2,1,0,60,1,0,1,0,0
201600053769,16,1,25,1940,5,2,3,1,6,113,4882500,237245,750,4,2,1,0,1,0,0,0,1,0,1,99,0
201600053770,16,1,26,1850,5,2,5,1,6,113,4883500,234618,750,4,1,2,0,1,2,0,70,1,0,0,0,0
201600053771,16,1,29,1950,5,2,3,1,6,113,4883030,234709,750,4,1,2,0,1,1,0,100,1,0,1,0,0
201600053772,16,2,1,1420,1,2,4,1,6,113,4883100,234811,750,4,1,1,0,0,1,0,0,1,0,1,0,0
201600053773,16,2,1,1815,5,2,4,1,3,113,4882290,237315,750,4,3,4,0,1,1,0,0,0,0,1,0,0
201600053774,16,2,2,1550,1,2,2,2,3,113,4882120,237910,750,4,1,1,0,1,1,0,0,2,0,1,99,0
201600053775,16,2,3,900,1,2,2,1,6,113,4883470,236699,750,4,1,1,0,1,1,0,0,1,0,0,99,0
201600053776,16,2,3,1315,1,2,7,1,3,113,4883100,235613,750,4,1,2,0,1,1,0,0,1,5,1,0,0
201600053777,16,2,6,155,5,2,7,1,6,113,4882220,234728,750,4,1,1,0,1,1,0,0,1,0,1,0,0
201600053778,16,2,6,2135,5,2,1,1,6,113,4883170,235779,750,4,1,2,0,2,1,0,60,1,0,4,0,0
201600053779,16,2,8,845,1,2,2,1,3,113,4882290,237315,750,4,2,2,0,2,1,0,80,1,0,1,0,0
201600053780,16,2,8,1055,1,2,3,1,3,113,4882850,237880,750,4,3,1,0,1,1,50,50,1,0,1,0,0
201600053781,16,2,9,1615,1,2,1,2,3,113,4881850,236952,750,4,3,6,0,1,1,0,0,2,0,0,0,0
201600053782,16,2,9,1830,5,2,2,3,6,113,4881760,235328,750,4,2,2,0,1,1,0,70,2,0,1,99,0
201600053783,16,2,10,800,1,2,2,1,3,113,4883400,236476,750,4,0,2,0,2,1,0,103,1,0,1,3,0
201600053784,16,2,11,545,5,2,2,2,7,113,4883670,237183,750,4,1,1,0,1,1,80,50,2,0,1,0,0
201600053785,16,2,12,1800,5,2,5,2,2,113,4882500,238888,750,4,1,1,0,1,1,0,60,2,0,1,99,0
201600053786,16,2,13,1825,5,2,2,2,6,113,4882700,236647,750,4,2,2,0,1,1,0,60,2,6,1,0,0
201600053787,16,2,13,1945,5,2,1,2,3,113,4881610,236220,750,4,1,3,0,1,3,0,0,2,0,1,0,0
201600053788,16,2,16,1850,5,2,7,1,4,113,4883110,235502,750,4,1,3,2,1,1,0,0,1,0,1,99,0
201600053789,16,2,19,1525,1,2,2,1,2,113,4883110,237758,750,4,2,0,0,0,0,0,40,0,0,1,0,0
201600053790,16,2,21,645,5,2,2,2,6,113,4882970,236916,750,4,1,1,0,2,1,0,0,2,0,1,99,0
201600053791,16,2,22,1245,1,2,3,1,3,113,4882500,238888,750,4,2,2,0,4,3,0,60,1,3,1,0,0
201600053792,16,2,23,1040,1,2,3,8,2,113,4882040,235908,750,4,3,2,0,1,1,0,0,2,0,1,0,0
201600053793,16,2,23,2145,5,2,2,1,3,113,4883060,237679,750,4,2,2,0,2,1,20,100,1,0,1,0,0
201600053794,16,2,26,1825,5,2,1,1,6,113,4882110,235888,750,4,2,4,1,1,1,0,116,1,0,5,0,0
201600053795,16,2,26,1900,2,2,2,1,3,113,4883580,235250,750,4,2,2,0,1,1,0,0,1,0,1,0,0
201600053796,16,2,27,1250,1,2,2,1,3,113,4882010,236468,750,4,2,4,0,1,1,0,140,1,0,1,99,0
201600053797,16,2,29,1249,1,2,2,1,3,113,4883230,237979,750,4,2,2,0,1,1,0,100,1,0,1,0,0
201600053798,16,3,1,2255,5,2,4,2,3,113,4882610,236692,750,4,1,1,0,1,1,0,50,2,0,1,0,0
201600053799,16,3,2,1640,1,2,3,1,6,113,4882750,237034,750,4,2,2,0,1,1,0,35,2,0,1,99,0
201600053800,16,3,3,1915,5,2,3,1,6,113,4883050,236595,750,4,2,2,0,1,1,0,60,1,0,1,0,0
201600053801,16,3,4,930,1,2,2,3,6,113,4882960,234826,750,4,2,4,1,2,3,230,480,2,4,1,0,0
201600053802,16,3,4,1140,1,2,2,1,2,113,4881750,235999,750,4,2,6,3,1,1,0,325,2,0,1,0,0
201600053803,16,3,4,2300,5,2,2,2,6,113,4882580,234653,750,4,1,1,0,2,1,0,60,2,0,1,99,0
201600053804,16,3,5,655,2,2,4,2,3,113,4881640,236058,750,4,1,3,0,1,1,0,0,2,0,1,99,0
201600053805,16,3,8,1605,1,2,3,1,2,113,4881980,235929,750,4,2,2,0,1,1,0,100,1,0,1,0,0
201600053806,16,3,8,2030,5,2,5,1,6,113,4883840,235703,750,4,2,4,0,1,1,10,100,1,0,1,0,0
201600053807,16,3,11,2115,5,2,1,1,3,113,4883870,236085,750,4,2,4,0,2,1,0,150,1,0,1,99,0
201600053808,16,3,12,930,1,2,2,1,6,113,4884330,236427,750,4,2,4,3,1,1,0,400,1,0,1,99,0
201600053809,16,3,16,2220,5,2,3,1,6,113,4883290,235457,750,4,2,4,3,1,1,0,0,1,0,1,0,0
201600053810,16,3,17,1425,1,2,2,1,6,113,4882220,235854,750,4,2,4,0,1,1,0,0,1,0,1,0,0
201600053811,16,3,17,1610,1,2,7,1,6,113,4882930,236533,750,4,1,0,0,1,0,30,30,1,0,1,0,0
201600053812,16,3,18,1450,1,2,1,1,6,113,4882610,235885,750,4,2,1,0,2,1,60,60,1,0,1,0,0
201600053813,16,3,18,1850,1,2,3,1,6,113,4882970,237178,750,4,1,1,0,0,0,0,0,0,0,1,0,0
201600053814,16,3,19,1205,1,2,1,1,6,113,4882480,237578,750,4,2,2,0,2,1,0,60,1,0,1,0,0
201600053815,16,3,20,450,5,2,1,1,6,113,4883750,235409,750,4,2,0,3,1,1,0,30,1,0,1,0,0
201600053816,16,3,22,2225,5,2,1,1,2,113,4882490,235768,750,4,3,0,1,1,1,0,0,1,0,5,0,0
201600053817,16,3,25,2150,5,2,3,1,6,113,4882280,237789,750,4,2,1,0,1,1,0,0,1,0,1,0,0
201600053818,16,3,26,1540,1,2,3,1,6,113,4882220,234934,750,4,2,2,0,1,1,0,60,1,0,1,0,0
201600053819,16,3,27,730,2,2,3,1,1,113,4883830,237277,750,4,2,0,0,1,1,0,0,1,0,1,0,0
201600053820,16,3,27,710,2,2,1,1,6,113,4882710,238593,750,4,2,3,0,1,1,0,150,1,2,1,99,0
201600053821,16,3,29,1640,1,2,7,2,3,113,4884370,236457,750,4,1,1,0,1,1,0,60,2,5,0,99,0
201600053822,16,3,29,1730,1,2,2,8,3,113,4883320,235679,750,4,2,4,3,0,0,0,0,0,0,1,0,0
201600053823,16,3,30,615,5,2,3,3,3,113,4883300,237872,750,4,2,2,1,1,1,0,90,2,0,5,99,0
201600053824,16,3,31,1425,1,2,2,3,6,113,4882400,237702,750,4,3,2,1,1,1,40,60,2,0,1,99,0
201600053825,16,3,31,2140,5,2,7,2,3,113,4881890,236565,750,4,2,2,0,1,1,0,150,2,0,1,99,0
201600053826,16,4,1,1515,1,2,4,1,3,113,4881640,236001,750,4,1,2,0,1,1,0,120,1,0,1,0,0
201600053827,16,4,4,1105,1,2,3,1,3,113,4882850,237880,750,4,2,3,1,1,1,0,250,1,0,5,0,0
201600053828,16,4,5,1415,1,2,3,1,3,113,4882600,235438,750,4,2,3,0,1,1,0,70,1,0,1,0,0
201600053829,16,4,5,2300,5,2,1,1,6,113,4883150,235680,750,4,1,2,0,1,1,0,60,1,0,1,0,0
201600053830,16,4,6,35,5,2,2,1,3,106,4885180,233702,750,4,1,1,0,1,1,35,35,1,0,1,0,0
201600053831,16,4,6,1530,1,2,2,1,6,113,4881940,234458,750,4,2,1,0,1,1,20,60,1,0,1,0,0
201600053832,16,4,6,1900,2,2,4,2,6,113,4881620,235916,750,4,1,4,0,0,0,0,0,0,0,1,0,0
201600053833,16,4,6,2145,5,2,2,9,3,113,4883760,234550,750,4,2,4,3,1,1,0,60,2,0,1,99,0
201600053834,16,4,7,1440,1,2,1,1,6,113,4882970,237515,750,4,2,1,0,2,1,0,0,1,0,1,0,0
201600053835,16,4,8,55,5,2,1,1,6,113,4883280,234458,750,4,2,1,0,1,1,0,0,1,0,1,0,0
201600053836,16,4,8,955,1,2,5,1,3,113,4883390,236491,750,4,3,2,0,2,1,100,50,1,0,1,99,0
201600053837,16,4,8,1150,1,2,4,1,6,113,4882510,235761,750,4,1,1,0,1,1,0,40,1,0,4,99,0
201600053838,16,4,8,1845,1,2,2,1,1,113,4883420,234480,750,4,2,2,0,0,0,0,0,0,0,1,0,0
201600053839,16,4,10,1050,1,2,7,1,3,113,4883350,236127,750,4,0,2,0,1,1,0,40,1,0,1,99,0
201600053840,16,4,11,1740,1,2,1,2,7,113,4882010,235681,750,4,1,1,1,1,1,0,60,2,0,5,0,0
201600053841,16,4,12,1425,1,2,1,1,3,113,4883190,235365,750,4,3,2,0,1,2,20,120,1,0,1,0,0
201600053842,16,4,12,1725,1,2,1,1,6,113,4884070,236235,750,4,2,2,3,1,1,0,60,1,0,1,0,0
201600053843,16,4,13,1912,1,2,1,1,4,113,4881720,236583,750,4,2,4,0,1,1,0,80,1,0,1,99,0
201600053844,16,4,14,1611,1,2,1,2,3,113,4882020,236517,750,4,0,0,0,1,1,0,50,2,0,0,0,0
201600053845,16,4,15,918,1,2,2,1,6,105,4883760,234550,750,4,2,5,0,1,1,0,150,1,5,1,0,0
201600053846,16,4,17,1610,1,2,1,1,7,113,4883160,235892,750,4,1,2,0,1,1,0,0,1,0,1,0,0
201600053847,16,4,21,840,1,2,3,1,3,113,4882290,237315,750,4,0,0,0,1,1,0,70,1,0,0,3,0
201600053848,16,4,21,1540,1,2,2,1,7,113,4883140,235817,750,4,2,1,0,1,1,0,0,1,0,1,0,0
201600053849,16,4,21,1935,1,2,1,1,2,113,4883340,237421,750,4,2,2,1,1,1,0,100,1,0,1,0,0
201600053850,16,4,26,740,1,2,1,1,3,113,4882970,235064,750,4,1,2,0,2,1,0,50,2,0,1,0,0
201600053851,16,4,26,1930,1,2,4,1,4,113,4881620,235916,750,4,1,4,0,1,1,0,140,1,0,1,99,0
201600053852,16,4,28,1925,1,2,3,1,3,113,4883320,235433,750,4,3,1,0,2,1,0,120,1,0,1,99,0
201600053853,16,5,1,1735,1,2,4,1,3,113,4883550,235852,750,4,2,5,0,1,1,0,150,1,0,1,0,0
201600053854,16,5,3,910,1,2,1,1,3,113,4883420,237716,750,4,2,2,1,1,1,0,60,1,2,5,0,0
201600053855,16,5,3,930,1,2,1,1,6,113,4882160,236349,750,4,1,2,0,1,1,0,90,1,0,1,0,0
201600053856,16,5,3,1105,1,2,5,1,3,113,4882580,235041,750,4,2,2,0,2,1,0,60,1,0,1,0,0
201600053857,16,5,4,825,1,2,3,1,6,113,4882650,237314,750,4,1,2,0,0,1,0,100,1,0,0,0,0
201600053858,16,5,3,905,1,2,5,1,6,113,4882620,235988,750,4,3,3,0,1,1,0,120,1,0,0,0,0
201600053859,16,5,4,1200,1,2,3,1,6,113,4882880,234146,750,4,1,2,0,1,1,0,80,1,6,1,99,0
201600053860,16,5,4,1315,1,2,2,1,6,113,4883990,236179,750,4,0,0,3,1,1,0,60,1,6,0,99,0
201600053861,16,5,5,1655,1,2,2,1,6,113,4883400,236476,750,4,1,2,0,2,1,0,70,1,0,1,0,0
201600053862,16,5,6,1300,1,2,1,1,6,113,4883090,235665,750,4,1,2,0,1,1,30,30,1,0,0,99,0
201600053863,16,5,6,1600,1,2,1,1,3,113,4882980,235406,750,4,1,1,1,1,1,0,60,1,0,5,0,0
201600053864,16,5,6,2115,2,2,1,1,3,113,4883950,237116,750,4,2,4,0,0,0,0,0,0,0,1,0,0
201600053865,16,5,7,1115,1,2,5,1,6,113,4882640,234175,750,4,2,2,0,1,1,0,50,1,0,1,0,0
201600053866,16,5,8,220,5,2,3,1,6,113,4882530,236967,750,4,1,1,0,1,1,0,40,1,0,1,0,0
201600053867,16,5,10,1600,1,2,1,2,3,113,4881850,234433,750,4,3,0,0,1,0,0,135,2,0,0,99,0
201600053868,16,5,10,1720,1,2,7,2,6,113,4882410,235335,750,4,1,1,0,1,2,0,71,2,0,1,0,0
201600053869,16,5,11,905,1,2,5,1,7,113,4882160,236923,750,4,2,2,0,1,1,0,0,1,4,1,99,0
201600053870,16,5,11,1830,1,2,3,1,6,113,4882900,235763,750,4,2,3,0,1,1,0,150,2,0,1,0,0
201600053871,16,5,12,1330,1,2,4,1,6,113,4883840,235703,750,4,1,1,0,2,1,0,60,1,0,1,0,0
201600053872,16,5,12,1700,1,2,3,3,6,113,4882800,234981,750,4,1,1,1,1,1,0,0,2,0,1,0,0
201600053873,16,5,12,1800,1,2,7,3,7,113,4883220,235503,750,4,2,2,0,2,0,0,0,2,0,1,0,0
201600053874,16,5,14,2325,5,2,3,1,3,113,4881950,236290,750,4,2,0,0,1,1,0,0,1,0,5,99,0
201600053875,16,5,15,700,1,2,3,1,3,113,4882380,237631,750,4,2,1,0,2,1,90,210,1,4,1,99,0
201600053876,16,5,16,255,5,2,3,1,7,113,4882530,236264,750,4,1,1,1,1,1,0,0,1,0,4,99,0
201600053877,16,5,16,900,1,2,5,1,4,113,4882090,235076,750,4,2,4,0,2,1,0,55,1,0,1,99,0
201600053878,16,5,16,1810,1,2,3,1,3,113,4882830,234154,750,4,1,0,0,0,0,0,0,0,0,1,0,0
201600053879,16,5,18,730,1,2,7,1,3,113,4884370,236550,750,4,3,7,0,1,1,0,0,1,0,1,99,0
201600053880,16,5,18,2245,5,2,4,2,6,113,4881970,236333,750,4,1,1,0,1,1,0,0,2,0,0,0,0
201600053881,16,5,19,700,1,2,3,1,3,113,4883870,237234,750,4,2,2,1,1,1,0,30,1,0,1,0,0
201600053882,16,5,19,1900,1,2,3,1,3,113,4883190,237906,750,4,2,2,0,1,1,0,80,1,0,1,99,0
201600053883,16,5,20,230,5,2,5,1,7,113,4883680,235183,750,4,2,2,0,2,1,0,150,1,0,1,0,0
201600053884,16,5,20,1000,1,2,3,2,6,113,4883000,237735,750,4,2,2,0,1,1,0,50,2,0,1,0,0
201600053885,16,5,20,1040,1,2,1,1,3,113,4883490,234440,750,4,2,2,0,1,0,0,0,2,0,1,0,0
201600053886,16,5,25,1500,1,2,3,1,6,113,4882740,235690,750,4,0,4,0,1,1,0,0,1,0,0,0,0
201600053887,16,5,26,2345,5,2,3,1,3,113,4882340,237505,750,4,1,2,0,2,1,0,0,1,0,0,0,0
201600053888,16,5,27,1415,1,2,4,1,2,113,4883910,236115,750,4,2,4,0,2,1,0,0,1,0,1,0,0
201600053889,16,5,27,2015,1,2,3,1,3,113,4883300,237872,750,4,2,4,0,1,1,0,0,1,0,1,0,0
201600053890,16,5,28,800,1,2,2,1,3,113,4883570,234848,750,4,0,2,0,0,0,0,125,0,0,0,0,0
201600053891,16,5,29,255,5,2,5,1,3,106,4884400,233062,750,4,1,1,0,1,1,0,0,1,0,1,0,0
201600053892,16,5,30,1345,1,2,7,3,5,113,4883220,235503,750,4,2,2,3,2,1,0,100,2,0,0,99,0
201600053893,16,5,30,1545,1,2,5,2,6,113,4883660,235927,750,4,2,2,3,1,1,0,80,2,0,1,99,0
201600053894,16,5,30,2030,1,2,2,2,3,113,4881810,235975,750,4,2,6,3,1,1,0,180,2,0,1,99,0
201600053895,16,5,31,1418,1,2,2,2,6,113,4883990,236179,750,4,2,2,3,1,1,42,30,2,0,4,99,0
201600053896,16,6,2,1500,1,2,1,2,6,113,4882760,234157,750,4,1,2,0,1,1,0,68,2,0,1,99,0
201600053897,16,6,2,1750,1,2,5,8,6,113,4882580,235041,750,4,2,3,0,0,0,0,0,0,0,1,0,0
201600053898,16,6,3,1246,1,2,3,1,4,113,4882160,235255,750,4,2,2,0,2,1,0,0,1,0,1,0,0
201600053899,16,6,4,344,5,2,1,1,6,113,4882630,234288,750,4,2,2,0,0,0,0,0,0,0,1,0,0
201600053900,16,6,5,240,5,2,3,1,7,113,4882970,234949,750,4,0,2,0,2,3,0,0,1,0,1,99,0
201600053901,16,6,8,900,1,2,1,1,3,113,4883010,235080,750,4,1,2,1,2,1,0,115,1,0,5,0,0
201600053902,16,6,9,1930,2,2,4,1,2,113,4881870,237086,750,4,3,0,0,1,1,0,100,1,0,1,0,0
201600053903,16,6,12,1504,1,2,5,2,7,113,4882620,235988,750,4,1,2,0,1,1,0,60,2,0,1,0,0
201600053904,16,6,12,2040,1,2,1,2,6,113,4882160,235874,750,4,2,4,0,1,1,0,100,2,0,0,0,0
201600053905,16,6,13,1115,1,2,2,1,6,113,4881920,236198,750,4,2,2,0,1,1,0,60,1,0,1,0,0