Num_Acc,an,mois,jour,hrmn,lum,agg,int,atm,col,com,lat,long,dep,catr,circ,nbv,vosp,prof,plan,lartpc,larrout,surf,infra,situ,env1,killed
201600053906,16,6,13,1800,1,2,2,1,3,113,4883110,234421,750,4,2,0,0,1,0,0,240,1,0,1,99,0
201600053907,16,6,14,1825,1,2,2,1,6,113,4883580,235250,750,4,1,1,0,1,1,0,31,1,0,0,0,0
201600053908,16,6,14,1830,1,2,7,8,3,113,4884370,236457,750,4,0,0,0,1,1,0,0,1,0,0,0,0
201600053909,16,6,15,1320,1,2,3,1,6,113,4882520,237186,750,4,1,1,0,1,0,0,45,1,0,1,0,0
201600053910,16,6,16,1850,1,2,1,1,3,113,4882650,234528,750,4,2,2,0,1,1,0,60,1,0,1,0,0
201600053911,16,6,17,1035,1,2,3,1,6,113,4883570,237535,750,4,2,2,0,0,0,0,120,1,0,1,0,0
201600053912,16,6,22,115,5,2,1,1,2,113,4884260,236690,750,4,2,4,0,4,1,20,120,1,0,1,99,0
201600053913,16,6,22,330,5,2,1,1,6,113,4883000,234836,750,4,1,2,1,2,1,0,110,1,0,1,99,0
201600053914,16,6,23,1615,1,2,2,1,6,113,4883280,235649,750,4,2,2,0,1,1,0,50,1,0,0,3,0
201600053915,16,6,24,735,1,2,1,1,6,113,4883100,235689,750,4,1,2,3,1,1,0,0,1,0,0,0,0
201600053916,16,6,25,1255,1,2,1,1,6,106,4885090,232573,750,4,2,3,3,1,1,0,120,1,0,1,99,0
201600053917,16,6,26,1315,1,2,3,1,3,113,4882280,237789,750,4,2,2,1,1,1,0,80,1,0,1,0,0
201600053918,16,6,26,1900,1,2,3,1,7,113,4882510,235761,750,4,2,4,1,1,1,0,110,1,0,5,0,0
201600053919,16,6,27,1445,1,2,4,1,3,113,4883910,236115,750,4,0,4,0,1,1,0,0,1,0,1,0,0
201600053920,16,6,28,1350,1,2,2,1,6,113,4883110,234421,750,4,2,2,0,1,1,0,50,1,0,1,0,0
201600053921,16,6,28,1800,1,2,2,1,3,113,4883840,235703,750,4,2,4,3,1,1,0,65,1,0,1,0,0
201600053922,16,6,28,1900,1,2,5,1,2,113,4882160,236923,750,4,2,4,0,1,1,70,200,1,0,1,3,0
201600053923,16,6,29,2020,1,2,1,1,3,113,4881620,235818,750,4,1,2,0,1,1,0,60,1,0,1,99,0
201600053924,16,6,30,1730,1,2,1,1,3,113,4882300,234673,750,4,0,1,0,0,1,0,0,1,0,1,0,0
201600053925,16,7,1,1200,1,2,7,1,3,113,4884430,236496,750,4,4,1,3,1,0,0,220,1,5,1,99,0
201600053926,16,7,2,1525,1,2,1,1,3,113,4883630,235046,750,4,2,0,0,1,1,0,0,1,0,1,0,0
201600053927,16,7,4,1340,1,2,2,1,3,113,4881920,235948,750,4,2,4,0,0,0,0,0,0,0,1,0,0
201600053928,16,7,5,745,1,2,1,1,3,113,4883510,235904,750,4,1,1,0,1,1,0,0,1,0,1,0,0
201600053929,16,7,5,1300,1,2,1,1,6,113,4882740,238082,750,4,2,1,0,1,1,0,50,1,1,1,0,0
201600053930,16,7,6,940,1,2,1,1,4,113,4882460,238425,750,4,1,4,0,1,0,0,120,1,0,1,0,0
201600053931,16,7,9,1340,1,2,2,1,3,113,4884200,236781,750,4,2,3,0,3,1,0,0,1,5,1,0,0
201600053932,16,7,9,1610,1,2,2,1,4,113,4883480,234159,750,4,0,2,0,0,0,0,65,0,0,0,0,0
201600053933,16,7,10,1945,1,2,1,1,6,113,4883360,237397,750,4,2,2,0,1,1,0,50,1,6,1,99,0
201600053934,16,7,11,750,1,2,2,1,3,113,4883230,237979,750,4,2,4,0,1,1,10,110,1,0,1,0,0
201600053935,16,7,11,1610,1,2,4,1,6,113,4883910,236115,750,4,2,3,0,2,1,0,0,1,0,1,0,0
201600053936,16,7,11,1640,1,2,5,1,6,113,4882620,237810,750,4,2,2,0,1,1,0,0,1,1,1,99,0
201600053937,16,7,11,1745,1,2,3,1,6,113,4882900,235763,750,4,0,0,0,1,1,0,0,1,0,4,0,0
201600053938,16,7,13,1845,1,2,5,1,6,113,4883110,234421,750,4,2,2,0,1,1,0,0,1,0,0,0,0
201600053939,16,7,16,1005,1,2,4,1,6,113,4881640,236001,750,4,0,1,0,1,1,0,100,1,0,1,99,0
201600053940,16,7,17,430,5,2,1,1,6,113,4883350,235159,750,4,2,2,0,1,1,0,0,1,0,1,99,0
201600053941,16,7,18,1830,1,2,3,1,2,113,4882890,238403,750,4,2,0,0,1,1,0,100,1,0,1,0,0
201600053942,16,7,22,115,5,2,1,1,3,113,4883030,237615,750,4,2,2,0,1,1,0,130,1,0,1,99,0
201600053943,16,7,22,1910,1,2,4,1,3,113,4883910,236115,750,4,2,1,0,2,1,0,120,1,0,1,99,0
201600053944,16,7,23,150,4,2,3,1,3,113,4882020,234800,750,4,0,1,0,1,1,0,0,1,0,1,0,0
201600053945,16,7,25,1115,1,2,1,1,5,113,4881800,234417,750,4,2,5,0,1,1,0,170,1,0,1,99,0
201600053946,16,7,25,1152,1,2,4,1,2,113,4881870,237086,750,4,1,3,0,1,1,0,174,1,0,1,0,0
201600053947,16,7,25,2055,2,2,1,1,7,113,4882470,236454,750,4,1,1,0,1,2,0,60,8,1,1,0,0
201600053948,16,7,26,830,1,2,1,1,3,113,4881650,234797,750,4,2,2,0,2,2,0,60,1,0,1,0,0
201600053949,16,7,26,830,1,2,2,1,3,113,4883640,237130,750,4,2,2,1,1,1,130,180,1,0,5,0,0
201600053950,16,7,27,2230,5,2,3,1,3,113,4883640,237130,750,4,2,2,0,1,1,0,0,1,0,1,99,0
201600053951,16,7,29,1510,1,2,1,1,6,113,4883090,235665,750,4,1,2,0,1,1,0,50,1,0,1,0,0
201600053952,16,7,30,1900,1,2,3,1,3,113,4883070,238174,750,4,2,4,0,1,1,0,100,1,0,1,99,0
201600053953,16,7,31,2305,5,2,3,1,3,113,4882690,235109,750,4,1,1,0,1,1,0,25,1,0,1,99,0
201600053954,16,8,1,2220,5,2,2,1,4,113,4883230,237979,750,4,2,3,1,1,1,0,125,1,0,1,0,0
201600053955,16,8,2,1145,1,2,1,2,6,113,4882630,235087,750,4,2,2,0,2,1,0,70,2,0,1,0,0
201600053956,16,8,6,1910,1,2,2,1,6,113,4883760,234550,750,4,2,2,0,0,0,0,0,0,0,1,0,0
201600053957,16,8,7,200,5,2,3,1,3,113,4883670,237433,750,4,2,2,0,1,1,10,60,1,0,1,99,0
201600053958,16,8,7,433,5,2,3,1,7,113,4882090,235076,750,4,3,4,0,2,1,0,0,1,0,1,99,0
201600053959,16,8,11,920,1,2,2,1,3,113,4881940,237362,750,4,2,5,0,1,1,0,0,1,0,0,0,0
201600053960,16,8,12,1620,1,2,1,1,6,113,4882080,235048,750,4,2,2,0,2,1,0,50,1,0,1,0,0
201600053961,16,8,14,130,5,2,1,1,3,113,4883590,237032,750,4,1,0,0,1,1,0,0,1,0,1,0,0
201600053962,16,8,14,745,1,2,1,1,6,113,4881960,236507,750,4,2,4,0,1,1,0,120,1,0,1,99,0
201600053963,16,8,16,950,1,2,1,1,3,113,4883060,234464,750,4,1,1,1,1,1,0,80,1,0,5,0,0
201600053964,16,8,19,1250,1,2,2,1,3,113,4882400,237702,750,4,3,2,1,1,1,0,75,1,0,1,0,0
201600053965,16,8,19,2020,2,2,1,2,7,113,4882120,235227,750,4,2,4,0,4,1,0,0,8,0,1,0,0
201600053966,16,8,21,640,2,2,4,1,6,113,4884320,236615,750,4,1,1,1,1,1,0,40,1,6,1,99,0
201600053967,16,8,22,1730,1,2,1,1,3,113,4882040,235271,750,4,2,3,3,1,1,0,130,1,0,1,0,0
201600053968,16,8,23,2045,2,2,3,1,6,113,4882050,236600,750,4,1,1,0,1,1,0,60,1,0,0,99,0
201600053969,16,8,25,135,5,2,5,1,6,113,4882090,235076,750,4,2,4,1,2,3,0,0,1,0,1,99,0
201600053970,16,8,26,140,5,2,7,1,6,105,4884370,236457,750,4,0,0,0,1,1,0,0,1,0,1,0,0
201600053971,16,8,27,1705,1,2,1,1,6,113,4882930,235745,750,4,2,1,0,2,1,0,60,1,6,1,99,0
201600053972,16,8,28,1535,1,2,5,1,3,113,4882500,238888,750,4,2,2,0,1,1,0,60,1,0,0,0,0
201600053973,16,8,28,2130,5,2,1,1,2,113,4882580,235102,750,4,2,3,0,1,1,0,60,1,0,1,0,0
201600053974,16,8,30,1945,2,2,1,1,2,113,4881650,236476,750,4,1,0,0,0,0,0,0,1,3,1,0,0
201600053975,16,8,31,910,1,2,2,1,2,113,4881600,236005,750,4,2,1,3,1,1,0,45,1,5,1,0,0
201600053976,16,8,31,810,1,2,4,1,2,113,4883750,235807,750,4,2,2,0,2,1,0,0,1,0,1,99,0
201600053977,16,9,1,2250,5,2,2,1,3,113,4882680,235326,750,4,1,1,0,1,1,0,35,1,0,1,0,0
201600053978,16,9,2,2045,5,2,2,1,6,113,4882020,235278,750,4,0,1,0,1,1,20,60,1,0,1,0,0
201600053979,16,9,3,140,5,2,3,1,2,113,4883870,237234,750,4,2,4,0,1,1,0,0,1,0,1,99,0
201600053980,16,9,3,1740,1,2,1,1,3,113,4883810,236036,750,4,2,2,0,2,1,0,100,1,0,1,99,0
201600053981,16,9,4,1340,1,2,3,1,6,113,4881920,236125,750,4,1,0,0,1,1,0,0,1,0,1,0,0
201600053982,16,9,5,2020,5,2,2,2,2,113,4883110,234421,750,4,2,3,0,1,1,0,120,2,0,1,99,0
201600053983,16,9,6,610,5,2,5,1,6,113,4882160,236923,750,4,2,3,0,1,1,30,30,1,0,1,0,0
201600053984,16,9,7,850,1,2,3,1,3,113,4883490,235315,750,4,3,2,0,0,0,0,0,0,0,0,0,0
201600053985,16,9,7,1130,1,2,1,1,2,113,4882590,238770,750,4,3,1,0,1,1,0,0,1,0,1,99,0
201600053986,16,9,13,1147,1,2,1,1,3,113,4883810,236036,750,4,2,0,0,2,1,0,153,1,0,1,3,0
201600053987,16,9,14,1520,1,2,1,1,6,113,4881660,234835,750,4,2,2,0,2,1,62,62,1,0,1,99,0
201600053988,16,9,14,2010,1,2,2,2,6,113,4883420,234480,750,4,2,2,0,1,1,60,60,2,0,1,99,0
201600053989,16,9,15,750,1,2,1,2,6,113,4881850,235963,750,4,2,6,3,1,1,0,0,2,0,1,0,0
201600053990,16,9,16,1105,1,2,1,2,6,113,4883870,236085,750,4,2,2,0,2,1,0,0,2,0,1,0,0
201600053991,16,9,16,1445,1,2,1,1,2,113,4882180,235164,750,4,2,2,0,1,1,0,50,1,0,1,0,0
201600053992,16,9,16,1745,1,2,1,1,3,113,4883520,235294,750,4,2,4,3,2,1,0,130,2,0,1,0,0
201600053993,16,9,19,1750,1,2,1,1,6,113,4883500,236798,750,4,0,2,1,0,1,0,72,1,0,5,0,0
201600053994,16,9,22,1810,1,2,1,1,3,113,4882160,235874,750,4,2,4,0,1,1,130,130,1,0,4,0,0
201600053995,16,9,22,2000,5,2,1,1,2,113,4882730,238158,750,4,1,2,0,1,1,0,0,1,0,1,0,0
201600053996,16,9,22,2135,5,2,2,1,3,113,4883560,234825,750,4,0,2,0,1,1,0,100,1,0,1,0,0
201600053997,16,9,21,2300,5,2,1,1,6,113,4882740,237715,750,4,1,1,0,1,2,0,0,1,0,0,0,0
201600053998,16,9,23,1205,1,2,1,1,2,113,4882500,236226,750,4,1,2,0,1,1,0,110,1,0,1,3,0
201600053999,16,9,24,325,5,2,3,1,6,105,4885110,234442,750,4,1,3,0,1,1,5,120,1,0,1,0,0
201600054000,16,9,24,540,5,2,2,1,2,113,4882580,234653,750,4,2,4,0,1,1,0,100,1,0,1,99,0
201600054001,16,9,24,1200,1,2,1,1,6,113,4884290,236654,750,4,2,4,0,2,1,0,120,1,0,1,99,0
201600054002,16,9,26,1245,1,2,1,1,6,113,4883090,235665,750,4,1,2,0,1,1,0,60,1,5,1,99,0
201600054003,16,9,26,2255,5,2,3,1,6,113,4882090,235487,750,4,3,2,0,2,3,0,0,1,0,1,99,0
201600054004,16,9,29,1800,1,2,2,1,3,113,4882580,238199,750,4,2,4,0,1,1,20,140,1,0,0,99,0
201600054005,16,9,29,2040,5,2,1,1,2,113,4882440,236220,750,4,0,1,0,0,0,0,50,0,0,1,0,0
201600054006,16,9,30,5,5,2,5,1,3,113,4882580,235041,750,4,2,2,0,2,1,0,0,1,0,1,99,0
201600054007,16,9,30,1650,1,2,1,8,3,113,4882170,234351,750,4,2,2,0,1,1,0,90,1,0,1,99,0
201600054008,16,10,2,655,1,2,2,1,3,113,4883230,237979,750,4,2,4,0,1,1,0,130,0,0,1,0,0
201600054009,16,10,2,1900,2,2,2,1,6,113,4881890,235952,750,4,1,2,0,1,1,0,0,1,6,1,99,0
201600054010,16,10,4,1000,1,2,5,1,6,113,4882660,236354,750,4,2,4,0,2,1,0,120,1,0,1,3,0
201600054011,16,10,4,2030,5,2,4,1,6,113,4882090,235487,750,4,3,4,0,4,3,0,0,1,5,1,0,0
201600054012,16,10,4,2350,5,2,1,1,6,113,4882760,238631,750,4,2,4,0,1,1,0,120,1,2,1,99,0
201600054013,16,10,5,915,1,2,3,1,3,113,4883560,234825,750,4,2,2,0,1,1,20,130,1,0,0,0,0
201600054014,16,10,6,647,5,2,1,1,6,113,4883250,235483,750,4,2,4,0,2,1,0,142,1,0,3,0,0
201600054015,16,10,6,1810,1,2,7,1,3,113,4884400,236474,750,4,1,0,0,1,3,0,0,1,5,1,0,0
201600054016,16,10,6,2000,5,2,3,1,6,113,4882160,235255,750,4,2,2,0,1,1,0,30,1,0,1,99,0
201600054017,16,10,9,1950,5,2,3,1,2,113,4882050,236600,750,4,2,4,0,1,1,0,120,1,0,1,0,0
201600054018,16,10,10,1655,1,2,7,2,6,113,4884370,236457,750,4,1,2,0,1,1,0,60,0,5,1,99,0
201600054019,16,10,10,1730,1,2,1,3,6,113,4882620,235766,750,4,2,2,0,1,1,0,80,2,0,1,99,0
201600054020,16,10,10,2115,5,2,3,1,1,113,4883750,234631,750,4,3,2,0,1,1,0,80,2,0,1,0,0
201600054021,16,10,10,2220,5,2,5,1,3,113,4882700,238605,750,4,3,4,0,1,1,0,0,1,0,1,99,0
201600054022,16,10,11,1130,1,2,2,1,3,113,4882090,235076,750,4,1,3,1,2,1,0,30,1,0,1,99,0
201600054023,16,10,11,1820,2,2,3,1,3,113,4883120,236913,750,4,0,1,0,1,1,0,0,1,0,1,99,0
201600054024,16,10,12,953,1,2,1,1,3,113,4882850,236692,750,4,0,1,1,2,1,0,40,1,0,5,0,0
201600054025,16,10,12,1500,1,2,2,1,3,113,4882760,238125,750,4,1,1,0,1,1,0,50,1,0,0,0,0
201600054026,16,10,13,1900,2,2,1,1,6,113,4882100,236401,750,4,1,2,0,1,1,0,64,2,6,1,99,0
201600054027,16,10,15,200,5,2,1,8,2,113,4883260,237493,750,4,2,2,0,1,1,0,0,2,0,1,0,0
201600054028,16,10,16,1645,1,2,1,1,6,113,4883510,237418,750,4,2,2,0,2,1,0,60,1,0,1,0,0
201600054029,16,10,17,200,5,2,3,1,3,113,4883590,235874,750,4,2,4,0,2,1,0,0,2,0,1,99,0
201600054030,16,10,19,855,1,2,3,1,6,113,4882790,234723,750,4,1,1,0,1,1,0,62,1,0,0,99,0
201600054031,16,10,19,1408,1,2,7,1,6,113,4884370,236457,750,4,2,7,3,1,1,10,80,1,0,1,0,0
201600054032,16,10,19,2125,5,2,2,1,6,113,4882580,234653,750,4,3,1,0,2,1,0,0,2,0,1,99,0
201600054033,16,10,19,2110,5,2,1,1,3,113,4882070,237685,750,4,1,4,0,1,1,0,80,1,0,1,0,0
201600054034,16,10,20,1016,1,2,2,1,6,113,4882890,237986,750,4,2,2,0,0,1,0,60,1,0,0,0,0
201600054035,16,10,20,1610,1,2,1,2,3,113,4882880,237349,750,4,2,3,0,2,1,0,50,2,0,1,99,0
201600054036,16,10,21,1240,1,2,3,1,3,113,4883300,237872,750,4,2,2,0,1,1,0,0,1,0,1,99,0
201600054037,16,10,21,1605,1,2,4,2,4,114,4881740,234402,750,4,0,2,0,1,3,0,50,2,0,0,99,0
201600054038,16,10,22,214,5,2,1,1,6,113,4881740,236676,750,4,3,0,0,1,1,0,0,1,2,1,0,0
201600054039,16,10,23,1115,1,2,2,1,6,113,4882400,237702,750,4,2,2,0,1,1,0,60,1,0,4,0,0
201600054040,16,10,24,1245,1,2,2,2,7,113,4882010,236468,750,4,0,0,0,0,0,0,0,0,0,1,0,0
201600054041,16,10,24,1610,1,2,3,2,2,113,4882220,234728,750,4,2,2,0,1,1,0,0,2,0,1,0,0
201600054042,16,10,25,1115,1,2,2,6,5,113,4883030,234582,750,4,2,2,0,1,1,0,50,1,0,1,0,0
201600054043,16,10,25,1505,1,2,4,1,6,113,4884330,236427,750,4,2,2,0,1,1,0,0,1,0,1,0,0
201600054044,16,10,26,1115,1,2,4,1,3,113,4883910,236115,750,4,1,1,0,1,2,0,65,1,0,1,0,0
201600054045,16,10,28,2225,5,2,3,1,3,113,4882900,235763,750,4,2,2,0,1,1,10,60,1,0,1,0,0
201600054046,16,10,30,430,5,2,1,1,2,113,4883530,237584,750,4,2,2,0,1,1,0,0,1,0,1,99,0
201600054047,16,10,30,530,5,2,4,1,6,113,4882570,238758,750,4,1,1,0,0,2,0,85,1,0,1,0,0
201600054048,16,10,31,340,5,2,2,1,3,113,4882010,236468,750,4,1,1,0,1,1,0,20,1,0,1,0,0
201600054049,16,11,1,1600,1,2,5,1,6,113,4883080,234412,750,4,0,0,0,1,1,0,0,1,0,1,0,0
201600054050,16,11,2,1100,1,2,3,1,2,113,4881760,235328,750,4,2,2,0,4,1,0,0,1,0,1,0,0
201600054051,16,11,2,1820,5,2,2,1,6,113,4882220,235854,750,4,1,3,0,1,1,100,100,1,0,1,99,0
201600054052,16,11,2,1850,5,2,2,1,6,113,4882620,237810,750,4,3,2,0,1,0,0,0,1,2,0,0,0
201600054053,16,11,2,2200,5,2,7,1,3,113,4881890,236565,750,4,2,0,0,1,1,0,100,1,5,1,99,0
201600054054,16,11,3,705,1,2,2,1,3,113,4881890,235952,750,4,2,2,0,1,1,30,30,1,0,1,99,0
201600054055,16,11,3,930,1,2,2,1,2,113,4881930,235328,750,4,2,2,0,1,1,0,0,1,0,1,0,0
201600054056,16,11,3,1350,1,2,2,1,6,113,4883280,235649,750,4,1,2,0,1,1,30,30,1,0,1,0,0
201600054057,16,11,4,2200,5,2,1,2,6,113,4884210,236340,750,4,3,7,0,1,1,0,200,2,0,1,0,0
201600054058,16,11,5,150,5,2,2,2,3,111,4886610,237014,750,4,2,2,0,2,1,0,0,2,0,1,99,0
201600054059,16,11,5,2050,5,2,2,2,3,113,4882290,236870,750,4,2,2,0,1,1,0,0,2,0,1,99,0
201600054060,16,11,5,2225,5,2,2,1,3,113,4883060,237679,750,4,1,2,0,1,1,0,0,2,0,1,99,0
201600054061,16,11,6,220,5,2,5,1,6,113,4882160,236923,750,4,3,4,3,1,1,0,0,1,0,1,0,0
201600054062,16,11,7,750,1,2,3,4,4,113,4881940,237362,750,4,1,1,0,1,1,0,0,2,0,1,99,0
201600054063,16,11,7,1335,1,2,1,2,6,113,4882530,236181,750,4,1,2,0,1,1,0,120,1,0,1,0,0
201600054064,16,11,7,1445,1,2,5,2,6,113,4882370,236185,750,4,1,1,0,1,1,0,40,2,0,0,3,0
201600054065,16,11,7,1810,5,2,2,2,6,113,4883060,237679,750,4,3,0,0,2,1,0,75,2,1,1,99,0
201600054066,16,11,9,1420,1,2,2,2,2,113,4882990,237545,750,4,2,2,0,0,0,0,0,0,0,1,0,0
201600054067,16,11,9,1550,1,2,1,3,4,113,4883480,236796,750,4,1,2,0,1,1,60,60,2,0,1,0,0
201600054068,16,11,10,1100,1,2,2,1,3,113,4883230,237979,750,4,2,2,0,1,1,0,70,2,0,1,99,0
201600054069,16,11,11,1935,5,2,1,1,3,113,4882450,238730,750,4,2,2,0,1,1,0,0,1,0,1,0,0
201600054070,16,11,13,1540,1,2,2,8,6,113,4883670,237183,750,4,1,2,1,2,1,0,60,2,0,1,99,0
201600054071,16,11,13,1950,5,2,5,2,3,113,4882770,237136,750,4,0,2,0,1,1,0,100,2,0,0,0,0
201600054072,16,11,14,2215,5,2,3,1,6,113,4882790,234723,750,4,0,1,0,2,1,0,30,1,0,1,0,0
201600054073,16,11,15,530,5,2,1,2,3,113,4882990,234366,750,4,2,2,0,1,1,100,100,2,0,1,0,0
201600054074,16,11,15,2330,5,2,5,2,7,113,4883040,235271,750,4,1,2,0,2,1,0,0,2,0,1,99,0
201600054075,16,11,16,710,2,2,1,2,3,113,4883510,236815,750,4,1,2,0,1,1,0,60,2,0,1,0,0
201600054076,16,11,17,1820,5,2,1,1,6,113,4882180,235164,750,4,0,2,0,2,1,0,100,2,0,1,0,0
201600054077,16,11,18,910,1,2,3,1,2,113,4883560,234825,750,4,2,4,3,2,1,0,150,1,0,1,0,0
201600054078,16,11,18,1205,1,2,1,1,6,113,4884070,236235,750,4,0,0,0,2,1,0,0,1,0,0,99,0
201600054079,16,11,18,1515,1,2,1,1,2,113,4882550,238116,750,4,3,2,0,1,1,0,50,1,2,1,0,0
201600054080,16,11,18,1650,1,2,1,1,2,113,4882680,236523,750,4,2,3,0,1,1,0,100,1,0,1,99,0
201600054081,16,11,19,1321,1,2,1,1,3,113,4882950,235628,750,4,2,4,1,1,1,0,160,1,0,1,0,0
201600054082,16,11,21,510,5,2,2,2,6,113,4883080,234412,750,4,1,2,0,2,1,0,0,3,0,1,0,0
201600054083,16,11,23,800,1,2,2,1,7,113,4882660,236354,750,4,2,4,3,1,1,0,95,2,0,1,3,0
201600054084,16,11,24,1545,1,2,2,1,6,113,4883320,235679,750,4,0,0,0,1,1,0,0,1,0,0,3,0
201600054085,16,11,25,100,5,2,5,1,6,113,4881890,235952,750,4,2,6,0,1,1,0,119,1,0,1,99,0
201600054086,16,11,25,850,1,2,5,1,6,113,4883300,236181,750,4,1,2,0,2,1,0,60,1,0,1,0,0
201600054087,16,11,27,1050,1,2,2,1,6,113,4882220,235854,750,4,1,1,0,1,1,0,0,1,0,1,0,0
201600054088,16,11,27,1230,1,2,2,1,3,113,4884320,236615,750,4,0,3,0,1,0,0,105,1,0,0,99,0
201600054089,16,11,28,745,1,2,1,1,6,113,4883850,235730,750,4,2,2,3,1,1,0,0,1,0,1,99,0
201600054090,16,11,30,825,1,2,1,1,6,113,4882620,236080,750,4,2,3,0,1,1,0,75,1,0,3,0,0
201600054091,16,12,1,845,1,2,5,1,3,113,4883350,236334,750,4,0,2,1,2,1,0,0,1,0,5,0,0
201600054092,16,12,1,1023,1,2,1,1,3,113,4882930,237449,750,4,2,2,0,1,1,0,75,1,0,1,99,0
201600054093,16,12,1,2345,3,2,2,1,3,113,4881890,235952,750,4,2,0,0,1,1,0,0,1,5,1,0,0
201600054094,16,12,4,1730,5,2,1,1,3,114,4881670,234169,750,4,1,2,0,1,1,0,60,1,0,1,99,0
201600054095,16,12,6,1040,1,2,2,1,6,113,4882600,235364,750,4,2,0,0,1,1,0,81,1,6,1,0,0
201600054096,16,12,6,1819,5,2,2,1,6,113,4883230,237979,750,4,2,4,0,1,1,0,75,1,0,1,0,0
201600054097,16,12,7,1740,5,2,2,1,6,113,4882590,234515,750,4,2,2,0,1,1,0,0,1,0,1,99,0
201600054098,16,12,8,1905,5,2,5,1,3,113,4882620,235988,750,4,0,1,0,1,1,0,50,1,0,1,0,0
201600054099,16,12,12,1605,1,2,5,2,6,113,4883330,236357,750,4,2,2,0,2,1,0,60,2,0,1,3,0
201600054100,16,12,13,2015,5,2,2,1,3,113,4882290,237315,750,4,2,4,0,2,1,0,150,1,4,1,0,0
201600054101,16,12,13,2115,5,2,5,1,3,113,4882580,235041,750,4,2,2,0,2,1,0,100,1,0,1,99,0
201600054102,16,12,14,1115,1,2,2,1,6,113,4883340,235423,750,4,0,0,0,3,0,0,0,1,0,0,0,0
201600054103,16,12,14,1840,5,2,2,1,3,113,4883050,237835,750,4,2,2,0,1,1,0,30,1,0,1,0,0
201600054104,16,12,14,2045,5,2,2,1,3,113,4882570,234718,750,4,2,2,0,1,1,0,30,1,0,1,0,0
201600054105,16,12,15,1800,2,2,1,1,6,113,4882680,236469,750,4,2,2,3,1,1,0,0,1,0,1,0,0
201600054106,16,12,16,1605,1,2,1,1,3,113,4882720,234159,750,4,1,2,0,1,0,0,90,1,0,1,0,0
201600054107,16,12,17,315,5,2,3,1,6,113,4883460,235333,750,4,2,2,0,2,1,0,80,1,0,1,99,0
201600054108,16,12,19,1520,1,2,2,1,6,113,4882730,236852,750,4,0,2,0,1,1,0,0,1,0,1,0,0
201600054109,16,12,20,1630,2,2,3,1,6,113,4883150,237601,750,4,1,2,0,1,2,0,95,1,0,1,0,0
201600054110,16,12,21,2000,5,2,1,2,6,113,4884050,236220,750,4,0,0,0,1,0,0,0,2,0,1,0,0
201600054111,16,12,22,915,1,2,1,8,3,113,4883120,237392,750,4,1,1,0,1,0,0,0,2,0,1,0,0
201600054112,16,12,22,1750,5,2,1,1,6,113,4884150,236298,750,4,4,6,3,2,1,0,190,1,4,1,0,0
201600054113,16,12,23,1320,1,2,1,1,3,113,4881830,235968,750,4,2,4,0,1,1,0,150,1,0,1,99,0
201600054114,16,12,25,2100,5,2,2,1,6,113,4883060,237679,750,4,2,4,0,0,1,0,120,1,0,1,0,0
201600054115,16,12,26,930,1,2,4,8,2,113,4881600,236069,750,4,1,2,0,2,1,0,50,2,3,1,99,0
201600054116,16,12,27,1520,1,2,3,1,6,113,4883490,235075,750,4,2,2,0,1,1,0,0,1,0,1,0,0
201600054117,16,12,27,1925,5,2,1,1,2,113,4882030,234853,750,4,2,4,0,1,1,0,0,1,0,1,0,0
201600054118,16,1,6,800,2,2,3,1,3,114,4883200,231353,750,4,2,3,0,1,1,0,80,1,0,1,0,0
201600054119,16,1,9,630,5,2,7,2,2,114,4882320,232552,750,4,1,3,0,1,1,0,0,2,0,1,0,0
201600054120,16,1,9,1010,1,2,1,1,6,107,4885270,231908,750,4,1,1,0,1,0,0,0,1,0,1,0,0
201600054121,16,1,12,1730,2,2,4,1,3,114,4883030,232586,750,4,2,3,0,1,1,0,120,1,0,1,0,0
201600054122,16,1,16,2040,5,2,1,1,2,115,4882740,230099,750,4,2,2,0,1,1,0,60,1,0,1,99,0
201600054123,16,1,19,1845,5,2,1,1,3,114,4883470,231419,750,4,1,2,0,1,1,0,0,1,0,3,99,0
201600054124,16,1,25,1330,1,2,3,1,6,114,4883260,232510,750,4,1,1,0,1,1,0,0,1,0,1,0,0
201600054125,16,1,26,700,2,2,3,1,2,114,4882490,230210,750,4,1,2,0,1,1,0,0,2,0,1,99,0
201600054126,16,1,26,1000,1,2,7,1,3,114,4882780,232667,750,4,4,2,0,1,1,0,50,1,0,1,0,0
201600054127,16,1,26,1530,1,2,7,1,2,114,4882780,232667,750,4,1,1,0,1,2,0,0,1,5,1,0,0
201600054128,16,1,26,1745,2,2,2,1,6,114,4882460,231928,750,4,1,1,0,1,1,0,60,1,0,0,0,0
201600054129,16,1,27,750,1,2,3,2,3,114,4882410,232769,750,4,1,1,0,2,1,0,70,2,0,0,0,0
201600054130,16,1,27,1230,1,2,1,1,6,114,4882030,233873,750,4,2,4,0,2,1,70,180,2,0,1,99,0
201600054131,16,1,29,5,5,2,7,1,2,114,4882780,232667,750,4,4,1,0,1,1,0,100,1,0,1,0,0
201600054132,16,2,1,930,1,2,1,1,6,114,4883930,233802,750,4,2,2,3,1,1,0,0,1,0,1,99,0