Num_Acc,an,mois,jour,hrmn,lum,agg,int,atm,col,com,lat,long,dep,catr,circ,nbv,vosp,prof,plan,lartpc,larrout,surf,infra,situ,env1,killed
201600054133,16,2,2,1720,2,2,2,2,3,114,4882890,233113,750,4,1,1,0,1,1,0,60,2,0,1,0,0
201600054134,16,2,2,1850,5,2,2,2,6,114,4882270,232263,750,4,2,2,0,1,1,0,60,2,0,1,99,0
201600054135,16,2,2,2120,5,2,1,2,2,114,4882780,233128,750,4,2,3,0,1,1,0,0,2,0,1,0,0
201600054136,16,2,3,1455,1,2,2,1,6,107,4886000,231479,750,4,0,1,0,0,0,0,0,0,0,1,0,0
201600054137,16,2,4,1920,5,2,2,2,6,114,4882370,232320,750,4,2,4,0,1,1,0,200,2,0,5,99,0
201600054138,16,2,6,1150,1,2,3,1,6,114,4883020,232332,750,4,1,2,0,1,1,0,80,1,0,1,0,0
201600054139,16,2,8,2340,3,2,3,1,3,114,4882230,231415,750,4,1,2,0,1,1,0,90,1,0,1,0,0
201600054140,16,2,9,945,1,2,3,2,6,114,4883040,231379,750,4,1,1,0,1,1,0,30,2,0,1,0,0
201600054141,16,2,10,1155,1,2,1,1,6,114,4883890,232028,750,4,2,4,1,2,1,60,210,1,0,5,0,0
201600054142,16,2,12,1350,1,2,1,3,6,114,4883450,232410,750,4,2,3,0,1,1,0,0,2,0,1,99,0
201600054143,16,2,13,1850,5,2,3,2,6,107,4886230,230542,750,4,2,5,0,1,1,0,150,2,0,1,0,0
201600054144,16,2,15,1410,1,2,1,1,4,114,4883180,230984,750,4,1,2,0,1,1,0,90,1,0,1,99,0
201600054145,16,2,17,1155,1,2,2,1,3,114,4884360,232458,750,4,0,2,0,1,1,0,120,0,0,1,99,0
201600054146,16,2,18,1350,1,2,3,2,6,114,4884030,233485,750,4,2,6,0,1,1,50,150,2,0,1,0,0
201600054147,16,2,19,845,1,2,1,1,5,114,4883000,232596,750,4,2,5,0,1,1,0,170,1,0,1,0,0
201600054148,16,2,20,1325,1,2,2,1,6,114,4883510,232028,750,4,1,1,0,1,1,0,40,1,0,1,0,0
201600054149,16,2,20,1400,1,2,5,1,3,114,4882770,230530,750,4,0,0,0,1,1,0,0,1,0,0,0,0
201600054150,16,2,23,715,5,2,4,2,6,114,4882910,232634,750,4,2,4,0,1,1,0,130,2,0,1,0,0
201600054151,16,2,23,1646,1,2,3,1,6,114,4883150,232661,750,4,1,1,0,1,1,0,40,1,0,1,0,0
201600054152,16,2,25,1950,5,2,3,1,6,114,4882440,232031,750,4,2,4,0,1,1,50,40,1,0,1,0,0
201600054153,16,3,1,1330,1,2,3,2,3,114,4882710,233219,750,4,2,2,0,2,1,0,60,2,0,1,0,0
201600054154,16,3,1,1955,2,2,3,2,3,115,4884860,228289,750,4,2,2,0,1,1,0,50,2,0,1,99,0
201600054155,16,3,2,2145,5,2,2,1,3,114,4882710,232497,750,4,0,1,0,1,0,0,40,1,0,1,99,0
201600054156,16,3,2,1750,1,2,1,2,6,114,4883710,233501,750,4,2,0,0,1,1,0,0,2,0,1,0,0
201600054157,16,3,2,2145,5,2,7,2,3,114,4883420,233234,750,4,2,6,0,1,1,0,170,2,0,1,99,0
201600054158,16,3,10,1200,1,2,1,1,6,114,4882780,232830,750,4,2,2,0,1,1,0,100,1,0,1,3,0
201600054159,16,3,12,143,5,2,2,1,3,114,4883480,234159,750,4,2,4,0,1,1,0,120,1,5,1,99,0
201600054160,16,3,15,1450,1,2,7,1,6,114,4882780,232667,750,4,0,0,0,1,1,0,0,1,0,0,3,0
201600054161,16,3,18,1940,5,2,1,1,2,114,4881660,233898,750,4,3,3,0,1,1,10,90,1,0,1,99,0
201600054162,16,3,20,100,5,2,2,1,6,114,4883300,233597,750,4,1,2,0,1,1,0,100,1,0,1,99,0
201600054163,16,3,22,1815,2,2,1,1,3,115,4883510,226619,750,4,2,7,0,1,1,15,120,1,0,1,0,0
201600054164,16,3,22,2110,5,2,2,1,6,114,4883420,233234,750,4,2,6,3,1,1,0,120,1,0,1,99,0
201600054165,16,3,25,40,5,2,4,2,6,114,4882060,232415,750,4,1,3,0,1,1,0,160,1,0,1,99,0
201600054166,16,3,25,830,1,2,3,2,6,114,4882090,232991,750,4,2,2,0,1,0,0,60,2,0,1,0,0
201600054167,16,3,26,1130,1,2,1,1,6,114,4883050,231138,750,4,1,0,0,1,1,0,0,1,0,1,0,0
201600054168,16,3,26,1605,1,2,5,8,3,114,4883240,232050,750,4,1,0,0,0,0,0,0,0,0,0,0,0
201600054169,16,3,29,1905,1,2,1,2,7,114,4882520,232598,750,4,2,6,0,1,1,0,0,2,0,1,99,0
201600054170,16,3,31,1430,1,2,2,3,6,114,4882260,231491,750,4,3,5,0,1,1,20,200,2,0,1,99,0
201600054171,16,4,1,45,5,2,7,1,6,114,4882430,231867,750,4,3,0,0,1,3,0,140,1,0,4,99,0
201600054172,16,3,31,2050,5,2,1,1,2,114,4882130,232014,750,4,1,3,0,1,1,0,120,1,0,1,99,0
201600054173,16,4,1,2010,2,2,4,1,7,114,4884060,233381,750,4,1,2,0,1,3,0,0,1,0,1,0,0
201600054174,16,4,1,2200,5,2,1,1,6,114,4882960,230942,750,4,2,2,0,1,1,0,70,1,0,1,99,0
201600054175,16,4,7,1,5,2,2,1,6,114,4882930,232262,750,4,2,2,0,0,0,0,0,0,0,1,0,0
201600054176,16,4,7,1255,1,2,4,1,6,114,4883770,233116,750,4,1,0,0,1,1,0,0,1,0,1,0,0
201600054177,16,4,7,1815,1,2,5,1,3,114,4882990,233390,750,4,1,2,0,1,1,0,60,1,0,1,0,0
201600054178,16,4,10,1925,1,2,2,1,3,114,4883180,232196,750,4,1,1,0,1,1,0,40,1,0,1,0,0
201600054179,16,4,11,1930,1,2,2,1,3,114,4882230,231415,750,4,3,2,0,1,1,0,80,1,0,1,99,0
201600054180,16,4,13,2345,5,2,3,1,2,114,4882980,232115,750,4,2,3,0,1,1,0,90,1,0,1,0,0
201600054181,16,4,14,1525,1,2,3,1,2,114,4883210,233953,750,4,2,3,3,2,1,0,80,1,0,1,99,0
201600054182,16,4,15,850,1,2,2,1,3,114,4883300,233597,750,4,1,3,0,1,1,0,0,1,0,1,99,0
201600054183,16,4,15,1935,1,2,5,1,6,114,4883280,231155,750,4,1,3,0,1,1,0,0,1,0,1,99,0
201600054184,16,4,17,45,5,2,1,1,3,114,4882970,232142,750,4,2,2,0,1,1,0,100,1,0,1,0,0
201600054185,16,4,17,1405,1,2,2,1,6,114,4882220,233042,750,4,3,4,0,1,1,100,120,1,0,1,99,0
201600054186,16,4,17,1900,1,2,7,1,3,114,4884360,232458,750,4,0,1,0,1,3,0,0,1,0,0,0,0
201600054187,16,4,17,2200,4,2,2,1,2,114,4883330,233615,750,4,0,2,0,1,1,10,130,1,0,1,99,0
201600054188,16,4,18,850,1,2,7,1,6,114,4883380,233333,750,4,1,2,0,1,0,0,60,1,0,1,0,0
201600054189,16,4,18,950,1,2,7,1,2,114,4882780,232667,750,4,2,2,0,1,1,0,60,1,0,1,0,0
201600054190,16,4,20,1415,1,2,1,1,3,114,4883980,232368,750,4,1,1,0,1,1,0,0,1,0,1,0,0
201600054191,16,4,21,730,1,2,1,1,7,114,4883930,233669,750,4,2,5,0,1,1,10,150,1,0,1,0,0
201600054192,16,4,21,1430,1,2,2,1,3,114,4882010,232389,750,4,1,2,0,1,0,0,0,1,0,1,99,0
201600054193,16,4,22,730,1,2,3,1,3,114,4883220,233061,750,4,1,2,0,1,1,0,60,1,0,1,99,0
201600054194,16,4,24,1645,1,2,4,1,3,114,4882260,231491,750,4,2,4,3,1,1,0,0,1,0,0,99,0
201600054195,16,4,29,2125,5,2,3,3,6,114,4883920,233832,750,4,2,4,0,2,1,0,200,2,0,1,0,0
201600054196,16,4,30,1430,1,2,1,2,7,114,4883850,231981,750,4,2,2,0,1,0,0,0,2,0,1,0,0
201600054197,16,5,1,1820,1,2,2,1,3,114,4882010,232389,750,4,4,0,0,0,1,0,0,1,0,0,99,0
201600054198,16,5,2,850,1,2,2,1,2,114,4882220,233042,750,4,3,5,0,1,1,60,150,1,0,1,99,0
201600054199,16,5,4,935,1,2,1,1,2,114,4882150,231750,750,4,1,0,0,1,1,0,80,1,0,1,99,0
201600054200,16,5,4,2215,5,2,1,1,6,114,4883980,232368,750,4,1,1,0,1,1,0,25,1,0,1,0,0
201600054201,16,5,5,1820,1,2,5,1,6,114,4882740,233512,750,4,2,0,3,2,1,0,0,1,0,1,3,0
201600054202,16,5,8,1420,1,2,1,1,6,114,4883730,232300,750,4,2,4,0,1,1,0,150,1,0,1,0,0
201600054203,16,5,8,1800,1,2,3,1,6,114,4883590,233774,750,4,1,1,0,1,1,0,43,1,0,1,99,0
201600054204,16,5,8,2135,1,2,2,1,2,114,4882960,232833,750,4,2,5,0,1,1,0,130,1,0,1,0,0
201600054205,16,5,11,1420,1,2,1,3,6,114,4883010,233448,750,4,1,0,2,2,1,0,80,2,0,1,0,0
201600054206,16,5,13,1632,1,2,5,1,2,114,4884340,232414,750,4,0,3,0,1,1,0,0,1,0,1,99,0
201600054207,16,5,18,1815,1,2,4,2,6,114,4882910,232634,750,4,2,2,0,1,1,20,130,2,0,1,0,0
201600054208,16,5,22,1215,1,2,5,2,7,114,4882780,232667,750,4,1,4,0,1,1,0,80,2,0,1,0,0
201600054209,16,5,22,2315,5,2,3,1,7,114,4884050,233009,750,4,2,4,3,1,1,0,120,2,0,1,0,0
201600054210,16,5,23,1850,1,2,1,1,6,114,4882410,233526,750,4,2,2,0,2,0,0,60,1,0,1,99,0
201600054211,16,5,24,555,1,2,3,1,6,114,4883230,231505,750,4,1,0,0,1,1,0,0,1,6,1,99,0
201600054212,16,5,25,1530,1,2,3,1,6,114,4883360,231745,750,4,1,1,0,1,1,0,40,1,0,1,0,0
201600054213,16,5,25,1745,1,2,2,1,6,114,4883360,232579,750,4,1,1,0,1,0,0,0,1,0,1,3,0
201600054214,16,5,28,255,5,2,7,1,3,114,4883420,233234,750,4,0,4,0,1,1,0,120,1,0,0,0,0
201600054215,16,5,28,1830,1,2,1,1,6,114,4883670,232058,750,4,1,1,0,1,0,0,50,1,0,1,99,0
201600054216,16,6,1,105,5,2,1,2,6,114,4883710,232308,750,4,2,5,0,1,1,7,220,2,0,1,0,0
201600054217,16,6,1,1115,1,2,1,1,3,114,4882080,232275,750,4,2,6,0,2,1,0,0,1,0,1,0,0
201600054218,16,6,3,1715,1,2,1,1,6,114,4883040,232902,750,4,2,5,0,1,1,0,110,1,0,1,0,0
201600054219,16,6,5,1920,1,2,2,1,6,114,4883290,232812,750,4,1,1,0,1,0,0,0,1,0,1,3,0
201600054220,16,6,8,955,1,2,2,1,7,114,4883250,232498,750,4,2,3,3,1,1,0,150,1,0,1,0,0
201600054221,16,6,8,1135,1,2,2,1,6,114,4882600,231255,750,4,0,2,0,1,3,0,0,1,0,0,0,0
201600054222,16,6,9,1915,1,2,1,1,2,114,4881670,233626,750,4,1,3,0,1,1,0,90,1,0,1,99,0
201600054223,16,6,10,720,1,2,1,1,3,114,4883650,232336,750,4,2,4,3,1,1,5,120,1,0,1,99,0
201600054224,16,6,10,1910,1,2,1,1,6,114,4882760,230604,750,4,3,6,0,1,1,0,180,1,6,1,0,0
201600054225,16,6,10,1924,1,2,1,1,6,114,4883420,232423,750,4,2,4,3,1,1,5,145,1,0,1,99,0
201600054226,16,6,11,23,5,2,3,1,6,114,4883010,232036,750,4,2,4,0,1,1,0,90,1,0,1,99,0
201600054227,16,6,13,230,5,2,2,1,3,114,4882320,232552,750,4,2,2,0,1,1,25,60,1,0,1,0,0
201600054228,16,6,14,1045,1,2,2,1,3,114,4883650,232014,750,4,1,1,0,1,1,0,30,1,0,1,0,0
201600054229,16,6,14,1149,1,2,2,1,6,114,4883460,233696,750,4,3,2,0,2,1,0,60,1,0,1,99,0
201600054230,16,6,14,1430,1,2,1,1,3,114,4883480,234097,750,4,3,0,0,1,1,0,150,1,0,1,0,0
201600054231,16,6,15,815,1,2,1,2,7,114,4883170,234069,750,4,3,2,0,1,1,0,0,2,0,1,0,0
201600054232,16,6,16,1345,1,2,1,2,2,114,4883730,232300,750,4,2,5,3,1,1,0,0,2,0,1,0,0
201600054233,16,6,17,1600,1,2,3,1,6,114,4884200,232272,750,4,0,1,0,1,1,0,30,1,0,1,99,0
201600054234,16,6,19,1310,1,2,1,1,3,107,4886240,230951,750,4,2,4,1,1,1,0,200,1,0,1,99,0
201600054235,16,6,19,1425,1,2,2,1,6,114,4883180,231413,750,4,0,2,0,1,1,0,60,1,0,1,99,0
201600054236,16,6,20,2335,5,2,2,1,6,114,4884310,232635,750,4,2,6,0,1,1,20,180,2,6,1,99,0
201600054237,16,6,22,115,5,2,3,1,2,114,4883320,233149,750,4,1,0,0,1,0,50,50,1,0,1,0,0
201600054238,16,6,22,1345,1,2,2,1,7,114,4882610,233074,750,4,1,1,1,2,1,0,0,1,0,1,99,0
201600054239,16,6,22,1945,1,2,2,1,3,114,4883650,232014,750,4,1,1,0,1,1,0,30,1,0,1,99,0
201600054240,16,6,26,1941,1,2,2,1,3,114,4882040,232542,750,4,1,4,3,1,0,0,150,1,0,1,0,0
201600054241,16,6,27,630,1,2,4,2,6,114,4883860,233665,750,4,2,5,3,1,2,0,0,2,0,1,0,0
201600054242,16,6,27,1450,1,2,3,1,3,114,4884050,233009,750,4,2,4,1,1,1,0,150,1,0,1,0,0
201600054243,16,6,29,215,5,2,5,1,6,114,4883770,232284,750,4,0,3,3,1,1,0,200,1,0,1,0,0
201600054244,16,6,29,1845,1,2,1,1,6,114,4882890,232360,750,4,0,3,3,1,1,0,0,1,0,1,3,0
201600054245,16,6,30,945,1,2,1,1,3,114,4882650,231318,750,4,0,1,0,1,1,0,80,1,0,1,0,0
201600054246,16,6,30,1940,1,2,2,1,3,114,4882930,232262,750,4,1,1,0,1,1,0,0,1,0,1,0,0
201600054247,16,7,2,945,1,2,2,1,7,114,4883510,232028,750,4,1,1,0,1,1,0,60,8,0,1,0,0
201600054248,16,7,2,1830,1,2,7,1,1,114,4883330,233284,750,4,1,1,0,1,3,0,0,1,0,1,0,0
201600054249,16,7,5,1720,1,2,2,1,6,114,4883980,232137,750,4,2,2,0,1,1,20,100,1,0,1,99,0
201600054250,16,7,6,1540,1,2,2,1,6,114,4883890,233968,750,4,1,2,0,1,1,0,0,1,0,1,99,0
201600054251,16,7,7,1605,1,2,4,1,3,114,4883410,232427,750,4,2,3,0,1,1,0,0,1,0,1,99,0
201600054252,16,7,9,1200,1,2,1,1,6,114,4882160,232760,750,4,1,1,0,1,1,0,0,1,0,1,0,0
201600054253,16,7,8,1900,1,2,7,1,2,107,4886280,231163,750,4,2,4,2,1,2,0,150,1,0,1,0,0
201600054254,16,7,10,1250,1,2,2,1,6,114,4882600,231255,750,4,3,0,0,1,1,0,0,1,6,1,0,0
201600054255,16,7,10,2223,5,2,2,1,3,115,4884040,230425,750,4,0,2,0,1,1,0,60,1,0,0,0,0
201600054256,16,7,13,1454,1,2,5,1,3,114,4882780,233250,750,4,2,2,0,2,1,0,0,1,0,1,3,0
201600054257,16,7,13,1635,1,2,1,1,6,114,4883120,231678,750,4,2,2,0,1,1,0,0,1,0,1,0,0
201600054258,16,7,13,1920,1,2,5,1,6,114,4882460,233984,750,4,1,2,0,0,0,0,0,0,0,1,0,0
201600054259,16,7,14,400,3,2,7,1,7,114,4882680,230391,750,4,2,0,0,1,1,10,80,1,0,1,0,0
201600054260,16,7,15,2040,1,2,4,1,6,114,4882240,231440,750,4,2,1,0,1,0,0,120,1,2,1,0,0
201600054261,16,7,18,1655,1,2,3,1,3,114,4882330,232681,750,4,2,2,0,1,1,0,0,1,0,0,0,0
201600054262,16,7,18,1910,1,2,1,1,3,114,4881970,234223,750,4,3,0,1,1,1,0,0,1,0,5,99,0
201600054263,16,7,18,1300,1,2,2,1,6,114,4883300,233597,750,4,1,3,0,2,1,0,0,1,0,1,0,0
201600054264,16,7,19,1035,1,2,3,1,6,114,4882630,231301,750,4,1,1,0,1,1,0,70,1,0,1,0,0
201600054265,16,7,19,1650,1,2,1,1,6,114,4882560,231466,750,4,1,2,0,1,1,0,60,1,6,1,99,0
201600054266,16,7,20,1030,1,2,1,1,6,114,4882220,231628,750,4,0,3,0,1,1,0,0,1,0,1,99,0
201600054267,16,7,22,550,2,2,2,1,7,114,4882960,232833,750,4,0,4,0,1,1,0,100,1,0,1,99,0
201600054268,16,7,23,1040,1,2,1,1,4,114,4882350,230989,750,4,3,0,0,1,1,0,0,1,0,0,0,0
201600054269,16,7,25,816,1,2,5,1,3,114,4882020,232399,750,4,1,2,0,1,0,0,100,1,0,1,99,0
201600054270,16,7,25,1910,1,2,1,1,3,114,4881870,233184,750,4,1,2,0,1,0,0,0,1,0,1,99,0
201600054271,16,7,26,1930,1,2,2,1,3,114,4882090,232991,750,4,0,1,0,1,1,0,0,1,0,0,0,0
201600054272,16,7,26,1955,1,2,1,1,6,114,4884230,232575,750,4,1,1,0,1,1,0,0,1,0,1,99,0
201600054273,16,7,27,2020,2,2,3,1,3,114,4883220,233061,750,4,2,3,0,1,1,0,90,1,0,3,0,0
201600054274,16,7,31,1855,1,2,7,1,7,114,4883330,233284,750,4,1,1,0,1,3,0,60,1,0,1,0,0
201600054275,16,7,31,2215,5,2,2,1,7,114,4883300,233597,750,4,3,2,0,1,1,0,0,1,0,0,0,0
201600054276,16,8,3,1100,1,2,1,1,6,114,4884350,232493,750,4,3,6,0,1,3,0,150,1,0,1,99,0
201600054277,16,8,4,1900,1,2,1,1,6,114,4882800,232625,750,4,2,3,0,1,1,0,75,1,0,1,0,0
201600054278,16,8,5,2320,5,2,4,1,4,114,4882880,232769,750,4,2,5,0,1,1,0,170,1,0,0,0,0
201600054279,16,8,10,1445,1,2,3,1,3,114,4883540,232920,750,4,1,2,0,1,0,0,40,1,0,1,99,0
201600054280,16,8,12,2240,5,2,5,1,2,114,4884340,232414,750,4,1,4,1,1,3,0,100,1,5,1,0,0
201600054281,16,8,15,930,1,2,2,1,3,114,4883250,232498,750,4,3,3,3,1,1,0,90,1,0,1,99,0
201600054282,16,8,16,1555,1,2,1,7,6,107,4886170,232011,750,4,0,1,3,1,1,50,100,1,0,1,99,0
201600054283,16,8,20,1930,2,2,5,7,6,114,4882770,230530,750,4,1,2,0,2,1,20,60,1,0,1,99,0
201600054284,16,8,23,1415,1,2,2,1,3,114,4882220,233042,750,4,3,2,0,1,1,0,0,1,0,1,0,0
201600054285,16,8,25,1630,1,2,1,1,2,114,4883160,232529,750,4,2,4,0,1,1,0,50,1,0,1,99,0
201600054286,16,8,26,1000,1,2,1,1,3,114,4882570,233546,750,4,1,1,0,1,0,40,30,1,0,1,99,0
201600054287,16,8,29,1740,1,2,7,1,3,114,4882810,232689,750,4,4,3,0,1,3,0,130,1,5,1,99,0
201600054288,16,9,2,1138,1,2,1,1,6,114,4881970,234223,750,4,1,1,1,4,0,0,0,1,0,5,99,0
201600054289,16,9,3,1855,1,2,7,1,3,114,4882200,232532,750,4,1,2,0,1,2,0,60,1,0,1,99,0
201600054290,16,9,4,1830,1,2,1,1,3,114,4882370,232336,750,4,1,1,0,1,0,0,50,1,0,5,99,0
201600054291,16,9,5,815,1,2,3,2,6,114,4884060,233381,750,4,1,2,0,1,1,0,0,2,0,1,0,0
201600054292,16,9,5,2130,5,2,1,8,3,114,4881670,233427,750,4,2,2,0,1,1,0,50,2,0,1,99,0
201600054293,16,9,9,1900,1,2,1,1,2,114,4882100,234288,750,4,0,1,0,2,0,0,0,1,0,1,99,0
201600054294,16,9,10,1010,1,2,1,1,2,115,4883010,230571,750,4,1,1,0,1,1,0,50,1,0,1,0,0
201600054295,16,9,10,2000,5,2,2,1,3,114,4884310,232635,750,4,2,2,0,1,1,0,60,1,5,1,99,0
201600054296,16,9,11,450,5,2,1,2,7,114,4882690,232460,750,4,1,2,0,1,1,0,60,2,0,1,0,0
201600054297,16,9,12,755,1,2,1,1,6,114,4881670,233439,750,4,2,2,0,1,1,0,60,1,0,3,99,0
201600054298,16,9,12,1445,1,2,3,1,3,114,4882270,233516,750,4,2,1,0,2,1,0,80,1,0,1,99,0
201600054299,16,9,13,1715,1,2,1,1,2,114,4882580,232611,750,4,2,5,0,1,1,0,150,1,0,1,99,0
201600054300,16,9,14,1710,1,2,1,1,6,114,4882890,230784,750,4,2,2,0,1,1,0,50,1,0,1,99,1
201600054301,16,9,14,1700,1,2,2,1,3,114,4883650,232014,750,4,1,1,0,1,0,0,30,1,0,1,3,0
201600054302,16,9,15,825,1,2,7,2,6,115,4884650,228538,750,4,0,3,0,1,1,0,0,2,0,1,0,0
201600054303,16,9,15,1005,1,2,7,2,2,114,4883440,233242,750,4,0,3,0,1,0,0,90,2,0,1,99,0
201600054304,16,9,17,120,5,2,1,2,3,114,4882110,232542,750,4,1,0,0,1,1,0,0,2,0,1,99,0
201600054305,16,9,19,1045,1,2,1,1,7,114,4883800,232281,750,4,3,6,0,1,1,50,150,2,0,1,99,0
201600054306,16,9,20,1845,1,2,2,1,6,114,4883180,231413,750,4,2,3,3,1,1,0,150,1,0,1,0,0
201600054307,16,9,21,1200,1,2,1,1,7,114,4883150,233327,750,4,3,1,0,2,1,80,50,1,0,1,99,0
201600054308,16,9,21,1415,1,2,4,1,6,114,4883680,232319,750,4,1,1,0,1,2,0,30,1,0,1,99,0
201600054309,16,9,21,1750,1,2,1,1,2,114,4882150,231884,750,4,1,3,0,1,1,0,0,1,0,1,99,0
201600054310,16,9,22,910,1,2,1,1,6,114,4882750,230644,750,4,2,4,0,1,1,80,200,1,0,1,0,0
201600054311,16,9,22,1440,1,2,2,1,6,114,4884310,232635,750,4,2,6,0,1,1,0,0,1,0,1,0,0
201600054312,16,9,23,1250,1,2,2,1,3,114,4882770,230530,750,4,0,0,0,1,1,10,200,1,5,0,0,0
201600054313,16,9,23,1405,1,2,1,1,2,114,4883620,232347,750,4,0,2,0,1,1,25,100,1,0,1,99,0
201600054314,16,9,25,600,5,2,2,1,6,114,4882040,232542,750,4,1,1,0,1,1,0,70,1,0,1,0,0
201600054315,16,9,27,1630,1,2,7,1,3,114,4883440,233242,750,4,0,0,0,1,0,0,0,1,5,1,99,0
201600054316,16,9,30,1015,1,2,2,1,6,114,4882610,232891,750,4,0,0,0,1,1,0,0,1,0,0,0,0
201600054317,16,10,3,1700,1,2,5,1,6,114,4882320,232552,750,4,2,6,0,1,1,0,0,1,5,1,99,0
201600054318,16,10,3,1720,1,2,3,1,2,115,4883530,228099,750,4,1,2,0,1,1,0,0,1,0,0,0,0
201600054319,16,10,4,935,1,2,1,1,6,114,4883040,232902,750,4,2,5,0,1,1,0,150,1,0,3,99,0
201600054320,16,10,4,920,1,2,1,1,3,114,4882290,232718,750,4,1,2,0,1,1,0,0,1,0,1,0,0
201600054321,16,10,4,1800,1,2,3,1,6,114,4883770,233556,750,4,2,4,0,1,1,0,0,1,0,1,0,0
201600054322,16,10,6,1730,1,2,1,1,7,115,4883490,228249,750,4,1,1,0,1,1,20,30,1,0,1,0,0
201600054323,16,10,8,1010,1,2,1,1,6,114,4883310,233700,750,4,3,2,0,2,1,200,200,1,0,1,0,0
201600054324,16,10,9,1430,1,2,3,1,3,114,4883230,231505,750,4,1,1,0,1,1,0,40,1,6,1,0,0
201600054325,16,10,9,1730,1,2,2,1,3,114,4882270,232263,750,4,3,0,0,1,1,0,0,1,0,0,0,0
201600054326,16,10,9,2020,5,2,1,1,4,114,4882410,232573,750,4,2,0,0,1,1,0,0,1,0,1,99,0
201600054327,16,10,10,1330,1,2,2,1,6,114,4884020,232759,750,4,1,1,0,1,1,0,0,1,0,1,3,0
201600054328,16,10,11,1145,1,2,2,1,6,107,4886000,231305,750,4,1,0,0,1,1,0,60,1,0,0,0,0
201600054329,16,10,11,1755,1,2,1,1,6,114,4882710,233722,750,4,2,3,3,1,0,0,180,1,0,1,0,0
201600054330,16,10,11,1800,1,2,3,1,6,114,4883740,231943,750,4,2,2,0,1,1,0,50,1,0,1,0,0
201600054331,16,10,12,850,1,2,1,1,3,115,4884580,230512,750,4,1,0,0,1,1,0,0,1,0,1,0,0
201600054332,16,10,13,825,1,2,1,1,7,114,4881780,233347,750,4,1,2,0,1,3,0,0,1,0,1,0,0
201600054333,16,10,13,2300,5,2,2,2,2,114,4882710,232497,750,4,1,0,0,1,1,0,50,2,0,1,0,0
201600054334,16,10,14,1724,1,2,3,2,2,114,4884200,232272,750,4,3,0,0,1,1,0,0,2,0,1,99,0
201600054335,16,10,14,2135,5,2,1,3,3,114,4882400,233416,750,4,2,2,0,2,1,0,90,2,0,1,99,0
201600054336,16,10,14,2350,5,2,2,1,3,114,4884310,232635,750,4,2,6,0,1,1,0,0,2,0,1,99,0
201600054337,16,10,15,25,5,2,3,2,7,114,4882650,233545,750,4,3,2,0,1,1,120,60,2,0,1,0,0
201600054338,16,10,15,620,5,2,3,2,6,114,4882650,233545,750,4,1,1,0,1,1,60,40,2,0,1,0,0
201600054339,16,10,18,1410,1,2,2,1,3,114,4883250,232498,750,4,3,4,3,1,1,0,0,1,0,1,99,0
201600054340,16,10,18,1910,5,2,4,2,2,115,4884500,227606,750,4,2,2,0,0,3,0,0,2,5,1,99,0
201600054341,16,10,19,1340,1,2,7,1,3,114,4883440,233242,750,4,1,3,0,1,1,0,110,2,5,1,99,0
201600054342,16,10,23,2015,5,2,5,2,3,114,4884200,232960,750,4,2,1,0,1,1,0,200,2,0,1,0,0
201600054343,16,10,25,1610,1,2,1,1,6,114,4882880,232647,750,4,2,0,0,1,1,0,100,1,0,1,0,0
201600054344,16,10,25,1718,1,2,7,8,6,114,4882200,232532,750,4,1,1,0,1,1,10,40,1,0,1,99,0
201600054345,16,10,25,1810,1,2,5,1,6,114,4884110,232472,750,4,2,2,0,1,1,50,100,1,6,1,99,0
201600054346,16,10,25,1615,1,2,3,1,3,114,4883510,231493,750,4,1,2,0,1,1,0,60,1,0,1,0,0
201600054347,16,10,25,2300,5,2,2,1,6,114,4882890,233005,750,4,1,1,0,1,1,0,40,1,0,1,99,0
201600054348,16,10,26,1225,1,2,1,1,3,114,4882810,232586,750,4,0,3,0,1,1,0,0,1,0,0,3,0
201600054349,16,10,26,1250,1,2,7,1,3,114,4882770,230530,750,4,3,4,3,1,1,150,200,1,4,1,0,0
201600054350,16,10,27,1925,5,2,1,1,3,114,4882010,233373,750,4,2,2,0,1,1,20,40,1,0,1,3,0
201600054351,16,10,29,700,5,2,7,1,6,114,4882430,231867,750,4,1,1,0,1,3,0,30,1,0,4,0,0
201600054352,16,10,31,1000,1,2,1,1,6,114,4882930,233662,750,4,2,2,0,1,1,0,50,1,0,1,3,0
201600054353,16,10,31,1250,1,2,1,1,2,114,4881660,233762,750,4,1,3,0,1,1,20,100,1,0,1,0,0
201600054354,16,10,31,1705,2,2,1,1,3,114,4883330,233522,750,4,1,2,0,1,0,0,0,1,0,1,0,0
201600054355,16,11,3,1955,5,2,1,1,3,114,4882850,231494,750,4,1,1,0,1,1,0,30,1,0,3,99,0
201600054356,16,11,6,1606,1,2,2,1,3,114,4883650,232014,750,4,1,1,0,1,1,0,0,1,0,1,0,0
201600054357,16,11,9,920,1,2,1,2,2,114,4883140,231582,750,4,2,2,0,1,1,0,0,2,0,1,0,0
201600054358,16,11,9,1805,5,2,1,2,3,107,4885270,231330,750,4,2,2,0,1,1,0,0,2,0,1,0,0