Num_Acc,an,mois,jour,hrmn,lum,agg,int,atm,col,com,lat,long,dep,catr,circ,nbv,vosp,prof,plan,lartpc,larrout,surf,infra,situ,env1,killed
201600054359,16,11,12,215,5,2,1,1,6,114,4882420,230534,750,4,1,2,0,1,1,0,70,1,0,1,0,0
201600054360,16,11,12,1715,5,2,1,2,6,114,4883800,232281,750,4,2,5,0,1,1,20,200,2,0,1,0,0
201600054361,16,11,14,830,1,2,3,8,3,114,4883220,231284,750,4,2,3,0,1,1,0,100,1,0,1,99,0
201600054362,16,11,14,900,1,2,4,8,3,114,4883770,233116,750,4,2,4,0,1,1,0,0,2,0,1,0,0
201600054363,16,11,14,1715,2,2,1,1,6,114,4883110,231863,750,4,1,1,0,1,1,0,40,1,0,1,0,0
201600054364,16,11,14,2245,5,2,3,1,6,114,4882010,232389,750,4,4,2,0,1,1,0,50,1,0,1,99,0
201600054365,16,11,15,955,1,2,1,1,2,114,4882100,232143,750,4,1,3,0,1,1,0,0,1,0,1,99,0
201600054366,16,11,14,1825,4,2,1,2,6,114,4882630,232626,750,4,2,6,0,1,1,160,100,2,0,1,0,0
201600054367,16,11,15,2024,5,2,1,2,3,114,4881680,233761,750,4,3,2,0,0,0,0,0,0,0,1,0,0
201600054368,16,11,15,2200,5,2,1,2,6,114,4882050,232567,750,4,1,4,0,1,1,0,120,2,0,1,99,0
201600054369,16,11,16,1120,1,2,2,1,2,114,4882140,233385,750,4,2,2,0,1,1,0,0,1,0,1,0,0
201600054370,16,11,17,540,5,2,1,1,6,114,4883080,230842,750,4,1,2,0,1,1,0,30,1,0,1,0,0
201600054371,16,11,17,850,1,2,1,1,3,114,4882300,232279,750,4,2,3,0,1,1,0,160,1,0,1,99,0
201600054372,16,11,17,1500,1,2,2,1,2,114,4883180,231413,750,4,1,1,0,0,0,0,0,0,0,0,0,0
201600054373,16,11,18,905,1,2,1,1,6,114,4882480,231218,750,4,2,2,0,1,1,0,60,1,0,1,3,0
201600054374,16,11,18,1055,1,2,1,1,6,114,4882690,231393,750,4,1,1,0,1,1,0,30,1,0,1,99,0
201600054375,16,11,18,1235,1,2,1,1,7,114,4884100,232497,750,4,0,1,0,1,1,0,30,1,0,1,0,0
201600054376,16,11,18,1831,5,2,1,1,6,114,4882990,232101,750,4,2,2,0,1,1,0,0,1,6,1,0,0
201600054377,16,11,18,1705,2,2,1,1,6,115,4884660,228688,750,4,2,2,0,1,0,0,100,1,0,1,0,0
201600054378,16,11,19,2225,5,2,7,1,2,114,4883380,233333,750,4,1,3,0,1,3,0,100,1,0,1,0,0
201600054379,16,11,20,445,5,2,1,6,6,114,4883100,232557,750,4,2,3,3,1,1,10,95,1,0,1,0,0
201600054380,16,11,20,1410,1,2,1,2,3,114,4882130,232014,750,4,1,3,0,1,1,0,0,2,0,1,99,0
201600054381,16,11,20,1945,5,2,3,2,6,114,4882910,230841,750,4,0,0,0,1,1,0,0,2,0,0,3,0
201600054382,16,11,21,900,1,2,2,2,6,114,4882010,233373,750,4,2,2,0,1,1,0,60,0,0,1,0,0
201600054383,16,11,23,720,5,2,2,3,6,114,4882060,232415,750,4,1,2,3,1,1,0,150,2,0,1,0,0
201600054384,16,11,26,1028,1,2,5,1,2,114,4881970,232558,750,4,3,6,3,1,1,10,250,1,5,1,0,0
201600054385,16,11,26,1550,1,2,5,8,6,114,4882450,230400,750,4,1,1,0,1,1,0,0,1,5,1,99,0
201600054386,16,11,28,1230,1,2,1,1,6,114,4883430,231488,750,4,1,1,0,1,1,0,0,1,0,1,3,0
201600054387,16,11,30,845,1,2,1,1,6,114,4882360,232715,750,4,2,1,0,1,1,0,0,1,0,1,0,0
201600054388,16,11,30,920,1,2,3,1,6,114,4882090,232049,750,4,2,3,0,1,1,0,100,1,0,1,99,0
201600054389,16,12,1,1005,1,2,1,1,6,114,4883800,233104,750,4,2,4,0,1,1,0,120,1,0,1,0,0
201600054390,16,12,1,1820,5,2,1,1,6,114,4882920,233416,750,4,2,2,0,1,1,70,35,1,0,1,99,0
201600054391,16,12,2,1120,1,2,1,1,2,114,4883390,233144,750,4,1,5,0,1,1,0,150,1,0,1,0,0
201600054392,16,12,3,1840,5,2,1,1,3,114,4883690,232483,750,4,2,2,0,1,0,0,0,1,0,0,0,0
201600054393,16,12,9,1134,1,2,7,1,6,114,4882460,233984,750,4,1,0,0,1,1,0,0,1,0,1,0,0
201600054394,16,12,10,2030,5,2,4,1,2,114,4881650,234227,750,4,1,3,0,1,1,0,90,1,0,1,0,0
201600054395,16,12,10,2320,5,2,3,1,3,114,4882200,233473,750,4,2,2,0,2,1,0,30,1,0,1,0,0
201600054396,16,12,12,735,2,2,1,8,6,114,4882680,233948,750,4,2,2,0,1,1,0,40,2,0,0,3,0
201600054397,16,12,13,945,1,2,1,2,2,114,4883390,233395,750,4,1,2,0,1,1,0,0,2,0,1,0,0
201600054398,16,12,13,1600,1,2,1,1,2,114,4883740,232354,750,4,2,3,0,1,1,6,120,1,0,1,99,0
201600054399,16,12,14,721,5,2,3,1,3,114,4882140,233385,750,4,0,0,0,1,1,80,50,1,5,1,0,0
201600054400,16,12,14,1425,1,2,2,1,3,114,4882230,231415,750,4,2,5,0,1,1,0,0,1,0,1,0,0
201600054401,16,12,15,2030,5,2,3,1,6,114,4882510,231680,750,4,3,2,0,1,1,0,0,1,0,0,99,0
201600054402,16,12,16,1200,1,2,1,1,3,114,4883750,232139,750,4,2,4,0,1,1,0,120,1,0,1,3,0
201600054403,16,12,16,1310,1,2,4,1,6,114,4882540,230230,750,4,3,4,0,1,1,10,100,1,0,1,99,0
201600054404,16,12,18,430,5,2,4,1,6,114,4883150,232535,750,4,2,4,0,1,1,10,125,1,0,1,99,0
201600054405,16,12,20,1510,1,2,4,1,6,114,4883150,232535,750,4,2,4,0,1,1,10,130,1,0,1,0,0
201600054406,16,12,22,1908,5,2,2,1,3,114,4882060,232415,750,4,1,2,0,1,1,0,80,1,2,1,99,0
201600054407,16,12,24,1715,2,2,1,1,6,114,4882780,233215,750,4,2,2,3,1,1,0,120,1,0,1,0,0
201600054408,16,12,25,1505,1,2,2,1,3,114,4882540,230230,750,4,1,3,0,0,0,0,0,0,0,1,0,0
201600054409,16,12,26,1630,1,2,1,1,6,114,4882050,232403,750,4,3,3,0,1,1,15,100,1,2,1,99,0
201600054410,16,12,26,2155,5,2,2,1,3,114,4883510,232028,750,4,2,1,0,1,1,0,0,1,5,1,99,0
201600054411,16,12,30,2200,5,2,7,2,3,114,4882780,232667,750,4,0,1,0,1,0,0,0,7,5,0,0,0
201600054412,16,1,2,2000,5,2,3,2,3,115,4882910,229893,750,4,1,2,0,1,1,0,60,2,0,1,0,0
201600054413,16,1,3,655,5,2,1,8,6,115,4884240,232115,750,4,2,0,0,1,1,200,80,1,0,1,99,0
201600054414,16,1,5,815,1,2,3,2,6,115,4883340,228943,750,4,1,2,0,1,1,150,120,2,0,0,99,0
201600054415,16,1,7,25,5,2,1,1,6,115,4884000,227075,750,4,1,2,0,2,2,0,0,1,0,1,99,0
201600054416,16,1,7,730,4,2,7,3,6,115,4884940,228155,750,4,0,0,0,1,0,0,0,2,0,1,0,0
201600054417,16,1,7,930,1,2,2,2,3,115,4883350,229866,750,4,1,1,0,2,1,0,40,2,0,1,0,0
201600054418,16,1,7,1330,1,2,1,1,2,115,4884550,227829,750,4,2,2,0,0,0,0,0,0,0,1,0,0
201600054419,16,1,7,1240,1,2,2,1,2,115,4882860,230138,750,4,1,1,0,1,1,0,90,2,0,1,99,0
201600054420,16,1,7,1750,5,2,2,1,6,115,4884610,227692,750,4,2,2,0,0,0,0,0,0,0,1,0,0
201600054421,16,1,8,800,5,2,3,1,6,115,4883050,229329,750,4,2,4,0,2,1,80,60,1,0,1,99,0
201600054422,16,1,13,1515,1,2,2,1,2,115,4883610,227820,750,4,1,3,0,1,1,0,90,1,0,1,99,0
201600054423,16,1,13,1950,5,2,1,1,7,115,4883980,227812,750,4,2,2,0,1,1,0,50,1,0,1,99,0
201600054424,16,1,14,110,5,2,1,1,7,115,4883400,228493,750,4,3,4,0,1,1,0,90,1,0,1,0,0
201600054425,16,1,17,1420,1,2,2,1,4,115,4884920,229801,750,4,1,0,0,1,1,0,120,1,0,1,0,0
201600054426,16,1,20,1800,5,2,2,1,3,115,4883470,230515,750,4,1,2,0,1,1,0,90,1,0,0,0,0
201600054427,16,1,21,1530,1,2,5,1,6,115,4883930,229196,750,4,1,2,0,1,1,0,0,1,0,1,0,0
201600054428,16,1,21,1845,5,2,3,1,6,115,4884550,227631,750,4,2,6,0,1,1,0,0,1,0,1,99,0
201600054429,16,1,24,1550,1,2,1,1,3,115,4882820,230128,750,4,2,4,0,1,0,0,120,1,0,1,0,0
201600054430,16,1,25,1200,1,2,2,1,6,115,4884900,229089,750,4,1,0,0,1,1,0,30,1,0,1,0,0
201600054431,16,1,28,130,5,2,2,2,3,115,4884610,227692,750,4,0,2,0,1,1,40,40,2,0,1,99,0
201600054432,16,1,28,1935,5,2,3,1,6,115,4884420,232018,750,4,2,4,0,1,1,0,180,1,0,1,99,0
201600054433,16,2,3,1645,5,2,2,2,2,107,4885180,231451,750,4,1,1,0,1,1,0,0,2,0,1,99,0
201600054434,16,2,3,1920,4,2,5,1,6,115,4884660,228612,750,4,2,2,0,1,1,0,0,2,0,1,0,0
201600054435,16,2,4,845,1,2,3,1,6,115,4884100,228754,750,4,2,2,0,1,1,0,86,1,6,1,0,0
201600054436,16,2,6,2320,5,2,3,1,6,115,4884740,230299,750,4,1,1,0,1,0,0,0,1,0,1,99,0
201600054437,16,2,7,2340,5,2,2,1,3,115,4884560,228797,750,4,0,1,0,2,1,0,30,1,0,1,99,0
201600054438,16,2,7,2320,5,2,7,1,6,115,4884070,229994,750,4,1,1,0,2,1,0,50,1,0,1,0,0
201600054439,16,2,8,230,5,2,5,2,3,115,4882580,230024,750,4,2,2,0,1,1,0,50,2,0,1,99,0
201600054440,16,2,9,800,2,2,3,2,7,115,4884070,228878,750,4,2,2,0,1,1,0,0,2,0,1,0,0
201600054441,16,2,10,1430,1,2,1,1,3,115,4883270,229780,750,4,2,2,0,2,1,0,60,1,0,1,0,0
201600054442,16,2,10,1615,1,2,5,1,4,115,4882580,230024,750,4,1,3,0,1,1,0,60,1,0,1,99,0
201600054443,16,2,11,710,2,2,7,2,1,115,4884380,232295,750,4,1,1,0,1,3,0,50,2,0,1,0,0
201600054444,16,2,12,920,1,2,1,1,2,115,4884830,230280,750,4,1,1,0,1,1,0,40,1,0,1,0,0
201600054445,16,2,12,935,1,2,7,2,3,115,4884940,228155,750,4,2,4,0,1,0,0,100,2,5,1,0,0
201600054446,16,2,12,2245,5,2,1,1,6,115,4883620,226715,750,4,1,2,0,1,1,0,40,1,0,1,99,0
201600054447,16,2,12,2325,5,2,3,1,6,115,4883630,229436,750,4,1,1,0,1,1,0,50,1,0,1,0,0
201600054448,16,2,13,338,5,2,7,1,3,115,4884780,230114,750,4,1,2,0,1,0,0,0,1,5,1,99,0
201600054449,16,2,13,1755,2,2,2,3,6,115,4885020,229647,750,4,1,1,0,1,1,0,40,0,0,1,0,0
201600054450,16,2,17,1430,1,2,2,1,3,115,4884000,227192,750,4,2,0,0,0,0,0,0,0,0,1,0,0
201600054451,16,2,18,1455,1,2,7,2,6,115,4884870,228519,750,4,2,2,0,1,1,0,70,2,0,1,0,0
201600054452,16,2,18,1915,5,2,4,8,3,115,4882920,229229,750,4,2,2,0,1,1,0,70,2,0,1,0,0
201600054453,16,2,19,1115,1,2,2,1,2,115,4882530,230032,750,4,2,6,0,1,1,0,0,1,5,1,99,0
201600054454,16,2,19,1935,5,2,1,1,7,115,4885290,229302,750,4,2,2,0,1,1,0,60,1,0,1,0,0
201600054455,16,2,20,1315,1,2,1,2,6,115,4884080,231637,750,4,1,0,0,1,1,100,60,2,0,1,0,0
201600054456,16,2,21,1600,1,2,3,1,2,115,4884870,229864,750,4,3,2,1,1,1,120,35,1,0,1,0,0
201600054457,16,2,23,1000,1,2,2,2,6,115,4884480,228388,750,4,1,1,0,1,1,70,50,2,0,1,0,0
201600054458,16,2,24,1015,1,2,3,1,3,115,4883450,230577,750,4,2,3,0,1,1,0,120,1,0,1,0,0
201600054459,16,2,24,2215,3,2,2,1,3,115,4884150,229914,750,4,1,2,0,1,0,0,0,1,5,1,99,0
201600054460,16,2,26,1700,1,2,5,8,6,115,4883600,230076,750,4,2,2,0,1,1,180,120,1,0,1,99,0
201600054461,16,2,25,1950,5,2,7,1,3,115,4884700,228528,750,4,2,0,0,1,1,0,70,1,0,1,99,0
201600054462,16,2,28,1250,1,2,2,1,3,115,4884360,229575,750,4,1,1,0,1,2,0,60,1,0,1,0,0
201600054463,16,2,29,1800,1,2,1,1,6,115,4884330,227881,750,4,1,1,0,1,1,0,0,1,0,1,99,0
201600054464,16,3,1,1915,5,2,5,2,6,115,4883930,229196,750,4,2,3,0,1,0,25,40,2,0,1,0,0
201600054465,16,3,2,925,1,2,3,1,6,115,4883830,228125,750,4,2,2,0,1,1,0,64,1,0,0,0,0
201600054466,16,3,4,910,1,2,4,2,2,115,4885750,229103,750,4,2,0,0,1,1,0,0,2,0,1,99,0
201600054467,16,3,5,110,5,2,3,8,6,115,4883740,228506,750,4,1,1,0,1,1,0,0,2,0,1,3,0
201600054468,16,3,5,1230,1,2,5,8,6,115,4885210,228880,750,4,1,1,0,1,1,150,50,1,0,1,99,0
201600054469,16,3,7,830,1,2,3,1,6,115,4883810,228764,750,4,0,0,3,1,1,0,70,2,0,0,3,0
201600054470,16,3,7,1140,1,2,1,2,1,115,4884510,227901,750,4,2,2,0,1,1,0,60,2,0,1,0,0
201600054471,16,3,8,1855,5,2,1,1,6,115,4884040,228389,750,4,1,1,1,1,1,0,160,1,0,5,0,0
201600054472,16,3,8,2120,5,2,2,1,3,115,4884110,228788,750,4,2,3,3,1,1,0,90,1,0,1,0,0
201600054473,16,3,9,1950,5,2,3,2,2,115,4885560,229403,750,4,2,1,0,1,1,0,0,2,0,1,0,0
201600054474,16,3,11,1210,1,2,3,1,2,115,4883090,229228,750,4,1,2,0,2,1,0,0,0,0,1,99,0
201600054475,16,3,11,1930,4,2,1,1,2,107,4885480,232494,750,4,1,1,0,0,0,0,0,0,0,1,0,0
201600054476,16,3,12,725,2,2,5,1,3,115,4884990,230110,750,4,1,1,0,1,0,0,110,1,0,1,99,0
201600054477,16,3,13,1421,1,2,2,1,6,115,4884040,231491,750,4,2,4,0,0,0,0,0,0,0,1,0,0
201600054478,16,3,14,805,1,2,1,1,2,115,4884160,230833,750,4,1,1,3,1,1,0,83,1,0,1,0,0
201600054479,16,3,15,815,1,2,2,1,3,115,4883540,231178,750,4,1,1,0,2,1,0,0,1,0,1,99,0
201600054480,16,3,15,1910,5,2,2,1,6,115,4883870,231435,750,4,1,1,0,1,1,0,60,1,0,1,0,0
201600054481,16,3,16,252,5,2,4,1,6,115,4884050,227220,750,4,1,0,0,2,2,0,0,1,1,1,99,0
201600054482,16,3,17,1650,1,2,1,1,6,115,4883330,229847,750,4,2,2,0,2,1,0,60,1,0,1,0,0
201600054483,16,3,18,820,1,2,1,1,6,114,4883230,233995,750,4,1,2,0,1,1,0,0,1,0,1,0,0
201600054484,16,3,18,1505,1,2,2,1,3,115,4883090,229228,750,4,2,4,3,2,1,80,200,1,4,1,0,0
201600054485,16,3,19,1130,1,2,2,1,3,115,4885020,229647,750,4,1,1,0,1,1,0,40,1,0,1,0,0
201600054486,16,3,23,1100,1,2,2,1,3,115,4884310,228349,750,4,2,1,0,1,1,0,108,1,0,1,0,0
201600054487,16,3,23,2040,5,2,2,1,6,115,4883350,229866,750,4,2,1,0,4,1,0,0,1,0,1,0,0
201600054488,16,3,24,1250,1,2,2,1,6,115,4884480,228388,750,4,0,1,0,1,1,0,50,1,0,1,0,0
201600054489,16,3,24,1615,1,2,2,1,6,115,4884150,230792,750,4,1,1,0,2,1,0,0,1,0,0,0,0
201600054490,16,3,25,1328,1,2,1,1,1,115,4884170,229166,750,4,1,1,0,1,1,0,122,1,0,1,0,0
201600054491,16,3,29,1040,1,2,2,1,6,115,4884040,230425,750,4,1,3,0,1,1,0,0,1,5,1,0,0
201600054492,16,3,30,845,1,2,2,2,7,115,4882890,229408,750,4,2,1,0,1,1,0,0,2,0,1,99,0
201600054493,16,3,30,1250,1,2,1,2,6,115,4884110,227786,750,4,2,2,0,1,1,0,0,2,0,1,99,0
201600054494,16,3,31,1945,5,2,2,2,3,115,4883390,230809,750,4,2,1,0,1,1,0,80,2,0,0,0,0
201600054495,16,4,1,1245,1,2,2,1,6,115,4884340,228272,750,4,2,2,0,1,1,0,100,1,0,1,0,0
201600054496,16,4,3,2200,5,2,3,1,3,115,4884860,228289,750,4,2,4,0,1,1,0,138,1,0,1,99,0
201600054497,16,4,5,1015,1,2,1,1,3,115,4884660,227574,750,4,2,2,1,1,1,0,100,1,0,5,0,0
201600054498,16,4,5,1900,1,2,2,1,6,115,4884560,228797,750,4,1,1,0,1,1,0,0,1,0,1,99,0
201600054499,16,4,8,1530,1,2,4,1,3,115,4883440,226519,750,4,2,6,0,1,0,0,0,1,0,1,0,0
201600054500,16,4,10,935,1,2,2,1,6,115,4884500,231066,750,4,1,2,0,1,1,0,0,1,0,1,3,0
201600054501,16,4,11,1125,1,2,7,2,2,115,4884610,227692,750,4,3,4,0,1,1,0,0,2,0,1,0,0
201600054502,16,4,11,1400,1,2,2,2,6,115,4883960,229303,750,4,1,2,0,1,1,0,50,2,0,1,0,0
201600054503,16,4,11,1545,1,2,2,2,3,115,4884110,228788,750,4,2,1,0,0,1,0,120,2,0,1,0,0
201600054504,16,4,14,940,1,2,1,1,6,115,4884600,229977,750,4,1,1,0,2,2,0,0,1,0,1,0,0
201600054505,16,4,14,2130,5,2,2,2,6,115,4884940,228155,750,4,1,4,0,1,1,0,0,2,0,0,0,0
201600054506,16,4,15,1119,1,2,2,1,6,115,4884340,229992,750,4,1,0,0,1,1,0,60,1,0,1,3,0
201600054507,16,4,17,600,5,2,1,1,6,115,4883220,230762,750,4,1,1,0,1,1,0,40,1,0,1,0,0
201600054508,16,4,19,1430,1,2,2,1,7,115,4884500,231066,750,4,2,0,0,1,0,0,0,1,5,1,0,0
201600054509,16,4,20,910,1,2,1,1,2,116,4883490,226247,750,4,1,0,0,1,1,12,150,1,0,1,99,0
201600054510,16,4,21,1245,1,2,3,1,3,115,4883270,227884,750,4,1,1,0,1,1,0,0,1,0,1,0,0
201600054511,16,4,22,1235,1,2,2,8,6,115,4883470,230515,750,4,2,2,0,1,1,0,0,1,0,1,0,0
201600054512,16,4,23,315,5,2,1,2,3,115,4884990,228067,750,4,2,2,3,1,0,0,0,2,2,1,99,0
201600054513,16,4,23,1330,1,2,2,1,3,115,4884720,227917,750,4,1,0,0,1,1,0,0,1,5,1,0,0
201600054514,16,4,25,750,1,2,2,1,6,115,4884110,228788,750,4,2,2,0,1,1,0,100,1,0,1,0,0
201600054515,16,4,26,1700,1,2,4,2,3,115,4884040,227146,750,4,1,4,0,1,2,0,0,2,0,1,0,0
201600054516,16,4,27,1245,1,2,2,1,2,115,4884380,228188,750,4,2,2,0,1,1,0,60,1,0,1,0,0
201600054517,16,4,29,1105,1,2,3,1,2,115,4884370,230638,750,4,1,1,0,1,1,0,80,1,0,1,0,0
201600054518,16,4,29,2243,5,2,2,2,3,115,4884310,228349,750,4,2,3,0,1,1,0,0,2,5,1,0,0
201600054519,16,4,30,1055,1,2,2,2,2,115,4884220,228554,750,4,2,3,0,1,1,0,130,2,0,1,99,0
201600054520,16,5,2,1720,1,2,5,1,2,115,4885120,230089,750,4,2,3,0,1,1,0,120,1,0,1,0,0
201600054521,16,5,4,1400,1,2,1,1,3,115,4882840,227337,750,4,1,1,0,1,1,0,70,1,0,1,0,0
201600054522,16,5,4,1825,1,2,2,1,6,115,4883610,227820,750,4,3,1,0,1,1,0,88,1,0,1,0,0
201600054523,16,5,8,315,5,2,1,1,6,115,4884200,231968,750,4,1,1,0,1,1,50,50,1,0,1,99,0
201600054524,16,5,9,1158,1,2,2,1,6,115,4885020,229647,750,4,1,1,0,2,1,0,40,1,0,1,0,0
201600054525,16,5,9,1240,1,2,2,1,3,115,4884420,227922,750,4,1,1,0,1,1,0,0,1,0,1,0,0
201600054526,16,5,9,2130,5,2,7,2,3,115,4884940,228155,750,4,2,4,0,2,1,0,0,2,0,1,0,0
201600054527,16,5,10,1645,1,2,2,2,7,115,4884340,228272,750,4,1,1,0,1,1,100,80,2,0,1,0,0
201600054528,16,5,12,1010,1,2,1,1,6,115,4883480,230469,750,4,2,1,0,1,1,0,110,1,0,1,0,0
201600054529,16,5,13,820,1,2,1,8,6,115,4883680,230922,750,4,1,1,0,2,1,0,50,1,0,1,3,0
201600054530,16,5,13,1400,1,2,1,1,3,115,4885510,229478,750,4,2,1,0,1,1,0,0,1,0,1,0,0
201600054531,16,5,15,45,5,2,7,1,2,115,4884940,228155,750,4,1,4,0,1,0,90,90,1,0,1,99,0
201600054532,16,5,15,1330,1,2,4,1,2,115,4884500,227606,750,4,1,3,0,1,2,0,0,1,0,1,99,0
201600054533,16,5,15,2040,2,2,7,1,3,115,4884570,229138,750,4,1,0,0,0,0,0,0,0,0,1,0,0
201600054534,16,5,16,740,1,2,2,1,3,115,4884260,230268,750,4,2,2,0,1,1,80,40,1,0,1,0,0
201600054535,16,5,17,140,4,2,1,1,7,115,4885520,228802,750,4,1,2,0,0,0,0,0,1,2,1,99,0
201600054536,16,5,17,1958,1,2,3,1,6,115,4883530,230313,750,4,2,1,0,1,1,0,70,1,0,1,3,0
201600054537,16,5,18,1900,1,2,1,1,6,115,4884200,232032,750,4,1,1,0,1,1,0,0,1,0,1,99,0
201600054538,16,5,19,1330,1,2,7,1,7,115,4884180,230324,750,4,2,0,0,2,1,0,70,2,0,1,99,0
201600054539,16,5,20,820,1,2,7,1,7,115,4882710,229232,750,4,1,3,0,1,2,0,0,1,0,1,99,0
201600054540,16,5,20,2200,5,2,3,1,3,115,4884950,229854,750,4,2,2,0,1,1,0,0,1,0,1,99,0
201600054541,16,5,20,2330,5,2,1,1,3,115,4885000,229442,750,4,1,1,0,1,1,0,40,1,0,1,0,0
201600054542,16,5,22,1940,1,2,2,8,3,115,4883670,229953,750,4,1,1,0,1,1,0,0,2,0,1,99,0
201600054543,16,5,24,1100,1,2,2,1,3,115,4883790,229773,750,4,1,0,0,1,1,0,95,1,0,1,99,0
201600054544,16,5,25,1140,1,2,3,1,6,115,4883810,228092,750,4,2,0,0,1,1,0,70,1,0,1,3,0
201600054545,16,5,25,1220,1,2,1,1,4,115,4883880,229301,750,4,2,2,0,1,1,0,0,1,0,1,99,0
201600054546,16,5,26,1600,1,2,1,1,7,106,4884570,231946,750,4,0,1,0,1,1,0,50,1,0,1,0,0
201600054547,16,5,27,640,1,2,3,1,6,115,4883870,228945,750,4,2,1,0,0,0,0,0,0,0,0,0,0
201600054548,16,5,27,1745,1,2,2,1,3,115,4885070,228397,750,4,2,2,0,1,1,0,40,1,0,1,0,0
201600054549,16,5,27,1145,1,2,3,1,6,115,4884010,228539,750,4,1,1,0,1,1,0,0,1,0,0,0,0
201600054550,16,5,28,1315,1,2,1,1,6,115,4885390,228955,750,4,1,2,2,4,1,0,40,1,0,1,0,0
201600054551,16,5,28,1930,1,2,1,1,6,115,4884810,228349,750,4,2,2,0,1,1,10,100,1,0,1,0,0
201600054552,16,5,29,2330,5,2,2,3,3,115,4883360,230919,750,4,2,1,0,2,1,0,90,2,0,1,0,0
201600054553,16,5,30,740,1,2,5,3,2,115,4883540,226688,750,4,1,3,0,1,1,0,120,2,0,1,3,0
201600054554,16,5,30,1045,1,2,1,3,3,115,4884610,231437,750,4,1,3,3,1,1,0,90,2,0,1,0,0
201600054555,16,5,30,1840,1,2,3,3,2,115,4884320,231356,750,4,1,0,0,2,1,0,60,2,0,0,0,0
201600054556,16,5,31,1210,1,2,3,2,6,115,4883910,229145,750,4,1,2,0,1,1,0,120,2,0,1,0,0
201600054557,16,6,1,1040,1,2,2,2,3,115,4883470,230515,750,4,2,3,0,1,1,0,80,2,0,1,99,0
201600054558,16,6,1,1140,1,2,3,8,3,115,4883970,231472,750,4,2,2,0,1,1,0,100,1,0,1,0,0
201600054559,16,6,4,1600,1,2,1,1,6,115,4883910,229237,750,4,2,2,0,1,1,0,0,1,0,1,0,0
201600054560,16,6,5,1610,1,2,4,1,6,115,4884640,228311,750,4,2,2,0,1,1,0,80,1,0,1,0,0
201600054561,16,6,6,1500,1,2,1,1,4,115,4883650,229493,750,4,1,1,0,1,1,0,70,1,0,1,0,0
201600054562,16,6,7,730,1,2,4,1,3,115,4883440,226519,750,4,1,3,0,1,1,0,0,1,0,1,99,0
201600054563,16,6,8,1850,1,2,2,1,3,115,4883670,229805,750,4,0,0,0,1,1,0,0,1,0,1,0,0
201600054564,16,6,8,2325,5,2,2,1,3,115,4884040,230425,750,4,1,3,0,1,1,0,116,1,0,1,99,0
201600054565,16,6,10,1600,1,2,2,1,6,115,4883430,228402,750,4,1,0,0,1,1,0,0,1,0,1,0,0
201600054566,16,6,10,1730,1,2,1,1,2,115,4882800,230367,750,4,1,1,0,1,1,0,34,1,1,1,99,0
201600054567,16,6,12,545,2,2,3,1,6,115,4884070,228878,750,4,2,2,0,1,1,0,40,1,0,1,99,0
201600054568,16,6,12,1245,1,2,1,1,3,115,4885210,229087,750,4,1,2,1,2,1,0,0,2,0,5,99,0
201600054569,16,6,14,1740,1,2,3,1,6,115,4884080,230542,750,4,1,2,0,1,1,0,0,1,0,1,0,0
201600054570,16,6,15,1030,1,2,2,1,3,107,4886290,231342,750,4,2,1,0,1,1,0,100,1,0,1,99,0
201600054571,16,6,15,2030,2,2,2,1,3,115,4882970,230173,750,4,1,1,0,2,1,0,0,1,0,1,0,0
201600054572,16,6,16,1510,1,2,3,2,3,115,4885750,229103,750,4,2,4,0,1,1,120,80,2,0,1,99,0
201600054573,16,6,17,1120,1,2,5,1,4,115,4883580,228966,750,4,2,2,0,1,1,0,88,1,0,0,0,0
201600054574,16,6,20,900,1,2,2,2,6,115,4884150,229914,750,4,2,2,0,1,1,0,0,2,0,1,0,0
201600054575,16,6,21,905,1,2,1,8,4,115,4883170,229041,750,4,3,2,0,2,1,0,0,1,0,1,99,0
201600054576,16,6,22,2030,2,2,1,1,6,115,4884120,232163,750,4,1,2,0,1,1,10,100,1,0,1,0,0
201600054577,16,6,23,850,1,2,2,1,6,115,4883610,227820,750,4,3,2,0,1,1,60,180,1,0,1,0,0
201600054578,16,6,23,1030,1,2,3,1,3,115,4884440,230875,750,4,1,2,3,1,1,0,0,1,0,1,0,0
201600054579,16,6,24,1850,1,2,2,1,6,115,4883610,227820,750,4,2,3,0,1,1,0,90,1,6,1,99,0
201600054580,16,6,25,1025,1,2,1,1,3,115,4885590,229348,750,4,2,2,0,1,2,0,0,1,0,1,99,0
201600054581,16,6,25,1320,1,2,2,1,2,115,4884050,229572,750,4,1,1,0,1,1,0,0,1,0,1,0,0
201600054582,16,6,26,135,5,2,7,1,2,115,4884580,227664,750,4,1,3,0,1,1,0,108,1,0,1,0,0
201600054583,16,6,26,1310,1,2,1,1,2,115,4884950,229599,750,4,0,1,0,1,0,0,80,1,0,0,0,0
201600054584,16,6,26,1320,1,2,3,8,3,115,4884130,229817,750,4,1,2,0,1,1,0,150,1,0,1,0,0
201600054585,16,6,27,1300,1,2,4,1,6,115,4882630,229695,750,4,1,3,0,1,1,21,96,1,0,3,0,0
201600054586,16,6,27,1720,1,2,1,2,6,115,4883750,229569,750,4,2,0,3,1,1,0,0,2,0,1,99,0