Num_Acc,an,mois,jour,hrmn,lum,agg,int,atm,col,com,lat,long,dep,catr,circ,nbv,vosp,prof,plan,lartpc,larrout,surf,infra,situ,env1,killed
201600054587,16,6,28,1830,1,2,3,1,6,115,4883660,229517,750,4,1,2,3,1,1,0,0,1,0,1,0,0
201600054588,16,6,29,400,5,2,2,1,2,115,4883740,230599,750,4,2,2,0,1,1,0,0,1,0,1,99,0
201600054589,16,6,29,1900,1,2,4,1,6,115,4884660,228612,750,4,2,2,0,1,4,0,60,0,0,0,0,0
201600054590,16,6,29,2145,1,2,1,2,3,115,4884830,229037,750,4,1,0,1,1,1,0,0,1,0,1,99,0
201600054591,16,7,1,930,1,2,5,1,6,115,4884510,232016,750,4,2,2,0,2,1,0,0,1,0,1,99,0
201600054592,16,7,3,2325,5,2,3,2,6,115,4884780,230246,750,4,1,2,1,0,0,0,0,0,0,5,0,0
201600054593,16,7,4,945,1,2,1,1,6,115,4883230,230308,750,4,1,1,0,1,1,0,50,1,0,1,0,0
201600054594,16,7,5,856,1,2,3,1,2,115,4885400,228905,750,4,1,1,0,2,1,0,0,1,0,1,0,0
201600054595,16,7,5,2340,3,2,1,1,6,115,4884210,231000,750,4,1,3,0,1,0,0,0,1,0,1,99,0
201600054596,16,7,6,1245,1,2,1,1,6,115,4883970,228455,750,4,2,2,0,1,1,0,0,1,0,1,0,0
201600054597,16,7,7,1345,1,2,1,1,3,115,4883760,229552,750,4,2,2,0,1,1,0,0,1,0,1,0,0
201600054598,16,7,7,2015,2,2,1,1,6,115,4884540,229787,750,4,2,2,0,1,1,120,100,1,0,1,0,0
201600054599,16,7,8,550,1,2,1,1,7,115,4885010,228042,750,4,2,4,0,1,1,0,250,1,2,1,0,0
201600054600,16,7,8,1540,1,2,5,1,6,115,4885120,230089,750,4,1,1,0,1,1,0,0,1,0,0,99,0
201600054601,16,7,8,1640,1,2,3,1,3,115,4884990,229911,750,4,2,2,0,1,1,0,0,1,0,1,99,0
201600054602,16,7,8,2035,1,2,1,1,3,115,4883000,228615,750,4,1,3,0,1,1,0,0,1,0,1,99,0
201600054603,16,7,11,10,5,2,5,1,6,115,4885460,228867,750,4,1,2,0,0,0,0,0,0,0,1,0,0
201600054604,16,7,11,550,2,2,2,1,3,115,4884500,231066,750,4,3,2,0,1,1,0,80,1,0,1,0,0
201600054605,16,7,11,1650,1,2,2,1,3,115,4884030,228584,750,4,2,2,0,1,1,0,0,1,0,1,0,0
201600054606,16,7,12,1640,1,2,2,1,2,115,4884560,228797,750,4,1,1,0,1,1,0,50,1,0,1,0,0
201600054607,16,7,13,730,1,2,3,1,7,115,4883830,227067,750,4,1,2,1,1,1,0,0,1,0,5,99,0
201600054608,16,7,14,2355,5,2,1,1,7,115,4884700,230022,750,4,2,0,0,1,1,0,0,1,0,1,0,0
201600054609,16,7,15,1705,1,2,3,1,6,115,4883820,230720,750,4,1,1,0,1,1,0,76,1,0,1,0,0
201600054610,16,7,15,2320,5,2,1,1,6,115,4885580,228967,750,4,0,1,1,1,2,0,0,1,0,5,0,0
201600054611,16,7,17,1525,1,2,3,1,3,115,4884630,229921,750,4,2,2,0,1,1,0,60,1,0,1,0,0
201600054612,16,7,19,1215,1,2,7,1,6,115,4884610,227742,750,4,2,0,0,1,1,0,0,1,0,1,0,0
201600054613,16,7,21,1705,1,2,3,1,6,115,4884400,228855,750,4,1,1,0,1,1,20,40,1,0,1,99,0
201600054614,16,7,21,2025,1,2,2,1,3,115,4883610,227820,750,4,2,3,0,1,1,0,0,1,4,1,99,0
201600054615,16,7,23,1535,1,2,3,1,2,115,4883020,230187,750,4,1,1,0,2,1,0,50,1,0,1,0,0
201600054616,16,7,24,1245,1,2,1,1,2,115,4883680,226827,750,4,1,1,0,2,1,0,60,1,0,1,99,0
201600054617,16,7,26,805,1,2,2,1,3,115,4884610,227692,750,4,0,0,0,1,1,0,0,1,0,0,0,0
201600054618,16,7,26,1630,1,2,2,1,3,115,4882860,230138,750,4,1,2,0,1,1,0,0,1,0,1,0,0
201600054619,16,7,26,1945,1,2,5,1,3,115,4884690,229238,750,4,2,2,0,1,1,0,120,1,0,1,0,0
201600054620,16,7,28,1255,1,2,2,1,6,115,4884050,229943,750,4,2,2,0,1,0,0,0,1,0,1,99,0
201600054621,16,7,28,1800,1,2,5,1,6,115,4884360,229575,750,4,2,1,0,1,1,0,73,1,0,0,0,0
201600054622,16,8,1,1430,1,2,2,1,2,115,4883610,227820,750,4,1,1,0,1,1,120,80,1,0,1,0,0
201600054623,16,8,4,1540,1,2,2,1,7,115,4883390,230809,750,4,2,2,0,1,1,0,0,1,0,1,0,0
201600054624,16,8,5,120,5,2,2,1,3,115,4884230,231333,750,4,1,1,0,2,1,0,50,1,0,1,99,0
201600054625,16,8,5,1750,1,2,2,1,6,115,4883920,230825,750,4,1,1,0,2,1,0,60,1,0,1,0,0
201600054626,16,8,10,920,1,2,3,1,6,115,4884610,231784,750,4,1,0,0,1,1,0,0,1,0,1,0,0
201600054627,16,8,18,1710,1,2,2,2,6,115,4884000,229031,750,4,2,2,0,1,1,0,90,2,0,1,0,0
201600054628,16,8,19,1710,1,2,4,2,3,115,4884570,230973,750,4,1,1,0,1,1,0,80,2,0,1,0,0
201600054629,16,8,20,1215,1,2,3,1,3,115,4883630,229436,750,4,1,3,0,1,1,0,0,1,0,1,99,0
201600054630,16,8,21,1615,1,2,7,1,2,115,4884270,229191,750,4,1,1,0,1,1,0,75,1,0,1,0,0
201600054631,16,8,21,2135,5,2,5,1,6,115,4883090,229228,750,4,1,2,0,1,1,0,50,1,0,1,0,0
201600054632,16,8,23,745,1,2,2,1,6,115,4885070,228397,750,4,0,0,0,1,1,0,0,1,0,1,0,0
201600054633,16,8,23,950,1,2,1,1,6,115,4883920,231188,750,4,1,1,0,1,1,0,80,1,0,1,99,0
201600054634,16,8,23,1335,1,2,3,1,7,115,4884840,228087,750,4,2,4,0,1,1,0,80,1,0,1,0,0
201600054635,16,8,26,110,5,2,4,1,4,115,4884000,227192,750,4,1,2,0,2,2,0,0,1,1,1,0,0
201600054636,16,8,27,1,5,2,5,1,3,115,4884990,230110,750,4,1,0,0,1,1,0,120,1,0,1,0,0
201600054637,16,8,27,2020,2,2,2,1,3,115,4884110,228788,750,4,2,2,0,1,1,0,0,1,0,1,99,0
201600054638,16,8,28,255,5,2,3,1,6,115,4885470,229536,750,4,2,2,0,1,1,0,0,1,0,1,99,0
201600054639,16,8,29,845,1,2,2,1,2,115,4883350,229866,750,4,2,1,0,2,1,0,90,1,0,1,0,0
201600054640,16,8,30,1035,1,2,3,1,3,115,4883910,229145,750,4,1,2,0,1,1,0,0,1,0,1,0,0
201600054641,16,9,1,1000,1,2,1,1,3,115,4884830,227997,750,4,1,2,0,1,1,0,0,1,0,1,99,0
201600054642,16,9,1,1800,1,2,1,1,3,115,4883500,227323,750,4,1,3,0,1,1,0,75,1,0,1,99,0
201600054643,16,9,4,1,5,2,1,1,3,115,4883430,227451,750,4,2,2,0,1,0,50,50,1,0,1,0,0
201600054644,16,9,4,1255,1,2,2,1,7,115,4883850,229468,750,4,2,2,0,1,1,0,50,1,0,1,0,0
201600054645,16,9,4,1645,1,2,1,1,2,115,4884620,227902,750,4,2,2,0,1,1,0,95,1,6,1,99,0
201600054646,16,9,6,1820,1,2,2,1,6,115,4883800,229897,750,4,1,1,0,1,1,0,0,1,0,1,99,0
201600054647,16,9,7,805,1,2,2,1,3,115,4882860,230138,750,4,2,4,0,1,1,0,247,1,0,1,0,0
201600054648,16,9,7,1750,1,2,2,1,4,115,4883610,227820,750,4,2,4,0,1,1,0,60,1,0,1,0,0
201600054649,16,9,7,2215,3,2,5,1,7,115,4884590,231370,750,4,1,1,0,0,0,0,0,8,0,1,0,0
201600054650,16,9,8,2320,5,2,2,1,6,115,4884610,227692,750,4,0,0,0,1,0,0,0,1,0,1,0,0
201600054651,16,9,9,1710,1,2,2,1,3,115,4884870,228519,750,4,1,1,0,1,1,0,50,1,0,1,3,0
201600054652,16,9,12,1700,1,2,3,1,6,115,4884670,230612,750,4,1,2,0,1,1,80,60,1,0,1,0,0
201600054653,16,9,12,1915,2,2,1,1,2,115,4883810,228095,750,4,2,2,0,1,1,0,60,1,0,1,0,0
201600054654,16,9,13,1425,1,2,2,1,3,115,4883550,230068,750,4,1,1,0,2,1,0,60,1,0,1,3,0
201600054655,16,9,13,2300,4,2,7,1,3,115,4883540,230269,750,4,2,0,0,0,0,0,0,0,0,1,0,0
201600054656,16,9,14,1036,1,2,2,1,6,107,4884910,231383,750,4,1,0,0,1,1,100,70,1,0,1,99,0
201600054657,16,9,14,1435,1,2,2,1,3,115,4885270,229073,750,4,2,2,0,1,1,0,100,1,0,1,0,0
201600054658,16,9,14,1730,1,2,2,1,2,115,4883470,230515,750,4,2,0,0,1,1,0,60,1,0,1,0,0
201600054659,16,9,15,953,1,2,2,3,3,115,4885380,229412,750,4,2,0,0,1,1,0,0,2,0,1,99,0
201600054660,16,9,15,1145,1,2,1,2,3,115,4884230,227381,750,4,1,1,0,1,1,0,60,1,1,0,99,0
201600054661,16,9,16,1340,1,2,3,1,6,115,4884190,227911,750,4,1,1,0,1,1,0,90,1,6,1,99,0
201600054662,16,9,16,1620,1,2,2,2,2,115,4884370,229297,750,4,1,0,0,1,1,0,0,2,6,1,99,0
201600054663,16,9,17,30,5,2,2,2,2,115,4883510,228900,750,4,1,1,0,1,1,0,10,2,0,1,99,0
201600054664,16,9,20,1700,1,2,2,1,3,115,4884040,231491,750,4,2,2,3,1,1,0,0,1,5,1,0,0
201600054665,16,9,20,1450,1,2,2,1,3,115,4883860,228937,750,4,1,2,3,1,1,0,0,1,5,1,0,0
201600054666,16,9,20,2140,5,2,3,1,3,115,4883980,230204,750,4,1,2,1,1,1,120,80,1,0,1,0,0
201600054667,16,9,23,1140,1,2,1,1,6,115,4883570,230190,750,4,2,3,3,1,1,150,100,1,0,1,99,0
201600054668,16,9,23,1450,1,2,2,1,3,115,4884310,228349,750,4,2,2,0,1,1,0,0,1,0,1,0,0
201600054669,16,9,24,455,5,2,5,1,2,114,4884100,232144,750,4,3,2,0,1,1,0,0,1,0,1,99,0
201600054670,16,9,26,730,1,2,2,1,3,105,4884340,234152,750,4,1,2,0,0,0,0,0,1,0,0,3,0
201600054671,16,9,26,1840,1,2,2,1,6,115,4884300,231278,750,4,1,0,0,0,0,0,0,0,0,0,0,0
201600054672,16,9,27,2035,5,2,5,1,6,115,4885090,229259,750,4,1,1,1,1,1,25,65,1,0,5,0,0
201600054673,16,9,27,2344,5,2,2,1,3,115,4883610,227820,750,4,1,2,0,1,0,0,0,1,5,0,99,0
201600054674,16,9,30,1410,1,2,1,1,5,115,4884130,228741,750,4,2,0,0,1,1,0,120,1,0,1,99,0
201600054675,16,9,30,1950,5,2,4,2,6,115,4884620,227952,750,4,2,1,0,1,1,0,0,2,0,1,99,0
201600054676,16,10,3,1530,1,2,1,1,2,115,4884320,229530,750,4,2,2,0,1,1,0,60,1,0,1,99,0
201600054677,16,10,3,2200,5,2,1,1,3,115,4884730,230059,750,4,2,2,0,1,1,0,80,1,0,1,0,0
201600054678,16,10,4,1710,1,2,2,1,6,107,4886000,232170,750,4,1,4,0,1,1,0,150,1,0,1,0,0
201600054679,16,10,5,1215,1,2,4,1,3,115,4883440,226519,750,4,2,1,0,1,1,120,80,1,0,1,99,0
201600054680,16,10,6,730,1,2,3,1,6,115,4884260,231595,750,4,0,1,0,1,1,0,0,1,0,1,0,0
201600054681,16,10,6,1300,1,2,1,1,6,107,4885800,233134,750,4,1,1,0,1,1,0,0,1,0,1,0,0
201600054682,16,10,6,1355,1,2,2,1,6,115,4884980,229498,750,4,0,0,0,1,1,0,0,1,5,1,0,0
201600054683,16,10,6,1537,1,2,3,1,2,115,4885290,228655,750,4,2,4,0,1,1,0,80,1,0,1,0,0
201600054684,16,10,6,1820,5,2,2,1,6,115,4884980,228287,750,4,3,1,0,0,0,0,0,0,0,1,0,0
201600054685,16,10,6,1545,1,2,1,7,4,115,4882920,228840,750,4,1,3,0,1,3,0,100,1,0,1,0,0
201600054686,16,10,6,1855,2,2,2,1,3,115,4885180,229166,750,4,2,2,0,1,1,0,90,1,0,1,0,0
201600054687,16,10,7,940,1,2,7,1,6,115,4882780,229278,750,4,1,2,0,1,1,0,0,1,5,1,99,0
201600054688,16,10,7,940,1,2,7,1,6,115,4883680,227888,750,4,2,2,0,1,1,0,0,1,0,1,0,0
201600054689,16,10,7,1330,1,2,3,1,6,115,4885750,229103,750,4,2,2,0,1,1,0,0,1,0,0,0,0
201600054690,16,10,7,1515,1,2,1,8,3,115,4883770,229529,750,4,2,1,0,1,1,0,98,1,0,1,0,0
201600054691,16,10,8,1040,1,2,1,1,2,115,4883020,229228,750,4,2,3,0,1,1,0,0,1,0,1,0,0
201600054692,16,10,11,640,2,2,2,1,3,115,4883210,228058,750,4,2,2,0,1,1,0,120,1,5,1,99,0
201600054693,16,10,13,1800,5,2,1,1,5,115,4884240,228508,750,4,2,3,3,1,1,0,0,1,0,0,99,0
201600054694,16,10,14,955,1,2,2,1,7,115,4883690,228359,750,4,1,2,0,1,1,0,50,1,0,1,0,0
201600054695,16,10,15,1755,1,2,3,1,6,115,4884090,230587,750,4,1,2,0,0,0,0,0,0,0,1,0,0
201600054696,16,10,16,1630,1,2,4,1,6,115,4883460,226690,750,4,1,2,0,1,1,0,60,1,0,1,0,0
201600054697,16,10,17,1915,5,2,2,8,6,115,4885240,229058,750,4,1,1,1,1,1,0,0,1,0,1,99,0
201600054698,16,10,18,1210,1,2,2,1,6,115,4884800,229337,750,4,1,0,0,1,1,100,70,1,0,1,3,0
201600054699,16,10,19,1920,5,2,1,2,6,115,4884080,231546,750,4,1,0,0,1,1,0,75,1,0,1,0,0
201600054700,16,10,21,1435,1,2,5,3,6,115,4884290,231236,750,4,1,0,0,2,1,0,50,2,0,0,3,0
201600054701,16,10,21,2120,5,2,2,1,3,115,4882860,230138,750,4,3,4,0,1,1,86,100,1,0,1,0,0
201600054702,16,10,23,1950,5,2,3,3,2,115,4883430,228402,750,4,3,2,0,2,1,0,0,2,0,0,0,0
201600054703,16,10,25,1040,1,2,4,1,2,115,4883420,227723,750,4,1,2,0,2,1,0,100,1,3,1,0,0
201600054704,16,10,25,1905,2,2,3,1,3,115,4883020,230187,750,4,1,0,0,2,1,0,0,1,0,1,99,0
201600054705,16,10,27,1850,5,2,3,1,3,115,4885070,228397,750,4,2,4,0,1,1,0,0,1,0,1,99,0
201600054706,16,10,27,1820,1,2,2,1,3,115,4884040,231491,750,4,3,1,0,1,1,80,40,0,0,1,0,0
201600054707,16,10,28,1805,2,2,1,1,6,115,4884580,230511,750,4,1,1,0,1,0,0,0,1,0,4,99,0
201600054708,16,10,29,1450,1,2,1,1,2,115,4884510,230210,750,4,2,0,0,1,1,0,0,1,0,1,99,0
201600054709,16,10,30,150,5,2,2,1,6,115,4884030,228584,750,4,1,1,0,1,1,0,0,1,0,1,99,0
201600054710,16,10,31,905,1,2,2,1,6,115,4884480,228388,750,4,1,2,0,1,1,0,0,1,0,1,0,0
201600054711,16,10,31,910,1,2,3,1,3,115,4884860,228289,750,4,2,0,0,1,1,0,0,1,0,1,99,0
201600054712,16,10,31,1120,1,2,1,1,3,115,4884900,228216,750,4,2,4,2,1,1,0,0,1,0,1,0,0
201600054713,16,10,31,1225,1,2,1,1,2,115,4884100,229734,750,4,1,0,0,1,1,0,0,1,0,1,0,0
201600054714,16,11,2,1740,5,2,2,1,6,115,4884780,229655,750,4,1,1,0,0,0,0,45,0,0,1,0,0
201600054715,16,11,2,2115,5,2,2,1,3,115,4884000,229031,750,4,2,3,0,1,1,0,110,1,0,1,0,0
201600054716,16,11,4,900,1,2,1,2,3,115,4883650,228398,750,4,1,1,0,2,1,0,60,1,0,1,0,0
201600054717,16,11,4,1155,1,2,3,2,7,115,4883930,231621,750,4,2,0,0,0,0,0,0,0,0,1,0,0
201600054718,16,11,4,1050,1,2,3,2,7,115,4883720,227726,750,4,1,2,0,1,1,0,60,2,0,1,0,0
201600054719,16,11,4,1215,1,2,5,2,6,115,4884920,229801,750,4,2,2,0,1,1,0,100,2,0,1,0,0
201600054720,16,11,6,5,5,2,1,2,6,115,4882900,229920,750,4,1,1,3,2,1,0,0,2,4,1,0,0
201600054721,16,11,6,2000,5,2,1,1,2,115,4884680,229996,750,4,2,1,0,1,1,120,80,1,0,1,0,0
201600054722,16,11,6,2120,5,2,1,1,6,115,4884360,227925,750,4,1,1,0,1,1,0,0,1,0,1,99,0
201600054723,16,11,10,730,1,2,1,1,6,115,4885050,228887,750,4,1,1,0,1,1,0,0,1,0,1,99,0
201600054724,16,11,10,1500,1,2,2,1,3,115,4884810,229018,750,4,1,1,0,1,1,0,40,2,0,1,0,0
201600054725,16,11,10,1645,1,2,2,2,6,115,4883830,229844,750,4,1,3,0,1,1,0,150,2,0,1,0,0
201600054726,16,11,14,820,1,2,2,1,3,107,4885070,231162,750,4,3,0,0,1,1,0,0,1,0,1,99,0
201600054727,16,11,15,655,5,2,2,2,6,115,4883270,228833,750,4,1,3,0,2,1,0,84,2,0,1,0,0
201600054728,16,11,16,907,1,2,2,1,3,115,4883350,229866,750,4,2,2,0,1,1,0,40,2,0,1,0,0
201600054729,16,11,17,850,1,2,3,1,6,115,4883330,229448,750,4,1,0,0,1,0,0,0,1,0,1,0,0
201600054730,16,11,17,1653,5,2,2,1,6,115,4884050,229572,750,4,1,2,0,1,1,0,0,1,0,1,99,0
201600054731,16,11,17,1950,5,2,2,2,3,115,4883450,229567,750,4,1,1,0,1,1,0,0,2,0,1,99,0
201600054732,16,11,18,1040,1,2,1,1,6,115,4884850,229843,750,4,1,1,0,1,1,0,40,1,0,1,99,0
201600054733,16,11,18,2345,5,2,2,1,6,115,4883720,229641,750,4,2,3,0,1,1,0,60,1,0,1,99,0
201600054734,16,11,19,1245,1,2,2,1,6,115,4883850,231149,750,4,1,1,0,0,0,0,0,0,0,1,0,0
201600054735,16,11,20,1430,1,2,1,2,7,115,4883520,226606,750,4,1,2,0,1,1,0,90,2,0,1,99,0
201600054736,16,11,20,1445,1,2,2,2,3,115,4884370,228630,750,4,1,1,1,1,1,0,60,2,0,1,99,0
201600054737,16,11,20,1945,5,2,2,2,3,115,4884770,228415,750,4,2,2,0,1,1,0,80,2,0,1,0,0
201600054738,16,11,21,1500,1,2,2,1,2,115,4884640,230612,750,4,1,1,0,1,1,0,0,2,0,1,99,0
201600054739,16,11,22,1230,1,2,1,1,3,115,4884750,230342,750,4,1,0,0,1,1,80,50,1,0,5,0,0
201600054740,16,11,23,815,1,2,2,8,6,115,4884610,227692,750,4,2,4,0,1,1,0,0,1,0,1,99,0
201600054741,16,11,24,900,1,2,1,8,2,115,4884740,230087,750,4,2,2,0,1,1,0,0,1,0,1,0,0
201600054742,16,11,24,1750,5,2,3,1,3,115,4885530,228943,750,4,0,0,0,1,0,0,0,1,0,0,0,0
201600054743,16,11,25,930,1,2,1,1,3,115,4883770,228020,750,4,2,1,0,1,1,0,0,1,0,1,99,0
201600054744,16,11,26,1345,1,2,2,1,6,115,4884480,228388,750,4,2,2,0,1,0,0,0,1,0,1,0,0
201600054745,16,11,27,1425,1,2,1,1,6,115,4884550,230124,750,4,1,1,0,2,1,0,60,1,0,1,0,0
201600054746,16,11,29,1015,1,2,7,1,3,115,4882780,229278,750,4,2,3,0,1,1,0,0,1,0,1,0,0
201600054747,16,11,29,1045,1,2,4,1,3,115,4883300,227926,750,4,1,2,0,2,1,0,0,1,0,1,0,0
201600054748,16,11,29,1430,1,2,2,1,6,115,4883610,227820,750,4,3,2,0,1,1,0,0,1,0,1,99,0
201600054749,16,11,29,1915,5,2,2,1,6,115,4884940,229459,750,4,1,1,0,1,1,0,0,1,0,1,0,0
201600054750,16,11,29,2115,5,2,3,1,7,115,4884370,230638,750,4,1,2,0,1,1,0,0,1,0,1,0,0
201600054751,16,11,30,1238,1,2,1,1,6,115,4883320,227732,750,4,2,2,0,1,0,0,110,1,0,1,0,0
201600054752,16,11,30,1930,5,2,2,1,3,115,4884810,229018,750,4,1,1,0,1,1,0,70,1,0,1,3,0
201600054753,16,12,3,1600,1,2,2,7,6,115,4882890,229408,750,4,2,3,0,1,1,0,160,1,0,1,0,0
201600054754,16,12,3,1830,1,2,5,1,1,115,4884370,229297,750,4,1,1,0,1,1,0,40,1,0,1,0,0
201600054755,16,12,3,2015,5,2,3,1,3,115,4884010,228539,750,4,2,2,0,1,1,0,0,1,0,1,0,0
201600054756,16,12,4,1210,1,2,5,1,3,115,4884260,230268,750,4,1,0,0,1,1,140,80,1,5,1,99,0
201600054757,16,12,5,1320,1,2,3,1,6,115,4884800,228447,750,4,2,2,0,1,1,0,60,1,0,1,0,0
201600054758,16,12,6,1650,2,2,2,1,3,115,4883720,229641,750,4,2,3,0,1,1,0,80,1,5,1,0,0
201600054759,16,12,7,2000,5,2,1,1,3,115,4884620,228005,750,4,2,1,0,1,1,0,60,1,0,1,0,0
201600054760,16,12,8,1250,1,2,3,1,6,115,4884490,228607,750,4,1,1,0,1,1,0,60,1,0,1,0,0
201600054761,16,12,9,1545,1,2,1,1,6,115,4884360,229323,750,4,2,2,0,1,1,0,60,1,0,1,0,0
201600054762,16,12,12,1115,1,2,2,1,3,115,4882860,230138,750,4,3,4,0,1,1,60,100,1,5,1,99,0
201600054763,16,12,12,1500,1,2,1,1,6,115,4884430,230227,750,4,2,1,0,1,1,0,0,1,0,1,0,0
201600054764,16,12,13,820,1,2,2,2,3,115,4884370,228630,750,4,1,1,1,1,1,0,61,2,0,5,0,0
201600054765,16,12,13,810,2,2,2,3,6,115,4885070,228397,750,4,2,2,0,1,1,30,120,2,0,1,0,0
201600054766,16,12,13,1000,1,2,4,2,3,115,4884620,227952,750,4,2,2,0,1,1,0,80,8,0,1,0,0
201600054767,16,12,15,2130,5,2,3,1,6,115,4884160,231829,750,4,3,2,0,1,1,60,80,1,0,1,0,0
201600054768,16,12,16,1900,5,2,7,1,6,115,4884480,229019,750,4,2,2,0,1,1,0,0,1,0,1,0,0
201600054769,16,12,16,2220,5,2,1,1,6,115,4884170,231878,750,4,1,2,0,1,1,0,0,1,0,1,99,0
201600054770,16,12,19,1448,1,2,1,1,6,115,4884460,228428,750,4,1,1,0,0,0,0,0,0,0,1,0,0
201600054771,16,12,19,1810,5,2,1,1,5,115,4883370,228561,750,4,1,2,0,1,1,150,60,1,0,1,99,0
201600054772,16,12,22,1035,1,2,2,8,6,115,4883470,230515,750,4,2,3,3,1,1,0,120,2,0,1,0,1
201600054773,16,12,22,1855,5,2,3,1,2,115,4883340,228640,750,4,1,1,0,1,1,0,0,1,0,1,0,0
201600054774,16,12,23,2355,5,2,2,1,3,115,4883390,230809,750,4,2,0,0,1,1,0,50,1,0,1,0,0
201600054775,16,12,25,1755,5,2,2,1,6,115,4884110,228788,750,4,2,2,0,1,1,0,70,1,0,1,99,0
201600054776,16,12,26,1505,1,2,2,1,6,115,4884410,228121,750,4,2,2,0,1,1,0,0,1,0,1,0,0
201600054777,16,12,27,1520,1,2,1,1,6,115,4884290,232181,750,4,3,2,0,1,1,0,100,1,0,1,99,0
201600054778,16,12,27,2100,5,2,5,1,6,115,4885090,229259,750,4,1,1,0,1,3,0,100,1,0,1,99,0
201600054779,16,12,29,1400,1,2,1,1,2,115,4883850,229359,750,4,2,2,0,1,1,0,100,1,0,3,0,0
201600054780,16,1,1,250,5,2,1,1,6,116,4883910,226692,750,4,0,0,0,1,1,0,0,1,0,0,0,0
201600054781,16,1,1,540,5,2,5,1,7,116,4885290,228104,750,4,2,1,0,1,0,0,0,1,5,1,99,0
201600054782,16,1,2,2210,5,2,7,2,3,116,4885130,227844,750,4,2,2,0,1,1,0,0,2,0,1,0,0
201600054783,16,1,2,2245,5,2,2,2,6,116,4886500,223445,750,4,1,2,0,1,1,0,0,2,5,1,99,0
201600054784,16,1,3,100,5,2,3,1,3,116,4884800,225126,750,4,2,2,0,1,1,0,0,1,0,1,0,0
201600054785,16,1,5,940,1,2,1,2,7,116,4883600,225679,750,4,1,4,0,2,2,0,0,2,3,1,99,0
201600054786,16,1,5,955,1,2,2,2,6,116,4885730,227299,750,4,2,1,0,1,1,0,0,2,0,1,0,0
201600054787,16,1,5,1500,1,2,1,1,6,116,4885420,226910,750,4,1,3,3,1,1,0,0,1,0,4,0,0
201600054788,16,1,5,1400,1,2,1,8,3,116,4884800,225004,750,4,2,2,0,1,1,0,30,1,0,1,0,0
201600054789,16,1,5,2020,1,2,1,1,6,116,4885720,226518,750,4,2,2,0,1,1,0,0,1,0,1,0,0
201600054790,16,1,6,150,4,2,7,1,6,116,4886380,224025,750,4,2,4,0,1,1,0,0,2,0,1,0,0
201600054791,16,1,6,745,2,2,7,2,3,116,4886420,227237,750,4,1,1,0,1,1,0,0,2,0,1,99,0
201600054792,16,1,6,1300,1,2,7,1,6,116,4886490,229452,750,4,1,3,3,2,1,0,0,1,0,1,99,0
201600054793,16,1,6,1750,5,2,7,1,6,116,4886470,229453,750,4,1,1,0,2,1,0,0,1,0,1,0,0
201600054794,16,1,6,1900,5,2,3,1,6,108,4887520,231281,750,4,1,1,0,2,1,0,50,1,0,1,99,0
201600054795,16,1,8,2255,5,2,3,1,3,116,4884680,226834,750,4,1,2,0,1,1,0,0,1,0,1,0,0
201600054796,16,1,10,210,5,2,2,3,2,116,4885740,226463,750,4,0,2,0,0,0,0,0,0,0,0,0,0
201600054797,16,1,11,935,1,2,4,1,3,116,4886990,227174,750,4,1,3,0,1,1,0,0,2,0,1,99,0
201600054798,16,1,11,1830,5,2,1,1,2,116,4886000,227997,750,4,2,2,0,1,1,0,0,1,0,0,99,0
201600054799,16,1,14,1445,1,2,1,1,6,116,4885810,226949,750,4,2,2,0,1,1,0,0,1,0,1,0,0
201600054800,16,1,14,2318,5,2,2,1,3,116,4883960,226284,750,4,1,0,0,1,1,0,0,1,5,1,0,0
201600054801,16,1,15,2300,5,2,6,1,3,116,4887400,229417,750,4,0,6,0,1,2,0,0,1,0,1,99,0
201600054802,16,1,16,10,5,2,1,1,6,116,4886880,225398,750,4,0,0,0,0,0,0,0,0,0,1,0,0
201600054803,16,1,16,1325,1,2,3,1,2,116,4886200,222905,750,4,1,2,0,1,1,0,0,1,5,0,99,0
201600054804,16,1,16,1635,1,2,2,1,3,116,4886780,225104,750,4,0,0,0,1,1,0,0,1,0,1,99,0
201600054805,16,1,17,115,5,2,1,1,6,116,4887030,229248,750,4,2,2,0,1,1,0,0,1,0,1,0,0
201600054806,16,1,19,20,5,2,3,1,6,116,4884260,226870,750,4,2,4,3,1,3,0,0,1,0,1,99,0
201600054807,16,1,20,1815,5,2,2,1,6,116,4884530,226042,750,4,2,2,0,1,1,0,40,1,0,1,0,0
201600054808,16,1,20,1320,1,2,3,1,6,116,4885480,227961,750,4,1,2,0,1,1,0,0,1,0,1,0,0
201600054809,16,1,21,1550,1,2,4,7,2,116,4884800,225321,750,4,0,2,0,1,3,0,0,1,0,0,99,0
201600054810,16,1,21,2335,5,2,2,1,7,116,4885990,228553,750,4,2,1,0,1,1,0,0,1,0,1,0,0
201600054811,16,1,22,355,5,2,3,1,6,116,4886840,226572,750,4,1,2,0,1,1,0,0,1,0,4,99,0
201600054812,16,1,24,1240,1,2,7,1,3,116,4887180,227410,750,4,0,1,0,1,1,0,50,1,0,1,0,0
201600054813,16,1,25,1015,1,2,1,1,2,116,4884250,226845,750,4,2,2,0,1,1,0,0,1,0,1,0,0