Num_Acc,an,mois,jour,hrmn,lum,agg,int,atm,col,com,lat,long,dep,catr,circ,nbv,vosp,prof,plan,lartpc,larrout,surf,infra,situ,env1,killed
201600054814,16,1,25,1710,2,2,3,1,3,116,4884220,226797,750,4,2,3,3,1,1,0,0,1,0,1,99,0
201600054815,16,1,26,830,1,2,1,1,2,116,4885690,226435,750,4,2,5,0,1,1,0,0,1,0,1,0,0
201600054816,16,1,27,750,5,2,2,2,3,116,4887510,228395,750,4,2,2,0,1,1,0,0,2,0,1,99,0
201600054817,16,1,27,1740,2,2,1,1,2,108,4886810,230835,750,4,0,1,0,1,1,0,0,1,5,1,99,0
201600054818,16,1,27,950,1,2,4,1,7,116,4886960,227407,750,4,1,3,0,2,1,0,0,2,0,1,99,0
201600054819,16,1,29,1640,1,2,5,8,3,116,4887140,227756,750,4,2,2,0,1,1,0,0,1,0,1,0,0
201600054820,16,1,30,530,5,2,4,1,6,116,4884540,225580,750,4,2,2,0,1,3,0,40,1,0,1,0,0
201600054821,16,2,1,1130,1,2,5,1,6,116,4886390,229042,750,4,1,2,3,1,1,0,0,1,0,1,0,0
201600054822,16,2,2,300,5,2,1,1,7,116,4887300,228763,750,4,0,0,0,1,1,0,0,1,0,0,0,0
201600054823,16,2,3,745,2,2,1,2,6,116,4883470,225567,750,4,3,2,0,1,1,0,0,2,0,1,99,0
201600054824,16,2,4,1730,2,2,5,2,6,116,4884530,225866,750,4,2,4,0,1,1,0,0,2,0,1,99,0
201600054825,16,2,5,1010,1,2,1,1,2,116,4886360,223714,750,4,1,2,0,1,1,0,0,1,0,1,99,0
201600054826,16,2,5,1800,5,2,2,1,6,116,4886570,229580,750,4,2,2,0,1,1,0,0,1,0,1,0,0
201600054827,16,2,7,1515,1,2,1,1,3,116,4886900,228368,750,4,2,2,0,1,1,0,0,1,0,1,0,0
201600054828,16,2,8,1700,2,2,7,2,1,116,4887320,229513,750,4,2,4,0,1,1,0,0,2,0,1,0,0
201600054829,16,2,8,2320,5,2,3,1,3,116,4886450,226976,750,4,2,2,0,1,1,0,0,1,0,1,99,0
201600054830,16,2,10,1345,1,2,1,1,4,116,4887340,224381,750,4,2,2,0,1,1,0,0,1,0,1,99,0
201600054831,16,2,11,1220,1,2,3,1,6,116,4886390,229042,750,4,1,0,0,0,0,0,0,0,0,1,0,0
201600054832,16,2,10,2200,5,2,7,1,3,116,4884530,225751,750,4,2,6,0,1,1,0,0,1,0,0,0,0
201600054833,16,2,15,630,5,2,2,1,6,116,4884070,226499,750,4,2,4,0,1,1,0,0,1,0,1,99,0
201600054834,16,2,16,923,1,2,3,1,3,116,4883960,226716,750,4,1,1,0,1,0,0,0,1,0,0,99,0
201600054835,16,2,16,1545,1,2,1,1,4,116,4886850,227026,750,4,1,4,0,1,1,0,0,1,0,1,99,0
201600054836,16,2,17,1115,1,2,1,1,6,116,4886390,228784,750,4,2,2,0,1,1,0,0,1,0,1,99,0
201600054837,16,2,17,1105,1,2,1,1,2,116,4884200,225923,750,4,1,2,0,1,1,0,0,1,0,1,99,0
201600054838,16,2,17,2005,5,2,2,1,2,116,4887300,229310,750,4,2,0,0,1,0,0,0,1,0,1,99,0
201600054839,16,2,16,930,1,2,2,1,6,116,4886500,228649,750,4,1,1,0,1,1,0,40,1,0,0,0,0
201600054840,16,2,18,1015,1,2,5,1,6,116,4886280,227629,750,4,2,1,0,1,1,0,0,2,6,1,3,0
201600054841,16,2,18,1500,1,2,1,6,6,116,4886940,226815,750,4,2,2,0,1,1,0,0,1,0,1,0,0
201600054842,16,2,18,1745,1,2,2,2,3,116,4884910,226938,750,4,1,1,0,1,1,0,0,2,0,1,0,0
201600054843,16,2,18,1830,5,2,1,2,3,116,4885870,226549,750,4,2,2,0,1,1,0,0,2,5,1,0,0
201600054844,16,2,18,1950,5,2,7,2,3,116,4886790,228107,750,4,0,2,0,1,1,0,0,2,0,1,0,0
201600054845,16,2,18,2030,5,2,1,1,3,116,4887680,227456,750,4,2,2,0,1,0,0,0,1,0,1,99,0
201600054846,16,2,18,1230,1,2,4,2,2,116,4887080,228498,750,4,2,2,0,1,1,0,100,2,0,1,0,0
201600054847,16,2,19,1045,1,2,2,1,6,116,4884970,226859,750,4,1,1,0,1,1,0,0,1,0,1,0,0
201600054848,16,2,19,1635,1,2,3,1,3,116,4884150,225610,750,4,2,2,0,1,1,0,0,1,0,1,3,0
201600054849,16,2,19,2115,4,2,2,1,3,116,4883840,225405,750,4,2,5,0,1,0,0,0,1,0,1,0,0
201600054850,16,2,20,1830,5,2,7,1,3,108,4886440,232029,750,4,1,2,0,1,1,0,0,1,0,1,99,0
201600054851,16,2,22,830,1,2,6,1,3,116,4887320,229513,750,4,4,5,0,0,0,0,0,0,0,1,0,0
201600054852,16,2,22,1810,2,2,1,2,6,116,4887160,228481,750,4,2,2,0,1,1,0,0,2,0,1,0,0
201600054853,16,2,23,620,5,2,7,2,3,108,4886590,231989,750,4,2,6,0,1,1,0,0,2,0,1,99,0
201600054854,16,2,28,1120,1,2,1,1,2,116,4887720,226900,750,4,2,2,0,1,1,0,0,1,0,1,0,0
201600054855,16,3,1,1850,3,2,7,2,6,116,4886800,229595,750,4,2,1,0,2,1,50,100,2,0,1,99,0
201600054856,16,3,2,1345,1,2,7,2,7,116,4887710,228345,750,4,2,2,0,1,1,0,0,8,0,1,0,0
201600054857,16,3,2,1735,2,2,2,2,3,116,4886190,228613,750,4,2,2,0,2,1,0,0,2,0,1,0,0
201600054858,16,3,3,1525,1,2,5,1,6,116,4885440,227021,750,4,1,1,0,1,1,0,0,1,0,1,0,0
201600054859,16,3,3,1555,1,2,7,1,3,108,4887910,230309,750,4,2,2,0,1,1,0,0,1,0,1,0,0
201600054860,16,3,4,1740,1,2,1,1,2,116,4886620,229483,750,4,2,1,0,3,0,0,0,2,0,1,0,0
201600054861,16,3,4,1815,2,2,1,2,6,116,4886690,228410,750,4,1,1,0,1,1,0,0,0,0,4,0,0
201600054862,16,3,6,1645,1,2,2,2,6,116,4886120,227546,750,4,1,0,0,0,0,0,0,0,0,0,0,0
201600054863,16,3,6,2210,5,2,2,1,2,116,4885880,228906,750,4,1,4,0,1,1,0,150,1,0,1,0,0
201600054864,16,3,7,1352,1,2,5,1,2,116,4884900,226636,750,4,1,2,0,1,1,0,0,2,0,1,0,0
201600054865,16,3,7,1340,1,2,5,2,2,116,4884090,226529,750,4,2,5,0,1,1,0,0,2,0,1,0,0
201600054866,16,3,8,1930,5,2,1,1,7,117,4888410,228562,750,4,1,4,0,1,1,0,0,1,0,1,99,0
201600054867,16,3,9,825,1,2,7,3,3,108,4886840,232324,750,4,2,2,0,1,1,0,0,2,0,1,99,0
201600054868,16,3,9,1010,1,2,7,3,1,116,4886800,229595,750,4,2,2,0,2,1,0,0,2,0,1,99,0
201600054869,16,3,10,20,5,2,2,1,2,116,4887120,228885,750,4,2,2,0,1,1,0,0,1,0,1,99,0
201600054870,16,3,10,1915,3,2,1,1,3,116,4886420,230091,750,4,1,2,0,2,1,0,0,1,2,1,99,0
201600054871,16,3,11,1455,1,2,2,1,6,116,4884150,226386,750,4,1,2,1,1,1,0,0,0,0,1,99,0
201600054872,16,3,11,1650,1,2,7,1,3,116,4886040,229115,750,4,2,4,0,1,1,0,0,1,2,1,99,0
201600054873,16,3,12,1705,1,2,2,1,2,116,4883810,225500,750,4,1,3,1,1,1,0,0,1,0,1,99,0
201600054874,16,3,13,40,5,2,1,1,3,116,4886710,228053,750,4,2,2,0,1,1,0,0,1,0,1,0,0
201600054875,16,3,12,1300,1,2,4,1,6,116,4886410,223629,750,4,2,2,0,1,1,20,100,1,0,1,0,0
201600054876,16,3,14,1915,5,2,2,1,3,116,4884710,227441,750,4,1,1,0,1,0,0,0,1,0,1,99,0
201600054877,16,3,15,930,1,2,1,1,3,116,4887490,224915,750,4,2,3,0,1,1,0,0,1,0,1,99,0
201600054878,16,3,16,1520,1,2,2,8,2,116,4886850,229887,750,4,2,2,3,2,1,0,0,1,0,0,0,0
201600054879,16,3,17,1650,1,2,1,1,3,116,4886830,225246,750,4,2,2,0,1,1,0,0,1,0,1,99,0
201600054880,16,3,17,1905,1,2,7,1,2,116,4884800,224273,750,4,1,0,0,1,2,0,0,1,5,1,99,0
201600054881,16,3,18,1310,1,2,2,1,6,116,4886210,227255,750,4,1,1,0,1,1,0,0,1,0,1,99,0
201600054882,16,3,18,1455,1,2,1,1,2,116,4886140,226432,750,4,1,4,0,1,1,0,0,1,0,1,99,0
201600054883,16,3,18,2340,5,2,6,1,6,116,4887400,229417,750,4,1,5,0,1,2,0,0,1,5,1,99,0
201600054884,16,3,19,20,5,2,5,1,6,116,4884320,226015,750,4,0,2,0,1,1,0,0,1,0,1,0,0
201600054885,16,3,21,2045,5,2,1,1,3,116,4887240,229177,750,4,2,2,0,1,1,0,0,1,0,0,0,0
201600054886,16,3,22,938,1,2,2,1,6,116,4887020,228281,750,4,1,2,0,1,1,0,0,1,0,1,0,0
201600054887,16,3,22,1750,1,2,1,1,6,116,4886460,227811,750,4,2,0,0,1,2,0,0,1,0,1,3,0
201600054888,16,3,23,1600,1,2,1,1,2,116,4885210,227449,750,4,1,1,0,1,1,0,0,1,0,1,0,0
201600054889,16,3,24,815,1,2,4,1,3,116,4884810,225304,750,4,1,1,0,1,1,0,0,1,0,0,99,0
201600054890,16,3,24,745,1,2,1,1,4,116,4884160,225418,750,4,1,4,0,1,1,0,0,1,1,1,99,0
201600054891,16,3,24,1050,1,2,5,1,3,116,4883710,225658,750,4,1,4,0,1,1,0,0,1,5,1,99,0
201600054892,16,3,24,1030,1,2,7,1,3,116,4887320,229513,750,4,1,4,0,0,0,0,0,0,0,1,0,0
201600054893,16,3,24,1805,2,2,5,1,6,116,4884800,226406,750,4,1,1,0,1,1,0,0,1,0,1,99,0
201600054894,16,3,25,1430,1,2,5,1,6,116,4886620,228623,750,4,1,1,0,1,2,0,0,1,0,1,0,0
201600054895,16,3,27,1830,1,2,7,1,6,116,4887320,229458,750,4,1,0,0,1,1,0,0,1,0,1,0,0
201600054896,16,3,28,2335,5,2,7,1,6,116,4887180,227641,750,4,2,4,0,1,3,0,0,2,0,1,0,0
201600054897,16,3,29,910,1,2,4,1,2,116,4885830,226115,750,4,2,1,0,1,1,0,0,1,0,1,99,0
201600054898,16,3,29,1005,1,2,1,1,6,116,4886370,228774,750,4,1,1,0,1,1,0,0,1,0,1,99,0
201600054899,16,3,26,1250,1,2,1,1,6,116,4886250,229373,750,4,2,1,2,1,1,0,0,1,0,4,99,0
201600054900,16,3,29,1530,1,2,1,2,2,116,4884400,225452,750,4,3,4,0,1,1,0,0,1,1,1,99,0
201600054901,16,3,30,30,5,2,2,1,3,116,4886860,227413,750,4,1,1,0,1,1,0,0,2,0,1,0,0
201600054902,16,4,3,20,5,2,1,2,6,116,4887370,226755,750,4,2,2,0,1,1,0,0,2,0,1,0,0
201600054903,16,4,3,700,2,2,2,1,7,116,4886290,229191,750,4,2,2,0,2,3,0,0,2,0,1,0,0
201600054904,16,4,3,2200,5,2,5,1,2,116,4886860,227413,750,4,2,2,0,1,1,0,0,1,0,1,0,0
201600054905,16,4,4,1020,1,2,1,1,2,116,4886350,229717,750,4,3,2,0,1,1,0,0,1,0,1,0,0
201600054906,16,4,4,2015,1,2,2,1,3,116,4887250,226444,750,4,2,4,0,1,1,0,0,1,0,1,0,0
201600054907,16,4,6,1930,5,2,4,2,7,116,4885550,227508,750,4,1,2,0,2,1,0,0,2,0,1,0,0
201600054908,16,4,6,2300,5,2,1,1,3,116,4884800,224963,750,4,2,2,1,1,1,0,0,1,0,5,99,0
201600054909,16,4,7,115,5,2,1,1,6,116,4886250,229390,750,4,3,3,0,1,3,0,0,1,0,1,99,0
201600054910,16,4,7,1820,1,2,1,1,3,116,4884860,226263,750,4,1,2,0,0,1,0,0,1,0,1,0,0
201600054911,16,4,8,1120,1,2,5,8,3,116,4884530,225866,750,4,3,4,0,1,1,0,0,2,5,1,99,0
201600054912,16,4,8,1359,1,2,1,1,2,116,4886330,223170,750,4,2,3,1,1,1,0,0,1,0,5,0,0
201600054913,16,4,8,2315,5,2,5,1,3,116,4885950,227519,750,4,2,0,0,0,0,0,0,0,0,1,0,0
201600054914,16,4,9,530,5,2,5,1,6,116,4886780,225104,750,4,2,4,0,1,1,0,0,1,0,1,0,0
201600054915,16,4,11,930,1,2,3,2,6,116,4886380,227890,750,4,1,2,0,1,1,0,0,2,0,1,99,0
201600054916,16,4,11,1615,1,2,1,2,6,116,4884750,226836,750,4,1,1,0,1,1,0,40,2,0,1,0,0
201600054917,16,4,12,845,1,2,1,1,6,116,4885940,222935,750,4,2,1,0,1,3,50,100,1,0,1,99,0
201600054918,16,4,12,1430,1,2,1,1,2,116,4886900,229277,750,4,1,1,0,1,1,0,0,1,0,1,99,0
201600054919,16,4,13,1955,1,2,2,1,3,116,4885850,224489,750,4,2,0,0,1,1,0,0,1,0,1,99,0
201600054920,16,4,14,2335,3,2,2,1,3,116,4886780,225104,750,4,2,2,0,1,1,0,0,2,5,1,0,0
201600054921,16,4,15,2155,5,2,4,1,6,116,4883870,225462,750,4,1,3,0,1,1,0,0,1,0,1,0,0
201600054922,16,4,18,815,1,2,2,7,6,116,4887120,227614,750,4,2,2,0,1,1,0,0,1,0,1,99,0
201600054923,16,4,19,1710,1,2,2,1,2,116,4886750,229922,750,4,2,1,0,1,1,0,0,1,0,1,99,0
201600054924,16,4,19,1945,2,2,3,1,6,116,4885910,227986,750,4,1,1,0,1,1,0,0,1,0,1,99,0
201600054925,16,4,20,935,1,2,7,1,3,116,4887210,227459,750,4,1,0,1,1,0,0,0,1,5,5,99,0
201600054926,16,4,20,1257,1,2,7,1,3,116,4885130,227844,750,4,1,7,0,1,1,0,0,1,0,1,99,0
201600054927,16,4,20,1840,1,2,1,1,2,116,4887420,229359,750,4,2,6,0,3,1,0,0,1,0,1,99,0
201600054928,16,4,21,15,5,2,1,1,3,116,4885990,224185,750,4,2,2,0,2,3,0,0,1,0,1,0,0
201600054929,16,4,21,100,5,2,3,1,3,116,4885790,228096,750,4,1,2,0,1,0,0,0,0,0,1,0,0
201600054930,16,4,23,955,1,2,1,1,6,116,4885570,227707,750,4,2,2,0,2,1,0,0,1,0,1,99,0
201600054931,16,4,23,1130,1,2,3,1,3,116,4884150,226656,750,4,2,1,0,1,1,0,0,1,0,1,0,0
201600054932,16,4,26,1040,1,2,3,1,6,116,4885090,226047,750,4,2,0,0,1,1,0,0,1,0,1,99,0
201600054933,16,4,27,1615,1,2,1,1,6,116,4887680,227058,750,4,2,2,0,1,1,0,0,1,0,1,0,0
201600054934,16,4,27,1820,1,2,1,1,6,116,4884990,227463,750,4,0,1,0,1,1,0,0,1,0,1,3,0
201600054935,16,4,27,1830,1,2,5,1,3,116,4885790,226294,750,4,2,2,0,1,1,0,0,1,0,1,0,0
201600054936,16,4,28,1640,1,2,4,1,6,116,4886380,224025,750,4,2,2,0,1,1,0,0,1,0,1,99,0
201600054937,16,5,1,1320,1,2,1,1,6,116,4886910,227521,750,4,1,1,0,1,1,0,0,1,0,1,99,0
201600054938,16,5,3,830,1,2,1,1,3,116,4887030,225814,750,4,2,2,0,1,1,0,0,1,0,1,99,0
201600054939,16,5,4,1715,1,2,1,1,3,116,4885910,226241,750,4,0,4,0,1,1,0,80,1,0,1,99,0
201600054940,16,5,6,230,5,2,2,1,3,116,4886570,229580,750,4,2,1,0,1,1,0,0,1,0,1,0,0
201600054941,16,5,6,930,1,2,1,1,5,116,4884800,224759,750,4,2,0,0,1,1,50,100,1,0,1,99,0
201600054942,16,5,8,2220,5,2,1,1,3,116,4885450,226103,750,4,2,2,0,1,1,0,0,1,0,1,0,0
201600054943,16,5,10,1825,1,2,2,2,3,116,4883650,225592,750,4,1,3,0,1,1,0,0,2,0,1,0,0
201600054944,16,5,10,2356,5,2,2,1,3,116,4884090,226529,750,4,2,4,0,0,0,0,0,0,0,1,0,0
201600054945,16,5,11,120,5,2,5,1,3,116,4886900,229155,750,4,2,2,0,1,1,0,0,2,5,1,99,0
201600054946,16,5,12,1315,1,2,2,1,2,116,4886020,228103,750,4,1,2,0,1,1,0,0,1,0,1,0,0
201600054947,16,5,13,2025,1,2,1,1,3,116,4887120,226057,750,4,2,2,0,1,1,0,0,1,0,1,0,0
201600054948,16,5,15,30,5,2,3,1,6,116,4884300,225635,750,4,2,2,0,1,1,0,120,1,0,1,0,0
201600054949,16,5,15,1610,1,2,1,1,3,116,4884740,225941,750,4,0,3,1,1,1,0,0,1,0,5,99,0
201600054950,16,5,15,2310,5,2,1,1,6,116,4884120,225614,750,4,2,2,0,1,1,0,0,1,0,1,0,0
201600054951,16,5,16,405,5,2,4,1,1,116,4887740,228138,750,4,1,5,0,2,2,0,0,0,0,1,0,0
201600054952,16,5,16,1215,1,2,1,1,6,116,4885930,222929,750,4,1,2,1,1,2,0,0,1,0,5,99,0
201600054953,16,5,16,1250,1,2,1,1,2,116,4884940,227663,750,4,0,1,0,1,1,0,0,1,0,1,99,0
201600054954,16,5,16,1615,1,2,6,8,3,116,4887210,227549,750,4,3,0,0,1,0,0,0,1,0,0,0,0
201600054955,16,5,17,1045,1,2,1,1,3,116,4886690,229525,750,4,1,1,0,2,1,0,0,1,0,1,99,0
201600054956,16,5,17,1220,1,2,3,1,6,117,4888380,232115,750,4,1,1,0,1,0,0,0,1,0,1,0,0
201600054957,16,5,18,25,5,2,3,1,3,116,4886040,228588,750,4,2,1,0,2,1,0,0,1,0,1,99,0
201600054958,16,5,18,900,1,2,3,1,3,116,4885490,226300,750,4,2,4,0,1,1,0,0,1,0,1,99,0
201600054959,16,5,19,1125,1,2,1,1,3,116,4886810,228175,750,4,2,2,0,0,0,0,0,0,0,1,0,0
201600054960,16,5,19,1240,1,2,2,1,6,116,4887050,229555,750,4,2,2,0,3,1,0,0,2,0,1,0,0
201600054961,16,5,20,915,1,2,4,1,6,116,4886370,223255,750,4,2,2,0,1,1,0,150,1,0,1,0,0
201600054962,16,5,20,1945,1,2,4,1,3,116,4883740,225819,750,4,1,2,0,1,1,0,0,1,0,1,0,0
201600054963,16,5,20,2030,1,2,7,1,3,116,4886380,224025,750,4,2,4,0,2,1,0,0,1,0,1,99,0
201600054964,16,5,22,2320,5,2,2,2,6,116,4886390,229042,750,4,1,3,0,2,0,0,0,2,0,1,99,0
201600054965,16,5,23,820,1,2,1,3,3,116,4884210,226777,750,4,2,1,0,1,1,0,0,3,0,1,0,0
201600054966,16,5,23,2105,3,2,7,1,3,116,4887230,229527,750,4,2,1,0,1,1,0,0,1,0,1,99,0
201600054967,16,5,24,900,1,2,1,1,3,116,4886900,227042,750,4,3,4,0,1,1,0,0,1,0,1,0,0
201600054968,16,5,24,1810,1,2,1,1,4,116,4885310,228142,750,4,1,2,0,1,1,0,0,1,0,1,99,0
201600054969,16,5,24,1930,1,2,2,1,2,116,4886490,229155,750,4,0,0,0,1,1,0,0,1,0,0,0,0
201600054970,16,5,26,950,1,2,1,1,4,116,4887650,228660,750,4,2,7,3,1,1,0,0,1,0,1,99,0
201600054971,16,5,27,450,5,2,7,1,3,116,4885130,227844,750,4,0,0,0,1,1,0,0,2,2,1,99,0
201600054972,16,5,27,1500,1,2,1,1,2,116,4886680,229520,750,4,2,2,0,1,1,0,0,1,0,1,99,0
201600054973,16,5,27,1517,1,2,7,1,6,116,4883760,225755,750,4,1,2,0,1,1,0,0,1,0,1,99,0
201600054974,16,5,28,1035,1,2,2,1,2,116,4886020,228103,750,4,2,2,0,1,1,0,0,1,0,1,99,0
201600054975,16,5,30,2245,5,2,1,3,6,116,4886290,228773,750,4,1,0,0,1,1,0,0,2,0,1,99,0
201600054976,16,5,31,545,2,2,1,3,6,116,4887020,223893,750,4,2,2,0,1,1,0,160,3,0,4,99,0
201600054977,16,5,31,1410,1,2,6,2,3,116,4887130,227426,750,4,1,4,2,1,0,0,0,2,5,1,0,0
201600054978,16,5,31,2320,5,2,4,3,6,116,4884010,226388,750,4,2,2,0,1,1,0,0,2,0,1,0,0
201600054979,16,6,1,10,5,2,7,1,6,116,4885140,227824,750,4,2,3,0,1,1,0,250,1,5,1,99,0
201600054980,16,6,1,840,1,2,1,2,2,116,4886670,224811,750,4,2,4,0,1,1,0,0,2,0,1,99,0
201600054981,16,6,3,1710,1,2,7,1,2,116,4884790,226510,750,4,1,1,0,1,1,0,0,1,0,1,0,0
201600054982,16,6,4,1508,1,2,1,1,6,116,4887030,226428,750,4,2,2,0,1,1,0,0,1,0,1,0,0
201600054983,16,6,6,1820,1,2,1,1,3,116,4887220,229122,750,4,2,0,0,1,1,0,0,1,0,0,0,0
201600054984,16,6,7,1345,1,2,4,1,6,116,4885820,227344,750,4,1,1,0,1,1,0,0,1,0,1,99,0
201600054985,16,6,8,830,1,2,1,1,6,116,4885400,227123,750,4,1,1,0,0,0,0,0,0,0,1,0,0
201600054986,16,6,8,955,1,2,2,1,2,116,4885550,227020,750,4,1,2,0,1,1,0,0,1,0,1,3,0
201600054987,16,6,8,920,1,2,1,1,3,116,4885820,225460,750,4,2,0,0,1,1,0,0,1,0,1,0,0
201600054988,16,6,8,1445,1,2,1,1,3,116,4885770,227138,750,4,1,1,0,1,1,0,0,1,0,1,3,0
201600054989,16,6,9,1025,1,2,1,1,3,116,4886710,229857,750,4,2,2,0,1,1,0,0,1,0,1,99,0
201600054990,16,6,9,1350,1,2,7,1,3,116,4886330,228666,750,4,1,5,0,1,0,0,0,1,0,1,99,0
201600054991,16,6,10,745,1,2,5,1,3,116,4885250,226816,750,4,1,2,0,2,1,0,0,2,0,1,0,0
201600054992,16,6,10,1015,1,2,1,1,6,116,4883780,226527,750,4,1,2,0,1,1,0,0,1,0,1,3,0
201600054993,16,6,10,1225,1,2,1,1,3,116,4884990,224195,750,4,2,1,0,1,1,0,0,1,0,1,99,0
201600054994,16,6,10,1555,1,2,3,1,5,116,4887110,229546,750,4,2,1,0,1,0,0,0,1,0,1,0,0
201600054995,16,6,9,2130,2,2,4,1,6,116,4885070,225194,750,4,1,4,0,1,1,0,0,1,0,1,99,0
201600054996,16,6,10,1630,1,2,1,1,6,116,4885950,226172,750,4,1,1,0,2,3,10,50,1,0,1,0,0
201600054997,16,6,10,1910,1,2,1,1,3,116,4887040,228695,750,4,2,2,0,0,0,0,0,0,0,1,0,0
201600054998,16,6,12,605,2,2,2,1,3,116,4887440,229293,750,4,2,2,0,1,1,0,0,2,0,1,0,0
201600054999,16,6,12,1143,1,2,3,1,3,116,4884560,225068,750,4,2,2,0,1,0,0,0,2,0,1,0,0
201600055000,16,6,13,130,4,2,2,1,2,116,4887270,228452,750,4,2,0,0,0,0,0,0,0,0,1,0,0
201600055001,16,6,14,1030,1,2,1,1,2,116,4886350,228874,750,4,1,3,0,1,1,0,0,2,0,1,0,0
201600055002,16,6,10,1245,1,2,1,8,3,116,4884640,227269,750,4,2,3,3,1,1,0,0,1,0,1,99,0
201600055003,16,6,14,1120,1,2,1,1,4,117,4889040,232047,750,4,2,3,3,3,1,0,0,1,0,1,0,0
201600055004,16,6,14,1715,1,2,2,1,3,116,4884520,226189,750,4,1,2,0,1,1,0,0,1,0,0,0,0
201600055005,16,6,14,2015,1,2,5,1,6,116,4885070,226717,750,4,1,2,0,1,1,0,0,2,0,1,99,0
201600055006,16,6,14,2250,5,2,1,1,3,116,4887710,227739,750,4,2,1,0,1,1,0,0,1,0,1,99,0
201600055007,16,6,15,815,1,2,4,2,6,116,4883830,226577,750,4,1,3,0,1,1,0,0,2,0,1,99,0
201600055008,16,6,16,1330,1,2,1,2,3,116,4884270,225622,750,4,1,1,0,1,1,0,0,2,6,1,0,0
201600055009,16,6,16,1330,1,2,1,2,5,116,4886400,228675,750,4,2,2,0,1,1,0,0,2,0,1,0,0
201600055010,16,6,16,1500,1,2,5,2,3,116,4885950,227519,750,4,2,2,0,1,1,0,0,2,0,1,99,0
201600055011,16,6,18,45,5,2,3,1,2,116,4884830,226727,750,4,1,1,0,1,1,0,0,1,5,1,0,0
201600055012,16,6,18,1110,1,2,5,1,2,116,4886400,224071,750,4,3,2,0,1,1,0,0,1,0,1,99,0
201600055013,16,6,18,1515,1,2,1,1,3,116,4886500,228799,750,4,1,1,0,1,1,0,0,1,0,1,0,0
201600055014,16,6,19,505,5,2,2,1,3,116,4885950,227519,750,4,0,2,0,0,0,0,0,1,0,1,0,0
201600055015,16,6,19,2300,5,2,2,1,7,116,4886980,229051,750,4,1,0,0,1,1,0,0,1,0,1,0,0
201600055016,16,6,20,1400,1,2,4,3,3,116,4886190,228613,750,4,2,2,0,3,1,0,0,2,0,1,99,0
201600055017,16,6,22,50,5,2,1,1,2,116,4886010,228062,750,4,2,2,0,1,1,0,0,1,0,1,0,0
201600055018,16,6,22,455,5,2,2,1,6,116,4885490,224241,750,4,2,2,0,1,1,0,0,1,0,1,99,0
201600055019,16,6,22,1530,1,2,1,1,3,116,4886530,228886,750,4,2,2,0,1,1,0,0,1,0,1,99,0
201600055020,16,6,22,2250,5,2,2,1,4,116,4886780,225104,750,4,2,2,0,1,1,0,0,1,0,1,99,0
201600055021,16,6,23,830,1,2,7,1,3,116,4887740,228138,750,4,1,1,0,1,2,100,200,1,5,1,99,0
201600055022,16,6,23,1130,1,2,1,1,4,116,4887650,227881,750,4,1,4,0,1,1,0,0,1,0,1,99,0
201600055023,16,6,23,1215,1,2,1,1,3,116,4885220,227679,750,4,2,2,0,1,1,0,0,1,0,1,3,0
201600055024,16,6,23,1800,1,2,3,1,2,116,4885010,227640,750,4,2,2,0,1,1,0,0,1,0,1,99,0
201600055025,16,6,23,2100,1,2,3,1,3,116,4883560,226125,750,4,1,1,0,1,1,0,40,1,0,1,0,0
201600055026,16,6,25,2130,1,2,1,1,4,116,4884670,227303,750,4,2,2,0,1,1,0,0,1,0,0,0,0
201600055027,16,6,25,2240,5,2,2,1,3,116,4887490,227109,750,4,2,2,0,1,1,0,0,1,0,1,99,0
201600055028,16,6,26,35,5,2,1,1,6,116,4887860,228001,750,4,0,4,0,1,1,0,100,1,0,1,0,0
201600055029,16,6,26,2340,5,2,1,1,6,116,4886520,224059,750,4,1,2,0,1,1,0,0,1,0,1,0,0
201600055030,16,6,27,1535,1,2,2,1,2,116,4887080,228804,750,4,2,2,0,1,1,0,0,1,0,1,99,0
201600055031,16,6,27,1820,1,2,2,8,6,116,4885640,227470,750,4,2,2,0,2,3,0,0,2,0,1,99,0
201600055032,16,6,28,1845,1,2,1,1,4,116,4884250,225430,750,4,3,3,0,1,1,0,0,1,0,1,99,0
201600055033,16,6,29,900,1,2,5,1,2,116,4887330,226651,750,4,2,4,0,1,1,0,0,1,0,1,99,0
201600055034,16,6,29,1302,1,2,2,1,3,116,4886500,223445,750,4,2,4,0,1,1,0,0,1,0,1,99,0
201600055035,16,6,29,1430,1,2,7,1,3,116,4887140,227413,750,4,1,4,0,0,2,0,0,1,5,1,99,0
201600055036,16,6,29,1950,1,2,3,1,3,116,4883910,226125,750,4,1,3,3,1,1,0,100,1,0,1,0,0
201600055037,16,6,29,1830,1,2,1,1,2,116,4887210,227964,750,4,2,3,0,1,1,0,100,1,0,1,0,0
201600055038,16,6,30,910,1,2,5,1,3,116,4884810,227061,750,4,1,1,0,3,1,0,0,1,6,1,0,0
201600055039,16,6,30,910,1,2,1,1,3,116,4884060,225620,750,4,2,2,0,1,1,0,0,1,0,1,0,0
201600055040,16,7,1,100,5,2,7,1,3,116,4887230,229527,750,4,1,2,0,1,1,0,0,1,5,1,0,0
201600055041,16,6,30,2130,5,2,7,1,2,116,4887740,228138,750,4,1,6,0,1,2,0,0,1,5,1,99,0
201600055042,16,7,1,1900,1,2,1,1,3,116,4885050,227710,750,4,2,2,0,1,1,0,0,1,0,1,99,0
201600055043,16,7,3,1045,1,2,1,1,6,116,4886830,228750,750,4,1,1,0,1,1,0,0,1,0,4,99,0