Num_Acc,an,mois,jour,hrmn,lum,agg,int,atm,col,com,lat,long,dep,catr,circ,nbv,vosp,prof,plan,lartpc,larrout,surf,infra,situ,env1,killed
201600055044,16,7,3,1310,1,2,1,1,6,116,4885020,226005,750,4,2,2,0,2,1,0,0,1,0,1,99,0
201600055045,16,7,4,100,5,2,1,2,3,116,4885290,224159,750,4,2,2,0,2,3,0,0,2,0,1,0,0
201600055046,16,7,4,1920,1,2,5,1,6,116,4884070,226499,750,4,2,4,0,1,1,0,0,1,0,1,99,0
201600055047,16,7,2,1745,1,2,1,1,4,116,4886120,226378,750,4,1,3,0,1,1,0,0,1,0,1,0,0
201600055048,16,7,5,1420,1,2,1,1,3,116,4885700,228675,750,4,1,3,0,1,1,0,0,1,0,1,99,0
201600055049,16,7,5,1705,1,2,1,1,6,116,4885560,226347,750,4,2,4,0,1,1,0,0,1,0,1,0,0
201600055050,16,7,5,2330,5,2,2,1,6,116,4885740,226463,750,4,2,2,0,1,1,0,0,1,0,1,99,0
201600055051,16,7,6,1215,1,2,1,1,6,116,4887460,227029,750,4,2,1,0,1,1,70,140,1,0,1,0,0
201600055052,16,7,7,1750,1,2,7,1,2,116,4887860,227978,750,4,1,0,0,0,0,0,0,0,0,1,0,0
201600055053,16,7,8,200,3,2,2,1,6,116,4887590,226213,750,4,2,2,0,1,1,0,80,1,0,4,0,0
201600055054,16,7,8,1615,1,2,7,1,3,116,4887710,228345,750,4,1,6,0,1,1,0,0,2,0,1,99,0
201600055055,16,7,9,1005,1,2,3,7,7,116,4885700,226641,750,4,2,0,0,1,1,0,0,1,0,1,0,0
201600055056,16,7,9,900,1,2,7,1,7,116,4887130,227426,750,4,1,2,0,1,2,0,0,8,6,1,99,0
201600055057,16,7,10,1720,1,2,4,1,6,116,4886170,227334,750,4,1,1,0,1,1,0,0,1,0,1,99,0
201600055058,16,7,12,1950,1,2,4,9,6,116,4886690,223884,750,4,1,0,0,1,2,0,0,1,0,1,99,0
201600055059,16,7,12,2250,5,2,7,3,3,116,4886340,228690,750,4,2,1,0,2,1,0,0,2,0,1,0,0
201600055060,16,7,15,940,1,2,4,1,3,116,4887770,227935,750,4,1,1,0,1,1,0,0,1,5,1,0,0
201600055061,16,7,15,1015,1,2,2,1,2,116,4887490,227109,750,4,2,2,0,1,1,0,0,1,0,1,0,0
201600055062,16,7,18,1030,1,2,1,1,3,116,4884880,225928,750,4,0,0,0,1,1,0,0,1,0,1,99,0
201600055063,16,7,19,1150,1,2,7,1,7,116,4886090,229148,750,4,0,2,0,2,1,0,0,8,5,1,0,0
201600055064,16,7,20,1,5,2,1,1,7,116,4884580,225773,750,4,2,0,0,0,0,0,0,0,0,1,0,0
201600055065,16,7,20,630,1,2,5,1,3,108,4886420,232014,750,4,0,6,0,1,0,0,0,1,0,1,0,0
201600055066,16,7,21,120,5,2,1,1,6,116,4884220,226971,750,4,1,1,0,1,1,0,30,1,0,1,99,0
201600055067,16,7,22,1630,1,2,1,1,3,116,4884600,225088,750,4,2,2,0,2,1,0,0,1,0,1,99,0
201600055068,16,7,25,1020,1,2,3,1,3,116,4887130,229318,750,4,2,3,0,1,1,0,0,1,0,1,99,0
201600055069,16,7,27,120,5,2,3,1,6,116,4884850,227570,750,4,1,0,0,1,1,0,0,1,0,1,99,0
201600055070,16,7,28,1635,1,2,5,1,6,116,4886780,225104,750,4,2,2,0,1,1,0,0,1,0,1,0,0
201600055071,16,7,29,2145,5,2,3,1,6,116,4884260,226870,750,4,2,2,3,1,1,0,0,1,0,1,0,0
201600055072,16,7,30,1745,1,2,1,1,6,116,4886870,224378,750,4,0,2,0,1,1,0,0,1,0,1,0,0
201600055073,16,8,1,640,1,2,1,1,2,116,4887580,228866,750,4,2,3,0,1,1,0,0,1,0,1,99,0
201600055074,16,8,1,2135,5,2,5,1,3,116,4886500,224909,750,4,2,2,0,1,1,0,0,1,0,1,99,0
201600055075,16,8,3,1430,1,2,4,1,6,116,4885520,223753,750,4,1,2,0,1,1,0,0,1,0,1,99,0
201600055076,16,8,3,2030,1,2,4,1,3,117,4889660,232863,750,4,2,1,0,0,0,0,0,0,0,0,0,0
201600055077,16,8,8,859,1,2,2,1,6,116,4887490,227109,750,4,2,2,0,1,1,0,0,1,0,4,99,0
201600055078,16,8,10,915,1,2,4,1,2,116,4886390,229889,750,4,2,3,0,1,1,0,100,1,0,1,99,0
201600055079,16,8,12,1820,1,2,2,1,3,116,4883650,225592,750,4,1,3,0,1,1,0,0,1,5,1,99,0
201600055080,16,8,12,1910,1,2,3,1,6,116,4886330,229631,750,4,2,4,0,1,1,0,0,1,0,1,99,0
201600055081,16,8,13,1745,1,2,7,1,3,116,4887350,229423,750,4,1,0,0,1,0,0,0,1,0,1,0,0
201600055082,16,8,14,1530,1,2,2,1,6,108,4887340,232365,750,4,1,1,0,1,1,0,0,1,0,1,99,0
201600055083,16,8,15,100,5,2,1,1,2,116,4887300,226586,750,4,2,2,0,1,1,0,0,1,0,1,99,0
201600055084,16,8,18,850,1,2,7,8,3,116,4887400,229417,750,4,1,6,0,1,2,0,0,1,0,1,99,0
201600055085,16,8,18,1700,1,2,1,1,6,116,4884320,225646,750,4,2,4,0,1,1,0,0,2,0,1,3,0
201600055086,16,8,19,1010,1,2,2,1,2,117,4887960,230499,750,4,0,0,0,1,1,0,0,1,5,0,0,0
201600055087,16,8,19,1623,1,2,1,2,2,116,4885390,227675,750,4,1,1,0,1,1,0,0,1,0,1,0,0
201600055088,16,8,21,540,1,2,3,1,3,116,4884800,225126,750,4,2,2,0,1,1,0,0,1,0,1,0,0
201600055089,16,8,21,1915,2,2,1,1,6,116,4884800,224611,750,4,2,2,0,1,1,0,0,1,0,1,0,0
201600055090,16,8,23,2305,5,2,7,1,3,116,4887700,228307,750,4,1,0,0,1,2,0,0,1,0,1,0,0
201600055091,16,8,23,1335,1,2,2,1,3,116,4887120,227614,750,4,1,1,0,1,1,0,0,1,0,1,99,0
201600055092,16,8,24,1515,1,2,1,1,3,116,4886980,229210,750,4,0,2,3,1,1,0,0,1,0,1,99,0
201600055093,16,8,24,1150,1,2,1,1,3,116,4885850,228867,750,4,1,4,0,1,1,0,0,1,0,1,0,0
201600055094,16,8,25,2100,2,2,3,1,6,116,4886450,226648,750,4,1,3,0,1,2,0,0,1,0,3,99,0
201600055095,16,8,26,140,5,2,1,1,6,116,4886010,224154,750,4,2,2,0,1,1,0,0,1,0,1,99,0
201600055096,16,8,23,2015,2,2,2,1,3,116,4885850,224489,750,4,0,1,0,1,1,0,0,1,0,0,0,0
201600055097,16,8,26,1645,1,2,7,1,6,116,4883990,225630,750,4,2,2,0,1,1,0,0,1,0,1,99,0
201600055098,16,8,28,100,5,2,3,1,3,116,4884260,226870,750,4,3,2,0,1,0,0,0,1,0,1,99,0
201600055099,16,8,28,1520,1,2,1,1,2,116,4883630,225709,750,4,1,1,0,1,2,0,0,1,0,1,0,0
201600055100,16,8,25,1400,1,2,1,1,3,116,4885470,228379,750,4,2,3,0,1,0,0,0,1,0,1,0,0
201600055101,16,8,29,1850,1,2,1,1,2,116,4885740,225922,750,4,1,4,0,0,0,0,0,0,0,1,0,0
201600055102,16,8,31,1005,1,2,2,1,3,116,4886500,228866,750,4,1,1,0,1,1,0,0,1,0,1,99,0
201600055103,16,8,31,1315,1,2,1,1,6,116,4887030,223916,750,4,2,4,0,1,1,0,0,1,0,1,99,0
201600055104,16,9,1,845,1,2,1,1,3,116,4885520,228485,750,4,1,2,0,1,1,0,0,1,0,1,0,0
201600055105,16,9,1,1015,1,2,1,1,2,116,4885700,228675,750,4,1,1,0,1,1,0,0,1,0,1,0,0
201600055106,16,9,1,1730,1,2,1,1,4,116,4885480,225537,750,4,1,4,0,1,1,0,140,1,0,1,0,0
201600055107,16,9,2,245,5,2,2,1,6,116,4887300,229310,750,4,2,1,0,1,1,0,0,1,0,1,0,0
201600055108,16,9,2,845,1,2,2,1,3,116,4885790,228795,750,4,1,1,0,3,1,0,0,1,2,1,0,0
201600055109,16,9,2,925,1,2,1,1,3,116,4885310,226845,750,4,1,2,0,1,1,0,0,1,0,1,99,0
201600055110,16,9,2,1210,1,2,1,1,4,116,4886850,227026,750,4,1,4,0,1,1,0,0,1,0,1,99,0
201600055111,16,9,2,1800,1,2,3,1,2,116,4886370,226732,750,4,1,1,1,1,1,0,0,1,0,1,99,0
201600055112,16,9,3,938,1,2,1,1,6,116,4886070,223734,750,4,0,2,1,1,0,0,0,1,0,0,0,0
201600055113,16,9,3,1535,1,2,1,1,2,116,4885600,228595,750,4,1,2,0,1,1,0,0,1,0,1,0,0
201600055114,16,9,4,500,5,2,3,1,7,116,4886390,229889,750,4,1,2,0,1,1,0,0,9,0,1,99,0
201600055115,16,9,5,1145,1,2,1,2,6,116,4886470,228265,750,4,1,2,2,1,1,0,45,1,0,1,0,0
201600055116,16,9,5,1350,1,2,1,8,3,116,4884770,226575,750,4,1,0,0,1,1,0,0,1,0,1,0,0
201600055117,16,9,5,1930,1,2,1,2,6,116,4886680,223000,750,4,2,3,0,1,1,0,0,2,2,1,99,0
201600055118,16,9,5,2222,5,2,2,1,3,116,4886230,223822,750,4,1,1,0,1,1,0,0,1,0,1,99,0
201600055119,16,9,6,55,5,2,5,1,6,116,4886500,224909,750,4,2,0,0,1,1,0,0,2,0,1,99,0
201600055120,16,9,5,1330,1,2,7,2,7,116,4886240,228699,750,4,2,1,0,1,3,0,0,2,0,1,99,0
201600055121,16,9,6,1300,1,2,7,1,3,116,4885140,227824,750,4,0,0,0,2,0,0,0,1,5,1,0,0
201600055122,16,9,7,810,1,2,7,1,6,116,4884730,227341,750,4,0,1,0,1,1,0,0,1,0,4,0,0
201600055123,16,9,7,805,1,2,7,1,6,116,4884820,226990,750,4,1,1,0,1,1,0,0,1,0,1,99,0
201600055124,16,9,7,920,1,2,1,1,4,116,4884210,226777,750,4,2,2,0,1,1,0,0,1,0,1,3,0
201600055125,16,9,7,1815,1,2,1,1,6,116,4887400,227768,750,4,2,2,0,1,1,0,0,1,0,1,0,0
201600055126,16,9,8,130,5,2,7,1,6,116,4887210,227549,750,4,0,1,0,1,1,0,0,1,0,1,99,0
201600055127,16,9,8,2150,5,2,3,1,7,116,4886410,229948,750,4,2,4,0,1,1,0,0,9,1,1,0,0
201600055128,16,9,8,1320,1,2,1,1,2,116,4885870,227600,750,4,2,1,0,1,1,0,0,1,0,1,0,0
201600055129,16,9,10,30,5,2,5,1,6,116,4884540,225580,750,4,1,0,0,0,0,0,0,0,0,1,0,0
201600055130,16,9,10,125,5,2,1,1,6,116,4885170,227359,750,4,1,1,0,1,1,0,70,1,0,1,0,0
201600055131,16,9,11,1645,1,2,1,1,6,116,4885930,228991,750,4,2,4,0,1,1,0,0,9,0,1,99,0
201600055132,16,9,11,450,5,2,2,1,3,116,4885850,224489,750,4,0,2,0,0,0,0,0,0,0,0,0,0
201600055133,16,9,12,805,1,2,1,1,6,116,4885770,224432,750,4,2,2,0,1,1,0,0,1,0,1,0,0
201600055134,16,9,12,1045,1,2,1,1,3,116,4885250,227624,750,4,2,2,0,1,1,0,0,1,0,1,99,0
201600055135,16,9,13,130,5,2,7,1,6,117,4888700,230462,750,4,2,2,0,1,2,0,0,1,0,1,99,0
201600055136,16,9,13,2250,5,2,4,1,7,116,4885880,228906,750,4,2,4,0,1,1,0,0,9,0,1,0,0
201600055137,16,9,13,2255,5,2,4,1,7,116,4885880,228906,750,4,2,4,0,1,1,0,0,9,0,1,0,0
201600055138,16,9,14,715,1,2,4,1,6,116,4885880,228906,750,4,2,2,0,1,1,0,0,1,0,1,0,0
201600055139,16,9,14,840,1,2,5,1,6,116,4887140,227756,750,4,0,2,0,1,1,0,0,1,0,1,99,0
201600055140,16,9,14,1130,1,2,7,1,3,116,4886300,226851,750,4,1,4,1,1,1,0,0,1,0,1,0,0
201600055141,16,9,14,1800,1,2,5,1,6,116,4886400,227186,750,4,3,1,0,1,1,0,0,1,0,1,0,0
201600055142,16,9,15,812,1,2,5,2,3,116,4886350,223921,750,4,0,0,0,2,0,0,0,2,0,1,0,0
201600055143,16,9,15,820,1,2,7,2,6,116,4886990,228507,750,4,1,0,0,1,1,0,0,2,0,1,0,0
201600055144,16,9,13,1610,1,2,2,1,4,116,4886510,229889,750,4,1,2,0,2,1,0,0,1,0,1,99,0
201600055145,16,9,15,2050,5,2,7,1,2,116,4883830,225731,750,4,1,1,0,1,3,0,0,1,0,1,0,0
201600055146,16,9,16,30,5,2,2,1,2,116,4887250,226444,750,4,2,0,0,0,0,0,0,0,0,1,0,0
201600055147,16,9,17,1340,1,2,1,1,2,116,4886600,229194,750,4,2,2,0,2,1,0,0,1,0,1,99,0
201600055148,16,9,17,2335,5,2,2,1,3,116,4886600,224613,750,4,1,0,0,1,1,0,0,1,0,1,0,0
201600055149,16,9,19,945,1,2,1,1,2,116,4885090,227781,750,4,2,2,0,1,1,0,0,2,0,1,0,0
201600055150,16,9,19,1200,1,2,2,1,6,116,4885740,226463,750,4,2,2,0,1,1,0,0,1,0,1,0,0
201600055151,16,9,19,805,1,2,3,1,3,116,4887330,228107,750,4,1,1,0,1,1,0,0,1,0,1,0,0
201600055152,16,9,18,2130,1,2,1,1,7,116,4885850,228867,750,4,2,2,0,1,1,0,0,2,0,1,99,0
201600055153,16,9,21,1530,1,2,1,1,2,116,4887240,224259,750,4,2,5,0,1,1,0,0,1,0,1,99,0
201600055154,16,9,21,1730,1,2,1,1,2,116,4883960,226773,750,4,0,6,1,1,1,0,0,1,0,0,0,0
201600055155,16,9,21,1700,1,2,1,1,3,116,4886900,226725,750,4,2,2,0,1,1,0,0,1,0,1,99,0
201600055156,16,9,22,930,1,2,1,1,1,116,4887070,226423,750,4,2,2,0,1,3,0,0,1,0,0,0,0
201600055157,16,9,22,910,1,2,1,1,6,116,4886800,228574,750,4,2,2,0,1,1,0,0,1,0,1,0,0
201600055158,16,9,23,1755,1,2,1,1,3,116,4883870,226002,750,4,1,3,3,1,1,0,0,1,0,1,0,0
201600055159,16,9,24,1110,1,2,7,1,3,116,4887230,229527,750,4,2,4,0,1,1,0,0,1,0,1,99,0
201600055160,16,9,25,220,5,2,1,1,2,116,4886360,223793,750,4,1,2,0,1,3,0,40,1,0,1,99,0
201600055161,16,9,25,550,2,2,1,1,6,116,4884310,227055,750,4,1,1,0,1,1,0,0,1,0,1,99,0
201600055162,16,9,25,1240,1,2,7,2,3,116,4887180,227410,750,4,3,2,0,1,0,0,0,2,6,1,0,0
201600055163,16,9,26,1815,1,2,1,1,6,116,4886840,228228,750,4,3,2,0,1,1,0,0,1,0,4,3,0
201600055164,16,9,27,13,5,2,3,1,3,116,4885450,228359,750,4,2,2,3,1,1,0,0,1,0,1,0,0
201600055165,16,9,23,1502,1,2,7,1,7,116,4884540,225580,750,4,4,2,0,1,1,100,200,8,5,1,3,0
201600055166,16,9,27,900,1,2,3,1,6,116,4884770,227251,750,4,1,1,0,1,1,0,0,1,0,1,99,0
201600055167,16,9,27,1830,1,2,5,1,3,117,4888600,228914,750,4,2,6,0,1,1,0,0,1,0,1,0,0
201600055168,16,9,27,945,1,2,1,1,6,116,4885850,225736,750,4,2,2,0,1,1,0,0,1,0,1,99,0
201600055169,16,9,28,1202,1,2,1,1,7,116,4887370,228869,750,4,2,4,0,1,1,0,0,8,0,0,99,0
201600055170,16,9,28,1900,2,2,1,1,6,116,4886540,228641,750,4,2,2,0,1,1,0,0,1,0,1,99,0
201600055171,16,9,28,820,1,2,3,1,3,117,4887900,230240,750,4,2,4,0,1,1,0,0,1,0,1,0,0
201600055172,16,9,29,1650,1,2,2,1,6,116,4883960,226329,750,4,1,2,0,1,1,0,0,1,0,1,3,0
201600055173,16,9,29,2145,5,2,2,1,6,116,4885850,224489,750,4,2,4,0,1,1,0,0,1,0,1,99,0
201600055174,16,9,30,1430,1,2,7,1,6,116,4886090,229148,750,4,2,0,0,2,0,0,0,1,0,1,0,0
201600055175,16,10,1,345,5,2,2,2,6,116,4886230,223822,750,4,2,2,0,2,3,0,0,2,0,3,0,0
201600055176,16,10,2,1330,1,2,4,1,3,116,4884790,225623,750,4,2,2,0,1,1,0,0,1,0,1,99,0
201600055177,16,10,2,2000,5,2,1,1,2,116,4887550,227254,750,4,2,2,0,1,1,0,0,1,0,1,99,0
201600055178,16,10,3,1010,1,2,1,1,3,116,4886990,227181,750,4,1,4,0,1,1,0,0,1,0,1,0,0
201600055179,16,10,1,1330,1,2,3,1,2,116,4885300,222626,750,4,2,4,0,1,1,0,0,1,0,1,0,0
201600055180,16,10,3,1130,1,2,2,1,6,116,4886660,228011,750,4,2,2,0,1,1,0,0,1,0,1,3,0
201600055181,16,10,4,2340,5,2,5,1,3,116,4886500,223445,750,4,2,5,0,1,1,0,0,1,0,1,99,0
201600055182,16,10,6,830,1,2,4,1,3,116,4883580,225705,750,4,1,2,0,1,2,0,0,1,0,1,99,0
201600055183,16,10,7,50,5,2,2,1,6,116,4886780,225104,750,4,2,4,0,1,1,0,0,1,0,1,0,0
201600055184,16,10,4,1000,1,2,5,1,6,116,4884530,225845,750,4,3,2,0,1,1,0,0,1,0,0,0,0
201600055185,16,10,8,2347,5,2,2,1,3,116,4886500,223445,750,4,1,1,0,1,1,0,0,1,0,0,0,0
201600055186,16,10,2,1350,1,2,4,1,3,116,4887740,228138,750,4,1,6,0,1,2,0,0,1,0,1,0,0
201600055187,16,10,11,600,2,2,1,1,6,116,4886500,229570,750,4,1,2,0,2,1,0,0,1,0,4,99,0
201600055188,16,10,11,830,1,2,2,8,3,116,4884560,225068,750,4,2,2,0,1,1,0,0,1,0,1,0,0
201600055189,16,10,11,1700,1,2,2,1,6,116,4886680,228997,750,4,2,4,0,1,1,0,0,1,0,1,99,0
201600055190,16,10,12,2245,5,2,7,1,6,116,4886240,226788,750,4,0,0,0,1,3,0,100,1,0,0,0,0
201600055191,16,10,13,1940,5,2,1,2,3,116,4887650,227535,750,4,3,2,0,1,1,0,0,1,0,1,99,0
201600055192,16,10,14,635,2,2,5,1,3,116,4885790,226294,750,4,2,0,0,1,1,0,0,1,0,1,0,0
201600055193,16,10,14,1940,5,2,1,2,4,116,4886470,227825,750,4,2,2,0,1,1,0,0,2,0,1,0,0
201600055194,16,10,14,2130,5,2,1,2,3,116,4886850,229566,750,4,2,2,0,1,1,0,0,2,0,1,0,0
201600055195,16,10,17,630,5,2,2,2,3,116,4887590,226213,750,4,2,2,0,1,1,0,0,2,0,1,99,0
201600055196,16,10,16,1730,1,2,1,1,6,116,4885680,222658,750,4,2,2,0,0,0,0,0,0,0,3,0,0
201600055197,16,10,11,1245,1,2,4,1,4,116,4886240,229354,750,4,2,2,0,2,1,100,200,1,1,1,99,0
201600055198,16,10,17,1910,5,2,7,1,3,116,4886090,229148,750,4,0,1,0,4,1,0,0,1,0,1,0,0
201600055199,16,10,19,1747,2,2,5,1,3,116,4887360,229244,750,4,2,2,0,1,1,0,0,1,0,1,0,0
201600055200,16,10,19,2340,5,2,5,1,3,116,4885950,227519,750,4,2,2,0,1,1,0,0,1,0,1,0,0
201600055201,16,10,20,950,1,2,3,1,4,116,4887250,229197,750,4,2,2,0,1,1,0,0,2,0,1,99,0
201600055202,16,10,18,2130,5,2,1,1,6,116,4887050,228722,750,4,2,1,0,1,1,50,100,1,0,1,99,0
201600055203,16,10,21,1740,1,2,4,2,2,116,4885990,226303,750,4,1,3,0,1,1,0,0,2,0,1,0,0
201600055204,16,10,23,2100,5,2,4,2,6,116,4885540,222622,750,4,2,2,0,1,1,0,0,2,0,1,99,0
201600055205,16,10,24,745,5,2,7,2,6,116,4886020,229056,750,4,0,2,0,2,1,0,0,2,5,1,99,0
201600055206,16,10,24,730,5,2,1,2,2,116,4887590,227782,750,4,1,3,0,1,1,0,0,2,0,1,99,0
201600055207,16,10,24,1010,1,2,1,2,6,116,4886120,228408,750,4,3,2,0,1,1,0,0,2,0,1,99,0
201600055208,16,10,26,1135,1,2,1,1,2,116,4887250,229524,750,4,0,0,0,1,1,0,0,1,0,0,99,0
201600055209,16,10,26,1300,1,2,2,1,2,116,4886850,229887,750,4,1,2,0,1,1,0,0,1,0,1,99,0
201600055210,16,10,26,1320,1,2,5,1,6,116,4886490,229902,750,4,0,1,0,1,1,0,0,1,0,1,99,0
201600055211,16,10,26,1845,1,2,1,1,3,116,4885150,227981,750,4,1,2,0,1,1,0,0,1,0,1,99,0
201600055212,16,10,27,1215,1,2,2,1,3,116,4885140,223720,750,4,3,1,0,1,1,0,0,1,5,1,0,0
201600055213,16,10,31,1700,1,2,2,1,3,116,4886720,229539,750,4,2,1,0,2,1,0,0,0,0,1,99,0
201600055214,16,10,31,1415,1,2,1,1,2,116,4885620,226388,750,4,3,2,0,1,1,0,0,1,0,1,99,0
201600055215,16,11,1,325,5,2,2,1,3,116,4887270,228452,750,4,2,0,0,1,1,0,0,1,0,1,0,0
201600055216,16,11,1,652,2,2,3,1,6,116,4883650,226390,750,4,2,3,0,1,1,0,0,1,0,1,99,0
201600055217,16,10,30,2030,5,2,5,1,3,117,4887500,229113,750,4,2,8,0,1,1,0,0,1,1,1,99,0
201600055218,16,11,2,805,1,2,4,2,5,116,4887420,224476,750,4,2,0,0,0,0,0,0,0,0,0,0,0
201600055219,16,11,2,1200,1,2,7,1,3,116,4887140,227756,750,4,2,0,0,1,1,0,0,1,0,1,99,0
201600055220,16,11,2,1450,1,2,3,7,6,116,4885590,226473,750,4,1,1,0,0,0,0,0,0,0,0,0,0
201600055221,16,11,2,1900,5,2,3,1,6,116,4885500,226567,750,4,2,2,0,1,1,0,0,1,0,1,3,0
201600055222,16,11,2,1230,1,2,1,1,6,116,4886130,226783,750,4,2,1,0,1,1,30,60,1,0,1,0,0
201600055223,16,11,3,1340,1,2,7,1,3,116,4887740,228374,750,4,1,0,0,1,2,0,0,1,0,1,0,0
201600055224,16,11,1,1130,1,2,1,1,3,116,4887710,228467,750,4,2,8,0,1,1,0,0,1,0,1,99,0
201600055225,16,11,4,1900,5,2,5,2,6,116,4886400,227734,750,4,2,2,0,1,1,0,0,2,0,1,0,0
201600055226,16,11,4,1745,1,2,1,3,6,116,4886850,225330,750,4,2,4,0,1,1,0,0,2,0,1,99,0
201600055227,16,11,5,1200,1,2,3,1,2,116,4886390,229889,750,4,1,1,0,1,1,0,0,1,0,1,0,0
201600055228,16,11,5,1630,1,2,3,2,3,116,4886230,223822,750,4,2,1,1,1,3,0,0,1,0,1,99,0
201600055229,16,11,6,50,5,2,7,2,3,116,4884860,225915,750,4,3,4,0,1,1,0,0,2,0,1,99,0
201600055230,16,11,8,1330,1,2,1,1,3,116,4886570,229454,750,4,2,2,0,2,1,0,0,1,0,1,0,0
201600055231,16,11,8,1630,1,2,7,1,6,116,4886090,229148,750,4,2,2,0,2,1,50,100,1,5,1,99,0
201600055232,16,11,9,45,5,2,2,2,3,102,4886630,233864,750,4,1,0,0,1,1,0,0,2,0,1,0,0
201600055233,16,11,9,835,2,2,1,2,3,116,4883460,226181,750,4,1,4,0,2,1,0,0,2,0,1,99,0
201600055234,16,11,9,1445,1,2,7,2,3,116,4887350,229423,750,4,0,0,0,1,3,0,0,0,0,1,0,0
201600055235,16,11,9,1730,2,2,1,2,3,116,4887690,226718,750,4,2,0,0,1,0,0,0,2,0,1,0,0
201600055236,16,11,9,2030,3,2,1,2,4,116,4884640,227269,750,4,2,0,0,0,0,0,0,0,0,1,0,0
201600055237,16,11,10,2015,5,2,2,8,6,116,4886330,229631,750,4,2,1,0,1,1,50,100,2,0,1,99,0
201600055238,16,11,11,45,5,2,2,2,4,116,4886490,229452,750,4,2,3,0,3,1,0,0,2,0,1,0,0
201600055239,16,11,11,1525,1,2,7,1,6,116,4887130,227426,750,4,1,2,0,0,0,0,0,0,0,1,0,0
201600055240,16,11,12,1045,1,2,1,1,2,116,4887080,225947,750,4,2,3,0,1,1,0,0,1,0,1,99,0
201600055241,16,11,12,1930,5,2,2,2,3,116,4887140,227756,750,4,3,2,0,1,1,0,0,2,0,1,99,0
201600055242,16,11,12,2030,5,2,1,2,6,116,4887190,227732,750,4,1,1,0,1,1,0,0,2,6,1,0,0
201600055243,16,11,13,145,5,2,2,3,3,116,4884910,226938,750,4,1,1,0,1,1,0,50,2,5,1,99,0
201600055244,16,11,14,830,1,2,5,8,3,116,4886780,225104,750,4,2,4,0,0,0,0,0,0,0,1,0,0
201600055245,16,11,15,740,2,2,1,1,6,116,4886120,229211,750,4,3,2,0,1,1,0,0,8,1,1,99,0
201600055246,16,11,16,805,1,2,3,2,6,116,4885170,227769,750,4,0,4,0,1,1,0,0,2,5,1,99,0
201600055247,16,11,17,840,1,2,4,1,2,116,4885140,227736,750,4,1,2,0,0,0,0,0,0,0,1,0,0
201600055248,16,11,17,1520,1,2,7,1,6,108,4887470,232004,750,4,2,2,0,1,1,0,0,1,0,1,99,0
201600055249,16,11,20,1115,1,2,2,2,3,116,4886380,229065,750,4,2,6,0,2,1,0,0,2,0,1,0,0
201600055250,16,11,20,1310,1,2,1,2,6,116,4885010,225229,750,4,1,5,0,1,1,0,0,2,1,1,99,0
201600055251,16,11,21,655,2,2,2,2,4,116,4887440,229293,750,4,2,4,0,1,1,0,0,2,0,1,99,0
201600055252,16,11,21,1057,1,2,1,1,7,116,4884450,225713,750,4,2,1,0,1,1,0,0,2,0,1,0,0
201600055253,16,11,21,1000,1,2,1,1,6,116,4884470,225720,750,4,2,4,0,1,1,0,0,2,0,1,0,0
201600055254,16,11,21,1915,5,2,3,8,2,116,4886850,228710,750,4,1,0,0,1,0,0,0,1,0,1,0,0
201600055255,16,11,22,905,1,2,1,1,6,116,4886320,228553,750,4,1,2,0,1,1,0,0,1,0,1,0,0
201600055256,16,11,23,105,5,2,1,2,6,116,4886480,224283,750,4,2,2,0,1,1,0,0,2,0,1,99,0
201600055257,16,11,23,1500,1,2,7,8,3,116,4887400,229417,750,4,1,8,0,1,2,0,0,1,0,1,99,0
201600055258,16,11,23,2210,5,2,1,1,2,116,4887560,228933,750,4,2,8,0,3,1,0,0,1,0,1,99,0
201600055259,16,11,24,2315,3,2,7,1,3,116,4883960,226284,750,4,1,2,0,0,0,0,0,0,0,0,0,0
201600055260,16,11,25,2100,5,2,3,1,3,116,4885040,227328,750,4,2,2,0,1,1,0,0,1,0,0,0,0
201600055261,16,11,25,1950,5,2,1,1,4,116,4887210,226437,750,4,2,3,0,1,1,0,0,1,0,1,0,0
201600055262,16,11,26,40,5,2,3,1,3,116,4885620,228570,750,4,2,3,3,1,1,0,0,1,0,1,99,0
201600055263,16,11,27,500,5,2,1,1,6,116,4886940,223741,750,4,2,2,0,1,1,0,0,1,0,1,99,0
201600055264,16,11,27,1800,5,2,5,1,2,116,4883860,225184,750,4,1,4,0,1,1,0,0,1,0,1,99,0
201600055265,16,11,28,1850,5,2,5,1,3,116,4885430,227840,750,4,1,2,0,2,0,0,100,0,0,1,0,0
201600055266,16,11,29,900,1,2,1,1,3,116,4885270,228140,750,4,1,2,0,1,1,50,100,7,2,1,99,0
201600055267,16,11,29,1340,1,2,4,1,3,116,4885820,227344,750,4,2,2,0,1,1,0,0,1,5,1,99,0
201600055268,16,11,29,2120,5,2,5,1,4,116,4886240,229354,750,4,3,1,0,2,1,0,0,1,1,1,99,0
201600055269,16,11,30,920,1,2,5,1,6,116,4884070,226499,750,4,3,1,0,1,1,0,0,1,0,1,99,0
201600055270,16,11,30,920,1,2,2,7,6,116,4886290,229191,750,4,3,2,0,2,1,0,0,1,0,1,0,0
201600055271,16,11,30,1100,1,2,1,1,2,116,4887560,228044,750,4,1,1,0,1,1,0,0,1,0,1,99,0
201600055272,16,11,30,1615,1,2,4,1,6,116,4885820,227344,750,4,2,1,0,1,0,0,100,1,0,1,0,0