Num_Acc,an,mois,jour,hrmn,lum,agg,int,atm,col,com,lat,long,dep,catr,circ,nbv,vosp,prof,plan,lartpc,larrout,surf,infra,situ,env1,killed
201600055273,16,11,30,1710,2,2,4,1,3,116,4883530,226005,750,4,1,4,0,1,1,0,0,1,0,1,99,0
201600055274,16,12,1,1515,1,2,1,1,2,116,4886780,229378,750,4,1,1,0,1,1,0,0,1,0,1,0,0
201600055275,16,12,1,2000,5,2,3,1,3,116,4886510,229756,750,4,1,3,0,2,1,0,0,1,0,1,0,0
201600055276,16,12,2,136,5,2,4,1,6,116,4885000,227723,750,4,1,1,0,3,3,0,0,1,0,1,0,0
201600055277,16,12,2,1530,1,2,1,1,6,116,4883880,225681,750,4,2,4,0,1,1,50,100,1,0,1,99,0
201600055278,16,12,3,220,5,2,4,1,6,116,4883870,225389,750,4,1,2,0,1,1,0,0,1,3,1,99,0
201600055279,16,12,3,1810,5,2,2,1,6,116,4885730,227299,750,4,1,3,0,2,1,50,100,1,5,1,99,0
201600055280,16,12,7,700,5,2,1,1,3,116,4884290,226082,750,4,3,4,0,1,1,0,0,1,0,0,99,0
201600055281,16,12,8,1400,1,2,2,1,3,116,4887490,227109,750,4,2,2,0,1,1,0,0,1,0,1,0,0
201600055282,16,12,8,2325,5,2,4,1,2,116,4883810,225813,750,4,1,3,0,1,1,0,0,1,0,1,0,0
201600055283,16,12,9,1730,2,2,1,1,6,116,4883860,225263,750,4,2,1,0,0,1,0,0,1,0,4,0,0
201600055284,16,12,10,30,5,2,3,1,4,116,4885520,228446,750,4,2,3,0,1,1,0,0,1,0,1,99,0
201600055285,16,12,10,2010,5,2,1,1,6,116,4886820,227287,750,4,0,0,0,1,1,0,0,1,0,4,3,0
201600055286,16,12,11,2015,5,2,1,1,3,116,4884680,225824,750,4,2,2,0,2,1,0,0,1,0,1,99,0
201600055287,16,12,12,1030,1,2,1,1,6,116,4884330,225991,750,4,3,4,0,1,1,0,0,1,0,3,99,0
201600055288,16,12,12,2020,5,2,1,4,5,108,4886380,230180,750,4,1,5,0,1,1,0,0,2,2,1,99,0
201600055289,16,12,13,2200,5,2,5,1,6,116,4885840,227030,750,4,2,0,0,2,3,40,160,1,0,0,0,0
201600055290,16,12,14,2300,5,2,3,1,3,116,4886870,227330,750,4,2,3,0,1,1,0,0,1,0,1,3,0
201600055291,16,12,15,655,5,2,1,1,3,116,4883750,225404,750,4,1,4,0,2,1,0,0,1,0,1,99,0
201600055292,16,12,15,1420,1,2,5,1,6,116,4887270,228452,750,4,2,4,0,1,1,50,100,1,0,1,99,0
201600055293,16,12,17,1245,1,2,2,1,6,116,4886490,229155,750,4,1,1,0,1,1,0,0,1,0,1,99,0
201600055294,16,12,21,215,5,2,1,1,6,116,4886920,225521,750,4,2,2,0,1,1,0,0,1,0,1,99,0
201600055295,16,12,21,2250,5,2,7,2,6,116,4886530,228341,750,4,1,2,0,1,1,0,0,2,0,1,99,0
201600055296,16,12,22,1000,1,2,7,2,6,116,4886310,228804,750,4,1,4,0,1,1,0,0,2,0,1,99,0
201600055297,16,12,22,900,2,2,1,2,1,116,4885290,224159,750,4,2,2,0,1,1,0,0,2,0,1,99,0
201600055298,16,12,22,1000,1,2,1,2,6,116,4887100,227595,750,4,1,1,0,1,1,0,0,2,0,1,99,0
201600055299,16,12,22,1415,1,2,2,2,3,116,4886750,229922,750,4,2,4,3,1,1,0,0,2,5,0,99,0
201600055300,16,12,22,2130,5,2,2,1,6,116,4884530,225751,750,4,2,1,0,1,1,0,0,2,0,1,3,0
201600055301,16,12,23,1405,1,2,3,1,3,116,4886880,228330,750,4,2,2,0,1,1,0,0,1,0,1,0,0
201600055302,16,12,23,1545,1,2,3,1,6,116,4886500,229589,750,4,2,2,0,3,1,0,0,1,0,1,0,0
201600055303,16,12,25,125,5,2,4,1,2,116,4887420,224476,750,4,0,2,0,1,1,0,0,1,0,0,0,0
201600055304,16,12,25,2230,5,2,1,1,1,116,4885630,224338,750,4,2,2,0,1,1,0,0,1,0,1,99,0
201600055305,16,12,26,1940,5,2,1,1,2,116,4886170,229286,750,4,3,2,0,1,1,0,0,1,0,1,99,0
201600055306,16,12,27,430,5,2,5,1,6,116,4885250,226816,750,4,1,2,0,2,1,0,80,1,0,1,99,0
201600055307,16,12,28,1830,5,2,2,1,3,116,4886700,227897,750,4,2,2,0,1,1,0,0,1,0,1,0,0
201600055308,16,12,29,1145,1,2,1,1,6,116,4885830,227211,750,4,2,4,0,1,1,0,0,1,0,1,99,0
201600055309,16,12,29,1800,5,2,7,1,6,116,4884790,225720,750,4,1,2,0,1,1,0,200,1,0,1,0,0
201600055310,16,12,30,1110,1,2,1,1,6,116,4885840,228383,750,4,1,2,0,1,1,0,0,1,0,1,0,0
201600055311,16,12,30,1120,1,2,5,1,5,116,4884530,225866,750,4,2,2,0,1,1,0,0,1,0,1,0,0
201600055312,16,1,1,235,5,2,2,1,2,117,4888400,230867,750,4,2,1,0,1,1,0,0,1,0,1,0,0
201600055313,16,1,3,2100,5,2,4,2,6,117,4889630,231022,750,4,1,4,0,1,1,0,0,2,0,1,0,0
201600055314,16,1,4,215,5,2,5,1,3,117,4888100,230026,750,4,0,1,0,1,1,0,0,2,0,1,0,0
201600055315,16,1,5,2050,3,2,4,1,2,117,4889000,230416,750,4,1,1,0,1,1,0,0,2,0,1,0,0
201600055316,16,1,5,2225,5,2,4,2,7,117,4888940,232229,750,4,1,0,0,1,1,0,0,2,0,1,99,0
201600055317,16,1,6,105,5,2,1,2,3,117,4889570,231721,750,4,2,0,0,2,2,0,0,2,0,1,0,0
201600055318,16,1,6,2030,5,2,1,1,6,117,4888160,231514,750,4,2,1,0,1,1,0,0,1,6,1,0,0
201600055319,16,1,7,1530,1,2,7,1,3,117,4887430,229541,750,4,0,0,0,1,2,0,0,1,0,1,0,0
201600055320,16,1,8,840,1,2,2,1,3,117,4889750,232318,750,4,2,0,0,1,1,0,0,1,0,1,99,0
201600055321,16,1,12,45,5,2,2,1,3,117,4889160,231846,750,4,2,2,0,2,1,0,0,1,0,1,0,0
201600055322,16,1,12,1100,1,2,3,2,3,117,4888470,231784,750,4,2,2,0,1,1,0,0,2,0,1,0,0
201600055323,16,1,12,2045,5,2,1,3,3,117,4888450,230027,750,4,2,2,0,1,1,0,0,2,0,1,0,0
201600055324,16,1,13,1515,1,2,4,1,6,117,4887930,229146,750,4,2,0,0,1,1,0,0,1,0,1,99,0
201600055325,16,1,13,2307,5,2,5,1,5,117,4888730,231404,750,4,1,1,0,1,1,0,0,1,0,1,0,0
201600055326,16,1,14,1955,5,2,4,1,6,117,4888170,228521,750,4,2,2,0,1,1,0,0,2,0,1,0,0
201600055327,16,1,16,1730,2,2,3,1,2,117,4888680,232592,750,4,2,2,0,1,1,0,0,1,0,1,0,0
201600055328,16,1,17,540,5,2,1,1,6,117,4888710,232576,750,4,2,0,0,1,1,0,0,1,0,1,0,0
201600055329,16,1,18,1800,5,2,1,1,6,117,4887880,229341,750,4,2,2,0,1,1,0,0,1,0,1,0,0
201600055330,16,1,19,1830,5,2,1,1,6,117,4888020,228746,750,4,2,6,0,1,1,0,0,1,0,1,0,0
201600055331,16,1,20,730,2,2,1,1,6,117,4889730,232887,750,4,0,2,0,1,1,0,0,1,0,0,0,0
201600055332,16,1,20,1740,5,2,7,1,3,117,4888060,230907,750,4,2,2,0,0,0,0,0,0,0,1,0,0
201600055333,16,1,22,930,1,2,1,1,2,117,4890020,232128,750,4,2,4,0,1,1,0,0,1,0,1,99,0
201600055334,16,1,22,1445,1,2,3,3,6,117,4887630,228721,750,4,2,8,0,2,1,0,0,2,0,1,0,0
201600055335,16,1,22,1620,1,2,2,2,3,117,4888890,231794,750,4,2,2,0,1,0,0,0,2,0,1,0,0
201600055336,16,1,23,1745,5,2,7,1,3,117,4887440,229490,750,4,2,0,0,2,1,0,0,0,0,1,99,0
201600055337,16,1,23,2200,5,2,5,1,3,117,4888190,229587,750,4,2,2,0,1,1,0,0,1,0,1,0,0
201600055338,16,1,25,1940,2,2,5,1,3,117,4888710,228957,750,4,1,0,0,1,1,0,0,1,0,1,0,0
201600055339,16,1,26,815,1,2,7,1,2,117,4888540,229723,750,4,2,2,0,1,1,0,0,1,0,1,0,0
201600055340,16,1,26,1010,1,2,5,1,3,117,4888730,231404,750,4,2,2,0,1,1,0,0,1,5,1,0,0
201600055341,16,1,27,850,2,2,2,2,2,117,4889180,230158,750,4,0,2,0,1,0,0,0,2,0,0,99,0
201600055342,16,1,27,1215,1,2,1,1,4,117,4888470,229925,750,4,2,4,3,0,0,0,0,2,0,1,99,0
201600055343,16,1,27,1530,1,2,3,1,3,117,4888160,228365,750,4,1,4,0,1,1,0,200,1,0,1,0,0
201600055344,16,1,27,1950,5,2,1,1,3,117,4888600,232291,750,4,1,1,0,2,1,0,0,1,0,1,99,0
201600055345,16,1,28,840,1,2,2,1,3,117,4888400,231848,750,4,2,3,2,1,1,0,0,2,0,1,99,0
201600055346,16,1,28,945,1,2,3,1,6,117,4888860,231562,750,4,2,2,0,1,1,0,0,1,0,1,0,0
201600055347,16,1,31,330,5,2,2,2,6,117,4888500,232075,750,4,1,0,0,1,1,0,0,2,0,0,0,0
201600055348,16,1,31,930,2,2,4,2,3,117,4888210,228277,750,4,3,7,0,1,1,0,0,2,0,1,99,0
201600055349,16,1,31,1230,1,2,1,1,6,117,4890100,232579,750,4,2,2,0,1,3,0,0,2,0,0,0,0
201600055350,16,2,1,1240,1,2,2,1,3,117,4889650,232509,750,4,1,2,1,0,0,0,0,0,0,1,0,0
201600055351,16,2,1,1755,2,2,1,1,3,117,4889640,231915,750,4,3,2,0,1,1,0,0,1,0,1,3,0
201600055352,16,2,3,800,1,2,1,1,6,117,4888770,232525,750,4,2,0,0,0,0,0,0,0,0,1,0,0
201600055353,16,2,3,1335,1,2,5,1,6,117,4888390,230027,750,4,2,0,0,0,0,0,0,0,0,1,0,0
201600055354,16,2,3,1415,1,2,7,1,3,117,4888070,228525,750,4,1,0,0,1,1,0,0,1,0,1,0,0
201600055355,16,2,4,820,2,2,4,1,6,117,4888820,231050,750,4,1,1,0,1,1,0,0,1,0,1,3,0
201600055356,16,2,4,1250,1,2,1,2,3,117,4887990,230684,750,4,1,1,0,1,1,0,0,2,0,1,0,0
201600055357,16,2,4,1500,1,2,1,9,6,117,4888460,230017,750,4,2,2,0,1,1,0,0,2,0,1,0,0
201600055358,16,2,6,1530,1,2,3,1,6,117,4888940,232229,750,4,2,3,0,2,1,0,0,1,0,1,99,0
201600055359,16,2,7,205,5,2,1,2,6,117,4888310,232483,750,4,1,0,0,1,1,0,0,2,0,1,0,0
201600055360,16,2,9,800,2,2,5,6,6,117,4888720,229782,750,4,2,2,0,1,1,0,0,2,0,1,3,0
201600055361,16,2,10,2350,5,2,2,1,3,108,4887960,230499,750,4,0,0,0,2,1,0,0,1,0,0,99,0
201600055362,16,2,11,1215,1,2,3,1,2,117,4888590,230640,750,4,2,2,0,1,1,0,0,1,0,1,0,0
201600055363,16,2,11,1550,1,2,2,1,3,117,4889010,230388,750,4,0,0,0,1,1,0,0,1,0,0,0,0
201600055364,16,2,11,1510,1,2,3,1,7,117,4887690,228527,750,4,2,1,0,1,1,0,0,8,0,0,0,0
201600055365,16,2,11,1900,5,2,2,1,6,117,4888550,230799,750,4,2,1,0,1,0,0,0,1,0,0,3,0
201600055366,16,2,14,115,5,2,2,2,3,117,4888500,232075,750,4,1,0,0,1,1,0,0,2,0,1,0,0
201600055367,16,2,14,900,1,2,2,1,3,117,4888910,232273,750,4,2,3,0,2,1,0,0,1,0,1,99,0
201600055368,16,2,15,2150,5,2,2,1,2,117,4889630,231022,750,4,1,5,1,1,1,0,0,1,2,1,99,0
201600055369,16,2,19,1540,1,2,1,1,4,117,4890040,232164,750,4,1,4,0,1,1,0,0,1,0,1,0,0
201600055370,16,2,20,630,5,2,2,2,6,108,4887410,232456,750,4,1,1,0,1,1,0,0,2,0,1,0,0
201600055371,16,2,20,1030,1,2,2,1,3,117,4888400,230867,750,4,2,2,0,1,1,0,0,2,0,1,3,0
201600055372,16,2,21,900,1,2,1,1,6,117,4888050,228330,750,4,1,2,0,1,1,0,0,1,0,1,0,0
201600055373,16,2,22,850,1,2,6,1,3,117,4887860,228190,750,4,1,1,0,1,3,0,0,1,3,1,99,0
201600055374,16,2,22,2100,5,2,1,2,6,117,4888810,231514,750,4,2,3,0,1,1,0,0,2,0,1,0,0
201600055375,16,2,23,1500,1,2,5,1,6,117,4888110,228968,750,4,0,0,0,0,0,0,0,0,0,0,0,0
201600055376,16,2,25,1355,1,2,2,1,6,117,4889190,232209,750,4,2,2,0,1,1,0,0,1,0,1,0,1
201600055377,16,2,25,1730,1,2,4,1,6,117,4888440,230125,750,4,2,1,1,1,1,0,0,1,6,1,0,0
201600055378,16,2,27,1045,1,2,1,1,3,117,4887890,229305,750,4,2,2,0,1,1,0,0,1,0,1,99,0
201600055379,16,2,29,800,1,2,7,1,2,117,4888540,229332,750,4,2,4,0,1,1,0,0,1,0,1,0,0
201600055380,16,2,29,1345,1,2,7,1,2,117,4887440,229490,750,4,2,2,0,2,1,0,0,1,0,1,0,0
201600055381,16,3,1,1300,1,2,1,1,6,117,4888350,229669,750,4,2,3,0,1,1,0,0,1,0,1,0,0
201600055382,16,3,2,1150,1,2,5,1,3,117,4889610,231834,750,4,1,1,0,1,1,0,0,1,0,1,0,0
201600055383,16,3,3,1440,1,2,2,1,3,117,4889060,232018,750,4,2,3,0,1,1,0,0,1,0,1,3,0
201600055384,16,3,3,1940,5,2,4,1,4,117,4888180,228289,750,4,1,1,0,1,0,0,0,1,3,2,0,0
201600055385,16,3,4,1210,1,2,2,1,3,117,4889180,230158,750,4,1,2,0,1,1,0,0,1,0,1,0,0
201600055386,16,3,4,1600,1,2,2,2,3,117,4888420,230266,750,4,2,0,0,1,1,0,0,2,0,1,0,0
201600055387,16,3,5,530,5,2,2,2,6,117,4887630,228721,750,4,2,2,0,2,1,0,0,2,0,1,0,0
201600055388,16,3,8,1640,1,2,1,1,6,117,4887880,229108,750,4,1,1,0,1,1,0,0,1,0,4,99,0
201600055389,16,3,9,2205,5,2,2,1,7,117,4888290,229637,750,4,1,0,0,1,1,0,0,2,0,1,0,0
201600055390,16,3,10,710,1,2,2,1,6,117,4889630,231022,750,4,3,2,0,1,1,0,0,1,0,1,0,0
201600055391,16,3,11,800,1,2,3,1,3,117,4888190,228338,750,4,1,4,0,1,1,0,0,1,2,1,0,0
201600055392,16,3,12,1020,1,2,1,1,6,117,4888770,231265,750,4,2,2,0,1,1,0,0,1,0,1,0,0
201600055393,16,3,14,920,1,2,2,1,2,117,4887440,229293,750,4,1,4,0,1,1,0,0,1,0,1,0,0
201600055394,16,3,14,1520,1,2,1,1,7,117,4889430,230569,750,4,1,1,1,1,1,0,0,1,1,1,99,0
201600055395,16,3,14,1858,5,2,1,1,6,117,4889080,232666,750,4,2,2,0,1,1,0,0,1,0,0,99,0
201600055396,16,3,14,2130,5,2,2,1,3,117,4888160,229516,750,4,1,1,0,1,1,0,0,1,0,1,99,0
201600055397,16,3,15,1555,1,2,2,1,6,117,4887710,229217,750,4,1,0,1,0,0,0,0,0,0,1,0,0
201600055398,16,3,15,1545,1,2,4,1,3,117,4887960,228085,750,4,1,1,0,1,1,0,0,1,0,1,99,0
201600055399,16,3,16,900,1,2,1,1,2,117,4889450,230494,750,4,1,1,0,1,1,0,0,0,1,1,0,0
201600055400,16,3,17,5,5,2,2,1,6,117,4888500,232075,750,4,1,2,0,1,1,0,0,1,0,1,0,0
201600055401,16,3,18,640,2,2,1,1,2,117,4889390,232029,750,4,2,1,0,1,1,0,0,1,0,1,3,0
201600055402,16,3,18,1830,2,2,1,1,3,117,4889610,231062,750,4,1,2,0,1,1,0,0,1,0,1,99,0
201600055403,16,3,19,320,5,2,1,1,2,117,4888310,231943,750,4,2,2,0,1,1,0,0,1,0,1,0,0
201600055404,16,3,21,240,5,2,2,1,3,116,4885110,227228,750,4,1,0,0,1,1,0,0,1,0,1,0,0
201600055405,16,3,21,1020,1,2,3,1,2,117,4889270,231657,750,4,1,0,0,0,0,0,0,0,0,1,0,0
201600055406,16,3,21,2115,5,2,1,1,3,117,4888450,232316,750,4,1,1,0,1,1,0,0,1,0,1,3,0
201600055407,16,3,23,1005,1,2,7,1,6,117,4888290,230904,750,4,1,1,0,1,1,0,0,1,0,1,0,0
201600055408,16,3,24,1220,1,2,2,1,3,117,4889900,232203,750,4,2,1,0,1,1,0,0,1,0,1,0,0
201600055409,16,3,25,1150,1,2,7,2,7,117,4887790,229742,750,4,0,3,0,1,0,0,0,0,0,1,0,0
201600055410,16,3,25,1250,1,2,3,2,3,117,4889070,232663,750,4,2,0,0,1,1,0,0,2,6,1,0,0
201600055411,16,3,25,1555,1,2,7,1,6,117,4888480,229664,750,4,1,1,0,1,1,0,30,1,0,1,99,0
201600055412,16,3,26,1050,1,2,1,1,6,117,4889100,229906,750,4,1,1,0,1,1,0,0,1,0,1,0,0
201600055413,16,3,27,1,5,2,3,3,6,117,4887890,230178,750,4,2,2,0,1,1,0,0,2,5,1,0,0
201600055414,16,3,27,1140,1,2,4,1,6,117,4889180,230158,750,4,1,2,0,2,1,0,0,1,3,1,0,0
201600055415,16,3,30,1415,1,2,1,2,6,117,4889360,232760,750,4,2,2,0,2,1,0,0,2,0,1,0,0
201600055416,16,3,30,1610,1,2,2,2,6,117,4887870,229418,750,4,2,4,3,1,1,0,0,2,0,1,0,0
201600055417,16,3,31,1050,1,2,1,2,6,117,4887880,227998,750,4,1,1,0,1,3,0,40,2,1,1,99,0
201600055418,16,3,31,1230,1,2,7,2,6,117,4888190,231128,750,4,2,2,0,1,1,0,0,2,0,1,0,0
201600055419,16,4,3,1145,1,2,4,1,2,117,4887960,228085,750,4,1,1,0,1,1,0,0,1,0,0,0,0
201600055420,16,4,3,1755,1,2,7,1,3,117,4888600,228914,750,4,0,2,0,1,1,0,0,1,0,1,99,0
201600055421,16,4,4,1515,1,2,5,1,6,117,4888990,230392,750,4,1,0,0,1,1,0,0,1,0,1,3,0
201600055422,16,4,4,1630,1,2,2,1,3,117,4888290,229637,750,4,2,3,0,1,1,0,0,1,0,1,0,0
201600055423,16,4,5,832,1,2,1,1,2,117,4888760,229606,750,4,2,0,0,1,1,0,0,1,1,1,0,0
201600055424,16,4,6,1520,1,2,5,1,6,117,4888220,230446,750,4,2,2,0,1,1,0,50,1,0,1,0,0
201600055425,16,4,6,1730,1,2,7,2,6,117,4888230,231172,750,4,2,0,1,0,0,0,0,2,0,5,0,0
201600055426,16,4,7,740,1,2,7,1,3,117,4888100,228416,750,4,1,3,0,1,0,0,0,1,0,1,99,0
201600055427,16,4,7,1440,1,2,1,1,6,117,4887450,229275,750,4,2,2,0,1,1,0,400,1,0,1,0,0
201600055428,16,4,7,2200,5,2,2,1,3,117,4888070,228525,750,4,2,2,1,1,1,0,200,1,0,5,99,0
201600055429,16,4,9,1710,1,2,2,2,7,117,4888230,231172,750,4,1,1,0,0,0,0,0,0,0,0,0,0
201600055430,16,4,13,1000,1,2,7,1,3,117,4887850,229842,750,4,1,2,0,1,2,0,0,2,0,1,99,0
201600055431,16,4,13,1745,1,2,2,1,2,117,4887960,230499,750,4,0,2,0,1,1,0,0,2,0,0,0,0
201600055432,16,4,14,1750,1,2,1,2,3,117,4889220,230864,750,4,2,4,0,1,2,0,0,2,0,1,0,0
201600055433,16,4,15,715,1,2,7,1,6,117,4888420,230266,750,4,2,2,0,1,1,0,0,1,0,0,99,0
201600055434,16,4,15,1145,1,2,5,1,2,117,4889190,232209,750,4,2,2,0,1,1,0,0,1,0,1,0,0
201600055435,16,4,15,1350,1,2,1,1,7,117,4889660,231977,750,4,2,2,0,1,1,0,0,1,0,1,0,0
201600055436,16,4,15,1515,1,2,2,3,6,117,4888070,229340,750,4,1,1,0,1,1,0,0,2,0,0,0,0
201600055437,16,4,14,2200,5,2,1,1,6,117,4888770,232525,750,4,2,2,3,2,1,0,0,1,0,1,99,0
201600055438,16,4,16,930,1,2,4,1,1,117,4889580,232833,750,4,2,2,0,1,1,0,0,1,0,1,0,0
201600055439,16,4,17,100,5,2,4,1,6,117,4887970,228948,750,4,2,0,0,1,1,0,0,1,0,1,99,0
201600055440,16,4,17,1310,1,2,5,1,7,117,4888990,230392,750,4,2,0,0,1,1,0,0,8,0,1,0,0
201600055441,16,4,18,1430,1,2,2,1,6,117,4888120,229552,750,4,2,0,0,1,1,0,0,1,0,1,0,0
201600055442,16,4,18,1600,1,2,1,1,2,117,4889460,230578,750,4,1,4,0,1,0,0,0,1,0,1,0,0
201600055443,16,4,19,1510,1,2,1,1,2,117,4887840,229953,750,4,2,4,2,1,1,0,200,1,0,1,99,0
201600055444,16,4,21,1735,1,2,2,1,3,117,4888620,231396,750,4,1,1,0,1,2,0,0,1,0,1,99,0
201600055445,16,4,23,500,5,2,1,2,2,108,4886990,230708,750,4,2,3,0,2,1,0,0,0,0,1,0,0
201600055446,16,4,23,1250,1,2,2,1,3,117,4888070,228525,750,4,2,4,0,1,1,0,0,1,0,1,99,0
201600055447,16,4,23,2040,5,2,2,1,3,117,4888400,231848,750,4,2,0,0,1,1,0,0,1,0,1,0,0
201600055448,16,4,25,920,1,2,1,1,1,117,4888530,231720,750,4,2,2,0,2,1,0,0,1,0,1,99,0
201600055449,16,4,25,1250,1,2,1,1,6,117,4888760,229879,750,4,2,4,0,1,1,0,0,1,0,0,0,0
201600055450,16,4,25,2305,5,2,7,2,3,117,4888540,229332,750,4,1,0,0,1,1,0,0,2,0,0,0,0
201600055451,16,4,27,1935,1,2,1,1,6,108,4887360,232696,750,4,2,4,0,1,1,0,0,1,0,1,99,0
201600055452,16,4,27,1910,1,2,7,1,3,108,4886420,230214,750,4,1,2,0,1,1,0,0,1,0,1,0,0
201600055453,16,4,28,225,5,2,2,1,3,117,4887910,230309,750,4,2,2,0,1,1,0,0,1,0,1,0,0
201600055454,16,4,29,2245,5,2,5,2,3,117,4888080,228995,750,4,1,1,0,1,1,0,0,2,0,1,0,0
201600055455,16,5,1,920,1,2,4,1,6,117,4889510,231566,750,4,1,2,0,1,1,0,0,1,1,4,0,0
201600055456,16,5,1,1815,1,2,1,1,2,117,4889390,232294,750,4,1,1,0,0,0,0,0,0,0,1,0,0
201600055457,16,4,2,1010,1,2,1,1,3,117,4889190,230030,750,4,1,0,3,1,1,0,0,1,0,1,99,0
201600055458,16,5,3,1200,1,2,7,1,6,117,4889440,231361,750,4,1,0,0,1,1,0,0,1,0,1,3,0
201600055459,16,5,4,1150,1,2,1,1,6,117,4888610,229251,750,4,2,2,0,0,0,0,0,0,0,1,0,0
201600055460,16,5,4,1710,1,2,7,1,2,117,4887740,228374,750,4,1,0,0,1,0,0,0,1,0,1,0,0
201600055461,16,5,6,100,5,2,3,1,2,117,4888230,232093,750,4,3,2,0,1,1,0,0,1,0,1,0,0
201600055462,16,5,8,1350,1,2,1,1,3,117,4889490,230556,750,4,1,0,0,1,1,0,0,1,0,1,0,0
201600055463,16,5,10,1530,1,2,1,2,6,117,4889680,232868,750,4,0,1,0,1,1,0,0,1,0,1,0,0
201600055464,16,5,10,1655,1,2,1,3,6,117,4890100,232595,750,4,2,2,0,1,1,0,0,2,0,1,99,0
201600055465,16,5,11,1600,1,2,4,3,3,117,4888440,230125,750,4,2,2,0,1,1,0,0,2,0,1,0,0
201600055466,16,5,15,545,1,2,5,1,7,117,4888420,228924,750,4,3,0,0,1,1,0,0,1,0,1,0,0
201600055467,16,5,16,55,5,2,1,1,5,117,4887460,229237,750,4,2,8,0,2,1,0,0,1,0,1,99,0
201600055468,16,5,16,425,5,2,1,1,6,117,4888760,232392,750,4,1,1,0,1,1,0,0,1,0,1,99,0
201600055469,16,5,18,1650,1,2,1,3,2,117,4887550,228962,750,4,2,5,0,1,1,0,0,2,0,1,0,0
201600055470,16,5,19,1230,1,2,7,1,6,117,4887780,228388,750,4,1,0,0,0,0,0,0,0,0,1,0,0
201600055471,16,5,19,1950,1,2,7,1,2,117,4888720,229782,750,4,0,5,0,1,2,0,0,1,0,1,0,0
201600055472,16,5,20,1600,1,2,2,1,6,117,4889070,232663,750,4,2,2,0,2,1,0,0,1,0,1,3,0
201600055473,16,5,21,1830,1,2,7,1,2,117,4887780,229796,750,4,2,5,0,1,1,0,0,1,0,1,0,0
201600055474,16,5,21,1945,1,2,1,1,3,117,4889100,230590,750,4,2,2,0,2,1,0,0,1,0,1,0,0
201600055475,16,5,22,1425,1,2,5,3,2,117,4888600,228914,750,4,1,4,0,1,1,0,0,2,1,1,0,0
201600055476,16,5,25,1310,1,2,3,1,6,117,4888430,230929,750,4,1,1,0,1,1,0,0,1,6,1,0,0
201600055477,16,5,25,1615,1,2,4,1,3,117,4890040,232989,750,4,1,0,0,1,1,0,0,1,0,1,0,0
201600055478,16,5,25,1910,1,2,3,1,6,117,4888800,232460,750,4,2,3,0,2,1,0,0,1,0,1,99,0
201600055479,16,5,27,2015,1,2,4,1,3,117,4889040,229886,750,4,1,2,0,2,1,0,0,1,3,1,99,0
201600055480,16,5,27,2000,1,2,1,1,3,117,4888570,229724,750,4,2,2,0,1,2,0,0,1,0,1,99,0
201600055481,16,5,29,1755,1,2,2,2,3,117,4888330,231271,750,4,1,1,0,1,0,0,0,2,0,1,0,0
201600055482,16,5,29,2045,2,2,2,3,6,117,4888900,230420,750,4,2,2,0,1,1,0,0,2,0,1,0,0
201600055483,16,5,30,2225,5,2,7,3,6,117,4888540,229723,750,4,2,0,0,1,1,0,0,2,0,1,0,0
201600055484,16,6,1,1915,1,2,1,2,6,108,4887060,231586,750,4,2,2,0,1,1,0,0,2,0,1,99,0
201600055485,16,6,6,1705,1,2,4,1,6,117,4888040,228675,750,4,2,3,0,1,1,0,0,1,0,1,0,0
201600055486,16,6,7,1545,1,2,5,1,3,117,4888560,229167,750,4,2,2,0,1,1,0,0,1,5,0,0,0
201600055487,16,6,7,2015,2,2,1,1,2,116,4884790,225867,750,4,1,5,0,2,1,0,0,1,0,1,99,0
201600055488,16,6,9,850,1,2,2,1,3,117,4889030,232074,750,4,0,0,0,0,0,0,0,0,0,0,0,0
201600055489,16,6,9,1430,1,2,2,1,3,117,4888200,231353,750,4,1,1,0,1,1,0,0,1,5,1,99,0
201600055490,16,6,9,1920,1,2,1,1,3,117,4888540,229392,750,4,2,2,0,1,1,0,0,1,0,1,0,0
201600055491,16,6,9,1900,1,2,1,1,3,117,4888030,230194,750,4,2,0,0,1,1,0,0,1,0,0,0,0
201600055492,16,6,10,1640,1,2,1,1,3,117,4888120,228248,750,4,1,4,0,1,1,0,0,1,0,1,0,0
201600055493,16,6,10,1910,1,2,1,1,6,117,4888830,231882,750,4,1,1,0,1,1,0,0,1,0,1,0,0
201600055494,16,6,14,15,5,2,1,1,2,117,4889680,232868,750,4,2,3,0,1,1,0,0,1,0,1,0,0
201600055495,16,6,15,1200,1,2,2,1,6,117,4888120,231212,750,4,1,1,0,1,1,0,0,1,0,1,0,0
201600055496,16,6,16,1205,1,2,2,1,3,117,4889900,232203,750,4,2,4,0,2,1,0,0,1,0,1,3,0
201600055497,16,6,17,1355,1,2,7,2,6,117,4888290,230904,750,4,2,2,0,1,1,0,0,2,0,1,99,0
201600055498,16,6,17,1655,1,2,1,2,6,117,4887660,229252,750,4,1,1,0,2,1,0,60,2,0,1,0,0
201600055499,16,6,17,1520,1,2,1,3,6,117,4888580,230376,750,4,2,2,0,1,1,0,0,2,0,1,3,0
201600055500,16,6,18,1645,1,2,1,1,3,117,4888080,230014,750,4,2,2,0,1,1,0,0,2,0,1,99,0
201600055501,16,6,19,2015,1,2,1,1,2,117,4887910,228601,750,4,1,1,0,1,1,0,50,1,0,1,0,0
201600055502,16,6,20,1430,1,2,1,3,3,117,4887510,229082,750,4,2,8,0,0,1,0,0,2,0,1,99,0