Num_Acc,an,mois,jour,hrmn,lum,agg,int,atm,col,com,lat,long,dep,catr,circ,nbv,vosp,prof,plan,lartpc,larrout,surf,infra,situ,env1,killed
201600055503,16,6,21,930,1,2,7,2,3,116,4886300,226851,750,4,0,0,0,0,0,0,0,0,0,0,0,0
201600055504,16,6,21,2300,5,2,2,2,6,117,4889060,232018,750,4,2,3,0,2,1,0,0,2,0,1,0,0
201600055505,16,6,23,1215,1,2,2,1,3,117,4888090,229750,750,4,1,0,0,1,1,0,0,1,0,1,3,0
201600055506,16,6,23,1920,1,2,2,1,3,117,4889900,232203,750,4,2,4,0,1,1,0,0,1,0,1,0,0
201600055507,16,6,24,1,5,2,3,1,6,117,4888470,231784,750,4,2,0,1,1,1,0,0,1,0,1,0,0
201600055508,16,6,24,1330,1,2,3,1,3,117,4889500,231761,750,4,0,1,0,2,1,0,0,1,0,0,0,0
201600055509,16,6,24,1400,1,2,7,1,3,117,4888660,231845,750,4,1,1,3,1,1,0,0,1,0,1,0,0
201600055510,16,6,25,1350,1,2,3,1,6,118,4889130,232682,750,4,2,0,3,1,1,0,0,1,0,1,3,0
201600055511,16,6,25,1910,1,2,1,1,3,117,4888860,230432,750,4,2,4,3,1,1,0,0,1,0,1,99,0
201600055512,16,6,26,1535,1,2,2,1,6,108,4888080,231259,750,4,0,2,0,0,0,0,0,0,0,0,0,0
201600055513,16,6,26,1615,1,2,7,1,3,116,4887710,228345,750,4,1,0,0,1,2,0,0,1,0,1,99,0
201600055514,16,6,27,2050,2,2,1,1,6,117,4889180,232656,750,4,1,1,0,1,1,0,0,1,0,1,99,0
201600055515,16,6,28,945,1,2,1,1,6,118,4889690,232872,750,4,2,0,0,1,1,0,0,1,0,1,99,0
201600055516,16,6,28,2050,1,2,3,1,3,117,4889530,231621,750,4,1,1,0,1,1,0,0,1,0,1,0,0
201600055517,16,6,29,1240,1,2,1,1,6,117,4887720,229750,750,4,2,0,0,0,0,0,0,0,0,1,0,0
201600055518,16,6,29,1315,1,2,1,1,2,117,4887510,229082,750,4,2,8,0,2,0,0,0,1,0,1,0,0
201600055519,16,6,29,1600,1,2,1,1,7,117,4889320,230250,750,4,1,0,0,2,1,0,0,1,0,1,0,0
201600055520,16,6,30,1315,1,2,1,1,3,108,4888020,230780,750,4,2,2,0,1,1,0,0,0,0,0,0,0
201600055521,16,6,30,2107,1,2,4,1,3,117,4889180,230158,750,4,0,0,0,2,0,0,0,0,0,0,0,0
201600055522,16,7,3,410,5,2,2,1,6,117,4887750,229435,750,4,2,0,3,2,1,0,0,1,0,1,0,0
201600055523,16,7,3,1340,1,2,1,2,2,117,4889170,230179,750,4,3,3,0,1,0,0,0,2,2,1,99,0
201600055524,16,7,3,545,5,2,7,1,6,117,4888480,229793,750,4,0,0,0,1,3,0,0,1,0,0,99,0
201600055525,16,7,5,1020,1,2,2,1,3,117,4889900,232203,750,4,2,0,0,2,1,0,0,1,0,1,0,0
201600055526,16,7,6,1330,1,2,1,1,6,117,4888670,229645,750,4,2,0,3,1,1,0,0,1,0,1,0,0
201600055527,16,7,6,2350,5,2,5,1,6,117,4888220,232028,750,4,2,2,0,1,1,0,0,1,0,1,99,0
201600055528,16,7,7,1900,1,2,7,1,2,117,4887780,228388,750,4,1,5,0,1,2,0,0,1,5,1,0,0
201600055529,16,7,7,1930,1,2,7,1,3,101,4885770,234776,750,4,1,4,0,1,1,0,0,1,0,1,0,0
201600055530,16,7,9,615,1,2,4,1,4,117,4889630,231022,750,4,1,2,0,2,1,0,0,1,3,1,0,0
201600055531,16,7,9,1300,1,2,3,1,3,117,4889900,232203,750,4,2,2,0,2,1,0,0,1,0,1,0,0
201600055532,16,7,10,44,5,2,1,1,6,117,4889500,232379,750,4,1,1,0,2,1,0,0,1,0,1,0,0
201600055533,16,7,10,1100,1,2,1,1,3,117,4888560,232142,750,4,1,1,0,1,1,0,0,1,0,1,0,0
201600055534,16,7,10,1240,1,2,7,1,6,117,4887780,228800,750,4,1,0,0,1,0,0,0,0,0,1,0,0
201600055535,16,7,11,845,1,2,2,1,3,117,4889500,232806,750,4,2,2,0,2,1,0,0,1,0,1,0,0
201600055536,16,7,11,1450,1,2,7,1,3,117,4888520,230719,750,4,0,0,0,0,0,0,0,0,0,0,0,0
201600055537,16,7,11,1840,1,2,3,1,6,116,4884740,227371,750,4,2,4,0,1,1,0,150,1,0,0,0,0
201600055538,16,7,11,2252,5,2,5,1,3,117,4889240,230099,750,4,1,1,0,1,1,0,0,1,3,1,0,0
201600055539,16,7,12,1430,1,2,7,1,3,117,4888530,230329,750,4,2,2,0,1,1,0,50,1,0,1,0,0
201600055540,16,7,13,56,5,2,1,2,7,117,4888110,231431,750,4,2,2,0,1,1,0,0,2,0,1,0,0
201600055541,16,7,13,2237,5,2,2,1,1,117,4888690,231260,750,4,2,2,0,1,1,0,0,1,0,1,0,0
201600055542,16,7,14,1745,1,2,3,1,4,117,4888960,230401,750,4,2,2,0,1,1,0,100,1,0,1,99,0
201600055543,16,7,15,1245,1,2,5,1,3,117,4889190,232209,750,4,1,0,0,1,1,0,0,1,0,1,0,0
201600055544,16,7,15,1825,1,2,2,1,3,117,4889560,232662,750,4,1,1,0,1,1,0,0,1,0,1,0,0
201600055545,16,7,16,10,5,2,3,1,6,117,4888830,232415,750,4,3,2,0,1,1,0,0,1,0,1,99,0
201600055546,16,7,18,1415,1,2,1,1,6,108,4887990,230660,750,4,2,2,0,1,1,0,0,1,0,1,99,0
201600055547,16,7,18,1930,1,2,1,1,3,117,4888040,228196,750,4,1,4,0,1,1,0,0,1,0,1,99,0
201600055548,16,7,19,1430,1,2,3,1,6,117,4888830,230644,750,4,1,1,0,1,1,0,0,1,0,1,0,0
201600055549,16,7,20,110,5,2,5,1,6,116,4885440,227021,750,4,1,1,0,1,1,0,0,1,0,1,0,0
201600055550,16,7,20,350,5,2,7,1,6,117,4888070,228525,750,4,0,0,0,1,1,0,0,1,5,3,0,0
201600055551,16,7,20,1525,1,2,1,1,3,117,4888050,228629,750,4,2,6,0,1,1,0,0,1,0,1,99,0
201600055552,16,7,20,2250,5,2,5,1,6,117,4889750,232893,750,4,2,0,0,1,1,0,0,1,0,1,0,0
201600055553,16,7,21,1100,1,2,1,1,3,117,4889740,231269,750,4,1,4,0,1,1,0,0,1,0,1,0,0
201600055554,16,7,22,2100,1,2,5,1,3,117,4888750,229467,750,4,1,0,0,1,1,0,0,1,0,1,0,0
201600055555,16,7,23,2350,5,2,3,1,3,117,4888440,230125,750,4,2,2,0,1,1,0,0,1,0,1,0,0
201600055556,16,7,24,1230,1,2,7,1,3,117,4888070,228525,750,4,2,3,1,1,1,0,0,1,0,5,0,0
201600055557,16,7,24,1635,1,2,3,1,6,117,4889000,232122,750,4,2,3,0,3,1,0,0,1,0,1,99,0
201600055558,16,7,24,2310,5,2,3,1,3,117,4889000,232122,750,4,2,0,0,1,1,0,0,1,0,1,0,0
201600055559,16,7,25,1315,1,2,1,1,4,117,4889130,229991,750,4,1,4,0,1,1,15,200,1,1,1,0,0
201600055560,16,7,25,1905,1,2,1,1,6,117,4887720,228623,750,4,1,0,0,0,0,0,0,0,0,1,0,0
201600055561,16,7,25,2030,2,2,2,1,6,117,4888970,232171,750,4,2,3,0,2,1,0,0,1,0,1,99,0
201600055562,16,7,26,1755,1,2,1,1,6,117,4889450,231677,750,4,0,1,0,1,3,0,0,1,0,0,0,0
201600055563,16,7,27,830,1,2,7,1,3,117,4887400,229417,750,4,0,0,0,0,0,0,0,0,0,0,99,0
201600055564,16,7,27,1920,1,2,2,1,3,117,4888150,228180,750,4,1,1,0,1,1,0,0,1,0,1,0,0
201600055565,16,7,28,145,5,2,1,1,6,117,4888110,228145,750,4,1,1,0,1,1,0,0,1,1,1,99,0
201600055566,16,7,29,1000,1,2,4,1,6,117,4887860,228190,750,4,1,0,0,1,1,0,0,1,2,0,99,0
201600055567,16,7,30,1230,1,2,1,1,6,117,4888560,229218,750,4,2,2,0,1,1,0,0,1,0,0,0,0
201600055568,16,7,30,1530,1,2,2,1,6,117,4888330,230191,750,4,2,4,0,1,1,0,0,1,0,1,0,0
201600055569,16,7,30,1610,1,2,4,1,3,117,4888540,229838,750,4,2,2,0,1,1,0,0,1,0,1,99,0
201600055570,16,7,31,1530,1,2,2,1,3,117,4887870,229418,750,4,2,0,0,1,1,0,0,1,0,1,99,0
201600055571,16,8,1,1115,1,2,1,1,4,117,4889330,230273,750,4,1,0,0,0,0,0,0,0,0,0,0,0
201600055572,16,8,1,1700,1,2,3,1,3,117,4889980,231876,750,4,1,1,0,1,1,0,0,1,0,1,0,0
201600055573,16,8,3,915,1,2,1,1,3,117,4889330,231548,750,4,1,2,0,1,1,0,0,1,0,1,0,0
201600055574,16,8,3,2000,2,2,1,2,6,108,4887830,229905,750,4,2,4,0,1,1,0,0,2,0,1,0,0
201600055575,16,8,4,1615,1,2,2,1,7,117,4889630,231022,750,4,1,5,0,1,1,0,0,1,0,1,99,0
201600055576,16,8,9,1045,1,2,2,1,6,117,4888400,228626,750,4,1,1,0,0,0,0,0,0,0,1,0,0
201600055577,16,8,10,1510,1,2,1,1,7,117,4889690,231162,750,4,1,4,0,2,3,0,0,8,0,1,99,0
201600055578,16,8,17,1820,1,2,2,1,6,117,4888310,228749,750,4,2,2,0,1,1,0,0,1,0,1,99,0
201600055579,16,8,18,145,5,2,1,1,2,117,4887720,228431,750,4,2,2,0,1,1,0,0,1,0,1,99,0
201600055580,16,8,21,2205,5,2,2,1,6,117,4889160,231846,750,4,2,0,0,1,1,0,0,1,0,1,0,0
201600055581,16,8,22,1910,1,2,2,1,6,117,4889500,232806,750,4,2,2,3,1,1,0,100,1,0,1,99,0
201600055582,16,8,22,2050,1,2,2,1,6,116,4887630,228721,750,4,2,4,0,2,1,0,0,1,0,1,99,0
201600055583,16,8,23,1920,1,2,5,1,6,117,4888420,228924,750,4,1,1,0,1,1,0,0,1,0,1,99,0
201600055584,16,8,24,1220,1,2,1,1,2,117,4888530,229432,750,4,2,0,3,0,0,0,0,0,0,1,0,0
201600055585,16,8,24,1505,1,2,1,1,3,117,4887960,230267,750,4,2,2,0,1,1,0,0,1,0,1,0,0
201600055586,16,8,25,800,1,2,3,1,2,117,4888860,231562,750,4,2,2,0,1,1,0,0,1,0,1,99,0
201600055587,16,8,30,730,1,2,1,1,7,117,4890100,232645,750,4,1,2,0,1,1,0,0,1,0,1,0,0
201600055588,16,9,4,1250,1,2,1,1,7,117,4888440,230159,750,4,2,1,0,1,1,0,0,1,0,1,99,0
201600055589,16,9,5,1320,1,2,2,3,6,117,4888130,231647,750,4,2,2,0,1,0,0,0,2,0,1,0,0
201600055590,16,9,5,1910,1,2,1,2,2,117,4888630,231782,750,4,1,1,0,1,1,0,0,2,0,1,99,0
201600055591,16,9,6,1625,1,2,2,1,6,117,4888400,231848,750,4,2,2,0,1,1,0,100,1,5,1,99,0
201600055592,16,9,7,1930,1,2,1,1,2,117,4888580,229035,750,4,2,3,0,1,1,0,0,1,0,1,99,0
201600055593,16,9,7,2000,5,2,4,1,2,117,4889770,231277,750,4,1,0,0,4,1,0,0,1,3,1,99,0
201600055594,16,9,10,10,5,2,5,1,7,117,4888750,229467,750,4,2,0,0,1,1,0,0,1,0,1,0,0
201600055595,16,9,10,2245,5,2,2,1,6,117,4888690,230112,750,4,1,1,0,1,1,0,0,1,0,1,99,0
201600055596,16,9,11,325,5,2,7,1,6,117,4887440,229293,750,4,2,8,0,2,1,0,0,1,0,1,99,0
201600055597,16,9,12,1600,1,2,2,1,6,117,4888400,231848,750,4,1,1,0,0,0,0,0,0,0,0,0,0
201600055598,16,9,13,1,4,2,5,1,3,117,4888190,229587,750,4,2,2,0,1,1,0,0,1,0,1,0,0
201600055599,16,9,13,1235,1,2,5,1,6,117,4888230,231172,750,4,2,0,0,1,1,0,0,1,0,1,3,0
201600055600,16,9,13,1645,1,2,4,1,3,117,4889040,229886,750,4,3,4,0,1,0,0,0,1,1,1,0,0
201600055601,16,9,14,915,1,2,4,1,3,116,4886570,229580,750,4,1,1,0,1,1,0,0,1,0,1,0,0
201600055602,16,9,14,2100,5,2,3,2,7,117,4888170,228521,750,4,1,1,0,1,1,0,0,2,0,1,0,0
201600055603,16,9,15,800,1,2,2,2,7,117,4889420,232057,750,4,2,2,0,4,1,0,0,2,0,1,3,0
201600055604,16,9,16,420,5,2,1,1,6,117,4888260,232218,750,4,1,1,0,1,1,0,0,1,0,4,3,0
201600055605,16,9,17,30,5,2,7,2,6,117,4888520,230719,750,4,2,0,0,1,1,0,0,2,0,1,0,0
201600055606,16,9,18,1230,1,2,2,1,3,117,4888560,229167,750,4,2,4,0,1,1,10,100,1,0,1,0,0
201600055607,16,9,21,1050,1,2,2,1,2,117,4888690,231260,750,4,2,2,0,1,1,0,0,1,0,1,0,0
201600055608,16,9,21,1705,1,2,2,1,3,117,4889190,232209,750,4,2,2,0,1,1,0,0,1,0,1,0,0
201600055609,16,9,22,1230,1,2,2,1,6,117,4888160,229235,750,4,1,1,0,1,0,0,0,1,0,1,0,0
201600055610,16,9,23,1430,1,2,1,1,6,117,4888240,231530,750,4,1,0,0,0,0,0,0,0,0,1,0,0
201600055611,16,9,23,1825,1,2,1,1,2,117,4888080,228495,750,4,2,0,0,0,0,0,0,0,0,1,0,0
201600055612,16,9,26,1225,1,2,1,1,1,117,4888680,231224,750,4,2,2,0,1,1,0,0,1,0,1,99,0
201600055613,16,9,26,1345,1,2,2,1,3,117,4888400,231848,750,4,2,2,0,1,1,0,0,1,0,1,0,0
201600055614,16,9,26,1430,1,2,3,1,3,117,4889060,230311,750,4,2,2,0,1,0,0,0,1,0,1,0,0
201600055615,16,9,26,1900,1,2,2,1,6,117,4888290,229637,750,4,2,2,0,1,1,0,0,1,0,1,0,0
201600055616,16,9,27,1700,1,2,1,1,6,117,4887970,228721,750,4,1,1,0,1,1,0,0,1,0,1,99,0
201600055617,16,9,28,1500,1,2,5,1,3,117,4888750,229467,750,4,2,1,0,1,1,0,0,1,0,1,0,0
201600055618,16,9,28,1730,1,2,1,1,6,117,4889680,231156,750,4,1,2,3,2,1,0,0,1,3,1,99,0
201600055619,16,9,29,2220,5,2,3,1,3,117,4888940,232229,750,4,2,3,0,2,1,0,0,1,0,1,0,0
201600055620,16,10,1,10,5,2,1,2,3,117,4889060,230471,750,4,1,0,0,1,1,0,0,1,0,1,3,0
201600055621,16,10,4,1615,1,2,4,1,3,117,4887990,228084,750,4,1,1,0,1,1,0,0,1,0,1,99,0
201600055622,16,10,5,1415,1,2,7,1,3,117,4888450,229716,750,4,1,0,0,1,0,0,0,1,0,1,99,0
201600055623,16,10,5,1820,1,2,7,1,3,117,4887860,228190,750,4,1,0,0,1,2,0,0,1,0,1,99,0
201600055624,16,10,6,1055,1,2,5,7,3,117,4888750,230743,750,4,2,2,0,1,1,0,0,1,0,1,0,0
201600055625,16,10,6,1215,1,2,1,1,2,117,4889900,232169,750,4,2,3,0,1,1,0,0,1,0,1,3,0
201600055626,16,10,6,1400,1,2,4,1,6,116,4886100,226407,750,4,1,4,0,1,1,0,0,1,0,1,99,0
201600055627,16,10,6,2315,5,2,1,1,6,117,4888500,230680,750,4,3,0,0,1,1,0,0,1,0,1,0,0
201600055628,16,10,7,120,5,2,3,1,3,117,4888350,230593,750,4,1,1,0,1,1,0,0,1,0,1,3,0
201600055629,16,10,7,1735,1,2,2,1,6,117,4889450,231980,750,4,2,0,0,1,1,0,0,1,6,1,3,0
201600055630,16,10,8,1045,1,2,2,1,3,117,4889760,232518,750,4,1,0,0,1,1,0,0,1,0,1,99,0
201600055631,16,10,7,1830,2,2,2,1,2,117,4888350,230593,750,4,2,0,0,1,1,0,0,1,0,0,99,0
201600055632,16,10,9,420,5,2,2,1,3,117,4888500,232075,750,4,1,1,0,1,1,0,0,1,0,1,0,0
201600055633,16,10,10,835,1,2,3,1,3,117,4889380,231185,750,4,1,2,0,1,1,0,0,1,0,1,99,0
201600055634,16,10,10,1450,1,2,2,1,6,117,4888310,228749,750,4,2,0,0,1,1,0,0,1,0,1,0,0
201600055635,16,10,10,1805,1,2,5,2,3,117,4889300,232739,750,4,2,0,0,2,0,0,0,2,0,1,0,0
201600055636,16,10,10,1810,2,2,7,2,7,116,4887630,228721,750,4,2,8,0,2,1,0,0,2,0,1,0,0
201600055637,16,10,11,1235,1,2,1,1,6,117,4888050,229988,750,4,2,2,0,1,1,0,0,1,0,1,0,0
201600055638,16,10,12,930,1,2,1,1,6,117,4889550,230660,750,4,1,0,0,1,1,0,0,1,0,1,0,0
201600055639,16,10,13,5,5,2,3,1,3,117,4889270,231657,750,4,1,0,3,1,1,0,0,1,0,1,0,0
201600055640,16,10,13,1920,5,2,2,1,3,117,4888710,228957,750,4,1,3,0,2,1,0,0,1,3,1,99,0
201600055641,16,10,15,126,5,2,2,2,6,117,4888080,228995,750,4,1,0,0,1,1,0,0,2,0,1,0,0
201600055642,16,10,15,1115,1,2,2,1,3,117,4888080,228995,750,4,1,0,0,1,1,0,0,1,0,1,0,0
201600055643,16,10,16,400,5,2,2,1,6,117,4888890,231794,750,4,2,2,0,1,1,0,0,1,0,1,0,0
201600055644,16,10,16,2250,5,2,4,1,3,117,4888700,229394,750,4,1,0,0,1,1,0,0,1,0,1,0,0
201600055645,16,10,17,1540,1,2,3,1,6,117,4888530,230181,750,4,1,2,0,1,1,0,0,1,0,1,0,0
201600055646,16,10,18,845,1,2,1,1,4,117,4888960,229686,750,4,1,0,0,1,1,0,0,1,0,1,0,0
201600055647,16,10,18,1155,1,2,1,1,6,117,4888560,229218,750,4,3,2,0,1,1,0,0,1,0,1,0,0
201600055648,16,10,18,1836,2,2,1,2,6,117,4888710,229509,750,4,2,2,0,2,1,0,0,2,0,1,0,0
201600055649,16,10,19,910,1,2,1,1,6,117,4888210,231980,750,4,1,0,0,1,1,0,0,1,0,1,3,0
201600055650,16,10,19,1425,1,2,1,1,4,117,4889740,231269,750,4,1,4,0,1,1,0,0,1,0,1,0,0
201600055651,16,10,19,2050,5,2,1,1,3,117,4888630,230589,750,4,2,0,0,1,1,0,0,1,0,1,0,0
201600055652,16,10,20,1430,1,2,7,2,7,117,4887440,229293,750,4,0,4,0,2,1,0,0,2,0,1,99,0
201600055653,16,10,22,1230,1,2,1,1,6,117,4888070,231140,750,4,2,2,0,1,1,0,0,1,0,1,99,0
201600055654,16,10,24,5,5,2,2,2,3,116,4887360,229276,750,4,1,1,0,1,1,0,0,2,0,1,0,0
201600055655,16,10,24,940,1,2,1,2,3,116,4887690,228506,750,4,2,6,0,2,1,0,200,2,0,1,0,0
201600055656,16,10,24,2310,5,2,1,2,2,117,4888630,228669,750,4,2,2,3,1,1,0,0,1,0,1,99,0
201600055657,16,10,25,800,1,2,1,1,3,117,4889900,232169,750,4,2,2,0,1,1,0,0,1,0,1,0,0
201600055658,16,10,28,1945,5,2,3,1,6,117,4889500,231774,750,4,1,1,0,1,1,0,80,0,0,1,0,0
201600055659,16,10,31,1318,1,2,7,1,3,117,4888710,230441,750,4,0,0,0,1,2,0,0,1,0,1,99,0
201600055660,16,10,31,1645,1,2,3,1,6,117,4889000,232122,750,4,1,1,0,1,1,0,0,1,0,1,99,0
201600055661,16,11,1,1,5,2,7,1,2,116,4887700,228307,750,4,1,0,0,1,2,0,0,1,1,1,99,0
201600055662,16,11,2,920,1,2,5,1,3,117,4888130,231647,750,4,0,3,0,1,0,0,0,1,0,1,0,0
201600055663,16,11,3,1800,5,2,1,1,6,117,4888450,230098,750,4,2,2,1,1,1,0,0,1,0,5,0,0
201600055664,16,11,4,1025,1,2,1,2,6,117,4888330,230996,750,4,2,1,0,1,1,0,20,2,0,1,3,0
201600055665,16,11,4,1310,1,2,1,1,6,117,4888920,230760,750,4,1,0,0,1,1,0,0,1,0,1,0,0
201600055666,16,11,9,2255,5,2,2,2,3,117,4889150,232030,750,4,1,1,0,1,1,0,0,2,0,1,0,0
201600055667,16,11,10,250,5,2,1,8,6,117,4889630,231027,750,4,2,2,0,1,1,0,0,2,0,1,0,0
201600055668,16,11,10,1610,1,2,1,2,3,116,4886620,227706,750,4,2,1,0,1,1,0,150,2,0,1,99,0
201600055669,16,11,10,2000,5,2,2,3,6,117,4889070,232663,750,4,1,1,0,0,0,0,0,0,0,0,0,0
201600055670,16,11,14,2218,5,2,1,1,3,117,4889560,231690,750,4,2,2,0,1,1,0,0,1,0,1,99,0
201600055671,16,11,15,950,1,2,2,8,3,117,4889030,232074,750,4,2,3,3,1,1,0,0,2,0,0,0,0
201600055672,16,11,15,1250,1,2,3,1,6,117,4888400,229358,750,4,1,1,0,1,1,0,0,2,0,1,0,0
201600055673,16,11,16,1030,1,2,1,1,2,117,4888320,232306,750,4,1,1,0,1,1,0,0,1,0,1,0,0
201600055674,16,11,17,820,1,2,3,1,6,117,4889020,230456,750,4,1,1,0,1,1,0,60,1,0,1,3,0
201600055675,16,11,17,1030,1,2,2,1,3,117,4889190,232209,750,4,2,2,0,1,1,0,0,1,0,1,0,0
201600055676,16,11,17,1940,5,2,1,1,6,115,4885020,228019,750,4,2,4,0,1,1,0,0,2,2,1,99,0
201600055677,16,11,17,2045,5,2,1,1,3,117,4888030,228714,750,4,0,3,0,1,1,0,0,1,0,1,99,0
201600055678,16,11,17,2120,5,2,2,2,3,117,4889180,230158,750,4,2,8,3,1,1,0,0,2,2,1,99,0
201600055679,16,11,18,740,1,2,4,1,3,117,4888470,228647,750,4,1,4,0,1,1,0,0,0,1,1,99,0
201600055680,16,11,19,825,1,2,1,1,3,117,4889940,231879,750,4,1,4,0,1,1,0,0,1,0,1,0,0
201600055681,16,11,21,815,1,2,2,2,6,117,4888860,231562,750,4,2,2,0,1,1,0,0,2,0,1,0,0
201600055682,16,11,21,750,1,2,3,2,1,117,4889120,231908,750,4,2,2,0,1,1,0,0,2,0,1,0,0
201600055683,16,11,23,2145,5,2,7,8,3,117,4888540,229752,750,4,1,0,0,1,1,0,0,2,0,1,0,0
201600055684,16,11,25,1309,1,2,7,1,6,117,4888660,231845,750,4,1,1,0,1,0,0,0,1,0,1,0,0
201600055685,16,11,25,2000,5,2,1,1,3,117,4889660,231031,750,4,2,8,0,1,1,0,0,1,0,1,99,0
201600055686,16,11,28,1440,1,2,5,7,6,117,4889590,232299,750,4,2,2,0,0,0,0,0,0,0,1,0,0
201600055687,16,11,28,1700,5,2,4,1,6,117,4887860,228190,750,4,1,2,0,1,1,0,0,1,3,1,99,0
201600055688,16,11,28,1750,5,2,1,1,6,117,4888060,231030,750,4,2,2,0,1,1,0,0,1,1,1,99,0
201600055689,16,11,29,825,1,2,3,1,6,117,4889030,231712,750,4,2,2,0,1,1,0,0,1,0,1,3,0
201600055690,16,11,29,1040,1,2,3,1,6,117,4888180,230293,750,4,1,1,0,1,1,0,0,1,0,1,99,0
201600055691,16,11,30,1825,5,2,3,1,6,117,4888230,232093,750,4,1,3,0,1,1,0,0,1,0,1,99,0
201600055692,16,12,1,1500,1,2,1,1,6,117,4888240,229982,750,4,2,2,0,1,1,0,0,1,0,1,99,0
201600055693,16,12,2,1345,1,2,2,1,6,117,4889170,232117,750,4,1,0,0,1,1,0,0,1,0,1,0,0
201600055694,16,12,2,1930,2,2,3,1,3,117,4888830,232415,750,4,2,3,0,2,1,0,0,1,0,1,0,0
201600055695,16,12,3,1600,1,2,1,1,6,117,4889590,232375,750,4,0,1,0,1,1,0,0,1,0,0,99,0
201600055696,16,12,3,2110,5,2,4,1,6,117,4888370,228445,750,4,1,6,0,1,1,0,0,1,1,1,99,0
201600055697,16,12,6,1,5,2,7,1,6,117,4888100,228416,750,4,1,2,0,1,1,0,0,1,0,1,0,0
201600055698,16,12,6,1100,1,2,5,1,3,117,4888300,232416,750,4,1,2,3,1,1,0,0,1,0,1,99,0
201600055699,16,12,6,1150,1,2,7,1,3,117,4887930,228062,750,4,2,4,0,1,2,0,0,1,0,1,99,0
201600055700,16,12,7,1800,5,2,2,1,6,117,4887670,229447,750,4,2,3,0,2,1,0,0,8,0,1,0,0
201600055701,16,12,8,1115,1,2,1,1,6,117,4887820,229619,750,4,2,0,0,1,1,0,0,1,0,0,99,0
201600055702,16,12,8,1835,5,2,1,1,6,117,4888510,232667,750,4,2,3,0,1,1,0,0,1,6,1,99,0
201600055703,16,12,8,1850,5,2,1,1,6,117,4888900,229325,750,4,2,2,0,1,1,0,0,1,0,1,0,0
201600055704,16,12,9,1000,1,2,1,1,2,117,4888100,231401,750,4,2,0,0,0,0,0,0,0,0,1,0,0
201600055705,16,12,11,1645,2,2,3,1,6,117,4888750,232212,750,4,1,1,0,1,1,0,0,1,0,1,0,0
201600055706,16,12,12,905,1,2,5,8,6,117,4889510,231566,750,4,2,2,0,1,1,0,0,1,0,1,3,0
201600055707,16,12,12,1850,5,2,5,2,6,117,4889180,230158,750,4,2,3,0,1,1,0,0,2,0,1,0,0
201600055708,16,12,13,1640,2,2,1,1,3,117,4888780,229518,750,4,1,2,0,1,3,0,0,1,1,1,0,0
201600055709,16,12,13,1745,5,2,1,1,6,117,4889840,232047,750,4,2,1,0,1,1,0,0,1,0,1,3,0
201600055710,16,12,15,850,1,2,3,1,7,117,4888190,228338,750,4,1,3,0,1,1,0,0,1,0,1,0,0
201600055711,16,12,15,1420,1,2,3,1,6,117,4889900,232203,750,4,2,4,0,1,1,30,200,1,0,1,0,0
201600055712,16,12,15,1830,5,2,1,1,6,117,4888190,230030,750,4,2,2,0,1,1,0,100,1,0,1,0,0
201600055713,16,12,16,915,1,2,2,1,3,117,4888400,231848,750,4,2,2,0,1,1,0,0,1,0,1,99,0
201600055714,16,12,19,1750,5,2,5,1,6,117,4889440,231361,750,4,2,2,0,1,1,0,0,1,6,1,99,0
201600055715,16,12,19,2130,5,2,2,1,6,117,4888070,229340,750,4,1,1,0,1,1,0,0,1,0,1,99,0
201600055716,16,12,21,1220,1,2,2,1,2,117,4888660,230150,750,4,2,1,0,1,1,0,0,1,0,1,99,0
201600055717,16,12,23,1740,5,2,1,1,3,116,4886570,228633,750,4,2,2,0,1,1,0,0,1,0,1,0,0
201600055718,16,12,23,1810,5,2,7,1,3,117,4887910,230309,750,4,3,4,0,1,1,0,0,2,0,1,99,0
201600055719,16,12,24,1135,1,2,2,1,3,117,4888760,232015,750,4,1,0,0,1,1,0,0,1,0,1,0,0
201600055720,16,12,26,1350,1,2,1,1,2,117,4887450,229259,750,4,2,0,0,2,1,0,0,1,0,1,99,0
201600055721,16,12,27,1655,2,2,2,1,3,117,4888310,228749,750,4,2,2,0,0,0,0,0,0,0,1,0,0
201600055722,16,12,27,1800,5,2,5,1,3,117,4889440,231361,750,4,2,2,0,1,1,0,200,1,0,1,0,0
201600055723,16,12,30,1210,1,2,3,1,3,117,4889270,231657,750,4,1,3,3,1,1,0,0,1,0,1,0,0
201600055724,16,12,30,1730,5,2,1,1,3,117,4888460,229990,750,4,2,2,1,1,1,0,0,1,0,5,0,0
201600055725,16,12,31,1245,1,2,1,1,2,117,4888230,231205,750,4,2,2,0,1,1,0,0,1,0,1,0,0
201600055726,16,12,31,1815,5,2,1,1,6,117,4889580,231748,750,4,2,2,0,1,1,0,0,2,0,1,3,0
201600055727,16,1,5,1505,1,2,5,1,6,118,4888400,234141,750,4,1,1,0,1,3,0,54,1,0,1,99,0
201600055728,16,1,5,2300,5,2,2,2,3,118,4889930,234409,750,4,1,1,0,1,1,0,0,2,0,1,0,0
201600055729,16,1,12,2350,5,2,2,1,3,118,4889120,235160,750,4,2,2,0,1,1,0,0,2,0,1,99,0
201600055730,16,1,14,1030,1,2,2,8,3,118,4889780,233738,750,4,2,2,0,1,1,0,260,2,0,1,0,0
201600055731,16,1,15,1545,1,2,1,1,2,118,4889300,234122,750,4,2,2,0,1,1,70,30,1,0,1,0,0