Num_Acc,an,mois,jour,hrmn,lum,agg,int,atm,col,com,lat,long,dep,catr,circ,nbv,vosp,prof,plan,lartpc,larrout,surf,infra,situ,env1,killed
201600055732,16,1,15,2000,5,2,3,1,3,118,4888610,235947,750,4,2,4,0,1,1,130,100,1,0,1,3,0
201600055733,16,1,16,2025,5,2,6,1,3,118,4889070,234538,750,4,1,2,0,1,1,0,50,1,0,1,0,0
201600055734,16,1,18,1930,5,2,3,1,3,118,4888580,236495,750,4,1,1,0,1,1,0,35,1,0,1,99,0
201600055735,16,1,19,600,5,2,2,1,3,118,4890040,232989,750,4,3,3,0,1,1,0,60,1,0,1,99,0
201600055736,16,1,19,745,1,2,2,1,6,118,4889550,232827,750,4,2,2,0,1,1,110,70,1,0,1,0,0
201600055737,16,1,20,100,5,2,7,1,3,118,4889600,234594,750,4,2,2,0,1,1,0,0,1,0,1,0,0
201600055738,16,1,20,1645,1,2,2,1,2,118,4888600,235658,750,4,2,2,0,1,1,0,0,1,5,1,0,0
201600055739,16,1,20,2100,5,2,3,1,6,118,4888910,235988,750,4,2,2,0,1,1,0,80,1,0,1,99,0
201600055740,16,1,21,1705,2,2,1,1,3,118,4889660,234543,750,4,3,4,0,1,1,0,0,1,0,1,99,0
201600055741,16,1,22,1950,5,2,3,2,7,118,4888530,234948,750,4,2,2,0,1,1,0,60,2,0,1,99,0
201600055742,16,1,23,225,4,2,3,1,6,118,4888250,233723,750,4,1,2,0,1,1,0,50,2,0,1,0,0
201600055743,16,1,23,820,1,2,7,2,3,118,4889250,234429,750,4,3,2,0,1,1,0,0,2,0,1,99,0
201600055744,16,1,24,1500,1,2,3,1,7,118,4888530,234948,750,4,2,4,0,1,1,0,0,1,0,1,99,0
201600055745,16,1,25,115,5,2,1,1,6,118,4890080,235851,750,4,1,1,0,2,1,0,60,1,0,1,99,0
201600055746,16,1,25,1800,5,2,4,1,3,118,4889530,234654,750,4,2,4,0,1,1,0,0,1,0,1,99,0
201600055747,16,1,26,2015,1,2,1,1,7,118,4889150,235003,750,4,2,2,0,1,1,0,100,1,0,1,0,0
201600055748,16,1,28,520,4,2,3,1,6,118,4888410,234946,750,4,2,4,3,0,0,0,0,0,0,1,0,0
201600055749,16,1,29,1535,1,2,3,1,6,118,4889840,233683,750,4,2,2,0,1,1,0,60,1,0,1,99,0
201600055750,16,1,29,2127,1,2,5,1,6,118,4889360,233637,750,4,2,2,0,1,1,0,0,2,0,1,99,0
201600055751,16,1,29,2205,5,2,5,1,6,118,4890050,234411,750,4,2,2,0,1,1,0,150,1,0,1,0,0
201600055752,16,2,1,1,5,2,2,1,3,118,4889780,233738,750,4,2,4,0,1,1,10,40,2,0,1,99,0
201600055753,16,2,1,1935,5,2,1,1,3,118,4888880,234958,750,4,2,4,3,2,1,80,40,1,0,1,99,0
201600055754,16,2,3,830,1,2,3,1,3,118,4889640,234560,750,4,2,4,0,1,1,0,0,2,0,1,0,0
201600055755,16,2,3,1920,5,2,2,2,3,118,4890120,233998,750,4,0,2,0,0,0,0,0,0,0,1,0,0
201600055756,16,2,4,1535,1,2,3,8,6,118,4888910,235988,750,4,2,4,0,1,1,0,60,2,0,1,3,0
201600055757,16,2,4,1730,2,2,1,1,7,118,4888450,236370,750,4,1,2,0,1,1,0,0,2,0,1,99,0
201600055758,16,2,4,1915,5,2,1,2,5,118,4888580,235941,750,4,2,5,0,0,0,0,0,0,0,1,0,0
201600055759,16,2,5,1630,1,2,1,1,3,118,4889370,233067,750,4,2,2,0,2,1,0,0,1,0,1,99,0
201600055760,16,2,7,1515,1,2,1,1,6,118,4888320,233503,750,4,1,4,0,1,1,70,50,1,0,1,0,0
201600055761,16,2,8,1618,1,2,2,1,6,118,4889070,233333,750,4,1,1,0,1,1,0,0,2,0,1,0,0
201600055762,16,2,9,1050,1,2,3,2,3,117,4888630,232612,750,4,2,3,0,1,1,0,0,2,0,1,99,0
201600055763,16,2,9,1745,2,2,1,1,6,118,4888760,236081,750,4,1,1,0,1,1,0,0,2,0,3,3,0
201600055764,16,2,11,930,1,2,1,1,6,118,4888520,233041,750,4,2,3,0,2,1,0,0,1,0,1,99,0
201600055765,16,2,11,1200,1,2,4,1,6,118,4888760,235299,750,4,1,1,0,1,1,0,30,1,0,1,0,0
201600055766,16,2,15,1640,1,2,1,1,3,118,4889030,235900,750,4,2,3,0,1,1,0,0,1,0,1,0,0
201600055767,16,2,16,1720,1,2,6,1,3,118,4889070,234538,750,4,1,2,0,2,1,0,60,1,0,0,0,0
201600055768,16,2,17,1800,5,2,3,1,6,118,4889150,235170,750,4,2,2,0,2,1,0,60,1,0,1,0,0
201600055769,16,2,18,445,5,2,2,1,6,110,4888110,236516,750,4,2,2,0,1,1,0,150,1,5,1,0,0
201600055770,16,2,20,1800,5,2,1,1,6,118,4888690,235194,750,4,1,1,1,1,1,0,0,1,0,5,0,0
201600055771,16,2,21,2100,5,2,1,1,3,118,4889100,235254,750,4,2,2,0,1,1,0,50,1,0,1,99,0
201600055772,16,2,24,905,1,2,2,1,3,118,4889820,235248,750,4,1,1,0,1,1,0,0,1,0,1,0,0
201600055773,16,2,24,1750,1,2,3,2,6,118,4889010,236126,750,4,1,1,0,1,1,0,60,2,0,1,99,0
201600055774,16,2,26,1050,1,2,7,1,6,118,4888390,233278,750,4,1,2,3,1,1,0,0,1,0,1,0,0
201600055775,16,2,26,1435,1,2,1,1,4,118,4889990,235863,750,4,1,2,0,2,1,0,0,1,5,1,99,0
201600055776,16,2,26,2030,5,2,2,1,3,118,4890130,234410,750,4,2,1,0,1,1,0,0,1,0,1,99,0
201600055777,16,2,27,1800,2,2,1,1,6,118,4890040,233400,750,4,2,2,0,1,1,0,0,1,0,1,99,0
201600055778,16,2,27,2135,5,2,1,1,3,118,4890040,233332,750,4,0,2,0,0,0,0,100,1,0,1,0,0
201600055779,16,2,29,1830,5,2,2,1,6,118,4888580,232635,750,4,2,2,0,2,1,0,60,1,0,1,0,0
201600055780,16,3,1,800,1,2,1,1,3,118,4889830,237028,750,4,3,6,3,1,1,0,150,1,0,1,99,0
201600055781,16,3,1,1820,2,2,4,2,3,118,4888530,234948,750,4,1,1,3,2,1,0,50,2,0,1,0,0
201600055782,16,3,1,2040,5,2,3,2,7,118,4888610,235947,750,4,2,4,0,1,1,0,0,2,0,1,0,0
201600055783,16,3,1,1950,5,2,3,2,6,118,4888410,234946,750,4,0,1,0,1,1,0,45,2,0,1,99,0
201600055784,16,3,2,915,1,2,2,1,7,110,4888110,236516,750,4,2,2,0,1,1,80,40,1,0,1,99,0
201600055785,16,3,2,1515,1,2,5,8,6,118,4889680,233848,750,4,2,1,0,1,1,0,0,1,0,1,0,0
201600055786,16,3,3,1903,5,2,2,1,3,118,4889460,234710,750,4,2,4,0,1,1,0,0,1,0,1,0,0
201600055787,16,3,4,1400,1,2,2,1,6,118,4890040,232989,750,4,1,2,0,1,1,0,0,1,0,1,0,0
201600055788,16,3,6,2110,5,2,3,2,3,118,4889390,233433,750,4,1,1,0,0,0,0,0,0,5,1,0,0
201600055789,16,3,8,1130,1,2,5,1,3,118,4889300,232739,750,4,0,0,0,1,1,0,60,1,0,1,0,0
201600055790,16,3,8,1515,1,2,5,1,6,118,4889250,233047,750,4,1,1,0,1,0,0,0,1,0,1,99,0
201600055791,16,3,8,1620,1,2,2,1,6,118,4889780,233738,750,4,2,6,0,1,1,0,300,1,0,1,0,0
201600055792,16,3,12,1245,1,2,1,1,2,118,4889540,233762,750,4,2,2,0,1,1,0,80,1,0,1,0,0
201600055793,16,3,13,1200,1,2,3,1,6,118,4888420,235411,750,4,1,2,2,0,0,0,80,0,0,1,0,0
201600055794,16,3,14,1145,1,2,1,1,6,118,4889470,233712,750,4,2,2,0,1,1,0,80,1,0,1,0,0
201600055795,16,3,17,515,5,2,3,1,4,118,4889200,235982,750,4,1,2,0,1,1,0,100,1,0,1,99,0
201600055796,16,3,17,2115,5,2,7,1,6,118,4888370,232810,750,4,1,2,0,1,1,50,120,1,0,1,99,0
201600055797,16,3,17,2330,5,2,3,1,6,118,4888480,234485,750,4,1,1,0,2,1,0,0,1,0,1,0,0
201600055798,16,3,18,2040,5,2,3,1,6,118,4889090,235320,750,4,1,1,0,1,1,0,60,1,0,1,99,0
201600055799,16,3,19,2300,5,2,2,1,3,118,4889020,235989,750,4,1,1,1,0,0,0,0,0,0,5,0,0
201600055800,16,3,20,1905,5,2,3,1,6,118,4889200,235982,750,4,0,4,0,1,1,0,0,1,0,0,99,0
201600055801,16,3,15,2150,5,2,7,1,3,118,4889600,234594,750,4,2,2,3,1,1,130,70,1,0,1,0,0
201600055802,16,3,22,710,1,2,5,1,7,118,4888840,234799,750,4,1,1,0,2,1,70,30,1,0,1,0,0
201600055803,16,3,22,930,1,2,1,1,3,118,4889830,234967,750,4,2,2,0,1,0,0,0,1,0,1,99,0
201600055804,16,3,22,1310,1,2,1,1,3,118,4889390,235951,750,4,2,4,0,1,1,0,200,1,0,1,0,0
201600055805,16,3,22,1800,1,2,1,1,6,118,4889630,235924,750,4,0,3,0,1,1,0,0,1,0,1,0,0
201600055806,16,3,23,645,1,2,1,1,7,118,4889610,235925,750,4,2,4,0,1,1,0,150,1,0,1,0,0
201600055807,16,3,24,1150,1,2,2,1,6,118,4889430,234536,750,4,1,1,0,1,1,0,0,1,0,1,99,0
201600055808,16,3,25,1550,1,2,1,1,6,118,4888590,234948,750,4,2,2,0,1,1,0,0,1,0,1,0,0
201600055809,16,3,25,1710,1,2,5,1,3,118,4888390,234946,750,4,2,0,0,1,3,0,0,1,0,1,0,0
201600055810,16,3,25,1740,1,2,5,1,6,118,4888460,232950,750,4,1,3,0,2,1,0,0,1,5,1,0,0
201600055811,16,3,26,1235,1,2,3,1,6,118,4889160,233597,750,4,1,1,0,1,1,0,60,1,0,1,99,0
201600055812,16,3,27,45,5,2,3,3,3,118,4888320,234528,750,4,1,2,0,1,1,0,0,2,0,1,99,0
201600055813,16,3,27,1930,1,2,3,1,6,118,4889430,236597,750,4,2,2,0,1,1,0,50,1,0,1,0,0
201600055814,16,3,30,820,1,2,1,2,7,118,4888570,234900,750,4,1,1,0,2,1,0,60,2,0,1,3,0
201600055815,16,3,30,1821,1,2,1,2,6,118,4889010,236120,750,4,1,1,0,1,1,0,80,2,0,1,99,0
201600055816,16,3,31,1000,1,2,1,3,2,118,4888310,234178,750,4,1,1,0,2,1,0,0,2,0,1,0,0
201600055817,16,4,1,145,5,2,3,1,2,118,4889200,235982,750,4,2,4,0,1,1,0,0,1,0,1,99,0
201600055818,16,4,1,1240,1,2,2,1,7,118,4889790,234439,750,4,2,6,0,1,1,0,300,1,0,1,99,0
201600055819,16,4,1,2230,5,2,5,1,6,118,4889300,232739,750,4,2,1,0,1,1,0,0,1,0,1,0,0
201600055820,16,4,2,2038,2,2,7,2,6,118,4889600,234594,750,4,2,6,0,1,1,0,0,2,0,1,99,0
201600055821,16,4,3,30,5,2,1,2,6,118,4888300,233574,750,4,1,2,3,1,1,0,50,2,0,1,99,0
201600055822,16,4,3,1910,1,2,3,1,3,118,4888990,236359,750,4,1,1,0,1,1,0,30,0,0,1,0,0
201600055823,16,4,4,1050,1,2,2,1,6,118,4888870,235605,750,4,1,1,0,1,1,0,30,1,0,1,0,0
201600055824,16,4,4,2015,2,2,4,1,3,118,4889540,234643,750,4,2,2,3,1,1,0,0,1,0,1,99,0
201600055825,16,4,4,2055,2,2,7,1,3,118,4888300,234434,750,4,1,2,0,1,1,0,0,1,0,1,0,0
201600055826,16,4,6,926,1,2,1,1,7,118,4889900,234410,750,4,2,4,0,1,1,0,0,1,0,1,0,0
201600055827,16,4,6,1640,1,2,1,1,6,118,4889380,235954,750,4,0,0,0,1,1,0,0,1,0,4,0,0
201600055828,16,4,6,2200,5,2,1,1,7,118,4888950,233689,750,4,2,2,0,2,1,0,50,2,0,1,99,0
201600055829,16,4,9,150,5,2,3,1,6,118,4888910,235988,750,4,2,4,0,1,1,0,0,1,0,0,0,0
201600055830,16,4,9,1410,1,2,1,8,6,118,4888880,234958,750,4,2,0,3,2,1,0,0,2,0,1,0,0
201600055831,16,4,10,1745,1,2,1,1,6,118,4888820,235985,750,4,2,4,0,1,1,0,0,1,0,1,99,0
201600055832,16,4,11,1920,1,2,1,8,6,118,4888510,235110,750,4,1,1,0,1,1,0,0,1,0,1,3,0
201600055833,16,4,12,1745,1,2,4,1,6,118,4889900,233634,750,4,2,4,0,1,1,0,0,1,0,1,0,0
201600055834,16,4,13,615,2,2,1,2,6,118,4890050,234411,750,4,0,2,0,1,1,20,100,2,0,1,0,0
201600055835,16,4,14,1715,1,2,2,2,6,118,4889010,232922,750,4,1,1,0,1,1,0,0,2,0,1,99,0
201600055836,16,4,14,1950,2,2,1,2,2,118,4888900,236248,750,4,1,1,0,1,1,0,0,2,0,1,0,0
201600055837,16,4,14,2245,5,2,1,1,2,118,4888600,233172,750,4,2,4,3,1,1,0,0,1,2,1,99,0
201600055838,16,4,15,1330,1,2,1,1,3,118,4889010,235584,750,4,2,2,0,1,1,0,0,1,0,1,0,0
201600055839,16,4,15,1510,1,2,3,3,3,118,4888410,234946,750,4,2,4,3,1,1,0,70,2,0,5,99,0
201600055840,16,4,15,1700,1,2,1,1,2,118,4888650,234757,750,4,2,2,0,2,1,0,0,1,0,1,99,0
201600055841,16,4,16,25,5,2,5,1,3,118,4889580,233101,750,4,2,2,0,2,1,0,0,1,0,1,99,0
201600055842,16,4,16,310,5,2,4,1,6,118,4888400,235172,750,4,1,1,0,1,1,0,50,1,0,1,99,0
201600055843,16,4,17,1730,1,2,4,1,3,118,4888400,235172,750,4,1,2,0,1,1,0,60,1,0,1,99,0
201600055844,16,4,18,1350,1,2,1,1,6,118,4888390,235046,750,4,3,2,1,1,1,120,95,1,0,1,99,0
201600055845,16,4,19,1640,1,2,3,1,6,118,4888680,235963,750,4,1,1,0,1,1,0,0,1,0,1,0,0
201600055846,16,4,21,915,1,2,5,1,2,118,4889300,232739,750,4,2,2,0,1,1,0,50,1,0,1,99,0
201600055847,16,4,23,1750,1,2,5,1,2,118,4888730,234955,750,4,2,2,3,1,1,0,150,1,0,1,99,0
201600055848,16,4,26,1000,1,2,2,1,6,118,4889930,234409,750,4,2,0,0,1,1,0,0,1,6,1,99,0
201600055849,16,4,27,1620,1,2,1,1,6,118,4888830,235103,750,4,1,1,0,1,1,0,30,1,0,1,99,0
201600055850,16,4,29,520,5,2,5,1,3,118,4889840,235906,750,4,3,4,0,1,0,0,80,1,3,0,99,0
201600055851,16,4,29,1040,1,2,5,1,2,118,4888730,234955,750,4,2,3,0,1,1,0,90,1,0,1,0,0
201600055852,16,4,29,1120,1,2,1,1,6,118,4888540,235670,750,4,1,1,0,0,0,0,0,0,0,1,0,0
201600055853,16,4,28,1945,1,2,5,1,6,118,4888660,233262,750,4,1,1,2,1,1,0,0,1,0,5,99,0
201600055854,16,5,2,1355,1,2,7,1,3,118,4889520,235957,750,4,1,1,0,1,3,0,0,1,5,1,99,0
201600055855,16,5,2,1719,1,2,7,1,3,118,4889520,235957,750,4,1,1,0,1,2,0,250,1,0,1,0,0
201600055856,16,5,3,1130,1,2,2,1,6,118,4888700,234246,750,4,1,1,0,1,2,0,0,1,0,1,99,0
201600055857,16,5,3,1108,1,2,5,1,6,118,4889510,235291,750,4,1,1,0,1,1,0,30,1,0,1,3,0
201600055858,16,5,3,1400,1,2,5,1,2,118,4889040,234845,750,4,1,1,0,1,0,0,0,0,0,1,0,0
201600055859,16,5,4,50,5,2,4,1,3,118,4889040,232656,750,4,2,2,0,1,1,0,0,1,0,1,0,0
201600055860,16,5,5,1105,1,2,2,1,7,118,4889720,234229,750,4,1,1,0,1,1,0,25,1,0,1,99,0
201600055861,16,5,5,1850,1,2,1,1,3,118,4888910,233341,750,4,1,1,0,2,1,0,0,1,0,1,99,0
201600055862,16,5,5,2030,1,2,3,1,3,118,4888320,234528,750,4,1,2,0,1,1,80,50,1,0,1,99,0
201600055863,16,5,6,1700,1,2,4,1,6,118,4888620,236313,750,4,1,1,0,1,1,0,0,1,0,1,0,0
201600055864,16,5,7,1508,1,2,4,1,3,118,4889770,233331,750,4,3,2,0,1,1,30,60,1,6,1,0,0
201600055865,16,5,9,900,1,2,1,1,6,118,4890100,234345,750,4,1,4,0,1,1,0,0,1,0,1,0,0
201600055866,16,5,9,1740,1,2,2,1,6,118,4889460,234710,750,4,2,2,0,1,1,0,0,1,0,1,99,0
201600055867,16,5,10,1530,1,2,1,2,6,118,4888770,235982,750,4,2,5,0,1,1,0,150,2,0,1,0,0
201600055868,16,5,10,1607,1,2,5,3,6,118,4888460,232950,750,4,1,2,0,0,0,0,0,2,0,1,0,0
201600055869,16,5,11,1610,1,2,1,2,6,118,4889330,232857,750,4,2,3,3,1,1,0,0,2,0,1,99,0
201600055870,16,5,11,2210,5,2,3,1,3,118,4889220,234627,750,4,2,3,0,1,0,0,0,1,0,1,0,0
201600055871,16,5,9,1210,1,2,4,1,3,118,4888550,234946,750,4,2,4,3,2,1,0,0,1,0,1,0,0
201600055872,16,5,13,2200,5,2,1,1,6,118,4889020,234959,750,4,2,4,0,0,0,0,0,0,0,1,0,0
201600055873,16,5,14,1950,1,2,3,1,1,118,4888460,234717,750,4,1,2,0,2,1,0,0,1,0,1,0,0
201600055874,16,5,16,1125,1,2,3,1,3,118,4888370,234824,750,4,1,2,3,1,1,0,0,1,0,1,99,0
201600055875,16,5,16,2010,1,2,3,1,3,118,4889040,232656,750,4,2,2,0,1,1,0,80,1,0,1,0,0
201600055876,16,5,17,2028,2,2,3,1,6,118,4889030,235828,750,4,2,2,0,1,1,0,80,1,0,1,0,0
201600055877,16,5,18,2205,5,2,2,3,6,118,4889800,234414,750,4,0,3,0,1,1,0,0,2,0,1,99,0
201600055878,16,5,20,545,2,2,7,1,6,118,4888480,235932,750,4,2,4,0,1,1,0,0,1,0,0,0,0
201600055879,16,5,20,1600,1,2,5,1,3,118,4889150,234962,750,4,2,4,0,0,0,0,0,0,0,1,0,0
201600055880,16,5,20,2030,2,2,2,1,6,118,4889710,235918,750,4,1,2,0,1,1,0,60,1,0,1,0,0
201600055881,16,5,21,130,5,2,4,1,6,118,4888760,235299,750,4,1,1,0,1,1,0,30,1,0,1,0,0
201600055882,16,5,23,1305,1,2,1,2,2,118,4888510,233026,750,4,2,3,0,1,1,0,0,2,0,1,99,0
201600055883,16,5,25,805,1,2,7,1,6,118,4889240,234497,750,4,2,2,0,1,1,0,80,1,0,1,0,0
201600055884,16,5,26,1730,1,2,1,1,6,118,4889730,234486,750,4,2,4,0,1,1,0,50,1,0,1,0,0
201600055885,16,5,26,1705,1,2,2,1,3,118,4889360,233637,750,4,2,2,0,1,1,0,0,1,0,1,0,0
201600055886,16,5,26,2218,5,2,2,1,6,118,4890050,234411,750,4,2,4,3,1,1,0,0,1,5,1,99,0
201600055887,16,5,27,1900,1,2,4,1,3,118,4889700,232876,750,4,2,2,0,1,0,0,0,1,0,1,99,0
201600055888,16,5,28,1112,1,2,1,1,2,118,4890000,235862,750,4,1,2,0,1,1,0,120,1,0,1,99,0
201600055889,16,5,29,1825,1,2,1,1,3,118,4888490,233376,750,4,1,1,0,2,1,0,30,2,0,1,99,0
201600055890,16,5,29,2045,2,2,1,3,7,118,4888940,235590,750,4,2,2,0,1,1,0,0,2,0,1,99,0
201600055891,16,5,29,516,2,2,2,8,3,118,4889820,235248,750,4,2,4,0,1,1,0,0,1,0,1,99,0
201600055892,16,5,30,1145,1,2,2,3,6,118,4889510,235934,750,4,2,6,0,1,1,0,150,2,0,1,99,0
201600055893,16,5,31,850,1,2,5,3,3,118,4888890,234647,750,4,2,2,0,0,0,0,0,0,0,1,0,0
201600055894,16,6,2,1825,1,2,1,1,3,118,4889130,234501,750,4,1,1,0,1,1,0,40,2,0,1,0,0
201600055895,16,6,2,2045,2,2,1,1,6,118,4890130,234295,750,4,1,1,0,1,1,0,60,1,0,1,99,0
201600055896,16,6,3,1010,1,2,2,1,6,118,4888670,232774,750,4,1,1,0,1,1,0,40,1,0,1,99,0
201600055897,16,6,3,1150,1,2,5,1,6,118,4889150,234962,750,4,2,2,0,1,1,0,80,1,0,1,99,0
201600055898,16,6,3,1735,1,2,1,1,6,118,4889030,235796,750,4,2,3,0,1,1,0,0,1,2,1,99,0
201600055899,16,6,5,30,5,2,4,2,6,118,4889540,234643,750,4,0,2,3,1,1,0,0,2,0,1,99,0
201600055900,16,6,6,850,1,2,1,1,6,118,4889060,235478,750,4,2,3,0,1,1,0,80,1,0,1,0,0
201600055901,16,6,6,2000,1,2,3,1,6,118,4888450,234948,750,4,1,1,0,2,1,0,0,1,0,1,0,0
201600055902,16,6,7,1700,1,2,7,1,6,118,4888350,234695,750,4,1,2,3,0,0,0,0,0,0,1,0,0
201600055903,16,6,8,1925,1,2,4,1,6,118,4889730,233798,750,4,2,1,0,0,0,0,0,0,0,1,0,0
201600055904,16,6,9,1000,1,2,5,1,3,118,4889150,234962,750,4,2,6,0,0,0,0,0,1,5,1,99,0
201600055905,16,6,9,1700,1,2,3,1,3,118,4889590,232837,750,4,2,3,0,1,1,0,80,1,0,1,0,0
201600055906,16,6,10,1745,1,2,2,1,6,118,4888850,235354,750,4,1,1,0,1,1,0,40,1,6,1,99,0
201600055907,16,6,12,1900,1,2,1,2,6,118,4888480,234948,750,4,2,4,3,2,1,0,160,2,0,1,99,0
201600055908,16,6,13,2045,2,2,3,1,6,119,4888830,238430,750,4,2,3,3,0,0,0,0,0,0,1,0,0
201600055909,16,6,14,625,1,2,1,1,6,118,4889300,234103,750,4,2,2,3,1,1,0,100,1,0,1,99,0
201600055910,16,6,14,1530,1,2,1,1,6,118,4888770,235982,750,4,2,4,0,1,1,0,0,1,0,1,99,0
201600055911,16,6,16,1615,1,2,2,2,1,118,4888730,234955,750,4,2,3,0,1,0,0,40,2,0,1,99,0
201600055912,16,6,17,1845,1,2,3,2,6,118,4888420,234946,750,4,2,4,0,1,1,0,100,2,0,1,99,0
201600055913,16,6,18,1645,1,2,1,2,7,118,4888410,235346,750,4,2,2,1,1,1,0,0,8,0,1,0,0
201600055914,16,6,19,2010,1,2,1,1,6,118,4888450,236354,750,4,1,1,0,1,1,130,70,1,0,1,0,0
201600055915,16,6,21,1400,1,2,1,1,2,118,4889970,235864,750,4,1,0,0,1,1,0,240,1,3,1,99,0
201600055916,16,6,23,2230,5,2,3,1,6,118,4888800,232573,750,4,2,2,0,1,1,0,150,1,0,1,0,0
201600055917,16,6,24,1140,1,2,2,1,3,118,4889770,232901,750,4,1,1,0,1,1,0,100,1,0,1,99,0
201600055918,16,6,25,1755,1,2,1,1,7,118,4889690,233077,750,4,1,1,0,1,1,0,50,1,0,1,99,0
201600055919,16,6,26,150,5,2,1,1,6,118,4888340,234652,750,4,0,2,3,1,1,0,0,1,0,1,0,0
201600055920,16,6,26,705,1,2,3,1,1,118,4888410,234946,750,4,2,4,3,1,1,0,200,1,0,1,0,0
201600055921,16,6,28,945,1,2,3,1,3,118,4889840,233683,750,4,2,2,0,1,1,0,100,1,0,1,99,0
201600055922,16,6,28,2125,2,2,3,1,7,118,4889810,234623,750,4,2,4,0,1,1,0,200,1,0,1,99,0
201600055923,16,6,29,1500,1,2,1,1,6,118,4888990,233896,750,4,1,1,0,1,1,0,0,1,0,1,0,0
201600055924,16,6,30,1230,1,2,1,1,3,118,4888820,235985,750,4,2,0,0,1,1,0,0,1,0,1,0,0
201600055925,16,7,1,1245,1,2,3,1,3,118,4888730,235633,750,4,2,2,0,1,0,0,0,1,0,1,0,0
201600055926,16,7,1,1330,1,2,2,1,6,118,4888450,236144,750,4,0,2,1,1,1,0,0,1,0,5,0,0
201600055927,16,7,2,2345,1,2,2,1,3,118,4889310,234019,750,4,2,1,0,0,0,0,0,0,0,1,0,0
201600055928,16,7,3,240,5,2,1,1,6,118,4889020,234959,750,4,1,2,0,1,1,0,50,1,0,1,99,0
201600055929,16,7,3,1900,1,2,5,2,3,118,4889780,233532,750,4,2,2,0,1,1,0,0,2,0,1,0,0
201600055930,16,7,5,1258,1,2,5,1,6,118,4889360,233637,750,4,2,2,0,1,1,0,80,1,0,0,0,0
201600055931,16,7,5,2110,2,2,3,1,3,118,4889020,234328,750,4,1,1,0,2,1,0,60,1,0,1,0,0
201600055932,16,7,6,1455,1,2,5,1,6,118,4889150,234962,750,4,2,2,0,1,1,0,0,1,0,1,99,0
201600055933,16,7,6,1835,1,2,1,1,3,118,4889320,233603,750,4,2,2,0,2,1,0,60,1,0,1,99,0
201600055934,16,7,6,2205,5,2,1,1,6,118,4888620,234951,750,4,2,4,0,0,0,0,0,0,0,1,0,0
201600055935,16,7,7,55,5,2,1,1,6,118,4889250,235973,750,4,2,4,0,1,1,0,0,1,0,1,99,0
201600055936,16,7,7,1845,1,2,1,1,3,118,4889800,234330,750,4,1,1,0,1,1,0,0,1,0,1,99,0
201600055937,16,7,7,1830,1,2,1,1,6,118,4889840,234412,750,4,2,5,0,1,1,0,0,1,0,1,3,0
201600055938,16,7,7,1720,1,2,2,1,3,118,4889170,234460,750,4,1,1,0,2,0,0,0,1,0,1,0,0
201600055939,16,7,8,1650,1,2,5,1,6,118,4890050,234411,750,4,2,6,0,1,1,0,150,1,0,1,99,0
201600055940,16,7,9,1830,1,2,2,1,3,118,4889180,234392,750,4,1,1,0,1,1,0,0,1,0,1,0,0
201600055941,16,7,10,650,1,2,2,1,3,118,4889330,236139,750,4,1,1,0,1,0,0,0,1,0,1,0,0
201600055942,16,7,10,1330,1,2,2,1,2,118,4889310,234019,750,4,2,3,0,1,1,0,80,1,0,1,3,0
201600055943,16,7,11,1230,1,2,1,1,6,118,4889280,236295,750,4,2,2,0,1,1,0,0,1,0,0,0,0
201600055944,16,7,11,1140,1,2,2,1,6,118,4888450,236144,750,4,2,2,0,1,1,0,0,1,0,1,99,0
201600055945,16,7,12,2100,1,2,1,1,3,110,4888430,236412,750,4,1,3,1,1,1,5,50,1,0,5,99,0
201600055946,16,7,13,100,5,2,2,2,3,118,4889120,235160,750,4,2,2,0,1,1,0,50,2,0,1,0,0
201600055947,16,7,13,1520,1,2,7,1,6,118,4889250,234429,750,4,1,2,0,0,0,0,0,1,0,1,0,0
201600055948,16,7,16,100,5,2,4,1,2,118,4889870,235905,750,4,1,3,0,2,1,0,0,1,0,1,99,0
201600055949,16,7,16,2100,1,2,2,1,3,118,4889770,232901,750,4,2,1,0,1,1,0,60,1,5,1,99,0
201600055950,16,7,17,700,1,2,1,1,6,118,4889810,234476,750,4,1,1,0,0,0,0,0,0,0,4,0,0
201600055951,16,7,18,1900,1,2,2,1,3,118,4888580,232635,750,4,2,4,0,1,1,0,80,1,0,1,99,0
201600055952,16,7,19,1915,1,2,2,1,6,118,4889500,232806,750,4,2,4,3,1,1,0,0,1,0,1,99,0
201600055953,16,7,20,1442,1,2,2,1,3,118,4889640,233889,750,4,1,1,0,0,0,0,0,0,0,0,0,0
201600055954,16,7,22,1549,1,2,3,1,2,118,4889220,234608,750,4,2,2,0,1,1,0,0,1,0,1,99,0
201600055955,16,7,23,230,5,2,2,1,6,118,4889070,233333,750,4,0,2,0,1,0,0,200,1,5,1,99,0
201600055956,16,7,23,1200,1,2,2,1,3,118,4889190,233349,750,4,1,1,0,1,1,0,50,1,0,1,99,0
201600055957,16,7,25,1215,1,2,1,1,6,118,4888450,232911,750,4,1,3,0,1,1,0,90,1,0,1,0,0
201600055958,16,7,26,905,1,2,3,1,6,118,4889270,234383,750,4,1,1,0,1,1,0,0,1,0,1,99,0
201600055959,16,7,30,945,1,2,1,1,2,118,4889660,234545,750,4,2,2,0,1,1,0,60,1,0,1,0,0