Num_Acc,an,mois,jour,hrmn,lum,agg,int,atm,col,com,lat,long,dep,catr,circ,nbv,vosp,prof,plan,lartpc,larrout,surf,infra,situ,env1,killed
201600055960,16,8,2,300,5,2,5,2,3,118,4888450,235932,750,4,1,2,0,1,2,0,0,2,5,1,99,0
201600055961,16,8,2,915,1,2,3,2,7,118,4888610,235947,750,4,2,6,0,1,1,0,120,2,0,1,99,0
201600055962,16,8,3,920,1,2,1,8,7,118,4890080,236799,750,4,1,4,0,1,1,50,150,2,1,1,99,0
201600055963,16,8,3,2005,1,2,2,1,6,118,4888600,235658,750,4,2,2,0,1,1,0,60,2,0,1,0,0
201600055964,16,8,3,2330,5,2,1,1,6,118,4889130,235983,750,4,0,2,0,1,1,0,0,1,0,1,0,0
201600055965,16,8,4,1510,1,2,5,1,3,118,4889580,234135,750,4,0,2,0,1,1,0,0,1,0,0,0,0
201600055966,16,8,6,805,1,2,2,1,7,118,4889180,234392,750,4,1,1,0,0,0,0,0,0,0,1,0,0
201600055967,16,8,6,1730,1,2,1,1,6,118,4889950,232959,750,4,3,2,0,1,1,0,90,1,0,1,99,0
201600055968,16,8,8,1900,1,2,3,1,3,118,4888500,234726,750,4,1,2,3,1,1,0,80,1,0,1,99,0
201600055969,16,8,8,2010,2,2,1,1,6,118,4888820,235985,750,4,2,3,0,1,0,0,80,1,0,1,0,0
201600055970,16,8,10,845,1,2,2,1,6,118,4888870,235605,750,4,1,2,0,1,1,0,60,1,0,1,0,0
201600055971,16,8,10,1055,1,2,3,1,6,118,4888450,234948,750,4,2,4,3,1,1,0,130,1,0,1,0,0
201600055972,16,8,16,855,1,2,3,7,3,118,4889770,233331,750,4,3,2,0,1,1,0,0,1,5,1,99,0
201600055973,16,8,16,1230,1,2,7,1,6,118,4889560,234626,750,4,1,0,0,1,3,0,60,1,0,1,0,0
201600055974,16,8,17,1000,1,2,4,1,3,118,4889530,234654,750,4,1,0,0,1,0,0,0,1,0,1,0,0
201600055975,16,8,18,455,5,2,4,2,2,118,4890090,236398,750,4,1,3,0,1,1,0,90,2,0,0,0,0
201600055976,16,8,20,1955,1,2,1,1,6,118,4889030,235900,750,4,2,3,0,0,0,0,0,0,0,1,0,0
201600055977,16,8,20,2200,5,2,1,2,6,118,4888490,232986,750,4,2,4,0,1,1,0,200,1,0,1,99,0
201600055978,16,8,23,850,1,2,5,1,6,118,4889750,234456,750,4,2,2,0,1,1,0,0,1,5,1,0,0
201600055979,16,8,25,1800,1,2,2,1,2,118,4888390,234946,750,4,2,0,2,1,1,0,0,1,0,1,99,0
201600055980,16,8,31,1500,1,2,5,1,3,118,4888980,234293,750,4,2,2,0,1,1,0,52,1,0,1,99,0
201600055981,16,9,1,925,1,2,3,1,6,118,4888410,234946,750,4,2,0,0,0,0,0,0,0,0,0,0,0
201600055982,16,9,4,700,1,2,2,1,6,118,4890130,234410,750,4,2,3,0,1,0,200,130,1,0,1,0,0
201600055983,16,9,4,2150,5,2,2,2,6,118,4889090,235320,750,4,2,2,0,1,1,0,150,1,6,1,0,0
201600055984,16,9,5,830,1,2,2,2,6,118,4889340,233826,750,4,2,2,1,1,1,0,0,2,0,1,99,0
201600055985,16,9,7,1430,1,2,5,1,6,118,4889510,235291,750,4,1,1,0,1,1,0,0,1,0,1,0,0
201600055986,16,9,7,1840,1,2,5,1,2,118,4889800,234414,750,4,3,1,0,1,1,100,100,1,5,1,99,0
201600055987,16,9,7,1900,1,2,2,1,6,117,4889770,232901,750,4,0,2,0,1,1,0,60,1,5,1,0,0
201600055988,16,9,8,1744,1,2,1,1,6,118,4888650,234899,750,4,1,1,0,2,1,0,30,1,0,1,99,0
201600055989,16,9,9,1230,1,2,3,1,6,118,4888460,234717,750,4,1,2,0,0,0,0,0,0,0,1,0,0
201600055990,16,9,9,1550,1,2,1,1,3,118,4889840,234412,750,4,2,2,0,2,0,0,0,1,0,1,3,0
201600055991,16,9,9,1545,1,2,1,1,6,118,4889550,233079,750,4,2,2,0,1,1,130,70,1,0,1,0,0
201600055992,16,9,9,1705,1,2,2,1,6,118,4888350,234695,750,4,1,0,3,1,1,50,30,1,0,1,0,0
201600055993,16,9,10,1,5,2,2,1,3,118,4889560,234829,750,4,0,0,0,1,1,0,0,1,0,0,0,0
201600055994,16,9,11,830,2,2,4,1,6,118,4889540,232824,750,4,2,2,0,1,1,0,0,0,0,1,0,0
201600055995,16,9,12,1040,1,2,3,1,6,118,4889640,234560,750,4,2,5,0,0,0,0,0,0,0,1,0,0
201600055996,16,9,16,1130,1,2,2,1,6,118,4889460,234710,750,4,2,4,0,0,0,0,0,0,0,1,0,0
201600055997,16,9,16,1640,1,2,3,1,7,118,4888990,236359,750,4,1,1,0,1,1,0,60,1,0,4,99,0
201600055998,16,9,17,1830,2,2,4,1,3,118,4890040,237020,750,4,1,2,0,1,1,0,400,1,0,1,99,0
201600055999,16,9,18,2045,5,2,1,2,6,118,4889860,234412,750,4,3,4,0,1,1,0,0,2,0,1,0,0
201600056000,16,9,19,1655,1,2,3,1,2,117,4889580,232833,750,4,1,1,0,1,1,0,30,1,0,1,99,0
201600056001,16,9,22,835,1,2,4,1,3,118,4889530,234654,750,4,2,2,0,1,1,0,150,1,0,1,99,0
201600056002,16,9,22,1720,1,2,2,1,3,118,4889530,233754,750,4,2,2,0,1,1,0,100,1,0,1,0,0
201600056003,16,9,26,850,1,2,1,1,6,118,4889660,233712,750,4,1,1,0,1,1,0,0,1,0,1,99,0
201600056004,16,9,26,1805,1,2,1,1,3,118,4889850,235660,750,4,3,2,0,0,0,0,0,0,0,1,0,0
201600056005,16,9,27,845,1,2,3,1,6,118,4888450,234948,750,4,2,4,0,1,1,0,120,1,0,1,0,0
201600056006,16,9,27,945,1,2,2,1,6,118,4889030,235331,750,4,1,1,0,1,1,0,0,1,0,1,0,0
201600056007,16,9,29,1340,1,2,2,1,3,118,4888610,236113,750,4,2,1,0,1,1,0,70,1,0,1,0,0
201600056008,16,9,29,1530,1,2,2,1,6,118,4888450,235932,750,4,1,1,0,1,1,0,0,1,0,1,0,0
201600056009,16,9,30,1615,1,2,4,1,6,118,4888920,233222,750,4,1,1,0,1,1,0,0,1,0,1,99,0
201600056010,16,10,1,125,5,2,1,2,2,118,4888890,235987,750,4,3,2,3,0,0,0,0,0,0,1,0,0
201600056011,16,10,2,2344,5,2,5,1,3,118,4889300,232739,750,4,2,1,0,1,1,0,0,1,0,1,99,0
201600056012,16,10,3,630,5,2,2,1,6,118,4889230,234234,750,4,1,1,0,1,1,0,0,1,0,1,99,0
201600056013,16,10,4,1945,2,2,1,1,3,118,4888920,236259,750,4,0,1,0,1,1,0,30,1,0,0,0,0
201600056014,16,10,6,30,5,2,2,1,3,118,4888240,233791,750,4,0,2,3,1,1,0,0,1,0,5,99,0
201600056015,16,10,6,5,5,2,1,1,6,118,4889870,236980,750,4,3,0,0,1,1,0,0,1,0,1,99,0
201600056016,16,10,7,635,5,2,2,1,2,118,4889870,235905,750,4,1,2,0,1,3,0,60,1,5,1,99,0
201600056017,16,10,9,1835,2,2,3,1,3,118,4888420,234946,750,4,2,4,0,1,1,0,160,1,0,1,0,0
201600056018,16,10,10,1140,1,2,4,1,6,118,4889700,232876,750,4,2,3,0,1,1,0,50,1,0,1,0,0
201600056019,16,10,10,1540,1,2,2,1,6,118,4889170,233496,750,4,1,1,0,1,1,0,0,2,0,1,99,0
201600056020,16,10,11,1030,1,2,2,1,6,118,4888930,234180,750,4,1,1,0,2,1,0,0,1,0,1,99,0
201600056021,16,10,11,1550,1,2,1,1,6,118,4888880,234958,750,4,2,4,3,1,1,0,80,1,0,1,99,0
201600056022,16,10,12,1156,1,2,3,1,6,118,4889180,234980,750,4,1,1,0,1,1,0,100,1,0,1,99,0
201600056023,16,10,13,1220,1,2,3,1,7,118,4888450,234948,750,4,3,4,0,2,0,0,0,2,0,1,99,0
201600056024,16,10,13,1300,1,2,1,1,4,118,4888620,233190,750,4,2,2,0,2,1,0,160,1,2,1,99,0
201600056025,16,10,13,2210,5,2,3,2,2,118,4889170,236544,750,4,1,1,0,1,1,0,0,2,0,4,0,0
201600056026,16,10,14,720,2,2,3,1,6,118,4888400,235126,750,4,1,1,0,1,1,0,70,1,0,1,0,0
201600056027,16,10,14,2030,5,2,1,2,6,118,4888900,234958,750,4,2,2,0,2,1,0,0,2,0,1,99,0
201600056028,16,10,14,2115,2,2,2,2,3,118,4889460,234710,750,4,2,5,0,0,0,0,0,0,0,1,0,0
201600056029,16,10,15,1750,1,2,4,1,3,118,4888320,234528,750,4,1,0,0,0,0,0,0,0,0,1,0,0
201600056030,16,10,16,5,5,2,1,1,6,118,4888860,234718,750,4,2,2,0,2,1,0,200,1,0,1,0,0
201600056031,16,10,16,1730,1,2,7,1,6,118,4889020,236022,750,4,2,4,0,0,0,0,0,0,0,1,0,0
201600056032,16,10,17,1500,1,2,2,1,6,118,4889930,234409,750,4,2,4,0,1,1,0,80,1,0,1,3,0
201600056033,16,10,19,1045,1,2,2,1,6,118,4889850,235243,750,4,1,2,0,3,1,0,60,1,0,1,99,0
201600056034,16,10,20,807,1,2,5,2,3,110,4888430,235932,750,4,1,1,0,1,1,0,0,1,0,1,0,0
201600056035,16,10,20,1325,1,2,3,2,3,118,4888580,236495,750,4,1,1,0,1,1,0,40,2,0,4,0,0
201600056036,16,10,20,1440,1,2,3,2,6,118,4889460,234710,750,4,1,0,0,1,1,0,60,2,0,4,0,0
201600056037,16,10,20,1500,1,2,3,2,3,118,4889960,235229,750,4,2,2,0,1,1,0,60,2,0,1,0,0
201600056038,16,10,21,1302,1,2,4,8,6,118,4889360,234791,750,4,2,5,0,1,1,20,170,1,0,1,0,0
201600056039,16,10,22,1230,1,2,1,1,6,118,4888620,234951,750,4,2,4,0,0,0,0,0,0,0,1,0,0
201600056040,16,10,23,240,5,2,5,1,3,112,4883410,241066,750,4,1,2,0,1,1,0,0,1,0,1,0,0
201600056041,16,10,25,1900,5,2,2,1,7,118,4889310,234019,750,4,2,2,0,1,1,0,0,1,0,1,99,0
201600056042,16,10,26,910,1,2,1,1,3,118,4888440,232893,750,4,2,1,0,1,1,0,80,1,0,1,99,0
201600056043,16,10,26,1720,1,2,4,1,6,118,4888400,235172,750,4,1,1,0,1,1,0,0,2,0,1,0,0
201600056044,16,10,27,135,5,2,6,8,6,118,4890140,237016,750,4,1,2,0,1,3,0,80,1,0,1,0,0
201600056045,16,10,27,556,5,2,2,5,6,118,4890050,234411,750,4,3,6,3,0,0,0,0,0,0,1,0,0
201600056046,16,10,28,940,1,2,2,1,3,118,4888750,233331,750,4,2,2,0,1,1,0,80,1,0,1,0,0
201600056047,16,10,29,109,5,2,2,1,3,118,4890130,234410,750,4,2,2,3,1,1,0,0,1,2,1,99,0
201600056048,16,10,30,400,5,2,3,1,6,118,4889090,235320,750,4,2,1,0,1,1,0,0,1,0,4,99,0
201600056049,16,10,30,1830,2,2,1,1,1,118,4889030,235719,750,4,2,3,0,1,0,0,0,1,2,1,0,0
201600056050,16,11,1,1900,5,2,2,1,6,118,4889050,234958,750,4,1,1,0,1,1,0,30,1,0,1,99,0
201600056051,16,11,2,1515,1,2,2,1,3,118,4889560,234829,750,4,1,1,0,1,1,0,40,1,0,1,0,0
201600056052,16,11,4,1341,1,2,1,2,6,118,4888920,233825,750,4,1,1,0,2,0,0,0,2,0,1,0,0
201600056053,16,11,4,2320,5,2,1,2,6,118,4890010,234411,750,4,2,3,0,1,1,0,0,2,0,0,99,0
201600056054,16,11,9,740,5,2,1,3,6,118,4889990,234410,750,4,2,0,0,1,1,0,80,2,0,1,99,0
201600056055,16,11,9,1030,1,2,3,3,3,118,4888420,234946,750,4,2,4,3,1,0,0,0,2,0,1,0,0
201600056056,16,11,9,1920,4,2,7,2,6,118,4889310,236334,750,4,2,2,0,1,1,100,70,2,0,1,0,0
201600056057,16,11,11,1825,5,2,1,1,6,118,4889150,233257,750,4,1,2,3,1,1,0,0,1,0,1,0,0
201600056058,16,11,11,1840,1,2,2,1,6,118,4889870,237027,750,4,1,3,3,1,0,0,0,1,0,1,99,0
201600056059,16,11,9,1930,5,2,1,3,6,118,4888430,232707,750,4,2,3,0,1,1,0,90,2,0,1,0,0
201600056060,16,11,12,1600,1,2,1,2,2,118,4889900,235237,750,4,2,0,0,1,1,0,80,2,0,1,99,0
201600056061,16,11,12,2320,5,2,5,2,6,118,4888660,233262,750,4,2,0,0,2,1,0,100,2,0,1,99,0
201600056062,16,11,16,1515,1,2,2,8,3,118,4889670,233622,750,4,1,1,0,1,1,0,0,1,0,1,3,0
201600056063,16,11,16,1725,2,2,2,1,6,118,4889870,235905,750,4,1,0,0,0,0,0,0,0,0,0,0,0
201600056064,16,11,17,1640,1,2,1,1,6,118,4889740,235914,750,4,2,4,0,1,1,0,0,1,0,1,99,0
201600056065,16,11,20,45,5,2,5,2,3,118,4889680,233848,750,4,1,1,0,1,1,0,25,1,0,1,99,0
201600056066,16,11,21,1550,1,2,2,8,6,118,4888580,232635,750,4,2,3,0,1,1,10,200,2,0,1,0,0
201600056067,16,11,22,710,5,2,3,1,6,118,4888970,234014,750,4,2,2,0,1,1,0,0,1,0,1,99,0
201600056068,16,11,22,1700,1,2,1,1,6,118,4889790,234045,750,4,2,4,0,1,1,0,0,1,0,1,99,0
201600056069,16,11,23,1740,2,2,5,1,2,118,4888460,232950,750,4,0,2,0,1,0,0,0,0,0,0,0,0
201600056070,16,11,26,1120,1,2,5,1,3,118,4889150,234962,750,4,2,2,0,1,1,0,50,1,0,1,0,0
201600056071,16,11,27,230,5,2,7,1,3,118,4889250,234429,750,4,2,2,0,1,1,0,90,1,0,1,0,0
201600056072,16,11,27,400,5,2,4,1,2,118,4889080,235987,750,4,0,0,0,1,1,0,150,1,0,1,99,0
201600056073,16,11,27,1855,5,2,4,1,6,118,4889750,232936,750,4,3,2,0,1,1,0,0,1,0,1,0,0
201600056074,16,11,28,1800,5,2,1,1,3,118,4888450,236263,750,4,1,1,1,0,0,0,0,0,0,5,0,0
201600056075,16,11,29,1100,1,2,3,1,6,118,4888610,235947,750,4,2,2,0,1,1,200,100,1,0,4,0,0
201600056076,16,11,29,2040,5,2,1,1,6,118,4889840,235629,750,4,0,2,0,1,1,0,0,1,0,0,99,0
201600056077,16,11,30,1630,2,2,1,9,6,118,4889710,234092,750,4,1,1,0,1,1,0,0,1,0,1,0,0
201600056078,16,11,30,1830,2,2,1,1,3,118,4889500,234674,750,4,1,3,3,1,1,0,0,1,0,1,0,0
201600056079,16,12,2,1015,1,2,5,8,3,118,4889850,235243,750,4,4,4,0,1,1,0,0,1,5,1,99,0
201600056080,16,12,3,2201,5,2,3,1,6,118,4888290,234384,750,4,1,1,0,1,0,10,30,1,6,1,99,0
201600056081,16,12,4,1625,1,2,7,1,2,119,4890040,237020,750,4,1,1,0,1,2,0,0,1,0,1,0,0
201600056082,16,12,5,1828,5,2,4,1,6,118,4889740,234481,750,4,3,1,0,1,1,0,0,1,0,1,0,0
201600056083,16,12,5,835,1,2,1,1,6,118,4889320,232824,750,4,2,3,0,1,1,0,0,1,0,1,99,0
201600056084,16,12,8,1630,1,2,1,1,3,118,4890040,234411,750,4,1,1,0,1,1,0,0,1,0,1,99,0
201600056085,16,12,9,1450,1,2,3,1,3,118,4889030,232880,750,4,1,1,0,2,1,0,80,1,0,1,99,0
201600056086,16,12,9,1830,5,2,1,1,6,118,4888250,233762,750,4,2,0,1,1,1,0,80,1,0,5,99,0
201600056087,16,12,11,1510,1,2,2,1,6,118,4889190,236333,750,4,0,1,0,1,0,0,0,0,0,1,0,0
201600056088,16,12,12,1800,5,2,2,2,6,118,4888600,235658,750,4,1,1,0,0,0,0,0,0,0,0,0,0
201600056089,16,12,13,1420,1,2,1,1,7,118,4889610,235285,750,4,2,0,0,1,1,0,0,2,0,1,3,0
201600056090,16,12,14,1520,1,2,1,1,3,118,4888420,232867,750,4,2,3,0,1,1,40,60,1,0,1,0,0
201600056091,16,12,15,2000,5,2,2,1,6,118,4889870,237027,750,4,0,1,0,1,1,0,0,1,4,1,0,0
201600056092,16,12,17,1330,1,2,1,1,6,118,4889480,233024,750,4,2,2,0,1,1,0,0,1,0,1,0,0
201600056093,16,12,20,1630,2,2,3,1,6,118,4889060,235453,750,4,1,1,0,1,1,0,50,1,0,1,0,0
201600056094,16,12,21,900,1,2,3,1,3,118,4889540,234643,750,4,2,4,3,1,1,0,120,1,0,1,99,0
201600056095,16,12,21,2230,5,2,3,2,6,118,4888410,234946,750,4,2,4,3,1,1,0,0,2,0,1,99,0
201600056096,16,12,22,1600,1,2,2,2,6,118,4888550,234946,750,4,1,2,0,1,1,0,100,2,0,1,0,0
201600056097,16,12,23,1950,5,2,2,1,3,118,4889150,234962,750,4,3,4,0,2,1,0,0,1,0,1,99,0
201600056098,16,12,24,930,1,2,4,1,2,118,4889870,235905,750,4,1,2,0,2,1,0,0,2,0,1,99,0
201600056099,16,12,24,1305,1,2,4,8,6,118,4889900,233634,750,4,2,4,0,1,1,0,90,1,0,1,0,0
201600056100,16,12,25,1238,1,2,3,1,3,118,4890050,233547,750,4,2,2,0,1,1,0,0,1,0,1,99,0
201600056101,16,12,25,1810,2,2,5,1,7,118,4890050,234411,750,4,3,3,0,1,1,0,0,1,2,1,0,0
201600056102,16,12,26,1240,1,2,2,2,3,118,4888790,233365,750,4,2,2,0,2,1,0,0,2,0,1,0,0
201600056103,16,12,26,1630,1,2,2,1,2,118,4889270,234008,750,4,1,1,0,1,1,0,0,1,0,1,99,0
201600056104,16,12,29,1030,1,2,3,1,6,118,4889770,233453,750,4,1,1,0,1,1,0,0,1,0,1,99,0
201600056105,16,12,30,2240,5,2,1,1,3,118,4889030,235882,750,4,2,2,0,1,1,0,0,1,0,1,99,0
201600056106,16,1,2,1,5,2,7,2,7,119,4890120,238942,750,4,4,3,0,1,2,0,0,2,0,1,0,0
201600056107,16,1,5,15,5,2,5,1,3,110,4888230,237002,750,4,2,2,0,1,1,0,0,1,5,1,99,0
201600056108,16,1,5,710,5,2,2,2,3,119,4888780,238925,750,4,2,2,0,1,1,0,80,2,0,1,99,0
201600056109,16,1,6,1400,1,2,2,1,3,119,4887950,238953,750,4,2,2,0,2,1,0,0,1,0,0,0,0
201600056110,16,1,7,755,5,2,4,2,6,119,4888590,239655,750,4,2,6,0,4,1,0,0,2,0,1,0,0
201600056111,16,1,7,1520,1,2,7,1,6,119,4888410,236886,750,4,0,1,0,1,1,0,0,1,0,1,0,0
201600056112,16,1,7,1840,5,2,2,1,6,119,4888260,238033,750,4,1,1,0,2,1,0,0,1,0,1,0,0
201600056113,16,1,8,220,5,2,2,1,6,119,4887840,237423,750,4,2,2,0,2,1,0,0,1,5,1,99,0
201600056114,16,1,8,1430,1,2,4,1,6,119,4888840,239062,750,4,2,3,0,1,1,0,80,1,0,1,99,0
201600056115,16,1,9,1148,1,2,4,1,1,119,4888930,239683,750,4,1,0,0,1,1,0,0,1,1,0,99,0
201600056116,16,1,11,1120,1,2,1,2,6,119,4889440,237451,750,4,1,1,0,1,1,0,30,2,0,4,99,0
201600056117,16,1,13,1240,1,2,2,8,6,119,4889600,238346,750,4,2,2,0,1,1,0,0,1,0,1,99,0
201600056118,16,1,14,1000,1,2,2,3,6,119,4888200,240247,750,4,2,2,0,2,1,0,0,2,0,1,0,0
201600056119,16,1,14,1805,2,2,1,2,4,119,4888230,237081,750,4,2,0,3,2,1,0,0,2,0,1,99,0
201600056120,16,1,15,1250,1,2,5,1,3,119,4888930,237125,750,4,2,2,0,1,1,0,80,1,0,1,99,0
201600056121,16,1,19,1628,1,2,3,8,6,119,4889710,239222,750,4,2,2,0,1,1,0,0,1,0,1,99,0
201600056122,16,1,21,1100,1,2,2,1,6,119,4888790,237992,750,4,1,2,0,1,1,0,0,1,0,1,0,0
201600056123,16,1,22,1010,1,2,6,1,2,119,4887830,237062,750,4,1,0,0,1,0,0,0,9,5,1,0,0
201600056124,16,1,22,1300,1,2,1,1,3,119,4888920,239387,750,4,2,2,2,1,1,0,0,2,0,5,99,0
201600056125,16,1,22,2015,5,2,5,1,6,119,4888590,238220,750,4,2,4,3,1,1,0,0,2,0,1,99,0
201600056126,16,1,26,840,1,2,1,1,3,119,4889030,239533,750,4,2,4,0,1,1,0,0,1,0,1,99,0
201600056127,16,1,26,1555,1,2,2,1,6,119,4887910,238994,750,4,2,2,0,0,0,0,0,0,0,1,0,0
201600056128,16,1,27,830,2,2,1,2,6,119,4888540,238568,750,4,1,1,0,1,1,0,100,2,0,0,3,0
201600056129,16,1,28,105,5,2,2,1,6,119,4888010,239193,750,4,2,2,0,2,1,0,30,2,0,1,99,0
201600056130,16,1,28,1420,1,2,3,1,2,119,4887770,238122,750,4,2,2,0,1,1,0,0,1,0,0,0,0
201600056131,16,1,28,1430,1,2,1,1,6,119,4887640,237649,750,4,2,0,0,1,1,0,0,1,0,1,3,0
201600056132,16,1,28,1600,1,2,5,1,6,119,4888930,237125,750,4,2,2,0,1,1,0,0,1,0,1,0,0
201600056133,16,1,28,2040,5,2,5,1,3,119,4889370,237331,750,4,1,2,3,1,3,0,0,1,0,1,0,0
201600056134,16,1,28,1300,1,2,1,1,6,119,4888250,239316,750,4,1,1,0,2,1,0,50,1,0,1,99,0
201600056135,16,1,29,2220,5,2,1,1,6,119,4889400,238132,750,4,3,0,0,1,1,0,0,1,0,1,99,0
201600056136,16,1,30,1900,5,2,2,2,3,119,4889870,237027,750,4,3,3,0,1,1,100,120,2,5,1,99,0
201600056137,16,2,1,1750,5,2,2,1,3,119,4888320,238791,750,4,2,2,0,1,1,0,80,1,6,1,99,0
201600056138,16,2,4,2230,5,2,5,8,3,119,4888280,237033,750,4,3,0,0,1,1,30,60,2,0,1,0,0
201600056139,16,2,5,1450,1,2,1,1,3,119,4889870,237352,750,4,2,4,0,1,1,20,160,1,0,1,99,0
201600056140,16,2,6,125,5,2,1,1,2,119,4888220,237038,750,4,1,2,0,1,1,0,0,1,0,1,99,0
201600056141,16,2,8,1745,2,2,3,2,3,119,4888430,237588,750,4,2,4,1,1,1,0,0,2,0,5,0,0
201600056142,16,2,9,1330,1,2,2,1,6,119,4887900,239809,750,4,1,1,0,1,1,0,100,2,0,0,99,0
201600056143,16,2,9,1915,5,2,2,2,6,119,4888780,238925,750,4,2,2,0,1,1,0,0,2,0,1,0,0
201600056144,16,2,10,1430,1,2,3,1,6,119,4888580,238772,750,4,1,1,0,1,1,0,50,1,6,4,99,0
201600056145,16,2,13,1415,1,2,1,3,6,119,4889620,237505,750,4,2,2,0,1,1,0,0,2,0,1,99,0
201600056146,16,2,13,1530,1,2,1,2,3,119,4888920,239387,750,4,2,3,1,1,1,0,150,2,0,5,99,0
201600056147,16,2,13,1905,5,2,3,2,3,119,4889870,237027,750,4,2,4,0,1,1,15,150,2,0,1,0,0
201600056148,16,2,17,1340,1,2,2,1,6,119,4887630,237961,750,4,2,2,0,1,1,0,80,1,0,1,0,0
201600056149,16,2,17,2230,5,2,2,1,3,119,4888120,237325,750,4,2,2,0,1,1,0,90,1,0,1,99,0
201600056150,16,2,18,1050,1,2,4,8,6,119,4888460,239676,750,4,3,4,0,2,1,0,0,2,0,1,99,0
201600056151,16,2,19,150,5,2,1,1,6,119,4887860,238965,750,4,1,1,0,1,1,0,35,1,0,1,99,0
201600056152,16,2,20,2110,5,2,1,1,2,119,4888860,238732,750,4,2,2,0,1,1,0,0,1,0,1,0,0
201600056153,16,2,22,1345,1,2,2,1,6,119,4888830,237413,750,4,1,2,0,1,1,0,50,1,0,1,99,0
201600056154,16,2,24,1045,1,2,7,1,3,119,4887210,237705,750,4,1,1,0,1,1,0,0,1,5,1,99,0
201600056155,16,2,28,2040,5,2,1,8,3,119,4888650,237190,750,4,3,2,0,1,1,0,0,1,0,4,99,0
201600056156,16,3,2,1215,1,2,7,1,6,110,4887060,236120,750,4,2,4,0,1,1,0,0,1,0,1,99,0
201600056157,16,3,3,2040,5,2,1,1,1,119,4889720,239160,750,4,2,2,0,2,0,0,0,1,0,1,99,0
201600056158,16,3,3,2010,5,2,7,1,7,119,4890040,237020,750,4,1,0,0,1,1,0,0,1,5,1,99,0
201600056159,16,3,5,130,5,2,5,2,3,119,4887540,239221,750,4,2,0,0,1,1,0,0,2,0,1,0,0
201600056160,16,3,8,850,1,2,1,1,6,119,4888190,237158,750,4,2,2,0,2,1,0,0,1,0,1,0,0
201600056161,16,3,11,815,1,2,1,1,2,119,4887320,238172,750,4,2,2,0,2,1,0,0,2,6,1,99,0
201600056162,16,3,12,1735,1,2,1,1,6,119,4889740,238519,750,4,1,2,0,1,1,0,50,1,0,1,0,0
201600056163,16,3,12,2340,5,2,1,1,3,119,4888360,237315,750,4,3,2,0,1,1,70,60,1,0,1,99,0
201600056164,16,3,16,1440,1,2,1,1,6,119,4888220,238824,750,4,1,1,0,2,1,0,0,1,0,1,0,0
201600056165,16,3,17,1000,1,2,3,1,3,119,4888420,238419,750,4,1,1,0,3,1,0,50,1,0,1,99,0
201600056166,16,3,18,1400,1,2,2,1,2,119,4889310,238410,750,4,2,1,1,1,1,0,0,1,0,1,0,0
201600056167,16,3,19,1000,1,2,1,1,3,119,4888690,237239,750,4,1,2,0,1,1,0,0,1,0,1,0,0
201600056168,16,3,20,1615,1,2,3,8,6,119,4887340,238260,750,4,2,2,0,2,1,0,0,1,0,1,0,0
201600056169,16,3,22,1610,1,2,2,1,3,119,4888220,238195,750,4,2,2,0,1,1,0,0,1,0,1,99,0
201600056170,16,3,24,1645,1,2,1,1,6,119,4888780,238064,750,4,1,1,0,1,1,0,0,1,0,1,0,0
201600056171,16,3,24,2200,5,2,1,1,6,119,4888310,238640,750,4,2,2,0,2,1,0,100,1,0,1,99,0
201600056172,16,3,27,700,2,2,1,1,6,119,4888280,236999,750,4,1,2,0,1,3,15,150,2,0,1,99,0
201600056173,16,3,27,1311,1,2,1,1,3,119,4887980,237198,750,4,1,1,0,1,1,0,100,1,0,1,0,0
201600056174,16,3,29,440,5,2,1,1,6,119,4887730,239266,750,4,1,1,0,0,0,0,0,0,0,1,0,0
201600056175,16,3,30,950,1,2,3,8,3,119,4888700,238631,750,4,2,2,0,1,1,0,100,2,0,1,99,0
201600056176,16,3,30,210,5,2,1,2,6,119,4888900,237432,750,4,1,2,0,1,1,0,0,2,0,1,0,0
201600056177,16,3,31,910,1,2,1,2,7,119,4888240,240132,750,4,1,4,0,1,1,0,0,2,0,1,99,0
201600056178,16,4,1,1500,1,2,1,1,2,119,4888900,239392,750,4,2,2,0,1,1,0,120,1,0,1,99,0
201600056179,16,4,1,1800,4,2,1,1,6,119,4888360,238075,750,4,0,0,1,2,1,0,0,1,0,5,0,0
201600056180,16,4,1,2155,5,2,3,1,6,119,4889110,237761,750,4,2,4,0,0,0,0,0,0,0,1,0,0
201600056181,16,4,1,1240,1,2,1,1,3,119,4888220,238640,750,4,2,2,0,2,1,0,0,1,0,1,99,0
201600056182,16,4,2,1533,1,2,3,1,3,119,4889370,238487,750,4,1,1,0,1,1,0,0,1,0,0,99,0
201600056183,16,4,3,5,5,2,1,2,6,119,4889870,237153,750,4,0,4,0,1,1,0,0,2,0,1,0,0
201600056184,16,4,3,310,5,2,3,2,3,119,4888250,238260,750,4,2,2,0,1,0,0,0,2,0,1,99,0
201600056185,16,4,3,1430,1,2,1,1,3,119,4888110,237039,750,4,1,3,1,1,1,0,40,1,0,5,99,0
201600056186,16,4,4,830,1,2,2,1,6,119,4888880,238590,750,4,1,1,0,1,1,0,40,1,0,1,99,0
201600056187,16,4,7,1350,1,2,1,1,6,119,4888440,236647,750,4,3,4,0,1,1,0,0,8,0,1,99,0