Num_Acc,an,mois,jour,hrmn,lum,agg,int,atm,col,com,lat,long,dep,catr,circ,nbv,vosp,prof,plan,lartpc,larrout,surf,infra,situ,env1,killed
201600056188,16,4,8,654,2,2,7,1,3,119,4888990,239559,750,4,1,3,0,1,1,0,0,1,0,1,99,0
201600056189,16,4,8,655,1,2,7,8,4,119,4888930,239683,750,4,0,2,0,1,1,0,0,2,0,1,99,0
201600056190,16,4,8,1100,1,2,2,1,7,119,4888610,238305,750,4,2,4,0,1,1,0,0,1,0,1,99,0
201600056191,16,4,12,1605,1,2,1,1,6,119,4888800,237048,750,4,1,1,1,2,1,0,0,1,6,5,3,0
201600056192,16,4,13,1215,1,2,5,1,3,119,4888590,238220,750,4,1,1,0,1,1,0,0,1,0,5,99,0
201600056193,16,4,14,55,5,2,4,1,6,119,4887930,238437,750,4,2,2,0,1,1,0,0,1,0,1,0,0
201600056194,16,4,14,920,1,2,1,1,3,119,4888360,238924,750,4,2,1,0,1,1,0,0,1,0,1,3,0
201600056195,16,4,16,240,5,2,3,1,6,119,4888700,238631,750,4,2,2,0,0,0,0,0,0,0,0,0,0
201600056196,16,4,16,1545,1,2,1,1,6,119,4888750,237317,750,4,1,2,0,1,1,0,0,0,0,1,0,0
201600056197,16,4,19,644,2,2,5,1,3,119,4887760,239552,750,4,1,2,0,1,1,0,50,1,0,1,3,0
201600056198,16,4,20,745,1,2,4,1,3,110,4887780,236159,750,4,2,2,0,1,1,0,50,1,0,1,0,0
201600056199,16,4,20,1545,1,2,2,1,6,119,4889870,237027,750,4,1,3,0,1,1,0,100,1,0,1,0,0
201600056200,16,4,24,1405,1,2,1,8,3,119,4888560,238098,750,4,2,3,3,1,1,0,80,1,0,1,99,0
201600056201,16,4,25,1650,1,2,1,1,1,119,4887480,238286,750,4,2,2,0,2,0,0,0,1,0,1,0,0
201600056202,16,4,28,1045,1,2,1,1,6,119,4888760,238938,750,4,2,2,0,1,1,0,0,1,0,1,3,0
201600056203,16,4,28,2255,5,2,5,1,3,119,4888590,238220,750,4,1,2,0,1,1,0,0,1,0,0,0,0
201600056204,16,4,29,1825,1,2,2,1,6,119,4889530,237189,750,4,2,0,0,1,1,0,100,1,0,1,99,0
201600056205,16,5,4,1910,1,2,3,1,1,119,4889090,238390,750,4,2,2,1,1,1,0,0,1,6,5,99,0
201600056206,16,5,8,1530,1,2,1,1,3,119,4887640,237725,750,4,2,2,0,3,1,0,100,1,0,1,3,0
201600056207,16,5,12,1600,1,2,2,8,6,119,4888300,238552,750,4,2,2,0,2,1,0,0,2,0,1,0,0
201600056208,16,5,14,2245,5,2,7,1,3,119,4888410,236886,750,4,1,2,0,1,1,0,70,1,0,1,0,0
201600056209,16,5,15,1635,1,2,1,1,3,119,4888980,237542,750,4,1,2,0,1,1,0,0,1,0,1,0,0
201600056210,16,5,15,2215,5,2,2,1,3,119,4889870,237027,750,4,1,2,0,1,1,0,100,1,5,1,99,0
201600056211,16,5,16,950,1,2,2,1,3,119,4889870,237027,750,4,1,2,0,1,1,0,180,1,5,1,99,0
201600056212,16,5,18,1615,1,2,1,2,2,119,4887530,239623,750,4,2,2,0,2,1,0,75,2,0,1,0,0
201600056213,16,5,21,1630,1,2,1,1,6,118,4889440,235285,750,4,2,2,0,1,1,0,0,1,0,1,0,0
201600056214,16,5,22,1915,1,2,3,2,2,119,4888430,239125,750,4,2,2,0,1,1,0,0,2,0,1,0,0
201600056215,16,5,23,1120,1,2,1,2,6,119,4888930,237535,750,4,1,2,0,1,1,0,100,2,0,1,3,0
201600056216,16,5,23,1400,1,2,2,1,6,119,4888200,240247,750,4,2,1,0,2,0,0,0,1,0,1,0,0
201600056217,16,5,23,1610,1,2,1,8,3,119,4889830,239347,750,4,1,4,0,1,1,0,0,1,0,1,0,0
201600056218,16,5,25,1840,1,2,1,1,6,119,4889350,237362,750,4,1,2,0,1,1,0,150,1,0,1,0,0
201600056219,16,5,26,100,5,2,1,1,2,119,4889170,238017,750,4,2,2,0,2,1,0,0,1,0,1,0,0
201600056220,16,5,26,1150,1,2,2,1,6,119,4888780,238925,750,4,2,3,0,1,1,0,0,1,0,1,99,0
201600056221,16,5,27,1550,1,2,5,1,3,119,4887760,239552,750,4,1,1,0,1,0,0,0,1,0,1,3,0
201600056222,16,5,27,1330,1,2,1,1,6,119,4888430,237606,750,4,2,2,0,1,1,0,0,0,0,1,0,0
201600056223,16,5,30,1230,1,2,3,2,3,119,4888360,237331,750,4,2,1,0,1,1,0,0,2,0,1,99,0
201600056224,16,5,30,2015,2,2,3,2,3,119,4889010,237736,750,4,1,1,0,1,1,0,30,2,0,1,99,0
201600056225,16,5,31,230,5,2,1,3,6,119,4888710,238670,750,4,1,1,0,1,1,0,0,2,0,1,99,0
201600056226,16,5,31,2117,5,2,7,2,6,119,4888410,236886,750,4,1,1,0,1,1,30,60,2,0,1,0,0
201600056227,16,6,1,1345,1,2,1,1,6,119,4888430,236795,750,4,1,1,1,1,1,0,15,2,0,5,0,0
201600056228,16,6,2,231,5,2,3,2,6,118,4889570,237135,750,4,0,1,0,1,1,0,0,2,0,1,99,0
201600056229,16,6,4,1730,1,2,3,1,6,119,4888570,236837,750,4,1,2,0,1,0,0,0,1,0,1,0,0
201600056230,16,6,8,1605,1,2,1,1,6,119,4888230,237473,750,4,0,0,3,0,0,0,0,0,0,4,0,0
201600056231,16,6,9,1220,1,2,3,1,6,119,4888730,237290,750,4,1,2,0,1,1,0,0,1,0,3,99,0
201600056232,16,6,9,1630,1,2,2,1,3,119,4889110,237372,750,4,1,1,0,1,1,0,60,1,0,1,0,0
201600056233,16,6,10,1800,1,2,3,1,3,119,4888430,239125,750,4,2,2,0,1,1,0,100,1,0,1,3,0
201600056234,16,6,11,215,5,2,3,1,2,119,4888730,237290,750,4,3,2,0,1,1,0,70,1,0,1,99,0
201600056235,16,6,11,1615,1,2,4,1,6,119,4890040,237152,750,4,1,3,0,1,1,0,100,1,0,1,99,0
201600056236,16,6,13,625,1,2,1,1,2,119,4888890,239341,750,4,2,3,1,2,1,0,80,1,0,1,99,0
201600056237,16,6,15,1800,1,2,1,8,2,119,4888030,240828,750,4,2,3,0,0,0,0,0,0,0,1,0,0
201600056238,16,6,18,1820,1,2,5,2,6,119,4887880,240162,750,4,1,1,0,2,1,0,0,2,0,1,99,0
201600056239,16,6,20,1240,1,2,1,2,6,119,4888270,237764,750,4,2,2,1,1,1,0,0,2,0,1,0,0
201600056240,16,6,20,1400,1,2,1,3,6,119,4887260,237883,750,4,2,2,0,2,1,0,40,2,0,1,0,0
201600056241,16,6,22,1900,1,2,1,1,6,119,4888750,238658,750,4,1,1,0,1,1,0,0,1,0,1,0,0
201600056242,16,6,23,730,1,2,1,1,3,119,4888920,239387,750,4,2,3,1,1,1,0,75,1,0,5,99,0
201600056243,16,6,23,1330,1,2,5,1,4,119,4889050,237686,750,4,0,2,3,1,1,0,0,1,0,1,99,0
201600056244,16,6,24,1735,1,2,1,1,6,119,4889510,238268,750,4,2,3,0,1,1,0,0,1,0,1,0,0
201600056245,16,6,25,130,5,2,3,1,1,119,4887640,239308,750,4,1,0,0,2,1,0,50,1,0,1,99,0
201600056246,16,6,26,1355,1,2,1,1,3,119,4889020,239837,750,4,1,2,0,0,1,0,50,1,0,1,0,0
201600056247,16,6,26,2255,5,2,1,1,7,119,4888630,237674,750,4,1,1,0,1,1,0,40,1,0,1,0,0
201600056248,16,6,27,900,1,2,1,2,6,119,4888920,239387,750,4,2,3,0,1,1,0,0,2,0,1,99,0
201600056249,16,6,28,845,1,2,3,1,3,119,4887720,237412,750,4,2,2,0,1,3,0,0,1,0,1,99,0
201600056250,16,6,30,2015,1,2,7,1,3,119,4888410,236886,750,4,1,3,1,1,0,0,0,1,0,1,0,0
201600056251,16,7,1,1725,1,2,1,1,6,119,4887480,237402,750,4,1,1,1,1,1,0,0,1,0,5,0,0
201600056252,16,7,1,1850,1,2,3,1,6,119,4889750,238544,750,4,3,1,0,1,1,20,60,1,0,1,0,0
201600056253,16,7,2,34,5,2,3,1,3,119,4888450,237692,750,4,0,2,0,1,1,0,0,1,0,1,0,0
201600056254,16,7,1,1310,1,2,3,1,3,119,4887630,237603,750,4,2,2,0,2,1,0,30,1,0,1,0,0
201600056255,16,7,1,2140,2,2,1,1,6,119,4888810,239060,750,4,1,1,1,1,1,0,170,1,0,5,99,0
201600056256,16,7,4,1030,1,2,1,1,7,119,4889160,237572,750,4,0,2,3,1,1,0,100,1,0,1,0,0
201600056257,16,7,5,1100,1,2,2,8,6,119,4888100,237385,750,4,2,3,0,2,3,0,50,1,5,1,0,0
201600056258,16,7,7,1615,1,2,2,1,6,119,4888640,239523,750,4,1,1,0,2,1,0,0,1,0,1,99,0
201600056259,16,7,7,1835,1,2,3,1,3,119,4888530,237185,750,4,1,1,0,1,1,0,35,1,0,1,0,0
201600056260,16,7,10,215,5,2,3,1,6,119,4889000,239794,750,4,1,0,0,1,1,0,0,1,5,1,99,0
201600056261,16,7,10,1040,1,2,3,7,6,118,4889420,235283,750,4,2,2,0,1,1,0,50,1,0,1,99,0
201600056262,16,7,10,1400,1,2,1,1,3,119,4888400,237487,750,4,2,2,0,1,1,0,120,1,0,1,0,0
201600056263,16,7,11,114,5,2,2,1,3,119,4887840,237423,750,4,0,2,0,1,1,0,0,1,0,1,0,0
201600056264,16,7,11,1010,1,2,1,1,6,119,4888940,237545,750,4,1,2,3,1,1,60,50,1,0,1,0,0
201600056265,16,7,11,2035,1,2,1,1,6,119,4888310,238699,750,4,2,2,0,2,1,0,200,1,0,1,99,0
201600056266,16,7,11,2045,1,2,5,1,2,119,4887640,237813,750,4,2,1,0,2,1,0,0,1,0,1,0,0
201600056267,16,7,12,1600,1,2,1,1,6,119,4888430,238632,750,4,0,1,0,1,1,0,0,1,0,1,3,0
201600056268,16,7,13,850,1,2,7,1,7,119,4888410,236886,750,4,1,2,0,1,1,0,100,1,0,1,99,0
201600056269,16,7,13,1215,1,2,3,1,4,119,4888880,239312,750,4,2,3,0,1,1,0,90,1,0,1,99,0
201600056270,16,7,17,1740,1,2,2,1,3,119,4888640,239434,750,4,4,1,0,1,1,0,0,1,0,1,99,0
201600056271,16,7,21,1242,1,2,1,1,2,119,4888930,237535,750,4,0,2,3,1,1,80,60,1,0,1,0,0
201600056272,16,7,22,550,1,2,2,1,6,119,4889230,237910,750,4,2,2,0,1,1,0,50,1,0,1,0,0
201600056273,16,7,22,1320,1,2,1,1,2,119,4888990,239741,750,4,1,8,0,1,1,25,200,1,0,1,99,0
201600056274,16,7,22,1750,1,2,2,1,6,119,4888570,237091,750,4,2,2,0,1,1,0,0,1,0,1,99,0
201600056275,16,7,23,1730,1,2,2,1,3,119,4887760,240181,750,4,1,1,0,3,1,0,45,1,0,1,99,0
201600056276,16,7,25,1115,1,2,1,1,6,119,4889350,238059,750,4,0,2,0,1,1,0,0,1,0,3,0,0
201600056277,16,7,26,1105,1,2,2,1,2,119,4888790,237992,750,4,1,1,0,1,1,0,30,1,0,1,3,0
201600056278,16,7,27,1730,1,2,5,1,2,119,4887890,237847,750,4,2,2,0,3,1,0,80,1,0,1,0,0
201600056279,16,7,27,2113,5,2,1,1,6,119,4888830,239139,750,4,1,1,1,1,1,0,0,1,0,5,0,0
201600056280,16,7,31,1950,1,2,5,1,3,119,4888320,238791,750,4,2,2,0,1,1,0,0,1,0,1,99,0
201600056281,16,8,2,915,1,2,3,1,3,119,4888450,237692,750,4,1,1,0,1,1,0,40,2,0,1,0,0
201600056282,16,8,2,1215,1,2,5,2,7,119,4887560,238184,750,4,2,2,0,1,1,0,70,2,0,1,0,0
201600056283,16,8,2,1350,1,2,3,2,6,119,4888410,239052,750,4,2,0,0,1,1,0,60,2,0,1,0,0
201600056284,16,8,2,1825,1,2,7,2,2,119,4889980,238781,750,4,1,0,0,1,2,0,250,2,0,1,99,0
201600056285,16,8,3,740,1,2,2,2,6,119,4887840,237423,750,4,2,2,0,2,1,0,0,2,6,1,0,0
201600056286,16,8,3,1405,1,2,2,1,3,119,4889870,237027,750,4,2,4,0,1,1,10,50,1,0,1,0,0
201600056287,16,8,7,30,5,2,2,1,6,110,4888400,236870,750,4,1,0,0,1,0,0,0,1,0,1,99,0
201600056288,16,8,10,1610,1,2,1,1,6,119,4888420,236823,750,4,2,2,0,1,1,0,0,1,0,1,99,0
201600056289,16,8,12,1000,1,2,2,1,2,119,4889870,237027,750,4,1,1,0,1,1,100,70,1,0,1,0,0
201600056290,16,8,12,1150,1,2,2,1,6,119,4888120,237325,750,4,2,4,3,1,1,0,0,1,0,1,3,0
201600056291,16,8,20,1825,1,2,3,1,3,119,4888730,237290,750,4,1,2,3,1,1,0,0,1,0,1,0,0
201600056292,16,8,21,1715,1,2,1,1,6,119,4889170,237833,750,4,1,2,0,1,1,0,100,1,0,1,99,0
201600056293,16,8,22,1120,1,2,3,1,6,119,4887470,238742,750,4,2,0,0,1,0,0,0,0,0,1,0,0
201600056294,16,8,24,45,5,2,3,1,2,119,4888420,238419,750,4,1,1,0,1,1,0,35,1,0,1,99,0
201600056295,16,8,25,1020,1,2,2,1,3,119,4889050,237686,750,4,2,0,0,1,1,0,0,1,0,1,0,0
201600056296,16,8,27,2000,1,2,3,1,7,119,4888040,237117,750,4,1,1,0,2,1,0,0,1,0,1,3,0
201600056297,16,8,30,1751,1,2,5,1,2,119,4889050,237686,750,4,3,4,0,1,1,40,40,1,5,1,99,0
201600056298,16,8,30,1930,1,2,2,1,3,119,4888850,239190,750,4,2,3,0,1,1,0,0,1,0,1,99,0
201600056299,16,9,2,910,1,2,2,1,6,119,4887820,239790,750,4,1,1,0,2,1,0,100,1,0,1,0,0
201600056300,16,9,2,845,1,2,1,1,6,119,4888610,239034,750,4,1,1,0,1,1,0,0,1,0,1,99,0
201600056301,16,9,2,1440,1,2,3,1,6,119,4887780,237408,750,4,2,2,0,2,1,0,0,1,0,1,0,0
201600056302,16,9,3,1530,1,2,1,1,2,119,4888190,237038,750,4,3,3,2,1,1,0,70,1,0,1,99,0
201600056303,16,9,4,615,5,2,2,2,7,119,4888460,237709,750,4,3,1,0,1,1,0,0,2,0,1,99,0
201600056304,16,9,4,1300,1,2,1,1,6,119,4889170,237831,750,4,1,2,3,1,1,0,0,1,0,1,99,0
201600056305,16,9,9,1130,1,2,1,1,6,119,4888510,236536,750,4,1,2,1,1,1,5,40,1,0,5,0,0
201600056306,16,9,10,2015,2,2,7,1,6,119,4888410,236886,750,4,1,1,0,0,0,0,0,0,0,1,0,0
201600056307,16,9,11,1355,1,2,7,2,6,119,4888280,237033,750,4,2,2,0,1,1,20,100,2,0,1,0,0
201600056308,16,9,11,2050,5,2,1,1,6,119,4887400,237538,750,4,2,2,0,2,1,0,0,1,0,1,0,0
201600056309,16,9,13,820,1,2,2,1,3,119,4888570,237091,750,4,1,2,0,1,1,0,0,1,0,1,0,0
201600056310,16,9,14,1445,1,2,1,1,6,119,4888960,237795,750,4,1,1,0,1,1,0,40,1,0,1,3,0
201600056311,16,9,14,1400,1,2,2,1,3,119,4888780,238925,750,4,2,2,1,1,1,0,60,1,0,1,99,0
201600056312,16,9,17,1650,1,2,1,1,6,119,4888230,237473,750,4,1,1,0,1,1,0,40,1,0,1,99,0
201600056313,16,9,18,820,1,2,2,8,3,118,4889120,235160,750,4,0,2,0,1,1,0,0,1,0,1,0,0
201600056314,16,9,20,1000,1,2,1,1,3,119,4887870,237681,750,4,2,0,0,2,1,0,0,1,0,1,0,0
201600056315,16,9,21,949,1,2,2,1,6,119,4887840,237423,750,4,2,2,0,2,1,0,0,1,0,1,0,0
201600056316,16,9,22,1340,1,2,1,1,6,119,4888860,239227,750,4,2,2,0,1,1,0,0,1,0,1,0,0
201600056317,16,9,23,1210,1,2,2,1,6,119,4887840,237423,750,4,2,1,3,1,1,10,100,1,0,1,0,0
201600056318,16,9,24,1100,1,2,1,1,6,119,4887850,237477,750,4,2,2,0,1,1,0,60,1,0,1,99,0
201600056319,16,9,25,1000,1,2,1,1,3,119,4889610,237419,750,4,0,2,0,1,1,0,0,0,0,1,0,0
201600056320,16,9,27,635,2,2,5,1,3,119,4888620,239647,750,4,0,0,0,1,0,0,0,1,0,0,99,0
201600056321,16,9,30,135,4,2,1,1,6,119,4887640,237725,750,4,2,1,0,2,1,10,30,1,0,1,0,0
201600056322,16,9,30,1900,2,2,3,2,3,119,4889510,238273,750,4,0,0,0,1,0,0,0,2,0,1,0,0
201600056323,16,10,1,1930,5,2,2,1,6,119,4888130,239670,750,4,2,1,0,2,3,0,60,1,0,1,99,0
201600056324,16,10,1,1915,2,2,1,1,3,119,4887980,237041,750,4,1,2,1,0,0,0,0,0,0,5,0,0
201600056325,16,10,4,2045,5,2,3,1,6,119,4887670,239551,750,4,1,2,0,1,1,0,0,1,0,1,99,0
201600056326,16,10,6,815,1,2,1,1,3,119,4889490,239492,750,4,1,4,0,1,1,0,600,1,0,1,99,0
201600056327,16,10,6,850,1,2,3,1,3,119,4888450,237692,750,4,2,2,1,1,1,0,0,1,0,5,99,0
201600056328,16,10,8,1940,5,2,1,1,2,119,4888240,238618,750,4,2,2,3,4,1,0,0,1,0,1,0,0
201600056329,16,10,10,1323,1,2,1,1,6,119,4888560,238098,750,4,2,4,0,1,1,0,0,1,0,1,0,0
201600056330,16,10,11,1845,2,2,3,1,3,119,4888640,239395,750,4,2,2,0,1,1,0,0,0,0,1,0,0
201600056331,16,10,11,2300,5,2,3,1,2,119,4888590,239655,750,4,2,2,0,1,1,0,0,1,0,1,0,0
201600056332,16,10,13,1940,5,2,1,2,4,119,4889570,239469,750,4,1,4,3,1,1,50,600,2,0,1,99,0
201600056333,16,10,14,830,1,2,4,1,6,118,4889870,235905,750,4,1,0,0,2,3,0,500,1,0,1,99,0
201600056334,16,10,14,1700,1,2,5,2,6,119,4888320,238791,750,4,2,0,0,1,1,0,0,2,0,1,0,0
201600056335,16,10,16,1200,1,2,4,1,6,119,4889280,237434,750,4,1,2,0,1,1,0,120,1,0,1,99,0
201600056336,16,10,18,905,1,2,1,1,3,119,4889540,238305,750,4,2,1,0,1,1,0,100,1,0,1,0,0
201600056337,16,10,18,1940,5,2,1,2,3,119,4888730,238466,750,4,2,1,0,1,1,0,0,2,0,1,99,0
201600056338,16,10,19,1515,1,2,1,1,3,119,4888960,236906,750,4,1,1,1,1,1,0,0,1,0,5,99,0
201600056339,16,10,20,1115,1,2,2,8,6,119,4887280,237981,750,4,2,2,0,2,1,0,60,2,0,1,99,0
201600056340,16,10,21,1735,1,1,1,1,3,119,4890050,238971,750,4,1,4,0,1,1,10,150,1,0,1,99,0
201600056341,16,10,22,2040,5,2,1,1,2,119,4888340,238870,750,4,2,2,0,1,1,0,100,1,0,0,0,0
201600056342,16,10,22,2150,5,2,1,1,6,119,4889500,238046,750,4,1,1,0,1,1,0,28,1,0,1,0,0
201600056343,16,10,23,317,5,2,3,1,3,119,4887700,240599,750,4,0,0,0,1,1,0,0,1,0,1,99,0
201600056344,16,10,23,1545,1,2,1,2,4,119,4888450,236529,750,4,1,2,0,1,1,0,0,2,0,1,0,0
201600056345,16,10,23,1500,1,2,1,1,7,119,4887790,238132,750,4,0,0,0,2,3,0,0,1,0,0,0,0
201600056346,16,10,24,830,2,2,2,2,6,119,4888620,239647,750,4,2,0,0,1,1,0,0,2,0,0,99,0
201600056347,16,10,24,2145,5,2,1,2,6,119,4888710,237835,750,4,1,1,0,1,1,0,0,2,0,1,0,0
201600056348,16,10,25,1610,1,2,2,1,7,119,4887350,238303,750,4,2,2,0,2,1,0,0,1,0,1,99,0
201600056349,16,10,26,1412,1,2,3,1,6,119,4888500,237878,750,4,2,2,0,1,1,0,0,1,0,1,99,0
201600056350,16,10,27,1700,1,2,3,1,6,119,4888830,239024,750,4,2,0,1,1,1,0,0,1,0,1,0,0
201600056351,16,10,28,1705,1,2,1,1,3,110,4887480,237363,750,4,1,2,0,1,1,0,0,2,6,1,99,0
201600056352,16,10,28,2020,5,2,1,1,3,119,4889260,237554,750,4,1,1,0,1,1,0,0,1,0,1,3,0
201600056353,16,10,29,1900,2,2,2,1,6,119,4887520,239533,750,4,0,2,0,1,2,0,0,0,0,0,0,0
201600056354,16,10,31,730,1,2,2,1,4,119,4889480,238230,750,4,2,2,0,1,1,0,0,0,0,1,0,0
201600056355,16,10,31,1540,1,2,1,1,6,119,4889260,237948,750,4,1,2,3,1,1,0,0,1,0,1,99,0
201600056356,16,10,31,2245,5,2,1,1,2,119,4888680,237224,750,4,1,2,1,1,1,0,80,1,0,1,99,0
201600056357,16,11,5,245,5,2,5,1,4,119,4889060,237641,750,4,1,2,0,1,1,0,60,2,0,1,0,0
201600056358,16,11,5,2115,5,2,2,1,3,119,4888830,237413,750,4,2,2,0,1,1,0,150,1,0,1,3,0
201600056359,16,11,10,2010,5,2,2,2,3,119,4888570,237091,750,4,1,2,0,1,1,0,0,2,0,1,99,0
201600056360,16,11,11,1910,5,2,5,1,3,119,4889230,237910,750,4,2,2,0,2,1,0,0,1,5,1,99,0
201600056361,16,11,13,230,5,2,1,2,6,119,4888870,239278,750,4,2,3,0,1,1,0,0,1,0,1,0,0
201600056362,16,1,21,1415,1,2,3,1,3,119,4887440,238625,750,4,2,2,0,2,1,0,100,1,0,1,0,0
201600056363,16,11,16,810,1,2,2,2,3,119,4888880,238590,750,4,1,1,0,1,1,0,0,2,0,1,0,0
201600056364,16,11,18,25,5,2,1,3,2,119,4889660,239445,750,4,1,4,0,0,0,0,0,0,0,1,0,0
201600056365,16,11,18,1120,1,2,3,1,6,119,4888730,236704,750,4,1,1,1,1,1,0,0,1,0,1,0,0
201600056366,16,11,18,1545,1,2,2,1,6,119,4889230,237910,750,4,1,2,0,1,1,0,0,1,0,1,0,0
201600056367,16,11,18,1945,5,2,3,1,6,119,4888250,237038,750,4,1,2,0,1,1,0,60,1,0,1,99,0
201600056368,16,11,19,2030,5,2,1,1,3,119,4889880,237647,750,4,2,4,0,1,1,0,200,1,0,1,99,0
201600056369,16,11,20,1015,1,2,3,2,3,119,4889510,238273,750,4,3,2,0,0,0,0,0,0,0,1,0,0
201600056370,16,11,22,925,1,2,1,1,2,119,4887610,239791,750,4,1,1,0,1,1,0,0,0,0,4,0,0
201600056371,16,11,23,645,2,2,2,2,6,110,4887950,236805,750,4,1,2,0,3,1,0,100,2,0,1,99,0
201600056372,16,11,23,1400,1,2,7,1,6,119,4888930,239683,750,4,0,0,0,1,1,0,0,1,6,0,99,0
201600056373,16,11,24,1334,1,2,1,1,3,119,4888200,237038,750,4,1,3,0,1,1,0,100,1,0,1,0,0
201600056374,16,11,29,900,1,2,5,1,6,119,4887880,240162,750,4,0,2,0,1,2,0,0,7,0,1,0,0
201600056375,16,11,29,850,1,2,5,1,7,119,4887880,240162,750,4,0,1,0,2,0,0,0,7,5,0,99,0
201600056376,16,11,29,2000,5,2,4,1,6,119,4887680,240544,750,4,0,1,0,1,1,0,0,1,0,1,0,0
201600056377,16,11,30,2240,5,2,1,1,3,119,4889520,239414,750,4,2,4,0,1,1,0,0,1,0,1,0,0
201600056378,16,12,1,1350,1,2,1,1,7,119,4887640,237871,750,4,2,2,0,2,1,0,70,1,0,1,99,0
201600056379,16,12,1,1710,2,2,1,1,6,119,4889120,237771,750,4,1,2,0,1,1,0,0,1,0,3,99,0
201600056380,16,12,2,58,5,2,3,1,6,119,4889180,237246,750,4,1,1,0,1,1,0,35,1,0,1,99,0
201600056381,16,12,3,1630,2,2,3,1,6,119,4887250,237853,750,4,2,2,0,2,1,0,0,1,6,1,99,0
201600056382,16,12,5,1535,1,2,1,1,6,119,4889550,238316,750,4,2,0,1,2,1,0,0,1,6,5,0,0
201600056383,16,12,6,1455,1,2,3,1,4,119,4889510,238273,750,4,0,3,0,1,1,0,100,1,0,1,99,0
201600056384,16,12,6,1640,2,2,1,1,6,120,4887680,240539,750,4,3,2,0,2,1,0,80,1,0,1,99,0
201600056385,16,12,8,800,1,2,2,1,3,119,4887820,239790,750,4,1,1,0,2,1,0,0,1,0,1,0,0
201600056386,16,12,8,1800,5,2,1,1,6,119,4888940,237820,750,4,1,1,0,1,1,0,0,1,0,1,0,0
201600056387,16,12,11,1705,2,2,3,1,2,119,4888520,237935,750,4,1,1,0,1,1,30,30,1,0,1,0,0
201600056388,16,12,14,1022,1,2,1,1,3,119,4889500,238256,750,4,2,3,0,1,1,0,120,1,0,1,99,0
201600056389,16,12,14,1330,1,2,3,1,5,119,4888040,237960,750,4,2,2,0,1,1,0,0,1,0,1,3,0
201600056390,16,12,15,1630,1,2,2,1,6,119,4887600,240250,750,4,2,0,0,1,1,0,0,1,0,1,99,0
201600056391,16,12,16,10,5,2,2,1,3,119,4887840,237423,750,4,0,2,0,2,1,0,70,1,0,1,99,0
201600056392,16,12,16,1815,5,2,1,1,3,119,4889870,238376,750,4,2,3,0,1,1,0,0,1,1,1,99,0
201600056393,16,12,18,1855,5,2,1,1,2,119,4888830,239111,750,4,2,3,0,1,1,0,100,1,0,0,0,0
201600056394,16,12,19,215,5,2,2,1,7,119,4888600,239808,750,4,2,2,0,1,1,0,0,1,0,0,0,0
201600056395,16,12,20,2335,5,2,5,1,6,120,4886500,239550,750,4,2,0,0,1,0,0,0,1,0,1,0,0
201600056396,16,12,21,115,5,2,1,1,6,119,4889200,237872,750,4,1,1,3,1,1,0,100,1,0,1,0,0
201600056397,16,12,22,1840,5,2,1,1,3,119,4887830,240329,750,4,1,2,0,2,1,0,0,1,0,1,0,0
201600056398,16,12,24,245,5,2,5,2,6,119,4887960,239962,750,4,0,2,0,0,0,0,0,0,0,4,0,0
201600056399,16,12,26,1630,1,2,1,1,2,119,4888470,238360,750,4,1,1,0,2,1,0,0,1,0,1,99,0
201600056400,16,12,28,2345,5,2,2,1,2,119,4887560,238184,750,4,2,2,0,1,1,0,0,1,0,1,0,0
201600056401,16,1,3,1215,1,2,7,2,6,120,4887750,240962,750,4,0,0,0,1,0,0,0,2,5,1,0,0
201600056402,16,1,4,1430,1,2,1,1,3,120,4885660,239501,750,4,2,2,0,1,1,0,0,1,0,1,99,0
201600056403,16,1,5,1720,1,2,1,1,2,119,4887840,240819,750,4,0,0,0,1,1,0,0,2,0,1,99,0
201600056404,16,1,6,2030,5,2,3,1,3,120,4887150,237766,750,4,1,1,1,1,1,0,60,1,0,5,99,0
201600056405,16,1,6,2100,5,2,1,1,1,120,4887260,237899,750,4,2,2,0,2,1,0,80,1,0,1,99,0
201600056406,16,1,6,2150,5,2,1,1,4,120,4886460,240680,750,4,0,0,0,2,0,0,0,1,0,0,0,0
201600056407,16,1,7,1420,1,2,3,1,3,120,4886730,240225,750,4,0,1,0,2,1,0,0,1,0,1,0,0
201600056408,16,1,8,2315,5,2,4,1,3,120,4887110,239302,750,4,2,2,3,1,1,0,0,1,0,1,0,0
201600056409,16,1,9,2025,5,2,7,1,6,120,4886510,239830,750,4,4,0,0,1,2,0,0,1,5,1,0,0
201600056410,16,1,9,2330,5,2,4,2,2,120,4886760,241394,750,4,1,1,0,2,1,0,0,2,0,1,99,0
201600056411,16,1,10,108,5,2,2,9,6,120,4886460,240587,750,4,2,0,0,1,1,0,0,2,0,1,99,0
201600056412,16,1,10,700,5,2,1,1,6,120,4886530,241238,750,4,1,2,0,2,2,0,60,8,3,3,99,0
201600056413,16,1,10,1100,1,2,5,1,3,120,4884880,239924,750,4,2,2,0,1,1,0,31,2,0,1,0,0
201600056414,16,1,11,1510,1,2,2,1,3,120,4885920,240210,750,4,2,1,0,1,1,0,0,1,0,1,0,0