Num_Acc,an,mois,jour,hrmn,lum,agg,int,atm,col,com,lat,long,dep,catr,circ,nbv,vosp,prof,plan,lartpc,larrout,surf,infra,situ,env1,killed
201600056415,16,1,13,1615,1,2,7,1,2,120,4886470,239862,750,4,2,2,0,1,1,0,0,1,0,1,99,0
201600056416,16,1,14,905,1,2,7,2,6,120,4884700,241503,750,4,1,4,0,1,3,0,0,2,0,1,0,0
201600056417,16,1,15,125,5,2,7,1,2,120,4886480,241201,750,4,1,0,0,1,2,0,0,1,3,1,99,0
201600056418,16,1,19,820,1,2,1,1,4,120,4886350,239004,750,4,2,2,2,2,1,0,80,1,0,1,99,0
201600056419,16,1,22,810,2,2,5,1,3,120,4886290,238742,750,4,3,3,0,1,1,0,0,1,0,0,99,0
201600056420,16,1,22,950,1,2,1,1,6,120,4885530,241116,750,4,0,2,0,0,0,0,0,0,0,1,0,0
201600056421,16,1,22,1410,1,2,3,2,2,120,4887530,239354,750,4,2,2,0,2,1,0,70,2,0,1,99,0
201600056422,16,1,22,2305,5,2,3,2,3,120,4886830,238628,750,4,1,0,0,2,0,0,0,2,0,1,99,0
201600056423,16,1,24,1730,2,2,5,1,3,120,4887720,240668,750,4,2,2,0,2,1,0,80,1,0,1,0,0
201600056424,16,1,26,745,5,2,2,1,3,120,4884700,241119,750,4,1,3,0,1,1,0,0,1,0,1,0,0
201600056425,16,1,26,1650,1,2,4,1,3,120,4886470,240354,750,4,2,2,0,1,1,0,0,1,0,1,0,0
201600056426,16,1,29,430,5,2,1,1,3,120,4885490,241401,750,4,1,4,0,1,1,0,0,1,0,1,99,0
201600056427,16,1,31,505,5,2,4,2,6,120,4885450,241434,750,4,0,0,0,1,3,0,50,2,3,1,99,0
201600056428,16,1,31,1505,1,2,5,2,3,120,4887720,240668,750,4,2,4,0,2,1,0,0,2,0,1,0,0
201600056429,16,2,2,1845,5,2,1,2,6,120,4886380,241351,750,4,1,4,0,1,1,80,80,2,0,1,0,0
201600056430,16,2,4,1820,5,2,1,2,6,120,4886920,240224,750,4,2,2,0,2,1,0,40,2,0,1,0,0
201600056431,16,2,5,2010,5,2,2,1,3,120,4886790,240891,750,4,1,2,0,1,1,0,0,1,0,1,99,0
201600056432,16,2,6,1620,1,2,2,1,3,120,4886460,240457,750,4,1,1,0,2,1,0,0,1,0,1,0,0
201600056433,16,2,8,1105,1,2,1,1,6,112,4883730,244054,750,4,1,0,0,0,0,0,0,0,0,1,0,0
201600056434,16,2,9,950,1,2,6,2,6,120,4885450,241434,750,4,0,0,0,1,1,0,0,2,3,1,99,0
201600056435,16,2,9,1910,2,2,1,2,6,120,4886740,238454,750,4,2,2,0,2,1,0,0,2,0,1,99,0
201600056436,16,2,11,915,1,2,2,1,7,120,4884930,241632,750,4,2,2,0,1,1,0,50,1,0,1,0,0
201600056437,16,2,12,1750,5,2,2,2,6,120,4884890,240655,750,4,2,2,0,1,1,0,0,2,0,0,99,0
201600056438,16,2,17,1120,1,2,1,1,3,120,4886800,238676,750,4,0,2,0,2,1,0,60,1,0,1,0,0
201600056439,16,2,19,1450,1,2,2,1,3,120,4887520,239533,750,4,2,2,0,2,1,0,0,1,0,1,0,0
201600056440,16,2,20,1355,1,2,2,2,6,120,4885920,240210,750,4,2,0,0,1,1,0,0,2,5,1,0,0
201600056441,16,2,21,2000,5,2,2,1,2,120,4885190,240134,750,4,1,1,0,1,1,0,0,1,0,0,99,0
201600056442,16,2,23,725,2,2,4,2,6,120,4886590,239934,750,4,2,0,0,1,1,0,0,2,5,1,3,0
201600056443,16,2,25,1735,1,2,2,1,6,120,4885130,239842,750,4,2,2,0,1,1,0,60,1,0,0,0,0
201600056444,16,2,26,1422,1,2,3,1,6,120,4885710,239366,750,4,3,1,0,1,1,50,80,1,0,1,0,0
201600056445,16,2,27,1815,2,2,2,1,6,120,4884900,240772,750,4,1,1,0,1,1,0,50,1,0,1,0,0
201600056446,16,2,29,940,1,2,5,1,6,119,4887410,238568,750,4,2,2,0,2,1,0,70,1,0,1,3,0
201600056447,16,2,29,1700,1,2,1,1,6,120,4885050,241520,750,4,1,4,0,1,1,20,200,1,0,1,99,0
201600056448,16,3,4,1950,5,2,5,2,6,120,4887170,240437,750,4,2,4,0,1,1,0,152,2,0,1,99,0
201600056449,16,3,4,1905,5,2,3,2,6,120,4887440,238625,750,4,2,2,0,2,1,0,90,2,0,1,99,0
201600056450,16,3,6,30,5,2,3,1,2,119,4887530,239354,750,4,2,0,0,1,1,0,0,1,0,1,99,0
201600056451,16,3,6,25,5,2,3,1,6,112,4882420,241996,750,4,2,4,0,1,1,0,0,1,0,1,99,0
201600056452,16,3,8,1950,5,2,1,1,3,120,4886120,241378,750,4,1,4,0,1,1,0,150,1,0,1,0,0
201600056453,16,3,9,1250,1,2,5,8,6,120,4886710,238325,750,4,2,1,0,1,2,0,60,2,0,1,0,0
201600056454,16,3,9,1920,5,2,7,1,6,120,4886020,240416,750,4,2,2,0,1,1,0,80,2,0,1,0,0
201600056455,16,3,11,930,1,2,3,1,3,120,4885990,238898,750,4,1,1,2,0,0,0,0,0,0,5,0,0
201600056456,16,3,11,1330,1,2,1,1,6,120,4887280,239413,750,4,1,1,0,1,1,0,0,1,0,1,3,0
201600056457,16,3,12,1825,1,2,1,1,3,120,4885010,241119,750,4,4,0,0,1,3,0,0,0,0,1,99,0
201600056458,16,3,12,2100,5,2,3,1,6,120,4885230,240405,750,4,1,0,0,1,1,0,0,1,0,0,99,0
201600056459,16,3,15,1830,1,2,3,1,3,120,4886670,238700,750,4,2,2,0,1,1,0,0,1,0,1,0,0
201600056460,16,3,16,1110,1,2,2,1,6,120,4887080,239924,750,4,2,2,0,2,1,0,0,1,0,1,0,0
201600056461,16,3,18,1220,1,2,2,1,3,120,4887350,238303,750,4,1,1,0,2,1,0,0,1,0,1,0,0
201600056462,16,3,20,1,5,2,5,1,6,120,4886830,240139,750,4,2,2,0,2,0,0,0,1,0,1,0,0
201600056463,16,3,20,1650,1,2,3,1,3,120,4886270,240665,750,4,2,2,0,1,1,0,0,1,0,1,0,0
201600056464,16,3,21,1300,1,2,3,1,2,120,4886530,238480,750,4,3,2,0,1,1,0,0,1,0,1,3,0
201600056465,16,3,22,1150,1,2,4,1,6,120,4885610,240584,750,4,2,1,0,1,1,15,46,1,0,1,99,0
201600056466,16,3,24,1445,1,2,1,1,2,120,4885230,241576,750,4,2,2,0,1,1,0,0,1,0,1,0,0
201600056467,16,3,25,1150,1,2,3,1,6,120,4885680,239710,750,4,0,2,0,1,1,2,1,2,0,0,0,0
201600056468,16,3,30,930,1,2,1,2,3,119,4887230,237783,750,4,2,2,0,2,1,0,40,2,0,1,0,0
201600056469,16,3,31,1715,1,2,1,3,6,120,4885310,240594,750,4,2,1,0,2,1,0,120,2,0,1,99,0
201600056470,16,4,1,1230,1,2,4,1,6,120,4886630,239972,750,4,2,2,0,1,1,0,129,1,0,1,0,0
201600056471,16,4,2,21,5,2,2,1,3,120,4887510,238935,750,4,2,2,0,2,1,0,0,1,5,1,0,0
201600056472,16,4,3,1030,1,2,3,1,6,120,4887410,238568,750,4,0,2,0,2,1,0,0,2,0,1,0,0
201600056473,16,4,4,920,1,2,2,1,6,120,4887180,239831,750,4,1,1,0,1,1,0,0,1,6,4,3,0
201600056474,16,4,5,1730,1,2,2,1,6,120,4885760,239932,750,4,2,2,0,1,1,0,0,1,0,1,0,0
201600056475,16,4,6,1430,1,2,4,1,6,120,4885710,240436,750,4,2,3,0,1,1,0,125,1,0,1,99,0
201600056476,16,4,7,1830,1,2,2,1,3,120,4884740,240623,750,4,2,8,0,1,1,0,250,1,5,1,3,0
201600056477,16,4,8,950,1,2,1,1,3,120,4887540,239670,750,4,2,2,0,3,1,0,80,1,0,1,0,0
201600056478,16,4,8,1900,1,2,2,1,6,120,4887520,239533,750,4,2,2,0,2,1,0,0,1,0,1,99,0
201600056479,16,4,8,1340,1,2,5,1,3,120,4885620,241014,750,4,1,2,0,1,1,0,0,1,0,1,0,0
201600056480,16,4,10,2115,5,2,1,1,3,112,4883140,241688,750,4,2,2,0,1,0,0,0,1,0,1,99,0
201600056481,16,4,11,1735,1,2,3,2,6,120,4884980,239912,750,4,1,0,0,1,1,0,60,2,0,1,99,0
201600056482,16,4,12,850,1,2,2,1,3,120,4886920,238085,750,4,1,1,3,1,1,0,0,2,0,5,0,0
201600056483,16,4,12,840,1,2,3,1,6,120,4885100,241268,750,4,1,2,0,1,1,0,0,1,0,1,0,0
201600056484,16,4,12,2100,5,2,2,1,3,120,4885530,240145,750,4,1,0,0,1,1,0,0,1,0,1,0,0
201600056485,16,4,14,840,1,2,1,1,3,120,4886120,241378,750,4,1,4,0,1,1,10,150,1,0,0,99,0
201600056486,16,4,15,1347,1,2,5,1,3,120,4886710,238325,750,4,1,1,0,1,1,0,0,1,0,0,99,0
201600056487,16,4,17,50,5,2,3,1,6,120,4885880,241150,750,4,0,1,0,1,1,0,0,1,0,4,99,0
201600056488,16,4,17,1400,1,2,1,2,3,120,4887580,240117,750,4,2,2,0,1,1,0,100,2,0,1,99,0
201600056489,16,4,17,1720,1,2,2,1,3,120,4886470,240416,750,4,2,0,0,1,1,0,0,1,0,1,0,0
201600056490,16,4,17,1910,1,2,1,1,6,120,4884810,240262,750,4,0,0,0,1,1,0,0,1,0,0,0,0
201600056491,16,4,18,1640,1,2,1,1,6,120,4886500,239489,750,4,2,2,0,2,1,0,0,1,0,1,0,0
201600056492,16,4,19,105,5,2,5,1,3,120,4887720,240668,750,4,2,0,0,1,1,0,0,1,5,1,99,0
201600056493,16,4,19,1210,1,2,5,1,6,120,4886830,240139,750,4,2,2,0,2,1,0,0,1,0,1,99,0
201600056494,16,4,19,1620,1,2,1,1,2,120,4887040,238014,750,4,1,1,0,1,1,0,30,1,0,1,99,0
201600056495,16,4,19,2230,5,2,1,1,6,120,4885690,241497,750,4,2,2,3,1,1,0,40,1,0,1,99,0
201600056496,16,4,20,1420,1,2,4,1,6,120,4884810,240635,750,4,1,2,0,1,1,0,0,1,5,1,3,0
201600056497,16,4,21,1832,1,2,3,1,6,111,4886160,238471,750,4,1,1,0,1,1,0,0,1,0,1,0,0
201600056498,16,4,19,1345,1,2,1,1,3,120,4885520,240535,750,4,2,2,0,1,1,0,0,1,0,1,0,0
201600056499,16,4,23,1930,1,2,3,1,6,120,4887410,241314,750,4,0,2,1,1,0,0,0,1,0,1,99,0
201600056500,16,4,24,920,1,2,1,8,3,119,4887540,239675,750,4,2,2,0,2,1,0,0,1,0,1,0,0
201600056501,16,4,26,1415,1,2,1,8,3,120,4887650,240413,750,4,2,2,0,1,1,0,0,1,0,1,0,0
201600056502,16,4,27,1855,1,2,1,2,3,120,4885330,241561,750,4,2,2,0,1,1,0,30,2,0,1,0,0
201600056503,16,4,28,1310,1,2,3,1,6,120,4887030,239148,750,4,0,1,0,1,1,0,30,1,0,1,0,0
201600056504,16,4,29,1135,1,2,2,1,3,120,4887080,239924,750,4,2,0,0,1,1,0,0,1,0,1,0,0
201600056505,16,4,29,1620,1,2,1,1,6,120,4885670,241004,750,4,3,2,0,1,1,0,0,1,0,1,0,0
201600056506,16,4,30,1745,1,2,7,8,3,120,4885390,241295,750,4,1,0,0,1,2,0,200,2,5,1,0,0
201600056507,16,5,1,1430,1,2,1,1,6,120,4886780,240182,750,4,2,1,0,2,1,0,0,1,0,1,99,0
201600056508,16,5,3,920,1,2,3,1,2,120,4886500,239405,750,4,2,2,0,3,1,0,60,1,5,1,0,0
201600056509,16,5,3,945,1,2,4,1,3,112,4884640,241390,750,4,1,3,0,1,2,120,60,1,5,1,99,0
201600056510,16,5,3,1910,1,2,1,1,6,120,4884820,241128,750,4,2,2,0,1,1,0,0,1,0,1,0,0
201600056511,16,5,4,1740,1,2,5,1,6,120,4887720,240668,750,4,2,2,0,1,1,0,0,1,5,1,0,0
201600056512,16,5,9,600,1,2,3,1,6,120,4886480,240024,750,4,0,1,0,1,1,20,40,1,0,0,0,0
201600056513,16,5,10,1200,1,2,1,1,6,120,4886880,239010,750,4,2,2,0,2,1,0,60,1,0,1,3,0
201600056514,16,5,10,1820,1,2,1,2,6,120,4885840,240306,750,4,2,1,0,2,1,0,0,2,0,1,0,0
201600056515,16,5,11,105,5,2,5,2,3,120,4887390,238529,750,4,0,2,0,1,0,0,0,2,0,1,99,0
201600056516,16,5,12,1620,1,2,1,1,6,120,4886880,239021,750,4,2,2,0,2,1,0,125,1,0,1,99,0
201600056517,16,5,18,1905,1,2,3,2,3,120,4885350,240582,750,4,0,0,0,0,0,0,0,0,0,0,0,0
201600056518,16,5,19,1330,1,2,1,1,6,120,4886760,240420,750,4,1,0,0,1,1,0,85,2,0,1,0,0
201600056519,16,5,20,1315,1,2,1,1,6,120,4886490,239934,750,4,2,2,0,1,1,0,85,1,0,1,99,0
201600056520,16,5,20,1520,1,2,1,1,6,120,4885990,240350,750,4,2,0,0,1,1,0,60,1,0,1,0,0
201600056521,16,5,22,1425,1,2,1,3,6,120,4887260,239572,750,4,1,1,0,2,1,0,0,2,0,1,0,0
201600056522,16,5,22,1655,1,2,2,2,3,120,4886400,239915,750,4,2,3,3,1,1,0,0,2,0,1,0,0
201600056523,16,5,24,710,1,2,1,1,3,120,4886960,240446,750,4,2,1,0,1,1,0,0,1,0,0,0,0
201600056524,16,5,24,1650,1,2,2,1,6,120,4885760,239932,750,4,2,2,0,1,1,0,50,1,0,1,99,0
201600056525,16,5,24,1755,1,2,1,1,6,120,4886460,240686,750,4,2,2,0,1,1,0,82,1,0,1,99,0
201600056526,16,5,26,836,1,2,6,1,4,120,4886460,240944,750,4,2,0,0,1,2,0,0,1,0,1,0,0
201600056527,16,5,26,1140,1,2,1,1,3,120,4885270,241570,750,4,2,2,0,1,1,0,0,1,0,1,0,0
201600056528,16,5,26,2345,5,2,5,1,3,120,4885620,240489,750,4,2,2,1,1,1,0,0,1,0,1,99,0
201600056529,16,5,27,1040,1,2,2,1,6,120,4885920,240210,750,4,2,2,0,1,1,0,80,1,0,1,99,0
201600056530,16,5,28,1430,1,2,1,3,3,120,4885130,241593,750,4,0,0,0,0,0,0,0,0,0,0,0,0
201600056531,16,5,31,1700,1,2,1,2,6,120,4886810,241097,750,4,1,1,0,2,1,0,0,2,0,1,3,0
201600056532,16,6,1,1410,1,2,1,1,6,120,4885310,240339,750,4,1,1,0,1,1,0,50,1,0,4,99,0
201600056533,16,6,3,1050,1,2,3,2,3,120,4886710,238325,750,4,2,2,0,2,1,0,0,2,0,1,3,0
201600056534,16,6,4,2156,2,2,2,1,6,120,4886710,238325,750,4,3,2,0,4,1,0,35,1,5,1,99,0
201600056535,16,6,5,2345,5,2,2,1,3,120,4886670,239709,750,4,2,2,0,1,1,0,150,1,0,1,99,0
201600056536,16,6,6,840,1,2,1,8,3,120,4885360,241133,750,4,2,2,1,1,1,0,30,0,0,5,0,0
201600056537,16,6,6,1320,1,2,1,1,6,120,4886850,240119,750,4,2,1,0,2,1,0,60,1,0,1,0,0
201600056538,16,6,5,1555,1,2,2,1,7,120,4886070,240274,750,4,2,2,0,1,2,0,60,2,0,1,0,0
201600056539,16,6,7,2155,2,2,2,1,6,120,4887080,237842,750,4,1,1,0,1,1,0,0,1,0,1,0,0
201600056540,16,6,8,15,5,2,2,1,3,120,4886400,239915,750,4,1,1,0,1,1,0,100,1,0,1,99,0
201600056541,16,6,9,1740,1,2,2,1,3,120,4886550,239799,750,4,0,2,1,4,1,0,60,1,0,5,0,0
201600056542,16,6,9,1840,1,2,1,1,6,120,4886720,238311,750,4,1,2,0,1,1,2,1,1,0,1,0,0
201600056543,16,6,10,1952,1,2,1,1,6,120,4887240,240462,750,4,2,0,0,2,0,0,0,0,0,1,0,0
201600056544,16,6,10,2345,5,2,2,1,2,120,4885350,241060,750,4,0,2,0,1,0,0,0,1,0,1,0,0
201600056545,16,6,12,1540,1,2,2,2,3,120,4885770,240388,750,4,1,1,0,1,1,0,0,2,0,1,0,0
201600056546,16,6,12,1835,2,2,1,2,6,120,4886600,239944,750,4,2,2,0,2,1,0,0,2,0,1,0,0
201600056547,16,6,13,10,5,2,1,2,6,120,4886470,240426,750,4,2,2,0,1,1,0,0,2,0,1,0,0
201600056548,16,6,13,1240,1,2,2,1,3,120,4886540,241157,750,4,0,0,0,1,1,0,0,1,0,1,0,0
201600056549,16,6,13,1550,1,2,1,1,6,120,4885670,241077,750,4,1,1,1,1,1,0,40,1,0,1,3,0
201600056550,16,6,13,2005,1,2,2,1,3,120,4886970,240260,750,4,2,2,0,1,1,0,0,1,0,1,0,0
201600056551,16,6,13,2145,5,2,2,1,6,120,4885270,240609,750,4,2,2,0,1,1,0,40,1,0,1,0,0
201600056552,16,6,15,1245,1,2,2,8,3,120,4886470,240416,750,4,2,0,0,2,1,0,0,1,0,1,99,0
201600056553,16,6,15,1930,1,2,1,1,6,120,4885330,240921,750,4,2,2,0,1,1,0,0,1,0,1,99,0
201600056554,16,6,16,1120,1,2,1,1,2,120,4885940,241404,750,4,1,3,0,1,1,0,0,1,0,1,0,0
201600056555,16,6,16,1645,1,2,7,2,6,120,4887730,240937,750,4,1,2,0,3,0,0,50,2,3,3,99,0
201600056556,16,6,18,1930,2,2,1,2,6,120,4886450,240780,750,4,2,2,0,1,1,0,0,2,0,1,99,0
201600056557,16,6,18,2005,1,2,1,1,6,120,4886730,238414,750,4,2,1,0,4,1,0,60,2,0,1,0,0
201600056558,16,6,20,1529,1,2,1,3,4,120,4886370,239052,750,4,2,2,0,2,1,0,80,2,0,1,3,0
201600056559,16,6,21,2150,2,2,1,2,3,120,4887530,239512,750,4,2,1,0,2,1,0,35,2,0,1,0,0
201600056560,16,6,22,1200,1,2,2,1,3,120,4885530,240145,750,4,1,1,0,1,1,0,0,1,0,1,0,0
201600056561,16,6,22,2305,5,2,2,1,1,120,4887080,239924,750,4,0,1,0,0,0,0,0,0,0,0,0,0
201600056562,16,6,23,900,1,2,2,1,3,120,4886480,240136,750,4,1,0,0,1,1,0,0,1,0,1,0,0
201600056563,16,6,25,1845,1,2,1,1,7,120,4886810,240893,750,4,1,1,0,2,1,100,60,9,0,1,0,0
201600056564,16,6,26,1820,1,2,2,1,3,120,4884900,241137,750,4,0,0,0,0,0,0,0,0,0,0,0,0
201600056565,16,6,28,1030,1,2,1,1,6,120,4886230,240630,750,4,2,2,0,1,1,0,100,1,0,1,99,0
201600056566,16,6,28,850,1,2,1,1,6,120,4887450,239406,750,4,2,1,0,1,1,0,50,1,0,1,99,0
201600056567,16,6,29,2325,5,2,1,8,3,120,4887680,240638,750,4,2,2,0,1,1,0,0,1,0,1,0,0
201600056568,16,7,5,2045,2,2,2,1,3,120,4885270,240609,750,4,2,1,0,2,1,0,35,1,0,1,99,0
201600056569,16,7,5,1940,1,2,5,1,6,120,4885650,239444,750,4,1,1,0,1,1,0,0,1,0,1,99,0
201600056570,16,7,6,855,1,2,1,1,2,120,4887190,241278,750,4,1,3,0,1,1,0,100,1,0,1,0,0
201600056571,16,7,6,1145,1,2,3,1,6,120,4886790,238657,750,4,1,1,0,2,1,0,0,1,0,1,99,0
201600056572,16,7,7,950,1,2,2,1,6,120,4886650,239989,750,4,0,1,0,2,1,40,110,1,0,1,0,0
201600056573,16,7,7,1645,1,2,3,1,3,120,4886370,240767,750,4,2,3,0,1,0,100,60,1,0,1,0,0
201600056574,16,7,8,1305,1,2,5,1,6,120,4884730,241120,750,4,2,6,0,1,1,22,80,1,0,1,3,0
201600056575,16,7,9,1845,1,2,7,1,7,120,4885550,241024,750,4,1,2,0,1,1,0,0,1,0,1,0,0
201600056576,16,7,13,1245,1,2,2,1,6,120,4886450,240722,750,4,1,1,0,1,1,0,30,2,0,1,99,0
201600056577,16,7,13,1825,1,2,2,8,2,120,4887290,240851,750,4,2,2,0,2,1,0,60,1,0,1,99,0
201600056578,16,7,13,2140,2,2,2,1,6,120,4886330,239971,750,4,1,1,0,1,2,0,45,1,0,1,0,0
201600056579,16,7,17,1025,1,2,1,1,2,120,4885210,241276,750,4,1,1,0,1,1,0,0,1,0,1,0,0
201600056580,16,7,19,1110,1,2,2,1,6,120,4884900,241137,750,4,1,2,0,1,1,0,0,1,0,1,0,0
201600056581,16,7,20,1330,1,2,1,1,6,120,4885200,240196,750,4,2,2,0,1,1,0,50,1,0,1,99,0
201600056582,16,7,21,735,1,2,7,1,2,120,4887750,240962,750,4,1,0,0,1,2,0,0,1,5,1,0,0
201600056583,16,7,22,2330,5,2,4,1,6,120,4887320,241340,750,4,0,2,0,1,1,0,0,1,0,1,0,0
201600056584,16,7,23,1520,1,2,2,1,3,120,4886710,238325,750,4,2,2,0,1,1,0,60,0,0,1,99,0
201600056585,16,7,26,828,1,2,7,1,5,120,4886320,238817,750,4,1,2,0,1,0,0,0,1,0,1,0,0
201600056586,16,7,27,1200,1,2,1,1,3,120,4887440,240545,750,4,2,2,0,2,1,0,150,1,0,1,0,0
201600056587,16,7,27,1625,1,2,1,1,4,120,4887590,240970,750,4,1,2,0,1,1,0,0,1,1,0,99,0
201600056588,16,7,29,1650,1,2,1,1,3,120,4884880,241481,750,4,3,4,0,1,1,0,0,1,0,1,0,0
201600056589,16,7,29,1830,1,2,2,1,2,120,4887450,239286,750,4,1,1,0,1,1,0,0,1,0,1,3,0
201600056590,16,7,31,1215,1,2,4,1,3,120,4884700,241503,750,4,1,0,0,1,2,0,185,1,0,1,99,0
201600056591,16,8,2,1020,1,2,1,2,6,120,4886530,239881,750,4,2,2,0,4,1,0,0,2,0,1,0,0
201600056592,16,8,5,245,5,2,2,1,3,120,4887600,240250,750,4,2,2,0,2,1,0,40,1,0,1,0,0
201600056593,16,8,5,1925,1,2,2,1,3,120,4887510,238935,750,4,2,2,0,2,1,0,0,1,0,1,3,0
201600056594,16,8,8,650,1,2,4,1,3,120,4886170,241393,750,4,0,0,0,1,1,0,100,1,3,0,0,0
201600056595,16,8,12,1630,1,2,7,1,1,120,4886460,240944,750,4,3,3,0,1,1,0,0,1,0,1,0,0
201600056596,16,8,13,1445,1,2,2,1,3,120,4886480,240136,750,4,2,2,1,1,1,0,60,1,0,1,99,0
201600056597,16,8,14,330,5,2,1,1,6,120,4887260,241356,750,4,1,1,0,2,2,0,0,1,0,1,0,0
201600056598,16,8,16,1010,1,2,2,1,3,120,4887080,239924,750,4,3,2,0,2,1,0,0,1,5,1,3,0
201600056599,16,8,17,850,1,2,1,1,6,120,4885020,241613,750,4,2,2,0,1,1,0,100,1,0,1,99,0
201600056600,16,8,18,1935,1,2,2,2,2,120,4886330,239971,750,4,0,1,0,1,1,0,0,2,0,1,99,0
201600056601,16,8,25,1810,1,2,7,1,3,120,4885460,241343,750,4,1,2,0,1,3,0,0,1,5,1,99,0
201600056602,16,8,30,850,1,2,2,1,6,120,4886790,240891,750,4,2,0,1,2,1,0,0,1,0,5,0,0
201600056603,16,8,31,1110,1,2,3,1,4,120,4887340,238260,750,4,0,2,0,3,1,0,60,1,0,0,0,0
201600056604,16,9,5,1205,1,2,3,2,6,120,4886590,239934,750,4,1,2,3,1,1,0,0,2,0,1,0,0
201600056605,16,9,6,1840,1,2,2,1,3,120,4887290,240851,750,4,3,2,0,2,1,60,50,1,0,1,99,0
201600056606,16,9,6,1930,1,2,4,1,3,112,4884640,241390,750,4,2,0,1,1,3,0,0,1,0,5,99,0
201600056607,16,9,7,900,1,2,3,1,6,119,4887700,240599,750,4,2,2,0,1,1,0,0,1,5,1,99,0
201600056608,16,9,7,2110,5,2,1,1,2,120,4887650,240424,750,4,2,2,0,1,1,0,0,1,0,1,99,0
201600056609,16,9,8,1520,1,2,3,1,6,120,4885540,240528,750,4,2,2,0,2,1,0,60,1,0,3,3,0
201600056610,16,9,10,2045,5,2,1,1,2,120,4885050,241520,750,4,1,3,0,1,1,0,90,0,0,1,99,0
201600056611,16,9,13,1315,1,2,2,1,3,120,4885770,240388,750,4,2,0,0,1,1,0,0,1,0,1,99,0
201600056612,16,9,14,1345,1,2,3,1,3,120,4886610,238399,750,4,1,1,0,1,1,0,0,0,0,1,99,0
201600056613,16,9,15,20,5,2,2,3,7,120,4886470,240416,750,4,0,2,0,1,1,0,0,2,0,0,0,0
201600056614,16,9,15,1730,1,2,4,1,6,120,4886480,240024,750,4,2,2,0,1,1,0,0,1,0,1,99,0
201600056615,16,9,16,850,1,2,2,1,6,120,4886550,239799,750,4,1,1,0,1,1,0,50,1,0,1,0,0
201600056616,16,9,16,1410,1,2,2,1,6,120,4886540,239487,750,4,1,1,1,2,1,0,0,1,0,1,3,0
201600056617,16,9,19,1440,1,2,2,1,2,120,4885990,238898,750,4,1,2,2,1,1,0,0,1,0,1,0,0
201600056618,16,9,19,1420,1,2,2,2,7,120,4886970,240260,750,4,2,1,0,2,1,0,0,2,0,1,3,0
201600056619,16,9,20,1420,1,2,7,1,7,120,4886470,239862,750,4,1,0,0,1,2,0,0,1,0,1,0,0
201600056620,16,9,21,1915,1,2,1,1,3,112,4884520,241408,750,4,3,4,0,1,1,0,0,1,0,1,99,0
201600056621,16,9,22,1225,1,2,1,1,3,120,4886710,239801,750,4,1,1,0,1,1,0,0,1,0,1,0,0
201600056622,16,9,22,1630,1,2,2,1,6,120,4885510,239868,750,4,1,1,0,1,1,0,0,1,0,1,0,0
201600056623,16,9,22,1815,1,2,1,1,2,120,4885050,241520,750,4,1,3,0,1,1,0,90,1,0,1,99,0
201600056624,16,9,26,2035,5,2,3,1,6,120,4885590,240726,750,4,2,2,0,1,1,0,0,1,0,1,0,0
201600056625,16,9,27,1210,1,2,1,1,6,118,4889940,235868,750,4,1,2,0,1,1,0,50,1,2,1,99,0
201600056626,16,9,27,1740,1,2,1,1,6,120,4887000,238311,750,4,2,2,0,1,1,0,60,1,0,1,0,0
201600056627,16,9,28,1700,1,2,2,1,3,120,4887380,238806,750,4,2,0,0,1,1,0,0,1,0,1,0,0
201600056628,16,9,28,1825,1,2,3,1,4,120,4886390,239162,750,4,2,2,0,2,1,0,0,1,0,1,3,0
201600056629,16,9,28,1930,5,2,2,1,6,120,4886710,238325,750,4,2,2,0,2,1,0,0,1,0,1,0,0
201600056630,16,9,29,915,1,2,1,1,3,120,4885890,240247,750,4,2,3,3,2,1,0,83,1,0,1,99,0
201600056631,16,10,1,225,3,2,7,2,2,120,4886290,238742,750,4,1,2,0,4,3,0,0,2,0,5,0,0
201600056632,16,10,1,2245,5,2,3,1,2,120,4885150,239953,750,4,3,2,0,1,1,0,0,1,0,1,99,0
201600056633,16,10,2,1155,1,2,3,1,6,120,4887160,238713,750,4,1,2,0,1,1,0,30,1,0,4,3,0
201600056634,16,10,3,2015,5,2,1,1,3,112,4884140,245114,750,4,2,2,0,1,2,0,120,1,0,1,99,0
201600056635,16,10,3,1910,1,2,1,1,2,120,4885330,241561,750,4,2,2,0,1,1,0,0,1,0,1,99,0
201600056636,16,10,4,1120,1,2,1,1,6,120,4885700,240998,750,4,1,0,0,1,1,0,80,1,0,1,99,0
201600056637,16,10,4,1845,1,2,1,1,3,120,4886820,238211,750,4,3,0,0,1,1,0,0,1,0,1,99,0
201600056638,16,10,4,1900,2,2,2,1,3,120,4886460,240587,750,4,2,2,0,2,1,0,0,1,0,1,99,0
201600056639,16,10,6,1015,1,2,2,1,6,120,4885920,240210,750,4,2,2,0,2,1,0,80,1,0,1,99,0
201600056640,16,10,6,1430,1,2,1,1,6,120,4886490,241048,750,4,1,0,3,1,1,0,0,1,0,1,99,0
201600056641,16,10,6,1655,1,2,1,1,6,120,4884830,240077,750,4,2,6,3,1,1,0,0,1,0,1,99,0
201600056642,16,10,7,1000,1,2,1,1,3,120,4886440,239345,750,4,2,2,0,2,1,0,0,1,0,1,0,0
201600056643,16,10,9,1930,2,2,2,1,3,120,4887080,239924,750,4,2,2,0,2,1,0,0,1,0,1,0,0