Num_Acc,an,mois,jour,hrmn,lum,agg,int,atm,col,com,lat,long,dep,catr,circ,nbv,vosp,prof,plan,lartpc,larrout,surf,infra,situ,env1,killed
201600056644,16,10,11,2120,5,2,2,1,6,120,4884890,240545,750,4,1,0,0,1,1,0,0,1,0,0,0,0
201600056645,16,10,13,725,5,2,2,1,3,120,4886480,240136,750,4,2,1,1,1,1,0,0,1,0,1,3,0
201600056646,16,10,14,1635,1,2,1,2,6,120,4886460,240523,750,4,2,2,0,1,1,0,60,2,0,1,99,0
201600056647,16,10,14,2005,5,2,3,2,6,120,4885500,241035,750,4,0,0,0,2,1,0,0,2,4,3,99,0
201600056648,16,10,17,800,1,2,2,1,3,120,4886650,239989,750,4,1,0,0,2,1,0,0,2,0,1,0,0
201600056649,16,10,17,1900,5,2,1,1,6,120,4887370,239346,750,4,2,1,2,1,1,0,0,1,0,5,0,0
201600056650,16,10,18,1805,2,2,1,2,6,120,4885130,240627,750,4,2,1,0,2,1,0,50,2,0,1,0,0
201600056651,16,10,19,2000,5,2,1,1,4,112,4883630,241217,750,4,1,4,0,1,1,0,0,1,0,1,0,0
201600056652,16,10,20,1500,1,2,2,2,6,111,4887070,237815,750,4,3,1,0,1,1,0,0,2,5,1,0,0
201600056653,16,10,20,2345,5,2,1,1,6,120,4885340,241019,750,4,2,2,0,1,1,0,0,1,0,1,99,0
201600056654,16,10,21,1030,1,2,1,8,4,120,4884770,240722,750,4,2,3,0,1,1,0,0,2,0,1,0,0
201600056655,16,10,21,1520,1,2,4,2,4,120,4886850,241320,750,4,1,0,0,1,1,0,150,2,0,1,0,0
201600056656,16,10,24,2105,5,2,2,1,1,120,4887390,238529,750,4,2,0,0,3,1,0,70,2,0,1,0,0
201600056657,16,10,27,1955,5,2,2,1,4,120,4885470,241204,750,4,1,1,0,1,1,0,0,1,0,0,99,0
201600056658,16,10,28,1455,1,2,1,1,6,120,4886510,239741,750,4,1,1,3,1,1,0,50,1,0,1,99,0
201600056659,16,10,28,1600,1,2,1,1,6,120,4887140,240410,750,4,2,2,0,2,1,0,80,1,0,1,0,0
201600056660,16,10,28,1750,2,2,4,1,6,120,4886480,239969,750,4,2,2,0,1,1,0,0,1,0,1,99,0
201600056661,16,10,29,1250,1,2,1,1,3,120,4887210,240586,750,4,1,1,0,1,1,0,0,1,0,5,99,0
201600056662,16,10,29,1550,1,2,3,1,3,120,4886340,240881,750,4,0,1,0,1,1,0,50,1,0,1,0,0
201600056663,16,10,30,1530,1,2,1,1,6,120,4886790,240861,750,4,2,0,0,2,1,0,50,1,0,1,99,0
201600056664,16,10,30,1820,5,2,1,1,3,120,4887350,241090,750,4,2,0,0,1,1,0,75,1,0,1,99,0
201600056665,16,11,4,1905,5,2,1,1,6,120,4884810,240238,750,4,1,1,0,1,1,0,40,2,0,1,0,0
201600056666,16,11,5,2000,5,2,3,1,6,120,4887110,239302,750,4,1,0,0,0,0,0,0,0,0,0,0,0
201600056667,16,11,7,910,1,2,2,2,6,120,4886540,239487,750,4,1,1,0,2,1,0,0,2,0,1,0,0
201600056668,16,11,7,1600,1,2,2,2,6,120,4885610,240548,750,4,1,0,0,1,1,0,30,2,0,1,0,0
201600056669,16,11,8,1720,2,2,1,1,6,120,4886330,238921,750,4,2,2,2,2,1,0,0,2,0,1,0,0
201600056670,16,11,8,2315,5,2,1,1,7,120,4886790,238260,750,4,1,2,0,1,1,0,0,2,0,1,0,0
201600056671,16,11,10,1340,1,2,1,1,3,120,4886890,239539,750,4,2,2,0,1,1,0,120,2,0,1,3,0
201600056672,16,11,11,1400,1,2,1,1,3,120,4887350,238979,750,4,2,3,3,1,1,0,0,1,0,1,0,0
201600056673,16,11,12,1100,1,2,1,1,6,120,4885660,240173,750,4,1,0,0,1,1,0,0,1,0,1,0,0
201600056674,16,11,12,1730,5,2,3,3,6,120,4886410,239226,750,4,2,2,0,2,1,0,100,2,0,1,3,0
201600056675,16,11,16,1945,5,2,1,1,6,120,4887360,241091,750,4,2,2,1,1,1,0,0,1,0,5,0,0
201600056676,16,11,17,410,5,2,2,8,3,120,4885440,241543,750,4,2,0,0,0,0,0,0,0,0,1,0,0
201600056677,16,11,17,950,1,2,1,1,6,120,4884740,241072,750,4,0,3,0,1,1,0,150,1,5,4,3,0
201600056678,16,11,17,1650,5,2,2,1,6,120,4886480,240136,750,4,0,2,2,2,1,0,70,1,0,1,99,0
201600056679,16,11,18,35,5,2,3,2,2,120,4885230,240405,750,4,2,1,0,1,1,0,0,2,0,1,0,0
201600056680,16,11,20,1745,5,2,1,2,6,120,4885170,240028,750,4,2,2,0,1,1,0,0,2,0,0,0,0
201600056681,16,11,21,1755,2,2,1,1,3,120,4887320,239018,750,4,2,3,3,3,1,0,0,2,0,1,0,0
201600056682,16,11,22,425,5,2,3,1,3,120,4887600,240250,750,4,2,2,0,1,1,0,0,1,0,1,0,0
201600056683,16,11,23,1935,5,2,2,1,6,120,4886400,239915,750,4,2,2,3,2,1,0,80,2,0,1,0,0
201600056684,16,11,24,445,5,2,7,1,3,120,4886490,239810,750,4,1,0,0,1,3,0,0,1,5,1,99,0
201600056685,16,11,24,1100,1,2,3,1,3,120,4886270,240665,750,4,2,2,0,1,1,0,65,1,0,1,99,0
201600056686,16,11,24,1100,1,2,2,1,6,120,4885480,239910,750,4,1,1,0,1,1,0,50,1,0,1,0,0
201600056687,16,11,24,1808,5,2,7,1,3,120,4885430,241302,750,4,1,2,0,1,1,100,100,1,0,1,99,0
201600056688,16,11,25,1540,1,2,3,8,6,120,4886790,241099,750,4,1,0,0,1,0,0,0,1,0,1,3,0
201600056689,16,11,25,2030,5,2,3,1,3,120,4884790,241125,750,4,2,3,0,1,1,0,0,1,0,1,0,0
201600056690,16,11,26,1645,2,2,2,1,6,120,4887270,239424,750,4,1,1,0,2,1,0,0,1,0,1,0,0
201600056691,16,11,27,1215,1,2,1,1,6,120,4884780,240567,750,4,1,1,0,1,1,0,32,1,0,1,0,0
201600056692,16,11,27,1515,1,2,1,1,6,120,4887050,240831,750,4,2,2,0,1,1,0,0,1,0,1,0,0
201600056693,16,11,29,905,1,2,2,1,3,120,4887500,240568,750,4,2,2,0,3,1,0,80,1,0,1,0,0
201600056694,16,11,29,1205,1,2,3,1,6,120,4885680,239595,750,4,2,2,0,2,1,0,0,1,0,0,0,0
201600056695,16,11,29,1620,2,2,1,1,3,120,4886250,240001,750,4,2,2,0,1,1,0,65,1,0,1,99,0
201600056696,16,11,30,1210,1,2,2,1,6,120,4885270,240609,750,4,2,0,0,2,1,0,0,1,0,1,0,0
201600056697,16,11,30,2000,5,2,2,1,6,120,4887010,239575,750,4,1,1,0,1,3,0,0,1,0,1,0,0
201600056698,16,12,2,2030,5,2,3,1,3,120,4886410,239226,750,4,2,1,0,2,1,0,70,1,0,0,0,0
201600056699,16,12,4,230,5,2,2,1,6,120,4885480,239749,750,4,1,1,0,1,1,0,60,1,0,0,0,0
201600056700,16,12,4,1610,1,2,5,1,6,120,4887330,238188,750,4,2,2,0,2,1,0,80,1,0,1,0,0
201600056701,16,12,7,245,5,2,5,1,2,120,4886750,239640,750,4,2,2,0,2,1,0,0,1,0,1,0,0
201600056702,16,12,7,900,1,2,2,1,6,120,4885350,241060,750,4,2,1,0,1,1,0,0,1,0,1,0,0
201600056703,16,12,7,830,1,2,2,1,6,120,4886170,240015,750,4,0,0,0,3,1,0,80,1,0,4,0,0
201600056704,16,12,7,1258,1,2,1,1,6,120,4886720,239670,750,4,2,2,0,2,1,0,75,1,0,1,99,0
201600056705,16,12,7,2230,5,2,2,1,3,120,4886480,240136,750,4,2,2,0,2,1,0,0,1,0,1,0,0
201600056706,16,12,8,1740,5,2,1,1,6,120,4887420,239231,750,4,1,1,0,2,1,0,0,1,0,1,0,0
201600056707,16,12,10,1610,1,2,1,1,3,120,4886240,240004,750,4,2,2,0,2,1,0,80,1,0,1,0,0
201600056708,16,12,14,2220,5,2,4,1,6,120,4887670,241217,750,4,2,0,0,1,1,0,60,1,5,1,0,0
201600056709,16,12,16,1800,2,2,1,1,6,120,4884830,240009,750,4,1,1,0,1,1,0,0,1,0,1,0,0
201600056710,16,12,17,1045,1,2,2,1,6,120,4885530,240145,750,4,1,1,0,1,1,0,50,1,0,1,0,0
201600056711,16,12,18,2143,5,2,2,2,3,120,4885050,240640,750,4,2,2,0,1,1,0,0,2,5,1,99,0
201600056712,16,12,21,1620,1,2,4,1,6,120,4886170,241393,750,4,1,4,0,1,1,0,0,1,0,1,99,0
201600056713,16,12,22,1745,5,2,1,1,6,120,4885890,240963,750,4,3,2,0,1,1,0,0,1,0,1,0,0
201600056714,16,12,24,1325,1,2,1,1,6,120,4887170,240362,750,4,2,0,0,1,1,0,0,1,0,1,0,0
201600056715,16,12,25,1315,1,2,1,1,2,120,4885250,241573,750,4,2,0,0,1,1,0,120,1,0,1,0,0
201600056716,16,12,30,255,5,2,1,5,6,120,4886000,240110,750,4,2,0,1,2,1,0,0,7,0,1,0,0
201600056717,16,12,30,730,5,2,2,5,6,120,4887600,240250,750,4,2,1,0,1,1,0,0,1,0,1,0,0
201600056718,16,12,31,1945,5,2,1,1,4,120,4885940,241404,750,4,1,4,0,1,1,0,0,1,0,1,99,0
201600056719,16,1,4,1535,1,2,1,1,6,116,4884180,226717,750,4,2,3,0,2,1,0,140,1,0,1,0,0
201600056720,16,1,4,1650,2,2,1,1,6,119,4888280,237622,750,4,2,2,0,2,1,0,102,1,0,1,3,0
201600056721,16,1,5,1900,5,2,2,1,3,108,4887140,230253,750,4,2,0,0,1,1,0,0,2,0,1,99,0
201600056722,16,1,6,825,2,2,1,1,3,104,4885410,234742,750,4,1,2,1,1,1,0,117,1,0,5,99,0
201600056723,16,1,7,1,5,2,3,1,3,117,4888880,232328,750,4,0,1,0,1,1,0,48,1,0,0,0,0
201600056724,16,1,9,345,5,2,1,2,6,113,4882130,236846,750,4,2,2,0,1,1,15,150,1,0,3,99,0
201600056725,16,1,9,1000,1,2,4,1,3,108,4887420,229955,750,4,2,3,0,2,1,0,127,8,0,1,99,0
201600056726,16,1,9,1548,1,2,2,1,3,118,4889500,232806,750,4,1,1,0,1,0,0,62,1,0,1,0,0
201600056727,16,1,12,1143,1,2,2,1,6,120,4887450,239286,750,4,1,1,0,2,1,0,78,1,0,0,99,0
201600056728,16,1,13,910,1,2,2,1,1,116,4886330,229631,750,4,2,4,0,1,1,0,0,1,0,1,99,0
201600056729,16,1,13,928,1,2,1,1,6,112,4883070,246305,750,4,0,1,0,1,1,0,115,6,0,1,99,1
201600056730,16,1,14,158,5,2,2,1,3,113,4882620,235729,750,4,2,3,3,1,1,0,100,1,0,1,0,0
201600056731,16,1,15,1600,1,2,5,1,3,111,4886400,238129,750,4,1,1,0,1,1,0,0,1,0,1,0,0
201600056732,16,1,21,1235,1,2,7,1,6,108,4886780,231384,750,4,2,0,0,2,1,0,340,9,0,1,99,0
201600056733,16,1,22,745,1,2,7,1,7,106,4884770,234004,750,4,1,0,0,1,1,0,0,8,0,1,0,0
201600056734,16,1,22,1125,1,2,1,1,2,118,4889200,234877,750,4,1,1,0,2,1,0,81,1,0,1,99,0
201600056735,16,1,22,2200,5,2,1,1,7,116,4883670,225433,750,4,1,3,0,0,0,0,123,0,0,1,0,0
201600056736,16,1,23,440,2,2,1,1,6,101,4885880,234005,750,4,0,0,0,0,0,0,0,0,0,0,0,0
201600056737,16,1,23,2235,5,2,2,1,3,115,4884210,229037,750,4,2,2,0,1,1,0,98,1,0,1,99,0
201600056738,16,1,24,1141,1,2,1,1,3,116,4887660,228604,750,4,2,4,0,1,1,0,30,1,0,1,0,0
201600056739,16,1,24,1920,5,2,2,1,3,110,4886880,236760,750,4,1,3,0,1,1,70,40,1,0,1,99,0
201600056740,16,1,27,745,1,2,1,2,4,114,4882290,231258,750,4,1,3,0,1,1,0,90,2,0,1,0,0
201600056741,16,1,27,1929,5,2,2,1,3,105,4884960,234483,750,4,2,3,3,1,1,0,119,1,5,1,99,0
201600056742,16,1,28,520,5,2,3,1,6,109,4887140,233674,750,4,2,9,3,1,1,0,270,1,0,1,0,0
201600056743,16,1,28,940,1,2,1,1,3,116,4885610,225729,750,4,2,4,0,1,1,0,290,1,1,1,99,0
201600056744,16,1,28,1024,1,2,1,1,6,112,4883230,239885,750,4,2,2,0,0,2,0,56,1,0,1,0,0
201600056745,16,1,29,1513,1,2,1,1,2,120,4887020,241321,750,4,3,4,0,1,1,30,140,1,0,1,0,0
201600056746,16,1,31,153,5,2,1,2,6,112,4884400,236915,750,4,1,5,0,1,1,0,155,2,0,1,0,1
201600056747,16,2,1,1430,1,2,1,1,2,120,4886500,241286,750,4,1,4,0,1,0,0,69,1,3,1,99,0
201600056748,16,2,2,1826,5,2,1,2,6,116,4887300,228691,750,4,2,2,0,1,1,0,74,2,0,1,0,1
201600056749,16,2,4,2050,3,2,3,1,6,116,4887540,224953,750,4,2,4,0,1,1,0,130,1,0,1,99,0
201600056750,16,2,5,2140,5,2,1,1,6,120,4886930,239220,750,4,2,2,0,2,3,0,69,1,0,1,0,0
201600056751,16,2,8,623,5,2,2,1,5,102,4886930,235421,750,4,1,4,0,1,1,0,192,2,0,1,99,0
201600056752,16,2,9,33,5,2,7,1,3,108,4886590,231989,750,4,2,8,0,1,1,0,277,1,0,1,0,0
201600056753,16,2,9,920,1,2,2,1,6,116,4886650,227272,750,4,2,2,0,1,1,0,70,2,5,1,99,0
201600056754,16,2,10,1947,5,2,5,1,3,106,4884800,232774,750,4,2,3,1,1,1,0,60,1,0,5,0,0
201600056755,16,2,11,12,5,2,5,1,2,112,4883460,240080,750,4,2,3,0,2,1,0,90,1,0,1,0,0
201600056756,16,2,11,755,1,2,3,1,2,113,4882900,235763,750,4,2,3,0,1,1,0,117,2,0,1,0,0
201600056757,16,2,12,1310,1,2,1,3,6,101,4886210,232665,750,4,1,0,0,2,1,0,70,2,1,1,99,1
201600056758,16,2,12,1930,5,2,2,1,3,117,4889420,232057,750,4,2,2,0,0,0,0,0,0,0,1,0,0
201600056759,16,2,12,2050,5,2,5,1,6,113,4882570,234822,750,4,2,3,0,1,1,0,83,3,0,1,0,0
201600056760,16,2,15,1720,2,2,2,1,6,111,4886950,237391,750,4,1,1,2,2,1,0,44,1,0,1,99,0
201600056761,16,2,16,345,5,2,7,1,6,101,4886040,233353,750,4,2,3,0,1,2,0,107,1,0,1,0,0
201600056762,16,2,16,1939,5,2,3,1,6,118,4889150,233648,750,4,1,1,0,1,1,0,45,1,0,4,0,1
201600056763,16,2,17,2155,5,2,2,1,1,108,4887510,232290,750,4,1,2,3,1,1,0,72,1,0,1,0,0
201600056764,16,2,18,305,5,2,3,1,5,110,4888040,236432,750,4,1,1,0,1,1,0,39,1,0,1,0,0
201600056765,16,2,18,1147,1,2,7,2,6,110,4888270,237017,750,4,2,6,0,1,1,0,0,2,0,1,0,0
201600056766,16,2,19,830,1,2,4,1,3,112,4882680,239061,750,4,1,1,0,2,2,0,70,1,3,1,99,0
201600056767,16,2,19,1329,1,2,2,1,3,114,4882320,232552,750,4,3,4,2,1,1,41,120,1,5,1,0,0
201600056768,16,2,21,320,5,2,1,1,3,113,4882580,238645,750,4,1,4,0,2,2,0,116,1,0,1,99,0
201600056769,16,2,21,613,5,2,7,1,6,112,4884820,239665,750,4,1,0,0,1,2,0,0,0,5,4,0,0
201600056770,16,2,21,1025,1,2,2,1,6,106,4885610,234044,750,4,1,4,0,1,1,0,101,1,0,4,99,0
201600056771,16,2,23,920,1,2,1,1,6,119,4888830,237592,750,4,1,1,0,1,1,0,48,2,0,1,0,0
201600056772,16,2,24,1250,1,2,7,1,6,110,4887530,235921,750,4,2,4,0,2,1,0,153,1,0,1,0,1
201600056773,16,2,26,1250,1,2,7,1,6,113,4883660,235927,750,4,2,3,0,2,1,0,0,1,0,1,0,0
201600056774,16,2,26,2005,5,2,1,1,6,110,4888290,236735,750,4,2,4,0,1,1,0,120,1,0,1,0,0
201600056775,16,2,26,2235,5,2,2,1,6,115,4883830,229844,750,4,1,3,3,1,1,0,0,1,0,1,99,0
201600056776,16,2,27,1436,1,2,2,1,6,101,4886010,234337,750,4,1,1,0,1,1,0,0,1,5,0,99,0
201600056777,16,2,27,2050,4,2,2,1,6,111,4886520,237516,750,4,1,1,0,1,1,0,60,1,0,1,0,1
201600056778,16,3,11,1120,1,2,6,1,3,111,4884850,239511,750,4,1,0,0,1,3,0,0,1,0,1,0,0
201600056779,16,3,3,2224,5,2,7,1,3,117,4887860,227978,750,4,1,4,0,1,2,0,150,1,0,1,99,0
201600056780,16,3,5,520,5,2,1,2,6,101,4886230,232551,750,4,1,6,0,1,1,0,180,2,0,1,0,1
201600056781,16,3,5,1503,1,2,4,1,3,113,4881640,236001,750,4,2,0,0,1,1,0,0,1,2,1,99,0
201600056782,16,3,5,2050,5,2,3,1,3,112,4884940,238947,750,4,2,3,0,1,1,0,140,1,0,1,0,0
201600056783,16,3,6,718,1,2,1,1,3,119,4888860,239227,750,4,2,3,1,1,1,0,90,2,0,1,99,0
201600056784,16,3,7,925,1,2,7,1,3,117,4888260,231037,750,4,2,1,0,1,1,0,160,1,5,1,0,0
201600056785,16,3,11,404,5,2,1,1,6,115,4884560,231103,750,4,2,2,0,1,1,0,60,1,0,4,0,0
201600056786,16,3,14,945,1,2,2,1,6,120,4885470,241204,750,4,1,3,0,1,1,0,141,1,0,1,99,0
201600056787,16,3,14,1648,1,2,1,1,6,119,4889200,237523,750,4,1,2,3,1,1,0,90,1,0,1,99,0
201600056788,16,3,16,2013,5,2,3,1,6,115,4885530,228943,750,4,2,6,1,1,3,0,185,1,0,1,0,0
201600056789,16,3,18,1306,1,2,1,1,6,112,4883800,246422,750,4,2,4,0,1,1,0,109,1,0,1,0,0
201600056790,16,3,19,150,5,2,3,1,1,120,4886960,239478,750,4,2,3,0,2,1,0,96,1,0,1,3,0
201600056791,16,3,20,330,5,2,3,1,6,101,4886150,233907,750,4,2,2,0,0,0,0,0,0,0,0,0,0
201600056792,16,3,21,1655,1,2,1,1,6,117,4889650,231928,750,4,2,4,0,1,1,20,127,1,5,1,3,0
201600056793,16,3,21,2350,5,2,1,1,3,112,4884290,237502,750,4,2,4,3,1,1,0,130,1,0,1,3,0
201600056794,16,3,22,840,1,2,1,1,3,116,4885540,226338,750,4,3,2,0,1,1,11,159,1,0,1,0,0
201600056795,16,3,22,1328,1,2,1,1,2,119,4889570,239385,750,4,2,4,1,2,1,0,113,1,0,1,0,0
201600056796,16,3,22,2324,5,2,7,1,7,112,4883480,240796,750,4,1,3,0,1,1,0,80,1,0,1,99,0
201600056797,16,3,25,2235,5,2,4,1,3,113,4883910,236115,750,4,0,1,0,1,2,0,0,1,0,0,99,0
201600056798,16,3,26,1330,1,2,3,1,2,119,4888700,238631,750,4,2,2,0,1,1,0,35,1,0,1,99,0
201600056799,16,3,27,2113,5,2,7,1,3,106,4884360,232458,750,4,2,9,0,1,1,0,234,1,0,1,0,0
201600056800,16,3,28,1555,1,2,1,1,1,105,4884550,236303,750,4,2,5,0,1,1,0,0,1,0,1,99,0
201600056801,16,3,28,1717,1,2,2,2,3,116,4886120,227927,750,4,1,1,0,1,1,0,0,2,0,1,3,0
201600056802,16,3,29,2300,5,2,4,3,3,113,4881640,236058,750,4,1,1,0,1,1,0,131,2,0,1,99,0
201600056803,16,3,30,3,5,2,2,9,6,120,4886460,240457,750,4,0,2,2,2,1,0,98,2,0,1,0,0
201600056804,16,3,30,1745,1,2,1,2,3,119,4888340,238895,750,4,2,2,0,1,1,0,200,2,0,1,3,0
201600056805,16,3,31,223,5,2,5,1,6,119,4888930,237125,750,4,0,0,0,0,0,0,57,0,0,0,0,0
201600056806,16,3,31,1330,1,2,2,8,3,116,4886230,223822,750,4,2,2,0,1,1,0,100,2,5,1,0,0
201600056807,16,4,3,400,5,2,7,1,6,113,4883190,235580,750,4,1,7,0,1,3,0,200,2,0,1,0,0
201600056808,16,4,4,1415,1,2,1,1,6,111,4885050,238359,750,4,3,2,0,1,1,188,33,1,0,1,99,0
201600056809,16,4,5,2030,2,2,1,1,4,120,4886480,241324,750,4,0,4,0,1,1,0,140,1,0,1,99,0
201600056810,16,4,6,1500,1,2,1,1,6,116,4886270,224765,750,4,2,2,0,1,1,0,140,1,0,1,99,1
201600056811,16,4,13,1515,1,2,1,1,3,116,4884520,227255,750,4,0,1,0,1,1,0,36,1,0,1,0,0
201600056812,16,4,10,115,5,2,3,6,6,114,4882680,230931,750,4,0,4,0,1,1,0,56,1,0,4,0,0
201600056813,16,4,11,1820,1,2,1,1,6,107,4885890,230051,750,4,1,3,0,1,1,0,96,1,0,1,3,1
201600056814,16,4,11,2051,5,2,2,1,3,120,4886630,239972,750,4,2,3,0,1,1,0,100,1,0,1,3,0
201600056815,16,4,12,1825,1,2,3,1,6,119,4888720,238076,750,4,1,1,0,1,1,0,37,1,0,1,0,0
201600056816,16,4,13,25,5,2,4,1,7,119,4890020,238122,750,4,1,1,0,2,2,14,80,1,0,3,0,0
201600056817,16,4,14,1440,1,2,2,1,3,116,4884530,225751,750,4,2,4,0,1,1,30,170,1,5,1,3,0
201600056818,16,4,14,2027,5,2,1,2,6,112,4883150,238500,750,4,3,6,0,1,1,20,180,2,0,1,0,0
201600056819,16,4,16,1845,1,2,1,1,6,120,4887170,239532,750,4,1,1,0,2,1,0,40,1,0,1,99,0
201600056820,16,4,17,703,1,2,2,1,3,113,4883230,237979,750,4,2,2,0,1,1,0,198,1,5,1,99,0
201600056821,16,4,18,1451,1,2,1,1,6,106,4884320,232606,750,4,2,6,3,2,1,13,99,1,0,1,0,0
201600056822,16,4,18,1545,1,2,1,1,2,112,4883230,238917,750,4,3,2,0,1,1,0,68,1,0,1,0,0
201600056823,16,4,21,227,5,2,1,1,7,120,4885110,241103,750,4,3,2,0,1,3,0,58,1,0,1,3,1
201600056824,16,4,22,600,5,2,4,1,6,114,4883150,232535,750,4,2,4,0,1,1,0,132,1,0,1,0,0
201600056825,16,4,23,1645,1,2,1,1,7,116,4887160,228481,750,4,0,2,0,0,0,0,0,0,0,1,0,0
201600056826,16,4,27,940,1,2,4,1,6,112,4884580,236760,750,4,2,4,0,1,1,0,100,1,0,1,99,0
201600056827,16,4,28,1709,1,2,1,1,6,118,4889120,235984,750,4,2,5,3,1,1,20,160,1,0,1,0,1
201600056828,16,4,28,2000,1,2,1,1,6,108,4886770,230523,750,4,1,2,0,1,1,0,115,1,0,0,0,0
201600056829,16,4,30,405,5,2,1,2,6,112,4885170,237188,750,4,1,1,2,1,1,0,35,2,0,3,3,0
201600056830,16,5,1,1335,1,2,1,1,3,116,4887550,228951,750,4,2,8,0,1,1,0,112,1,0,1,0,0
201600056831,16,5,2,1545,1,2,1,1,3,113,4881930,237191,750,4,1,4,0,1,1,20,140,1,2,1,99,0
201600056832,16,5,3,1215,1,2,1,1,2,105,4884610,236207,750,4,2,4,0,1,1,0,157,1,0,1,0,0
201600056833,16,5,3,2328,5,2,1,1,3,116,4884470,227094,750,4,2,4,3,1,1,0,146,1,0,1,99,0
201600056834,16,5,4,1627,1,2,1,1,3,113,4883500,235810,750,4,2,2,0,2,1,0,141,1,0,1,99,0
201600056835,16,5,5,1609,1,2,2,1,6,112,4883970,245738,750,4,0,4,0,1,1,0,97,1,0,1,99,0
201600056836,16,5,6,340,5,2,1,1,6,120,4884700,241446,750,4,1,4,0,1,1,0,140,1,1,3,99,0
201600056837,16,5,6,2040,1,2,1,1,6,118,4888540,235935,750,4,2,4,3,1,1,0,180,1,0,1,99,0
201600056838,16,5,8,1635,1,2,1,1,3,111,4885850,237292,750,4,1,2,0,1,1,0,62,1,0,1,0,0
201600056839,16,5,9,2213,5,2,2,2,6,113,4883070,235266,750,4,3,2,0,2,1,0,72,2,0,1,0,0
201600056840,16,5,10,1530,1,2,3,2,3,114,4882130,233431,750,4,2,4,1,1,1,92,140,2,4,1,0,0
201600056841,16,5,11,1415,1,2,5,3,2,119,4888300,237125,750,4,2,2,0,1,1,0,105,2,0,0,0,0
201600056842,16,5,11,2210,5,2,2,1,6,116,4885470,226935,750,4,2,2,0,1,1,0,50,1,0,1,0,0
201600056843,16,5,13,2110,5,2,1,1,5,116,4885950,226270,750,4,1,4,0,1,1,25,160,1,0,1,99,0
201600056844,16,5,16,950,1,2,2,1,3,116,4887250,226444,750,4,2,4,0,1,1,0,128,1,0,1,99,0
201600056845,16,5,16,1105,1,2,2,1,3,101,4886530,234307,750,4,2,3,3,1,1,0,72,1,0,1,0,0
201600056846,16,5,17,754,1,2,1,1,5,115,4882740,229308,750,4,1,3,0,1,1,0,120,1,0,1,99,0
201600056847,16,5,17,1025,1,2,1,1,2,117,4889310,231034,750,4,2,4,0,1,1,0,220,1,2,1,99,0
201600056848,16,5,18,55,5,2,1,1,6,119,4889240,236931,750,4,4,1,0,1,1,0,110,0,0,4,0,1
201600056849,16,5,18,830,1,2,3,1,3,114,4882070,232097,750,4,2,3,0,1,1,0,116,1,5,1,0,0
201600056850,16,5,18,1100,1,2,1,1,6,117,4889040,231728,750,4,0,2,1,1,1,0,170,1,0,5,0,1
201600056851,16,5,19,10,5,2,2,2,3,102,4886620,235251,750,4,1,4,3,1,1,0,150,2,0,1,0,0
201600056852,16,5,19,1100,1,2,3,2,3,112,4884250,243906,750,4,3,2,3,1,1,0,74,2,0,1,0,1
201600056853,16,5,20,1915,1,2,3,1,3,113,4882710,236708,750,4,1,1,2,1,1,0,71,1,0,0,99,0
201600056854,16,5,21,1440,1,2,2,1,1,107,4886290,231342,750,4,2,5,0,1,1,0,0,1,2,1,99,0
201600056855,16,5,22,910,1,2,1,2,6,113,4882640,236192,750,4,2,2,0,2,1,0,81,2,0,1,99,0
201600056856,16,5,24,1407,1,2,5,1,3,106,4885610,234044,750,4,1,4,3,1,1,0,174,1,0,1,0,0
201600056857,16,5,26,223,5,2,5,1,7,106,4885770,233536,750,4,1,5,3,1,1,42,141,1,0,1,99,0
201600056858,16,5,28,2137,1,2,1,1,2,117,4889190,230091,750,4,1,4,0,1,1,0,140,1,1,1,99,0
201600056859,16,5,31,511,5,2,2,3,3,110,4886930,235421,750,4,1,4,3,1,1,0,150,2,0,1,99,0
201600056860,16,5,31,605,2,2,3,3,7,115,4885530,228943,750,4,2,7,1,1,3,0,0,2,0,1,0,0
201600056861,16,5,31,1249,1,2,4,2,3,110,4888250,236918,750,4,2,4,3,1,1,16,105,2,0,1,0,0
201600056862,16,6,2,1436,1,2,1,2,6,104,4885390,235715,750,4,2,4,0,1,1,0,136,2,0,1,0,0
201600056863,16,6,3,358,5,2,3,1,6,101,4886080,233030,750,4,0,4,3,1,1,0,162,1,0,1,0,0
201600056864,16,6,3,650,1,2,2,1,3,115,4884110,228788,750,4,2,2,0,1,1,0,70,1,0,1,99,0
201600056865,16,6,3,750,1,2,1,8,6,120,4885840,240973,750,4,1,2,0,1,1,0,58,2,0,1,3,1
201600056866,16,6,6,637,1,2,2,1,6,113,4882890,237986,750,4,2,2,0,2,1,0,60,1,0,0,99,0
201600056867,16,6,7,2250,5,2,3,1,3,119,4889750,238544,750,4,0,3,0,1,1,0,170,1,0,1,0,0
201600056868,16,6,8,1720,1,2,5,1,6,112,4884430,241032,750,4,2,0,0,1,1,0,86,1,5,1,0,0
201600056869,16,6,10,1650,1,2,1,1,2,112,4882660,239104,750,4,1,3,0,2,3,0,100,1,3,1,0,0
201600056870,16,6,13,1820,1,2,5,1,6,120,4886500,239550,750,4,1,1,1,2,1,0,69,1,0,1,99,0